timestamp,adaptive_hash_pages_added,adaptive_hash_pages_removed,adaptive_hash_rows_added,adaptive_hash_rows_deleted_no_hash_entry,adaptive_hash_rows_removed,adaptive_hash_rows_updated,adaptive_hash_searches,adaptive_hash_searches_btree,buffer_data_reads,buffer_data_written,buffer_flush_adaptive,buffer_flush_adaptive_avg_pass,buffer_flush_adaptive_avg_time_est,buffer_flush_adaptive_avg_time_slot,buffer_flush_adaptive_avg_time_thread,buffer_flush_adaptive_pages,buffer_flush_adaptive_total_pages,buffer_flush_avg_page_rate,buffer_flush_avg_pass,buffer_flush_avg_time,buffer_flush_background,buffer_flush_background_pages,buffer_flush_background_total_pages,buffer_flush_batches,buffer_flush_batch_num_scan,buffer_flush_batch_pages,buffer_flush_batch_scanned,buffer_flush_batch_scanned_per_call,buffer_flush_batch_total_pages,buffer_flush_lsn_avg_rate,buffer_flush_neighbor,buffer_flush_neighbor_pages,buffer_flush_neighbor_total_pages,buffer_flush_n_to_flush_by_age,buffer_flush_n_to_flush_by_dirty_page,buffer_flush_n_to_flush_requested,buffer_flush_pct_for_dirty,buffer_flush_pct_for_lsn,buffer_flush_sync,buffer_flush_sync_pages,buffer_flush_sync_total_pages,buffer_flush_sync_waits,buffer_LRU_batches_evict,buffer_LRU_batches_flush,buffer_LRU_batch_evict_pages,buffer_LRU_batch_evict_total_pages,buffer_LRU_batch_flush_avg_pass,buffer_LRU_batch_flush_avg_time_est,buffer_LRU_batch_flush_avg_time_slot,buffer_LRU_batch_flush_avg_time_thread,buffer_LRU_batch_flush_pages,buffer_LRU_batch_flush_total_pages,buffer_LRU_batch_num_scan,buffer_LRU_batch_scanned,buffer_LRU_batch_scanned_per_call,buffer_LRU_get_free_loops,buffer_LRU_get_free_search,buffer_LRU_get_free_waits,buffer_LRU_search_num_scan,buffer_LRU_search_scanned,buffer_LRU_search_scanned_per_call,buffer_LRU_single_flush_failure_count,buffer_LRU_single_flush_num_scan,buffer_LRU_single_flush_scanned,buffer_LRU_single_flush_scanned_per_call,buffer_LRU_unzip_search_num_scan,buffer_LRU_unzip_search_scanned,buffer_LRU_unzip_search_scanned_per_call,buffer_pages_created,buffer_pages_read,buffer_pages_written,buffer_page_read_blob,buffer_page_read_fsp_hdr,buffer_page_read_ibuf_bitmap,buffer_page_read_ibuf_free_list,buffer_page_read_index_ibuf_leaf,buffer_page_read_index_ibuf_non_leaf,buffer_page_read_index_inode,buffer_page_read_index_leaf,buffer_page_read_index_non_leaf,buffer_page_read_other,buffer_page_read_rseg_array,buffer_page_read_system_page,buffer_page_read_trx_system,buffer_page_read_undo_log,buffer_page_read_xdes,buffer_page_read_zblob,buffer_page_read_zblob2,buffer_page_written_blob,buffer_page_written_fsp_hdr,buffer_page_written_ibuf_bitmap,buffer_page_written_ibuf_free_list,buffer_page_written_index_ibuf_leaf,buffer_page_written_index_ibuf_non_leaf,buffer_page_written_index_inode,buffer_page_written_index_leaf,buffer_page_written_index_non_leaf,buffer_page_written_on_log_no_waits,buffer_page_written_on_log_waits,buffer_page_written_on_log_wait_loops,buffer_page_written_other,buffer_page_written_rseg_array,buffer_page_written_system_page,buffer_page_written_trx_system,buffer_page_written_undo_log,buffer_page_written_xdes,buffer_page_written_zblob,buffer_page_written_zblob2,buffer_pool_bytes_data,buffer_pool_bytes_dirty,buffer_pool_pages_data,buffer_pool_pages_dirty,buffer_pool_pages_free,buffer_pool_pages_misc,buffer_pool_pages_total,buffer_pool_reads,buffer_pool_read_ahead,buffer_pool_read_ahead_evicted,buffer_pool_read_requests,buffer_pool_size,buffer_pool_wait_free,buffer_pool_write_requests,compression_pad_decrements,compression_pad_increments,compress_pages_compressed,compress_pages_decompressed,cpu_n,cpu_stime_abs,cpu_stime_pct,cpu_utime_abs,cpu_utime_pct,dblwr_async_requests,dblwr_flush_requests,dblwr_flush_wait_events,dblwr_sync_requests,ddl_background_drop_tables,ddl_log_file_alter_table,ddl_online_create_index,ddl_pending_alter_table,ddl_sort_file_alter_table,dml_deletes,dml_inserts,dml_reads,dml_system_deletes,dml_system_inserts,dml_system_reads,dml_system_updates,dml_updates,file_num_open_files,ibuf_merges,ibuf_merges_delete,ibuf_merges_delete_mark,ibuf_merges_discard_delete,ibuf_merges_discard_delete_mark,ibuf_merges_discard_insert,ibuf_merges_insert,ibuf_size,icp_attempts,icp_match,icp_no_match,icp_out_of_range,index_page_discards,index_page_merge_attempts,index_page_merge_successful,index_page_reorg_attempts,index_page_reorg_successful,index_page_splits,innodb_activity_count,innodb_background_drop_table_usec,innodb_dblwr_pages_written,innodb_dblwr_writes,innodb_dict_lru_count,innodb_dict_lru_usec,innodb_ibuf_merge_usec,innodb_master_active_loops,innodb_master_idle_loops,innodb_master_purge_usec,innodb_master_thread_sleeps,innodb_mem_validate_usec,innodb_page_size,innodb_rwlock_sx_os_waits,innodb_rwlock_sx_spin_rounds,innodb_rwlock_sx_spin_waits,innodb_rwlock_s_os_waits,innodb_rwlock_s_spin_rounds,innodb_rwlock_s_spin_waits,innodb_rwlock_x_os_waits,innodb_rwlock_x_spin_rounds,innodb_rwlock_x_spin_waits,lock_deadlocks,lock_deadlock_false_positives,lock_deadlock_rounds,lock_rec_grant_attempts,lock_rec_locks,lock_rec_lock_created,lock_rec_lock_removed,lock_rec_lock_requests,lock_rec_lock_waits,lock_rec_release_attempts,lock_row_lock_current_waits,lock_row_lock_time,lock_row_lock_time_avg,lock_row_lock_time_max,lock_row_lock_waits,lock_schedule_refreshes,lock_table_locks,lock_table_lock_created,lock_table_lock_removed,lock_table_lock_waits,lock_threads_waiting,lock_timeouts,log_checkpoints,log_concurrency_margin,log_flusher_no_waits,log_flusher_waits,log_flusher_wait_loops,log_flush_avg_time,log_flush_lsn_avg_rate,log_flush_max_time,log_flush_notifier_no_waits,log_flush_notifier_waits,log_flush_notifier_wait_loops,log_flush_total_time,log_free_space,log_full_block_writes,log_lsn_archived,log_lsn_buf_dirty_pages_added,log_lsn_buf_pool_oldest_approx,log_lsn_buf_pool_oldest_lwm,log_lsn_checkpoint_age,log_lsn_current,log_lsn_last_checkpoint,log_lsn_last_flush,log_max_modified_age_async,log_max_modified_age_sync,log_next_file,log_on_buffer_space_no_waits,log_on_buffer_space_waits,log_on_buffer_space_wait_loops,log_on_file_space_no_waits,log_on_file_space_waits,log_on_file_space_wait_loops,log_on_flush_no_waits,log_on_flush_waits,log_on_flush_wait_loops,log_on_recent_closed_wait_loops,log_on_recent_written_wait_loops,log_on_write_no_waits,log_on_write_waits,log_on_write_wait_loops,log_padded,log_partial_block_writes,log_waits,log_writer_no_waits,log_writer_on_archiver_waits,log_writer_on_file_space_waits,log_writer_waits,log_writer_wait_loops,log_writes,log_write_notifier_no_waits,log_write_notifier_waits,log_write_notifier_wait_loops,log_write_requests,log_write_to_file_requests_interval,metadata_table_handles_closed,metadata_table_handles_opened,metadata_table_reference_count,module_cpu,module_dblwr,module_page_track,os_data_fsyncs,os_data_reads,os_data_writes,os_log_bytes_written,os_log_fsyncs,os_log_pending_fsyncs,os_log_pending_writes,os_pending_reads,os_pending_writes,page_track_checkpoint_partial_flush_request,page_track_full_block_writes,page_track_partial_block_writes,page_track_resets,purge_del_mark_records,purge_dml_delay_usec,purge_invoked,purge_resume_count,purge_stop_count,purge_truncate_history_count,purge_truncate_history_usec,purge_undo_log_pages,purge_upd_exist_or_extern_records,sampled_pages_read,sampled_pages_skipped,trx_active_transactions,trx_allocations,trx_commits_insert_update,trx_nl_ro_commits,trx_on_log_no_waits,trx_on_log_waits,trx_on_log_wait_loops,trx_rollbacks,trx_rollbacks_savepoint,trx_rollback_active,trx_ro_commits,trx_rseg_current_size,trx_rseg_history_len,trx_rw_commits,trx_undo_slots_cached,trx_undo_slots_used,undo_truncate_count,undo_truncate_done_logging_count,undo_truncate_start_logging_count,undo_truncate_usec
1789580330.283,0,0,0,0,0,0,0,265467085,2382958075392,794722668032,0,0,0,0,0,0,0,0,0,0,0,0,0,0,0,0,0,0,0,0,0,0,0,0,0,0,0,0,0,0,0,0,0,0,0,0,0,0,0,0,0,0,0,0,0,0,0,0,0,0,0,0,0,0,0,0,0,0,452251,145628248,44458379,0,0,0,0,0,0,0,0,0,0,0,0,0,0,0,0,0,0,0,0,0,0,0,0,0,0,0,0,0,0,0,0,0,0,0,0,0,2147287040,117342208,131060,7162,0,12,131072,145465915,0,0,1341225666,2147483648,111707980,144032034,0,0,0,0,0,0,0,0,0,0,0,0,0,0,0,0,0,0,8534701,8534794,0,97,97,6265,329,17069389,35,0,0,0,0,0,0,0,1,0,0,0,0,0,0,0,0,0,0,9600019,0,13954835,123500,0,0,0,0,0,0,0,0,16384,0,0,0,0,0,0,0,0,0,0,0,4450,339,0,0,0,0,0,25949335,0,564,1,44,337,4450,0,0,0,0,0,0,0,0,0,0,0,0,0,0,0,0,0,0,0,0,0,0,0,0,0,0,0,0,0,0,0,0,0,0,0,0,0,0,0,0,0,0,0,0,0,0,0,0,0,0,0,0,0,109170684,0,0,0,127534837,0,0,0,0,0,0,0,78111988,145536500,183942982,56672679424,45553667,0,0,0,0,0,0,0,0,0,0,0,0,0,0,0,0,0,0,0,0,0,0,0,0,0,0,0,0,0,0,0,12413884,0,0,0,0,0,0,0
1789580331.306,0,0,0,0,0,0,0,265479595,2383137463808,794865419776,0,0,0,0,0,0,0,0,0,0,0,0,0,0,0,0,0,0,0,0,0,0,0,0,0,0,0,0,0,0,0,0,0,0,0,0,0,0,0,0,0,0,0,0,0,0,0,0,0,0,0,0,0,0,0,0,0,0,452251,145639198,44467045,0,0,0,0,0,0,0,0,0,0,0,0,0,0,0,0,0,0,0,0,0,0,0,0,0,0,0,0,0,0,0,0,0,0,0,0,0,2147287040,75874304,131060,4631,0,12,131072,145476862,0,0,1341295235,2147483648,111707980,144038403,0,0,0,0,0,0,0,0,0,0,0,0,0,0,0,0,0,0,8534701,8534794,0,97,97,6265,329,17069389,35,0,0,0,0,0,0,0,1,0,0,0,0,0,0,0,0,0,0,9600019,0,13963501,123568,0,0,0,0,0,0,0,0,16384,0,0,0,0,0,0,0,0,0,0,0,4451,339,0,0,0,0,0,25949335,0,564,1,44,337,4451,0,0,0,0,0,0,0,0,0,0,0,0,0,0,0,0,0,0,0,0,0,0,0,0,0,0,0,0,0,0,0,0,0,0,0,0,0,0,0,0,0,0,0,0,0,0,0,0,0,0,0,0,0,109171858,0,0,0,127541079,0,0,0,0,0,0,0,78114262,145547446,183952892,56673335296,45554587,1,0,0,0,0,0,0,0,0,0,0,0,0,0,0,0,0,0,0,0,0,0,0,0,0,0,0,0,0,0,0,12413884,0,0,0,0,0,0,0
1789580332.336,0,0,0,0,0,0,0,265485140,2383228231168,794948990976,0,0,0,0,0,0,0,0,0,0,0,0,0,0,0,0,0,0,0,0,0,0,0,0,0,0,0,0,0,0,0,0,0,0,0,0,0,0,0,0,0,0,0,0,0,0,0,0,0,0,0,0,0,0,0,0,0,0,452251,145644744,44472022,0,0,0,0,0,0,0,0,0,0,0,0,0,0,0,0,0,0,0,0,0,0,0,0,0,0,0,0,0,0,0,0,0,0,0,0,0,2142601216,22528000,130774,1375,0,298,131072,145482406,0,0,1341377776,2147483648,111707980,144096755,0,0,0,0,0,0,0,0,0,0,0,0,0,0,0,0,0,0,8534701,8534794,0,97,97,6265,329,17069389,35,0,0,0,0,0,0,0,1,0,0,0,0,0,0,0,0,0,0,9600019,0,13968478,123608,0,0,0,0,0,0,0,0,16384,0,0,0,0,0,0,0,0,0,0,0,4452,339,0,0,0,0,0,25949335,0,564,1,44,337,4452,0,0,0,0,0,0,0,0,0,0,0,0,0,0,0,0,0,0,0,0,0,0,0,0,0,0,0,0,0,0,0,0,0,0,0,0,0,0,0,0,0,0,0,0,0,0,0,0,0,0,0,0,0,109172511,0,0,0,127564306,0,0,0,0,0,0,0,78115412,145552989,183958562,56674726912,45554958,0,0,0,0,0,0,0,0,0,0,0,0,0,0,0,0,0,0,0,0,0,0,0,0,0,0,0,0,0,0,0,12390985,0,0,0,0,0,0,0
1789580333.363,0,0,0,0,0,0,0,265493553,2383339855360,794975927296,0,0,0,0,0,0,0,0,0,0,0,0,0,0,0,0,0,0,0,0,0,0,0,0,0,0,0,0,0,0,0,0,0,0,0,0,0,0,0,0,0,0,0,0,0,0,0,0,0,0,0,0,0,0,0,0,0,0,452254,145651553,44473648,0,0,0,0,0,0,0,0,0,0,0,0,0,0,0,0,0,0,0,0,0,0,0,0,0,0,0,0,0,0,0,0,0,0,0,0,0,2143666176,6914048,130839,422,0,233,131072,145489208,0,0,1341425446,2147483648,111707980,144098516,0,0,0,0,0,0,0,0,0,0,0,0,0,0,0,0,0,0,8534731,8534815,0,97,97,6265,329,17069569,35,0,0,0,0,0,0,0,1,0,0,0,0,0,0,0,0,0,0,9600045,0,13970104,123626,0,0,0,0,0,0,0,0,16384,0,0,0,0,0,0,0,0,0,0,0,4453,339,0,0,0,0,0,25949392,0,564,1,44,337,4453,0,0,0,0,0,0,0,0,0,0,0,0,0,0,0,0,0,0,0,0,0,0,0,0,0,0,0,0,0,0,0,0,0,0,0,0,0,0,0,0,0,0,0,0,0,0,0,0,0,0,0,0,0,109172896,0,0,0,127565601,0,0,0,0,0,0,0,78115750,145559818,183960591,56674948608,45555233,0,0,0,0,0,0,0,0,0,0,0,0,0,0,0,0,0,0,0,0,0,0,0,0,0,0,0,0,0,0,0,12390725,0,0,0,0,0,0,0
1789580334.388,0,0,0,0,0,0,0,265540116,2383940722176,794989155840,0,0,0,0,0,0,0,0,0,0,0,0,0,0,0,0,0,0,0,0,0,0,0,0,0,0,0,0,0,0,0,0,0,0,0,0,0,0,0,0,0,0,0,0,0,0,0,0,0,0,0,0,0,0,0,0,0,0,452774,145688330,44473683,0,0,0,0,0,0,0,0,0,0,0,0,0,0,0,0,0,0,0,0,0,0,0,0,0,0,0,0,0,0,0,0,0,0,0,0,0,2146172928,189841408,130992,11587,0,80,131072,145525923,0,0,1341697559,2147483648,111707980,144148491,0,0,0,0,0,0,0,0,0,0,0,0,0,0,0,0,0,0,8536408,8536498,0,97,97,6265,329,17072846,35,0,0,0,0,0,0,0,1,0,0,0,0,0,0,0,0,0,0,9601748,0,13970139,123627,0,0,0,0,0,0,0,0,16384,0,0,0,0,0,0,0,0,0,0,0,4454,339,0,0,0,0,0,25953938,0,564,1,44,337,4454,0,0,0,0,0,0,0,0,0,0,0,0,0,0,0,0,0,0,0,0,0,0,0,0,0,0,0,0,0,0,0,0,0,0,0,0,0,0,0,0,0,0,0,0,0,0,0,0,0,0,0,0,0,109190906,0,0,0,127596904,0,0,0,0,0,0,0,78125082,145596533,183978637,56685097472,45564549,0,0,0,0,0,0,0,0,0,0,0,0,0,0,0,0,0,0,0,0,0,0,0,0,0,0,0,0,0,0,0,12383804,0,0,0,0,0,0,0
1789580335.415,0,0,0,0,0,0,0,265558782,2384179256832,795021260288,0,0,0,0,0,0,0,0,0,0,0,0,0,0,0,0,0,0,0,0,0,0,0,0,0,0,0,0,0,0,0,0,0,0,0,0,0,0,0,0,0,0,0,0,0,0,0,0,0,0,0,0,0,0,0,0,0,0,452849,145702915,44475243,0,0,0,0,0,0,0,0,0,0,0,0,0,0,0,0,0,0,0,0,0,0,0,0,0,0,0,0,0,0,0,0,0,0,0,0,0,2145255424,228720640,130936,13960,0,136,131072,145540494,0,0,1341798028,2147483648,111712984,144162210,0,0,0,0,0,0,0,0,0,0,0,0,0,0,0,0,0,0,8537032,8537124,0,97,97,6265,329,17074132,35,0,0,0,0,0,0,0,1,0,0,0,0,0,0,0,0,0,0,9602518,0,13970139,123627,0,0,0,0,0,0,0,0,16384,0,0,0,0,0,0,0,0,0,0,0,4455,339,0,0,0,0,0,25956048,0,564,1,44,337,4455,0,0,0,0,0,0,0,0,0,0,0,0,0,0,0,0,0,0,0,0,0,0,0,0,0,0,0,0,0,0,0,0,0,0,0,0,0,0,0,0,0,0,0,0,0,0,0,0,0,0,0,0,0,109200529,0,0,0,127607173,0,0,0,0,0,0,0,78133183,145611115,183991463,56690042880,45571048,0,0,0,0,0,0,0,0,0,0,0,0,0,0,0,0,0,0,0,0,0,0,0,0,0,0,0,0,0,0,0,12383214,0,0,0,0,0,0,0
1789580336.441,0,0,0,0,0,0,0,265571969,2384347471360,795060537344,0,0,0,0,0,0,0,0,0,0,0,0,0,0,0,0,0,0,0,0,0,0,0,0,0,0,0,0,0,0,0,0,0,0,0,0,0,0,0,0,0,0,0,0,0,0,0,0,0,0,0,0,0,0,0,0,0,0,452872,145713193,44477515,0,0,0,0,0,0,0,0,0,0,0,0,0,0,0,0,0,0,0,0,0,0,0,0,0,0,0,0,0,0,0,0,0,0,0,0,0,2145452032,234110976,130948,14289,0,124,131072,145550769,0,0,1341868730,2147483648,111723129,144170332,0,0,0,0,0,0,0,0,0,0,0,0,0,0,0,0,0,0,8537465,8537550,0,97,97,6265,329,17074990,35,0,0,0,0,0,0,0,1,0,0,0,0,0,0,0,0,0,0,9602985,0,13970139,123627,0,0,0,0,0,0,0,0,16384,0,0,0,0,0,0,0,0,0,0,0,4456,339,0,0,0,0,0,25957302,0,564,1,44,337,4456,0,0,0,0,0,0,0,0,0,0,0,0,0,0,0,0,0,0,0,0,0,0,0,0,0,0,0,0,0,0,0,0,0,0,0,0,0,0,0,0,0,0,0,0,0,0,0,0,0,0,0,0,0,109203648,0,0,0,127613782,0,0,0,0,0,0,0,78137674,145621386,183999096,56691795968,45573281,0,0,0,0,0,0,0,0,0,0,0,0,0,0,0,0,0,0,0,0,0,0,0,0,0,0,0,0,0,0,0,12383045,0,0,0,0,0,0,0
1789580337.467,0,0,0,0,0,0,0,265585779,2384523107840,795100147712,0,0,0,0,0,0,0,0,0,0,0,0,0,0,0,0,0,0,0,0,0,0,0,0,0,0,0,0,0,0,0,0,0,0,0,0,0,0,0,0,0,0,0,0,0,0,0,0,0,0,0,0,0,0,0,0,0,0,452908,145723925,44479822,0,0,0,0,0,0,0,0,0,0,0,0,0,0,0,0,0,0,0,0,0,0,0,0,0,0,0,0,0,0,0,0,0,0,0,0,0,2145140736,242810880,130929,14820,0,143,131072,145561498,0,0,1341942542,2147483648,111733759,144179634,0,0,0,0,0,0,0,0,0,0,0,0,0,0,0,0,0,0,8537942,8538030,0,97,97,6265,329,17075928,35,0,0,0,0,0,0,0,1,0,0,0,0,0,0,0,0,0,0,9603527,0,13970139,123627,0,0,0,0,0,0,0,0,16384,0,0,0,0,0,0,0,0,0,0,0,4457,339,0,0,0,0,0,25958773,0,564,1,44,337,4457,0,0,0,0,0,0,0,0,0,0,0,0,0,0,0,0,0,0,0,0,0,0,0,0,0,0,0,0,0,0,0,0,0,0,0,0,0,0,0,0,0,0,0,0,0,0,0,0,0,0,0,0,0,109205607,0,0,0,127621118,0,0,0,0,0,0,0,78141248,145632113,184005662,56693051904,45574553,0,0,0,0,0,0,0,0,0,0,0,0,0,0,0,0,0,0,0,0,0,0,0,0,0,0,0,0,0,0,0,12382803,0,0,0,0,0,0,0
1789580338.493,0,0,0,0,0,0,0,265597309,2384669531648,795133381632,0,0,0,0,0,0,0,0,0,0,0,0,0,0,0,0,0,0,0,0,0,0,0,0,0,0,0,0,0,0,0,0,0,0,0,0,0,0,0,0,0,0,0,0,0,0,0,0,0,0,0,0,0,0,0,0,0,0,452933,145732860,44481753,0,0,0,0,0,0,0,0,0,0,0,0,0,0,0,0,0,0,0,0,0,0,0,0,0,0,0,0,0,0,0,0,0,0,0,0,0,2145288192,249266176,130938,15214,0,134,131072,145570428,0,0,1342003940,2147483648,111742626,144187109,0,0,0,0,0,0,0,0,0,0,0,0,0,0,0,0,0,0,8538329,8538410,0,97,97,6265,329,17076717,35,0,0,0,0,0,0,0,1,0,0,0,0,0,0,0,0,0,0,9603967,0,13970139,123627,0,0,0,0,0,0,0,0,16384,0,0,0,0,0,0,0,0,0,0,0,4458,339,0,0,0,0,0,25959967,0,564,1,44,337,4458,0,0,0,0,0,0,0,0,0,0,0,0,0,0,0,0,0,0,0,0,0,0,0,0,0,0,0,0,0,0,0,0,0,0,0,0,0,0,0,0,0,0,0,0,0,0,0,0,0,0,0,0,0,109207399,0,0,0,127627130,0,0,0,0,0,0,0,78144313,145641060,184011320,56694142464,45575685,0,0,0,0,0,0,0,0,0,0,0,0,0,0,0,0,0,0,0,0,0,0,0,0,0,0,0,0,0,0,0,12382664,0,0,0,0,0,0,0
1789580339.519,0,0,0,0,0,0,0,265608107,2384807534080,795164104704,0,0,0,0,0,0,0,0,0,0,0,0,0,0,0,0,0,0,0,0,0,0,0,0,0,0,0,0,0,0,0,0,0,0,0,0,0,0,0,0,0,0,0,0,0,0,0,0,0,0,0,0,0,0,0,0,0,0,452951,145741294,44483548,0,0,0,0,0,0,0,0,0,0,0,0,0,0,0,0,0,0,0,0,0,0,0,0,0,0,0,0,0,0,0,0,0,0,0,0,0,2144993280,253607936,130920,15479,0,152,131072,145578859,0,0,1342061446,2147483648,111750973,144193599,0,0,0,0,0,0,0,0,0,0,0,0,0,0,0,0,0,0,8538674,8538760,0,97,97,6265,329,17077398,35,0,0,0,0,0,0,0,1,0,0,0,0,0,0,0,0,0,0,9604369,0,13970139,123627,0,0,0,0,0,0,0,0,16384,0,0,0,0,0,0,0,0,0,0,0,4459,339,0,0,0,0,0,25961051,0,564,1,44,337,4459,0,0,0,0,0,0,0,0,0,0,0,0,0,0,0,0,0,0,0,0,0,0,0,0,0,0,0,0,0,0,0,0,0,0,0,0,0,0,0,0,0,0,0,0,0,0,0,0,0,0,0,0,0,109209030,0,0,0,127632410,0,0,0,0,0,0,0,78147165,145649486,184016529,56695133696,45576748,0,0,0,0,0,0,0,0,0,0,0,0,0,0,0,0,0,0,0,0,0,0,0,0,0,0,0,0,0,0,0,12382600,0,0,0,0,0,0,0
1789580340.545,0,0,0,0,0,0,0,265618332,2384937606656,795192420864,0,0,0,0,0,0,0,0,0,0,0,0,0,0,0,0,0,0,0,0,0,0,0,0,0,0,0,0,0,0,0,0,0,0,0,0,0,0,0,0,0,0,0,0,0,0,0,0,0,0,0,0,0,0,0,0,0,0,452973,145749240,44485167,0,0,0,0,0,0,0,0,0,0,0,0,0,0,0,0,0,0,0,0,0,0,0,0,0,0,0,0,0,0,0,0,0,0,0,0,0,2144550912,261619712,130893,15968,0,179,131072,145586803,0,0,1342115444,2147483648,111758876,144200051,0,0,0,0,0,0,0,0,0,0,0,0,0,0,0,0,0,0,8539021,8539104,0,97,97,6265,329,17078114,35,0,0,0,0,0,0,0,1,0,0,0,0,0,0,0,0,0,0,9604792,0,13970139,123627,0,0,0,0,0,0,0,0,16384,0,0,0,0,0,0,0,0,0,0,0,4460,339,0,0,0,0,0,25962200,0,564,1,44,337,4460,0,0,0,0,0,0,0,0,0,0,0,0,0,0,0,0,0,0,0,0,0,0,0,0,0,0,0,0,0,0,0,0,0,0,0,0,0,0,0,0,0,0,0,0,0,0,0,0,0,0,0,0,0,109210693,0,0,0,127637705,0,0,0,0,0,0,0,78149888,145657428,184021487,56696146432,45577831,0,0,0,0,0,0,0,0,0,0,0,0,0,0,0,0,0,0,0,0,0,0,0,0,0,0,0,0,0,0,0,12382654,0,0,0,0,0,0,0
1789580341.571,0,0,0,0,0,0,0,265627364,2385052556800,795216588800,0,0,0,0,0,0,0,0,0,0,0,0,0,0,0,0,0,0,0,0,0,0,0,0,0,0,0,0,0,0,0,0,0,0,0,0,0,0,0,0,0,0,0,0,0,0,0,0,0,0,0,0,0,0,0,0,0,0,452984,145756265,44486557,0,0,0,0,0,0,0,0,0,0,0,0,0,0,0,0,0,0,0,0,0,0,0,0,0,0,0,0,0,0,0,0,0,0,0,0,0,2144813056,268779520,130909,16405,0,163,131072,145593824,0,0,1342163586,2147483648,111765823,144205765,0,0,0,0,0,0,0,0,0,0,0,0,0,0,0,0,0,0,8539330,8539405,0,97,97,6265,329,17078734,35,0,0,0,0,0,0,0,1,0,0,0,0,0,0,0,0,0,0,9605114,0,13970139,123627,0,0,0,0,0,0,0,0,16384,0,0,0,0,0,0,0,0,0,0,0,4461,339,0,0,0,0,0,25963064,0,564,1,44,337,4461,0,0,0,0,0,0,0,0,0,0,0,0,0,0,0,0,0,0,0,0,0,0,0,0,0,0,0,0,0,0,0,0,0,0,0,0,0,0,0,0,0,0,0,0,0,0,0,0,0,0,0,0,0,109212201,0,0,0,127642421,0,0,0,0,0,0,0,78152254,145664449,184025785,56697039360,45578801,0,1,0,0,0,0,0,0,0,0,0,0,0,0,0,0,0,0,0,0,0,0,0,0,0,0,0,0,0,0,0,12382549,0,0,0,0,0,0,0
1789580342.596,0,0,0,0,0,0,0,265635861,2385161756160,795241174016,0,0,0,0,0,0,0,0,0,0,0,0,0,0,0,0,0,0,0,0,0,0,0,0,0,0,0,0,0,0,0,0,0,0,0,0,0,0,0,0,0,0,0,0,0,0,0,0,0,0,0,0,0,0,0,0,0,0,452996,145762938,44488006,0,0,0,0,0,0,0,0,0,0,0,0,0,0,0,0,0,0,0,0,0,0,0,0,0,0,0,0,0,0,0,0,0,0,0,0,0,2144256000,272367616,130875,16624,0,197,131072,145600495,0,0,1342208602,2147483648,111772470,144210788,0,0,0,0,0,0,0,0,0,0,0,0,0,0,0,0,0,0,8539603,8539686,0,97,97,6265,329,17079295,35,0,0,0,0,0,0,0,1,0,0,0,0,0,0,0,0,0,0,9605439,0,13970139,123627,0,0,0,0,0,0,0,0,16384,0,0,0,0,0,0,0,0,0,0,0,4463,339,0,0,0,0,0,25963946,1,564,1,44,338,4463,0,0,0,0,1,0,0,0,0,0,0,0,0,0,0,0,0,0,0,0,0,0,0,0,0,0,0,0,0,0,0,0,0,0,0,0,0,0,0,0,0,0,0,0,0,0,0,0,0,0,0,0,0,109213637,0,0,0,127646608,0,0,0,0,0,0,0,78154641,145671119,184030077,56697883648,45579761,0,0,0,0,0,0,0,0,0,0,0,0,0,0,0,0,0,0,0,0,0,0,0,0,0,0,0,0,0,0,0,12382582,0,0,0,0,0,0,0
1789580343.622,0,0,0,0,0,0,0,265644459,2385270939136,795265494016,0,0,0,0,0,0,0,0,0,0,0,0,0,0,0,0,0,0,0,0,0,0,0,0,0,0,0,0,0,0,0,0,0,0,0,0,0,0,0,0,0,0,0,0,0,0,0,0,0,0,0,0,0,0,0,0,0,0,453011,145769609,44489408,0,0,0,0,0,0,0,0,0,0,0,0,0,0,0,0,0,0,0,0,0,0,0,0,0,0,0,0,0,0,0,0,0,0,0,0,0,2144452608,277168128,130887,16917,0,185,131072,145607164,0,0,1342254130,2147483648,111779074,144215777,0,0,0,0,0,0,0,0,0,0,0,0,0,0,0,0,0,0,8539910,8539986,0,97,97,6265,329,17079873,35,0,0,0,0,0,0,0,1,0,0,0,0,0,0,0,0,0,0,9605766,0,13970139,123627,0,0,0,0,0,0,0,0,16384,0,0,0,0,0,0,0,0,0,0,0,4464,339,0,0,0,0,0,25964824,1,564,1,44,338,4464,0,0,0,0,1,0,0,0,0,0,0,0,0,0,0,0,0,0,0,0,0,0,0,0,0,0,0,0,0,0,0,0,0,0,0,0,0,0,0,0,0,0,0,0,0,0,0,0,0,0,0,0,0,109215116,0,0,0,127650894,0,0,0,0,0,0,0,78157011,145677786,184034373,56698747392,45580722,0,0,0,0,0,0,0,0,0,0,0,0,0,0,0,0,0,0,0,0,0,0,0,0,0,0,0,0,0,0,0,12382701,0,0,0,0,0,0,0
1789580344.648,0,0,0,0,0,0,0,265653548,2385386593792,795289486336,0,0,0,0,0,0,0,0,0,0,0,0,0,0,0,0,0,0,0,0,0,0,0,0,0,0,0,0,0,0,0,0,0,0,0,0,0,0,0,0,0,0,0,0,0,0,0,0,0,0,0,0,0,0,0,0,0,0,453027,145776668,44490803,0,0,0,0,0,0,0,0,0,0,0,0,0,0,0,0,0,0,0,0,0,0,0,0,0,0,0,0,0,0,0,0,0,0,0,0,0,2144747520,282738688,130905,17257,0,167,131072,145614215,0,0,1342302504,2147483648,111786057,144221055,0,0,0,0,0,0,0,0,0,0,0,0,0,0,0,0,0,0,8540206,8540288,0,97,97,6265,329,17080466,35,0,0,0,0,0,0,0,1,0,0,0,0,0,0,0,0,0,0,9606092,0,13970139,123627,0,0,0,0,0,0,0,0,16384,0,0,0,0,0,0,0,0,0,0,0,4465,339,0,0,0,0,0,25965703,1,564,1,44,338,4465,0,0,0,0,1,0,0,0,0,0,0,0,0,0,0,0,0,0,0,0,0,0,0,0,0,0,0,0,0,0,0,0,0,0,0,0,0,0,0,0,0,0,0,0,0,0,0,0,0,0,0,0,0,109216584,0,0,0,127655325,0,0,0,0,0,0,0,78159375,145684850,184038620,56699617280,45581697,0,0,0,0,0,0,0,0,0,0,0,0,0,0,0,0,0,0,0,0,0,0,0,0,0,0,0,0,0,0,0,12382732,0,0,0,0,0,0,0
1789580345.674,0,0,0,0,0,0,0,265662189,2385495580160,795313710080,0,0,0,0,0,0,0,0,0,0,0,0,0,0,0,0,0,0,0,0,0,0,0,0,0,0,0,0,0,0,0,0,0,0,0,0,0,0,0,0,0,0,0,0,0,0,0,0,0,0,0,0,0,0,0,0,0,0,453046,145783334,44492194,0,0,0,0,0,0,0,0,0,0,0,0,0,0,0,0,0,0,0,0,0,0,0,0,0,0,0,0,0,0,0,0,0,0,0,0,0,2144370688,289046528,130882,17642,0,190,131072,145620877,0,0,1342348120,2147483648,111792691,144226644,0,0,0,0,0,0,0,0,0,0,0,0,0,0,0,0,0,0,8540500,8540578,0,97,97,6265,329,17081081,35,0,0,0,0,0,0,0,1,0,0,0,0,0,0,0,0,0,0,9606440,0,13970139,123627,0,0,0,0,0,0,0,0,16384,0,0,0,0,0,0,0,0,0,0,0,4466,340,0,0,0,0,0,25966646,0,4074,12,3509,338,4466,0,0,0,0,0,0,0,0,0,0,0,0,0,0,0,0,0,0,0,0,0,0,0,0,0,0,0,0,0,0,0,0,0,0,0,0,0,0,0,0,0,0,0,0,0,0,0,0,0,0,0,0,0,109218112,0,0,0,127659892,0,0,0,0,0,0,0,78161774,145691508,184042944,56700524032,45582696,0,0,0,0,0,0,0,0,0,0,0,0,0,0,0,0,0,0,0,0,0,0,0,0,0,0,0,0,0,0,0,12382734,0,0,0,0,0,0,0
1789580346.701,0,0,0,0,0,0,0,265670342,2385600011776,795337947648,0,0,0,0,0,0,0,0,0,0,0,0,0,0,0,0,0,0,0,0,0,0,0,0,0,0,0,0,0,0,0,0,0,0,0,0,0,0,0,0,0,0,0,0,0,0,0,0,0,0,0,0,0,0,0,0,0,0,453061,145789716,44493591,0,0,0,0,0,0,0,0,0,0,0,0,0,0,0,0,0,0,0,0,0,0,0,0,0,0,0,0,0,0,0,0,0,0,0,0,0,2144485376,292569088,130889,17857,0,183,131072,145627257,0,0,1342391191,2147483648,111798873,144231747,0,0,0,0,0,0,0,0,0,0,0,0,0,0,0,0,0,0,8540783,8540865,0,97,97,6265,329,17081637,35,0,0,0,0,0,0,0,1,0,0,0,0,0,0,0,0,0,0,9606751,0,13970267,123628,0,0,0,0,0,0,0,0,16384,0,0,0,0,0,0,0,0,0,0,0,4467,340,0,0,0,0,0,25967482,0,4074,12,3509,338,4467,0,0,0,0,0,0,0,0,0,0,0,0,0,0,0,0,0,0,0,0,0,0,0,0,0,0,0,0,0,0,0,0,0,0,0,0,0,0,0,0,0,0,0,0,0,0,0,0,0,0,0,0,0,109219519,0,0,0,127664085,0,0,0,0,0,0,0,78163975,145697894,184047040,56701358592,45583617,0,0,0,0,0,0,0,0,0,0,0,0,0,0,0,0,0,0,0,0,0,0,0,0,0,0,0,0,0,0,0,12382708,0,0,0,0,0,0,0
1789580347.728,0,0,0,0,0,0,0,265679444,2385715191296,795362233344,0,0,0,0,0,0,0,0,0,0,0,0,0,0,0,0,0,0,0,0,0,0,0,0,0,0,0,0,0,0,0,0,0,0,0,0,0,0,0,0,0,0,0,0,0,0,0,0,0,0,0,0,0,0,0,0,0,0,453074,145796762,44495008,0,0,0,0,0,0,0,0,0,0,0,0,0,0,0,0,0,0,0,0,0,0,0,0,0,0,0,0,0,0,0,0,0,0,0,0,0,2144403456,297467904,130884,18156,0,188,131072,145634301,0,0,1342439345,2147483648,111805834,144236996,0,0,0,0,0,0,0,0,0,0,0,0,0,0,0,0,0,0,8541073,8541156,0,97,97,6265,329,17082227,35,0,0,0,0,0,0,0,1,0,0,0,0,0,0,0,0,0,0,9607107,0,13970267,123628,0,0,0,0,0,0,0,0,16384,0,0,0,0,0,0,0,0,0,0,0,4468,340,0,0,0,0,0,25968455,0,4074,12,3509,338,4468,0,0,0,0,0,0,0,0,0,0,0,0,0,0,0,0,0,0,0,0,0,0,0,0,0,0,0,0,0,0,0,0,0,0,0,0,0,0,0,0,0,0,0,0,0,0,0,0,0,0,0,0,0,109220993,0,0,0,127668489,0,0,0,0,0,0,0,78166335,145704936,184051325,56702222848,45584570,0,0,0,0,0,0,0,0,0,0,0,0,0,0,0,0,0,0,0,0,0,0,0,0,0,0,0,0,0,0,0,12382812,0,0,0,0,0,0,0
1789580348.754,0,0,0,0,0,0,0,265688097,2385826373120,795387112448,0,0,0,0,0,0,0,0,0,0,0,0,0,0,0,0,0,0,0,0,0,0,0,0,0,0,0,0,0,0,0,0,0,0,0,0,0,0,0,0,0,0,0,0,0,0,0,0,0,0,0,0,0,0,0,0,0,0,453090,145803558,44496443,0,0,0,0,0,0,0,0,0,0,0,0,0,0,0,0,0,0,0,0,0,0,0,0,0,0,0,0,0,0,0,0,0,0,0,0,0,2144174080,300580864,130870,18346,0,202,131072,145641095,0,0,1342485128,2147483648,111812571,144241974,0,0,0,0,0,0,0,0,0,0,0,0,0,0,0,0,0,0,8541355,8541435,0,97,97,6265,329,17082795,35,0,0,0,0,0,0,0,1,0,0,0,0,0,0,0,0,0,0,9607422,0,13970267,123628,0,0,0,0,0,0,0,0,16384,0,0,0,0,0,0,0,0,0,0,0,4469,340,0,0,0,0,0,25969304,0,4074,12,3509,338,4469,0,0,0,0,0,0,0,0,0,0,0,0,0,0,0,0,0,0,0,0,0,0,0,0,0,0,0,0,0,0,0,0,0,0,0,0,0,0,0,0,0,0,0,0,0,0,0,0,0,0,0,0,0,109222421,0,0,0,127672642,0,0,0,0,0,0,0,78168716,145711731,184055644,56703056384,45585505,0,0,0,0,0,0,0,0,0,0,0,0,0,0,0,0,0,0,0,0,0,0,0,0,0,0,0,0,0,0,0,12382876,0,0,0,0,0,0,0
1789580349.780,0,0,0,0,0,0,0,265696976,2385939422720,795410982400,0,0,0,0,0,0,0,0,0,0,0,0,0,0,0,0,0,0,0,0,0,0,0,0,0,0,0,0,0,0,0,0,0,0,0,0,0,0,0,0,0,0,0,0,0,0,0,0,0,0,0,0,0,0,0,0,0,0,453106,145810468,44497824,0,0,0,0,0,0,0,0,0,0,0,0,0,0,0,0,0,0,0,0,0,0,0,0,0,0,0,0,0,0,0,0,0,0,0,0,0,2144501760,307347456,130890,18759,0,182,131072,145648000,0,0,1342532241,2147483648,111819386,144247364,0,0,0,0,0,0,0,0,0,0,0,0,0,0,0,0,0,0,8541660,8541739,0,97,97,6265,329,17083402,35,0,0,0,0,0,0,0,1,0,0,0,0,0,0,0,0,0,0,9607763,0,13970267,123628,0,0,0,0,0,0,0,0,16384,0,0,0,0,0,0,0,0,0,0,0,4470,340,0,0,0,0,0,25970236,0,4074,12,3509,338,4470,0,0,0,0,0,0,0,0,0,0,0,0,0,0,0,0,0,0,0,0,0,0,0,0,0,0,0,0,0,0,0,0,0,0,0,0,0,0,0,0,0,0,0,0,0,0,0,0,0,0,0,0,0,109223929,0,0,0,127677164,0,0,0,0,0,0,0,78171084,145718638,184059910,56703953920,45586494,0,0,0,0,0,0,0,0,0,0,0,0,0,0,0,0,0,0,0,0,0,0,0,0,0,0,0,0,0,0,0,12382956,0,0,0,0,0,0,0
1789580350.805,0,0,0,0,0,0,0,265705216,2386044673536,795433754624,0,0,0,0,0,0,0,0,0,0,0,0,0,0,0,0,0,0,0,0,0,0,0,0,0,0,0,0,0,0,0,0,0,0,0,0,0,0,0,0,0,0,0,0,0,0,0,0,0,0,0,0,0,0,0,0,0,0,453119,145816897,44499134,0,0,0,0,0,0,0,0,0,0,0,0,0,0,0,0,0,0,0,0,0,0,0,0,0,0,0,0,0,0,0,0,0,0,0,0,0,2144239616,310542336,130874,18954,0,198,131072,145654427,0,0,1342575545,2147483648,111825756,144252223,0,0,0,0,0,0,0,0,0,0,0,0,0,0,0,0,0,0,8541920,8542002,0,97,97,6265,329,17083924,35,0,0,0,0,0,0,0,1,0,0,0,0,0,0,0,0,0,0,9608083,0,13970267,123628,0,0,0,0,0,0,0,0,16384,0,0,0,0,0,0,0,0,0,0,0,4471,340,0,0,0,0,0,25971109,0,4074,12,3509,338,4471,0,0,0,0,0,0,0,0,0,0,0,0,0,0,0,0,0,0,0,0,0,0,0,0,0,0,0,0,0,0,0,0,0,0,0,0,0,0,0,0,0,0,0,0,0,0,0,0,0,0,0,0,0,109225294,0,0,0,127681101,0,0,0,0,0,0,0,78173294,145725065,184063918,56704753152,45587383,0,0,0,0,0,0,0,0,0,0,0,0,0,0,0,0,0,0,0,0,0,0,0,0,0,0,0,0,0,0,0,12382993,0,0,0,0,0,0,0
1789580351.831,0,0,0,0,0,0,0,265713530,2386149793280,795455998976,0,0,0,0,0,0,0,0,0,0,0,0,0,0,0,0,0,0,0,0,0,0,0,0,0,0,0,0,0,0,0,0,0,0,0,0,0,0,0,0,0,0,0,0,0,0,0,0,0,0,0,0,0,0,0,0,0,0,453132,145823316,44500445,0,0,0,0,0,0,0,0,0,0,0,0,0,0,0,0,0,0,0,0,0,0,0,0,0,0,0,0,0,0,0,0,0,0,0,0,0,2143879168,316162048,130852,19297,0,220,131072,145660842,0,0,1342619942,2147483648,111832115,144257436,0,0,0,0,0,0,0,0,0,0,0,0,0,0,0,0,0,0,8542205,8542287,0,97,97,6265,329,17084504,35,0,0,0,0,0,0,0,1,0,0,0,0,0,0,0,0,0,0,9608404,0,13970267,123628,0,0,0,0,0,0,0,0,16384,0,0,0,0,0,0,0,0,0,0,0,4472,340,0,0,0,0,0,25971982,0,4074,12,3509,338,4472,0,0,0,0,0,0,0,0,0,0,0,0,0,0,0,0,0,0,0,0,0,0,0,0,0,0,0,0,0,0,0,0,0,0,0,0,0,0,0,0,0,0,0,0,0,0,0,0,0,0,0,0,0,109226727,0,0,0,127685394,0,0,0,0,0,0,0,78175488,145731486,184067922,56705595904,45588290,0,0,0,0,0,0,0,0,0,0,0,0,0,0,0,0,0,0,0,0,0,0,0,0,0,0,0,0,0,0,0,12383020,0,0,0,0,0,0,0
1789580352.857,0,0,0,0,0,0,0,265721376,2386251210240,795478294016,0,0,0,0,0,0,0,0,0,0,0,0,0,0,0,0,0,0,0,0,0,0,0,0,0,0,0,0,0,0,0,0,0,0,0,0,0,0,0,0,0,0,0,0,0,0,0,0,0,0,0,0,0,0,0,0,0,0,453136,145829519,44501734,0,0,0,0,0,0,0,0,0,0,0,0,0,0,0,0,0,0,0,0,0,0,0,0,0,0,0,0,0,0,0,0,0,0,0,0,0,2144026624,318734336,130861,19454,0,211,131072,145667045,0,0,1342661340,2147483648,111838221,144261566,0,0,0,0,0,0,0,0,0,0,0,0,0,0,0,0,0,0,8542455,8542541,0,97,97,6265,329,17085009,35,0,0,0,0,0,0,0,1,0,0,0,0,0,0,0,0,0,0,9608680,0,13970267,123628,0,0,0,0,0,0,0,0,16384,0,0,0,0,0,0,0,0,0,0,0,4473,340,0,0,0,0,0,25972725,0,4074,12,3509,338,4473,0,0,0,0,0,0,0,0,0,0,0,0,0,0,0,0,0,0,0,0,0,0,0,0,0,0,0,0,0,0,0,0,0,0,0,0,0,0,0,0,0,0,0,0,0,0,0,0,0,0,0,0,0,109228054,0,0,0,127689002,0,0,0,0,0,0,0,78177660,145737683,184071836,56706354688,45589168,0,0,0,0,0,0,0,0,0,0,0,0,0,0,0,0,0,0,0,0,0,0,0,0,0,0,0,0,0,0,0,12383173,0,0,0,0,0,0,0
1789580353.883,0,0,0,0,0,0,0,265729663,2386356788736,795501422080,0,0,0,0,0,0,0,0,0,0,0,0,0,0,0,0,0,0,0,0,0,0,0,0,0,0,0,0,0,0,0,0,0,0,0,0,0,0,0,0,0,0,0,0,0,0,0,0,0,0,0,0,0,0,0,0,0,0,453147,145835968,44503069,0,0,0,0,0,0,0,0,0,0,0,0,0,0,0,0,0,0,0,0,0,0,0,0,0,0,0,0,0,0,0,0,0,0,0,0,0,2144157696,323289088,130869,19732,0,203,131072,145673490,0,0,1342704900,2147483648,111844606,144265984,0,0,0,0,0,0,0,0,0,0,0,0,0,0,0,0,0,0,8542745,8542825,0,97,97,6265,329,17085572,35,0,0,0,0,0,0,0,1,0,0,0,0,0,0,0,0,0,0,9608997,0,13970267,123628,0,0,0,0,0,0,0,0,16384,0,0,0,0,0,0,0,0,0,0,0,4474,340,0,0,0,0,0,25973582,0,4074,12,3509,338,4474,0,0,0,0,0,0,0,0,0,0,0,0,0,0,0,0,0,0,0,0,0,0,0,0,0,0,0,0,0,0,0,0,0,0,0,0,0,0,0,0,0,0,0,0,0,0,0,0,0,0,0,0,0,109229459,0,0,0,127692976,0,0,0,0,0,0,0,78179918,145744130,184075922,56707174400,45590087,0,0,0,0,0,0,0,0,0,0,0,0,0,0,0,0,0,0,0,0,0,0,0,0,0,0,0,0,0,0,0,12383454,0,0,0,0,0,0,0
1789580354.909,0,0,0,0,0,0,0,265737773,2386460892672,795522912256,0,0,0,0,0,0,0,0,0,0,0,0,0,0,0,0,0,0,0,0,0,0,0,0,0,0,0,0,0,0,0,0,0,0,0,0,0,0,0,0,0,0,0,0,0,0,0,0,0,0,0,0,0,0,0,0,0,0,453157,145842328,44504309,0,0,0,0,0,0,0,0,0,0,0,0,0,0,0,0,0,0,0,0,0,0,0,0,0,0,0,0,0,0,0,0,0,0,0,0,0,2144141312,326811648,130868,19947,0,204,131072,145679841,0,0,1342747143,2147483648,111850875,144270052,0,0,0,0,0,0,0,0,0,0,0,0,0,0,0,0,0,0,8543002,8543087,0,97,97,6265,329,17086084,35,0,0,0,0,0,0,0,1,0,0,0,0,0,0,0,0,0,0,9609296,0,13970267,123628,0,0,0,0,0,0,0,0,16384,0,0,0,0,0,0,0,0,0,0,0,4475,340,0,0,0,0,0,25974390,0,4074,12,3509,338,4475,0,0,0,0,0,0,0,0,0,0,0,0,0,0,0,0,0,0,0,0,0,0,0,0,0,0,0,0,0,0,0,0,0,0,0,0,0,0,0,0,0,0,0,0,0,0,0,0,0,0,0,0,0,109230812,0,0,0,127696616,0,0,0,0,0,0,0,78182047,145750494,184079765,56707957248,45590971,0,0,0,0,0,0,0,0,0,0,0,0,0,0,0,0,0,0,0,0,0,0,0,0,0,0,0,0,0,0,0,12383721,0,0,0,0,0,0,0
1789580355.935,0,0,0,0,0,0,0,265745450,2386558033408,795544114176,0,0,0,0,0,0,0,0,0,0,0,0,0,0,0,0,0,0,0,0,0,0,0,0,0,0,0,0,0,0,0,0,0,0,0,0,0,0,0,0,0,0,0,0,0,0,0,0,0,0,0,0,0,0,0,0,0,0,453172,145848271,44505547,0,0,0,0,0,0,0,0,0,0,0,0,0,0,0,0,0,0,0,0,0,0,0,0,0,0,0,0,0,0,0,0,0,0,0,0,0,2143862784,330842112,130852,20193,0,220,131072,145685781,0,0,1342787493,2147483648,111856775,144274213,0,0,0,0,0,0,0,0,0,0,0,0,0,0,0,0,0,0,8543260,8543344,0,97,97,6265,329,17086615,35,0,0,0,0,0,0,0,1,0,0,0,0,0,0,0,0,0,0,9609596,0,13970267,123628,0,0,0,0,0,0,0,0,16384,0,0,0,0,0,0,0,0,0,0,0,4476,340,0,0,0,0,0,25975203,0,4074,12,3509,338,4476,0,0,0,0,0,0,0,0,0,0,0,0,0,0,0,0,0,0,0,0,0,0,0,0,0,0,0,0,0,0,0,0,0,0,0,0,0,0,0,0,0,0,0,0,0,0,0,0,0,0,0,0,0,109232194,0,0,0,127700307,0,0,0,0,0,0,0,78184181,145756428,184083600,56708754432,45591878,0,0,0,0,0,0,0,0,0,0,0,0,0,0,0,0,0,0,0,0,0,0,0,0,0,0,0,0,0,0,0,12383988,0,0,0,0,0,0,0
1789580356.961,0,0,0,0,0,0,0,265753444,2386659728896,795569064960,0,0,0,0,0,0,0,0,0,0,0,0,0,0,0,0,0,0,0,0,0,0,0,0,0,0,0,0,0,0,0,0,0,0,0,0,0,0,0,0,0,0,0,0,0,0,0,0,0,0,0,0,0,0,0,0,0,0,453180,145854482,44506979,0,0,0,0,0,0,0,0,0,0,0,0,0,0,0,0,0,0,0,0,0,0,0,0,0,0,0,0,0,0,0,0,0,0,0,0,0,2144256000,331333632,130875,20223,0,197,131072,145691989,0,0,1342829239,2147483648,111862837,144278224,0,0,0,0,0,0,0,0,0,0,0,0,0,0,0,0,0,0,8543525,8543605,0,97,97,6265,329,17087129,35,0,0,0,0,0,0,0,1,0,0,0,0,0,0,0,0,0,0,9609883,0,13970267,123630,0,0,0,0,0,0,0,0,16384,0,0,0,0,0,0,0,0,0,0,0,4477,340,0,0,0,0,0,25975977,0,4074,12,3509,338,4477,0,0,0,0,0,0,0,0,0,0,0,0,0,0,0,0,0,0,0,0,0,0,0,0,0,0,0,0,0,0,0,0,0,0,0,0,0,0,0,0,0,0,0,0,0,0,0,0,0,0,0,0,0,109233554,0,0,0,127703935,0,0,0,0,0,0,0,78186310,145762645,184087679,56709523456,45592747,0,0,0,0,0,0,0,0,0,0,0,0,0,0,0,0,0,0,0,0,0,0,0,0,0,0,0,0,0,0,0,12384243,0,0,0,0,0,0,0
1789580357.987,0,0,0,0,0,0,0,265762491,2386775563776,795598794752,0,0,0,0,0,0,0,0,0,0,0,0,0,0,0,0,0,0,0,0,0,0,0,0,0,0,0,0,0,0,0,0,0,0,0,0,0,0,0,0,0,0,0,0,0,0,0,0,0,0,0,0,0,0,0,0,0,0,453194,145861572,44508751,0,0,0,0,0,0,0,0,0,0,0,0,0,0,0,0,0,0,0,0,0,0,0,0,0,0,0,0,0,0,0,0,0,0,0,0,0,2143748096,330432512,130844,20168,0,228,131072,145699076,0,0,1342876758,2147483648,111869893,144282824,0,0,0,0,0,0,0,0,0,0,0,0,0,0,0,0,0,0,8543816,8543899,0,97,97,6265,329,17087721,35,0,0,0,0,0,0,0,1,0,0,0,0,0,0,0,0,0,0,9610203,0,13970758,123634,0,0,0,0,0,0,0,0,16384,0,0,0,0,0,0,0,0,0,0,0,4478,340,0,0,0,0,0,25976842,0,4074,12,3509,338,4478,0,0,0,0,0,0,0,0,0,0,0,0,0,0,0,0,0,0,0,0,0,0,0,0,0,0,0,0,0,0,0,0,0,0,0,0,0,0,0,0,0,0,0,0,0,0,0,0,0,0,0,0,0,109235030,0,0,0,127708099,0,0,0,0,0,0,0,78188772,145769722,184092348,56710375936,45593701,0,0,0,0,0,0,0,0,0,0,0,0,0,0,0,0,0,0,0,0,0,0,0,0,0,0,0,0,0,0,0,12384526,0,0,0,0,0,0,0
1789580359.013,0,0,0,0,0,0,0,265771623,2386891611648,795625068032,0,0,0,0,0,0,0,0,0,0,0,0,0,0,0,0,0,0,0,0,0,0,0,0,0,0,0,0,0,0,0,0,0,0,0,0,0,0,0,0,0,0,0,0,0,0,0,0,0,0,0,0,0,0,0,0,0,0,453207,145868658,44510269,0,0,0,0,0,0,0,0,0,0,0,0,0,0,0,0,0,0,0,0,0,0,0,0,0,0,0,0,0,0,0,0,0,0,0,0,0,2144043008,334888960,130862,20440,0,210,131072,145706156,0,0,1342924163,2147483648,111876919,144287772,0,0,0,0,0,0,0,0,0,0,0,0,0,0,0,0,0,0,8544144,8544222,0,97,97,6265,329,17088346,35,0,0,0,0,0,0,0,1,0,0,0,0,0,0,0,0,0,0,9610580,0,13970873,123635,0,0,0,0,0,0,0,0,16384,0,0,0,0,0,0,0,0,0,0,0,4479,340,0,0,0,0,0,25977867,0,4074,12,3509,338,4479,0,0,0,0,0,0,0,0,0,0,0,0,0,0,0,0,0,0,0,0,0,0,0,0,0,0,0,0,0,0,0,0,0,0,0,0,0,0,0,0,0,0,0,0,0,0,0,0,0,0,0,0,0,109236578,0,0,0,127712512,0,0,0,0,0,0,0,78191192,145776808,184096834,56711280640,45594691,0,0,0,0,0,0,0,0,0,0,0,0,0,0,0,0,0,0,0,0,0,0,0,0,0,0,0,0,0,0,0,12384863,0,0,0,0,0,0,0
1789580360.038,0,0,0,0,0,0,0,265780891,2387009576448,795650269184,0,0,0,0,0,0,0,0,0,0,0,0,0,0,0,0,0,0,0,0,0,0,0,0,0,0,0,0,0,0,0,0,0,0,0,0,0,0,0,0,0,0,0,0,0,0,0,0,0,0,0,0,0,0,0,0,0,0,453222,145875868,44511753,0,0,0,0,0,0,0,0,0,0,0,0,0,0,0,0,0,0,0,0,0,0,0,0,0,0,0,0,0,0,0,0,0,0,0,0,0,2144190464,338821120,130871,20680,0,201,131072,145713361,0,0,1342972958,2147483648,111884073,144292487,0,0,0,0,0,0,0,0,0,0,0,0,0,0,0,0,0,0,8544437,8544519,0,97,97,6265,329,17088957,35,0,0,0,0,0,0,0,1,0,0,0,0,0,0,0,0,0,0,9610904,0,13970873,123635,0,0,0,0,0,0,0,0,16384,0,0,0,0,0,0,0,0,0,0,0,4480,340,0,0,0,0,0,25978730,0,4074,12,3509,338,4480,0,0,0,0,0,0,0,0,0,0,0,0,0,0,0,0,0,0,0,0,0,0,0,0,0,0,0,0,0,0,0,0,0,0,0,0,0,0,0,0,0,0,0,0,0,0,0,0,0,0,0,0,0,109238041,0,0,0,127716772,0,0,0,0,0,0,0,78193619,145784021,184101222,56712134144,45595652,0,0,0,0,0,0,0,0,0,0,0,0,0,0,0,0,0,0,0,0,0,0,0,0,0,0,0,0,0,0,0,12385150,0,0,0,0,0,0,0
1789580361.064,0,0,0,0,0,0,0,265790268,2387128802816,795676540416,0,0,0,0,0,0,0,0,0,0,0,0,0,0,0,0,0,0,0,0,0,0,0,0,0,0,0,0,0,0,0,0,0,0,0,0,0,0,0,0,0,0,0,0,0,0,0,0,0,0,0,0,0,0,0,0,0,0,453237,145883158,44513268,0,0,0,0,0,0,0,0,0,0,0,0,0,0,0,0,0,0,0,0,0,0,0,0,0,0,0,0,0,0,0,0,0,0,0,0,0,2144174080,342802432,130870,20923,0,202,131072,145720647,0,0,1343021808,2147483648,111891309,144297396,0,0,0,0,0,0,0,0,0,0,0,0,0,0,0,0,0,0,8544748,8544829,0,97,97,6265,329,17089585,35,0,0,0,0,0,0,0,1,0,0,0,0,0,0,0,0,0,0,9611259,0,13970873,123635,0,0,0,0,0,0,0,0,16384,0,0,0,0,0,0,0,0,0,0,0,4481,340,0,0,0,0,0,25979691,0,4074,12,3509,338,4481,0,0,0,0,0,0,0,0,0,0,0,0,0,0,0,0,0,0,0,0,0,0,0,0,0,0,0,0,0,0,0,0,0,0,0,0,0,0,0,0,0,0,0,0,0,0,0,0,0,0,0,0,0,109239545,0,0,0,127721143,0,0,0,0,0,0,0,78196096,145791302,184105777,56713017856,45596603,0,0,0,0,0,0,0,0,0,0,0,0,0,0,0,0,0,0,0,0,0,0,0,0,0,0,0,0,0,0,0,12385466,0,0,0,0,0,0,0
1789580362.089,0,0,0,0,0,0,0,265799483,2387246276096,795702127104,0,0,0,0,0,0,0,0,0,0,0,0,0,0,0,0,0,0,0,0,0,0,0,0,0,0,0,0,0,0,0,0,0,0,0,0,0,0,0,0,0,0,0,0,0,0,0,0,0,0,0,0,0,0,0,0,0,0,453251,145890337,44514760,0,0,0,0,0,0,0,0,0,0,0,0,0,0,0,0,0,0,0,0,0,0,0,0,0,0,0,0,0,0,0,0,0,0,0,0,0,2144272384,348635136,130876,21279,0,196,131072,145727823,0,0,1343070006,2147483648,111898436,144302367,0,0,0,0,0,0,0,0,0,0,0,0,0,0,0,0,0,0,8545082,8545155,0,97,97,6265,329,17090220,35,0,0,0,0,0,0,0,1,0,0,0,0,0,0,0,0,0,0,9611608,0,13971000,123636,0,0,0,0,0,0,0,0,16384,0,0,0,0,0,0,0,0,0,0,0,4482,340,0,0,0,0,0,25980624,0,4074,12,3509,338,4482,0,0,0,0,0,0,0,0,0,0,0,0,0,0,0,0,0,0,0,0,0,0,0,0,0,0,0,0,0,0,0,0,0,0,0,0,0,0,0,0,0,0,0,0,0,0,0,0,0,0,0,0,0,109241051,0,0,0,127725636,0,0,0,0,0,0,0,78198449,145798474,184110122,56713920512,45597579,0,0,0,0,0,0,0,0,0,0,0,0,0,0,0,0,0,0,0,0,0,0,0,0,0,0,0,0,0,0,0,12385774,0,0,0,0,0,0,0
1789580363.114,0,0,0,0,0,0,0,265809213,2387370778112,795729289728,0,0,0,0,0,0,0,0,0,0,0,0,0,0,0,0,0,0,0,0,0,0,0,0,0,0,0,0,0,0,0,0,0,0,0,0,0,0,0,0,0,0,0,0,0,0,0,0,0,0,0,0,0,0,0,0,0,0,453263,145897945,44516348,0,0,0,0,0,0,0,0,0,0,0,0,0,0,0,0,0,0,0,0,0,0,0,0,0,0,0,0,0,0,0,0,0,0,0,0,0,2144845824,351404032,130911,21448,0,161,131072,145735429,0,0,1343121617,2147483648,111905940,144307253,0,0,0,0,0,0,0,0,0,0,0,0,0,0,0,0,0,0,8545389,8545470,0,97,97,6265,329,17090860,35,0,0,0,0,0,0,0,1,0,0,0,0,0,0,0,0,0,0,9611951,0,13971000,123636,0,0,0,0,0,0,0,0,16384,0,0,0,0,0,0,0,0,0,0,0,4483,340,0,0,0,0,0,25981548,0,4074,12,3509,338,4483,0,0,0,0,0,0,0,0,0,0,0,0,0,0,0,0,0,0,0,0,0,0,0,0,0,0,0,0,0,0,0,0,0,0,0,0,0,0,0,0,0,0,0,0,0,0,0,0,0,0,0,0,0,109242556,0,0,0,127730071,0,0,0,0,0,0,0,78200996,145806083,184114790,56714799104,45598544,0,0,0,0,0,0,0,0,0,0,0,0,0,0,0,0,0,0,0,0,0,0,0,0,0,0,0,0,0,0,0,12386078,0,0,0,0,0,0,0
1789580364.140,0,0,0,0,0,0,0,265819619,2387503472128,795758520832,0,0,0,0,0,0,0,0,0,0,0,0,0,0,0,0,0,0,0,0,0,0,0,0,0,0,0,0,0,0,0,0,0,0,0,0,0,0,0,0,0,0,0,0,0,0,0,0,0,0,0,0,0,0,0,0,0,0,453282,145906047,44518039,0,0,0,0,0,0,0,0,0,0,0,0,0,0,0,0,0,0,0,0,0,0,0,0,0,0,0,0,0,0,0,0,0,0,0,0,0,2144632832,355647488,130898,21707,0,174,131072,145743521,0,0,1343176278,2147483648,111913978,144312696,0,0,0,0,0,0,0,0,0,0,0,0,0,0,0,0,0,0,8545743,8545818,0,97,97,6265,329,17091556,35,0,0,0,0,0,0,0,1,0,0,0,0,0,0,0,0,0,0,9612330,0,13971047,123638,0,0,0,0,0,0,0,0,16384,0,0,0,0,0,0,0,0,0,0,0,4484,340,0,0,0,0,0,25982563,0,4074,12,3509,338,4484,0,0,0,0,0,0,0,0,0,0,0,0,0,0,0,0,0,0,0,0,0,0,0,0,0,0,0,0,0,0,0,0,0,0,0,0,0,0,0,0,0,0,0,0,0,0,0,0,0,0,0,0,0,109244158,0,0,0,127734953,0,0,0,0,0,0,0,78203719,145814186,184119746,56715766272,45599597,0,0,0,0,0,0,0,0,0,0,0,0,0,0,0,0,0,0,0,0,0,0,0,0,0,0,0,0,0,0,0,12386413,0,0,0,0,0,0,0
1789580365.167,0,0,0,0,0,0,0,265830551,2387642523136,795789349888,0,0,0,0,0,0,0,0,0,0,0,0,0,0,0,0,0,0,0,0,0,0,0,0,0,0,0,0,0,0,0,0,0,0,0,0,0,0,0,0,0,0,0,0,0,0,0,0,0,0,0,0,0,0,0,0,0,0,453307,145914547,44519832,0,0,0,0,0,0,0,0,0,0,0,0,0,0,0,0,0,0,0,0,0,0,0,0,0,0,0,0,0,0,0,0,0,0,0,0,0,2144780288,359841792,130907,21963,0,165,131072,145752018,0,0,1343233889,2147483648,111921752,144318423,0,0,0,0,0,0,0,0,0,0,0,0,0,0,0,0,0,0,8546099,8546183,0,97,97,6265,329,17092276,35,0,0,0,0,0,0,0,1,0,0,0,0,0,0,0,0,0,0,9612731,0,13971066,123640,0,0,0,0,0,0,0,0,16384,0,0,0,0,0,0,0,0,0,0,0,4485,340,0,0,0,0,0,25983648,0,4074,12,3509,338,4485,0,0,0,0,0,0,0,0,0,0,0,0,0,0,0,0,0,0,0,0,0,0,0,0,0,0,0,0,0,0,0,0,0,0,0,0,0,0,0,0,0,0,0,0,0,0,0,0,0,0,0,0,0,109245810,0,0,0,127740026,0,0,0,0,0,0,0,78206585,145822671,184124964,56716766208,45600681,0,0,0,0,0,0,0,0,0,0,0,0,0,0,0,0,0,0,0,0,0,0,0,0,0,0,0,0,0,0,0,12386769,0,0,0,0,0,0,0
1789580366.193,0,0,0,0,0,0,0,265842023,2387789159936,795820518912,0,0,0,0,0,0,0,0,0,0,0,0,0,0,0,0,0,0,0,0,0,0,0,0,0,0,0,0,0,0,0,0,0,0,0,0,0,0,0,0,0,0,0,0,0,0,0,0,0,0,0,0,0,0,0,0,0,0,453328,145923504,44521638,0,0,0,0,0,0,0,0,0,0,0,0,0,0,0,0,0,0,0,0,0,0,0,0,0,0,0,0,0,0,0,0,0,0,0,0,0,2145189888,364625920,130932,22255,0,140,131072,145760963,0,0,1343294211,2147483648,111930589,144324297,0,0,0,0,0,0,0,0,0,0,0,0,0,0,0,0,0,0,8546487,8546574,0,97,97,6265,329,17093025,35,0,0,0,0,0,0,0,1,0,0,0,0,0,0,0,0,0,0,9613146,0,13971066,123640,0,0,0,0,0,0,0,0,16384,0,0,0,0,0,0,0,0,0,0,0,4486,340,0,0,0,0,0,25984757,0,4074,12,3509,338,4486,0,0,0,0,0,0,0,0,0,0,0,0,0,0,0,0,0,0,0,0,0,0,0,0,0,0,0,0,0,0,0,0,0,0,0,0,0,0,0,0,0,0,0,0,0,0,0,0,0,0,0,0,0,109247489,0,0,0,127745307,0,0,0,0,0,0,0,78209478,145831630,184130270,56717795840,45601760,0,0,0,0,0,0,0,0,0,0,0,0,0,0,0,0,0,0,0,0,0,0,0,0,0,0,0,0,0,0,0,12387136,0,0,0,0,0,0,0
1789580367.220,0,0,0,0,0,0,0,265854251,2387945102848,795853812736,0,0,0,0,0,0,0,0,0,0,0,0,0,0,0,0,0,0,0,0,0,0,0,0,0,0,0,0,0,0,0,0,0,0,0,0,0,0,0,0,0,0,0,0,0,0,0,0,0,0,0,0,0,0,0,0,0,0,453355,145933035,44523588,0,0,0,0,0,0,0,0,0,0,0,0,0,0,0,0,0,0,0,0,0,0,0,0,0,0,0,0,0,0,0,0,0,0,0,0,0,2145107968,369328128,130927,22542,0,145,131072,145770490,0,0,1343358563,2147483648,111939984,144330652,0,0,0,0,0,0,0,0,0,0,0,0,0,0,0,0,0,0,8546885,8546967,0,97,97,6265,329,17093829,35,0,0,0,0,0,0,0,1,0,0,0,0,0,0,0,0,0,0,9613608,0,13971066,123640,0,0,0,0,0,0,0,0,16384,0,0,0,0,0,0,0,0,0,0,0,4487,340,0,0,0,0,0,25986003,0,4074,12,3509,338,4487,0,0,0,0,0,0,0,0,0,0,0,0,0,0,0,0,0,0,0,0,0,0,0,0,0,0,0,0,0,0,0,0,0,0,0,0,0,0,0,0,0,0,0,0,0,0,0,0,0,0,0,0,0,109249217,0,0,0,127750943,0,0,0,0,0,0,0,78212525,145841149,184135871,56718855168,45602870,0,0,0,0,0,0,0,0,0,0,0,0,0,0,0,0,0,0,0,0,0,0,0,0,0,0,0,0,0,0,0,12387549,0,0,0,0,0,0,0
1789580368.246,0,0,0,0,0,0,0,265867113,2388108942848,795888187392,0,0,0,0,0,0,0,0,0,0,0,0,0,0,0,0,0,0,0,0,0,0,0,0,0,0,0,0,0,0,0,0,0,0,0,0,0,0,0,0,0,0,0,0,0,0,0,0,0,0,0,0,0,0,0,0,0,0,453384,145943048,44525591,0,0,0,0,0,0,0,0,0,0,0,0,0,0,0,0,0,0,0,0,0,0,0,0,0,0,0,0,0,0,0,0,0,0,0,0,0,2145468416,374128640,130949,22835,0,123,131072,145780496,0,0,1343426733,2147483648,111949869,144337135,0,0,0,0,0,0,0,0,0,0,0,0,0,0,0,0,0,0,8547308,8547392,0,97,97,6265,329,17094655,35,0,0,0,0,0,0,0,1,0,0,0,0,0,0,0,0,0,0,9614061,0,13971066,123640,0,0,0,0,0,0,0,0,16384,0,0,0,0,0,0,0,0,0,0,0,4488,340,0,0,0,0,0,25987210,0,4074,12,3509,338,4488,0,0,0,0,0,0,0,0,0,0,0,0,0,0,0,0,0,0,0,0,0,0,0,0,0,0,0,0,0,0,0,0,0,0,0,0,0,0,0,0,0,0,0,0,0,0,0,0,0,0,0,0,0,109251007,0,0,0,127756759,0,0,0,0,0,0,0,78215674,145851164,184141660,56719957504,45604019,0,0,0,0,0,0,0,0,0,0,0,0,0,0,0,0,0,0,0,0,0,0,0,0,0,0,0,0,0,0,0,12387949,0,0,0,0,0,0,0
1789580369.272,0,0,0,0,0,0,0,265883958,2388323704320,795933971456,0,0,0,0,0,0,0,0,0,0,0,0,0,0,0,0,0,0,0,0,0,0,0,0,0,0,0,0,0,0,0,0,0,0,0,0,0,0,0,0,0,0,0,0,0,0,0,0,0,0,0,0,0,0,0,0,0,0,453430,145956170,44528275,0,0,0,0,0,0,0,0,0,0,0,0,0,0,0,0,0,0,0,0,0,0,0,0,0,0,0,0,0,0,0,0,0,0,0,0,0,2146189312,381190144,130993,23266,0,79,131072,145793609,0,0,1343515833,2147483648,111962764,144345759,0,0,0,0,0,0,0,0,0,0,0,0,0,0,0,0,0,0,8547858,8547945,0,97,97,6265,329,17095752,35,0,0,0,0,0,0,0,1,0,0,0,0,0,0,0,0,0,0,9614658,0,13971066,123640,0,0,0,0,0,0,0,0,16384,0,0,0,0,0,0,0,0,0,0,0,4489,340,0,0,0,0,0,25988823,0,4074,12,3509,338,4489,0,0,0,0,0,0,0,0,0,0,0,0,0,0,0,0,0,0,0,0,0,0,0,0,0,0,0,0,0,0,0,0,0,0,0,0,0,0,0,0,0,0,0,0,0,0,0,0,0,0,0,0,0,109253074,0,0,0,127764462,0,0,0,0,0,0,0,78219635,145864285,184149072,56721300480,45605307,0,0,0,0,0,0,0,0,0,0,0,0,0,0,0,0,0,0,0,0,0,0,0,0,0,0,0,0,0,0,0,12388477,0,0,0,0,0,0,0
1789580370.298,0,0,0,0,0,0,0,265902571,2388558323200,795983732736,0,0,0,0,0,0,0,0,0,0,0,0,0,0,0,0,0,0,0,0,0,0,0,0,0,0,0,0,0,0,0,0,0,0,0,0,0,0,0,0,0,0,0,0,0,0,0,0,0,0,0,0,0,0,0,0,0,0,453518,145970512,44531147,0,0,0,0,0,0,0,0,0,0,0,0,0,0,0,0,0,0,0,0,0,0,0,0,0,0,0,0,0,0,0,0,0,0,0,0,0,2145288192,395051008,130938,24112,0,134,131072,145807939,0,0,1343612135,2147483648,111976969,144356498,0,0,0,0,0,0,0,0,0,0,0,0,0,0,0,0,0,0,8548503,8548587,0,97,97,6265,329,17097040,35,0,0,0,0,0,0,0,1,0,0,0,0,0,0,0,0,0,0,9615411,0,13971066,123640,0,0,0,0,0,0,0,0,16384,0,0,0,0,0,0,0,0,0,0,0,4490,340,0,0,0,0,0,25990863,0,4074,12,3509,338,4490,0,0,0,0,0,0,0,0,0,0,0,0,0,0,0,0,0,0,0,0,0,0,0,0,0,0,0,0,0,0,0,0,0,0,0,0,0,0,0,0,0,0,0,0,0,0,0,0,0,0,0,0,0,109255345,0,0,0,127773639,0,0,0,0,0,0,0,78223899,145878617,184157127,56722861568,45606678,1,0,0,0,0,0,0,0,0,0,0,0,0,0,0,0,0,0,0,0,0,0,0,0,0,0,0,0,0,0,0,12389150,0,0,0,0,0,0,0
1789580371.323,0,0,0,0,0,0,0,265914748,2388713594368,796016200704,0,0,0,0,0,0,0,0,0,0,0,0,0,0,0,0,0,0,0,0,0,0,0,0,0,0,0,0,0,0,0,0,0,0,0,0,0,0,0,0,0,0,0,0,0,0,0,0,0,0,0,0,0,0,0,0,0,0,453548,145980006,44533040,0,0,0,0,0,0,0,0,0,0,0,0,0,0,0,0,0,0,0,0,0,0,0,0,0,0,0,0,0,0,0,0,0,0,0,0,0,2145615872,400375808,130958,24437,0,114,131072,145817430,0,0,1343675923,2147483648,111986316,144362767,0,0,0,0,0,0,0,0,0,0,0,0,0,0,0,0,0,0,8548890,8548975,0,97,97,6265,329,17097834,35,0,0,0,0,0,0,0,1,0,0,0,0,0,0,0,0,0,0,9615850,0,13971066,123640,0,0,0,0,0,0,0,0,16384,0,0,0,0,0,0,0,0,0,0,0,4491,340,0,0,0,0,0,25992057,0,4074,12,3509,338,4491,0,0,0,0,0,0,0,0,0,0,0,0,0,0,0,0,0,0,0,0,0,0,0,0,0,0,0,0,0,0,0,0,0,0,0,0,0,0,0,0,0,0,0,0,0,0,0,0,0,0,0,0,0,109257098,0,0,0,127779210,0,0,0,0,0,0,0,78226910,145888102,184162653,56723929600,45607802,0,0,0,0,0,0,0,0,0,0,0,0,0,0,0,0,0,0,0,0,0,0,0,0,0,0,0,0,0,0,0,12389540,0,0,0,0,0,0,0
1789580372.349,0,0,0,0,0,0,0,265925671,2388852579840,796045616128,0,0,0,0,0,0,0,0,0,0,0,0,0,0,0,0,0,0,0,0,0,0,0,0,0,0,0,0,0,0,0,0,0,0,0,0,0,0,0,0,0,0,0,0,0,0,0,0,0,0,0,0,0,0,0,0,0,0,453583,145988498,44534751,0,0,0,0,0,0,0,0,0,0,0,0,0,0,0,0,0,0,0,0,0,0,0,0,0,0,0,0,0,0,0,0,0,0,0,0,0,2145255424,406749184,130936,24826,0,136,131072,145825921,0,0,1343733232,2147483648,111994747,144368721,0,0,0,0,0,0,0,0,0,0,0,0,0,0,0,0,0,0,8549253,8549340,0,97,97,6265,329,17098589,35,0,0,0,0,0,0,0,1,0,0,0,0,0,0,0,0,0,0,9616261,0,13971066,123640,0,0,0,0,0,0,0,0,16384,0,0,0,0,0,0,0,0,0,0,0,4492,340,0,0,0,0,0,25993168,0,4074,12,3509,338,4492,0,0,0,0,0,0,0,0,0,0,0,0,0,0,0,0,0,0,0,0,0,0,0,0,0,0,0,0,0,0,0,0,0,0,0,0,0,0,0,0,0,0,0,0,0,0,0,0,0,0,0,0,0,109258829,0,0,0,127784472,0,0,0,0,0,0,0,78229726,145896596,184167793,56724970496,45608914,0,0,0,0,0,0,0,0,0,0,0,0,0,0,0,0,0,0,0,0,0,0,0,0,0,0,0,0,0,0,0,12389905,0,0,0,0,0,0,0
1789580373.374,0,0,0,0,0,0,0,265935499,2388977884672,796072305664,0,0,0,0,0,0,0,0,0,0,0,0,0,0,0,0,0,0,0,0,0,0,0,0,0,0,0,0,0,0,0,0,0,0,0,0,0,0,0,0,0,0,0,0,0,0,0,0,0,0,0,0,0,0,0,0,0,0,453609,145996158,44536287,0,0,0,0,0,0,0,0,0,0,0,0,0,0,0,0,0,0,0,0,0,0,0,0,0,0,0,0,0,0,0,0,0,0,0,0,0,2145009664,411648000,130921,25125,0,151,131072,145833576,0,0,1343784338,2147483648,112002351,144373952,0,0,0,0,0,0,0,0,0,0,0,0,0,0,0,0,0,0,8549592,8549672,0,97,97,6265,329,17099232,35,0,0,0,0,0,0,0,1,0,0,0,0,0,0,0,0,0,0,9616636,0,13971066,123640,0,0,0,0,0,0,0,0,16384,0,0,0,0,0,0,0,0,0,0,0,4493,340,0,0,0,0,0,25994186,0,4074,12,3509,338,4493,0,0,0,0,0,0,0,0,0,0,0,0,0,0,0,0,0,0,0,0,0,0,0,0,0,0,0,0,0,0,0,0,0,0,0,0,0,0,0,0,0,0,0,0,0,0,0,0,0,0,0,0,0,109260404,0,0,0,127789089,0,0,0,0,0,0,0,78232301,145904253,184172462,56725915136,45609942,0,0,0,0,0,0,0,0,0,0,0,0,0,0,0,0,0,0,0,0,0,0,0,0,0,0,0,0,0,0,0,12390239,0,0,0,0,0,0,0
1789580374.399,0,0,0,0,0,0,0,265946593,2389119426048,796104587776,0,0,0,0,0,0,0,0,0,0,0,0,0,0,0,0,0,0,0,0,0,0,0,0,0,0,0,0,0,0,0,0,0,0,0,0,0,0,0,0,0,0,0,0,0,0,0,0,0,0,0,0,0,0,0,0,0,0,453638,146004805,44538178,0,0,0,0,0,0,0,0,0,0,0,0,0,0,0,0,0,0,0,0,0,0,0,0,0,0,0,0,0,0,0,0,0,0,0,0,0,2145124352,414924800,130928,25325,0,144,131072,145842217,0,0,1343842175,2147483648,112010760,144379904,0,0,0,0,0,0,0,0,0,0,0,0,0,0,0,0,0,0,8549966,8550047,0,97,97,6265,329,17099995,35,0,0,0,0,0,0,0,1,0,0,0,0,0,0,0,0,0,0,9617055,0,13971194,123641,0,0,0,0,0,0,0,0,16384,0,0,0,0,0,0,0,0,0,0,0,4494,340,0,0,0,0,0,25995316,0,4074,12,3509,338,4494,0,0,0,0,0,0,0,0,0,0,0,0,0,0,0,0,0,0,0,0,0,0,0,0,0,0,0,0,0,0,0,0,0,0,0,0,0,0,0,0,0,0,0,0,0,0,0,0,0,0,0,0,0,109262124,0,0,0,127794398,0,0,0,0,0,0,0,78235154,145912902,184177813,56726952448,45611044,0,0,0,0,0,0,0,0,0,0,0,0,0,0,0,0,0,0,0,0,0,0,0,0,0,0,0,0,0,0,0,12390610,0,0,0,0,0,0,0
1789580375.425,0,0,0,0,0,0,0,265958098,2389265522176,796138487808,0,0,0,0,0,0,0,0,0,0,0,0,0,0,0,0,0,0,0,0,0,0,0,0,0,0,0,0,0,0,0,0,0,0,0,0,0,0,0,0,0,0,0,0,0,0,0,0,0,0,0,0,0,0,0,0,0,0,453663,146013743,44540142,0,0,0,0,0,0,0,0,0,0,0,0,0,0,0,0,0,0,0,0,0,0,0,0,0,0,0,0,0,0,0,0,0,0,0,0,0,2145140736,418136064,130929,25521,0,143,131072,145851148,0,0,1343902387,2147483648,112019594,144386036,0,0,0,0,0,0,0,0,0,0,0,0,0,0,0,0,0,0,8550348,8550431,0,97,97,6265,329,17100777,35,0,0,0,0,0,0,0,1,0,0,0,0,0,0,0,0,0,0,9617483,0,13971194,123641,0,0,0,0,0,0,0,0,16384,0,0,0,0,0,0,0,0,0,0,0,4495,340,0,0,0,0,0,25996473,0,4074,12,3509,338,4495,0,0,0,0,0,0,0,0,0,0,0,0,0,0,0,0,0,0,0,0,0,0,0,0,0,0,0,0,0,0,0,0,0,0,0,0,0,0,0,0,0,0,0,0,0,0,0,0,0,0,0,0,0,109263783,0,0,0,127799895,0,0,0,0,0,0,0,78238211,145921833,184183429,56727975936,45612122,0,0,0,0,0,0,0,0,0,0,0,0,0,0,0,0,0,0,0,0,0,0,0,0,0,0,0,0,0,0,0,12390990,0,0,0,0,0,0,0
1789580376.450,0,0,0,0,0,0,0,265969854,2389414501888,796170446848,0,0,0,0,0,0,0,0,0,0,0,0,0,0,0,0,0,0,0,0,0,0,0,0,0,0,0,0,0,0,0,0,0,0,0,0,0,0,0,0,0,0,0,0,0,0,0,0,0,0,0,0,0,0,0,0,0,0,453682,146022858,44541992,0,0,0,0,0,0,0,0,0,0,0,0,0,0,0,0,0,0,0,0,0,0,0,0,0,0,0,0,0,0,0,0,0,0,0,0,0,2145058816,423428096,130924,25844,0,148,131072,145860257,0,0,1343963614,2147483648,112028576,144392274,0,0,0,0,0,0,0,0,0,0,0,0,0,0,0,0,0,0,8550743,8550825,0,97,97,6265,329,17101558,35,0,0,0,0,0,0,0,1,0,0,0,0,0,0,0,0,0,0,9617951,0,13971194,123641,0,0,0,0,0,0,0,0,16384,0,0,0,0,0,0,0,0,0,0,0,4496,340,0,0,0,0,0,25997752,0,4074,12,3509,338,4496,0,0,0,0,0,0,0,0,0,0,0,0,0,0,0,0,0,0,0,0,0,0,0,0,0,0,0,0,0,0,0,0,0,0,0,0,0,0,0,0,0,0,0,0,0,0,0,0,0,0,0,0,0,109265539,0,0,0,127805467,0,0,0,0,0,0,0,78241179,145930939,184188895,56729039360,45613233,0,0,0,0,0,0,0,0,0,0,0,0,0,0,0,0,0,0,0,0,0,0,0,0,0,0,0,0,0,0,0,12391409,0,0,0,0,0,0,0
1789580377.477,0,0,0,0,0,0,0,265980373,2389549112832,796198773248,0,0,0,0,0,0,0,0,0,0,0,0,0,0,0,0,0,0,0,0,0,0,0,0,0,0,0,0,0,0,0,0,0,0,0,0,0,0,0,0,0,0,0,0,0,0,0,0,0,0,0,0,0,0,0,0,0,0,453691,146031070,44543652,0,0,0,0,0,0,0,0,0,0,0,0,0,0,0,0,0,0,0,0,0,0,0,0,0,0,0,0,0,0,0,0,0,0,0,0,0,2144747520,425607168,130904,25977,0,168,131072,145868467,0,0,1344018381,2147483648,112036715,144397429,0,0,0,0,0,0,0,0,0,0,0,0,0,0,0,0,0,0,8551082,8551166,0,97,97,6265,329,17102218,35,0,0,0,0,0,0,0,1,0,0,0,0,0,0,0,0,0,0,9618332,0,13971194,123641,0,0,0,0,0,0,0,0,16384,0,0,0,0,0,0,0,0,0,0,0,4497,340,0,0,0,0,0,25998780,0,4074,12,3509,338,4497,0,0,0,0,0,0,0,0,0,0,0,0,0,0,0,0,0,0,0,0,0,0,0,0,0,0,0,0,0,0,0,0,0,0,0,0,0,0,0,0,0,0,0,0,0,0,0,0,0,0,0,0,0,109267101,0,0,0,127810153,0,0,0,0,0,0,0,78243850,145939160,184193752,56729968128,45614257,0,0,0,0,0,0,0,0,0,0,0,0,0,0,0,0,0,0,0,0,0,0,0,0,0,0,0,0,0,0,0,12391748,0,0,0,0,0,0,0
1789580378.503,0,0,0,0,0,0,0,265992027,2389697306112,796231060992,0,0,0,0,0,0,0,0,0,0,0,0,0,0,0,0,0,0,0,0,0,0,0,0,0,0,0,0,0,0,0,0,0,0,0,0,0,0,0,0,0,0,0,0,0,0,0,0,0,0,0,0,0,0,0,0,0,0,453718,146040139,44545547,0,0,0,0,0,0,0,0,0,0,0,0,0,0,0,0,0,0,0,0,0,0,0,0,0,0,0,0,0,0,0,0,0,0,0,0,0,2144862208,429146112,130912,26193,0,160,131072,145877524,0,0,1344079852,2147483648,112045672,144403360,0,0,0,0,0,0,0,0,0,0,0,0,0,0,0,0,0,0,8551456,8551546,0,97,97,6265,329,17102974,35,0,0,0,0,0,0,0,1,0,0,0,0,0,0,0,0,0,0,9618745,0,13971194,123641,0,0,0,0,0,0,0,0,16384,0,0,0,0,0,0,0,0,0,0,0,4498,340,0,0,0,0,0,25999893,0,4074,12,3509,338,4498,0,0,0,0,0,0,0,0,0,0,0,0,0,0,0,0,0,0,0,0,0,0,0,0,0,0,0,0,0,0,0,0,0,0,0,0,0,0,0,0,0,0,0,0,0,0,0,0,0,0,0,0,0,109268798,0,0,0,127815478,0,0,0,0,0,0,0,78246811,145948214,184199210,56730994688,45615337,0,0,0,0,0,0,0,0,0,0,0,0,0,0,0,0,0,0,0,0,0,0,0,0,0,0,0,0,0,0,0,12392114,0,0,0,0,0,0,0
1789580379.530,0,0,0,0,0,0,0,266005321,2389866307072,796268118528,0,0,0,0,0,0,0,0,0,0,0,0,0,0,0,0,0,0,0,0,0,0,0,0,0,0,0,0,0,0,0,0,0,0,0,0,0,0,0,0,0,0,0,0,0,0,0,0,0,0,0,0,0,0,0,0,0,0,453756,146050474,44547696,0,0,0,0,0,0,0,0,0,0,0,0,0,0,0,0,0,0,0,0,0,0,0,0,0,0,0,0,0,0,0,0,0,0,0,0,0,2144894976,434372608,130914,26512,0,158,131072,145887855,0,0,1344149105,2147483648,112055861,144410383,0,0,0,0,0,0,0,0,0,0,0,0,0,0,0,0,0,0,8551900,8551986,0,97,97,6265,329,17103852,35,0,0,0,0,0,0,0,1,0,0,0,0,0,0,0,0,0,0,9619240,0,13971243,123643,0,0,0,0,0,0,0,0,16384,0,0,0,0,0,0,0,0,0,0,0,4499,340,0,0,0,0,0,26001232,0,4074,12,3509,338,4499,0,0,0,0,0,0,0,0,0,0,0,0,0,0,0,0,0,0,0,0,0,0,0,0,0,0,0,0,0,0,0,0,0,0,0,0,0,0,0,0,0,0,0,0,0,0,0,0,0,0,0,0,0,109270674,0,0,0,127821681,0,0,0,0,0,0,0,78250107,145958541,184205351,56732165632,45616522,0,0,0,0,0,0,0,0,0,0,0,0,0,0,0,0,0,0,0,0,0,0,0,0,0,0,0,0,0,0,0,12392554,0,0,0,0,0,0,0
1789580380.556,0,0,0,0,0,0,0,266018727,2390036585984,796305714688,0,0,0,0,0,0,0,0,0,0,0,0,0,0,0,0,0,0,0,0,0,0,0,0,0,0,0,0,0,0,0,0,0,0,0,0,0,0,0,0,0,0,0,0,0,0,0,0,0,0,0,0,0,0,0,0,0,0,453782,146060882,44549880,0,0,0,0,0,0,0,0,0,0,0,0,0,0,0,0,0,0,0,0,0,0,0,0,0,0,0,0,0,0,0,0,0,0,0,0,0,2145419264,439123968,130946,26802,0,125,131072,145898257,0,0,1344219402,2147483648,112066140,144417400,0,0,0,0,0,0,0,0,0,0,0,0,0,0,0,0,0,0,8552345,8552432,0,97,97,6265,329,17104746,35,0,0,0,0,0,0,0,1,0,0,0,0,0,0,0,0,0,0,9619745,0,13971257,123644,0,0,0,0,0,0,0,0,16384,0,0,0,0,0,0,0,0,0,0,0,4500,340,0,0,0,0,0,26002600,0,4074,12,3509,338,4500,0,0,0,0,0,0,0,0,0,0,0,0,0,0,0,0,0,0,0,0,0,0,0,0,0,0,0,0,0,0,0,0,0,0,0,0,0,0,0,0,0,0,0,0,0,0,0,0,0,0,0,0,0,109272521,0,0,0,127827982,0,0,0,0,0,0,0,78253456,145968955,184211571,56733316608,45617685,0,0,0,0,0,0,0,0,0,0,0,0,0,0,0,0,0,0,0,0,0,0,0,0,0,0,0,0,0,0,0,12393004,0,0,0,0,0,0,0
1789580381.582,0,0,0,0,0,0,0,266032531,2390212320768,796344435712,0,0,0,0,0,0,0,0,0,0,0,0,0,0,0,0,0,0,0,0,0,0,0,0,0,0,0,0,0,0,0,0,0,0,0,0,0,0,0,0,0,0,0,0,0,0,0,0,0,0,0,0,0,0,0,0,0,0,453818,146071627,44552141,0,0,0,0,0,0,0,0,0,0,0,0,0,0,0,0,0,0,0,0,0,0,0,0,0,0,0,0,0,0,0,0,0,0,0,0,0,2145157120,444760064,130930,27146,0,142,131072,145908992,0,0,1344291436,2147483648,112076821,144424765,0,0,0,0,0,0,0,0,0,0,0,0,0,0,0,0,0,0,8552810,8552893,0,97,97,6265,329,17105682,35,0,0,0,0,0,0,0,1,0,0,0,0,0,0,0,0,0,0,9620250,0,13971257,123644,0,0,0,0,0,0,0,0,16384,0,0,0,0,0,0,0,0,0,0,0,4502,340,0,0,0,0,0,26003964,0,4074,12,3509,338,4502,0,0,0,0,0,0,0,0,0,0,0,0,0,0,0,0,0,0,0,0,0,0,0,0,0,0,0,0,0,0,0,0,0,0,0,0,0,0,0,0,0,0,0,0,0,0,0,0,0,0,0,0,0,109274421,0,0,0,127834536,0,0,0,0,0,0,0,78256897,145979683,184217976,56734512640,45618873,0,0,0,0,0,0,0,0,0,0,0,0,0,0,0,0,0,0,0,0,0,0,0,0,0,0,0,0,0,0,0,12393451,0,0,0,0,0,0,0
1789580382.607,0,0,0,0,0,0,0,266047313,2390399458816,796384763904,0,0,0,0,0,0,0,0,0,0,0,0,0,0,0,0,0,0,0,0,0,0,0,0,0,0,0,0,0,0,0,0,0,0,0,0,0,0,0,0,0,0,0,0,0,0,0,0,0,0,0,0,0,0,0,0,0,0,453851,146083066,44554498,0,0,0,0,0,0,0,0,0,0,0,0,0,0,0,0,0,0,0,0,0,0,0,0,0,0,0,0,0,0,0,0,0,0,0,0,0,2145484800,450789376,130950,27514,0,122,131072,145920427,0,0,1344368867,2147483648,112088148,144432587,0,0,0,0,0,0,0,0,0,0,0,0,0,0,0,0,0,0,8553311,8553397,0,97,97,6265,329,17106663,35,0,0,0,0,0,0,0,1,0,0,0,0,0,0,0,0,0,0,9620801,0,13971366,123646,0,0,0,0,0,0,0,0,16384,0,0,0,0,0,0,0,0,0,0,0,4503,340,0,0,0,0,0,26005456,0,4074,12,3509,338,4503,0,0,0,0,0,0,0,0,0,0,0,0,0,0,0,0,0,0,0,0,0,0,0,0,0,0,0,0,0,0,0,0,0,0,0,0,0,0,0,0,0,0,0,0,0,0,0,0,0,0,0,0,0,109276385,0,0,0,127841539,0,0,0,0,0,0,0,78260377,145991118,184224530,56735760384,45620082,0,0,0,0,0,0,0,0,0,0,0,0,0,0,0,0,0,0,0,0,0,0,0,0,0,0,0,0,0,0,0,12393940,0,0,0,0,0,0,0
1789580383.634,0,0,0,0,0,0,0,266061817,2390585269760,796424890368,0,0,0,0,0,0,0,0,0,0,0,0,0,0,0,0,0,0,0,0,0,0,0,0,0,0,0,0,0,0,0,0,0,0,0,0,0,0,0,0,0,0,0,0,0,0,0,0,0,0,0,0,0,0,0,0,0,0,453888,146094423,44556836,0,0,0,0,0,0,0,0,0,0,0,0,0,0,0,0,0,0,0,0,0,0,0,0,0,0,0,0,0,0,0,0,0,0,0,0,0,2145730560,455360512,130965,27793,0,107,131072,145931776,0,0,1344444875,2147483648,112099415,144440088,0,0,0,0,0,0,0,0,0,0,0,0,0,0,0,0,0,0,8553785,8553871,0,97,97,6265,329,17107608,35,0,0,0,0,0,0,0,1,0,0,0,0,0,0,0,0,0,0,9621337,0,13971371,123647,0,0,0,0,0,0,0,0,16384,0,0,0,0,0,0,0,0,0,0,0,4504,340,0,0,0,0,0,26006906,0,4074,12,3509,338,4504,0,0,0,0,0,0,0,0,0,0,0,0,0,0,0,0,0,0,0,0,0,0,0,0,0,0,0,0,0,0,0,0,0,0,0,0,0,0,0,0,0,0,0,0,0,0,0,0,0,0,0,0,0,109278303,0,0,0,127848209,0,0,0,0,0,0,0,78263919,146002469,184231122,56736968192,45621287,0,0,0,0,0,0,0,0,0,0,0,0,0,0,0,0,0,0,0,0,0,0,0,0,0,0,0,0,0,0,0,12394417,0,0,0,0,0,0,0
1789580384.660,0,0,0,0,0,0,0,266074511,2390745341440,796459111424,0,0,0,0,0,0,0,0,0,0,0,0,0,0,0,0,0,0,0,0,0,0,0,0,0,0,0,0,0,0,0,0,0,0,0,0,0,0,0,0,0,0,0,0,0,0,0,0,0,0,0,0,0,0,0,0,0,0,453917,146104212,44558827,0,0,0,0,0,0,0,0,0,0,0,0,0,0,0,0,0,0,0,0,0,0,0,0,0,0,0,0,0,0,0,0,0,0,0,0,0,2145026048,458653696,130922,27994,0,150,131072,145941559,0,0,1344511310,2147483648,112109181,144446595,0,0,0,0,0,0,0,0,0,0,0,0,0,0,0,0,0,0,8554187,8554276,0,97,97,6265,329,17108421,35,0,0,0,0,0,0,0,1,0,0,0,0,0,0,0,0,0,0,9621835,0,13971371,123647,0,0,0,0,0,0,0,0,16384,0,0,0,0,0,0,0,0,0,0,0,4505,340,0,0,0,0,0,26008270,0,4074,12,3509,338,4505,0,0,0,0,0,0,0,0,0,0,0,0,0,0,0,0,0,0,0,0,0,0,0,0,0,0,0,0,0,0,0,0,0,0,0,0,0,0,0,0,0,0,0,0,0,0,0,0,0,0,0,0,0,109280083,0,0,0,127853926,0,0,0,0,0,0,0,78267048,146012254,184236885,56738059264,45622425,0,0,0,0,0,0,0,0,0,0,0,0,0,0,0,0,0,0,0,0,0,0,0,0,0,0,0,0,0,0,0,12394864,0,0,0,0,0,0,0
1789580385.686,0,0,0,0,0,0,0,266087959,2390916046336,796496142848,0,0,0,0,0,0,0,0,0,0,0,0,0,0,0,0,0,0,0,0,0,0,0,0,0,0,0,0,0,0,0,0,0,0,0,0,0,0,0,0,0,0,0,0,0,0,0,0,0,0,0,0,0,0,0,0,0,0,453940,146114646,44560987,0,0,0,0,0,0,0,0,0,0,0,0,0,0,0,0,0,0,0,0,0,0,0,0,0,0,0,0,0,0,0,0,0,0,0,0,0,2145665024,461619200,130961,28175,0,111,131072,145951988,0,0,1344582400,2147483648,112119486,144453389,0,0,0,0,0,0,0,0,0,0,0,0,0,0,0,0,0,0,8554629,8554715,0,97,97,6265,329,17109294,35,0,0,0,0,0,0,0,1,0,0,0,0,0,0,0,0,0,0,9622314,0,13971371,123647,0,0,0,0,0,0,0,0,16384,0,0,0,0,0,0,0,0,0,0,0,4506,340,0,0,0,0,0,26009567,0,4074,12,3509,338,4506,0,0,0,0,0,0,0,0,0,0,0,0,0,0,0,0,0,0,0,0,0,0,0,0,0,0,0,0,0,0,0,0,0,0,0,0,0,0,0,0,0,0,0,0,0,0,0,0,0,0,0,0,0,109281892,0,0,0,127860074,0,0,0,0,0,0,0,78270360,146022686,184243031,56739183104,45623576,0,0,0,0,0,0,0,0,0,0,0,0,0,0,0,0,0,0,0,0,0,0,0,0,0,0,0,0,0,0,0,12395288,0,0,0,0,0,0,0
1789580386.712,0,0,0,0,0,0,0,266105594,2391140490752,796547570176,0,0,0,0,0,0,0,0,0,0,0,0,0,0,0,0,0,0,0,0,0,0,0,0,0,0,0,0,0,0,0,0,0,0,0,0,0,0,0,0,0,0,0,0,0,0,0,0,0,0,0,0,0,0,0,0,0,0,454003,146128359,44564002,0,0,0,0,0,0,0,0,0,0,0,0,0,0,0,0,0,0,0,0,0,0,0,0,0,0,0,0,0,0,0,0,0,0,0,0,0,2146222080,464994304,130995,28381,0,77,131072,145965693,0,0,1344676417,2147483648,112133084,144462594,0,0,0,0,0,0,0,0,0,0,0,0,0,0,0,0,0,0,8555217,8555302,0,97,97,6265,329,17110446,35,0,0,0,0,0,0,0,1,0,0,0,0,0,0,0,0,0,0,9622930,0,13971511,123650,0,0,0,0,0,0,0,0,16384,0,0,0,0,0,0,0,0,0,0,0,4507,340,0,0,0,0,0,26011216,0,4074,12,3509,338,4507,0,0,0,0,0,0,0,0,0,0,0,0,0,0,0,0,0,0,0,0,0,0,0,0,0,0,0,0,0,0,0,0,0,0,0,0,0,0,0,0,0,0,0,0,0,0,0,0,0,0,0,0,0,109284016,0,0,0,127868230,0,0,0,0,0,0,0,78274581,146036397,184251036,56740595200,45624893,0,0,0,0,0,0,0,0,0,0,0,0,0,0,0,0,0,0,0,0,0,0,0,0,0,0,0,0,0,0,0,12395832,0,0,0,0,0,0,0
1789580387.738,0,0,0,0,0,0,0,266124698,2391383350784,796599461888,0,0,0,0,0,0,0,0,0,0,0,0,0,0,0,0,0,0,0,0,0,0,0,0,0,0,0,0,0,0,0,0,0,0,0,0,0,0,0,0,0,0,0,0,0,0,0,0,0,0,0,0,0,0,0,0,0,0,454084,146143200,44567025,0,0,0,0,0,0,0,0,0,0,0,0,0,0,0,0,0,0,0,0,0,0,0,0,0,0,0,0,0,0,0,0,0,0,0,0,0,2145779712,475971584,130968,29051,0,104,131072,145980521,0,0,1344775310,2147483648,112147873,144473195,0,0,0,0,0,0,0,0,0,0,0,0,0,0,0,0,0,0,8555856,8555946,0,97,97,6265,329,17111739,35,0,0,0,0,0,0,0,1,0,0,0,0,0,0,0,0,0,0,9623661,0,13971525,123651,0,0,0,0,0,0,0,0,16384,0,0,0,0,0,0,0,0,0,0,0,4508,340,0,0,0,0,0,26013193,0,4074,12,3509,338,4508,0,0,0,0,0,0,0,0,0,0,0,0,0,0,0,0,0,0,0,0,0,0,0,0,0,0,0,0,0,0,0,0,0,0,0,0,0,0,0,0,0,0,0,0,0,0,0,0,0,0,0,0,0,109286231,0,0,0,127877387,0,0,0,0,0,0,0,78279004,146051233,184259286,56742138880,45626297,0,0,0,0,0,0,0,0,0,0,0,0,0,0,0,0,0,0,0,0,0,0,0,0,0,0,0,0,0,0,0,12396482,0,0,0,0,0,0,0
1789580388.765,0,0,0,0,0,0,0,266139591,2391572209152,796646315008,0,0,0,0,0,0,0,0,0,0,0,0,0,0,0,0,0,0,0,0,0,0,0,0,0,0,0,0,0,0,0,0,0,0,0,0,0,0,0,0,0,0,0,0,0,0,0,0,0,0,0,0,0,0,0,0,0,0,454126,146154734,44569772,0,0,0,0,0,0,0,0,0,0,0,0,0,0,0,0,0,0,0,0,0,0,0,0,0,0,0,0,0,0,0,0,0,0,0,0,0,2145861632,477986816,130972,29174,0,100,131072,145992045,0,0,1344853040,2147483648,112159360,144481344,0,0,0,0,0,0,0,0,0,0,0,0,0,0,0,0,0,0,8556366,8556454,0,97,97,6265,329,17112765,35,0,0,0,0,0,0,0,1,0,0,0,0,0,0,0,0,0,0,9624231,0,13971989,123656,0,0,0,0,0,0,0,0,16384,0,0,0,0,0,0,0,0,0,0,0,4509,340,0,0,0,0,0,26014720,0,4074,12,3509,338,4509,0,0,0,0,0,0,0,0,0,0,0,0,0,0,0,0,0,0,0,0,0,0,0,0,0,0,0,0,0,0,0,0,0,0,0,0,0,0,0,0,0,0,0,0,0,0,0,0,0,0,0,0,0,109288213,0,0,0,127884623,0,0,0,0,0,0,0,78282625,146062774,184266297,56743420928,45627542,1,0,0,0,0,0,0,0,0,0,0,0,0,0,0,0,0,0,0,0,0,0,0,0,0,0,0,0,0,0,0,12396988,0,0,0,0,0,0,0
1789580389.791,0,0,0,0,0,0,0,266155266,2391771602432,796689052160,0,0,0,0,0,0,0,0,0,0,0,0,0,0,0,0,0,0,0,0,0,0,0,0,0,0,0,0,0,0,0,0,0,0,0,0,0,0,0,0,0,0,0,0,0,0,0,0,0,0,0,0,0,0,0,0,0,0,454176,146166929,44572264,0,0,0,0,0,0,0,0,0,0,0,0,0,0,0,0,0,0,0,0,0,0,0,0,0,0,0,0,0,0,0,0,0,0,0,0,0,2145894400,485425152,130975,29628,0,98,131072,146004228,0,0,1344934984,2147483648,112171380,144489730,0,0,0,0,0,0,0,0,0,0,0,0,0,0,0,0,0,0,8556895,8556973,0,97,97,6265,329,17113817,35,0,0,0,0,0,0,0,1,0,0,0,0,0,0,0,0,0,0,9624797,0,13972023,123657,0,0,0,0,0,0,0,0,16384,0,0,0,0,0,0,0,0,0,0,0,4510,340,0,0,0,0,0,26016247,0,4074,12,3509,338,4510,0,0,0,0,0,0,0,0,0,0,0,0,0,0,0,0,0,0,0,0,0,0,0,0,0,0,0,0,0,0,0,0,0,0,0,0,0,0,0,0,0,0,0,0,0,0,0,0,0,0,0,0,0,109290221,0,0,0,127892070,0,0,0,0,0,0,0,78286361,146074960,184273250,56744722944,45628811,0,0,0,0,0,0,0,0,0,0,0,0,0,0,0,0,0,0,0,0,0,0,0,0,0,0,0,0,0,0,0,12397488,0,0,0,0,0,0,0
1789580390.817,0,0,0,0,0,0,0,266168422,2391936916992,796726483968,0,0,0,0,0,0,0,0,0,0,0,0,0,0,0,0,0,0,0,0,0,0,0,0,0,0,0,0,0,0,0,0,0,0,0,0,0,0,0,0,0,0,0,0,0,0,0,0,0,0,0,0,0,0,0,0,0,0,454219,146177039,44574420,0,0,0,0,0,0,0,0,0,0,0,0,0,0,0,0,0,0,0,0,0,0,0,0,0,0,0,0,0,0,0,0,0,0,0,0,0,2144944128,491732992,130917,30013,0,155,131072,146014334,0,0,1345003474,2147483648,112181408,144497250,0,0,0,0,0,0,0,0,0,0,0,0,0,0,0,0,0,0,8557333,8557415,0,97,97,6265,329,17114741,35,0,0,0,0,0,0,0,1,0,0,0,0,0,0,0,0,0,0,9625343,0,13972023,123657,0,0,0,0,0,0,0,0,16384,0,0,0,0,0,0,0,0,0,0,0,4511,340,0,0,0,0,0,26017742,0,4074,12,3509,338,4511,0,0,0,0,0,0,0,0,0,0,0,0,0,0,0,0,0,0,0,0,0,0,0,0,0,0,0,0,0,0,0,0,0,0,0,0,0,0,0,0,0,0,0,0,0,0,0,0,0,0,0,0,0,109292130,0,0,0,127898594,0,0,0,0,0,0,0,78289748,146085062,184279516,56745924608,45630020,0,0,0,0,0,0,0,0,0,0,0,0,0,0,0,0,0,0,0,0,0,0,0,0,0,0,0,0,0,0,0,12397978,0,0,0,0,0,0,0
1789580391.844,0,0,0,0,0,0,0,266178014,2392058928640,796755474944,0,0,0,0,0,0,0,0,0,0,0,0,0,0,0,0,0,0,0,0,0,0,0,0,0,0,0,0,0,0,0,0,0,0,0,0,0,0,0,0,0,0,0,0,0,0,0,0,0,0,0,0,0,0,0,0,0,0,454234,146184497,44576120,0,0,0,0,0,0,0,0,0,0,0,0,0,0,0,0,0,0,0,0,0,0,0,0,0,0,0,0,0,0,0,0,0,0,0,0,0,2144256000,490209280,130875,29920,0,197,131072,146021785,0,0,1345052413,2147483648,112188815,144502085,0,0,0,0,0,0,0,0,0,0,0,0,0,0,0,0,0,0,8557628,8557708,0,97,97,6265,329,17115344,35,0,0,0,0,0,0,0,1,0,0,0,0,0,0,0,0,0,0,9625723,0,13972023,123657,0,0,0,0,0,0,0,0,16384,0,0,0,0,0,0,0,0,0,0,0,4512,340,0,0,0,0,0,26018788,0,4074,12,3509,338,4512,0,0,0,0,0,0,0,0,0,0,0,0,0,0,0,0,0,0,0,0,0,0,0,0,0,0,0,0,0,0,0,0,0,0,0,0,0,0,0,0,0,0,0,0,0,0,0,0,0,0,0,0,0,109293598,0,0,0,127902817,0,0,0,0,0,0,0,78292409,146092512,184284375,56746792960,45630985,0,0,0,0,0,0,0,0,0,0,0,0,0,0,0,0,0,0,0,0,0,0,0,0,0,0,0,0,0,0,0,12398321,0,0,0,0,0,0,0
1789580392.870,0,0,0,0,0,0,0,266187471,2392178974208,796780756992,0,0,0,0,0,0,0,0,0,0,0,0,0,0,0,0,0,0,0,0,0,0,0,0,0,0,0,0,0,0,0,0,0,0,0,0,0,0,0,0,0,0,0,0,0,0,0,0,0,0,0,0,0,0,0,0,0,0,454251,146191830,44577582,0,0,0,0,0,0,0,0,0,0,0,0,0,0,0,0,0,0,0,0,0,0,0,0,0,0,0,0,0,0,0,0,0,0,0,0,0,2144534528,493928448,130892,30147,0,180,131072,146029116,0,0,1345102047,2147483648,112196042,144507011,0,0,0,0,0,0,0,0,0,0,0,0,0,0,0,0,0,0,8557943,8558026,0,97,97,6265,329,17115958,35,0,0,0,0,0,0,0,1,0,0,0,0,0,0,0,0,0,0,9626074,0,13972023,123657,0,0,0,0,0,0,0,0,16384,0,0,0,0,0,0,0,0,0,0,0,4513,340,0,0,0,0,0,26019732,0,4074,12,3509,338,4513,0,0,0,0,0,0,0,0,0,0,0,0,0,0,0,0,0,0,0,0,0,0,0,0,0,0,0,0,0,0,0,0,0,0,0,0,0,0,0,0,0,0,0,0,0,0,0,0,0,0,0,0,0,109295097,0,0,0,127907243,0,0,0,0,0,0,0,78294855,146099848,184288809,56747679232,45631963,0,0,0,0,0,0,0,0,0,0,0,0,0,0,0,0,0,0,0,0,0,0,0,0,0,0,0,0,0,0,0,12398633,0,0,0,0,0,0,0
1789580393.896,0,0,0,0,0,0,0,266196992,2392299986432,796807474688,0,0,0,0,0,0,0,0,0,0,0,0,0,0,0,0,0,0,0,0,0,0,0,0,0,0,0,0,0,0,0,0,0,0,0,0,0,0,0,0,0,0,0,0,0,0,0,0,0,0,0,0,0,0,0,0,0,0,454264,146199231,44579139,0,0,0,0,0,0,0,0,0,0,0,0,0,0,0,0,0,0,0,0,0,0,0,0,0,0,0,0,0,0,0,0,0,0,0,0,0,2144829440,496205824,130910,30286,0,162,131072,146036513,0,0,1345151680,2147483648,112203334,144511882,0,0,0,0,0,0,0,0,0,0,0,0,0,0,0,0,0,0,8558265,8558345,0,97,97,6265,329,17116580,35,0,0,0,0,0,0,0,1,0,0,0,0,0,0,0,0,0,0,9626420,0,13972023,123657,0,0,0,0,0,0,0,0,16384,0,0,0,0,0,0,0,0,0,0,0,4514,340,0,0,0,0,0,26020669,0,4074,12,3509,338,4514,0,0,0,0,0,0,0,0,0,0,0,0,0,0,0,0,0,0,0,0,0,0,0,0,0,0,0,0,0,0,0,0,0,0,0,0,0,0,0,0,0,0,0,0,0,0,0,0,0,0,0,0,0,109296587,0,0,0,127911626,0,0,0,0,0,0,0,78297385,146107243,184293408,56748563456,45632939,0,0,0,0,0,0,0,0,0,0,0,0,0,0,0,0,0,0,0,0,0,0,0,0,0,0,0,0,0,0,0,12398940,0,0,0,0,0,0,0
1789580394.921,0,0,0,0,0,0,0,266206842,2392425520640,796835472384,0,0,0,0,0,0,0,0,0,0,0,0,0,0,0,0,0,0,0,0,0,0,0,0,0,0,0,0,0,0,0,0,0,0,0,0,0,0,0,0,0,0,0,0,0,0,0,0,0,0,0,0,0,0,0,0,0,0,454285,146206908,44580780,0,0,0,0,0,0,0,0,0,0,0,0,0,0,0,0,0,0,0,0,0,0,0,0,0,0,0,0,0,0,0,0,0,0,0,0,0,2144665600,498401280,130900,30420,0,172,131072,146044185,0,0,1345203386,2147483648,112210940,144516991,0,0,0,0,0,0,0,0,0,0,0,0,0,0,0,0,0,0,8558589,8558672,0,97,97,6265,329,17117221,35,0,0,0,0,0,0,0,1,0,0,0,0,0,0,0,0,0,0,9626781,0,13972023,123657,0,0,0,0,0,0,0,0,16384,0,0,0,0,0,0,0,0,0,0,0,4515,340,0,0,0,0,0,26021643,0,4074,12,3509,338,4515,0,0,0,0,0,0,0,0,0,0,0,0,0,0,0,0,0,0,0,0,0,0,0,0,0,0,0,0,0,0,0,0,0,0,0,0,0,0,0,0,0,0,0,0,0,0,0,0,0,0,0,0,0,109298121,0,0,0,127916200,0,0,0,0,0,0,0,78300007,146114913,184298197,56749475840,45633932,0,0,0,0,0,0,0,0,0,0,0,0,0,0,0,0,0,0,0,0,0,0,0,0,0,0,0,0,0,0,0,12399260,0,0,0,0,0,0,0
1789580395.947,0,0,0,0,0,0,0,266216504,2392547679744,796862467584,0,0,0,0,0,0,0,0,0,0,0,0,0,0,0,0,0,0,0,0,0,0,0,0,0,0,0,0,0,0,0,0,0,0,0,0,0,0,0,0,0,0,0,0,0,0,0,0,0,0,0,0,0,0,0,0,0,0,454311,146214371,44582344,0,0,0,0,0,0,0,0,0,0,0,0,0,0,0,0,0,0,0,0,0,0,0,0,0,0,0,0,0,0,0,0,0,0,0,0,0,2144829440,501530624,130910,30611,0,162,131072,146051641,0,0,1345253875,2147483648,112218360,144522112,0,0,0,0,0,0,0,0,0,0,0,0,0,0,0,0,0,0,8558905,8558992,0,97,97,6265,329,17117877,35,0,0,0,0,0,0,0,1,0,0,0,0,0,0,0,0,0,0,9627144,0,13972023,123657,0,0,0,0,0,0,0,0,16384,0,0,0,0,0,0,0,0,0,0,0,4516,340,0,0,0,0,0,26022623,0,4074,12,3509,338,4516,0,0,0,0,0,0,0,0,0,0,0,0,0,0,0,0,0,0,0,0,0,0,0,0,0,0,0,0,0,0,0,0,0,0,0,0,0,0,0,0,0,0,0,0,0,0,0,0,0,0,0,0,0,109299693,0,0,0,127920755,0,0,0,0,0,0,0,78302575,146122374,184302902,56750400000,45634935,0,0,0,0,0,0,0,0,0,0,0,0,0,0,0,0,0,0,0,0,0,0,0,0,0,0,0,0,0,0,0,12399583,0,0,0,0,0,0,0
1789580396.973,0,0,0,0,0,0,0,266226255,2392671804928,796889003520,0,0,0,0,0,0,0,0,0,0,0,0,0,0,0,0,0,0,0,0,0,0,0,0,0,0,0,0,0,0,0,0,0,0,0,0,0,0,0,0,0,0,0,0,0,0,0,0,0,0,0,0,0,0,0,0,0,0,454334,146221953,44583891,0,0,0,0,0,0,0,0,0,0,0,0,0,0,0,0,0,0,0,0,0,0,0,0,0,0,0,0,0,0,0,0,0,0,0,0,0,2144747520,505233408,130905,30837,0,167,131072,146059219,0,0,1345304941,2147483648,112225871,144527218,0,0,0,0,0,0,0,0,0,0,0,0,0,0,0,0,0,0,8559236,8559321,0,97,97,6265,329,17118531,35,0,0,0,0,0,0,0,1,0,0,0,0,0,0,0,0,0,0,9627493,0,13972023,123657,0,0,0,0,0,0,0,0,16384,0,0,0,0,0,0,0,0,0,0,0,4517,340,0,0,0,0,0,26023564,0,4074,12,3509,338,4517,0,0,0,0,0,0,0,0,0,0,0,0,0,0,0,0,0,0,0,0,0,0,0,0,0,0,0,0,0,0,0,0,0,0,0,0,0,0,0,0,0,0,0,0,0,0,0,0,0,0,0,0,0,109301221,0,0,0,127925340,0,0,0,0,0,0,0,78305111,146129954,184307511,56751307264,45635930,0,0,0,0,0,0,0,0,0,0,0,0,0,0,0,0,0,0,0,0,0,0,0,0,0,0,0,0,0,0,0,12399891,0,0,0,0,0,0,0
1789580397.999,0,0,0,0,0,0,0,266236237,2392798633472,796915418624,0,0,0,0,0,0,0,0,0,0,0,0,0,0,0,0,0,0,0,0,0,0,0,0,0,0,0,0,0,0,0,0,0,0,0,0,0,0,0,0,0,0,0,0,0,0,0,0,0,0,0,0,0,0,0,0,0,0,454350,146229712,44585425,0,0,0,0,0,0,0,0,0,0,0,0,0,0,0,0,0,0,0,0,0,0,0,0,0,0,0,0,0,0,0,0,0,0,0,0,0,2144747520,510050304,130905,31131,0,167,131072,146066973,0,0,1345356620,2147483648,112233536,144532506,0,0,0,0,0,0,0,0,0,0,0,0,0,0,0,0,0,0,8559570,8559651,0,97,97,6265,329,17119207,35,0,0,0,0,0,0,0,1,0,0,0,0,0,0,0,0,0,0,9627884,0,13972023,123657,0,0,0,0,0,0,0,0,16384,0,0,0,0,0,0,0,0,0,0,0,4518,340,0,0,0,0,0,26024620,0,4074,12,3509,338,4518,0,0,0,0,0,0,0,0,0,0,0,0,0,0,0,0,0,0,0,0,0,0,0,0,0,0,0,0,0,0,0,0,0,0,0,0,0,0,0,0,0,0,0,0,0,0,0,0,0,0,0,0,0,109302814,0,0,0,127930079,0,0,0,0,0,0,0,78307668,146137705,184312166,56752249344,45636956,0,0,0,0,0,0,0,0,0,0,0,0,0,0,0,0,0,0,0,0,0,0,0,0,0,0,0,0,0,0,0,12400240,0,0,0,0,0,0,0
1789580399.025,0,0,0,0,0,0,0,266245536,2392916303360,796940690944,0,0,0,0,0,0,0,0,0,0,0,0,0,0,0,0,0,0,0,0,0,0,0,0,0,0,0,0,0,0,0,0,0,0,0,0,0,0,0,0,0,0,0,0,0,0,0,0,0,0,0,0,0,0,0,0,0,0,454374,146236900,44586873,0,0,0,0,0,0,0,0,0,0,0,0,0,0,0,0,0,0,0,0,0,0,0,0,0,0,0,0,0,0,0,0,0,0,0,0,0,2144370688,514965504,130882,31431,0,190,131072,146074155,0,0,1345405226,2147483648,112240671,144537664,0,0,0,0,0,0,0,0,0,0,0,0,0,0,0,0,0,0,8559893,8559970,0,97,97,6265,329,17119852,35,0,0,0,0,0,0,0,1,0,0,0,0,0,0,0,0,0,0,9628254,0,13972023,123657,0,0,0,0,0,0,0,0,16384,0,0,0,0,0,0,0,0,0,0,0,4519,340,0,0,0,0,0,26025622,0,4074,12,3509,338,4519,0,0,0,0,0,0,0,0,0,0,0,0,0,0,0,0,0,0,0,0,0,0,0,0,0,0,0,0,0,0,0,0,0,0,0,0,0,0,0,0,0,0,0,0,0,0,0,0,0,0,0,0,0,109304347,0,0,0,127934636,0,0,0,0,0,0,0,78310153,146144894,184316622,56753171456,45637979,0,0,0,0,0,0,0,0,0,0,0,0,0,0,0,0,0,0,0,0,0,0,0,0,0,0,0,0,0,0,0,12400570,0,0,0,0,0,0,0
1789580400.052,0,0,0,0,0,0,0,266253685,2393020849664,796963525120,0,0,0,0,0,0,0,0,0,0,0,0,0,0,0,0,0,0,0,0,0,0,0,0,0,0,0,0,0,0,0,0,0,0,0,0,0,0,0,0,0,0,0,0,0,0,0,0,0,0,0,0,0,0,0,0,0,0,454388,146243289,44588209,0,0,0,0,0,0,0,0,0,0,0,0,0,0,0,0,0,0,0,0,0,0,0,0,0,0,0,0,0,0,0,0,0,0,0,0,0,2144583680,515751936,130895,31479,0,177,131072,146080542,0,0,1345447888,2147483648,112246985,144541743,0,0,0,0,0,0,0,0,0,0,0,0,0,0,0,0,0,0,8560149,8560229,0,97,97,6265,329,17120362,35,0,0,0,0,0,0,0,1,0,0,0,0,0,0,0,0,0,0,9628546,0,13972023,123657,0,0,0,0,0,0,0,0,16384,0,0,0,0,0,0,0,0,0,0,0,4520,340,0,0,0,0,0,26026415,0,4074,12,3509,338,4520,0,0,0,0,0,0,0,0,0,0,0,0,0,0,0,0,0,0,0,0,0,0,0,0,0,0,0,0,0,0,0,0,0,0,0,0,0,0,0,0,0,0,0,0,0,0,0,0,0,0,0,0,0,109305679,0,0,0,127938280,0,0,0,0,0,0,0,78312370,146151278,184320612,56753939968,45638868,0,0,0,0,0,0,0,0,0,0,0,0,0,0,0,0,0,0,0,0,0,0,0,0,0,0,0,0,0,0,0,12400830,0,0,0,0,0,0,0
1789580401.080,0,0,0,0,0,0,0,266262276,2393129950720,796986369536,0,0,0,0,0,0,0,0,0,0,0,0,0,0,0,0,0,0,0,0,0,0,0,0,0,0,0,0,0,0,0,0,0,0,0,0,0,0,0,0,0,0,0,0,0,0,0,0,0,0,0,0,0,0,0,0,0,0,454400,146249958,44589510,0,0,0,0,0,0,0,0,0,0,0,0,0,0,0,0,0,0,0,0,0,0,0,0,0,0,0,0,0,0,0,0,0,0,0,0,0,2144124928,521043968,130867,31802,0,205,131072,146087207,0,0,1345492471,2147483648,112253607,144546443,0,0,0,0,0,0,0,0,0,0,0,0,0,0,0,0,0,0,8560451,8560532,0,97,97,6265,329,17120972,35,0,0,0,0,0,0,0,1,0,0,0,0,0,0,0,0,0,0,9628894,0,13972023,123657,0,0,0,0,0,0,0,0,16384,0,0,0,0,0,0,0,0,0,0,0,4521,340,0,0,0,0,0,26027353,0,4074,12,3509,338,4521,0,0,0,0,0,0,0,0,0,0,0,0,0,0,0,0,0,0,0,0,0,0,0,0,0,0,0,0,0,0,0,0,0,0,0,0,0,0,0,0,0,0,0,0,0,0,0,0,0,0,0,0,0,109307170,0,0,0,127942503,0,0,0,0,0,0,0,78314672,146157944,184324741,56754807296,45639852,0,0,0,0,0,0,0,0,0,0,0,0,0,0,0,0,0,0,0,0,0,0,0,0,0,0,0,0,0,0,0,12401140,0,0,0,0,0,0,0
1789580402.105,0,0,0,0,0,0,0,266269774,2393225485824,797006992384,0,0,0,0,0,0,0,0,0,0,0,0,0,0,0,0,0,0,0,0,0,0,0,0,0,0,0,0,0,0,0,0,0,0,0,0,0,0,0,0,0,0,0,0,0,0,0,0,0,0,0,0,0,0,0,0,0,0,454407,146255792,44590716,0,0,0,0,0,0,0,0,0,0,0,0,0,0,0,0,0,0,0,0,0,0,0,0,0,0,0,0,0,0,0,0,0,0,0,0,0,2143911936,521912320,130854,31855,0,218,131072,146093034,0,0,1345531309,2147483648,112259374,144550236,0,0,0,0,0,0,0,0,0,0,0,0,0,0,0,0,0,0,8560690,8560770,0,97,97,6265,329,17121447,35,0,0,0,0,0,0,0,1,0,0,0,0,0,0,0,0,0,0,9629184,0,13972023,123657,0,0,0,0,0,0,0,0,16384,0,0,0,0,0,0,0,0,0,0,0,4522,340,0,0,0,0,0,26028144,0,4074,12,3509,338,4522,0,0,0,0,0,0,0,0,0,0,0,0,0,0,0,0,0,0,0,0,0,0,0,0,0,0,0,0,0,0,0,0,0,0,0,0,0,0,0,0,0,0,0,0,0,0,0,0,0,0,0,0,0,109308471,0,0,0,127945892,0,0,0,0,0,0,0,78316717,146163777,184328436,56755535360,45640700,0,0,0,0,0,0,0,0,0,0,0,0,0,0,0,0,0,0,0,0,0,0,0,0,0,0,0,0,0,0,0,12401400,0,0,0,0,0,0,0
1789580403.132,0,0,0,0,0,0,0,266276580,2393311403520,797025550848,0,0,0,0,0,0,0,0,0,0,0,0,0,0,0,0,0,0,0,0,0,0,0,0,0,0,0,0,0,0,0,0,0,0,0,0,0,0,0,0,0,0,0,0,0,0,0,0,0,0,0,0,0,0,0,0,0,0,454416,146261036,44591793,0,0,0,0,0,0,0,0,0,0,0,0,0,0,0,0,0,0,0,0,0,0,0,0,0,0,0,0,0,0,0,0,0,0,0,0,0,2144108544,524845056,130866,32034,0,206,131072,146098277,0,0,1345566965,2147483648,112264569,144553834,0,0,0,0,0,0,0,0,0,0,0,0,0,0,0,0,0,0,8560916,8560993,0,97,97,6265,329,17121926,35,0,0,0,0,0,0,0,1,0,0,0,0,0,0,0,0,0,0,9629435,0,13972023,123657,0,0,0,0,0,0,0,0,16384,0,0,0,0,0,0,0,0,0,0,0,4523,340,0,0,0,0,0,26028816,0,4074,12,3509,338,4523,0,0,0,0,0,0,0,0,0,0,0,0,0,0,0,0,0,0,0,0,0,0,0,0,0,0,0,0,0,0,0,0,0,0,0,0,0,0,0,0,0,0,0,0,0,0,0,0,0,0,0,0,0,109309729,0,0,0,127949150,0,0,0,0,0,0,0,78318618,146169028,184331842,56756241408,45641527,0,0,0,0,0,0,0,0,0,0,0,0,0,0,0,0,0,0,0,0,0,0,0,0,0,0,0,0,0,0,0,12401622,0,0,0,0,0,0,0
1789580404.157,0,0,0,0,0,0,0,266283455,2393399139840,797045242368,0,0,0,0,0,0,0,0,0,0,0,0,0,0,0,0,0,0,0,0,0,0,0,0,0,0,0,0,0,0,0,0,0,0,0,0,0,0,0,0,0,0,0,0,0,0,0,0,0,0,0,0,0,0,0,0,0,0,454424,146266398,44592941,0,0,0,0,0,0,0,0,0,0,0,0,0,0,0,0,0,0,0,0,0,0,0,0,0,0,0,0,0,0,0,0,0,0,0,0,0,2143731712,526516224,130843,32136,0,229,131072,146103637,0,0,1345602860,2147483648,112269905,144557483,0,0,0,0,0,0,0,0,0,0,0,0,0,0,0,0,0,0,8561155,8561225,0,97,97,6265,329,17122377,35,0,0,0,0,0,0,0,1,0,0,0,0,0,0,0,0,0,0,9629704,0,13972023,123657,0,0,0,0,0,0,0,0,16384,0,0,0,0,0,0,0,0,0,0,0,4524,340,0,0,0,0,0,26029547,0,4074,12,3509,338,4524,0,0,0,0,0,0,0,0,0,0,0,0,0,0,0,0,0,0,0,0,0,0,0,0,0,0,0,0,0,0,0,0,0,0,0,0,0,0,0,0,0,0,0,0,0,0,0,0,0,0,0,0,0,109311024,0,0,0,127952416,0,0,0,0,0,0,0,78320622,146174383,184335418,56756967936,45642391,0,0,0,0,0,0,0,0,0,0,0,0,0,0,0,0,0,0,0,0,0,0,0,0,0,0,0,0,0,0,0,12401862,0,0,0,0,0,0,0
1789580405.183,0,0,0,0,0,0,0,266291159,2393497116160,797068180992,0,0,0,0,0,0,0,0,0,0,0,0,0,0,0,0,0,0,0,0,0,0,0,0,0,0,0,0,0,0,0,0,0,0,0,0,0,0,0,0,0,0,0,0,0,0,0,0,0,0,0,0,0,0,0,0,0,0,454434,146272387,44594253,0,0,0,0,0,0,0,0,0,0,0,0,0,0,0,0,0,0,0,0,0,0,0,0,0,0,0,0,0,0,0,0,0,0,0,0,0,2144337920,526909440,130880,32160,0,192,131072,146109620,0,0,1345643283,2147483648,112275684,144561373,0,0,0,0,0,0,0,0,0,0,0,0,0,0,0,0,0,0,8561398,8561476,0,97,97,6265,329,17122881,35,0,0,0,0,0,0,0,1,0,0,0,0,0,0,0,0,0,0,9629984,0,13972151,123658,0,0,0,0,0,0,0,0,16384,0,0,0,0,0,0,0,0,0,0,0,4525,340,0,0,0,0,0,26030299,0,4074,12,3509,338,4525,0,0,0,0,0,0,0,0,0,0,0,0,0,0,0,0,0,0,0,0,0,0,0,0,0,0,0,0,0,0,0,0,0,0,0,0,0,0,0,0,0,0,0,0,0,0,0,0,0,0,0,0,0,109312350,0,0,0,127955914,0,0,0,0,0,0,0,78322719,146180368,184339289,56757722624,45643280,0,0,0,0,0,0,0,0,0,0,0,0,0,0,0,0,0,0,0,0,0,0,0,0,0,0,0,0,0,0,0,12402111,0,0,0,0,0,0,0
1789580406.210,0,0,0,0,0,0,0,266299903,2393608101376,797090625536,0,0,0,0,0,0,0,0,0,0,0,0,0,0,0,0,0,0,0,0,0,0,0,0,0,0,0,0,0,0,0,0,0,0,0,0,0,0,0,0,0,0,0,0,0,0,0,0,0,0,0,0,0,0,0,0,0,0,454447,146279176,44595561,0,0,0,0,0,0,0,0,0,0,0,0,0,0,0,0,0,0,0,0,0,0,0,0,0,0,0,0,0,0,0,0,0,0,0,0,0,2144124928,531562496,130867,32444,0,205,131072,146116407,0,0,1345689158,2147483648,112282415,144566075,0,0,0,0,0,0,0,0,0,0,0,0,0,0,0,0,0,0,8561697,8561773,0,97,97,6265,329,17123483,35,0,0,0,0,0,0,0,1,0,0,0,0,0,0,0,0,0,0,9630325,0,13972151,123658,0,0,0,0,0,0,0,0,16384,0,0,0,0,0,0,0,0,0,0,0,4526,340,0,0,0,0,0,26031225,0,4074,12,3509,338,4526,0,0,0,0,0,0,0,0,0,0,0,0,0,0,0,0,0,0,0,0,0,0,0,0,0,0,0,0,0,0,0,0,0,0,0,0,0,0,0,0,0,0,0,0,0,0,0,0,0,0,0,0,0,109313773,0,0,0,127960106,0,0,0,0,0,0,0,78324949,146187149,184343306,56758563840,45644213,0,0,0,0,0,0,0,0,0,0,0,0,0,0,0,0,0,0,0,0,0,0,0,0,0,0,0,0,0,0,0,12402415,0,0,0,0,0,0,0
1789580407.235,0,0,0,0,0,0,0,266308413,2393717546496,797115609088,0,0,0,0,0,0,0,0,0,0,0,0,0,0,0,0,0,0,0,0,0,0,0,0,0,0,0,0,0,0,0,0,0,0,0,0,0,0,0,0,0,0,0,0,0,0,0,0,0,0,0,0,0,0,0,0,0,0,454456,146285867,44597023,0,0,0,0,0,0,0,0,0,0,0,0,0,0,0,0,0,0,0,0,0,0,0,0,0,0,0,0,0,0,0,0,0,0,0,0,0,2143993856,530792448,130859,32397,0,213,131072,146123096,0,0,1345733847,2147483648,112289031,144570271,0,0,0,0,0,0,0,0,0,0,0,0,0,0,0,0,0,0,8561970,8562053,0,97,97,6265,329,17124005,35,0,0,0,0,0,0,0,1,0,0,0,0,0,0,0,0,0,0,9630632,0,13972151,123658,0,0,0,0,0,0,0,0,16384,0,0,0,0,0,0,0,0,0,0,0,4527,340,0,0,0,0,0,26032058,0,4074,12,3509,338,4527,0,0,0,0,0,0,0,0,0,0,0,0,0,0,0,0,0,0,0,0,0,0,0,0,0,0,0,0,0,0,0,0,0,0,0,0,0,0,0,0,0,0,0,0,0,0,0,0,0,0,0,0,0,109315119,0,0,0,127963879,0,0,0,0,0,0,0,78327268,146193839,184347568,56759339008,45645074,0,0,0,0,0,0,0,0,0,0,0,0,0,0,0,0,0,0,0,0,0,0,0,0,0,0,0,0,0,0,0,12402688,0,0,0,0,0,0,0
1789580408.261,0,0,0,0,0,0,0,266317433,2393832218112,797140274688,0,0,0,0,0,0,0,0,0,0,0,0,0,0,0,0,0,0,0,0,0,0,0,0,0,0,0,0,0,0,0,0,0,0,0,0,0,0,0,0,0,0,0,0,0,0,0,0,0,0,0,0,0,0,0,0,0,0,454465,146292881,44598438,0,0,0,0,0,0,0,0,0,0,0,0,0,0,0,0,0,0,0,0,0,0,0,0,0,0,0,0,0,0,0,0,0,0,0,0,0,2144256000,535085056,130875,32659,0,197,131072,146130105,0,0,1345781345,2147483648,112295952,144575126,0,0,0,0,0,0,0,0,0,0,0,0,0,0,0,0,0,0,8562285,8562358,0,97,97,6265,329,17124637,35,0,0,0,0,0,0,0,1,0,0,0,0,0,0,0,0,0,0,9630968,0,13972151,123658,0,0,0,0,0,0,0,0,16384,0,0,0,0,0,0,0,0,0,0,0,4528,340,0,0,0,0,0,26032961,0,4074,12,3509,338,4528,0,0,0,0,0,0,0,0,0,0,0,0,0,0,0,0,0,0,0,0,0,0,0,0,0,0,0,0,0,0,0,0,0,0,0,0,0,0,0,0,0,0,0,0,0,0,0,0,0,0,0,0,0,109316599,0,0,0,127968285,0,0,0,0,0,0,0,78329638,146200848,184351905,56760211968,45646015,0,0,0,0,0,0,0,0,0,0,0,0,0,0,0,0,0,0,0,0,0,0,0,0,0,0,0,0,0,0,0,12402985,0,0,0,0,0,0,0
1789580409.287,0,0,0,0,0,0,0,266326093,2393941466624,797163009536,0,0,0,0,0,0,0,0,0,0,0,0,0,0,0,0,0,0,0,0,0,0,0,0,0,0,0,0,0,0,0,0,0,0,0,0,0,0,0,0,0,0,0,0,0,0,0,0,0,0,0,0,0,0,0,0,0,0,454477,146299565,44599777,0,0,0,0,0,0,0,0,0,0,0,0,0,0,0,0,0,0,0,0,0,0,0,0,0,0,0,0,0,0,0,0,0,0,0,0,0,2144518144,537919488,130891,32832,0,181,131072,146136786,0,0,1345826822,2147483648,112302546,144579508,0,0,0,0,0,0,0,0,0,0,0,0,0,0,0,0,0,0,8562563,8562641,0,97,97,6265,329,17125214,35,0,0,0,0,0,0,0,1,0,0,0,0,0,0,0,0,0,0,9631276,0,13972151,123658,0,0,0,0,0,0,0,0,16384,0,0,0,0,0,0,0,0,0,0,0,4529,340,0,0,0,0,0,26033785,0,4074,12,3509,338,4529,0,0,0,0,0,0,0,0,0,0,0,0,0,0,0,0,0,0,0,0,0,0,0,0,0,0,0,0,0,0,0,0,0,0,0,0,0,0,0,0,0,0,0,0,0,0,0,0,0,0,0,0,0,109318028,0,0,0,127972261,0,0,0,0,0,0,0,78331875,146207529,184355968,56761031168,45646935,0,0,0,0,0,0,0,0,0,0,0,0,0,0,0,0,0,0,0,0,0,0,0,0,0,0,0,0,0,0,0,12403257,0,0,0,0,0,0,0
1789580410.313,0,0,0,0,0,0,0,266334676,2394051681792,797187038208,0,0,0,0,0,0,0,0,0,0,0,0,0,0,0,0,0,0,0,0,0,0,0,0,0,0,0,0,0,0,0,0,0,0,0,0,0,0,0,0,0,0,0,0,0,0,0,0,0,0,0,0,0,0,0,0,0,0,454489,146306304,44601155,0,0,0,0,0,0,0,0,0,0,0,0,0,0,0,0,0,0,0,0,0,0,0,0,0,0,0,0,0,0,0,0,0,0,0,0,0,2144174080,540164096,130870,32969,0,202,131072,146143521,0,0,1345871637,2147483648,112309224,144583973,0,0,0,0,0,0,0,0,0,0,0,0,0,0,0,0,0,0,8562849,8562930,0,97,97,6265,329,17125784,35,0,0,0,0,0,0,0,1,0,0,0,0,0,0,0,0,0,0,9631607,0,13972151,123658,0,0,0,0,0,0,0,0,16384,0,0,0,0,0,0,0,0,0,0,0,4530,340,0,0,0,0,0,26034682,0,4074,12,3509,338,4530,0,0,0,0,0,0,0,0,0,0,0,0,0,0,0,0,0,0,0,0,0,0,0,0,0,0,0,0,0,0,0,0,0,0,0,0,0,0,0,0,0,0,0,0,0,0,0,0,0,0,0,0,0,109319472,0,0,0,127976262,0,0,0,0,0,0,0,78334216,146214274,184360205,56761864192,45647881,0,0,0,0,0,0,0,0,0,0,0,0,0,0,0,0,0,0,0,0,0,0,0,0,0,0,0,0,0,0,0,12403552,0,0,0,0,0,0,0
1789580411.340,0,0,0,0,0,0,0,266343346,2394160569856,797210714624,0,0,0,0,0,0,0,0,0,0,0,0,0,0,0,0,0,0,0,0,0,0,0,0,0,0,0,0,0,0,0,0,0,0,0,0,0,0,0,0,0,0,0,0,0,0,0,0,0,0,0,0,0,0,0,0,0,0,454501,146312963,44602530,0,0,0,0,0,0,0,0,0,0,0,0,0,0,0,0,0,0,0,0,0,0,0,0,0,0,0,0,0,0,0,0,0,0,0,0,0,2143617024,544456704,130836,33231,0,236,131072,146150179,0,0,1345917378,2147483648,112315833,144588812,0,0,0,0,0,0,0,0,0,0,0,0,0,0,0,0,0,0,8563152,8563226,0,97,97,6265,329,17126400,35,0,0,0,0,0,0,0,1,0,0,0,0,0,0,0,0,0,0,9631965,0,13972151,123658,0,0,0,0,0,0,0,0,16384,0,0,0,0,0,0,0,0,0,0,0,4531,340,0,0,0,0,0,26035653,0,4074,12,3509,338,4531,0,0,0,0,0,0,0,0,0,0,0,0,0,0,0,0,0,0,0,0,0,0,0,0,0,0,0,0,0,0,0,0,0,0,0,0,0,0,0,0,0,0,0,0,0,0,0,0,0,0,0,0,0,109320943,0,0,0,127980590,0,0,0,0,0,0,0,78336536,146220917,184364410,56762726400,45648832,0,0,0,0,0,0,0,0,0,0,0,0,0,0,0,0,0,0,0,0,0,0,0,0,0,0,0,0,0,0,0,12403873,0,0,0,0,0,0,0
1789580412.367,0,0,0,0,0,0,0,266350832,2394256285184,797231302656,0,0,0,0,0,0,0,0,0,0,0,0,0,0,0,0,0,0,0,0,0,0,0,0,0,0,0,0,0,0,0,0,0,0,0,0,0,0,0,0,0,0,0,0,0,0,0,0,0,0,0,0,0,0,0,0,0,0,454511,146318804,44603715,0,0,0,0,0,0,0,0,0,0,0,0,0,0,0,0,0,0,0,0,0,0,0,0,0,0,0,0,0,0,0,0,0,0,0,0,0,2143518720,546242560,130830,33340,0,242,131072,146156018,0,0,1345955648,2147483648,112321630,144592809,0,0,0,0,0,0,0,0,0,0,0,0,0,0,0,0,0,0,8563405,8563480,0,97,97,6265,329,17126898,35,0,0,0,0,0,0,0,1,0,0,0,0,0,0,0,0,0,0,9632273,0,13972151,123658,0,0,0,0,0,0,0,0,16384,0,0,0,0,0,0,0,0,0,0,0,4532,340,0,0,0,0,0,26036489,0,4074,12,3509,338,4532,0,0,0,0,0,0,0,0,0,0,0,0,0,0,0,0,0,0,0,0,0,0,0,0,0,0,0,0,0,0,0,0,0,0,0,0,0,0,0,0,0,0,0,0,0,0,0,0,0,0,0,0,0,109322210,0,0,0,127984118,0,0,0,0,0,0,0,78338548,146226772,184368062,56763461120,45649651,0,0,0,0,0,0,0,0,0,0,0,0,0,0,0,0,0,0,0,0,0,0,0,0,0,0,0,0,0,0,0,12404149,0,0,0,0,0,0,0
1789580413.393,0,0,0,0,0,0,0,266358203,2394349706752,797251885568,0,0,0,0,0,0,0,0,0,0,0,0,0,0,0,0,0,0,0,0,0,0,0,0,0,0,0,0,0,0,0,0,0,0,0,0,0,0,0,0,0,0,0,0,0,0,0,0,0,0,0,0,0,0,0,0,0,0,454515,146324522,44604909,0,0,0,0,0,0,0,0,0,0,0,0,0,0,0,0,0,0,0,0,0,0,0,0,0,0,0,0,0,0,0,0,0,0,0,0,0,2143371264,547143680,130821,33395,0,251,131072,146161729,0,0,1345994419,2147483648,112327304,144596428,0,0,0,0,0,0,0,0,0,0,0,0,0,0,0,0,0,0,8563629,8563701,0,97,97,6265,329,17127372,35,0,0,0,0,0,0,0,1,0,0,0,0,0,0,0,0,0,0,9632529,0,13972151,123658,0,0,0,0,0,0,0,0,16384,0,0,0,0,0,0,0,0,0,0,0,4533,340,0,0,0,0,0,26037180,0,4074,12,3509,338,4533,0,0,0,0,0,0,0,0,0,0,0,0,0,0,0,0,0,0,0,0,0,0,0,0,0,0,0,0,0,0,0,0,0,0,0,0,0,0,0,0,0,0,0,0,0,0,0,0,0,0,0,0,0,109323453,0,0,0,127987399,0,0,0,0,0,0,0,78340559,146232482,184371703,56764161536,45650464,0,0,0,0,0,0,0,0,0,0,0,0,0,0,0,0,0,0,0,0,0,0,0,0,0,0,0,0,0,0,0,12404376,0,0,0,0,0,0,0
1789580414.420,0,0,0,0,0,0,0,266365670,2394443800064,797271281152,0,0,0,0,0,0,0,0,0,0,0,0,0,0,0,0,0,0,0,0,0,0,0,0,0,0,0,0,0,0,0,0,0,0,0,0,0,0,0,0,0,0,0,0,0,0,0,0,0,0,0,0,0,0,0,0,0,0,454526,146330278,44606037,0,0,0,0,0,0,0,0,0,0,0,0,0,0,0,0,0,0,0,0,0,0,0,0,0,0,0,0,0,0,0,0,0,0,0,0,0,2143633408,551157760,130837,33640,0,235,131072,146167480,0,0,1346033456,2147483648,112332999,144600536,0,0,0,0,0,0,0,0,0,0,0,0,0,0,0,0,0,0,8563905,8563969,0,97,97,6265,329,17127878,35,0,0,0,0,0,0,0,1,0,0,0,0,0,0,0,0,0,0,9632820,0,13972151,123658,0,0,0,0,0,0,0,0,16384,0,0,0,0,0,0,0,0,0,0,0,4534,340,0,0,0,0,0,26037968,0,4074,12,3509,338,4534,0,0,0,0,0,0,0,0,0,0,0,0,0,0,0,0,0,0,0,0,0,0,0,0,0,0,0,0,0,0,0,0,0,0,0,0,0,0,0,0,0,0,0,0,0,0,0,0,0,0,0,0,0,109324775,0,0,0,127991049,0,0,0,0,0,0,0,78342545,146238233,184375263,56764926464,45651330,0,0,0,0,0,0,0,0,0,0,0,0,0,0,0,0,0,0,0,0,0,0,0,0,0,0,0,0,0,0,0,12404635,0,0,0,0,0,0,0
1789580415.447,0,0,0,0,0,0,0,266372596,2394532814336,797290522624,0,0,0,0,0,0,0,0,0,0,0,0,0,0,0,0,0,0,0,0,0,0,0,0,0,0,0,0,0,0,0,0,0,0,0,0,0,0,0,0,0,0,0,0,0,0,0,0,0,0,0,0,0,0,0,0,0,0,454530,146335718,44607135,0,0,0,0,0,0,0,0,0,0,0,0,0,0,0,0,0,0,0,0,0,0,0,0,0,0,0,0,0,0,0,0,0,0,0,0,0,2143600640,552108032,130835,33698,0,237,131072,146172917,0,0,1346069744,2147483648,112338413,144603927,0,0,0,0,0,0,0,0,0,0,0,0,0,0,0,0,0,0,8564109,8564180,0,97,97,6265,329,17128326,35,0,0,0,0,0,0,0,1,0,0,0,0,0,0,0,0,0,0,9633062,0,13972151,123658,0,0,0,0,0,0,0,0,16384,0,0,0,0,0,0,0,0,0,0,0,4535,340,0,0,0,0,0,26038622,0,4074,12,3509,338,4535,0,0,0,0,0,0,0,0,0,0,0,0,0,0,0,0,0,0,0,0,0,0,0,0,0,0,0,0,0,0,0,0,0,0,0,0,0,0,0,0,0,0,0,0,0,0,0,0,0,0,0,0,0,109325948,0,0,0,127994107,0,0,0,0,0,0,0,78344454,146243676,184378673,56765587456,45652122,0,0,0,0,0,0,0,0,0,0,0,0,0,0,0,0,0,0,0,0,0,0,0,0,0,0,0,0,0,0,0,12404850,0,0,0,0,0,0,0
1789580416.473,0,0,0,0,0,0,0,266379704,2394623925760,797311149056,0,0,0,0,0,0,0,0,0,0,0,0,0,0,0,0,0,0,0,0,0,0,0,0,0,0,0,0,0,0,0,0,0,0,0,0,0,0,0,0,0,0,0,0,0,0,0,0,0,0,0,0,0,0,0,0,0,0,454541,146341294,44608347,0,0,0,0,0,0,0,0,0,0,0,0,0,0,0,0,0,0,0,0,0,0,0,0,0,0,0,0,0,0,0,0,0,0,0,0,0,2143436800,553467904,130825,33781,0,247,131072,146178490,0,0,1346107009,2147483648,112343933,144607768,0,0,0,0,0,0,0,0,0,0,0,0,0,0,0,0,0,0,8564351,8564424,0,97,97,6265,329,17128799,35,0,0,0,0,0,0,0,1,0,0,0,0,0,0,0,0,0,0,9633336,0,13972151,123658,0,0,0,0,0,0,0,0,16384,0,0,0,0,0,0,0,0,0,0,0,4536,340,0,0,0,0,0,26039364,0,4074,12,3509,338,4536,0,0,0,0,0,0,0,0,0,0,0,0,0,0,0,0,0,0,0,0,0,0,0,0,0,0,0,0,0,0,0,0,0,0,0,0,0,0,0,0,0,0,0,0,0,0,0,0,0,0,0,0,0,109327251,0,0,0,127997504,0,0,0,0,0,0,0,78346502,146249246,184382366,56766322176,45652974,0,0,0,0,0,0,0,0,0,0,0,0,0,0,0,0,0,0,0,0,0,0,0,0,0,0,0,0,0,0,0,12405094,0,0,0,0,0,0,0
1789580417.499,0,0,0,0,0,0,0,266387024,2394717904384,797331049472,0,0,0,0,0,0,0,0,0,0,0,0,0,0,0,0,0,0,0,0,0,0,0,0,0,0,0,0,0,0,0,0,0,0,0,0,0,0,0,0,0,0,0,0,0,0,0,0,0,0,0,0,0,0,0,0,0,0,454548,146347037,44609503,0,0,0,0,0,0,0,0,0,0,0,0,0,0,0,0,0,0,0,0,0,0,0,0,0,0,0,0,0,0,0,0,0,0,0,0,0,2143305728,555401216,130817,33899,0,255,131072,146184229,0,0,1346145264,2147483648,112349615,144611436,0,0,0,0,0,0,0,0,0,0,0,0,0,0,0,0,0,0,8564583,8564663,0,97,97,6265,329,17129266,35,0,0,0,0,0,0,0,1,0,0,0,0,0,0,0,0,0,0,9633600,0,13972151,123658,0,0,0,0,0,0,0,0,16384,0,0,0,0,0,0,0,0,0,0,0,4537,340,0,0,0,0,0,26040077,0,4074,12,3509,338,4537,0,0,0,0,0,0,0,0,0,0,0,0,0,0,0,0,0,0,0,0,0,0,0,0,0,0,0,0,0,0,0,0,0,0,0,0,0,0,0,0,0,0,0,0,0,0,0,0,0,0,0,0,0,109328461,0,0,0,128000795,0,0,0,0,0,0,0,78348463,146254983,184385886,56767025664,45653780,0,0,0,0,0,0,0,0,0,0,0,0,0,0,0,0,0,0,0,0,0,0,0,0,0,0,0,0,0,0,0,12405328,0,0,0,0,0,0,0
1789580418.525,0,0,0,0,0,0,0,266393993,2394807066112,797349729280,0,0,0,0,0,0,0,0,0,0,0,0,0,0,0,0,0,0,0,0,0,0,0,0,0,0,0,0,0,0,0,0,0,0,0,0,0,0,0,0,0,0,0,0,0,0,0,0,0,0,0,0,0,0,0,0,0,0,454556,146352490,44610590,0,0,0,0,0,0,0,0,0,0,0,0,0,0,0,0,0,0,0,0,0,0,0,0,0,0,0,0,0,0,0,0,0,0,0,0,0,2143502336,558415872,130829,34083,0,243,131072,146189678,0,0,1346181807,2147483648,112355009,144615150,0,0,0,0,0,0,0,0,0,0,0,0,0,0,0,0,0,0,8564819,8564900,0,97,97,6265,329,17129729,35,0,0,0,0,0,0,0,1,0,0,0,0,0,0,0,0,0,0,9633866,0,13972151,123658,0,0,0,0,0,0,0,0,16384,0,0,0,0,0,0,0,0,0,0,0,4538,340,0,0,0,0,0,26040796,0,4074,12,3509,338,4538,0,0,0,0,0,0,0,0,0,0,0,0,0,0,0,0,0,0,0,0,0,0,0,0,0,0,0,0,0,0,0,0,0,0,0,0,0,0,0,0,0,0,0,0,0,0,0,0,0,0,0,0,0,109329708,0,0,0,128004116,0,0,0,0,0,0,0,78350361,146260435,184389296,56767732224,45654597,1,0,0,0,0,0,0,0,0,0,0,0,0,0,0,0,0,0,0,0,0,0,0,0,0,0,0,0,0,0,0,12405565,0,0,0,0,0,0,0
1789580419.550,0,0,0,0,0,0,0,266401199,2394898177536,797369768960,0,0,0,0,0,0,0,0,0,0,0,0,0,0,0,0,0,0,0,0,0,0,0,0,0,0,0,0,0,0,0,0,0,0,0,0,0,0,0,0,0,0,0,0,0,0,0,0,0,0,0,0,0,0,0,0,0,0,454562,146358057,44611744,0,0,0,0,0,0,0,0,0,0,0,0,0,0,0,0,0,0,0,0,0,0,0,0,0,0,0,0,0,0,0,0,0,0,0,0,0,2144124928,560873472,130867,34233,0,205,131072,146195244,0,0,1346219658,2147483648,112360477,144618891,0,0,0,0,0,0,0,0,0,0,0,0,0,0,0,0,0,0,8565057,8565131,0,97,97,6265,329,17130225,35,0,0,0,0,0,0,0,1,0,0,0,0,0,0,0,0,0,0,9634120,0,13972151,123658,0,0,0,0,0,0,0,0,16384,0,0,0,0,0,0,0,0,0,0,0,4539,340,0,0,0,0,0,26041477,0,4074,12,3509,338,4539,0,0,0,0,0,0,0,0,0,0,0,0,0,0,0,0,0,0,0,0,0,0,0,0,0,0,0,0,0,0,0,0,0,0,0,0,0,0,0,0,0,0,0,0,0,0,0,0,0,0,0,0,0,109330955,0,0,0,128007505,0,0,0,0,0,0,0,78352354,146265996,184392866,56768444928,45655428,0,0,0,0,0,0,0,0,0,0,0,0,0,0,0,0,0,0,0,0,0,0,0,0,0,0,0,0,0,0,0,12405788,0,0,0,0,0,0,0
1789580420.577,0,0,0,0,0,0,0,266408718,2394994580992,797391247872,0,0,0,0,0,0,0,0,0,0,0,0,0,0,0,0,0,0,0,0,0,0,0,0,0,0,0,0,0,0,0,0,0,0,0,0,0,0,0,0,0,0,0,0,0,0,0,0,0,0,0,0,0,0,0,0,0,0,454565,146363950,44613020,0,0,0,0,0,0,0,0,0,0,0,0,0,0,0,0,0,0,0,0,0,0,0,0,0,0,0,0,0,0,0,0,0,0,0,0,0,2143682560,561496064,130840,34271,0,232,131072,146201132,0,0,1346258652,2147483648,112366337,144622785,0,0,0,0,0,0,0,0,0,0,0,0,0,0,0,0,0,0,8565311,8565390,0,97,97,6265,329,17130695,35,0,0,0,0,0,0,0,1,0,0,0,0,0,0,0,0,0,0,9634416,0,13972151,123658,0,0,0,0,0,0,0,0,16384,0,0,0,0,0,0,0,0,0,0,0,4540,340,0,0,0,0,0,26042287,0,4074,12,3509,338,4540,0,0,0,0,0,0,0,0,0,0,0,0,0,0,0,0,0,0,0,0,0,0,0,0,0,0,0,0,0,0,0,0,0,0,0,0,0,0,0,0,0,0,0,0,0,0,0,0,0,0,0,0,0,109332246,0,0,0,128010993,0,0,0,0,0,0,0,78354464,146271885,184396654,56769187840,45656290,0,0,0,0,0,0,0,0,0,0,0,0,0,0,0,0,0,0,0,0,0,0,0,0,0,0,0,0,0,0,0,12406054,0,0,0,0,0,0,0
1789580421.603,0,0,0,0,0,0,0,266416332,2395090312704,797409824256,0,0,0,0,0,0,0,0,0,0,0,0,0,0,0,0,0,0,0,0,0,0,0,0,0,0,0,0,0,0,0,0,0,0,0,0,0,0,0,0,0,0,0,0,0,0,0,0,0,0,0,0,0,0,0,0,0,0,454572,146369805,44614073,0,0,0,0,0,0,0,0,0,0,0,0,0,0,0,0,0,0,0,0,0,0,0,0,0,0,0,0,0,0,0,0,0,0,0,0,0,2143649792,565592064,130838,34521,0,234,131072,146206984,0,0,1346298650,2147483648,112372132,144626638,0,0,0,0,0,0,0,0,0,0,0,0,0,0,0,0,0,0,8565552,8565623,0,97,97,6265,329,17131203,35,0,0,0,0,0,0,0,1,0,0,0,0,0,0,0,0,0,0,9634679,0,13972151,123658,0,0,0,0,0,0,0,0,16384,0,0,0,0,0,0,0,0,0,0,0,4542,340,0,0,0,0,0,26043000,0,4074,12,3509,338,4542,0,0,0,0,0,0,0,0,0,0,0,0,0,0,0,0,0,0,0,0,0,0,0,0,0,0,0,0,0,0,0,0,0,0,0,0,0,0,0,0,0,0,0,0,0,0,0,0,0,0,0,0,0,109333527,0,0,0,128014472,0,0,0,0,0,0,0,78356396,146277736,184400074,56769922560,45657151,0,0,0,0,0,0,0,0,0,0,0,0,0,0,0,0,0,0,0,0,0,0,0,0,0,0,0,0,0,0,0,12406287,0,0,0,0,0,0,0
1789580422.628,0,0,0,0,0,0,0,266424222,2395190943232,797448270336,0,0,0,0,0,0,0,0,0,0,0,0,0,0,0,0,0,0,0,0,0,0,0,0,0,0,0,0,0,0,0,0,0,0,0,0,0,0,0,0,0,0,0,0,0,0,0,0,0,0,0,0,0,0,0,0,0,0,454584,146375951,44616353,0,0,0,0,0,0,0,0,0,0,0,0,0,0,0,0,0,0,0,0,0,0,0,0,0,0,0,0,0,0,0,0,0,0,0,0,0,2144239616,552271872,130874,33708,0,198,131072,146213127,0,0,1346339862,2147483648,112377453,144630974,0,0,0,0,0,0,0,0,0,0,0,0,0,0,0,0,0,0,8565831,8565906,0,97,97,6265,329,17131743,35,0,0,0,0,0,0,0,1,0,0,0,0,0,0,0,0,0,0,9634985,0,13973184,123667,0,0,0,0,0,0,0,0,16384,0,0,0,0,0,0,0,0,0,0,0,4543,340,0,0,0,0,0,26043825,0,4074,12,3509,338,4543,0,0,0,0,0,0,0,0,0,0,0,0,0,0,0,0,0,0,0,0,0,0,0,0,0,0,0,0,0,0,0,0,0,0,0,0,0,0,0,0,0,0,0,0,0,0,0,0,0,0,0,0,0,109334906,0,0,0,128018327,0,0,0,0,0,0,0,78358686,146283886,184404982,56770720768,45658037,0,0,0,0,0,0,0,0,0,0,0,0,0,0,0,0,0,0,0,0,0,0,0,0,0,0,0,0,0,0,0,12406558,0,0,0,0,0,0,0
1789580423.654,0,0,0,0,0,0,0,266432535,2395297455616,797471463936,0,0,0,0,0,0,0,0,0,0,0,0,0,0,0,0,0,0,0,0,0,0,0,0,0,0,0,0,0,0,0,0,0,0,0,0,0,0,0,0,0,0,0,0,0,0,0,0,0,0,0,0,0,0,0,0,0,0,454597,146382463,44617685,0,0,0,0,0,0,0,0,0,0,0,0,0,0,0,0,0,0,0,0,0,0,0,0,0,0,0,0,0,0,0,0,0,0,0,0,0,2143731712,554696704,130843,33856,0,229,131072,146219636,0,0,1346383304,2147483648,112383762,144635324,0,0,0,0,0,0,0,0,0,0,0,0,0,0,0,0,0,0,8566096,8566172,0,97,97,6265,329,17132298,35,0,0,0,0,0,0,0,1,0,0,0,0,0,0,0,0,0,0,9635294,0,13973184,123667,0,0,0,0,0,0,0,0,16384,0,0,0,0,0,0,0,0,0,0,0,4544,340,0,0,0,0,0,26044661,0,4074,12,3509,338,4544,0,0,0,0,0,0,0,0,0,0,0,0,0,0,0,0,0,0,0,0,0,0,0,0,0,0,0,0,0,0,0,0,0,0,0,0,0,0,0,0,0,0,0,0,0,0,0,0,0,0,0,0,0,109336287,0,0,0,128022188,0,0,0,0,0,0,0,78360940,146290395,184409055,56771520000,45658945,0,0,0,0,0,0,0,0,0,0,0,0,0,0,0,0,0,0,0,0,0,0,0,0,0,0,0,0,0,0,0,12406833,0,0,0,0,0,0,0
1789580424.680,0,0,0,0,0,0,0,266440636,2395400576512,797493480448,0,0,0,0,0,0,0,0,0,0,0,0,0,0,0,0,0,0,0,0,0,0,0,0,0,0,0,0,0,0,0,0,0,0,0,0,0,0,0,0,0,0,0,0,0,0,0,0,0,0,0,0,0,0,0,0,0,0,454609,146388769,44618963,0,0,0,0,0,0,0,0,0,0,0,0,0,0,0,0,0,0,0,0,0,0,0,0,0,0,0,0,0,0,0,0,0,0,0,0,0,2143600640,557383680,130835,34020,0,237,131072,146225937,0,0,1346425842,2147483648,112390004,144639533,0,0,0,0,0,0,0,0,0,0,0,0,0,0,0,0,0,0,8566358,8566437,0,97,97,6265,329,17132834,35,0,0,0,0,0,0,0,1,0,0,0,0,0,0,0,0,0,0,9635592,0,13973184,123667,0,0,0,0,0,0,0,0,16384,0,0,0,0,0,0,0,0,0,0,0,4545,340,0,0,0,0,0,26045468,0,4074,12,3509,338,4545,0,0,0,0,0,0,0,0,0,0,0,0,0,0,0,0,0,0,0,0,0,0,0,0,0,0,0,0,0,0,0,0,0,0,0,0,0,0,0,0,0,0,0,0,0,0,0,0,0,0,0,0,0,109337660,0,0,0,128025953,0,0,0,0,0,0,0,78363122,146296696,184412979,56772304896,45659851,0,0,0,0,0,0,0,0,0,0,0,0,0,0,0,0,0,0,0,0,0,0,0,0,0,0,0,0,0,0,0,12407098,0,0,0,0,0,0,0
1789580425.706,0,0,0,0,0,0,0,266448930,2395505958400,797515433984,0,0,0,0,0,0,0,0,0,0,0,0,0,0,0,0,0,0,0,0,0,0,0,0,0,0,0,0,0,0,0,0,0,0,0,0,0,0,0,0,0,0,0,0,0,0,0,0,0,0,0,0,0,0,0,0,0,0,454620,146395208,44620238,0,0,0,0,0,0,0,0,0,0,0,0,0,0,0,0,0,0,0,0,0,0,0,0,0,0,0,0,0,0,0,0,0,0,0,0,0,2143813632,559677440,130848,34160,0,224,131072,146232374,0,0,1346469052,2147483648,112396332,144643720,0,0,0,0,0,0,0,0,0,0,0,0,0,0,0,0,0,0,8566625,8566704,0,97,97,6265,329,17133360,35,0,0,0,0,0,0,0,1,0,0,0,0,0,0,0,0,0,0,9635890,0,13973184,123667,0,0,0,0,0,0,0,0,16384,0,0,0,0,0,0,0,0,0,0,0,4546,340,0,0,0,0,0,26046270,0,4074,12,3509,338,4546,0,0,0,0,0,0,0,0,0,0,0,0,0,0,0,0,0,0,0,0,0,0,0,0,0,0,0,0,0,0,0,0,0,0,0,0,0,0,0,0,0,0,0,0,0,0,0,0,0,0,0,0,0,109339018,0,0,0,128029696,0,0,0,0,0,0,0,78365280,146303131,184416883,56773087232,45660735,0,0,0,0,0,0,0,0,0,0,0,0,0,0,0,0,0,0,0,0,0,0,0,0,0,0,0,0,0,0,0,12407363,0,0,0,0,0,0,0
1789580426.732,0,0,0,0,0,0,0,266456734,2395604409856,797537387520,0,0,0,0,0,0,0,0,0,0,0,0,0,0,0,0,0,0,0,0,0,0,0,0,0,0,0,0,0,0,0,0,0,0,0,0,0,0,0,0,0,0,0,0,0,0,0,0,0,0,0,0,0,0,0,0,0,0,454633,146401227,44621516,0,0,0,0,0,0,0,0,0,0,0,0,0,0,0,0,0,0,0,0,0,0,0,0,0,0,0,0,0,0,0,0,0,0,0,0,0,2143535104,562921472,130831,34358,0,241,131072,146238387,0,0,1346509895,2147483648,112402310,144648103,0,0,0,0,0,0,0,0,0,0,0,0,0,0,0,0,0,0,8566905,8566982,0,97,97,6265,329,17133913,35,0,0,0,0,0,0,0,1,0,0,0,0,0,0,0,0,0,0,9636203,0,13973184,123667,0,0,0,0,0,0,0,0,16384,0,0,0,0,0,0,0,0,0,0,0,4547,340,0,0,0,0,0,26047109,0,4074,12,3509,338,4547,0,0,0,0,0,0,0,0,0,0,0,0,0,0,0,0,0,0,0,0,0,0,0,0,0,0,0,0,0,0,0,0,0,0,0,0,0,0,0,0,0,0,0,0,0,0,0,0,0,0,0,0,0,109340398,0,0,0,128033600,0,0,0,0,0,0,0,78367452,146309149,184420800,56773888512,45661637,0,0,0,0,0,0,0,0,0,0,0,0,0,0,0,0,0,0,0,0,0,0,0,0,0,0,0,0,0,0,0,12407641,0,0,0,0,0,0,0
1789580427.759,0,0,0,0,0,0,0,266464303,2395702140416,797559360000,0,0,0,0,0,0,0,0,0,0,0,0,0,0,0,0,0,0,0,0,0,0,0,0,0,0,0,0,0,0,0,0,0,0,0,0,0,0,0,0,0,0,0,0,0,0,0,0,0,0,0,0,0,0,0,0,0,0,454646,146407194,44622789,0,0,0,0,0,0,0,0,0,0,0,0,0,0,0,0,0,0,0,0,0,0,0,0,0,0,0,0,0,0,0,0,0,0,0,0,0,2143797248,563691520,130848,34405,0,224,131072,146244351,0,0,1346549471,2147483648,112408201,144651958,0,0,0,0,0,0,0,0,0,0,0,0,0,0,0,0,0,0,8567151,8567229,0,97,97,6265,329,17134386,35,0,0,0,0,0,0,0,1,0,0,0,0,0,0,0,0,0,0,9636478,0,13973184,123667,0,0,0,0,0,0,0,0,16384,0,0,0,0,0,0,0,0,0,0,0,4548,340,0,0,0,0,0,26047851,0,4074,12,3509,338,4548,0,0,0,0,0,0,0,0,0,0,0,0,0,0,0,0,0,0,0,0,0,0,0,0,0,0,0,0,0,0,0,0,0,0,0,0,0,0,0,0,0,0,0,0,0,0,0,0,0,0,0,0,0,109341700,0,0,0,128037029,0,0,0,0,0,0,0,78369605,146315126,184424652,56774637056,45662513,0,0,0,0,0,0,0,0,0,0,0,0,0,0,0,0,0,0,0,0,0,0,0,0,0,0,0,0,0,0,0,12407886,0,0,0,0,0,0,0
1789580428.785,0,0,0,0,0,0,0,266471700,2395796266496,797578497024,0,0,0,0,0,0,0,0,0,0,0,0,0,0,0,0,0,0,0,0,0,0,0,0,0,0,0,0,0,0,0,0,0,0,0,0,0,0,0,0,0,0,0,0,0,0,0,0,0,0,0,0,0,0,0,0,0,0,454656,146412959,44623898,0,0,0,0,0,0,0,0,0,0,0,0,0,0,0,0,0,0,0,0,0,0,0,0,0,0,0,0,0,0,0,0,0,0,0,0,0,2143649792,567640064,130838,34646,0,234,131072,146250109,0,0,1346588178,2147483648,112413910,144655949,0,0,0,0,0,0,0,0,0,0,0,0,0,0,0,0,0,0,8567407,8567487,0,97,97,6265,329,17134884,35,0,0,0,0,0,0,0,1,0,0,0,0,0,0,0,0,0,0,9636768,0,13973184,123667,0,0,0,0,0,0,0,0,16384,0,0,0,0,0,0,0,0,0,0,0,4549,340,0,0,0,0,0,26048645,0,4074,12,3509,338,4549,0,0,0,0,0,0,0,0,0,0,0,0,0,0,0,0,0,0,0,0,0,0,0,0,0,0,0,0,0,0,0,0,0,0,0,0,0,0,0,0,0,0,0,0,0,0,0,0,0,0,0,0,0,109343003,0,0,0,128040585,0,0,0,0,0,0,0,78371554,146320878,184428164,56775385088,45663358,0,0,0,0,0,0,0,0,0,0,0,0,0,0,0,0,0,0,0,0,0,0,0,0,0,0,0,0,0,0,0,12408144,0,0,0,0,0,0,0
1789580429.810,0,0,0,0,0,0,0,266479039,2395889999360,797598503424,0,0,0,0,0,0,0,0,0,0,0,0,0,0,0,0,0,0,0,0,0,0,0,0,0,0,0,0,0,0,0,0,0,0,0,0,0,0,0,0,0,0,0,0,0,0,0,0,0,0,0,0,0,0,0,0,0,0,454665,146418688,44625058,0,0,0,0,0,0,0,0,0,0,0,0,0,0,0,0,0,0,0,0,0,0,0,0,0,0,0,0,0,0,0,0,0,0,0,0,0,2143764480,569360384,130845,34751,0,227,131072,146255835,0,0,1346626567,2147483648,112419576,144659620,0,0,0,0,0,0,0,0,0,0,0,0,0,0,0,0,0,0,8567637,8567714,0,97,97,6265,329,17135364,35,0,0,0,0,0,0,0,1,0,0,0,0,0,0,0,0,0,0,9637021,0,13973184,123667,0,0,0,0,0,0,0,0,16384,0,0,0,0,0,0,0,0,0,0,0,4550,340,0,0,0,0,0,26049324,0,4074,12,3509,338,4550,0,0,0,0,0,0,0,0,0,0,0,0,0,0,0,0,0,0,0,0,0,0,0,0,0,0,0,0,0,0,0,0,0,0,0,0,0,0,0,0,0,0,0,0,0,0,0,0,0,0,0,0,0,109344225,0,0,0,128043886,0,0,0,0,0,0,0,78373541,146326603,184431706,56776088576,45664184,0,0,0,0,0,0,0,0,0,0,0,0,0,0,0,0,0,0,0,0,0,0,0,0,0,0,0,0,0,0,0,12408368,0,0,0,0,0,0,0
1789580430.836,0,0,0,0,0,0,0,266487021,2395991825920,797620980224,0,0,0,0,0,0,0,0,0,0,0,0,0,0,0,0,0,0,0,0,0,0,0,0,0,0,0,0,0,0,0,0,0,0,0,0,0,0,0,0,0,0,0,0,0,0,0,0,0,0,0,0,0,0,0,0,0,0,454677,146424909,44626371,0,0,0,0,0,0,0,0,0,0,0,0,0,0,0,0,0,0,0,0,0,0,0,0,0,0,0,0,0,0,0,0,0,0,0,0,0,2143993856,572194816,130859,34924,0,213,131072,146262053,0,0,1346668287,2147483648,112425719,144664012,0,0,0,0,0,0,0,0,0,0,0,0,0,0,0,0,0,0,8567914,8567990,0,97,97,6265,329,17135918,35,0,0,0,0,0,0,0,1,0,0,0,0,0,0,0,0,0,0,9637326,0,13973184,123667,0,0,0,0,0,0,0,0,16384,0,0,0,0,0,0,0,0,0,0,0,4551,340,0,0,0,0,0,26050145,0,4074,12,3509,338,4551,0,0,0,0,0,0,0,0,0,0,0,0,0,0,0,0,0,0,0,0,0,0,0,0,0,0,0,0,0,0,0,0,0,0,0,0,0,0,0,0,0,0,0,0,0,0,0,0,0,0,0,0,0,109345589,0,0,0,128047795,0,0,0,0,0,0,0,78375748,146332823,184435675,56776900608,45665089,0,0,0,0,0,0,0,0,0,0,0,0,0,0,0,0,0,0,0,0,0,0,0,0,0,0,0,0,0,0,0,12408639,0,0,0,0,0,0,0
1789580431.862,0,0,0,0,0,0,0,266494788,2396090457600,797642380288,0,0,0,0,0,0,0,0,0,0,0,0,0,0,0,0,0,0,0,0,0,0,0,0,0,0,0,0,0,0,0,0,0,0,0,0,0,0,0,0,0,0,0,0,0,0,0,0,0,0,0,0,0,0,0,0,0,0,454687,146430934,44627604,0,0,0,0,0,0,0,0,0,0,0,0,0,0,0,0,0,0,0,0,0,0,0,0,0,0,0,0,0,0,0,0,0,0,0,0,0,2143961088,574111744,130857,35041,0,215,131072,146268073,0,0,1346708919,2147483648,112431676,144667980,0,0,0,0,0,0,0,0,0,0,0,0,0,0,0,0,0,0,8568164,8568243,0,97,97,6265,329,17136414,35,0,0,0,0,0,0,0,1,0,0,0,0,0,0,0,0,0,0,9637614,0,13973184,123667,0,0,0,0,0,0,0,0,16384,0,0,0,0,0,0,0,0,0,0,0,4552,340,0,0,0,0,0,26050925,0,4074,12,3509,338,4552,0,0,0,0,0,0,0,0,0,0,0,0,0,0,0,0,0,0,0,0,0,0,0,0,0,0,0,0,0,0,0,0,0,0,0,0,0,0,0,0,0,0,0,0,0,0,0,0,0,0,0,0,0,109346939,0,0,0,128051345,0,0,0,0,0,0,0,78377857,146338849,184439507,56777666560,45665957,0,0,0,0,0,0,0,0,0,0,0,0,0,0,0,0,0,0,0,0,0,0,0,0,0,0,0,0,0,0,0,12408895,0,0,0,0,0,0,0
1789580432.888,0,0,0,0,0,0,0,266502545,2396189679104,797664158208,0,0,0,0,0,0,0,0,0,0,0,0,0,0,0,0,0,0,0,0,0,0,0,0,0,0,0,0,0,0,0,0,0,0,0,0,0,0,0,0,0,0,0,0,0,0,0,0,0,0,0,0,0,0,0,0,0,0,454697,146437005,44628862,0,0,0,0,0,0,0,0,0,0,0,0,0,0,0,0,0,0,0,0,0,0,0,0,0,0,0,0,0,0,0,0,0,0,0,0,0,2144239616,576339968,130874,35177,0,198,131072,146274140,0,0,1346749687,2147483648,112437646,144672074,0,0,0,0,0,0,0,0,0,0,0,0,0,0,0,0,0,0,8568428,8568505,0,97,97,6265,329,17136953,35,0,0,0,0,0,0,0,1,0,0,0,0,0,0,0,0,0,0,9637892,0,13973184,123667,0,0,0,0,0,0,0,0,16384,0,0,0,0,0,0,0,0,0,0,0,4553,340,0,0,0,0,0,26051665,0,4074,12,3509,338,4553,0,0,0,0,0,0,0,0,0,0,0,0,0,0,0,0,0,0,0,0,0,0,0,0,0,0,0,0,0,0,0,0,0,0,0,0,0,0,0,0,0,0,0,0,0,0,0,0,0,0,0,0,0,109348268,0,0,0,128055061,0,0,0,0,0,0,0,78379988,146344914,184443361,56778432000,45666826,0,0,0,0,0,0,0,0,0,0,0,0,0,0,0,0,0,0,0,0,0,0,0,0,0,0,0,0,0,0,0,12409139,0,0,0,0,0,0,0
1789580433.913,0,0,0,0,0,0,0,266510235,2396288212480,797684308480,0,0,0,0,0,0,0,0,0,0,0,0,0,0,0,0,0,0,0,0,0,0,0,0,0,0,0,0,0,0,0,0,0,0,0,0,0,0,0,0,0,0,0,0,0,0,0,0,0,0,0,0,0,0,0,0,0,0,454707,146443032,44630031,0,0,0,0,0,0,0,0,0,0,0,0,0,0,0,0,0,0,0,0,0,0,0,0,0,0,0,0,0,0,0,0,0,0,0,0,0,2143895552,579354624,130853,35361,0,219,131072,146280165,0,0,1346789973,2147483648,112443645,144676087,0,0,0,0,0,0,0,0,0,0,0,0,0,0,0,0,0,0,8568687,8568763,0,97,97,6265,329,17137451,35,0,0,0,0,0,0,0,1,0,0,0,0,0,0,0,0,0,0,9638178,0,13973184,123667,0,0,0,0,0,0,0,0,16384,0,0,0,0,0,0,0,0,0,0,0,4554,340,0,0,0,0,0,26052442,0,4074,12,3509,338,4554,0,0,0,0,0,0,0,0,0,0,0,0,0,0,0,0,0,0,0,0,0,0,0,0,0,0,0,0,0,0,0,0,0,0,0,0,0,0,0,0,0,0,0,0,0,0,0,0,0,0,0,0,0,109349573,0,0,0,128058649,0,0,0,0,0,0,0,78382016,146350935,184446995,56779186176,45667689,0,0,0,0,0,0,0,0,0,0,0,0,0,0,0,0,0,0,0,0,0,0,0,0,0,0,0,0,0,0,0,12409394,0,0,0,0,0,0,0
1789580434.939,0,0,0,0,0,0,0,266517803,2396384878080,797705870848,0,0,0,0,0,0,0,0,0,0,0,0,0,0,0,0,0,0,0,0,0,0,0,0,0,0,0,0,0,0,0,0,0,0,0,0,0,0,0,0,0,0,0,0,0,0,0,0,0,0,0,0,0,0,0,0,0,0,454713,146448940,44631279,0,0,0,0,0,0,0,0,0,0,0,0,0,0,0,0,0,0,0,0,0,0,0,0,0,0,0,0,0,0,0,0,0,0,0,0,0,2144059392,580403200,130863,35425,0,209,131072,146286070,0,0,1346829569,2147483648,112449462,144679904,0,0,0,0,0,0,0,0,0,0,0,0,0,0,0,0,0,0,8568930,8569010,0,97,97,6265,329,17137940,35,0,0,0,0,0,0,0,1,0,0,0,0,0,0,0,0,0,0,9638453,0,13973184,123667,0,0,0,0,0,0,0,0,16384,0,0,0,0,0,0,0,0,0,0,0,4555,340,0,0,0,0,0,26053184,0,4074,12,3509,338,4555,0,0,0,0,0,0,0,0,0,0,0,0,0,0,0,0,0,0,0,0,0,0,0,0,0,0,0,0,0,0,0,0,0,0,0,0,0,0,0,0,0,0,0,0,0,0,0,0,0,0,0,0,0,109350863,0,0,0,128062093,0,0,0,0,0,0,0,78384112,146356839,184450793,56779918336,45668531,0,0,0,0,0,0,0,0,0,0,0,0,0,0,0,0,0,0,0,0,0,0,0,0,0,0,0,0,0,0,0,12409639,0,0,0,0,0,0,0
1789580435.966,0,0,0,0,0,0,0,266525655,2396484476416,797726417408,0,0,0,0,0,0,0,0,0,0,0,0,0,0,0,0,0,0,0,0,0,0,0,0,0,0,0,0,0,0,0,0,0,0,0,0,0,0,0,0,0,0,0,0,0,0,0,0,0,0,0,0,0,0,0,0,0,0,454727,146455029,44632474,0,0,0,0,0,0,0,0,0,0,0,0,0,0,0,0,0,0,0,0,0,0,0,0,0,0,0,0,0,0,0,0,0,0,0,0,0,2143862784,584220672,130851,35658,0,221,131072,146292151,0,0,1346870578,2147483648,112455496,144684121,0,0,0,0,0,0,0,0,0,0,0,0,0,0,0,0,0,0,8569195,8569275,0,97,97,6265,329,17138467,35,0,0,0,0,0,0,0,1,0,0,0,0,0,0,0,0,0,0,9638756,0,13973184,123667,0,0,0,0,0,0,0,0,16384,0,0,0,0,0,0,0,0,0,0,0,4556,340,0,0,0,0,0,26053997,0,4074,12,3509,338,4556,0,0,0,0,0,0,0,0,0,0,0,0,0,0,0,0,0,0,0,0,0,0,0,0,0,0,0,0,0,0,0,0,0,0,0,0,0,0,0,0,0,0,0,0,0,0,0,0,0,0,0,0,0,109352235,0,0,0,128065834,0,0,0,0,0,0,0,78386208,146362924,184454534,56780720640,45669442,0,0,0,0,0,0,0,0,0,0,0,0,0,0,0,0,0,0,0,0,0,0,0,0,0,0,0,0,0,0,0,12409909,0,0,0,0,0,0,0
1789580436.992,0,0,0,0,0,0,0,266533666,2396586941952,797748284416,0,0,0,0,0,0,0,0,0,0,0,0,0,0,0,0,0,0,0,0,0,0,0,0,0,0,0,0,0,0,0,0,0,0,0,0,0,0,0,0,0,0,0,0,0,0,0,0,0,0,0,0,0,0,0,0,0,0,454736,146461293,44633754,0,0,0,0,0,0,0,0,0,0,0,0,0,0,0,0,0,0,0,0,0,0,0,0,0,0,0,0,0,0,0,0,0,0,0,0,0,2144354304,585105408,130880,35712,1,192,131072,146298413,0,0,1346912755,2147483648,112461671,144688033,0,0,0,0,0,0,0,0,0,0,0,0,0,0,0,0,0,0,8569452,8569530,0,97,97,6265,329,17138963,35,0,0,0,0,0,0,0,1,0,0,0,0,0,0,0,0,0,0,9639032,0,13973184,123667,0,0,0,0,0,0,0,0,16384,0,0,0,0,0,0,0,0,0,0,0,4557,340,0,0,0,0,0,26054741,0,4074,12,3509,338,4557,0,0,0,0,0,0,0,0,0,0,0,0,0,0,0,0,0,0,0,0,0,0,0,0,0,0,0,0,0,0,0,0,0,0,0,0,0,0,0,0,0,0,0,0,0,0,0,0,0,0,0,0,0,109353580,0,0,0,128069371,0,0,0,0,0,0,0,78388340,146369187,184458419,56781477376,45670305,0,0,0,0,0,0,0,0,0,0,0,0,0,0,0,0,0,0,0,0,0,0,0,0,0,0,0,0,0,0,0,12410153,0,0,0,0,0,0,0
1789580438.018,0,0,0,0,0,0,0,266542201,2396695387648,797771763200,0,0,0,0,0,0,0,0,0,0,0,0,0,0,0,0,0,0,0,0,0,0,0,0,0,0,0,0,0,0,0,0,0,0,0,0,0,0,0,0,0,0,0,0,0,0,0,0,0,0,0,0,0,0,0,0,0,0,454743,146467922,44635113,0,0,0,0,0,0,0,0,0,0,0,0,0,0,0,0,0,0,0,0,0,0,0,0,0,0,0,0,0,0,0,0,0,0,0,0,0,2144452608,587218944,130887,35841,0,185,131072,146305040,0,0,1346957390,2147483648,112468219,144692391,0,0,0,0,0,0,0,0,0,0,0,0,0,0,0,0,0,0,8569738,8569813,0,97,97,6265,329,17139524,35,0,0,0,0,0,0,0,1,0,0,0,0,0,0,0,0,0,0,9639339,0,13973184,123667,0,0,0,0,0,0,0,0,16384,0,0,0,0,0,0,0,0,0,0,0,4558,340,0,0,0,0,0,26055571,0,4074,12,3509,338,4558,0,0,0,0,0,0,0,0,0,0,0,0,0,0,0,0,0,0,0,0,0,0,0,0,0,0,0,0,0,0,0,0,0,0,0,0,0,0,0,0,0,0,0,0,0,0,0,0,0,0,0,0,0,109355031,0,0,0,128073333,0,0,0,0,0,0,0,78390652,146375818,184462593,56782309888,45671255,0,0,0,0,0,0,0,0,0,0,0,0,0,0,0,0,0,0,0,0,0,0,0,0,0,0,0,0,0,0,0,12410425,0,0,0,0,0,0,0
1789580439.043,0,0,0,0,0,0,0,266551537,2396815154688,797797340160,0,0,0,0,0,0,0,0,0,0,0,0,0,0,0,0,0,0,0,0,0,0,0,0,0,0,0,0,0,0,0,0,0,0,0,0,0,0,0,0,0,0,0,0,0,0,0,0,0,0,0,0,0,0,0,0,0,0,454758,146475244,44636600,0,0,0,0,0,0,0,0,0,0,0,0,0,0,0,0,0,0,0,0,0,0,0,0,0,0,0,0,0,0,0,0,0,0,0,0,0,2144845824,589070336,130911,35954,0,161,131072,146312358,0,0,1347006577,2147483648,112475415,144697059,0,0,0,0,0,0,0,0,0,0,0,0,0,0,0,0,0,0,8570033,8570110,0,97,97,6265,329,17140130,35,0,0,0,0,0,0,0,1,0,0,0,0,0,0,0,0,0,0,9639662,0,13973184,123667,0,0,0,0,0,0,0,0,16384,0,0,0,0,0,0,0,0,0,0,0,4559,340,0,0,0,0,0,26056442,0,4074,12,3509,338,4559,0,0,0,0,0,0,0,0,0,0,0,0,0,0,0,0,0,0,0,0,0,0,0,0,0,0,0,0,0,0,0,0,0,0,0,0,0,0,0,0,0,0,0,0,0,0,0,0,0,0,0,0,0,109356543,0,0,0,128077571,0,0,0,0,0,0,0,78393123,146383130,184467075,56783182848,45672241,0,0,0,0,0,0,0,0,0,0,0,0,0,0,0,0,0,0,0,0,0,0,0,0,0,0,0,0,0,0,0,12410711,0,0,0,0,0,0,0
1789580440.069,0,0,0,0,0,0,0,266561358,2396940508672,797825153024,0,0,0,0,0,0,0,0,0,0,0,0,0,0,0,0,0,0,0,0,0,0,0,0,0,0,0,0,0,0,0,0,0,0,0,0,0,0,0,0,0,0,0,0,0,0,0,0,0,0,0,0,0,0,0,0,0,0,454776,146482902,44638210,0,0,0,0,0,0,0,0,0,0,0,0,0,0,0,0,0,0,0,0,0,0,0,0,0,0,0,0,0,0,0,0,0,0,0,0,0,2144845824,590970880,130911,36070,0,161,131072,146320015,0,0,1347057939,2147483648,112482986,144702144,0,0,0,0,0,0,0,0,0,0,0,0,0,0,0,0,0,0,8570351,8570440,0,97,97,6265,329,17140769,35,0,0,0,0,0,0,0,1,0,0,0,0,0,0,0,0,0,0,9640043,0,13973184,123667,0,0,0,0,0,0,0,0,16384,0,0,0,0,0,0,0,0,0,0,0,4560,340,0,0,0,0,0,26057475,0,4074,12,3509,338,4560,0,0,0,0,0,0,0,0,0,0,0,0,0,0,0,0,0,0,0,0,0,0,0,0,0,0,0,0,0,0,0,0,0,0,0,0,0,0,0,0,0,0,0,0,0,0,0,0,0,0,0,0,0,109358090,0,0,0,128082093,0,0,0,0,0,0,0,78395756,146390787,184471858,56784097792,45673256,0,0,0,0,0,0,0,0,0,0,0,0,0,0,0,0,0,0,0,0,0,0,0,0,0,0,0,0,0,0,0,12411051,0,0,0,0,0,0,0
1789580441.096,0,0,0,0,0,0,0,266571850,2397074447872,797854070784,0,0,0,0,0,0,0,0,0,0,0,0,0,0,0,0,0,0,0,0,0,0,0,0,0,0,0,0,0,0,0,0,0,0,0,0,0,0,0,0,0,0,0,0,0,0,0,0,0,0,0,0,0,0,0,0,0,0,454800,146491085,44639896,0,0,0,0,0,0,0,0,0,0,0,0,0,0,0,0,0,0,0,0,0,0,0,0,0,0,0,0,0,0,0,0,0,0,0,0,0,2145206272,594116608,130932,36263,1,140,131072,146328188,0,0,1347113031,2147483648,112491076,144707615,0,0,0,0,0,0,0,0,0,0,0,0,0,0,0,0,0,0,8570712,8570795,0,97,97,6265,329,17141468,35,0,0,0,0,0,0,0,1,0,0,0,0,0,0,0,0,0,0,9640411,0,13973184,123667,0,0,0,0,0,0,0,0,16384,0,0,0,0,0,0,0,0,0,0,0,4561,340,0,0,0,0,0,26058456,0,4074,12,3509,338,4561,0,0,0,0,0,0,0,0,0,0,0,0,0,0,0,0,0,0,0,0,0,0,0,0,0,0,0,0,0,0,0,0,0,0,0,0,0,0,0,0,0,0,0,0,0,0,0,0,0,0,0,0,0,109359711,0,0,0,128087008,0,0,0,0,0,0,0,78398482,146398973,184476839,56785076736,45674302,0,0,0,0,0,0,0,0,0,0,0,0,0,0,0,0,0,0,0,0,0,0,0,0,0,0,0,0,0,0,0,12411375,0,0,0,0,0,0,0
1789580442.122,0,0,0,0,0,0,0,266582454,2397210041856,797882966528,0,0,0,0,0,0,0,0,0,0,0,0,0,0,0,0,0,0,0,0,0,0,0,0,0,0,0,0,0,0,0,0,0,0,0,0,0,0,0,0,0,0,0,0,0,0,0,0,0,0,0,0,0,0,0,0,0,0,454822,146499373,44641569,0,0,0,0,0,0,0,0,0,0,0,0,0,0,0,0,0,0,0,0,0,0,0,0,0,0,0,0,0,0,0,0,0,0,0,0,0,2144976896,596869120,130919,36430,0,153,131072,146336472,0,0,1347168267,2147483648,112499290,144713104,0,0,0,0,0,0,0,0,0,0,0,0,0,0,0,0,0,0,8571052,8571142,0,97,97,6265,329,17142144,35,0,0,0,0,0,0,0,1,0,0,0,0,0,0,0,0,0,0,9640815,0,13973184,123667,0,0,0,0,0,0,0,0,16384,0,0,0,0,0,0,0,0,0,0,0,4562,340,0,0,0,0,0,26059558,0,4074,12,3509,338,4562,0,0,0,0,0,0,0,0,0,0,0,0,0,0,0,0,0,0,0,0,0,0,0,0,0,0,0,0,0,0,0,0,0,0,0,0,0,0,0,0,0,0,0,0,0,0,0,0,0,0,0,0,0,109361350,0,0,0,128091852,0,0,0,0,0,0,0,78401218,146407255,184481832,56786043904,45675360,0,0,0,0,0,0,0,0,0,0,0,0,0,0,0,0,0,0,0,0,0,0,0,0,0,0,0,0,0,0,0,12411737,0,0,0,0,0,0,0
1789580443.148,0,0,0,0,0,0,0,266592784,2397341752832,797910518784,0,0,0,0,0,0,0,0,0,0,0,0,0,0,0,0,0,0,0,0,0,0,0,0,0,0,0,0,0,0,0,0,0,0,0,0,0,0,0,0,0,0,0,0,0,0,0,0,0,0,0,0,0,0,0,0,0,0,454848,146507424,44643181,0,0,0,0,0,0,0,0,0,0,0,0,0,0,0,0,0,0,0,0,0,0,0,0,0,0,0,0,0,0,0,0,0,0,0,0,0,2145370112,600096768,130943,36627,0,129,131072,146344520,0,0,1347222599,2147483648,112507237,144718460,0,0,0,0,0,0,0,0,0,0,0,0,0,0,0,0,0,0,8571396,8571485,0,97,97,6265,329,17142834,35,0,0,0,0,0,0,0,1,0,0,0,0,0,0,0,0,0,0,9641190,0,13973184,123667,0,0,0,0,0,0,0,0,16384,0,0,0,0,0,0,0,0,0,0,0,4563,340,0,0,0,0,0,26060568,0,4074,12,3509,338,4563,0,0,0,0,0,0,0,0,0,0,0,0,0,0,0,0,0,0,0,0,0,0,0,0,0,0,0,0,0,0,0,0,0,0,0,0,0,0,0,0,0,0,0,0,0,0,0,0,0,0,0,0,0,109362966,0,0,0,128096636,0,0,0,0,0,0,0,78403868,146415307,184486642,56787003904,45676412,0,0,0,0,0,0,0,0,0,0,0,0,0,0,0,0,0,0,0,0,0,0,0,0,0,0,0,0,0,0,0,12412069,0,0,0,0,0,0,0
1789580444.174,0,0,0,0,0,0,0,266605642,2397505232384,797947875840,0,0,0,0,0,0,0,0,0,0,0,0,0,0,0,0,0,0,0,0,0,0,0,0,0,0,0,0,0,0,0,0,0,0,0,0,0,0,0,0,0,0,0,0,0,0,0,0,0,0,0,0,0,0,0,0,0,0,454875,146517414,44645365,0,0,0,0,0,0,0,0,0,0,0,0,0,0,0,0,0,0,0,0,0,0,0,0,0,0,0,0,0,0,0,0,0,0,0,0,0,2145353728,601636864,130942,36721,0,130,131072,146354502,0,0,1347291034,2147483648,112517013,144725259,0,0,0,0,0,0,0,0,0,0,0,0,0,0,0,0,0,0,8571832,8571913,0,97,97,6265,329,17143707,35,0,0,0,0,0,0,0,1,0,0,0,0,0,0,0,0,0,0,9641664,0,13973312,123668,0,0,0,0,0,0,0,0,16384,0,0,0,0,0,0,0,0,0,0,0,4564,340,0,0,0,0,0,26061847,0,4074,12,3509,338,4564,0,0,0,0,0,0,0,0,0,0,0,0,0,0,0,0,0,0,0,0,0,0,0,0,0,0,0,0,0,0,0,0,0,0,0,0,0,0,0,0,0,0,0,0,0,0,0,0,0,0,0,0,0,109364789,0,0,0,128102727,0,0,0,0,0,0,0,78407082,146425292,184492696,56788134400,45677573,1,0,0,0,0,0,0,0,0,0,0,0,0,0,0,0,0,0,0,0,0,0,0,0,0,0,0,0,0,0,0,12412488,0,0,0,0,0,0,0
1789580445.199,0,0,0,0,0,0,0,266621505,2397707902464,797990857728,0,0,0,0,0,0,0,0,0,0,0,0,0,0,0,0,0,0,0,0,0,0,0,0,0,0,0,0,0,0,0,0,0,0,0,0,0,0,0,0,0,0,0,0,0,0,0,0,0,0,0,0,0,0,0,0,0,0,454924,146529805,44647878,0,0,0,0,0,0,0,0,0,0,0,0,0,0,0,0,0,0,0,0,0,0,0,0,0,0,0,0,0,0,0,0,0,0,0,0,0,2145730560,607617024,130965,37086,0,107,131072,146366887,0,0,1347375362,2147483648,112529212,144733627,0,0,0,0,0,0,0,0,0,0,0,0,0,0,0,0,0,0,8572372,8572456,0,97,97,6265,329,17144755,35,0,0,0,0,0,0,0,1,0,0,0,0,0,0,0,0,0,0,9642224,0,13973312,123668,0,0,0,0,0,0,0,0,16384,0,0,0,0,0,0,0,0,0,0,0,4565,340,0,0,0,0,0,26063349,0,4074,12,3509,338,4565,0,0,0,0,0,0,0,0,0,0,0,0,0,0,0,0,0,0,0,0,0,0,0,0,0,0,0,0,0,0,0,0,0,0,0,0,0,0,0,0,0,0,0,0,0,0,0,0,0,0,0,0,0,109366814,0,0,0,128110200,0,0,0,0,0,0,0,78410880,146437682,184499729,56789452800,45678865,0,0,0,0,0,0,0,0,0,0,0,0,0,0,0,0,0,0,0,0,0,0,0,0,0,0,0,0,0,0,0,12412982,0,0,0,0,0,0,0
1789580446.225,0,0,0,0,0,0,0,266636429,2397898006016,798031650304,0,0,0,0,0,0,0,0,0,0,0,0,0,0,0,0,0,0,0,0,0,0,0,0,0,0,0,0,0,0,0,0,0,0,0,0,0,0,0,0,0,0,0,0,0,0,0,0,0,0,0,0,0,0,0,0,0,0,454971,146541421,44650246,0,0,0,0,0,0,0,0,0,0,0,0,0,0,0,0,0,0,0,0,0,0,0,0,0,0,0,0,0,0,0,0,0,0,0,0,0,2145501184,614498304,130950,37506,0,122,131072,146378493,0,0,1347452743,2147483648,112540692,144741829,0,0,0,0,0,0,0,0,0,0,0,0,0,0,0,0,0,0,8572867,8572950,0,97,97,6265,329,17145774,35,0,0,0,0,0,0,0,1,0,0,0,0,0,0,0,0,0,0,9642798,0,13973312,123668,0,0,0,0,0,0,0,0,16384,0,0,0,0,0,0,0,0,0,0,0,4566,340,0,0,0,0,0,26064904,0,4074,12,3509,338,4566,0,0,0,0,0,0,0,0,0,0,0,0,0,0,0,0,0,0,0,0,0,0,0,0,0,0,0,0,0,0,0,0,0,0,0,0,0,0,0,0,0,0,0,0,0,0,0,0,0,0,0,0,0,109368781,0,0,0,128117389,0,0,0,0,0,0,0,78414490,146449292,184506445,56790721536,45680101,0,0,0,0,0,0,0,0,0,0,0,0,0,0,0,0,0,0,0,0,0,0,0,0,0,0,0,0,0,0,0,12413493,0,0,0,0,0,0,0
1789580447.251,0,0,0,0,0,0,0,266650390,2398076132864,798089363968,0,0,0,0,0,0,0,0,0,0,0,0,0,0,0,0,0,0,0,0,0,0,0,0,0,0,0,0,0,0,0,0,0,0,0,0,0,0,0,0,0,0,0,0,0,0,0,0,0,0,0,0,0,0,0,0,0,0,455002,146552316,44653671,0,0,0,0,0,0,0,0,0,0,0,0,0,0,0,0,0,0,0,0,0,0,0,0,0,0,0,0,0,0,0,0,0,0,0,0,0,2145419264,598605824,130946,36536,0,126,131072,146389377,0,0,1347525649,2147483648,112550792,144748999,0,0,0,0,0,0,0,0,0,0,0,0,0,0,0,0,0,0,8573323,8573411,0,97,97,6265,329,17146656,35,0,0,0,0,0,0,0,1,0,0,0,0,0,0,0,0,0,0,9643312,0,13974458,123678,0,0,0,0,0,0,0,0,16384,0,0,0,0,0,0,0,0,0,0,0,4567,340,0,0,0,0,0,26066298,0,4074,12,3509,338,4567,0,0,0,0,0,0,0,0,0,0,0,0,0,0,0,0,0,0,0,0,0,0,0,0,0,0,0,0,0,0,0,0,0,0,0,0,0,0,0,0,0,0,0,0,0,0,0,0,0,0,0,0,0,109370662,0,0,0,128123765,0,0,0,0,0,0,0,78418143,146460180,184514035,56791907840,45681285,1,0,0,0,0,0,0,0,0,0,0,0,0,0,0,0,0,0,0,0,0,0,0,0,0,0,0,0,0,0,0,12413951,0,0,0,0,0,0,0
1789580448.277,0,0,0,0,0,0,0,266664724,2398259355136,798127305728,0,0,0,0,0,0,0,0,0,0,0,0,0,0,0,0,0,0,0,0,0,0,0,0,0,0,0,0,0,0,0,0,0,0,0,0,0,0,0,0,0,0,0,0,0,0,0,0,0,0,0,0,0,0,0,0,0,0,455049,146563511,44655871,0,0,0,0,0,0,0,0,0,0,0,0,0,0,0,0,0,0,0,0,0,0,0,0,0,0,0,0,0,0,0,0,0,0,0,0,0,2145353728,605798400,130942,36975,0,130,131072,146400568,0,0,1347600430,2147483648,112561860,144756720,0,0,0,0,0,0,0,0,0,0,0,0,0,0,0,0,0,0,8573790,8573879,0,97,97,6265,329,17147623,35,0,0,0,0,0,0,0,1,0,0,0,0,0,0,0,0,0,0,9643862,0,13974458,123678,0,0,0,0,0,0,0,0,16384,0,0,0,0,0,0,0,0,0,0,0,4568,340,0,0,0,0,0,26067788,0,4074,12,3509,338,4568,0,0,0,0,0,0,0,0,0,0,0,0,0,0,0,0,0,0,0,0,0,0,0,0,0,0,0,0,0,0,0,0,0,0,0,0,0,0,0,0,0,0,0,0,0,0,0,0,0,0,0,0,0,109372572,0,0,0,128130527,0,0,0,0,0,0,0,78421576,146471373,184520355,56793135104,45682511,0,0,0,0,0,0,0,0,0,0,0,0,0,0,0,0,0,0,0,0,0,0,0,0,0,0,0,0,0,0,0,12414441,0,0,0,0,0,0,0
1789580449.303,0,0,0,0,0,0,0,266678285,2398432189952,798164672000,0,0,0,0,0,0,0,0,0,0,0,0,0,0,0,0,0,0,0,0,0,0,0,0,0,0,0,0,0,0,0,0,0,0,0,0,0,0,0,0,0,0,0,0,0,0,0,0,0,0,0,0,0,0,0,0,0,0,455084,146574083,44658057,0,0,0,0,0,0,0,0,0,0,0,0,0,0,0,0,0,0,0,0,0,0,0,0,0,0,0,0,0,0,0,0,0,0,0,0,0,2145337344,609009664,130941,37171,0,130,131072,146411134,0,0,1347671993,2147483648,112572306,144763615,0,0,0,0,0,0,0,0,0,0,0,0,0,0,0,0,0,0,8574217,8574306,0,97,97,6265,329,17148484,35,0,0,0,0,0,0,0,1,0,0,0,0,0,0,0,0,0,0,9644332,0,13974458,123678,0,0,0,0,0,0,0,0,16384,0,0,0,0,0,0,0,0,0,0,0,4569,340,0,0,0,0,0,26069051,0,4074,12,3509,338,4569,0,0,0,0,0,0,0,0,0,0,0,0,0,0,0,0,0,0,0,0,0,0,0,0,0,0,0,0,0,0,0,0,0,0,0,0,0,0,0,0,0,0,0,0,0,0,0,0,0,0,0,0,0,109374428,0,0,0,128136674,0,0,0,0,0,0,0,78424928,146481943,184526564,56794283520,45683685,0,0,0,0,0,0,0,0,0,0,0,0,0,0,0,0,0,0,0,0,0,0,0,0,0,0,0,0,0,0,0,12414858,0,0,0,0,0,0,0
1789580450.329,0,0,0,0,0,0,0,266693303,2398622539264,798208069120,0,0,0,0,0,0,0,0,0,0,0,0,0,0,0,0,0,0,0,0,0,0,0,0,0,0,0,0,0,0,0,0,0,0,0,0,0,0,0,0,0,0,0,0,0,0,0,0,0,0,0,0,0,0,0,0,0,0,455126,146585715,44660587,0,0,0,0,0,0,0,0,0,0,0,0,0,0,0,0,0,0,0,0,0,0,0,0,0,0,0,0,0,0,0,0,0,0,0,0,0,2145812480,612532224,130970,37386,0,102,131072,146422763,0,0,1347750194,2147483648,112583758,144771667,0,0,0,0,0,0,0,0,0,0,0,0,0,0,0,0,0,0,8574735,8574824,0,97,97,6265,329,17149499,35,0,0,0,0,0,0,0,1,0,0,0,0,0,0,0,0,0,0,9644893,0,13974458,123678,0,0,0,0,0,0,0,0,16384,0,0,0,0,0,0,0,0,0,0,0,4570,340,0,0,0,0,0,26070567,0,4074,12,3509,338,4570,0,0,0,0,0,0,0,0,0,0,0,0,0,0,0,0,0,0,0,0,0,0,0,0,0,0,0,0,0,0,0,0,0,0,0,0,0,0,0,0,0,0,0,0,0,0,0,0,0,0,0,0,0,109376465,0,0,0,128143848,0,0,0,0,0,0,0,78428748,146493568,184533666,56795573760,45684974,0,0,0,0,0,0,0,0,0,0,0,0,0,0,0,0,0,0,0,0,0,0,0,0,0,0,0,0,0,0,0,12415355,0,0,0,0,0,0,0
1789580451.355,0,0,0,0,0,0,0,266707305,2398799273472,798246771712,0,0,0,0,0,0,0,0,0,0,0,0,0,0,0,0,0,0,0,0,0,0,0,0,0,0,0,0,0,0,0,0,0,0,0,0,0,0,0,0,0,0,0,0,0,0,0,0,0,0,0,0,0,0,0,0,0,0,455173,146596517,44662830,0,0,0,0,0,0,0,0,0,0,0,0,0,0,0,0,0,0,0,0,0,0,0,0,0,0,0,0,0,0,0,0,0,0,0,0,0,2145386496,618528768,130944,37752,0,128,131072,146433561,0,0,1347822993,2147483648,112594447,144779406,0,0,0,0,0,0,0,0,0,0,0,0,0,0,0,0,0,0,8575210,8575295,0,97,97,6265,329,17150461,35,0,0,0,0,0,0,0,1,0,0,0,0,0,0,0,0,0,0,9645427,0,13974458,123678,0,0,0,0,0,0,0,0,16384,0,0,0,0,0,0,0,0,0,0,0,4571,340,0,0,0,0,0,26072004,0,4074,12,3509,338,4571,0,0,0,0,0,0,0,0,0,0,0,0,0,0,0,0,0,0,0,0,0,0,0,0,0,0,0,0,0,0,0,0,0,0,0,0,0,0,0,0,0,0,0,0,0,0,0,0,0,0,0,0,0,109378414,0,0,0,128150659,0,0,0,0,0,0,0,78432234,146504376,184540117,56796806144,45686210,0,0,0,0,0,0,0,0,0,0,0,0,0,0,0,0,0,0,0,0,0,0,0,0,0,0,0,0,0,0,0,12415829,0,0,0,0,0,0,0
1789580452.382,0,0,0,0,0,0,0,266718139,2398936571392,798276586496,0,0,0,0,0,0,0,0,0,0,0,0,0,0,0,0,0,0,0,0,0,0,0,0,0,0,0,0,0,0,0,0,0,0,0,0,0,0,0,0,0,0,0,0,0,0,0,0,0,0,0,0,0,0,0,0,0,0,455197,146604913,44664560,0,0,0,0,0,0,0,0,0,0,0,0,0,0,0,0,0,0,0,0,0,0,0,0,0,0,0,0,0,0,0,0,0,0,0,0,0,2144665600,622133248,130900,37972,0,172,131072,146441954,0,0,1347878684,2147483648,112602790,144785301,0,0,0,0,0,0,0,0,0,0,0,0,0,0,0,0,0,0,8575576,8575665,0,97,97,6265,329,17151194,35,0,0,0,0,0,0,0,1,0,0,0,0,0,0,0,0,0,0,9645868,0,13974458,123678,0,0,0,0,0,0,0,0,16384,0,0,0,0,0,0,0,0,0,0,0,4572,340,0,0,0,0,0,26073201,0,4074,12,3509,338,4572,0,0,0,0,0,0,0,0,0,0,0,0,0,0,0,0,0,0,0,0,0,0,0,0,0,0,0,0,0,0,0,0,0,0,0,0,0,0,0,0,0,0,0,0,0,0,0,0,0,0,0,0,0,109380113,0,0,0,128155845,0,0,0,0,0,0,0,78435065,146512759,184545276,56797819904,45687311,0,0,0,0,0,0,0,0,0,0,0,0,0,0,0,0,0,0,0,0,0,0,0,0,0,0,0,0,0,0,0,12416224,0,0,0,0,0,0,0
1789580453.407,0,0,0,0,0,0,0,266727433,2399054732800,798301288448,0,0,0,0,0,0,0,0,0,0,0,0,0,0,0,0,0,0,0,0,0,0,0,0,0,0,0,0,0,0,0,0,0,0,0,0,0,0,0,0,0,0,0,0,0,0,0,0,0,0,0,0,0,0,0,0,0,0,455215,146612128,44665988,0,0,0,0,0,0,0,0,0,0,0,0,0,0,0,0,0,0,0,0,0,0,0,0,0,0,0,0,0,0,0,0,0,0,0,0,0,2144616448,626573312,130897,38243,0,175,131072,146449163,0,0,1347927419,2147483648,112609961,144790419,0,0,0,0,0,0,0,0,0,0,0,0,0,0,0,0,0,0,8575894,8575973,0,97,97,6265,329,17151840,35,0,0,0,0,0,0,0,1,0,0,0,0,0,0,0,0,0,0,9646257,0,13974458,123678,0,0,0,0,0,0,0,0,16384,0,0,0,0,0,0,0,0,0,0,0,4573,340,0,0,0,0,0,26074252,0,4074,12,3509,338,4573,0,0,0,0,0,0,0,0,0,0,0,0,0,0,0,0,0,0,0,0,0,0,0,0,0,0,0,0,0,0,0,0,0,0,0,0,0,0,0,0,0,0,0,0,0,0,0,0,0,0,0,0,0,109381664,0,0,0,128160376,0,0,0,0,0,0,0,78437517,146519981,184549683,56798737920,45688335,0,0,0,0,0,0,0,0,0,0,0,0,0,0,0,0,0,0,0,0,0,0,0,0,0,0,0,0,0,0,0,12416573,0,0,0,0,0,0,0
1789580454.433,0,0,0,0,0,0,0,266735838,2399161835008,798325179392,0,0,0,0,0,0,0,0,0,0,0,0,0,0,0,0,0,0,0,0,0,0,0,0,0,0,0,0,0,0,0,0,0,0,0,0,0,0,0,0,0,0,0,0,0,0,0,0,0,0,0,0,0,0,0,0,0,0,455226,146618668,44667368,0,0,0,0,0,0,0,0,0,0,0,0,0,0,0,0,0,0,0,0,0,0,0,0,0,0,0,0,0,0,0,0,0,0,0,0,0,2144272384,626753536,130876,38254,0,196,131072,146455702,0,0,1347971827,2147483648,112616474,144794608,0,0,0,0,0,0,0,0,0,0,0,0,0,0,0,0,0,0,8576141,8576221,0,97,97,6265,329,17152380,35,0,0,0,0,0,0,0,1,0,0,0,0,0,0,0,0,0,0,9646568,0,13974458,123678,0,0,0,0,0,0,0,0,16384,0,0,0,0,0,0,0,0,0,0,0,4574,340,0,0,0,0,0,26075103,0,4074,12,3509,338,4574,0,0,0,0,0,0,0,0,0,0,0,0,0,0,0,0,0,0,0,0,0,0,0,0,0,0,0,0,0,0,0,0,0,0,0,0,0,0,0,0,0,0,0,0,0,0,0,0,0,0,0,0,0,109383044,0,0,0,128164105,0,0,0,0,0,0,0,78439817,146526521,184553847,56799528448,45689244,0,0,0,0,0,0,0,0,0,0,0,0,0,0,0,0,0,0,0,0,0,0,0,0,0,0,0,0,0,0,0,12416851,0,0,0,0,0,0,0
1789580455.459,0,0,0,0,0,0,0,266743448,2399259745792,798347024384,0,0,0,0,0,0,0,0,0,0,0,0,0,0,0,0,0,0,0,0,0,0,0,0,0,0,0,0,0,0,0,0,0,0,0,0,0,0,0,0,0,0,0,0,0,0,0,0,0,0,0,0,0,0,0,0,0,0,455236,146624652,44668626,0,0,0,0,0,0,0,0,0,0,0,0,0,0,0,0,0,0,0,0,0,0,0,0,0,0,0,0,0,0,0,0,0,0,0,0,0,2144387072,626819072,130883,38258,0,189,131072,146461681,0,0,1348011256,2147483648,112622397,144798421,0,0,0,0,0,0,0,0,0,0,0,0,0,0,0,0,0,0,8576395,8576472,0,97,97,6265,329,17152856,35,0,0,0,0,0,0,0,1,0,0,0,0,0,0,0,0,0,0,9646852,0,13974458,123678,0,0,0,0,0,0,0,0,16384,0,0,0,0,0,0,0,0,0,0,0,4575,340,0,0,0,0,0,26075879,0,4074,12,3509,338,4575,0,0,0,0,0,0,0,0,0,0,0,0,0,0,0,0,0,0,0,0,0,0,0,0,0,0,0,0,0,0,0,0,0,0,0,0,0,0,0,0,0,0,0,0,0,0,0,0,0,0,0,0,0,109384379,0,0,0,128167513,0,0,0,0,0,0,0,78441989,146532498,184557723,56800289280,45690145,0,0,0,0,0,0,0,0,0,0,0,0,0,0,0,0,0,0,0,0,0,0,0,0,0,0,0,0,0,0,0,12417106,0,0,0,0,0,0,0
1789580456.484,0,0,0,0,0,0,0,266751273,2399358852608,798368693760,0,0,0,0,0,0,0,0,0,0,0,0,0,0,0,0,0,0,0,0,0,0,0,0,0,0,0,0,0,0,0,0,0,0,0,0,0,0,0,0,0,0,0,0,0,0,0,0,0,0,0,0,0,0,0,0,0,0,455243,146630705,44669908,0,0,0,0,0,0,0,0,0,0,0,0,0,0,0,0,0,0,0,0,0,0,0,0,0,0,0,0,0,0,0,0,0,0,0,0,0,2144616448,627933184,130897,38326,0,175,131072,146467726,0,0,1348052899,2147483648,112628391,144802422,0,0,0,0,0,0,0,0,0,0,0,0,0,0,0,0,0,0,8576654,8576733,0,97,97,6265,329,17153367,35,0,0,0,0,0,0,0,1,0,0,0,0,0,0,0,0,0,0,9647135,0,13974458,123678,0,0,0,0,0,0,0,0,16384,0,0,0,0,0,0,0,0,0,0,0,4576,340,0,0,0,0,0,26076647,0,4074,12,3509,338,4576,0,0,0,0,0,0,0,0,0,0,0,0,0,0,0,0,0,0,0,0,0,0,0,0,0,0,0,0,0,0,0,0,0,0,0,0,0,0,0,0,0,0,0,0,0,0,0,0,0,0,0,0,0,109385749,0,0,0,128171154,0,0,0,0,0,0,0,78444138,146538550,184561603,56801069056,45691038,0,0,0,0,0,0,0,0,0,0,0,0,0,0,0,0,0,0,0,0,0,0,0,0,0,0,0,0,0,0,0,12417357,0,0,0,0,0,0,0
1789580457.510,0,0,0,0,0,0,0,266759477,2399463464448,798391527424,0,0,0,0,0,0,0,0,0,0,0,0,0,0,0,0,0,0,0,0,0,0,0,0,0,0,0,0,0,0,0,0,0,0,0,0,0,0,0,0,0,0,0,0,0,0,0,0,0,0,0,0,0,0,0,0,0,0,455256,146637104,44671223,0,0,0,0,0,0,0,0,0,0,0,0,0,0,0,0,0,0,0,0,0,0,0,0,0,0,0,0,0,0,0,0,0,0,0,0,0,2144714752,628637696,130903,38369,0,169,131072,146474124,0,0,1348096192,2147483648,112634698,144806485,0,0,0,0,0,0,0,0,0,0,0,0,0,0,0,0,0,0,8576915,8576996,0,97,97,6265,329,17153892,35,0,0,0,0,0,0,0,1,0,0,0,0,0,0,0,0,0,0,9647432,0,13974458,123678,0,0,0,0,0,0,0,0,16384,0,0,0,0,0,0,0,0,0,0,0,4577,340,0,0,0,0,0,26077455,0,4074,12,3509,338,4577,0,0,0,0,0,0,0,0,0,0,0,0,0,0,0,0,0,0,0,0,0,0,0,0,0,0,0,0,0,0,0,0,0,0,0,0,0,0,0,0,0,0,0,0,0,0,0,0,0,0,0,0,0,109387136,0,0,0,128174813,0,0,0,0,0,0,0,78446371,146544943,184565642,56801861120,45691945,0,0,0,0,0,0,0,0,0,0,0,0,0,0,0,0,0,0,0,0,0,0,0,0,0,0,0,0,0,0,0,12417621,0,0,0,0,0,0,0
1789580458.536,0,0,0,0,0,0,0,266768424,2399578217984,798417346048,0,0,0,0,0,0,0,0,0,0,0,0,0,0,0,0,0,0,0,0,0,0,0,0,0,0,0,0,0,0,0,0,0,0,0,0,0,0,0,0,0,0,0,0,0,0,0,0,0,0,0,0,0,0,0,0,0,0,455275,146644117,44672729,0,0,0,0,0,0,0,0,0,0,0,0,0,0,0,0,0,0,0,0,0,0,0,0,0,0,0,0,0,0,0,0,0,0,0,0,0,2144894976,628883456,130914,38384,0,158,131072,146481133,0,0,1348143384,2147483648,112641643,144810989,0,0,0,0,0,0,0,0,0,0,0,0,0,0,0,0,0,0,8577206,8577291,0,97,97,6265,329,17154481,35,0,0,0,0,0,0,0,1,0,0,0,0,0,0,0,0,0,0,9647745,0,13974458,123678,0,0,0,0,0,0,0,0,16384,0,0,0,0,0,0,0,0,0,0,0,4578,340,0,0,0,0,0,26078293,0,4074,12,3509,338,4578,0,0,0,0,0,0,0,0,0,0,0,0,0,0,0,0,0,0,0,0,0,0,0,0,0,0,0,0,0,0,0,0,0,0,0,0,0,0,0,0,0,0,0,0,0,0,0,0,0,0,0,0,0,109388618,0,0,0,128178880,0,0,0,0,0,0,0,78448840,146551953,184570127,56802716160,45692912,0,0,0,0,0,0,0,0,0,0,0,0,0,0,0,0,0,0,0,0,0,0,0,0,0,0,0,0,0,0,0,12417898,0,0,0,0,0,0,0
1789580459.562,0,0,0,0,0,0,0,266780241,2399728754176,798450088448,0,0,0,0,0,0,0,0,0,0,0,0,0,0,0,0,0,0,0,0,0,0,0,0,0,0,0,0,0,0,0,0,0,0,0,0,0,0,0,0,0,0,0,0,0,0,0,0,0,0,0,0,0,0,0,0,0,0,455303,146653322,44674635,0,0,0,0,0,0,0,0,0,0,0,0,0,0,0,0,0,0,0,0,0,0,0,0,0,0,0,0,0,0,0,0,0,0,0,0,0,2145091584,632537088,130926,38607,0,146,131072,146490336,0,0,1348206108,2147483648,112650624,144817217,0,0,0,0,0,0,0,0,0,0,0,0,0,0,0,0,0,0,8577609,8577689,0,97,97,6265,329,17155279,35,0,0,0,0,0,0,0,1,0,0,0,0,0,0,0,0,0,0,9648175,0,13974586,123679,0,0,0,0,0,0,0,0,16384,0,0,0,0,0,0,0,0,0,0,0,4579,340,0,0,0,0,0,26079449,0,4074,12,3509,338,4579,0,0,0,0,0,0,0,0,0,0,0,0,0,0,0,0,0,0,0,0,0,0,0,0,0,0,0,0,0,0,0,0,0,0,0,0,0,0,0,0,0,0,0,0,0,0,0,0,0,0,0,0,0,109390353,0,0,0,128184485,0,0,0,0,0,0,0,78451726,146561156,184575541,56803778048,45694023,0,0,0,0,0,0,0,0,0,0,0,0,0,0,0,0,0,0,0,0,0,0,0,0,0,0,0,0,0,0,0,12418278,0,0,0,0,0,0,0
1789580460.588,0,0,0,0,0,0,0,266792005,2399878438400,798481410560,0,0,0,0,0,0,0,0,0,0,0,0,0,0,0,0,0,0,0,0,0,0,0,0,0,0,0,0,0,0,0,0,0,0,0,0,0,0,0,0,0,0,0,0,0,0,0,0,0,0,0,0,0,0,0,0,0,0,455325,146662479,44676447,0,0,0,0,0,0,0,0,0,0,0,0,0,0,0,0,0,0,0,0,0,0,0,0,0,0,0,0,0,0,0,0,0,0,0,0,0,2145075200,637288448,130925,38897,0,147,131072,146499487,0,0,1348267174,2147483648,112659658,144823446,0,0,0,0,0,0,0,0,0,0,0,0,0,0,0,0,0,0,8578006,8578094,0,97,97,6265,329,17156057,35,0,0,0,0,0,0,0,1,0,0,0,0,0,0,0,0,0,0,9648628,0,13974586,123679,0,0,0,0,0,0,0,0,16384,0,0,0,0,0,0,0,0,0,0,0,4581,340,0,0,0,0,0,26080676,0,4074,12,3509,338,4581,0,0,0,0,0,0,0,0,0,0,0,0,0,0,0,0,0,0,0,0,0,0,0,0,0,0,0,0,0,0,0,0,0,0,0,0,0,0,0,0,0,0,0,0,0,0,0,0,0,0,0,0,0,109392078,0,0,0,128190059,0,0,0,0,0,0,0,78454645,146570309,184580901,56804835328,45695124,0,0,0,0,0,0,0,0,0,0,0,0,0,0,0,0,0,0,0,0,0,0,0,0,0,0,0,0,0,0,0,12418681,0,0,0,0,0,0,0
1789580461.614,0,0,0,0,0,0,0,266803379,2400025435648,798511339008,0,0,0,0,0,0,0,0,0,0,0,0,0,0,0,0,0,0,0,0,0,0,0,0,0,0,0,0,0,0,0,0,0,0,0,0,0,0,0,0,0,0,0,0,0,0,0,0,0,0,0,0,0,0,0,0,0,0,455342,146671457,44678199,0,0,0,0,0,0,0,0,0,0,0,0,0,0,0,0,0,0,0,0,0,0,0,0,0,0,0,0,0,0,0,0,0,0,0,0,0,2145452032,641384448,130949,39147,0,123,131072,146508455,0,0,1348326973,2147483648,112668456,144829195,0,0,0,0,0,0,0,0,0,0,0,0,0,0,0,0,0,0,8578375,8578459,0,97,97,6265,329,17156792,35,0,0,0,0,0,0,0,1,0,0,0,0,0,0,0,0,0,0,9649036,0,13974586,123679,0,0,0,0,0,0,0,0,16384,0,0,0,0,0,0,0,0,0,0,0,4582,340,0,0,0,0,0,26081778,0,4074,12,3509,338,4582,0,0,0,0,0,0,0,0,0,0,0,0,0,0,0,0,0,0,0,0,0,0,0,0,0,0,0,0,0,0,0,0,0,0,0,0,0,0,0,0,0,0,0,0,0,0,0,0,0,0,0,0,0,109393776,0,0,0,128195271,0,0,0,0,0,0,0,78457488,146579288,184586078,56805847040,45696228,0,0,0,0,0,0,0,0,0,0,0,0,0,0,0,0,0,0,0,0,0,0,0,0,0,0,0,0,0,0,0,12419043,0,0,0,0,0,0,0
1789580462.640,0,0,0,0,0,0,0,266815020,2400173399552,798542216704,0,0,0,0,0,0,0,0,0,0,0,0,0,0,0,0,0,0,0,0,0,0,0,0,0,0,0,0,0,0,0,0,0,0,0,0,0,0,0,0,0,0,0,0,0,0,0,0,0,0,0,0,0,0,0,0,0,0,455366,146680495,44679992,0,0,0,0,0,0,0,0,0,0,0,0,0,0,0,0,0,0,0,0,0,0,0,0,0,0,0,0,0,0,0,0,0,0,0,0,0,2145075200,646070272,130925,39433,0,147,131072,146517489,0,0,1348387699,2147483648,112677419,144835316,0,0,0,0,0,0,0,0,0,0,0,0,0,0,0,0,0,0,8578753,8578837,0,97,97,6265,329,17157564,35,0,0,0,0,0,0,0,1,0,0,0,0,0,0,0,0,0,0,9649469,0,13974586,123679,0,0,0,0,0,0,0,0,16384,0,0,0,0,0,0,0,0,0,0,0,4583,340,0,0,0,0,0,26082953,0,4074,12,3509,338,4583,0,0,0,0,0,0,0,0,0,0,0,0,0,0,0,0,0,0,0,0,0,0,0,0,0,0,0,0,0,0,0,0,0,0,0,0,0,0,0,0,0,0,0,0,0,0,0,0,0,0,0,0,0,109395541,0,0,0,128200743,0,0,0,0,0,0,0,78460385,146588322,184591422,56806903296,45697334,0,0,0,0,0,0,0,0,0,0,0,0,0,0,0,0,0,0,0,0,0,0,0,0,0,0,0,0,0,0,0,12419429,0,0,0,0,0,0,0
1789580463.666,0,0,0,0,0,0,0,266825623,2400308583936,798570659328,0,0,0,0,0,0,0,0,0,0,0,0,0,0,0,0,0,0,0,0,0,0,0,0,0,0,0,0,0,0,0,0,0,0,0,0,0,0,0,0,0,0,0,0,0,0,0,0,0,0,0,0,0,0,0,0,0,0,455396,146688766,44681641,0,0,0,0,0,0,0,0,0,0,0,0,0,0,0,0,0,0,0,0,0,0,0,0,0,0,0,0,0,0,0,0,0,0,0,0,0,2144960512,651640832,130918,39773,0,154,131072,146525756,0,0,1348443183,2147483648,112685607,144841111,0,0,0,0,0,0,0,0,0,0,0,0,0,0,0,0,0,0,8579122,8579198,0,97,97,6265,329,17158299,35,0,0,0,0,0,0,0,1,0,0,0,0,0,0,0,0,0,0,9649859,0,13974586,123679,0,0,0,0,0,0,0,0,16384,0,0,0,0,0,0,0,0,0,0,0,4584,340,0,0,0,0,0,26084000,0,4074,12,3509,338,4584,0,0,0,0,0,0,0,0,0,0,0,0,0,0,0,0,0,0,0,0,0,0,0,0,0,0,0,0,0,0,0,0,0,0,0,0,0,0,0,0,0,0,0,0,0,0,0,0,0,0,0,0,0,109397213,0,0,0,128205925,0,0,0,0,0,0,0,78463107,146596586,184596388,56807912448,45698409,0,0,0,0,0,0,0,0,0,0,0,0,0,0,0,0,0,0,0,0,0,0,0,0,0,0,0,0,0,0,0,12419773,0,0,0,0,0,0,0
1789580464.692,0,0,0,0,0,0,0,266836269,2400443063808,798619643392,0,0,0,0,0,0,0,0,0,0,0,0,0,0,0,0,0,0,0,0,0,0,0,0,0,0,0,0,0,0,0,0,0,0,0,0,0,0,0,0,0,0,0,0,0,0,0,0,0,0,0,0,0,0,0,0,0,0,455415,146696985,44684524,0,0,0,0,0,0,0,0,0,0,0,0,0,0,0,0,0,0,0,0,0,0,0,0,0,0,0,0,0,0,0,0,0,0,0,0,0,2144665600,635240448,130900,38772,0,172,131072,146533971,0,0,1348498116,2147483648,112693658,144846750,0,0,0,0,0,0,0,0,0,0,0,0,0,0,0,0,0,0,8579466,8579542,0,97,97,6265,329,17158999,35,0,0,0,0,0,0,0,1,0,0,0,0,0,0,0,0,0,0,9650279,0,13975813,123689,0,0,0,0,0,0,0,0,16384,0,0,0,0,0,0,0,0,0,0,0,4585,340,0,0,0,0,0,26085147,0,4074,12,3509,338,4585,0,0,0,0,0,0,0,0,0,0,0,0,0,0,0,0,0,0,0,0,0,0,0,0,0,0,0,0,0,0,0,0,0,0,0,0,0,0,0,0,0,0,0,0,0,0,0,0,0,0,0,0,0,109398857,0,0,0,128210922,0,0,0,0,0,0,0,78466036,146604804,184602623,56808894976,45699473,0,0,0,0,0,0,0,0,0,0,0,0,0,0,0,0,0,0,0,0,0,0,0,0,0,0,0,0,0,0,0,12420150,0,0,0,0,0,0,0
1789580465.717,0,0,0,0,0,0,0,266846019,2400567778816,798647116800,0,0,0,0,0,0,0,0,0,0,0,0,0,0,0,0,0,0,0,0,0,0,0,0,0,0,0,0,0,0,0,0,0,0,0,0,0,0,0,0,0,0,0,0,0,0,0,0,0,0,0,0,0,0,0,0,0,0,455435,146704608,44686124,0,0,0,0,0,0,0,0,0,0,0,0,0,0,0,0,0,0,0,0,0,0,0,0,0,0,0,0,0,0,0,0,0,0,0,0,0,2144649216,638156800,130899,38950,0,173,131072,146541591,0,0,1348548979,2147483648,112701209,144851936,0,0,0,0,0,0,0,0,0,0,0,0,0,0,0,0,0,0,8579795,8579872,0,97,97,6265,329,17159645,35,0,0,0,0,0,0,0,1,0,0,0,0,0,0,0,0,0,0,9650654,0,13975813,123689,0,0,0,0,0,0,0,0,16384,0,0,0,0,0,0,0,0,0,0,0,4586,340,0,0,0,0,0,26086159,0,4074,12,3509,338,4586,0,0,0,0,0,0,0,0,0,0,0,0,0,0,0,0,0,0,0,0,0,0,0,0,0,0,0,0,0,0,0,0,0,0,0,0,0,0,0,0,0,0,0,0,0,0,0,0,0,0,0,0,0,109400415,0,0,0,128215518,0,0,0,0,0,0,0,78468646,146612426,184607370,56809824768,45700486,1,1,0,0,0,0,0,0,0,0,0,0,0,0,0,0,0,0,0,0,0,0,0,0,0,0,0,0,0,0,0,12420484,0,0,0,0,0,0,0
1789580466.743,0,0,0,0,0,0,0,266856084,2400694525440,798674155008,0,0,0,0,0,0,0,0,0,0,0,0,0,0,0,0,0,0,0,0,0,0,0,0,0,0,0,0,0,0,0,0,0,0,0,0,0,0,0,0,0,0,0,0,0,0,0,0,0,0,0,0,0,0,0,0,0,0,455457,146712363,44687692,0,0,0,0,0,0,0,0,0,0,0,0,0,0,0,0,0,0,0,0,0,0,0,0,0,0,0,0,0,0,0,0,0,0,0,0,0,2144452608,643121152,130887,39253,0,185,131072,146549338,0,0,1348601454,2147483648,112708895,144857290,0,0,0,0,0,0,0,0,0,0,0,0,0,0,0,0,0,0,8580133,8580214,0,97,97,6265,329,17160332,35,0,0,0,0,0,0,0,1,0,0,0,0,0,0,0,0,0,0,9651022,0,13975813,123689,0,0,0,0,0,0,0,0,16384,0,0,0,0,0,0,0,0,0,0,0,4587,340,0,0,0,0,0,26087152,0,4074,12,3509,338,4587,0,0,0,0,0,0,0,0,0,0,0,0,0,0,0,0,0,0,0,0,0,0,0,0,0,0,0,0,0,0,0,0,0,0,0,0,0,0,0,0,0,0,0,0,0,0,0,0,0,0,0,0,0,109402040,0,0,0,128220322,0,0,0,0,0,0,0,78471254,146620176,184612128,56810786816,45701528,0,0,0,0,0,0,0,0,0,0,0,0,0,0,0,0,0,0,0,0,0,0,0,0,0,0,0,0,0,0,0,12420809,0,0,0,0,0,0,0
1789580467.769,0,0,0,0,0,0,0,266866370,2400825957888,798702923264,0,0,0,0,0,0,0,0,0,0,0,0,0,0,0,0,0,0,0,0,0,0,0,0,0,0,0,0,0,0,0,0,0,0,0,0,0,0,0,0,0,0,0,0,0,0,0,0,0,0,0,0,0,0,0,0,0,0,455472,146720400,44689366,0,0,0,0,0,0,0,0,0,0,0,0,0,0,0,0,0,0,0,0,0,0,0,0,0,0,0,0,0,0,0,0,0,0,0,0,0,2144550912,645726208,130893,39412,0,179,131072,146557373,0,0,1348655002,2147483648,112716835,144862616,0,0,0,0,0,0,0,0,0,0,0,0,0,0,0,0,0,0,8580474,8580553,0,97,97,6265,329,17161010,35,0,0,0,0,0,0,0,1,0,0,0,0,0,0,0,0,0,0,9651398,0,13975813,123689,0,0,0,0,0,0,0,0,16384,0,0,0,0,0,0,0,0,0,0,0,4588,340,0,0,0,0,0,26088164,0,4074,12,3509,338,4588,0,0,0,0,0,0,0,0,0,0,0,0,0,0,0,0,0,0,0,0,0,0,0,0,0,0,0,0,0,0,0,0,0,0,0,0,0,0,0,0,0,0,0,0,0,0,0,0,0,0,0,0,0,109403621,0,0,0,128225145,0,0,0,0,0,0,0,78473949,146628210,184617055,56811726848,45702549,0,0,0,0,0,0,0,0,0,0,0,0,0,0,0,0,0,0,0,0,0,0,0,0,0,0,0,0,0,0,0,12421143,0,0,0,0,0,0,0
1789580468.795,0,0,0,0,0,0,0,266876289,2400951508480,798730191360,0,0,0,0,0,0,0,0,0,0,0,0,0,0,0,0,0,0,0,0,0,0,0,0,0,0,0,0,0,0,0,0,0,0,0,0,0,0,0,0,0,0,0,0,0,0,0,0,0,0,0,0,0,0,0,0,0,0,455484,146728075,44690940,0,0,0,0,0,0,0,0,0,0,0,0,0,0,0,0,0,0,0,0,0,0,0,0,0,0,0,0,0,0,0,0,0,0,0,0,0,2144796672,651198464,130908,39746,0,164,131072,146565047,0,0,1348706739,2147483648,112724411,144868058,0,0,0,0,0,0,0,0,0,0,0,0,0,0,0,0,0,0,8580816,8580899,0,97,97,6265,329,17161712,35,0,0,0,0,0,0,0,1,0,0,0,0,0,0,0,0,0,0,9651792,0,13975813,123689,0,0,0,0,0,0,0,0,16384,0,0,0,0,0,0,0,0,0,0,0,4589,340,0,0,0,0,0,26089230,0,4074,12,3509,338,4589,0,0,0,0,0,0,0,0,0,0,0,0,0,0,0,0,0,0,0,0,0,0,0,0,0,0,0,0,0,0,0,0,0,0,0,0,0,0,0,0,0,0,0,0,0,0,0,0,0,0,0,0,0,109405261,0,0,0,128230098,0,0,0,0,0,0,0,78476597,146635886,184621854,56812690944,45703619,0,0,0,0,0,0,0,0,0,0,0,0,0,0,0,0,0,0,0,0,0,0,0,0,0,0,0,0,0,0,0,12421493,0,0,0,0,0,0,0
1789580469.820,0,0,0,0,0,0,0,266885915,2401074322944,798758371840,0,0,0,0,0,0,0,0,0,0,0,0,0,0,0,0,0,0,0,0,0,0,0,0,0,0,0,0,0,0,0,0,0,0,0,0,0,0,0,0,0,0,0,0,0,0,0,0,0,0,0,0,0,0,0,0,0,0,455503,146735586,44692566,0,0,0,0,0,0,0,0,0,0,0,0,0,0,0,0,0,0,0,0,0,0,0,0,0,0,0,0,0,0,0,0,0,0,0,0,0,2144747520,652689408,130905,39837,0,167,131072,146572556,0,0,1348756950,2147483648,112731858,144873082,0,0,0,0,0,0,0,0,0,0,0,0,0,0,0,0,0,0,8581129,8581207,0,97,97,6265,329,17162356,35,0,0,0,0,0,0,0,1,0,0,0,0,0,0,0,0,0,0,9652141,0,13975813,123689,0,0,0,0,0,0,0,0,16384,0,0,0,0,0,0,0,0,0,0,0,4590,340,0,0,0,0,0,26090170,0,4074,12,3509,338,4590,0,0,0,0,0,0,0,0,0,0,0,0,0,0,0,0,0,0,0,0,0,0,0,0,0,0,0,0,0,0,0,0,0,0,0,0,0,0,0,0,0,0,0,0,0,0,0,0,0,0,0,0,0,109406803,0,0,0,128234591,0,0,0,0,0,0,0,78479236,146643390,184626674,56813605376,45704618,0,0,0,0,0,0,0,0,0,0,0,0,0,0,0,0,0,0,0,0,0,0,0,0,0,0,0,0,0,0,0,12421803,0,0,0,0,0,0,0
1789580470.845,0,0,0,0,0,0,0,266894698,2401185865216,798782119936,0,0,0,0,0,0,0,0,0,0,0,0,0,0,0,0,0,0,0,0,0,0,0,0,0,0,0,0,0,0,0,0,0,0,0,0,0,0,0,0,0,0,0,0,0,0,0,0,0,0,0,0,0,0,0,0,0,0,455518,146742403,44693950,0,0,0,0,0,0,0,0,0,0,0,0,0,0,0,0,0,0,0,0,0,0,0,0,0,0,0,0,0,0,0,0,0,0,0,0,0,2144108544,655884288,130866,40032,0,206,131072,146579366,0,0,1348802448,2147483648,112738628,144877722,0,0,0,0,0,0,0,0,0,0,0,0,0,0,0,0,0,0,8581426,8581505,0,97,97,6265,329,17162936,35,0,0,0,0,0,0,0,1,0,0,0,0,0,0,0,0,0,0,9652489,0,13975813,123689,0,0,0,0,0,0,0,0,16384,0,0,0,0,0,0,0,0,0,0,0,4591,340,0,0,0,0,0,26091114,0,4074,12,3509,338,4591,0,0,0,0,0,0,0,0,0,0,0,0,0,0,0,0,0,0,0,0,0,0,0,0,0,0,0,0,0,0,0,0,0,0,0,0,0,0,0,0,0,0,0,0,0,0,0,0,0,0,0,0,0,109408244,0,0,0,128238712,0,0,0,0,0,0,0,78481562,146650207,184630866,56814452736,45705567,0,0,0,0,0,0,0,0,0,0,0,0,0,0,0,0,0,0,0,0,0,0,0,0,0,0,0,0,0,0,0,12422114,0,0,0,0,0,0,0
1789580471.871,0,0,0,0,0,0,0,266902715,2401286692352,798804946944,0,0,0,0,0,0,0,0,0,0,0,0,0,0,0,0,0,0,0,0,0,0,0,0,0,0,0,0,0,0,0,0,0,0,0,0,0,0,0,0,0,0,0,0,0,0,0,0,0,0,0,0,0,0,0,0,0,0,455526,146748570,44695268,0,0,0,0,0,0,0,0,0,0,0,0,0,0,0,0,0,0,0,0,0,0,0,0,0,0,0,0,0,0,0,0,0,0,0,0,0,2144092160,658079744,130865,40166,0,207,131072,146585533,0,0,1348843617,2147483648,112744722,144882183,0,0,0,0,0,0,0,0,0,0,0,0,0,0,0,0,0,0,8581709,8581787,0,97,97,6265,329,17163484,35,0,0,0,0,0,0,0,1,0,0,0,0,0,0,0,0,0,0,9652839,0,13975813,123689,0,0,0,0,0,0,0,0,16384,0,0,0,0,0,0,0,0,0,0,0,4592,340,0,0,0,0,0,26092072,0,4074,12,3509,338,4592,0,0,0,0,0,0,0,0,0,0,0,0,0,0,0,0,0,0,0,0,0,0,0,0,0,0,0,0,0,0,0,0,0,0,0,0,0,0,0,0,0,0,0,0,0,0,0,0,0,0,0,0,0,109409672,0,0,0,128242664,0,0,0,0,0,0,0,78483799,146656367,184634938,56815281664,45706482,0,0,0,0,0,0,0,0,0,0,0,0,0,0,0,0,0,0,0,0,0,0,0,0,0,0,0,0,0,0,0,12422429,0,0,0,0,0,0,0
1789580472.898,0,0,0,0,0,0,0,266909566,2401375002112,798824510976,0,0,0,0,0,0,0,0,0,0,0,0,0,0,0,0,0,0,0,0,0,0,0,0,0,0,0,0,0,0,0,0,0,0,0,0,0,0,0,0,0,0,0,0,0,0,0,0,0,0,0,0,0,0,0,0,0,0,455530,146753967,44696392,0,0,0,0,0,0,0,0,0,0,0,0,0,0,0,0,0,0,0,0,0,0,0,0,0,0,0,0,0,0,0,0,0,0,0,0,0,2143600640,658112512,130835,40168,0,237,131072,146590925,0,0,1348879035,2147483648,112750099,144885528,0,0,0,0,0,0,0,0,0,0,0,0,0,0,0,0,0,0,8581911,8581989,0,97,97,6265,329,17163909,35,0,0,0,0,0,0,0,1,0,0,0,0,0,0,0,0,0,0,9653096,0,13975813,123689,0,0,0,0,0,0,0,0,16384,0,0,0,0,0,0,0,0,0,0,0,4593,340,0,0,0,0,0,26092778,0,4074,12,3509,338,4593,0,0,0,0,0,0,0,0,0,0,0,0,0,0,0,0,0,0,0,0,0,0,0,0,0,0,0,0,0,0,0,0,0,0,0,0,0,0,0,0,0,0,0,0,0,0,0,0,0,0,0,0,0,109410860,0,0,0,128245649,0,0,0,0,0,0,0,78485714,146661767,184638402,56815943680,45707259,0,0,0,0,0,0,0,0,0,0,0,0,0,0,0,0,0,0,0,0,0,0,0,0,0,0,0,0,0,0,0,12422660,0,0,0,0,0,0,0
1789580473.924,0,0,0,0,0,0,0,266916574,2401463918080,798843985408,0,0,0,0,0,0,0,0,0,0,0,0,0,0,0,0,0,0,0,0,0,0,0,0,0,0,0,0,0,0,0,0,0,0,0,0,0,0,0,0,0,0,0,0,0,0,0,0,0,0,0,0,0,0,0,0,0,0,455537,146759399,44697539,0,0,0,0,0,0,0,0,0,0,0,0,0,0,0,0,0,0,0,0,0,0,0,0,0,0,0,0,0,0,0,0,0,0,0,0,0,2143404032,659800064,130823,40271,0,249,131072,146596356,0,0,1348915954,2147483648,112755481,144889231,0,0,0,0,0,0,0,0,0,0,0,0,0,0,0,0,0,0,8582143,8582217,0,97,97,6265,329,17164393,35,0,0,0,0,0,0,0,1,0,0,0,0,0,0,0,0,0,0,9653356,0,13975813,123689,0,0,0,0,0,0,0,0,16384,0,0,0,0,0,0,0,0,0,0,0,4594,340,0,0,0,0,0,26093479,0,4074,12,3509,338,4594,0,0,0,0,0,0,0,0,0,0,0,0,0,0,0,0,0,0,0,0,0,0,0,0,0,0,0,0,0,0,0,0,0,0,0,0,0,0,0,0,0,0,0,0,0,0,0,0,0,0,0,0,0,109412115,0,0,0,128248982,0,0,0,0,0,0,0,78487666,146667202,184641911,56816656896,45708084,0,0,0,0,0,0,0,0,0,0,0,0,0,0,0,0,0,0,0,0,0,0,0,0,0,0,0,0,0,0,0,12422891,0,0,0,0,0,0,0
1789580474.950,0,0,0,0,0,0,0,266923328,2401548934656,798863473664,0,0,0,0,0,0,0,0,0,0,0,0,0,0,0,0,0,0,0,0,0,0,0,0,0,0,0,0,0,0,0,0,0,0,0,0,0,0,0,0,0,0,0,0,0,0,0,0,0,0,0,0,0,0,0,0,0,0,455550,146764604,44698666,0,0,0,0,0,0,0,0,0,0,0,0,0,0,0,0,0,0,0,0,0,0,0,0,0,0,0,0,0,0,0,0,0,0,0,0,0,2143207424,661929984,130811,40401,0,261,131072,146601555,0,0,1348950959,2147483648,112760637,144893027,0,0,0,0,0,0,0,0,0,0,0,0,0,0,0,0,0,0,8582377,8582457,0,97,97,6265,329,17164869,35,0,0,0,0,0,0,0,1,0,0,0,0,0,0,0,0,0,0,9653632,0,13975813,123689,0,0,0,0,0,0,0,0,16384,0,0,0,0,0,0,0,0,0,0,0,4595,340,0,0,0,0,0,26094226,0,4074,12,3509,338,4595,0,0,0,0,0,0,0,0,0,0,0,0,0,0,0,0,0,0,0,0,0,0,0,0,0,0,0,0,0,0,0,0,0,0,0,0,0,0,0,0,0,0,0,0,0,0,0,0,0,0,0,0,0,109413343,0,0,0,128252329,0,0,0,0,0,0,0,78489610,146672401,184645399,56817361920,45708898,0,0,0,0,0,0,0,0,0,0,0,0,0,0,0,0,0,0,0,0,0,0,0,0,0,0,0,0,0,0,0,12423137,0,0,0,0,0,0,0
1789580475.976,0,0,0,0,0,0,0,266929786,2401632132608,798880951808,0,0,0,0,0,0,0,0,0,0,0,0,0,0,0,0,0,0,0,0,0,0,0,0,0,0,0,0,0,0,0,0,0,0,0,0,0,0,0,0,0,0,0,0,0,0,0,0,0,0,0,0,0,0,0,0,0,0,455558,146769685,44699676,0,0,0,0,0,0,0,0,0,0,0,0,0,0,0,0,0,0,0,0,0,0,0,0,0,0,0,0,0,0,0,0,0,0,0,0,0,2143551488,663666688,130832,40507,0,240,131072,146606635,0,0,1348984602,2147483648,112765653,144896345,0,0,0,0,0,0,0,0,0,0,0,0,0,0,0,0,0,0,8582578,8582658,0,97,97,6265,329,17165294,35,0,0,0,0,0,0,0,1,0,0,0,0,0,0,0,0,0,0,9653860,0,13975813,123689,0,0,0,0,0,0,0,0,16384,0,0,0,0,0,0,0,0,0,0,0,4596,340,0,0,0,0,0,26094838,0,4074,12,3509,338,4596,0,0,0,0,0,0,0,0,0,0,0,0,0,0,0,0,0,0,0,0,0,0,0,0,0,0,0,0,0,0,0,0,0,0,0,0,0,0,0,0,0,0,0,0,0,0,0,0,0,0,0,0,0,109414463,0,0,0,128255271,0,0,0,0,0,0,0,78491384,146677481,184648540,56818001920,45709661,0,0,0,0,0,0,0,0,0,0,0,0,0,0,0,0,0,0,0,0,0,0,0,0,0,0,0,0,0,0,0,12423348,0,0,0,0,0,0,0
1789580477.003,0,0,0,0,0,0,0,266936134,2401712233984,798899662336,0,0,0,0,0,0,0,0,0,0,0,0,0,0,0,0,0,0,0,0,0,0,0,0,0,0,0,0,0,0,0,0,0,0,0,0,0,0,0,0,0,0,0,0,0,0,0,0,0,0,0,0,0,0,0,0,0,0,455560,146774584,44700754,0,0,0,0,0,0,0,0,0,0,0,0,0,0,0,0,0,0,0,0,0,0,0,0,0,0,0,0,0,0,0,0,0,0,0,0,0,2143125504,663339008,130806,40487,0,266,131072,146611530,0,0,1349017962,2147483648,112770533,144899494,0,0,0,0,0,0,0,0,0,0,0,0,0,0,0,0,0,0,8582787,8582862,0,97,97,6265,329,17165686,35,0,0,0,0,0,0,0,1,0,0,0,0,0,0,0,0,0,0,9654095,0,13975813,123689,0,0,0,0,0,0,0,0,16384,0,0,0,0,0,0,0,0,0,0,0,4597,340,0,0,0,0,0,26095474,0,4074,12,3509,338,4597,0,0,0,0,0,0,0,0,0,0,0,0,0,0,0,0,0,0,0,0,0,0,0,0,0,0,0,0,0,0,0,0,0,0,0,0,0,0,0,0,0,0,0,0,0,0,0,0,0,0,0,0,0,109415577,0,0,0,128258108,0,0,0,0,0,0,0,78493211,146682383,184651834,56818622464,45710398,0,0,0,0,0,0,0,0,0,0,0,0,0,0,0,0,0,0,0,0,0,0,0,0,0,0,0,0,0,0,0,12423549,0,0,0,0,0,0,0
1789580478.029,0,0,0,0,0,0,0,266942564,2401794252288,798916861440,0,0,0,0,0,0,0,0,0,0,0,0,0,0,0,0,0,0,0,0,0,0,0,0,0,0,0,0,0,0,0,0,0,0,0,0,0,0,0,0,0,0,0,0,0,0,0,0,0,0,0,0,0,0,0,0,0,0,455564,146779591,44701759,0,0,0,0,0,0,0,0,0,0,0,0,0,0,0,0,0,0,0,0,0,0,0,0,0,0,0,0,0,0,0,0,0,0,0,0,0,2143485952,666386432,130828,40673,0,244,131072,146616532,0,0,1349051980,2147483648,112775476,144903040,0,0,0,0,0,0,0,0,0,0,0,0,0,0,0,0,0,0,8583011,8583084,0,97,97,6265,329,17166141,35,0,0,0,0,0,0,0,1,0,0,0,0,0,0,0,0,0,0,9654345,0,13975813,123689,0,0,0,0,0,0,0,0,16384,0,0,0,0,0,0,0,0,0,0,0,4598,340,0,0,0,0,0,26096155,0,4074,12,3509,338,4598,0,0,0,0,0,0,0,0,0,0,0,0,0,0,0,0,0,0,0,0,0,0,0,0,0,0,0,0,0,0,0,0,0,0,0,0,0,0,0,0,0,0,0,0,0,0,0,0,0,0,0,0,0,109416786,0,0,0,128261280,0,0,0,0,0,0,0,78494997,146687397,184655027,56819311616,45711195,0,0,0,0,0,0,0,0,0,0,0,0,0,0,0,0,0,0,0,0,0,0,0,0,0,0,0,0,0,0,0,12423771,0,0,0,0,0,0,0
1789580479.056,0,0,0,0,0,0,0,266949015,2401876499968,798936152576,0,0,0,0,0,0,0,0,0,0,0,0,0,0,0,0,0,0,0,0,0,0,0,0,0,0,0,0,0,0,0,0,0,0,0,0,0,0,0,0,0,0,0,0,0,0,0,0,0,0,0,0,0,0,0,0,0,0,455566,146784626,44702884,0,0,0,0,0,0,0,0,0,0,0,0,0,0,0,0,0,0,0,0,0,0,0,0,0,0,0,0,0,0,0,0,0,0,0,0,0,2142978048,667123712,130797,40718,0,275,131072,146621563,0,0,1349085386,2147483648,112780497,144906531,0,0,0,0,0,0,0,0,0,0,0,0,0,0,0,0,0,0,8583238,8583315,0,97,97,6265,329,17166588,35,0,0,0,0,0,0,0,1,0,0,0,0,0,0,0,0,0,0,9654602,0,13975813,123689,0,0,0,0,0,0,0,0,16384,0,0,0,0,0,0,0,0,0,0,0,4599,340,0,0,0,0,0,26096850,0,4074,12,3509,338,4599,0,0,0,0,0,0,0,0,0,0,0,0,0,0,0,0,0,0,0,0,0,0,0,0,0,0,0,0,0,0,0,0,0,0,0,0,0,0,0,0,0,0,0,0,0,0,0,0,0,0,0,0,0,109417973,0,0,0,128264406,0,0,0,0,0,0,0,78496913,146692424,184658452,56819988480,45711991,0,0,0,0,0,0,0,0,0,0,0,0,0,0,0,0,0,0,0,0,0,0,0,0,0,0,0,0,0,0,0,12424000,0,0,0,0,0,0,0
1789580480.082,0,0,0,0,0,0,0,266955106,2401953979904,798952233472,0,0,0,0,0,0,0,0,0,0,0,0,0,0,0,0,0,0,0,0,0,0,0,0,0,0,0,0,0,0,0,0,0,0,0,0,0,0,0,0,0,0,0,0,0,0,0,0,0,0,0,0,0,0,0,0,0,0,455567,146789365,44703796,0,0,0,0,0,0,0,0,0,0,0,0,0,0,0,0,0,0,0,0,0,0,0,0,0,0,0,0,0,0,0,0,0,0,0,0,0,2143010816,667516928,130799,40742,0,273,131072,146626298,0,0,1349117347,2147483648,112785167,144909334,0,0,0,0,0,0,0,0,0,0,0,0,0,0,0,0,0,0,8583413,8583489,0,97,97,6265,329,17166952,35,0,0,0,0,0,0,0,1,0,0,0,0,0,0,0,0,0,0,9654802,0,13975813,123689,0,0,0,0,0,0,0,0,16384,0,0,0,0,0,0,0,0,0,0,0,4600,340,0,0,0,0,0,26097389,0,4074,12,3509,338,4600,0,0,0,0,0,0,0,0,0,0,0,0,0,0,0,0,0,0,0,0,0,0,0,0,0,0,0,0,0,0,0,0,0,0,0,0,0,0,0,0,0,0,0,0,0,0,0,0,0,0,0,0,0,109419027,0,0,0,128266948,0,0,0,0,0,0,0,78498560,146697149,184661372,56820570624,45712705,0,0,0,0,0,0,0,0,0,0,0,0,0,0,0,0,0,0,0,0,0,0,0,0,0,0,0,0,0,0,0,12424177,0,0,0,0,0,0,0
1789580481.109,0,0,0,0,0,0,0,266961251,2402031525376,798970493440,0,0,0,0,0,0,0,0,0,0,0,0,0,0,0,0,0,0,0,0,0,0,0,0,0,0,0,0,0,0,0,0,0,0,0,0,0,0,0,0,0,0,0,0,0,0,0,0,0,0,0,0,0,0,0,0,0,0,455571,146794106,44704874,0,0,0,0,0,0,0,0,0,0,0,0,0,0,0,0,0,0,0,0,0,0,0,0,0,0,0,0,0,0,0,0,0,0,0,0,0,2143043584,669007872,130801,40833,0,271,131072,146631037,0,0,1349150126,2147483648,112789864,144912777,0,0,0,0,0,0,0,0,0,0,0,0,0,0,0,0,0,0,8583631,8583703,0,97,97,6265,329,17167398,35,0,0,0,0,0,0,0,1,0,0,0,0,0,0,0,0,0,0,9655041,0,13975813,123689,0,0,0,0,0,0,0,0,16384,0,0,0,0,0,0,0,0,0,0,0,4601,340,0,0,0,0,0,26098031,0,4074,12,3509,338,4601,0,0,0,0,0,0,0,0,0,0,0,0,0,0,0,0,0,0,0,0,0,0,0,0,0,0,0,0,0,0,0,0,0,0,0,0,0,0,0,0,0,0,0,0,0,0,0,0,0,0,0,0,0,109420191,0,0,0,128270054,0,0,0,0,0,0,0,78500398,146701890,184664650,56821230592,45713485,0,0,0,0,0,0,0,0,0,0,0,0,0,0,0,0,0,0,0,0,0,0,0,0,0,0,0,0,0,0,0,12424389,0,0,0,0,0,0,0
1789580482.134,0,0,0,0,0,0,0,266967709,2402114264576,798986181632,0,0,0,0,0,0,0,0,0,0,0,0,0,0,0,0,0,0,0,0,0,0,0,0,0,0,0,0,0,0,0,0,0,0,0,0,0,0,0,0,0,0,0,0,0,0,0,0,0,0,0,0,0,0,0,0,0,0,455575,146799164,44705780,0,0,0,0,0,0,0,0,0,0,0,0,0,0,0,0,0,0,0,0,0,0,0,0,0,0,0,0,0,0,0,0,0,0,0,0,0,2143223808,672907264,130812,41071,0,260,131072,146636093,0,0,1349183417,2147483648,112794869,144916265,0,0,0,0,0,0,0,0,0,0,0,0,0,0,0,0,0,0,8583859,8583940,0,97,97,6265,329,17167833,35,0,0,0,0,0,0,0,1,0,0,0,0,0,0,0,0,0,0,9655306,0,13975813,123689,0,0,0,0,0,0,0,0,16384,0,0,0,0,0,0,0,0,0,0,0,4602,340,0,0,0,0,0,26098752,0,4074,12,3509,338,4602,0,0,0,0,0,0,0,0,0,0,0,0,0,0,0,0,0,0,0,0,0,0,0,0,0,0,0,0,0,0,0,0,0,0,0,0,0,0,0,0,0,0,0,0,0,0,0,0,0,0,0,0,0,109421379,0,0,0,128273144,0,0,0,0,0,0,0,78502094,146706944,184667641,56821908992,45714280,0,0,0,0,0,0,0,0,0,0,0,0,0,0,0,0,0,0,0,0,0,0,0,0,0,0,0,0,0,0,0,12424626,0,0,0,0,0,0,0
1789580483.160,0,0,0,0,0,0,0,266974114,2402195971584,799002945536,0,0,0,0,0,0,0,0,0,0,0,0,0,0,0,0,0,0,0,0,0,0,0,0,0,0,0,0,0,0,0,0,0,0,0,0,0,0,0,0,0,0,0,0,0,0,0,0,0,0,0,0,0,0,0,0,0,0,455579,146804163,44706737,0,0,0,0,0,0,0,0,0,0,0,0,0,0,0,0,0,0,0,0,0,0,0,0,0,0,0,0,0,0,0,0,0,0,0,0,0,2143272960,673759232,130815,41123,0,257,131072,146641088,0,0,1349216965,2147483648,112799818,144919297,0,0,0,0,0,0,0,0,0,0,0,0,0,0,0,0,0,0,8584055,8584128,0,97,97,6265,329,17168229,35,0,0,0,0,0,0,0,1,0,0,0,0,0,0,0,0,0,0,9655518,0,13975813,123689,0,0,0,0,0,0,0,0,16384,0,0,0,0,0,0,0,0,0,0,0,4603,340,0,0,0,0,0,26099326,0,4074,12,3509,338,4603,0,0,0,0,0,0,0,0,0,0,0,0,0,0,0,0,0,0,0,0,0,0,0,0,0,0,0,0,0,0,0,0,0,0,0,0,0,0,0,0,0,0,0,0,0,0,0,0,0,0,0,0,0,109422457,0,0,0,128275884,0,0,0,0,0,0,0,78503792,146711947,184670664,56822514176,45715006,0,0,0,0,0,0,0,0,0,0,0,0,0,0,0,0,0,0,0,0,0,0,0,0,0,0,0,0,0,0,0,12424814,0,0,0,0,0,0,0
1789580484.185,0,0,0,0,0,0,0,266980642,2402278710784,799021689344,0,0,0,0,0,0,0,0,0,0,0,0,0,0,0,0,0,0,0,0,0,0,0,0,0,0,0,0,0,0,0,0,0,0,0,0,0,0,0,0,0,0,0,0,0,0,0,0,0,0,0,0,0,0,0,0,0,0,455582,146809221,44707831,0,0,0,0,0,0,0,0,0,0,0,0,0,0,0,0,0,0,0,0,0,0,0,0,0,0,0,0,0,0,0,0,0,0,0,0,0,2142961664,675774464,130796,41246,0,276,131072,146646144,0,0,1349251373,2147483648,112804849,144922953,0,0,0,0,0,0,0,0,0,0,0,0,0,0,0,0,0,0,8584284,8584364,0,97,97,6265,329,17168691,35,0,0,0,0,0,0,0,1,0,0,0,0,0,0,0,0,0,0,9655784,0,13975813,123689,0,0,0,0,0,0,0,0,16384,0,0,0,0,0,0,0,0,0,0,0,4604,340,0,0,0,0,0,26100047,0,4074,12,3509,338,4604,0,0,0,0,0,0,0,0,0,0,0,0,0,0,0,0,0,0,0,0,0,0,0,0,0,0,0,0,0,0,0,0,0,0,0,0,0,0,0,0,0,0,0,0,0,0,0,0,0,0,0,0,0,109423681,0,0,0,128279171,0,0,0,0,0,0,0,78505689,146717000,184674055,56823209984,45715819,0,0,0,0,0,0,0,0,0,0,0,0,0,0,0,0,0,0,0,0,0,0,0,0,0,0,0,0,0,0,0,12425051,0,0,0,0,0,0,0
1789580485.211,0,0,0,0,0,0,0,266987106,2402361564672,799039492096,0,0,0,0,0,0,0,0,0,0,0,0,0,0,0,0,0,0,0,0,0,0,0,0,0,0,0,0,0,0,0,0,0,0,0,0,0,0,0,0,0,0,0,0,0,0,0,0,0,0,0,0,0,0,0,0,0,0,455586,146814284,44708854,0,0,0,0,0,0,0,0,0,0,0,0,0,0,0,0,0,0,0,0,0,0,0,0,0,0,0,0,0,0,0,0,0,0,0,0,0,2143272960,677265408,130815,41337,0,257,131072,146651206,0,0,1349285059,2147483648,112809839,144926291,0,0,0,0,0,0,0,0,0,0,0,0,0,0,0,0,0,0,8584506,8584576,0,97,97,6265,329,17169103,35,0,0,0,0,0,0,0,1,0,0,0,0,0,0,0,0,0,0,9656024,0,13975813,123689,0,0,0,0,0,0,0,0,16384,0,0,0,0,0,0,0,0,0,0,0,4605,340,0,0,0,0,0,26100699,0,4074,12,3509,338,4605,0,0,0,0,0,0,0,0,0,0,0,0,0,0,0,0,0,0,0,0,0,0,0,0,0,0,0,0,0,0,0,0,0,0,0,0,0,0,0,0,0,0,0,0,0,0,0,0,0,0,0,0,0,109424839,0,0,0,128282167,0,0,0,0,0,0,0,78507489,146722065,184677273,56823863808,45716588,0,0,0,0,0,0,0,0,0,0,0,0,0,0,0,0,0,0,0,0,0,0,0,0,0,0,0,0,0,0,0,12425264,0,0,0,0,0,0,0
1789580486.238,0,0,0,0,0,0,0,266993034,2402437553664,799055606272,0,0,0,0,0,0,0,0,0,0,0,0,0,0,0,0,0,0,0,0,0,0,0,0,0,0,0,0,0,0,0,0,0,0,0,0,0,0,0,0,0,0,0,0,0,0,0,0,0,0,0,0,0,0,0,0,0,0,455587,146818924,44709780,0,0,0,0,0,0,0,0,0,0,0,0,0,0,0,0,0,0,0,0,0,0,0,0,0,0,0,0,0,0,0,0,0,0,0,0,0,2142961664,678969344,130796,41441,0,276,131072,146655841,0,0,1349316267,2147483648,112814447,144929307,0,0,0,0,0,0,0,0,0,0,0,0,0,0,0,0,0,0,8584695,8584763,0,97,97,6265,329,17169513,35,0,0,0,0,0,0,0,1,0,0,0,0,0,0,0,0,0,0,9656235,0,13975813,123689,0,0,0,0,0,0,0,0,16384,0,0,0,0,0,0,0,0,0,0,0,4606,340,0,0,0,0,0,26101266,0,4074,12,3509,338,4606,0,0,0,0,0,0,0,0,0,0,0,0,0,0,0,0,0,0,0,0,0,0,0,0,0,0,0,0,0,0,0,0,0,0,0,0,0,0,0,0,0,0,0,0,0,0,0,0,0,0,0,0,0,109425927,0,0,0,128284912,0,0,0,0,0,0,0,78509170,146726702,184680223,56824474624,45717337,0,0,0,0,0,0,0,0,0,0,0,0,0,0,0,0,0,0,0,0,0,0,0,0,0,0,0,0,0,0,0,12425451,0,0,0,0,0,0,0
1789580487.263,0,0,0,0,0,0,0,266999244,2402516639232,799072559616,0,0,0,0,0,0,0,0,0,0,0,0,0,0,0,0,0,0,0,0,0,0,0,0,0,0,0,0,0,0,0,0,0,0,0,0,0,0,0,0,0,0,0,0,0,0,0,0,0,0,0,0,0,0,0,0,0,0,455589,146823758,44710753,0,0,0,0,0,0,0,0,0,0,0,0,0,0,0,0,0,0,0,0,0,0,0,0,0,0,0,0,0,0,0,0,0,0,0,0,0,2143158272,680525824,130808,41536,0,264,131072,146660673,0,0,1349348878,2147483648,112819222,144932540,0,0,0,0,0,0,0,0,0,0,0,0,0,0,0,0,0,0,8584902,8584973,0,97,97,6265,329,17169926,35,0,0,0,0,0,0,0,1,0,0,0,0,0,0,0,0,0,0,9656469,0,13975813,123689,0,0,0,0,0,0,0,0,16384,0,0,0,0,0,0,0,0,0,0,0,4607,340,0,0,0,0,0,26101891,0,4074,12,3509,338,4607,0,0,0,0,0,0,0,0,0,0,0,0,0,0,0,0,0,0,0,0,0,0,0,0,0,0,0,0,0,0,0,0,0,0,0,0,0,0,0,0,0,0,0,0,0,0,0,0,0,0,0,0,0,109427069,0,0,0,128287813,0,0,0,0,0,0,0,78510926,146731535,184683326,56825121792,45718113,0,0,0,0,0,0,0,0,0,0,0,0,0,0,0,0,0,0,0,0,0,0,0,0,0,0,0,0,0,0,0,12425659,0,0,0,0,0,0,0
1789580488.288,0,0,0,0,0,0,0,267005495,2402595036672,799090273280,0,0,0,0,0,0,0,0,0,0,0,0,0,0,0,0,0,0,0,0,0,0,0,0,0,0,0,0,0,0,0,0,0,0,0,0,0,0,0,0,0,0,0,0,0,0,0,0,0,0,0,0,0,0,0,0,0,0,455591,146828547,44711790,0,0,0,0,0,0,0,0,0,0,0,0,0,0,0,0,0,0,0,0,0,0,0,0,0,0,0,0,0,0,0,0,0,0,0,0,0,2143043584,681525248,130802,41597,0,271,131072,146665461,0,0,1349381556,2147483648,112823976,144935840,0,0,0,0,0,0,0,0,0,0,0,0,0,0,0,0,0,0,8585113,8585189,0,97,97,6265,329,17170348,35,0,0,0,0,0,0,0,1,0,0,0,0,0,0,0,0,0,0,9656714,0,13975813,123689,0,0,0,0,0,0,0,0,16384,0,0,0,0,0,0,0,0,0,0,0,4608,340,0,0,0,0,0,26102551,0,4074,12,3509,338,4608,0,0,0,0,0,0,0,0,0,0,0,0,0,0,0,0,0,0,0,0,0,0,0,0,0,0,0,0,0,0,0,0,0,0,0,0,0,0,0,0,0,0,0,0,0,0,0,0,0,0,0,0,0,109428216,0,0,0,128290778,0,0,0,0,0,0,0,78512730,146736327,184686525,56825768960,45718891,0,0,0,0,0,0,0,0,0,0,0,0,0,0,0,0,0,0,0,0,0,0,0,0,0,0,0,0,0,0,0,12425877,0,0,0,0,0,0,0
1789580489.314,0,0,0,0,0,0,0,267011436,2402670501376,799105811456,0,0,0,0,0,0,0,0,0,0,0,0,0,0,0,0,0,0,0,0,0,0,0,0,0,0,0,0,0,0,0,0,0,0,0,0,0,0,0,0,0,0,0,0,0,0,0,0,0,0,0,0,0,0,0,0,0,0,455593,146833157,44712709,0,0,0,0,0,0,0,0,0,0,0,0,0,0,0,0,0,0,0,0,0,0,0,0,0,0,0,0,0,0,0,0,0,0,0,0,0,2143076352,682950656,130803,41684,1,269,131072,146670069,0,0,1349412576,2147483648,112828525,144938863,0,0,0,0,0,0,0,0,0,0,0,0,0,0,0,0,0,0,8585309,8585380,0,97,97,6265,329,17170735,35,0,0,0,0,0,0,0,1,0,0,0,0,0,0,0,0,0,0,9656927,0,13975813,123689,0,0,0,0,0,0,0,0,16384,0,0,0,0,0,0,0,0,0,0,0,4609,340,0,0,0,0,0,26103126,0,4074,12,3509,338,4609,0,0,0,0,0,0,0,0,0,0,0,0,0,0,0,0,0,0,0,0,0,0,0,0,0,0,0,0,0,0,0,0,0,0,0,0,0,0,0,0,0,0,0,0,0,0,0,0,0,0,0,0,0,109429300,0,0,0,128293507,0,0,0,0,0,0,0,78514360,146740934,184689403,56826378240,45719624,0,0,0,0,0,0,0,0,0,0,0,0,0,0,0,0,0,0,0,0,0,0,0,0,0,0,0,0,0,0,0,12426066,0,0,0,0,0,0,0
1789580490.340,0,0,0,0,0,0,0,267017469,2402746359296,799120925184,0,0,0,0,0,0,0,0,0,0,0,0,0,0,0,0,0,0,0,0,0,0,0,0,0,0,0,0,0,0,0,0,0,0,0,0,0,0,0,0,0,0,0,0,0,0,0,0,0,0,0,0,0,0,0,0,0,0,455594,146837796,44713558,0,0,0,0,0,0,0,0,0,0,0,0,0,0,0,0,0,0,0,0,0,0,0,0,0,0,0,0,0,0,0,0,0,0,0,0,0,2142928896,686276608,130794,41887,0,278,131072,146674708,0,0,1349444231,2147483648,112833123,144942032,0,0,0,0,0,0,0,0,0,0,0,0,0,0,0,0,0,0,8585510,8585583,0,97,97,6265,329,17171136,35,0,0,0,0,0,0,0,1,0,0,0,0,0,0,0,0,0,0,9657157,0,13975813,123689,0,0,0,0,0,0,0,0,16384,0,0,0,0,0,0,0,0,0,0,0,4610,340,0,0,0,0,0,26103750,0,4074,12,3509,338,4610,0,0,0,0,0,0,0,0,0,0,0,0,0,0,0,0,0,0,0,0,0,0,0,0,0,0,0,0,0,0,0,0,0,0,0,0,0,0,0,0,0,0,0,0,0,0,0,0,0,0,0,0,0,109430450,0,0,0,128296367,0,0,0,0,0,0,0,78515984,146745568,184692293,56827013120,45720377,0,1,0,0,0,0,0,0,0,0,0,0,0,0,0,0,0,0,0,0,0,0,0,0,0,0,0,0,0,0,0,12426271,0,0,0,0,0,0,0
1789580491.367,0,0,0,0,0,0,0,267023321,2402821021184,799138605568,0,0,0,0,0,0,0,0,0,0,0,0,0,0,0,0,0,0,0,0,0,0,0,0,0,0,0,0,0,0,0,0,0,0,0,0,0,0,0,0,0,0,0,0,0,0,0,0,0,0,0,0,0,0,0,0,0,0,455594,146842357,44714583,0,0,0,0,0,0,0,0,0,0,0,0,0,0,0,0,0,0,0,0,0,0,0,0,0,0,0,0,0,0,0,0,0,0,0,0,0,2143387648,686276608,130822,41887,0,250,131072,146679266,0,0,1349474811,2147483648,112837604,144945080,0,0,0,0,0,0,0,0,0,0,0,0,0,0,0,0,0,0,8585708,8585782,0,97,97,6265,329,17171530,35,0,0,0,0,0,0,0,1,0,0,0,0,0,0,0,0,0,0,9657377,0,13975813,123689,0,0,0,0,0,0,0,0,16384,0,0,0,0,0,0,0,0,0,0,0,4611,340,0,0,0,0,0,26104345,0,4074,12,3509,338,4611,0,0,0,0,0,0,0,0,0,0,0,0,0,0,0,0,0,0,0,0,0,0,0,0,0,0,0,0,0,0,0,0,0,0,0,0,0,0,0,0,0,0,0,0,0,0,0,0,0,0,0,0,0,109431559,0,0,0,128299127,0,0,0,0,0,0,0,78517743,146750126,184695458,56827624960,45721109,0,0,0,0,0,0,0,0,0,0,0,0,0,0,0,0,0,0,0,0,0,0,0,0,0,0,0,0,0,0,0,12426466,0,0,0,0,0,0,0
1789580492.393,0,0,0,0,0,0,0,267029236,2402896092672,799154828288,0,0,0,0,0,0,0,0,0,0,0,0,0,0,0,0,0,0,0,0,0,0,0,0,0,0,0,0,0,0,0,0,0,0,0,0,0,0,0,0,0,0,0,0,0,0,0,0,0,0,0,0,0,0,0,0,0,0,455599,146846946,44715536,0,0,0,0,0,0,0,0,0,0,0,0,0,0,0,0,0,0,0,0,0,0,0,0,0,0,0,0,0,0,0,0,0,0,0,0,0,2143502336,687079424,130829,41936,0,243,131072,146683852,0,0,1349505877,2147483648,112842138,144948090,0,0,0,0,0,0,0,0,0,0,0,0,0,0,0,0,0,0,8585897,8585976,0,97,97,6265,329,17171909,35,0,0,0,0,0,0,0,1,0,0,0,0,0,0,0,0,0,0,9657599,0,13975813,123689,0,0,0,0,0,0,0,0,16384,0,0,0,0,0,0,0,0,0,0,0,4612,340,0,0,0,0,0,26104944,0,4074,12,3509,338,4612,0,0,0,0,0,0,0,0,0,0,0,0,0,0,0,0,0,0,0,0,0,0,0,0,0,0,0,0,0,0,0,0,0,0,0,0,0,0,0,0,0,0,0,0,0,0,0,0,0,0,0,0,0,109432667,0,0,0,128301807,0,0,0,0,0,0,0,78519423,146754717,184698446,56828236288,45721849,0,0,0,0,0,0,0,0,0,0,0,0,0,0,0,0,0,0,0,0,0,0,0,0,0,0,0,0,0,0,0,12426664,0,0,0,0,0,0,0
1789580493.419,0,0,0,0,0,0,0,267035394,2402974146048,799170083328,0,0,0,0,0,0,0,0,0,0,0,0,0,0,0,0,0,0,0,0,0,0,0,0,0,0,0,0,0,0,0,0,0,0,0,0,0,0,0,0,0,0,0,0,0,0,0,0,0,0,0,0,0,0,0,0,0,0,455602,146851710,44716405,0,0,0,0,0,0,0,0,0,0,0,0,0,0,0,0,0,0,0,0,0,0,0,0,0,0,0,0,0,0,0,0,0,0,0,0,0,2142683136,691273728,130779,42192,0,293,131072,146688614,0,0,1349538065,2147483648,112846904,144951404,0,0,0,0,0,0,0,0,0,0,0,0,0,0,0,0,0,0,8586106,8586181,0,97,97,6265,329,17172348,35,0,0,0,0,0,0,0,1,0,0,0,0,0,0,0,0,0,0,9657830,0,13975813,123689,0,0,0,0,0,0,0,0,16384,0,0,0,0,0,0,0,0,0,0,0,4613,340,0,0,0,0,0,26105566,0,4074,12,3509,338,4613,0,0,0,0,0,0,0,0,0,0,0,0,0,0,0,0,0,0,0,0,0,0,0,0,0,0,0,0,0,0,0,0,0,0,0,0,0,0,0,0,0,0,0,0,0,0,0,0,0,0,0,0,0,109433819,0,0,0,128304800,0,0,0,0,0,0,0,78521060,146759485,184701350,56828880896,45722610,0,0,0,0,0,0,0,0,0,0,0,0,0,0,0,0,0,0,0,0,0,0,0,0,0,0,0,0,0,0,0,12426869,0,0,0,0,0,0,0
1789580494.445,0,0,0,0,0,0,0,267041350,2403049594368,799187297280,0,0,0,0,0,0,0,0,0,0,0,0,0,0,0,0,0,0,0,0,0,0,0,0,0,0,0,0,0,0,0,0,0,0,0,0,0,0,0,0,0,0,0,0,0,0,0,0,0,0,0,0,0,0,0,0,0,0,455606,146856329,44717394,0,0,0,0,0,0,0,0,0,0,0,0,0,0,0,0,0,0,0,0,0,0,0,0,0,0,0,0,0,0,0,0,0,0,0,0,0,2143125504,691666944,130806,42216,0,266,131072,146693232,0,0,1349569120,2147483648,112851451,144954476,0,0,0,0,0,0,0,0,0,0,0,0,0,0,0,0,0,0,8586306,8586376,0,97,97,6265,329,17172738,35,0,0,0,0,0,0,0,1,0,0,0,0,0,0,0,0,0,0,9658049,0,13975813,123689,0,0,0,0,0,0,0,0,16384,0,0,0,0,0,0,0,0,0,0,0,4614,340,0,0,0,0,0,26106150,0,4074,12,3509,338,4614,0,0,0,0,0,0,0,0,0,0,0,0,0,0,0,0,0,0,0,0,0,0,0,0,0,0,0,0,0,0,0,0,0,0,0,0,0,0,0,0,0,0,0,0,0,0,0,0,0,0,0,0,0,109434907,0,0,0,128307555,0,0,0,0,0,0,0,78522790,146764094,184704438,56829495296,45723339,0,0,0,0,0,0,0,0,0,0,0,0,0,0,0,0,0,0,0,0,0,0,0,0,0,0,0,0,0,0,0,12427063,0,0,0,0,0,0,0
1789580495.472,0,0,0,0,0,0,0,267047624,2403128729088,799204261888,0,0,0,0,0,0,0,0,0,0,0,0,0,0,0,0,0,0,0,0,0,0,0,0,0,0,0,0,0,0,0,0,0,0,0,0,0,0,0,0,0,0,0,0,0,0,0,0,0,0,0,0,0,0,0,0,0,0,455610,146861166,44718389,0,0,0,0,0,0,0,0,0,0,0,0,0,0,0,0,0,0,0,0,0,0,0,0,0,0,0,0,0,0,0,0,0,0,0,0,0,2142715904,693059584,130781,42301,0,291,131072,146698069,0,0,1349601930,2147483648,112856266,144957777,0,0,0,0,0,0,0,0,0,0,0,0,0,0,0,0,0,0,8586524,8586594,0,97,97,6265,329,17173154,35,0,0,0,0,0,0,0,1,0,0,0,0,0,0,0,0,0,0,9658293,0,13975813,123689,0,0,0,0,0,0,0,0,16384,0,0,0,0,0,0,0,0,0,0,0,4615,340,0,0,0,0,0,26106812,0,4074,12,3509,338,4615,0,0,0,0,0,0,0,0,0,0,0,0,0,0,0,0,0,0,0,0,0,0,0,0,0,0,0,0,0,0,0,0,0,0,0,0,0,0,0,0,0,0,0,0,0,0,0,0,0,0,0,0,0,109436052,0,0,0,128310508,0,0,0,0,0,0,0,78524524,146768925,184707540,56830138880,45724094,0,0,0,0,0,0,0,0,0,0,0,0,0,0,0,0,0,0,0,0,0,0,0,0,0,0,0,0,0,0,0,12427281,0,0,0,0,0,0,0
1789580496.499,0,0,0,0,0,0,0,267053624,2403205258752,799220056576,0,0,0,0,0,0,0,0,0,0,0,0,0,0,0,0,0,0,0,0,0,0,0,0,0,0,0,0,0,0,0,0,0,0,0,0,0,0,0,0,0,0,0,0,0,0,0,0,0,0,0,0,0,0,0,0,0,0,455612,146865839,44719294,0,0,0,0,0,0,0,0,0,0,0,0,0,0,0,0,0,0,0,0,0,0,0,0,0,0,0,0,0,0,0,0,0,0,0,0,0,2143862784,695681024,130851,42461,0,221,131072,146702740,0,0,1349633377,2147483648,112860823,144960962,0,0,0,0,0,0,0,0,0,0,0,0,0,0,0,0,0,0,8586726,8586792,0,97,97,6265,329,17173561,35,0,0,0,0,0,0,0,1,0,0,0,0,0,0,0,0,0,0,9658517,0,13975813,123689,0,0,0,0,0,0,0,0,16384,0,0,0,0,0,0,0,0,0,0,0,4616,340,0,0,0,0,0,26107413,0,4074,12,3509,338,4616,0,0,0,0,0,0,0,0,0,0,0,0,0,0,0,0,0,0,0,0,0,0,0,0,0,0,0,0,0,0,0,0,0,0,0,0,0,0,0,0,0,0,0,0,0,0,0,0,0,0,0,0,0,109437168,0,0,0,128313392,0,0,0,0,0,0,0,78526183,146773602,184710478,56830765056,45724844,0,0,0,0,0,0,0,0,0,0,0,0,0,0,0,0,0,0,0,0,0,0,0,0,0,0,0,0,0,0,0,12427479,0,0,0,0,0,0,0
1789580497.525,0,0,0,0,0,0,0,267059365,2403278806528,799235892736,0,0,0,0,0,0,0,0,0,0,0,0,0,0,0,0,0,0,0,0,0,0,0,0,0,0,0,0,0,0,0,0,0,0,0,0,0,0,0,0,0,0,0,0,0,0,0,0,0,0,0,0,0,0,0,0,0,0,455617,146870332,44720207,0,0,0,0,0,0,0,0,0,0,0,0,0,0,0,0,0,0,0,0,0,0,0,0,0,0,0,0,0,0,0,0,0,0,0,0,0,2143436800,696467456,130825,42509,0,247,131072,146707232,0,0,1349663520,2147483648,112865300,144963849,0,0,0,0,0,0,0,0,0,0,0,0,0,0,0,0,0,0,8586908,8586986,0,97,97,6265,329,17173921,35,0,0,0,0,0,0,0,1,0,0,0,0,0,0,0,0,0,0,9658730,0,13975813,123689,0,0,0,0,0,0,0,0,16384,0,0,0,0,0,0,0,0,0,0,0,4617,340,0,0,0,0,0,26107992,0,4074,12,3509,338,4617,0,0,0,0,0,0,0,0,0,0,0,0,0,0,0,0,0,0,0,0,0,0,0,0,0,0,0,0,0,0,0,0,0,0,0,0,0,0,0,0,0,0,0,0,0,0,0,0,0,0,0,0,0,109438243,0,0,0,128315959,0,0,0,0,0,0,0,78527837,146778097,184713386,56831360512,45725581,0,0,0,0,0,0,0,0,0,0,0,0,0,0,0,0,0,0,0,0,0,0,0,0,0,0,0,0,0,0,0,12427669,0,0,0,0,0,0,0
1789580498.550,0,0,0,0,0,0,0,267065256,2403353222656,799254125568,0,0,0,0,0,0,0,0,0,0,0,0,0,0,0,0,0,0,0,0,0,0,0,0,0,0,0,0,0,0,0,0,0,0,0,0,0,0,0,0,0,0,0,0,0,0,0,0,0,0,0,0,0,0,0,0,0,0,455627,146874890,44721225,0,0,0,0,0,0,0,0,0,0,0,0,0,0,0,0,0,0,0,0,0,0,0,0,0,0,0,0,0,0,0,0,0,0,0,0,0,2143141888,696516608,130807,42512,0,265,131072,146711789,0,0,1349694346,2147483648,112869767,144966895,0,0,0,0,0,0,0,0,0,0,0,0,0,0,0,0,0,0,8587097,8587174,0,97,97,6265,329,17174317,35,0,0,0,0,0,0,0,1,0,0,0,0,0,0,0,0,0,0,9658941,0,13975813,123690,0,0,0,0,0,0,0,0,16384,0,0,0,0,0,0,0,0,0,0,0,4618,340,0,0,0,0,0,26108561,0,4074,12,3509,338,4618,0,0,0,0,0,0,0,0,0,0,0,0,0,0,0,0,0,0,0,0,0,0,0,0,0,0,0,0,0,0,0,0,0,0,0,0,0,0,0,0,0,0,0,0,0,0,0,0,0,0,0,0,0,109439326,0,0,0,128318667,0,0,0,0,0,0,0,78529499,146782645,184716464,56831973888,45726310,0,0,0,0,0,0,0,0,0,0,0,0,0,0,0,0,0,0,0,0,0,0,0,0,0,0,0,0,0,0,0,12427856,0,0,0,0,0,0,0
1789580499.576,0,0,0,0,0,0,0,267072295,2403442499072,799272796160,0,0,0,0,0,0,0,0,0,0,0,0,0,0,0,0,0,0,0,0,0,0,0,0,0,0,0,0,0,0,0,0,0,0,0,0,0,0,0,0,0,0,0,0,0,0,0,0,0,0,0,0,0,0,0,0,0,0,455638,146880349,44722350,0,0,0,0,0,0,0,0,0,0,0,0,0,0,0,0,0,0,0,0,0,0,0,0,0,0,0,0,0,0,0,0,0,0,0,0,0,2143174656,699465728,130809,42692,0,263,131072,146717247,0,0,1349731123,2147483648,112875122,144970782,0,0,0,0,0,0,0,0,0,0,0,0,0,0,0,0,0,0,8587339,8587416,0,97,97,6265,329,17174802,35,0,0,0,0,0,0,0,1,0,0,0,0,0,0,0,0,0,0,9659216,0,13975941,123690,0,0,0,0,0,0,0,0,16384,0,0,0,0,0,0,0,0,0,0,0,4619,340,0,0,0,0,0,26109302,0,4074,12,3509,338,4619,0,0,0,0,0,0,0,0,0,0,0,0,0,0,0,0,0,0,0,0,0,0,0,0,0,0,0,0,0,0,0,0,0,0,0,0,0,0,0,0,0,0,0,0,0,0,0,0,0,0,0,0,0,109440569,0,0,0,128322098,0,0,0,0,0,0,0,78531396,146788103,184719864,56832687616,45727128,0,0,0,0,0,0,0,0,0,0,0,0,0,0,0,0,0,0,0,0,0,0,0,0,0,0,0,0,0,0,0,12428101,0,0,0,0,0,0,0
1789580500.602,0,0,0,0,0,0,0,267079429,2403534134784,799292791808,0,0,0,0,0,0,0,0,0,0,0,0,0,0,0,0,0,0,0,0,0,0,0,0,0,0,0,0,0,0,0,0,0,0,0,0,0,0,0,0,0,0,0,0,0,0,0,0,0,0,0,0,0,0,0,0,0,0,455644,146885948,44723511,0,0,0,0,0,0,0,0,0,0,0,0,0,0,0,0,0,0,0,0,0,0,0,0,0,0,0,0,0,0,0,0,0,0,0,0,0,2143076352,700874752,130803,42778,0,269,131072,146722844,0,0,1349768527,2147483648,112880660,144974465,0,0,0,0,0,0,0,0,0,0,0,0,0,0,0,0,0,0,8587577,8587651,0,97,97,6265,329,17175258,35,0,0,0,0,0,0,0,1,0,0,0,0,0,0,0,0,0,0,9659479,0,13975941,123690,0,0,0,0,0,0,0,0,16384,0,0,0,0,0,0,0,0,0,0,0,4621,340,0,0,0,0,0,26110018,0,4074,12,3509,338,4621,0,0,0,0,0,0,0,0,0,0,0,0,0,0,0,0,0,0,0,0,0,0,0,0,0,0,0,0,0,0,0,0,0,0,0,0,0,0,0,0,0,0,0,0,0,0,0,0,0,0,0,0,0,109441791,0,0,0,128325391,0,0,0,0,0,0,0,78533373,146793704,184723405,56833394176,45727947,0,0,0,0,0,0,0,0,0,0,0,0,0,0,0,0,0,0,0,0,0,0,0,0,0,0,0,0,0,0,0,12428335,0,0,0,0,0,0,0
1789580501.629,0,0,0,0,0,0,0,267086481,2403624017408,799312148992,0,0,0,0,0,0,0,0,0,0,0,0,0,0,0,0,0,0,0,0,0,0,0,0,0,0,0,0,0,0,0,0,0,0,0,0,0,0,0,0,0,0,0,0,0,0,0,0,0,0,0,0,0,0,0,0,0,0,455652,146891439,44724630,0,0,0,0,0,0,0,0,0,0,0,0,0,0,0,0,0,0,0,0,0,0,0,0,0,0,0,0,0,0,0,0,0,0,0,0,0,2143584256,702414848,130834,42872,0,238,131072,146728330,0,0,1349805415,2147483648,112886069,144978091,0,0,0,0,0,0,0,0,0,0,0,0,0,0,0,0,0,0,8587805,8587883,0,97,97,6265,329,17175717,35,0,0,0,0,0,0,0,1,0,0,0,0,0,0,0,0,0,0,9659739,0,13975941,123690,0,0,0,0,0,0,0,0,16384,0,0,0,0,0,0,0,0,0,0,0,4622,340,0,0,0,0,0,26110721,0,4074,12,3509,338,4622,0,0,0,0,0,0,0,0,0,0,0,0,0,0,0,0,0,0,0,0,0,0,0,0,0,0,0,0,0,0,0,0,0,0,0,0,0,0,0,0,0,0,0,0,0,0,0,0,0,0,0,0,0,109443029,0,0,0,128328622,0,0,0,0,0,0,0,78535323,146799201,184726887,56834097664,45728775,1,0,0,0,0,0,0,0,0,0,0,0,0,0,0,0,0,0,0,0,0,0,0,0,0,0,0,0,0,0,0,12428566,0,0,0,0,0,0,0
1789580502.655,0,0,0,0,0,0,0,267093720,2403715767808,799332012032,0,0,0,0,0,0,0,0,0,0,0,0,0,0,0,0,0,0,0,0,0,0,0,0,0,0,0,0,0,0,0,0,0,0,0,0,0,0,0,0,0,0,0,0,0,0,0,0,0,0,0,0,0,0,0,0,0,0,455661,146897059,44725775,0,0,0,0,0,0,0,0,0,0,0,0,0,0,0,0,0,0,0,0,0,0,0,0,0,0,0,0,0,0,0,0,0,0,0,0,0,2143387648,705331200,130822,43050,0,250,131072,146733948,0,0,1349843205,2147483648,112891628,144982068,0,0,0,0,0,0,0,0,0,0,0,0,0,0,0,0,0,0,8588062,8588139,0,97,97,6265,329,17176219,35,0,0,0,0,0,0,0,1,0,0,0,0,0,0,0,0,0,0,9660022,0,13975941,123690,0,0,0,0,0,0,0,0,16384,0,0,0,0,0,0,0,0,0,0,0,4623,340,0,0,0,0,0,26111486,0,4074,12,3509,338,4623,0,0,0,0,0,0,0,0,0,0,0,0,0,0,0,0,0,0,0,0,0,0,0,0,0,0,0,0,0,0,0,0,0,0,0,0,0,0,0,0,0,0,0,0,0,0,0,0,0,0,0,0,0,109444334,0,0,0,128332152,0,0,0,0,0,0,0,78537322,146804812,184730488,56834845696,45729626,0,0,0,0,0,0,0,0,0,0,0,0,0,0,0,0,0,0,0,0,0,0,0,0,0,0,0,0,0,0,0,12428817,0,0,0,0,0,0,0
1789580503.682,0,0,0,0,0,0,0,267100328,2403799834112,799349891584,0,0,0,0,0,0,0,0,0,0,0,0,0,0,0,0,0,0,0,0,0,0,0,0,0,0,0,0,0,0,0,0,0,0,0,0,0,0,0,0,0,0,0,0,0,0,0,0,0,0,0,0,0,0,0,0,0,0,455668,146902203,44726810,0,0,0,0,0,0,0,0,0,0,0,0,0,0,0,0,0,0,0,0,0,0,0,0,0,0,0,0,0,0,0,0,0,0,0,0,0,2142945280,706183168,130795,43102,0,277,131072,146739090,0,0,1349877712,2147483648,112896737,144985377,0,0,0,0,0,0,0,0,0,0,0,0,0,0,0,0,0,0,8588264,8588345,0,97,97,6265,329,17176640,35,0,0,0,0,0,0,0,1,0,0,0,0,0,0,0,0,0,0,9660257,0,13975941,123690,0,0,0,0,0,0,0,0,16384,0,0,0,0,0,0,0,0,0,0,0,4624,340,0,0,0,0,0,26112123,0,4074,12,3509,338,4624,0,0,0,0,0,0,0,0,0,0,0,0,0,0,0,0,0,0,0,0,0,0,0,0,0,0,0,0,0,0,0,0,0,0,0,0,0,0,0,0,0,0,0,0,0,0,0,0,0,0,0,0,0,109445500,0,0,0,128335113,0,0,0,0,0,0,0,78539134,146809948,184733730,56835494400,45730400,0,0,0,0,0,0,0,0,0,0,0,0,0,0,0,0,0,0,0,0,0,0,0,0,0,0,0,0,0,0,0,12429027,0,0,0,0,0,0,0
1789580504.708,0,0,0,0,0,0,0,267107699,2403892567552,799369539072,0,0,0,0,0,0,0,0,0,0,0,0,0,0,0,0,0,0,0,0,0,0,0,0,0,0,0,0,0,0,0,0,0,0,0,0,0,0,0,0,0,0,0,0,0,0,0,0,0,0,0,0,0,0,0,0,0,0,455672,146907866,44727957,0,0,0,0,0,0,0,0,0,0,0,0,0,0,0,0,0,0,0,0,0,0,0,0,0,0,0,0,0,0,0,0,0,0,0,0,0,2143371264,708624384,130821,43251,0,251,131072,146744748,0,0,1349916434,2147483648,112902306,144989251,0,0,0,0,0,0,0,0,0,0,0,0,0,0,0,0,0,0,8588508,8588588,0,97,97,6265,329,17177139,35,0,0,0,0,0,0,0,1,0,0,0,0,0,0,0,0,0,0,9660525,0,13975941,123690,0,0,0,0,0,0,0,0,16384,0,0,0,0,0,0,0,0,0,0,0,4625,340,0,0,0,0,0,26112845,0,4074,12,3509,338,4625,0,0,0,0,0,0,0,0,0,0,0,0,0,0,0,0,0,0,0,0,0,0,0,0,0,0,0,0,0,0,0,0,0,0,0,0,0,0,0,0,0,0,0,0,0,0,0,0,0,0,0,0,0,109446809,0,0,0,128338609,0,0,0,0,0,0,0,78541131,146815612,184737309,56836236800,45731262,0,0,0,0,0,0,0,0,0,0,0,0,0,0,0,0,0,0,0,0,0,0,0,0,0,0,0,0,0,0,0,12429264,0,0,0,0,0,0,0
1789580505.733,0,0,0,0,0,0,0,267114697,2403981221376,799389463040,0,0,0,0,0,0,0,0,0,0,0,0,0,0,0,0,0,0,0,0,0,0,0,0,0,0,0,0,0,0,0,0,0,0,0,0,0,0,0,0,0,0,0,0,0,0,0,0,0,0,0,0,0,0,0,0,0,0,455681,146913293,44729105,0,0,0,0,0,0,0,0,0,0,0,0,0,0,0,0,0,0,0,0,0,0,0,0,0,0,0,0,0,0,0,0,0,0,0,0,0,2143191040,709820416,130810,43324,0,262,131072,146750174,0,0,1349952649,2147483648,112907663,144993031,0,0,0,0,0,0,0,0,0,0,0,0,0,0,0,0,0,0,8588754,8588830,0,97,97,6265,329,17177604,35,0,0,0,0,0,0,0,1,0,0,0,0,0,0,0,0,0,0,9660802,0,13975941,123690,0,0,0,0,0,0,0,0,16384,0,0,0,0,0,0,0,0,0,0,0,4626,340,0,0,0,0,0,26113598,0,4074,12,3509,338,4626,0,0,0,0,0,0,0,0,0,0,0,0,0,0,0,0,0,0,0,0,0,0,0,0,0,0,0,0,0,0,0,0,0,0,0,0,0,0,0,0,0,0,0,0,0,0,0,0,0,0,0,0,0,109448059,0,0,0,128341942,0,0,0,0,0,0,0,78543122,146821030,184740870,56836951040,45732097,0,0,0,0,0,0,0,0,0,0,0,0,0,0,0,0,0,0,0,0,0,0,0,0,0,0,0,0,0,0,0,12429511,0,0,0,0,0,0,0
1789580506.759,0,0,0,0,0,0,0,267121759,2404071038464,799407876608,0,0,0,0,0,0,0,0,0,0,0,0,0,0,0,0,0,0,0,0,0,0,0,0,0,0,0,0,0,0,0,0,0,0,0,0,0,0,0,0,0,0,0,0,0,0,0,0,0,0,0,0,0,0,0,0,0,0,455685,146918780,44730183,0,0,0,0,0,0,0,0,0,0,0,0,0,0,0,0,0,0,0,0,0,0,0,0,0,0,0,0,0,0,0,0,0,0,0,0,0,2143420416,711622656,130824,43434,0,248,131072,146755660,0,0,1349989477,2147483648,112913083,144996525,0,0,0,0,0,0,0,0,0,0,0,0,0,0,0,0,0,0,8588981,8589061,0,97,97,6265,329,17178052,35,0,0,0,0,0,0,0,1,0,0,0,0,0,0,0,0,0,0,9661051,0,13975941,123690,0,0,0,0,0,0,0,0,16384,0,0,0,0,0,0,0,0,0,0,0,4627,340,0,0,0,0,0,26114267,0,4074,12,3509,338,4627,0,0,0,0,0,0,0,0,0,0,0,0,0,0,0,0,0,0,0,0,0,0,0,0,0,0,0,0,0,0,0,0,0,0,0,0,0,0,0,0,0,0,0,0,0,0,0,0,0,0,0,0,0,109449290,0,0,0,128345113,0,0,0,0,0,0,0,78545000,146826520,184744231,56837641216,45732910,0,0,0,0,0,0,0,0,0,0,0,0,0,0,0,0,0,0,0,0,0,0,0,0,0,0,0,0,0,0,0,12429731,0,0,0,0,0,0,0
1789580507.785,0,0,0,0,0,0,0,267128734,2404159610368,799427221504,0,0,0,0,0,0,0,0,0,0,0,0,0,0,0,0,0,0,0,0,0,0,0,0,0,0,0,0,0,0,0,0,0,0,0,0,0,0,0,0,0,0,0,0,0,0,0,0,0,0,0,0,0,0,0,0,0,0,455695,146924203,44731291,0,0,0,0,0,0,0,0,0,0,0,0,0,0,0,0,0,0,0,0,0,0,0,0,0,0,0,0,0,0,0,0,0,0,0,0,0,2143158272,713555968,130808,43552,0,264,131072,146761082,0,0,1350026205,2147483648,112918454,145000189,0,0,0,0,0,0,0,0,0,0,0,0,0,0,0,0,0,0,8589207,8589282,0,97,97,6265,329,17178522,35,0,0,0,0,0,0,0,1,0,0,0,0,0,0,0,0,0,0,9661305,0,13975941,123690,0,0,0,0,0,0,0,0,16384,0,0,0,0,0,0,0,0,0,0,0,4628,340,0,0,0,0,0,26114960,0,4074,12,3509,338,4628,0,0,0,0,0,0,0,0,0,0,0,0,0,0,0,0,0,0,0,0,0,0,0,0,0,0,0,0,0,0,0,0,0,0,0,0,0,0,0,0,0,0,0,0,0,0,0,0,0,0,0,0,0,109450494,0,0,0,128348386,0,0,0,0,0,0,0,78546926,146831931,184747679,56838330880,45733714,0,0,0,0,0,0,0,0,0,0,0,0,0,0,0,0,0,0,0,0,0,0,0,0,0,0,0,0,0,0,0,12429957,0,0,0,0,0,0,0
1789580508.812,0,0,0,0,0,0,0,267135778,2404250263040,799447566848,0,0,0,0,0,0,0,0,0,0,0,0,0,0,0,0,0,0,0,0,0,0,0,0,0,0,0,0,0,0,0,0,0,0,0,0,0,0,0,0,0,0,0,0,0,0,0,0,0,0,0,0,0,0,0,0,0,0,455710,146929735,44732481,0,0,0,0,0,0,0,0,0,0,0,0,0,0,0,0,0,0,0,0,0,0,0,0,0,0,0,0,0,0,0,0,0,0,0,0,0,2143338496,714801152,130819,43628,0,253,131072,146766610,0,0,1350062975,2147483648,112923919,145004080,0,0,0,0,0,0,0,0,0,0,0,0,0,0,0,0,0,0,8589448,8589529,0,97,97,6265,329,17179003,35,0,0,0,0,0,0,0,1,0,0,0,0,0,0,0,0,0,0,9661581,0,13975941,123690,0,0,0,0,0,0,0,0,16384,0,0,0,0,0,0,0,0,0,0,0,4629,340,0,0,0,0,0,26115702,0,4074,12,3509,338,4629,0,0,0,0,0,0,0,0,0,0,0,0,0,0,0,0,0,0,0,0,0,0,0,0,0,0,0,0,0,0,0,0,0,0,0,0,0,0,0,0,0,0,0,0,0,0,0,0,0,0,0,0,0,109451744,0,0,0,128351807,0,0,0,0,0,0,0,78548956,146837465,184751286,56839061504,45734566,0,0,0,0,0,0,0,0,0,0,0,0,0,0,0,0,0,0,0,0,0,0,0,0,0,0,0,0,0,0,0,12430203,0,0,0,0,0,0,0
1789580509.838,0,0,0,0,0,0,0,267142479,2404335083008,799466246656,0,0,0,0,0,0,0,0,0,0,0,0,0,0,0,0,0,0,0,0,0,0,0,0,0,0,0,0,0,0,0,0,0,0,0,0,0,0,0,0,0,0,0,0,0,0,0,0,0,0,0,0,0,0,0,0,0,0,455723,146934928,44733565,0,0,0,0,0,0,0,0,0,0,0,0,0,0,0,0,0,0,0,0,0,0,0,0,0,0,0,0,0,0,0,0,0,0,0,0,0,2143092736,715784192,130804,43688,0,268,131072,146771797,0,0,1350098319,2147483648,112929079,145007497,0,0,0,0,0,0,0,0,0,0,0,0,0,0,0,0,0,0,8589656,8589729,0,97,97,6265,329,17179436,35,0,0,0,0,0,0,0,1,0,0,0,0,0,0,0,0,0,0,9661813,0,13975941,123690,0,0,0,0,0,0,0,0,16384,0,0,0,0,0,0,0,0,0,0,0,4630,340,0,0,0,0,0,26116324,0,4074,12,3509,338,4630,0,0,0,0,0,0,0,0,0,0,0,0,0,0,0,0,0,0,0,0,0,0,0,0,0,0,0,0,0,0,0,0,0,0,0,0,0,0,0,0,0,0,0,0,0,0,0,0,0,0,0,0,0,109452901,0,0,0,128354833,0,0,0,0,0,0,0,78550794,146842652,184754610,56839721472,45735320,0,0,0,0,0,0,0,0,0,0,0,0,0,0,0,0,0,0,0,0,0,0,0,0,0,0,0,0,0,0,0,12430408,0,0,0,0,0,0,0
1789580510.863,0,0,0,0,0,0,0,267149148,2404419673600,799483986944,0,0,0,0,0,0,0,0,0,0,0,0,0,0,0,0,0,0,0,0,0,0,0,0,0,0,0,0,0,0,0,0,0,0,0,0,0,0,0,0,0,0,0,0,0,0,0,0,0,0,0,0,0,0,0,0,0,0,455730,146940095,44734585,0,0,0,0,0,0,0,0,0,0,0,0,0,0,0,0,0,0,0,0,0,0,0,0,0,0,0,0,0,0,0,0,0,0,0,0,0,2143387648,718815232,130822,43873,0,250,131072,146776959,0,0,1350133043,2147483648,112934188,145011107,0,0,0,0,0,0,0,0,0,0,0,0,0,0,0,0,0,0,8589889,8589966,0,97,97,6265,329,17179885,35,0,0,0,0,0,0,0,1,0,0,0,0,0,0,0,0,0,0,9662072,0,13975941,123690,0,0,0,0,0,0,0,0,16384,0,0,0,0,0,0,0,0,0,0,0,4631,340,0,0,0,0,0,26117027,0,4074,12,3509,338,4631,0,0,0,0,0,0,0,0,0,0,0,0,0,0,0,0,0,0,0,0,0,0,0,0,0,0,0,0,0,0,0,0,0,0,0,0,0,0,0,0,0,0,0,0,0,0,0,0,0,0,0,0,0,109454109,0,0,0,128358038,0,0,0,0,0,0,0,78552639,146847817,184757866,56840411648,45736141,0,0,0,0,0,0,0,0,0,0,0,0,0,0,0,0,0,0,0,0,0,0,0,0,0,0,0,0,0,0,0,12430639,0,0,0,0,0,0,0
1789580511.890,0,0,0,0,0,0,0,267155947,2404507672064,799503352320,0,0,0,0,0,0,0,0,0,0,0,0,0,0,0,0,0,0,0,0,0,0,0,0,0,0,0,0,0,0,0,0,0,0,0,0,0,0,0,0,0,0,0,0,0,0,0,0,0,0,0,0,0,0,0,0,0,0,455737,146945468,44735713,0,0,0,0,0,0,0,0,0,0,0,0,0,0,0,0,0,0,0,0,0,0,0,0,0,0,0,0,0,0,0,0,0,0,0,0,0,2143387648,719175680,130822,43895,0,251,131072,146782330,0,0,1350168606,2147483648,112939519,145014540,0,0,0,0,0,0,0,0,0,0,0,0,0,0,0,0,0,0,8590102,8590181,0,97,97,6265,329,17180328,35,0,0,0,0,0,0,0,1,0,0,0,0,0,0,0,0,0,0,9662320,0,13975941,123690,0,0,0,0,0,0,0,0,16384,0,0,0,0,0,0,0,0,0,0,0,4632,340,0,0,0,0,0,26117695,0,4074,12,3509,338,4632,0,0,0,0,0,0,0,0,0,0,0,0,0,0,0,0,0,0,0,0,0,0,0,0,0,0,0,0,0,0,0,0,0,0,0,0,0,0,0,0,0,0,0,0,0,0,0,0,0,0,0,0,0,109455299,0,0,0,128361102,0,0,0,0,0,0,0,78554544,146853202,184761304,56841079296,45736921,0,1,0,0,0,0,0,0,0,0,0,0,0,0,0,0,0,0,0,0,0,0,0,0,0,0,0,0,0,0,0,12430859,0,0,0,0,0,0,0
1789580512.916,0,0,0,0,0,0,0,267162817,2404594998784,799521691136,0,0,0,0,0,0,0,0,0,0,0,0,0,0,0,0,0,0,0,0,0,0,0,0,0,0,0,0,0,0,0,0,0,0,0,0,0,0,0,0,0,0,0,0,0,0,0,0,0,0,0,0,0,0,0,0,0,0,455745,146950813,44736774,0,0,0,0,0,0,0,0,0,0,0,0,0,0,0,0,0,0,0,0,0,0,0,0,0,0,0,0,0,0,0,0,0,0,0,0,0,2143551488,721436672,130832,44033,0,240,131072,146787673,0,0,1350204832,2147483648,112944802,145018228,0,0,0,0,0,0,0,0,0,0,0,0,0,0,0,0,0,0,8590346,8590420,0,97,97,6265,329,17180781,35,0,0,0,0,0,0,0,1,0,0,0,0,0,0,0,0,0,0,9662587,0,13975941,123690,0,0,0,0,0,0,0,0,16384,0,0,0,0,0,0,0,0,0,0,0,4633,340,0,0,0,0,0,26118420,0,4074,12,3509,338,4633,0,0,0,0,0,0,0,0,0,0,0,0,0,0,0,0,0,0,0,0,0,0,0,0,0,0,0,0,0,0,0,0,0,0,0,0,0,0,0,0,0,0,0,0,0,0,0,0,0,0,0,0,0,109456548,0,0,0,128364375,0,0,0,0,0,0,0,78556442,146858535,184764669,56841786880,45737760,0,0,0,0,0,0,0,0,0,0,0,0,0,0,0,0,0,0,0,0,0,0,0,0,0,0,0,0,0,0,0,12431097,0,0,0,0,0,0,0
1789580513.941,0,0,0,0,0,0,0,267169636,2404682046976,799540699136,0,0,0,0,0,0,0,0,0,0,0,0,0,0,0,0,0,0,0,0,0,0,0,0,0,0,0,0,0,0,0,0,0,0,0,0,0,0,0,0,0,0,0,0,0,0,0,0,0,0,0,0,0,0,0,0,0,0,455753,146956140,44737883,0,0,0,0,0,0,0,0,0,0,0,0,0,0,0,0,0,0,0,0,0,0,0,0,0,0,0,0,0,0,0,0,0,0,0,0,0,2143764480,722616320,130845,44105,0,227,131072,146792996,0,0,1350240206,2147483648,112950063,145021720,0,0,0,0,0,0,0,0,0,0,0,0,0,0,0,0,0,0,8590568,8590646,0,97,97,6265,329,17181222,35,0,0,0,0,0,0,0,1,0,0,0,0,0,0,0,0,0,0,9662831,0,13975941,123690,0,0,0,0,0,0,0,0,16384,0,0,0,0,0,0,0,0,0,0,0,4634,340,0,0,0,0,0,26119078,0,4074,12,3509,338,4634,0,0,0,0,0,0,0,0,0,0,0,0,0,0,0,0,0,0,0,0,0,0,0,0,0,0,0,0,0,0,0,0,0,0,0,0,0,0,0,0,0,0,0,0,0,0,0,0,0,0,0,0,0,109457725,0,0,0,128367511,0,0,0,0,0,0,0,78558341,146863856,184768058,56842457088,45738555,0,0,0,0,0,0,0,0,0,0,0,0,0,0,0,0,0,0,0,0,0,0,0,0,0,0,0,0,0,0,0,12431313,0,0,0,0,0,0,0
1789580514.967,0,0,0,0,0,0,0,267177138,2404777123328,799560619520,0,0,0,0,0,0,0,0,0,0,0,0,0,0,0,0,0,0,0,0,0,0,0,0,0,0,0,0,0,0,0,0,0,0,0,0,0,0,0,0,0,0,0,0,0,0,0,0,0,0,0,0,0,0,0,0,0,0,455766,146961945,44739048,0,0,0,0,0,0,0,0,0,0,0,0,0,0,0,0,0,0,0,0,0,0,0,0,0,0,0,0,0,0,0,0,0,0,0,0,0,2143485952,723501056,130828,44159,0,244,131072,146798798,0,0,1350279813,2147483648,112955838,145025409,0,0,0,0,0,0,0,0,0,0,0,0,0,0,0,0,0,0,8590796,8590870,0,97,97,6265,329,17181690,35,0,0,0,0,0,0,0,1,0,0,0,0,0,0,0,0,0,0,9663078,0,13975941,123690,0,0,0,0,0,0,0,0,16384,0,0,0,0,0,0,0,0,0,0,0,4635,340,0,0,0,0,0,26119740,0,4074,12,3509,338,4635,0,0,0,0,0,0,0,0,0,0,0,0,0,0,0,0,0,0,0,0,0,0,0,0,0,0,0,0,0,0,0,0,0,0,0,0,0,0,0,0,0,0,0,0,0,0,0,0,0,0,0,0,0,109458941,0,0,0,128370799,0,0,0,0,0,0,0,78560319,146869663,184771580,56843170816,45739379,0,0,0,0,0,0,0,0,0,0,0,0,0,0,0,0,0,0,0,0,0,0,0,0,0,0,0,0,0,0,0,12431532,0,0,0,0,0,0,0
1789580515.993,0,0,0,0,0,0,0,267184573,2404871659008,799580442624,0,0,0,0,0,0,0,0,0,0,0,0,0,0,0,0,0,0,0,0,0,0,0,0,0,0,0,0,0,0,0,0,0,0,0,0,0,0,0,0,0,0,0,0,0,0,0,0,0,0,0,0,0,0,0,0,0,0,455776,146967727,44740186,0,0,0,0,0,0,0,0,0,0,0,0,0,0,0,0,0,0,0,0,0,0,0,0,0,0,0,0,0,0,0,0,0,0,0,0,0,2144026624,726876160,130861,44365,0,211,131072,146804578,0,0,1350318922,2147483648,112961543,145029469,0,0,0,0,0,0,0,0,0,0,0,0,0,0,0,0,0,0,8591061,8591138,0,97,97,6265,329,17182204,35,0,0,0,0,0,0,0,1,0,0,0,0,0,0,0,0,0,0,9663361,0,13975941,123690,0,0,0,0,0,0,0,0,16384,0,0,0,0,0,0,0,0,0,0,0,4636,340,0,0,0,0,0,26120506,0,4074,12,3509,338,4636,0,0,0,0,0,0,0,0,0,0,0,0,0,0,0,0,0,0,0,0,0,0,0,0,0,0,0,0,0,0,0,0,0,0,0,0,0,0,0,0,0,0,0,0,0,0,0,0,0,0,0,0,0,109460318,0,0,0,128374415,0,0,0,0,0,0,0,78562355,146875451,184775248,56843952128,45740271,0,0,0,0,0,0,0,0,0,0,0,0,0,0,0,0,0,0,0,0,0,0,0,0,0,0,0,0,0,0,0,12431782,0,0,0,0,0,0,0
1789580517.020,0,0,0,0,0,0,0,267192814,2404977237504,799603494400,0,0,0,0,0,0,0,0,0,0,0,0,0,0,0,0,0,0,0,0,0,0,0,0,0,0,0,0,0,0,0,0,0,0,0,0,0,0,0,0,0,0,0,0,0,0,0,0,0,0,0,0,0,0,0,0,0,0,455790,146974193,44741525,0,0,0,0,0,0,0,0,0,0,0,0,0,0,0,0,0,0,0,0,0,0,0,0,0,0,0,0,0,0,0,0,0,0,0,0,0,2144108544,726958080,130866,44370,0,206,131072,146811034,0,0,1350362068,2147483648,112967940,145033581,0,0,0,0,0,0,0,0,0,0,0,0,0,0,0,0,0,0,8591318,8591406,0,97,97,6265,329,17182719,35,0,0,0,0,0,0,0,1,0,0,0,0,0,0,0,0,0,0,9663658,0,13975941,123690,0,0,0,0,0,0,0,0,16384,0,0,0,0,0,0,0,0,0,0,0,4637,340,0,0,0,0,0,26121318,0,4074,12,3509,338,4637,0,0,0,0,0,0,0,0,0,0,0,0,0,0,0,0,0,0,0,0,0,0,0,0,0,0,0,0,0,0,0,0,0,0,0,0,0,0,0,0,0,0,0,0,0,0,0,0,0,0,0,0,0,109461664,0,0,0,128378056,0,0,0,0,0,0,0,78564572,146881906,184779270,56844724736,45741147,0,0,0,0,0,0,0,0,0,0,0,0,0,0,0,0,0,0,0,0,0,0,0,0,0,0,0,0,0,0,0,12432047,0,0,0,0,0,0,0
1789580518.046,0,0,0,0,0,0,0,267201212,2405084012032,799625487872,0,0,0,0,0,0,0,0,0,0,0,0,0,0,0,0,0,0,0,0,0,0,0,0,0,0,0,0,0,0,0,0,0,0,0,0,0,0,0,0,0,0,0,0,0,0,0,0,0,0,0,0,0,0,0,0,0,0,455800,146980727,44742801,0,0,0,0,0,0,0,0,0,0,0,0,0,0,0,0,0,0,0,0,0,0,0,0,0,0,0,0,0,0,0,0,0,0,0,0,0,2144468992,729235456,130888,44509,0,184,131072,146817568,0,0,1350406357,2147483648,112974389,145037817,0,0,0,0,0,0,0,0,0,0,0,0,0,0,0,0,0,0,8591596,8591678,0,97,97,6265,329,17183251,35,0,0,0,0,0,0,0,1,0,0,0,0,0,0,0,0,0,0,9663954,0,13975941,123690,0,0,0,0,0,0,0,0,16384,0,0,0,0,0,0,0,0,0,0,0,4638,340,0,0,0,0,0,26122113,0,4074,12,3509,338,4638,0,0,0,0,0,0,0,0,0,0,0,0,0,0,0,0,0,0,0,0,0,0,0,0,0,0,0,0,0,0,0,0,0,0,0,0,0,0,0,0,0,0,0,0,0,0,0,0,0,0,0,0,0,109463059,0,0,0,128381885,0,0,0,0,0,0,0,78566768,146888439,184783209,56845531648,45742071,0,0,0,0,0,0,0,0,0,0,0,0,0,0,0,0,0,0,0,0,0,0,0,0,0,0,0,0,0,0,0,12432309,0,0,0,0,0,0,0
1789580519.071,0,0,0,0,0,0,0,267210756,2405206056448,799672913920,0,0,0,0,0,0,0,0,0,0,0,0,0,0,0,0,0,0,0,0,0,0,0,0,0,0,0,0,0,0,0,0,0,0,0,0,0,0,0,0,0,0,0,0,0,0,0,0,0,0,0,0,0,0,0,0,0,0,455815,146988191,44745644,0,0,0,0,0,0,0,0,0,0,0,0,0,0,0,0,0,0,0,0,0,0,0,0,0,0,0,0,0,0,0,0,0,0,0,0,0,2144518144,709033984,130891,43276,0,181,131072,146825026,0,0,1350456538,2147483648,112981337,145042567,0,0,0,0,0,0,0,0,0,0,0,0,0,0,0,0,0,0,8591897,8591978,0,97,97,6265,329,17183857,35,0,0,0,0,0,0,0,1,0,0,0,0,0,0,0,0,0,0,9664290,0,13977233,123701,0,0,0,0,0,0,0,0,16384,0,0,0,0,0,0,0,0,0,0,0,4639,340,0,0,0,0,0,26123023,0,4074,12,3509,338,4639,0,0,0,0,0,0,0,0,0,0,0,0,0,0,0,0,0,0,0,0,0,0,0,0,0,0,0,0,0,0,0,0,0,0,0,0,0,0,0,0,0,0,0,0,0,0,0,0,0,0,0,0,0,109464534,0,0,0,128386159,0,0,0,0,0,0,0,78569459,146895901,184789044,56846395904,45743032,0,0,0,0,0,0,0,0,0,0,0,0,0,0,0,0,0,0,0,0,0,0,0,0,0,0,0,0,0,0,0,12432607,0,0,0,0,0,0,0
1789580520.097,0,0,0,0,0,0,0,267223077,2405364014592,799706951680,0,0,0,0,0,0,0,0,0,0,0,0,0,0,0,0,0,0,0,0,0,0,0,0,0,0,0,0,0,0,0,0,0,0,0,0,0,0,0,0,0,0,0,0,0,0,0,0,0,0,0,0,0,0,0,0,0,0,455841,146997850,44747613,0,0,0,0,0,0,0,0,0,0,0,0,0,0,0,0,0,0,0,0,0,0,0,0,0,0,0,0,0,0,0,0,0,0,0,0,0,2145157120,712605696,130930,43494,0,142,131072,146834676,0,0,1350521470,2147483648,112990394,145048903,0,0,0,0,0,0,0,0,0,0,0,0,0,0,0,0,0,0,8592301,8592386,0,97,97,6265,329,17184662,35,0,0,0,0,0,0,0,1,0,0,0,0,0,0,0,0,0,0,9664731,0,13977233,123701,0,0,0,0,0,0,0,0,16384,0,0,0,0,0,0,0,0,0,0,0,4640,340,0,0,0,0,0,26124203,0,4074,12,3509,338,4640,0,0,0,0,0,0,0,0,0,0,0,0,0,0,0,0,0,0,0,0,0,0,0,0,0,0,0,0,0,0,0,0,0,0,0,0,0,0,0,0,0,0,0,0,0,0,0,0,0,0,0,0,0,109466269,0,0,0,128391853,0,0,0,0,0,0,0,78572562,146905559,184794751,56847463424,45744151,1,0,0,0,0,0,0,0,0,0,0,0,0,0,0,0,0,0,0,0,0,0,0,0,0,0,0,0,0,0,0,12432998,0,0,0,0,0,0,0
1789580521.123,0,0,0,0,0,0,0,267237667,2405550136832,799745433600,0,0,0,0,0,0,0,0,0,0,0,0,0,0,0,0,0,0,0,0,0,0,0,0,0,0,0,0,0,0,0,0,0,0,0,0,0,0,0,0,0,0,0,0,0,0,0,0,0,0,0,0,0,0,0,0,0,0,455882,147009226,44749856,0,0,0,0,0,0,0,0,0,0,0,0,0,0,0,0,0,0,0,0,0,0,0,0,0,0,0,0,0,0,0,0,0,0,0,0,0,2145648640,717668352,130960,43803,0,112,131072,146846043,0,0,1350598130,2147483648,113001592,145056376,0,0,0,0,0,0,0,0,0,0,0,0,0,0,0,0,0,0,8592780,8592865,0,97,97,6265,329,17185591,35,0,0,0,0,0,0,0,1,0,0,0,0,0,0,0,0,0,0,9665240,0,13977233,123701,0,0,0,0,0,0,0,0,16384,0,0,0,0,0,0,0,0,0,0,0,4641,340,0,0,0,0,0,26125578,0,4074,12,3509,338,4641,0,0,0,0,0,0,0,0,0,0,0,0,0,0,0,0,0,0,0,0,0,0,0,0,0,0,0,0,0,0,0,0,0,0,0,0,0,0,0,0,0,0,0,0,0,0,0,0,0,0,0,0,0,109468161,0,0,0,128398499,0,0,0,0,0,0,0,78575994,146916931,184801109,56848681472,45745347,0,0,0,0,0,0,0,0,0,0,0,0,0,0,0,0,0,0,0,0,0,0,0,0,0,0,0,0,0,0,0,12433448,0,0,0,0,0,0,0
1789580522.148,0,0,0,0,0,0,0,267254247,2405760228864,799790186496,0,0,0,0,0,0,0,0,0,0,0,0,0,0,0,0,0,0,0,0,0,0,0,0,0,0,0,0,0,0,0,0,0,0,0,0,0,0,0,0,0,0,0,0,0,0,0,0,0,0,0,0,0,0,0,0,0,0,455933,147022072,44752462,0,0,0,0,0,0,0,0,0,0,0,0,0,0,0,0,0,0,0,0,0,0,0,0,0,0,0,0,0,0,0,0,0,0,0,0,0,2145697792,723599360,130963,44165,0,109,131072,146858880,0,0,1350684986,2147483648,113014213,145065249,0,0,0,0,0,0,0,0,0,0,0,0,0,0,0,0,0,0,8593333,8593420,0,97,97,6265,329,17186716,35,0,0,0,0,0,0,0,1,0,0,0,0,0,0,0,0,0,0,9665854,0,13977233,123701,0,0,0,0,0,0,0,0,16384,0,0,0,0,0,0,0,0,0,0,0,4642,340,0,0,0,0,0,26127229,0,4074,12,3509,338,4642,0,0,0,0,0,0,0,0,0,0,0,0,0,0,0,0,0,0,0,0,0,0,0,0,0,0,0,0,0,0,0,0,0,0,0,0,0,0,0,0,0,0,0,0,0,0,0,0,0,0,0,0,0,109470277,0,0,0,128406342,0,0,0,0,0,0,0,78579920,146929771,184808439,56850054656,45746669,0,0,0,0,0,0,0,0,0,0,0,0,0,0,0,0,0,0,0,0,0,0,0,0,0,0,0,0,0,0,0,12433992,0,0,0,0,0,0,0
1789580523.174,0,0,0,0,0,0,0,267269581,2405955837440,799831207424,0,0,0,0,0,0,0,0,0,0,0,0,0,0,0,0,0,0,0,0,0,0,0,0,0,0,0,0,0,0,0,0,0,0,0,0,0,0,0,0,0,0,0,0,0,0,0,0,0,0,0,0,0,0,0,0,0,0,455987,147034032,44754842,0,0,0,0,0,0,0,0,0,0,0,0,0,0,0,0,0,0,0,0,0,0,0,0,0,0,0,0,0,0,0,0,0,0,0,0,0,2145583104,729661440,130956,44535,0,116,131072,146870839,0,0,1350765272,2147483648,113026036,145073615,0,0,0,0,0,0,0,0,0,0,0,0,0,0,0,0,0,0,8593853,8593941,0,97,97,6265,329,17187755,35,0,0,0,0,0,0,0,1,0,0,0,0,0,0,0,0,0,0,9666435,0,13977233,123701,0,0,0,0,0,0,0,0,16384,0,0,0,0,0,0,0,0,0,0,0,4644,340,0,0,0,0,0,26128810,1,4074,12,3509,339,4644,0,0,0,0,1,0,0,0,0,0,0,0,0,0,0,0,0,0,0,0,0,0,0,0,0,0,0,0,0,0,0,0,0,0,0,0,0,0,0,0,0,0,0,0,0,0,0,0,0,0,0,0,0,109472333,0,0,0,128413654,0,0,0,0,0,0,0,78583590,146941723,184815263,56851377664,45747954,0,0,0,0,0,0,0,0,0,0,0,0,0,0,0,0,0,0,0,0,0,0,0,0,0,0,0,0,0,0,0,12434508,0,0,0,0,0,0,0
1789580524.201,0,0,0,0,0,0,0,267282225,2406117989888,799866938368,0,0,0,0,0,0,0,0,0,0,0,0,0,0,0,0,0,0,0,0,0,0,0,0,0,0,0,0,0,0,0,0,0,0,0,0,0,0,0,0,0,0,0,0,0,0,0,0,0,0,0,0,0,0,0,0,0,0,456024,147043939,44756924,0,0,0,0,0,0,0,0,0,0,0,0,0,0,0,0,0,0,0,0,0,0,0,0,0,0,0,0,0,0,0,0,0,0,0,0,0,2145271808,733069312,130937,44743,0,135,131072,146880743,0,0,1350831566,2147483648,113035828,145080472,0,0,0,0,0,0,0,0,0,0,0,0,0,0,0,0,0,0,8594283,8594371,0,97,97,6265,329,17188603,35,0,0,0,0,0,0,0,1,0,0,0,0,0,0,0,0,0,0,9666933,0,13977233,123701,0,0,0,0,0,0,0,0,16384,0,0,0,0,0,0,0,0,0,0,0,4645,340,0,0,0,0,0,26130158,1,4074,12,3509,339,4645,0,0,0,0,1,0,0,0,0,0,0,0,0,0,0,0,0,0,0,0,0,0,0,0,0,0,0,0,0,0,0,0,0,0,0,0,0,0,0,0,0,0,0,0,0,0,0,0,0,0,0,0,0,109474178,0,0,0,128419657,0,0,0,0,0,0,0,78586841,146951625,184821264,56852518912,45749129,0,0,0,0,0,0,0,0,0,0,0,0,0,0,0,0,0,0,0,0,0,0,0,0,0,0,0,0,0,0,0,12434952,0,0,0,0,0,0,0
1789580525.227,0,0,0,0,0,0,0,267294270,2406271131136,799899944448,0,0,0,0,0,0,0,0,0,0,0,0,0,0,0,0,0,0,0,0,0,0,0,0,0,0,0,0,0,0,0,0,0,0,0,0,0,0,0,0,0,0,0,0,0,0,0,0,0,0,0,0,0,0,0,0,0,0,456056,147053295,44758841,0,0,0,0,0,0,0,0,0,0,0,0,0,0,0,0,0,0,0,0,0,0,0,0,0,0,0,0,0,0,0,0,0,0,0,0,0,2145304576,735903744,130939,44916,0,133,131072,146890099,0,0,1350896240,2147483648,113045058,145086789,0,0,0,0,0,0,0,0,0,0,0,0,0,0,0,0,0,0,8594678,8594759,0,97,97,6265,329,17189409,35,0,0,0,0,0,0,0,1,0,0,0,0,0,0,0,0,0,0,9667375,0,13977233,123701,0,0,0,0,0,0,0,0,16384,0,0,0,0,0,0,0,0,0,0,0,4646,340,0,0,0,0,0,26131352,1,4074,12,3509,339,4646,0,0,0,0,1,0,0,0,0,0,0,0,0,0,0,0,0,0,0,0,0,0,0,0,0,0,0,0,0,0,0,0,0,0,0,0,0,0,0,0,0,0,0,0,0,0,0,0,0,0,0,0,0,109475956,0,0,0,128425293,0,0,0,0,0,0,0,78589927,146960977,184826897,56853600768,45750294,0,0,0,0,0,0,0,0,0,0,0,0,0,0,0,0,0,0,0,0,0,0,0,0,0,0,0,0,0,0,0,12435345,0,0,0,0,0,0,0
1789580526.252,0,0,0,0,0,0,0,267305775,2406419127808,799932248064,0,0,0,0,0,0,0,0,0,0,0,0,0,0,0,0,0,0,0,0,0,0,0,0,0,0,0,0,0,0,0,0,0,0,0,0,0,0,0,0,0,0,0,0,0,0,0,0,0,0,0,0,0,0,0,0,0,0,456087,147062344,44760724,0,0,0,0,0,0,0,0,0,0,0,0,0,0,0,0,0,0,0,0,0,0,0,0,0,0,0,0,0,0,0,0,0,0,0,0,0,2145632256,739147776,130959,45114,0,113,131072,146899141,0,0,1350956165,2147483648,113054014,145092826,0,0,0,0,0,0,0,0,0,0,0,0,0,0,0,0,0,0,8595068,8595156,0,97,97,6265,329,17190165,35,0,0,0,0,0,0,0,1,0,0,0,0,0,0,0,0,0,0,9667781,0,13977233,123701,0,0,0,0,0,0,0,0,16384,0,0,0,0,0,0,0,0,0,0,0,4647,340,0,0,0,0,0,26132446,1,4074,12,3509,339,4647,0,0,0,0,1,0,0,0,0,0,0,0,0,0,0,0,0,0,0,0,0,0,0,0,0,0,0,0,0,0,0,0,0,0,0,0,0,0,0,0,0,0,0,0,0,0,0,0,0,0,0,0,0,109477658,0,0,0,128430703,0,0,0,0,0,0,0,78592910,146970026,184832357,56854640640,45751398,0,0,0,0,0,0,0,0,0,0,0,0,0,0,0,0,0,0,0,0,0,0,0,0,0,0,0,0,0,0,0,12435703,0,0,0,0,0,0,0
1789580527.279,0,0,0,0,0,0,0,267317588,2406570106368,799964758528,0,0,0,0,0,0,0,0,0,0,0,0,0,0,0,0,0,0,0,0,0,0,0,0,0,0,0,0,0,0,0,0,0,0,0,0,0,0,0,0,0,0,0,0,0,0,0,0,0,0,0,0,0,0,0,0,0,0,456121,147071567,44762626,0,0,0,0,0,0,0,0,0,0,0,0,0,0,0,0,0,0,0,0,0,0,0,0,0,0,0,0,0,0,0,0,0,0,0,0,0,2145828864,742113280,130971,45295,0,101,131072,146908360,0,0,1351018418,2147483648,113063140,145098990,0,0,0,0,0,0,0,0,0,0,0,0,0,0,0,0,0,0,8595447,8595529,0,97,97,6265,329,17190945,35,0,0,0,0,0,0,0,1,0,0,0,0,0,0,0,0,0,0,9668205,0,13977233,123701,0,0,0,0,0,0,0,0,16384,0,0,0,0,0,0,0,0,0,0,0,4648,340,0,0,0,0,0,26133586,1,4074,12,3509,339,4648,0,0,0,0,1,0,0,0,0,0,0,0,0,0,0,0,0,0,0,0,0,0,0,0,0,0,0,0,0,0,0,0,0,0,0,0,0,0,0,0,0,0,0,0,0,0,0,0,0,0,0,0,0,109479426,0,0,0,128436193,0,0,0,0,0,0,0,78595941,146979251,184837907,56855700992,45752537,0,0,0,0,0,0,0,0,0,0,0,0,0,0,0,0,0,0,0,0,0,0,0,0,0,0,0,0,0,0,0,12436079,0,0,0,0,0,0,0
1789580528.304,0,0,0,0,0,0,0,267329687,2406723870208,799998410240,0,0,0,0,0,0,0,0,0,0,0,0,0,0,0,0,0,0,0,0,0,0,0,0,0,0,0,0,0,0,0,0,0,0,0,0,0,0,0,0,0,0,0,0,0,0,0,0,0,0,0,0,0,0,0,0,0,0,456160,147080962,44764572,0,0,0,0,0,0,0,0,0,0,0,0,0,0,0,0,0,0,0,0,0,0,0,0,0,0,0,0,0,0,0,0,0,0,0,0,0,2145746944,747225088,130966,45607,0,106,131072,146917754,0,0,1351081133,2147483648,113072450,145105671,0,0,0,0,0,0,0,0,0,0,0,0,0,0,0,0,0,0,8595871,8595955,0,97,97,6265,329,17191766,35,0,0,0,0,0,0,0,1,0,0,0,0,0,0,0,0,0,0,9668670,0,13977233,123701,0,0,0,0,0,0,0,0,16384,0,0,0,0,0,0,0,0,0,0,0,4649,341,0,0,0,0,0,26134836,0,8707,25,4632,339,4649,0,0,0,0,0,0,0,0,0,0,0,0,0,0,0,0,0,0,0,0,0,0,0,0,0,0,0,0,0,0,0,0,0,0,0,0,0,0,0,0,0,0,0,0,0,0,0,0,0,0,0,0,0,109481259,0,0,0,128442092,0,0,0,0,0,0,0,78599055,146988648,184843646,56856835584,45753699,0,0,0,0,0,0,0,0,0,0,0,0,0,0,0,0,0,0,0,0,0,0,0,0,0,0,0,0,0,0,0,12436491,0,0,0,0,0,0,0
1789580529.329,0,0,0,0,0,0,0,267342948,2406892903936,800037142016,0,0,0,0,0,0,0,0,0,0,0,0,0,0,0,0,0,0,0,0,0,0,0,0,0,0,0,0,0,0,0,0,0,0,0,0,0,0,0,0,0,0,0,0,0,0,0,0,0,0,0,0,0,0,0,0,0,0,456193,147091298,44766845,0,0,0,0,0,0,0,0,0,0,0,0,0,0,0,0,0,0,0,0,0,0,0,0,0,0,0,0,0,0,0,0,0,0,0,0,0,2144993280,749273088,130920,45732,0,152,131072,146928084,0,0,1351150061,2147483648,113082577,145112762,0,0,0,0,0,0,0,0,0,0,0,0,0,0,0,0,0,0,8596300,8596381,0,97,97,6265,329,17192654,35,0,0,0,0,0,0,0,1,0,0,0,0,0,0,0,0,0,0,9669188,0,13977361,123702,0,0,0,0,0,0,0,0,16384,0,0,0,0,0,0,0,0,0,0,0,4650,341,0,0,0,0,0,26136248,0,8707,25,4632,339,4650,0,0,0,0,0,0,0,0,0,0,0,0,0,0,0,0,0,0,0,0,0,0,0,0,0,0,0,0,0,0,0,0,0,0,0,0,0,0,0,0,0,0,0,0,0,0,0,0,0,0,0,0,0,109483127,0,0,0,128448346,0,0,0,0,0,0,0,78602363,146998977,184849907,56857980928,45754870,0,0,0,0,0,0,0,0,0,0,0,0,0,0,0,0,0,0,0,0,0,0,0,0,0,0,0,0,0,0,0,12436954,0,0,0,0,0,0,0
1789580530.355,0,0,0,0,0,0,0,267355200,2407048404480,800070690816,0,0,0,0,0,0,0,0,0,0,0,0,0,0,0,0,0,0,0,0,0,0,0,0,0,0,0,0,0,0,0,0,0,0,0,0,0,0,0,0,0,0,0,0,0,0,0,0,0,0,0,0,0,0,0,0,0,0,456225,147100802,44768787,0,0,0,0,0,0,0,0,0,0,0,0,0,0,0,0,0,0,0,0,0,0,0,0,0,0,0,0,0,0,0,0,0,0,0,0,0,2145271808,752812032,130937,45948,0,135,131072,146937583,0,0,1351213784,2147483648,113091982,145119171,0,0,0,0,0,0,0,0,0,0,0,0,0,0,0,0,0,0,8596703,8596789,0,97,97,6265,329,17193437,35,0,0,0,0,0,0,0,1,0,0,0,0,0,0,0,0,0,0,9669647,0,13977361,123702,0,0,0,0,0,0,0,0,16384,0,0,0,0,0,0,0,0,0,0,0,4651,341,0,0,0,0,0,26137485,0,8707,25,4632,339,4651,0,0,0,0,0,0,0,0,0,0,0,0,0,0,0,0,0,0,0,0,0,0,0,0,0,0,0,0,0,0,0,0,0,0,0,0,0,0,0,0,0,0,0,0,0,0,0,0,0,0,0,0,0,109484898,0,0,0,128454000,0,0,0,0,0,0,0,78605446,147008481,184855581,56859061760,45756001,0,0,0,0,0,0,0,0,0,0,0,0,0,0,0,0,0,0,0,0,0,0,0,0,0,0,0,0,0,0,0,12437364,0,0,0,0,0,0,0
1789580531.381,0,0,0,0,0,0,0,267366178,2407188291072,800101721600,0,0,0,0,0,0,0,0,0,0,0,0,0,0,0,0,0,0,0,0,0,0,0,0,0,0,0,0,0,0,0,0,0,0,0,0,0,0,0,0,0,0,0,0,0,0,0,0,0,0,0,0,0,0,0,0,0,0,456249,147109352,44770600,0,0,0,0,0,0,0,0,0,0,0,0,0,0,0,0,0,0,0,0,0,0,0,0,0,0,0,0,0,0,0,0,0,0,0,0,0,2145173504,754483200,130932,46050,0,140,131072,146946124,0,0,1351271260,2147483648,113100417,145124808,0,0,0,0,0,0,0,0,0,0,0,0,0,0,0,0,0,0,8597058,8597142,0,97,97,6265,329,17194149,35,0,0,0,0,0,0,0,1,0,0,0,0,0,0,0,0,0,0,9670052,0,13977361,123702,0,0,0,0,0,0,0,0,16384,0,0,0,0,0,0,0,0,0,0,0,4652,341,0,0,0,0,0,26138584,0,8707,25,4632,339,4652,0,0,0,0,0,0,0,0,0,0,0,0,0,0,0,0,0,0,0,0,0,0,0,0,0,0,0,0,0,0,0,0,0,0,0,0,0,0,0,0,0,0,0,0,0,0,0,0,0,0,0,0,0,109486581,0,0,0,128459049,0,0,0,0,0,0,0,78608321,147017022,184860879,56860054528,45757067,0,0,0,0,0,0,0,0,0,0,0,0,0,0,0,0,0,0,0,0,0,0,0,0,0,0,0,0,0,0,0,12437725,0,0,0,0,0,0,0
1789580532.408,0,0,0,0,0,0,0,267378288,2407341891072,800157293056,0,0,0,0,0,0,0,0,0,0,0,0,0,0,0,0,0,0,0,0,0,0,0,0,0,0,0,0,0,0,0,0,0,0,0,0,0,0,0,0,0,0,0,0,0,0,0,0,0,0,0,0,0,0,0,0,0,0,456277,147118735,44773876,0,0,0,0,0,0,0,0,0,0,0,0,0,0,0,0,0,0,0,0,0,0,0,0,0,0,0,0,0,0,0,0,0,0,0,0,0,2145353728,737181696,130942,44994,0,130,131072,146955500,0,0,1351334464,2147483648,113109356,145131343,0,0,0,0,0,0,0,0,0,0,0,0,0,0,0,0,0,0,8597463,8597549,0,97,97,6265,329,17195000,35,0,0,0,0,0,0,0,1,0,0,0,0,0,0,0,0,0,0,9670498,0,13978721,123714,0,0,0,0,0,0,0,0,16384,0,0,0,0,0,0,0,0,0,0,0,4653,341,0,0,0,0,0,26139778,0,8707,25,4632,339,4653,0,0,0,0,0,0,0,0,0,0,0,0,0,0,0,0,0,0,0,0,0,0,0,0,0,0,0,0,0,0,0,0,0,0,0,0,0,0,0,0,0,0,0,0,0,0,0,0,0,0,0,0,0,109488390,0,0,0,128464927,0,0,0,0,0,0,0,78611607,147026408,184867924,56861165568,45758199,0,0,0,0,0,0,0,0,0,0,0,0,0,0,0,0,0,0,0,0,0,0,0,0,0,0,0,0,0,0,0,12438119,0,0,0,0,0,0,0
1789580533.434,0,0,0,0,0,0,0,267389944,2407490362880,800191230464,0,0,0,0,0,0,0,0,0,0,0,0,0,0,0,0,0,0,0,0,0,0,0,0,0,0,0,0,0,0,0,0,0,0,0,0,0,0,0,0,0,0,0,0,0,0,0,0,0,0,0,0,0,0,0,0,0,0,456306,147127810,44775855,0,0,0,0,0,0,0,0,0,0,0,0,0,0,0,0,0,0,0,0,0,0,0,0,0,0,0,0,0,0,0,0,0,0,0,0,0,2144813056,738443264,130908,45071,0,163,131072,146964572,0,0,1351395055,2147483648,113118357,145137482,0,0,0,0,0,0,0,0,0,0,0,0,0,0,0,0,0,0,8597849,8597929,0,97,97,6265,329,17195762,35,0,0,0,0,0,0,0,1,0,0,0,0,0,0,0,0,0,0,9670950,0,13978721,123714,0,0,0,0,0,0,0,0,16384,0,0,0,0,0,0,0,0,0,0,0,4654,341,0,0,0,0,0,26141005,0,8707,25,4632,339,4654,0,0,0,0,0,0,0,0,0,0,0,0,0,0,0,0,0,0,0,0,0,0,0,0,0,0,0,0,0,0,0,0,0,0,0,0,0,0,0,0,0,0,0,0,0,0,0,0,0,0,0,0,0,109490120,0,0,0,128470343,0,0,0,0,0,0,0,78614693,147035482,184873615,56862211584,45759304,0,0,0,0,0,0,0,0,0,0,0,0,0,0,0,0,0,0,0,0,0,0,0,0,0,0,0,0,0,0,0,12438523,0,0,0,0,0,0,0
1789580534.462,0,0,0,0,0,0,0,267400484,2407624596992,800220497408,0,0,0,0,0,0,0,0,0,0,0,0,0,0,0,0,0,0,0,0,0,0,0,0,0,0,0,0,0,0,0,0,0,0,0,0,0,0,0,0,0,0,0,0,0,0,0,0,0,0,0,0,0,0,0,0,0,0,456326,147136012,44777552,0,0,0,0,0,0,0,0,0,0,0,0,0,0,0,0,0,0,0,0,0,0,0,0,0,0,0,0,0,0,0,0,0,0,0,0,0,2144878592,739819520,130913,45155,0,159,131072,146972770,0,0,1351450202,2147483648,113126470,145142800,0,0,0,0,0,0,0,0,0,0,0,0,0,0,0,0,0,0,8598186,8598267,0,97,97,6265,329,17196424,35,0,0,0,0,0,0,0,1,0,0,0,0,0,0,0,0,0,0,9671346,0,13978721,123714,0,0,0,0,0,0,0,0,16384,0,0,0,0,0,0,0,0,0,0,0,4655,341,0,0,0,0,0,26142078,0,8707,25,4632,339,4655,0,0,0,0,0,0,0,0,0,0,0,0,0,0,0,0,0,0,0,0,0,0,0,0,0,0,0,0,0,0,0,0,0,0,0,0,0,0,0,0,0,0,0,0,0,0,0,0,0,0,0,0,0,109491737,0,0,0,128475093,0,0,0,0,0,0,0,78617431,147043676,184878639,56863160832,45760338,0,0,0,0,0,0,0,0,0,0,0,0,0,0,0,0,0,0,0,0,0,0,0,0,0,0,0,0,0,0,0,12438877,0,0,0,0,0,0,0
1789580535.488,0,0,0,0,0,0,0,267410634,2407754259968,800249394176,0,0,0,0,0,0,0,0,0,0,0,0,0,0,0,0,0,0,0,0,0,0,0,0,0,0,0,0,0,0,0,0,0,0,0,0,0,0,0,0,0,0,0,0,0,0,0,0,0,0,0,0,0,0,0,0,0,0,456347,147143939,44779240,0,0,0,0,0,0,0,0,0,0,0,0,0,0,0,0,0,0,0,0,0,0,0,0,0,0,0,0,0,0,0,0,0,0,0,0,0,2144550912,742031360,130893,45291,0,179,131072,146980694,0,0,1351503226,2147483648,113134323,145148243,0,0,0,0,0,0,0,0,0,0,0,0,0,0,0,0,0,0,8598532,8598621,0,97,97,6265,329,17197120,35,0,0,0,0,0,0,0,1,0,0,0,0,0,0,0,0,0,0,9671733,0,13978721,123714,0,0,0,0,0,0,0,0,16384,0,0,0,0,0,0,0,0,0,0,0,4656,341,0,0,0,0,0,26143124,0,8707,25,4632,339,4656,0,0,0,0,0,0,0,0,0,0,0,0,0,0,0,0,0,0,0,0,0,0,0,0,0,0,0,0,0,0,0,0,0,0,0,0,0,0,0,0,0,0,0,0,0,0,0,0,0,0,0,0,0,109493353,0,0,0,128479964,0,0,0,0,0,0,0,78620163,147051603,184883612,56864130560,45761392,0,0,0,0,0,0,0,0,0,0,0,0,0,0,0,0,0,0,0,0,0,0,0,0,0,0,0,0,0,0,0,12439221,0,0,0,0,0,0,0
1789580536.514,0,0,0,0,0,0,0,267420698,2407881055744,800276763648,0,0,0,0,0,0,0,0,0,0,0,0,0,0,0,0,0,0,0,0,0,0,0,0,0,0,0,0,0,0,0,0,0,0,0,0,0,0,0,0,0,0,0,0,0,0,0,0,0,0,0,0,0,0,0,0,0,0,456363,147151694,44780825,0,0,0,0,0,0,0,0,0,0,0,0,0,0,0,0,0,0,0,0,0,0,0,0,0,0,0,0,0,0,0,0,0,0,0,0,0,2144845824,745275392,130911,45488,0,161,131072,146988447,0,0,1351555811,2147483648,113141967,145153441,0,0,0,0,0,0,0,0,0,0,0,0,0,0,0,0,0,0,8598865,8598948,0,97,97,6265,329,17197796,35,0,0,0,0,0,0,0,1,0,0,0,0,0,0,0,0,0,0,9672097,0,13978721,123714,0,0,0,0,0,0,0,0,16384,0,0,0,0,0,0,0,0,0,0,0,4657,341,0,0,0,0,0,26144102,0,8707,25,4632,339,4657,0,0,0,0,0,0,0,0,0,0,0,0,0,0,0,0,0,0,0,0,0,0,0,0,0,0,0,0,0,0,0,0,0,0,0,0,0,0,0,0,0,0,0,0,0,0,0,0,0,0,0,0,0,109494920,0,0,0,128484676,0,0,0,0,0,0,0,78622768,147059346,184888352,56865058816,45762410,0,0,0,0,0,0,0,0,0,0,0,0,0,0,0,0,0,0,0,0,0,0,0,0,0,0,0,0,0,0,0,12439543,0,0,0,0,0,0,0
1789580537.540,0,0,0,0,0,0,0,267431012,2408011357696,800305025024,0,0,0,0,0,0,0,0,0,0,0,0,0,0,0,0,0,0,0,0,0,0,0,0,0,0,0,0,0,0,0,0,0,0,0,0,0,0,0,0,0,0,0,0,0,0,0,0,0,0,0,0,0,0,0,0,0,0,456387,147159655,44782455,0,0,0,0,0,0,0,0,0,0,0,0,0,0,0,0,0,0,0,0,0,0,0,0,0,0,0,0,0,0,0,0,0,0,0,0,0,2144894976,749830144,130914,45766,0,158,131072,146996399,0,0,1351609697,2147483648,113149838,145159137,0,0,0,0,0,0,0,0,0,0,0,0,0,0,0,0,0,0,8599227,8599308,0,97,97,6265,329,17198517,35,0,0,0,0,0,0,0,1,0,0,0,0,0,0,0,0,0,0,9672510,0,13978721,123714,0,0,0,0,0,0,0,0,16384,0,0,0,0,0,0,0,0,0,0,0,4658,341,0,0,0,0,0,26145224,0,8707,25,4632,339,4658,0,0,0,0,0,0,0,0,0,0,0,0,0,0,0,0,0,0,0,0,0,0,0,0,0,0,0,0,0,0,0,0,0,0,0,0,0,0,0,0,0,0,0,0,0,0,0,0,0,0,0,0,0,109496603,0,0,0,128489751,0,0,0,0,0,0,0,78625485,147067305,184893307,56866064384,45763491,0,0,0,0,0,0,0,0,0,0,0,0,0,0,0,0,0,0,0,0,0,0,0,0,0,0,0,0,0,0,0,12439911,0,0,0,0,0,0,0
1789580538.566,0,0,0,0,0,0,0,267440594,2408133025280,800332259840,0,0,0,0,0,0,0,0,0,0,0,0,0,0,0,0,0,0,0,0,0,0,0,0,0,0,0,0,0,0,0,0,0,0,0,0,0,0,0,0,0,0,0,0,0,0,0,0,0,0,0,0,0,0,0,0,0,0,456410,147167088,44784050,0,0,0,0,0,0,0,0,0,0,0,0,0,0,0,0,0,0,0,0,0,0,0,0,0,0,0,0,0,0,0,0,0,0,0,0,0,2144632832,751370240,130898,45860,0,174,131072,147003829,0,0,1351660217,2147483648,113157196,145164191,0,0,0,0,0,0,0,0,0,0,0,0,0,0,0,0,0,0,8599544,8599623,0,97,97,6265,329,17199165,35,0,0,0,0,0,0,0,1,0,0,0,0,0,0,0,0,0,0,9672864,0,13978721,123714,0,0,0,0,0,0,0,0,16384,0,0,0,0,0,0,0,0,0,0,0,4659,341,0,0,0,0,0,26146185,0,8707,25,4632,339,4659,0,0,0,0,0,0,0,0,0,0,0,0,0,0,0,0,0,0,0,0,0,0,0,0,0,0,0,0,0,0,0,0,0,0,0,0,0,0,0,0,0,0,0,0,0,0,0,0,0,0,0,0,0,109498140,0,0,0,128494282,0,0,0,0,0,0,0,78628056,147074739,184898010,56866974720,45764479,0,0,0,0,0,0,0,0,0,0,0,0,0,0,0,0,0,0,0,0,0,0,0,0,0,0,0,0,0,0,0,12440225,0,0,0,0,0,0,0
1789580539.592,0,0,0,0,0,0,0,267449905,2408251448832,800357466112,0,0,0,0,0,0,0,0,0,0,0,0,0,0,0,0,0,0,0,0,0,0,0,0,0,0,0,0,0,0,0,0,0,0,0,0,0,0,0,0,0,0,0,0,0,0,0,0,0,0,0,0,0,0,0,0,0,0,456429,147174328,44785514,0,0,0,0,0,0,0,0,0,0,0,0,0,0,0,0,0,0,0,0,0,0,0,0,0,0,0,0,0,0,0,0,0,0,0,0,0,2144747520,754450432,130905,46048,0,167,131072,147011063,0,0,1351708938,2147483648,113164381,145169115,0,0,0,0,0,0,0,0,0,0,0,0,0,0,0,0,0,0,8599867,8599949,0,97,97,6265,329,17199789,35,0,0,0,0,0,0,0,1,0,0,0,0,0,0,0,0,0,0,9673213,0,13978721,123714,0,0,0,0,0,0,0,0,16384,0,0,0,0,0,0,0,0,0,0,0,4660,341,0,0,0,0,0,26147125,0,8707,25,4632,339,4660,0,0,0,0,0,0,0,0,0,0,0,0,0,0,0,0,0,0,0,0,0,0,0,0,0,0,0,0,0,0,0,0,0,0,0,0,0,0,0,0,0,0,0,0,0,0,0,0,0,0,0,0,0,109499663,0,0,0,128498687,0,0,0,0,0,0,0,78630513,147081970,184902452,56867875840,45765476,0,0,0,0,0,0,0,0,0,0,0,0,0,0,0,0,0,0,0,0,0,0,0,0,0,0,0,0,0,0,0,12440534,0,0,0,0,0,0,0
1789580540.618,0,0,0,0,0,0,0,267458058,2408355814912,800379409408,0,0,0,0,0,0,0,0,0,0,0,0,0,0,0,0,0,0,0,0,0,0,0,0,0,0,0,0,0,0,0,0,0,0,0,0,0,0,0,0,0,0,0,0,0,0,0,0,0,0,0,0,0,0,0,0,0,0,456436,147180704,44786786,0,0,0,0,0,0,0,0,0,0,0,0,0,0,0,0,0,0,0,0,0,0,0,0,0,0,0,0,0,0,0,0,0,0,0,0,0,2144387072,757268480,130883,46220,0,190,131072,147017438,0,0,1351751313,2147483648,113170733,145173437,0,0,0,0,0,0,0,0,0,0,0,0,0,0,0,0,0,0,8600136,8600222,0,97,97,6265,329,17200340,35,0,0,0,0,0,0,0,1,0,0,0,0,0,0,0,0,0,0,9673541,0,13978721,123714,0,0,0,0,0,0,0,0,16384,0,0,0,0,0,0,0,0,0,0,0,4661,341,0,0,0,0,0,26148019,0,8707,25,4632,339,4661,0,0,0,0,0,0,0,0,0,0,0,0,0,0,0,0,0,0,0,0,0,0,0,0,0,0,0,0,0,0,0,0,0,0,0,0,0,0,0,0,0,0,0,0,0,0,0,0,0,0,0,0,0,109501067,0,0,0,128502568,0,0,0,0,0,0,0,78632696,147088357,184906395,56868682240,45766389,1,0,0,0,0,0,0,0,0,0,0,0,0,0,0,0,0,0,0,0,0,0,0,0,0,0,0,0,0,0,0,12440828,0,0,0,0,0,0,0
1789580541.645,0,0,0,0,0,0,0,267466217,2408458657280,800403307008,0,0,0,0,0,0,0,0,0,0,0,0,0,0,0,0,0,0,0,0,0,0,0,0,0,0,0,0,0,0,0,0,0,0,0,0,0,0,0,0,0,0,0,0,0,0,0,0,0,0,0,0,0,0,0,0,0,0,456455,147186996,44788152,0,0,0,0,0,0,0,0,0,0,0,0,0,0,0,0,0,0,0,0,0,0,0,0,0,0,0,0,0,0,0,0,0,0,0,0,0,2144354304,759201792,130881,46338,0,191,131072,147023727,0,0,1351794279,2147483648,113176961,145177937,0,0,0,0,0,0,0,0,0,0,0,0,0,0,0,0,0,0,8600407,8600490,0,97,97,6265,329,17200929,35,0,0,0,0,0,0,0,1,0,0,0,0,0,0,0,0,0,0,9673860,0,13978721,123714,0,0,0,0,0,0,0,0,16384,0,0,0,0,0,0,0,0,0,0,0,4662,341,0,0,0,0,0,26148885,0,8707,25,4632,339,4662,0,0,0,0,0,0,0,0,0,0,0,0,0,0,0,0,0,0,0,0,0,0,0,0,0,0,0,0,0,0,0,0,0,0,0,0,0,0,0,0,0,0,0,0,0,0,0,0,0,0,0,0,0,109502500,0,0,0,128506555,0,0,0,0,0,0,0,78635028,147094644,184910604,56869513728,45767334,0,0,0,0,0,0,0,0,0,0,0,0,0,0,0,0,0,0,0,0,0,0,0,0,0,0,0,0,0,0,0,12441112,0,0,0,0,0,0,0
1789580542.672,0,0,0,0,0,0,0,267474174,2408560238080,800424089088,0,0,0,0,0,0,0,0,0,0,0,0,0,0,0,0,0,0,0,0,0,0,0,0,0,0,0,0,0,0,0,0,0,0,0,0,0,0,0,0,0,0,0,0,0,0,0,0,0,0,0,0,0,0,0,0,0,0,456470,147193210,44789367,0,0,0,0,0,0,0,0,0,0,0,0,0,0,0,0,0,0,0,0,0,0,0,0,0,0,0,0,0,0,0,0,0,0,0,0,0,2144272384,760381440,130876,46410,0,196,131072,147029940,0,0,1351836026,2147483648,113183119,145181825,0,0,0,0,0,0,0,0,0,0,0,0,0,0,0,0,0,0,8600662,8600746,0,97,97,6265,329,17201409,35,0,0,0,0,0,0,0,1,0,0,0,0,0,0,0,0,0,0,9674140,0,13978721,123714,0,0,0,0,0,0,0,0,16384,0,0,0,0,0,0,0,0,0,0,0,4663,341,0,0,0,0,0,26149644,0,8707,25,4632,339,4663,0,0,0,0,0,0,0,0,0,0,0,0,0,0,0,0,0,0,0,0,0,0,0,0,0,0,0,0,0,0,0,0,0,0,0,0,0,0,0,0,0,0,0,0,0,0,0,0,0,0,0,0,0,109503818,0,0,0,128510026,0,0,0,0,0,0,0,78637102,147100843,184914328,56870270464,45768205,0,0,0,0,0,0,0,0,0,0,0,0,0,0,0,0,0,0,0,0,0,0,0,0,0,0,0,0,0,0,0,12441361,0,0,0,0,0,0,0
1789580543.697,0,0,0,0,0,0,0,267482272,2408662883840,800446751744,0,0,0,0,0,0,0,0,0,0,0,0,0,0,0,0,0,0,0,0,0,0,0,0,0,0,0,0,0,0,0,0,0,0,0,0,0,0,0,0,0,0,0,0,0,0,0,0,0,0,0,0,0,0,0,0,0,0,456484,147199477,44790682,0,0,0,0,0,0,0,0,0,0,0,0,0,0,0,0,0,0,0,0,0,0,0,0,0,0,0,0,0,0,0,0,0,0,0,0,0,2143633408,762871808,130837,46562,0,235,131072,147036205,0,0,1351878723,2147483648,113189362,145186242,0,0,0,0,0,0,0,0,0,0,0,0,0,0,0,0,0,0,8600947,8601026,0,97,97,6265,329,17201968,35,0,0,0,0,0,0,0,1,0,0,0,0,0,0,0,0,0,0,9674455,0,13978721,123714,0,0,0,0,0,0,0,0,16384,0,0,0,0,0,0,0,0,0,0,0,4664,341,0,0,0,0,0,26150492,0,8707,25,4632,339,4664,0,0,0,0,0,0,0,0,0,0,0,0,0,0,0,0,0,0,0,0,0,0,0,0,0,0,0,0,0,0,0,0,0,0,0,0,0,0,0,0,0,0,0,0,0,0,0,0,0,0,0,0,0,109505249,0,0,0,128513972,0,0,0,0,0,0,0,78639360,147107114,184918384,56871095808,45769150,0,0,0,0,0,0,0,0,0,0,0,0,0,0,0,0,0,0,0,0,0,0,0,0,0,0,0,0,0,0,0,12441641,0,0,0,0,0,0,0
1789580544.723,0,0,0,0,0,0,0,267490145,2408762826240,800469036544,0,0,0,0,0,0,0,0,0,0,0,0,0,0,0,0,0,0,0,0,0,0,0,0,0,0,0,0,0,0,0,0,0,0,0,0,0,0,0,0,0,0,0,0,0,0,0,0,0,0,0,0,0,0,0,0,0,0,456495,147205587,44791973,0,0,0,0,0,0,0,0,0,0,0,0,0,0,0,0,0,0,0,0,0,0,0,0,0,0,0,0,0,0,0,0,0,0,0,0,0,2144256000,763150336,130875,46579,0,197,131072,147042311,0,0,1351920158,2147483648,113195387,145190184,0,0,0,0,0,0,0,0,0,0,0,0,0,0,0,0,0,0,8601199,8601285,0,97,97,6265,329,17202469,35,0,0,0,0,0,0,0,1,0,0,0,0,0,0,0,0,0,0,9674748,0,13978721,123714,0,0,0,0,0,0,0,0,16384,0,0,0,0,0,0,0,0,0,0,0,4665,341,0,0,0,0,0,26151291,0,8707,25,4632,339,4665,0,0,0,0,0,0,0,0,0,0,0,0,0,0,0,0,0,0,0,0,0,0,0,0,0,0,0,0,0,0,0,0,0,0,0,0,0,0,0,0,0,0,0,0,0,0,0,0,0,0,0,0,0,109506602,0,0,0,128517517,0,0,0,0,0,0,0,78641551,147113217,184922327,56871862272,45770046,0,0,0,0,0,0,0,0,0,0,0,0,0,0,0,0,0,0,0,0,0,0,0,0,0,0,0,0,0,0,0,12441902,0,0,0,0,0,0,0
1789580545.749,0,0,0,0,0,0,0,267498099,2408864865792,800491482624,0,0,0,0,0,0,0,0,0,0,0,0,0,0,0,0,0,0,0,0,0,0,0,0,0,0,0,0,0,0,0,0,0,0,0,0,0,0,0,0,0,0,0,0,0,0,0,0,0,0,0,0,0,0,0,0,0,0,456506,147211823,44793276,0,0,0,0,0,0,0,0,0,0,0,0,0,0,0,0,0,0,0,0,0,0,0,0,0,0,0,0,0,0,0,0,0,0,0,0,0,2144550912,764805120,130893,46680,0,179,131072,147048543,0,0,1351961891,2147483648,113201545,145194318,0,0,0,0,0,0,0,0,0,0,0,0,0,0,0,0,0,0,8601464,8601553,0,97,97,6265,329,17203007,35,0,0,0,0,0,0,0,1,0,0,0,0,0,0,0,0,0,0,9675036,0,13978721,123714,0,0,0,0,0,0,0,0,16384,0,0,0,0,0,0,0,0,0,0,0,4666,341,0,0,0,0,0,26152066,0,8707,25,4632,339,4666,0,0,0,0,0,0,0,0,0,0,0,0,0,0,0,0,0,0,0,0,0,0,0,0,0,0,0,0,0,0,0,0,0,0,0,0,0,0,0,0,0,0,0,0,0,0,0,0,0,0,0,0,0,109507994,0,0,0,128521248,0,0,0,0,0,0,0,78643772,147119451,184926320,56872659456,45770965,0,0,0,0,0,0,0,0,0,0,0,0,0,0,0,0,0,0,0,0,0,0,0,0,0,0,0,0,0,0,0,12442157,0,0,0,0,0,0,0
1789580546.774,0,0,0,0,0,0,0,267507019,2408978275840,800517514240,0,0,0,0,0,0,0,0,0,0,0,0,0,0,0,0,0,0,0,0,0,0,0,0,0,0,0,0,0,0,0,0,0,0,0,0,0,0,0,0,0,0,0,0,0,0,0,0,0,0,0,0,0,0,0,0,0,0,456516,147218751,44794791,0,0,0,0,0,0,0,0,0,0,0,0,0,0,0,0,0,0,0,0,0,0,0,0,0,0,0,0,0,0,0,0,0,0,0,0,0,2144550912,765296640,130893,46710,0,179,131072,147055469,0,0,1352008871,2147483648,113208409,145198794,0,0,0,0,0,0,0,0,0,0,0,0,0,0,0,0,0,0,8601760,8601843,0,97,97,6265,329,17203575,35,0,0,0,0,0,0,0,1,0,0,0,0,0,0,0,0,0,0,9675351,0,13978721,123714,0,0,0,0,0,0,0,0,16384,0,0,0,0,0,0,0,0,0,0,0,4667,341,0,0,0,0,0,26152912,0,8707,25,4632,339,4667,0,0,0,0,0,0,0,0,0,0,0,0,0,0,0,0,0,0,0,0,0,0,0,0,0,0,0,0,0,0,0,0,0,0,0,0,0,0,0,0,0,0,0,0,0,0,0,0,0,0,0,0,0,109509472,0,0,0,128525325,0,0,0,0,0,0,0,78646248,147126379,184930828,56873506816,45771926,0,0,0,0,0,0,0,0,0,0,0,0,0,0,0,0,0,0,0,0,0,0,0,0,0,0,0,0,0,0,0,12442436,0,0,0,0,0,0,0
1789580547.801,0,0,0,0,0,0,0,267516050,2409092947456,800544255488,0,0,0,0,0,0,0,0,0,0,0,0,0,0,0,0,0,0,0,0,0,0,0,0,0,0,0,0,0,0,0,0,0,0,0,0,0,0,0,0,0,0,0,0,0,0,0,0,0,0,0,0,0,0,0,0,0,0,456534,147225762,44796349,0,0,0,0,0,0,0,0,0,0,0,0,0,0,0,0,0,0,0,0,0,0,0,0,0,0,0,0,0,0,0,0,0,0,0,0,0,2144632832,766951424,130898,46811,0,174,131072,147062478,0,0,1352055953,2147483648,113215321,145203692,0,0,0,0,0,0,0,0,0,0,0,0,0,0,0,0,0,0,8602063,8602143,0,97,97,6265,329,17204207,35,0,0,0,0,0,0,0,1,0,0,0,0,0,0,0,0,0,0,9675702,0,13978721,123714,0,0,0,0,0,0,0,0,16384,0,0,0,0,0,0,0,0,0,0,0,4668,341,0,0,0,0,0,26153861,0,8707,25,4632,339,4668,0,0,0,0,0,0,0,0,0,0,0,0,0,0,0,0,0,0,0,0,0,0,0,0,0,0,0,0,0,0,0,0,0,0,0,0,0,0,0,0,0,0,0,0,0,0,0,0,0,0,0,0,0,109510998,0,0,0,128529714,0,0,0,0,0,0,0,78648816,147133382,184935460,56874400256,45772939,0,0,0,0,0,0,0,0,0,0,0,0,0,0,0,0,0,0,0,0,0,0,0,0,0,0,0,0,0,0,0,12442748,0,0,0,0,0,0,0
1789580548.826,0,0,0,0,0,0,0,267524485,2409198591488,800566965760,0,0,0,0,0,0,0,0,0,0,0,0,0,0,0,0,0,0,0,0,0,0,0,0,0,0,0,0,0,0,0,0,0,0,0,0,0,0,0,0,0,0,0,0,0,0,0,0,0,0,0,0,0,0,0,0,0,0,456553,147232215,44797646,0,0,0,0,0,0,0,0,0,0,0,0,0,0,0,0,0,0,0,0,0,0,0,0,0,0,0,0,0,0,0,0,0,0,0,0,0,2144468992,769867776,130888,46989,0,184,131072,147068928,0,0,1352099806,2147483648,113221725,145208160,0,0,0,0,0,0,0,0,0,0,0,0,0,0,0,0,0,0,8602340,8602423,0,97,97,6265,329,17204759,35,0,0,0,0,0,0,0,1,0,0,0,0,0,0,0,0,0,0,9676025,0,13978721,123714,0,0,0,0,0,0,0,0,16384,0,0,0,0,0,0,0,0,0,0,0,4669,341,0,0,0,0,0,26154738,0,8707,25,4632,339,4669,0,0,0,0,0,0,0,0,0,0,0,0,0,0,0,0,0,0,0,0,0,0,0,0,0,0,0,0,0,0,0,0,0,0,0,0,0,0,0,0,0,0,0,0,0,0,0,0,0,0,0,0,0,109512433,0,0,0,128533664,0,0,0,0,0,0,0,78651075,147139834,184939527,56875225600,45773883,0,0,0,0,0,0,0,0,0,0,0,0,0,0,0,0,0,0,0,0,0,0,0,0,0,0,0,0,0,0,0,12443036,0,0,0,0,0,0,0
1789580549.852,0,0,0,0,0,0,0,267532516,2409302072832,800589605888,0,0,0,0,0,0,0,0,0,0,0,0,0,0,0,0,0,0,0,0,0,0,0,0,0,0,0,0,0,0,0,0,0,0,0,0,0,0,0,0,0,0,0,0,0,0,0,0,0,0,0,0,0,0,0,0,0,0,456572,147238536,44798959,0,0,0,0,0,0,0,0,0,0,0,0,0,0,0,0,0,0,0,0,0,0,0,0,0,0,0,0,0,0,0,0,0,0,0,0,0,2144616448,770506752,130897,47028,0,175,131072,147075247,0,0,1352141576,2147483648,113227994,145212162,0,0,0,0,0,0,0,0,0,0,0,0,0,0,0,0,0,0,8602592,8602675,0,97,97,6265,329,17205253,35,0,0,0,0,0,0,0,1,0,0,0,0,0,0,0,0,0,0,9676302,0,13978721,123714,0,0,0,0,0,0,0,0,16384,0,0,0,0,0,0,0,0,0,0,0,4670,341,0,0,0,0,0,26155484,0,8707,25,4632,339,4670,0,0,0,0,0,0,0,0,0,0,0,0,0,0,0,0,0,0,0,0,0,0,0,0,0,0,0,0,0,0,0,0,0,0,0,0,0,0,0,0,0,0,0,0,0,0,0,0,0,0,0,0,0,109513777,0,0,0,128537220,0,0,0,0,0,0,0,78653298,147146148,184943498,56875999232,45774792,0,0,0,0,0,0,0,0,0,0,0,0,0,0,0,0,0,0,0,0,0,0,0,0,0,0,0,0,0,0,0,12443282,0,0,0,0,0,0,0
1789580550.878,0,0,0,0,0,0,0,267540464,2409403342336,800612448256,0,0,0,0,0,0,0,0,0,0,0,0,0,0,0,0,0,0,0,0,0,0,0,0,0,0,0,0,0,0,0,0,0,0,0,0,0,0,0,0,0,0,0,0,0,0,0,0,0,0,0,0,0,0,0,0,0,0,456578,147244723,44800306,0,0,0,0,0,0,0,0,0,0,0,0,0,0,0,0,0,0,0,0,0,0,0,0,0,0,0,0,0,0,0,0,0,0,0,0,0,2144649216,772128768,130899,47127,0,173,131072,147081430,0,0,1352183241,2147483648,113234124,145216414,0,0,0,0,0,0,0,0,0,0,0,0,0,0,0,0,0,0,8602871,8602950,0,97,97,6265,329,17205809,35,0,0,0,0,0,0,0,1,0,0,0,0,0,0,0,0,0,0,9676619,0,13978721,123714,0,0,0,0,0,0,0,0,16384,0,0,0,0,0,0,0,0,0,0,0,4671,341,0,0,0,0,0,26156339,0,8707,25,4632,339,4671,0,0,0,0,0,0,0,0,0,0,0,0,0,0,0,0,0,0,0,0,0,0,0,0,0,0,0,0,0,0,0,0,0,0,0,0,0,0,0,0,0,0,0,0,0,0,0,0,0,0,0,0,0,109515200,0,0,0,128541079,0,0,0,0,0,0,0,78655569,147152340,184947567,56876818944,45775740,0,0,0,0,0,0,0,0,0,0,0,0,0,0,0,0,0,0,0,0,0,0,0,0,0,0,0,0,0,0,0,12443564,0,0,0,0,0,0,0
1789580551.904,0,0,0,0,0,0,0,267549571,2409519701504,800639910912,0,0,0,0,0,0,0,0,0,0,0,0,0,0,0,0,0,0,0,0,0,0,0,0,0,0,0,0,0,0,0,0,0,0,0,0,0,0,0,0,0,0,0,0,0,0,0,0,0,0,0,0,0,0,0,0,0,0,456591,147251832,44801917,0,0,0,0,0,0,0,0,0,0,0,0,0,0,0,0,0,0,0,0,0,0,0,0,0,0,0,0,0,0,0,0,0,0,0,0,0,2144796672,770424832,130908,47023,0,164,131072,147088540,0,0,1352231245,2147483648,113241032,145220892,0,0,0,0,0,0,0,0,0,0,0,0,0,0,0,0,0,0,8603146,8603233,0,97,97,6265,329,17206376,35,0,0,0,0,0,0,0,1,0,0,0,0,0,0,0,0,0,0,9676931,0,13978849,123715,0,0,0,0,0,0,0,0,16384,0,0,0,0,0,0,0,0,0,0,0,4672,341,0,0,0,0,0,26157180,0,8707,25,4632,339,4672,0,0,0,0,0,0,0,0,0,0,0,0,0,0,0,0,0,0,0,0,0,0,0,0,0,0,0,0,0,0,0,0,0,0,0,0,0,0,0,0,0,0,0,0,0,0,0,0,0,0,0,0,0,109516597,0,0,0,128545112,0,0,0,0,0,0,0,78657970,147159453,184952049,56877633024,45776663,1,0,0,0,0,0,0,0,0,0,0,0,0,0,0,0,0,0,0,0,0,0,0,0,0,0,0,0,0,0,0,12443841,0,0,0,0,0,0,0
1789580552.931,0,0,0,0,0,0,0,267560812,2409663585792,800671725056,0,0,0,0,0,0,0,0,0,0,0,0,0,0,0,0,0,0,0,0,0,0,0,0,0,0,0,0,0,0,0,0,0,0,0,0,0,0,0,0,0,0,0,0,0,0,0,0,0,0,0,0,0,0,0,0,0,0,456605,147260634,44803771,0,0,0,0,0,0,0,0,0,0,0,0,0,0,0,0,0,0,0,0,0,0,0,0,0,0,0,0,0,0,0,0,0,0,0,0,0,2144845824,771620864,130911,47096,0,161,131072,147097334,0,0,1352290039,2147483648,113249697,145226553,0,0,0,0,0,0,0,0,0,0,0,0,0,0,0,0,0,0,8603517,8603597,0,97,97,6265,329,17207098,35,0,0,0,0,0,0,0,1,0,0,0,0,0,0,0,0,0,0,9677333,0,13978849,123715,0,0,0,0,0,0,0,0,16384,0,0,0,0,0,0,0,0,0,0,0,4673,341,0,0,0,0,0,26158265,0,8707,25,4632,339,4673,0,0,0,0,0,0,0,0,0,0,0,0,0,0,0,0,0,0,0,0,0,0,0,0,0,0,0,0,0,0,0,0,0,0,0,0,0,0,0,0,0,0,0,0,0,0,0,0,0,0,0,0,0,109518244,0,0,0,128550244,0,0,0,0,0,0,0,78660910,147168242,184957404,56878621184,45777748,1,0,0,0,0,0,0,0,0,0,0,0,0,0,0,0,0,0,0,0,0,0,0,0,0,0,0,0,0,0,0,12444198,0,0,0,0,0,0,0
1789580553.958,0,0,0,0,0,0,0,267572772,2409815465472,800706317312,0,0,0,0,0,0,0,0,0,0,0,0,0,0,0,0,0,0,0,0,0,0,0,0,0,0,0,0,0,0,0,0,0,0,0,0,0,0,0,0,0,0,0,0,0,0,0,0,0,0,0,0,0,0,0,0,0,0,456635,147269914,44805792,0,0,0,0,0,0,0,0,0,0,0,0,0,0,0,0,0,0,0,0,0,0,0,0,0,0,0,0,0,0,0,0,0,0,0,0,0,2144993280,773324800,130920,47200,0,152,131072,147106608,0,0,1352352589,2147483648,113258861,145232868,0,0,0,0,0,0,0,0,0,0,0,0,0,0,0,0,0,0,8603917,8604003,0,97,97,6265,329,17207895,35,0,0,0,0,0,0,0,1,0,0,0,0,0,0,0,0,0,0,9677769,0,13978849,123715,0,0,0,0,0,0,0,0,16384,0,0,0,0,0,0,0,0,0,0,0,4674,341,0,0,0,0,0,26159441,0,8707,25,4632,339,4674,0,0,0,0,0,0,0,0,0,0,0,0,0,0,0,0,0,0,0,0,0,0,0,0,0,0,0,0,0,0,0,0,0,0,0,0,0,0,0,0,0,0,0,0,0,0,0,0,0,0,0,0,0,109519997,0,0,0,128555893,0,0,0,0,0,0,0,78664058,147177520,184963186,56879697408,45778879,0,0,0,0,0,0,0,0,0,0,0,0,0,0,0,0,0,0,0,0,0,0,0,0,0,0,0,0,0,0,0,12444584,0,0,0,0,0,0,0
1789580554.983,0,0,0,0,0,0,0,267585548,2409978387968,800743672832,0,0,0,0,0,0,0,0,0,0,0,0,0,0,0,0,0,0,0,0,0,0,0,0,0,0,0,0,0,0,0,0,0,0,0,0,0,0,0,0,0,0,0,0,0,0,0,0,0,0,0,0,0,0,0,0,0,0,456663,147279887,44807972,0,0,0,0,0,0,0,0,0,0,0,0,0,0,0,0,0,0,0,0,0,0,0,0,0,0,0,0,0,0,0,0,0,0,0,0,0,2145157120,774619136,130930,47279,0,142,131072,147116572,0,0,1352419621,2147483648,113268688,145239545,0,0,0,0,0,0,0,0,0,0,0,0,0,0,0,0,0,0,8604341,8604426,0,97,97,6265,329,17208742,35,0,0,0,0,0,0,0,1,0,0,0,0,0,0,0,0,0,0,9678233,0,13978849,123715,0,0,0,0,0,0,0,0,16384,0,0,0,0,0,0,0,0,0,0,0,4676,341,0,0,0,0,0,26160689,0,8707,25,4632,339,4676,0,0,0,0,0,0,0,0,0,0,0,0,0,0,0,0,0,0,0,0,0,0,0,0,0,0,0,0,0,0,0,0,0,0,0,0,0,0,0,0,0,0,0,0,0,0,0,0,0,0,0,0,0,109521785,0,0,0,128561888,0,0,0,0,0,0,0,78667367,147187481,184969333,56880807936,45780007,0,0,0,0,0,0,0,0,0,0,0,0,0,0,0,0,0,0,0,0,0,0,0,0,0,0,0,0,0,0,0,12444995,0,0,0,0,0,0,0
1789580556.009,0,0,0,0,0,0,0,267597721,2410132430336,800778253312,0,0,0,0,0,0,0,0,0,0,0,0,0,0,0,0,0,0,0,0,0,0,0,0,0,0,0,0,0,0,0,0,0,0,0,0,0,0,0,0,0,0,0,0,0,0,0,0,0,0,0,0,0,0,0,0,0,0,456681,147289299,44809981,0,0,0,0,0,0,0,0,0,0,0,0,0,0,0,0,0,0,0,0,0,0,0,0,0,0,0,0,0,0,0,0,0,0,0,0,0,2144911360,776732672,130915,47408,0,157,131072,147125979,0,0,1352482828,2147483648,113278004,145245965,0,0,0,0,0,0,0,0,0,0,0,0,0,0,0,0,0,0,8604750,8604840,0,97,97,6265,329,17209532,35,0,0,0,0,0,0,0,1,0,0,0,0,0,0,0,0,0,0,9678720,0,13978849,123715,0,0,0,0,0,0,0,0,16384,0,0,0,0,0,0,0,0,0,0,0,4677,341,0,0,0,0,0,26162010,0,8707,25,4632,339,4677,0,0,0,0,0,0,0,0,0,0,0,0,0,0,0,0,0,0,0,0,0,0,0,0,0,0,0,0,0,0,0,0,0,0,0,0,0,0,0,0,0,0,0,0,0,0,0,0,0,0,0,0,0,109523570,0,0,0,128567637,0,0,0,0,0,0,0,78670516,147196895,184975154,56881891328,45781142,0,0,0,0,0,0,0,0,0,0,0,0,0,0,0,0,0,0,0,0,0,0,0,0,0,0,0,0,0,0,0,12445431,0,0,0,0,0,0,0
1789580557.035,0,0,0,0,0,0,0,267608509,2410269548032,800808351744,0,0,0,0,0,0,0,0,0,0,0,0,0,0,0,0,0,0,0,0,0,0,0,0,0,0,0,0,0,0,0,0,0,0,0,0,0,0,0,0,0,0,0,0,0,0,0,0,0,0,0,0,0,0,0,0,0,0,456711,147297684,44811734,0,0,0,0,0,0,0,0,0,0,0,0,0,0,0,0,0,0,0,0,0,0,0,0,0,0,0,0,0,0,0,0,0,0,0,0,0,2144600064,780664832,130896,47648,0,176,131072,147134359,0,0,1352538927,2147483648,113286317,145251848,0,0,0,0,0,0,0,0,0,0,0,0,0,0,0,0,0,0,8605108,8605187,0,97,97,6265,329,17210288,35,0,0,0,0,0,0,0,1,0,0,0,0,0,0,0,0,0,0,9679121,0,13978849,123715,0,0,0,0,0,0,0,0,16384,0,0,0,0,0,0,0,0,0,0,0,4678,341,0,0,0,0,0,26163097,0,8707,25,4632,339,4678,0,0,0,0,0,0,0,0,0,0,0,0,0,0,0,0,0,0,0,0,0,0,0,0,0,0,0,0,0,0,0,0,0,0,0,0,0,0,0,0,0,0,0,0,0,0,0,0,0,0,0,0,0,109525210,0,0,0,128572854,0,0,0,0,0,0,0,78673330,147205272,184980287,56882898432,45782208,0,0,0,0,0,0,0,0,0,0,0,0,0,0,0,0,0,0,0,0,0,0,0,0,0,0,0,0,0,0,0,12445787,0,0,0,0,0,0,0
1789580558.061,0,0,0,0,0,0,0,267619119,2410405486080,800861260288,0,0,0,0,0,0,0,0,0,0,0,0,0,0,0,0,0,0,0,0,0,0,0,0,0,0,0,0,0,0,0,0,0,0,0,0,0,0,0,0,0,0,0,0,0,0,0,0,0,0,0,0,0,0,0,0,0,0,456727,147305993,44814876,0,0,0,0,0,0,0,0,0,0,0,0,0,0,0,0,0,0,0,0,0,0,0,0,0,0,0,0,0,0,0,0,0,0,0,0,0,2145206272,758005760,130933,46265,0,139,131072,147142661,0,0,1352594505,2147483648,113293894,145257081,0,0,0,0,0,0,0,0,0,0,0,0,0,0,0,0,0,0,8605449,8605530,0,97,97,6265,329,17210940,35,0,0,0,0,0,0,0,1,0,0,0,0,0,0,0,0,0,0,9679498,0,13980249,123727,0,0,0,0,0,0,0,0,16384,0,0,0,0,0,0,0,0,0,0,0,4679,341,0,0,0,0,0,26164109,0,8707,25,4632,339,4679,0,0,0,0,0,0,0,0,0,0,0,0,0,0,0,0,0,0,0,0,0,0,0,0,0,0,0,0,0,0,0,0,0,0,0,0,0,0,0,0,0,0,0,0,0,0,0,0,0,0,0,0,0,109526788,0,0,0,128577566,0,0,0,0,0,0,0,78676328,147213579,184986771,56883835904,45783236,0,0,0,0,0,0,0,0,0,0,0,0,0,0,0,0,0,0,0,0,0,0,0,0,0,0,0,0,0,0,0,12446122,0,0,0,0,0,0,0
1789580559.087,0,0,0,0,0,0,0,267630982,2410555743744,800895608320,0,0,0,0,0,0,0,0,0,0,0,0,0,0,0,0,0,0,0,0,0,0,0,0,0,0,0,0,0,0,0,0,0,0,0,0,0,0,0,0,0,0,0,0,0,0,0,0,0,0,0,0,0,0,0,0,0,0,456755,147315176,44816876,0,0,0,0,0,0,0,0,0,0,0,0,0,0,0,0,0,0,0,0,0,0,0,0,0,0,0,0,0,0,0,0,0,0,0,0,0,2145304576,760266752,130939,46403,0,133,131072,147151838,0,0,1352656661,2147483648,113302957,145263355,0,0,0,0,0,0,0,0,0,0,0,0,0,0,0,0,0,0,8605837,8605918,0,97,97,6265,329,17211758,35,0,0,0,0,0,0,0,1,0,0,0,0,0,0,0,0,0,0,9679930,0,13980249,123727,0,0,0,0,0,0,0,0,16384,0,0,0,0,0,0,0,0,0,0,0,4680,341,0,0,0,0,0,26165273,0,8707,25,4632,339,4680,0,0,0,0,0,0,0,0,0,0,0,0,0,0,0,0,0,0,0,0,0,0,0,0,0,0,0,0,0,0,0,0,0,0,0,0,0,0,0,0,0,0,0,0,0,0,0,0,0,0,0,0,0,109528523,0,0,0,128583188,0,0,0,0,0,0,0,78679443,147222758,184992509,56884897792,45784348,0,0,0,0,0,0,0,0,0,0,0,0,0,0,0,0,0,0,0,0,0,0,0,0,0,0,0,0,0,0,0,12446504,0,0,0,0,0,0,0
1789580560.113,0,0,0,0,0,0,0,267643698,2410717322752,800932439552,0,0,0,0,0,0,0,0,0,0,0,0,0,0,0,0,0,0,0,0,0,0,0,0,0,0,0,0,0,0,0,0,0,0,0,0,0,0,0,0,0,0,0,0,0,0,0,0,0,0,0,0,0,0,0,0,0,0,456787,147325048,44819024,0,0,0,0,0,0,0,0,0,0,0,0,0,0,0,0,0,0,0,0,0,0,0,0,0,0,0,0,0,0,0,0,0,0,0,0,0,2145566720,762298368,130955,46527,0,117,131072,147161706,0,0,1352723236,2147483648,113312678,145270055,0,0,0,0,0,0,0,0,0,0,0,0,0,0,0,0,0,0,8606284,8606367,0,97,97,6265,329,17212601,35,0,0,0,0,0,0,0,1,0,0,0,0,0,0,0,0,0,0,9680397,0,13980249,123727,0,0,0,0,0,0,0,0,16384,0,0,0,0,0,0,0,0,0,0,0,4681,341,0,0,0,0,0,26166537,0,8707,25,4632,339,4681,0,0,0,0,0,0,0,0,0,0,0,0,0,0,0,0,0,0,0,0,0,0,0,0,0,0,0,0,0,0,0,0,0,0,0,0,0,0,0,0,0,0,0,0,0,0,0,0,0,0,0,0,0,109530366,0,0,0,128589204,0,0,0,0,0,0,0,78682759,147232625,184998646,56886036480,45785517,0,0,0,0,0,0,0,0,0,0,0,0,0,0,0,0,0,0,0,0,0,0,0,0,0,0,0,0,0,0,0,12446917,0,0,0,0,0,0,0
1789580561.140,0,0,0,0,0,0,0,267655561,2410867793408,800966329344,0,0,0,0,0,0,0,0,0,0,0,0,0,0,0,0,0,0,0,0,0,0,0,0,0,0,0,0,0,0,0,0,0,0,0,0,0,0,0,0,0,0,0,0,0,0,0,0,0,0,0,0,0,0,0,0,0,0,456814,147334253,44821015,0,0,0,0,0,0,0,0,0,0,0,0,0,0,0,0,0,0,0,0,0,0,0,0,0,0,0,0,0,0,0,0,0,0,0,0,0,2145533952,764297216,130953,46649,0,119,131072,147170908,0,0,1352785835,2147483648,113321775,145276276,0,0,0,0,0,0,0,0,0,0,0,0,0,0,0,0,0,0,8606673,8606753,0,97,97,6265,329,17213396,35,0,0,0,0,0,0,0,1,0,0,0,0,0,0,0,0,0,0,9680842,0,13980249,123727,0,0,0,0,0,0,0,0,16384,0,0,0,0,0,0,0,0,0,0,0,4682,341,0,0,0,0,0,26167740,0,8707,25,4632,339,4682,0,0,0,0,0,0,0,0,0,0,0,0,0,0,0,0,0,0,0,0,0,0,0,0,0,0,0,0,0,0,0,0,0,0,0,0,0,0,0,0,0,0,0,0,0,0,0,0,0,0,0,0,0,109532145,0,0,0,128594768,0,0,0,0,0,0,0,78685879,147241827,185004373,56887106048,45786663,1,0,0,0,0,0,0,0,0,0,0,0,0,0,0,0,0,0,0,0,0,0,0,0,0,0,0,0,0,0,0,12447313,0,0,0,0,0,0,0
1789580562.166,0,0,0,0,0,0,0,267666507,2411006991872,800997561856,0,0,0,0,0,0,0,0,0,0,0,0,0,0,0,0,0,0,0,0,0,0,0,0,0,0,0,0,0,0,0,0,0,0,0,0,0,0,0,0,0,0,0,0,0,0,0,0,0,0,0,0,0,0,0,0,0,0,456834,147342764,44822825,0,0,0,0,0,0,0,0,0,0,0,0,0,0,0,0,0,0,0,0,0,0,0,0,0,0,0,0,0,0,0,0,0,0,0,0,0,2145107968,765165568,130927,46702,0,145,131072,147179415,0,0,1352843778,2147483648,113330226,145281919,0,0,0,0,0,0,0,0,0,0,0,0,0,0,0,0,0,0,8607025,8607107,0,97,97,6265,329,17214108,35,0,0,0,0,0,0,0,1,0,0,0,0,0,0,0,0,0,0,9681261,0,13980249,123727,0,0,0,0,0,0,0,0,16384,0,0,0,0,0,0,0,0,0,0,0,4683,341,0,0,0,0,0,26168880,0,8707,25,4632,339,4683,0,0,0,0,0,0,0,0,0,0,0,0,0,0,0,0,0,0,0,0,0,0,0,0,0,0,0,0,0,0,0,0,0,0,0,0,0,0,0,0,0,0,0,0,0,0,0,0,0,0,0,0,0,109533822,0,0,0,128599775,0,0,0,0,0,0,0,78688774,147250334,185009687,56888103424,45787740,0,0,0,0,0,0,0,0,0,0,0,0,0,0,0,0,0,0,0,0,0,0,0,0,0,0,0,0,0,0,0,12447688,0,0,0,0,0,0,0
1789580563.192,0,0,0,0,0,0,0,267676704,2411136769536,801026402304,0,0,0,0,0,0,0,0,0,0,0,0,0,0,0,0,0,0,0,0,0,0,0,0,0,0,0,0,0,0,0,0,0,0,0,0,0,0,0,0,0,0,0,0,0,0,0,0,0,0,0,0,0,0,0,0,0,0,456854,147350691,44824507,0,0,0,0,0,0,0,0,0,0,0,0,0,0,0,0,0,0,0,0,0,0,0,0,0,0,0,0,0,0,0,0,0,0,0,0,0,2145206272,766902272,130933,46808,0,139,131072,147187339,0,0,1352897252,2147483648,113338071,145287205,0,0,0,0,0,0,0,0,0,0,0,0,0,0,0,0,0,0,8607365,8607448,0,97,97,6265,329,17214776,35,0,0,0,0,0,0,0,1,0,0,0,0,0,0,0,0,0,0,9681634,0,13980249,123727,0,0,0,0,0,0,0,0,16384,0,0,0,0,0,0,0,0,0,0,0,4684,341,0,0,0,0,0,26169888,0,8707,25,4632,339,4684,0,0,0,0,0,0,0,0,0,0,0,0,0,0,0,0,0,0,0,0,0,0,0,0,0,0,0,0,0,0,0,0,0,0,0,0,0,0,0,0,0,0,0,0,0,0,0,0,0,0,0,0,0,109535439,0,0,0,128604541,0,0,0,0,0,0,0,78691497,147258257,185014659,56889059840,45788785,0,0,0,0,0,0,0,0,0,0,0,0,0,0,0,0,0,0,0,0,0,0,0,0,0,0,0,0,0,0,0,12448018,0,0,0,0,0,0,0
1789580564.217,0,0,0,0,0,0,0,267687617,2411275869696,801057964032,0,0,0,0,0,0,0,0,0,0,0,0,0,0,0,0,0,0,0,0,0,0,0,0,0,0,0,0,0,0,0,0,0,0,0,0,0,0,0,0,0,0,0,0,0,0,0,0,0,0,0,0,0,0,0,0,0,0,456876,147359190,44826349,0,0,0,0,0,0,0,0,0,0,0,0,0,0,0,0,0,0,0,0,0,0,0,0,0,0,0,0,0,0,0,0,0,0,0,0,0,2145091584,768770048,130926,46922,0,146,131072,147195831,0,0,1352954391,2147483648,113346507,145292924,0,0,0,0,0,0,0,0,0,0,0,0,0,0,0,0,0,0,8607720,8607810,0,97,97,6265,329,17215508,35,0,0,0,0,0,0,0,1,0,0,0,0,0,0,0,0,0,0,9682036,0,13980249,123727,0,0,0,0,0,0,0,0,16384,0,0,0,0,0,0,0,0,0,0,0,4685,341,0,0,0,0,0,26170973,0,8707,25,4632,339,4685,0,0,0,0,0,0,0,0,0,0,0,0,0,0,0,0,0,0,0,0,0,0,0,0,0,0,0,0,0,0,0,0,0,0,0,0,0,0,0,0,0,0,0,0,0,0,0,0,0,0,0,0,0,109537123,0,0,0,128609690,0,0,0,0,0,0,0,78694418,147266753,185020020,56890057728,45789869,0,0,0,0,0,0,0,0,0,0,0,0,0,0,0,0,0,0,0,0,0,0,0,0,0,0,0,0,0,0,0,12448375,0,0,0,0,0,0,0
1789580565.243,0,0,0,0,0,0,0,267697805,2411405565440,801087291392,0,0,0,0,0,0,0,0,0,0,0,0,0,0,0,0,0,0,0,0,0,0,0,0,0,0,0,0,0,0,0,0,0,0,0,0,0,0,0,0,0,0,0,0,0,0,0,0,0,0,0,0,0,0,0,0,0,0,456906,147367113,44828051,0,0,0,0,0,0,0,0,0,0,0,0,0,0,0,0,0,0,0,0,0,0,0,0,0,0,0,0,0,0,0,0,0,0,0,0,0,2145075200,771309568,130925,47077,0,146,131072,147203754,0,0,1353007513,2147483648,113354378,145298442,0,0,0,0,0,0,0,0,0,0,0,0,0,0,0,0,0,0,8608068,8608152,0,97,97,6265,329,17216201,35,0,0,0,0,0,0,0,1,0,0,0,0,0,0,0,0,0,0,9682407,0,13980249,123727,0,0,0,0,0,0,0,0,16384,0,0,0,0,0,0,0,0,0,0,0,4686,341,0,0,0,0,0,26171966,0,8707,25,4632,339,4686,0,0,0,0,0,0,0,0,0,0,0,0,0,0,0,0,0,0,0,0,0,0,0,0,0,0,0,0,0,0,0,0,0,0,0,0,0,0,0,0,0,0,0,0,0,0,0,0,0,0,0,0,0,109538767,0,0,0,128614591,0,0,0,0,0,0,0,78697183,147274679,185025074,56891040768,45790929,0,0,0,0,0,0,0,0,0,0,0,0,0,0,0,0,0,0,0,0,0,0,0,0,0,0,0,0,0,0,0,12448703,0,0,0,0,0,0,0
1789580566.270,0,0,0,0,0,0,0,267707797,2411532410368,801117261312,0,0,0,0,0,0,0,0,0,0,0,0,0,0,0,0,0,0,0,0,0,0,0,0,0,0,0,0,0,0,0,0,0,0,0,0,0,0,0,0,0,0,0,0,0,0,0,0,0,0,0,0,0,0,0,0,0,0,456932,147374859,44829782,0,0,0,0,0,0,0,0,0,0,0,0,0,0,0,0,0,0,0,0,0,0,0,0,0,0,0,0,0,0,0,0,0,0,0,0,0,2145075200,772538368,130925,47152,0,147,131072,147211494,0,0,1353059401,2147483648,113362054,145303871,0,0,0,0,0,0,0,0,0,0,0,0,0,0,0,0,0,0,8608404,8608488,0,97,97,6265,329,17216870,35,0,0,0,0,0,0,0,1,0,0,0,0,0,0,0,0,0,0,9682815,0,13980249,123727,0,0,0,0,0,0,0,0,16384,0,0,0,0,0,0,0,0,0,0,0,4687,341,0,0,0,0,0,26173073,0,8707,25,4632,339,4687,0,0,0,0,0,0,0,0,0,0,0,0,0,0,0,0,0,0,0,0,0,0,0,0,0,0,0,0,0,0,0,0,0,0,0,0,0,0,0,0,0,0,0,0,0,0,0,0,0,0,0,0,0,109540419,0,0,0,128619376,0,0,0,0,0,0,0,78699993,147282422,185030210,56892016640,45791996,0,0,0,0,0,0,0,0,0,0,0,0,0,0,0,0,0,0,0,0,0,0,0,0,0,0,0,0,0,0,0,12449069,0,0,0,0,0,0,0
1789580567.296,0,0,0,0,0,0,0,267716827,2411648097792,801143651840,0,0,0,0,0,0,0,0,0,0,0,0,0,0,0,0,0,0,0,0,0,0,0,0,0,0,0,0,0,0,0,0,0,0,0,0,0,0,0,0,0,0,0,0,0,0,0,0,0,0,0,0,0,0,0,0,0,0,456946,147381923,44831323,0,0,0,0,0,0,0,0,0,0,0,0,0,0,0,0,0,0,0,0,0,0,0,0,0,0,0,0,0,0,0,0,0,0,0,0,0,2144780288,772358144,130907,47141,0,165,131072,147218557,0,0,1353106172,2147483648,113369068,145308503,0,0,0,0,0,0,0,0,0,0,0,0,0,0,0,0,0,0,8608696,8608780,0,97,97,6265,329,17217458,35,0,0,0,0,0,0,0,1,0,0,0,0,0,0,0,0,0,0,9683157,0,13980249,123727,0,0,0,0,0,0,0,0,16384,0,0,0,0,0,0,0,0,0,0,0,4688,341,0,0,0,0,0,26173994,0,8707,25,4632,339,4688,0,0,0,0,0,0,0,0,0,0,0,0,0,0,0,0,0,0,0,0,0,0,0,0,0,0,0,0,0,0,0,0,0,0,0,0,0,0,0,0,0,0,0,0,0,0,0,0,0,0,0,0,0,109541900,0,0,0,128623511,0,0,0,0,0,0,0,78702505,147289490,185034763,56892886016,45792972,0,0,0,0,0,0,0,0,0,0,0,0,0,0,0,0,0,0,0,0,0,0,0,0,0,0,0,0,0,0,0,12449373,0,0,0,0,0,0,0
1789580568.321,0,0,0,0,0,0,0,267725891,2411763703296,801167936000,0,0,0,0,0,0,0,0,0,0,0,0,0,0,0,0,0,0,0,0,0,0,0,0,0,0,0,0,0,0,0,0,0,0,0,0,0,0,0,0,0,0,0,0,0,0,0,0,0,0,0,0,0,0,0,0,0,0,456959,147389001,44832738,0,0,0,0,0,0,0,0,0,0,0,0,0,0,0,0,0,0,0,0,0,0,0,0,0,0,0,0,0,0,0,0,0,0,0,0,0,2144993280,775667712,130920,47343,0,152,131072,147225628,0,0,1353153741,2147483648,113376056,145313174,0,0,0,0,0,0,0,0,0,0,0,0,0,0,0,0,0,0,8608999,8609088,0,97,97,6265,329,17218058,35,0,0,0,0,0,0,0,1,0,0,0,0,0,0,0,0,0,0,9683488,0,13980249,123727,0,0,0,0,0,0,0,0,16384,0,0,0,0,0,0,0,0,0,0,0,4689,341,0,0,0,0,0,26174888,0,8707,25,4632,339,4689,0,0,0,0,0,0,0,0,0,0,0,0,0,0,0,0,0,0,0,0,0,0,0,0,0,0,0,0,0,0,0,0,0,0,0,0,0,0,0,0,0,0,0,0,0,0,0,0,0,0,0,0,0,109543387,0,0,0,128627750,0,0,0,0,0,0,0,78704901,147296556,185039065,56893756928,45793960,0,0,0,0,0,0,0,0,0,0,0,0,0,0,0,0,0,0,0,0,0,0,0,0,0,0,0,0,0,0,0,12449667,0,0,0,0,0,0,0
1789580569.347,0,0,0,0,0,0,0,267736792,2411902721536,801201349632,0,0,0,0,0,0,0,0,0,0,0,0,0,0,0,0,0,0,0,0,0,0,0,0,0,0,0,0,0,0,0,0,0,0,0,0,0,0,0,0,0,0,0,0,0,0,0,0,0,0,0,0,0,0,0,0,0,0,456977,147397500,44834679,0,0,0,0,0,0,0,0,0,0,0,0,0,0,0,0,0,0,0,0,0,0,0,0,0,0,0,0,0,0,0,0,0,0,0,0,0,2145124352,776241152,130928,47378,0,144,131072,147234123,0,0,1353210805,2147483648,113384335,145318841,0,0,0,0,0,0,0,0,0,0,0,0,0,0,0,0,0,0,8609362,8609443,0,97,97,6265,329,17218792,35,0,0,0,0,0,0,0,1,0,0,0,0,0,0,0,0,0,0,9683883,0,13980377,123728,0,0,0,0,0,0,0,0,16384,0,0,0,0,0,0,0,0,0,0,0,4690,341,0,0,0,0,0,26175957,0,8707,25,4632,339,4690,0,0,0,0,0,0,0,0,0,0,0,0,0,0,0,0,0,0,0,0,0,0,0,0,0,0,0,0,0,0,0,0,0,0,0,0,0,0,0,0,0,0,0,0,0,0,0,0,0,0,0,0,0,109545052,0,0,0,128632886,0,0,0,0,0,0,0,78707792,147305051,185044505,56894756352,45795028,0,0,0,0,0,0,0,0,0,0,0,0,0,0,0,0,0,0,0,0,0,0,0,0,0,0,0,0,0,0,0,12450017,0,0,0,0,0,0,0
1789580570.374,0,0,0,0,0,0,0,267748176,2412046114304,801234830848,0,0,0,0,0,0,0,0,0,0,0,0,0,0,0,0,0,0,0,0,0,0,0,0,0,0,0,0,0,0,0,0,0,0,0,0,0,0,0,0,0,0,0,0,0,0,0,0,0,0,0,0,0,0,0,0,0,0,457008,147406272,44836615,0,0,0,0,0,0,0,0,0,0,0,0,0,0,0,0,0,0,0,0,0,0,0,0,0,0,0,0,0,0,0,0,0,0,0,0,0,2145058816,779452416,130924,47574,0,148,131072,147242890,0,0,1353269851,2147483648,113393018,145325161,0,0,0,0,0,0,0,0,0,0,0,0,0,0,0,0,0,0,8609756,8609835,0,97,97,6265,329,17219572,35,0,0,0,0,0,0,0,1,0,0,0,0,0,0,0,0,0,0,9684332,0,13980377,123728,0,0,0,0,0,0,0,0,16384,0,0,0,0,0,0,0,0,0,0,0,4691,341,0,0,0,0,0,26177177,0,8707,25,4632,339,4691,0,0,0,0,0,0,0,0,0,0,0,0,0,0,0,0,0,0,0,0,0,0,0,0,0,0,0,0,0,0,0,0,0,0,0,0,0,0,0,0,0,0,0,0,0,0,0,0,0,0,0,0,0,109546797,0,0,0,128638486,0,0,0,0,0,0,0,78710845,147313824,185050149,56895821312,45796133,0,0,0,0,0,0,0,0,0,0,0,0,0,0,0,0,0,0,0,0,0,0,0,0,0,0,0,0,0,0,0,12450417,0,0,0,0,0,0,0
1789580571.400,0,0,0,0,0,0,0,267757150,2412162293248,801261165056,0,0,0,0,0,0,0,0,0,0,0,0,0,0,0,0,0,0,0,0,0,0,0,0,0,0,0,0,0,0,0,0,0,0,0,0,0,0,0,0,0,0,0,0,0,0,0,0,0,0,0,0,0,0,0,0,0,0,457021,147413383,44838145,0,0,0,0,0,0,0,0,0,0,0,0,0,0,0,0,0,0,0,0,0,0,0,0,0,0,0,0,0,0,0,0,0,0,0,0,0,2144518144,779501568,130891,47577,0,181,131072,147249998,0,0,1353316274,2147483648,113400064,145329698,0,0,0,0,0,0,0,0,0,0,0,0,0,0,0,0,0,0,8610037,8610118,0,97,97,6265,329,17220133,35,0,0,0,0,0,0,0,1,0,0,0,0,0,0,0,0,0,0,9684688,0,13980377,123728,0,0,0,0,0,0,0,0,16384,0,0,0,0,0,0,0,0,0,0,0,4692,341,0,0,0,0,0,26178151,0,8707,25,4632,339,4692,0,0,0,0,0,0,0,0,0,0,0,0,0,0,0,0,0,0,0,0,0,0,0,0,0,0,0,0,0,0,0,0,0,0,0,0,0,0,0,0,0,0,0,0,0,0,0,0,0,0,0,0,0,109548221,0,0,0,128642497,0,0,0,0,0,0,0,78713301,147320925,185054644,56896644608,45797053,0,0,0,0,0,0,0,0,0,0,0,0,0,0,0,0,0,0,0,0,0,0,0,0,0,0,0,0,0,0,0,12450738,0,0,0,0,0,0,0
1789580572.427,0,0,0,0,0,0,0,267765873,2412273131008,801286865408,0,0,0,0,0,0,0,0,0,0,0,0,0,0,0,0,0,0,0,0,0,0,0,0,0,0,0,0,0,0,0,0,0,0,0,0,0,0,0,0,0,0,0,0,0,0,0,0,0,0,0,0,0,0,0,0,0,0,457033,147420159,44839663,0,0,0,0,0,0,0,0,0,0,0,0,0,0,0,0,0,0,0,0,0,0,0,0,0,0,0,0,0,0,0,0,0,0,0,0,0,2144436224,780173312,130886,47618,0,186,131072,147256770,0,0,1353361883,2147483648,113406775,145334259,0,0,0,0,0,0,0,0,0,0,0,0,0,0,0,0,0,0,8610328,8610412,0,97,97,6265,329,17220729,35,0,0,0,0,0,0,0,1,0,0,0,0,0,0,0,0,0,0,9685010,0,13980377,123728,0,0,0,0,0,0,0,0,16384,0,0,0,0,0,0,0,0,0,0,0,4693,341,0,0,0,0,0,26179025,0,8707,25,4632,339,4693,0,0,0,0,0,0,0,0,0,0,0,0,0,0,0,0,0,0,0,0,0,0,0,0,0,0,0,0,0,0,0,0,0,0,0,0,0,0,0,0,0,0,0,0,0,0,0,0,0,0,0,0,0,109549656,0,0,0,128646648,0,0,0,0,0,0,0,78715734,147327693,185059068,56897487360,45797990,0,0,0,0,0,0,0,0,0,0,0,0,0,0,0,0,0,0,0,0,0,0,0,0,0,0,0,0,0,0,0,12451023,0,0,0,0,0,0,0
1789580573.453,0,0,0,0,0,0,0,267775264,2412393963008,801313703936,0,0,0,0,0,0,0,0,0,0,0,0,0,0,0,0,0,0,0,0,0,0,0,0,0,0,0,0,0,0,0,0,0,0,0,0,0,0,0,0,0,0,0,0,0,0,0,0,0,0,0,0,0,0,0,0,0,0,457052,147427547,44841230,0,0,0,0,0,0,0,0,0,0,0,0,0,0,0,0,0,0,0,0,0,0,0,0,0,0,0,0,0,0,0,0,0,0,0,0,0,2144419840,781139968,130885,47677,0,187,131072,147264158,0,0,1353411523,2147483648,113414091,145339016,0,0,0,0,0,0,0,0,0,0,0,0,0,0,0,0,0,0,8610613,8610690,0,97,97,6265,329,17221336,35,0,0,0,0,0,0,0,1,0,0,0,0,0,0,0,0,0,0,9685330,0,13980377,123728,0,0,0,0,0,0,0,0,16384,0,0,0,0,0,0,0,0,0,0,0,4694,341,0,0,0,0,0,26179885,0,8707,25,4632,339,4694,0,0,0,0,0,0,0,0,0,0,0,0,0,0,0,0,0,0,0,0,0,0,0,0,0,0,0,0,0,0,0,0,0,0,0,0,0,0,0,0,0,0,0,0,0,0,0,0,0,0,0,0,0,109551116,0,0,0,128650903,0,0,0,0,0,0,0,78718264,147335080,185063655,56898343424,45798957,0,0,0,0,0,0,0,0,0,0,0,0,0,0,0,0,0,0,0,0,0,0,0,0,0,0,0,0,0,0,0,12451307,0,0,0,0,0,0,0
1789580574.480,0,0,0,0,0,0,0,267785769,2412527885824,801343824384,0,0,0,0,0,0,0,0,0,0,0,0,0,0,0,0,0,0,0,0,0,0,0,0,0,0,0,0,0,0,0,0,0,0,0,0,0,0,0,0,0,0,0,0,0,0,0,0,0,0,0,0,0,0,0,0,0,0,457071,147435728,44842989,0,0,0,0,0,0,0,0,0,0,0,0,0,0,0,0,0,0,0,0,0,0,0,0,0,0,0,0,0,0,0,0,0,0,0,0,0,2145058816,782647296,130924,47769,0,148,131072,147272334,0,0,1353466811,2147483648,113422128,145344421,0,0,0,0,0,0,0,0,0,0,0,0,0,0,0,0,0,0,8610949,8611029,0,97,97,6265,329,17222018,35,0,0,0,0,0,0,0,1,0,0,0,0,0,0,0,0,0,0,9685707,0,13980377,123728,0,0,0,0,0,0,0,0,16384,0,0,0,0,0,0,0,0,0,0,0,4695,341,0,0,0,0,0,26180903,0,8707,25,4632,339,4695,0,0,0,0,0,0,0,0,0,0,0,0,0,0,0,0,0,0,0,0,0,0,0,0,0,0,0,0,0,0,0,0,0,0,0,0,0,0,0,0,0,0,0,0,0,0,0,0,0,0,0,0,0,109552693,0,0,0,128655755,0,0,0,0,0,0,0,78721058,147343256,185068763,56899286528,45799992,0,0,0,0,0,0,0,0,0,0,0,0,0,0,0,0,0,0,0,0,0,0,0,0,0,0,0,0,0,0,0,12451641,0,0,0,0,0,0,0
1789580575.506,0,0,0,0,0,0,0,267797842,2412681944576,801379324416,0,0,0,0,0,0,0,0,0,0,0,0,0,0,0,0,0,0,0,0,0,0,0,0,0,0,0,0,0,0,0,0,0,0,0,0,0,0,0,0,0,0,0,0,0,0,0,0,0,0,0,0,0,0,0,0,0,0,457102,147445132,44845065,0,0,0,0,0,0,0,0,0,0,0,0,0,0,0,0,0,0,0,0,0,0,0,0,0,0,0,0,0,0,0,0,0,0,0,0,0,2145665024,783613952,130961,47828,0,111,131072,147281734,0,0,1353530059,2147483648,113431396,145350689,0,0,0,0,0,0,0,0,0,0,0,0,0,0,0,0,0,0,8611333,8611415,0,97,97,6265,329,17222809,35,0,0,0,0,0,0,0,1,0,0,0,0,0,0,0,0,0,0,9686129,0,13980377,123728,0,0,0,0,0,0,0,0,16384,0,0,0,0,0,0,0,0,0,0,0,4696,341,0,0,0,0,0,26182036,0,8707,25,4632,339,4696,0,0,0,0,0,0,0,0,0,0,0,0,0,0,0,0,0,0,0,0,0,0,0,0,0,0,0,0,0,0,0,0,0,0,0,0,0,0,0,0,0,0,0,0,0,0,0,0,0,0,0,0,0,109554444,0,0,0,128661350,0,0,0,0,0,0,0,78724250,147352668,185074657,56900353536,45801113,0,0,0,0,0,0,0,0,0,0,0,0,0,0,0,0,0,0,0,0,0,0,0,0,0,0,0,0,0,0,0,12452014,0,0,0,0,0,0,0
1789580576.533,0,0,0,0,0,0,0,267813332,2412878847488,801424568320,0,0,0,0,0,0,0,0,0,0,0,0,0,0,0,0,0,0,0,0,0,0,0,0,0,0,0,0,0,0,0,0,0,0,0,0,0,0,0,0,0,0,0,0,0,0,0,0,0,0,0,0,0,0,0,0,0,0,457156,147457179,44847715,0,0,0,0,0,0,0,0,0,0,0,0,0,0,0,0,0,0,0,0,0,0,0,0,0,0,0,0,0,0,0,0,0,0,0,0,0,2146025472,786202624,130983,47986,0,89,131072,147293775,0,0,1353611785,2147483648,113443290,145359068,0,0,0,0,0,0,0,0,0,0,0,0,0,0,0,0,0,0,8611839,8611926,0,97,97,6265,329,17223870,35,0,0,0,0,0,0,0,1,0,0,0,0,0,0,0,0,0,0,9686679,0,13980377,123728,0,0,0,0,0,0,0,0,16384,0,0,0,0,0,0,0,0,0,0,0,4697,341,0,0,0,0,0,26183516,0,8707,25,4632,339,4697,0,0,0,0,0,0,0,0,0,0,0,0,0,0,0,0,0,0,0,0,0,0,0,0,0,0,0,0,0,0,0,0,0,0,0,0,0,0,0,0,0,0,0,0,0,0,0,0,0,0,0,0,0,109556464,0,0,0,128668751,0,0,0,0,0,0,0,78728164,147364707,185081964,56901657088,45802385,0,0,0,0,0,0,0,0,0,0,0,0,0,0,0,0,0,0,0,0,0,0,0,0,0,0,0,0,0,0,0,12452500,0,0,0,0,0,0,0
1789580577.558,0,0,0,0,0,0,0,267825356,2413030579712,801482775040,0,0,0,0,0,0,0,0,0,0,0,0,0,0,0,0,0,0,0,0,0,0,0,0,0,0,0,0,0,0,0,0,0,0,0,0,0,0,0,0,0,0,0,0,0,0,0,0,0,0,0,0,0,0,0,0,0,0,457176,147466460,44851158,0,0,0,0,0,0,0,0,0,0,0,0,0,0,0,0,0,0,0,0,0,0,0,0,0,0,0,0,0,0,0,0,0,0,0,0,0,2144632832,766394368,130898,46777,0,174,131072,147303052,0,0,1353674212,2147483648,113451911,145365881,0,0,0,0,0,0,0,0,0,0,0,0,0,0,0,0,0,0,8612313,8612395,0,97,97,6265,329,17224726,35,0,0,0,0,0,0,0,1,0,0,0,0,0,0,0,0,0,0,9687189,0,13981835,123740,0,0,0,0,0,0,0,0,16384,0,0,0,0,0,0,0,0,0,0,0,4698,341,0,0,0,0,0,26184898,0,8707,25,4632,339,4698,0,0,0,0,0,0,0,0,0,0,0,0,0,0,0,0,0,0,0,0,0,0,0,0,0,0,0,0,0,0,0,0,0,0,0,0,0,0,0,0,0,0,0,0,0,0,0,0,0,0,0,0,0,109558227,0,0,0,128674704,0,0,0,0,0,0,0,78731517,147373976,185089187,56902774784,45803519,0,0,0,0,0,0,0,0,0,0,0,0,0,0,0,0,0,0,0,0,0,0,0,0,0,0,0,0,0,0,0,12452953,0,0,0,0,0,0,0
1789580578.584,0,0,0,0,0,0,0,267835773,2413163011584,801511526400,0,0,0,0,0,0,0,0,0,0,0,0,0,0,0,0,0,0,0,0,0,0,0,0,0,0,0,0,0,0,0,0,0,0,0,0,0,0,0,0,0,0,0,0,0,0,0,0,0,0,0,0,0,0,0,0,0,0,457196,147474552,44852813,0,0,0,0,0,0,0,0,0,0,0,0,0,0,0,0,0,0,0,0,0,0,0,0,0,0,0,0,0,0,0,0,0,0,0,0,0,2144944128,769114112,130917,46943,0,155,131072,147311137,0,0,1353727911,2147483648,113459927,145371313,0,0,0,0,0,0,0,0,0,0,0,0,0,0,0,0,0,0,8612657,8612737,0,97,97,6265,329,17225407,35,0,0,0,0,0,0,0,1,0,0,0,0,0,0,0,0,0,0,9687591,0,13981835,123740,0,0,0,0,0,0,0,0,16384,0,0,0,0,0,0,0,0,0,0,0,4699,341,0,0,0,0,0,26185995,0,8707,25,4632,339,4699,0,0,0,0,0,0,0,0,0,0,0,0,0,0,0,0,0,0,0,0,0,0,0,0,0,0,0,0,0,0,0,0,0,0,0,0,0,0,0,0,0,0,0,0,0,0,0,0,0,0,0,0,0,109559845,0,0,0,128679516,0,0,0,0,0,0,0,78734201,147382069,185094146,56903734784,45804533,0,0,0,0,0,0,0,0,0,0,0,0,0,0,0,0,0,0,0,0,0,0,0,0,0,0,0,0,0,0,0,12453313,0,0,0,0,0,0,0
1789580579.611,0,0,0,0,0,0,0,267844861,2413278371328,801537086464,0,0,0,0,0,0,0,0,0,0,0,0,0,0,0,0,0,0,0,0,0,0,0,0,0,0,0,0,0,0,0,0,0,0,0,0,0,0,0,0,0,0,0,0,0,0,0,0,0,0,0,0,0,0,0,0,0,0,457216,147481599,44854292,0,0,0,0,0,0,0,0,0,0,0,0,0,0,0,0,0,0,0,0,0,0,0,0,0,0,0,0,0,0,0,0,0,0,0,0,0,2144305152,771342336,130878,47079,0,194,131072,147318180,0,0,1353774674,2147483648,113466948,145376327,0,0,0,0,0,0,0,0,0,0,0,0,0,0,0,0,0,0,8612970,8613055,0,97,97,6265,329,17226010,35,0,0,0,0,0,0,0,1,0,0,0,0,0,0,0,0,0,0,9687989,0,13981835,123740,0,0,0,0,0,0,0,0,16384,0,0,0,0,0,0,0,0,0,0,0,4700,341,0,0,0,0,0,26187086,0,8707,25,4632,339,4700,0,0,0,0,0,0,0,0,0,0,0,0,0,0,0,0,0,0,0,0,0,0,0,0,0,0,0,0,0,0,0,0,0,0,0,0,0,0,0,0,0,0,0,0,0,0,0,0,0,0,0,0,0,109561385,0,0,0,128683882,0,0,0,0,0,0,0,78736691,147389119,185098649,56904648704,45805541,0,0,0,0,0,0,0,0,0,0,0,0,0,0,0,0,0,0,0,0,0,0,0,0,0,0,0,0,0,0,0,12453672,0,0,0,0,0,0,0
1789580580.637,0,0,0,0,0,0,0,267853123,2413382573568,801561234432,0,0,0,0,0,0,0,0,0,0,0,0,0,0,0,0,0,0,0,0,0,0,0,0,0,0,0,0,0,0,0,0,0,0,0,0,0,0,0,0,0,0,0,0,0,0,0,0,0,0,0,0,0,0,0,0,0,0,457226,147487974,44855694,0,0,0,0,0,0,0,0,0,0,0,0,0,0,0,0,0,0,0,0,0,0,0,0,0,0,0,0,0,0,0,0,0,0,0,0,0,2144223232,772915200,130873,47175,0,199,131072,147324549,0,0,1353818109,2147483648,113473256,145380713,0,0,0,0,0,0,0,0,0,0,0,0,0,0,0,0,0,0,8613239,8613321,0,97,97,6265,329,17226592,35,0,0,0,0,0,0,0,1,0,0,0,0,0,0,0,0,0,0,9688297,0,13981835,123740,0,0,0,0,0,0,0,0,16384,0,0,0,0,0,0,0,0,0,0,0,4701,341,0,0,0,0,0,26187917,0,8707,25,4632,339,4701,0,0,0,0,0,0,0,0,0,0,0,0,0,0,0,0,0,0,0,0,0,0,0,0,0,0,0,0,0,0,0,0,0,0,0,0,0,0,0,0,0,0,0,0,0,0,0,0,0,0,0,0,0,109562761,0,0,0,128687845,0,0,0,0,0,0,0,78739003,147395491,185102831,56905449984,45806448,0,0,0,0,0,0,0,0,0,0,0,0,0,0,0,0,0,0,0,0,0,0,0,0,0,0,0,0,0,0,0,12453945,0,0,0,0,0,0,0
1789580581.663,0,0,0,0,0,0,0,267860648,2413478583808,801582330368,0,0,0,0,0,0,0,0,0,0,0,0,0,0,0,0,0,0,0,0,0,0,0,0,0,0,0,0,0,0,0,0,0,0,0,0,0,0,0,0,0,0,0,0,0,0,0,0,0,0,0,0,0,0,0,0,0,0,457238,147493836,44856924,0,0,0,0,0,0,0,0,0,0,0,0,0,0,0,0,0,0,0,0,0,0,0,0,0,0,0,0,0,0,0,0,0,0,0,0,0,2143846400,773570560,130849,47215,0,223,131072,147330408,0,0,1353857045,2147483648,113479089,145384577,0,0,0,0,0,0,0,0,0,0,0,0,0,0,0,0,0,0,8613493,8613565,0,97,97,6265,329,17227051,35,0,0,0,0,0,0,0,1,0,0,0,0,0,0,0,0,0,0,9688589,0,13981835,123740,0,0,0,0,0,0,0,0,16384,0,0,0,0,0,0,0,0,0,0,0,4702,341,0,0,0,0,0,26188719,0,8707,25,4632,339,4702,0,0,0,0,0,0,0,0,0,0,0,0,0,0,0,0,0,0,0,0,0,0,0,0,0,0,0,0,0,0,0,0,0,0,0,0,0,0,0,0,0,0,0,0,0,0,0,0,0,0,0,0,0,109564045,0,0,0,128691253,0,0,0,0,0,0,0,78741079,147401365,185106561,56906190848,45807300,0,0,0,0,0,0,0,0,0,0,0,0,0,0,0,0,0,0,0,0,0,0,0,0,0,0,0,0,0,0,0,12454207,0,0,0,0,0,0,0
1789580582.690,0,0,0,0,0,0,0,267868112,2413573414400,801604821504,0,0,0,0,0,0,0,0,0,0,0,0,0,0,0,0,0,0,0,0,0,0,0,0,0,0,0,0,0,0,0,0,0,0,0,0,0,0,0,0,0,0,0,0,0,0,0,0,0,0,0,0,0,0,0,0,0,0,457248,147499643,44858224,0,0,0,0,0,0,0,0,0,0,0,0,0,0,0,0,0,0,0,0,0,0,0,0,0,0,0,0,0,0,0,0,0,0,0,0,0,2143535104,774406144,130831,47266,0,241,131072,147336210,0,0,1353896394,2147483648,113484848,145388545,0,0,0,0,0,0,0,0,0,0,0,0,0,0,0,0,0,0,8613731,8613810,0,97,97,6265,329,17227564,35,0,0,0,0,0,0,0,1,0,0,0,0,0,0,0,0,0,0,9688880,0,13981835,123740,0,0,0,0,0,0,0,0,16384,0,0,0,0,0,0,0,0,0,0,0,4703,341,0,0,0,0,0,26189508,0,8707,25,4632,339,4703,0,0,0,0,0,0,0,0,0,0,0,0,0,0,0,0,0,0,0,0,0,0,0,0,0,0,0,0,0,0,0,0,0,0,0,0,0,0,0,0,0,0,0,0,0,0,0,0,0,0,0,0,0,109565349,0,0,0,128694770,0,0,0,0,0,0,0,78743225,147407152,185110481,56906937856,45808137,0,0,0,0,0,0,0,0,0,0,0,0,0,0,0,0,0,0,0,0,0,0,0,0,0,0,0,0,0,0,0,12454467,0,0,0,0,0,0,0
1789580583.716,0,0,0,0,0,0,0,267875171,2413663575552,801626820096,0,0,0,0,0,0,0,0,0,0,0,0,0,0,0,0,0,0,0,0,0,0,0,0,0,0,0,0,0,0,0,0,0,0,0,0,0,0,0,0,0,0,0,0,0,0,0,0,0,0,0,0,0,0,0,0,0,0,457256,147505155,44859493,0,0,0,0,0,0,0,0,0,0,0,0,0,0,0,0,0,0,0,0,0,0,0,0,0,0,0,0,0,0,0,0,0,0,0,0,0,2143961088,774602752,130857,47278,0,215,131072,147341715,0,0,1353933108,2147483648,113490277,145392337,0,0,0,0,0,0,0,0,0,0,0,0,0,0,0,0,0,0,8613977,8614056,0,97,97,6265,329,17228043,35,0,0,0,0,0,0,0,1,0,0,0,0,0,0,0,0,0,0,9689147,0,13981835,123740,0,0,0,0,0,0,0,0,16384,0,0,0,0,0,0,0,0,0,0,0,4704,341,0,0,0,0,0,26190235,0,8707,25,4632,339,4704,0,0,0,0,0,0,0,0,0,0,0,0,0,0,0,0,0,0,0,0,0,0,0,0,0,0,0,0,0,0,0,0,0,0,0,0,0,0,0,0,0,0,0,0,0,0,0,0,0,0,0,0,0,109566606,0,0,0,128698157,0,0,0,0,0,0,0,78745336,147412664,185114301,56907653120,45808967,0,0,0,0,0,0,0,0,0,0,0,0,0,0,0,0,0,0,0,0,0,0,0,0,0,0,0,0,0,0,0,12454704,0,0,0,0,0,0,0
1789580584.741,0,0,0,0,0,0,0,267882659,2413758029312,801647002112,0,0,0,0,0,0,0,0,0,0,0,0,0,0,0,0,0,0,0,0,0,0,0,0,0,0,0,0,0,0,0,0,0,0,0,0,0,0,0,0,0,0,0,0,0,0,0,0,0,0,0,0,0,0,0,0,0,0,457267,147510932,44860685,0,0,0,0,0,0,0,0,0,0,0,0,0,0,0,0,0,0,0,0,0,0,0,0,0,0,0,0,0,0,0,0,0,0,0,0,0,2143453184,775979008,130825,47362,0,247,131072,147347490,0,0,1353972466,2147483648,113496035,145396164,0,0,0,0,0,0,0,0,0,0,0,0,0,0,0,0,0,0,8614217,8614293,0,97,97,6265,329,17228536,35,0,0,0,0,0,0,0,1,0,0,0,0,0,0,0,0,0,0,9689417,0,13981835,123740,0,0,0,0,0,0,0,0,16384,0,0,0,0,0,0,0,0,0,0,0,4705,341,0,0,0,0,0,26190961,0,8707,25,4632,339,4705,0,0,0,0,0,0,0,0,0,0,0,0,0,0,0,0,0,0,0,0,0,0,0,0,0,0,0,0,0,0,0,0,0,0,0,0,0,0,0,0,0,0,0,0,0,0,0,0,0,0,0,0,0,109567884,0,0,0,128701569,0,0,0,0,0,0,0,78747355,147418443,185117921,56908379648,45809817,0,0,0,0,0,0,0,0,0,0,0,0,0,0,0,0,0,0,0,0,0,0,0,0,0,0,0,0,0,0,0,12454944,0,0,0,0,0,0,0
1789580585.766,0,0,0,0,0,0,0,267889221,2413841128960,801669781504,0,0,0,0,0,0,0,0,0,0,0,0,0,0,0,0,0,0,0,0,0,0,0,0,0,0,0,0,0,0,0,0,0,0,0,0,0,0,0,0,0,0,0,0,0,0,0,0,0,0,0,0,0,0,0,0,0,0,457273,147516016,44862016,0,0,0,0,0,0,0,0,0,0,0,0,0,0,0,0,0,0,0,0,0,0,0,0,0,0,0,0,0,0,0,0,0,0,0,0,0,2143174656,773816320,130809,47230,0,263,131072,147352572,0,0,1354006727,2147483648,113501100,145399739,0,0,0,0,0,0,0,0,0,0,0,0,0,0,0,0,0,0,8614435,8614520,0,97,97,6265,329,17228999,35,0,0,0,0,0,0,0,1,0,0,0,0,0,0,0,0,0,0,9689687,0,13981835,123740,0,0,0,0,0,0,0,0,16384,0,0,0,0,0,0,0,0,0,0,0,4706,341,0,0,0,0,0,26191695,0,8707,25,4632,339,4706,0,0,0,0,0,0,0,0,0,0,0,0,0,0,0,0,0,0,0,0,0,0,0,0,0,0,0,0,0,0,0,0,0,0,0,0,0,0,0,0,0,0,0,0,0,0,0,0,0,0,0,0,0,109569088,0,0,0,128704762,0,0,0,0,0,0,0,78749493,147423526,185121788,56909065216,45810625,0,0,0,0,0,0,0,0,0,0,0,0,0,0,0,0,0,0,0,0,0,0,0,0,0,0,0,0,0,0,0,12455186,0,0,0,0,0,0,0
1789580586.792,0,0,0,0,0,0,0,267895741,2413923360256,801686481920,0,0,0,0,0,0,0,0,0,0,0,0,0,0,0,0,0,0,0,0,0,0,0,0,0,0,0,0,0,0,0,0,0,0,0,0,0,0,0,0,0,0,0,0,0,0,0,0,0,0,0,0,0,0,0,0,0,0,457276,147521047,44862967,0,0,0,0,0,0,0,0,0,0,0,0,0,0,0,0,0,0,0,0,0,0,0,0,0,0,0,0,0,0,0,0,0,0,0,0,0,2142945280,777027584,130795,47426,0,277,131072,147357600,0,0,1354040466,2147483648,113506099,145403239,0,0,0,0,0,0,0,0,0,0,0,0,0,0,0,0,0,0,8614661,8614735,0,97,97,6265,329,17229432,35,0,0,0,0,0,0,0,1,0,0,0,0,0,0,0,0,0,0,9689953,0,13981835,123740,0,0,0,0,0,0,0,0,16384,0,0,0,0,0,0,0,0,0,0,0,4707,341,0,0,0,0,0,26192422,0,8707,25,4632,339,4707,0,0,0,0,0,0,0,0,0,0,0,0,0,0,0,0,0,0,0,0,0,0,0,0,0,0,0,0,0,0,0,0,0,0,0,0,0,0,0,0,0,0,0,0,0,0,0,0,0,0,0,0,0,109570310,0,0,0,128707879,0,0,0,0,0,0,0,78751264,147428548,185124932,56909755392,45811435,0,0,0,0,0,0,0,0,0,0,0,0,0,0,0,0,0,0,0,0,0,0,0,0,0,0,0,0,0,0,0,12455425,0,0,0,0,0,0,0
1789580587.817,0,0,0,0,0,0,0,267901852,2414002036224,801705283584,0,0,0,0,0,0,0,0,0,0,0,0,0,0,0,0,0,0,0,0,0,0,0,0,0,0,0,0,0,0,0,0,0,0,0,0,0,0,0,0,0,0,0,0,0,0,0,0,0,0,0,0,0,0,0,0,0,0,457276,147525855,44864071,0,0,0,0,0,0,0,0,0,0,0,0,0,0,0,0,0,0,0,0,0,0,0,0,0,0,0,0,0,0,0,0,0,0,0,0,0,2143174656,775438336,130809,47329,0,263,131072,147362405,0,0,1354072612,2147483648,113510820,145406208,0,0,0,0,0,0,0,0,0,0,0,0,0,0,0,0,0,0,8614852,8614922,0,97,97,6265,329,17229819,35,0,0,0,0,0,0,0,1,0,0,0,0,0,0,0,0,0,0,9690162,0,13981835,123740,0,0,0,0,0,0,0,0,16384,0,0,0,0,0,0,0,0,0,0,0,4708,341,0,0,0,0,0,26192984,0,8707,25,4632,339,4708,0,0,0,0,0,0,0,0,0,0,0,0,0,0,0,0,0,0,0,0,0,0,0,0,0,0,0,0,0,0,0,0,0,0,0,0,0,0,0,0,0,0,0,0,0,0,0,0,0,0,0,0,0,109571389,0,0,0,128710581,0,0,0,0,0,0,0,78753091,147433354,185128205,56910356480,45812165,0,0,0,0,0,0,0,0,0,0,0,0,0,0,0,0,0,0,0,0,0,0,0,0,0,0,0,0,0,0,0,12455610,0,0,0,0,0,0,0
1789580588.843,0,0,0,0,0,0,0,267908455,2414084742656,801722122752,0,0,0,0,0,0,0,0,0,0,0,0,0,0,0,0,0,0,0,0,0,0,0,0,0,0,0,0,0,0,0,0,0,0,0,0,0,0,0,0,0,0,0,0,0,0,0,0,0,0,0,0,0,0,0,0,0,0,457277,147530912,44865035,0,0,0,0,0,0,0,0,0,0,0,0,0,0,0,0,0,0,0,0,0,0,0,0,0,0,0,0,0,0,0,0,0,0,0,0,0,2143043584,779272192,130801,47563,0,271,131072,147367460,0,0,1354107140,2147483648,113515837,145409766,0,0,0,0,0,0,0,0,0,0,0,0,0,0,0,0,0,0,8615079,8615151,0,97,97,6265,329,17230284,35,0,0,0,0,0,0,0,1,0,0,0,0,0,0,0,0,0,0,9690418,0,13981835,123740,0,0,0,0,0,0,0,0,16384,0,0,0,0,0,0,0,0,0,0,0,4709,341,0,0,0,0,0,26193673,0,8707,25,4632,339,4709,0,0,0,0,0,0,0,0,0,0,0,0,0,0,0,0,0,0,0,0,0,0,0,0,0,0,0,0,0,0,0,0,0,0,0,0,0,0,0,0,0,0,0,0,0,0,0,0,0,0,0,0,0,109572615,0,0,0,128713793,0,0,0,0,0,0,0,78754874,147438413,185131368,56911050752,45812979,0,0,0,0,0,0,0,0,0,0,0,0,0,0,0,0,0,0,0,0,0,0,0,0,0,0,0,0,0,0,0,12455837,0,0,0,0,0,0,0
1789580589.869,0,0,0,0,0,0,0,267914534,2414162599424,801741312512,0,0,0,0,0,0,0,0,0,0,0,0,0,0,0,0,0,0,0,0,0,0,0,0,0,0,0,0,0,0,0,0,0,0,0,0,0,0,0,0,0,0,0,0,0,0,0,0,0,0,0,0,0,0,0,0,0,0,457277,147535666,44866141,0,0,0,0,0,0,0,0,0,0,0,0,0,0,0,0,0,0,0,0,0,0,0,0,0,0,0,0,0,0,0,0,0,0,0,0,0,2143305728,777977856,130817,47484,0,255,131072,147372214,0,0,1354139011,2147483648,113520520,145412858,0,0,0,0,0,0,0,0,0,0,0,0,0,0,0,0,0,0,8615276,8615355,0,97,97,6265,329,17230671,35,0,0,0,0,0,0,0,1,0,0,0,0,0,0,0,0,0,0,9690649,0,13981835,123740,0,0,0,0,0,0,0,0,16384,0,0,0,0,0,0,0,0,0,0,0,4710,341,0,0,0,0,0,26194297,0,8707,25,4632,339,4710,0,0,0,0,0,0,0,0,0,0,0,0,0,0,0,0,0,0,0,0,0,0,0,0,0,0,0,0,0,0,0,0,0,0,0,0,0,0,0,0,0,0,0,0,0,0,0,0,0,0,0,0,0,109573721,0,0,0,128716569,0,0,0,0,0,0,0,78756724,147443166,185134713,56911665152,45813709,0,0,0,0,0,0,0,0,0,0,0,0,0,0,0,0,0,0,0,0,0,0,0,0,0,0,0,0,0,0,0,12456043,0,0,0,0,0,0,0
1789580590.894,0,0,0,0,0,0,0,267920902,2414243225088,801757949952,0,0,0,0,0,0,0,0,0,0,0,0,0,0,0,0,0,0,0,0,0,0,0,0,0,0,0,0,0,0,0,0,0,0,0,0,0,0,0,0,0,0,0,0,0,0,0,0,0,0,0,0,0,0,0,0,0,0,457280,147540589,44867117,0,0,0,0,0,0,0,0,0,0,0,0,0,0,0,0,0,0,0,0,0,0,0,0,0,0,0,0,0,0,0,0,0,0,0,0,0,2142928896,780009472,130794,47608,0,278,131072,147377135,0,0,1354172299,2147483648,113525414,145416153,0,0,0,0,0,0,0,0,0,0,0,0,0,0,0,0,0,0,8615489,8615568,0,97,97,6265,329,17231098,35,0,0,0,0,0,0,0,1,0,0,0,0,0,0,0,0,0,0,9690888,0,13981835,123740,0,0,0,0,0,0,0,0,16384,0,0,0,0,0,0,0,0,0,0,0,4711,341,0,0,0,0,0,26194945,0,8707,25,4632,339,4711,0,0,0,0,0,0,0,0,0,0,0,0,0,0,0,0,0,0,0,0,0,0,0,0,0,0,0,0,0,0,0,0,0,0,0,0,0,0,0,0,0,0,0,0,0,0,0,0,0,0,0,0,0,109574861,0,0,0,128719543,0,0,0,0,0,0,0,78758446,147448091,185137775,56912319488,45814470,0,0,0,0,0,0,0,0,0,0,0,0,0,0,0,0,0,0,0,0,0,0,0,0,0,0,0,0,0,0,0,12456256,0,0,0,0,0,0,0
1789580591.921,0,0,0,0,0,0,0,267927162,2414322392576,801776068608,0,0,0,0,0,0,0,0,0,0,0,0,0,0,0,0,0,0,0,0,0,0,0,0,0,0,0,0,0,0,0,0,0,0,0,0,0,0,0,0,0,0,0,0,0,0,0,0,0,0,0,0,0,0,0,0,0,0,457282,147545429,44868165,0,0,0,0,0,0,0,0,0,0,0,0,0,0,0,0,0,0,0,0,0,0,0,0,0,0,0,0,0,0,0,0,0,0,0,0,0,2143338496,780910592,130819,47663,0,253,131072,147381974,0,0,1354205320,2147483648,113530185,145419470,0,0,0,0,0,0,0,0,0,0,0,0,0,0,0,0,0,0,8615707,8615780,0,97,97,6265,329,17231515,35,0,0,0,0,0,0,0,1,0,0,0,0,0,0,0,0,0,0,9691127,0,13981835,123740,0,0,0,0,0,0,0,0,16384,0,0,0,0,0,0,0,0,0,0,0,4712,341,0,0,0,0,0,26195589,0,8707,25,4632,339,4712,0,0,0,0,0,0,0,0,0,0,0,0,0,0,0,0,0,0,0,0,0,0,0,0,0,0,0,0,0,0,0,0,0,0,0,0,0,0,0,0,0,0,0,0,0,0,0,0,0,0,0,0,0,109575996,0,0,0,128722537,0,0,0,0,0,0,0,78760242,147452928,185141014,56912956928,45815214,0,0,0,0,0,0,0,0,0,0,0,0,0,0,0,0,0,0,0,0,0,0,0,0,0,0,0,0,0,0,0,12456468,0,0,0,0,0,0,0
1789580592.947,0,0,0,0,0,0,0,267933438,2414402477568,801795100672,0,0,0,0,0,0,0,0,0,0,0,0,0,0,0,0,0,0,0,0,0,0,0,0,0,0,0,0,0,0,0,0,0,0,0,0,0,0,0,0,0,0,0,0,0,0,0,0,0,0,0,0,0,0,0,0,0,0,457283,147550329,44869261,0,0,0,0,0,0,0,0,0,0,0,0,0,0,0,0,0,0,0,0,0,0,0,0,0,0,0,0,0,0,0,0,0,0,0,0,0,2143322112,780795904,130818,47656,0,254,131072,147386871,0,0,1354238019,2147483648,113535022,145422725,0,0,0,0,0,0,0,0,0,0,0,0,0,0,0,0,0,0,8615912,8615985,0,97,97,6265,329,17231935,35,0,0,0,0,0,0,0,1,0,0,0,0,0,0,0,0,0,0,9691357,0,13981835,123740,0,0,0,0,0,0,0,0,16384,0,0,0,0,0,0,0,0,0,0,0,4713,341,0,0,0,0,0,26196206,0,8707,25,4632,339,4713,0,0,0,0,0,0,0,0,0,0,0,0,0,0,0,0,0,0,0,0,0,0,0,0,0,0,0,0,0,0,0,0,0,0,0,0,0,0,0,0,0,0,0,0,0,0,0,0,0,0,0,0,0,109577146,0,0,0,128725467,0,0,0,0,0,0,0,78762134,147457818,185144375,56913602560,45815999,0,0,0,0,0,0,0,0,0,0,0,0,0,0,0,0,0,0,0,0,0,0,0,0,0,0,0,0,0,0,0,12456672,0,0,0,0,0,0,0
1789580593.974,0,0,0,0,0,0,0,267939432,2414478007808,801811736064,0,0,0,0,0,0,0,0,0,0,0,0,0,0,0,0,0,0,0,0,0,0,0,0,0,0,0,0,0,0,0,0,0,0,0,0,0,0,0,0,0,0,0,0,0,0,0,0,0,0,0,0,0,0,0,0,0,0,457286,147554947,44870240,0,0,0,0,0,0,0,0,0,0,0,0,0,0,0,0,0,0,0,0,0,0,0,0,0,0,0,0,0,0,0,0,0,0,0,0,0,2142961664,781156352,130796,47678,0,276,131072,147391483,0,0,1354269345,2147483648,113539606,145425817,0,0,0,0,0,0,0,0,0,0,0,0,0,0,0,0,0,0,8616118,8616187,0,97,97,6265,329,17232324,35,0,0,0,0,0,0,0,1,0,0,0,0,0,0,0,0,0,0,9691583,0,13981835,123740,0,0,0,0,0,0,0,0,16384,0,0,0,0,0,0,0,0,0,0,0,4715,341,0,0,0,0,0,26196826,0,8707,25,4632,339,4715,0,0,0,0,0,0,0,0,0,0,0,0,0,0,0,0,0,0,0,0,0,0,0,0,0,0,0,0,0,0,0,0,0,0,0,0,0,0,0,0,0,0,0,0,0,0,0,0,0,0,0,0,0,109578239,0,0,0,128728242,0,0,0,0,0,0,0,78763831,147462434,185147394,56914218496,45816733,0,0,0,0,0,0,0,0,0,0,0,0,0,0,0,0,0,0,0,0,0,0,0,0,0,0,0,0,0,0,0,12456874,0,0,0,0,0,0,0
1789580595.000,0,0,0,0,0,0,0,267945590,2414556044800,801829442048,0,0,0,0,0,0,0,0,0,0,0,0,0,0,0,0,0,0,0,0,0,0,0,0,0,0,0,0,0,0,0,0,0,0,0,0,0,0,0,0,0,0,0,0,0,0,0,0,0,0,0,0,0,0,0,0,0,0,457288,147559713,44871269,0,0,0,0,0,0,0,0,0,0,0,0,0,0,0,0,0,0,0,0,0,0,0,0,0,0,0,0,0,0,0,0,0,0,0,0,0,2142830592,781926400,130788,47725,0,284,131072,147396246,0,0,1354301784,2147483648,113544337,145429036,0,0,0,0,0,0,0,0,0,0,0,0,0,0,0,0,0,0,8616314,8616392,0,97,97,6265,329,17232743,35,0,0,0,0,0,0,0,1,0,0,0,0,0,0,0,0,0,0,9691815,0,13981835,123740,0,0,0,0,0,0,0,0,16384,0,0,0,0,0,0,0,0,0,0,0,4716,341,0,0,0,0,0,26197454,0,8707,25,4632,339,4716,0,0,0,0,0,0,0,0,0,0,0,0,0,0,0,0,0,0,0,0,0,0,0,0,0,0,0,0,0,0,0,0,0,0,0,0,0,0,0,0,0,0,0,0,0,0,0,0,0,0,0,0,0,109579373,0,0,0,128731134,0,0,0,0,0,0,0,78765618,147467200,185150582,56914855936,45817493,0,0,0,0,0,0,0,0,0,0,0,0,0,0,0,0,0,0,0,0,0,0,0,0,0,0,0,0,0,0,0,12457080,0,0,0,0,0,0,0
1789580596.026,0,0,0,0,0,0,0,267951768,2414634737152,801847595520,0,0,0,0,0,0,0,0,0,0,0,0,0,0,0,0,0,0,0,0,0,0,0,0,0,0,0,0,0,0,0,0,0,0,0,0,0,0,0,0,0,0,0,0,0,0,0,0,0,0,0,0,0,0,0,0,0,0,457290,147564516,44872325,0,0,0,0,0,0,0,0,0,0,0,0,0,0,0,0,0,0,0,0,0,0,0,0,0,0,0,0,0,0,0,0,0,0,0,0,0,2143207424,782647296,130811,47769,0,261,131072,147401047,0,0,1354333991,2147483648,113549083,145432270,0,0,0,0,0,0,0,0,0,0,0,0,0,0,0,0,0,0,8616523,8616598,0,97,97,6265,329,17233162,35,0,0,0,0,0,0,0,1,0,0,0,0,0,0,0,0,0,0,9692044,0,13981835,123740,0,0,0,0,0,0,0,0,16384,0,0,0,0,0,0,0,0,0,0,0,4717,341,0,0,0,0,0,26198071,0,8707,25,4632,339,4717,0,0,0,0,0,0,0,0,0,0,0,0,0,0,0,0,0,0,0,0,0,0,0,0,0,0,0,0,0,0,0,0,0,0,0,0,0,0,0,0,0,0,0,0,0,0,0,0,0,0,0,0,0,109580517,0,0,0,128734055,0,0,0,0,0,0,0,78767446,147472006,185153833,56915500032,45818267,0,0,0,0,0,0,0,0,0,0,0,0,0,0,0,0,0,0,0,0,0,0,0,0,0,0,0,0,0,0,0,12457283,0,0,0,0,0,0,0
1789580597.051,0,0,0,0,0,0,0,267958172,2414715313664,801865767424,0,0,0,0,0,0,0,0,0,0,0,0,0,0,0,0,0,0,0,0,0,0,0,0,0,0,0,0,0,0,0,0,0,0,0,0,0,0,0,0,0,0,0,0,0,0,0,0,0,0,0,0,0,0,0,0,0,0,457295,147569447,44873371,0,0,0,0,0,0,0,0,0,0,0,0,0,0,0,0,0,0,0,0,0,0,0,0,0,0,0,0,0,0,0,0,0,0,0,0,0,2143240192,783237120,130813,47805,0,259,131072,147405977,0,0,1354367473,2147483648,113553960,145435565,0,0,0,0,0,0,0,0,0,0,0,0,0,0,0,0,0,0,8616737,8616806,0,97,97,6265,329,17233583,35,0,0,0,0,0,0,0,1,0,0,0,0,0,0,0,0,0,0,9692281,0,13981835,123740,0,0,0,0,0,0,0,0,16384,0,0,0,0,0,0,0,0,0,0,0,4718,341,0,0,0,0,0,26198708,0,8707,25,4632,339,4718,0,0,0,0,0,0,0,0,0,0,0,0,0,0,0,0,0,0,0,0,0,0,0,0,0,0,0,0,0,0,0,0,0,0,0,0,0,0,0,0,0,0,0,0,0,0,0,0,0,0,0,0,0,109581695,0,0,0,128737013,0,0,0,0,0,0,0,78769289,147476930,185157118,56916163584,45819057,0,0,0,0,0,0,0,0,0,0,0,0,0,0,0,0,0,0,0,0,0,0,0,0,0,0,0,0,0,0,0,12457493,0,0,0,0,0,0,0
1789580598.078,0,0,0,0,0,0,0,267964193,2414791925248,801882441216,0,0,0,0,0,0,0,0,0,0,0,0,0,0,0,0,0,0,0,0,0,0,0,0,0,0,0,0,0,0,0,0,0,0,0,0,0,0,0,0,0,0,0,0,0,0,0,0,0,0,0,0,0,0,0,0,0,0,457299,147574119,44874338,0,0,0,0,0,0,0,0,0,0,0,0,0,0,0,0,0,0,0,0,0,0,0,0,0,0,0,0,0,0,0,0,0,0,0,0,0,2142519296,784809984,130769,47901,0,303,131072,147410646,0,0,1354399235,2147483648,113558636,145438783,0,0,0,0,0,0,0,0,0,0,0,0,0,0,0,0,0,0,8616935,8617013,0,97,97,6265,329,17233999,35,0,0,0,0,0,0,0,1,0,0,0,0,0,0,0,0,0,0,9692513,0,13981835,123740,0,0,0,0,0,0,0,0,16384,0,0,0,0,0,0,0,0,0,0,0,4719,341,0,0,0,0,0,26199335,0,8707,25,4632,339,4719,0,0,0,0,0,0,0,0,0,0,0,0,0,0,0,0,0,0,0,0,0,0,0,0,0,0,0,0,0,0,0,0,0,0,0,0,0,0,0,0,0,0,0,0,0,0,0,0,0,0,0,0,0,109582834,0,0,0,128739901,0,0,0,0,0,0,0,78771041,147481614,185160186,56916803584,45819845,0,0,0,0,0,0,0,0,0,0,0,0,0,0,0,0,0,0,0,0,0,0,0,0,0,0,0,0,0,0,0,12457700,0,0,0,0,0,0,0
1789580599.104,0,0,0,0,0,0,0,267970093,2414866718208,801900170240,0,0,0,0,0,0,0,0,0,0,0,0,0,0,0,0,0,0,0,0,0,0,0,0,0,0,0,0,0,0,0,0,0,0,0,0,0,0,0,0,0,0,0,0,0,0,0,0,0,0,0,0,0,0,0,0,0,0,457302,147578703,44875373,0,0,0,0,0,0,0,0,0,0,0,0,0,0,0,0,0,0,0,0,0,0,0,0,0,0,0,0,0,0,0,0,0,0,0,0,0,2143338496,784482304,130819,47881,0,253,131072,147415228,0,0,1354430150,2147483648,113563115,145441788,0,0,0,0,0,0,0,0,0,0,0,0,0,0,0,0,0,0,8617137,8617206,0,97,97,6265,329,17234368,35,0,0,0,0,0,0,0,1,0,0,0,0,0,0,0,0,0,0,9692732,0,13981835,123740,0,0,0,0,0,0,0,0,16384,0,0,0,0,0,0,0,0,0,0,0,4720,341,0,0,0,0,0,26199932,0,8707,25,4632,339,4720,0,0,0,0,0,0,0,0,0,0,0,0,0,0,0,0,0,0,0,0,0,0,0,0,0,0,0,0,0,0,0,0,0,0,0,0,0,0,0,0,0,0,0,0,0,0,0,0,0,0,0,0,0,109583935,0,0,0,128742596,0,0,0,0,0,0,0,78772804,147486183,185163346,56917412352,45820577,0,0,0,0,0,0,0,0,0,0,0,0,0,0,0,0,0,0,0,0,0,0,0,0,0,0,0,0,0,0,0,12457895,0,0,0,0,0,0,0
1789580600.131,0,0,0,0,0,0,0,267976088,2414942821888,801917032448,0,0,0,0,0,0,0,0,0,0,0,0,0,0,0,0,0,0,0,0,0,0,0,0,0,0,0,0,0,0,0,0,0,0,0,0,0,0,0,0,0,0,0,0,0,0,0,0,0,0,0,0,0,0,0,0,0,0,457305,147583349,44876349,0,0,0,0,0,0,0,0,0,0,0,0,0,0,0,0,0,0,0,0,0,0,0,0,0,0,0,0,0,0,0,0,0,0,0,0,0,2142945280,785793024,130795,47961,0,277,131072,147419873,0,0,1354461474,2147483648,113567745,145445007,0,0,0,0,0,0,0,0,0,0,0,0,0,0,0,0,0,0,8617343,8617421,0,97,97,6265,329,17234775,35,0,0,0,0,0,0,0,1,0,0,0,0,0,0,0,0,0,0,9692969,0,13981835,123740,0,0,0,0,0,0,0,0,16384,0,0,0,0,0,0,0,0,0,0,0,4721,341,0,0,0,0,0,26200569,0,8707,25,4632,339,4721,0,0,0,0,0,0,0,0,0,0,0,0,0,0,0,0,0,0,0,0,0,0,0,0,0,0,0,0,0,0,0,0,0,0,0,0,0,0,0,0,0,0,0,0,0,0,0,0,0,0,0,0,0,109585079,0,0,0,128745465,0,0,0,0,0,0,0,78774548,147490835,185166440,56918056960,45821346,0,0,0,0,0,0,0,0,0,0,0,0,0,0,0,0,0,0,0,0,0,0,0,0,0,0,0,0,0,0,0,12458106,0,0,0,0,0,0,0
1789580601.157,0,0,0,0,0,0,0,267982190,2415020465664,801934389760,0,0,0,0,0,0,0,0,0,0,0,0,0,0,0,0,0,0,0,0,0,0,0,0,0,0,0,0,0,0,0,0,0,0,0,0,0,0,0,0,0,0,0,0,0,0,0,0,0,0,0,0,0,0,0,0,0,0,457311,147588096,44877352,0,0,0,0,0,0,0,0,0,0,0,0,0,0,0,0,0,0,0,0,0,0,0,0,0,0,0,0,0,0,0,0,0,0,0,0,0,2143010816,786251776,130799,47989,0,273,131072,147424620,0,0,1354493502,2147483648,113572448,145448087,0,0,0,0,0,0,0,0,0,0,0,0,0,0,0,0,0,0,8617527,8617609,0,97,97,6265,329,17235179,35,0,0,0,0,0,0,0,1,0,0,0,0,0,0,0,0,0,0,9693182,0,13981835,123740,0,0,0,0,0,0,0,0,16384,0,0,0,0,0,0,0,0,0,0,0,4722,341,0,0,0,0,0,26201141,0,8707,25,4632,339,4722,0,0,0,0,0,0,0,0,0,0,0,0,0,0,0,0,0,0,0,0,0,0,0,0,0,0,0,0,0,0,0,0,0,0,0,0,0,0,0,0,0,0,0,0,0,0,0,0,0,0,0,0,0,109586164,0,0,0,128748214,0,0,0,0,0,0,0,78776274,147495576,185169541,56918664704,45822065,0,0,0,0,0,0,0,0,0,0,0,0,0,0,0,0,0,0,0,0,0,0,0,0,0,0,0,0,0,0,0,12458295,0,0,0,0,0,0,0
1789580602.182,0,0,0,0,0,0,0,267988501,2415100599808,801953199104,0,0,0,0,0,0,0,0,0,0,0,0,0,0,0,0,0,0,0,0,0,0,0,0,0,0,0,0,0,0,0,0,0,0,0,0,0,0,0,0,0,0,0,0,0,0,0,0,0,0,0,0,0,0,0,0,0,0,457314,147593001,44878440,0,0,0,0,0,0,0,0,0,0,0,0,0,0,0,0,0,0,0,0,0,0,0,0,0,0,0,0,0,0,0,0,0,0,0,0,0,2142945280,787169280,130795,48045,0,277,131072,147429523,0,0,1354526692,2147483648,113577303,145451490,0,0,0,0,0,0,0,0,0,0,0,0,0,0,0,0,0,0,8617743,8617819,0,97,97,6265,329,17235615,35,0,0,0,0,0,0,0,1,0,0,0,0,0,0,0,0,0,0,9693418,0,13981835,123740,0,0,0,0,0,0,0,0,16384,0,0,0,0,0,0,0,0,0,0,0,4723,341,0,0,0,0,0,26201775,0,8707,25,4632,339,4723,0,0,0,0,0,0,0,0,0,0,0,0,0,0,0,0,0,0,0,0,0,0,0,0,0,0,0,0,0,0,0,0,0,0,0,0,0,0,0,0,0,0,0,0,0,0,0,0,0,0,0,0,0,109587344,0,0,0,128751278,0,0,0,0,0,0,0,78778151,147500475,185172905,56919330304,45822850,0,0,0,0,0,0,0,0,0,0,0,0,0,0,0,0,0,0,0,0,0,0,0,0,0,0,0,0,0,0,0,12458504,0,0,0,0,0,0,0
1789580603.208,0,0,0,0,0,0,0,267994241,2415174049280,801969801216,0,0,0,0,0,0,0,0,0,0,0,0,0,0,0,0,0,0,0,0,0,0,0,0,0,0,0,0,0,0,0,0,0,0,0,0,0,0,0,0,0,0,0,0,0,0,0,0,0,0,0,0,0,0,0,0,0,0,457322,147597490,44879397,0,0,0,0,0,0,0,0,0,0,0,0,0,0,0,0,0,0,0,0,0,0,0,0,0,0,0,0,0,0,0,0,0,0,0,0,0,2143322112,788611072,130818,48133,0,254,131072,147434010,0,0,1354556388,2147483648,113581736,145454651,0,0,0,0,0,0,0,0,0,0,0,0,0,0,0,0,0,0,8617946,8618023,0,97,97,6265,329,17236007,35,0,0,0,0,0,0,0,1,0,0,0,0,0,0,0,0,0,0,9693649,0,13981835,123740,0,0,0,0,0,0,0,0,16384,0,0,0,0,0,0,0,0,0,0,0,4724,341,0,0,0,0,0,26202405,0,8707,25,4632,339,4724,0,0,0,0,0,0,0,0,0,0,0,0,0,0,0,0,0,0,0,0,0,0,0,0,0,0,0,0,0,0,0,0,0,0,0,0,0,0,0,0,0,0,0,0,0,0,0,0,0,0,0,0,0,109588467,0,0,0,128754067,0,0,0,0,0,0,0,78779864,147504965,185175947,56919963136,45823603,0,0,0,0,0,0,0,0,0,0,0,0,0,0,0,0,0,0,0,0,0,0,0,0,0,0,0,0,0,0,0,12458710,0,0,0,0,0,0,0
1789580604.234,0,0,0,0,0,0,0,267999946,2415246843392,801985766400,0,0,0,0,0,0,0,0,0,0,0,0,0,0,0,0,0,0,0,0,0,0,0,0,0,0,0,0,0,0,0,0,0,0,0,0,0,0,0,0,0,0,0,0,0,0,0,0,0,0,0,0,0,0,0,0,0,0,457325,147601945,44880327,0,0,0,0,0,0,0,0,0,0,0,0,0,0,0,0,0,0,0,0,0,0,0,0,0,0,0,0,0,0,0,0,0,0,0,0,0,2143371264,788545536,130821,48129,0,251,131072,147438463,0,0,1354586174,2147483648,113586146,145457386,0,0,0,0,0,0,0,0,0,0,0,0,0,0,0,0,0,0,8618125,8618197,0,97,97,6265,329,17236348,35,0,0,0,0,0,0,0,1,0,0,0,0,0,0,0,0,0,0,9693842,0,13981835,123740,0,0,0,0,0,0,0,0,16384,0,0,0,0,0,0,0,0,0,0,0,4725,341,0,0,0,0,0,26202923,0,8707,25,4632,339,4725,0,0,0,0,0,0,0,0,0,0,0,0,0,0,0,0,0,0,0,0,0,0,0,0,0,0,0,0,0,0,0,0,0,0,0,0,0,0,0,0,0,0,0,0,0,0,0,0,0,0,0,0,0,109589505,0,0,0,128756537,0,0,0,0,0,0,0,78781489,147509415,185178838,56920534528,45824301,0,0,0,0,0,0,0,0,0,0,0,0,0,0,0,0,0,0,0,0,0,0,0,0,0,0,0,0,0,0,0,12458881,0,0,0,0,0,0,0
1789580605.260,0,0,0,0,0,0,0,268005850,2415321996800,802003205120,0,0,0,0,0,0,0,0,0,0,0,0,0,0,0,0,0,0,0,0,0,0,0,0,0,0,0,0,0,0,0,0,0,0,0,0,0,0,0,0,0,0,0,0,0,0,0,0,0,0,0,0,0,0,0,0,0,0,457329,147606532,44881334,0,0,0,0,0,0,0,0,0,0,0,0,0,0,0,0,0,0,0,0,0,0,0,0,0,0,0,0,0,0,0,0,0,0,0,0,0,2143158272,788578304,130808,48131,0,264,131072,147443043,0,0,1354617111,2147483648,113590691,145460392,0,0,0,0,0,0,0,0,0,0,0,0,0,0,0,0,0,0,8618307,8618380,0,97,97,6265,329,17236737,35,0,0,0,0,0,0,0,1,0,0,0,0,0,0,0,0,0,0,9694053,0,13981835,123740,0,0,0,0,0,0,0,0,16384,0,0,0,0,0,0,0,0,0,0,0,4726,341,0,0,0,0,0,26203499,0,8707,25,4632,339,4726,0,0,0,0,0,0,0,0,0,0,0,0,0,0,0,0,0,0,0,0,0,0,0,0,0,0,0,0,0,0,0,0,0,0,0,0,0,0,0,0,0,0,0,0,0,0,0,0,0,0,0,0,0,109590633,0,0,0,128759234,0,0,0,0,0,0,0,78783260,147514006,185181991,56921153024,45825059,0,0,0,0,0,0,0,0,0,0,0,0,0,0,0,0,0,0,0,0,0,0,0,0,0,0,0,0,0,0,0,12459069,0,0,0,0,0,0,0
1789580606.286,0,0,0,0,0,0,0,268011897,2415398084096,802021173760,0,0,0,0,0,0,0,0,0,0,0,0,0,0,0,0,0,0,0,0,0,0,0,0,0,0,0,0,0,0,0,0,0,0,0,0,0,0,0,0,0,0,0,0,0,0,0,0,0,0,0,0,0,0,0,0,0,0,457330,147611184,44882381,0,0,0,0,0,0,0,0,0,0,0,0,0,0,0,0,0,0,0,0,0,0,0,0,0,0,0,0,0,0,0,0,0,0,0,0,0,2143371264,790069248,130821,48222,0,251,131072,147447699,0,0,1354648797,2147483648,113595293,145463802,0,0,0,0,0,0,0,0,0,0,0,0,0,0,0,0,0,0,8618530,8618605,0,97,97,6265,329,17237162,35,0,0,0,0,0,0,0,1,0,0,0,0,0,0,0,0,0,0,9694305,0,13981835,123740,0,0,0,0,0,0,0,0,16384,0,0,0,0,0,0,0,0,0,0,0,4727,341,0,0,0,0,0,26204180,0,8707,25,4632,339,4727,0,0,0,0,0,0,0,0,0,0,0,0,0,0,0,0,0,0,0,0,0,0,0,0,0,0,0,0,0,0,0,0,0,0,0,0,0,0,0,0,0,0,0,0,0,0,0,0,0,0,0,0,0,109591840,0,0,0,128762293,0,0,0,0,0,0,0,78785096,147518654,185185280,56921825280,45825855,0,0,0,0,0,0,0,0,0,0,0,0,0,0,0,0,0,0,0,0,0,0,0,0,0,0,0,0,0,0,0,12459293,0,0,0,0,0,0,0
1789580607.312,0,0,0,0,0,0,0,268017634,2415471042048,802037233152,0,0,0,0,0,0,0,0,0,0,0,0,0,0,0,0,0,0,0,0,0,0,0,0,0,0,0,0,0,0,0,0,0,0,0,0,0,0,0,0,0,0,0,0,0,0,0,0,0,0,0,0,0,0,0,0,0,0,457331,147615635,44883311,0,0,0,0,0,0,0,0,0,0,0,0,0,0,0,0,0,0,0,0,0,0,0,0,0,0,0,0,0,0,0,0,0,0,0,0,0,2143240192,790593536,130813,48254,0,259,131072,147452146,0,0,1354678254,2147483648,113599723,145466690,0,0,0,0,0,0,0,0,0,0,0,0,0,0,0,0,0,0,8618716,8618789,0,97,97,6265,329,17237534,35,0,0,0,0,0,0,0,1,0,0,0,0,0,0,0,0,0,0,9694510,0,13981835,123740,0,0,0,0,0,0,0,0,16384,0,0,0,0,0,0,0,0,0,0,0,4728,341,0,0,0,0,0,26204732,0,8707,25,4632,339,4728,0,0,0,0,0,0,0,0,0,0,0,0,0,0,0,0,0,0,0,0,0,0,0,0,0,0,0,0,0,0,0,0,0,0,0,0,0,0,0,0,0,0,0,0,0,0,0,0,0,0,0,0,0,109592888,0,0,0,128764912,0,0,0,0,0,0,0,78786746,147523110,185188190,56922415104,45826574,0,0,0,0,0,0,0,0,0,0,0,0,0,0,0,0,0,0,0,0,0,0,0,0,0,0,0,0,0,0,0,12459475,0,0,0,0,0,0,0
1789580608.338,0,0,0,0,0,0,0,268023530,2415545245184,802053690880,0,0,0,0,0,0,0,0,0,0,0,0,0,0,0,0,0,0,0,0,0,0,0,0,0,0,0,0,0,0,0,0,0,0,0,0,0,0,0,0,0,0,0,0,0,0,0,0,0,0,0,0,0,0,0,0,0,0,457334,147620174,44884261,0,0,0,0,0,0,0,0,0,0,0,0,0,0,0,0,0,0,0,0,0,0,0,0,0,0,0,0,0,0,0,0,0,0,0,0,0,2142879744,791429120,130791,48305,0,281,131072,147456684,0,0,1354709242,2147483648,113604235,145469643,0,0,0,0,0,0,0,0,0,0,0,0,0,0,0,0,0,0,8618892,8618977,0,97,97,6265,329,17237924,35,0,0,0,0,0,0,0,1,0,0,0,0,0,0,0,0,0,0,9694721,0,13981835,123740,0,0,0,0,0,0,0,0,16384,0,0,0,0,0,0,0,0,0,0,0,4729,341,0,0,0,0,0,26205300,0,8707,25,4632,339,4729,0,0,0,0,0,0,0,0,0,0,0,0,0,0,0,0,0,0,0,0,0,0,0,0,0,0,0,0,0,0,0,0,0,0,0,0,0,0,0,0,0,0,0,0,0,0,0,0,0,0,0,0,0,109593954,0,0,0,128767577,0,0,0,0,0,0,0,78788431,147527645,185191167,56923005952,45827304,0,0,0,0,0,0,0,0,0,0,0,0,0,0,0,0,0,0,0,0,0,0,0,0,0,0,0,0,0,0,0,12459663,0,0,0,0,0,0,0
1789580609.364,0,0,0,0,0,0,0,268029373,2415620005376,802071144448,0,0,0,0,0,0,0,0,0,0,0,0,0,0,0,0,0,0,0,0,0,0,0,0,0,0,0,0,0,0,0,0,0,0,0,0,0,0,0,0,0,0,0,0,0,0,0,0,0,0,0,0,0,0,0,0,0,0,457338,147624739,44885280,0,0,0,0,0,0,0,0,0,0,0,0,0,0,0,0,0,0,0,0,0,0,0,0,0,0,0,0,0,0,0,0,0,0,0,0,0,2143338496,792608768,130819,48377,0,253,131072,147461243,0,0,1354739938,2147483648,113608733,145472912,0,0,0,0,0,0,0,0,0,0,0,0,0,0,0,0,0,0,8619102,8619183,0,97,97,6265,329,17238331,35,0,0,0,0,0,0,0,1,0,0,0,0,0,0,0,0,0,0,9694952,0,13981835,123740,0,0,0,0,0,0,0,0,16384,0,0,0,0,0,0,0,0,0,0,0,4730,341,0,0,0,0,0,26205922,0,8707,25,4632,339,4730,0,0,0,0,0,0,0,0,0,0,0,0,0,0,0,0,0,0,0,0,0,0,0,0,0,0,0,0,0,0,0,0,0,0,0,0,0,0,0,0,0,0,0,0,0,0,0,0,0,0,0,0,0,109595090,0,0,0,128770500,0,0,0,0,0,0,0,78790214,147532208,185194323,56923651072,45828075,0,0,0,0,0,0,0,0,0,0,0,0,0,0,0,0,0,0,0,0,0,0,0,0,0,0,0,0,0,0,0,12459867,0,0,0,0,0,0,0
1789580610.390,0,0,0,0,0,0,0,268035046,2415692242432,802087661568,0,0,0,0,0,0,0,0,0,0,0,0,0,0,0,0,0,0,0,0,0,0,0,0,0,0,0,0,0,0,0,0,0,0,0,0,0,0,0,0,0,0,0,0,0,0,0,0,0,0,0,0,0,0,0,0,0,0,457344,147629158,44886239,0,0,0,0,0,0,0,0,0,0,0,0,0,0,0,0,0,0,0,0,0,0,0,0,0,0,0,0,0,0,0,0,0,0,0,0,0,2142863360,792707072,130790,48383,0,282,131072,147465660,0,0,1354769370,2147483648,113613144,145475867,0,0,0,0,0,0,0,0,0,0,0,0,0,0,0,0,0,0,8619291,8619371,0,97,97,6265,329,17238697,35,0,0,0,0,0,0,0,1,0,0,0,0,0,0,0,0,0,0,9695163,0,13981835,123740,0,0,0,0,0,0,0,0,16384,0,0,0,0,0,0,0,0,0,0,0,4731,341,0,0,0,0,0,26206501,0,8707,25,4632,339,4731,0,0,0,0,0,0,0,0,0,0,0,0,0,0,0,0,0,0,0,0,0,0,0,0,0,0,0,0,0,0,0,0,0,0,0,0,0,0,0,0,0,0,0,0,0,0,0,0,0,0,0,0,0,109596183,0,0,0,128773118,0,0,0,0,0,0,0,78791920,147536621,185197330,56924260352,45828825,0,0,0,0,0,0,0,0,0,0,0,0,0,0,0,0,0,0,0,0,0,0,0,0,0,0,0,0,0,0,0,12460056,0,0,0,0,0,0,0
1789580611.416,0,0,0,0,0,0,0,268040862,2415766068736,802105575424,0,0,0,0,0,0,0,0,0,0,0,0,0,0,0,0,0,0,0,0,0,0,0,0,0,0,0,0,0,0,0,0,0,0,0,0,0,0,0,0,0,0,0,0,0,0,0,0,0,0,0,0,0,0,0,0,0,0,457348,147633671,44887238,0,0,0,0,0,0,0,0,0,0,0,0,0,0,0,0,0,0,0,0,0,0,0,0,0,0,0,0,0,0,0,0,0,0,0,0,0,2142896128,791773184,130792,48326,0,280,131072,147470171,0,0,1354799683,2147483648,113617536,145478709,0,0,0,0,0,0,0,0,0,0,0,0,0,0,0,0,0,0,8619479,8619558,0,97,97,6265,329,17239056,35,0,0,0,0,0,0,0,1,0,0,0,0,0,0,0,0,0,0,9695369,0,13981835,123741,0,0,0,0,0,0,0,0,16384,0,0,0,0,0,0,0,0,0,0,0,4732,341,0,0,0,0,0,26207058,0,8707,25,4632,339,4732,0,0,0,0,0,0,0,0,0,0,0,0,0,0,0,0,0,0,0,0,0,0,0,0,0,0,0,0,0,0,0,0,0,0,0,0,0,0,0,0,0,0,0,0,0,0,0,0,0,0,0,0,0,109597255,0,0,0,128775673,0,0,0,0,0,0,0,78793555,147541130,185200363,56924849152,45829544,0,0,0,0,0,0,0,0,0,0,0,0,0,0,0,0,0,0,0,0,0,0,0,0,0,0,0,0,0,0,0,12460239,0,0,0,0,0,0,0
1789580612.442,0,0,0,0,0,0,0,268048013,2415855771136,802126007296,0,0,0,0,0,0,0,0,0,0,0,0,0,0,0,0,0,0,0,0,0,0,0,0,0,0,0,0,0,0,0,0,0,0,0,0,0,0,0,0,0,0,0,0,0,0,0,0,0,0,0,0,0,0,0,0,0,0,457353,147639157,44888456,0,0,0,0,0,0,0,0,0,0,0,0,0,0,0,0,0,0,0,0,0,0,0,0,0,0,0,0,0,0,0,0,0,0,0,0,0,2143502336,793526272,130829,48433,0,243,131072,147475651,0,0,1354837314,2147483648,113622874,145482609,0,0,0,0,0,0,0,0,0,0,0,0,0,0,0,0,0,0,8619717,8619791,0,97,97,6265,329,17239569,35,0,0,0,0,0,0,0,1,0,0,0,0,0,0,0,0,0,0,9695638,0,13981963,123741,0,0,0,0,0,0,0,0,16384,0,0,0,0,0,0,0,0,0,0,0,4733,341,0,0,0,0,0,26207783,0,8707,25,4632,339,4733,0,0,0,0,0,0,0,0,0,0,0,0,0,0,0,0,0,0,0,0,0,0,0,0,0,0,0,0,0,0,0,0,0,0,0,0,0,0,0,0,0,0,0,0,0,0,0,0,0,0,0,0,0,109598544,0,0,0,128779187,0,0,0,0,0,0,0,78795599,147546616,185204019,56925586944,45830405,0,0,0,0,0,0,0,0,0,0,0,0,0,0,0,0,0,0,0,0,0,0,0,0,0,0,0,0,0,0,0,12460477,0,0,0,0,0,0,0
1789580613.467,0,0,0,0,0,0,0,268054889,2415943654912,802146780160,0,0,0,0,0,0,0,0,0,0,0,0,0,0,0,0,0,0,0,0,0,0,0,0,0,0,0,0,0,0,0,0,0,0,0,0,0,0,0,0,0,0,0,0,0,0,0,0,0,0,0,0,0,0,0,0,0,0,457358,147644533,44889655,0,0,0,0,0,0,0,0,0,0,0,0,0,0,0,0,0,0,0,0,0,0,0,0,0,0,0,0,0,0,0,0,0,0,0,0,0,2143010816,793460736,130799,48429,0,273,131072,147481023,0,0,1354872860,2147483648,113628218,145486277,0,0,0,0,0,0,0,0,0,0,0,0,0,0,0,0,0,0,8619954,8620037,0,97,97,6265,329,17240014,35,0,0,0,0,0,0,0,1,0,0,0,0,0,0,0,0,0,0,9695914,0,13981963,123741,0,0,0,0,0,0,0,0,16384,0,0,0,0,0,0,0,0,0,0,0,4734,341,0,0,0,0,0,26208532,0,8707,25,4632,339,4734,0,0,0,0,0,0,0,0,0,0,0,0,0,0,0,0,0,0,0,0,0,0,0,0,0,0,0,0,0,0,0,0,0,0,0,0,0,0,0,0,0,0,0,0,0,0,0,0,0,0,0,0,0,109599774,0,0,0,128782440,0,0,0,0,0,0,0,78797615,147551989,185207665,56926289920,45831214,0,0,0,0,0,0,0,0,0,0,0,0,0,0,0,0,0,0,0,0,0,0,0,0,0,0,0,0,0,0,0,12460724,0,0,0,0,0,0,0
1789580614.494,0,0,0,0,0,0,0,268061912,2416033078784,802165903872,0,0,0,0,0,0,0,0,0,0,0,0,0,0,0,0,0,0,0,0,0,0,0,0,0,0,0,0,0,0,0,0,0,0,0,0,0,0,0,0,0,0,0,0,0,0,0,0,0,0,0,0,0,0,0,0,0,0,457362,147649996,44890778,0,0,0,0,0,0,0,0,0,0,0,0,0,0,0,0,0,0,0,0,0,0,0,0,0,0,0,0,0,0,0,0,0,0,0,0,0,2143322112,794066944,130818,48466,0,254,131072,147486484,0,0,1354909929,2147483648,113633603,145489665,0,0,0,0,0,0,0,0,0,0,0,0,0,0,0,0,0,0,8620168,8620246,0,97,97,6265,329,17240456,35,0,0,0,0,0,0,0,1,0,0,0,0,0,0,0,0,0,0,9696150,0,13981963,123741,0,0,0,0,0,0,0,0,16384,0,0,0,0,0,0,0,0,0,0,0,4735,341,0,0,0,0,0,26209171,0,8707,25,4632,339,4735,0,0,0,0,0,0,0,0,0,0,0,0,0,0,0,0,0,0,0,0,0,0,0,0,0,0,0,0,0,0,0,0,0,0,0,0,0,0,0,0,0,0,0,0,0,0,0,0,0,0,0,0,0,109600953,0,0,0,128785510,0,0,0,0,0,0,0,78799506,147557449,185211065,56926956544,45831995,0,0,0,0,0,0,0,0,0,0,0,0,0,0,0,0,0,0,0,0,0,0,0,0,0,0,0,0,0,0,0,12460933,0,0,0,0,0,0,0
1789580615.520,0,0,0,0,0,0,0,268068937,2416121978368,802186593792,0,0,0,0,0,0,0,0,0,0,0,0,0,0,0,0,0,0,0,0,0,0,0,0,0,0,0,0,0,0,0,0,0,0,0,0,0,0,0,0,0,0,0,0,0,0,0,0,0,0,0,0,0,0,0,0,0,0,457368,147655434,44891967,0,0,0,0,0,0,0,0,0,0,0,0,0,0,0,0,0,0,0,0,0,0,0,0,0,0,0,0,0,0,0,0,0,0,0,0,0,2143518720,795901952,130830,48578,0,242,131072,147491917,0,0,1354946490,2147483648,113638973,145493615,0,0,0,0,0,0,0,0,0,0,0,0,0,0,0,0,0,0,8620419,8620492,0,97,97,6265,329,17240959,35,0,0,0,0,0,0,0,1,0,0,0,0,0,0,0,0,0,0,9696427,0,13981963,123741,0,0,0,0,0,0,0,0,16384,0,0,0,0,0,0,0,0,0,0,0,4736,341,0,0,0,0,0,26209917,0,8707,25,4632,339,4736,0,0,0,0,0,0,0,0,0,0,0,0,0,0,0,0,0,0,0,0,0,0,0,0,0,0,0,0,0,0,0,0,0,0,0,0,0,0,0,0,0,0,0,0,0,0,0,0,0,0,0,0,0,109602234,0,0,0,128789040,0,0,0,0,0,0,0,78801555,147562883,185214746,56927693824,45832846,0,0,0,0,0,0,0,0,0,0,0,0,0,0,0,0,0,0,0,0,0,0,0,0,0,0,0,0,0,0,0,12461179,0,0,0,0,0,0,0
1789580616.546,0,0,0,0,0,0,0,268075746,2416209075712,802207025664,0,0,0,0,0,0,0,0,0,0,0,0,0,0,0,0,0,0,0,0,0,0,0,0,0,0,0,0,0,0,0,0,0,0,0,0,0,0,0,0,0,0,0,0,0,0,0,0,0,0,0,0,0,0,0,0,0,0,457373,147660756,44893163,0,0,0,0,0,0,0,0,0,0,0,0,0,0,0,0,0,0,0,0,0,0,0,0,0,0,0,0,0,0,0,0,0,0,0,0,0,2143633408,794951680,130838,48520,0,234,131072,147497233,0,0,1354982057,2147483648,113644236,145497043,0,0,0,0,0,0,0,0,0,0,0,0,0,0,0,0,0,0,8620639,8620719,0,97,97,6265,329,17241389,35,0,0,0,0,0,0,0,1,0,0,0,0,0,0,0,0,0,0,9696679,0,13981963,123741,0,0,0,0,0,0,0,0,16384,0,0,0,0,0,0,0,0,0,0,0,4737,341,0,0,0,0,0,26210598,0,8707,25,4632,339,4737,0,0,0,0,0,0,0,0,0,0,0,0,0,0,0,0,0,0,0,0,0,0,0,0,0,0,0,0,0,0,0,0,0,0,0,0,0,0,0,0,0,0,0,0,0,0,0,0,0,0,0,0,0,109603421,0,0,0,128792102,0,0,0,0,0,0,0,78803523,147568208,185218315,56928365568,45833625,0,0,0,0,0,0,0,0,0,0,0,0,0,0,0,0,0,0,0,0,0,0,0,0,0,0,0,0,0,0,0,12461403,0,0,0,0,0,0,0
1789580617.572,0,0,0,0,0,0,0,268082496,2416294927872,802225809920,0,0,0,0,0,0,0,0,0,0,0,0,0,0,0,0,0,0,0,0,0,0,0,0,0,0,0,0,0,0,0,0,0,0,0,0,0,0,0,0,0,0,0,0,0,0,0,0,0,0,0,0,0,0,0,0,0,0,457383,147666004,44894257,0,0,0,0,0,0,0,0,0,0,0,0,0,0,0,0,0,0,0,0,0,0,0,0,0,0,0,0,0,0,0,0,0,0,0,0,0,2143387648,796704768,130822,48627,0,250,131072,147502474,0,0,1355017464,2147483648,113649448,145500669,0,0,0,0,0,0,0,0,0,0,0,0,0,0,0,0,0,0,8620864,8620940,0,97,97,6265,329,17241854,35,0,0,0,0,0,0,0,1,0,0,0,0,0,0,0,0,0,0,9696929,0,13981963,123741,0,0,0,0,0,0,0,0,16384,0,0,0,0,0,0,0,0,0,0,0,4738,341,0,0,0,0,0,26211272,0,8707,25,4632,339,4738,0,0,0,0,0,0,0,0,0,0,0,0,0,0,0,0,0,0,0,0,0,0,0,0,0,0,0,0,0,0,0,0,0,0,0,0,0,0,0,0,0,0,0,0,0,0,0,0,0,0,0,0,0,109604617,0,0,0,128795331,0,0,0,0,0,0,0,78805404,147573452,185221682,56929053184,45834419,0,0,0,0,0,0,0,0,0,0,0,0,0,0,0,0,0,0,0,0,0,0,0,0,0,0,0,0,0,0,0,12461625,0,0,0,0,0,0,0
1789580618.598,0,0,0,0,0,0,0,268088968,2416377929216,802246118400,0,0,0,0,0,0,0,0,0,0,0,0,0,0,0,0,0,0,0,0,0,0,0,0,0,0,0,0,0,0,0,0,0,0,0,0,0,0,0,0,0,0,0,0,0,0,0,0,0,0,0,0,0,0,0,0,0,0,457388,147671070,44895456,0,0,0,0,0,0,0,0,0,0,0,0,0,0,0,0,0,0,0,0,0,0,0,0,0,0,0,0,0,0,0,0,0,0,0,0,0,2143223808,795394048,130812,48547,0,260,131072,147507538,0,0,1355051079,2147483648,113654476,145504016,0,0,0,0,0,0,0,0,0,0,0,0,0,0,0,0,0,0,8621075,8621156,0,97,97,6265,329,17242263,35,0,0,0,0,0,0,0,1,0,0,0,0,0,0,0,0,0,0,9697174,0,13981963,123741,0,0,0,0,0,0,0,0,16384,0,0,0,0,0,0,0,0,0,0,0,4739,341,0,0,0,0,0,26211941,0,8707,25,4632,339,4739,0,0,0,0,0,0,0,0,0,0,0,0,0,0,0,0,0,0,0,0,0,0,0,0,0,0,0,0,0,0,0,0,0,0,0,0,0,0,0,0,0,0,0,0,0,0,0,0,0,0,0,0,0,109605785,0,0,0,128798311,0,0,0,0,0,0,0,78807359,147578517,185225217,56929707520,45835189,0,0,0,0,0,0,0,0,0,0,0,0,0,0,0,0,0,0,0,0,0,0,0,0,0,0,0,0,0,0,0,12461844,0,0,0,0,0,0,0
1789580619.624,0,0,0,0,0,0,0,268096059,2416466992640,802266204672,0,0,0,0,0,0,0,0,0,0,0,0,0,0,0,0,0,0,0,0,0,0,0,0,0,0,0,0,0,0,0,0,0,0,0,0,0,0,0,0,0,0,0,0,0,0,0,0,0,0,0,0,0,0,0,0,0,0,457394,147676518,44896604,0,0,0,0,0,0,0,0,0,0,0,0,0,0,0,0,0,0,0,0,0,0,0,0,0,0,0,0,0,0,0,0,0,0,0,0,0,2143305728,796393472,130817,48608,0,255,131072,147512980,0,0,1355088087,2147483648,113659859,145507715,0,0,0,0,0,0,0,0,0,0,0,0,0,0,0,0,0,0,8621321,8621399,0,97,97,6265,329,17242718,35,0,0,0,0,0,0,0,1,0,0,0,0,0,0,0,0,0,0,9697440,0,13981963,123741,0,0,0,0,0,0,0,0,16384,0,0,0,0,0,0,0,0,0,0,0,4740,341,0,0,0,0,0,26212662,0,8707,25,4632,339,4740,0,0,0,0,0,0,0,0,0,0,0,0,0,0,0,0,0,0,0,0,0,0,0,0,0,0,0,0,0,0,0,0,0,0,0,0,0,0,0,0,0,0,0,0,0,0,0,0,0,0,0,0,0,109607026,0,0,0,128801624,0,0,0,0,0,0,0,78809352,147583960,185228785,56930418688,45836017,0,0,0,0,0,0,0,0,0,0,0,0,0,0,0,0,0,0,0,0,0,0,0,0,0,0,0,0,0,0,0,12462080,0,0,0,0,0,0,0
1789580620.651,0,0,0,0,0,0,0,268102746,2416551517696,802284715520,0,0,0,0,0,0,0,0,0,0,0,0,0,0,0,0,0,0,0,0,0,0,0,0,0,0,0,0,0,0,0,0,0,0,0,0,0,0,0,0,0,0,0,0,0,0,0,0,0,0,0,0,0,0,0,0,0,0,457400,147681683,44897687,0,0,0,0,0,0,0,0,0,0,0,0,0,0,0,0,0,0,0,0,0,0,0,0,0,0,0,0,0,0,0,0,0,0,0,0,0,2143092736,797392896,130804,48669,0,268,131072,147518139,0,0,1355123085,2147483648,113664990,145511131,0,0,0,0,0,0,0,0,0,0,0,0,0,0,0,0,0,0,8621528,8621603,0,97,97,6265,329,17243173,35,0,0,0,0,0,0,0,1,0,0,0,0,0,0,0,0,0,0,9697679,0,13981963,123741,0,0,0,0,0,0,0,0,16384,0,0,0,0,0,0,0,0,0,0,0,4741,341,0,0,0,0,0,26213305,0,8707,25,4632,339,4741,0,0,0,0,0,0,0,0,0,0,0,0,0,0,0,0,0,0,0,0,0,0,0,0,0,0,0,0,0,0,0,0,0,0,0,0,0,0,0,0,0,0,0,0,0,0,0,0,0,0,0,0,0,109608205,0,0,0,128804688,0,0,0,0,0,0,0,78811200,147589125,185232112,56931084800,45836791,0,0,0,0,0,0,0,0,0,0,0,0,0,0,0,0,0,0,0,0,0,0,0,0,0,0,0,0,0,0,0,12462292,0,0,0,0,0,0,0
1789580621.677,0,0,0,0,0,0,0,268109572,2416637599232,802305798656,0,0,0,0,0,0,0,0,0,0,0,0,0,0,0,0,0,0,0,0,0,0,0,0,0,0,0,0,0,0,0,0,0,0,0,0,0,0,0,0,0,0,0,0,0,0,0,0,0,0,0,0,0,0,0,0,0,0,457407,147686944,44898903,0,0,0,0,0,0,0,0,0,0,0,0,0,0,0,0,0,0,0,0,0,0,0,0,0,0,0,0,0,0,0,0,0,0,0,0,0,2143076352,797556736,130803,48679,0,269,131072,147523397,0,0,1355158817,2147483648,113670202,145514859,0,0,0,0,0,0,0,0,0,0,0,0,0,0,0,0,0,0,8621769,8621838,0,97,97,6265,329,17243633,35,0,0,0,0,0,0,0,1,0,0,0,0,0,0,0,0,0,0,9697942,0,13981963,123741,0,0,0,0,0,0,0,0,16384,0,0,0,0,0,0,0,0,0,0,0,4742,341,0,0,0,0,0,26214018,0,8707,25,4632,339,4742,0,0,0,0,0,0,0,0,0,0,0,0,0,0,0,0,0,0,0,0,0,0,0,0,0,0,0,0,0,0,0,0,0,0,0,0,0,0,0,0,0,0,0,0,0,0,0,0,0,0,0,0,0,109609409,0,0,0,128808014,0,0,0,0,0,0,0,78813229,147594388,185235771,56931780096,45837592,0,0,0,0,0,0,0,0,0,0,0,0,0,0,0,0,0,0,0,0,0,0,0,0,0,0,0,0,0,0,0,12462526,0,0,0,0,0,0,0
1789580622.702,0,0,0,0,0,0,0,268116433,2416726547968,802325499904,0,0,0,0,0,0,0,0,0,0,0,0,0,0,0,0,0,0,0,0,0,0,0,0,0,0,0,0,0,0,0,0,0,0,0,0,0,0,0,0,0,0,0,0,0,0,0,0,0,0,0,0,0,0,0,0,0,0,457410,147692383,44900066,0,0,0,0,0,0,0,0,0,0,0,0,0,0,0,0,0,0,0,0,0,0,0,0,0,0,0,0,0,0,0,0,0,0,0,0,0,2143174656,798015488,130809,48707,0,263,131072,147528833,0,0,1355194623,2147483648,113675583,145518371,0,0,0,0,0,0,0,0,0,0,0,0,0,0,0,0,0,0,8621993,8622069,0,97,97,6265,329,17244084,35,0,0,0,0,0,0,0,1,0,0,0,0,0,0,0,0,0,0,9698197,0,13981963,123741,0,0,0,0,0,0,0,0,16384,0,0,0,0,0,0,0,0,0,0,0,4743,341,0,0,0,0,0,26214711,0,8707,25,4632,339,4743,0,0,0,0,0,0,0,0,0,0,0,0,0,0,0,0,0,0,0,0,0,0,0,0,0,0,0,0,0,0,0,0,0,0,0,0,0,0,0,0,0,0,0,0,0,0,0,0,0,0,0,0,0,109610605,0,0,0,128811173,0,0,0,0,0,0,0,78815160,147599827,185239257,56932458496,45838378,0,0,0,0,0,0,0,0,0,0,0,0,0,0,0,0,0,0,0,0,0,0,0,0,0,0,0,0,0,0,0,12462753,0,0,0,0,0,0,0
1789580623.728,0,0,0,0,0,0,0,268123132,2416812301824,802344473088,0,0,0,0,0,0,0,0,0,0,0,0,0,0,0,0,0,0,0,0,0,0,0,0,0,0,0,0,0,0,0,0,0,0,0,0,0,0,0,0,0,0,0,0,0,0,0,0,0,0,0,0,0,0,0,0,0,0,457418,147697626,44901146,0,0,0,0,0,0,0,0,0,0,0,0,0,0,0,0,0,0,0,0,0,0,0,0,0,0,0,0,0,0,0,0,0,0,0,0,0,2143256576,799424512,130814,48793,0,258,131072,147534074,0,0,1355230022,2147483648,113680768,145521875,0,0,0,0,0,0,0,0,0,0,0,0,0,0,0,0,0,0,8622209,8622283,0,97,97,6265,329,17244538,35,0,0,0,0,0,0,0,1,0,0,0,0,0,0,0,0,0,0,9698436,0,13981963,123741,0,0,0,0,0,0,0,0,16384,0,0,0,0,0,0,0,0,0,0,0,4744,341,0,0,0,0,0,26215354,0,8707,25,4632,339,4744,0,0,0,0,0,0,0,0,0,0,0,0,0,0,0,0,0,0,0,0,0,0,0,0,0,0,0,0,0,0,0,0,0,0,0,0,0,0,0,0,0,0,0,0,0,0,0,0,0,0,0,0,0,109611766,0,0,0,128814307,0,0,0,0,0,0,0,78817029,147605064,185242618,56933123072,45839147,0,0,0,0,0,0,0,0,0,0,0,0,0,0,0,0,0,0,0,0,0,0,0,0,0,0,0,0,0,0,0,12462964,0,0,0,0,0,0,0
1789580624.755,0,0,0,0,0,0,0,268130053,2416901152256,802366059008,0,0,0,0,0,0,0,0,0,0,0,0,0,0,0,0,0,0,0,0,0,0,0,0,0,0,0,0,0,0,0,0,0,0,0,0,0,0,0,0,0,0,0,0,0,0,0,0,0,0,0,0,0,0,0,0,0,0,457425,147703057,44902401,0,0,0,0,0,0,0,0,0,0,0,0,0,0,0,0,0,0,0,0,0,0,0,0,0,0,0,0,0,0,0,0,0,0,0,0,0,2143305728,798588928,130817,48742,0,255,131072,147539503,0,0,1355266313,2147483648,113686127,145525478,0,0,0,0,0,0,0,0,0,0,0,0,0,0,0,0,0,0,8622443,8622523,0,97,97,6265,329,17244976,35,0,0,0,0,0,0,0,1,0,0,0,0,0,0,0,0,0,0,9698696,0,13981963,123741,0,0,0,0,0,0,0,0,16384,0,0,0,0,0,0,0,0,0,0,0,4745,341,0,0,0,0,0,26216057,0,8707,25,4632,339,4745,0,0,0,0,0,0,0,0,0,0,0,0,0,0,0,0,0,0,0,0,0,0,0,0,0,0,0,0,0,0,0,0,0,0,0,0,0,0,0,0,0,0,0,0,0,0,0,0,0,0,0,0,0,109612964,0,0,0,128817526,0,0,0,0,0,0,0,78819089,147610494,185246335,56933809664,45839948,0,0,0,0,0,0,0,0,0,0,0,0,0,0,0,0,0,0,0,0,0,0,0,0,0,0,0,0,0,0,0,12463197,0,0,0,0,0,0,0
1789580625.781,0,0,0,0,0,0,0,268137236,2416992230912,802385866752,0,0,0,0,0,0,0,0,0,0,0,0,0,0,0,0,0,0,0,0,0,0,0,0,0,0,0,0,0,0,0,0,0,0,0,0,0,0,0,0,0,0,0,0,0,0,0,0,0,0,0,0,0,0,0,0,0,0,457433,147708623,44903583,0,0,0,0,0,0,0,0,0,0,0,0,0,0,0,0,0,0,0,0,0,0,0,0,0,0,0,0,0,0,0,0,0,0,0,0,0,2143354880,798031872,130820,48708,0,253,131072,147545066,0,0,1355303970,2147483648,113691618,145528932,0,0,0,0,0,0,0,0,0,0,0,0,0,0,0,0,0,0,8622661,8622738,0,97,97,6265,329,17245422,35,0,0,0,0,0,0,0,1,0,0,0,0,0,0,0,0,0,0,9698936,0,13981963,123741,0,0,0,0,0,0,0,0,16384,0,0,0,0,0,0,0,0,0,0,0,4746,341,0,0,0,0,0,26216697,0,8707,25,4632,339,4746,0,0,0,0,0,0,0,0,0,0,0,0,0,0,0,0,0,0,0,0,0,0,0,0,0,0,0,0,0,0,0,0,0,0,0,0,0,0,0,0,0,0,0,0,0,0,0,0,0,0,0,0,0,109614164,0,0,0,128820626,0,0,0,0,0,0,0,78821041,147616070,185249837,56934481920,45840749,0,0,0,0,0,0,0,0,0,0,0,0,0,0,0,0,0,0,0,0,0,0,0,0,0,0,0,0,0,0,0,12463409,0,0,0,0,0,0,0
1789580626.808,0,0,0,0,0,0,0,268144858,2417090141696,802408663552,0,0,0,0,0,0,0,0,0,0,0,0,0,0,0,0,0,0,0,0,0,0,0,0,0,0,0,0,0,0,0,0,0,0,0,0,0,0,0,0,0,0,0,0,0,0,0,0,0,0,0,0,0,0,0,0,0,0,457442,147714605,44904909,0,0,0,0,0,0,0,0,0,0,0,0,0,0,0,0,0,0,0,0,0,0,0,0,0,0,0,0,0,0,0,0,0,0,0,0,0,2143518720,799342592,130830,48788,0,242,131072,147551045,0,0,1355344057,2147483648,113697549,145533109,0,0,0,0,0,0,0,0,0,0,0,0,0,0,0,0,0,0,8622931,8623009,0,97,97,6265,329,17245951,35,0,0,0,0,0,0,0,1,0,0,0,0,0,0,0,0,0,0,9699225,0,13981963,123741,0,0,0,0,0,0,0,0,16384,0,0,0,0,0,0,0,0,0,0,0,4747,341,0,0,0,0,0,26217473,0,8707,25,4632,339,4747,0,0,0,0,0,0,0,0,0,0,0,0,0,0,0,0,0,0,0,0,0,0,0,0,0,0,0,0,0,0,0,0,0,0,0,0,0,0,0,0,0,0,0,0,0,0,0,0,0,0,0,0,0,109615498,0,0,0,128824361,0,0,0,0,0,0,0,78823241,147622044,185253822,56935254528,45841623,0,0,0,0,0,0,0,0,0,0,0,0,0,0,0,0,0,0,0,0,0,0,0,0,0,0,0,0,0,0,0,12463665,0,0,0,0,0,0,0
1789580627.834,0,0,0,0,0,0,0,268153230,2417196195328,802432690176,0,0,0,0,0,0,0,0,0,0,0,0,0,0,0,0,0,0,0,0,0,0,0,0,0,0,0,0,0,0,0,0,0,0,0,0,0,0,0,0,0,0,0,0,0,0,0,0,0,0,0,0,0,0,0,0,0,0,457454,147721096,44906309,0,0,0,0,0,0,0,0,0,0,0,0,0,0,0,0,0,0,0,0,0,0,0,0,0,0,0,0,0,0,0,0,0,0,0,0,0,2143846400,799014912,130850,48768,0,222,131072,147557534,0,0,1355388161,2147483648,113703944,145537222,0,0,0,0,0,0,0,0,0,0,0,0,0,0,0,0,0,0,8623197,8623277,0,97,97,6265,329,17246467,35,0,0,0,0,0,0,0,1,0,0,0,0,0,0,0,0,0,0,9699511,0,13981963,123741,0,0,0,0,0,0,0,0,16384,0,0,0,0,0,0,0,0,0,0,0,4748,341,0,0,0,0,0,26218241,0,8707,25,4632,339,4748,0,0,0,0,0,0,0,0,0,0,0,0,0,0,0,0,0,0,0,0,0,0,0,0,0,0,0,0,0,0,0,0,0,0,0,0,0,0,0,0,0,0,0,0,0,0,0,0,0,0,0,0,0,109616852,0,0,0,128828050,0,0,0,0,0,0,0,78825516,147628531,185257975,56936030720,45842497,0,0,0,0,0,0,0,0,0,0,0,0,0,0,0,0,0,0,0,0,0,0,0,0,0,0,0,0,0,0,0,12463918,0,0,0,0,0,0,0
1789580628.861,0,0,0,0,0,0,0,268161732,2417304575488,802457408512,0,0,0,0,0,0,0,0,0,0,0,0,0,0,0,0,0,0,0,0,0,0,0,0,0,0,0,0,0,0,0,0,0,0,0,0,0,0,0,0,0,0,0,0,0,0,0,0,0,0,0,0,0,0,0,0,0,0,457473,147727714,44907751,0,0,0,0,0,0,0,0,0,0,0,0,0,0,0,0,0,0,0,0,0,0,0,0,0,0,0,0,0,0,0,0,0,0,0,0,0,2144239616,799588352,130874,48803,0,198,131072,147564148,0,0,1355432739,2147483648,113710477,145541733,0,0,0,0,0,0,0,0,0,0,0,0,0,0,0,0,0,0,8623481,8623563,0,97,97,6265,329,17247039,35,0,0,0,0,0,0,0,1,0,0,0,0,0,0,0,0,0,0,9699828,0,13981963,123741,0,0,0,0,0,0,0,0,16384,0,0,0,0,0,0,0,0,0,0,0,4749,341,0,0,0,0,0,26219096,0,8707,25,4632,339,4749,0,0,0,0,0,0,0,0,0,0,0,0,0,0,0,0,0,0,0,0,0,0,0,0,0,0,0,0,0,0,0,0,0,0,0,0,0,0,0,0,0,0,0,0,0,0,0,0,0,0,0,0,0,109618275,0,0,0,128832039,0,0,0,0,0,0,0,78827893,147635151,185262275,56936868864,45843438,0,0,0,0,0,0,0,0,0,0,0,0,0,0,0,0,0,0,0,0,0,0,0,0,0,0,0,0,0,0,0,12464199,0,0,0,0,0,0,0
1789580629.888,0,0,0,0,0,0,0,268170989,2417422392832,802484657664,0,0,0,0,0,0,0,0,0,0,0,0,0,0,0,0,0,0,0,0,0,0,0,0,0,0,0,0,0,0,0,0,0,0,0,0,0,0,0,0,0,0,0,0,0,0,0,0,0,0,0,0,0,0,0,0,0,0,457493,147734929,44909332,0,0,0,0,0,0,0,0,0,0,0,0,0,0,0,0,0,0,0,0,0,0,0,0,0,0,0,0,0,0,0,0,0,0,0,0,0,2144649216,800325632,130899,48848,0,173,131072,147571360,0,0,1355481665,2147483648,113717592,145546566,0,0,0,0,0,0,0,0,0,0,0,0,0,0,0,0,0,0,8623782,8623866,0,97,97,6265,329,17247660,35,0,0,0,0,0,0,0,1,0,0,0,0,0,0,0,0,0,0,9700162,0,13981963,123741,0,0,0,0,0,0,0,0,16384,0,0,0,0,0,0,0,0,0,0,0,4750,341,0,0,0,0,0,26219991,0,8707,25,4632,339,4750,0,0,0,0,0,0,0,0,0,0,0,0,0,0,0,0,0,0,0,0,0,0,0,0,0,0,0,0,0,0,0,0,0,0,0,0,0,0,0,0,0,0,0,0,0,0,0,0,0,0,0,0,0,109619786,0,0,0,128836354,0,0,0,0,0,0,0,78830464,147642354,185266954,56937754112,45844424,0,0,0,0,0,0,0,0,0,0,0,0,0,0,0,0,0,0,0,0,0,0,0,0,0,0,0,0,0,0,0,12464495,0,0,0,0,0,0,0
1789580630.915,0,0,0,0,0,0,0,268180718,2417545666048,802511355904,0,0,0,0,0,0,0,0,0,0,0,0,0,0,0,0,0,0,0,0,0,0,0,0,0,0,0,0,0,0,0,0,0,0,0,0,0,0,0,0,0,0,0,0,0,0,0,0,0,0,0,0,0,0,0,0,0,0,457508,147742468,44910897,0,0,0,0,0,0,0,0,0,0,0,0,0,0,0,0,0,0,0,0,0,0,0,0,0,0,0,0,0,0,0,0,0,0,0,0,0,2144681984,800473088,130901,48857,0,171,131072,147578894,0,0,1355532795,2147483648,113725049,145551305,0,0,0,0,0,0,0,0,0,0,0,0,0,0,0,0,0,0,8624093,8624173,0,97,97,6265,329,17248247,35,0,0,0,0,0,0,0,1,0,0,0,0,0,0,0,0,0,0,9700500,0,13981963,123741,0,0,0,0,0,0,0,0,16384,0,0,0,0,0,0,0,0,0,0,0,4751,341,0,0,0,0,0,26220908,0,8707,25,4632,339,4751,0,0,0,0,0,0,0,0,0,0,0,0,0,0,0,0,0,0,0,0,0,0,0,0,0,0,0,0,0,0,0,0,0,0,0,0,0,0,0,0,0,0,0,0,0,0,0,0,0,0,0,0,0,109621272,0,0,0,128840613,0,0,0,0,0,0,0,78832987,147649887,185271549,56938624000,45845393,0,0,0,0,0,0,0,0,0,0,0,0,0,0,0,0,0,0,0,0,0,0,0,0,0,0,0,0,0,0,0,12464795,0,0,0,0,0,0,0
1789580631.940,0,0,0,0,0,0,0,268191615,2417684979200,802543561728,0,0,0,0,0,0,0,0,0,0,0,0,0,0,0,0,0,0,0,0,0,0,0,0,0,0,0,0,0,0,0,0,0,0,0,0,0,0,0,0,0,0,0,0,0,0,0,0,0,0,0,0,0,0,0,0,0,0,457526,147750989,44912788,0,0,0,0,0,0,0,0,0,0,0,0,0,0,0,0,0,0,0,0,0,0,0,0,0,0,0,0,0,0,0,0,0,0,0,0,0,2145271808,799653888,130937,48807,0,135,131072,147587407,0,0,1355590133,2147483648,113733450,145556797,0,0,0,0,0,0,0,0,0,0,0,0,0,0,0,0,0,0,8624449,8624529,0,97,97,6265,329,17248946,35,0,0,0,0,0,0,0,1,0,0,0,0,0,0,0,0,0,0,9700893,0,13981963,123741,0,0,0,0,0,0,0,0,16384,0,0,0,0,0,0,0,0,0,0,0,4752,341,0,0,0,0,0,26221969,0,8707,25,4632,339,4752,0,0,0,0,0,0,0,0,0,0,0,0,0,0,0,0,0,0,0,0,0,0,0,0,0,0,0,0,0,0,0,0,0,0,0,0,0,0,0,0,0,0,0,0,0,0,0,0,0,0,0,0,0,109622912,0,0,0,128845548,0,0,0,0,0,0,0,78835908,147658405,185276949,56939593728,45846433,0,0,0,0,0,0,0,0,0,0,0,0,0,0,0,0,0,0,0,0,0,0,0,0,0,0,0,0,0,0,0,12465144,0,0,0,0,0,0,0
1789580632.966,0,0,0,0,0,0,0,268206060,2417870233088,802587480576,0,0,0,0,0,0,0,0,0,0,0,0,0,0,0,0,0,0,0,0,0,0,0,0,0,0,0,0,0,0,0,0,0,0,0,0,0,0,0,0,0,0,0,0,0,0,0,0,0,0,0,0,0,0,0,0,0,0,457565,147762314,44915360,0,0,0,0,0,0,0,0,0,0,0,0,0,0,0,0,0,0,0,0,0,0,0,0,0,0,0,0,0,0,0,0,0,0,0,0,0,2145992704,797491200,130981,48675,0,91,131072,147598728,0,0,1355666397,2147483648,113744555,145564033,0,0,0,0,0,0,0,0,0,0,0,0,0,0,0,0,0,0,8624918,8625005,0,97,97,6265,329,17249871,35,0,0,0,0,0,0,0,1,0,0,0,0,0,0,0,0,0,0,9701389,0,13982080,123744,0,0,0,0,0,0,0,0,16384,0,0,0,0,0,0,0,0,0,0,0,4753,341,0,0,0,0,0,26223298,0,8707,25,4632,339,4753,0,0,0,0,0,0,0,0,0,0,0,0,0,0,0,0,0,0,0,0,0,0,0,0,0,0,0,0,0,0,0,0,0,0,0,0,0,0,0,0,0,0,0,0,0,0,0,0,0,0,0,0,0,109624781,0,0,0,128852031,0,0,0,0,0,0,0,78839575,147669720,185283853,56940783616,45847629,0,0,0,0,0,0,0,0,0,0,0,0,0,0,0,0,0,0,0,0,0,0,0,0,0,0,0,0,0,0,0,12465582,0,0,0,0,0,0,0
1789580633.993,0,0,0,0,0,0,0,268231631,2418194718208,802662748160,0,0,0,0,0,0,0,0,0,0,0,0,0,0,0,0,0,0,0,0,0,0,0,0,0,0,0,0,0,0,0,0,0,0,0,0,0,0,0,0,0,0,0,0,0,0,0,0,0,0,0,0,0,0,0,0,0,0,457696,147782160,44919726,0,0,0,0,0,0,0,0,0,0,0,0,0,0,0,0,0,0,0,0,0,0,0,0,0,0,0,0,0,0,0,0,0,0,0,0,0,2146402304,802930688,131006,49007,0,66,131072,147618560,0,0,1355802762,2147483648,113764224,145578265,0,0,0,0,0,0,0,0,0,0,0,0,0,0,0,0,0,0,8625801,8625890,0,97,97,6265,329,17251620,35,0,0,0,0,0,0,0,1,0,0,0,0,0,0,0,0,0,0,9702321,0,13982130,123748,0,0,0,0,0,0,0,0,16384,0,0,0,0,0,0,0,0,0,0,0,4755,341,0,0,0,0,0,26225800,0,8707,25,4632,339,4755,0,0,0,0,0,0,0,0,0,0,0,0,0,0,0,0,0,0,0,0,0,0,0,0,0,0,0,0,0,0,0,0,0,0,0,0,0,0,0,0,0,0,0,0,0,0,0,0,0,0,0,0,0,109629535,0,0,0,128864314,0,0,0,0,0,0,0,78846997,147689555,185297257,56943712768,45850729,0,0,0,0,0,0,0,0,0,0,0,0,0,0,0,0,0,0,0,0,0,0,0,0,0,0,0,0,0,0,0,12466404,0,0,0,0,0,0,0
1789580635.018,0,0,0,0,0,0,0,268250008,2418428141056,802717467648,0,0,0,0,0,0,0,0,0,0,0,0,0,0,0,0,0,0,0,0,0,0,0,0,0,0,0,0,0,0,0,0,0,0,0,0,0,0,0,0,0,0,0,0,0,0,0,0,0,0,0,0,0,0,0,0,0,0,457781,147796423,44922814,0,0,0,0,0,0,0,0,0,0,0,0,0,0,0,0,0,0,0,0,0,0,0,0,0,0,0,0,0,0,0,0,0,0,0,0,0,2146304000,807714816,131000,49299,0,72,131072,147632808,0,0,1355898644,2147483648,113778449,145588484,0,0,0,0,0,0,0,0,0,0,0,0,0,0,0,0,0,0,8626412,8626497,0,97,97,6265,329,17252863,35,0,0,0,0,0,0,0,1,0,0,0,0,0,0,0,0,0,0,9703008,0,13982204,123751,0,0,0,0,0,0,0,0,16384,0,0,0,0,0,0,0,0,0,0,0,4756,341,0,0,0,0,0,26227666,0,8707,25,4632,339,4756,0,0,0,0,0,0,0,0,0,0,0,0,0,0,0,0,0,0,0,0,0,0,0,0,0,0,0,0,0,0,0,0,0,0,0,0,0,0,0,0,0,0,0,0,0,0,0,0,0,0,0,0,0,109635484,0,0,0,128873128,0,0,0,0,0,0,0,78854215,147703825,185309323,56946931200,45854898,0,0,0,0,0,0,0,0,0,0,0,0,0,0,0,0,0,0,0,0,0,0,0,0,0,0,0,0,0,0,0,12467014,0,0,0,0,0,0,0
1789580636.045,0,0,0,0,0,0,0,268268283,2418660908544,802772542464,0,0,0,0,0,0,0,0,0,0,0,0,0,0,0,0,0,0,0,0,0,0,0,0,0,0,0,0,0,0,0,0,0,0,0,0,0,0,0,0,0,0,0,0,0,0,0,0,0,0,0,0,0,0,0,0,0,0,457856,147810651,44926029,0,0,0,0,0,0,0,0,0,0,0,0,0,0,0,0,0,0,0,0,0,0,0,0,0,0,0,0,0,0,0,0,0,0,0,0,0,2145746944,810975232,130966,49498,0,106,131072,147647021,0,0,1355993723,2147483648,113792645,145598636,0,0,0,0,0,0,0,0,0,0,0,0,0,0,0,0,0,0,8627028,8627113,0,97,97,6265,329,17254109,35,0,0,0,0,0,0,0,1,0,0,0,0,0,0,0,0,0,0,9703699,0,13982351,123753,0,0,0,0,0,0,0,0,16384,0,0,0,0,0,0,0,0,0,0,0,4757,341,0,0,0,0,0,26229531,0,8707,25,4632,339,4757,0,0,0,0,0,0,0,0,0,0,0,0,0,0,0,0,0,0,0,0,0,0,0,0,0,0,0,0,0,0,0,0,0,0,0,0,0,0,0,0,0,0,0,0,0,0,0,0,0,0,0,0,0,109637716,0,0,0,128881967,0,0,0,0,0,0,0,78858687,147718041,185317860,56948434432,45856262,0,0,0,0,0,0,0,0,0,0,0,0,0,0,0,0,0,0,0,0,0,0,0,0,0,0,0,0,0,0,0,12467628,0,0,0,0,0,0,0
1789580637.072,0,0,0,0,0,0,0,268284042,2418861465088,802820256768,0,0,0,0,0,0,0,0,0,0,0,0,0,0,0,0,0,0,0,0,0,0,0,0,0,0,0,0,0,0,0,0,0,0,0,0,0,0,0,0,0,0,0,0,0,0,0,0,0,0,0,0,0,0,0,0,0,0,457908,147822919,44928821,0,0,0,0,0,0,0,0,0,0,0,0,0,0,0,0,0,0,0,0,0,0,0,0,0,0,0,0,0,0,0,0,0,0,0,0,0,2145501184,812924928,130951,49617,0,121,131072,147659287,0,0,1356075825,2147483648,113804838,145607245,0,0,0,0,0,0,0,0,0,0,0,0,0,0,0,0,0,0,8627560,8627646,0,97,97,6265,329,17255167,35,0,0,0,0,0,0,0,1,0,0,0,0,0,0,0,0,0,0,9704294,0,13982383,123754,0,0,0,0,0,0,0,0,16384,0,0,0,0,0,0,0,0,0,0,0,4758,341,0,0,0,0,0,26231134,0,8707,25,4632,339,4758,0,0,0,0,0,0,0,0,0,0,0,0,0,0,0,0,0,0,0,0,0,0,0,0,0,0,0,0,0,0,0,0,0,0,0,0,0,0,0,0,0,0,0,0,0,0,0,0,0,0,0,0,0,109639732,0,0,0,128889539,0,0,0,0,0,0,0,78862748,147730290,185325427,56949752832,45857545,0,0,0,0,0,0,0,0,0,0,0,0,0,0,0,0,0,0,0,0,0,0,0,0,0,0,0,0,0,0,0,12468156,0,0,0,0,0,0,0
1789580638.098,0,0,0,0,0,0,0,268297223,2419029630464,802870084608,0,0,0,0,0,0,0,0,0,0,0,0,0,0,0,0,0,0,0,0,0,0,0,0,0,0,0,0,0,0,0,0,0,0,0,0,0,0,0,0,0,0,0,0,0,0,0,0,0,0,0,0,0,0,0,0,0,0,457932,147833194,44931764,0,0,0,0,0,0,0,0,0,0,0,0,0,0,0,0,0,0,0,0,0,0,0,0,0,0,0,0,0,0,0,0,0,0,0,0,0,2145271808,801865728,130937,48942,0,135,131072,147669558,0,0,1356144514,2147483648,113815033,145613990,0,0,0,0,0,0,0,0,0,0,0,0,0,0,0,0,0,0,8627979,8628061,0,97,97,6265,329,17256019,35,0,0,0,0,0,0,0,1,0,0,0,0,0,0,0,0,0,0,9704801,0,13982961,123760,0,0,0,0,0,0,0,0,16384,0,0,0,0,0,0,0,0,0,0,0,4759,341,0,0,0,0,0,26232519,1,8707,25,4632,340,4759,0,0,0,0,1,0,0,0,0,0,0,0,0,0,0,0,0,0,0,0,0,0,0,0,0,0,0,0,0,0,0,0,0,0,0,0,0,0,0,0,0,0,0,0,0,0,0,0,0,0,0,0,0,109641527,0,0,0,128895530,0,0,0,0,0,0,0,78866370,147740563,185332530,56950865408,45858699,0,0,0,0,0,0,0,0,0,0,0,0,0,0,0,0,0,0,0,0,0,0,0,0,0,0,0,0,0,0,0,12468611,0,0,0,0,0,0,0
1789580639.125,0,0,0,0,0,0,0,268311213,2419207085568,802916803584,0,0,0,0,0,0,0,0,0,0,0,0,0,0,0,0,0,0,0,0,0,0,0,0,0,0,0,0,0,0,0,0,0,0,0,0,0,0,0,0,0,0,0,0,0,0,0,0,0,0,0,0,0,0,0,0,0,0,457961,147844055,44934507,0,0,0,0,0,0,0,0,0,0,0,0,0,0,0,0,0,0,0,0,0,0,0,0,0,0,0,0,0,0,0,0,0,0,0,0,0,2145697792,795279360,130963,48540,0,109,131072,147680412,0,0,1356217636,2147483648,113825812,145620994,0,0,0,0,0,0,0,0,0,0,0,0,0,0,0,0,0,0,8628430,8628518,0,97,97,6265,329,17256899,35,0,0,0,0,0,0,0,1,0,0,0,0,0,0,0,0,0,0,9705304,0,13983268,123763,0,0,0,0,0,0,0,0,16384,0,0,0,0,0,0,0,0,0,0,0,4760,342,0,0,0,0,0,26233879,0,9336,27,4632,340,4760,0,0,0,0,0,0,0,0,0,0,0,0,0,0,0,0,0,0,0,0,0,0,0,0,0,0,0,0,0,0,0,0,0,0,0,0,0,0,0,0,0,0,0,0,0,0,0,0,0,0,0,0,0,109643402,0,0,0,128901802,0,0,0,0,0,0,0,78870064,147751420,185339595,56952026112,45859890,0,0,0,0,0,0,0,0,0,0,0,0,0,0,0,0,0,0,0,0,0,0,0,0,0,0,0,0,0,0,0,12469058,0,0,0,0,0,0,0
1789580640.151,0,0,0,0,0,0,0,268323583,2419363651072,802954866176,0,0,0,0,0,0,0,0,0,0,0,0,0,0,0,0,0,0,0,0,0,0,0,0,0,0,0,0,0,0,0,0,0,0,0,0,0,0,0,0,0,0,0,0,0,0,0,0,0,0,0,0,0,0,0,0,0,0,457996,147853636,44936723,0,0,0,0,0,0,0,0,0,0,0,0,0,0,0,0,0,0,0,0,0,0,0,0,0,0,0,0,0,0,0,0,0,0,0,0,0,2144813056,795082752,130909,48528,0,163,131072,147689983,0,0,1356281678,2147483648,113835356,145627665,0,0,0,0,0,0,0,0,0,0,0,0,0,0,0,0,0,0,8628832,8628913,0,97,97,6265,329,17257717,35,0,0,0,0,0,0,0,1,0,0,0,0,0,0,0,0,0,0,9705815,0,13983395,123764,0,0,0,0,0,0,0,0,16384,0,0,0,0,0,0,0,0,0,0,0,4761,342,0,0,0,0,0,26235284,0,9336,27,4632,340,4761,0,0,0,0,0,0,0,0,0,0,0,0,0,0,0,0,0,0,0,0,0,0,0,0,0,0,0,0,0,0,0,0,0,0,0,0,0,0,0,0,0,0,0,0,0,0,0,0,0,0,0,0,0,109645165,0,0,0,128907585,0,0,0,0,0,0,0,78873321,147760997,185345684,56953129472,45861027,0,0,0,0,0,0,0,0,0,0,0,0,0,0,0,0,0,0,0,0,0,0,0,0,0,0,0,0,0,0,0,12469518,0,0,0,0,0,0,0
1789580641.177,0,0,0,0,0,0,0,268334693,2419505094144,802989129728,0,0,0,0,0,0,0,0,0,0,0,0,0,0,0,0,0,0,0,0,0,0,0,0,0,0,0,0,0,0,0,0,0,0,0,0,0,0,0,0,0,0,0,0,0,0,0,0,0,0,0,0,0,0,0,0,0,0,458020,147862286,44938728,0,0,0,0,0,0,0,0,0,0,0,0,0,0,0,0,0,0,0,0,0,0,0,0,0,0,0,0,0,0,0,0,0,0,0,0,0,2144681984,793591808,130901,48437,0,171,131072,147698629,0,0,1356339686,2147483648,113843956,145633399,0,0,0,0,0,0,0,0,0,0,0,0,0,0,0,0,0,0,8629194,8629281,0,97,97,6265,329,17258441,35,0,0,0,0,0,0,0,1,0,0,0,0,0,0,0,0,0,0,9706228,0,13983395,123764,0,0,0,0,0,0,0,0,16384,0,0,0,0,0,0,0,0,0,0,0,4762,342,0,0,0,0,0,26236400,0,9336,27,4632,340,4762,0,0,0,0,0,0,0,0,0,0,0,0,0,0,0,0,0,0,0,0,0,0,0,0,0,0,0,0,0,0,0,0,0,0,0,0,0,0,0,0,0,0,0,0,0,0,0,0,0,0,0,0,0,109646856,0,0,0,128912687,0,0,0,0,0,0,0,78876404,147769644,185351377,56954139136,45862107,0,0,0,0,0,0,0,0,0,0,0,0,0,0,0,0,0,0,0,0,0,0,0,0,0,0,0,0,0,0,0,12469886,0,0,0,0,0,0,0
1789580642.203,0,0,0,0,0,0,0,268347974,2419674340864,803028932096,0,0,0,0,0,0,0,0,0,0,0,0,0,0,0,0,0,0,0,0,0,0,0,0,0,0,0,0,0,0,0,0,0,0,0,0,0,0,0,0,0,0,0,0,0,0,0,0,0,0,0,0,0,0,0,0,0,0,458050,147872644,44941078,0,0,0,0,0,0,0,0,0,0,0,0,0,0,0,0,0,0,0,0,0,0,0,0,0,0,0,0,0,0,0,0,0,0,0,0,0,2145419264,793100288,130946,48407,0,126,131072,147708981,0,0,1356410001,2147483648,113854181,145640154,0,0,0,0,0,0,0,0,0,0,0,0,0,0,0,0,0,0,8629633,8629721,0,97,97,6265,329,17259306,35,0,0,0,0,0,0,0,1,0,0,0,0,0,0,0,0,0,0,9706688,0,13983395,123764,0,0,0,0,0,0,0,0,16384,0,0,0,0,0,0,0,0,0,0,0,4763,342,0,0,0,0,0,26237634,0,9336,27,4632,340,4763,0,0,0,0,0,0,0,0,0,0,0,0,0,0,0,0,0,0,0,0,0,0,0,0,0,0,0,0,0,0,0,0,0,0,0,0,0,0,0,0,0,0,0,0,0,0,0,0,0,0,0,0,0,109648658,0,0,0,128918793,0,0,0,0,0,0,0,78879886,147780000,185357839,56955265024,45863260,0,0,0,0,0,0,0,0,0,0,0,0,0,0,0,0,0,0,0,0,0,0,0,0,0,0,0,0,0,0,0,12470291,0,0,0,0,0,0,0
1789580643.229,0,0,0,0,0,0,0,268365024,2419892395520,803077019136,0,0,0,0,0,0,0,0,0,0,0,0,0,0,0,0,0,0,0,0,0,0,0,0,0,0,0,0,0,0,0,0,0,0,0,0,0,0,0,0,0,0,0,0,0,0,0,0,0,0,0,0,0,0,0,0,0,0,458103,147885964,44943887,0,0,0,0,0,0,0,0,0,0,0,0,0,0,0,0,0,0,0,0,0,0,0,0,0,0,0,0,0,0,0,0,0,0,0,0,0,2145714176,796704768,130964,48627,0,109,131072,147722293,0,0,1356499805,2147483648,113867411,145649225,0,0,0,0,0,0,0,0,0,0,0,0,0,0,0,0,0,0,8630208,8630296,0,97,97,6265,329,17260462,35,0,0,0,0,0,0,0,1,0,0,0,0,0,0,0,0,0,0,9707319,0,13983395,123764,0,0,0,0,0,0,0,0,16384,0,0,0,0,0,0,0,0,0,0,0,4764,342,0,0,0,0,0,26239339,0,9336,27,4632,340,4764,0,0,0,0,0,0,0,0,0,0,0,0,0,0,0,0,0,0,0,0,0,0,0,0,0,0,0,0,0,0,0,0,0,0,0,0,0,0,0,0,0,0,0,0,0,0,0,0,0,0,0,0,0,109650791,0,0,0,128926853,0,0,0,0,0,0,0,78884018,147793316,185365581,56956663296,45864587,0,0,0,0,0,0,0,0,0,0,0,0,0,0,0,0,0,0,0,0,0,0,0,0,0,0,0,0,0,0,0,12470850,0,0,0,0,0,0,0
1789580644.255,0,0,0,0,0,0,0,268383813,2420130258432,803129425408,0,0,0,0,0,0,0,0,0,0,0,0,0,0,0,0,0,0,0,0,0,0,0,0,0,0,0,0,0,0,0,0,0,0,0,0,0,0,0,0,0,0,0,0,0,0,0,0,0,0,0,0,0,0,0,0,0,0,458174,147900506,44946949,0,0,0,0,0,0,0,0,0,0,0,0,0,0,0,0,0,0,0,0,0,0,0,0,0,0,0,0,0,0,0,0,0,0,0,0,0,2145927168,801767424,130977,48936,0,95,131072,147736826,0,0,1356599741,2147483648,113881848,145659409,0,0,0,0,0,0,0,0,0,0,0,0,0,0,0,0,0,0,8630849,8630934,0,97,97,6265,329,17261728,35,0,0,0,0,0,0,0,1,0,0,0,0,0,0,0,0,0,0,9708017,0,13983395,123764,0,0,0,0,0,0,0,0,16384,0,0,0,0,0,0,0,0,0,0,0,4765,342,0,0,0,0,0,26241217,0,9336,27,4632,340,4765,0,0,0,0,0,0,0,0,0,0,0,0,0,0,0,0,0,0,0,0,0,0,0,0,0,0,0,0,0,0,0,0,0,0,0,0,0,0,0,0,0,0,0,0,0,0,0,0,0,0,0,0,0,109653020,0,0,0,128935770,0,0,0,0,0,0,0,78888453,147807839,185373939,56958176768,45865963,0,0,0,0,0,0,0,0,0,0,0,0,0,0,0,0,0,0,0,0,0,0,0,0,0,0,0,0,0,0,0,12471469,0,0,0,0,0,0,0
1789580645.282,0,0,0,0,0,0,0,268398652,2420318559744,803172618240,0,0,0,0,0,0,0,0,0,0,0,0,0,0,0,0,0,0,0,0,0,0,0,0,0,0,0,0,0,0,0,0,0,0,0,0,0,0,0,0,0,0,0,0,0,0,0,0,0,0,0,0,0,0,0,0,0,0,458220,147912016,44949463,0,0,0,0,0,0,0,0,0,0,0,0,0,0,0,0,0,0,0,0,0,0,0,0,0,0,0,0,0,0,0,0,0,0,0,0,0,2145697792,807256064,130963,49271,0,109,131072,147748333,0,0,1356676412,2147483648,113893290,145667830,0,0,0,0,0,0,0,0,0,0,0,0,0,0,0,0,0,0,8631372,8631451,0,97,97,6265,329,17262775,35,0,0,0,0,0,0,0,1,0,0,0,0,0,0,0,0,0,0,9708600,0,13983395,123764,0,0,0,0,0,0,0,0,16384,0,0,0,0,0,0,0,0,0,0,0,4766,342,0,0,0,0,0,26242798,0,9336,27,4632,340,4766,0,0,0,0,0,0,0,0,0,0,0,0,0,0,0,0,0,0,0,0,0,0,0,0,0,0,0,0,0,0,0,0,0,0,0,0,0,0,0,0,0,0,0,0,0,0,0,0,0,0,0,0,0,109655064,0,0,0,128943184,0,0,0,0,0,0,0,78892234,147819343,185381020,56959491584,45867224,0,0,0,0,0,0,0,0,0,0,0,0,0,0,0,0,0,0,0,0,0,0,0,0,0,0,0,0,0,0,0,12471987,0,0,0,0,0,0,0
1789580646.308,0,0,0,0,0,0,0,268409834,2420461133312,803205444608,0,0,0,0,0,0,0,0,0,0,0,0,0,0,0,0,0,0,0,0,0,0,0,0,0,0,0,0,0,0,0,0,0,0,0,0,0,0,0,0,0,0,0,0,0,0,0,0,0,0,0,0,0,0,0,0,0,0,458245,147920729,44951370,0,0,0,0,0,0,0,0,0,0,0,0,0,0,0,0,0,0,0,0,0,0,0,0,0,0,0,0,0,0,0,0,0,0,0,0,0,2144649216,806944768,130899,49252,0,173,131072,147757042,0,0,1356734098,2147483648,113902016,145673614,0,0,0,0,0,0,0,0,0,0,0,0,0,0,0,0,0,0,8631716,8631794,0,97,97,6265,329,17263486,35,0,0,0,0,0,0,0,1,0,0,0,0,0,0,0,0,0,0,9709048,0,13983395,123764,0,0,0,0,0,0,0,0,16384,0,0,0,0,0,0,0,0,0,0,0,4767,342,0,0,0,0,0,26244032,0,9336,27,4632,340,4767,0,0,0,0,0,0,0,0,0,0,0,0,0,0,0,0,0,0,0,0,0,0,0,0,0,0,0,0,0,0,0,0,0,0,0,0,0,0,0,0,0,0,0,0,0,0,0,0,0,0,0,0,0,109656706,0,0,0,128948246,0,0,0,0,0,0,0,78895209,147828060,185386500,56960480256,45868281,0,0,0,0,0,0,0,0,0,0,0,0,0,0,0,0,0,0,0,0,0,0,0,0,0,0,0,0,0,0,0,12472391,0,0,0,0,0,0,0
1789580647.334,0,0,0,0,0,0,0,268419864,2420588076544,803234318848,0,0,0,0,0,0,0,0,0,0,0,0,0,0,0,0,0,0,0,0,0,0,0,0,0,0,0,0,0,0,0,0,0,0,0,0,0,0,0,0,0,0,0,0,0,0,0,0,0,0,0,0,0,0,0,0,0,0,458260,147928483,44953048,0,0,0,0,0,0,0,0,0,0,0,0,0,0,0,0,0,0,0,0,0,0,0,0,0,0,0,0,0,0,0,0,0,0,0,0,0,2144436224,807272448,130887,49272,0,185,131072,147764790,0,0,1356786452,2147483648,113909724,145678731,0,0,0,0,0,0,0,0,0,0,0,0,0,0,0,0,0,0,8632034,8632117,0,97,97,6265,329,17264148,35,0,0,0,0,0,0,0,1,0,0,0,0,0,0,0,0,0,0,9709422,0,13983395,123764,0,0,0,0,0,0,0,0,16384,0,0,0,0,0,0,0,0,0,0,0,4768,342,0,0,0,0,0,26245040,0,9336,27,4632,340,4768,0,0,0,0,0,0,0,0,0,0,0,0,0,0,0,0,0,0,0,0,0,0,0,0,0,0,0,0,0,0,0,0,0,0,0,0,0,0,0,0,0,0,0,0,0,0,0,0,0,0,0,0,0,109658272,0,0,0,128952860,0,0,0,0,0,0,0,78897894,147835816,185391436,56961392640,45869282,0,0,0,0,0,0,0,0,0,0,0,0,0,0,0,0,0,0,0,0,0,0,0,0,0,0,0,0,0,0,0,12472724,0,0,0,0,0,0,0
1789580648.360,0,0,0,0,0,0,0,268429917,2420716379648,803262881792,0,0,0,0,0,0,0,0,0,0,0,0,0,0,0,0,0,0,0,0,0,0,0,0,0,0,0,0,0,0,0,0,0,0,0,0,0,0,0,0,0,0,0,0,0,0,0,0,0,0,0,0,0,0,0,0,0,0,458277,147936324,44954710,0,0,0,0,0,0,0,0,0,0,0,0,0,0,0,0,0,0,0,0,0,0,0,0,0,0,0,0,0,0,0,0,0,0,0,0,0,2144681984,809893888,130901,49432,0,171,131072,147772623,0,0,1356838859,2147483648,113917523,145684070,0,0,0,0,0,0,0,0,0,0,0,0,0,0,0,0,0,0,8632381,8632462,0,97,97,6265,329,17264821,35,0,0,0,0,0,0,0,1,0,0,0,0,0,0,0,0,0,0,9709798,0,13983395,123764,0,0,0,0,0,0,0,0,16384,0,0,0,0,0,0,0,0,0,0,0,4769,342,0,0,0,0,0,26246052,0,9336,27,4632,340,4769,0,0,0,0,0,0,0,0,0,0,0,0,0,0,0,0,0,0,0,0,0,0,0,0,0,0,0,0,0,0,0,0,0,0,0,0,0,0,0,0,0,0,0,0,0,0,0,0,0,0,0,0,0,109659879,0,0,0,128957672,0,0,0,0,0,0,0,78900596,147843651,185396356,56962344960,45870325,0,0,0,0,0,0,0,0,0,0,0,0,0,0,0,0,0,0,0,0,0,0,0,0,0,0,0,0,0,0,0,12473057,0,0,0,0,0,0,0
1789580649.387,0,0,0,0,0,0,0,268440408,2420849352192,803294850560,0,0,0,0,0,0,0,0,0,0,0,0,0,0,0,0,0,0,0,0,0,0,0,0,0,0,0,0,0,0,0,0,0,0,0,0,0,0,0,0,0,0,0,0,0,0,0,0,0,0,0,0,0,0,0,0,0,0,458300,147944449,44956574,0,0,0,0,0,0,0,0,0,0,0,0,0,0,0,0,0,0,0,0,0,0,0,0,0,0,0,0,0,0,0,0,0,0,0,0,0,2144583680,810516480,130895,49470,0,177,131072,147780743,0,0,1356893648,2147483648,113925594,145689651,0,0,0,0,0,0,0,0,0,0,0,0,0,0,0,0,0,0,8632723,8632803,0,97,97,6265,329,17265531,35,0,0,0,0,0,0,0,1,0,0,0,0,0,0,0,0,0,0,9710190,0,13983395,123764,0,0,0,0,0,0,0,0,16384,0,0,0,0,0,0,0,0,0,0,0,4770,342,0,0,0,0,0,26247104,0,9336,27,4632,340,4770,0,0,0,0,0,0,0,0,0,0,0,0,0,0,0,0,0,0,0,0,0,0,0,0,0,0,0,0,0,0,0,0,0,0,0,0,0,0,0,0,0,0,0,0,0,0,0,0,0,0,0,0,0,109661515,0,0,0,128962655,0,0,0,0,0,0,0,78903506,147851773,185401723,56963318272,45871369,0,0,0,0,0,0,0,0,0,0,0,0,0,0,0,0,0,0,0,0,0,0,0,0,0,0,0,0,0,0,0,12473406,0,0,0,0,0,0,0
1789580650.413,0,0,0,0,0,0,0,268450704,2420980309504,803325553664,0,0,0,0,0,0,0,0,0,0,0,0,0,0,0,0,0,0,0,0,0,0,0,0,0,0,0,0,0,0,0,0,0,0,0,0,0,0,0,0,0,0,0,0,0,0,0,0,0,0,0,0,0,0,0,0,0,0,458314,147952456,44958373,0,0,0,0,0,0,0,0,0,0,0,0,0,0,0,0,0,0,0,0,0,0,0,0,0,0,0,0,0,0,0,0,0,0,0,0,0,2144550912,810008576,130893,49439,0,179,131072,147788743,0,0,1356947575,2147483648,113933546,145694867,0,0,0,0,0,0,0,0,0,0,0,0,0,0,0,0,0,0,8633062,8633143,0,97,97,6265,329,17266190,35,0,0,0,0,0,0,0,1,0,0,0,0,0,0,0,0,0,0,9710567,0,13983395,123764,0,0,0,0,0,0,0,0,16384,0,0,0,0,0,0,0,0,0,0,0,4771,342,0,0,0,0,0,26248123,0,9336,27,4632,340,4771,0,0,0,0,0,0,0,0,0,0,0,0,0,0,0,0,0,0,0,0,0,0,0,0,0,0,0,0,0,0,0,0,0,0,0,0,0,0,0,0,0,0,0,0,0,0,0,0,0,0,0,0,0,109663084,0,0,0,128967378,0,0,0,0,0,0,0,78906319,147859779,185406879,56964250624,45872389,0,0,0,0,0,0,0,0,0,0,0,0,0,0,0,0,0,0,0,0,0,0,0,0,0,0,0,0,0,0,0,12473741,0,0,0,0,0,0,0
1789580651.439,0,0,0,0,0,0,0,268460504,2421104647680,803354857984,0,0,0,0,0,0,0,0,0,0,0,0,0,0,0,0,0,0,0,0,0,0,0,0,0,0,0,0,0,0,0,0,0,0,0,0,0,0,0,0,0,0,0,0,0,0,0,0,0,0,0,0,0,0,0,0,0,0,458331,147960049,44960086,0,0,0,0,0,0,0,0,0,0,0,0,0,0,0,0,0,0,0,0,0,0,0,0,0,0,0,0,0,0,0,0,0,0,0,0,0,2144665600,809943040,130900,49435,0,173,131072,147796335,0,0,1356998447,2147483648,113941081,145699949,0,0,0,0,0,0,0,0,0,0,0,0,0,0,0,0,0,0,8633383,8633468,0,97,97,6265,329,17266832,35,0,0,0,0,0,0,0,1,0,0,0,0,0,0,0,0,0,0,9710934,0,13983395,123764,0,0,0,0,0,0,0,0,16384,0,0,0,0,0,0,0,0,0,0,0,4772,342,0,0,0,0,0,26249113,0,9336,27,4632,340,4772,0,0,0,0,0,0,0,0,0,0,0,0,0,0,0,0,0,0,0,0,0,0,0,0,0,0,0,0,0,0,0,0,0,0,0,0,0,0,0,0,0,0,0,0,0,0,0,0,0,0,0,0,0,109664593,0,0,0,128971937,0,0,0,0,0,0,0,78909018,147867373,185411809,56965152256,45873378,0,0,0,0,0,0,0,0,0,0,0,0,0,0,0,0,0,0,0,0,0,0,0,0,0,0,0,0,0,0,0,12474068,0,0,0,0,0,0,0
1789580652.465,0,0,0,0,0,0,0,268470601,2421232852480,803383055872,0,0,0,0,0,0,0,0,0,0,0,0,0,0,0,0,0,0,0,0,0,0,0,0,0,0,0,0,0,0,0,0,0,0,0,0,0,0,0,0,0,0,0,0,0,0,0,0,0,0,0,0,0,0,0,0,0,0,458348,147967889,44961713,0,0,0,0,0,0,0,0,0,0,0,0,0,0,0,0,0,0,0,0,0,0,0,0,0,0,0,0,0,0,0,0,0,0,0,0,0,2144550912,813793280,130893,49670,0,179,131072,147804165,0,0,1357050936,2147483648,113948854,145705507,0,0,0,0,0,0,0,0,0,0,0,0,0,0,0,0,0,0,8633736,8633813,0,97,97,6265,329,17267537,35,0,0,0,0,0,0,0,1,0,0,0,0,0,0,0,0,0,0,9711347,0,13983395,123764,0,0,0,0,0,0,0,0,16384,0,0,0,0,0,0,0,0,0,0,0,4773,342,0,0,0,0,0,26250236,0,9336,27,4632,340,4773,0,0,0,0,0,0,0,0,0,0,0,0,0,0,0,0,0,0,0,0,0,0,0,0,0,0,0,0,0,0,0,0,0,0,0,0,0,0,0,0,0,0,0,0,0,0,0,0,0,0,0,0,0,109666206,0,0,0,128976903,0,0,0,0,0,0,0,78911701,147875205,185416691,56966119936,45874425,0,0,0,0,0,0,0,0,0,0,0,0,0,0,0,0,0,0,0,0,0,0,0,0,0,0,0,0,0,0,0,12474437,0,0,0,0,0,0,0
1789580653.492,0,0,0,0,0,0,0,268480261,2421355404800,803410867712,0,0,0,0,0,0,0,0,0,0,0,0,0,0,0,0,0,0,0,0,0,0,0,0,0,0,0,0,0,0,0,0,0,0,0,0,0,0,0,0,0,0,0,0,0,0,0,0,0,0,0,0,0,0,0,0,0,0,458361,147975368,44963334,0,0,0,0,0,0,0,0,0,0,0,0,0,0,0,0,0,0,0,0,0,0,0,0,0,0,0,0,0,0,0,0,0,0,0,0,0,2144419840,814694400,130885,49725,0,187,131072,147811641,0,0,1357101448,2147483648,113956295,145710411,0,0,0,0,0,0,0,0,0,0,0,0,0,0,0,0,0,0,8634046,8634126,0,97,97,6265,329,17268173,35,0,0,0,0,0,0,0,1,0,0,0,0,0,0,0,0,0,0,9711678,0,13983395,123764,0,0,0,0,0,0,0,0,16384,0,0,0,0,0,0,0,0,0,0,0,4774,342,0,0,0,0,0,26251125,0,9336,27,4632,340,4774,0,0,0,0,0,0,0,0,0,0,0,0,0,0,0,0,0,0,0,0,0,0,0,0,0,0,0,0,0,0,0,0,0,0,0,0,0,0,0,0,0,0,0,0,0,0,0,0,0,0,0,0,0,109667737,0,0,0,128981363,0,0,0,0,0,0,0,78914314,147882696,185421463,56967013888,45875418,0,0,0,0,0,0,0,0,0,0,0,0,0,0,0,0,0,0,0,0,0,0,0,0,0,0,0,0,0,0,0,12474729,0,0,0,0,0,0,0
1789580654.518,0,0,0,0,0,0,0,268489643,2421474369024,803439008256,0,0,0,0,0,0,0,0,0,0,0,0,0,0,0,0,0,0,0,0,0,0,0,0,0,0,0,0,0,0,0,0,0,0,0,0,0,0,0,0,0,0,0,0,0,0,0,0,0,0,0,0,0,0,0,0,0,0,458378,147982649,44964976,0,0,0,0,0,0,0,0,0,0,0,0,0,0,0,0,0,0,0,0,0,0,0,0,0,0,0,0,0,0,0,0,0,0,0,0,0,2144452608,814612480,130887,49720,0,185,131072,147818918,0,0,1357150165,2147483648,113963508,145715362,0,0,0,0,0,0,0,0,0,0,0,0,0,0,0,0,0,0,8634363,8634441,0,97,97,6265,329,17268797,35,0,0,0,0,0,0,0,1,0,0,0,0,0,0,0,0,0,0,9712034,0,13983395,123764,0,0,0,0,0,0,0,0,16384,0,0,0,0,0,0,0,0,0,0,0,4775,342,0,0,0,0,0,26252083,0,9336,27,4632,340,4775,0,0,0,0,0,0,0,0,0,0,0,0,0,0,0,0,0,0,0,0,0,0,0,0,0,0,0,0,0,0,0,0,0,0,0,0,0,0,0,0,0,0,0,0,0,0,0,0,0,0,0,0,0,109669256,0,0,0,128985779,0,0,0,0,0,0,0,78916948,147889960,185426259,56967909888,45876413,0,0,0,0,0,0,0,0,0,0,0,0,0,0,0,0,0,0,0,0,0,0,0,0,0,0,0,0,0,0,0,12475045,0,0,0,0,0,0,0
1789580655.544,0,0,0,0,0,0,0,268499274,2421596478976,803468152320,0,0,0,0,0,0,0,0,0,0,0,0,0,0,0,0,0,0,0,0,0,0,0,0,0,0,0,0,0,0,0,0,0,0,0,0,0,0,0,0,0,0,0,0,0,0,0,0,0,0,0,0,0,0,0,0,0,0,458392,147990112,44966678,0,0,0,0,0,0,0,0,0,0,0,0,0,0,0,0,0,0,0,0,0,0,0,0,0,0,0,0,0,0,0,0,0,0,0,0,0,2144780288,816349184,130908,49826,0,164,131072,147826372,0,0,1357200417,2147483648,113970889,145720527,0,0,0,0,0,0,0,0,0,0,0,0,0,0,0,0,0,0,8634696,8634775,0,97,97,6265,329,17269457,35,0,0,0,0,0,0,0,1,0,0,0,0,0,0,0,0,0,0,9712393,0,13983395,123764,0,0,0,0,0,0,0,0,16384,0,0,0,0,0,0,0,0,0,0,0,4776,342,0,0,0,0,0,26253048,0,9336,27,4632,340,4776,0,0,0,0,0,0,0,0,0,0,0,0,0,0,0,0,0,0,0,0,0,0,0,0,0,0,0,0,0,0,0,0,0,0,0,0,0,0,0,0,0,0,0,0,0,0,0,0,0,0,0,0,0,109670832,0,0,0,128990464,0,0,0,0,0,0,0,78919662,147897423,185431234,56968837632,45877430,0,0,0,0,0,0,0,0,0,0,0,0,0,0,0,0,0,0,0,0,0,0,0,0,0,0,0,0,0,0,0,12475363,0,0,0,0,0,0,0
1789580656.571,0,0,0,0,0,0,0,268509609,2421727436288,803498187264,0,0,0,0,0,0,0,0,0,0,0,0,0,0,0,0,0,0,0,0,0,0,0,0,0,0,0,0,0,0,0,0,0,0,0,0,0,0,0,0,0,0,0,0,0,0,0,0,0,0,0,0,0,0,0,0,0,0,458407,147998113,44968420,0,0,0,0,0,0,0,0,0,0,0,0,0,0,0,0,0,0,0,0,0,0,0,0,0,0,0,0,0,0,0,0,0,0,0,0,0,2144731136,817184768,130904,49877,0,168,131072,147834365,0,0,1357254559,2147483648,113978833,145725831,0,0,0,0,0,0,0,0,0,0,0,0,0,0,0,0,0,0,8635032,8635114,0,97,97,6265,329,17270131,35,0,0,0,0,0,0,0,1,0,0,0,0,0,0,0,0,0,0,9712777,0,13983395,123764,0,0,0,0,0,0,0,0,16384,0,0,0,0,0,0,0,0,0,0,0,4777,342,0,0,0,0,0,26254088,0,9336,27,4632,340,4777,0,0,0,0,0,0,0,0,0,0,0,0,0,0,0,0,0,0,0,0,0,0,0,0,0,0,0,0,0,0,0,0,0,0,0,0,0,0,0,0,0,0,0,0,0,0,0,0,0,0,0,0,0,109672417,0,0,0,128995253,0,0,0,0,0,0,0,78922431,147905423,185436318,56969776640,45878450,0,0,0,0,0,0,0,0,0,0,0,0,0,0,0,0,0,0,0,0,0,0,0,0,0,0,0,0,0,0,0,12475705,0,0,0,0,0,0,0
1789580657.597,0,0,0,0,0,0,0,268520026,2421860064768,803528208384,0,0,0,0,0,0,0,0,0,0,0,0,0,0,0,0,0,0,0,0,0,0,0,0,0,0,0,0,0,0,0,0,0,0,0,0,0,0,0,0,0,0,0,0,0,0,0,0,0,0,0,0,0,0,0,0,0,0,458421,148006227,44970185,0,0,0,0,0,0,0,0,0,0,0,0,0,0,0,0,0,0,0,0,0,0,0,0,0,0,0,0,0,0,0,0,0,0,0,0,0,2144681984,817938432,130901,49923,0,171,131072,147842476,0,0,1357308932,2147483648,113986866,145731170,0,0,0,0,0,0,0,0,0,0,0,0,0,0,0,0,0,0,8635367,8635452,0,97,97,6265,329,17270825,35,0,0,0,0,0,0,0,1,0,0,0,0,0,0,0,0,0,0,9713159,0,13983395,123764,0,0,0,0,0,0,0,0,16384,0,0,0,0,0,0,0,0,0,0,0,4778,342,0,0,0,0,0,26255124,0,9336,27,4632,340,4778,0,0,0,0,0,0,0,0,0,0,0,0,0,0,0,0,0,0,0,0,0,0,0,0,0,0,0,0,0,0,0,0,0,0,0,0,0,0,0,0,0,0,0,0,0,0,0,0,0,0,0,0,0,109674024,0,0,0,129000083,0,0,0,0,0,0,0,78925207,147913530,185441425,56970719744,45879475,0,0,0,0,0,0,0,0,0,0,0,0,0,0,0,0,0,0,0,0,0,0,0,0,0,0,0,0,0,0,0,12476044,0,0,0,0,0,0,0
1789580658.624,0,0,0,0,0,0,0,268529825,2421985353216,803558285312,0,0,0,0,0,0,0,0,0,0,0,0,0,0,0,0,0,0,0,0,0,0,0,0,0,0,0,0,0,0,0,0,0,0,0,0,0,0,0,0,0,0,0,0,0,0,0,0,0,0,0,0,0,0,0,0,0,0,458437,148013883,44971914,0,0,0,0,0,0,0,0,0,0,0,0,0,0,0,0,0,0,0,0,0,0,0,0,0,0,0,0,0,0,0,0,0,0,0,0,0,2144485376,818167808,130889,49937,0,183,131072,147850128,0,0,1357359787,2147483648,113994479,145736486,0,0,0,0,0,0,0,0,0,0,0,0,0,0,0,0,0,0,8635706,8635791,0,97,97,6265,329,17271492,35,0,0,0,0,0,0,0,1,0,0,0,0,0,0,0,0,0,0,9713549,0,13983395,123764,0,0,0,0,0,0,0,0,16384,0,0,0,0,0,0,0,0,0,0,0,4779,342,0,0,0,0,0,26256185,0,9336,27,4632,340,4779,0,0,0,0,0,0,0,0,0,0,0,0,0,0,0,0,0,0,0,0,0,0,0,0,0,0,0,0,0,0,0,0,0,0,0,0,0,0,0,0,0,0,0,0,0,0,0,0,0,0,0,0,0,109675607,0,0,0,129004839,0,0,0,0,0,0,0,78927995,147921180,185446512,56971664384,45880511,0,0,0,0,0,0,0,0,0,0,0,0,0,0,0,0,0,0,0,0,0,0,0,0,0,0,0,0,0,0,0,12476392,0,0,0,0,0,0,0
1789580659.650,0,0,0,0,0,0,0,268538617,2422096715264,803583621120,0,0,0,0,0,0,0,0,0,0,0,0,0,0,0,0,0,0,0,0,0,0,0,0,0,0,0,0,0,0,0,0,0,0,0,0,0,0,0,0,0,0,0,0,0,0,0,0,0,0,0,0,0,0,0,0,0,0,458449,148020680,44973395,0,0,0,0,0,0,0,0,0,0,0,0,0,0,0,0,0,0,0,0,0,0,0,0,0,0,0,0,0,0,0,0,0,0,0,0,0,2144124928,818790400,130867,49975,0,205,131072,147856921,0,0,1357405499,2147483648,114001257,145741125,0,0,0,0,0,0,0,0,0,0,0,0,0,0,0,0,0,0,8635992,8636076,0,97,97,6265,329,17272081,35,0,0,0,0,0,0,0,1,0,0,0,0,0,0,0,0,0,0,9713901,0,13983395,123764,0,0,0,0,0,0,0,0,16384,0,0,0,0,0,0,0,0,0,0,0,4780,342,0,0,0,0,0,26257149,0,9336,27,4632,340,4780,0,0,0,0,0,0,0,0,0,0,0,0,0,0,0,0,0,0,0,0,0,0,0,0,0,0,0,0,0,0,0,0,0,0,0,0,0,0,0,0,0,0,0,0,0,0,0,0,0,0,0,0,0,109677047,0,0,0,129008958,0,0,0,0,0,0,0,78930410,147927987,185450895,56972508160,45881452,0,0,0,0,0,0,0,0,0,0,0,0,0,0,0,0,0,0,0,0,0,0,0,0,0,0,0,0,0,0,0,12476708,0,0,0,0,0,0,0
1789580660.676,0,0,0,0,0,0,0,268546513,2422196854272,803608720896,0,0,0,0,0,0,0,0,0,0,0,0,0,0,0,0,0,0,0,0,0,0,0,0,0,0,0,0,0,0,0,0,0,0,0,0,0,0,0,0,0,0,0,0,0,0,0,0,0,0,0,0,0,0,0,0,0,0,458461,148026808,44974848,0,0,0,0,0,0,0,0,0,0,0,0,0,0,0,0,0,0,0,0,0,0,0,0,0,0,0,0,0,0,0,0,0,0,0,0,0,2143666176,817119232,130839,49873,0,233,131072,147863046,0,0,1357446572,2147483648,114007276,145745270,0,0,0,0,0,0,0,0,0,0,0,0,0,0,0,0,0,0,8636253,8636330,0,97,97,6265,329,17272603,35,0,0,0,0,0,0,0,1,0,0,0,0,0,0,0,0,0,0,9714211,0,13983420,123765,0,0,0,0,0,0,0,0,16384,0,0,0,0,0,0,0,0,0,0,0,4781,342,0,0,0,0,0,26257997,0,9336,27,4632,340,4781,0,0,0,0,0,0,0,0,0,0,0,0,0,0,0,0,0,0,0,0,0,0,0,0,0,0,0,0,0,0,0,0,0,0,0,0,0,0,0,0,0,0,0,0,0,0,0,0,0,0,0,0,0,109678381,0,0,0,129012614,0,0,0,0,0,0,0,78932728,147934113,185455137,56973283328,45882320,1,0,0,0,0,0,0,0,0,0,0,0,0,0,0,0,0,0,0,0,0,0,0,0,0,0,0,0,0,0,0,12476986,0,0,0,0,0,0,0
1789580661.703,0,0,0,0,0,0,0,268554546,2422299991552,803632322560,0,0,0,0,0,0,0,0,0,0,0,0,0,0,0,0,0,0,0,0,0,0,0,0,0,0,0,0,0,0,0,0,0,0,0,0,0,0,0,0,0,0,0,0,0,0,0,0,0,0,0,0,0,0,0,0,0,0,458471,148033120,44976224,0,0,0,0,0,0,0,0,0,0,0,0,0,0,0,0,0,0,0,0,0,0,0,0,0,0,0,0,0,0,0,0,0,0,0,0,0,2143928320,816676864,130855,49846,0,217,131072,147869352,0,0,1357488812,2147483648,114012746,145749301,0,0,0,0,0,0,0,0,0,0,0,0,0,0,0,0,0,0,8636511,8636583,0,97,97,6265,329,17273115,35,0,0,0,0,0,0,0,1,0,0,0,0,0,0,0,0,0,0,9714502,0,13983420,123765,0,0,0,0,0,0,0,0,16384,0,0,0,0,0,0,0,0,0,0,0,4782,342,0,0,0,0,0,26258783,0,9336,27,4632,340,4782,0,0,0,0,0,0,0,0,0,0,0,0,0,0,0,0,0,0,0,0,0,0,0,0,0,0,0,0,0,0,0,0,0,0,0,0,0,0,0,0,0,0,0,0,0,0,0,0,0,0,0,0,0,109679679,0,0,0,129016216,0,0,0,0,0,0,0,78934970,147940411,185459184,56974038528,45883185,0,0,0,0,0,0,0,0,0,0,0,0,0,0,0,0,0,0,0,0,0,0,0,0,0,0,0,0,0,0,0,12477245,0,0,0,0,0,0,0
1789580662.730,0,0,0,0,0,0,0,268562571,2422402866688,803656399872,0,0,0,0,0,0,0,0,0,0,0,0,0,0,0,0,0,0,0,0,0,0,0,0,0,0,0,0,0,0,0,0,0,0,0,0,0,0,0,0,0,0,0,0,0,0,0,0,0,0,0,0,0,0,0,0,0,0,458480,148039402,44977647,0,0,0,0,0,0,0,0,0,0,0,0,0,0,0,0,0,0,0,0,0,0,0,0,0,0,0,0,0,0,0,0,0,0,0,0,0,2143682560,816529408,130840,49837,1,231,131072,147875630,0,0,1357531038,2147483648,114018957,145753530,0,0,0,0,0,0,0,0,0,0,0,0,0,0,0,0,0,0,8636785,8636861,0,97,97,6265,329,17273649,35,0,0,0,0,0,0,0,1,0,0,0,0,0,0,0,0,0,0,9714809,0,13983420,123765,0,0,0,0,0,0,0,0,16384,0,0,0,0,0,0,0,0,0,0,0,4783,342,0,0,0,0,0,26259614,0,9336,27,4632,340,4783,0,0,0,0,0,0,0,0,0,0,0,0,0,0,0,0,0,0,0,0,0,0,0,0,0,0,0,0,0,0,0,0,0,0,0,0,0,0,0,0,0,0,0,0,0,0,0,0,0,0,0,0,0,109681025,0,0,0,129020000,0,0,0,0,0,0,0,78937264,147946693,185463336,56974822912,45884076,0,0,0,0,0,0,0,0,0,0,0,0,0,0,0,0,0,0,0,0,0,0,0,0,0,0,0,0,0,0,0,12477518,0,0,0,0,0,0,0
1789580663.756,0,0,0,0,0,0,0,268570871,2422509805056,803681090048,0,0,0,0,0,0,0,0,0,0,0,0,0,0,0,0,0,0,0,0,0,0,0,0,0,0,0,0,0,0,0,0,0,0,0,0,0,0,0,0,0,0,0,0,0,0,0,0,0,0,0,0,0,0,0,0,0,0,458489,148045934,44979085,0,0,0,0,0,0,0,0,0,0,0,0,0,0,0,0,0,0,0,0,0,0,0,0,0,0,0,0,0,0,0,0,0,0,0,0,0,2144239616,815939584,130874,49801,0,198,131072,147882153,0,0,1357574740,2147483648,114025382,145757731,0,0,0,0,0,0,0,0,0,0,0,0,0,0,0,0,0,0,8637052,8637136,0,97,97,6265,329,17274190,35,0,0,0,0,0,0,0,1,0,0,0,0,0,0,0,0,0,0,9715109,0,13983420,123765,0,0,0,0,0,0,0,0,16384,0,0,0,0,0,0,0,0,0,0,0,4784,342,0,0,0,0,0,26260420,0,9336,27,4632,340,4784,0,0,0,0,0,0,0,0,0,0,0,0,0,0,0,0,0,0,0,0,0,0,0,0,0,0,0,0,0,0,0,0,0,0,0,0,0,0,0,0,0,0,0,0,0,0,0,0,0,0,0,0,0,109682397,0,0,0,129023789,0,0,0,0,0,0,0,78939611,147953221,185467583,56975611904,45884985,0,0,0,0,0,0,0,0,0,0,0,0,0,0,0,0,0,0,0,0,0,0,0,0,0,0,0,0,0,0,0,12477784,0,0,0,0,0,0,0
1789580664.783,0,0,0,0,0,0,0,268579754,2422622838272,803706575872,0,0,0,0,0,0,0,0,0,0,0,0,0,0,0,0,0,0,0,0,0,0,0,0,0,0,0,0,0,0,0,0,0,0,0,0,0,0,0,0,0,0,0,0,0,0,0,0,0,0,0,0,0,0,0,0,0,0,458503,148052849,44980565,0,0,0,0,0,0,0,0,0,0,0,0,0,0,0,0,0,0,0,0,0,0,0,0,0,0,0,0,0,0,0,0,0,0,0,0,0,2144305152,816381952,130878,49828,0,194,131072,147889065,0,0,1357621923,2147483648,114032222,145762299,0,0,0,0,0,0,0,0,0,0,0,0,0,0,0,0,0,0,8637344,8637426,0,97,97,6265,329,17274768,35,0,0,0,0,0,0,0,1,0,0,0,0,0,0,0,0,0,0,9715425,0,13983420,123765,0,0,0,0,0,0,0,0,16384,0,0,0,0,0,0,0,0,0,0,0,4785,342,0,0,0,0,0,26261273,0,9336,27,4632,340,4785,0,0,0,0,0,0,0,0,0,0,0,0,0,0,0,0,0,0,0,0,0,0,0,0,0,0,0,0,0,0,0,0,0,0,0,0,0,0,0,0,0,0,0,0,0,0,0,0,0,0,0,0,0,109683830,0,0,0,129027892,0,0,0,0,0,0,0,78942025,147960129,185471981,56976445952,45885916,0,0,0,0,0,0,0,0,0,0,0,0,0,0,0,0,0,0,0,0,0,0,0,0,0,0,0,0,0,0,0,12478064,0,0,0,0,0,0,0
1789580665.810,0,0,0,0,0,0,0,268588681,2422736248320,803732502016,0,0,0,0,0,0,0,0,0,0,0,0,0,0,0,0,0,0,0,0,0,0,0,0,0,0,0,0,0,0,0,0,0,0,0,0,0,0,0,0,0,0,0,0,0,0,0,0,0,0,0,0,0,0,0,0,0,0,458521,148059776,44982089,0,0,0,0,0,0,0,0,0,0,0,0,0,0,0,0,0,0,0,0,0,0,0,0,0,0,0,0,0,0,0,0,0,0,0,0,0,2144206848,815529984,130872,49776,0,200,131072,147895988,0,0,1357668685,2147483648,114039079,145766864,0,0,0,0,0,0,0,0,0,0,0,0,0,0,0,0,0,0,8637634,8637718,0,97,97,6265,329,17275361,35,0,0,0,0,0,0,0,1,0,0,0,0,0,0,0,0,0,0,9715744,0,13983420,123765,0,0,0,0,0,0,0,0,16384,0,0,0,0,0,0,0,0,0,0,0,4786,342,0,0,0,0,0,26262137,0,9336,27,4632,340,4786,0,0,0,0,0,0,0,0,0,0,0,0,0,0,0,0,0,0,0,0,0,0,0,0,0,0,0,0,0,0,0,0,0,0,0,0,0,0,0,0,0,0,0,0,0,0,0,0,0,0,0,0,0,109685251,0,0,0,129031957,0,0,0,0,0,0,0,78944456,147967058,185476426,56977280000,45886834,0,0,0,0,0,0,0,0,0,0,0,0,0,0,0,0,0,0,0,0,0,0,0,0,0,0,0,0,0,0,0,12478346,0,0,0,0,0,0,0
1789580666.836,0,0,0,0,0,0,0,268597973,2422854000128,803759216640,0,0,0,0,0,0,0,0,0,0,0,0,0,0,0,0,0,0,0,0,0,0,0,0,0,0,0,0,0,0,0,0,0,0,0,0,0,0,0,0,0,0,0,0,0,0,0,0,0,0,0,0,0,0,0,0,0,0,458535,148066979,44983637,0,0,0,0,0,0,0,0,0,0,0,0,0,0,0,0,0,0,0,0,0,0,0,0,0,0,0,0,0,0,0,0,0,0,0,0,0,2144567296,817659904,130894,49906,0,178,131072,147903186,0,0,1357717345,2147483648,114046177,145771899,0,0,0,0,0,0,0,0,0,0,0,0,0,0,0,0,0,0,8637978,8638052,0,97,97,6265,329,17275989,35,0,0,0,0,0,0,0,1,0,0,0,0,0,0,0,0,0,0,9716102,0,13983420,123765,0,0,0,0,0,0,0,0,16384,0,0,0,0,0,0,0,0,0,0,0,4787,342,0,0,0,0,0,26263103,0,9336,27,4632,340,4787,0,0,0,0,0,0,0,0,0,0,0,0,0,0,0,0,0,0,0,0,0,0,0,0,0,0,0,0,0,0,0,0,0,0,0,0,0,0,0,0,0,0,0,0,0,0,0,0,0,0,0,0,0,109686795,0,0,0,129036481,0,0,0,0,0,0,0,78947007,147974257,185481066,56978196480,45887835,0,0,0,0,0,0,0,0,0,0,0,0,0,0,0,0,0,0,0,0,0,0,0,0,0,0,0,0,0,0,0,12478663,0,0,0,0,0,0,0
1789580667.862,0,0,0,0,0,0,0,268608487,2422986055168,803788375040,0,0,0,0,0,0,0,0,0,0,0,0,0,0,0,0,0,0,0,0,0,0,0,0,0,0,0,0,0,0,0,0,0,0,0,0,0,0,0,0,0,0,0,0,0,0,0,0,0,0,0,0,0,0,0,0,0,0,458560,148075041,44985339,0,0,0,0,0,0,0,0,0,0,0,0,0,0,0,0,0,0,0,0,0,0,0,0,0,0,0,0,0,0,0,0,0,0,0,0,0,2144370688,820314112,130881,50068,0,191,131072,147911244,0,0,1357772790,2147483648,114054156,145777647,0,0,0,0,0,0,0,0,0,0,0,0,0,0,0,0,0,0,8638325,8638407,0,97,97,6265,329,17276717,35,0,0,0,0,0,0,0,1,0,0,0,0,0,0,0,0,0,0,9716518,0,13983420,123765,0,0,0,0,0,0,0,0,16384,0,0,0,0,0,0,0,0,0,0,0,4788,342,0,0,0,0,0,26264229,0,9336,27,4632,340,4788,0,0,0,0,0,0,0,0,0,0,0,0,0,0,0,0,0,0,0,0,0,0,0,0,0,0,0,0,0,0,0,0,0,0,0,0,0,0,0,0,0,0,0,0,0,0,0,0,0,0,0,0,0,109688411,0,0,0,129041561,0,0,0,0,0,0,0,78949746,147982326,185486068,56979181568,45888880,0,0,0,0,0,0,0,0,0,0,0,0,0,0,0,0,0,0,0,0,0,0,0,0,0,0,0,0,0,0,0,12479033,0,0,0,0,0,0,0
1789580668.887,0,0,0,0,0,0,0,268618277,2423110901248,803816340992,0,0,0,0,0,0,0,0,0,0,0,0,0,0,0,0,0,0,0,0,0,0,0,0,0,0,0,0,0,0,0,0,0,0,0,0,0,0,0,0,0,0,0,0,0,0,0,0,0,0,0,0,0,0,0,0,0,0,458576,148082685,44986967,0,0,0,0,0,0,0,0,0,0,0,0,0,0,0,0,0,0,0,0,0,0,0,0,0,0,0,0,0,0,0,0,0,0,0,0,0,2144927744,818888704,130916,49981,0,156,131072,147918881,0,0,1357824535,2147483648,114061661,145782276,0,0,0,0,0,0,0,0,0,0,0,0,0,0,0,0,0,0,8638624,8638708,0,97,97,6265,329,17277309,35,0,0,0,0,0,0,0,1,0,0,0,0,0,0,0,0,0,0,9716841,0,13983420,123765,0,0,0,0,0,0,0,0,16384,0,0,0,0,0,0,0,0,0,0,0,4789,342,0,0,0,0,0,26265100,0,9336,27,4632,340,4789,0,0,0,0,0,0,0,0,0,0,0,0,0,0,0,0,0,0,0,0,0,0,0,0,0,0,0,0,0,0,0,0,0,0,0,0,0,0,0,0,0,0,0,0,0,0,0,0,0,0,0,0,0,109689869,0,0,0,129045733,0,0,0,0,0,0,0,78952323,147989958,185490791,56980033024,45889822,0,0,0,0,0,0,0,0,0,0,0,0,0,0,0,0,0,0,0,0,0,0,0,0,0,0,0,0,0,0,0,12479319,0,0,0,0,0,0,0
1789580669.913,0,0,0,0,0,0,0,268628047,2423235042816,803845176320,0,0,0,0,0,0,0,0,0,0,0,0,0,0,0,0,0,0,0,0,0,0,0,0,0,0,0,0,0,0,0,0,0,0,0,0,0,0,0,0,0,0,0,0,0,0,0,0,0,0,0,0,0,0,0,0,0,0,458597,148090275,44988634,0,0,0,0,0,0,0,0,0,0,0,0,0,0,0,0,0,0,0,0,0,0,0,0,0,0,0,0,0,0,0,0,0,0,0,0,0,2144714752,818921472,130903,49983,0,169,131072,147926466,0,0,1357875865,2147483648,114069201,145787318,0,0,0,0,0,0,0,0,0,0,0,0,0,0,0,0,0,0,8638944,8639028,0,97,97,6265,329,17277959,35,0,0,0,0,0,0,0,1,0,0,0,0,0,0,0,0,0,0,9717200,0,13983420,123765,0,0,0,0,0,0,0,0,16384,0,0,0,0,0,0,0,0,0,0,0,4790,342,0,0,0,0,0,26266082,0,9336,27,4632,340,4790,0,0,0,0,0,0,0,0,0,0,0,0,0,0,0,0,0,0,0,0,0,0,0,0,0,0,0,0,0,0,0,0,0,0,0,0,0,0,0,0,0,0,0,0,0,0,0,0,0,0,0,0,0,109691434,0,0,0,129050228,0,0,0,0,0,0,0,78955032,147997549,185495715,56980954112,45890851,0,0,0,0,0,0,0,0,0,0,0,0,0,0,0,0,0,0,0,0,0,0,0,0,0,0,0,0,0,0,0,12479639,0,0,0,0,0,0,0
1789580670.939,0,0,0,0,0,0,0,268638377,2423367474688,803874358272,0,0,0,0,0,0,0,0,0,0,0,0,0,0,0,0,0,0,0,0,0,0,0,0,0,0,0,0,0,0,0,0,0,0,0,0,0,0,0,0,0,0,0,0,0,0,0,0,0,0,0,0,0,0,0,0,0,0,458616,148098368,44990351,0,0,0,0,0,0,0,0,0,0,0,0,0,0,0,0,0,0,0,0,0,0,0,0,0,0,0,0,0,0,0,0,0,0,0,0,0,2144878592,819773440,130913,50035,0,159,131072,147934553,0,0,1357930397,2147483648,114077180,145792618,0,0,0,0,0,0,0,0,0,0,0,0,0,0,0,0,0,0,8639289,8639374,0,97,97,6265,329,17278630,35,0,0,0,0,0,0,0,1,0,0,0,0,0,0,0,0,0,0,9717582,0,13983420,123765,0,0,0,0,0,0,0,0,16384,0,0,0,0,0,0,0,0,0,0,0,4792,342,0,0,0,0,0,26267119,0,9336,27,4632,340,4792,0,0,0,0,0,0,0,0,0,0,0,0,0,0,0,0,0,0,0,0,0,0,0,0,0,0,0,0,0,0,0,0,0,0,0,0,0,0,0,0,0,0,0,0,0,0,0,0,0,0,0,0,0,109693033,0,0,0,129054997,0,0,0,0,0,0,0,78957800,148005640,185500706,56981904896,45891921,0,0,0,0,0,0,0,0,0,0,0,0,0,0,0,0,0,0,0,0,0,0,0,0,0,0,0,0,0,0,0,12479978,0,0,0,0,0,0,0
1789580671.965,0,0,0,0,0,0,0,268648892,2423501118976,803903441408,0,0,0,0,0,0,0,0,0,0,0,0,0,0,0,0,0,0,0,0,0,0,0,0,0,0,0,0,0,0,0,0,0,0,0,0,0,0,0,0,0,0,0,0,0,0,0,0,0,0,0,0,0,0,0,0,0,0,458632,148106529,44992044,0,0,0,0,0,0,0,0,0,0,0,0,0,0,0,0,0,0,0,0,0,0,0,0,0,0,0,0,0,0,0,0,0,0,0,0,0,2145386496,820985856,130944,50109,0,128,131072,147942710,0,0,1357985231,2147483648,114085212,145797989,0,0,0,0,0,0,0,0,0,0,0,0,0,0,0,0,0,0,8639632,8639714,0,97,97,6265,329,17279306,35,0,0,0,0,0,0,0,1,0,0,0,0,0,0,0,0,0,0,9717970,0,13983420,123765,0,0,0,0,0,0,0,0,16384,0,0,0,0,0,0,0,0,0,0,0,4793,342,0,0,0,0,0,26268171,0,9336,27,4632,340,4793,0,0,0,0,0,0,0,0,0,0,0,0,0,0,0,0,0,0,0,0,0,0,0,0,0,0,0,0,0,0,0,0,0,0,0,0,0,0,0,0,0,0,0,0,0,0,0,0,0,0,0,0,0,109694657,0,0,0,129059803,0,0,0,0,0,0,0,78960559,148013804,185505718,56982862336,45892987,0,0,0,0,0,0,0,0,0,0,0,0,0,0,0,0,0,0,0,0,0,0,0,0,0,0,0,0,0,0,0,12480324,0,0,0,0,0,0,0
1789580672.992,0,0,0,0,0,0,0,268659409,2423635779072,803934797824,0,0,0,0,0,0,0,0,0,0,0,0,0,0,0,0,0,0,0,0,0,0,0,0,0,0,0,0,0,0,0,0,0,0,0,0,0,0,0,0,0,0,0,0,0,0,0,0,0,0,0,0,0,0,0,0,0,0,458655,148114766,44993875,0,0,0,0,0,0,0,0,0,0,0,0,0,0,0,0,0,0,0,0,0,0,0,0,0,0,0,0,0,0,0,0,0,0,0,0,0,2145026048,821444608,130922,50137,0,150,131072,147950944,0,0,1358040592,2147483648,114093382,145803466,0,0,0,0,0,0,0,0,0,0,0,0,0,0,0,0,0,0,8639978,8640062,0,97,97,6265,329,17280002,35,0,0,0,0,0,0,0,1,0,0,0,0,0,0,0,0,0,0,9718349,0,13983420,123765,0,0,0,0,0,0,0,0,16384,0,0,0,0,0,0,0,0,0,0,0,4794,342,0,0,0,0,0,26269192,0,9336,27,4632,340,4794,0,0,0,0,0,0,0,0,0,0,0,0,0,0,0,0,0,0,0,0,0,0,0,0,0,0,0,0,0,0,0,0,0,0,0,0,0,0,0,0,0,0,0,0,0,0,0,0,0,0,0,0,0,109696280,0,0,0,129064713,0,0,0,0,0,0,0,78963424,148022031,185510996,56983831552,45894023,0,0,0,0,0,0,0,0,0,0,0,0,0,0,0,0,0,0,0,0,0,0,0,0,0,0,0,0,0,0,0,12480659,0,0,0,0,0,0,0
1789580674.018,0,0,0,0,0,0,0,268670612,2423778680320,803968039424,0,0,0,0,0,0,0,0,0,0,0,0,0,0,0,0,0,0,0,0,0,0,0,0,0,0,0,0,0,0,0,0,0,0,0,0,0,0,0,0,0,0,0,0,0,0,0,0,0,0,0,0,0,0,0,0,0,0,458686,148123498,44995821,0,0,0,0,0,0,0,0,0,0,0,0,0,0,0,0,0,0,0,0,0,0,0,0,0,0,0,0,0,0,0,0,0,0,0,0,0,2145419264,822558720,130946,50205,0,126,131072,147959670,0,0,1358099448,2147483648,114102008,145809412,0,0,0,0,0,0,0,0,0,0,0,0,0,0,0,0,0,0,8640360,8640441,0,97,97,6265,329,17280756,35,0,0,0,0,0,0,0,1,0,0,0,0,0,0,0,0,0,0,9718748,0,13983420,123765,0,0,0,0,0,0,0,0,16384,0,0,0,0,0,0,0,0,0,0,0,4795,342,0,0,0,0,0,26270263,0,9336,27,4632,340,4795,0,0,0,0,0,0,0,0,0,0,0,0,0,0,0,0,0,0,0,0,0,0,0,0,0,0,0,0,0,0,0,0,0,0,0,0,0,0,0,0,0,0,0,0,0,0,0,0,0,0,0,0,0,109697972,0,0,0,129070038,0,0,0,0,0,0,0,78966443,148030764,185516561,56984861696,45895104,0,0,0,0,0,0,0,0,0,0,0,0,0,0,0,0,0,0,0,0,0,0,0,0,0,0,0,0,0,0,0,12481011,0,0,0,0,0,0,0
1789580675.044,0,0,0,0,0,0,0,268681881,2423921139200,803999388160,0,0,0,0,0,0,0,0,0,0,0,0,0,0,0,0,0,0,0,0,0,0,0,0,0,0,0,0,0,0,0,0,0,0,0,0,0,0,0,0,0,0,0,0,0,0,0,0,0,0,0,0,0,0,0,0,0,0,458717,148132212,44997630,0,0,0,0,0,0,0,0,0,0,0,0,0,0,0,0,0,0,0,0,0,0,0,0,0,0,0,0,0,0,0,0,0,0,0,0,0,2145255424,825507840,130936,50384,0,136,131072,147968377,0,0,1358158154,2147483648,114110637,145815390,0,0,0,0,0,0,0,0,0,0,0,0,0,0,0,0,0,0,8640727,8640815,0,97,97,6265,329,17281504,35,0,0,0,0,0,0,0,1,0,0,0,0,0,0,0,0,0,0,9719176,0,13983420,123765,0,0,0,0,0,0,0,0,16384,0,0,0,0,0,0,0,0,0,0,0,4796,342,0,0,0,0,0,26271416,0,9336,27,4632,340,4796,0,0,0,0,0,0,0,0,0,0,0,0,0,0,0,0,0,0,0,0,0,0,0,0,0,0,0,0,0,0,0,0,0,0,0,0,0,0,0,0,0,0,0,0,0,0,0,0,0,0,0,0,0,109699689,0,0,0,129075333,0,0,0,0,0,0,0,78969372,148039474,185521923,56985896448,45896209,0,0,0,0,0,0,0,0,0,0,0,0,0,0,0,0,0,0,0,0,0,0,0,0,0,0,0,0,0,0,0,12481392,0,0,0,0,0,0,0
1789580676.070,0,0,0,0,0,0,0,268692536,2424056438272,804029249536,0,0,0,0,0,0,0,0,0,0,0,0,0,0,0,0,0,0,0,0,0,0,0,0,0,0,0,0,0,0,0,0,0,0,0,0,0,0,0,0,0,0,0,0,0,0,0,0,0,0,0,0,0,0,0,0,0,0,458744,148140480,44999377,0,0,0,0,0,0,0,0,0,0,0,0,0,0,0,0,0,0,0,0,0,0,0,0,0,0,0,0,0,0,0,0,0,0,0,0,0,2145222656,828768256,130934,50584,0,138,131072,147976638,0,0,1358213872,2147483648,114118828,145821179,0,0,0,0,0,0,0,0,0,0,0,0,0,0,0,0,0,0,8641097,8641181,0,97,97,6265,329,17282241,35,0,0,0,0,0,0,0,1,0,0,0,0,0,0,0,0,0,0,9719572,0,13983420,123765,0,0,0,0,0,0,0,0,16384,0,0,0,0,0,0,0,0,0,0,0,4797,342,0,0,0,0,0,26272477,0,9336,27,4632,340,4797,0,0,0,0,0,0,0,0,0,0,0,0,0,0,0,0,0,0,0,0,0,0,0,0,0,0,0,0,0,0,0,0,0,0,0,0,0,0,0,0,0,0,0,0,0,0,0,0,0,0,0,0,0,109701378,0,0,0,129080527,0,0,0,0,0,0,0,78972202,148047738,185527078,56986909696,45897306,0,0,0,0,0,0,0,0,0,0,0,0,0,0,0,0,0,0,0,0,0,0,0,0,0,0,0,0,0,0,0,12481742,0,0,0,0,0,0,0
1789580677.097,0,0,0,0,0,0,0,268702088,2424177253888,804057487360,0,0,0,0,0,0,0,0,0,0,0,0,0,0,0,0,0,0,0,0,0,0,0,0,0,0,0,0,0,0,0,0,0,0,0,0,0,0,0,0,0,0,0,0,0,0,0,0,0,0,0,0,0,0,0,0,0,0,458761,148147864,45001009,0,0,0,0,0,0,0,0,0,0,0,0,0,0,0,0,0,0,0,0,0,0,0,0,0,0,0,0,0,0,0,0,0,0,0,0,0,2145091584,828866560,130926,50590,0,146,131072,147984018,0,0,1358263442,2147483648,114126135,145826089,0,0,0,0,0,0,0,0,0,0,0,0,0,0,0,0,0,0,8641396,8641479,0,97,97,6265,329,17282860,35,0,0,0,0,0,0,0,1,0,0,0,0,0,0,0,0,0,0,9719935,0,13983420,123765,0,0,0,0,0,0,0,0,16384,0,0,0,0,0,0,0,0,0,0,0,4798,342,0,0,0,0,0,26273463,0,9336,27,4632,340,4798,0,0,0,0,0,0,0,0,0,0,0,0,0,0,0,0,0,0,0,0,0,0,0,0,0,0,0,0,0,0,0,0,0,0,0,0,0,0,0,0,0,0,0,0,0,0,0,0,0,0,0,0,0,109702952,0,0,0,129084903,0,0,0,0,0,0,0,78974867,148055120,185531940,56987820544,45898327,0,0,0,0,0,0,0,0,0,0,0,0,0,0,0,0,0,0,0,0,0,0,0,0,0,0,0,0,0,0,0,12482068,0,0,0,0,0,0,0
1789580678.124,0,0,0,0,0,0,0,268711630,2424298954240,804086392320,0,0,0,0,0,0,0,0,0,0,0,0,0,0,0,0,0,0,0,0,0,0,0,0,0,0,0,0,0,0,0,0,0,0,0,0,0,0,0,0,0,0,0,0,0,0,0,0,0,0,0,0,0,0,0,0,0,0,458785,148155295,45002685,0,0,0,0,0,0,0,0,0,0,0,0,0,0,0,0,0,0,0,0,0,0,0,0,0,0,0,0,0,0,0,0,0,0,0,0,0,2144960512,830406656,130918,50684,0,154,131072,147991445,0,0,1358313097,2147483648,114133392,145831325,0,0,0,0,0,0,0,0,0,0,0,0,0,0,0,0,0,0,8641723,8641808,0,97,97,6265,329,17283533,35,0,0,0,0,0,0,0,1,0,0,0,0,0,0,0,0,0,0,9720290,0,13983420,123766,0,0,0,0,0,0,0,0,16384,0,0,0,0,0,0,0,0,0,0,0,4799,342,0,0,0,0,0,26274412,0,9336,27,4632,340,4799,0,0,0,0,0,0,0,0,0,0,0,0,0,0,0,0,0,0,0,0,0,0,0,0,0,0,0,0,0,0,0,0,0,0,0,0,0,0,0,0,0,0,0,0,0,0,0,0,0,0,0,0,0,109704552,0,0,0,129089596,0,0,0,0,0,0,0,78977452,148062553,185536780,56988758016,45899357,0,0,0,0,0,0,0,0,0,0,0,0,0,0,0,0,0,0,0,0,0,0,0,0,0,0,0,0,0,0,0,12482381,0,0,0,0,0,0,0
1789580679.149,0,0,0,0,0,0,0,268722047,2424429796864,804117907456,0,0,0,0,0,0,0,0,0,0,0,0,0,0,0,0,0,0,0,0,0,0,0,0,0,0,0,0,0,0,0,0,0,0,0,0,0,0,0,0,0,0,0,0,0,0,0,0,0,0,0,0,0,0,0,0,0,0,458805,148163297,45004506,0,0,0,0,0,0,0,0,0,0,0,0,0,0,0,0,0,0,0,0,0,0,0,0,0,0,0,0,0,0,0,0,0,0,0,0,0,2143944704,832520192,130855,50813,0,217,131072,147999439,0,0,1358366318,2147483648,114141333,145837326,0,0,0,0,0,0,0,0,0,0,0,0,0,0,0,0,0,0,8642099,8642179,0,97,97,6265,329,17284269,35,0,0,0,0,0,0,0,1,0,0,0,0,0,0,0,0,0,0,9720761,0,13983548,123766,0,0,0,0,0,0,0,0,16384,0,0,0,0,0,0,0,0,0,0,0,4800,342,0,0,0,0,0,26275702,0,9336,27,4632,340,4800,0,0,0,0,0,0,0,0,0,0,0,0,0,0,0,0,0,0,0,0,0,0,0,0,0,0,0,0,0,0,0,0,0,0,0,0,0,0,0,0,0,0,0,0,0,0,0,0,0,0,0,0,0,109706254,0,0,0,129094858,0,0,0,0,0,0,0,78980374,148070559,185542150,56989782528,45900444,0,0,0,0,0,0,0,0,0,0,0,0,0,0,0,0,0,0,0,0,0,0,0,0,0,0,0,0,0,0,0,12482806,0,0,0,0,0,0,0
1789580680.175,0,0,0,0,0,0,0,268730683,2424539307520,804143443968,0,0,0,0,0,0,0,0,0,0,0,0,0,0,0,0,0,0,0,0,0,0,0,0,0,0,0,0,0,0,0,0,0,0,0,0,0,0,0,0,0,0,0,0,0,0,0,0,0,0,0,0,0,0,0,0,0,0,458818,148169994,45006010,0,0,0,0,0,0,0,0,0,0,0,0,0,0,0,0,0,0,0,0,0,0,0,0,0,0,0,0,0,0,0,0,0,0,0,0,0,2144321536,831340544,130879,50741,0,193,131072,148006133,0,0,1358411935,2147483648,114147934,145841560,0,0,0,0,0,0,0,0,0,0,0,0,0,0,0,0,0,0,8642360,8642439,0,97,97,6265,329,17284814,35,0,0,0,0,0,0,0,1,0,0,0,0,0,0,0,0,0,0,9721053,0,13983548,123766,0,0,0,0,0,0,0,0,16384,0,0,0,0,0,0,0,0,0,0,0,4801,342,0,0,0,0,0,26276485,0,9336,27,4632,340,4801,0,0,0,0,0,0,0,0,0,0,0,0,0,0,0,0,0,0,0,0,0,0,0,0,0,0,0,0,0,0,0,0,0,0,0,0,0,0,0,0,0,0,0,0,0,0,0,0,0,0,0,0,0,109707612,0,0,0,129098687,0,0,0,0,0,0,0,78982749,148077249,185546486,56990565376,45901329,0,0,0,0,0,0,0,0,0,0,0,0,0,0,0,0,0,0,0,0,0,0,0,0,0,0,0,0,0,0,0,12483064,0,0,0,0,0,0,0
1789580681.200,0,0,0,0,0,0,0,268738899,2424643280384,804167545344,0,0,0,0,0,0,0,0,0,0,0,0,0,0,0,0,0,0,0,0,0,0,0,0,0,0,0,0,0,0,0,0,0,0,0,0,0,0,0,0,0,0,0,0,0,0,0,0,0,0,0,0,0,0,0,0,0,0,458831,148176356,45007410,0,0,0,0,0,0,0,0,0,0,0,0,0,0,0,0,0,0,0,0,0,0,0,0,0,0,0,0,0,0,0,0,0,0,0,0,0,2144239616,832634880,130874,50820,0,198,131072,148012491,0,0,1358454198,2147483648,114154266,145846052,0,0,0,0,0,0,0,0,0,0,0,0,0,0,0,0,0,0,8642648,8642725,0,97,97,6265,329,17285376,35,0,0,0,0,0,0,0,1,0,0,0,0,0,0,0,0,0,0,9721383,0,13983548,123766,0,0,0,0,0,0,0,0,16384,0,0,0,0,0,0,0,0,0,0,0,4802,342,0,0,0,0,0,26277378,0,9336,27,4632,340,4802,0,0,0,0,0,0,0,0,0,0,0,0,0,0,0,0,0,0,0,0,0,0,0,0,0,0,0,0,0,0,0,0,0,0,0,0,0,0,0,0,0,0,0,0,0,0,0,0,0,0,0,0,0,109709062,0,0,0,129102697,0,0,0,0,0,0,0,78985079,148083610,185550738,56991400960,45902258,0,0,0,0,0,0,0,0,0,0,0,0,0,0,0,0,0,0,0,0,0,0,0,0,0,0,0,0,0,0,0,12483359,0,0,0,0,0,0,0
1789580682.226,0,0,0,0,0,0,0,268746482,2424739913216,804190941696,0,0,0,0,0,0,0,0,0,0,0,0,0,0,0,0,0,0,0,0,0,0,0,0,0,0,0,0,0,0,0,0,0,0,0,0,0,0,0,0,0,0,0,0,0,0,0,0,0,0,0,0,0,0,0,0,0,0,458839,148182255,45008765,0,0,0,0,0,0,0,0,0,0,0,0,0,0,0,0,0,0,0,0,0,0,0,0,0,0,0,0,0,0,0,0,0,0,0,0,0,2144043008,832241664,130862,50796,0,210,131072,148018388,0,0,1358493825,2147483648,114160119,145850052,0,0,0,0,0,0,0,0,0,0,0,0,0,0,0,0,0,0,8642892,8642970,0,97,97,6265,329,17285880,35,0,0,0,0,0,0,0,1,0,0,0,0,0,0,0,0,0,0,9721682,0,13983548,123766,0,0,0,0,0,0,0,0,16384,0,0,0,0,0,0,0,0,0,0,0,4803,342,0,0,0,0,0,26278189,0,9336,27,4632,340,4803,0,0,0,0,0,0,0,0,0,0,0,0,0,0,0,0,0,0,0,0,0,0,0,0,0,0,0,0,0,0,0,0,0,0,0,0,0,0,0,0,0,0,0,0,0,0,0,0,0,0,0,0,0,109710386,0,0,0,129106264,0,0,0,0,0,0,0,78987321,148089509,185554785,56992158208,45903138,0,0,0,0,0,0,0,0,0,0,0,0,0,0,0,0,0,0,0,0,0,0,0,0,0,0,0,0,0,0,0,12483627,0,0,0,0,0,0,0
1789580683.253,0,0,0,0,0,0,0,268754296,2424839249408,804214334976,0,0,0,0,0,0,0,0,0,0,0,0,0,0,0,0,0,0,0,0,0,0,0,0,0,0,0,0,0,0,0,0,0,0,0,0,0,0,0,0,0,0,0,0,0,0,0,0,0,0,0,0,0,0,0,0,0,0,458853,148188335,45010122,0,0,0,0,0,0,0,0,0,0,0,0,0,0,0,0,0,0,0,0,0,0,0,0,0,0,0,0,0,0,0,0,0,0,0,0,0,2143666176,831766528,130839,50767,0,233,131072,148024466,0,0,1358534532,2147483648,114166135,145854048,0,0,0,0,0,0,0,0,0,0,0,0,0,0,0,0,0,0,8643146,8643219,0,97,97,6265,329,17286388,35,0,0,0,0,0,0,0,1,0,0,0,0,0,0,0,0,0,0,9721964,0,13983548,123766,0,0,0,0,0,0,0,0,16384,0,0,0,0,0,0,0,0,0,0,0,4804,342,0,0,0,0,0,26278952,0,9336,27,4632,340,4804,0,0,0,0,0,0,0,0,0,0,0,0,0,0,0,0,0,0,0,0,0,0,0,0,0,0,0,0,0,0,0,0,0,0,0,0,0,0,0,0,0,0,0,0,0,0,0,0,0,0,0,0,0,109711685,0,0,0,129109827,0,0,0,0,0,0,0,78989557,148095579,185558807,56992913408,45904011,0,0,0,0,0,0,0,0,0,0,0,0,0,0,0,0,0,0,0,0,0,0,0,0,0,0,0,0,0,0,0,12483877,0,0,0,0,0,0,0
1789580684.280,0,0,0,0,0,0,0,268762222,2424940420608,804236218368,0,0,0,0,0,0,0,0,0,0,0,0,0,0,0,0,0,0,0,0,0,0,0,0,0,0,0,0,0,0,0,0,0,0,0,0,0,0,0,0,0,0,0,0,0,0,0,0,0,0,0,0,0,0,0,0,0,0,458861,148194518,45011406,0,0,0,0,0,0,0,0,0,0,0,0,0,0,0,0,0,0,0,0,0,0,0,0,0,0,0,0,0,0,0,0,0,0,0,0,0,2143977472,833142784,130858,50851,0,214,131072,148030643,0,0,1358576232,2147483648,114172242,145858156,0,0,0,0,0,0,0,0,0,0,0,0,0,0,0,0,0,0,8643415,8643491,0,97,97,6265,329,17286909,35,0,0,0,0,0,0,0,1,0,0,0,0,0,0,0,0,0,0,9722251,0,13983548,123766,0,0,0,0,0,0,0,0,16384,0,0,0,0,0,0,0,0,0,0,0,4805,342,0,0,0,0,0,26279721,0,9336,27,4632,340,4805,0,0,0,0,0,0,0,0,0,0,0,0,0,0,0,0,0,0,0,0,0,0,0,0,0,0,0,0,0,0,0,0,0,0,0,0,0,0,0,0,0,0,0,0,0,0,0,0,0,0,0,0,0,109713030,0,0,0,129113551,0,0,0,0,0,0,0,78991719,148101768,185562689,56993689600,45904904,0,0,0,0,0,0,0,0,0,0,0,0,0,0,0,0,0,0,0,0,0,0,0,0,0,0,0,0,0,0,0,12484131,0,0,0,0,0,0,0
1789580685.305,0,0,0,0,0,0,0,268769980,2425039265280,804260345344,0,0,0,0,0,0,0,0,0,0,0,0,0,0,0,0,0,0,0,0,0,0,0,0,0,0,0,0,0,0,0,0,0,0,0,0,0,0,0,0,0,0,0,0,0,0,0,0,0,0,0,0,0,0,0,0,0,0,458874,148200555,45012812,0,0,0,0,0,0,0,0,0,0,0,0,0,0,0,0,0,0,0,0,0,0,0,0,0,0,0,0,0,0,0,0,0,0,0,0,0,2143764480,832618496,130845,50819,0,227,131072,148036676,0,0,1358616555,2147483648,114178238,145862335,0,0,0,0,0,0,0,0,0,0,0,0,0,0,0,0,0,0,8643668,8643745,0,97,97,6265,329,17287434,35,0,0,0,0,0,0,0,1,0,0,0,0,0,0,0,0,0,0,9722558,0,13983548,123766,0,0,0,0,0,0,0,0,16384,0,0,0,0,0,0,0,0,0,0,0,4806,342,0,0,0,0,0,26280554,0,9336,27,4632,340,4806,0,0,0,0,0,0,0,0,0,0,0,0,0,0,0,0,0,0,0,0,0,0,0,0,0,0,0,0,0,0,0,0,0,0,0,0,0,0,0,0,0,0,0,0,0,0,0,0,0,0,0,0,0,109714388,0,0,0,129117248,0,0,0,0,0,0,0,78994022,148107804,185566858,56994468352,45905801,0,0,0,0,0,0,0,0,0,0,0,0,0,0,0,0,0,0,0,0,0,0,0,0,0,0,0,0,0,0,0,12484405,0,0,0,0,0,0,0
1789580686.331,0,0,0,0,0,0,0,268777679,2425137061376,804284430336,0,0,0,0,0,0,0,0,0,0,0,0,0,0,0,0,0,0,0,0,0,0,0,0,0,0,0,0,0,0,0,0,0,0,0,0,0,0,0,0,0,0,0,0,0,0,0,0,0,0,0,0,0,0,0,0,0,0,458885,148206536,45014209,0,0,0,0,0,0,0,0,0,0,0,0,0,0,0,0,0,0,0,0,0,0,0,0,0,0,0,0,0,0,0,0,0,0,0,0,0,2143698944,829784064,130841,50646,0,231,131072,148042654,0,0,1358657045,2147483648,114184153,145866088,0,0,0,0,0,0,0,0,0,0,0,0,0,0,0,0,0,0,8643911,8643992,0,97,97,6265,329,17287911,35,0,0,0,0,0,0,0,1,0,0,0,0,0,0,0,0,0,0,9722819,0,13983548,123766,0,0,0,0,0,0,0,0,16384,0,0,0,0,0,0,0,0,0,0,0,4807,342,0,0,0,0,0,26281259,0,9336,27,4632,340,4807,0,0,0,0,0,0,0,0,0,0,0,0,0,0,0,0,0,0,0,0,0,0,0,0,0,0,0,0,0,0,0,0,0,0,0,0,0,0,0,0,0,0,0,0,0,0,0,0,0,0,0,0,0,109715653,0,0,0,129120630,0,0,0,0,0,0,0,78996272,148113778,185570939,56995197952,45906644,1,0,0,0,0,0,0,0,0,0,0,0,0,0,0,0,0,0,0,0,0,0,0,0,0,0,0,0,0,0,0,12484637,0,0,0,0,0,0,0
1789580687.357,0,0,0,0,0,0,0,268785805,2425240116736,804306017792,0,0,0,0,0,0,0,0,0,0,0,0,0,0,0,0,0,0,0,0,0,0,0,0,0,0,0,0,0,0,0,0,0,0,0,0,0,0,0,0,0,0,0,0,0,0,0,0,0,0,0,0,0,0,0,0,0,0,458893,148212830,45015472,0,0,0,0,0,0,0,0,0,0,0,0,0,0,0,0,0,0,0,0,0,0,0,0,0,0,0,0,0,0,0,0,0,0,0,0,0,2143748096,832978944,130844,50841,0,228,131072,148048942,0,0,1358699538,2147483648,114190367,145870452,0,0,0,0,0,0,0,0,0,0,0,0,0,0,0,0,0,0,8644188,8644264,0,97,97,6265,329,17288471,35,0,0,0,0,0,0,0,1,0,0,0,0,0,0,0,0,0,0,9723129,0,13983548,123766,0,0,0,0,0,0,0,0,16384,0,0,0,0,0,0,0,0,0,0,0,4808,342,0,0,0,0,0,26282096,0,9336,27,4632,340,4808,0,0,0,0,0,0,0,0,0,0,0,0,0,0,0,0,0,0,0,0,0,0,0,0,0,0,0,0,0,0,0,0,0,0,0,0,0,0,0,0,0,0,0,0,0,0,0,0,0,0,0,0,0,109717039,0,0,0,129124543,0,0,0,0,0,0,0,78998442,148120068,185574824,56996006912,45907564,0,0,0,0,0,0,0,0,0,0,0,0,0,0,0,0,0,0,0,0,0,0,0,0,0,0,0,0,0,0,0,12484912,0,0,0,0,0,0,0
1789580688.383,0,0,0,0,0,0,0,268793556,2425339502080,804330066944,0,0,0,0,0,0,0,0,0,0,0,0,0,0,0,0,0,0,0,0,0,0,0,0,0,0,0,0,0,0,0,0,0,0,0,0,0,0,0,0,0,0,0,0,0,0,0,0,0,0,0,0,0,0,0,0,0,0,458902,148218905,45016851,0,0,0,0,0,0,0,0,0,0,0,0,0,0,0,0,0,0,0,0,0,0,0,0,0,0,0,0,0,0,0,0,0,0,0,0,0,2144059392,831864832,130863,50773,0,209,131072,148055015,0,0,1358739966,2147483648,114196357,145874402,0,0,0,0,0,0,0,0,0,0,0,0,0,0,0,0,0,0,8644448,8644520,0,97,97,6265,329,17288970,35,0,0,0,0,0,0,0,1,0,0,0,0,0,0,0,0,0,0,9723411,0,13983548,123766,0,0,0,0,0,0,0,0,16384,0,0,0,0,0,0,0,0,0,0,0,4809,342,0,0,0,0,0,26282856,0,9336,27,4632,340,4809,0,0,0,0,0,0,0,0,0,0,0,0,0,0,0,0,0,0,0,0,0,0,0,0,0,0,0,0,0,0,0,0,0,0,0,0,0,0,0,0,0,0,0,0,0,0,0,0,0,0,0,0,0,109718390,0,0,0,129128093,0,0,0,0,0,0,0,79000737,148126141,185578977,56996775936,45908458,0,0,0,0,0,0,0,0,0,0,0,0,0,0,0,0,0,0,0,0,0,0,0,0,0,0,0,0,0,0,0,12485162,0,0,0,0,0,0,0
1789580689.410,0,0,0,0,0,0,0,268802019,2425446866432,804353964032,0,0,0,0,0,0,0,0,0,0,0,0,0,0,0,0,0,0,0,0,0,0,0,0,0,0,0,0,0,0,0,0,0,0,0,0,0,0,0,0,0,0,0,0,0,0,0,0,0,0,0,0,0,0,0,0,0,0,458915,148225471,45018260,0,0,0,0,0,0,0,0,0,0,0,0,0,0,0,0,0,0,0,0,0,0,0,0,0,0,0,0,0,0,0,0,0,0,0,0,0,2144124928,832454656,130867,50809,0,205,131072,148061580,0,0,1358784716,2147483648,114202857,145878800,0,0,0,0,0,0,0,0,0,0,0,0,0,0,0,0,0,0,8644719,8644796,0,97,97,6265,329,17289540,35,0,0,0,0,0,0,0,1,0,0,0,0,0,0,0,0,0,0,9723718,0,13983548,123766,0,0,0,0,0,0,0,0,16384,0,0,0,0,0,0,0,0,0,0,0,4810,342,0,0,0,0,0,26283688,0,9336,27,4632,340,4810,0,0,0,0,0,0,0,0,0,0,0,0,0,0,0,0,0,0,0,0,0,0,0,0,0,0,0,0,0,0,0,0,0,0,0,0,0,0,0,0,0,0,0,0,0,0,0,0,0,0,0,0,0,109719830,0,0,0,129132042,0,0,0,0,0,0,0,79003066,148132704,185583194,56997599232,45909398,0,0,0,0,0,0,0,0,0,0,0,0,0,0,0,0,0,0,0,0,0,0,0,0,0,0,0,0,0,0,0,12485434,0,0,0,0,0,0,0
1789580690.435,0,0,0,0,0,0,0,268810845,2425559473664,804379793408,0,0,0,0,0,0,0,0,0,0,0,0,0,0,0,0,0,0,0,0,0,0,0,0,0,0,0,0,0,0,0,0,0,0,0,0,0,0,0,0,0,0,0,0,0,0,0,0,0,0,0,0,0,0,0,0,0,0,458930,148232357,45019762,0,0,0,0,0,0,0,0,0,0,0,0,0,0,0,0,0,0,0,0,0,0,0,0,0,0,0,0,0,0,0,0,0,0,0,0,0,2144108544,832323584,130866,50801,0,206,131072,148068462,0,0,1358830973,2147483648,114209675,145883316,0,0,0,0,0,0,0,0,0,0,0,0,0,0,0,0,0,0,8645015,8645098,0,97,97,6265,329,17290107,35,0,0,0,0,0,0,0,1,0,0,0,0,0,0,0,0,0,0,9724043,0,13983548,123766,0,0,0,0,0,0,0,0,16384,0,0,0,0,0,0,0,0,0,0,0,4811,342,0,0,0,0,0,26284565,0,9336,27,4632,340,4811,0,0,0,0,0,0,0,0,0,0,0,0,0,0,0,0,0,0,0,0,0,0,0,0,0,0,0,0,0,0,0,0,0,0,0,0,0,0,0,0,0,0,0,0,0,0,0,0,0,0,0,0,0,109721252,0,0,0,129136095,0,0,0,0,0,0,0,79005507,148139590,185587622,56998435328,45910335,0,0,0,0,0,0,0,0,0,0,0,0,0,0,0,0,0,0,0,0,0,0,0,0,0,0,0,0,0,0,0,12485723,0,0,0,0,0,0,0
1789580691.462,0,0,0,0,0,0,0,268820170,2425676783104,804431165952,0,0,0,0,0,0,0,0,0,0,0,0,0,0,0,0,0,0,0,0,0,0,0,0,0,0,0,0,0,0,0,0,0,0,0,0,0,0,0,0,0,0,0,0,0,0,0,0,0,0,0,0,0,0,0,0,0,0,458946,148239527,45022823,0,0,0,0,0,0,0,0,0,0,0,0,0,0,0,0,0,0,0,0,0,0,0,0,0,0,0,0,0,0,0,0,0,0,0,0,0,2144649216,809385984,130899,49401,0,173,131072,148075630,0,0,1358879933,2147483648,114216096,145888326,0,0,0,0,0,0,0,0,0,0,0,0,0,0,0,0,0,0,8645336,8645421,0,97,97,6265,329,17290739,35,0,0,0,0,0,0,0,1,0,0,0,0,0,0,0,0,0,0,9724404,0,13985054,123779,0,0,0,0,0,0,0,0,16384,0,0,0,0,0,0,0,0,0,0,0,4812,342,0,0,0,0,0,26285543,0,9336,27,4632,340,4812,0,0,0,0,0,0,0,0,0,0,0,0,0,0,0,0,0,0,0,0,0,0,0,0,0,0,0,0,0,0,0,0,0,0,0,0,0,0,0,0,0,0,0,0,0,0,0,0,0,0,0,0,0,109722799,0,0,0,129140562,0,0,0,0,0,0,0,79008286,148146753,185593793,56999337984,45911333,0,0,0,0,0,0,0,0,0,0,0,0,0,0,0,0,0,0,0,0,0,0,0,0,0,0,0,0,0,0,0,12486044,0,0,0,0,0,0,0
1789580692.489,0,0,0,0,0,0,0,268830388,2425806429696,804461069824,0,0,0,0,0,0,0,0,0,0,0,0,0,0,0,0,0,0,0,0,0,0,0,0,0,0,0,0,0,0,0,0,0,0,0,0,0,0,0,0,0,0,0,0,0,0,0,0,0,0,0,0,0,0,0,0,0,0,458959,148247444,45024577,0,0,0,0,0,0,0,0,0,0,0,0,0,0,0,0,0,0,0,0,0,0,0,0,0,0,0,0,0,0,0,0,0,0,0,0,0,2144223232,810303488,130873,49457,0,199,131072,148083535,0,0,1358933892,2147483648,114223947,145893713,0,0,0,0,0,0,0,0,0,0,0,0,0,0,0,0,0,0,8645676,8645758,0,97,97,6265,329,17291442,35,0,0,0,0,0,0,0,1,0,0,0,0,0,0,0,0,0,0,9724786,0,13985054,123779,0,0,0,0,0,0,0,0,16384,0,0,0,0,0,0,0,0,0,0,0,4813,342,0,0,0,0,0,26286575,0,9336,27,4632,340,4813,0,0,0,0,0,0,0,0,0,0,0,0,0,0,0,0,0,0,0,0,0,0,0,0,0,0,0,0,0,0,0,0,0,0,0,0,0,0,0,0,0,0,0,0,0,0,0,0,0,0,0,0,0,109724396,0,0,0,129145419,0,0,0,0,0,0,0,79011058,148154670,185598874,57000289280,45912364,0,0,0,0,0,0,0,0,0,0,0,0,0,0,0,0,0,0,0,0,0,0,0,0,0,0,0,0,0,0,0,12486383,0,0,0,0,0,0,0
1789580693.516,0,0,0,0,0,0,0,268840418,2425934126592,804488947712,0,0,0,0,0,0,0,0,0,0,0,0,0,0,0,0,0,0,0,0,0,0,0,0,0,0,0,0,0,0,0,0,0,0,0,0,0,0,0,0,0,0,0,0,0,0,0,0,0,0,0,0,0,0,0,0,0,0,458976,148255256,45026196,0,0,0,0,0,0,0,0,0,0,0,0,0,0,0,0,0,0,0,0,0,0,0,0,0,0,0,0,0,0,0,0,0,0,0,0,0,2144862208,811745280,130912,49545,0,160,131072,148091343,0,0,1358987006,2147483648,114231621,145898779,0,0,0,0,0,0,0,0,0,0,0,0,0,0,0,0,0,0,8646012,8646095,0,97,97,6265,329,17292089,35,0,0,0,0,0,0,0,1,0,0,0,0,0,0,0,0,0,0,9725133,0,13985054,123779,0,0,0,0,0,0,0,0,16384,0,0,0,0,0,0,0,0,0,0,0,4814,342,0,0,0,0,0,26287500,0,9336,27,4632,340,4814,0,0,0,0,0,0,0,0,0,0,0,0,0,0,0,0,0,0,0,0,0,0,0,0,0,0,0,0,0,0,0,0,0,0,0,0,0,0,0,0,0,0,0,0,0,0,0,0,0,0,0,0,0,109725919,0,0,0,129149999,0,0,0,0,0,0,0,79013660,148162477,185603640,57001197568,45913345,0,0,0,0,0,0,0,0,0,0,0,0,0,0,0,0,0,0,0,0,0,0,0,0,0,0,0,0,0,0,0,12486688,0,0,0,0,0,0,0
1789580694.542,0,0,0,0,0,0,0,268850124,2426058366464,804518148608,0,0,0,0,0,0,0,0,0,0,0,0,0,0,0,0,0,0,0,0,0,0,0,0,0,0,0,0,0,0,0,0,0,0,0,0,0,0,0,0,0,0,0,0,0,0,0,0,0,0,0,0,0,0,0,0,0,0,458992,148262851,45027889,0,0,0,0,0,0,0,0,0,0,0,0,0,0,0,0,0,0,0,0,0,0,0,0,0,0,0,0,0,0,0,0,0,0,0,0,0,2144681984,810483712,130901,49468,0,171,131072,148098934,0,0,1359037974,2147483648,114239160,145903665,0,0,0,0,0,0,0,0,0,0,0,0,0,0,0,0,0,0,8646316,8646399,0,97,97,6265,329,17292708,35,0,0,0,0,0,0,0,1,0,0,0,0,0,0,0,0,0,0,9725504,0,13985054,123779,0,0,0,0,0,0,0,0,16384,0,0,0,0,0,0,0,0,0,0,0,4815,342,0,0,0,0,0,26288512,0,9336,27,4632,340,4815,0,0,0,0,0,0,0,0,0,0,0,0,0,0,0,0,0,0,0,0,0,0,0,0,0,0,0,0,0,0,0,0,0,0,0,0,0,0,0,0,0,0,0,0,0,0,0,0,0,0,0,0,0,109727452,0,0,0,129154324,0,0,0,0,0,0,0,79016350,148170068,185608582,57002091008,45914331,0,0,0,0,0,0,0,0,0,0,0,0,0,0,0,0,0,0,0,0,0,0,0,0,0,0,0,0,0,0,0,12487021,0,0,0,0,0,0,0
1789580695.567,0,0,0,0,0,0,0,268860105,2426185883136,804546264064,0,0,0,0,0,0,0,0,0,0,0,0,0,0,0,0,0,0,0,0,0,0,0,0,0,0,0,0,0,0,0,0,0,0,0,0,0,0,0,0,0,0,0,0,0,0,0,0,0,0,0,0,0,0,0,0,0,0,459011,148270639,45029519,0,0,0,0,0,0,0,0,0,0,0,0,0,0,0,0,0,0,0,0,0,0,0,0,0,0,0,0,0,0,0,0,0,0,0,0,0,2144878592,813416448,130913,49647,0,159,131072,148106717,0,0,1359090490,2147483648,114246851,145908992,0,0,0,0,0,0,0,0,0,0,0,0,0,0,0,0,0,0,8646656,8646741,0,97,97,6265,329,17293384,35,0,0,0,0,0,0,0,1,0,0,0,0,0,0,0,0,0,0,9725875,0,13985054,123779,0,0,0,0,0,0,0,0,16384,0,0,0,0,0,0,0,0,0,0,0,4816,342,0,0,0,0,0,26289508,0,9336,27,4632,340,4816,0,0,0,0,0,0,0,0,0,0,0,0,0,0,0,0,0,0,0,0,0,0,0,0,0,0,0,0,0,0,0,0,0,0,0,0,0,0,0,0,0,0,0,0,0,0,0,0,0,0,0,0,0,109729027,0,0,0,129159112,0,0,0,0,0,0,0,79019009,148177855,185613428,57003034112,45915355,0,0,0,0,0,0,0,0,0,0,0,0,0,0,0,0,0,0,0,0,0,0,0,0,0,0,0,0,0,0,0,12487350,0,0,0,0,0,0,0
1789580696.593,0,0,0,0,0,0,0,268870192,2426314579456,804575939584,0,0,0,0,0,0,0,0,0,0,0,0,0,0,0,0,0,0,0,0,0,0,0,0,0,0,0,0,0,0,0,0,0,0,0,0,0,0,0,0,0,0,0,0,0,0,0,0,0,0,0,0,0,0,0,0,0,0,459028,148278510,45031265,0,0,0,0,0,0,0,0,0,0,0,0,0,0,0,0,0,0,0,0,0,0,0,0,0,0,0,0,0,0,0,0,0,0,0,0,0,2144714752,814333952,130903,49703,0,169,131072,148114584,0,0,1359143468,2147483648,114254634,145914194,0,0,0,0,0,0,0,0,0,0,0,0,0,0,0,0,0,0,8646997,8647080,0,97,97,6265,329,17294046,35,0,0,0,0,0,0,0,1,0,0,0,0,0,0,0,0,0,0,9726239,0,13985054,123779,0,0,0,0,0,0,0,0,16384,0,0,0,0,0,0,0,0,0,0,0,4817,342,0,0,0,0,0,26290488,0,9336,27,4632,340,4817,0,0,0,0,0,0,0,0,0,0,0,0,0,0,0,0,0,0,0,0,0,0,0,0,0,0,0,0,0,0,0,0,0,0,0,0,0,0,0,0,0,0,0,0,0,0,0,0,0,0,0,0,0,109730586,0,0,0,129163821,0,0,0,0,0,0,0,79021755,148185726,185618445,57003961856,45916372,0,0,0,0,0,0,0,0,0,0,0,0,0,0,0,0,0,0,0,0,0,0,0,0,0,0,0,0,0,0,0,12487672,0,0,0,0,0,0,0
1789580697.618,0,0,0,0,0,0,0,268880722,2426449468928,804607802368,0,0,0,0,0,0,0,0,0,0,0,0,0,0,0,0,0,0,0,0,0,0,0,0,0,0,0,0,0,0,0,0,0,0,0,0,0,0,0,0,0,0,0,0,0,0,0,0,0,0,0,0,0,0,0,0,0,0,459049,148286760,45033123,0,0,0,0,0,0,0,0,0,0,0,0,0,0,0,0,0,0,0,0,0,0,0,0,0,0,0,0,0,0,0,0,0,0,0,0,0,2145140736,814858240,130929,49735,0,143,131072,148122832,0,0,1359198461,2147483648,114262754,145919725,0,0,0,0,0,0,0,0,0,0,0,0,0,0,0,0,0,0,8647348,8647430,0,97,97,6265,329,17294738,35,0,0,0,0,0,0,0,1,0,0,0,0,0,0,0,0,0,0,9726634,0,13985054,123779,0,0,0,0,0,0,0,0,16384,0,0,0,0,0,0,0,0,0,0,0,4818,342,0,0,0,0,0,26291556,0,9336,27,4632,340,4818,0,0,0,0,0,0,0,0,0,0,0,0,0,0,0,0,0,0,0,0,0,0,0,0,0,0,0,0,0,0,0,0,0,0,0,0,0,0,0,0,0,0,0,0,0,0,0,0,0,0,0,0,0,109732214,0,0,0,129168760,0,0,0,0,0,0,0,79024655,148193967,185623792,57004931584,45917414,0,0,0,0,0,0,0,0,0,0,0,0,0,0,0,0,0,0,0,0,0,0,0,0,0,0,0,0,0,0,0,12488024,0,0,0,0,0,0,0
1789580698.644,0,0,0,0,0,0,0,268892073,2426594074112,804641312256,0,0,0,0,0,0,0,0,0,0,0,0,0,0,0,0,0,0,0,0,0,0,0,0,0,0,0,0,0,0,0,0,0,0,0,0,0,0,0,0,0,0,0,0,0,0,0,0,0,0,0,0,0,0,0,0,0,0,459073,148295598,45035089,0,0,0,0,0,0,0,0,0,0,0,0,0,0,0,0,0,0,0,0,0,0,0,0,0,0,0,0,0,0,0,0,0,0,0,0,0,2145157120,815677440,130930,49785,0,142,131072,148131669,0,0,1359257987,2147483648,114271476,145925680,0,0,0,0,0,0,0,0,0,0,0,0,0,0,0,0,0,0,8647728,8647815,0,97,97,6265,329,17295489,35,0,0,0,0,0,0,0,1,0,0,0,0,0,0,0,0,0,0,9727050,0,13985054,123779,0,0,0,0,0,0,0,0,16384,0,0,0,0,0,0,0,0,0,0,0,4819,342,0,0,0,0,0,26292678,0,9336,27,4632,340,4819,0,0,0,0,0,0,0,0,0,0,0,0,0,0,0,0,0,0,0,0,0,0,0,0,0,0,0,0,0,0,0,0,0,0,0,0,0,0,0,0,0,0,0,0,0,0,0,0,0,0,0,0,0,109733943,0,0,0,129174107,0,0,0,0,0,0,0,79027713,148202810,185629431,57005965824,45918518,0,0,0,0,0,0,0,0,0,0,0,0,0,0,0,0,0,0,0,0,0,0,0,0,0,0,0,0,0,0,0,12488392,0,0,0,0,0,0,0
1789580699.670,0,0,0,0,0,0,0,268903774,2426743692800,804675497984,0,0,0,0,0,0,0,0,0,0,0,0,0,0,0,0,0,0,0,0,0,0,0,0,0,0,0,0,0,0,0,0,0,0,0,0,0,0,0,0,0,0,0,0,0,0,0,0,0,0,0,0,0,0,0,0,0,0,459097,148304753,45037084,0,0,0,0,0,0,0,0,0,0,0,0,0,0,0,0,0,0,0,0,0,0,0,0,0,0,0,0,0,0,0,0,0,0,0,0,0,2145599488,815398912,130957,49768,0,115,131072,148140817,0,0,1359319475,2147483648,114280499,145931374,0,0,0,0,0,0,0,0,0,0,0,0,0,0,0,0,0,0,8648093,8648177,0,97,97,6265,329,17296213,35,0,0,0,0,0,0,0,1,0,0,0,0,0,0,0,0,0,0,9727440,0,13985054,123779,0,0,0,0,0,0,0,0,16384,0,0,0,0,0,0,0,0,0,0,0,4820,342,0,0,0,0,0,26293732,0,9336,27,4632,340,4820,0,0,0,0,0,0,0,0,0,0,0,0,0,0,0,0,0,0,0,0,0,0,0,0,0,0,0,0,0,0,0,0,0,0,0,0,0,0,0,0,0,0,0,0,0,0,0,0,0,0,0,0,0,109735601,0,0,0,129179242,0,0,0,0,0,0,0,79030790,148211955,185635083,57006970880,45919598,0,0,0,0,0,0,0,0,0,0,0,0,0,0,0,0,0,0,0,0,0,0,0,0,0,0,0,0,0,0,0,12488737,0,0,0,0,0,0,0
1789580700.696,0,0,0,0,0,0,0,268916311,2426903223808,804710806016,0,0,0,0,0,0,0,0,0,0,0,0,0,0,0,0,0,0,0,0,0,0,0,0,0,0,0,0,0,0,0,0,0,0,0,0,0,0,0,0,0,0,0,0,0,0,0,0,0,0,0,0,0,0,0,0,0,0,459134,148314502,45039138,0,0,0,0,0,0,0,0,0,0,0,0,0,0,0,0,0,0,0,0,0,0,0,0,0,0,0,0,0,0,0,0,0,0,0,0,0,2145550336,818921472,130954,49983,0,118,131072,148150561,0,0,1359385086,2147483648,114290136,145938143,0,0,0,0,0,0,0,0,0,0,0,0,0,0,0,0,0,0,8648509,8648596,0,97,97,6265,329,17297066,35,0,0,0,0,0,0,0,1,0,0,0,0,0,0,0,0,0,0,9727911,0,13985054,123779,0,0,0,0,0,0,0,0,16384,0,0,0,0,0,0,0,0,0,0,0,4821,342,0,0,0,0,0,26294991,0,9336,27,4632,340,4821,0,0,0,0,0,0,0,0,0,0,0,0,0,0,0,0,0,0,0,0,0,0,0,0,0,0,0,0,0,0,0,0,0,0,0,0,0,0,0,0,0,0,0,0,0,0,0,0,0,0,0,0,0,109737413,0,0,0,129185233,0,0,0,0,0,0,0,79034028,148221703,185641002,57008096256,45920782,0,0,0,0,0,0,0,0,0,0,0,0,0,0,0,0,0,0,0,0,0,0,0,0,0,0,0,0,0,0,0,12489154,0,0,0,0,0,0,0
1789580701.722,0,0,0,0,0,0,0,268929165,2427066408448,804748391424,0,0,0,0,0,0,0,0,0,0,0,0,0,0,0,0,0,0,0,0,0,0,0,0,0,0,0,0,0,0,0,0,0,0,0,0,0,0,0,0,0,0,0,0,0,0,0,0,0,0,0,0,0,0,0,0,0,0,459179,148324474,45041322,0,0,0,0,0,0,0,0,0,0,0,0,0,0,0,0,0,0,0,0,0,0,0,0,0,0,0,0,0,0,0,0,0,0,0,0,0,2145222656,822657024,130934,50211,0,138,131072,148160530,0,0,1359451975,2147483648,114300027,145945269,0,0,0,0,0,0,0,0,0,0,0,0,0,0,0,0,0,0,8648949,8649033,0,97,97,6265,329,17297943,35,0,0,0,0,0,0,0,1,0,0,0,0,0,0,0,0,0,0,9728402,0,13985054,123779,0,0,0,0,0,0,0,0,16384,0,0,0,0,0,0,0,0,0,0,0,4822,342,0,0,0,0,0,26296321,0,9336,27,4632,340,4822,0,0,0,0,0,0,0,0,0,0,0,0,0,0,0,0,0,0,0,0,0,0,0,0,0,0,0,0,0,0,0,0,0,0,0,0,0,0,0,0,0,0,0,0,0,0,0,0,0,0,0,0,0,109739283,0,0,0,129191485,0,0,0,0,0,0,0,79037412,148231677,185647268,57009259520,45921975,0,0,0,0,0,0,0,0,0,0,0,0,0,0,0,0,0,0,0,0,0,0,0,0,0,0,0,0,0,0,0,12489591,0,0,0,0,0,0,0
1789580702.748,0,0,0,0,0,0,0,268940517,2427210948096,804781106176,0,0,0,0,0,0,0,0,0,0,0,0,0,0,0,0,0,0,0,0,0,0,0,0,0,0,0,0,0,0,0,0,0,0,0,0,0,0,0,0,0,0,0,0,0,0,0,0,0,0,0,0,0,0,0,0,0,0,459204,148333313,45043243,0,0,0,0,0,0,0,0,0,0,0,0,0,0,0,0,0,0,0,0,0,0,0,0,0,0,0,0,0,0,0,0,0,0,0,0,0,2145124352,824147968,130928,50302,0,144,131072,148169367,0,0,1359510943,2147483648,114308792,145951171,0,0,0,0,0,0,0,0,0,0,0,0,0,0,0,0,0,0,8649323,8649409,0,97,97,6265,329,17298685,35,0,0,0,0,0,0,0,1,0,0,0,0,0,0,0,0,0,0,9728813,0,13985054,123779,0,0,0,0,0,0,0,0,16384,0,0,0,0,0,0,0,0,0,0,0,4823,342,0,0,0,0,0,26297434,0,9336,27,4632,340,4823,0,0,0,0,0,0,0,0,0,0,0,0,0,0,0,0,0,0,0,0,0,0,0,0,0,0,0,0,0,0,0,0,0,0,0,0,0,0,0,0,0,0,0,0,0,0,0,0,0,0,0,0,0,109740998,0,0,0,129196753,0,0,0,0,0,0,0,79040436,148240506,185652794,57010291712,45923094,0,0,0,0,0,0,0,0,0,0,0,0,0,0,0,0,0,0,0,0,0,0,0,0,0,0,0,0,0,0,0,12489956,0,0,0,0,0,0,0
1789580703.774,0,0,0,0,0,0,0,268954117,2427382881792,804822404608,0,0,0,0,0,0,0,0,0,0,0,0,0,0,0,0,0,0,0,0,0,0,0,0,0,0,0,0,0,0,0,0,0,0,0,0,0,0,0,0,0,0,0,0,0,0,0,0,0,0,0,0,0,0,0,0,0,0,459236,148343819,45045649,0,0,0,0,0,0,0,0,0,0,0,0,0,0,0,0,0,0,0,0,0,0,0,0,0,0,0,0,0,0,0,0,0,0,0,0,0,2145222656,823689216,130934,50274,0,138,131072,148179868,0,0,1359582340,2147483648,114319052,145958279,0,0,0,0,0,0,0,0,0,0,0,0,0,0,0,0,0,0,8649772,8649857,0,97,97,6265,329,17299577,35,0,0,0,0,0,0,0,1,0,0,0,0,0,0,0,0,0,0,9729321,0,13985182,123780,0,0,0,0,0,0,0,0,16384,0,0,0,0,0,0,0,0,0,0,0,4824,342,0,0,0,0,0,26298809,0,9336,27,4632,340,4824,0,0,0,0,0,0,0,0,0,0,0,0,0,0,0,0,0,0,0,0,0,0,0,0,0,0,0,0,0,0,0,0,0,0,0,0,0,0,0,0,0,0,0,0,0,0,0,0,0,0,0,0,0,109742869,0,0,0,129203103,0,0,0,0,0,0,0,79043900,148251010,185659366,57011461632,45924269,0,0,0,0,0,0,0,0,0,0,0,0,0,0,0,0,0,0,0,0,0,0,0,0,0,0,0,0,0,0,0,12490408,0,0,0,0,0,0,0
1789580704.801,0,0,0,0,0,0,0,268966723,2427543526912,804860301824,0,0,0,0,0,0,0,0,0,0,0,0,0,0,0,0,0,0,0,0,0,0,0,0,0,0,0,0,0,0,0,0,0,0,0,0,0,0,0,0,0,0,0,0,0,0,0,0,0,0,0,0,0,0,0,0,0,0,459268,148353643,45047856,0,0,0,0,0,0,0,0,0,0,0,0,0,0,0,0,0,0,0,0,0,0,0,0,0,0,0,0,0,0,0,0,0,0,0,0,0,2145517568,824262656,130952,50309,0,120,131072,148189687,0,0,1359647792,2147483648,114328716,145964904,0,0,0,0,0,0,0,0,0,0,0,0,0,0,0,0,0,0,8650186,8650271,0,97,97,6265,329,17300412,35,0,0,0,0,0,0,0,1,0,0,0,0,0,0,0,0,0,0,9729796,0,13985182,123780,0,0,0,0,0,0,0,0,16384,0,0,0,0,0,0,0,0,0,0,0,4825,342,0,0,0,0,0,26300094,0,9336,27,4632,340,4825,0,0,0,0,0,0,0,0,0,0,0,0,0,0,0,0,0,0,0,0,0,0,0,0,0,0,0,0,0,0,0,0,0,0,0,0,0,0,0,0,0,0,0,0,0,0,0,0,0,0,0,0,0,109744681,0,0,0,129208962,0,0,0,0,0,0,0,79047246,148260823,185665602,57012573184,45925401,0,0,0,0,0,0,0,0,0,0,0,0,0,0,0,0,0,0,0,0,0,0,0,0,0,0,0,0,0,0,0,12490830,0,0,0,0,0,0,0
1789580705.826,0,0,0,0,0,0,0,268979552,2427705515520,804897016320,0,0,0,0,0,0,0,0,0,0,0,0,0,0,0,0,0,0,0,0,0,0,0,0,0,0,0,0,0,0,0,0,0,0,0,0,0,0,0,0,0,0,0,0,0,0,0,0,0,0,0,0,0,0,0,0,0,0,459299,148363539,45050000,0,0,0,0,0,0,0,0,0,0,0,0,0,0,0,0,0,0,0,0,0,0,0,0,0,0,0,0,0,0,0,0,0,0,0,0,0,2144944128,827883520,130917,50530,0,155,131072,148199576,0,0,1359714817,2147483648,114338534,145971944,0,0,0,0,0,0,0,0,0,0,0,0,0,0,0,0,0,0,8650625,8650711,0,97,97,6265,329,17301305,35,0,0,0,0,0,0,0,1,0,0,0,0,0,0,0,0,0,0,9730294,0,13985182,123780,0,0,0,0,0,0,0,0,16384,0,0,0,0,0,0,0,0,0,0,0,4826,342,0,0,0,0,0,26301433,0,9336,27,4632,340,4826,0,0,0,0,0,0,0,0,0,0,0,0,0,0,0,0,0,0,0,0,0,0,0,0,0,0,0,0,0,0,0,0,0,0,0,0,0,0,0,0,0,0,0,0,0,0,0,0,0,0,0,0,0,109746576,0,0,0,129215242,0,0,0,0,0,0,0,79050579,148270719,185671773,57013740032,45926596,0,0,0,0,0,0,0,0,0,0,0,0,0,0,0,0,0,0,0,0,0,0,0,0,0,0,0,0,0,0,0,12491272,0,0,0,0,0,0,0
1789580706.852,0,0,0,0,0,0,0,268989519,2427832212992,804928621568,0,0,0,0,0,0,0,0,0,0,0,0,0,0,0,0,0,0,0,0,0,0,0,0,0,0,0,0,0,0,0,0,0,0,0,0,0,0,0,0,0,0,0,0,0,0,0,0,0,0,0,0,0,0,0,0,0,0,459314,148371274,45051844,0,0,0,0,0,0,0,0,0,0,0,0,0,0,0,0,0,0,0,0,0,0,0,0,0,0,0,0,0,0,0,0,0,0,0,0,0,2144829440,825458688,130909,50382,0,163,131072,148207306,0,0,1359766431,2147483648,114346181,145977059,0,0,0,0,0,0,0,0,0,0,0,0,0,0,0,0,0,0,8650943,8651030,0,97,97,6265,329,17301950,35,0,0,0,0,0,0,0,1,0,0,0,0,0,0,0,0,0,0,9730674,0,13985182,123780,0,0,0,0,0,0,0,0,16384,0,0,0,0,0,0,0,0,0,0,0,4827,342,0,0,0,0,0,26302467,0,9336,27,4632,340,4827,0,0,0,0,0,0,0,0,0,0,0,0,0,0,0,0,0,0,0,0,0,0,0,0,0,0,0,0,0,0,0,0,0,0,0,0,0,0,0,0,0,0,0,0,0,0,0,0,0,0,0,0,0,109748151,0,0,0,129219806,0,0,0,0,0,0,0,79053406,148278461,185677044,57014659072,45927575,0,0,0,0,0,0,0,0,0,0,0,0,0,0,0,0,0,0,0,0,0,0,0,0,0,0,0,0,0,0,0,12491612,0,0,0,0,0,0,0
1789580707.877,0,0,0,0,0,0,0,269000535,2427973017088,804961108480,0,0,0,0,0,0,0,0,0,0,0,0,0,0,0,0,0,0,0,0,0,0,0,0,0,0,0,0,0,0,0,0,0,0,0,0,0,0,0,0,0,0,0,0,0,0,0,0,0,0,0,0,0,0,0,0,0,0,459333,148379888,45053752,0,0,0,0,0,0,0,0,0,0,0,0,0,0,0,0,0,0,0,0,0,0,0,0,0,0,0,0,0,0,0,0,0,0,0,0,0,2144976896,824393728,130919,50317,0,153,131072,148215914,0,0,1359824723,2147483648,114354669,145982605,0,0,0,0,0,0,0,0,0,0,0,0,0,0,0,0,0,0,8651308,8651398,0,97,97,6265,329,17302659,35,0,0,0,0,0,0,0,1,0,0,0,0,0,0,0,0,0,0,9731076,0,13985182,123780,0,0,0,0,0,0,0,0,16384,0,0,0,0,0,0,0,0,0,0,0,4828,342,0,0,0,0,0,26303556,0,9336,27,4632,340,4828,0,0,0,0,0,0,0,0,0,0,0,0,0,0,0,0,0,0,0,0,0,0,0,0,0,0,0,0,0,0,0,0,0,0,0,0,0,0,0,0,0,0,0,0,0,0,0,0,0,0,0,0,0,109749795,0,0,0,129224795,0,0,0,0,0,0,0,79056365,148287066,185682483,57015637504,45928638,0,0,0,0,0,0,0,0,0,0,0,0,0,0,0,0,0,0,0,0,0,0,0,0,0,0,0,0,0,0,0,12491969,0,0,0,0,0,0,0
1789580708.904,0,0,0,0,0,0,0,269012630,2428127501824,805017614336,0,0,0,0,0,0,0,0,0,0,0,0,0,0,0,0,0,0,0,0,0,0,0,0,0,0,0,0,0,0,0,0,0,0,0,0,0,0,0,0,0,0,0,0,0,0,0,0,0,0,0,0,0,0,0,0,0,0,459358,148389334,45057007,0,0,0,0,0,0,0,0,0,0,0,0,0,0,0,0,0,0,0,0,0,0,0,0,0,0,0,0,0,0,0,0,0,0,0,0,0,2145402880,805847040,130945,49185,0,127,131072,148225354,0,0,1359888681,2147483648,114363904,145988940,0,0,0,0,0,0,0,0,0,0,0,0,0,0,0,0,0,0,8651719,8651805,0,97,97,6265,329,17303474,35,0,0,0,0,0,0,0,1,0,0,0,0,0,0,0,0,0,0,9731516,0,13986406,123790,0,0,0,0,0,0,0,0,16384,0,0,0,0,0,0,0,0,0,0,0,4829,342,0,0,0,0,0,26304740,0,9336,27,4632,340,4829,0,0,0,0,0,0,0,0,0,0,0,0,0,0,0,0,0,0,0,0,0,0,0,0,0,0,0,0,0,0,0,0,0,0,0,0,0,0,0,0,0,0,0,0,0,0,0,0,0,0,0,0,0,109751556,0,0,0,129230516,0,0,0,0,0,0,0,79059692,148296505,185689650,57016713728,45929758,0,0,0,0,0,0,0,0,0,0,0,0,0,0,0,0,0,0,0,0,0,0,0,0,0,0,0,0,0,0,0,12492358,0,0,0,0,0,0,0
1789580709.929,0,0,0,0,0,0,0,269026341,2428300910080,805061012992,0,0,0,0,0,0,0,0,0,0,0,0,0,0,0,0,0,0,0,0,0,0,0,0,0,0,0,0,0,0,0,0,0,0,0,0,0,0,0,0,0,0,0,0,0,0,0,0,0,0,0,0,0,0,0,0,0,0,459390,148399929,45059638,0,0,0,0,0,0,0,0,0,0,0,0,0,0,0,0,0,0,0,0,0,0,0,0,0,0,0,0,0,0,0,0,0,0,0,0,0,2144927744,804601856,130916,49109,0,156,131072,148235944,0,0,1359961176,2147483648,114374023,145996456,0,0,0,0,0,0,0,0,0,0,0,0,0,0,0,0,0,0,8652187,8652274,0,97,97,6265,329,17304432,35,0,0,0,0,0,0,0,1,0,0,0,0,0,0,0,0,0,0,9732057,0,13986682,123793,0,0,0,0,0,0,0,0,16384,0,0,0,0,0,0,0,0,0,0,0,4830,342,0,0,0,0,0,26306204,0,9336,27,4632,340,4830,0,0,0,0,0,0,0,0,0,0,0,0,0,0,0,0,0,0,0,0,0,0,0,0,0,0,0,0,0,0,0,0,0,0,0,0,0,0,0,0,0,0,0,0,0,0,0,0,0,0,0,0,0,109753477,0,0,0,129237227,0,0,0,0,0,0,0,79063316,148307095,185696463,57017926144,45930972,0,0,0,0,0,0,0,0,0,0,0,0,0,0,0,0,0,0,0,0,0,0,0,0,0,0,0,0,0,0,0,12492840,0,0,0,0,0,0,0
1789580710.955,0,0,0,0,0,0,0,269038487,2428456328704,805097521152,0,0,0,0,0,0,0,0,0,0,0,0,0,0,0,0,0,0,0,0,0,0,0,0,0,0,0,0,0,0,0,0,0,0,0,0,0,0,0,0,0,0,0,0,0,0,0,0,0,0,0,0,0,0,0,0,0,0,459409,148409428,45061774,0,0,0,0,0,0,0,0,0,0,0,0,0,0,0,0,0,0,0,0,0,0,0,0,0,0,0,0,0,0,0,0,0,0,0,0,0,2144927744,804388864,130916,49096,0,156,131072,148245430,0,0,1360024204,2147483648,114383394,146002672,0,0,0,0,0,0,0,0,0,0,0,0,0,0,0,0,0,0,8652579,8652666,0,97,97,6265,329,17305219,35,0,0,0,0,0,0,0,1,0,0,0,0,0,0,0,0,0,0,9732507,0,13986682,123793,0,0,0,0,0,0,0,0,16384,0,0,0,0,0,0,0,0,0,0,0,4832,342,0,0,0,0,0,26307431,0,9336,27,4632,340,4832,0,0,0,0,0,0,0,0,0,0,0,0,0,0,0,0,0,0,0,0,0,0,0,0,0,0,0,0,0,0,0,0,0,0,0,0,0,0,0,0,0,0,0,0,0,0,0,0,0,0,0,0,0,109755200,0,0,0,129242800,0,0,0,0,0,0,0,79066554,148316594,185702458,57018975232,45932075,0,0,0,0,0,0,0,0,0,0,0,0,0,0,0,0,0,0,0,0,0,0,0,0,0,0,0,0,0,0,0,12493241,0,0,0,0,0,0,0
1789580711.981,0,0,0,0,0,0,0,269050004,2428603489792,805130668032,0,0,0,0,0,0,0,0,0,0,0,0,0,0,0,0,0,0,0,0,0,0,0,0,0,0,0,0,0,0,0,0,0,0,0,0,0,0,0,0,0,0,0,0,0,0,0,0,0,0,0,0,0,0,0,0,0,0,459441,148418427,45063710,0,0,0,0,0,0,0,0,0,0,0,0,0,0,0,0,0,0,0,0,0,0,0,0,0,0,0,0,0,0,0,0,0,0,0,0,0,2144960512,807157760,130918,49265,0,154,131072,148254426,0,0,1360084381,2147483648,114392286,146008855,0,0,0,0,0,0,0,0,0,0,0,0,0,0,0,0,0,0,8652971,8653054,0,97,97,6265,329,17305984,35,0,0,0,0,0,0,0,1,0,0,0,0,0,0,0,0,0,0,9732943,0,13986682,123793,0,0,0,0,0,0,0,0,16384,0,0,0,0,0,0,0,0,0,0,0,4833,342,0,0,0,0,0,26308607,0,9336,27,4632,340,4833,0,0,0,0,0,0,0,0,0,0,0,0,0,0,0,0,0,0,0,0,0,0,0,0,0,0,0,0,0,0,0,0,0,0,0,0,0,0,0,0,0,0,0,0,0,0,0,0,0,0,0,0,0,109756925,0,0,0,129248267,0,0,0,0,0,0,0,79069579,148325583,185708040,57020023808,45933170,0,0,0,0,0,0,0,0,0,0,0,0,0,0,0,0,0,0,0,0,0,0,0,0,0,0,0,0,0,0,0,12493629,0,0,0,0,0,0,0
1789580713.008,0,0,0,0,0,0,0,269060849,2428741869056,805161487360,0,0,0,0,0,0,0,0,0,0,0,0,0,0,0,0,0,0,0,0,0,0,0,0,0,0,0,0,0,0,0,0,0,0,0,0,0,0,0,0,0,0,0,0,0,0,0,0,0,0,0,0,0,0,0,0,0,0,459457,148426880,45065505,0,0,0,0,0,0,0,0,0,0,0,0,0,0,0,0,0,0,0,0,0,0,0,0,0,0,0,0,0,0,0,0,0,0,0,0,0,2144796672,808615936,130908,49354,0,164,131072,148262874,0,0,1360140918,2147483648,114400648,146014395,0,0,0,0,0,0,0,0,0,0,0,0,0,0,0,0,0,0,8653317,8653400,0,97,97,6265,329,17306692,35,0,0,0,0,0,0,0,1,0,0,0,0,0,0,0,0,0,0,9733345,0,13986682,123793,0,0,0,0,0,0,0,0,16384,0,0,0,0,0,0,0,0,0,0,0,4834,342,0,0,0,0,0,26309700,0,9336,27,4632,340,4834,0,0,0,0,0,0,0,0,0,0,0,0,0,0,0,0,0,0,0,0,0,0,0,0,0,0,0,0,0,0,0,0,0,0,0,0,0,0,0,0,0,0,0,0,0,0,0,0,0,0,0,0,0,109758556,0,0,0,129253258,0,0,0,0,0,0,0,79072420,148334033,185713261,57020993536,45934215,0,0,0,0,0,0,0,0,0,0,0,0,0,0,0,0,0,0,0,0,0,0,0,0,0,0,0,0,0,0,0,12493987,0,0,0,0,0,0,0
1789580714.034,0,0,0,0,0,0,0,269070625,2428865895936,805190706688,0,0,0,0,0,0,0,0,0,0,0,0,0,0,0,0,0,0,0,0,0,0,0,0,0,0,0,0,0,0,0,0,0,0,0,0,0,0,0,0,0,0,0,0,0,0,0,0,0,0,0,0,0,0,0,0,0,0,459478,148434457,45067205,0,0,0,0,0,0,0,0,0,0,0,0,0,0,0,0,0,0,0,0,0,0,0,0,0,0,0,0,0,0,0,0,0,0,0,0,0,2144944128,809254912,130917,49393,0,155,131072,148270452,0,0,1360192212,2147483648,114408145,146019456,0,0,0,0,0,0,0,0,0,0,0,0,0,0,0,0,0,0,8653638,8653722,0,97,97,6265,329,17307327,35,0,0,0,0,0,0,0,1,0,0,0,0,0,0,0,0,0,0,9733698,0,13986682,123793,0,0,0,0,0,0,0,0,16384,0,0,0,0,0,0,0,0,0,0,0,4835,342,0,0,0,0,0,26310650,0,9336,27,4632,340,4835,0,0,0,0,0,0,0,0,0,0,0,0,0,0,0,0,0,0,0,0,0,0,0,0,0,0,0,0,0,0,0,0,0,0,0,0,0,0,0,0,0,0,0,0,0,0,0,0,0,0,0,0,0,109760097,0,0,0,129257796,0,0,0,0,0,0,0,79075138,148341607,185718210,57021905408,45935228,0,0,0,0,0,0,0,0,0,0,0,0,0,0,0,0,0,0,0,0,0,0,0,0,0,0,0,0,0,0,0,12494300,0,0,0,0,0,0,0
1789580715.060,0,0,0,0,0,0,0,269081201,2429000572416,805221595648,0,0,0,0,0,0,0,0,0,0,0,0,0,0,0,0,0,0,0,0,0,0,0,0,0,0,0,0,0,0,0,0,0,0,0,0,0,0,0,0,0,0,0,0,0,0,0,0,0,0,0,0,0,0,0,0,0,0,459503,148442697,45069011,0,0,0,0,0,0,0,0,0,0,0,0,0,0,0,0,0,0,0,0,0,0,0,0,0,0,0,0,0,0,0,0,0,0,0,0,0,2145042432,810500096,130923,49469,0,149,131072,148278685,0,0,1360247503,2147483648,114416274,146024959,0,0,0,0,0,0,0,0,0,0,0,0,0,0,0,0,0,0,8653986,8654072,0,97,97,6265,329,17308031,35,0,0,0,0,0,0,0,1,0,0,0,0,0,0,0,0,0,0,9734074,0,13986682,123793,0,0,0,0,0,0,0,0,16384,0,0,0,0,0,0,0,0,0,0,0,4836,342,0,0,0,0,0,26311663,0,9336,27,4632,340,4836,0,0,0,0,0,0,0,0,0,0,0,0,0,0,0,0,0,0,0,0,0,0,0,0,0,0,0,0,0,0,0,0,0,0,0,0,0,0,0,0,0,0,0,0,0,0,0,0,0,0,0,0,0,109761718,0,0,0,129262744,0,0,0,0,0,0,0,79077987,148349835,185723433,57022876160,45936276,0,0,0,0,0,0,0,0,0,0,0,0,0,0,0,0,0,0,0,0,0,0,0,0,0,0,0,0,0,0,0,12494632,0,0,0,0,0,0,0
1789580716.085,0,0,0,0,0,0,0,269092206,2429141622272,805253431296,0,0,0,0,0,0,0,0,0,0,0,0,0,0,0,0,0,0,0,0,0,0,0,0,0,0,0,0,0,0,0,0,0,0,0,0,0,0,0,0,0,0,0,0,0,0,0,0,0,0,0,0,0,0,0,0,0,0,459517,148451317,45070863,0,0,0,0,0,0,0,0,0,0,0,0,0,0,0,0,0,0,0,0,0,0,0,0,0,0,0,0,0,0,0,0,0,0,0,0,0,2145140736,810876928,130929,49492,0,143,131072,148287300,0,0,1360304957,2147483648,114424793,146030450,0,0,0,0,0,0,0,0,0,0,0,0,0,0,0,0,0,0,8654340,8654428,0,97,97,6265,329,17308715,35,0,0,0,0,0,0,0,1,0,0,0,0,0,0,0,0,0,0,9734488,0,13986682,123793,0,0,0,0,0,0,0,0,16384,0,0,0,0,0,0,0,0,0,0,0,4837,342,0,0,0,0,0,26312793,0,9336,27,4632,340,4837,0,0,0,0,0,0,0,0,0,0,0,0,0,0,0,0,0,0,0,0,0,0,0,0,0,0,0,0,0,0,0,0,0,0,0,0,0,0,0,0,0,0,0,0,0,0,0,0,0,0,0,0,0,109763365,0,0,0,129267687,0,0,0,0,0,0,0,79080912,148358458,185728797,57023851008,45937344,0,0,0,0,0,0,0,0,0,0,0,0,0,0,0,0,0,0,0,0,0,0,0,0,0,0,0,0,0,0,0,12495003,0,0,0,0,0,0,0
1789580717.111,0,0,0,0,0,0,0,269103581,2429286866432,805286827008,0,0,0,0,0,0,0,0,0,0,0,0,0,0,0,0,0,0,0,0,0,0,0,0,0,0,0,0,0,0,0,0,0,0,0,0,0,0,0,0,0,0,0,0,0,0,0,0,0,0,0,0,0,0,0,0,0,0,459546,148460191,45072819,0,0,0,0,0,0,0,0,0,0,0,0,0,0,0,0,0,0,0,0,0,0,0,0,0,0,0,0,0,0,0,0,0,0,0,0,0,2145239040,812236800,130935,49575,0,137,131072,148296171,0,0,1360364800,2147483648,114433580,146036372,0,0,0,0,0,0,0,0,0,0,0,0,0,0,0,0,0,0,8654712,8654798,0,97,97,6265,329,17309476,35,0,0,0,0,0,0,0,1,0,0,0,0,0,0,0,0,0,0,9734893,0,13986682,123793,0,0,0,0,0,0,0,0,16384,0,0,0,0,0,0,0,0,0,0,0,4838,342,0,0,0,0,0,26313883,0,9336,27,4632,340,4838,0,0,0,0,0,0,0,0,0,0,0,0,0,0,0,0,0,0,0,0,0,0,0,0,0,0,0,0,0,0,0,0,0,0,0,0,0,0,0,0,0,0,0,0,0,0,0,0,0,0,0,0,0,109765069,0,0,0,129272990,0,0,0,0,0,0,0,79083968,148367330,185734399,57024889856,45938452,0,0,0,0,0,0,0,0,0,0,0,0,0,0,0,0,0,0,0,0,0,0,0,0,0,0,0,0,0,0,0,12495361,0,0,0,0,0,0,0
1789580718.137,0,0,0,0,0,0,0,269115473,2429437877760,805321008128,0,0,0,0,0,0,0,0,0,0,0,0,0,0,0,0,0,0,0,0,0,0,0,0,0,0,0,0,0,0,0,0,0,0,0,0,0,0,0,0,0,0,0,0,0,0,0,0,0,0,0,0,0,0,0,0,0,0,459575,148469427,45074815,0,0,0,0,0,0,0,0,0,0,0,0,0,0,0,0,0,0,0,0,0,0,0,0,0,0,0,0,0,0,0,0,0,0,0,0,0,2145583104,815087616,130956,49749,0,116,131072,148305397,0,0,1360427037,2147483648,114442696,146042692,0,0,0,0,0,0,0,0,0,0,0,0,0,0,0,0,0,0,8655114,8655201,0,97,97,6265,329,17310285,35,0,0,0,0,0,0,0,1,0,0,0,0,0,0,0,0,0,0,9735322,0,13986682,123793,0,0,0,0,0,0,0,0,16384,0,0,0,0,0,0,0,0,0,0,0,4839,342,0,0,0,0,0,26315033,0,9336,27,4632,340,4839,0,0,0,0,0,0,0,0,0,0,0,0,0,0,0,0,0,0,0,0,0,0,0,0,0,0,0,0,0,0,0,0,0,0,0,0,0,0,0,0,0,0,0,0,0,0,0,0,0,0,0,0,0,109766851,0,0,0,129278668,0,0,0,0,0,0,0,79087084,148376561,185740160,57025968128,45939576,0,0,0,0,0,0,0,0,0,0,0,0,0,0,0,0,0,0,0,0,0,0,0,0,0,0,0,0,0,0,0,12495739,0,0,0,0,0,0,0
1789580719.163,0,0,0,0,0,0,0,269126494,2429577764352,805353826304,0,0,0,0,0,0,0,0,0,0,0,0,0,0,0,0,0,0,0,0,0,0,0,0,0,0,0,0,0,0,0,0,0,0,0,0,0,0,0,0,0,0,0,0,0,0,0,0,0,0,0,0,0,0,0,0,0,0,459601,148477975,45076723,0,0,0,0,0,0,0,0,0,0,0,0,0,0,0,0,0,0,0,0,0,0,0,0,0,0,0,0,0,0,0,0,0,0,0,0,0,2145026048,817430528,130922,49892,0,150,131072,148313943,0,0,1360484147,2147483648,114451156,146048742,0,0,0,0,0,0,0,0,0,0,0,0,0,0,0,0,0,0,8655499,8655580,0,97,97,6265,329,17311037,35,0,0,0,0,0,0,0,1,0,0,0,0,0,0,0,0,0,0,9735751,0,13986682,123793,0,0,0,0,0,0,0,0,16384,0,0,0,0,0,0,0,0,0,0,0,4840,342,0,0,0,0,0,26316188,0,9336,27,4632,340,4840,0,0,0,0,0,0,0,0,0,0,0,0,0,0,0,0,0,0,0,0,0,0,0,0,0,0,0,0,0,0,0,0,0,0,0,0,0,0,0,0,0,0,0,0,0,0,0,0,0,0,0,0,0,109768598,0,0,0,129284053,0,0,0,0,0,0,0,79090134,148385109,185745728,57027013632,45940714,0,0,0,0,0,0,0,0,0,0,0,0,0,0,0,0,0,0,0,0,0,0,0,0,0,0,0,0,0,0,0,12496121,0,0,0,0,0,0,0
1789580720.189,0,0,0,0,0,0,0,269135770,2429695237632,805383212544,0,0,0,0,0,0,0,0,0,0,0,0,0,0,0,0,0,0,0,0,0,0,0,0,0,0,0,0,0,0,0,0,0,0,0,0,0,0,0,0,0,0,0,0,0,0,0,0,0,0,0,0,0,0,0,0,0,0,459618,148485151,45078416,0,0,0,0,0,0,0,0,0,0,0,0,0,0,0,0,0,0,0,0,0,0,0,0,0,0,0,0,0,0,0,0,0,0,0,0,0,2144845824,815890432,130911,49798,0,161,131072,148321113,0,0,1360532202,2147483648,114458152,146053555,0,0,0,0,0,0,0,0,0,0,0,0,0,0,0,0,0,0,8655789,8655873,0,97,97,6265,329,17311632,35,0,0,0,0,0,0,0,1,0,0,0,0,0,0,0,0,0,0,9736132,0,13986682,123794,0,0,0,0,0,0,0,0,16384,0,0,0,0,0,0,0,0,0,0,0,4841,342,0,0,0,0,0,26317237,0,9336,27,4632,340,4841,0,0,0,0,0,0,0,0,0,0,0,0,0,0,0,0,0,0,0,0,0,0,0,0,0,0,0,0,0,0,0,0,0,0,0,0,0,0,0,0,0,0,0,0,0,0,0,0,0,0,0,0,0,109770120,0,0,0,129288291,0,0,0,0,0,0,0,79092726,148392289,185750561,57027893760,45941715,0,0,0,0,0,0,0,0,0,0,0,0,0,0,0,0,0,0,0,0,0,0,0,0,0,0,0,0,0,0,0,12496465,0,0,0,0,0,0,0
1789580721.215,0,0,0,0,0,0,0,269146567,2429832453632,805414787584,0,0,0,0,0,0,0,0,0,0,0,0,0,0,0,0,0,0,0,0,0,0,0,0,0,0,0,0,0,0,0,0,0,0,0,0,0,0,0,0,0,0,0,0,0,0,0,0,0,0,0,0,0,0,0,0,0,0,459644,148493536,45080266,0,0,0,0,0,0,0,0,0,0,0,0,0,0,0,0,0,0,0,0,0,0,0,0,0,0,0,0,0,0,0,0,0,0,0,0,0,2145124352,817332224,130928,49886,0,144,131072,148329495,0,0,1360588638,2147483648,114466443,146059286,0,0,0,0,0,0,0,0,0,0,0,0,0,0,0,0,0,0,8656148,8656227,0,97,97,6265,329,17312355,35,0,0,0,0,0,0,0,1,0,0,0,0,0,0,0,0,0,0,9736533,0,13986810,123794,0,0,0,0,0,0,0,0,16384,0,0,0,0,0,0,0,0,0,0,0,4842,342,0,0,0,0,0,26318319,0,9336,27,4632,340,4842,0,0,0,0,0,0,0,0,0,0,0,0,0,0,0,0,0,0,0,0,0,0,0,0,0,0,0,0,0,0,0,0,0,0,0,0,0,0,0,0,0,0,0,0,0,0,0,0,0,0,0,0,0,109771747,0,0,0,129293403,0,0,0,0,0,0,0,79095622,148400670,185755862,57028886016,45942774,0,0,0,0,0,0,0,0,0,0,0,0,0,0,0,0,0,0,0,0,0,0,0,0,0,0,0,0,0,0,0,12496821,0,0,0,0,0,0,0
1789580722.242,0,0,0,0,0,0,0,269156725,2429961248256,805444341760,0,0,0,0,0,0,0,0,0,0,0,0,0,0,0,0,0,0,0,0,0,0,0,0,0,0,0,0,0,0,0,0,0,0,0,0,0,0,0,0,0,0,0,0,0,0,0,0,0,0,0,0,0,0,0,0,0,0,459664,148501414,45081998,0,0,0,0,0,0,0,0,0,0,0,0,0,0,0,0,0,0,0,0,0,0,0,0,0,0,0,0,0,0,0,0,0,0,0,0,0,2144731136,818003968,130904,49927,0,168,131072,148337368,0,0,1360641131,2147483648,114474259,146064627,0,0,0,0,0,0,0,0,0,0,0,0,0,0,0,0,0,0,8656486,8656571,0,97,97,6265,329,17313036,35,0,0,0,0,0,0,0,1,0,0,0,0,0,0,0,0,0,0,9736920,0,13986810,123794,0,0,0,0,0,0,0,0,16384,0,0,0,0,0,0,0,0,0,0,0,4843,342,0,0,0,0,0,26319367,0,9336,27,4632,340,4843,0,0,0,0,0,0,0,0,0,0,0,0,0,0,0,0,0,0,0,0,0,0,0,0,0,0,0,0,0,0,0,0,0,0,0,0,0,0,0,0,0,0,0,0,0,0,0,0,0,0,0,0,0,109773334,0,0,0,129298141,0,0,0,0,0,0,0,79098352,148408539,185760890,57029835776,45943783,0,0,0,0,0,0,0,0,0,0,0,0,0,0,0,0,0,0,0,0,0,0,0,0,0,0,0,0,0,0,0,12497166,0,0,0,0,0,0,0
1789580723.268,0,0,0,0,0,0,0,269165840,2430076476928,805471460352,0,0,0,0,0,0,0,0,0,0,0,0,0,0,0,0,0,0,0,0,0,0,0,0,0,0,0,0,0,0,0,0,0,0,0,0,0,0,0,0,0,0,0,0,0,0,0,0,0,0,0,0,0,0,0,0,0,0,459683,148508457,45083574,0,0,0,0,0,0,0,0,0,0,0,0,0,0,0,0,0,0,0,0,0,0,0,0,0,0,0,0,0,0,0,0,0,0,0,0,0,2144337920,819085312,130880,49993,0,192,131072,148344406,0,0,1360688541,2147483648,114481249,146069601,0,0,0,0,0,0,0,0,0,0,0,0,0,0,0,0,0,0,8656794,8656876,0,97,97,6265,329,17313669,35,0,0,0,0,0,0,0,1,0,0,0,0,0,0,0,0,0,0,9737283,0,13986810,123794,0,0,0,0,0,0,0,0,16384,0,0,0,0,0,0,0,0,0,0,0,4844,342,0,0,0,0,0,26320352,0,9336,27,4632,340,4844,0,0,0,0,0,0,0,0,0,0,0,0,0,0,0,0,0,0,0,0,0,0,0,0,0,0,0,0,0,0,0,0,0,0,0,0,0,0,0,0,0,0,0,0,0,0,0,0,0,0,0,0,0,109774878,0,0,0,129302546,0,0,0,0,0,0,0,79100925,148415582,185765592,57030737920,45944776,0,0,0,0,0,0,0,0,0,0,0,0,0,0,0,0,0,0,0,0,0,0,0,0,0,0,0,0,0,0,0,12497490,0,0,0,0,0,0,0
1789580724.293,0,0,0,0,0,0,0,269174646,2430187953664,805497706496,0,0,0,0,0,0,0,0,0,0,0,0,0,0,0,0,0,0,0,0,0,0,0,0,0,0,0,0,0,0,0,0,0,0,0,0,0,0,0,0,0,0,0,0,0,0,0,0,0,0,0,0,0,0,0,0,0,0,459698,148515275,45085095,0,0,0,0,0,0,0,0,0,0,0,0,0,0,0,0,0,0,0,0,0,0,0,0,0,0,0,0,0,0,0,0,0,0,0,0,0,2144665600,819281920,130900,50005,0,171,131072,148351221,0,0,1360735042,2147483648,114487967,146074117,0,0,0,0,0,0,0,0,0,0,0,0,0,0,0,0,0,0,8657085,8657168,0,97,97,6265,329,17314247,35,0,0,0,0,0,0,0,1,0,0,0,0,0,0,0,0,0,0,9737600,0,13986810,123794,0,0,0,0,0,0,0,0,16384,0,0,0,0,0,0,0,0,0,0,0,4845,342,0,0,0,0,0,26321208,0,9336,27,4632,340,4845,0,0,0,0,0,0,0,0,0,0,0,0,0,0,0,0,0,0,0,0,0,0,0,0,0,0,0,0,0,0,0,0,0,0,0,0,0,0,0,0,0,0,0,0,0,0,0,0,0,0,0,0,0,109776328,0,0,0,129306639,0,0,0,0,0,0,0,79103414,148422405,185770104,57031585792,45945736,0,0,0,0,0,0,0,0,0,0,0,0,0,0,0,0,0,0,0,0,0,0,0,0,0,0,0,0,0,0,0,12497771,0,0,0,0,0,0,0
1789580725.319,0,0,0,0,0,0,0,269184362,2430311112192,805527224320,0,0,0,0,0,0,0,0,0,0,0,0,0,0,0,0,0,0,0,0,0,0,0,0,0,0,0,0,0,0,0,0,0,0,0,0,0,0,0,0,0,0,0,0,0,0,0,0,0,0,0,0,0,0,0,0,0,0,459711,148522805,45086820,0,0,0,0,0,0,0,0,0,0,0,0,0,0,0,0,0,0,0,0,0,0,0,0,0,0,0,0,0,0,0,0,0,0,0,0,0,2144550912,817823744,130893,49916,0,179,131072,148358746,0,0,1360786064,2147483648,114495405,146079095,0,0,0,0,0,0,0,0,0,0,0,0,0,0,0,0,0,0,8657398,8657481,0,97,97,6265,329,17314888,35,0,0,0,0,0,0,0,1,0,0,0,0,0,0,0,0,0,0,9737961,0,13986810,123794,0,0,0,0,0,0,0,0,16384,0,0,0,0,0,0,0,0,0,0,0,4846,342,0,0,0,0,0,26322196,0,9336,27,4632,340,4846,0,0,0,0,0,0,0,0,0,0,0,0,0,0,0,0,0,0,0,0,0,0,0,0,0,0,0,0,0,0,0,0,0,0,0,0,0,0,0,0,0,0,0,0,0,0,0,0,0,0,0,0,0,109777859,0,0,0,129311133,0,0,0,0,0,0,0,79106138,148429928,185775079,57032485376,45946736,0,0,0,0,0,0,0,0,0,0,0,0,0,0,0,0,0,0,0,0,0,0,0,0,0,0,0,0,0,0,0,12498092,0,0,0,0,0,0,0
1789580726.345,0,0,0,0,0,0,0,269192935,2430420999680,805552004096,0,0,0,0,0,0,0,0,0,0,0,0,0,0,0,0,0,0,0,0,0,0,0,0,0,0,0,0,0,0,0,0,0,0,0,0,0,0,0,0,0,0,0,0,0,0,0,0,0,0,0,0,0,0,0,0,0,0,459729,148529521,45088261,0,0,0,0,0,0,0,0,0,0,0,0,0,0,0,0,0,0,0,0,0,0,0,0,0,0,0,0,0,0,0,0,0,0,0,0,0,2144010240,818610176,130860,49964,0,212,131072,148365461,0,0,1360830508,2147483648,114502105,146083600,0,0,0,0,0,0,0,0,0,0,0,0,0,0,0,0,0,0,8657690,8657773,0,97,97,6265,329,17315455,35,0,0,0,0,0,0,0,1,0,0,0,0,0,0,0,0,0,0,9738293,0,13986810,123794,0,0,0,0,0,0,0,0,16384,0,0,0,0,0,0,0,0,0,0,0,4847,342,0,0,0,0,0,26323092,0,9336,27,4632,340,4847,0,0,0,0,0,0,0,0,0,0,0,0,0,0,0,0,0,0,0,0,0,0,0,0,0,0,0,0,0,0,0,0,0,0,0,0,0,0,0,0,0,0,0,0,0,0,0,0,0,0,0,0,0,109779329,0,0,0,129315135,0,0,0,0,0,0,0,79108548,148436636,185779427,57033342464,45947709,0,0,0,0,0,0,0,0,0,0,0,0,0,0,0,0,0,0,0,0,0,0,0,0,0,0,0,0,0,0,0,12498388,0,0,0,0,0,0,0
1789580727.371,0,0,0,0,0,0,0,269201919,2430536064512,805577515520,0,0,0,0,0,0,0,0,0,0,0,0,0,0,0,0,0,0,0,0,0,0,0,0,0,0,0,0,0,0,0,0,0,0,0,0,0,0,0,0,0,0,0,0,0,0,0,0,0,0,0,0,0,0,0,0,0,0,459743,148536550,45089746,0,0,0,0,0,0,0,0,0,0,0,0,0,0,0,0,0,0,0,0,0,0,0,0,0,0,0,0,0,0,0,0,0,0,0,0,0,2144387072,820723712,130883,50093,0,189,131072,148372489,0,0,1360878151,2147483648,114509052,146088380,0,0,0,0,0,0,0,0,0,0,0,0,0,0,0,0,0,0,8658000,8658079,0,97,97,6265,329,17316081,35,0,0,0,0,0,0,0,1,0,0,0,0,0,0,0,0,0,0,9738626,0,13986810,123794,0,0,0,0,0,0,0,0,16384,0,0,0,0,0,0,0,0,0,0,0,4848,342,0,0,0,0,0,26323989,0,9336,27,4632,340,4848,0,0,0,0,0,0,0,0,0,0,0,0,0,0,0,0,0,0,0,0,0,0,0,0,0,0,0,0,0,0,0,0,0,0,0,0,0,0,0,0,0,0,0,0,0,0,0,0,0,0,0,0,0,109780835,0,0,0,129319464,0,0,0,0,0,0,0,79110999,148443670,185783896,57034216960,45948679,0,0,0,0,0,0,0,0,0,0,0,0,0,0,0,0,0,0,0,0,0,0,0,0,0,0,0,0,0,0,0,12498682,0,0,0,0,0,0,0
1789580728.397,0,0,0,0,0,0,0,269210490,2430644542976,805604617216,0,0,0,0,0,0,0,0,0,0,0,0,0,0,0,0,0,0,0,0,0,0,0,0,0,0,0,0,0,0,0,0,0,0,0,0,0,0,0,0,0,0,0,0,0,0,0,0,0,0,0,0,0,0,0,0,0,0,459756,148543179,45091322,0,0,0,0,0,0,0,0,0,0,0,0,0,0,0,0,0,0,0,0,0,0,0,0,0,0,0,0,0,0,0,0,0,0,0,0,0,2144436224,819396608,130886,50012,0,186,131072,148379115,0,0,1360923097,2147483648,114515592,146092895,0,0,0,0,0,0,0,0,0,0,0,0,0,0,0,0,0,0,8658288,8658369,0,97,97,6265,329,17316658,35,0,0,0,0,0,0,0,1,0,0,0,0,0,0,0,0,0,0,9738952,0,13986810,123794,0,0,0,0,0,0,0,0,16384,0,0,0,0,0,0,0,0,0,0,0,4849,342,0,0,0,0,0,26324869,0,9336,27,4632,340,4849,0,0,0,0,0,0,0,0,0,0,0,0,0,0,0,0,0,0,0,0,0,0,0,0,0,0,0,0,0,0,0,0,0,0,0,0,0,0,0,0,0,0,0,0,0,0,0,0,0,0,0,0,0,109782248,0,0,0,129323513,0,0,0,0,0,0,0,79113527,148450296,185788477,57035055616,45949622,0,0,0,0,0,0,0,0,0,0,0,0,0,0,0,0,0,0,0,0,0,0,0,0,0,0,0,0,0,0,0,12498972,0,0,0,0,0,0,0
1789580729.423,0,0,0,0,0,0,0,269218455,2430745255424,805626780160,0,0,0,0,0,0,0,0,0,0,0,0,0,0,0,0,0,0,0,0,0,0,0,0,0,0,0,0,0,0,0,0,0,0,0,0,0,0,0,0,0,0,0,0,0,0,0,0,0,0,0,0,0,0,0,0,0,0,459771,148549327,45092605,0,0,0,0,0,0,0,0,0,0,0,0,0,0,0,0,0,0,0,0,0,0,0,0,0,0,0,0,0,0,0,0,0,0,0,0,0,2143895552,822575104,130853,50206,0,219,131072,148385260,0,0,1360964404,2147483648,114521700,146097390,0,0,0,0,0,0,0,0,0,0,0,0,0,0,0,0,0,0,8658565,8658644,0,97,97,6265,329,17317216,35,0,0,0,0,0,0,0,1,0,0,0,0,0,0,0,0,0,0,9739292,0,13986810,123794,0,0,0,0,0,0,0,0,16384,0,0,0,0,0,0,0,0,0,0,0,4850,342,0,0,0,0,0,26325795,0,9336,27,4632,340,4850,0,0,0,0,0,0,0,0,0,0,0,0,0,0,0,0,0,0,0,0,0,0,0,0,0,0,0,0,0,0,0,0,0,0,0,0,0,0,0,0,0,0,0,0,0,0,0,0,0,0,0,0,0,109783658,0,0,0,129327484,0,0,0,0,0,0,0,79115724,148456449,185792441,57035874816,45950540,0,0,0,0,0,0,0,0,0,0,0,0,0,0,0,0,0,0,0,0,0,0,0,0,0,0,0,0,0,0,0,12499277,0,0,0,0,0,0,0
1789580730.449,0,0,0,0,0,0,0,269225498,2430835678720,805648366592,0,0,0,0,0,0,0,0,0,0,0,0,0,0,0,0,0,0,0,0,0,0,0,0,0,0,0,0,0,0,0,0,0,0,0,0,0,0,0,0,0,0,0,0,0,0,0,0,0,0,0,0,0,0,0,0,0,0,459779,148554860,45093857,0,0,0,0,0,0,0,0,0,0,0,0,0,0,0,0,0,0,0,0,0,0,0,0,0,0,0,0,0,0,0,0,0,0,0,0,0,2143158272,821215232,130808,50123,0,264,131072,148390790,0,0,1361000706,2147483648,114527218,146101017,0,0,0,0,0,0,0,0,0,0,0,0,0,0,0,0,0,0,8658796,8658874,0,97,97,6265,329,17317666,35,0,0,0,0,0,0,0,1,0,0,0,0,0,0,0,0,0,0,9739574,0,13986810,123794,0,0,0,0,0,0,0,0,16384,0,0,0,0,0,0,0,0,0,0,0,4851,342,0,0,0,0,0,26326568,0,9336,27,4632,340,4851,0,0,0,0,0,0,0,0,0,0,0,0,0,0,0,0,0,0,0,0,0,0,0,0,0,0,0,0,0,0,0,0,0,0,0,0,0,0,0,0,0,0,0,0,0,0,0,0,0,0,0,0,0,109784879,0,0,0,129330689,0,0,0,0,0,0,0,79117790,148461973,185796176,57036573696,45951348,1,0,0,0,0,0,0,0,0,0,0,0,0,0,0,0,0,0,0,0,0,0,0,0,0,0,0,0,0,0,0,12499531,0,0,0,0,0,0,0
1789580731.475,0,0,0,0,0,0,0,269232176,2430919466496,805666620928,0,0,0,0,0,0,0,0,0,0,0,0,0,0,0,0,0,0,0,0,0,0,0,0,0,0,0,0,0,0,0,0,0,0,0,0,0,0,0,0,0,0,0,0,0,0,0,0,0,0,0,0,0,0,0,0,0,0,459788,148559980,45094898,0,0,0,0,0,0,0,0,0,0,0,0,0,0,0,0,0,0,0,0,0,0,0,0,0,0,0,0,0,0,0,0,0,0,0,0,0,2143715328,822509568,130842,50202,0,230,131072,148395908,0,0,1361036068,2147483648,114532262,146104411,0,0,0,0,0,0,0,0,0,0,0,0,0,0,0,0,0,0,8658998,8659073,0,97,97,6265,329,17318101,35,0,0,0,0,0,0,0,1,0,0,0,0,0,0,0,0,0,0,9739815,0,13986810,123794,0,0,0,0,0,0,0,0,16384,0,0,0,0,0,0,0,0,0,0,0,4852,342,0,0,0,0,0,26327223,0,9336,27,4632,340,4852,0,0,0,0,0,0,0,0,0,0,0,0,0,0,0,0,0,0,0,0,0,0,0,0,0,0,0,0,0,0,0,0,0,0,0,0,0,0,0,0,0,0,0,0,0,0,0,0,0,0,0,0,0,109786016,0,0,0,129333720,0,0,0,0,0,0,0,79119609,148467088,185799431,57037223936,45952108,0,0,0,0,0,0,0,0,0,0,0,0,0,0,0,0,0,0,0,0,0,0,0,0,0,0,0,0,0,0,0,12499746,0,0,0,0,0,0,0
1789580732.501,0,0,0,0,0,0,0,269238900,2431005023744,805687234560,0,0,0,0,0,0,0,0,0,0,0,0,0,0,0,0,0,0,0,0,0,0,0,0,0,0,0,0,0,0,0,0,0,0,0,0,0,0,0,0,0,0,0,0,0,0,0,0,0,0,0,0,0,0,0,0,0,0,459792,148565211,45096087,0,0,0,0,0,0,0,0,0,0,0,0,0,0,0,0,0,0,0,0,0,0,0,0,0,0,0,0,0,0,0,0,0,0,0,0,0,2143485952,823328768,130828,50252,0,244,131072,148401136,0,0,1361070973,2147483648,114537448,146108187,0,0,0,0,0,0,0,0,0,0,0,0,0,0,0,0,0,0,8659242,8659325,0,97,97,6265,329,17318582,35,0,0,0,0,0,0,0,1,0,0,0,0,0,0,0,0,0,0,9740103,0,13986810,123794,0,0,0,0,0,0,0,0,16384,0,0,0,0,0,0,0,0,0,0,0,4853,342,0,0,0,0,0,26328007,0,9336,27,4632,340,4853,0,0,0,0,0,0,0,0,0,0,0,0,0,0,0,0,0,0,0,0,0,0,0,0,0,0,0,0,0,0,0,0,0,0,0,0,0,0,0,0,0,0,0,0,0,0,0,0,0,0,0,0,0,109787288,0,0,0,129337088,0,0,0,0,0,0,0,79121633,148472317,185803097,57037940224,45952935,0,0,0,0,0,0,0,0,0,0,0,0,0,0,0,0,0,0,0,0,0,0,0,0,0,0,0,0,0,0,0,12500003,0,0,0,0,0,0,0
1789580733.526,0,0,0,0,0,0,0,269245290,2431086140928,805705180672,0,0,0,0,0,0,0,0,0,0,0,0,0,0,0,0,0,0,0,0,0,0,0,0,0,0,0,0,0,0,0,0,0,0,0,0,0,0,0,0,0,0,0,0,0,0,0,0,0,0,0,0,0,0,0,0,0,0,459798,148570172,45097137,0,0,0,0,0,0,0,0,0,0,0,0,0,0,0,0,0,0,0,0,0,0,0,0,0,0,0,0,0,0,0,0,0,0,0,0,0,2143305728,822493184,130817,50201,0,255,131072,148406097,0,0,1361104478,2147483648,114542374,146111197,0,0,0,0,0,0,0,0,0,0,0,0,0,0,0,0,0,0,8659432,8659511,0,97,97,6265,329,17318962,35,0,0,0,0,0,0,0,1,0,0,0,0,0,0,0,0,0,0,9740311,0,13986810,123794,0,0,0,0,0,0,0,0,16384,0,0,0,0,0,0,0,0,0,0,0,4854,342,0,0,0,0,0,26328570,0,9336,27,4632,340,4854,0,0,0,0,0,0,0,0,0,0,0,0,0,0,0,0,0,0,0,0,0,0,0,0,0,0,0,0,0,0,0,0,0,0,0,0,0,0,0,0,0,0,0,0,0,0,0,0,0,0,0,0,0,109788373,0,0,0,129339801,0,0,0,0,0,0,0,79123411,148477269,185806269,57038547968,45953669,0,0,0,0,0,0,0,0,0,0,0,0,0,0,0,0,0,0,0,0,0,0,0,0,0,0,0,0,0,0,0,12500188,0,0,0,0,0,0,0
1789580734.553,0,0,0,0,0,0,0,269251750,2431166586368,805727156736,0,0,0,0,0,0,0,0,0,0,0,0,0,0,0,0,0,0,0,0,0,0,0,0,0,0,0,0,0,0,0,0,0,0,0,0,0,0,0,0,0,0,0,0,0,0,0,0,0,0,0,0,0,0,0,0,0,0,459807,148575089,45098343,0,0,0,0,0,0,0,0,0,0,0,0,0,0,0,0,0,0,0,0,0,0,0,0,0,0,0,0,0,0,0,0,0,0,0,0,0,2142945280,822673408,130795,50212,0,277,131072,148411013,0,0,1361138651,2147483648,114547208,146114949,0,0,0,0,0,0,0,0,0,0,0,0,0,0,0,0,0,0,8659665,8659735,0,97,97,6265,329,17319448,35,0,0,0,0,0,0,0,1,0,0,0,0,0,0,0,0,0,0,9740577,0,13986810,123796,0,0,0,0,0,0,0,0,16384,0,0,0,0,0,0,0,0,0,0,0,4855,342,0,0,0,0,0,26329284,0,9336,27,4632,340,4855,0,0,0,0,0,0,0,0,0,0,0,0,0,0,0,0,0,0,0,0,0,0,0,0,0,0,0,0,0,0,0,0,0,0,0,0,0,0,0,0,0,0,0,0,0,0,0,0,0,0,0,0,0,109789607,0,0,0,129343128,0,0,0,0,0,0,0,79125287,148482183,185809856,57039255552,45954475,0,0,0,0,0,0,0,0,0,0,0,0,0,0,0,0,0,0,0,0,0,0,0,0,0,0,0,0,0,0,0,12500424,0,0,0,0,0,0,0
1789580735.580,0,0,0,0,0,0,0,269258699,2431255993856,805767832576,0,0,0,0,0,0,0,0,0,0,0,0,0,0,0,0,0,0,0,0,0,0,0,0,0,0,0,0,0,0,0,0,0,0,0,0,0,0,0,0,0,0,0,0,0,0,0,0,0,0,0,0,0,0,0,0,0,0,459809,148580557,45100837,0,0,0,0,0,0,0,0,0,0,0,0,0,0,0,0,0,0,0,0,0,0,0,0,0,0,0,0,0,0,0,0,0,0,0,0,0,2143158272,802734080,130808,48995,0,264,131072,148416474,0,0,1361174537,2147483648,114551737,146118626,0,0,0,0,0,0,0,0,0,0,0,0,0,0,0,0,0,0,8659899,8659983,0,97,97,6265,329,17319908,35,0,0,0,0,0,0,0,1,0,0,0,0,0,0,0,0,0,0,9740852,0,13988313,123807,0,0,0,0,0,0,0,0,16384,0,0,0,0,0,0,0,0,0,0,0,4856,342,0,0,0,0,0,26330033,0,9336,27,4632,340,4856,0,0,0,0,0,0,0,0,0,0,0,0,0,0,0,0,0,0,0,0,0,0,0,0,0,0,0,0,0,0,0,0,0,0,0,0,0,0,0,0,0,0,0,0,0,0,0,0,0,0,0,0,0,109790866,0,0,0,129346413,0,0,0,0,0,0,0,79127466,148487648,185814679,57039967744,45955290,0,0,0,0,0,0,0,0,0,0,0,0,0,0,0,0,0,0,0,0,0,0,0,0,0,0,0,0,0,0,0,12500669,0,0,0,0,0,0,0
1789580736.607,0,0,0,0,0,0,0,269265481,2431342517760,805787790848,0,0,0,0,0,0,0,0,0,0,0,0,0,0,0,0,0,0,0,0,0,0,0,0,0,0,0,0,0,0,0,0,0,0,0,0,0,0,0,0,0,0,0,0,0,0,0,0,0,0,0,0,0,0,0,0,0,0,459809,148585842,45102006,0,0,0,0,0,0,0,0,0,0,0,0,0,0,0,0,0,0,0,0,0,0,0,0,0,0,0,0,0,0,0,0,0,0,0,0,0,2143109120,801357824,130805,48911,0,267,131072,148421756,0,0,1361210231,2147483648,114556957,146121769,0,0,0,0,0,0,0,0,0,0,0,0,0,0,0,0,0,0,8660097,8660180,0,97,97,6265,329,17320331,35,0,0,0,0,0,0,0,1,0,0,0,0,0,0,0,0,0,0,9741076,0,13988313,123807,0,0,0,0,0,0,0,0,16384,0,0,0,0,0,0,0,0,0,0,0,4857,342,0,0,0,0,0,26330642,0,9336,27,4632,340,4857,0,0,0,0,0,0,0,0,0,0,0,0,0,0,0,0,0,0,0,0,0,0,0,0,0,0,0,0,0,0,0,0,0,0,0,0,0,0,0,0,0,0,0,0,0,0,0,0,0,0,0,0,0,109791960,0,0,0,129349278,0,0,0,0,0,0,0,79129350,148492934,185818106,57040582144,45956007,0,0,0,0,0,0,0,0,0,0,0,0,0,0,0,0,0,0,0,0,0,0,0,0,0,0,0,0,0,0,0,12500868,0,0,0,0,0,0,0
1789580737.632,0,0,0,0,0,0,0,269272409,2431429697024,805807702016,0,0,0,0,0,0,0,0,0,0,0,0,0,0,0,0,0,0,0,0,0,0,0,0,0,0,0,0,0,0,0,0,0,0,0,0,0,0,0,0,0,0,0,0,0,0,0,0,0,0,0,0,0,0,0,0,0,0,459811,148591176,45103162,0,0,0,0,0,0,0,0,0,0,0,0,0,0,0,0,0,0,0,0,0,0,0,0,0,0,0,0,0,0,0,0,0,0,0,0,0,2143436800,804175872,130825,49083,0,247,131072,148427086,0,0,1361246767,2147483648,114562215,146125654,0,0,0,0,0,0,0,0,0,0,0,0,0,0,0,0,0,0,8660349,8660421,0,97,97,6265,329,17320835,35,0,0,0,0,0,0,0,1,0,0,0,0,0,0,0,0,0,0,9741348,0,13988313,123807,0,0,0,0,0,0,0,0,16384,0,0,0,0,0,0,0,0,0,0,0,4858,342,0,0,0,0,0,26331380,0,9336,27,4632,340,4858,0,0,0,0,0,0,0,0,0,0,0,0,0,0,0,0,0,0,0,0,0,0,0,0,0,0,0,0,0,0,0,0,0,0,0,0,0,0,0,0,0,0,0,0,0,0,0,0,0,0,0,0,0,109793271,0,0,0,129352773,0,0,0,0,0,0,0,79131361,148498263,185821721,57041326592,45956866,1,0,0,0,0,0,0,0,0,0,0,0,0,0,0,0,0,0,0,0,0,0,0,0,0,0,0,0,0,0,0,12501109,0,0,0,0,0,0,0
1789580738.658,0,0,0,0,0,0,0,269279505,2431521086976,805829388800,0,0,0,0,0,0,0,0,0,0,0,0,0,0,0,0,0,0,0,0,0,0,0,0,0,0,0,0,0,0,0,0,0,0,0,0,0,0,0,0,0,0,0,0,0,0,0,0,0,0,0,0,0,0,0,0,0,0,459811,148596763,45104435,0,0,0,0,0,0,0,0,0,0,0,0,0,0,0,0,0,0,0,0,0,0,0,0,0,0,0,0,0,0,0,0,0,0,0,0,0,2143305728,803520512,130817,49043,0,255,131072,148432669,0,0,1361283287,2147483648,114567748,146129347,0,0,0,0,0,0,0,0,0,0,0,0,0,0,0,0,0,0,8660595,8660673,0,97,97,6265,329,17321286,35,0,0,0,0,0,0,0,1,0,0,0,0,0,0,0,0,0,0,9741629,0,13988313,123807,0,0,0,0,0,0,0,0,16384,0,0,0,0,0,0,0,0,0,0,0,4859,342,0,0,0,0,0,26332145,0,9336,27,4632,340,4859,0,0,0,0,0,0,0,0,0,0,0,0,0,0,0,0,0,0,0,0,0,0,0,0,0,0,0,0,0,0,0,0,0,0,0,0,0,0,0,0,0,0,0,0,0,0,0,0,0,0,0,0,0,109794533,0,0,0,129356079,0,0,0,0,0,0,0,79133468,148503851,185825508,57042040320,45957710,0,0,0,0,0,0,0,0,0,0,0,0,0,0,0,0,0,0,0,0,0,0,0,0,0,0,0,0,0,0,0,12501361,0,0,0,0,0,0,0
1789580739.684,0,0,0,0,0,0,0,269286423,2431608462848,805847977984,0,0,0,0,0,0,0,0,0,0,0,0,0,0,0,0,0,0,0,0,0,0,0,0,0,0,0,0,0,0,0,0,0,0,0,0,0,0,0,0,0,0,0,0,0,0,0,0,0,0,0,0,0,0,0,0,0,0,459815,148602109,45105522,0,0,0,0,0,0,0,0,0,0,0,0,0,0,0,0,0,0,0,0,0,0,0,0,0,0,0,0,0,0,0,0,0,0,0,0,0,2142945280,805060608,130795,49137,0,277,131072,148438010,0,0,1361319955,2147483648,114573051,146132720,0,0,0,0,0,0,0,0,0,0,0,0,0,0,0,0,0,0,8660796,8660871,0,97,97,6265,329,17321732,35,0,0,0,0,0,0,0,1,0,0,0,0,0,0,0,0,0,0,9741856,0,13988313,123807,0,0,0,0,0,0,0,0,16384,0,0,0,0,0,0,0,0,0,0,0,4860,342,0,0,0,0,0,26332759,0,9336,27,4632,340,4860,0,0,0,0,0,0,0,0,0,0,0,0,0,0,0,0,0,0,0,0,0,0,0,0,0,0,0,0,0,0,0,0,0,0,0,0,0,0,0,0,0,0,0,0,0,0,0,0,0,0,0,0,0,109795673,0,0,0,129359147,0,0,0,0,0,0,0,79135304,148509189,185828809,57042685952,45958465,0,0,0,0,0,0,0,0,0,0,0,0,0,0,0,0,0,0,0,0,0,0,0,0,0,0,0,0,0,0,0,12501561,0,0,0,0,0,0,0
1789580740.710,0,0,0,0,0,0,0,269293139,2431693921792,805867024896,0,0,0,0,0,0,0,0,0,0,0,0,0,0,0,0,0,0,0,0,0,0,0,0,0,0,0,0,0,0,0,0,0,0,0,0,0,0,0,0,0,0,0,0,0,0,0,0,0,0,0,0,0,0,0,0,0,0,459820,148607335,45106598,0,0,0,0,0,0,0,0,0,0,0,0,0,0,0,0,0,0,0,0,0,0,0,0,0,0,0,0,0,0,0,0,0,0,0,0,0,2143338496,808222720,130819,49330,0,253,131072,148443234,0,0,1361354919,2147483648,114578184,146136489,0,0,0,0,0,0,0,0,0,0,0,0,0,0,0,0,0,0,8661037,8661117,0,97,97,6265,329,17322208,35,0,0,0,0,0,0,0,1,0,0,0,0,0,0,0,0,0,0,9742129,0,13988313,123807,0,0,0,0,0,0,0,0,16384,0,0,0,0,0,0,0,0,0,0,0,4861,342,0,0,0,0,0,26333496,0,9336,27,4632,340,4861,0,0,0,0,0,0,0,0,0,0,0,0,0,0,0,0,0,0,0,0,0,0,0,0,0,0,0,0,0,0,0,0,0,0,0,0,0,0,0,0,0,0,0,0,0,0,0,0,0,0,0,0,0,109796950,0,0,0,129362502,0,0,0,0,0,0,0,79137244,148514409,185832287,57043408384,45959304,0,0,0,0,0,0,0,0,0,0,0,0,0,0,0,0,0,0,0,0,0,0,0,0,0,0,0,0,0,0,0,12501804,0,0,0,0,0,0,0
1789580741.735,0,0,0,0,0,0,0,269300227,2431784967680,805888441856,0,0,0,0,0,0,0,0,0,0,0,0,0,0,0,0,0,0,0,0,0,0,0,0,0,0,0,0,0,0,0,0,0,0,0,0,0,0,0,0,0,0,0,0,0,0,0,0,0,0,0,0,0,0,0,0,0,0,459820,148612902,45107875,0,0,0,0,0,0,0,0,0,0,0,0,0,0,0,0,0,0,0,0,0,0,0,0,0,0,0,0,0,0,0,0,0,0,0,0,0,2143158272,807223296,130808,49269,0,264,131072,148448797,0,0,1361391787,2147483648,114583706,146140103,0,0,0,0,0,0,0,0,0,0,0,0,0,0,0,0,0,0,8661274,8661352,0,97,97,6265,329,17322653,35,0,0,0,0,0,0,0,1,0,0,0,0,0,0,0,0,0,0,9742391,0,13988313,123807,0,0,0,0,0,0,0,0,16384,0,0,0,0,0,0,0,0,0,0,0,4862,342,0,0,0,0,0,26334205,0,9336,27,4632,340,4862,0,0,0,0,0,0,0,0,0,0,0,0,0,0,0,0,0,0,0,0,0,0,0,0,0,0,0,0,0,0,0,0,0,0,0,0,0,0,0,0,0,0,0,0,0,0,0,0,0,0,0,0,0,109798141,0,0,0,129365748,0,0,0,0,0,0,0,79139290,148519973,185835976,57044088832,45960102,0,0,0,0,0,0,0,0,0,0,0,0,0,0,0,0,0,0,0,0,0,0,0,0,0,0,0,0,0,0,0,12502037,0,0,0,0,0,0,0
1789580742.760,0,0,0,0,0,0,0,269306972,2431870246400,805906541568,0,0,0,0,0,0,0,0,0,0,0,0,0,0,0,0,0,0,0,0,0,0,0,0,0,0,0,0,0,0,0,0,0,0,0,0,0,0,0,0,0,0,0,0,0,0,0,0,0,0,0,0,0,0,0,0,0,0,459821,148618119,45108899,0,0,0,0,0,0,0,0,0,0,0,0,0,0,0,0,0,0,0,0,0,0,0,0,0,0,0,0,0,0,0,0,0,0,0,0,0,2143371264,809631744,130821,49416,0,251,131072,148454014,0,0,1361426931,2147483648,114588847,146143599,0,0,0,0,0,0,0,0,0,0,0,0,0,0,0,0,0,0,8661500,8661572,0,97,97,6265,329,17323099,35,0,0,0,0,0,0,0,1,0,0,0,0,0,0,0,0,0,0,9742641,0,13988313,123807,0,0,0,0,0,0,0,0,16384,0,0,0,0,0,0,0,0,0,0,0,4863,342,0,0,0,0,0,26334882,0,9336,27,4632,340,4863,0,0,0,0,0,0,0,0,0,0,0,0,0,0,0,0,0,0,0,0,0,0,0,0,0,0,0,0,0,0,0,0,0,0,0,0,0,0,0,0,0,0,0,0,0,0,0,0,0,0,0,0,0,109799342,0,0,0,129368916,0,0,0,0,0,0,0,79141128,148525192,185839270,57044771840,45960894,0,0,0,0,0,0,0,0,0,0,0,0,0,0,0,0,0,0,0,0,0,0,0,0,0,0,0,0,0,0,0,12502260,0,0,0,0,0,0,0
1789580743.786,0,0,0,0,0,0,0,269313493,2431953051136,805927529984,0,0,0,0,0,0,0,0,0,0,0,0,0,0,0,0,0,0,0,0,0,0,0,0,0,0,0,0,0,0,0,0,0,0,0,0,0,0,0,0,0,0,0,0,0,0,0,0,0,0,0,0,0,0,0,0,0,0,459825,148623191,45110129,0,0,0,0,0,0,0,0,0,0,0,0,0,0,0,0,0,0,0,0,0,0,0,0,0,0,0,0,0,0,0,0,0,0,0,0,0,2143387648,808222720,130822,49330,0,250,131072,148459080,0,0,1361461300,2147483648,114593857,146146910,0,0,0,0,0,0,0,0,0,0,0,0,0,0,0,0,0,0,8661705,8661779,0,97,97,6265,329,17323525,35,0,0,0,0,0,0,0,1,0,0,0,0,0,0,0,0,0,0,9742876,0,13988313,123807,0,0,0,0,0,0,0,0,16384,0,0,0,0,0,0,0,0,0,0,0,4864,342,0,0,0,0,0,26335515,0,9336,27,4632,340,4864,0,0,0,0,0,0,0,0,0,0,0,0,0,0,0,0,0,0,0,0,0,0,0,0,0,0,0,0,0,0,0,0,0,0,0,0,0,0,0,0,0,0,0,0,0,0,0,0,0,0,0,0,0,109800517,0,0,0,129371905,0,0,0,0,0,0,0,79143133,148530258,185842897,57045426688,45961674,0,0,0,0,0,0,0,0,0,0,0,0,0,0,0,0,0,0,0,0,0,0,0,0,0,0,0,0,0,0,0,12502468,0,0,0,0,0,0,0
1789580744.811,0,0,0,0,0,0,0,269320172,2432038067712,805946292224,0,0,0,0,0,0,0,0,0,0,0,0,0,0,0,0,0,0,0,0,0,0,0,0,0,0,0,0,0,0,0,0,0,0,0,0,0,0,0,0,0,0,0,0,0,0,0,0,0,0,0,0,0,0,0,0,0,0,459827,148628385,45111229,0,0,0,0,0,0,0,0,0,0,0,0,0,0,0,0,0,0,0,0,0,0,0,0,0,0,0,0,0,0,0,0,0,0,0,0,0,2143551488,810254336,130832,49454,0,240,131072,148464272,0,0,1361496065,2147483648,114598980,146150503,0,0,0,0,0,0,0,0,0,0,0,0,0,0,0,0,0,0,8661938,8662010,0,97,97,6265,329,17323985,35,0,0,0,0,0,0,0,1,0,0,0,0,0,0,0,0,0,0,9743131,0,13988313,123807,0,0,0,0,0,0,0,0,16384,0,0,0,0,0,0,0,0,0,0,0,4865,342,0,0,0,0,0,26336202,0,9336,27,4632,340,4865,0,0,0,0,0,0,0,0,0,0,0,0,0,0,0,0,0,0,0,0,0,0,0,0,0,0,0,0,0,0,0,0,0,0,0,0,0,0,0,0,0,0,0,0,0,0,0,0,0,0,0,0,0,109801725,0,0,0,129375137,0,0,0,0,0,0,0,79145037,148535456,185846279,57046118400,45962491,0,0,0,0,0,0,0,0,0,0,0,0,0,0,0,0,0,0,0,0,0,0,0,0,0,0,0,0,0,0,0,12502694,0,0,0,0,0,0,0
1789580745.837,0,0,0,0,0,0,0,269327110,2432126524928,805965201920,0,0,0,0,0,0,0,0,0,0,0,0,0,0,0,0,0,0,0,0,0,0,0,0,0,0,0,0,0,0,0,0,0,0,0,0,0,0,0,0,0,0,0,0,0,0,0,0,0,0,0,0,0,0,0,0,0,0,459832,148633790,45112316,0,0,0,0,0,0,0,0,0,0,0,0,0,0,0,0,0,0,0,0,0,0,0,0,0,0,0,0,0,0,0,0,0,0,0,0,0,2143633408,812105728,130837,49567,0,235,131072,148469675,0,0,1361532227,2147483648,114604318,146154085,0,0,0,0,0,0,0,0,0,0,0,0,0,0,0,0,0,0,8662160,8662240,0,97,97,6265,329,17324438,35,0,0,0,0,0,0,0,1,0,0,0,0,0,0,0,0,0,0,9743392,0,13988313,123807,0,0,0,0,0,0,0,0,16384,0,0,0,0,0,0,0,0,0,0,0,4866,342,0,0,0,0,0,26336909,0,9336,27,4632,340,4866,0,0,0,0,0,0,0,0,0,0,0,0,0,0,0,0,0,0,0,0,0,0,0,0,0,0,0,0,0,0,0,0,0,0,0,0,0,0,0,0,0,0,0,0,0,0,0,0,0,0,0,0,0,109802945,0,0,0,129378344,0,0,0,0,0,0,0,79146951,148540860,185849691,57046804480,45963310,0,0,0,0,0,0,0,0,0,0,0,0,0,0,0,0,0,0,0,0,0,0,0,0,0,0,0,0,0,0,0,12502927,0,0,0,0,0,0,0
1789580746.862,0,0,0,0,0,0,0,269333535,2432208297472,805985772544,0,0,0,0,0,0,0,0,0,0,0,0,0,0,0,0,0,0,0,0,0,0,0,0,0,0,0,0,0,0,0,0,0,0,0,0,0,0,0,0,0,0,0,0,0,0,0,0,0,0,0,0,0,0,0,0,0,0,459837,148638794,45113521,0,0,0,0,0,0,0,0,0,0,0,0,0,0,0,0,0,0,0,0,0,0,0,0,0,0,0,0,0,0,0,0,0,0,0,0,0,2143207424,810762240,130811,49485,0,261,131072,148474677,0,0,1361566056,2147483648,114609296,146157401,0,0,0,0,0,0,0,0,0,0,0,0,0,0,0,0,0,0,8662372,8662440,0,97,97,6265,329,17324866,35,0,0,0,0,0,0,0,1,0,0,0,0,0,0,0,0,0,0,9743620,0,13988313,123807,0,0,0,0,0,0,0,0,16384,0,0,0,0,0,0,0,0,0,0,0,4867,342,0,0,0,0,0,26337523,0,9336,27,4632,340,4867,0,0,0,0,0,0,0,0,0,0,0,0,0,0,0,0,0,0,0,0,0,0,0,0,0,0,0,0,0,0,0,0,0,0,0,0,0,0,0,0,0,0,0,0,0,0,0,0,0,0,0,0,0,109804078,0,0,0,129381318,0,0,0,0,0,0,0,79148902,148545861,185853225,57047444992,45964060,0,0,0,0,0,0,0,0,0,0,0,0,0,0,0,0,0,0,0,0,0,0,0,0,0,0,0,0,0,0,0,12503129,0,0,0,0,0,0,0
1789580747.889,0,0,0,0,0,0,0,269340018,2432290938368,806004374528,0,0,0,0,0,0,0,0,0,0,0,0,0,0,0,0,0,0,0,0,0,0,0,0,0,0,0,0,0,0,0,0,0,0,0,0,0,0,0,0,0,0,0,0,0,0,0,0,0,0,0,0,0,0,0,0,0,0,459840,148643841,45114597,0,0,0,0,0,0,0,0,0,0,0,0,0,0,0,0,0,0,0,0,0,0,0,0,0,0,0,0,0,0,0,0,0,0,0,0,0,2143174656,812351488,130809,49582,0,263,131072,148479720,0,0,1361599787,2147483648,114614295,146160889,0,0,0,0,0,0,0,0,0,0,0,0,0,0,0,0,0,0,8662594,8662675,0,97,97,6265,329,17325299,35,0,0,0,0,0,0,0,1,0,0,0,0,0,0,0,0,0,0,9743882,0,13988313,123807,0,0,0,0,0,0,0,0,16384,0,0,0,0,0,0,0,0,0,0,0,4868,342,0,0,0,0,0,26338239,0,9336,27,4632,340,4868,0,0,0,0,0,0,0,0,0,0,0,0,0,0,0,0,0,0,0,0,0,0,0,0,0,0,0,0,0,0,0,0,0,0,0,0,0,0,0,0,0,0,0,0,0,0,0,0,0,0,0,0,0,109805258,0,0,0,129384432,0,0,0,0,0,0,0,79150774,148550910,185856560,57048124928,45964854,0,0,0,0,0,0,0,0,0,0,0,0,0,0,0,0,0,0,0,0,0,0,0,0,0,0,0,0,0,0,0,12503363,0,0,0,0,0,0,0
1789580748.916,0,0,0,0,0,0,0,269346351,2432371170816,806021556224,0,0,0,0,0,0,0,0,0,0,0,0,0,0,0,0,0,0,0,0,0,0,0,0,0,0,0,0,0,0,0,0,0,0,0,0,0,0,0,0,0,0,0,0,0,0,0,0,0,0,0,0,0,0,0,0,0,0,459845,148648744,45115592,0,0,0,0,0,0,0,0,0,0,0,0,0,0,0,0,0,0,0,0,0,0,0,0,0,0,0,0,0,0,0,0,0,0,0,0,0,2142879744,814039040,130791,49685,0,282,131072,148484618,0,0,1361632706,2147483648,114619170,146164149,0,0,0,0,0,0,0,0,0,0,0,0,0,0,0,0,0,0,8662809,8662877,0,97,97,6265,329,17325711,35,0,0,0,0,0,0,0,1,0,0,0,0,0,0,0,0,0,0,9744109,0,13988313,123807,0,0,0,0,0,0,0,0,16384,0,0,0,0,0,0,0,0,0,0,0,4869,342,0,0,0,0,0,26338851,0,9336,27,4632,340,4869,0,0,0,0,0,0,0,0,0,0,0,0,0,0,0,0,0,0,0,0,0,0,0,0,0,0,0,0,0,0,0,0,0,0,0,0,0,0,0,0,0,0,0,0,0,0,0,0,0,0,0,0,0,109806385,0,0,0,129387357,0,0,0,0,0,0,0,79152541,148555817,185859671,57048780288,45965628,0,0,0,0,0,0,0,0,0,0,0,0,0,0,0,0,0,0,0,0,0,0,0,0,0,0,0,0,0,0,0,12503564,0,0,0,0,0,0,0
1789580749.942,0,0,0,0,0,0,0,269353038,2432456154624,806043131392,0,0,0,0,0,0,0,0,0,0,0,0,0,0,0,0,0,0,0,0,0,0,0,0,0,0,0,0,0,0,0,0,0,0,0,0,0,0,0,0,0,0,0,0,0,0,0,0,0,0,0,0,0,0,0,0,0,0,459848,148653940,45116841,0,0,0,0,0,0,0,0,0,0,0,0,0,0,0,0,0,0,0,0,0,0,0,0,0,0,0,0,0,0,0,0,0,0,0,0,0,2143387648,812990464,130822,49621,0,250,131072,148489806,0,0,1361667800,2147483648,114624278,146167606,0,0,0,0,0,0,0,0,0,0,0,0,0,0,0,0,0,0,8663012,8663089,0,97,97,6265,329,17326164,35,0,0,0,0,0,0,0,1,0,0,0,0,0,0,0,0,0,0,9744351,0,13988313,123807,0,0,0,0,0,0,0,0,16384,0,0,0,0,0,0,0,0,0,0,0,4870,342,0,0,0,0,0,26339499,0,9336,27,4632,340,4870,0,0,0,0,0,0,0,0,0,0,0,0,0,0,0,0,0,0,0,0,0,0,0,0,0,0,0,0,0,0,0,0,0,0,0,0,0,0,0,0,0,0,0,0,0,0,0,0,0,0,0,0,0,109807545,0,0,0,129390475,0,0,0,0,0,0,0,79154564,148561003,185863351,57049440768,45966391,0,0,0,0,0,0,0,0,0,0,0,0,0,0,0,0,0,0,0,0,0,0,0,0,0,0,0,0,0,0,0,12503779,0,0,0,0,0,0,0
1789580750.969,0,0,0,0,0,0,0,269359603,2432539155968,806061969408,0,0,0,0,0,0,0,0,0,0,0,0,0,0,0,0,0,0,0,0,0,0,0,0,0,0,0,0,0,0,0,0,0,0,0,0,0,0,0,0,0,0,0,0,0,0,0,0,0,0,0,0,0,0,0,0,0,0,459852,148659011,45117939,0,0,0,0,0,0,0,0,0,0,0,0,0,0,0,0,0,0,0,0,0,0,0,0,0,0,0,0,0,0,0,0,0,0,0,0,0,2142978048,813891584,130798,49676,0,275,131072,148494873,0,0,1361702013,2147483648,114629320,146171096,0,0,0,0,0,0,0,0,0,0,0,0,0,0,0,0,0,0,8663240,8663313,0,97,97,6265,329,17326599,35,0,0,0,0,0,0,0,1,0,0,0,0,0,0,0,0,0,0,9744602,0,13988313,123807,0,0,0,0,0,0,0,0,16384,0,0,0,0,0,0,0,0,0,0,0,4872,342,0,0,0,0,0,26340180,0,9336,27,4632,340,4872,0,0,0,0,0,0,0,0,0,0,0,0,0,0,0,0,0,0,0,0,0,0,0,0,0,0,0,0,0,0,0,0,0,0,0,0,0,0,0,0,0,0,0,0,0,0,0,0,0,0,0,0,0,109808720,0,0,0,129393583,0,0,0,0,0,0,0,79156437,148566073,185866712,57050108416,45967170,0,0,0,0,0,0,0,0,0,0,0,0,0,0,0,0,0,0,0,0,0,0,0,0,0,0,0,0,0,0,0,12504002,0,0,0,0,0,0,0
1789580751.995,0,0,0,0,0,0,0,269366232,2432623549952,806081082368,0,0,0,0,0,0,0,0,0,0,0,0,0,0,0,0,0,0,0,0,0,0,0,0,0,0,0,0,0,0,0,0,0,0,0,0,0,0,0,0,0,0,0,0,0,0,0,0,0,0,0,0,0,0,0,0,0,0,459857,148664169,45119040,0,0,0,0,0,0,0,0,0,0,0,0,0,0,0,0,0,0,0,0,0,0,0,0,0,0,0,0,0,0,0,0,0,0,0,0,0,2143207424,814301184,130811,49701,0,261,131072,148500029,0,0,1361736607,2147483648,114634415,146174546,0,0,0,0,0,0,0,0,0,0,0,0,0,0,0,0,0,0,8663463,8663540,0,97,97,6265,329,17327031,35,0,0,0,0,0,0,0,1,0,0,0,0,0,0,0,0,0,0,9744855,0,13988313,123807,0,0,0,0,0,0,0,0,16384,0,0,0,0,0,0,0,0,0,0,0,4873,342,0,0,0,0,0,26340864,0,9336,27,4632,340,4873,0,0,0,0,0,0,0,0,0,0,0,0,0,0,0,0,0,0,0,0,0,0,0,0,0,0,0,0,0,0,0,0,0,0,0,0,0,0,0,0,0,0,0,0,0,0,0,0,0,0,0,0,0,109809910,0,0,0,129396662,0,0,0,0,0,0,0,79158339,148571230,185870116,57050788864,45967965,0,1,0,0,0,0,0,0,0,0,0,0,0,0,0,0,0,0,0,0,0,0,0,0,0,0,0,0,0,0,0,12504228,0,0,0,0,0,0,0
1789580753.021,0,0,0,0,0,0,0,269372680,2432705355264,806099309056,0,0,0,0,0,0,0,0,0,0,0,0,0,0,0,0,0,0,0,0,0,0,0,0,0,0,0,0,0,0,0,0,0,0,0,0,0,0,0,0,0,0,0,0,0,0,0,0,0,0,0,0,0,0,0,0,0,0,459861,148669170,45120114,0,0,0,0,0,0,0,0,0,0,0,0,0,0,0,0,0,0,0,0,0,0,0,0,0,0,0,0,0,0,0,0,0,0,0,0,0,2143256576,815546368,130814,49777,0,258,131072,148505027,0,0,1361770240,2147483648,114639381,146177961,0,0,0,0,0,0,0,0,0,0,0,0,0,0,0,0,0,0,8663675,8663746,0,97,97,6265,329,17327464,35,0,0,0,0,0,0,0,1,0,0,0,0,0,0,0,0,0,0,9745085,0,13988313,123807,0,0,0,0,0,0,0,0,16384,0,0,0,0,0,0,0,0,0,0,0,4874,342,0,0,0,0,0,26341482,0,9336,27,4632,340,4874,0,0,0,0,0,0,0,0,0,0,0,0,0,0,0,0,0,0,0,0,0,0,0,0,0,0,0,0,0,0,0,0,0,0,0,0,0,0,0,0,0,0,0,0,0,0,0,0,0,0,0,0,0,109811072,0,0,0,129399742,0,0,0,0,0,0,0,79160167,148576234,185873393,57051440128,45968736,0,0,0,0,0,0,0,0,0,0,0,0,0,0,0,0,0,0,0,0,0,0,0,0,0,0,0,0,0,0,0,12504431,0,0,0,0,0,0,0
1789580754.047,0,0,0,0,0,0,0,269379080,2432786980352,806119375872,0,0,0,0,0,0,0,0,0,0,0,0,0,0,0,0,0,0,0,0,0,0,0,0,0,0,0,0,0,0,0,0,0,0,0,0,0,0,0,0,0,0,0,0,0,0,0,0,0,0,0,0,0,0,0,0,0,0,459861,148674159,45121277,0,0,0,0,0,0,0,0,0,0,0,0,0,0,0,0,0,0,0,0,0,0,0,0,0,0,0,0,0,0,0,0,0,0,0,0,0,2142830592,814776320,130788,49730,0,284,131072,148510013,0,0,1361803511,2147483648,114644340,146181336,0,0,0,0,0,0,0,0,0,0,0,0,0,0,0,0,0,0,8663900,8663976,0,97,97,6265,329,17327893,35,0,0,0,0,0,0,0,1,0,0,0,0,0,0,0,0,0,0,9745344,0,13988313,123807,0,0,0,0,0,0,0,0,16384,0,0,0,0,0,0,0,0,0,0,0,4875,342,0,0,0,0,0,26342188,0,9336,27,4632,340,4875,0,0,0,0,0,0,0,0,0,0,0,0,0,0,0,0,0,0,0,0,0,0,0,0,0,0,0,0,0,0,0,0,0,0,0,0,0,0,0,0,0,0,0,0,0,0,0,0,0,0,0,0,0,109812229,0,0,0,129402757,0,0,0,0,0,0,0,79162113,148581216,185876888,57052094976,45969513,0,0,0,0,0,0,0,0,0,0,0,0,0,0,0,0,0,0,0,0,0,0,0,0,0,0,0,0,0,0,0,12504662,0,0,0,0,0,0,0
1789580755.074,0,0,0,0,0,0,0,269385420,2432868244992,806137511936,0,0,0,0,0,0,0,0,0,0,0,0,0,0,0,0,0,0,0,0,0,0,0,0,0,0,0,0,0,0,0,0,0,0,0,0,0,0,0,0,0,0,0,0,0,0,0,0,0,0,0,0,0,0,0,0,0,0,459863,148679124,45122329,0,0,0,0,0,0,0,0,0,0,0,0,0,0,0,0,0,0,0,0,0,0,0,0,0,0,0,0,0,0,0,0,0,0,0,0,0,2143272960,815235072,130815,49758,0,257,131072,148514972,0,0,1361836805,2147483648,114649240,146184489,0,0,0,0,0,0,0,0,0,0,0,0,0,0,0,0,0,0,8664096,8664170,0,97,97,6265,329,17328299,35,0,0,0,0,0,0,0,1,0,0,0,0,0,0,0,0,0,0,9745564,0,13988313,123807,0,0,0,0,0,0,0,0,16384,0,0,0,0,0,0,0,0,0,0,0,4876,342,0,0,0,0,0,26342783,0,9336,27,4632,340,4876,0,0,0,0,0,0,0,0,0,0,0,0,0,0,0,0,0,0,0,0,0,0,0,0,0,0,0,0,0,0,0,0,0,0,0,0,0,0,0,0,0,0,0,0,0,0,0,0,0,0,0,0,0,109813334,0,0,0,129405611,0,0,0,0,0,0,0,79163893,148586182,185880100,57052718592,45970240,0,0,0,0,0,0,0,0,0,0,0,0,0,0,0,0,0,0,0,0,0,0,0,0,0,0,0,0,0,0,0,12504858,0,0,0,0,0,0,0
1789580756.100,0,0,0,0,0,0,0,269391669,2432947838464,806155649536,0,0,0,0,0,0,0,0,0,0,0,0,0,0,0,0,0,0,0,0,0,0,0,0,0,0,0,0,0,0,0,0,0,0,0,0,0,0,0,0,0,0,0,0,0,0,0,0,0,0,0,0,0,0,0,0,0,0,459866,148683990,45123390,0,0,0,0,0,0,0,0,0,0,0,0,0,0,0,0,0,0,0,0,0,0,0,0,0,0,0,0,0,0,0,0,0,0,0,0,0,2143387648,816185344,130822,49816,0,250,131072,148519840,0,0,1361869713,2147483648,114654031,146187804,0,0,0,0,0,0,0,0,0,0,0,0,0,0,0,0,0,0,8664305,8664378,0,97,97,6265,329,17328728,35,0,0,0,0,0,0,0,1,0,0,0,0,0,0,0,0,0,0,9745796,0,13988313,123807,0,0,0,0,0,0,0,0,16384,0,0,0,0,0,0,0,0,0,0,0,4877,342,0,0,0,0,0,26343398,0,9336,27,4632,340,4877,0,0,0,0,0,0,0,0,0,0,0,0,0,0,0,0,0,0,0,0,0,0,0,0,0,0,0,0,0,0,0,0,0,0,0,0,0,0,0,0,0,0,0,0,0,0,0,0,0,0,0,0,0,109814491,0,0,0,129408607,0,0,0,0,0,0,0,79165733,148591041,185883361,57053369856,45971028,0,0,0,0,0,0,0,0,0,0,0,0,0,0,0,0,0,0,0,0,0,0,0,0,0,0,0,0,0,0,0,12505063,0,0,0,0,0,0,0
1789580757.126,0,0,0,0,0,0,0,269397725,2433025039872,806173723136,0,0,0,0,0,0,0,0,0,0,0,0,0,0,0,0,0,0,0,0,0,0,0,0,0,0,0,0,0,0,0,0,0,0,0,0,0,0,0,0,0,0,0,0,0,0,0,0,0,0,0,0,0,0,0,0,0,0,459870,148688706,45124439,0,0,0,0,0,0,0,0,0,0,0,0,0,0,0,0,0,0,0,0,0,0,0,0,0,0,0,0,0,0,0,0,0,0,0,0,0,2143338496,816267264,130818,49821,0,254,131072,148524551,0,0,1361901099,2147483648,114658708,146190983,0,0,0,0,0,0,0,0,0,0,0,0,0,0,0,0,0,0,8664511,8664583,0,97,97,6265,329,17329129,35,0,0,0,0,0,0,0,1,0,0,0,0,0,0,0,0,0,0,9746028,0,13988313,123807,0,0,0,0,0,0,0,0,16384,0,0,0,0,0,0,0,0,0,0,0,4878,342,0,0,0,0,0,26344031,0,9336,27,4632,340,4878,0,0,0,0,0,0,0,0,0,0,0,0,0,0,0,0,0,0,0,0,0,0,0,0,0,0,0,0,0,0,0,0,0,0,0,0,0,0,0,0,0,0,0,0,0,0,0,0,0,0,0,0,0,109815580,0,0,0,129411456,0,0,0,0,0,0,0,79167502,148595766,185886553,57053984256,45971746,0,0,0,0,0,0,0,0,0,0,0,0,0,0,0,0,0,0,0,0,0,0,0,0,0,0,0,0,0,0,0,12505270,0,0,0,0,0,0,0
1789580758.151,0,0,0,0,0,0,0,269403978,2433104305664,806191513088,0,0,0,0,0,0,0,0,0,0,0,0,0,0,0,0,0,0,0,0,0,0,0,0,0,0,0,0,0,0,0,0,0,0,0,0,0,0,0,0,0,0,0,0,0,0,0,0,0,0,0,0,0,0,0,0,0,0,459876,148693550,45125465,0,0,0,0,0,0,0,0,0,0,0,0,0,0,0,0,0,0,0,0,0,0,0,0,0,0,0,0,0,0,0,0,0,0,0,0,0,2143240192,817184768,130813,49877,0,259,131072,148529391,0,0,1361933776,2147483648,114663512,146194217,0,0,0,0,0,0,0,0,0,0,0,0,0,0,0,0,0,0,8664704,8664789,0,97,97,6265,329,17329550,35,0,0,0,0,0,0,0,1,0,0,0,0,0,0,0,0,0,0,9746261,0,13988313,123807,0,0,0,0,0,0,0,0,16384,0,0,0,0,0,0,0,0,0,0,0,4879,342,0,0,0,0,0,26344660,0,9336,27,4632,340,4879,0,0,0,0,0,0,0,0,0,0,0,0,0,0,0,0,0,0,0,0,0,0,0,0,0,0,0,0,0,0,0,0,0,0,0,0,0,0,0,0,0,0,0,0,0,0,0,0,0,0,0,0,0,109816680,0,0,0,129414343,0,0,0,0,0,0,0,79169284,148600609,185889716,57054608384,45972495,0,0,0,0,0,0,0,0,0,0,0,0,0,0,0,0,0,0,0,0,0,0,0,0,0,0,0,0,0,0,0,12505477,0,0,0,0,0,0,0
1789580759.177,0,0,0,0,0,0,0,269410465,2433186176512,806209748992,0,0,0,0,0,0,0,0,0,0,0,0,0,0,0,0,0,0,0,0,0,0,0,0,0,0,0,0,0,0,0,0,0,0,0,0,0,0,0,0,0,0,0,0,0,0,0,0,0,0,0,0,0,0,0,0,0,0,459879,148698560,45126528,0,0,0,0,0,0,0,0,0,0,0,0,0,0,0,0,0,0,0,0,0,0,0,0,0,0,0,0,0,0,0,0,0,0,0,0,0,2143305728,818495488,130817,49957,0,255,131072,148534401,0,0,1361967853,2147483648,114668448,146197595,0,0,0,0,0,0,0,0,0,0,0,0,0,0,0,0,0,0,8664929,8665001,0,97,97,6265,329,17329966,35,0,0,0,0,0,0,0,1,0,0,0,0,0,0,0,0,0,0,9746497,0,13988313,123807,0,0,0,0,0,0,0,0,16384,0,0,0,0,0,0,0,0,0,0,0,4880,342,0,0,0,0,0,26345304,0,9336,27,4632,340,4880,0,0,0,0,0,0,0,0,0,0,0,0,0,0,0,0,0,0,0,0,0,0,0,0,0,0,0,0,0,0,0,0,0,0,0,0,0,0,0,0,0,0,0,0,0,0,0,0,0,0,0,0,0,109817850,0,0,0,129417390,0,0,0,0,0,0,0,79171120,148605609,185893000,57055272960,45973274,0,0,0,0,0,0,0,0,0,0,0,0,0,0,0,0,0,0,0,0,0,0,0,0,0,0,0,0,0,0,0,12505687,0,0,0,0,0,0,0
1789580760.202,0,0,0,0,0,0,0,269416519,2433263345152,806229377536,0,0,0,0,0,0,0,0,0,0,0,0,0,0,0,0,0,0,0,0,0,0,0,0,0,0,0,0,0,0,0,0,0,0,0,0,0,0,0,0,0,0,0,0,0,0,0,0,0,0,0,0,0,0,0,0,0,0,459884,148703272,45127657,0,0,0,0,0,0,0,0,0,0,0,0,0,0,0,0,0,0,0,0,0,0,0,0,0,0,0,0,0,0,0,0,0,0,0,0,0,2143158272,817381376,130808,49889,0,264,131072,148539110,0,0,1361999015,2147483648,114673120,146200837,0,0,0,0,0,0,0,0,0,0,0,0,0,0,0,0,0,0,8665136,8665219,0,97,97,6265,329,17330365,35,0,0,0,0,0,0,0,1,0,0,0,0,0,0,0,0,0,0,9746743,0,13988313,123807,0,0,0,0,0,0,0,0,16384,0,0,0,0,0,0,0,0,0,0,0,4881,342,0,0,0,0,0,26345972,0,9336,27,4632,340,4881,0,0,0,0,0,0,0,0,0,0,0,0,0,0,0,0,0,0,0,0,0,0,0,0,0,0,0,0,0,0,0,0,0,0,0,0,0,0,0,0,0,0,0,0,0,0,0,0,0,0,0,0,0,109818997,0,0,0,129420244,0,0,0,0,0,0,0,79173043,148610325,185896436,57055919616,45974053,0,0,0,0,0,0,0,0,0,0,0,0,0,0,0,0,0,0,0,0,0,0,0,0,0,0,0,0,0,0,0,12505907,0,0,0,0,0,0,0
1789580761.229,0,0,0,0,0,0,0,269422589,2433339907584,806246532096,0,0,0,0,0,0,0,0,0,0,0,0,0,0,0,0,0,0,0,0,0,0,0,0,0,0,0,0,0,0,0,0,0,0,0,0,0,0,0,0,0,0,0,0,0,0,0,0,0,0,0,0,0,0,0,0,0,0,459885,148707956,45128674,0,0,0,0,0,0,0,0,0,0,0,0,0,0,0,0,0,0,0,0,0,0,0,0,0,0,0,0,0,0,0,0,0,0,0,0,0,2143092736,817430528,130804,49892,0,268,131072,148543793,0,0,1362030956,2147483648,114677752,146203884,0,0,0,0,0,0,0,0,0,0,0,0,0,0,0,0,0,0,8665330,8665403,0,97,97,6265,329,17330767,35,0,0,0,0,0,0,0,1,0,0,0,0,0,0,0,0,0,0,9746951,0,13988313,123807,0,0,0,0,0,0,0,0,16384,0,0,0,0,0,0,0,0,0,0,0,4882,342,0,0,0,0,0,26346530,0,9336,27,4632,340,4882,0,0,0,0,0,0,0,0,0,0,0,0,0,0,0,0,0,0,0,0,0,0,0,0,0,0,0,0,0,0,0,0,0,0,0,0,0,0,0,0,0,0,0,0,0,0,0,0,0,0,0,0,0,109820109,0,0,0,129423030,0,0,0,0,0,0,0,79174767,148615005,185899536,57056539136,45974782,0,0,0,0,0,0,0,0,0,0,0,0,0,0,0,0,0,0,0,0,0,0,0,0,0,0,0,0,0,0,0,12506091,0,0,0,0,0,0,0
1789580762.253,0,0,0,0,0,0,0,269428648,2433417305600,806263900672,0,0,0,0,0,0,0,0,0,0,0,0,0,0,0,0,0,0,0,0,0,0,0,0,0,0,0,0,0,0,0,0,0,0,0,0,0,0,0,0,0,0,0,0,0,0,0,0,0,0,0,0,0,0,0,0,0,0,459892,148712683,45129667,0,0,0,0,0,0,0,0,0,0,0,0,0,0,0,0,0,0,0,0,0,0,0,0,0,0,0,0,0,0,0,0,0,0,0,0,0,2143158272,819314688,130808,50007,0,264,131072,148548517,0,0,1362062725,2147483648,114682434,146207151,0,0,0,0,0,0,0,0,0,0,0,0,0,0,0,0,0,0,8665534,8665607,0,97,97,6265,329,17331188,35,0,0,0,0,0,0,0,1,0,0,0,0,0,0,0,0,0,0,9747179,0,13988313,123807,0,0,0,0,0,0,0,0,16384,0,0,0,0,0,0,0,0,0,0,0,4883,342,0,0,0,0,0,26347139,0,9336,27,4632,340,4883,0,0,0,0,0,0,0,0,0,0,0,0,0,0,0,0,0,0,0,0,0,0,0,0,0,0,0,0,0,0,0,0,0,0,0,0,0,0,0,0,0,0,0,0,0,0,0,0,0,0,0,0,0,109821237,0,0,0,129425953,0,0,0,0,0,0,0,79176522,148619737,185902675,57057174528,45975532,0,0,0,0,0,0,0,0,0,0,0,0,0,0,0,0,0,0,0,0,0,0,0,0,0,0,0,0,0,0,0,12506293,0,0,0,0,0,0,0
1789580763.279,0,0,0,0,0,0,0,269434889,2433495932416,806282700288,0,0,0,0,0,0,0,0,0,0,0,0,0,0,0,0,0,0,0,0,0,0,0,0,0,0,0,0,0,0,0,0,0,0,0,0,0,0,0,0,0,0,0,0,0,0,0,0,0,0,0,0,0,0,0,0,0,0,459897,148717496,45130751,0,0,0,0,0,0,0,0,0,0,0,0,0,0,0,0,0,0,0,0,0,0,0,0,0,0,0,0,0,0,0,0,0,0,0,0,0,2143371264,818724864,130821,49971,0,251,131072,148553325,0,0,1362095422,2147483648,114687181,146210345,0,0,0,0,0,0,0,0,0,0,0,0,0,0,0,0,0,0,8665734,8665813,0,97,97,6265,329,17331586,35,0,0,0,0,0,0,0,1,0,0,0,0,0,0,0,0,0,0,9747410,0,13988313,123807,0,0,0,0,0,0,0,0,16384,0,0,0,0,0,0,0,0,0,0,0,4884,342,0,0,0,0,0,26347759,0,9336,27,4632,340,4884,0,0,0,0,0,0,0,0,0,0,0,0,0,0,0,0,0,0,0,0,0,0,0,0,0,0,0,0,0,0,0,0,0,0,0,0,0,0,0,0,0,0,0,0,0,0,0,0,0,0,0,0,0,109822366,0,0,0,129428807,0,0,0,0,0,0,0,79178373,148624543,185905992,57057807872,45976289,0,0,0,0,0,0,0,0,0,0,0,0,0,0,0,0,0,0,0,0,0,0,0,0,0,0,0,0,0,0,0,12506499,0,0,0,0,0,0,0
1789580764.307,0,0,0,0,0,0,0,269440799,2433571282432,806299386368,0,0,0,0,0,0,0,0,0,0,0,0,0,0,0,0,0,0,0,0,0,0,0,0,0,0,0,0,0,0,0,0,0,0,0,0,0,0,0,0,0,0,0,0,0,0,0,0,0,0,0,0,0,0,0,0,0,0,459900,148722098,45131742,0,0,0,0,0,0,0,0,0,0,0,0,0,0,0,0,0,0,0,0,0,0,0,0,0,0,0,0,0,0,0,0,0,0,0,0,0,2143125504,819691520,130806,50030,0,266,131072,148557924,0,0,1362126260,2147483648,114691766,146213460,0,0,0,0,0,0,0,0,0,0,0,0,0,0,0,0,0,0,8665932,8666014,0,97,97,6265,329,17331994,35,0,0,0,0,0,0,0,1,0,0,0,0,0,0,0,0,0,0,9747631,0,13988313,123807,0,0,0,0,0,0,0,0,16384,0,0,0,0,0,0,0,0,0,0,0,4885,342,0,0,0,0,0,26348351,0,9336,27,4632,340,4885,0,0,0,0,0,0,0,0,0,0,0,0,0,0,0,0,0,0,0,0,0,0,0,0,0,0,0,0,0,0,0,0,0,0,0,0,0,0,0,0,0,0,0,0,0,0,0,0,0,0,0,0,0,109823484,0,0,0,129431603,0,0,0,0,0,0,0,79180088,148629151,185909041,57058433536,45977038,0,0,0,0,0,0,0,0,0,0,0,0,0,0,0,0,0,0,0,0,0,0,0,0,0,0,0,0,0,0,0,12506694,0,0,0,0,0,0,0
1789580765.333,0,0,0,0,0,0,0,269446967,2433650351616,806317356544,0,0,0,0,0,0,0,0,0,0,0,0,0,0,0,0,0,0,0,0,0,0,0,0,0,0,0,0,0,0,0,0,0,0,0,0,0,0,0,0,0,0,0,0,0,0,0,0,0,0,0,0,0,0,0,0,0,0,459905,148726930,45132767,0,0,0,0,0,0,0,0,0,0,0,0,0,0,0,0,0,0,0,0,0,0,0,0,0,0,0,0,0,0,0,0,0,0,0,0,0,2143420416,820133888,130824,50057,0,248,131072,148562752,0,0,1362158563,2147483648,114696528,146216565,0,0,0,0,0,0,0,0,0,0,0,0,0,0,0,0,0,0,8666134,8666213,0,97,97,6265,329,17332379,35,0,0,0,0,0,0,0,1,0,0,0,0,0,0,0,0,0,0,9747855,0,13988313,123807,0,0,0,0,0,0,0,0,16384,0,0,0,0,0,0,0,0,0,0,0,4886,342,0,0,0,0,0,26348959,0,9336,27,4632,340,4886,0,0,0,0,0,0,0,0,0,0,0,0,0,0,0,0,0,0,0,0,0,0,0,0,0,0,0,0,0,0,0,0,0,0,0,0,0,0,0,0,0,0,0,0,0,0,0,0,0,0,0,0,0,109824595,0,0,0,129434382,0,0,0,0,0,0,0,79181853,148633978,185912238,57059055104,45977760,0,0,0,0,0,0,0,0,0,0,0,0,0,0,0,0,0,0,0,0,0,0,0,0,0,0,0,0,0,0,0,12506894,0,0,0,0,0,0,0
1789580766.358,0,0,0,0,0,0,0,269453214,2433729289728,806335947264,0,0,0,0,0,0,0,0,0,0,0,0,0,0,0,0,0,0,0,0,0,0,0,0,0,0,0,0,0,0,0,0,0,0,0,0,0,0,0,0,0,0,0,0,0,0,0,0,0,0,0,0,0,0,0,0,0,0,459913,148731753,45133856,0,0,0,0,0,0,0,0,0,0,0,0,0,0,0,0,0,0,0,0,0,0,0,0,0,0,0,0,0,0,0,0,0,0,0,0,0,2143305728,821166080,130817,50120,0,255,131072,148567572,0,0,1362190964,2147483648,114701308,146220021,0,0,0,0,0,0,0,0,0,0,0,0,0,0,0,0,0,0,8666356,8666427,0,97,97,6265,329,17332818,35,0,0,0,0,0,0,0,1,0,0,0,0,0,0,0,0,0,0,9748094,0,13988313,123807,0,0,0,0,0,0,0,0,16384,0,0,0,0,0,0,0,0,0,0,0,4887,342,0,0,0,0,0,26349598,0,9336,27,4632,340,4887,0,0,0,0,0,0,0,0,0,0,0,0,0,0,0,0,0,0,0,0,0,0,0,0,0,0,0,0,0,0,0,0,0,0,0,0,0,0,0,0,0,0,0,0,0,0,0,0,0,0,0,0,0,109825769,0,0,0,129437464,0,0,0,0,0,0,0,79183719,148638802,185915572,57059727360,45978547,0,0,0,0,0,0,0,0,0,0,0,0,0,0,0,0,0,0,0,0,0,0,0,0,0,0,0,0,0,0,0,12507105,0,0,0,0,0,0,0
1789580767.384,0,0,0,0,0,0,0,269459392,2433807621632,806353482240,0,0,0,0,0,0,0,0,0,0,0,0,0,0,0,0,0,0,0,0,0,0,0,0,0,0,0,0,0,0,0,0,0,0,0,0,0,0,0,0,0,0,0,0,0,0,0,0,0,0,0,0,0,0,0,0,0,0,459923,148736544,45134867,0,0,0,0,0,0,0,0,0,0,0,0,0,0,0,0,0,0,0,0,0,0,0,0,0,0,0,0,0,0,0,0,0,0,0,0,0,2143354880,821870592,130820,50163,0,252,131072,148572359,0,0,1362223350,2147483648,114706053,146223194,0,0,0,0,0,0,0,0,0,0,0,0,0,0,0,0,0,0,8666552,8666627,0,97,97,6265,329,17333214,35,0,0,0,0,0,0,0,1,0,0,0,0,0,0,0,0,0,0,9748318,0,13988313,123807,0,0,0,0,0,0,0,0,16384,0,0,0,0,0,0,0,0,0,0,0,4888,342,0,0,0,0,0,26350205,0,9336,27,4632,340,4888,0,0,0,0,0,0,0,0,0,0,0,0,0,0,0,0,0,0,0,0,0,0,0,0,0,0,0,0,0,0,0,0,0,0,0,0,0,0,0,0,0,0,0,0,0,0,0,0,0,0,0,0,0,109826866,0,0,0,129440258,0,0,0,0,0,0,0,79185483,148643588,185918700,57060352000,45979294,0,0,0,0,0,0,0,0,0,0,0,0,0,0,0,0,0,0,0,0,0,0,0,0,0,0,0,0,0,0,0,12507305,0,0,0,0,0,0,0
1789580768.409,0,0,0,0,0,0,0,269465560,2433886051840,806371547136,0,0,0,0,0,0,0,0,0,0,0,0,0,0,0,0,0,0,0,0,0,0,0,0,0,0,0,0,0,0,0,0,0,0,0,0,0,0,0,0,0,0,0,0,0,0,0,0,0,0,0,0,0,0,0,0,0,0,459930,148741335,45135919,0,0,0,0,0,0,0,0,0,0,0,0,0,0,0,0,0,0,0,0,0,0,0,0,0,0,0,0,0,0,0,0,0,0,0,0,0,2143469568,822902784,130827,50226,0,245,131072,148577143,0,0,1362255638,2147483648,114710793,146226528,0,0,0,0,0,0,0,0,0,0,0,0,0,0,0,0,0,0,8666769,8666836,0,97,97,6265,329,17333634,35,0,0,0,0,0,0,0,1,0,0,0,0,0,0,0,0,0,0,9748554,0,13988313,123807,0,0,0,0,0,0,0,0,16384,0,0,0,0,0,0,0,0,0,0,0,4889,342,0,0,0,0,0,26350837,0,9336,27,4632,340,4889,0,0,0,0,0,0,0,0,0,0,0,0,0,0,0,0,0,0,0,0,0,0,0,0,0,0,0,0,0,0,0,0,0,0,0,0,0,0,0,0,0,0,0,0,0,0,0,0,0,0,0,0,0,109828030,0,0,0,129443241,0,0,0,0,0,0,0,79187309,148648380,185921958,57061014528,45980073,0,0,0,0,0,0,0,0,0,0,0,0,0,0,0,0,0,0,0,0,0,0,0,0,0,0,0,0,0,0,0,12507514,0,0,0,0,0,0,0
1789580769.436,0,0,0,0,0,0,0,269471965,2433967496704,806390747648,0,0,0,0,0,0,0,0,0,0,0,0,0,0,0,0,0,0,0,0,0,0,0,0,0,0,0,0,0,0,0,0,0,0,0,0,0,0,0,0,0,0,0,0,0,0,0,0,0,0,0,0,0,0,0,0,0,0,459935,148746316,45137025,0,0,0,0,0,0,0,0,0,0,0,0,0,0,0,0,0,0,0,0,0,0,0,0,0,0,0,0,0,0,0,0,0,0,0,0,0,2143551488,823001088,130833,50232,0,239,131072,148582123,0,0,1362288913,2147483648,114715711,146229917,0,0,0,0,0,0,0,0,0,0,0,0,0,0,0,0,0,0,8666977,8667052,0,97,97,6265,329,17334062,35,0,0,0,0,0,0,0,1,0,0,0,0,0,0,0,0,0,0,9748801,0,13988313,123807,0,0,0,0,0,0,0,0,16384,0,0,0,0,0,0,0,0,0,0,0,4890,342,0,0,0,0,0,26351511,0,9336,27,4632,340,4890,0,0,0,0,0,0,0,0,0,0,0,0,0,0,0,0,0,0,0,0,0,0,0,0,0,0,0,0,0,0,0,0,0,0,0,0,0,0,0,0,0,0,0,0,0,0,0,0,0,0,0,0,0,109829207,0,0,0,129446245,0,0,0,0,0,0,0,79189199,148653363,185925364,57061679616,45980848,0,0,0,0,0,0,0,0,0,0,0,0,0,0,0,0,0,0,0,0,0,0,0,0,0,0,0,0,0,0,0,12507735,0,0,0,0,0,0,0
1789580770.462,0,0,0,0,0,0,0,269478171,2434046909952,806408669696,0,0,0,0,0,0,0,0,0,0,0,0,0,0,0,0,0,0,0,0,0,0,0,0,0,0,0,0,0,0,0,0,0,0,0,0,0,0,0,0,0,0,0,0,0,0,0,0,0,0,0,0,0,0,0,0,0,0,459942,148751173,45138088,0,0,0,0,0,0,0,0,0,0,0,0,0,0,0,0,0,0,0,0,0,0,0,0,0,0,0,0,0,0,0,0,0,0,0,0,0,2143109120,822657024,130805,50211,0,267,131072,148586979,0,0,1362321642,2147483648,114720544,146233013,0,0,0,0,0,0,0,0,0,0,0,0,0,0,0,0,0,0,8667164,8667241,0,97,97,6265,329,17334464,35,0,0,0,0,0,0,0,1,0,0,0,0,0,0,0,0,0,0,9749013,0,13988313,123807,0,0,0,0,0,0,0,0,16384,0,0,0,0,0,0,0,0,0,0,0,4891,342,0,0,0,0,0,26352086,0,9336,27,4632,340,4891,0,0,0,0,0,0,0,0,0,0,0,0,0,0,0,0,0,0,0,0,0,0,0,0,0,0,0,0,0,0,0,0,0,0,0,0,0,0,0,0,0,0,0,0,0,0,0,0,0,0,0,0,0,109830306,0,0,0,129449032,0,0,0,0,0,0,0,79190976,148658212,185928547,57062296576,45981583,0,0,0,0,0,0,0,0,0,0,0,0,0,0,0,0,0,0,0,0,0,0,0,0,0,0,0,0,0,0,0,12507922,0,0,0,0,0,0,0
1789580771.489,0,0,0,0,0,0,0,269484449,2434126339584,806426835968,0,0,0,0,0,0,0,0,0,0,0,0,0,0,0,0,0,0,0,0,0,0,0,0,0,0,0,0,0,0,0,0,0,0,0,0,0,0,0,0,0,0,0,0,0,0,0,0,0,0,0,0,0,0,0,0,0,0,459948,148756027,45139120,0,0,0,0,0,0,0,0,0,0,0,0,0,0,0,0,0,0,0,0,0,0,0,0,0,0,0,0,0,0,0,0,0,0,0,0,0,2143502336,824115200,130829,50300,0,243,131072,148591833,0,0,1362354332,2147483648,114725326,146236361,0,0,0,0,0,0,0,0,0,0,0,0,0,0,0,0,0,0,8667381,8667450,0,97,97,6265,329,17334895,35,0,0,0,0,0,0,0,1,0,0,0,0,0,0,0,0,0,0,9749249,0,13988313,123807,0,0,0,0,0,0,0,0,16384,0,0,0,0,0,0,0,0,0,0,0,4892,342,0,0,0,0,0,26352722,0,9336,27,4632,340,4892,0,0,0,0,0,0,0,0,0,0,0,0,0,0,0,0,0,0,0,0,0,0,0,0,0,0,0,0,0,0,0,0,0,0,0,0,0,0,0,0,0,0,0,0,0,0,0,0,0,0,0,0,0,109831467,0,0,0,129452030,0,0,0,0,0,0,0,79192806,148663069,185931816,57062952448,45982359,0,0,0,0,0,0,0,0,0,0,0,0,0,0,0,0,0,0,0,0,0,0,0,0,0,0,0,0,0,0,0,12508132,0,0,0,0,0,0,0
1789580772.515,0,0,0,0,0,0,0,269490488,2434204163584,806445777408,0,0,0,0,0,0,0,0,0,0,0,0,0,0,0,0,0,0,0,0,0,0,0,0,0,0,0,0,0,0,0,0,0,0,0,0,0,0,0,0,0,0,0,0,0,0,0,0,0,0,0,0,0,0,0,0,0,0,459954,148760787,45140222,0,0,0,0,0,0,0,0,0,0,0,0,0,0,0,0,0,0,0,0,0,0,0,0,0,0,0,0,0,0,0,0,0,0,0,0,0,2143584256,823345152,130834,50253,0,238,131072,148596590,0,0,1362385801,2147483648,114730024,146239542,0,0,0,0,0,0,0,0,0,0,0,0,0,0,0,0,0,0,8667590,8667664,0,97,97,6265,329,17335281,35,0,0,0,0,0,0,0,1,0,0,0,0,0,0,0,0,0,0,9749485,0,13988313,123807,0,0,0,0,0,0,0,0,16384,0,0,0,0,0,0,0,0,0,0,0,4893,342,0,0,0,0,0,26353358,0,9336,27,4632,340,4893,0,0,0,0,0,0,0,0,0,0,0,0,0,0,0,0,0,0,0,0,0,0,0,0,0,0,0,0,0,0,0,0,0,0,0,0,0,0,0,0,0,0,0,0,0,0,0,0,0,0,0,0,0,109832597,0,0,0,129454850,0,0,0,0,0,0,0,79194669,148667820,185935148,57063593472,45983121,0,0,0,0,0,0,0,0,0,0,0,0,0,0,0,0,0,0,0,0,0,0,0,0,0,0,0,0,0,0,0,12508342,0,0,0,0,0,0,0
1789580773.541,0,0,0,0,0,0,0,269497047,2434287345152,806464888832,0,0,0,0,0,0,0,0,0,0,0,0,0,0,0,0,0,0,0,0,0,0,0,0,0,0,0,0,0,0,0,0,0,0,0,0,0,0,0,0,0,0,0,0,0,0,0,0,0,0,0,0,0,0,0,0,0,0,459961,148765862,45141346,0,0,0,0,0,0,0,0,0,0,0,0,0,0,0,0,0,0,0,0,0,0,0,0,0,0,0,0,0,0,0,0,0,0,0,0,0,2143305728,823099392,130817,50238,0,255,131072,148601660,0,0,1362420145,2147483648,114735068,146242906,0,0,0,0,0,0,0,0,0,0,0,0,0,0,0,0,0,0,8667800,8667873,0,97,97,6265,329,17335716,35,0,0,0,0,0,0,0,1,0,0,0,0,0,0,0,0,0,0,9749716,0,13988313,123807,0,0,0,0,0,0,0,0,16384,0,0,0,0,0,0,0,0,0,0,0,4894,342,0,0,0,0,0,26353985,0,9336,27,4632,340,4894,0,0,0,0,0,0,0,0,0,0,0,0,0,0,0,0,0,0,0,0,0,0,0,0,0,0,0,0,0,0,0,0,0,0,0,0,0,0,0,0,0,0,0,0,0,0,0,0,0,0,0,0,0,109833783,0,0,0,129457873,0,0,0,0,0,0,0,79196571,148672899,185938556,57064261120,45983913,0,0,0,0,0,0,0,0,0,0,0,0,0,0,0,0,0,0,0,0,0,0,0,0,0,0,0,0,0,0,0,12508547,0,0,0,0,0,0,0
1789580774.567,0,0,0,0,0,0,0,269503355,2434367692288,806483426816,0,0,0,0,0,0,0,0,0,0,0,0,0,0,0,0,0,0,0,0,0,0,0,0,0,0,0,0,0,0,0,0,0,0,0,0,0,0,0,0,0,0,0,0,0,0,0,0,0,0,0,0,0,0,0,0,0,0,459966,148770778,45142424,0,0,0,0,0,0,0,0,0,0,0,0,0,0,0,0,0,0,0,0,0,0,0,0,0,0,0,0,0,0,0,0,0,0,0,0,0,2143633408,823066624,130837,50236,0,235,131072,148606577,0,0,1362453372,2147483648,114739929,146246198,0,0,0,0,0,0,0,0,0,0,0,0,0,0,0,0,0,0,8668018,8668096,0,97,97,6265,329,17336118,35,0,0,0,0,0,0,0,1,0,0,0,0,0,0,0,0,0,0,9749958,0,13988313,123807,0,0,0,0,0,0,0,0,16384,0,0,0,0,0,0,0,0,0,0,0,4895,342,0,0,0,0,0,26354638,0,9336,27,4632,340,4895,0,0,0,0,0,0,0,0,0,0,0,0,0,0,0,0,0,0,0,0,0,0,0,0,0,0,0,0,0,0,0,0,0,0,0,0,0,0,0,0,0,0,0,0,0,0,0,0,0,0,0,0,0,109834965,0,0,0,129460814,0,0,0,0,0,0,0,79198434,148677814,185941887,57064920064,45984700,0,0,0,0,0,0,0,0,0,0,0,0,0,0,0,0,0,0,0,0,0,0,0,0,0,0,0,0,0,0,0,12508762,0,0,0,0,0,0,0
1789580775.593,0,0,0,0,0,0,0,269510103,2434453511680,806502916096,0,0,0,0,0,0,0,0,0,0,0,0,0,0,0,0,0,0,0,0,0,0,0,0,0,0,0,0,0,0,0,0,0,0,0,0,0,0,0,0,0,0,0,0,0,0,0,0,0,0,0,0,0,0,0,0,0,0,459972,148776026,45143553,0,0,0,0,0,0,0,0,0,0,0,0,0,0,0,0,0,0,0,0,0,0,0,0,0,0,0,0,0,0,0,0,0,0,0,0,0,2143993856,822706176,130859,50214,0,213,131072,148611821,0,0,1362488723,2147483648,114745094,146249509,0,0,0,0,0,0,0,0,0,0,0,0,0,0,0,0,0,0,8668227,8668300,0,97,97,6265,329,17336549,35,0,0,0,0,0,0,0,1,0,0,0,0,0,0,0,0,0,0,9750183,0,13988313,123807,0,0,0,0,0,0,0,0,16384,0,0,0,0,0,0,0,0,0,0,0,4896,342,0,0,0,0,0,26355240,0,9336,27,4632,340,4896,0,0,0,0,0,0,0,0,0,0,0,0,0,0,0,0,0,0,0,0,0,0,0,0,0,0,0,0,0,0,0,0,0,0,0,0,0,0,0,0,0,0,0,0,0,0,0,0,0,0,0,0,0,109836139,0,0,0,129463801,0,0,0,0,0,0,0,79200367,148683057,185945328,57065582592,45985499,0,0,0,0,0,0,0,0,0,0,0,0,0,0,0,0,0,0,0,0,0,0,0,0,0,0,0,0,0,0,0,12508961,0,0,0,0,0,0,0
1789580776.618,0,0,0,0,0,0,0,269516979,2434540543488,806523732480,0,0,0,0,0,0,0,0,0,0,0,0,0,0,0,0,0,0,0,0,0,0,0,0,0,0,0,0,0,0,0,0,0,0,0,0,0,0,0,0,0,0,0,0,0,0,0,0,0,0,0,0,0,0,0,0,0,0,459981,148781343,45144771,0,0,0,0,0,0,0,0,0,0,0,0,0,0,0,0,0,0,0,0,0,0,0,0,0,0,0,0,0,0,0,0,0,0,0,0,0,2143731712,823640064,130843,50271,0,229,131072,148617137,0,0,1362524752,2147483648,114750386,146253393,0,0,0,0,0,0,0,0,0,0,0,0,0,0,0,0,0,0,8668477,8668555,0,97,97,6265,329,17337042,35,0,0,0,0,0,0,0,1,0,0,0,0,0,0,0,0,0,0,9750466,0,13988313,123807,0,0,0,0,0,0,0,0,16384,0,0,0,0,0,0,0,0,0,0,0,4897,342,0,0,0,0,0,26356009,0,9336,27,4632,340,4897,0,0,0,0,0,0,0,0,0,0,0,0,0,0,0,0,0,0,0,0,0,0,0,0,0,0,0,0,0,0,0,0,0,0,0,0,0,0,0,0,0,0,0,0,0,0,0,0,0,0,0,0,0,109837423,0,0,0,129467264,0,0,0,0,0,0,0,79202435,148688373,185949025,57066324480,45986360,0,0,0,0,0,0,0,0,0,0,0,0,0,0,0,0,0,0,0,0,0,0,0,0,0,0,0,0,0,0,0,12509213,0,0,0,0,0,0,0
1789580777.644,0,0,0,0,0,0,0,269523835,2434628066816,806543214592,0,0,0,0,0,0,0,0,0,0,0,0,0,0,0,0,0,0,0,0,0,0,0,0,0,0,0,0,0,0,0,0,0,0,0,0,0,0,0,0,0,0,0,0,0,0,0,0,0,0,0,0,0,0,0,0,0,0,459990,148786694,45145902,0,0,0,0,0,0,0,0,0,0,0,0,0,0,0,0,0,0,0,0,0,0,0,0,0,0,0,0,0,0,0,0,0,0,0,0,0,2144059392,822034432,130863,50173,0,209,131072,148622485,0,0,1362560629,2147483648,114755673,146256525,0,0,0,0,0,0,0,0,0,0,0,0,0,0,0,0,0,0,8668675,8668757,0,97,97,6265,329,17337437,35,0,0,0,0,0,0,0,1,0,0,0,0,0,0,0,0,0,0,9750685,0,13988313,123807,0,0,0,0,0,0,0,0,16384,0,0,0,0,0,0,0,0,0,0,0,4898,342,0,0,0,0,0,26356594,0,9336,27,4632,340,4898,0,0,0,0,0,0,0,0,0,0,0,0,0,0,0,0,0,0,0,0,0,0,0,0,0,0,0,0,0,0,0,0,0,0,0,0,0,0,0,0,0,0,0,0,0,0,0,0,0,0,0,0,0,109838564,0,0,0,129470068,0,0,0,0,0,0,0,79204341,148693723,185952438,57066958336,45987131,0,0,0,0,0,0,0,0,0,0,0,0,0,0,0,0,0,0,0,0,0,0,0,0,0,0,0,0,0,0,0,12509407,0,0,0,0,0,0,0
1789580778.670,0,0,0,0,0,0,0,269532315,2434736397824,806569830912,0,0,0,0,0,0,0,0,0,0,0,0,0,0,0,0,0,0,0,0,0,0,0,0,0,0,0,0,0,0,0,0,0,0,0,0,0,0,0,0,0,0,0,0,0,0,0,0,0,0,0,0,0,0,0,0,0,0,460000,148793314,45147467,0,0,0,0,0,0,0,0,0,0,0,0,0,0,0,0,0,0,0,0,0,0,0,0,0,0,0,0,0,0,0,0,0,0,0,0,0,2144337920,822001664,130880,50171,0,192,131072,148629097,0,0,1362605397,2147483648,114762072,146261138,0,0,0,0,0,0,0,0,0,0,0,0,0,0,0,0,0,0,8668972,8669048,0,97,97,6265,329,17338036,35,0,0,0,0,0,0,0,1,0,0,0,0,0,0,0,0,0,0,9751002,0,13988441,123808,0,0,0,0,0,0,0,0,16384,0,0,0,0,0,0,0,0,0,0,0,4899,342,0,0,0,0,0,26357446,0,9336,27,4632,340,4899,0,0,0,0,0,0,0,0,0,0,0,0,0,0,0,0,0,0,0,0,0,0,0,0,0,0,0,0,0,0,0,0,0,0,0,0,0,0,0,0,0,0,0,0,0,0,0,0,0,0,0,0,0,109839997,0,0,0,129474217,0,0,0,0,0,0,0,79206700,148700342,185956848,57067792384,45988066,0,0,0,0,0,0,0,0,0,0,0,0,0,0,0,0,0,0,0,0,0,0,0,0,0,0,0,0,0,0,0,12509687,0,0,0,0,0,0,0
1789580779.697,0,0,0,0,0,0,0,269541839,2434858016256,806596853760,0,0,0,0,0,0,0,0,0,0,0,0,0,0,0,0,0,0,0,0,0,0,0,0,0,0,0,0,0,0,0,0,0,0,0,0,0,0,0,0,0,0,0,0,0,0,0,0,0,0,0,0,0,0,0,0,0,0,460016,148800747,45149037,0,0,0,0,0,0,0,0,0,0,0,0,0,0,0,0,0,0,0,0,0,0,0,0,0,0,0,0,0,0,0,0,0,0,0,0,0,2144550912,821411840,130893,50135,0,179,131072,148636527,0,0,1362655409,2147483648,114769415,146265804,0,0,0,0,0,0,0,0,0,0,0,0,0,0,0,0,0,0,8669271,8669345,0,97,97,6265,329,17338624,35,0,0,0,0,0,0,0,1,0,0,0,0,0,0,0,0,0,0,9751333,0,13988441,123808,0,0,0,0,0,0,0,0,16384,0,0,0,0,0,0,0,0,0,0,0,4900,342,0,0,0,0,0,26358338,0,9336,27,4632,340,4900,0,0,0,0,0,0,0,0,0,0,0,0,0,0,0,0,0,0,0,0,0,0,0,0,0,0,0,0,0,0,0,0,0,0,0,0,0,0,0,0,0,0,0,0,0,0,0,0,0,0,0,0,0,109841400,0,0,0,129478380,0,0,0,0,0,0,0,79209201,148707773,185961400,57068630016,45988993,0,0,0,0,0,0,0,0,0,0,0,0,0,0,0,0,0,0,0,0,0,0,0,0,0,0,0,0,0,0,0,12509981,0,0,0,0,0,0,0
1789580780.722,0,0,0,0,0,0,0,269551673,2434984254976,806625373184,0,0,0,0,0,0,0,0,0,0,0,0,0,0,0,0,0,0,0,0,0,0,0,0,0,0,0,0,0,0,0,0,0,0,0,0,0,0,0,0,0,0,0,0,0,0,0,0,0,0,0,0,0,0,0,0,0,0,460025,148808466,45150699,0,0,0,0,0,0,0,0,0,0,0,0,0,0,0,0,0,0,0,0,0,0,0,0,0,0,0,0,0,0,0,0,0,0,0,0,0,2145042432,821903360,130923,50165,0,149,131072,148644240,0,0,1362706886,2147483648,114777000,146270776,0,0,0,0,0,0,0,0,0,0,0,0,0,0,0,0,0,0,8669602,8669680,0,97,97,6265,329,17339249,35,0,0,0,0,0,0,0,1,0,0,0,0,0,0,0,0,0,0,9751698,0,13988441,123808,0,0,0,0,0,0,0,0,16384,0,0,0,0,0,0,0,0,0,0,0,4901,342,0,0,0,0,0,26359324,0,9336,27,4632,340,4901,0,0,0,0,0,0,0,0,0,0,0,0,0,0,0,0,0,0,0,0,0,0,0,0,0,0,0,0,0,0,0,0,0,0,0,0,0,0,0,0,0,0,0,0,0,0,0,0,0,0,0,0,0,109842932,0,0,0,129482873,0,0,0,0,0,0,0,79211876,148715486,185966259,57069535232,45990005,0,0,0,0,0,0,0,0,0,0,0,0,0,0,0,0,0,0,0,0,0,0,0,0,0,0,0,0,0,0,0,12510305,0,0,0,0,0,0,0
1789580781.748,0,0,0,0,0,0,0,269563200,2435131416064,806658335232,0,0,0,0,0,0,0,0,0,0,0,0,0,0,0,0,0,0,0,0,0,0,0,0,0,0,0,0,0,0,0,0,0,0,0,0,0,0,0,0,0,0,0,0,0,0,0,0,0,0,0,0,0,0,0,0,0,0,460036,148817463,45152640,0,0,0,0,0,0,0,0,0,0,0,0,0,0,0,0,0,0,0,0,0,0,0,0,0,0,0,0,0,0,0,0,0,0,0,0,0,2145157120,821460992,130930,50138,0,142,131072,148653234,0,0,1362767795,2147483648,114785876,146276462,0,0,0,0,0,0,0,0,0,0,0,0,0,0,0,0,0,0,8669971,8670057,0,97,97,6265,329,17339981,35,0,0,0,0,0,0,0,1,0,0,0,0,0,0,0,0,0,0,9752121,0,13988441,123808,0,0,0,0,0,0,0,0,16384,0,0,0,0,0,0,0,0,0,0,0,4902,342,0,0,0,0,0,26360474,0,9336,27,4632,340,4902,0,0,0,0,0,0,0,0,0,0,0,0,0,0,0,0,0,0,0,0,0,0,0,0,0,0,0,0,0,0,0,0,0,0,0,0,0,0,0,0,0,0,0,0,0,0,0,0,0,0,0,0,0,109844602,0,0,0,129488033,0,0,0,0,0,0,0,79214892,148724479,185971777,57070530560,45991097,0,0,0,0,0,0,0,0,0,0,0,0,0,0,0,0,0,0,0,0,0,0,0,0,0,0,0,0,0,0,0,12510682,0,0,0,0,0,0,0
1789580782.773,0,0,0,0,0,0,0,269576205,2435297893888,806696260608,0,0,0,0,0,0,0,0,0,0,0,0,0,0,0,0,0,0,0,0,0,0,0,0,0,0,0,0,0,0,0,0,0,0,0,0,0,0,0,0,0,0,0,0,0,0,0,0,0,0,0,0,0,0,0,0,0,0,460070,148827638,45154856,0,0,0,0,0,0,0,0,0,0,0,0,0,0,0,0,0,0,0,0,0,0,0,0,0,0,0,0,0,0,0,0,0,0,0,0,0,2145484800,821673984,130950,50151,0,122,131072,148663404,0,0,1362836854,2147483648,114795902,146282983,0,0,0,0,0,0,0,0,0,0,0,0,0,0,0,0,0,0,8670387,8670470,0,97,97,6265,329,17340821,35,0,0,0,0,0,0,0,1,0,0,0,0,0,0,0,0,0,0,9752562,0,13988441,123808,0,0,0,0,0,0,0,0,16384,0,0,0,0,0,0,0,0,0,0,0,4903,342,0,0,0,0,0,26361659,0,9336,27,4632,340,4903,0,0,0,0,0,0,0,0,0,0,0,0,0,0,0,0,0,0,0,0,0,0,0,0,0,0,0,0,0,0,0,0,0,0,0,0,0,0,0,0,0,0,0,0,0,0,0,0,0,0,0,0,0,109846379,0,0,0,129493884,0,0,0,0,0,0,0,79218257,148734654,185977979,57071634432,45992246,0,0,0,0,0,0,0,0,0,0,0,0,0,0,0,0,0,0,0,0,0,0,0,0,0,0,0,0,0,0,0,12511071,0,0,0,0,0,0,0
1789580783.799,0,0,0,0,0,0,0,269591062,2435487456768,806742103040,0,0,0,0,0,0,0,0,0,0,0,0,0,0,0,0,0,0,0,0,0,0,0,0,0,0,0,0,0,0,0,0,0,0,0,0,0,0,0,0,0,0,0,0,0,0,0,0,0,0,0,0,0,0,0,0,0,0,460127,148839221,45157453,0,0,0,0,0,0,0,0,0,0,0,0,0,0,0,0,0,0,0,0,0,0,0,0,0,0,0,0,0,0,0,0,0,0,0,0,0,2145714176,823099392,130964,50237,0,107,131072,148674976,0,0,1362915854,2147483648,114807276,146291013,0,0,0,0,0,0,0,0,0,0,0,0,0,0,0,0,0,0,8670898,8670988,0,97,97,6265,329,17341815,35,0,0,0,0,0,0,0,1,0,0,0,0,0,0,0,0,0,0,9753112,0,13988441,123810,0,0,0,0,0,0,0,0,16384,0,0,0,0,0,0,0,0,0,0,0,4904,342,0,0,0,0,0,26363137,0,9336,27,4632,340,4904,0,0,0,0,0,0,0,0,0,0,0,0,0,0,0,0,0,0,0,0,0,0,0,0,0,0,0,0,0,0,0,0,0,0,0,0,0,0,0,0,0,0,0,0,0,0,0,0,0,0,0,0,0,109848380,0,0,0,129500937,0,0,0,0,0,0,0,79221990,148746235,185985155,57072916480,45993492,1,0,0,0,0,0,0,0,0,0,0,0,0,0,0,0,0,0,0,0,0,0,0,0,0,0,0,0,0,0,0,12511558,0,0,0,0,0,0,0
1789580784.825,0,0,0,0,0,0,0,269610091,2435729907200,806816697344,0,0,0,0,0,0,0,0,0,0,0,0,0,0,0,0,0,0,0,0,0,0,0,0,0,0,0,0,0,0,0,0,0,0,0,0,0,0,0,0,0,0,0,0,0,0,0,0,0,0,0,0,0,0,0,0,0,0,460190,148854049,45161972,0,0,0,0,0,0,0,0,0,0,0,0,0,0,0,0,0,0,0,0,0,0,0,0,0,0,0,0,0,0,0,0,0,0,0,0,0,2146205696,806469632,130994,49223,0,78,131072,148689793,0,0,1363015719,2147483648,114821402,146301125,0,0,0,0,0,0,0,0,0,0,0,0,0,0,0,0,0,0,8671524,8671614,0,97,97,6265,329,17343077,35,0,0,0,0,0,0,0,1,0,0,0,0,0,0,0,0,0,0,9753777,0,13989925,123821,0,0,0,0,0,0,0,0,16384,0,0,0,0,0,0,0,0,0,0,0,4905,342,0,0,0,0,0,26364921,0,9336,27,4632,340,4905,0,0,0,0,0,0,0,0,0,0,0,0,0,0,0,0,0,0,0,0,0,0,0,0,0,0,0,0,0,0,0,0,0,0,0,0,0,0,0,0,0,0,0,0,0,0,0,0,0,0,0,0,0,109850607,0,0,0,129509889,0,0,0,0,0,0,0,79226714,148761050,185994950,57074416128,45994872,0,0,0,0,0,0,0,0,0,0,0,0,0,0,0,0,0,0,0,0,0,0,0,0,0,0,0,0,0,0,0,12512144,0,0,0,0,0,0,0
1789580785.852,0,0,0,0,0,0,0,269626951,2435943423488,806862819328,0,0,0,0,0,0,0,0,0,0,0,0,0,0,0,0,0,0,0,0,0,0,0,0,0,0,0,0,0,0,0,0,0,0,0,0,0,0,0,0,0,0,0,0,0,0,0,0,0,0,0,0,0,0,0,0,0,0,460257,148867096,45164656,0,0,0,0,0,0,0,0,0,0,0,0,0,0,0,0,0,0,0,0,0,0,0,0,0,0,0,0,0,0,0,0,0,0,0,0,0,2145845248,815300608,130972,49762,0,100,131072,148702828,0,0,1363103057,2147483648,114834313,146310710,0,0,0,0,0,0,0,0,0,0,0,0,0,0,0,0,0,0,8672108,8672196,0,97,97,6265,329,17344246,35,0,0,0,0,0,0,0,1,0,0,0,0,0,0,0,0,0,0,9754439,0,13989925,123821,0,0,0,0,0,0,0,0,16384,0,0,0,0,0,0,0,0,0,0,0,4906,342,0,0,0,0,0,26366723,0,9336,27,4632,340,4906,0,0,0,0,0,0,0,0,0,0,0,0,0,0,0,0,0,0,0,0,0,0,0,0,0,0,0,0,0,0,0,0,0,0,0,0,0,0,0,0,0,0,0,0,0,0,0,0,0,0,0,0,0,109852778,0,0,0,129518213,0,0,0,0,0,0,0,79230754,148774091,186002488,57075858944,45996231,0,0,0,0,0,0,0,0,0,0,0,0,0,0,0,0,0,0,0,0,0,0,0,0,0,0,0,0,0,0,0,12512733,0,0,0,0,0,0,0
1789580786.878,0,0,0,0,0,0,0,269639708,2436106509824,806901143040,0,0,0,0,0,0,0,0,0,0,0,0,0,0,0,0,0,0,0,0,0,0,0,0,0,0,0,0,0,0,0,0,0,0,0,0,0,0,0,0,0,0,0,0,0,0,0,0,0,0,0,0,0,0,0,0,0,0,460296,148877059,45166876,0,0,0,0,0,0,0,0,0,0,0,0,0,0,0,0,0,0,0,0,0,0,0,0,0,0,0,0,0,0,0,0,0,0,0,0,0,2145517568,816971776,130952,49864,0,120,131072,148712788,0,0,1363169533,2147483648,114844160,146317555,0,0,0,0,0,0,0,0,0,0,0,0,0,0,0,0,0,0,8672525,8672608,0,97,97,6265,329,17345099,35,0,0,0,0,0,0,0,1,0,0,0,0,0,0,0,0,0,0,9754910,0,13989925,123821,0,0,0,0,0,0,0,0,16384,0,0,0,0,0,0,0,0,0,0,0,4907,342,0,0,0,0,0,26367998,0,9336,27,4632,340,4907,0,0,0,0,0,0,0,0,0,0,0,0,0,0,0,0,0,0,0,0,0,0,0,0,0,0,0,0,0,0,0,0,0,0,0,0,0,0,0,0,0,0,0,0,0,0,0,0,0,0,0,0,0,109854614,0,0,0,129524253,0,0,0,0,0,0,0,79234183,148784053,186008799,57076982784,45997421,1,0,0,0,0,0,0,0,0,0,0,0,0,0,0,0,0,0,0,0,0,0,0,0,0,0,0,0,0,0,0,12513152,0,0,0,0,0,0,0
1789580787.903,0,0,0,0,0,0,0,269650834,2436248362496,806935035904,0,0,0,0,0,0,0,0,0,0,0,0,0,0,0,0,0,0,0,0,0,0,0,0,0,0,0,0,0,0,0,0,0,0,0,0,0,0,0,0,0,0,0,0,0,0,0,0,0,0,0,0,0,0,0,0,0,0,460322,148885724,45168857,0,0,0,0,0,0,0,0,0,0,0,0,0,0,0,0,0,0,0,0,0,0,0,0,0,0,0,0,0,0,0,0,0,0,0,0,0,2145239040,817168384,130935,49876,0,137,131072,148721448,0,0,1363227180,2147483648,114852755,146323450,0,0,0,0,0,0,0,0,0,0,0,0,0,0,0,0,0,0,8672892,8672981,0,97,97,6265,329,17345830,35,0,0,0,0,0,0,0,1,0,0,0,0,0,0,0,0,0,0,9755347,0,13989925,123821,0,0,0,0,0,0,0,0,16384,0,0,0,0,0,0,0,0,0,0,0,4908,342,0,0,0,0,0,26369182,0,9336,27,4632,340,4908,0,0,0,0,0,0,0,0,0,0,0,0,0,0,0,0,0,0,0,0,0,0,0,0,0,0,0,0,0,0,0,0,0,0,0,0,0,0,0,0,0,0,0,0,0,0,0,0,0,0,0,0,0,109856346,0,0,0,129529453,0,0,0,0,0,0,0,79237266,148792715,186014486,57078016512,45998525,0,0,0,0,0,0,0,0,0,0,0,0,0,0,0,0,0,0,0,0,0,0,0,0,0,0,0,0,0,0,0,12513542,0,0,0,0,0,0,0
1789580788.929,0,0,0,0,0,0,0,269661103,2436379336192,806965797888,0,0,0,0,0,0,0,0,0,0,0,0,0,0,0,0,0,0,0,0,0,0,0,0,0,0,0,0,0,0,0,0,0,0,0,0,0,0,0,0,0,0,0,0,0,0,0,0,0,0,0,0,0,0,0,0,0,0,460344,148893724,45170640,0,0,0,0,0,0,0,0,0,0,0,0,0,0,0,0,0,0,0,0,0,0,0,0,0,0,0,0,0,0,0,0,0,0,0,0,0,2145304576,818348032,130939,49948,0,133,131072,148729447,0,0,1363280919,2147483648,114860663,146328834,0,0,0,0,0,0,0,0,0,0,0,0,0,0,0,0,0,0,8673234,8673317,0,97,97,6265,329,17346516,35,0,0,0,0,0,0,0,1,0,0,0,0,0,0,0,0,0,0,9755720,0,13989925,123821,0,0,0,0,0,0,0,0,16384,0,0,0,0,0,0,0,0,0,0,0,4909,342,0,0,0,0,0,26370182,0,9336,27,4632,340,4909,0,0,0,0,0,0,0,0,0,0,0,0,0,0,0,0,0,0,0,0,0,0,0,0,0,0,0,0,0,0,0,0,0,0,0,0,0,0,0,0,0,0,0,0,0,0,0,0,0,0,0,0,0,109857969,0,0,0,129534302,0,0,0,0,0,0,0,79240118,148800722,186019693,57078982656,45999585,0,0,0,0,0,0,0,0,0,0,0,0,0,0,0,0,0,0,0,0,0,0,0,0,0,0,0,0,0,0,0,12513872,0,0,0,0,0,0,0
1789580789.956,0,0,0,0,0,0,0,269672168,2436519730688,806999362048,0,0,0,0,0,0,0,0,0,0,0,0,0,0,0,0,0,0,0,0,0,0,0,0,0,0,0,0,0,0,0,0,0,0,0,0,0,0,0,0,0,0,0,0,0,0,0,0,0,0,0,0,0,0,0,0,0,0,460364,148902307,45172609,0,0,0,0,0,0,0,0,0,0,0,0,0,0,0,0,0,0,0,0,0,0,0,0,0,0,0,0,0,0,0,0,0,0,0,0,0,2145845248,817348608,130972,49887,0,100,131072,148738027,0,0,1363338912,2147483648,114869120,146334441,0,0,0,0,0,0,0,0,0,0,0,0,0,0,0,0,0,0,8673603,8673688,0,97,97,6265,329,17347223,35,0,0,0,0,0,0,0,1,0,0,0,0,0,0,0,0,0,0,9756120,0,13989925,123821,0,0,0,0,0,0,0,0,16384,0,0,0,0,0,0,0,0,0,0,0,4911,342,0,0,0,0,0,26371262,0,9336,27,4632,340,4911,0,0,0,0,0,0,0,0,0,0,0,0,0,0,0,0,0,0,0,0,0,0,0,0,0,0,0,0,0,0,0,0,0,0,0,0,0,0,0,0,0,0,0,0,0,0,0,0,0,0,0,0,0,109859640,0,0,0,129539375,0,0,0,0,0,0,0,79243164,148809295,186025282,57079987712,46000670,0,0,0,0,0,0,0,0,0,0,0,0,0,0,0,0,0,0,0,0,0,0,0,0,0,0,0,0,0,0,0,12514227,0,0,0,0,0,0,0
1789580790.983,0,0,0,0,0,0,0,269686334,2436699774464,807044063744,0,0,0,0,0,0,0,0,0,0,0,0,0,0,0,0,0,0,0,0,0,0,0,0,0,0,0,0,0,0,0,0,0,0,0,0,0,0,0,0,0,0,0,0,0,0,0,0,0,0,0,0,0,0,0,0,0,0,460407,148913314,45175231,0,0,0,0,0,0,0,0,0,0,0,0,0,0,0,0,0,0,0,0,0,0,0,0,0,0,0,0,0,0,0,0,0,0,0,0,0,2145501184,815546368,130951,49777,0,121,131072,148749028,0,0,1363413483,2147483648,114879862,146341989,0,0,0,0,0,0,0,0,0,0,0,0,0,0,0,0,0,0,8674064,8674151,0,97,97,6265,329,17348183,35,0,0,0,0,0,0,0,1,0,0,0,0,0,0,0,0,0,0,9756647,0,13990053,123822,0,0,0,0,0,0,0,0,16384,0,0,0,0,0,0,0,0,0,0,0,4912,342,0,0,0,0,0,26372687,0,9336,27,4632,340,4912,0,0,0,0,0,0,0,0,0,0,0,0,0,0,0,0,0,0,0,0,0,0,0,0,0,0,0,0,0,0,0,0,0,0,0,0,0,0,0,0,0,0,0,0,0,0,0,0,0,0,0,0,0,109861565,0,0,0,129546022,0,0,0,0,0,0,0,79246872,148820296,186032316,57081197568,46001887,0,0,0,0,0,0,0,0,0,0,0,0,0,0,0,0,0,0,0,0,0,0,0,0,0,0,0,0,0,0,0,12514695,0,0,0,0,0,0,0
1789580792.008,0,0,0,0,0,0,0,269701042,2436886240768,807087140352,0,0,0,0,0,0,0,0,0,0,0,0,0,0,0,0,0,0,0,0,0,0,0,0,0,0,0,0,0,0,0,0,0,0,0,0,0,0,0,0,0,0,0,0,0,0,0,0,0,0,0,0,0,0,0,0,0,0,460450,148924710,45177753,0,0,0,0,0,0,0,0,0,0,0,0,0,0,0,0,0,0,0,0,0,0,0,0,0,0,0,0,0,0,0,0,0,0,0,0,0,2145910784,815104000,130976,49750,0,96,131072,148760419,0,0,1363491141,2147483648,114891128,146349594,0,0,0,0,0,0,0,0,0,0,0,0,0,0,0,0,0,0,8674548,8674637,0,97,97,6265,329,17349140,35,0,0,0,0,0,0,0,1,0,0,0,0,0,0,0,0,0,0,9757186,0,13990053,123822,0,0,0,0,0,0,0,0,16384,0,0,0,0,0,0,0,0,0,0,0,4913,342,0,0,0,0,0,26374138,0,9336,27,4632,340,4913,0,0,0,0,0,0,0,0,0,0,0,0,0,0,0,0,0,0,0,0,0,0,0,0,0,0,0,0,0,0,0,0,0,0,0,0,0,0,0,0,0,0,0,0,0,0,0,0,0,0,0,0,0,109863522,0,0,0,129552768,0,0,0,0,0,0,0,79250639,148831686,186039311,57082445312,46003134,0,0,0,0,0,0,0,0,0,0,0,0,0,0,0,0,0,0,0,0,0,0,0,0,0,0,0,0,0,0,0,12515174,0,0,0,0,0,0,0
1789580793.034,0,0,0,0,0,0,0,269714442,2437056060928,807126705664,0,0,0,0,0,0,0,0,0,0,0,0,0,0,0,0,0,0,0,0,0,0,0,0,0,0,0,0,0,0,0,0,0,0,0,0,0,0,0,0,0,0,0,0,0,0,0,0,0,0,0,0,0,0,0,0,0,0,460490,148935084,45180054,0,0,0,0,0,0,0,0,0,0,0,0,0,0,0,0,0,0,0,0,0,0,0,0,0,0,0,0,0,0,0,0,0,0,0,0,0,2145337344,818970624,130941,49986,0,131,131072,148770788,0,0,1363561503,2147483648,114901397,146357298,0,0,0,0,0,0,0,0,0,0,0,0,0,0,0,0,0,0,8675030,8675108,0,97,97,6265,329,17350101,35,0,0,0,0,0,0,0,1,0,0,0,0,0,0,0,0,0,0,9757742,0,13990053,123822,0,0,0,0,0,0,0,0,16384,0,0,0,0,0,0,0,0,0,0,0,4914,342,0,0,0,0,0,26375650,0,9336,27,4632,340,4914,0,0,0,0,0,0,0,0,0,0,0,0,0,0,0,0,0,0,0,0,0,0,0,0,0,0,0,0,0,0,0,0,0,0,0,0,0,0,0,0,0,0,0,0,0,0,0,0,0,0,0,0,0,109865511,0,0,0,129559500,0,0,0,0,0,0,0,79254179,148842056,186045905,57083681792,46004371,0,0,0,0,0,0,0,0,0,0,0,0,0,0,0,0,0,0,0,0,0,0,0,0,0,0,0,0,0,0,0,12515670,0,0,0,0,0,0,0
1789580794.061,0,0,0,0,0,0,0,269726815,2437214854656,807163509760,0,0,0,0,0,0,0,0,0,0,0,0,0,0,0,0,0,0,0,0,0,0,0,0,0,0,0,0,0,0,0,0,0,0,0,0,0,0,0,0,0,0,0,0,0,0,0,0,0,0,0,0,0,0,0,0,0,0,460516,148944797,45182213,0,0,0,0,0,0,0,0,0,0,0,0,0,0,0,0,0,0,0,0,0,0,0,0,0,0,0,0,0,0,0,0,0,0,0,0,0,2145288192,816545792,130938,49838,0,134,131072,148780498,0,0,1363626118,2147483648,114910997,146363306,0,0,0,0,0,0,0,0,0,0,0,0,0,0,0,0,0,0,8675408,8675496,0,97,97,6265,329,17350839,35,0,0,0,0,0,0,0,1,0,0,0,0,0,0,0,0,0,0,9758177,0,13990053,123822,0,0,0,0,0,0,0,0,16384,0,0,0,0,0,0,0,0,0,0,0,4915,342,0,0,0,0,0,26376826,0,9336,27,4632,340,4915,0,0,0,0,0,0,0,0,0,0,0,0,0,0,0,0,0,0,0,0,0,0,0,0,0,0,0,0,0,0,0,0,0,0,0,0,0,0,0,0,0,0,0,0,0,0,0,0,0,0,0,0,0,109867258,0,0,0,129564849,0,0,0,0,0,0,0,79257454,148851761,186051961,57084723200,46005492,0,0,0,0,0,0,0,0,0,0,0,0,0,0,0,0,0,0,0,0,0,0,0,0,0,0,0,0,0,0,0,12516058,0,0,0,0,0,0,0
1789580795.087,0,0,0,0,0,0,0,269739815,2437380611584,807202190336,0,0,0,0,0,0,0,0,0,0,0,0,0,0,0,0,0,0,0,0,0,0,0,0,0,0,0,0,0,0,0,0,0,0,0,0,0,0,0,0,0,0,0,0,0,0,0,0,0,0,0,0,0,0,0,0,0,0,460546,148954918,45184480,0,0,0,0,0,0,0,0,0,0,0,0,0,0,0,0,0,0,0,0,0,0,0,0,0,0,0,0,0,0,0,0,0,0,0,0,0,2145697792,817381376,130962,49889,0,110,131072,148790613,0,0,1363694713,2147483648,114920959,146370036,0,0,0,0,0,0,0,0,0,0,0,0,0,0,0,0,0,0,8675829,8675916,0,97,97,6265,329,17351699,35,0,0,0,0,0,0,0,1,0,0,0,0,0,0,0,0,0,0,9758642,0,13990053,123822,0,0,0,0,0,0,0,0,16384,0,0,0,0,0,0,0,0,0,0,0,4916,342,0,0,0,0,0,26378078,0,9336,27,4632,340,4916,0,0,0,0,0,0,0,0,0,0,0,0,0,0,0,0,0,0,0,0,0,0,0,0,0,0,0,0,0,0,0,0,0,0,0,0,0,0,0,0,0,0,0,0,0,0,0,0,0,0,0,0,0,109869083,0,0,0,129570895,0,0,0,0,0,0,0,79260898,148861887,186058308,57085851136,46006674,0,0,0,0,0,0,0,0,0,0,0,0,0,0,0,0,0,0,0,0,0,0,0,0,0,0,0,0,0,0,0,12516470,0,0,0,0,0,0,0
1789580796.113,0,0,0,0,0,0,0,269756635,2437594553856,807273346560,0,0,0,0,0,0,0,0,0,0,0,0,0,0,0,0,0,0,0,0,0,0,0,0,0,0,0,0,0,0,0,0,0,0,0,0,0,0,0,0,0,0,0,0,0,0,0,0,0,0,0,0,0,0,0,0,0,0,460599,148967997,45188693,0,0,0,0,0,0,0,0,0,0,0,0,0,0,0,0,0,0,0,0,0,0,0,0,0,0,0,0,0,0,0,0,0,0,0,0,0,2146091008,798588928,130986,48742,0,86,131072,148803682,0,0,1363782777,2147483648,114933238,146378887,0,0,0,0,0,0,0,0,0,0,0,0,0,0,0,0,0,0,8676381,8676474,0,97,97,6265,329,17352812,35,0,0,0,0,0,0,0,1,0,0,0,0,0,0,0,0,0,0,9759239,0,13991544,123834,0,0,0,0,0,0,0,0,16384,0,0,0,0,0,0,0,0,0,0,0,4917,342,0,0,0,0,0,26379688,0,9336,27,4632,340,4917,0,0,0,0,0,0,0,0,0,0,0,0,0,0,0,0,0,0,0,0,0,0,0,0,0,0,0,0,0,0,0,0,0,0,0,0,0,0,0,0,0,0,0,0,0,0,0,0,0,0,0,0,0,109871177,0,0,0,129578753,0,0,0,0,0,0,0,79265155,148874955,186067359,57087218176,46007982,0,0,0,0,0,0,0,0,0,0,0,0,0,0,0,0,0,0,0,0,0,0,0,0,0,0,0,0,0,0,0,12516998,0,0,0,0,0,0,0
1789580797.140,0,0,0,0,0,0,0,269773773,2437811510784,807323758592,0,0,0,0,0,0,0,0,0,0,0,0,0,0,0,0,0,0,0,0,0,0,0,0,0,0,0,0,0,0,0,0,0,0,0,0,0,0,0,0,0,0,0,0,0,0,0,0,0,0,0,0,0,0,0,0,0,0,460670,148981260,45191641,0,0,0,0,0,0,0,0,0,0,0,0,0,0,0,0,0,0,0,0,0,0,0,0,0,0,0,0,0,0,0,0,0,0,0,0,0,2145796096,804061184,130969,49076,0,103,131072,148816937,0,0,1363871821,2147483648,114946307,146388515,0,0,0,0,0,0,0,0,0,0,0,0,0,0,0,0,0,0,8676979,8677062,0,97,97,6265,329,17353989,35,0,0,0,0,0,0,0,1,0,0,0,0,0,0,0,0,0,0,9759895,0,13991544,123834,0,0,0,0,0,0,0,0,16384,0,0,0,0,0,0,0,0,0,0,0,4918,342,0,0,0,0,0,26381450,0,9336,27,4632,340,4918,0,0,0,0,0,0,0,0,0,0,0,0,0,0,0,0,0,0,0,0,0,0,0,0,0,0,0,0,0,0,0,0,0,0,0,0,0,0,0,0,0,0,0,0,0,0,0,0,0,0,0,0,0,109873340,0,0,0,129587148,0,0,0,0,0,0,0,79269456,148888210,186075416,57088669696,46009337,0,0,0,0,0,0,0,0,0,0,0,0,0,0,0,0,0,0,0,0,0,0,0,0,0,0,0,0,0,0,0,12517580,0,0,0,0,0,0,0
1789580798.167,0,0,0,0,0,0,0,269785672,2437962178048,807357310976,0,0,0,0,0,0,0,0,0,0,0,0,0,0,0,0,0,0,0,0,0,0,0,0,0,0,0,0,0,0,0,0,0,0,0,0,0,0,0,0,0,0,0,0,0,0,0,0,0,0,0,0,0,0,0,0,0,0,460702,148990468,45193594,0,0,0,0,0,0,0,0,0,0,0,0,0,0,0,0,0,0,0,0,0,0,0,0,0,0,0,0,0,0,0,0,0,0,0,0,0,2144927744,806780928,130916,49242,0,156,131072,148826139,0,0,1363933430,2147483648,114955463,146394855,0,0,0,0,0,0,0,0,0,0,0,0,0,0,0,0,0,0,8677352,8677438,0,97,97,6265,329,17354763,35,0,0,0,0,0,0,0,1,0,0,0,0,0,0,0,0,0,0,9760367,0,13991544,123834,0,0,0,0,0,0,0,0,16384,0,0,0,0,0,0,0,0,0,0,0,4919,342,0,0,0,0,0,26382742,0,9336,27,4632,340,4919,0,0,0,0,0,0,0,0,0,0,0,0,0,0,0,0,0,0,0,0,0,0,0,0,0,0,0,0,0,0,0,0,0,0,0,0,0,0,0,0,0,0,0,0,0,0,0,0,0,0,0,0,0,109875091,0,0,0,129592671,0,0,0,0,0,0,0,79272517,148897416,186081068,57089728512,46010446,0,0,0,0,0,0,0,0,0,0,0,0,0,0,0,0,0,0,0,0,0,0,0,0,0,0,0,0,0,0,0,12518004,0,0,0,0,0,0,0
1789580799.193,0,0,0,0,0,0,0,269796225,2438096018944,807386358272,0,0,0,0,0,0,0,0,0,0,0,0,0,0,0,0,0,0,0,0,0,0,0,0,0,0,0,0,0,0,0,0,0,0,0,0,0,0,0,0,0,0,0,0,0,0,0,0,0,0,0,0,0,0,0,0,0,0,460725,148998651,45195270,0,0,0,0,0,0,0,0,0,0,0,0,0,0,0,0,0,0,0,0,0,0,0,0,0,0,0,0,0,0,0,0,0,0,0,0,0,2144796672,811843584,130908,49551,0,164,131072,148834318,0,0,1363988547,2147483648,114963560,146400650,0,0,0,0,0,0,0,0,0,0,0,0,0,0,0,0,0,0,8677719,8677795,0,97,97,6265,329,17355501,35,0,0,0,0,0,0,0,1,0,0,0,0,0,0,0,0,0,0,9760768,0,13991544,123834,0,0,0,0,0,0,0,0,16384,0,0,0,0,0,0,0,0,0,0,0,4920,342,0,0,0,0,0,26383818,0,9336,27,4632,340,4920,0,0,0,0,0,0,0,0,0,0,0,0,0,0,0,0,0,0,0,0,0,0,0,0,0,0,0,0,0,0,0,0,0,0,0,0,0,0,0,0,0,0,0,0,0,0,0,0,0,0,0,0,0,109876756,0,0,0,129597850,0,0,0,0,0,0,0,79275271,148905590,186086103,57090730496,46011514,0,0,0,0,0,0,0,0,0,0,0,0,0,0,0,0,0,0,0,0,0,0,0,0,0,0,0,0,0,0,0,12518359,0,0,0,0,0,0,0
1789580800.219,0,0,0,0,0,0,0,269805659,2438215507456,807415693312,0,0,0,0,0,0,0,0,0,0,0,0,0,0,0,0,0,0,0,0,0,0,0,0,0,0,0,0,0,0,0,0,0,0,0,0,0,0,0,0,0,0,0,0,0,0,0,0,0,0,0,0,0,0,0,0,0,0,460744,149005949,45196977,0,0,0,0,0,0,0,0,0,0,0,0,0,0,0,0,0,0,0,0,0,0,0,0,0,0,0,0,0,0,0,0,0,0,0,0,0,2144600064,809795584,130896,49426,0,176,131072,148841613,0,0,1364037244,2147483648,114970802,146405499,0,0,0,0,0,0,0,0,0,0,0,0,0,0,0,0,0,0,8678017,8678100,0,97,97,6265,329,17356095,35,0,0,0,0,0,0,0,1,0,0,0,0,0,0,0,0,0,0,9761137,0,13991544,123834,0,0,0,0,0,0,0,0,16384,0,0,0,0,0,0,0,0,0,0,0,4921,342,0,0,0,0,0,26384828,0,9336,27,4632,340,4921,0,0,0,0,0,0,0,0,0,0,0,0,0,0,0,0,0,0,0,0,0,0,0,0,0,0,0,0,0,0,0,0,0,0,0,0,0,0,0,0,0,0,0,0,0,0,0,0,0,0,0,0,0,109878247,0,0,0,129602117,0,0,0,0,0,0,0,79277956,148912889,186091021,57091604480,46012485,0,0,0,0,0,0,0,0,0,0,0,0,0,0,0,0,0,0,0,0,0,0,0,0,0,0,0,0,0,0,0,12518691,0,0,0,0,0,0,0
1789580801.245,0,0,0,0,0,0,0,269814832,2438332325376,807442818048,0,0,0,0,0,0,0,0,0,0,0,0,0,0,0,0,0,0,0,0,0,0,0,0,0,0,0,0,0,0,0,0,0,0,0,0,0,0,0,0,0,0,0,0,0,0,0,0,0,0,0,0,0,0,0,0,0,0,460757,149013087,45198570,0,0,0,0,0,0,0,0,0,0,0,0,0,0,0,0,0,0,0,0,0,0,0,0,0,0,0,0,0,0,0,0,0,0,0,0,0,2144960512,810106880,130918,49445,0,154,131072,148848749,0,0,1364085020,2147483648,114977835,146410230,0,0,0,0,0,0,0,0,0,0,0,0,0,0,0,0,0,0,8678324,8678409,0,97,97,6265,329,17356707,35,0,0,0,0,0,0,0,1,0,0,0,0,0,0,0,0,0,0,9761472,0,13991544,123834,0,0,0,0,0,0,0,0,16384,0,0,0,0,0,0,0,0,0,0,0,4922,342,0,0,0,0,0,26385728,0,9336,27,4632,340,4922,0,0,0,0,0,0,0,0,0,0,0,0,0,0,0,0,0,0,0,0,0,0,0,0,0,0,0,0,0,0,0,0,0,0,0,0,0,0,0,0,0,0,0,0,0,0,0,0,0,0,0,0,0,109879738,0,0,0,129606395,0,0,0,0,0,0,0,79280502,148920024,186095673,57092474880,46013451,0,0,0,0,0,0,0,0,0,0,0,0,0,0,0,0,0,0,0,0,0,0,0,0,0,0,0,0,0,0,0,12518988,0,0,0,0,0,0,0
1789580802.271,0,0,0,0,0,0,0,269824315,2438452813312,807471488512,0,0,0,0,0,0,0,0,0,0,0,0,0,0,0,0,0,0,0,0,0,0,0,0,0,0,0,0,0,0,0,0,0,0,0,0,0,0,0,0,0,0,0,0,0,0,0,0,0,0,0,0,0,0,0,0,0,0,460778,149020447,45200230,0,0,0,0,0,0,0,0,0,0,0,0,0,0,0,0,0,0,0,0,0,0,0,0,0,0,0,0,0,0,0,0,0,0,0,0,0,2145239040,810319872,130935,49458,0,137,131072,148856105,0,0,1364134940,2147483648,114985094,146415193,0,0,0,0,0,0,0,0,0,0,0,0,0,0,0,0,0,0,8678648,8678731,0,97,97,6265,329,17357337,35,0,0,0,0,0,0,0,1,0,0,0,0,0,0,0,0,0,0,9761821,0,13991544,123834,0,0,0,0,0,0,0,0,16384,0,0,0,0,0,0,0,0,0,0,0,4923,342,0,0,0,0,0,26386667,0,9336,27,4632,340,4923,0,0,0,0,0,0,0,0,0,0,0,0,0,0,0,0,0,0,0,0,0,0,0,0,0,0,0,0,0,0,0,0,0,0,0,0,0,0,0,0,0,0,0,0,0,0,0,0,0,0,0,0,0,109881298,0,0,0,129610856,0,0,0,0,0,0,0,79283205,148927378,186100572,57093397504,46014483,0,0,0,0,0,0,0,0,0,0,0,0,0,0,0,0,0,0,0,0,0,0,0,0,0,0,0,0,0,0,0,12519297,0,0,0,0,0,0,0
1789580803.297,0,0,0,0,0,0,0,269834281,2438578937344,807502309376,0,0,0,0,0,0,0,0,0,0,0,0,0,0,0,0,0,0,0,0,0,0,0,0,0,0,0,0,0,0,0,0,0,0,0,0,0,0,0,0,0,0,0,0,0,0,0,0,0,0,0,0,0,0,0,0,0,0,460802,149028147,45202035,0,0,0,0,0,0,0,0,0,0,0,0,0,0,0,0,0,0,0,0,0,0,0,0,0,0,0,0,0,0,0,0,0,0,0,0,0,2145058816,810057728,130924,49442,0,148,131072,148863805,0,0,1364187073,2147483648,114992733,146420551,0,0,0,0,0,0,0,0,0,0,0,0,0,0,0,0,0,0,8678983,8679067,0,97,97,6265,329,17358016,35,0,0,0,0,0,0,0,1,0,0,0,0,0,0,0,0,0,0,9762219,0,13991544,123834,0,0,0,0,0,0,0,0,16384,0,0,0,0,0,0,0,0,0,0,0,4924,342,0,0,0,0,0,26387748,0,9336,27,4632,340,4924,0,0,0,0,0,0,0,0,0,0,0,0,0,0,0,0,0,0,0,0,0,0,0,0,0,0,0,0,0,0,0,0,0,0,0,0,0,0,0,0,0,0,0,0,0,0,0,0,0,0,0,0,0,109882941,0,0,0,129615615,0,0,0,0,0,0,0,79286059,148935075,186105809,57094360576,46015540,0,0,0,0,0,0,0,0,0,0,0,0,0,0,0,0,0,0,0,0,0,0,0,0,0,0,0,0,0,0,0,12519653,0,0,0,0,0,0,0
1789580804.324,0,0,0,0,0,0,0,269843047,2438691053056,807527103488,0,0,0,0,0,0,0,0,0,0,0,0,0,0,0,0,0,0,0,0,0,0,0,0,0,0,0,0,0,0,0,0,0,0,0,0,0,0,0,0,0,0,0,0,0,0,0,0,0,0,0,0,0,0,0,0,0,0,460819,149034999,45203474,0,0,0,0,0,0,0,0,0,0,0,0,0,0,0,0,0,0,0,0,0,0,0,0,0,0,0,0,0,0,0,0,0,0,0,0,0,2144698368,810745856,130902,49484,0,170,131072,148870654,0,0,1364232694,2147483648,114999529,146424945,0,0,0,0,0,0,0,0,0,0,0,0,0,0,0,0,0,0,8679252,8679332,0,97,97,6265,329,17358574,35,0,0,0,0,0,0,0,1,0,0,0,0,0,0,0,0,0,0,9762534,0,13991544,123834,0,0,0,0,0,0,0,0,16384,0,0,0,0,0,0,0,0,0,0,0,4925,342,0,0,0,0,0,26388604,0,9336,27,4632,340,4925,0,0,0,0,0,0,0,0,0,0,0,0,0,0,0,0,0,0,0,0,0,0,0,0,0,0,0,0,0,0,0,0,0,0,0,0,0,0,0,0,0,0,0,0,0,0,0,0,0,0,0,0,0,109884349,0,0,0,129619520,0,0,0,0,0,0,0,79288417,148941922,186110102,57095173120,46016454,0,0,0,0,0,0,0,0,0,0,0,0,0,0,0,0,0,0,0,0,0,0,0,0,0,0,0,0,0,0,0,12519933,0,0,0,0,0,0,0
1789580805.350,0,0,0,0,0,0,0,269852712,2438814096896,807557959168,0,0,0,0,0,0,0,0,0,0,0,0,0,0,0,0,0,0,0,0,0,0,0,0,0,0,0,0,0,0,0,0,0,0,0,0,0,0,0,0,0,0,0,0,0,0,0,0,0,0,0,0,0,0,0,0,0,0,460841,149042514,45205286,0,0,0,0,0,0,0,0,0,0,0,0,0,0,0,0,0,0,0,0,0,0,0,0,0,0,0,0,0,0,0,0,0,0,0,0,0,2144681984,809336832,130902,49398,0,170,131072,148878164,0,0,1364283253,2147483648,115006849,146430072,0,0,0,0,0,0,0,0,0,0,0,0,0,0,0,0,0,0,8679579,8679659,0,97,97,6265,329,17359232,35,0,0,0,0,0,0,0,1,0,0,0,0,0,0,0,0,0,0,9762894,0,13991672,123835,0,0,0,0,0,0,0,0,16384,0,0,0,0,0,0,0,0,0,0,0,4926,342,0,0,0,0,0,26389579,0,9336,27,4632,340,4926,0,0,0,0,0,0,0,0,0,0,0,0,0,0,0,0,0,0,0,0,0,0,0,0,0,0,0,0,0,0,0,0,0,0,0,0,0,0,0,0,0,0,0,0,0,0,0,0,0,0,0,0,0,109885871,0,0,0,129624108,0,0,0,0,0,0,0,79291094,148949442,186115109,57096091136,46017455,0,0,0,0,0,0,0,0,0,0,0,0,0,0,0,0,0,0,0,0,0,0,0,0,0,0,0,0,0,0,0,12520252,0,0,0,0,0,0,0
1789580806.376,0,0,0,0,0,0,0,269863355,2438948527616,807589399552,0,0,0,0,0,0,0,0,0,0,0,0,0,0,0,0,0,0,0,0,0,0,0,0,0,0,0,0,0,0,0,0,0,0,0,0,0,0,0,0,0,0,0,0,0,0,0,0,0,0,0,0,0,0,0,0,0,0,460863,149050747,45207114,0,0,0,0,0,0,0,0,0,0,0,0,0,0,0,0,0,0,0,0,0,0,0,0,0,0,0,0,0,0,0,0,0,0,0,0,0,2144894976,809713664,130914,49421,0,158,131072,148886390,0,0,1364338937,2147483648,115014969,146435659,0,0,0,0,0,0,0,0,0,0,0,0,0,0,0,0,0,0,8679937,8680023,0,97,97,6265,329,17359926,35,0,0,0,0,0,0,0,1,0,0,0,0,0,0,0,0,0,0,9763300,0,13991672,123835,0,0,0,0,0,0,0,0,16384,0,0,0,0,0,0,0,0,0,0,0,4927,342,0,0,0,0,0,26390683,0,9336,27,4632,340,4927,0,0,0,0,0,0,0,0,0,0,0,0,0,0,0,0,0,0,0,0,0,0,0,0,0,0,0,0,0,0,0,0,0,0,0,0,0,0,0,0,0,0,0,0,0,0,0,0,0,0,0,0,0,109887474,0,0,0,129629086,0,0,0,0,0,0,0,79293972,148957661,186120375,57097057792,46018499,0,0,0,0,0,0,0,0,0,0,0,0,0,0,0,0,0,0,0,0,0,0,0,0,0,0,0,0,0,0,0,12520614,0,0,0,0,0,0,0
1789580807.402,0,0,0,0,0,0,0,269874877,2439095459328,807621950976,0,0,0,0,0,0,0,0,0,0,0,0,0,0,0,0,0,0,0,0,0,0,0,0,0,0,0,0,0,0,0,0,0,0,0,0,0,0,0,0,0,0,0,0,0,0,0,0,0,0,0,0,0,0,0,0,0,0,460879,149059726,45209013,0,0,0,0,0,0,0,0,0,0,0,0,0,0,0,0,0,0,0,0,0,0,0,0,0,0,0,0,0,0,0,0,0,0,0,0,0,2145124352,810811392,130928,49488,0,144,131072,148895366,0,0,1364399851,2147483648,115023810,146441496,0,0,0,0,0,0,0,0,0,0,0,0,0,0,0,0,0,0,8680317,8680403,0,97,97,6265,329,17360677,35,0,0,0,0,0,0,0,1,0,0,0,0,0,0,0,0,0,0,9763716,0,13991672,123835,0,0,0,0,0,0,0,0,16384,0,0,0,0,0,0,0,0,0,0,0,4928,342,0,0,0,0,0,26391805,0,9336,27,4632,340,4928,0,0,0,0,0,0,0,0,0,0,0,0,0,0,0,0,0,0,0,0,0,0,0,0,0,0,0,0,0,0,0,0,0,0,0,0,0,0,0,0,0,0,0,0,0,0,0,0,0,0,0,0,0,109889130,0,0,0,129634382,0,0,0,0,0,0,0,79296947,148966634,186125824,57098064384,46019579,0,0,0,0,0,0,0,0,0,0,0,0,0,0,0,0,0,0,0,0,0,0,0,0,0,0,0,0,0,0,0,12520983,0,0,0,0,0,0,0
1789580808.429,0,0,0,0,0,0,0,269886033,2439237852672,807654452224,0,0,0,0,0,0,0,0,0,0,0,0,0,0,0,0,0,0,0,0,0,0,0,0,0,0,0,0,0,0,0,0,0,0,0,0,0,0,0,0,0,0,0,0,0,0,0,0,0,0,0,0,0,0,0,0,0,0,460898,149068436,45210921,0,0,0,0,0,0,0,0,0,0,0,0,0,0,0,0,0,0,0,0,0,0,0,0,0,0,0,0,0,0,0,0,0,0,0,0,0,2145058816,811220992,130924,49513,0,148,131072,148904073,0,0,1364458370,2147483648,115032412,146447205,0,0,0,0,0,0,0,0,0,0,0,0,0,0,0,0,0,0,8680680,8680767,0,97,97,6265,329,17361413,35,0,0,0,0,0,0,0,1,0,0,0,0,0,0,0,0,0,0,9764129,0,13991672,123835,0,0,0,0,0,0,0,0,16384,0,0,0,0,0,0,0,0,0,0,0,4929,342,0,0,0,0,0,26392914,0,9336,27,4632,340,4929,0,0,0,0,0,0,0,0,0,0,0,0,0,0,0,0,0,0,0,0,0,0,0,0,0,0,0,0,0,0,0,0,0,0,0,0,0,0,0,0,0,0,0,0,0,0,0,0,0,0,0,0,0,109890775,0,0,0,129639519,0,0,0,0,0,0,0,79299908,148975347,186131263,57099056640,46020644,0,0,0,0,0,0,0,0,0,0,0,0,0,0,0,0,0,0,0,0,0,0,0,0,0,0,0,0,0,0,0,12521350,0,0,0,0,0,0,0
1789580809.455,0,0,0,0,0,0,0,269896906,2439374183936,807685562368,0,0,0,0,0,0,0,0,0,0,0,0,0,0,0,0,0,0,0,0,0,0,0,0,0,0,0,0,0,0,0,0,0,0,0,0,0,0,0,0,0,0,0,0,0,0,0,0,0,0,0,0,0,0,0,0,0,0,460923,149076774,45212727,0,0,0,0,0,0,0,0,0,0,0,0,0,0,0,0,0,0,0,0,0,0,0,0,0,0,0,0,0,0,0,0,0,0,0,0,0,2144927744,813744128,130916,49667,0,156,131072,148912408,0,0,1364515423,2147483648,115040644,146453057,0,0,0,0,0,0,0,0,0,0,0,0,0,0,0,0,0,0,8681060,8681142,0,97,97,6265,329,17362169,35,0,0,0,0,0,0,0,1,0,0,0,0,0,0,0,0,0,0,9764534,0,13991672,123835,0,0,0,0,0,0,0,0,16384,0,0,0,0,0,0,0,0,0,0,0,4930,342,0,0,0,0,0,26394008,0,9336,27,4632,340,4930,0,0,0,0,0,0,0,0,0,0,0,0,0,0,0,0,0,0,0,0,0,0,0,0,0,0,0,0,0,0,0,0,0,0,0,0,0,0,0,0,0,0,0,0,0,0,0,0,0,0,0,0,0,109892453,0,0,0,129644788,0,0,0,0,0,0,0,79302794,148983686,186136560,57100071936,46021720,0,0,0,0,0,0,0,0,0,0,0,0,0,0,0,0,0,0,0,0,0,0,0,0,0,0,0,0,0,0,0,12521708,0,0,0,0,0,0,0
1789580810.481,0,0,0,0,0,0,0,269907658,2439509548544,807716451328,0,0,0,0,0,0,0,0,0,0,0,0,0,0,0,0,0,0,0,0,0,0,0,0,0,0,0,0,0,0,0,0,0,0,0,0,0,0,0,0,0,0,0,0,0,0,0,0,0,0,0,0,0,0,0,0,0,0,460946,149085052,45214513,0,0,0,0,0,0,0,0,0,0,0,0,0,0,0,0,0,0,0,0,0,0,0,0,0,0,0,0,0,0,0,0,0,0,0,0,0,2144813056,816316416,130909,49824,0,163,131072,148920682,0,0,1364572087,2147483648,115048850,146458942,0,0,0,0,0,0,0,0,0,0,0,0,0,0,0,0,0,0,8681431,8681515,0,97,97,6265,329,17362916,35,0,0,0,0,0,0,0,1,0,0,0,0,0,0,0,0,0,0,9764963,0,13991672,123835,0,0,0,0,0,0,0,0,16384,0,0,0,0,0,0,0,0,0,0,0,4931,342,0,0,0,0,0,26395171,0,9336,27,4632,340,4931,0,0,0,0,0,0,0,0,0,0,0,0,0,0,0,0,0,0,0,0,0,0,0,0,0,0,0,0,0,0,0,0,0,0,0,0,0,0,0,0,0,0,0,0,0,0,0,0,0,0,0,0,0,109894154,0,0,0,129650038,0,0,0,0,0,0,0,79305675,148991954,186141847,57101096960,46022808,0,0,0,0,0,0,0,0,0,0,0,0,0,0,0,0,0,0,0,0,0,0,0,0,0,0,0,0,0,0,0,12522091,0,0,0,0,0,0,0
1789580811.507,0,0,0,0,0,0,0,269916690,2439624695296,807745508352,0,0,0,0,0,0,0,0,0,0,0,0,0,0,0,0,0,0,0,0,0,0,0,0,0,0,0,0,0,0,0,0,0,0,0,0,0,0,0,0,0,0,0,0,0,0,0,0,0,0,0,0,0,0,0,0,0,0,460965,149092087,45216095,0,0,0,0,0,0,0,0,0,0,0,0,0,0,0,0,0,0,0,0,0,0,0,0,0,0,0,0,0,0,0,0,0,0,0,0,0,2144583680,816971776,130895,49864,1,176,131072,148927710,0,0,1364618863,2147483648,115055776,146463766,0,0,0,0,0,0,0,0,0,0,0,0,0,0,0,0,0,0,8681726,8681808,0,97,97,6265,329,17363529,35,0,0,0,0,0,0,0,1,0,0,0,0,0,0,0,0,0,0,9765316,0,13991672,123837,0,0,0,0,0,0,0,0,16384,0,0,0,0,0,0,0,0,0,0,0,4932,342,0,0,0,0,0,26396130,0,9336,27,4632,340,4932,0,0,0,0,0,0,0,0,0,0,0,0,0,0,0,0,0,0,0,0,0,0,0,0,0,0,0,0,0,0,0,0,0,0,0,0,0,0,0,0,0,0,0,0,0,0,0,0,0,0,0,0,0,109895646,0,0,0,129654289,0,0,0,0,0,0,0,79308143,148998985,186146537,57101967360,46023776,0,0,0,0,0,0,0,0,0,0,0,0,0,0,0,0,0,0,0,0,0,0,0,0,0,0,0,0,0,0,0,12522406,0,0,0,0,0,0,0
1789580812.533,0,0,0,0,0,0,0,269926422,2439747919360,807793935872,0,0,0,0,0,0,0,0,0,0,0,0,0,0,0,0,0,0,0,0,0,0,0,0,0,0,0,0,0,0,0,0,0,0,0,0,0,0,0,0,0,0,0,0,0,0,0,0,0,0,0,0,0,0,0,0,0,0,460979,149099630,45219082,0,0,0,0,0,0,0,0,0,0,0,0,0,0,0,0,0,0,0,0,0,0,0,0,0,0,0,0,0,0,0,0,0,0,0,0,0,2144174080,796344320,130870,48605,0,202,131072,148935252,0,0,1364669759,2147483648,115062667,146468846,0,0,0,0,0,0,0,0,0,0,0,0,0,0,0,0,0,0,8682047,8682134,0,97,97,6265,329,17364170,35,0,0,0,0,0,0,0,1,0,0,0,0,0,0,0,0,0,0,9765683,0,13993112,123847,0,0,0,0,0,0,0,0,16384,0,0,0,0,0,0,0,0,0,0,0,4933,342,0,0,0,0,0,26397118,0,9336,27,4632,340,4933,0,0,0,0,0,0,0,0,0,0,0,0,0,0,0,0,0,0,0,0,0,0,0,0,0,0,0,0,0,0,0,0,0,0,0,0,0,0,0,0,0,0,0,0,0,0,0,0,0,0,0,0,0,109897192,0,0,0,129658863,0,0,0,0,0,0,0,79310986,149006529,186152602,57102876160,46024768,0,0,0,0,0,0,0,0,0,0,0,0,0,0,0,0,0,0,0,0,0,0,0,0,0,0,0,0,0,0,0,12522733,0,0,0,0,0,0,0
1789580813.560,0,0,0,0,0,0,0,269936200,2439873240576,807821734400,0,0,0,0,0,0,0,0,0,0,0,0,0,0,0,0,0,0,0,0,0,0,0,0,0,0,0,0,0,0,0,0,0,0,0,0,0,0,0,0,0,0,0,0,0,0,0,0,0,0,0,0,0,0,0,0,0,0,460993,149107289,45220708,0,0,0,0,0,0,0,0,0,0,0,0,0,0,0,0,0,0,0,0,0,0,0,0,0,0,0,0,0,0,0,0,0,0,0,0,0,2144583680,797032448,130895,48647,0,177,131072,148942905,0,0,1364721073,2147483648,115070215,146473673,0,0,0,0,0,0,0,0,0,0,0,0,0,0,0,0,0,0,8682357,8682434,0,97,97,6265,329,17364782,35,0,0,0,0,0,0,0,1,0,0,0,0,0,0,0,0,0,0,9766025,0,13993112,123847,0,0,0,0,0,0,0,0,16384,0,0,0,0,0,0,0,0,0,0,0,4934,342,0,0,0,0,0,26398046,0,9336,27,4632,340,4934,0,0,0,0,0,0,0,0,0,0,0,0,0,0,0,0,0,0,0,0,0,0,0,0,0,0,0,0,0,0,0,0,0,0,0,0,0,0,0,0,0,0,0,0,0,0,0,0,0,0,0,0,0,109898684,0,0,0,129663228,0,0,0,0,0,0,0,79313568,149014178,186157339,57103751680,46025729,0,0,0,0,0,0,0,0,0,0,0,0,0,0,0,0,0,0,0,0,0,0,0,0,0,0,0,0,0,0,0,12523037,0,0,0,0,0,0,0
1789580814.586,0,0,0,0,0,0,0,269946586,2440005721600,807850964480,0,0,0,0,0,0,0,0,0,0,0,0,0,0,0,0,0,0,0,0,0,0,0,0,0,0,0,0,0,0,0,0,0,0,0,0,0,0,0,0,0,0,0,0,0,0,0,0,0,0,0,0,0,0,0,0,0,0,461010,149115390,45222413,0,0,0,0,0,0,0,0,0,0,0,0,0,0,0,0,0,0,0,0,0,0,0,0,0,0,0,0,0,0,0,0,0,0,0,0,0,2144862208,799309824,130912,48786,0,160,131072,148951000,0,0,1364775239,2147483648,115078187,146479067,0,0,0,0,0,0,0,0,0,0,0,0,0,0,0,0,0,0,8682703,8682786,0,97,97,6265,329,17365466,35,0,0,0,0,0,0,0,1,0,0,0,0,0,0,0,0,0,0,9766416,0,13993112,123847,0,0,0,0,0,0,0,0,16384,0,0,0,0,0,0,0,0,0,0,0,4935,342,0,0,0,0,0,26399102,0,9336,27,4632,340,4935,0,0,0,0,0,0,0,0,0,0,0,0,0,0,0,0,0,0,0,0,0,0,0,0,0,0,0,0,0,0,0,0,0,0,0,0,0,0,0,0,0,0,0,0,0,0,0,0,0,0,0,0,0,109900296,0,0,0,129668079,0,0,0,0,0,0,0,79316307,149022275,186162347,57104711680,46026769,0,0,0,0,0,0,0,0,0,0,0,0,0,0,0,0,0,0,0,0,0,0,0,0,0,0,0,0,0,0,0,12523384,0,0,0,0,0,0,0
1789580815.611,0,0,0,0,0,0,0,269956865,2440135712256,807881696768,0,0,0,0,0,0,0,0,0,0,0,0,0,0,0,0,0,0,0,0,0,0,0,0,0,0,0,0,0,0,0,0,0,0,0,0,0,0,0,0,0,0,0,0,0,0,0,0,0,0,0,0,0,0,0,0,0,0,461033,149123328,45224206,0,0,0,0,0,0,0,0,0,0,0,0,0,0,0,0,0,0,0,0,0,0,0,0,0,0,0,0,0,0,0,0,0,0,0,0,0,2144878592,799883264,130913,48821,0,159,131072,148958931,0,0,1364828869,2147483648,115086060,146484502,0,0,0,0,0,0,0,0,0,0,0,0,0,0,0,0,0,0,8683046,8683128,0,97,97,6265,329,17366156,35,0,0,0,0,0,0,0,1,0,0,0,0,0,0,0,0,0,0,9766799,0,13993112,123847,0,0,0,0,0,0,0,0,16384,0,0,0,0,0,0,0,0,0,0,0,4936,342,0,0,0,0,0,26400131,0,9336,27,4632,340,4936,0,0,0,0,0,0,0,0,0,0,0,0,0,0,0,0,0,0,0,0,0,0,0,0,0,0,0,0,0,0,0,0,0,0,0,0,0,0,0,0,0,0,0,0,0,0,0,0,0,0,0,0,0,109901905,0,0,0,129672947,0,0,0,0,0,0,0,79319125,149030213,186167539,57105667072,46027795,0,0,0,0,0,0,0,0,0,0,0,0,0,0,0,0,0,0,0,0,0,0,0,0,0,0,0,0,0,0,0,12523725,0,0,0,0,0,0,0
1789580816.638,0,0,0,0,0,0,0,269966815,2440261377536,807911319552,0,0,0,0,0,0,0,0,0,0,0,0,0,0,0,0,0,0,0,0,0,0,0,0,0,0,0,0,0,0,0,0,0,0,0,0,0,0,0,0,0,0,0,0,0,0,0,0,0,0,0,0,0,0,0,0,0,0,461049,149131011,45225926,0,0,0,0,0,0,0,0,0,0,0,0,0,0,0,0,0,0,0,0,0,0,0,0,0,0,0,0,0,0,0,0,0,0,0,0,0,2144862208,801275904,130912,48906,0,160,131072,148966612,0,0,1364880473,2147483648,115093651,146489817,0,0,0,0,0,0,0,0,0,0,0,0,0,0,0,0,0,0,8683379,8683460,0,97,97,6265,329,17366830,35,0,0,0,0,0,0,0,1,0,0,0,0,0,0,0,0,0,0,9767189,0,13993112,123847,0,0,0,0,0,0,0,0,16384,0,0,0,0,0,0,0,0,0,0,0,4937,342,0,0,0,0,0,26401190,0,9336,27,4632,340,4937,0,0,0,0,0,0,0,0,0,0,0,0,0,0,0,0,0,0,0,0,0,0,0,0,0,0,0,0,0,0,0,0,0,0,0,0,0,0,0,0,0,0,0,0,0,0,0,0,0,0,0,0,0,109903492,0,0,0,129677707,0,0,0,0,0,0,0,79321881,149037894,186172576,57106608128,46028826,0,0,0,0,0,0,0,0,0,0,0,0,0,0,0,0,0,0,0,0,0,0,0,0,0,0,0,0,0,0,0,12524073,0,0,0,0,0,0,0
1789580817.664,0,0,0,0,0,0,0,269976262,2440381341184,807938260480,0,0,0,0,0,0,0,0,0,0,0,0,0,0,0,0,0,0,0,0,0,0,0,0,0,0,0,0,0,0,0,0,0,0,0,0,0,0,0,0,0,0,0,0,0,0,0,0,0,0,0,0,0,0,0,0,0,0,461060,149138349,45227485,0,0,0,0,0,0,0,0,0,0,0,0,0,0,0,0,0,0,0,0,0,0,0,0,0,0,0,0,0,0,0,0,0,0,0,0,0,2144567296,802340864,130894,48971,0,178,131072,148973947,0,0,1364930128,2147483648,115100901,146494568,0,0,0,0,0,0,0,0,0,0,0,0,0,0,0,0,0,0,8683674,8683761,0,97,97,6265,329,17367435,35,0,0,0,0,0,0,0,1,0,0,0,0,0,0,0,0,0,0,9767535,0,13993112,123847,0,0,0,0,0,0,0,0,16384,0,0,0,0,0,0,0,0,0,0,0,4938,342,0,0,0,0,0,26402140,0,9336,27,4632,340,4938,0,0,0,0,0,0,0,0,0,0,0,0,0,0,0,0,0,0,0,0,0,0,0,0,0,0,0,0,0,0,0,0,0,0,0,0,0,0,0,0,0,0,0,0,0,0,0,0,0,0,0,0,0,109904970,0,0,0,129681997,0,0,0,0,0,0,0,79324404,149045222,186177194,57107466752,46029779,0,0,0,0,0,0,0,0,0,0,0,0,0,0,0,0,0,0,0,0,0,0,0,0,0,0,0,0,0,0,0,12524381,0,0,0,0,0,0,0
1789580818.690,0,0,0,0,0,0,0,269985423,2440498929152,807965954048,0,0,0,0,0,0,0,0,0,0,0,0,0,0,0,0,0,0,0,0,0,0,0,0,0,0,0,0,0,0,0,0,0,0,0,0,0,0,0,0,0,0,0,0,0,0,0,0,0,0,0,0,0,0,0,0,0,0,461077,149145538,45229113,0,0,0,0,0,0,0,0,0,0,0,0,0,0,0,0,0,0,0,0,0,0,0,0,0,0,0,0,0,0,0,0,0,0,0,0,0,2144518144,800768000,130891,48875,0,181,131072,148981131,0,0,1364977664,2147483648,115108023,146499087,0,0,0,0,0,0,0,0,0,0,0,0,0,0,0,0,0,0,8683969,8684047,0,97,97,6265,329,17367987,35,0,0,0,0,0,0,0,1,0,0,0,0,0,0,0,0,0,0,9767857,0,13993112,123847,0,0,0,0,0,0,0,0,16384,0,0,0,0,0,0,0,0,0,0,0,4939,342,0,0,0,0,0,26403008,0,9336,27,4632,340,4939,0,0,0,0,0,0,0,0,0,0,0,0,0,0,0,0,0,0,0,0,0,0,0,0,0,0,0,0,0,0,0,0,0,0,0,0,0,0,0,0,0,0,0,0,0,0,0,0,0,0,0,0,0,109906414,0,0,0,129686018,0,0,0,0,0,0,0,79326984,149052409,186181874,57108308992,46030741,0,0,0,0,0,0,0,0,0,0,0,0,0,0,0,0,0,0,0,0,0,0,0,0,0,0,0,0,0,0,0,12524667,0,0,0,0,0,0,0
1789580819.716,0,0,0,0,0,0,0,269995266,2440623775232,807993719296,0,0,0,0,0,0,0,0,0,0,0,0,0,0,0,0,0,0,0,0,0,0,0,0,0,0,0,0,0,0,0,0,0,0,0,0,0,0,0,0,0,0,0,0,0,0,0,0,0,0,0,0,0,0,0,0,0,0,461098,149153162,45230715,0,0,0,0,0,0,0,0,0,0,0,0,0,0,0,0,0,0,0,0,0,0,0,0,0,0,0,0,0,0,0,0,0,0,0,0,0,2144878592,804716544,130913,49116,0,159,131072,148988752,0,0,1365029198,2147483648,115115553,146504472,0,0,0,0,0,0,0,0,0,0,0,0,0,0,0,0,0,0,8684306,8684389,0,97,97,6265,329,17368684,35,0,0,0,0,0,0,0,1,0,0,0,0,0,0,0,0,0,0,9768227,0,13993112,123847,0,0,0,0,0,0,0,0,16384,0,0,0,0,0,0,0,0,0,0,0,4940,342,0,0,0,0,0,26404008,0,9336,27,4632,340,4940,0,0,0,0,0,0,0,0,0,0,0,0,0,0,0,0,0,0,0,0,0,0,0,0,0,0,0,0,0,0,0,0,0,0,0,0,0,0,0,0,0,0,0,0,0,0,0,0,0,0,0,0,0,109908026,0,0,0,129690856,0,0,0,0,0,0,0,79329639,149060032,186186706,57109268480,46031787,0,0,0,0,0,0,0,0,0,0,0,0,0,0,0,0,0,0,0,0,0,0,0,0,0,0,0,0,0,0,0,12524995,0,0,0,0,0,0,0
1789580820.742,0,0,0,0,0,0,0,270005348,2440752078336,808023182336,0,0,0,0,0,0,0,0,0,0,0,0,0,0,0,0,0,0,0,0,0,0,0,0,0,0,0,0,0,0,0,0,0,0,0,0,0,0,0,0,0,0,0,0,0,0,0,0,0,0,0,0,0,0,0,0,0,0,461113,149161010,45232445,0,0,0,0,0,0,0,0,0,0,0,0,0,0,0,0,0,0,0,0,0,0,0,0,0,0,0,0,0,0,0,0,0,0,0,0,0,2144927744,804487168,130916,49102,0,156,131072,148996599,0,0,1365082057,2147483648,115123281,146509491,0,0,0,0,0,0,0,0,0,0,0,0,0,0,0,0,0,0,8684636,8684717,0,97,97,6265,329,17369323,35,0,0,0,0,0,0,0,1,0,0,0,0,0,0,0,0,0,0,9768585,0,13993112,123847,0,0,0,0,0,0,0,0,16384,0,0,0,0,0,0,0,0,0,0,0,4941,342,0,0,0,0,0,26404969,0,9336,27,4632,340,4941,0,0,0,0,0,0,0,0,0,0,0,0,0,0,0,0,0,0,0,0,0,0,0,0,0,0,0,0,0,0,0,0,0,0,0,0,0,0,0,0,0,0,0,0,0,0,0,0,0,0,0,0,0,109909623,0,0,0,129695414,0,0,0,0,0,0,0,79332393,149067872,186191736,57110194688,46032825,0,0,0,0,0,0,0,0,0,0,0,0,0,0,0,0,0,0,0,0,0,0,0,0,0,0,0,0,0,0,0,12525312,0,0,0,0,0,0,0
1789580821.768,0,0,0,0,0,0,0,270015828,2440886050304,808054113792,0,0,0,0,0,0,0,0,0,0,0,0,0,0,0,0,0,0,0,0,0,0,0,0,0,0,0,0,0,0,0,0,0,0,0,0,0,0,0,0,0,0,0,0,0,0,0,0,0,0,0,0,0,0,0,0,0,0,461131,149169197,45234239,0,0,0,0,0,0,0,0,0,0,0,0,0,0,0,0,0,0,0,0,0,0,0,0,0,0,0,0,0,0,0,0,0,0,0,0,0,2145239040,805175296,130935,49144,0,137,131072,149004782,0,0,1365137034,2147483648,115131369,146514881,0,0,0,0,0,0,0,0,0,0,0,0,0,0,0,0,0,0,8684973,8685058,0,97,97,6265,329,17370015,35,0,0,0,0,0,0,0,1,0,0,0,0,0,0,0,0,0,0,9768974,0,13993112,123847,0,0,0,0,0,0,0,0,16384,0,0,0,0,0,0,0,0,0,0,0,4942,342,0,0,0,0,0,26406019,0,9336,27,4632,340,4942,0,0,0,0,0,0,0,0,0,0,0,0,0,0,0,0,0,0,0,0,0,0,0,0,0,0,0,0,0,0,0,0,0,0,0,0,0,0,0,0,0,0,0,0,0,0,0,0,0,0,0,0,0,109911258,0,0,0,129700260,0,0,0,0,0,0,0,79335258,149076061,186196981,57111162368,46033885,0,0,0,0,0,0,0,0,0,0,0,0,0,0,0,0,0,0,0,0,0,0,0,0,0,0,0,0,0,0,0,12525658,0,0,0,0,0,0,0
1789580822.794,0,0,0,0,0,0,0,270026495,2441022234112,808086004736,0,0,0,0,0,0,0,0,0,0,0,0,0,0,0,0,0,0,0,0,0,0,0,0,0,0,0,0,0,0,0,0,0,0,0,0,0,0,0,0,0,0,0,0,0,0,0,0,0,0,0,0,0,0,0,0,0,0,461151,149177527,45236115,0,0,0,0,0,0,0,0,0,0,0,0,0,0,0,0,0,0,0,0,0,0,0,0,0,0,0,0,0,0,0,0,0,0,0,0,0,2145091584,805650432,130926,49173,0,146,131072,149013110,0,0,1365192823,2147483648,115139614,146520419,0,0,0,0,0,0,0,0,0,0,0,0,0,0,0,0,0,0,8685324,8685408,0,97,97,6265,329,17370717,35,0,0,0,0,0,0,0,1,0,0,0,0,0,0,0,0,0,0,9769362,0,13993112,123847,0,0,0,0,0,0,0,0,16384,0,0,0,0,0,0,0,0,0,0,0,4943,342,0,0,0,0,0,26407069,0,9336,27,4632,340,4943,0,0,0,0,0,0,0,0,0,0,0,0,0,0,0,0,0,0,0,0,0,0,0,0,0,0,0,0,0,0,0,0,0,0,0,0,0,0,0,0,0,0,0,0,0,0,0,0,0,0,0,0,0,109912894,0,0,0,129705250,0,0,0,0,0,0,0,79338183,149084383,186202339,57112138240,46034950,0,0,0,0,0,0,0,0,0,0,0,0,0,0,0,0,0,0,0,0,0,0,0,0,0,0,0,0,0,0,0,12526003,0,0,0,0,0,0,0
1789580823.820,0,0,0,0,0,0,0,270037327,2441159908864,808117224448,0,0,0,0,0,0,0,0,0,0,0,0,0,0,0,0,0,0,0,0,0,0,0,0,0,0,0,0,0,0,0,0,0,0,0,0,0,0,0,0,0,0,0,0,0,0,0,0,0,0,0,0,0,0,0,0,0,0,461178,149185939,45237922,0,0,0,0,0,0,0,0,0,0,0,0,0,0,0,0,0,0,0,0,0,0,0,0,0,0,0,0,0,0,0,0,0,0,0,0,0,2145239040,807501824,130935,49286,0,137,131072,149021519,0,0,1365249368,2147483648,115147928,146526125,0,0,0,0,0,0,0,0,0,0,0,0,0,0,0,0,0,0,8685688,8685774,0,97,97,6265,329,17371429,35,0,0,0,0,0,0,0,1,0,0,0,0,0,0,0,0,0,0,9769770,0,13993112,123847,0,0,0,0,0,0,0,0,16384,0,0,0,0,0,0,0,0,0,0,0,4944,342,0,0,0,0,0,26408173,0,9336,27,4632,340,4944,0,0,0,0,0,0,0,0,0,0,0,0,0,0,0,0,0,0,0,0,0,0,0,0,0,0,0,0,0,0,0,0,0,0,0,0,0,0,0,0,0,0,0,0,0,0,0,0,0,0,0,0,0,109914588,0,0,0,129710343,0,0,0,0,0,0,0,79341081,149092794,186207668,57113149440,46036031,0,0,0,0,0,0,0,0,0,0,0,0,0,0,0,0,0,0,0,0,0,0,0,0,0,0,0,0,0,0,0,12526365,0,0,0,0,0,0,0
1789580824.846,0,0,0,0,0,0,0,270048093,2441297239552,808147502592,0,0,0,0,0,0,0,0,0,0,0,0,0,0,0,0,0,0,0,0,0,0,0,0,0,0,0,0,0,0,0,0,0,0,0,0,0,0,0,0,0,0,0,0,0,0,0,0,0,0,0,0,0,0,0,0,0,0,461205,149194328,45239697,0,0,0,0,0,0,0,0,0,0,0,0,0,0,0,0,0,0,0,0,0,0,0,0,0,0,0,0,0,0,0,0,0,0,0,0,0,2145091584,810729472,130926,49483,0,146,131072,149029904,0,0,1365305816,2147483648,115156238,146531802,0,0,0,0,0,0,0,0,0,0,0,0,0,0,0,0,0,0,8686049,8686137,0,97,97,6265,329,17372155,35,0,0,0,0,0,0,0,1,0,0,0,0,0,0,0,0,0,0,9770156,0,13993112,123847,0,0,0,0,0,0,0,0,16384,0,0,0,0,0,0,0,0,0,0,0,4945,342,0,0,0,0,0,26409209,0,9336,27,4632,340,4945,0,0,0,0,0,0,0,0,0,0,0,0,0,0,0,0,0,0,0,0,0,0,0,0,0,0,0,0,0,0,0,0,0,0,0,0,0,0,0,0,0,0,0,0,0,0,0,0,0,0,0,0,0,109916252,0,0,0,129715434,0,0,0,0,0,0,0,79343930,149101182,186212853,57114153472,46037119,0,0,0,0,0,0,0,0,0,0,0,0,0,0,0,0,0,0,0,0,0,0,0,0,0,0,0,0,0,0,0,12526706,0,0,0,0,0,0,0
1789580825.872,0,0,0,0,0,0,0,270059216,2441438305792,808181203456,0,0,0,0,0,0,0,0,0,0,0,0,0,0,0,0,0,0,0,0,0,0,0,0,0,0,0,0,0,0,0,0,0,0,0,0,0,0,0,0,0,0,0,0,0,0,0,0,0,0,0,0,0,0,0,0,0,0,461228,149202951,45241660,0,0,0,0,0,0,0,0,0,0,0,0,0,0,0,0,0,0,0,0,0,0,0,0,0,0,0,0,0,0,0,0,0,0,0,0,0,2145353728,812007424,130942,49561,0,130,131072,149038517,0,0,1365364155,2147483648,115164605,146537732,0,0,0,0,0,0,0,0,0,0,0,0,0,0,0,0,0,0,8686431,8686516,0,97,97,6265,329,17372920,35,0,0,0,0,0,0,0,1,0,0,0,0,0,0,0,0,0,0,9770558,0,13993112,123848,0,0,0,0,0,0,0,0,16384,0,0,0,0,0,0,0,0,0,0,0,4946,342,0,0,0,0,0,26410283,0,9336,27,4632,340,4946,0,0,0,0,0,0,0,0,0,0,0,0,0,0,0,0,0,0,0,0,0,0,0,0,0,0,0,0,0,0,0,0,0,0,0,0,0,0,0,0,0,0,0,0,0,0,0,0,0,0,0,0,0,109917961,0,0,0,129720798,0,0,0,0,0,0,0,79346876,149109796,186218381,57115180544,46038227,0,0,0,0,0,0,0,0,0,0,0,0,0,0,0,0,0,0,0,0,0,0,0,0,0,0,0,0,0,0,0,12527060,0,0,0,0,0,0,0
1789580826.899,0,0,0,0,0,0,0,270071593,2441595346432,808216275968,0,0,0,0,0,0,0,0,0,0,0,0,0,0,0,0,0,0,0,0,0,0,0,0,0,0,0,0,0,0,0,0,0,0,0,0,0,0,0,0,0,0,0,0,0,0,0,0,0,0,0,0,0,0,0,0,0,0,461263,149212545,45243706,0,0,0,0,0,0,0,0,0,0,0,0,0,0,0,0,0,0,0,0,0,0,0,0,0,0,0,0,0,0,0,0,0,0,0,0,0,2144976896,815890432,130919,49798,0,153,131072,149048103,0,0,1365428621,2147483648,115174102,146544626,0,0,0,0,0,0,0,0,0,0,0,0,0,0,0,0,0,0,8686857,8686939,0,97,97,6265,329,17373787,35,0,0,0,0,0,0,0,1,0,0,0,0,0,0,0,0,0,0,9771069,0,13993240,123848,0,0,0,0,0,0,0,0,16384,0,0,0,0,0,0,0,0,0,0,0,4947,342,0,0,0,0,0,26411667,0,9336,27,4632,340,4947,0,0,0,0,0,0,0,0,0,0,0,0,0,0,0,0,0,0,0,0,0,0,0,0,0,0,0,0,0,0,0,0,0,0,0,0,0,0,0,0,0,0,0,0,0,0,0,0,0,0,0,0,0,109919776,0,0,0,129726867,0,0,0,0,0,0,0,79350081,149119386,186224276,57116313600,46039394,0,0,0,0,0,0,0,0,0,0,0,0,0,0,0,0,0,0,0,0,0,0,0,0,0,0,0,0,0,0,0,12527518,0,0,0,0,0,0,0
1789580827.926,0,0,0,0,0,0,0,270081512,2441721126400,808245986816,0,0,0,0,0,0,0,0,0,0,0,0,0,0,0,0,0,0,0,0,0,0,0,0,0,0,0,0,0,0,0,0,0,0,0,0,0,0,0,0,0,0,0,0,0,0,0,0,0,0,0,0,0,0,0,0,0,0,461284,149220221,45245428,0,0,0,0,0,0,0,0,0,0,0,0,0,0,0,0,0,0,0,0,0,0,0,0,0,0,0,0,0,0,0,0,0,0,0,0,0,2144731136,815300608,130905,49762,0,167,131072,149055778,0,0,1365480490,2147483648,115181724,146549682,0,0,0,0,0,0,0,0,0,0,0,0,0,0,0,0,0,0,8687178,8687261,0,97,97,6265,329,17374421,35,0,0,0,0,0,0,0,1,0,0,0,0,0,0,0,0,0,0,9771436,0,13993240,123848,0,0,0,0,0,0,0,0,16384,0,0,0,0,0,0,0,0,0,0,0,4948,342,0,0,0,0,0,26412657,0,9336,27,4632,340,4948,0,0,0,0,0,0,0,0,0,0,0,0,0,0,0,0,0,0,0,0,0,0,0,0,0,0,0,0,0,0,0,0,0,0,0,0,0,0,0,0,0,0,0,0,0,0,0,0,0,0,0,0,0,109921307,0,0,0,129731359,0,0,0,0,0,0,0,79352809,149127067,186229278,57117228032,46040386,0,0,0,0,0,0,0,0,0,0,0,0,0,0,0,0,0,0,0,0,0,0,0,0,0,0,0,0,0,0,0,12527845,0,0,0,0,0,0,0
1789580828.952,0,0,0,0,0,0,0,270091265,2441844071936,808275003392,0,0,0,0,0,0,0,0,0,0,0,0,0,0,0,0,0,0,0,0,0,0,0,0,0,0,0,0,0,0,0,0,0,0,0,0,0,0,0,0,0,0,0,0,0,0,0,0,0,0,0,0,0,0,0,0,0,0,461304,149227738,45247107,0,0,0,0,0,0,0,0,0,0,0,0,0,0,0,0,0,0,0,0,0,0,0,0,0,0,0,0,0,0,0,0,0,0,0,0,0,2144485376,818528256,130889,49959,0,183,131072,149063291,0,0,1365532174,2147483648,115189178,146555259,0,0,0,0,0,0,0,0,0,0,0,0,0,0,0,0,0,0,8687533,8687615,0,97,97,6265,329,17375129,35,0,0,0,0,0,0,0,1,0,0,0,0,0,0,0,0,0,0,9771843,0,13993240,123848,0,0,0,0,0,0,0,0,16384,0,0,0,0,0,0,0,0,0,0,0,4950,342,0,0,0,0,0,26413758,0,9336,27,4632,340,4950,0,0,0,0,0,0,0,0,0,0,0,0,0,0,0,0,0,0,0,0,0,0,0,0,0,0,0,0,0,0,0,0,0,0,0,0,0,0,0,0,0,0,0,0,0,0,0,0,0,0,0,0,0,109922981,0,0,0,129736348,0,0,0,0,0,0,0,79355561,149134579,186234311,57118219264,46041456,0,0,0,0,0,0,0,0,0,0,0,0,0,0,0,0,0,0,0,0,0,0,0,0,0,0,0,0,0,0,0,12528208,0,0,0,0,0,0,0
1789580829.978,0,0,0,0,0,0,0,270098973,2441943784960,808298531328,0,0,0,0,0,0,0,0,0,0,0,0,0,0,0,0,0,0,0,0,0,0,0,0,0,0,0,0,0,0,0,0,0,0,0,0,0,0,0,0,0,0,0,0,0,0,0,0,0,0,0,0,0,0,0,0,0,0,461315,149233836,45248475,0,0,0,0,0,0,0,0,0,0,0,0,0,0,0,0,0,0,0,0,0,0,0,0,0,0,0,0,0,0,0,0,0,0,0,0,0,2144206848,817086464,130872,49871,0,200,131072,149069386,0,0,1365572084,2147483648,115195241,146559010,0,0,0,0,0,0,0,0,0,0,0,0,0,0,0,0,0,0,8687764,8687842,0,97,97,6265,329,17375614,35,0,0,0,0,0,0,0,1,0,0,0,0,0,0,0,0,0,0,9772116,0,13993240,123848,0,0,0,0,0,0,0,0,16384,0,0,0,0,0,0,0,0,0,0,0,4951,342,0,0,0,0,0,26414496,0,9336,27,4632,340,4951,0,0,0,0,0,0,0,0,0,0,0,0,0,0,0,0,0,0,0,0,0,0,0,0,0,0,0,0,0,0,0,0,0,0,0,0,0,0,0,0,0,0,0,0,0,0,0,0,0,0,0,0,0,109924288,0,0,0,129739692,0,0,0,0,0,0,0,79357805,149140677,186238365,57118955520,46042327,0,0,0,0,0,0,0,0,0,0,0,0,0,0,0,0,0,0,0,0,0,0,0,0,0,0,0,0,0,0,0,12528451,0,0,0,0,0,0,0
1789580831.004,0,0,0,0,0,0,0,270107368,2442048511488,808323643904,0,0,0,0,0,0,0,0,0,0,0,0,0,0,0,0,0,0,0,0,0,0,0,0,0,0,0,0,0,0,0,0,0,0,0,0,0,0,0,0,0,0,0,0,0,0,0,0,0,0,0,0,0,0,0,0,0,0,461334,149240242,45249930,0,0,0,0,0,0,0,0,0,0,0,0,0,0,0,0,0,0,0,0,0,0,0,0,0,0,0,0,0,0,0,0,0,0,0,0,0,2144026624,819937280,130861,50045,0,211,131072,149075786,0,0,1365616129,2147483648,115201599,146563924,0,0,0,0,0,0,0,0,0,0,0,0,0,0,0,0,0,0,8688067,8688137,0,97,97,6265,329,17376228,35,0,0,0,0,0,0,0,1,0,0,0,0,0,0,0,0,0,0,9772473,0,13993240,123848,0,0,0,0,0,0,0,0,16384,0,0,0,0,0,0,0,0,0,0,0,4952,342,0,0,0,0,0,26415467,0,9336,27,4632,340,4952,0,0,0,0,0,0,0,0,0,0,0,0,0,0,0,0,0,0,0,0,0,0,0,0,0,0,0,0,0,0,0,0,0,0,0,0,0,0,0,0,0,0,0,0,0,0,0,0,0,0,0,0,0,109925778,0,0,0,129744024,0,0,0,0,0,0,0,79360229,149147077,186242769,57119836160,46043294,0,0,0,0,0,0,0,0,0,0,0,0,0,0,0,0,0,0,0,0,0,0,0,0,0,0,0,0,0,0,0,12528770,0,0,0,0,0,0,0
1789580832.030,0,0,0,0,0,0,0,270114719,2442143718912,808346126848,0,0,0,0,0,0,0,0,0,0,0,0,0,0,0,0,0,0,0,0,0,0,0,0,0,0,0,0,0,0,0,0,0,0,0,0,0,0,0,0,0,0,0,0,0,0,0,0,0,0,0,0,0,0,0,0,0,0,461345,149246058,45251240,0,0,0,0,0,0,0,0,0,0,0,0,0,0,0,0,0,0,0,0,0,0,0,0,0,0,0,0,0,0,0,0,0,0,0,0,0,2144026624,817217536,130861,49879,0,211,131072,149081598,0,0,1365653717,2147483648,115207361,146567453,0,0,0,0,0,0,0,0,0,0,0,0,0,0,0,0,0,0,8688287,8688371,0,97,97,6265,329,17376655,35,0,0,0,0,0,0,0,1,0,0,0,0,0,0,0,0,0,0,9772745,0,13993240,123848,0,0,0,0,0,0,0,0,16384,0,0,0,0,0,0,0,0,0,0,0,4953,342,0,0,0,0,0,26416210,0,9336,27,4632,340,4953,0,0,0,0,0,0,0,0,0,0,0,0,0,0,0,0,0,0,0,0,0,0,0,0,0,0,0,0,0,0,0,0,0,0,0,0,0,0,0,0,0,0,0,0,0,0,0,0,0,0,0,0,0,109927008,0,0,0,129747103,0,0,0,0,0,0,0,79362361,149152894,186246625,57120531968,46044112,0,0,0,0,0,0,0,0,0,0,0,0,0,0,0,0,0,0,0,0,0,0,0,0,0,0,0,0,0,0,0,12529015,0,0,0,0,0,0,0
1789580833.055,0,0,0,0,0,0,0,270122355,2442239761920,808369009152,0,0,0,0,0,0,0,0,0,0,0,0,0,0,0,0,0,0,0,0,0,0,0,0,0,0,0,0,0,0,0,0,0,0,0,0,0,0,0,0,0,0,0,0,0,0,0,0,0,0,0,0,0,0,0,0,0,0,461354,149251932,45252570,0,0,0,0,0,0,0,0,0,0,0,0,0,0,0,0,0,0,0,0,0,0,0,0,0,0,0,0,0,0,0,0,0,0,0,0,0,2144141312,818102272,130868,49933,0,204,131072,149087474,0,0,1365694297,2147483648,115213133,146571498,0,0,0,0,0,0,0,0,0,0,0,0,0,0,0,0,0,0,8688532,8688606,0,97,97,6265,329,17377190,35,0,0,0,0,0,0,0,1,0,0,0,0,0,0,0,0,0,0,9773012,0,13993240,123848,0,0,0,0,0,0,0,0,16384,0,0,0,0,0,0,0,0,0,0,0,4954,342,0,0,0,0,0,26416923,0,9336,27,4632,340,4954,0,0,0,0,0,0,0,0,0,0,0,0,0,0,0,0,0,0,0,0,0,0,0,0,0,0,0,0,0,0,0,0,0,0,0,0,0,0,0,0,0,0,0,0,0,0,0,0,0,0,0,0,0,109928328,0,0,0,129750763,0,0,0,0,0,0,0,79364570,149158763,186250608,57121291264,46044989,1,0,0,0,0,0,0,0,0,0,0,0,0,0,0,0,0,0,0,0,0,0,0,0,0,0,0,0,0,0,0,12529250,0,0,0,0,0,0,0
1789580834.082,0,0,0,0,0,0,0,270129519,2442331233792,808390898688,0,0,0,0,0,0,0,0,0,0,0,0,0,0,0,0,0,0,0,0,0,0,0,0,0,0,0,0,0,0,0,0,0,0,0,0,0,0,0,0,0,0,0,0,0,0,0,0,0,0,0,0,0,0,0,0,0,0,461371,149257522,45253832,0,0,0,0,0,0,0,0,0,0,0,0,0,0,0,0,0,0,0,0,0,0,0,0,0,0,0,0,0,0,0,0,0,0,0,0,0,2143846400,818151424,130850,49936,0,222,131072,149093061,0,0,1365731484,2147483648,115218701,146575405,0,0,0,0,0,0,0,0,0,0,0,0,0,0,0,0,0,0,8688789,8688867,0,97,97,6265,329,17377648,35,0,0,0,0,0,0,0,1,0,0,0,0,0,0,0,0,0,0,9773304,0,13993240,123848,0,0,0,0,0,0,0,0,16384,0,0,0,0,0,0,0,0,0,0,0,4955,342,0,0,0,0,0,26417721,0,9336,27,4632,340,4955,0,0,0,0,0,0,0,0,0,0,0,0,0,0,0,0,0,0,0,0,0,0,0,0,0,0,0,0,0,0,0,0,0,0,0,0,0,0,0,0,0,0,0,0,0,0,0,0,0,0,0,0,0,109929622,0,0,0,129754170,0,0,0,0,0,0,0,79366697,149164354,186254444,57122037248,46045844,0,0,0,0,0,0,0,0,0,0,0,0,0,0,0,0,0,0,0,0,0,0,0,0,0,0,0,0,0,0,0,12529513,0,0,0,0,0,0,0
1789580835.107,0,0,0,0,0,0,0,270136646,2442421804544,808410572800,0,0,0,0,0,0,0,0,0,0,0,0,0,0,0,0,0,0,0,0,0,0,0,0,0,0,0,0,0,0,0,0,0,0,0,0,0,0,0,0,0,0,0,0,0,0,0,0,0,0,0,0,0,0,0,0,0,0,461380,149263060,45254994,0,0,0,0,0,0,0,0,0,0,0,0,0,0,0,0,0,0,0,0,0,0,0,0,0,0,0,0,0,0,0,0,0,0,0,0,0,2143436800,819183616,130825,49999,0,247,131072,149098594,0,0,1365768640,2147483648,115224197,146579002,0,0,0,0,0,0,0,0,0,0,0,0,0,0,0,0,0,0,8689007,8689085,0,97,97,6265,329,17378112,35,0,0,0,0,0,0,0,1,0,0,0,0,0,0,0,0,0,0,9773562,0,13993240,123848,0,0,0,0,0,0,0,0,16384,0,0,0,0,0,0,0,0,0,0,0,4956,342,0,0,0,0,0,26418424,0,9336,27,4632,340,4956,0,0,0,0,0,0,0,0,0,0,0,0,0,0,0,0,0,0,0,0,0,0,0,0,0,0,0,0,0,0,0,0,0,0,0,0,0,0,0,0,0,0,0,0,0,0,0,0,0,0,0,0,0,109930879,0,0,0,129757396,0,0,0,0,0,0,0,79368672,149169888,186257982,57122744320,46046678,0,0,0,0,0,0,0,0,0,0,0,0,0,0,0,0,0,0,0,0,0,0,0,0,0,0,0,0,0,0,0,12529743,0,0,0,0,0,0,0
1789580836.133,0,0,0,0,0,0,0,270143736,2442511031808,808434350080,0,0,0,0,0,0,0,0,0,0,0,0,0,0,0,0,0,0,0,0,0,0,0,0,0,0,0,0,0,0,0,0,0,0,0,0,0,0,0,0,0,0,0,0,0,0,0,0,0,0,0,0,0,0,0,0,0,0,461386,149268510,45256265,0,0,0,0,0,0,0,0,0,0,0,0,0,0,0,0,0,0,0,0,0,0,0,0,0,0,0,0,0,0,0,0,0,0,0,0,0,2143420416,820068352,130824,50053,0,248,131072,149104039,0,0,1365805447,2147483648,115229554,146582970,0,0,0,0,0,0,0,0,0,0,0,0,0,0,0,0,0,0,8689257,8689332,0,97,97,6265,329,17378618,35,0,0,0,0,0,0,0,1,0,0,0,0,0,0,0,0,0,0,9773857,0,13993240,123850,0,0,0,0,0,0,0,0,16384,0,0,0,0,0,0,0,0,0,0,0,4957,342,0,0,0,0,0,26419226,0,9336,27,4632,340,4957,0,0,0,0,0,0,0,0,0,0,0,0,0,0,0,0,0,0,0,0,0,0,0,0,0,0,0,0,0,0,0,0,0,0,0,0,0,0,0,0,0,0,0,0,0,0,0,0,0,0,0,0,0,109932191,0,0,0,129760942,0,0,0,0,0,0,0,79370730,149175345,186261878,57123499008,46047545,0,0,0,0,0,0,0,0,0,0,0,0,0,0,0,0,0,0,0,0,0,0,0,0,0,0,0,0,0,0,0,12530006,0,0,0,0,0,0,0
1789580837.158,0,0,0,0,0,0,0,270151391,2442608729600,808479192064,0,0,0,0,0,0,0,0,0,0,0,0,0,0,0,0,0,0,0,0,0,0,0,0,0,0,0,0,0,0,0,0,0,0,0,0,0,0,0,0,0,0,0,0,0,0,0,0,0,0,0,0,0,0,0,0,0,0,461395,149274483,45259040,0,0,0,0,0,0,0,0,0,0,0,0,0,0,0,0,0,0,0,0,0,0,0,0,0,0,0,0,0,0,0,0,0,0,0,0,0,2143567872,795639808,130833,48562,0,239,131072,149110009,0,0,1365845205,2147483648,115234841,146586844,0,0,0,0,0,0,0,0,0,0,0,0,0,0,0,0,0,0,8689506,8689587,0,97,97,6265,329,17379100,35,0,0,0,0,0,0,0,1,0,0,0,0,0,0,0,0,0,0,9774144,0,13994673,123860,0,0,0,0,0,0,0,0,16384,0,0,0,0,0,0,0,0,0,0,0,4958,342,0,0,0,0,0,26420007,0,9336,27,4632,340,4958,0,0,0,0,0,0,0,0,0,0,0,0,0,0,0,0,0,0,0,0,0,0,0,0,0,0,0,0,0,0,0,0,0,0,0,0,0,0,0,0,0,0,0,0,0,0,0,0,0,0,0,0,0,109933479,0,0,0,129764393,0,0,0,0,0,0,0,79373229,149181315,186267285,57124235776,46048396,0,0,0,0,0,0,0,0,0,0,0,0,0,0,0,0,0,0,0,0,0,0,0,0,0,0,0,0,0,0,0,12530262,0,0,0,0,0,0,0
1789580838.185,0,0,0,0,0,0,0,270158940,2442705247744,808499323904,0,0,0,0,0,0,0,0,0,0,0,0,0,0,0,0,0,0,0,0,0,0,0,0,0,0,0,0,0,0,0,0,0,0,0,0,0,0,0,0,0,0,0,0,0,0,0,0,0,0,0,0,0,0,0,0,0,0,461401,149280389,45260231,0,0,0,0,0,0,0,0,0,0,0,0,0,0,0,0,0,0,0,0,0,0,0,0,0,0,0,0,0,0,0,0,0,0,0,0,0,2143322112,797589504,130818,48681,0,254,131072,149115914,0,0,1365885145,2147483648,115240697,146590627,0,0,0,0,0,0,0,0,0,0,0,0,0,0,0,0,0,0,8689738,8689816,0,97,97,6265,329,17379591,35,0,0,0,0,0,0,0,1,0,0,0,0,0,0,0,0,0,0,9774398,0,13994673,123860,0,0,0,0,0,0,0,0,16384,0,0,0,0,0,0,0,0,0,0,0,4959,342,0,0,0,0,0,26420694,0,9336,27,4632,340,4959,0,0,0,0,0,0,0,0,0,0,0,0,0,0,0,0,0,0,0,0,0,0,0,0,0,0,0,0,0,0,0,0,0,0,0,0,0,0,0,0,0,0,0,0,0,0,0,0,0,0,0,0,0,109934726,0,0,0,129767827,0,0,0,0,0,0,0,79375218,149187215,186270868,57124943360,46049217,0,0,0,0,0,0,0,0,0,0,0,0,0,0,0,0,0,0,0,0,0,0,0,0,0,0,0,0,0,0,0,12530487,0,0,0,0,0,0,0
1789580839.211,0,0,0,0,0,0,0,270166665,2442804043264,808523798528,0,0,0,0,0,0,0,0,0,0,0,0,0,0,0,0,0,0,0,0,0,0,0,0,0,0,0,0,0,0,0,0,0,0,0,0,0,0,0,0,0,0,0,0,0,0,0,0,0,0,0,0,0,0,0,0,0,0,461410,149286432,45261629,0,0,0,0,0,0,0,0,0,0,0,0,0,0,0,0,0,0,0,0,0,0,0,0,0,0,0,0,0,0,0,0,0,0,0,0,0,2143436800,798375936,130825,48729,0,247,131072,149121950,0,0,1365925408,2147483648,115246669,146594944,0,0,0,0,0,0,0,0,0,0,0,0,0,0,0,0,0,0,8690023,8690099,0,97,97,6265,329,17380129,35,0,0,0,0,0,0,0,1,0,0,0,0,0,0,0,0,0,0,9774712,0,13994673,123860,0,0,0,0,0,0,0,0,16384,0,0,0,0,0,0,0,0,0,0,0,4960,342,0,0,0,0,0,26421539,0,9336,27,4632,340,4960,0,0,0,0,0,0,0,0,0,0,0,0,0,0,0,0,0,0,0,0,0,0,0,0,0,0,0,0,0,0,0,0,0,0,0,0,0,0,0,0,0,0,0,0,0,0,0,0,0,0,0,0,0,109936093,0,0,0,129771666,0,0,0,0,0,0,0,79377537,149193253,186275086,57125741568,46050109,0,0,0,0,0,0,0,0,0,0,0,0,0,0,0,0,0,0,0,0,0,0,0,0,0,0,0,0,0,0,0,12530766,0,0,0,0,0,0,0
1789580840.237,0,0,0,0,0,0,0,270174388,2442903068160,808544557056,0,0,0,0,0,0,0,0,0,0,0,0,0,0,0,0,0,0,0,0,0,0,0,0,0,0,0,0,0,0,0,0,0,0,0,0,0,0,0,0,0,0,0,0,0,0,0,0,0,0,0,0,0,0,0,0,0,0,461417,149292492,45262855,0,0,0,0,0,0,0,0,0,0,0,0,0,0,0,0,0,0,0,0,0,0,0,0,0,0,0,0,0,0,0,0,0,0,0,0,0,2143928320,798130176,130855,48714,0,217,131072,149128007,0,0,1365965713,2147483648,115252629,146598527,0,0,0,0,0,0,0,0,0,0,0,0,0,0,0,0,0,0,8690244,8690330,0,97,97,6265,329,17380580,35,0,0,0,0,0,0,0,1,0,0,0,0,0,0,0,0,0,0,9774971,0,13994673,123860,0,0,0,0,0,0,0,0,16384,0,0,0,0,0,0,0,0,0,0,0,4961,342,0,0,0,0,0,26422241,0,9336,27,4632,340,4961,0,0,0,0,0,0,0,0,0,0,0,0,0,0,0,0,0,0,0,0,0,0,0,0,0,0,0,0,0,0,0,0,0,0,0,0,0,0,0,0,0,0,0,0,0,0,0,0,0,0,0,0,0,109937311,0,0,0,129774889,0,0,0,0,0,0,0,79379563,149199308,186278719,57126438400,46050927,0,0,0,0,0,0,0,0,0,0,0,0,0,0,0,0,0,0,0,0,0,0,0,0,0,0,0,0,0,0,0,12530997,0,0,0,0,0,0,0
1789580841.264,0,0,0,0,0,0,0,270182554,2443004845568,808567907840,0,0,0,0,0,0,0,0,0,0,0,0,0,0,0,0,0,0,0,0,0,0,0,0,0,0,0,0,0,0,0,0,0,0,0,0,0,0,0,0,0,0,0,0,0,0,0,0,0,0,0,0,0,0,0,0,0,0,461427,149298714,45264199,0,0,0,0,0,0,0,0,0,0,0,0,0,0,0,0,0,0,0,0,0,0,0,0,0,0,0,0,0,0,0,0,0,0,0,0,0,2143649792,802144256,130838,48959,0,234,131072,149134228,0,0,1366008757,2147483648,115258798,146603227,0,0,0,0,0,0,0,0,0,0,0,0,0,0,0,0,0,0,8690542,8690620,0,97,97,6265,329,17381184,35,0,0,0,0,0,0,0,1,0,0,0,0,0,0,0,0,0,0,9775293,0,13994673,123860,0,0,0,0,0,0,0,0,16384,0,0,0,0,0,0,0,0,0,0,0,4962,342,0,0,0,0,0,26423107,0,9336,27,4632,340,4962,0,0,0,0,0,0,0,0,0,0,0,0,0,0,0,0,0,0,0,0,0,0,0,0,0,0,0,0,0,0,0,0,0,0,0,0,0,0,0,0,0,0,0,0,0,0,0,0,0,0,0,0,0,109938758,0,0,0,129779106,0,0,0,0,0,0,0,79381849,149205529,186282872,57127285248,46051861,0,0,0,0,0,0,0,0,0,0,0,0,0,0,0,0,0,0,0,0,0,0,0,0,0,0,0,0,0,0,0,12531282,0,0,0,0,0,0,0
1789580842.289,0,0,0,0,0,0,0,270190442,2443106328064,808591537152,0,0,0,0,0,0,0,0,0,0,0,0,0,0,0,0,0,0,0,0,0,0,0,0,0,0,0,0,0,0,0,0,0,0,0,0,0,0,0,0,0,0,0,0,0,0,0,0,0,0,0,0,0,0,0,0,0,0,461439,149304928,45265589,0,0,0,0,0,0,0,0,0,0,0,0,0,0,0,0,0,0,0,0,0,0,0,0,0,0,0,0,0,0,0,0,0,0,0,0,0,2143420416,800522240,130824,48860,0,248,131072,149140438,0,0,1366049494,2147483648,115264958,146607018,0,0,0,0,0,0,0,0,0,0,0,0,0,0,0,0,0,0,8690782,8690864,0,97,97,6265,329,17381664,35,0,0,0,0,0,0,0,1,0,0,0,0,0,0,0,0,0,0,9775567,0,13994673,123860,0,0,0,0,0,0,0,0,16384,0,0,0,0,0,0,0,0,0,0,0,4963,342,0,0,0,0,0,26423844,0,9336,27,4632,340,4963,0,0,0,0,0,0,0,0,0,0,0,0,0,0,0,0,0,0,0,0,0,0,0,0,0,0,0,0,0,0,0,0,0,0,0,0,0,0,0,0,0,0,0,0,0,0,0,0,0,0,0,0,0,109940051,0,0,0,129782472,0,0,0,0,0,0,0,79384067,149211737,186286926,57128018432,46052698,0,0,0,0,0,0,0,0,0,0,0,0,0,0,0,0,0,0,0,0,0,0,0,0,0,0,0,0,0,0,0,12531526,0,0,0,0,0,0,0
1789580843.315,0,0,0,0,0,0,0,270198319,2443204320768,808613505536,0,0,0,0,0,0,0,0,0,0,0,0,0,0,0,0,0,0,0,0,0,0,0,0,0,0,0,0,0,0,0,0,0,0,0,0,0,0,0,0,0,0,0,0,0,0,0,0,0,0,0,0,0,0,0,0,0,0,461450,149310914,45266871,0,0,0,0,0,0,0,0,0,0,0,0,0,0,0,0,0,0,0,0,0,0,0,0,0,0,0,0,0,0,0,0,0,0,0,0,0,2143682560,804290560,130840,49090,0,232,131072,149146418,0,0,1366091120,2147483648,115270886,146611475,0,0,0,0,0,0,0,0,0,0,0,0,0,0,0,0,0,0,8691061,8691132,0,97,97,6265,329,17382236,35,0,0,0,0,0,0,0,1,0,0,0,0,0,0,0,0,0,0,9775868,0,13994673,123860,0,0,0,0,0,0,0,0,16384,0,0,0,0,0,0,0,0,0,0,0,4964,342,0,0,0,0,0,26424649,0,9336,27,4632,340,4964,0,0,0,0,0,0,0,0,0,0,0,0,0,0,0,0,0,0,0,0,0,0,0,0,0,0,0,0,0,0,0,0,0,0,0,0,0,0,0,0,0,0,0,0,0,0,0,0,0,0,0,0,0,109941428,0,0,0,129786490,0,0,0,0,0,0,0,79386245,149217719,186290843,57128824320,46053606,0,0,0,0,0,0,0,0,0,0,0,0,0,0,0,0,0,0,0,0,0,0,0,0,0,0,0,0,0,0,0,12531792,0,0,0,0,0,0,0
1789580844.341,0,0,0,0,0,0,0,270205732,2443299151360,808635718144,0,0,0,0,0,0,0,0,0,0,0,0,0,0,0,0,0,0,0,0,0,0,0,0,0,0,0,0,0,0,0,0,0,0,0,0,0,0,0,0,0,0,0,0,0,0,0,0,0,0,0,0,0,0,0,0,0,0,461460,149316705,45268150,0,0,0,0,0,0,0,0,0,0,0,0,0,0,0,0,0,0,0,0,0,0,0,0,0,0,0,0,0,0,0,0,0,0,0,0,0,2143748096,803930112,130844,49068,0,228,131072,149152201,0,0,1366128933,2147483648,115276610,146615303,0,0,0,0,0,0,0,0,0,0,0,0,0,0,0,0,0,0,8691313,8691394,0,97,97,6265,329,17382701,35,0,0,0,0,0,0,0,1,0,0,0,0,0,0,0,0,0,0,9776160,0,13994673,123860,0,0,0,0,0,0,0,0,16384,0,0,0,0,0,0,0,0,0,0,0,4965,342,0,0,0,0,0,26425445,0,9336,27,4632,340,4965,0,0,0,0,0,0,0,0,0,0,0,0,0,0,0,0,0,0,0,0,0,0,0,0,0,0,0,0,0,0,0,0,0,0,0,0,0,0,0,0,0,0,0,0,0,0,0,0,0,0,0,0,0,109942706,0,0,0,129789872,0,0,0,0,0,0,0,79388385,149223518,186294708,57129558016,46054452,0,0,0,0,0,0,0,0,0,0,0,0,0,0,0,0,0,0,0,0,0,0,0,0,0,0,0,0,0,0,0,12532053,0,0,0,0,0,0,0
1789580845.368,0,0,0,0,0,0,0,270213488,2443397832192,808657571840,0,0,0,0,0,0,0,0,0,0,0,0,0,0,0,0,0,0,0,0,0,0,0,0,0,0,0,0,0,0,0,0,0,0,0,0,0,0,0,0,0,0,0,0,0,0,0,0,0,0,0,0,0,0,0,0,0,0,461467,149322730,45269428,0,0,0,0,0,0,0,0,0,0,0,0,0,0,0,0,0,0,0,0,0,0,0,0,0,0,0,0,0,0,0,0,0,0,0,0,0,2143944704,805814272,130856,49183,0,216,131072,149158227,0,0,1366170454,2147483648,115282559,146619242,0,0,0,0,0,0,0,0,0,0,0,0,0,0,0,0,0,0,8691549,8691626,0,97,97,6265,329,17383228,35,0,0,0,0,0,0,0,1,0,0,0,0,0,0,0,0,0,0,9776413,0,13994673,123860,0,0,0,0,0,0,0,0,16384,0,0,0,0,0,0,0,0,0,0,0,4966,342,0,0,0,0,0,26426119,0,9336,27,4632,340,4966,0,0,0,0,0,0,0,0,0,0,0,0,0,0,0,0,0,0,0,0,0,0,0,0,0,0,0,0,0,0,0,0,0,0,0,0,0,0,0,0,0,0,0,0,0,0,0,0,0,0,0,0,0,109943953,0,0,0,129793459,0,0,0,0,0,0,0,79390484,149229541,186298495,57130277376,46055279,0,0,0,0,0,0,0,0,0,0,0,0,0,0,0,0,0,0,0,0,0,0,0,0,0,0,0,0,0,0,0,12532275,0,0,0,0,0,0,0
1789580846.394,0,0,0,0,0,0,0,270220788,2443490680320,808679829504,0,0,0,0,0,0,0,0,0,0,0,0,0,0,0,0,0,0,0,0,0,0,0,0,0,0,0,0,0,0,0,0,0,0,0,0,0,0,0,0,0,0,0,0,0,0,0,0,0,0,0,0,0,0,0,0,0,0,461474,149328419,45270695,0,0,0,0,0,0,0,0,0,0,0,0,0,0,0,0,0,0,0,0,0,0,0,0,0,0,0,0,0,0,0,0,0,0,0,0,0,2143780864,808091648,130846,49322,0,226,131072,149163914,0,0,1366207908,2147483648,115288191,146623466,0,0,0,0,0,0,0,0,0,0,0,0,0,0,0,0,0,0,8691831,8691909,0,97,97,6265,329,17383741,35,0,0,0,0,0,0,0,1,0,0,0,0,0,0,0,0,0,0,9776736,0,13994673,123860,0,0,0,0,0,0,0,0,16384,0,0,0,0,0,0,0,0,0,0,0,4967,342,0,0,0,0,0,26427001,0,9336,27,4632,340,4967,0,0,0,0,0,0,0,0,0,0,0,0,0,0,0,0,0,0,0,0,0,0,0,0,0,0,0,0,0,0,0,0,0,0,0,0,0,0,0,0,0,0,0,0,0,0,0,0,0,0,0,0,0,109945313,0,0,0,129797190,0,0,0,0,0,0,0,79392652,149235215,186302435,57131058176,46056157,0,0,0,0,0,0,0,0,0,0,0,0,0,0,0,0,0,0,0,0,0,0,0,0,0,0,0,0,0,0,0,12532564,0,0,0,0,0,0,0
1789580847.420,0,0,0,0,0,0,0,270227652,2443578793472,808700529152,0,0,0,0,0,0,0,0,0,0,0,0,0,0,0,0,0,0,0,0,0,0,0,0,0,0,0,0,0,0,0,0,0,0,0,0,0,0,0,0,0,0,0,0,0,0,0,0,0,0,0,0,0,0,0,0,0,0,461482,149333802,45271916,0,0,0,0,0,0,0,0,0,0,0,0,0,0,0,0,0,0,0,0,0,0,0,0,0,0,0,0,0,0,0,0,0,0,0,0,0,2143731712,806191104,130843,49206,0,229,131072,149169292,0,0,1366243777,2147483648,115293520,146626724,0,0,0,0,0,0,0,0,0,0,0,0,0,0,0,0,0,0,8692025,8692105,0,97,97,6265,329,17384151,35,0,0,0,0,0,0,0,1,0,0,0,0,0,0,0,0,0,0,9776974,0,13994673,123860,0,0,0,0,0,0,0,0,16384,0,0,0,0,0,0,0,0,0,0,0,4968,342,0,0,0,0,0,26427649,0,9336,27,4632,340,4968,0,0,0,0,0,0,0,0,0,0,0,0,0,0,0,0,0,0,0,0,0,0,0,0,0,0,0,0,0,0,0,0,0,0,0,0,0,0,0,0,0,0,0,0,0,0,0,0,0,0,0,0,0,109946446,0,0,0,129800095,0,0,0,0,0,0,0,79394619,149240600,186305988,57131692032,46056914,0,0,0,0,0,0,0,0,0,0,0,0,0,0,0,0,0,0,0,0,0,0,0,0,0,0,0,0,0,0,0,12532777,0,0,0,0,0,0,0
1789580848.446,0,0,0,0,0,0,0,270234500,2443664121344,808718429696,0,0,0,0,0,0,0,0,0,0,0,0,0,0,0,0,0,0,0,0,0,0,0,0,0,0,0,0,0,0,0,0,0,0,0,0,0,0,0,0,0,0,0,0,0,0,0,0,0,0,0,0,0,0,0,0,0,0,461488,149339019,45272947,0,0,0,0,0,0,0,0,0,0,0,0,0,0,0,0,0,0,0,0,0,0,0,0,0,0,0,0,0,0,0,0,0,0,0,0,0,2143338496,809484288,130819,49407,0,253,131072,149174508,0,0,1366279706,2147483648,115298720,146630580,0,0,0,0,0,0,0,0,0,0,0,0,0,0,0,0,0,0,8692272,8692347,0,97,97,6265,329,17384636,35,0,0,0,0,0,0,0,1,0,0,0,0,0,0,0,0,0,0,9777245,0,13994673,123860,0,0,0,0,0,0,0,0,16384,0,0,0,0,0,0,0,0,0,0,0,4969,342,0,0,0,0,0,26428383,0,9336,27,4632,340,4969,0,0,0,0,0,0,0,0,0,0,0,0,0,0,0,0,0,0,0,0,0,0,0,0,0,0,0,0,0,0,0,0,0,0,0,0,0,0,0,0,0,0,0,0,0,0,0,0,0,0,0,0,0,109947710,0,0,0,129803548,0,0,0,0,0,0,0,79396472,149245814,186309311,57132413440,46057737,0,0,0,0,0,0,0,0,0,0,0,0,0,0,0,0,0,0,0,0,0,0,0,0,0,0,0,0,0,0,0,12533018,0,0,0,0,0,0,0
1789580849.472,0,0,0,0,0,0,0,270241201,2443749170688,808739620864,0,0,0,0,0,0,0,0,0,0,0,0,0,0,0,0,0,0,0,0,0,0,0,0,0,0,0,0,0,0,0,0,0,0,0,0,0,0,0,0,0,0,0,0,0,0,0,0,0,0,0,0,0,0,0,0,0,0,461499,149344224,45274185,0,0,0,0,0,0,0,0,0,0,0,0,0,0,0,0,0,0,0,0,0,0,0,0,0,0,0,0,0,0,0,0,0,0,0,0,0,2142912512,807288832,130793,49273,0,279,131072,149179712,0,0,1366314447,2147483648,115303904,146633909,0,0,0,0,0,0,0,0,0,0,0,0,0,0,0,0,0,0,8692468,8692547,0,97,97,6265,329,17385071,35,0,0,0,0,0,0,0,1,0,0,0,0,0,0,0,0,0,0,9777485,0,13994673,123860,0,0,0,0,0,0,0,0,16384,0,0,0,0,0,0,0,0,0,0,0,4970,342,0,0,0,0,0,26429032,0,9336,27,4632,340,4970,0,0,0,0,0,0,0,0,0,0,0,0,0,0,0,0,0,0,0,0,0,0,0,0,0,0,0,0,0,0,0,0,0,0,0,0,0,0,0,0,0,0,0,0,0,0,0,0,0,0,0,0,0,109948851,0,0,0,129806472,0,0,0,0,0,0,0,79398466,149251015,186312930,57133057024,46058492,0,0,0,0,0,0,0,0,0,0,0,0,0,0,0,0,0,0,0,0,0,0,0,0,0,0,0,0,0,0,0,12533232,0,0,0,0,0,0,0
1789580850.498,0,0,0,0,0,0,0,270247523,2443829485056,808758307840,0,0,0,0,0,0,0,0,0,0,0,0,0,0,0,0,0,0,0,0,0,0,0,0,0,0,0,0,0,0,0,0,0,0,0,0,0,0,0,0,0,0,0,0,0,0,0,0,0,0,0,0,0,0,0,0,0,0,461501,149349133,45275271,0,0,0,0,0,0,0,0,0,0,0,0,0,0,0,0,0,0,0,0,0,0,0,0,0,0,0,0,0,0,0,0,0,0,0,0,0,2143256576,807976960,130814,49315,0,258,131072,149184620,0,0,1366347642,2147483648,115308735,146637258,0,0,0,0,0,0,0,0,0,0,0,0,0,0,0,0,0,0,8692686,8692763,0,97,97,6265,329,17385493,35,0,0,0,0,0,0,0,1,0,0,0,0,0,0,0,0,0,0,9777729,0,13994673,123860,0,0,0,0,0,0,0,0,16384,0,0,0,0,0,0,0,0,0,0,0,4971,342,0,0,0,0,0,26429695,0,9336,27,4632,340,4971,0,0,0,0,0,0,0,0,0,0,0,0,0,0,0,0,0,0,0,0,0,0,0,0,0,0,0,0,0,0,0,0,0,0,0,0,0,0,0,0,0,0,0,0,0,0,0,0,0,0,0,0,0,109950025,0,0,0,129809496,0,0,0,0,0,0,0,79400331,149255927,186316276,57133719040,46059272,0,0,0,0,0,0,0,0,0,0,0,0,0,0,0,0,0,0,0,0,0,0,0,0,0,0,0,0,0,0,0,12533449,0,0,0,0,0,0,0
1789580851.524,0,0,0,0,0,0,0,270254047,2443912207872,808775693824,0,0,0,0,0,0,0,0,0,0,0,0,0,0,0,0,0,0,0,0,0,0,0,0,0,0,0,0,0,0,0,0,0,0,0,0,0,0,0,0,0,0,0,0,0,0,0,0,0,0,0,0,0,0,0,0,0,0,461504,149354190,45276288,0,0,0,0,0,0,0,0,0,0,0,0,0,0,0,0,0,0,0,0,0,0,0,0,0,0,0,0,0,0,0,0,0,0,0,0,0,2143207424,809631744,130811,49416,0,261,131072,149189673,0,0,1366381458,2147483648,115313715,146640652,0,0,0,0,0,0,0,0,0,0,0,0,0,0,0,0,0,0,8692904,8692979,0,97,97,6265,329,17385922,35,0,0,0,0,0,0,0,1,0,0,0,0,0,0,0,0,0,0,9777973,0,13994673,123860,0,0,0,0,0,0,0,0,16384,0,0,0,0,0,0,0,0,0,0,0,4972,342,0,0,0,0,0,26430351,0,9336,27,4632,340,4972,0,0,0,0,0,0,0,0,0,0,0,0,0,0,0,0,0,0,0,0,0,0,0,0,0,0,0,0,0,0,0,0,0,0,0,0,0,0,0,0,0,0,0,0,0,0,0,0,0,0,0,0,0,109951199,0,0,0,129812530,0,0,0,0,0,0,0,79402106,149260978,186319457,57134383616,46060042,0,0,0,0,0,0,0,0,0,0,0,0,0,0,0,0,0,0,0,0,0,0,0,0,0,0,0,0,0,0,0,12533666,0,0,0,0,0,0,0
1789580852.550,0,0,0,0,0,0,0,270260057,2443988819456,808796349952,0,0,0,0,0,0,0,0,0,0,0,0,0,0,0,0,0,0,0,0,0,0,0,0,0,0,0,0,0,0,0,0,0,0,0,0,0,0,0,0,0,0,0,0,0,0,0,0,0,0,0,0,0,0,0,0,0,0,461507,149358878,45277470,0,0,0,0,0,0,0,0,0,0,0,0,0,0,0,0,0,0,0,0,0,0,0,0,0,0,0,0,0,0,0,0,0,0,0,0,0,2143207424,807305216,130811,49274,0,261,131072,149194360,0,0,1366413129,2147483648,115318344,146643787,0,0,0,0,0,0,0,0,0,0,0,0,0,0,0,0,0,0,8693105,8693179,0,97,97,6265,329,17386315,35,0,0,0,0,0,0,0,1,0,0,0,0,0,0,0,0,0,0,9778199,0,13994673,123860,0,0,0,0,0,0,0,0,16384,0,0,0,0,0,0,0,0,0,0,0,4973,342,0,0,0,0,0,26430964,0,9336,27,4632,340,4973,0,0,0,0,0,0,0,0,0,0,0,0,0,0,0,0,0,0,0,0,0,0,0,0,0,0,0,0,0,0,0,0,0,0,0,0,0,0,0,0,0,0,0,0,0,0,0,0,0,0,0,0,0,109952314,0,0,0,129815340,0,0,0,0,0,0,0,79404052,149265664,186322988,57135006720,46060781,0,0,0,0,0,0,0,0,0,0,0,0,0,0,0,0,0,0,0,0,0,0,0,0,0,0,0,0,0,0,0,12533867,0,0,0,0,0,0,0
1789580853.574,0,0,0,0,0,0,0,270266453,2444070067712,808813817856,0,0,0,0,0,0,0,0,0,0,0,0,0,0,0,0,0,0,0,0,0,0,0,0,0,0,0,0,0,0,0,0,0,0,0,0,0,0,0,0,0,0,0,0,0,0,0,0,0,0,0,0,0,0,0,0,0,0,461509,149363845,45278507,0,0,0,0,0,0,0,0,0,0,0,0,0,0,0,0,0,0,0,0,0,0,0,0,0,0,0,0,0,0,0,0,0,0,0,0,0,2143109120,809222144,130805,49391,0,266,131072,149199326,0,0,1366446463,2147483648,115323274,146647268,0,0,0,0,0,0,0,0,0,0,0,0,0,0,0,0,0,0,8693332,8693402,0,97,97,6265,329,17386761,35,0,0,0,0,0,0,0,1,0,0,0,0,0,0,0,0,0,0,9778451,0,13994673,123860,0,0,0,0,0,0,0,0,16384,0,0,0,0,0,0,0,0,0,0,0,4974,342,0,0,0,0,0,26431647,0,9336,27,4632,340,4974,0,0,0,0,0,0,0,0,0,0,0,0,0,0,0,0,0,0,0,0,0,0,0,0,0,0,0,0,0,0,0,0,0,0,0,0,0,0,0,0,0,0,0,0,0,0,0,0,0,0,0,0,0,109953502,0,0,0,129818480,0,0,0,0,0,0,0,79405848,149270630,186326194,57135678464,46061567,0,0,0,0,0,0,0,0,0,0,0,0,0,0,0,0,0,0,0,0,0,0,0,0,0,0,0,0,0,0,0,12534091,0,0,0,0,0,0,0
1789580854.601,0,0,0,0,0,0,0,270272813,2444151725568,808832067072,0,0,0,0,0,0,0,0,0,0,0,0,0,0,0,0,0,0,0,0,0,0,0,0,0,0,0,0,0,0,0,0,0,0,0,0,0,0,0,0,0,0,0,0,0,0,0,0,0,0,0,0,0,0,0,0,0,0,461510,149368835,45279553,0,0,0,0,0,0,0,0,0,0,0,0,0,0,0,0,0,0,0,0,0,0,0,0,0,0,0,0,0,0,0,0,0,0,0,0,0,2143338496,810024960,130819,49440,0,253,131072,149204312,0,0,1366479724,2147483648,115328199,146650489,0,0,0,0,0,0,0,0,0,0,0,0,0,0,0,0,0,0,8693536,8693613,0,97,97,6265,329,17387168,35,0,0,0,0,0,0,0,1,0,0,0,0,0,0,0,0,0,0,9778687,0,13994673,123860,0,0,0,0,0,0,0,0,16384,0,0,0,0,0,0,0,0,0,0,0,4975,342,0,0,0,0,0,26432294,0,9336,27,4632,340,4975,0,0,0,0,0,0,0,0,0,0,0,0,0,0,0,0,0,0,0,0,0,0,0,0,0,0,0,0,0,0,0,0,0,0,0,0,0,0,0,0,0,0,0,0,0,0,0,0,0,0,0,0,0,109954639,0,0,0,129821363,0,0,0,0,0,0,0,79407669,149275621,186329446,57136322560,46062329,0,0,0,0,0,0,0,0,0,0,0,0,0,0,0,0,0,0,0,0,0,0,0,0,0,0,0,0,0,0,0,12534302,0,0,0,0,0,0,0
1789580855.626,0,0,0,0,0,0,0,270278911,2444230008320,808853196288,0,0,0,0,0,0,0,0,0,0,0,0,0,0,0,0,0,0,0,0,0,0,0,0,0,0,0,0,0,0,0,0,0,0,0,0,0,0,0,0,0,0,0,0,0,0,0,0,0,0,0,0,0,0,0,0,0,0,461512,149373626,45280776,0,0,0,0,0,0,0,0,0,0,0,0,0,0,0,0,0,0,0,0,0,0,0,0,0,0,0,0,0,0,0,0,0,0,0,0,0,2143174656,807682048,130809,49297,0,263,131072,149209103,0,0,1366511818,2147483648,115332949,146653682,0,0,0,0,0,0,0,0,0,0,0,0,0,0,0,0,0,0,8693749,8693821,0,97,97,6265,329,17387578,35,0,0,0,0,0,0,0,1,0,0,0,0,0,0,0,0,0,0,9778917,0,13994673,123860,0,0,0,0,0,0,0,0,16384,0,0,0,0,0,0,0,0,0,0,0,4976,342,0,0,0,0,0,26432913,0,9336,27,4632,340,4976,0,0,0,0,0,0,0,0,0,0,0,0,0,0,0,0,0,0,0,0,0,0,0,0,0,0,0,0,0,0,0,0,0,0,0,0,0,0,0,0,0,0,0,0,0,0,0,0,0,0,0,0,0,109955791,0,0,0,129824261,0,0,0,0,0,0,0,79409670,149280406,186333068,57136970240,46063095,1,0,0,0,0,0,0,0,0,0,0,0,0,0,0,0,0,0,0,0,0,0,0,0,0,0,0,0,0,0,0,12534506,0,0,0,0,0,0,0
1789580856.651,0,0,0,0,0,0,0,270284801,2444306062848,808868737024,0,0,0,0,0,0,0,0,0,0,0,0,0,0,0,0,0,0,0,0,0,0,0,0,0,0,0,0,0,0,0,0,0,0,0,0,0,0,0,0,0,0,0,0,0,0,0,0,0,0,0,0,0,0,0,0,0,0,461513,149378278,45281689,0,0,0,0,0,0,0,0,0,0,0,0,0,0,0,0,0,0,0,0,0,0,0,0,0,0,0,0,0,0,0,0,0,0,0,0,0,2143338496,809746432,130819,49423,0,253,131072,149213753,0,0,1366542483,2147483648,115337547,146656690,0,0,0,0,0,0,0,0,0,0,0,0,0,0,0,0,0,0,8693930,8694008,0,97,97,6265,329,17387984,35,0,0,0,0,0,0,0,1,0,0,0,0,0,0,0,0,0,0,9779128,0,13994673,123860,0,0,0,0,0,0,0,0,16384,0,0,0,0,0,0,0,0,0,0,0,4977,342,0,0,0,0,0,26433482,0,9336,27,4632,340,4977,0,0,0,0,0,0,0,0,0,0,0,0,0,0,0,0,0,0,0,0,0,0,0,0,0,0,0,0,0,0,0,0,0,0,0,0,0,0,0,0,0,0,0,0,0,0,0,0,0,0,0,0,0,109956911,0,0,0,129826999,0,0,0,0,0,0,0,79411307,149285056,186335981,57137586176,46063835,0,0,0,0,0,0,0,0,0,0,0,0,0,0,0,0,0,0,0,0,0,0,0,0,0,0,0,0,0,0,0,12534692,0,0,0,0,0,0,0
1789580857.677,0,0,0,0,0,0,0,270290950,2444384050688,808886231552,0,0,0,0,0,0,0,0,0,0,0,0,0,0,0,0,0,0,0,0,0,0,0,0,0,0,0,0,0,0,0,0,0,0,0,0,0,0,0,0,0,0,0,0,0,0,0,0,0,0,0,0,0,0,0,0,0,0,461515,149383047,45282695,0,0,0,0,0,0,0,0,0,0,0,0,0,0,0,0,0,0,0,0,0,0,0,0,0,0,0,0,0,0,0,0,0,0,0,0,0,2143272960,810975232,130815,49498,0,257,131072,149218521,0,0,1366574588,2147483648,115342259,146659877,0,0,0,0,0,0,0,0,0,0,0,0,0,0,0,0,0,0,8694135,8694208,0,97,97,6265,329,17388395,35,0,0,0,0,0,0,0,1,0,0,0,0,0,0,0,0,0,0,9779353,0,13994673,123860,0,0,0,0,0,0,0,0,16384,0,0,0,0,0,0,0,0,0,0,0,4978,342,0,0,0,0,0,26434097,0,9336,27,4632,340,4978,0,0,0,0,0,0,0,0,0,0,0,0,0,0,0,0,0,0,0,0,0,0,0,0,0,0,0,0,0,0,0,0,0,0,0,0,0,0,0,0,0,0,0,0,0,0,0,0,0,0,0,0,0,109958044,0,0,0,129829871,0,0,0,0,0,0,0,79413083,149289822,186339141,57138225664,46064597,0,0,0,0,0,0,0,0,0,0,0,0,0,0,0,0,0,0,0,0,0,0,0,0,0,0,0,0,0,0,0,12534892,0,0,0,0,0,0,0
1789580858.702,0,0,0,0,0,0,0,270296938,2444459826688,808904058880,0,0,0,0,0,0,0,0,0,0,0,0,0,0,0,0,0,0,0,0,0,0,0,0,0,0,0,0,0,0,0,0,0,0,0,0,0,0,0,0,0,0,0,0,0,0,0,0,0,0,0,0,0,0,0,0,0,0,461518,149387674,45283742,0,0,0,0,0,0,0,0,0,0,0,0,0,0,0,0,0,0,0,0,0,0,0,0,0,0,0,0,0,0,0,0,0,0,0,0,0,2143109120,811139072,130805,49508,0,267,131072,149223147,0,0,1366605990,2147483648,115346844,146663055,0,0,0,0,0,0,0,0,0,0,0,0,0,0,0,0,0,0,8694333,8694412,0,97,97,6265,329,17388801,35,0,0,0,0,0,0,0,1,0,0,0,0,0,0,0,0,0,0,9779583,0,13994673,123860,0,0,0,0,0,0,0,0,16384,0,0,0,0,0,0,0,0,0,0,0,4979,342,0,0,0,0,0,26434719,0,9336,27,4632,340,4979,0,0,0,0,0,0,0,0,0,0,0,0,0,0,0,0,0,0,0,0,0,0,0,0,0,0,0,0,0,0,0,0,0,0,0,0,0,0,0,0,0,0,0,0,0,0,0,0,0,0,0,0,0,109959156,0,0,0,129832742,0,0,0,0,0,0,0,79414865,149294453,186342324,57138851840,46065344,0,0,0,0,0,0,0,0,0,0,0,0,0,0,0,0,0,0,0,0,0,0,0,0,0,0,0,0,0,0,0,12535097,0,0,0,0,0,0,0
1789580859.728,0,0,0,0,0,0,0,270303143,2444538748416,808920958464,0,0,0,0,0,0,0,0,0,0,0,0,0,0,0,0,0,0,0,0,0,0,0,0,0,0,0,0,0,0,0,0,0,0,0,0,0,0,0,0,0,0,0,0,0,0,0,0,0,0,0,0,0,0,0,0,0,0,461521,149392499,45284715,0,0,0,0,0,0,0,0,0,0,0,0,0,0,0,0,0,0,0,0,0,0,0,0,0,0,0,0,0,0,0,0,0,0,0,0,0,2143305728,812613632,130817,49598,0,255,131072,149227966,0,0,1366638043,2147483648,115351600,146666269,0,0,0,0,0,0,0,0,0,0,0,0,0,0,0,0,0,0,8694545,8694622,0,97,97,6265,329,17389202,35,0,0,0,0,0,0,0,1,0,0,0,0,0,0,0,0,0,0,9779821,0,13994673,123860,0,0,0,0,0,0,0,0,16384,0,0,0,0,0,0,0,0,0,0,0,4980,342,0,0,0,0,0,26435363,0,9336,27,4632,340,4980,0,0,0,0,0,0,0,0,0,0,0,0,0,0,0,0,0,0,0,0,0,0,0,0,0,0,0,0,0,0,0,0,0,0,0,0,0,0,0,0,0,0,0,0,0,0,0,0,0,0,0,0,0,109960282,0,0,0,129835620,0,0,0,0,0,0,0,79416598,149299274,186345404,57139487232,46066099,0,0,0,0,0,0,0,0,0,0,0,0,0,0,0,0,0,0,0,0,0,0,0,0,0,0,0,0,0,0,0,12535309,0,0,0,0,0,0,0
1789580860.754,0,0,0,0,0,0,0,270309107,2444614737408,808938816000,0,0,0,0,0,0,0,0,0,0,0,0,0,0,0,0,0,0,0,0,0,0,0,0,0,0,0,0,0,0,0,0,0,0,0,0,0,0,0,0,0,0,0,0,0,0,0,0,0,0,0,0,0,0,0,0,0,0,461521,149397145,45285756,0,0,0,0,0,0,0,0,0,0,0,0,0,0,0,0,0,0,0,0,0,0,0,0,0,0,0,0,0,0,0,0,0,0,0,0,0,2143109120,812220416,130805,49574,0,267,131072,149232613,0,0,1366669454,2147483648,115356200,146669226,0,0,0,0,0,0,0,0,0,0,0,0,0,0,0,0,0,0,8694736,8694811,0,97,97,6265,329,17389573,35,0,0,0,0,0,0,0,1,0,0,0,0,0,0,0,0,0,0,9780031,0,13994673,123860,0,0,0,0,0,0,0,0,16384,0,0,0,0,0,0,0,0,0,0,0,4981,342,0,0,0,0,0,26435930,0,9336,27,4632,340,4981,0,0,0,0,0,0,0,0,0,0,0,0,0,0,0,0,0,0,0,0,0,0,0,0,0,0,0,0,0,0,0,0,0,0,0,0,0,0,0,0,0,0,0,0,0,0,0,0,0,0,0,0,0,109961370,0,0,0,129838312,0,0,0,0,0,0,0,79418363,149303914,186348569,57140093440,46066825,0,0,0,0,0,0,0,0,0,0,0,0,0,0,0,0,0,0,0,0,0,0,0,0,0,0,0,0,0,0,0,12535496,0,0,0,0,0,0,0
1789580861.780,0,0,0,0,0,0,0,270315033,2444690660864,808956040192,0,0,0,0,0,0,0,0,0,0,0,0,0,0,0,0,0,0,0,0,0,0,0,0,0,0,0,0,0,0,0,0,0,0,0,0,0,0,0,0,0,0,0,0,0,0,0,0,0,0,0,0,0,0,0,0,0,0,461522,149401779,45286744,0,0,0,0,0,0,0,0,0,0,0,0,0,0,0,0,0,0,0,0,0,0,0,0,0,0,0,0,0,0,0,0,0,0,0,0,0,2143223808,813629440,130812,49660,0,260,131072,149237246,0,0,1366700724,2147483648,115360780,146672395,0,0,0,0,0,0,0,0,0,0,0,0,0,0,0,0,0,0,8694935,8695013,0,97,97,6265,329,17389995,35,0,0,0,0,0,0,0,1,0,0,0,0,0,0,0,0,0,0,9780258,0,13994673,123860,0,0,0,0,0,0,0,0,16384,0,0,0,0,0,0,0,0,0,0,0,4982,342,0,0,0,0,0,26436545,0,9336,27,4632,340,4982,0,0,0,0,0,0,0,0,0,0,0,0,0,0,0,0,0,0,0,0,0,0,0,0,0,0,0,0,0,0,0,0,0,0,0,0,0,0,0,0,0,0,0,0,0,0,0,0,0,0,0,0,0,109962527,0,0,0,129841176,0,0,0,0,0,0,0,79420149,149308550,186351723,57140733440,46067612,0,0,0,0,0,0,0,0,0,0,0,0,0,0,0,0,0,0,0,0,0,0,0,0,0,0,0,0,0,0,0,12535697,0,0,0,0,0,0,0
1789580862.805,0,0,0,0,0,0,0,270321001,2444766666240,808973065728,0,0,0,0,0,0,0,0,0,0,0,0,0,0,0,0,0,0,0,0,0,0,0,0,0,0,0,0,0,0,0,0,0,0,0,0,0,0,0,0,0,0,0,0,0,0,0,0,0,0,0,0,0,0,0,0,0,0,461529,149406420,45287737,0,0,0,0,0,0,0,0,0,0,0,0,0,0,0,0,0,0,0,0,0,0,0,0,0,0,0,0,0,0,0,0,0,0,0,0,0,2143027200,814940160,130800,49740,0,272,131072,149241887,0,0,1366731698,2147483648,115365392,146675630,0,0,0,0,0,0,0,0,0,0,0,0,0,0,0,0,0,0,8695137,8695214,0,97,97,6265,329,17390407,35,0,0,0,0,0,0,0,1,0,0,0,0,0,0,0,0,0,0,9780488,0,13994673,123860,0,0,0,0,0,0,0,0,16384,0,0,0,0,0,0,0,0,0,0,0,4983,342,0,0,0,0,0,26437160,0,9336,27,4632,340,4983,0,0,0,0,0,0,0,0,0,0,0,0,0,0,0,0,0,0,0,0,0,0,0,0,0,0,0,0,0,0,0,0,0,0,0,0,0,0,0,0,0,0,0,0,0,0,0,0,0,0,0,0,0,109963662,0,0,0,129844053,0,0,0,0,0,0,0,79421905,149313196,186354826,57141371392,46068383,0,0,0,0,0,0,0,0,0,0,0,0,0,0,0,0,0,0,0,0,0,0,0,0,0,0,0,0,0,0,0,12535901,0,0,0,0,0,0,0
1789580863.831,0,0,0,0,0,0,0,270326644,2444838739456,808990228992,0,0,0,0,0,0,0,0,0,0,0,0,0,0,0,0,0,0,0,0,0,0,0,0,0,0,0,0,0,0,0,0,0,0,0,0,0,0,0,0,0,0,0,0,0,0,0,0,0,0,0,0,0,0,0,0,0,0,461531,149410827,45288739,0,0,0,0,0,0,0,0,0,0,0,0,0,0,0,0,0,0,0,0,0,0,0,0,0,0,0,0,0,0,0,0,0,0,0,0,0,2143404032,813826048,130823,49672,0,249,131072,149246292,0,0,1366761071,2147483648,115369737,146678503,0,0,0,0,0,0,0,0,0,0,0,0,0,0,0,0,0,0,8695337,8695414,0,97,97,6265,329,17390749,35,0,0,0,0,0,0,0,1,0,0,0,0,0,0,0,0,0,0,9780707,0,13994673,123860,0,0,0,0,0,0,0,0,16384,0,0,0,0,0,0,0,0,0,0,0,4984,342,0,0,0,0,0,26437758,0,9336,27,4632,340,4984,0,0,0,0,0,0,0,0,0,0,0,0,0,0,0,0,0,0,0,0,0,0,0,0,0,0,0,0,0,0,0,0,0,0,0,0,0,0,0,0,0,0,0,0,0,0,0,0,0,0,0,0,0,109964688,0,0,0,129846617,0,0,0,0,0,0,0,79423601,149317595,186357850,57141950464,46069079,0,0,0,0,0,0,0,0,0,0,0,0,0,0,0,0,0,0,0,0,0,0,0,0,0,0,0,0,0,0,0,12536097,0,0,0,0,0,0,0
1789580864.857,0,0,0,0,0,0,0,270332638,2444915219968,809007431680,0,0,0,0,0,0,0,0,0,0,0,0,0,0,0,0,0,0,0,0,0,0,0,0,0,0,0,0,0,0,0,0,0,0,0,0,0,0,0,0,0,0,0,0,0,0,0,0,0,0,0,0,0,0,0,0,0,0,461533,149415506,45289742,0,0,0,0,0,0,0,0,0,0,0,0,0,0,0,0,0,0,0,0,0,0,0,0,0,0,0,0,0,0,0,0,0,0,0,0,0,2143305728,814153728,130817,49692,0,255,131072,149250968,0,0,1366792620,2147483648,115374373,146681477,0,0,0,0,0,0,0,0,0,0,0,0,0,0,0,0,0,0,8695517,8695589,0,97,97,6265,329,17391143,35,0,0,0,0,0,0,0,1,0,0,0,0,0,0,0,0,0,0,9780909,0,13994673,123860,0,0,0,0,0,0,0,0,16384,0,0,0,0,0,0,0,0,0,0,0,4985,342,0,0,0,0,0,26438301,0,9336,27,4632,340,4985,0,0,0,0,0,0,0,0,0,0,0,0,0,0,0,0,0,0,0,0,0,0,0,0,0,0,0,0,0,0,0,0,0,0,0,0,0,0,0,0,0,0,0,0,0,0,0,0,0,0,0,0,0,109965767,0,0,0,129849321,0,0,0,0,0,0,0,79425320,149322266,186360929,57142548992,46069798,0,0,0,0,0,0,0,0,0,0,0,0,0,0,0,0,0,0,0,0,0,0,0,0,0,0,0,0,0,0,0,12536276,0,0,0,0,0,0,0
1789580865.884,0,0,0,0,0,0,0,270338941,2444995272192,809025866240,0,0,0,0,0,0,0,0,0,0,0,0,0,0,0,0,0,0,0,0,0,0,0,0,0,0,0,0,0,0,0,0,0,0,0,0,0,0,0,0,0,0,0,0,0,0,0,0,0,0,0,0,0,0,0,0,0,0,461540,149420398,45290812,0,0,0,0,0,0,0,0,0,0,0,0,0,0,0,0,0,0,0,0,0,0,0,0,0,0,0,0,0,0,0,0,0,0,0,0,0,2143305728,815710208,130817,49787,0,255,131072,149255856,0,0,1366825631,2147483648,115379230,146685002,0,0,0,0,0,0,0,0,0,0,0,0,0,0,0,0,0,0,8695745,8695814,0,97,97,6265,329,17391591,35,0,0,0,0,0,0,0,1,0,0,0,0,0,0,0,0,0,0,9781162,0,13994673,123860,0,0,0,0,0,0,0,0,16384,0,0,0,0,0,0,0,0,0,0,0,4986,342,0,0,0,0,0,26438985,0,9336,27,4632,340,4986,0,0,0,0,0,0,0,0,0,0,0,0,0,0,0,0,0,0,0,0,0,0,0,0,0,0,0,0,0,0,0,0,0,0,0,0,0,0,0,0,0,0,0,0,0,0,0,0,0,0,0,0,0,109966960,0,0,0,129852461,0,0,0,0,0,0,0,79427190,149327159,186364255,57143231488,46070602,0,0,0,0,0,0,0,0,0,0,0,0,0,0,0,0,0,0,0,0,0,0,0,0,0,0,0,0,0,0,0,12536501,0,0,0,0,0,0,0
1789580866.910,0,0,0,0,0,0,0,270344978,2445072621056,809043683840,0,0,0,0,0,0,0,0,0,0,0,0,0,0,0,0,0,0,0,0,0,0,0,0,0,0,0,0,0,0,0,0,0,0,0,0,0,0,0,0,0,0,0,0,0,0,0,0,0,0,0,0,0,0,0,0,0,0,461549,149425125,45291848,0,0,0,0,0,0,0,0,0,0,0,0,0,0,0,0,0,0,0,0,0,0,0,0,0,0,0,0,0,0,0,0,0,0,0,0,0,2142912512,816054272,130793,49808,0,279,131072,149260583,0,0,1366857057,2147483648,115383932,146688138,0,0,0,0,0,0,0,0,0,0,0,0,0,0,0,0,0,0,8695935,8696012,0,97,97,6265,329,17391989,35,0,0,0,0,0,0,0,1,0,0,0,0,0,0,0,0,0,0,9781385,0,13994673,123860,0,0,0,0,0,0,0,0,16384,0,0,0,0,0,0,0,0,0,0,0,4987,342,0,0,0,0,0,26439586,0,9336,27,4632,340,4987,0,0,0,0,0,0,0,0,0,0,0,0,0,0,0,0,0,0,0,0,0,0,0,0,0,0,0,0,0,0,0,0,0,0,0,0,0,0,0,0,0,0,0,0,0,0,0,0,0,0,0,0,0,109968074,0,0,0,129855240,0,0,0,0,0,0,0,79428967,149331884,186367439,57143853568,46071344,0,0,0,0,0,0,0,0,0,0,0,0,0,0,0,0,0,0,0,0,0,0,0,0,0,0,0,0,0,0,0,12536699,0,0,0,0,0,0,0
1789580867.937,0,0,0,0,0,0,0,270350849,2445147348480,809060817920,0,0,0,0,0,0,0,0,0,0,0,0,0,0,0,0,0,0,0,0,0,0,0,0,0,0,0,0,0,0,0,0,0,0,0,0,0,0,0,0,0,0,0,0,0,0,0,0,0,0,0,0,0,0,0,0,0,0,461550,149429684,45292839,0,0,0,0,0,0,0,0,0,0,0,0,0,0,0,0,0,0,0,0,0,0,0,0,0,0,0,0,0,0,0,0,0,0,0,0,0,2143141888,816168960,130807,49815,0,265,131072,149265139,0,0,1366887919,2147483648,115388438,146691112,0,0,0,0,0,0,0,0,0,0,0,0,0,0,0,0,0,0,8696128,8696204,0,97,97,6265,329,17392362,35,0,0,0,0,0,0,0,1,0,0,0,0,0,0,0,0,0,0,9781600,0,13994673,123860,0,0,0,0,0,0,0,0,16384,0,0,0,0,0,0,0,0,0,0,0,4988,342,0,0,0,0,0,26440170,0,9336,27,4632,340,4988,0,0,0,0,0,0,0,0,0,0,0,0,0,0,0,0,0,0,0,0,0,0,0,0,0,0,0,0,0,0,0,0,0,0,0,0,0,0,0,0,0,0,0,0,0,0,0,0,0,0,0,0,0,109969146,0,0,0,129857934,0,0,0,0,0,0,0,79430678,149336449,186370506,57144452608,46072057,0,1,0,0,0,0,0,0,0,0,0,0,0,0,0,0,0,0,0,0,0,0,0,0,0,0,0,0,0,0,0,12536890,0,0,0,0,0,0,0
1789580868.963,0,0,0,0,0,0,0,270356709,2445221813760,809078162944,0,0,0,0,0,0,0,0,0,0,0,0,0,0,0,0,0,0,0,0,0,0,0,0,0,0,0,0,0,0,0,0,0,0,0,0,0,0,0,0,0,0,0,0,0,0,0,0,0,0,0,0,0,0,0,0,0,0,461553,149434239,45293833,0,0,0,0,0,0,0,0,0,0,0,0,0,0,0,0,0,0,0,0,0,0,0,0,0,0,0,0,0,0,0,0,0,0,0,0,0,2143322112,817266688,130818,49882,0,254,131072,149269690,0,0,1366918393,2147483648,115392939,146694298,0,0,0,0,0,0,0,0,0,0,0,0,0,0,0,0,0,0,8696330,8696409,0,97,97,6265,329,17392771,35,0,0,0,0,0,0,0,1,0,0,0,0,0,0,0,0,0,0,9781833,0,13994673,123860,0,0,0,0,0,0,0,0,16384,0,0,0,0,0,0,0,0,0,0,0,4990,342,0,0,0,0,0,26440802,0,9336,27,4632,340,4990,0,0,0,0,0,0,0,0,0,0,0,0,0,0,0,0,0,0,0,0,0,0,0,0,0,0,0,0,0,0,0,0,0,0,0,0,0,0,0,0,0,0,0,0,0,0,0,0,0,0,0,0,0,109970282,0,0,0,129860776,0,0,0,0,0,0,0,79432447,149340996,186373649,57145089024,46072823,0,0,0,0,0,0,0,0,0,0,0,0,0,0,0,0,0,0,0,0,0,0,0,0,0,0,0,0,0,0,0,12537098,0,0,0,0,0,0,0
1789580869.990,0,0,0,0,0,0,0,270362456,2445295017472,809094846464,0,0,0,0,0,0,0,0,0,0,0,0,0,0,0,0,0,0,0,0,0,0,0,0,0,0,0,0,0,0,0,0,0,0,0,0,0,0,0,0,0,0,0,0,0,0,0,0,0,0,0,0,0,0,0,0,0,0,461555,149438709,45294810,0,0,0,0,0,0,0,0,0,0,0,0,0,0,0,0,0,0,0,0,0,0,0,0,0,0,0,0,0,0,0,0,0,0,0,0,0,2143043584,817201152,130801,49878,0,271,131072,149274158,0,0,1366948391,2147483648,115397380,146697230,0,0,0,0,0,0,0,0,0,0,0,0,0,0,0,0,0,0,8696521,8696604,0,97,97,6265,329,17393145,35,0,0,0,0,0,0,0,1,0,0,0,0,0,0,0,0,0,0,9782048,0,13994673,123860,0,0,0,0,0,0,0,0,16384,0,0,0,0,0,0,0,0,0,0,0,4991,342,0,0,0,0,0,26441389,0,9336,27,4632,340,4991,0,0,0,0,0,0,0,0,0,0,0,0,0,0,0,0,0,0,0,0,0,0,0,0,0,0,0,0,0,0,0,0,0,0,0,0,0,0,0,0,0,0,0,0,0,0,0,0,0,0,0,0,0,109971349,0,0,0,129863416,0,0,0,0,0,0,0,79434137,149345468,186376652,57145684992,46073545,0,0,0,0,0,0,0,0,0,0,0,0,0,0,0,0,0,0,0,0,0,0,0,0,0,0,0,0,0,0,0,12537289,0,0,0,0,0,0,0
1789580871.016,0,0,0,0,0,0,0,270368265,2445369957888,809111149056,0,0,0,0,0,0,0,0,0,0,0,0,0,0,0,0,0,0,0,0,0,0,0,0,0,0,0,0,0,0,0,0,0,0,0,0,0,0,0,0,0,0,0,0,0,0,0,0,0,0,0,0,0,0,0,0,0,0,461559,149443288,45295757,0,0,0,0,0,0,0,0,0,0,0,0,0,0,0,0,0,0,0,0,0,0,0,0,0,0,0,0,0,0,0,0,0,0,0,0,0,2143272960,818593792,130815,49963,0,257,131072,149278734,0,0,1366978864,2147483648,115401920,146700216,0,0,0,0,0,0,0,0,0,0,0,0,0,0,0,0,0,0,8696709,8696778,0,97,97,6265,329,17393549,35,0,0,0,0,0,0,0,1,0,0,0,0,0,0,0,0,0,0,9782245,0,13994673,123860,0,0,0,0,0,0,0,0,16384,0,0,0,0,0,0,0,0,0,0,0,4992,342,0,0,0,0,0,26441916,0,9336,27,4632,340,4992,0,0,0,0,0,0,0,0,0,0,0,0,0,0,0,0,0,0,0,0,0,0,0,0,0,0,0,0,0,0,0,0,0,0,0,0,0,0,0,0,0,0,0,0,0,0,0,0,0,0,0,0,0,109972440,0,0,0,129866130,0,0,0,0,0,0,0,79435809,149350045,186379630,57146293248,46074273,0,0,0,0,0,0,0,0,0,0,0,0,0,0,0,0,0,0,0,0,0,0,0,0,0,0,0,0,0,0,0,12537462,0,0,0,0,0,0,0
1789580872.041,0,0,0,0,0,0,0,270374138,2445444963840,809128358912,0,0,0,0,0,0,0,0,0,0,0,0,0,0,0,0,0,0,0,0,0,0,0,0,0,0,0,0,0,0,0,0,0,0,0,0,0,0,0,0,0,0,0,0,0,0,0,0,0,0,0,0,0,0,0,0,0,0,461565,149447867,45296744,0,0,0,0,0,0,0,0,0,0,0,0,0,0,0,0,0,0,0,0,0,0,0,0,0,0,0,0,0,0,0,0,0,0,0,0,0,2143682560,818872320,130840,49980,0,232,131072,149283310,0,0,1367009719,2147483648,115406436,146703294,0,0,0,0,0,0,0,0,0,0,0,0,0,0,0,0,0,0,8696907,8696980,0,97,97,6265,329,17393921,35,0,0,0,0,0,0,0,1,0,0,0,0,0,0,0,0,0,0,9782475,0,13994673,123860,0,0,0,0,0,0,0,0,16384,0,0,0,0,0,0,0,0,0,0,0,4993,342,0,0,0,0,0,26442540,0,9336,27,4632,340,4993,0,0,0,0,0,0,0,0,0,0,0,0,0,0,0,0,0,0,0,0,0,0,0,0,0,0,0,0,0,0,0,0,0,0,0,0,0,0,0,0,0,0,0,0,0,0,0,0,0,0,0,0,0,109973570,0,0,0,129868855,0,0,0,0,0,0,0,79437569,149354623,186382756,57146917888,46075035,0,0,0,0,0,0,0,0,0,0,0,0,0,0,0,0,0,0,0,0,0,0,0,0,0,0,0,0,0,0,0,12537668,0,0,0,0,0,0,0
1789580873.066,0,0,0,0,0,0,0,270379887,2445517987328,809146092032,0,0,0,0,0,0,0,0,0,0,0,0,0,0,0,0,0,0,0,0,0,0,0,0,0,0,0,0,0,0,0,0,0,0,0,0,0,0,0,0,0,0,0,0,0,0,0,0,0,0,0,0,0,0,0,0,0,0,461569,149452333,45297783,0,0,0,0,0,0,0,0,0,0,0,0,0,0,0,0,0,0,0,0,0,0,0,0,0,0,0,0,0,0,0,0,0,0,0,0,0,2143371264,817987584,130821,49926,0,251,131072,149287773,0,0,1367039669,2147483648,115410879,146706290,0,0,0,0,0,0,0,0,0,0,0,0,0,0,0,0,0,0,8697095,8697166,0,97,97,6265,329,17394309,35,0,0,0,0,0,0,0,1,0,0,0,0,0,0,0,0,0,0,9782684,0,13994673,123860,0,0,0,0,0,0,0,0,16384,0,0,0,0,0,0,0,0,0,0,0,4994,342,0,0,0,0,0,26443102,0,9336,27,4632,340,4994,0,0,0,0,0,0,0,0,0,0,0,0,0,0,0,0,0,0,0,0,0,0,0,0,0,0,0,0,0,0,0,0,0,0,0,0,0,0,0,0,0,0,0,0,0,0,0,0,0,0,0,0,0,109974677,0,0,0,129871554,0,0,0,0,0,0,0,79439340,149359083,186385924,57147530752,46075775,0,0,0,0,0,0,0,0,0,0,0,0,0,0,0,0,0,0,0,0,0,0,0,0,0,0,0,0,0,0,0,12537853,0,0,0,0,0,0,0
1789580874.092,0,0,0,0,0,0,0,270385784,2445592616448,809162471424,0,0,0,0,0,0,0,0,0,0,0,0,0,0,0,0,0,0,0,0,0,0,0,0,0,0,0,0,0,0,0,0,0,0,0,0,0,0,0,0,0,0,0,0,0,0,0,0,0,0,0,0,0,0,0,0,0,0,461572,149456886,45298723,0,0,0,0,0,0,0,0,0,0,0,0,0,0,0,0,0,0,0,0,0,0,0,0,0,0,0,0,0,0,0,0,0,0,0,0,0,2143289344,819576832,130816,50023,0,256,131072,149292322,0,0,1367070506,2147483648,115415413,146709395,0,0,0,0,0,0,0,0,0,0,0,0,0,0,0,0,0,0,8697295,8697369,0,97,97,6265,329,17394706,35,0,0,0,0,0,0,0,1,0,0,0,0,0,0,0,0,0,0,9782914,0,13994673,123860,0,0,0,0,0,0,0,0,16384,0,0,0,0,0,0,0,0,0,0,0,4995,342,0,0,0,0,0,26443728,0,9336,27,4632,340,4995,0,0,0,0,0,0,0,0,0,0,0,0,0,0,0,0,0,0,0,0,0,0,0,0,0,0,0,0,0,0,0,0,0,0,0,0,0,0,0,0,0,0,0,0,0,0,0,0,0,0,0,0,0,109975813,0,0,0,129874327,0,0,0,0,0,0,0,79441047,149363641,186388954,57148158976,46076535,0,0,0,0,0,0,0,0,0,0,0,0,0,0,0,0,0,0,0,0,0,0,0,0,0,0,0,0,0,0,0,12538058,0,0,0,0,0,0,0
1789580875.118,0,0,0,0,0,0,0,270392326,2445675109888,809181749760,0,0,0,0,0,0,0,0,0,0,0,0,0,0,0,0,0,0,0,0,0,0,0,0,0,0,0,0,0,0,0,0,0,0,0,0,0,0,0,0,0,0,0,0,0,0,0,0,0,0,0,0,0,0,0,0,0,0,461576,149461937,45299839,0,0,0,0,0,0,0,0,0,0,0,0,0,0,0,0,0,0,0,0,0,0,0,0,0,0,0,0,0,0,0,0,0,0,0,0,0,2143404032,819527680,130823,50020,0,249,131072,149297368,0,0,1367104576,2147483648,115420277,146712830,0,0,0,0,0,0,0,0,0,0,0,0,0,0,0,0,0,0,8697511,8697587,0,97,97,6265,329,17395143,35,0,0,0,0,0,0,0,1,0,0,0,0,0,0,0,0,0,0,9783158,0,13994673,123861,0,0,0,0,0,0,0,0,16384,0,0,0,0,0,0,0,0,0,0,0,4996,342,0,0,0,0,0,26444386,0,9336,27,4632,340,4996,0,0,0,0,0,0,0,0,0,0,0,0,0,0,0,0,0,0,0,0,0,0,0,0,0,0,0,0,0,0,0,0,0,0,0,0,0,0,0,0,0,0,0,0,0,0,0,0,0,0,0,0,0,109976973,0,0,0,129877411,0,0,0,0,0,0,0,79442810,149368684,186392229,57148816384,46077305,0,0,0,0,0,0,0,0,0,0,0,0,0,0,0,0,0,0,0,0,0,0,0,0,0,0,0,0,0,0,0,12538275,0,0,0,0,0,0,0
1789580876.144,0,0,0,0,0,0,0,270399117,2445762240000,809202810880,0,0,0,0,0,0,0,0,0,0,0,0,0,0,0,0,0,0,0,0,0,0,0,0,0,0,0,0,0,0,0,0,0,0,0,0,0,0,0,0,0,0,0,0,0,0,0,0,0,0,0,0,0,0,0,0,0,0,461580,149467261,45301074,0,0,0,0,0,0,0,0,0,0,0,0,0,0,0,0,0,0,0,0,0,0,0,0,0,0,0,0,0,0,0,0,0,0,0,0,0,2143420416,818888704,130824,49981,0,248,131072,149302691,0,0,1367139974,2147483648,115425540,146716433,0,0,0,0,0,0,0,0,0,0,0,0,0,0,0,0,0,0,8697746,8697817,0,97,97,6265,329,17395605,35,0,0,0,0,0,0,0,1,0,0,0,0,0,0,0,0,0,0,9783415,0,13994801,123861,0,0,0,0,0,0,0,0,16384,0,0,0,0,0,0,0,0,0,0,0,4997,342,0,0,0,0,0,26445081,0,9336,27,4632,340,4997,0,0,0,0,0,0,0,0,0,0,0,0,0,0,0,0,0,0,0,0,0,0,0,0,0,0,0,0,0,0,0,0,0,0,0,0,0,0,0,0,0,0,0,0,0,0,0,0,0,0,0,0,0,109978185,0,0,0,129880640,0,0,0,0,0,0,0,79444848,149374007,186395892,57149515264,46078119,0,0,0,0,0,0,0,0,0,0,0,0,0,0,0,0,0,0,0,0,0,0,0,0,0,0,0,0,0,0,0,12538503,0,0,0,0,0,0,0
1789580877.169,0,0,0,0,0,0,0,270406156,2445852335616,809223198208,0,0,0,0,0,0,0,0,0,0,0,0,0,0,0,0,0,0,0,0,0,0,0,0,0,0,0,0,0,0,0,0,0,0,0,0,0,0,0,0,0,0,0,0,0,0,0,0,0,0,0,0,0,0,0,0,0,0,461584,149472773,45302266,0,0,0,0,0,0,0,0,0,0,0,0,0,0,0,0,0,0,0,0,0,0,0,0,0,0,0,0,0,0,0,0,0,0,0,0,0,2143551488,818790400,130832,49975,0,240,131072,149308198,0,0,1367176940,2147483648,115430977,146720028,0,0,0,0,0,0,0,0,0,0,0,0,0,0,0,0,0,0,8697971,8698050,0,97,97,6265,329,17396051,35,0,0,0,0,0,0,0,1,0,0,0,0,0,0,0,0,0,0,9783676,0,13994801,123861,0,0,0,0,0,0,0,0,16384,0,0,0,0,0,0,0,0,0,0,0,4998,342,0,0,0,0,0,26445793,0,9336,27,4632,340,4998,0,0,0,0,0,0,0,0,0,0,0,0,0,0,0,0,0,0,0,0,0,0,0,0,0,0,0,0,0,0,0,0,0,0,0,0,0,0,0,0,0,0,0,0,0,0,0,0,0,0,0,0,0,109979429,0,0,0,129883868,0,0,0,0,0,0,0,79446858,149379513,186399505,57150214144,46078946,0,0,0,0,0,0,0,0,0,0,0,0,0,0,0,0,0,0,0,0,0,0,0,0,0,0,0,0,0,0,0,12538736,0,0,0,0,0,0,0
1789580878.195,0,0,0,0,0,0,0,270413051,2445940170240,809243078144,0,0,0,0,0,0,0,0,0,0,0,0,0,0,0,0,0,0,0,0,0,0,0,0,0,0,0,0,0,0,0,0,0,0,0,0,0,0,0,0,0,0,0,0,0,0,0,0,0,0,0,0,0,0,0,0,0,0,461592,149478143,45303410,0,0,0,0,0,0,0,0,0,0,0,0,0,0,0,0,0,0,0,0,0,0,0,0,0,0,0,0,0,0,0,0,0,0,0,0,0,2143305728,819724288,130817,50032,0,255,131072,149313567,0,0,1367213211,2147483648,115436283,146723679,0,0,0,0,0,0,0,0,0,0,0,0,0,0,0,0,0,0,8698202,8698280,0,97,97,6265,329,17396514,35,0,0,0,0,0,0,0,1,0,0,0,0,0,0,0,0,0,0,9783937,0,13994801,123861,0,0,0,0,0,0,0,0,16384,0,0,0,0,0,0,0,0,0,0,0,4999,342,0,0,0,0,0,26446498,0,9336,27,4632,340,4999,0,0,0,0,0,0,0,0,0,0,0,0,0,0,0,0,0,0,0,0,0,0,0,0,0,0,0,0,0,0,0,0,0,0,0,0,0,0,0,0,0,0,0,0,0,0,0,0,0,0,0,0,0,109980655,0,0,0,129887097,0,0,0,0,0,0,0,79448830,149384877,186403039,57150917120,46079764,0,0,0,0,0,0,0,0,0,0,0,0,0,0,0,0,0,0,0,0,0,0,0,0,0,0,0,0,0,0,0,12538968,0,0,0,0,0,0,0
1789580879.221,0,0,0,0,0,0,0,270419953,2446027496960,809263317504,0,0,0,0,0,0,0,0,0,0,0,0,0,0,0,0,0,0,0,0,0,0,0,0,0,0,0,0,0,0,0,0,0,0,0,0,0,0,0,0,0,0,0,0,0,0,0,0,0,0,0,0,0,0,0,0,0,0,461597,149483478,45304591,0,0,0,0,0,0,0,0,0,0,0,0,0,0,0,0,0,0,0,0,0,0,0,0,0,0,0,0,0,0,0,0,0,0,0,0,0,2142814208,820330496,130787,50069,0,285,131072,149318897,0,0,1367248946,2147483648,115441589,146727328,0,0,0,0,0,0,0,0,0,0,0,0,0,0,0,0,0,0,8698437,8698512,0,97,97,6265,329,17396974,35,0,0,0,0,0,0,0,1,0,0,0,0,0,0,0,0,0,0,9784197,0,13994801,123861,0,0,0,0,0,0,0,0,16384,0,0,0,0,0,0,0,0,0,0,0,5000,342,0,0,0,0,0,26447198,0,9336,27,4632,340,5000,0,0,0,0,0,0,0,0,0,0,0,0,0,0,0,0,0,0,0,0,0,0,0,0,0,0,0,0,0,0,0,0,0,0,0,0,0,0,0,0,0,0,0,0,0,0,0,0,0,0,0,0,0,109981857,0,0,0,129890366,0,0,0,0,0,0,0,79450792,149390216,186406592,57151610880,46080550,0,0,0,0,0,0,0,0,0,0,0,0,0,0,0,0,0,0,0,0,0,0,0,0,0,0,0,0,0,0,0,12539199,0,0,0,0,0,0,0
1789580880.247,0,0,0,0,0,0,0,270426568,2446112153088,809281775616,0,0,0,0,0,0,0,0,0,0,0,0,0,0,0,0,0,0,0,0,0,0,0,0,0,0,0,0,0,0,0,0,0,0,0,0,0,0,0,0,0,0,0,0,0,0,0,0,0,0,0,0,0,0,0,0,0,0,461597,149488648,45305655,0,0,0,0,0,0,0,0,0,0,0,0,0,0,0,0,0,0,0,0,0,0,0,0,0,0,0,0,0,0,0,0,0,0,0,0,0,2143780864,821379072,130846,50133,0,226,131072,149324066,0,0,1367283396,2147483648,115446628,146730682,0,0,0,0,0,0,0,0,0,0,0,0,0,0,0,0,0,0,8698652,8698726,0,97,97,6265,329,17397420,35,0,0,0,0,0,0,0,1,0,0,0,0,0,0,0,0,0,0,9784435,0,13994801,123861,0,0,0,0,0,0,0,0,16384,0,0,0,0,0,0,0,0,0,0,0,5001,342,0,0,0,0,0,26447842,0,9336,27,4632,340,5001,0,0,0,0,0,0,0,0,0,0,0,0,0,0,0,0,0,0,0,0,0,0,0,0,0,0,0,0,0,0,0,0,0,0,0,0,0,0,0,0,0,0,0,0,0,0,0,0,0,0,0,0,0,109983061,0,0,0,129893415,0,0,0,0,0,0,0,79452657,149395380,186409936,57152281600,46081346,0,0,0,0,0,0,0,0,0,0,0,0,0,0,0,0,0,0,0,0,0,0,0,0,0,0,0,0,0,0,0,12539410,0,0,0,0,0,0,0
1789580881.273,0,0,0,0,0,0,0,270433333,2446198267392,809301796352,0,0,0,0,0,0,0,0,0,0,0,0,0,0,0,0,0,0,0,0,0,0,0,0,0,0,0,0,0,0,0,0,0,0,0,0,0,0,0,0,0,0,0,0,0,0,0,0,0,0,0,0,0,0,0,0,0,0,461603,149493909,45306825,0,0,0,0,0,0,0,0,0,0,0,0,0,0,0,0,0,0,0,0,0,0,0,0,0,0,0,0,0,0,0,0,0,0,0,0,0,2143092736,822312960,130804,50190,0,268,131072,149329327,0,0,1367319066,2147483648,115451873,146734420,0,0,0,0,0,0,0,0,0,0,0,0,0,0,0,0,0,0,8698896,8698971,0,97,97,6265,329,17397882,35,0,0,0,0,0,0,0,1,0,0,0,0,0,0,0,0,0,0,9784712,0,13994801,123861,0,0,0,0,0,0,0,0,16384,0,0,0,0,0,0,0,0,0,0,0,5002,342,0,0,0,0,0,26448593,0,9336,27,4632,340,5002,0,0,0,0,0,0,0,0,0,0,0,0,0,0,0,0,0,0,0,0,0,0,0,0,0,0,0,0,0,0,0,0,0,0,0,0,0,0,0,0,0,0,0,0,0,0,0,0,0,0,0,0,0,109984276,0,0,0,129896742,0,0,0,0,0,0,0,79454615,149400643,186413474,57152980480,46082142,0,0,0,0,0,0,0,0,0,0,0,0,0,0,0,0,0,0,0,0,0,0,0,0,0,0,0,0,0,0,0,12539657,0,0,0,0,0,0,0
1789580882.299,0,0,0,0,0,0,0,270439898,2446282825216,809320657408,0,0,0,0,0,0,0,0,0,0,0,0,0,0,0,0,0,0,0,0,0,0,0,0,0,0,0,0,0,0,0,0,0,0,0,0,0,0,0,0,0,0,0,0,0,0,0,0,0,0,0,0,0,0,0,0,0,0,461607,149499084,45307919,0,0,0,0,0,0,0,0,0,0,0,0,0,0,0,0,0,0,0,0,0,0,0,0,0,0,0,0,0,0,0,0,0,0,0,0,0,2143469568,822312960,130827,50190,0,245,131072,149334495,0,0,1367353424,2147483648,115456976,146737610,0,0,0,0,0,0,0,0,0,0,0,0,0,0,0,0,0,0,8699086,8699167,0,97,97,6265,329,17398310,35,0,0,0,0,0,0,0,1,0,0,0,0,0,0,0,0,0,0,9784937,0,13994801,123861,0,0,0,0,0,0,0,0,16384,0,0,0,0,0,0,0,0,0,0,0,5003,342,0,0,0,0,0,26449199,0,9336,27,4632,340,5003,0,0,0,0,0,0,0,0,0,0,0,0,0,0,0,0,0,0,0,0,0,0,0,0,0,0,0,0,0,0,0,0,0,0,0,0,0,0,0,0,0,0,0,0,0,0,0,0,0,0,0,0,0,109985381,0,0,0,129899606,0,0,0,0,0,0,0,79456452,149405812,186416777,57153601024,46082881,0,0,0,0,0,0,0,0,0,0,0,0,0,0,0,0,0,0,0,0,0,0,0,0,0,0,0,0,0,0,0,12539856,0,0,0,0,0,0,0
1789580883.324,0,0,0,0,0,0,0,270446569,2446367006208,809340461056,0,0,0,0,0,0,0,0,0,0,0,0,0,0,0,0,0,0,0,0,0,0,0,0,0,0,0,0,0,0,0,0,0,0,0,0,0,0,0,0,0,0,0,0,0,0,0,0,0,0,0,0,0,0,0,0,0,0,461610,149504228,45309077,0,0,0,0,0,0,0,0,0,0,0,0,0,0,0,0,0,0,0,0,0,0,0,0,0,0,0,0,0,0,0,0,0,0,0,0,0,2143109120,822771712,130805,50218,0,267,131072,149339635,0,0,1367388605,2147483648,115462095,146741201,0,0,0,0,0,0,0,0,0,0,0,0,0,0,0,0,0,0,8699320,8699394,0,97,97,6265,329,17398759,35,0,0,0,0,0,0,0,1,0,0,0,0,0,0,0,0,0,0,9785190,0,13994801,123861,0,0,0,0,0,0,0,0,16384,0,0,0,0,0,0,0,0,0,0,0,5004,342,0,0,0,0,0,26449881,0,9336,27,4632,340,5004,0,0,0,0,0,0,0,0,0,0,0,0,0,0,0,0,0,0,0,0,0,0,0,0,0,0,0,0,0,0,0,0,0,0,0,0,0,0,0,0,0,0,0,0,0,0,0,0,0,0,0,0,0,109986595,0,0,0,129902848,0,0,0,0,0,0,0,79458425,149410955,186420294,57154291712,46083702,0,0,0,0,0,0,0,0,0,0,0,0,0,0,0,0,0,0,0,0,0,0,0,0,0,0,0,0,0,0,0,12540081,0,0,0,0,0,0,0
1789580884.350,0,0,0,0,0,0,0,270452966,2446448778752,809359092736,0,0,0,0,0,0,0,0,0,0,0,0,0,0,0,0,0,0,0,0,0,0,0,0,0,0,0,0,0,0,0,0,0,0,0,0,0,0,0,0,0,0,0,0,0,0,0,0,0,0,0,0,0,0,0,0,0,0,461615,149509208,45310166,0,0,0,0,0,0,0,0,0,0,0,0,0,0,0,0,0,0,0,0,0,0,0,0,0,0,0,0,0,0,0,0,0,0,0,0,0,2143141888,823115776,130807,50239,0,265,131072,149344610,0,0,1367421953,2147483648,115467042,146744528,0,0,0,0,0,0,0,0,0,0,0,0,0,0,0,0,0,0,8699527,8699606,0,97,97,6265,329,17399190,35,0,0,0,0,0,0,0,1,0,0,0,0,0,0,0,0,0,0,9785430,0,13994801,123861,0,0,0,0,0,0,0,0,16384,0,0,0,0,0,0,0,0,0,0,0,5005,342,0,0,0,0,0,26450528,0,9336,27,4632,340,5005,0,0,0,0,0,0,0,0,0,0,0,0,0,0,0,0,0,0,0,0,0,0,0,0,0,0,0,0,0,0,0,0,0,0,0,0,0,0,0,0,0,0,0,0,0,0,0,0,0,0,0,0,0,109987740,0,0,0,129905812,0,0,0,0,0,0,0,79460254,149415947,186423603,57154937344,46084449,0,0,0,0,0,0,0,0,0,0,0,0,0,0,0,0,0,0,0,0,0,0,0,0,0,0,0,0,0,0,0,12540294,0,0,0,0,0,0,0
1789580885.376,0,0,0,0,0,0,0,270459441,2446529715712,809377933824,0,0,0,0,0,0,0,0,0,0,0,0,0,0,0,0,0,0,0,0,0,0,0,0,0,0,0,0,0,0,0,0,0,0,0,0,0,0,0,0,0,0,0,0,0,0,0,0,0,0,0,0,0,0,0,0,0,0,461621,149514164,45311256,0,0,0,0,0,0,0,0,0,0,0,0,0,0,0,0,0,0,0,0,0,0,0,0,0,0,0,0,0,0,0,0,0,0,0,0,0,2142978048,823197696,130797,50244,0,275,131072,149349564,0,0,1367455699,2147483648,115471961,146747889,0,0,0,0,0,0,0,0,0,0,0,0,0,0,0,0,0,0,8699754,8699826,0,97,97,6265,329,17399604,35,0,0,0,0,0,0,0,1,0,0,0,0,0,0,0,0,0,0,9785675,0,13994801,123861,0,0,0,0,0,0,0,0,16384,0,0,0,0,0,0,0,0,0,0,0,5006,342,0,0,0,0,0,26451201,0,9336,27,4632,340,5006,0,0,0,0,0,0,0,0,0,0,0,0,0,0,0,0,0,0,0,0,0,0,0,0,0,0,0,0,0,0,0,0,0,0,0,0,0,0,0,0,0,0,0,0,0,0,0,0,0,0,0,0,0,109988896,0,0,0,129908796,0,0,0,0,0,0,0,79462110,149420890,186426946,57155598848,46085211,0,0,0,0,0,0,0,0,0,0,0,0,0,0,0,0,0,0,0,0,0,0,0,0,0,0,0,0,0,0,0,12540513,0,0,0,0,0,0,0
1789580886.402,0,0,0,0,0,0,0,270465986,2446612274688,809396283904,0,0,0,0,0,0,0,0,0,0,0,0,0,0,0,0,0,0,0,0,0,0,0,0,0,0,0,0,0,0,0,0,0,0,0,0,0,0,0,0,0,0,0,0,0,0,0,0,0,0,0,0,0,0,0,0,0,0,461625,149519213,45312304,0,0,0,0,0,0,0,0,0,0,0,0,0,0,0,0,0,0,0,0,0,0,0,0,0,0,0,0,0,0,0,0,0,0,0,0,0,2143371264,825212928,130821,50367,0,251,131072,149354608,0,0,1367490105,2147483648,115476945,146751410,0,0,0,0,0,0,0,0,0,0,0,0,0,0,0,0,0,0,8699970,8700051,0,97,97,6265,329,17400063,35,0,0,0,0,0,0,0,1,0,0,0,0,0,0,0,0,0,0,9785929,0,13994801,123861,0,0,0,0,0,0,0,0,16384,0,0,0,0,0,0,0,0,0,0,0,5007,342,0,0,0,0,0,26451884,0,9336,27,4632,340,5007,0,0,0,0,0,0,0,0,0,0,0,0,0,0,0,0,0,0,0,0,0,0,0,0,0,0,0,0,0,0,0,0,0,0,0,0,0,0,0,0,0,0,0,0,0,0,0,0,0,0,0,0,0,109990084,0,0,0,129911957,0,0,0,0,0,0,0,79463961,149425935,186430258,57156265472,46086000,0,0,0,0,0,0,0,0,0,0,0,0,0,0,0,0,0,0,0,0,0,0,0,0,0,0,0,0,0,0,0,12540738,0,0,0,0,0,0,0
1789580887.428,0,0,0,0,0,0,0,270472394,2446694211072,809415843328,0,0,0,0,0,0,0,0,0,0,0,0,0,0,0,0,0,0,0,0,0,0,0,0,0,0,0,0,0,0,0,0,0,0,0,0,0,0,0,0,0,0,0,0,0,0,0,0,0,0,0,0,0,0,0,0,0,0,461631,149524229,45313437,0,0,0,0,0,0,0,0,0,0,0,0,0,0,0,0,0,0,0,0,0,0,0,0,0,0,0,0,0,0,0,0,0,0,0,0,0,2143256576,824754176,130814,50339,0,258,131072,149359623,0,0,1367523480,2147483648,115481909,146754760,0,0,0,0,0,0,0,0,0,0,0,0,0,0,0,0,0,0,8700189,8700266,0,97,97,6265,329,17400476,35,0,0,0,0,0,0,0,1,0,0,0,0,0,0,0,0,0,0,9786167,0,13994801,123861,0,0,0,0,0,0,0,0,16384,0,0,0,0,0,0,0,0,0,0,0,5008,342,0,0,0,0,0,26452531,0,9336,27,4632,340,5008,0,0,0,0,0,0,0,0,0,0,0,0,0,0,0,0,0,0,0,0,0,0,0,0,0,0,0,0,0,0,0,0,0,0,0,0,0,0,0,0,0,0,0,0,0,0,0,0,0,0,0,0,0,109991284,0,0,0,129914936,0,0,0,0,0,0,0,79465901,149430946,186433731,57156942336,46086803,0,0,0,0,0,0,0,0,0,0,0,0,0,0,0,0,0,0,0,0,0,0,0,0,0,0,0,0,0,0,0,12540950,0,0,0,0,0,0,0
1789580888.454,0,0,0,0,0,0,0,270478605,2446774345216,809435339776,0,0,0,0,0,0,0,0,0,0,0,0,0,0,0,0,0,0,0,0,0,0,0,0,0,0,0,0,0,0,0,0,0,0,0,0,0,0,0,0,0,0,0,0,0,0,0,0,0,0,0,0,0,0,0,0,0,0,461634,149529116,45314571,0,0,0,0,0,0,0,0,0,0,0,0,0,0,0,0,0,0,0,0,0,0,0,0,0,0,0,0,0,0,0,0,0,0,0,0,0,2143600640,823508992,130835,50263,0,237,131072,149364507,0,0,1367556429,2147483648,115486730,146757868,0,0,0,0,0,0,0,0,0,0,0,0,0,0,0,0,0,0,8700375,8700452,0,97,97,6265,329,17400898,35,0,0,0,0,0,0,0,1,0,0,0,0,0,0,0,0,0,0,9786378,0,13994801,123861,0,0,0,0,0,0,0,0,16384,0,0,0,0,0,0,0,0,0,0,0,5009,342,0,0,0,0,0,26453100,0,9336,27,4632,340,5009,0,0,0,0,0,0,0,0,0,0,0,0,0,0,0,0,0,0,0,0,0,0,0,0,0,0,0,0,0,0,0,0,0,0,0,0,0,0,0,0,0,0,0,0,0,0,0,0,0,0,0,0,0,109992390,0,0,0,129917749,0,0,0,0,0,0,0,79467788,149435843,186437113,57157557248,46087552,0,0,0,0,0,0,0,0,0,0,0,0,0,0,0,0,0,0,0,0,0,0,0,0,0,0,0,0,0,0,0,12541136,0,0,0,0,0,0,0
1789580889.481,0,0,0,0,0,0,0,270485204,2446857362944,809453384192,0,0,0,0,0,0,0,0,0,0,0,0,0,0,0,0,0,0,0,0,0,0,0,0,0,0,0,0,0,0,0,0,0,0,0,0,0,0,0,0,0,0,0,0,0,0,0,0,0,0,0,0,0,0,0,0,0,0,461639,149534194,45315622,0,0,0,0,0,0,0,0,0,0,0,0,0,0,0,0,0,0,0,0,0,0,0,0,0,0,0,0,0,0,0,0,0,0,0,0,0,2143731712,825638912,130843,50393,0,229,131072,149369583,0,0,1367591071,2147483648,115491723,146761507,0,0,0,0,0,0,0,0,0,0,0,0,0,0,0,0,0,0,8700617,8700693,0,97,97,6265,329,17401341,35,0,0,0,0,0,0,0,1,0,0,0,0,0,0,0,0,0,0,9786649,0,13994801,123861,0,0,0,0,0,0,0,0,16384,0,0,0,0,0,0,0,0,0,0,0,5010,342,0,0,0,0,0,26453839,0,9336,27,4632,340,5010,0,0,0,0,0,0,0,0,0,0,0,0,0,0,0,0,0,0,0,0,0,0,0,0,0,0,0,0,0,0,0,0,0,0,0,0,0,0,0,0,0,0,0,0,0,0,0,0,0,0,0,0,0,109993601,0,0,0,129920988,0,0,0,0,0,0,0,79469632,149440913,186440407,57158251520,46088353,0,0,0,0,0,0,0,0,0,0,0,0,0,0,0,0,0,0,0,0,0,0,0,0,0,0,0,0,0,0,0,12541379,0,0,0,0,0,0,0
1789580890.507,0,0,0,0,0,0,0,270491694,2446939692544,809472488448,0,0,0,0,0,0,0,0,0,0,0,0,0,0,0,0,0,0,0,0,0,0,0,0,0,0,0,0,0,0,0,0,0,0,0,0,0,0,0,0,0,0,0,0,0,0,0,0,0,0,0,0,0,0,0,0,0,0,461643,149539233,45316749,0,0,0,0,0,0,0,0,0,0,0,0,0,0,0,0,0,0,0,0,0,0,0,0,0,0,0,0,0,0,0,0,0,0,0,0,0,2143453184,824590336,130826,50329,0,246,131072,149374620,0,0,1367624870,2147483648,115496731,146764726,0,0,0,0,0,0,0,0,0,0,0,0,0,0,0,0,0,0,8700826,8700907,0,97,97,6265,329,17401747,35,0,0,0,0,0,0,0,1,0,0,0,0,0,0,0,0,0,0,9786883,0,13994801,123861,0,0,0,0,0,0,0,0,16384,0,0,0,0,0,0,0,0,0,0,0,5011,342,0,0,0,0,0,26454468,0,9336,27,4632,340,5011,0,0,0,0,0,0,0,0,0,0,0,0,0,0,0,0,0,0,0,0,0,0,0,0,0,0,0,0,0,0,0,0,0,0,0,0,0,0,0,0,0,0,0,0,0,0,0,0,0,0,0,0,0,109994740,0,0,0,129923871,0,0,0,0,0,0,0,79471512,149445947,186443770,57158893568,46089121,1,0,0,0,0,0,0,0,0,0,0,0,0,0,0,0,0,0,0,0,0,0,0,0,0,0,0,0,0,0,0,12541587,0,0,0,0,0,0,0
1789580891.533,0,0,0,0,0,0,0,270498121,2447021940224,809490603520,0,0,0,0,0,0,0,0,0,0,0,0,0,0,0,0,0,0,0,0,0,0,0,0,0,0,0,0,0,0,0,0,0,0,0,0,0,0,0,0,0,0,0,0,0,0,0,0,0,0,0,0,0,0,0,0,0,0,461650,149544257,45317795,0,0,0,0,0,0,0,0,0,0,0,0,0,0,0,0,0,0,0,0,0,0,0,0,0,0,0,0,0,0,0,0,0,0,0,0,0,2143404032,825556992,130823,50388,0,248,131072,149379638,0,0,1367658999,2147483648,115501711,146767999,0,0,0,0,0,0,0,0,0,0,0,0,0,0,0,0,0,0,8701033,8701106,0,97,97,6265,329,17402177,35,0,0,0,0,0,0,0,1,0,0,0,0,0,0,0,0,0,0,9787105,0,13994801,123861,0,0,0,0,0,0,0,0,16384,0,0,0,0,0,0,0,0,0,0,0,5012,342,0,0,0,0,0,26455063,0,9336,27,4632,340,5012,0,0,0,0,0,0,0,0,0,0,0,0,0,0,0,0,0,0,0,0,0,0,0,0,0,0,0,0,0,0,0,0,0,0,0,0,0,0,0,0,0,0,0,0,0,0,0,0,0,0,0,0,0,109995865,0,0,0,129926813,0,0,0,0,0,0,0,79473310,149450974,186447001,57159531520,46089865,0,0,0,0,0,0,0,0,0,0,0,0,0,0,0,0,0,0,0,0,0,0,0,0,0,0,0,0,0,0,0,12541783,0,0,0,0,0,0,0
1789580892.560,0,0,0,0,0,0,0,270504587,2447104630272,809510113280,0,0,0,0,0,0,0,0,0,0,0,0,0,0,0,0,0,0,0,0,0,0,0,0,0,0,0,0,0,0,0,0,0,0,0,0,0,0,0,0,0,0,0,0,0,0,0,0,0,0,0,0,0,0,0,0,0,0,461654,149549309,45318933,0,0,0,0,0,0,0,0,0,0,0,0,0,0,0,0,0,0,0,0,0,0,0,0,0,0,0,0,0,0,0,0,0,0,0,0,0,2143502336,825851904,130829,50406,0,243,131072,149384687,0,0,1367693001,2147483648,115506706,146771516,0,0,0,0,0,0,0,0,0,0,0,0,0,0,0,0,0,0,8701263,8701340,0,97,97,6265,329,17402612,35,0,0,0,0,0,0,0,1,0,0,0,0,0,0,0,0,0,0,9787358,0,13994801,123861,0,0,0,0,0,0,0,0,16384,0,0,0,0,0,0,0,0,0,0,0,5013,342,0,0,0,0,0,26455747,0,9336,27,4632,340,5013,0,0,0,0,0,0,0,0,0,0,0,0,0,0,0,0,0,0,0,0,0,0,0,0,0,0,0,0,0,0,0,0,0,0,0,0,0,0,0,0,0,0,0,0,0,0,0,0,0,0,0,0,0,109997108,0,0,0,129929963,0,0,0,0,0,0,0,79475273,149456027,186450504,57160229888,46090698,0,0,0,0,0,0,0,0,0,0,0,0,0,0,0,0,0,0,0,0,0,0,0,0,0,0,0,0,0,0,0,12542008,0,0,0,0,0,0,0
1789580893.587,0,0,0,0,0,0,0,270511676,2447195610624,809531273216,0,0,0,0,0,0,0,0,0,0,0,0,0,0,0,0,0,0,0,0,0,0,0,0,0,0,0,0,0,0,0,0,0,0,0,0,0,0,0,0,0,0,0,0,0,0,0,0,0,0,0,0,0,0,0,0,0,0,461661,149554872,45320182,0,0,0,0,0,0,0,0,0,0,0,0,0,0,0,0,0,0,0,0,0,0,0,0,0,0,0,0,0,0,0,0,0,0,0,0,0,2143436800,823181312,130825,50243,0,247,131072,149390246,0,0,1367730619,2147483648,115512222,146774795,0,0,0,0,0,0,0,0,0,0,0,0,0,0,0,0,0,0,8701477,8701551,0,97,97,6265,329,17403030,35,0,0,0,0,0,0,0,1,0,0,0,0,0,0,0,0,0,0,9787588,0,13994801,123861,0,0,0,0,0,0,0,0,16384,0,0,0,0,0,0,0,0,0,0,0,5014,342,0,0,0,0,0,26456367,0,9336,27,4632,340,5014,0,0,0,0,0,0,0,0,0,0,0,0,0,0,0,0,0,0,0,0,0,0,0,0,0,0,0,0,0,0,0,0,0,0,0,0,0,0,0,0,0,0,0,0,0,0,0,0,0,0,0,0,0,109998258,0,0,0,129932916,0,0,0,0,0,0,0,79477287,149461585,186454125,57160881664,46091476,0,0,0,0,0,0,0,0,0,0,0,0,0,0,0,0,0,0,0,0,0,0,0,0,0,0,0,0,0,0,0,12542212,0,0,0,0,0,0,0
1789580894.613,0,0,0,0,0,0,0,270519219,2447290981888,809553074176,0,0,0,0,0,0,0,0,0,0,0,0,0,0,0,0,0,0,0,0,0,0,0,0,0,0,0,0,0,0,0,0,0,0,0,0,0,0,0,0,0,0,0,0,0,0,0,0,0,0,0,0,0,0,0,0,0,0,461676,149560706,45321445,0,0,0,0,0,0,0,0,0,0,0,0,0,0,0,0,0,0,0,0,0,0,0,0,0,0,0,0,0,0,0,0,0,0,0,0,0,2144239616,824492032,130874,50323,0,198,131072,149396079,0,0,1367770792,2147483648,115517939,146778843,0,0,0,0,0,0,0,0,0,0,0,0,0,0,0,0,0,0,8701735,8701814,0,97,97,6265,329,17403546,35,0,0,0,0,0,0,0,1,0,0,0,0,0,0,0,0,0,0,9787866,0,13994801,123861,0,0,0,0,0,0,0,0,16384,0,0,0,0,0,0,0,0,0,0,0,5015,342,0,0,0,0,0,26457108,0,9336,27,4632,340,5015,0,0,0,0,0,0,0,0,0,0,0,0,0,0,0,0,0,0,0,0,0,0,0,0,0,0,0,0,0,0,0,0,0,0,0,0,0,0,0,0,0,0,0,0,0,0,0,0,0,0,0,0,0,109999587,0,0,0,129936510,0,0,0,0,0,0,0,79479437,149467413,186457985,57161647104,46092362,0,0,0,0,0,0,0,0,0,0,0,0,0,0,0,0,0,0,0,0,0,0,0,0,0,0,0,0,0,0,0,12542457,0,0,0,0,0,0,0
1789580895.639,0,0,0,0,0,0,0,270528414,2447409061376,809604646912,0,0,0,0,0,0,0,0,0,0,0,0,0,0,0,0,0,0,0,0,0,0,0,0,0,0,0,0,0,0,0,0,0,0,0,0,0,0,0,0,0,0,0,0,0,0,0,0,0,0,0,0,0,0,0,0,0,0,461696,149567922,45324525,0,0,0,0,0,0,0,0,0,0,0,0,0,0,0,0,0,0,0,0,0,0,0,0,0,0,0,0,0,0,0,0,0,0,0,0,0,2144763904,797245440,130906,48660,0,166,131072,149403291,0,0,1367820052,2147483648,115524937,146783134,0,0,0,0,0,0,0,0,0,0,0,0,0,0,0,0,0,0,8702006,8702089,0,97,97,6265,329,17404087,35,0,0,0,0,0,0,0,1,0,0,0,0,0,0,0,0,0,0,9788161,0,13996267,123873,0,0,0,0,0,0,0,0,16384,0,0,0,0,0,0,0,0,0,0,0,5016,342,0,0,0,0,0,26457898,0,9336,27,4632,340,5016,0,0,0,0,0,0,0,0,0,0,0,0,0,0,0,0,0,0,0,0,0,0,0,0,0,0,0,0,0,0,0,0,0,0,0,0,0,0,0,0,0,0,0,0,0,0,0,0,0,0,0,0,0,110000952,0,0,0,129940318,0,0,0,0,0,0,0,79482163,149474633,186464052,57162451456,46093269,0,0,0,0,0,0,0,0,0,0,0,0,0,0,0,0,0,0,0,0,0,0,0,0,0,0,0,0,0,0,0,12542718,0,0,0,0,0,0,0
1789580896.665,0,0,0,0,0,0,0,270542362,2447588580864,809644360704,0,0,0,0,0,0,0,0,0,0,0,0,0,0,0,0,0,0,0,0,0,0,0,0,0,0,0,0,0,0,0,0,0,0,0,0,0,0,0,0,0,0,0,0,0,0,0,0,0,0,0,0,0,0,0,0,0,0,461731,149578899,45326862,0,0,0,0,0,0,0,0,0,0,0,0,0,0,0,0,0,0,0,0,0,0,0,0,0,0,0,0,0,0,0,0,0,0,0,0,0,2145681408,797376512,130962,48668,0,110,131072,149414257,0,0,1367893884,2147483648,115535015,146790034,0,0,0,0,0,0,0,0,0,0,0,0,0,0,0,0,0,0,8702461,8702543,0,97,97,6265,329,17404943,35,0,0,0,0,0,0,0,1,0,0,0,0,0,0,0,0,0,0,9788639,0,13996267,123873,0,0,0,0,0,0,0,0,16384,0,0,0,0,0,0,0,0,0,0,0,5017,342,0,0,0,0,0,26459183,0,9336,27,4632,340,5017,0,0,0,0,0,0,0,0,0,0,0,0,0,0,0,0,0,0,0,0,0,0,0,0,0,0,0,0,0,0,0,0,0,0,0,0,0,0,0,0,0,0,0,0,0,0,0,0,0,0,0,0,0,110002791,0,0,0,129946484,0,0,0,0,0,0,0,79485671,149485603,186470534,57163607040,46094455,0,0,0,0,0,0,0,0,0,0,0,0,0,0,0,0,0,0,0,0,0,0,0,0,0,0,0,0,0,0,0,12543140,0,0,0,0,0,0,0
1789580897.691,0,0,0,0,0,0,0,270565531,2447885049344,809711012352,0,0,0,0,0,0,0,0,0,0,0,0,0,0,0,0,0,0,0,0,0,0,0,0,0,0,0,0,0,0,0,0,0,0,0,0,0,0,0,0,0,0,0,0,0,0,0,0,0,0,0,0,0,0,0,0,0,0,461848,149597025,45330785,0,0,0,0,0,0,0,0,0,0,0,0,0,0,0,0,0,0,0,0,0,0,0,0,0,0,0,0,0,0,0,0,0,0,0,0,0,2146516992,804356096,131012,49094,0,60,131072,149432370,0,0,1368016048,2147483648,115552738,146802655,0,0,0,0,0,0,0,0,0,0,0,0,0,0,0,0,0,0,8703229,8703320,0,97,97,6265,329,17406473,35,0,0,0,0,0,0,0,1,0,0,0,0,0,0,0,0,0,0,9789441,0,13996267,123873,0,0,0,0,0,0,0,0,16384,0,0,0,0,0,0,0,0,0,0,0,5018,342,0,0,0,0,0,26461331,0,9336,27,4632,340,5018,0,0,0,0,0,0,0,0,0,0,0,0,0,0,0,0,0,0,0,0,0,0,0,0,0,0,0,0,0,0,0,0,0,0,0,0,0,0,0,0,0,0,0,0,0,0,0,0,0,0,0,0,0,110005139,0,0,0,129957409,0,0,0,0,0,0,0,79491053,149503712,186480691,57165343744,46095932,0,0,0,0,0,0,0,0,0,0,0,0,0,0,0,0,0,0,0,0,0,0,0,0,0,0,0,0,0,0,0,12543847,0,0,0,0,0,0,0
1789580898.719,0,0,0,0,0,0,0,270587566,2448165297664,809772651008,0,0,0,0,0,0,0,0,0,0,0,0,0,0,0,0,0,0,0,0,0,0,0,0,0,0,0,0,0,0,0,0,0,0,0,0,0,0,0,0,0,0,0,0,0,0,0,0,0,0,0,0,0,0,0,0,0,0,461959,149614143,45334374,0,0,0,0,0,0,0,0,0,0,0,0,0,0,0,0,0,0,0,0,0,0,0,0,0,0,0,0,0,0,0,0,0,0,0,0,0,2146058240,813432832,130985,49648,0,87,131072,149449479,0,0,1368130945,2147483648,115569474,146815039,0,0,0,0,0,0,0,0,0,0,0,0,0,0,0,0,0,0,8703972,8704059,0,97,97,6265,329,17407966,35,0,0,0,0,0,0,0,1,0,0,0,0,0,0,0,0,0,0,9790263,0,13996395,123874,0,0,0,0,0,0,0,0,16384,0,0,0,0,0,0,0,0,0,0,0,5019,342,0,0,0,0,0,26463545,0,9336,27,4632,340,5019,0,0,0,0,0,0,0,0,0,0,0,0,0,0,0,0,0,0,0,0,0,0,0,0,0,0,0,0,0,0,0,0,0,0,0,0,0,0,0,0,0,0,0,0,0,0,0,0,0,0,0,0,0,110007504,0,0,0,129968020,0,0,0,0,0,0,0,79496010,149520824,186490128,57167053312,46097413,1,0,0,0,0,0,0,0,0,0,0,0,0,0,0,0,0,0,0,0,0,0,0,0,0,0,0,0,0,0,0,12544576,0,0,0,0,0,0,0
1789580899.745,0,0,0,0,0,0,0,270604697,2448384318976,809821835264,0,0,0,0,0,0,0,0,0,0,0,0,0,0,0,0,0,0,0,0,0,0,0,0,0,0,0,0,0,0,0,0,0,0,0,0,0,0,0,0,0,0,0,0,0,0,0,0,0,0,0,0,0,0,0,0,0,0,462029,149627528,45337245,0,0,0,0,0,0,0,0,0,0,0,0,0,0,0,0,0,0,0,0,0,0,0,0,0,0,0,0,0,0,0,0,0,0,0,0,0,2145910784,816922624,130976,49861,0,96,131072,149462856,0,0,1368220375,2147483648,115582674,146824535,0,0,0,0,0,0,0,0,0,0,0,0,0,0,0,0,0,0,8704545,8704632,0,97,97,6265,329,17409116,35,0,0,0,0,0,0,0,1,0,0,0,0,0,0,0,0,0,0,9790938,0,13996395,123874,0,0,0,0,0,0,0,0,16384,0,0,0,0,0,0,0,0,0,0,0,5020,342,0,0,0,0,0,26465381,0,9336,27,4632,340,5020,0,0,0,0,0,0,0,0,0,0,0,0,0,0,0,0,0,0,0,0,0,0,0,0,0,0,0,0,0,0,0,0,0,0,0,0,0,0,0,0,0,0,0,0,0,0,0,0,0,0,0,0,0,110009640,0,0,0,129976195,0,0,0,0,0,0,0,79500206,149534202,186498006,57168480768,46098738,0,0,0,0,0,0,0,0,0,0,0,0,0,0,0,0,0,0,0,0,0,0,0,0,0,0,0,0,0,0,0,12545179,0,0,0,0,0,0,0
1789580900.771,0,0,0,0,0,0,0,270619834,2448578354688,809867576320,0,0,0,0,0,0,0,0,0,0,0,0,0,0,0,0,0,0,0,0,0,0,0,0,0,0,0,0,0,0,0,0,0,0,0,0,0,0,0,0,0,0,0,0,0,0,0,0,0,0,0,0,0,0,0,0,0,0,462079,149639393,45339919,0,0,0,0,0,0,0,0,0,0,0,0,0,0,0,0,0,0,0,0,0,0,0,0,0,0,0,0,0,0,0,0,0,0,0,0,0,2146091008,816332800,130987,49825,0,85,131072,149474712,0,0,1368300895,2147483648,115594339,146832382,0,0,0,0,0,0,0,0,0,0,0,0,0,0,0,0,0,0,8705043,8705126,0,97,97,6265,329,17410106,35,0,0,0,0,0,0,0,1,0,0,0,0,0,0,0,0,0,0,9791472,0,13996395,123874,0,0,0,0,0,0,0,0,16384,0,0,0,0,0,0,0,0,0,0,0,5021,342,0,0,0,0,0,26466816,0,9336,27,4632,340,5021,0,0,0,0,0,0,0,0,0,0,0,0,0,0,0,0,0,0,0,0,0,0,0,0,0,0,0,0,0,0,0,0,0,0,0,0,0,0,0,0,0,0,0,0,0,0,0,0,0,0,0,0,0,110011639,0,0,0,129983135,0,0,0,0,0,0,0,79504145,149546056,186505356,57169757184,46100001,0,0,0,0,0,0,0,0,0,0,0,0,0,0,0,0,0,0,0,0,0,0,0,0,0,0,0,0,0,0,0,12545652,0,0,0,0,0,0,0
1789580901.797,0,0,0,0,0,0,0,270635259,2448774127104,809939549696,0,0,0,0,0,0,0,0,0,0,0,0,0,0,0,0,0,0,0,0,0,0,0,0,0,0,0,0,0,0,0,0,0,0,0,0,0,0,0,0,0,0,0,0,0,0,0,0,0,0,0,0,0,0,0,0,0,0,462138,149651354,45344185,0,0,0,0,0,0,0,0,0,0,0,0,0,0,0,0,0,0,0,0,0,0,0,0,0,0,0,0,0,0,0,0,0,0,0,0,0,2145468416,794099712,130949,48468,0,123,131072,149486665,0,0,1368382365,2147483648,115605787,146841063,0,0,0,0,0,0,0,0,0,0,0,0,0,0,0,0,0,0,8705563,8705648,0,97,97,6265,329,17411180,35,0,0,0,0,0,0,0,1,0,0,0,0,0,0,0,0,0,0,9792093,0,13997840,123886,0,0,0,0,0,0,0,0,16384,0,0,0,0,0,0,0,0,0,0,0,5022,342,0,0,0,0,0,26468505,0,9336,27,4632,340,5022,0,0,0,0,0,0,0,0,0,0,0,0,0,0,0,0,0,0,0,0,0,0,0,0,0,0,0,0,0,0,0,0,0,0,0,0,0,0,0,0,0,0,0,0,0,0,0,0,0,0,0,0,0,110013717,0,0,0,129990655,0,0,0,0,0,0,0,79508470,149558021,186514545,57171092992,46101287,0,0,0,0,0,0,0,0,0,0,0,0,0,0,0,0,0,0,0,0,0,0,0,0,0,0,0,0,0,0,0,12546206,0,0,0,0,0,0,0
1789580902.823,0,0,0,0,0,0,0,270649901,2448960658944,809982964224,0,0,0,0,0,0,0,0,0,0,0,0,0,0,0,0,0,0,0,0,0,0,0,0,0,0,0,0,0,0,0,0,0,0,0,0,0,0,0,0,0,0,0,0,0,0,0,0,0,0,0,0,0,0,0,0,0,0,462176,149662762,45346739,0,0,0,0,0,0,0,0,0,0,0,0,0,0,0,0,0,0,0,0,0,0,0,0,0,0,0,0,0,0,0,0,0,0,0,0,0,2145583104,795656192,130956,48563,0,116,131072,149498062,0,0,1368458836,2147483648,115617000,146848729,0,0,0,0,0,0,0,0,0,0,0,0,0,0,0,0,0,0,8706050,8706133,0,97,97,6265,329,17412147,35,0,0,0,0,0,0,0,1,0,0,0,0,0,0,0,0,0,0,9792610,0,13997840,123886,0,0,0,0,0,0,0,0,16384,0,0,0,0,0,0,0,0,0,0,0,5023,342,0,0,0,0,0,26469895,0,9336,27,4632,340,5023,0,0,0,0,0,0,0,0,0,0,0,0,0,0,0,0,0,0,0,0,0,0,0,0,0,0,0,0,0,0,0,0,0,0,0,0,0,0,0,0,0,0,0,0,0,0,0,0,0,0,0,0,0,110015641,0,0,0,129997530,0,0,0,0,0,0,0,79512242,149569418,186521553,57172318720,46102520,0,0,0,0,0,0,0,0,0,0,0,0,0,0,0,0,0,0,0,0,0,0,0,0,0,0,0,0,0,0,0,12546663,0,0,0,0,0,0,0
1789580903.850,0,0,0,0,0,0,0,270663465,2449134460416,810021968896,0,0,0,0,0,0,0,0,0,0,0,0,0,0,0,0,0,0,0,0,0,0,0,0,0,0,0,0,0,0,0,0,0,0,0,0,0,0,0,0,0,0,0,0,0,0,0,0,0,0,0,0,0,0,0,0,0,0,462211,149673382,45349009,0,0,0,0,0,0,0,0,0,0,0,0,0,0,0,0,0,0,0,0,0,0,0,0,0,0,0,0,0,0,0,0,0,0,0,0,0,2145501184,799227904,130951,48781,0,121,131072,149508674,0,0,1368529349,2147483648,115627516,146855927,0,0,0,0,0,0,0,0,0,0,0,0,0,0,0,0,0,0,8706501,8706589,0,97,97,6265,329,17413038,35,0,0,0,0,0,0,0,1,0,0,0,0,0,0,0,0,0,0,9793120,0,13997840,123886,0,0,0,0,0,0,0,0,16384,0,0,0,0,0,0,0,0,0,0,0,5024,342,0,0,0,0,0,26471273,0,9336,27,4632,340,5024,0,0,0,0,0,0,0,0,0,0,0,0,0,0,0,0,0,0,0,0,0,0,0,0,0,0,0,0,0,0,0,0,0,0,0,0,0,0,0,0,0,0,0,0,0,0,0,0,0,0,0,0,0,110017544,0,0,0,130003917,0,0,0,0,0,0,0,79515720,149580035,186528007,57173492736,46103723,0,0,0,0,0,0,0,0,0,0,0,0,0,0,0,0,0,0,0,0,0,0,0,0,0,0,0,0,0,0,0,12547117,0,0,0,0,0,0,0
1789580904.877,0,0,0,0,0,0,0,270676143,2449295990272,810058401280,0,0,0,0,0,0,0,0,0,0,0,0,0,0,0,0,0,0,0,0,0,0,0,0,0,0,0,0,0,0,0,0,0,0,0,0,0,0,0,0,0,0,0,0,0,0,0,0,0,0,0,0,0,0,0,0,0,0,462246,149683254,45351126,0,0,0,0,0,0,0,0,0,0,0,0,0,0,0,0,0,0,0,0,0,0,0,0,0,0,0,0,0,0,0,0,0,0,0,0,0,2145157120,802979840,130930,49010,0,142,131072,149518542,0,0,1368595741,2147483648,115637288,146862907,0,0,0,0,0,0,0,0,0,0,0,0,0,0,0,0,0,0,8706916,8707006,0,97,97,6265,329,17413916,35,0,0,0,0,0,0,0,1,0,0,0,0,0,0,0,0,0,0,9793627,0,13997840,123886,0,0,0,0,0,0,0,0,16384,0,0,0,0,0,0,0,0,0,0,0,5025,342,0,0,0,0,0,26472655,0,9336,27,4632,340,5025,0,0,0,0,0,0,0,0,0,0,0,0,0,0,0,0,0,0,0,0,0,0,0,0,0,0,0,0,0,0,0,0,0,0,0,0,0,0,0,0,0,0,0,0,0,0,0,0,0,0,0,0,0,110019419,0,0,0,130010057,0,0,0,0,0,0,0,79519024,149589908,186534127,57174637568,46104904,0,0,0,0,0,0,0,0,0,0,0,0,0,0,0,0,0,0,0,0,0,0,0,0,0,0,0,0,0,0,0,12547570,0,0,0,0,0,0,0
1789580905.902,0,0,0,0,0,0,0,270687637,2449443184128,810093111296,0,0,0,0,0,0,0,0,0,0,0,0,0,0,0,0,0,0,0,0,0,0,0,0,0,0,0,0,0,0,0,0,0,0,0,0,0,0,0,0,0,0,0,0,0,0,0,0,0,0,0,0,0,0,0,0,0,0,462268,149692259,45353155,0,0,0,0,0,0,0,0,0,0,0,0,0,0,0,0,0,0,0,0,0,0,0,0,0,0,0,0,0,0,0,0,0,0,0,0,0,2145435648,802045952,130947,48953,0,125,131072,149527543,0,0,1368655425,2147483648,115646176,146868664,0,0,0,0,0,0,0,0,0,0,0,0,0,0,0,0,0,0,8707294,8707383,0,97,97,6265,329,17414629,35,0,0,0,0,0,0,0,1,0,0,0,0,0,0,0,0,0,0,9794041,0,13997840,123886,0,0,0,0,0,0,0,0,16384,0,0,0,0,0,0,0,0,0,0,0,5026,342,0,0,0,0,0,26473774,0,9336,27,4632,340,5026,0,0,0,0,0,0,0,0,0,0,0,0,0,0,0,0,0,0,0,0,0,0,0,0,0,0,0,0,0,0,0,0,0,0,0,0,0,0,0,0,0,0,0,0,0,0,0,0,0,0,0,0,0,110021080,0,0,0,130015233,0,0,0,0,0,0,0,79522133,149598903,186539867,57175641600,46105981,0,0,0,0,0,0,0,0,0,0,0,0,0,0,0,0,0,0,0,0,0,0,0,0,0,0,0,0,0,0,0,12547938,0,0,0,0,0,0,0
1789580906.928,0,0,0,0,0,0,0,270699716,2449597767168,810127244800,0,0,0,0,0,0,0,0,0,0,0,0,0,0,0,0,0,0,0,0,0,0,0,0,0,0,0,0,0,0,0,0,0,0,0,0,0,0,0,0,0,0,0,0,0,0,0,0,0,0,0,0,0,0,0,0,0,0,462297,149701702,45355163,0,0,0,0,0,0,0,0,0,0,0,0,0,0,0,0,0,0,0,0,0,0,0,0,0,0,0,0,0,0,0,0,0,0,0,0,0,2145599488,803454976,130957,49039,0,115,131072,149536980,0,0,1368718748,2147483648,115655483,146874813,0,0,0,0,0,0,0,0,0,0,0,0,0,0,0,0,0,0,8707680,8707769,0,97,97,6265,329,17415391,35,0,0,0,0,0,0,0,1,0,0,0,0,0,0,0,0,0,0,9794480,0,13997840,123886,0,0,0,0,0,0,0,0,16384,0,0,0,0,0,0,0,0,0,0,0,5027,342,0,0,0,0,0,26474971,0,9336,27,4632,340,5027,0,0,0,0,0,0,0,0,0,0,0,0,0,0,0,0,0,0,0,0,0,0,0,0,0,0,0,0,0,0,0,0,0,0,0,0,0,0,0,0,0,0,0,0,0,0,0,0,0,0,0,0,0,110022832,0,0,0,130020703,0,0,0,0,0,0,0,79525240,149608344,186545597,57176699392,46107098,0,0,0,0,0,0,0,0,0,0,0,0,0,0,0,0,0,0,0,0,0,0,0,0,0,0,0,0,0,0,0,12548329,0,0,0,0,0,0,0
1789580907.954,0,0,0,0,0,0,0,270712044,2449755020800,810165328896,0,0,0,0,0,0,0,0,0,0,0,0,0,0,0,0,0,0,0,0,0,0,0,0,0,0,0,0,0,0,0,0,0,0,0,0,0,0,0,0,0,0,0,0,0,0,0,0,0,0,0,0,0,0,0,0,0,0,462329,149711307,45357376,0,0,0,0,0,0,0,0,0,0,0,0,0,0,0,0,0,0,0,0,0,0,0,0,0,0,0,0,0,0,0,0,0,0,0,0,0,2145927168,803536896,130977,49044,0,95,131072,149546581,0,0,1368783595,2147483648,115664945,146881241,0,0,0,0,0,0,0,0,0,0,0,0,0,0,0,0,0,0,8708079,8708165,0,97,97,6265,329,17416222,35,0,0,0,0,0,0,0,1,0,0,0,0,0,0,0,0,0,0,9794907,0,13997840,123886,0,0,0,0,0,0,0,0,16384,0,0,0,0,0,0,0,0,0,0,0,5028,342,0,0,0,0,0,26476116,0,9336,27,4632,340,5028,0,0,0,0,0,0,0,0,0,0,0,0,0,0,0,0,0,0,0,0,0,0,0,0,0,0,0,0,0,0,0,0,0,0,0,0,0,0,0,0,0,0,0,0,0,0,0,0,0,0,0,0,0,110024636,0,0,0,130026461,0,0,0,0,0,0,0,79528604,149617947,186551857,57177790976,46108236,0,0,0,0,0,0,0,0,0,0,0,0,0,0,0,0,0,0,0,0,0,0,0,0,0,0,0,0,0,0,0,12548706,0,0,0,0,0,0,0
1789580908.980,0,0,0,0,0,0,0,270725927,2449931951616,810206413824,0,0,0,0,0,0,0,0,0,0,0,0,0,0,0,0,0,0,0,0,0,0,0,0,0,0,0,0,0,0,0,0,0,0,0,0,0,0,0,0,0,0,0,0,0,0,0,0,0,0,0,0,0,0,0,0,0,0,462387,149722125,45359774,0,0,0,0,0,0,0,0,0,0,0,0,0,0,0,0,0,0,0,0,0,0,0,0,0,0,0,0,0,0,0,0,0,0,0,0,0,2145648640,804372480,130960,49095,0,112,131072,149557394,0,0,1368856198,2147483648,115675673,146888825,0,0,0,0,0,0,0,0,0,0,0,0,0,0,0,0,0,0,8708521,8708606,0,97,97,6265,329,17417145,35,0,0,0,0,0,0,0,1,0,0,0,0,0,0,0,0,0,0,9795444,0,13997840,123886,0,0,0,0,0,0,0,0,16384,0,0,0,0,0,0,0,0,0,0,0,5030,342,0,0,0,0,0,26477572,0,9336,27,4632,340,5030,0,0,0,0,0,0,0,0,0,0,0,0,0,0,0,0,0,0,0,0,0,0,0,0,0,0,0,0,0,0,0,0,0,0,0,0,0,0,0,0,0,0,0,0,0,0,0,0,0,0,0,0,0,110026561,0,0,0,130032969,0,0,0,0,0,0,0,79532215,149628753,186558583,57179002368,46109446,0,0,0,0,0,0,0,0,0,0,0,0,0,0,0,0,0,0,0,0,0,0,0,0,0,0,0,0,0,0,0,12549186,0,0,0,0,0,0,0
1789580910.006,0,0,0,0,0,0,0,270738027,2450085649920,810244457472,0,0,0,0,0,0,0,0,0,0,0,0,0,0,0,0,0,0,0,0,0,0,0,0,0,0,0,0,0,0,0,0,0,0,0,0,0,0,0,0,0,0,0,0,0,0,0,0,0,0,0,0,0,0,0,0,0,0,462408,149731518,45361996,0,0,0,0,0,0,0,0,0,0,0,0,0,0,0,0,0,0,0,0,0,0,0,0,0,0,0,0,0,0,0,0,0,0,0,0,0,2144845824,802570240,130911,48985,0,161,131072,149566780,0,0,1368918637,2147483648,115684880,146895330,0,0,0,0,0,0,0,0,0,0,0,0,0,0,0,0,0,0,8708944,8709032,0,97,97,6265,329,17417931,35,0,0,0,0,0,0,0,1,0,0,0,0,0,0,0,0,0,0,9795958,0,13997968,123887,0,0,0,0,0,0,0,0,16384,0,0,0,0,0,0,0,0,0,0,0,5031,342,0,0,0,0,0,26478977,0,9336,27,4632,340,5031,0,0,0,0,0,0,0,0,0,0,0,0,0,0,0,0,0,0,0,0,0,0,0,0,0,0,0,0,0,0,0,0,0,0,0,0,0,0,0,0,0,0,0,0,0,0,0,0,0,0,0,0,0,110028328,0,0,0,130038614,0,0,0,0,0,0,0,79535437,149638141,186564674,57180084224,46110567,0,0,0,0,0,0,0,0,0,0,0,0,0,0,0,0,0,0,0,0,0,0,0,0,0,0,0,0,0,0,0,12549649,0,0,0,0,0,0,0
1789580911.033,0,0,0,0,0,0,0,270749092,2450226486784,810275476480,0,0,0,0,0,0,0,0,0,0,0,0,0,0,0,0,0,0,0,0,0,0,0,0,0,0,0,0,0,0,0,0,0,0,0,0,0,0,0,0,0,0,0,0,0,0,0,0,0,0,0,0,0,0,0,0,0,0,462426,149740115,45363812,0,0,0,0,0,0,0,0,0,0,0,0,0,0,0,0,0,0,0,0,0,0,0,0,0,0,0,0,0,0,0,0,0,0,0,0,0,2145075200,804569088,130926,49107,0,146,131072,149575372,0,0,1368976673,2147483648,115693385,146901016,0,0,0,0,0,0,0,0,0,0,0,0,0,0,0,0,0,0,8709309,8709393,0,97,97,6265,329,17418672,35,0,0,0,0,0,0,0,1,0,0,0,0,0,0,0,0,0,0,9796358,0,13997968,123887,0,0,0,0,0,0,0,0,16384,0,0,0,0,0,0,0,0,0,0,0,5032,342,0,0,0,0,0,26480048,0,9336,27,4632,340,5032,0,0,0,0,0,0,0,0,0,0,0,0,0,0,0,0,0,0,0,0,0,0,0,0,0,0,0,0,0,0,0,0,0,0,0,0,0,0,0,0,0,0,0,0,0,0,0,0,0,0,0,0,0,110029983,0,0,0,130043763,0,0,0,0,0,0,0,79538325,149646741,186569937,57181078528,46111649,0,0,0,0,0,0,0,0,0,0,0,0,0,0,0,0,0,0,0,0,0,0,0,0,0,0,0,0,0,0,0,12550003,0,0,0,0,0,0,0
1789580912.059,0,0,0,0,0,0,0,270759809,2450362260992,810306380288,0,0,0,0,0,0,0,0,0,0,0,0,0,0,0,0,0,0,0,0,0,0,0,0,0,0,0,0,0,0,0,0,0,0,0,0,0,0,0,0,0,0,0,0,0,0,0,0,0,0,0,0,0,0,0,0,0,0,462454,149748413,45365613,0,0,0,0,0,0,0,0,0,0,0,0,0,0,0,0,0,0,0,0,0,0,0,0,0,0,0,0,0,0,0,0,0,0,0,0,0,2145517568,805814272,130952,49183,0,120,131072,149583660,0,0,1369033094,2147483648,115701574,146906582,0,0,0,0,0,0,0,0,0,0,0,0,0,0,0,0,0,0,8709666,8709750,0,97,97,6265,329,17419381,35,0,0,0,0,0,0,0,1,0,0,0,0,0,0,0,0,0,0,9796740,0,13997968,123887,0,0,0,0,0,0,0,0,16384,0,0,0,0,0,0,0,0,0,0,0,5033,342,0,0,0,0,0,26481073,0,9336,27,4632,340,5033,0,0,0,0,0,0,0,0,0,0,0,0,0,0,0,0,0,0,0,0,0,0,0,0,0,0,0,0,0,0,0,0,0,0,0,0,0,0,0,0,0,0,0,0,0,0,0,0,0,0,0,0,0,110031640,0,0,0,130048745,0,0,0,0,0,0,0,79541203,149655033,186575192,57182071808,46112728,0,0,0,0,0,0,0,0,0,0,0,0,0,0,0,0,0,0,0,0,0,0,0,0,0,0,0,0,0,0,0,12550341,0,0,0,0,0,0,0
1789580913.086,0,0,0,0,0,0,0,270771600,2450511126016,810340299264,0,0,0,0,0,0,0,0,0,0,0,0,0,0,0,0,0,0,0,0,0,0,0,0,0,0,0,0,0,0,0,0,0,0,0,0,0,0,0,0,0,0,0,0,0,0,0,0,0,0,0,0,0,0,0,0,0,0,462484,149757513,45367584,0,0,0,0,0,0,0,0,0,0,0,0,0,0,0,0,0,0,0,0,0,0,0,0,0,0,0,0,0,0,0,0,0,0,0,0,0,2145484800,808386560,130950,49340,0,122,131072,149592755,0,0,1369094769,2147483648,115710576,146912962,0,0,0,0,0,0,0,0,0,0,0,0,0,0,0,0,0,0,8710075,8710164,0,97,97,6265,329,17420185,35,0,0,0,0,0,0,0,1,0,0,0,0,0,0,0,0,0,0,9797189,0,13997968,123887,0,0,0,0,0,0,0,0,16384,0,0,0,0,0,0,0,0,0,0,0,5034,342,0,0,0,0,0,26482283,0,9336,27,4632,340,5034,0,0,0,0,0,0,0,0,0,0,0,0,0,0,0,0,0,0,0,0,0,0,0,0,0,0,0,0,0,0,0,0,0,0,0,0,0,0,0,0,0,0,0,0,0,0,0,0,0,0,0,0,0,110033425,0,0,0,130054441,0,0,0,0,0,0,0,79544317,149664130,186580924,57183161856,46113868,0,0,0,0,0,0,0,0,0,0,0,0,0,0,0,0,0,0,0,0,0,0,0,0,0,0,0,0,0,0,0,12550739,0,0,0,0,0,0,0
1789580914.112,0,0,0,0,0,0,0,270783026,2450657271296,810374581760,0,0,0,0,0,0,0,0,0,0,0,0,0,0,0,0,0,0,0,0,0,0,0,0,0,0,0,0,0,0,0,0,0,0,0,0,0,0,0,0,0,0,0,0,0,0,0,0,0,0,0,0,0,0,0,0,0,0,462509,149766437,45369585,0,0,0,0,0,0,0,0,0,0,0,0,0,0,0,0,0,0,0,0,0,0,0,0,0,0,0,0,0,0,0,0,0,0,0,0,0,2145697792,808648704,130963,49356,0,109,131072,149601673,0,0,1369154962,2147483648,115719404,146918933,0,0,0,0,0,0,0,0,0,0,0,0,0,0,0,0,0,0,8710461,8710546,0,97,97,6265,329,17420960,35,0,0,0,0,0,0,0,1,0,0,0,0,0,0,0,0,0,0,9797610,0,13997968,123887,0,0,0,0,0,0,0,0,16384,0,0,0,0,0,0,0,0,0,0,0,5035,342,0,0,0,0,0,26483415,0,9336,27,4632,340,5035,0,0,0,0,0,0,0,0,0,0,0,0,0,0,0,0,0,0,0,0,0,0,0,0,0,0,0,0,0,0,0,0,0,0,0,0,0,0,0,0,0,0,0,0,0,0,0,0,0,0,0,0,0,110035185,0,0,0,130059824,0,0,0,0,0,0,0,79547444,149673051,186586683,57184211456,46114995,1,0,0,0,0,0,0,0,0,0,0,0,0,0,0,0,0,0,0,0,0,0,0,0,0,0,0,0,0,0,0,12551112,0,0,0,0,0,0,0
1789580915.138,0,0,0,0,0,0,0,270794922,2450809052672,810409044480,0,0,0,0,0,0,0,0,0,0,0,0,0,0,0,0,0,0,0,0,0,0,0,0,0,0,0,0,0,0,0,0,0,0,0,0,0,0,0,0,0,0,0,0,0,0,0,0,0,0,0,0,0,0,0,0,0,0,462533,149775710,45371604,0,0,0,0,0,0,0,0,0,0,0,0,0,0,0,0,0,0,0,0,0,0,0,0,0,0,0,0,0,0,0,0,0,0,0,0,0,2145402880,808730624,130945,49361,0,127,131072,149610940,0,0,1369217517,2147483648,115728579,146924949,0,0,0,0,0,0,0,0,0,0,0,0,0,0,0,0,0,0,8710842,8710929,0,97,97,6265,329,17421729,35,0,0,0,0,0,0,0,1,0,0,0,0,0,0,0,0,0,0,9798035,0,13997968,123887,0,0,0,0,0,0,0,0,16384,0,0,0,0,0,0,0,0,0,0,0,5036,342,0,0,0,0,0,26484562,0,9336,27,4632,340,5036,0,0,0,0,0,0,0,0,0,0,0,0,0,0,0,0,0,0,0,0,0,0,0,0,0,0,0,0,0,0,0,0,0,0,0,0,0,0,0,0,0,0,0,0,0,0,0,0,0,0,0,0,0,110036947,0,0,0,130065231,0,0,0,0,0,0,0,79550581,149682323,186592467,57185260544,46116121,0,0,0,0,0,0,0,0,0,0,0,0,0,0,0,0,0,0,0,0,0,0,0,0,0,0,0,0,0,0,0,12551489,0,0,0,0,0,0,0
1789580916.165,0,0,0,0,0,0,0,270806675,2450956443136,810441925120,0,0,0,0,0,0,0,0,0,0,0,0,0,0,0,0,0,0,0,0,0,0,0,0,0,0,0,0,0,0,0,0,0,0,0,0,0,0,0,0,0,0,0,0,0,0,0,0,0,0,0,0,0,0,0,0,0,0,462563,149784725,45373512,0,0,0,0,0,0,0,0,0,0,0,0,0,0,0,0,0,0,0,0,0,0,0,0,0,0,0,0,0,0,0,0,0,0,0,0,0,2144927744,813350912,130916,49643,0,156,131072,149619951,0,0,1369279796,2147483648,115737534,146931625,0,0,0,0,0,0,0,0,0,0,0,0,0,0,0,0,0,0,8711258,8711341,0,97,97,6265,329,17422569,35,0,0,0,0,0,0,0,1,0,0,0,0,0,0,0,0,0,0,9798527,0,13997968,123887,0,0,0,0,0,0,0,0,16384,0,0,0,0,0,0,0,0,0,0,0,5037,342,0,0,0,0,0,26485897,0,9336,27,4632,340,5037,0,0,0,0,0,0,0,0,0,0,0,0,0,0,0,0,0,0,0,0,0,0,0,0,0,0,0,0,0,0,0,0,0,0,0,0,0,0,0,0,0,0,0,0,0,0,0,0,0,0,0,0,0,110038756,0,0,0,130071126,0,0,0,0,0,0,0,79553645,149691330,186598089,57186371584,46117278,0,0,0,0,0,0,0,0,0,0,0,0,0,0,0,0,0,0,0,0,0,0,0,0,0,0,0,0,0,0,0,12551929,0,0,0,0,0,0,0
1789580917.191,0,0,0,0,0,0,0,270817528,2451094461952,810497282560,0,0,0,0,0,0,0,0,0,0,0,0,0,0,0,0,0,0,0,0,0,0,0,0,0,0,0,0,0,0,0,0,0,0,0,0,0,0,0,0,0,0,0,0,0,0,0,0,0,0,0,0,0,0,0,0,0,0,462587,149793164,45376780,0,0,0,0,0,0,0,0,0,0,0,0,0,0,0,0,0,0,0,0,0,0,0,0,0,0,0,0,0,0,0,0,0,0,0,0,0,2144731136,793116672,130904,48408,0,168,131072,149628383,0,0,1369336018,2147483648,115745455,146937562,0,0,0,0,0,0,0,0,0,0,0,0,0,0,0,0,0,0,8711634,8711716,0,97,97,6265,329,17423314,35,0,0,0,0,0,0,0,1,0,0,0,0,0,0,0,0,0,0,9798959,0,13999440,123899,0,0,0,0,0,0,0,0,16384,0,0,0,0,0,0,0,0,0,0,0,5038,342,0,0,0,0,0,26487071,0,9336,27,4632,340,5038,0,0,0,0,0,0,0,0,0,0,0,0,0,0,0,0,0,0,0,0,0,0,0,0,0,0,0,0,0,0,0,0,0,0,0,0,0,0,0,0,0,0,0,0,0,0,0,0,0,0,0,0,0,110040460,0,0,0,130076399,0,0,0,0,0,0,0,79556757,149699761,186604906,57187402240,46118362,0,0,0,0,0,0,0,0,0,0,0,0,0,0,0,0,0,0,0,0,0,0,0,0,0,0,0,0,0,0,0,12552314,0,0,0,0,0,0,0
1789580918.216,0,0,0,0,0,0,0,270827599,2451221863936,810526161408,0,0,0,0,0,0,0,0,0,0,0,0,0,0,0,0,0,0,0,0,0,0,0,0,0,0,0,0,0,0,0,0,0,0,0,0,0,0,0,0,0,0,0,0,0,0,0,0,0,0,0,0,0,0,0,0,0,0,462601,149800949,45378469,0,0,0,0,0,0,0,0,0,0,0,0,0,0,0,0,0,0,0,0,0,0,0,0,0,0,0,0,0,0,0,0,0,0,0,0,0,2144632832,794738688,130898,48507,1,173,131072,149636167,0,0,1369388646,2147483648,115753147,146942732,0,0,0,0,0,0,0,0,0,0,0,0,0,0,0,0,0,0,8711952,8712027,0,97,97,6265,329,17423986,35,0,0,0,0,0,0,0,1,0,0,0,0,0,0,0,0,0,0,9799321,0,13999440,123899,0,0,0,0,0,0,0,0,16384,0,0,0,0,0,0,0,0,0,0,0,5039,342,0,0,0,0,0,26488045,0,9336,27,4632,340,5039,0,0,0,0,0,0,0,0,0,0,0,0,0,0,0,0,0,0,0,0,0,0,0,0,0,0,0,0,0,0,0,0,0,0,0,0,0,0,0,0,0,0,0,0,0,0,0,0,0,0,0,0,0,110041997,0,0,0,130081077,0,0,0,0,0,0,0,79559425,149707550,186609806,57188331008,46119348,0,0,0,0,0,0,0,0,0,0,0,0,0,0,0,0,0,0,0,0,0,0,0,0,0,0,0,0,0,0,0,12552635,0,0,0,0,0,0,0
1789580919.243,0,0,0,0,0,0,0,270837191,2451344645632,810553450496,0,0,0,0,0,0,0,0,0,0,0,0,0,0,0,0,0,0,0,0,0,0,0,0,0,0,0,0,0,0,0,0,0,0,0,0,0,0,0,0,0,0,0,0,0,0,0,0,0,0,0,0,0,0,0,0,0,0,462614,149808450,45380061,0,0,0,0,0,0,0,0,0,0,0,0,0,0,0,0,0,0,0,0,0,0,0,0,0,0,0,0,0,0,0,0,0,0,0,0,0,2144747520,795426816,130905,48549,0,167,131072,149643660,0,0,1369438647,2147483648,115760560,146947482,0,0,0,0,0,0,0,0,0,0,0,0,0,0,0,0,0,0,8712250,8712332,0,97,97,6265,329,17424595,35,0,0,0,0,0,0,0,1,0,0,0,0,0,0,0,0,0,0,9799665,0,13999440,123899,0,0,0,0,0,0,0,0,16384,0,0,0,0,0,0,0,0,0,0,0,5040,342,0,0,0,0,0,26488969,0,9336,27,4632,340,5040,0,0,0,0,0,0,0,0,0,0,0,0,0,0,0,0,0,0,0,0,0,0,0,0,0,0,0,0,0,0,0,0,0,0,0,0,0,0,0,0,0,0,0,0,0,0,0,0,0,0,0,0,0,110043482,0,0,0,130085346,0,0,0,0,0,0,0,79561987,149715044,186614472,57189192192,46120320,0,0,0,0,0,0,0,0,0,0,0,0,0,0,0,0,0,0,0,0,0,0,0,0,0,0,0,0,0,0,0,12552941,0,0,0,0,0,0,0
1789580920.269,0,0,0,0,0,0,0,270846307,2451461185024,810579667456,0,0,0,0,0,0,0,0,0,0,0,0,0,0,0,0,0,0,0,0,0,0,0,0,0,0,0,0,0,0,0,0,0,0,0,0,0,0,0,0,0,0,0,0,0,0,0,0,0,0,0,0,0,0,0,0,0,0,462630,149815580,45381591,0,0,0,0,0,0,0,0,0,0,0,0,0,0,0,0,0,0,0,0,0,0,0,0,0,0,0,0,0,0,0,0,0,0,0,0,0,2144403456,796524544,130884,48616,0,188,131072,149650788,0,0,1369486107,2147483648,115767616,146952181,0,0,0,0,0,0,0,0,0,0,0,0,0,0,0,0,0,0,8712552,8712633,0,97,97,6265,329,17425180,35,0,0,0,0,0,0,0,1,0,0,0,0,0,0,0,0,0,0,9800003,0,13999440,123899,0,0,0,0,0,0,0,0,16384,0,0,0,0,0,0,0,0,0,0,0,5041,342,0,0,0,0,0,26489881,0,9336,27,4632,340,5041,0,0,0,0,0,0,0,0,0,0,0,0,0,0,0,0,0,0,0,0,0,0,0,0,0,0,0,0,0,0,0,0,0,0,0,0,0,0,0,0,0,0,0,0,0,0,0,0,0,0,0,0,0,110044936,0,0,0,130089547,0,0,0,0,0,0,0,79564484,149722162,186618976,57190054400,46121293,0,0,0,0,0,0,0,0,0,0,0,0,0,0,0,0,0,0,0,0,0,0,0,0,0,0,0,0,0,0,0,12553242,0,0,0,0,0,0,0
1789580921.295,0,0,0,0,0,0,0,270854929,2451570023936,810604469248,0,0,0,0,0,0,0,0,0,0,0,0,0,0,0,0,0,0,0,0,0,0,0,0,0,0,0,0,0,0,0,0,0,0,0,0,0,0,0,0,0,0,0,0,0,0,0,0,0,0,0,0,0,0,0,0,0,0,462649,149822227,45383024,0,0,0,0,0,0,0,0,0,0,0,0,0,0,0,0,0,0,0,0,0,0,0,0,0,0,0,0,0,0,0,0,0,0,0,0,0,2144092160,800423936,130865,48854,0,207,131072,149657430,0,0,1369530455,2147483648,115774199,146957178,0,0,0,0,0,0,0,0,0,0,0,0,0,0,0,0,0,0,8712866,8712949,0,97,97,6265,329,17425802,35,0,0,0,0,0,0,0,1,0,0,0,0,0,0,0,0,0,0,9800374,0,13999440,123899,0,0,0,0,0,0,0,0,16384,0,0,0,0,0,0,0,0,0,0,0,5042,342,0,0,0,0,0,26490886,0,9336,27,4632,340,5042,0,0,0,0,0,0,0,0,0,0,0,0,0,0,0,0,0,0,0,0,0,0,0,0,0,0,0,0,0,0,0,0,0,0,0,0,0,0,0,0,0,0,0,0,0,0,0,0,0,0,0,0,0,110046461,0,0,0,130093969,0,0,0,0,0,0,0,79566904,149728809,186623370,57190955520,46122278,0,0,0,0,0,0,0,0,0,0,0,0,0,0,0,0,0,0,0,0,0,0,0,0,0,0,0,0,0,0,0,12553574,0,0,0,0,0,0,0
1789580922.322,0,0,0,0,0,0,0,270863277,2451675373056,810629153280,0,0,0,0,0,0,0,0,0,0,0,0,0,0,0,0,0,0,0,0,0,0,0,0,0,0,0,0,0,0,0,0,0,0,0,0,0,0,0,0,0,0,0,0,0,0,0,0,0,0,0,0,0,0,0,0,0,0,462656,149828668,45384472,0,0,0,0,0,0,0,0,0,0,0,0,0,0,0,0,0,0,0,0,0,0,0,0,0,0,0,0,0,0,0,0,0,0,0,0,0,2144305152,800276480,130878,48845,0,194,131072,149663867,0,0,1369574549,2147483648,115780553,146961313,0,0,0,0,0,0,0,0,0,0,0,0,0,0,0,0,0,0,8713127,8713204,0,97,97,6265,329,17426352,35,0,0,0,0,0,0,0,1,0,0,0,0,0,0,0,0,0,0,9800651,0,13999440,123899,0,0,0,0,0,0,0,0,16384,0,0,0,0,0,0,0,0,0,0,0,5043,342,0,0,0,0,0,26491628,0,9336,27,4632,340,5043,0,0,0,0,0,0,0,0,0,0,0,0,0,0,0,0,0,0,0,0,0,0,0,0,0,0,0,0,0,0,0,0,0,0,0,0,0,0,0,0,0,0,0,0,0,0,0,0,0,0,0,0,0,110047802,0,0,0,130097756,0,0,0,0,0,0,0,79569240,149735253,186627593,57191729664,46123173,0,0,0,0,0,0,0,0,0,0,0,0,0,0,0,0,0,0,0,0,0,0,0,0,0,0,0,0,0,0,0,12553818,0,0,0,0,0,0,0
1789580923.348,0,0,0,0,0,0,0,270871818,2451783802368,810653928448,0,0,0,0,0,0,0,0,0,0,0,0,0,0,0,0,0,0,0,0,0,0,0,0,0,0,0,0,0,0,0,0,0,0,0,0,0,0,0,0,0,0,0,0,0,0,0,0,0,0,0,0,0,0,0,0,0,0,462669,149835296,45385897,0,0,0,0,0,0,0,0,0,0,0,0,0,0,0,0,0,0,0,0,0,0,0,0,0,0,0,0,0,0,0,0,0,0,0,0,0,2144305152,802111488,130878,48957,0,194,131072,149670494,0,0,1369618670,2147483648,115787104,146965831,0,0,0,0,0,0,0,0,0,0,0,0,0,0,0,0,0,0,8713413,8713493,0,97,97,6265,329,17426909,35,0,0,0,0,0,0,0,1,0,0,0,0,0,0,0,0,0,0,9800979,0,13999440,123899,0,0,0,0,0,0,0,0,16384,0,0,0,0,0,0,0,0,0,0,0,5044,342,0,0,0,0,0,26492516,0,9336,27,4632,340,5044,0,0,0,0,0,0,0,0,0,0,0,0,0,0,0,0,0,0,0,0,0,0,0,0,0,0,0,0,0,0,0,0,0,0,0,0,0,0,0,0,0,0,0,0,0,0,0,0,0,0,0,0,0,110049253,0,0,0,130101798,0,0,0,0,0,0,0,79571618,149741870,186631922,57192568320,46124111,0,0,0,0,0,0,0,0,0,0,0,0,0,0,0,0,0,0,0,0,0,0,0,0,0,0,0,0,0,0,0,12554111,0,0,0,0,0,0,0
1789580924.374,0,0,0,0,0,0,0,270880080,2451887005184,810679454208,0,0,0,0,0,0,0,0,0,0,0,0,0,0,0,0,0,0,0,0,0,0,0,0,0,0,0,0,0,0,0,0,0,0,0,0,0,0,0,0,0,0,0,0,0,0,0,0,0,0,0,0,0,0,0,0,0,0,462680,149841606,45387387,0,0,0,0,0,0,0,0,0,0,0,0,0,0,0,0,0,0,0,0,0,0,0,0,0,0,0,0,0,0,0,0,0,0,0,0,0,2144387072,801865728,130883,48942,0,189,131072,149676800,0,0,1369661885,2147483648,115793346,146970205,0,0,0,0,0,0,0,0,0,0,0,0,0,0,0,0,0,0,8713691,8713772,0,97,97,6265,329,17427471,35,0,0,0,0,0,0,0,1,0,0,0,0,0,0,0,0,0,0,9801294,0,13999440,123899,0,0,0,0,0,0,0,0,16384,0,0,0,0,0,0,0,0,0,0,0,5045,342,0,0,0,0,0,26493369,0,9336,27,4632,340,5045,0,0,0,0,0,0,0,0,0,0,0,0,0,0,0,0,0,0,0,0,0,0,0,0,0,0,0,0,0,0,0,0,0,0,0,0,0,0,0,0,0,0,0,0,0,0,0,0,0,0,0,0,0,110050663,0,0,0,130105743,0,0,0,0,0,0,0,79574037,149748176,186636306,57193383936,46125042,0,0,0,0,0,0,0,0,0,0,0,0,0,0,0,0,0,0,0,0,0,0,0,0,0,0,0,0,0,0,0,12554391,0,0,0,0,0,0,0
1789580925.400,0,0,0,0,0,0,0,270888053,2451988946432,810703489536,0,0,0,0,0,0,0,0,0,0,0,0,0,0,0,0,0,0,0,0,0,0,0,0,0,0,0,0,0,0,0,0,0,0,0,0,0,0,0,0,0,0,0,0,0,0,0,0,0,0,0,0,0,0,0,0,0,0,462690,149847834,45388770,0,0,0,0,0,0,0,0,0,0,0,0,0,0,0,0,0,0,0,0,0,0,0,0,0,0,0,0,0,0,0,0,0,0,0,0,0,2144452608,801914880,130887,48945,0,185,131072,149683025,0,0,1369703225,2147483648,115799520,146974286,0,0,0,0,0,0,0,0,0,0,0,0,0,0,0,0,0,0,8713952,8714032,0,97,97,6265,329,17427985,35,0,0,0,0,0,0,0,1,0,0,0,0,0,0,0,0,0,0,9801591,0,13999440,123899,0,0,0,0,0,0,0,0,16384,0,0,0,0,0,0,0,0,0,0,0,5046,342,0,0,0,0,0,26494168,0,9336,27,4632,340,5046,0,0,0,0,0,0,0,0,0,0,0,0,0,0,0,0,0,0,0,0,0,0,0,0,0,0,0,0,0,0,0,0,0,0,0,0,0,0,0,0,0,0,0,0,0,0,0,0,0,0,0,0,0,110051985,0,0,0,130109419,0,0,0,0,0,0,0,79576302,149754406,186640432,57194148864,46125907,0,0,0,0,0,0,0,0,0,0,0,0,0,0,0,0,0,0,0,0,0,0,0,0,0,0,0,0,0,0,0,12554655,0,0,0,0,0,0,0
1789580926.426,0,0,0,0,0,0,0,270895945,2452089101824,810724529152,0,0,0,0,0,0,0,0,0,0,0,0,0,0,0,0,0,0,0,0,0,0,0,0,0,0,0,0,0,0,0,0,0,0,0,0,0,0,0,0,0,0,0,0,0,0,0,0,0,0,0,0,0,0,0,0,0,0,462699,149853958,45389992,0,0,0,0,0,0,0,0,0,0,0,0,0,0,0,0,0,0,0,0,0,0,0,0,0,0,0,0,0,0,0,0,0,0,0,0,0,2144223232,804667392,130873,49113,0,199,131072,149689145,0,0,1369744315,2147483648,115805573,146978401,0,0,0,0,0,0,0,0,0,0,0,0,0,0,0,0,0,0,8714218,8714294,0,97,97,6265,329,17428518,35,0,0,0,0,0,0,0,1,0,0,0,0,0,0,0,0,0,0,9801883,0,13999440,123899,0,0,0,0,0,0,0,0,16384,0,0,0,0,0,0,0,0,0,0,0,5047,342,0,0,0,0,0,26494953,0,9336,27,4632,340,5047,0,0,0,0,0,0,0,0,0,0,0,0,0,0,0,0,0,0,0,0,0,0,0,0,0,0,0,0,0,0,0,0,0,0,0,0,0,0,0,0,0,0,0,0,0,0,0,0,0,0,0,0,0,110053371,0,0,0,130113146,0,0,0,0,0,0,0,79578431,149760520,186644249,57194935296,46126820,1,0,0,0,0,0,0,0,0,0,0,0,0,0,0,0,0,0,0,0,0,0,0,0,0,0,0,0,0,0,0,12554914,0,0,0,0,0,0,0
1789580927.452,0,0,0,0,0,0,0,270903397,2452183227904,810748050432,0,0,0,0,0,0,0,0,0,0,0,0,0,0,0,0,0,0,0,0,0,0,0,0,0,0,0,0,0,0,0,0,0,0,0,0,0,0,0,0,0,0,0,0,0,0,0,0,0,0,0,0,0,0,0,0,0,0,462707,149859712,45391378,0,0,0,0,0,0,0,0,0,0,0,0,0,0,0,0,0,0,0,0,0,0,0,0,0,0,0,0,0,0,0,0,0,0,0,0,0,2144075776,803946496,130864,49069,0,208,131072,149694899,0,0,1369783143,2147483648,115811275,146982363,0,0,0,0,0,0,0,0,0,0,0,0,0,0,0,0,0,0,8714461,8714533,0,97,97,6265,329,17429019,35,0,0,0,0,0,0,0,1,0,0,0,0,0,0,0,0,0,0,9802176,0,13999440,123899,0,0,0,0,0,0,0,0,16384,0,0,0,0,0,0,0,0,0,0,0,5048,342,0,0,0,0,0,26495753,0,9336,27,4632,340,5048,0,0,0,0,0,0,0,0,0,0,0,0,0,0,0,0,0,0,0,0,0,0,0,0,0,0,0,0,0,0,0,0,0,0,0,0,0,0,0,0,0,0,0,0,0,0,0,0,0,0,0,0,0,110054715,0,0,0,130116708,0,0,0,0,0,0,0,79580698,149766272,186648333,57195694592,46127716,0,0,0,0,0,0,0,0,0,0,0,0,0,0,0,0,0,0,0,0,0,0,0,0,0,0,0,0,0,0,0,12555176,0,0,0,0,0,0,0
1789580928.478,0,0,0,0,0,0,0,270910458,2452272520704,810768500736,0,0,0,0,0,0,0,0,0,0,0,0,0,0,0,0,0,0,0,0,0,0,0,0,0,0,0,0,0,0,0,0,0,0,0,0,0,0,0,0,0,0,0,0,0,0,0,0,0,0,0,0,0,0,0,0,0,0,462719,149865164,45392532,0,0,0,0,0,0,0,0,0,0,0,0,0,0,0,0,0,0,0,0,0,0,0,0,0,0,0,0,0,0,0,0,0,0,0,0,0,2144337920,805584896,130880,49169,0,192,131072,149700349,0,0,1369819416,2147483648,115816671,146986141,0,0,0,0,0,0,0,0,0,0,0,0,0,0,0,0,0,0,8714704,8714782,0,97,97,6265,329,17429484,35,0,0,0,0,0,0,0,1,0,0,0,0,0,0,0,0,0,0,9802464,0,13999440,123899,0,0,0,0,0,0,0,0,16384,0,0,0,0,0,0,0,0,0,0,0,5049,342,0,0,0,0,0,26496539,0,9336,27,4632,340,5049,0,0,0,0,0,0,0,0,0,0,0,0,0,0,0,0,0,0,0,0,0,0,0,0,0,0,0,0,0,0,0,0,0,0,0,0,0,0,0,0,0,0,0,0,0,0,0,0,0,0,0,0,0,110056002,0,0,0,130120059,0,0,0,0,0,0,0,79582740,149771729,186651991,57196426240,46128572,0,0,0,0,0,0,0,0,0,0,0,0,0,0,0,0,0,0,0,0,0,0,0,0,0,0,0,0,0,0,0,12555434,0,0,0,0,0,0,0
1789580929.504,0,0,0,0,0,0,0,270917288,2452359437824,810788366848,0,0,0,0,0,0,0,0,0,0,0,0,0,0,0,0,0,0,0,0,0,0,0,0,0,0,0,0,0,0,0,0,0,0,0,0,0,0,0,0,0,0,0,0,0,0,0,0,0,0,0,0,0,0,0,0,0,0,462727,149870483,45393724,0,0,0,0,0,0,0,0,0,0,0,0,0,0,0,0,0,0,0,0,0,0,0,0,0,0,0,0,0,0,0,0,0,0,0,0,0,2143420416,804765696,130824,49119,0,248,131072,149705665,0,0,1369855262,2147483648,115821988,146989577,0,0,0,0,0,0,0,0,0,0,0,0,0,0,0,0,0,0,8714916,8714996,0,97,97,6265,329,17429918,35,0,0,0,0,0,0,0,1,0,0,0,0,0,0,0,0,0,0,9802706,0,13999440,123899,0,0,0,0,0,0,0,0,16384,0,0,0,0,0,0,0,0,0,0,0,5050,342,0,0,0,0,0,26497191,0,9336,27,4632,340,5050,0,0,0,0,0,0,0,0,0,0,0,0,0,0,0,0,0,0,0,0,0,0,0,0,0,0,0,0,0,0,0,0,0,0,0,0,0,0,0,0,0,0,0,0,0,0,0,0,0,0,0,0,0,110057214,0,0,0,130123153,0,0,0,0,0,0,0,79584706,149777042,186655512,57197111296,46129384,0,0,0,0,0,0,0,0,0,0,0,0,0,0,0,0,0,0,0,0,0,0,0,0,0,0,0,0,0,0,0,12555650,0,0,0,0,0,0,0
1789580930.531,0,0,0,0,0,0,0,270923847,2452442963456,810807599104,0,0,0,0,0,0,0,0,0,0,0,0,0,0,0,0,0,0,0,0,0,0,0,0,0,0,0,0,0,0,0,0,0,0,0,0,0,0,0,0,0,0,0,0,0,0,0,0,0,0,0,0,0,0,0,0,0,0,462733,149875583,45394814,0,0,0,0,0,0,0,0,0,0,0,0,0,0,0,0,0,0,0,0,0,0,0,0,0,0,0,0,0,0,0,0,0,0,0,0,0,2143895552,806944768,130853,49252,0,219,131072,149710761,0,0,1369889774,2147483648,115827018,146993100,0,0,0,0,0,0,0,0,0,0,0,0,0,0,0,0,0,0,8715134,8715208,0,97,97,6265,329,17430386,35,0,0,0,0,0,0,0,1,0,0,0,0,0,0,0,0,0,0,9802941,0,13999440,123899,0,0,0,0,0,0,0,0,16384,0,0,0,0,0,0,0,0,0,0,0,5051,342,0,0,0,0,0,26497822,0,9336,27,4632,340,5051,0,0,0,0,0,0,0,0,0,0,0,0,0,0,0,0,0,0,0,0,0,0,0,0,0,0,0,0,0,0,0,0,0,0,0,0,0,0,0,0,0,0,0,0,0,0,0,0,0,0,0,0,0,110058447,0,0,0,130126350,0,0,0,0,0,0,0,79586648,149782140,186658977,57197802496,46130210,0,0,0,0,0,0,0,0,0,0,0,0,0,0,0,0,0,0,0,0,0,0,0,0,0,0,0,0,0,0,0,12555857,0,0,0,0,0,0,0
1789580931.557,0,0,0,0,0,0,0,270930527,2452527275520,810828097024,0,0,0,0,0,0,0,0,0,0,0,0,0,0,0,0,0,0,0,0,0,0,0,0,0,0,0,0,0,0,0,0,0,0,0,0,0,0,0,0,0,0,0,0,0,0,0,0,0,0,0,0,0,0,0,0,0,0,462746,149880733,45396006,0,0,0,0,0,0,0,0,0,0,0,0,0,0,0,0,0,0,0,0,0,0,0,0,0,0,0,0,0,0,0,0,0,0,0,0,0,2143191040,807518208,130810,49287,0,262,131072,149715907,0,0,1369924106,2147483648,115832175,146996833,0,0,0,0,0,0,0,0,0,0,0,0,0,0,0,0,0,0,8715358,8715439,0,97,97,6265,329,17430839,35,0,0,0,0,0,0,0,1,0,0,0,0,0,0,0,0,0,0,9803232,0,13999440,123899,0,0,0,0,0,0,0,0,16384,0,0,0,0,0,0,0,0,0,0,0,5052,342,0,0,0,0,0,26498616,0,9336,27,4632,340,5052,0,0,0,0,0,0,0,0,0,0,0,0,0,0,0,0,0,0,0,0,0,0,0,0,0,0,0,0,0,0,0,0,0,0,0,0,0,0,0,0,0,0,0,0,0,0,0,0,0,0,0,0,0,110059722,0,0,0,130129594,0,0,0,0,0,0,0,79588687,149787287,186662631,57198522880,46131059,0,0,0,0,0,0,0,0,0,0,0,0,0,0,0,0,0,0,0,0,0,0,0,0,0,0,0,0,0,0,0,12556119,0,0,0,0,0,0,0
1789580932.583,0,0,0,0,0,0,0,270936650,2452605722112,810846638592,0,0,0,0,0,0,0,0,0,0,0,0,0,0,0,0,0,0,0,0,0,0,0,0,0,0,0,0,0,0,0,0,0,0,0,0,0,0,0,0,0,0,0,0,0,0,0,0,0,0,0,0,0,0,0,0,0,0,462750,149885522,45397076,0,0,0,0,0,0,0,0,0,0,0,0,0,0,0,0,0,0,0,0,0,0,0,0,0,0,0,0,0,0,0,0,0,0,0,0,0,2143764480,806830080,130845,49245,0,227,131072,149720692,0,0,1369955871,2147483648,115836886,146999827,0,0,0,0,0,0,0,0,0,0,0,0,0,0,0,0,0,0,8715559,8715637,0,97,97,6265,329,17431219,35,0,0,0,0,0,0,0,1,0,0,0,0,0,0,0,0,0,0,9803448,0,13999440,123899,0,0,0,0,0,0,0,0,16384,0,0,0,0,0,0,0,0,0,0,0,5053,342,0,0,0,0,0,26499196,0,9336,27,4632,340,5053,0,0,0,0,0,0,0,0,0,0,0,0,0,0,0,0,0,0,0,0,0,0,0,0,0,0,0,0,0,0,0,0,0,0,0,0,0,0,0,0,0,0,0,0,0,0,0,0,0,0,0,0,0,110060828,0,0,0,130132300,0,0,0,0,0,0,0,79590493,149792087,186665895,57199135744,46131785,0,0,0,0,0,0,0,0,0,0,0,0,0,0,0,0,0,0,0,0,0,0,0,0,0,0,0,0,0,0,0,12556311,0,0,0,0,0,0,0
1789580933.610,0,0,0,0,0,0,0,270942830,2452683415040,810864386560,0,0,0,0,0,0,0,0,0,0,0,0,0,0,0,0,0,0,0,0,0,0,0,0,0,0,0,0,0,0,0,0,0,0,0,0,0,0,0,0,0,0,0,0,0,0,0,0,0,0,0,0,0,0,0,0,0,0,462758,149890276,45398113,0,0,0,0,0,0,0,0,0,0,0,0,0,0,0,0,0,0,0,0,0,0,0,0,0,0,0,0,0,0,0,0,0,0,0,0,0,2143420416,809107456,130824,49384,0,248,131072,149725446,0,0,1369988483,2147483648,115841617,147003233,0,0,0,0,0,0,0,0,0,0,0,0,0,0,0,0,0,0,8715765,8715840,0,97,97,6265,329,17431673,35,0,0,0,0,0,0,0,1,0,0,0,0,0,0,0,0,0,0,9803676,0,13999440,123899,0,0,0,0,0,0,0,0,16384,0,0,0,0,0,0,0,0,0,0,0,5054,342,0,0,0,0,0,26499811,0,9336,27,4632,340,5054,0,0,0,0,0,0,0,0,0,0,0,0,0,0,0,0,0,0,0,0,0,0,0,0,0,0,0,0,0,0,0,0,0,0,0,0,0,0,0,0,0,0,0,0,0,0,0,0,0,0,0,0,0,110061999,0,0,0,130135361,0,0,0,0,0,0,0,79592301,149796828,186669119,57199800832,46132566,0,0,0,0,0,0,0,0,0,0,0,0,0,0,0,0,0,0,0,0,0,0,0,0,0,0,0,0,0,0,0,12556512,0,0,0,0,0,0,0
1789580934.636,0,0,0,0,0,0,0,270948981,2452761779712,810882053632,0,0,0,0,0,0,0,0,0,0,0,0,0,0,0,0,0,0,0,0,0,0,0,0,0,0,0,0,0,0,0,0,0,0,0,0,0,0,0,0,0,0,0,0,0,0,0,0,0,0,0,0,0,0,0,0,0,0,462764,149895063,45399139,0,0,0,0,0,0,0,0,0,0,0,0,0,0,0,0,0,0,0,0,0,0,0,0,0,0,0,0,0,0,0,0,0,0,0,0,0,2143354880,809828352,130820,49428,0,252,131072,149730231,0,0,1370020221,2147483648,115846360,147006503,0,0,0,0,0,0,0,0,0,0,0,0,0,0,0,0,0,0,8715988,8716066,0,97,97,6265,329,17432049,35,0,0,0,0,0,0,0,1,0,0,0,0,0,0,0,0,0,0,9803927,0,13999440,123899,0,0,0,0,0,0,0,0,16384,0,0,0,0,0,0,0,0,0,0,0,5055,342,0,0,0,0,0,26500495,0,9336,27,4632,340,5055,0,0,0,0,0,0,0,0,0,0,0,0,0,0,0,0,0,0,0,0,0,0,0,0,0,0,0,0,0,0,0,0,0,0,0,0,0,0,0,0,0,0,0,0,0,0,0,0,0,0,0,0,0,110063173,0,0,0,130138238,0,0,0,0,0,0,0,79594112,149801613,186672339,57200458240,46133354,0,0,0,0,0,0,0,0,0,0,0,0,0,0,0,0,0,0,0,0,0,0,0,0,0,0,0,0,0,0,0,12556737,0,0,0,0,0,0,0
1789580935.662,0,0,0,0,0,0,0,270954900,2452837637632,810899978240,0,0,0,0,0,0,0,0,0,0,0,0,0,0,0,0,0,0,0,0,0,0,0,0,0,0,0,0,0,0,0,0,0,0,0,0,0,0,0,0,0,0,0,0,0,0,0,0,0,0,0,0,0,0,0,0,0,0,462770,149899695,45400167,0,0,0,0,0,0,0,0,0,0,0,0,0,0,0,0,0,0,0,0,0,0,0,0,0,0,0,0,0,0,0,0,0,0,0,0,0,2143125504,809484288,130806,49407,0,266,131072,149734863,0,0,1370051223,2147483648,115850959,147009527,0,0,0,0,0,0,0,0,0,0,0,0,0,0,0,0,0,0,8716173,8716247,0,97,97,6265,329,17432442,35,0,0,0,0,0,0,0,1,0,0,0,0,0,0,0,0,0,0,9804149,0,13999440,123899,0,0,0,0,0,0,0,0,16384,0,0,0,0,0,0,0,0,0,0,0,5056,342,0,0,0,0,0,26501095,0,9336,27,4632,340,5056,0,0,0,0,0,0,0,0,0,0,0,0,0,0,0,0,0,0,0,0,0,0,0,0,0,0,0,0,0,0,0,0,0,0,0,0,0,0,0,0,0,0,0,0,0,0,0,0,0,0,0,0,0,110064263,0,0,0,130140936,0,0,0,0,0,0,0,79595900,149806249,186675513,57201069568,46134099,0,0,0,0,0,0,0,0,0,0,0,0,0,0,0,0,0,0,0,0,0,0,0,0,0,0,0,0,0,0,0,12556935,0,0,0,0,0,0,0
1789580936.690,0,0,0,0,0,0,0,270960786,2452912119296,810916038656,0,0,0,0,0,0,0,0,0,0,0,0,0,0,0,0,0,0,0,0,0,0,0,0,0,0,0,0,0,0,0,0,0,0,0,0,0,0,0,0,0,0,0,0,0,0,0,0,0,0,0,0,0,0,0,0,0,0,462773,149904239,45401120,0,0,0,0,0,0,0,0,0,0,0,0,0,0,0,0,0,0,0,0,0,0,0,0,0,0,0,0,0,0,0,0,0,0,0,0,0,2143109120,810647552,130805,49478,0,267,131072,149739407,0,0,1370082114,2147483648,115855467,147012578,0,0,0,0,0,0,0,0,0,0,0,0,0,0,0,0,0,0,8716357,8716432,0,97,97,6265,329,17432840,35,0,0,0,0,0,0,0,1,0,0,0,0,0,0,0,0,0,0,9804356,0,13999440,123899,0,0,0,0,0,0,0,0,16384,0,0,0,0,0,0,0,0,0,0,0,5057,342,0,0,0,0,0,26501650,0,9336,27,4632,340,5057,0,0,0,0,0,0,0,0,0,0,0,0,0,0,0,0,0,0,0,0,0,0,0,0,0,0,0,0,0,0,0,0,0,0,0,0,0,0,0,0,0,0,0,0,0,0,0,0,0,0,0,0,0,110065342,0,0,0,130143700,0,0,0,0,0,0,0,79597556,149810796,186678451,57201668096,46134826,1,0,0,0,0,0,0,0,0,0,0,0,0,0,0,0,0,0,0,0,0,0,0,0,0,0,0,0,0,0,0,12557118,0,0,0,0,0,0,0
1789580937.715,0,0,0,0,0,0,0,270966639,2452986076672,810934098944,0,0,0,0,0,0,0,0,0,0,0,0,0,0,0,0,0,0,0,0,0,0,0,0,0,0,0,0,0,0,0,0,0,0,0,0,0,0,0,0,0,0,0,0,0,0,0,0,0,0,0,0,0,0,0,0,0,0,462776,149908758,45402161,0,0,0,0,0,0,0,0,0,0,0,0,0,0,0,0,0,0,0,0,0,0,0,0,0,0,0,0,0,0,0,0,0,0,0,0,0,2143272960,809926656,130815,49434,0,257,131072,149743925,0,0,1370112522,2147483648,115859936,147015674,0,0,0,0,0,0,0,0,0,0,0,0,0,0,0,0,0,0,8716558,8716636,0,97,97,6265,329,17433221,35,0,0,0,0,0,0,0,1,0,0,0,0,0,0,0,0,0,0,9804588,0,13999440,123899,0,0,0,0,0,0,0,0,16384,0,0,0,0,0,0,0,0,0,0,0,5058,342,0,0,0,0,0,26502279,0,9336,27,4632,340,5058,0,0,0,0,0,0,0,0,0,0,0,0,0,0,0,0,0,0,0,0,0,0,0,0,0,0,0,0,0,0,0,0,0,0,0,0,0,0,0,0,0,0,0,0,0,0,0,0,0,0,0,0,0,110066429,0,0,0,130146455,0,0,0,0,0,0,0,79599339,149815311,186681638,57202288128,46135559,0,0,0,0,0,0,0,0,0,0,0,0,0,0,0,0,0,0,0,0,0,0,0,0,0,0,0,0,0,0,0,12557326,0,0,0,0,0,0,0
1789580938.742,0,0,0,0,0,0,0,270972440,2453059509760,810950955520,0,0,0,0,0,0,0,0,0,0,0,0,0,0,0,0,0,0,0,0,0,0,0,0,0,0,0,0,0,0,0,0,0,0,0,0,0,0,0,0,0,0,0,0,0,0,0,0,0,0,0,0,0,0,0,0,0,0,462776,149913248,45403136,0,0,0,0,0,0,0,0,0,0,0,0,0,0,0,0,0,0,0,0,0,0,0,0,0,0,0,0,0,0,0,0,0,0,0,0,0,2143289344,810270720,130816,49455,0,256,131072,149748412,0,0,1370142920,2147483648,115864374,147018607,0,0,0,0,0,0,0,0,0,0,0,0,0,0,0,0,0,0,8716739,8716819,0,97,97,6265,329,17433617,35,0,0,0,0,0,0,0,1,0,0,0,0,0,0,0,0,0,0,9804792,0,13999440,123899,0,0,0,0,0,0,0,0,16384,0,0,0,0,0,0,0,0,0,0,0,5059,342,0,0,0,0,0,26502824,0,9336,27,4632,340,5059,0,0,0,0,0,0,0,0,0,0,0,0,0,0,0,0,0,0,0,0,0,0,0,0,0,0,0,0,0,0,0,0,0,0,0,0,0,0,0,0,0,0,0,0,0,0,0,0,0,0,0,0,0,110067521,0,0,0,130149121,0,0,0,0,0,0,0,79601041,149819801,186684688,57202887680,46136282,0,0,0,0,0,0,0,0,0,0,0,0,0,0,0,0,0,0,0,0,0,0,0,0,0,0,0,0,0,0,0,12557505,0,0,0,0,0,0,0
1789580939.768,0,0,0,0,0,0,0,270978301,2453133827584,810967140352,0,0,0,0,0,0,0,0,0,0,0,0,0,0,0,0,0,0,0,0,0,0,0,0,0,0,0,0,0,0,0,0,0,0,0,0,0,0,0,0,0,0,0,0,0,0,0,0,0,0,0,0,0,0,0,0,0,0,462779,149917791,45404080,0,0,0,0,0,0,0,0,0,0,0,0,0,0,0,0,0,0,0,0,0,0,0,0,0,0,0,0,0,0,0,0,0,0,0,0,0,2143125504,811991040,130806,49560,0,266,131072,149752954,0,0,1370173598,2147483648,115868886,147021791,0,0,0,0,0,0,0,0,0,0,0,0,0,0,0,0,0,0,8716951,8717021,0,97,97,6265,329,17434012,35,0,0,0,0,0,0,0,1,0,0,0,0,0,0,0,0,0,0,9805021,0,13999440,123899,0,0,0,0,0,0,0,0,16384,0,0,0,0,0,0,0,0,0,0,0,5060,342,0,0,0,0,0,26503453,0,9336,27,4632,340,5060,0,0,0,0,0,0,0,0,0,0,0,0,0,0,0,0,0,0,0,0,0,0,0,0,0,0,0,0,0,0,0,0,0,0,0,0,0,0,0,0,0,0,0,0,0,0,0,0,0,0,0,0,0,110068670,0,0,0,130151966,0,0,0,0,0,0,0,79602731,149824338,186687704,57203530752,46137038,0,0,0,0,0,0,0,0,0,0,0,0,0,0,0,0,0,0,0,0,0,0,0,0,0,0,0,0,0,0,0,12557710,0,0,0,0,0,0,0
1789580940.794,0,0,0,0,0,0,0,270984041,2453206654464,810984869376,0,0,0,0,0,0,0,0,0,0,0,0,0,0,0,0,0,0,0,0,0,0,0,0,0,0,0,0,0,0,0,0,0,0,0,0,0,0,0,0,0,0,0,0,0,0,0,0,0,0,0,0,0,0,0,0,0,0,462782,149922241,45405093,0,0,0,0,0,0,0,0,0,0,0,0,0,0,0,0,0,0,0,0,0,0,0,0,0,0,0,0,0,0,0,0,0,0,0,0,0,2143322112,812089344,130818,49566,0,254,131072,149757404,0,0,1370203358,2147483648,115873282,147024864,0,0,0,0,0,0,0,0,0,0,0,0,0,0,0,0,0,0,8717140,8717221,0,97,97,6265,329,17434394,35,0,0,0,0,0,0,0,1,0,0,0,0,0,0,0,0,0,0,9805246,0,13999440,123899,0,0,0,0,0,0,0,0,16384,0,0,0,0,0,0,0,0,0,0,0,5061,342,0,0,0,0,0,26504058,0,9336,27,4632,340,5061,0,0,0,0,0,0,0,0,0,0,0,0,0,0,0,0,0,0,0,0,0,0,0,0,0,0,0,0,0,0,0,0,0,0,0,0,0,0,0,0,0,0,0,0,0,0,0,0,0,0,0,0,0,110069775,0,0,0,130154701,0,0,0,0,0,0,0,79604506,149828785,186690871,57204151808,46137783,1,0,0,0,0,0,0,0,0,0,0,0,0,0,0,0,0,0,0,0,0,0,0,0,0,0,0,0,0,0,0,12557911,0,0,0,0,0,0,0
1789580941.821,0,0,0,0,0,0,0,270989790,2453280185856,811004550144,0,0,0,0,0,0,0,0,0,0,0,0,0,0,0,0,0,0,0,0,0,0,0,0,0,0,0,0,0,0,0,0,0,0,0,0,0,0,0,0,0,0,0,0,0,0,0,0,0,0,0,0,0,0,0,0,0,0,462784,149926732,45406187,0,0,0,0,0,0,0,0,0,0,0,0,0,0,0,0,0,0,0,0,0,0,0,0,0,0,0,0,0,0,0,0,0,0,0,0,0,2142830592,809238528,130788,49392,0,284,131072,149761893,0,0,1370233245,2147483648,115877721,147027626,0,0,0,0,0,0,0,0,0,0,0,0,0,0,0,0,0,0,8717323,8717401,0,97,97,6265,329,17434751,35,0,0,0,0,0,0,0,1,0,0,0,0,0,0,0,0,0,0,9805445,0,13999440,123900,0,0,0,0,0,0,0,0,16384,0,0,0,0,0,0,0,0,0,0,0,5062,342,0,0,0,0,0,26504595,0,9336,27,4632,340,5062,0,0,0,0,0,0,0,0,0,0,0,0,0,0,0,0,0,0,0,0,0,0,0,0,0,0,0,0,0,0,0,0,0,0,0,0,0,0,0,0,0,0,0,0,0,0,0,0,0,0,0,0,0,110070777,0,0,0,130157191,0,0,0,0,0,0,0,79606217,149833276,186694055,57204711424,46138466,0,0,0,0,0,0,0,0,0,0,0,0,0,0,0,0,0,0,0,0,0,0,0,0,0,0,0,0,0,0,0,12558087,0,0,0,0,0,0,0
1789580942.846,0,0,0,0,0,0,0,270996403,2453364071936,811022786048,0,0,0,0,0,0,0,0,0,0,0,0,0,0,0,0,0,0,0,0,0,0,0,0,0,0,0,0,0,0,0,0,0,0,0,0,0,0,0,0,0,0,0,0,0,0,0,0,0,0,0,0,0,0,0,0,0,0,462787,149931861,45407323,0,0,0,0,0,0,0,0,0,0,0,0,0,0,0,0,0,0,0,0,0,0,0,0,0,0,0,0,0,0,0,0,0,0,0,0,0,2143076352,810860544,130803,49491,0,269,131072,149767021,0,0,1370268232,2147483648,115882705,147031255,0,0,0,0,0,0,0,0,0,0,0,0,0,0,0,0,0,0,8717542,8717623,0,97,97,6265,329,17435227,35,0,0,0,0,0,0,0,1,0,0,0,0,0,0,0,0,0,0,9805695,0,13999568,123900,0,0,0,0,0,0,0,0,16384,0,0,0,0,0,0,0,0,0,0,0,5063,342,0,0,0,0,0,26505269,0,9336,27,4632,340,5063,0,0,0,0,0,0,0,0,0,0,0,0,0,0,0,0,0,0,0,0,0,0,0,0,0,0,0,0,0,0,0,0,0,0,0,0,0,0,0,0,0,0,0,0,0,0,0,0,0,0,0,0,0,110071965,0,0,0,130160478,0,0,0,0,0,0,0,79608053,149838400,186697353,57205391360,46139247,0,0,0,0,0,0,0,0,0,0,0,0,0,0,0,0,0,0,0,0,0,0,0,0,0,0,0,0,0,0,0,12558309,0,0,0,0,0,0,0
1789580943.874,0,0,0,0,0,0,0,271003544,2453454675456,811044723200,0,0,0,0,0,0,0,0,0,0,0,0,0,0,0,0,0,0,0,0,0,0,0,0,0,0,0,0,0,0,0,0,0,0,0,0,0,0,0,0,0,0,0,0,0,0,0,0,0,0,0,0,0,0,0,0,0,0,462790,149937402,45408571,0,0,0,0,0,0,0,0,0,0,0,0,0,0,0,0,0,0,0,0,0,0,0,0,0,0,0,0,0,0,0,0,0,0,0,0,0,2143272960,810090496,130815,49444,0,257,131072,149772561,0,0,1370305223,2147483648,115888169,147034942,0,0,0,0,0,0,0,0,0,0,0,0,0,0,0,0,0,0,8717789,8717866,0,97,97,6265,329,17435681,35,0,0,0,0,0,0,0,1,0,0,0,0,0,0,0,0,0,0,9805971,0,13999568,123900,0,0,0,0,0,0,0,0,16384,0,0,0,0,0,0,0,0,0,0,0,5064,342,0,0,0,0,0,26506016,0,9336,27,4632,340,5064,0,0,0,0,0,0,0,0,0,0,0,0,0,0,0,0,0,0,0,0,0,0,0,0,0,0,0,0,0,0,0,0,0,0,0,0,0,0,0,0,0,0,0,0,0,0,0,0,0,0,0,0,0,110073208,0,0,0,130163750,0,0,0,0,0,0,0,79610172,149843934,186701151,57206100992,46140089,0,0,0,0,0,0,0,0,0,0,0,0,0,0,0,0,0,0,0,0,0,0,0,0,0,0,0,0,0,0,0,12558554,0,0,0,0,0,0,0
1789580944.900,0,0,0,0,0,0,0,271010261,2453540478464,811064338944,0,0,0,0,0,0,0,0,0,0,0,0,0,0,0,0,0,0,0,0,0,0,0,0,0,0,0,0,0,0,0,0,0,0,0,0,0,0,0,0,0,0,0,0,0,0,0,0,0,0,0,0,0,0,0,0,0,0,462790,149942644,45409732,0,0,0,0,0,0,0,0,0,0,0,0,0,0,0,0,0,0,0,0,0,0,0,0,0,0,0,0,0,0,0,0,0,0,0,0,0,2142863360,810205184,130790,49451,0,282,131072,149777801,0,0,1370340563,2147483648,115893388,147038353,0,0,0,0,0,0,0,0,0,0,0,0,0,0,0,0,0,0,8718004,8718078,0,97,97,6265,329,17436133,35,0,0,0,0,0,0,0,1,0,0,0,0,0,0,0,0,0,0,9806210,0,13999568,123900,0,0,0,0,0,0,0,0,16384,0,0,0,0,0,0,0,0,0,0,0,5065,342,0,0,0,0,0,26506670,0,9336,27,4632,340,5065,0,0,0,0,0,0,0,0,0,0,0,0,0,0,0,0,0,0,0,0,0,0,0,0,0,0,0,0,0,0,0,0,0,0,0,0,0,0,0,0,0,0,0,0,0,0,0,0,0,0,0,0,0,110074383,0,0,0,130166856,0,0,0,0,0,0,0,79612093,149849175,186704606,57206764544,46140869,0,0,0,0,0,0,0,0,0,0,0,0,0,0,0,0,0,0,0,0,0,0,0,0,0,0,0,0,0,0,0,12558767,0,0,0,0,0,0,0
1789580945.926,0,0,0,0,0,0,0,271017174,2453628657152,811083998208,0,0,0,0,0,0,0,0,0,0,0,0,0,0,0,0,0,0,0,0,0,0,0,0,0,0,0,0,0,0,0,0,0,0,0,0,0,0,0,0,0,0,0,0,0,0,0,0,0,0,0,0,0,0,0,0,0,0,462793,149948029,45410858,0,0,0,0,0,0,0,0,0,0,0,0,0,0,0,0,0,0,0,0,0,0,0,0,0,0,0,0,0,0,0,0,0,0,0,0,0,2143191040,812269568,130810,49577,0,262,131072,149783183,0,0,1370376742,2147483648,115898693,147042098,0,0,0,0,0,0,0,0,0,0,0,0,0,0,0,0,0,0,8718240,8718313,0,97,97,6265,329,17436619,35,0,0,0,0,0,0,0,1,0,0,0,0,0,0,0,0,0,0,9806473,0,13999568,123900,0,0,0,0,0,0,0,0,16384,0,0,0,0,0,0,0,0,0,0,0,5066,342,0,0,0,0,0,26507377,0,9336,27,4632,340,5066,0,0,0,0,0,0,0,0,0,0,0,0,0,0,0,0,0,0,0,0,0,0,0,0,0,0,0,0,0,0,0,0,0,0,0,0,0,0,0,0,0,0,0,0,0,0,0,0,0,0,0,0,0,110075628,0,0,0,130170218,0,0,0,0,0,0,0,79614046,149854561,186708125,57207473664,46141683,0,0,0,0,0,0,0,0,0,0,0,0,0,0,0,0,0,0,0,0,0,0,0,0,0,0,0,0,0,0,0,12559000,0,0,0,0,0,0,0
1789580946.952,0,0,0,0,0,0,0,271023780,2453713329664,811104060416,0,0,0,0,0,0,0,0,0,0,0,0,0,0,0,0,0,0,0,0,0,0,0,0,0,0,0,0,0,0,0,0,0,0,0,0,0,0,0,0,0,0,0,0,0,0,0,0,0,0,0,0,0,0,0,0,0,0,462796,149953206,45412034,0,0,0,0,0,0,0,0,0,0,0,0,0,0,0,0,0,0,0,0,0,0,0,0,0,0,0,0,0,0,0,0,0,0,0,0,0,2143043584,810876928,130801,49492,0,271,131072,149788359,0,0,1370411034,2147483648,115903806,147045418,0,0,0,0,0,0,0,0,0,0,0,0,0,0,0,0,0,0,8718457,8718538,0,97,97,6265,329,17437022,35,0,0,0,0,0,0,0,1,0,0,0,0,0,0,0,0,0,0,9806725,0,13999568,123900,0,0,0,0,0,0,0,0,16384,0,0,0,0,0,0,0,0,0,0,0,5067,342,0,0,0,0,0,26508067,0,9336,27,4632,340,5067,0,0,0,0,0,0,0,0,0,0,0,0,0,0,0,0,0,0,0,0,0,0,0,0,0,0,0,0,0,0,0,0,0,0,0,0,0,0,0,0,0,0,0,0,0,0,0,0,0,0,0,0,0,110076804,0,0,0,130173160,0,0,0,0,0,0,0,79615997,149859735,186711638,57208135168,46142465,0,0,0,0,0,0,0,0,0,0,0,0,0,0,0,0,0,0,0,0,0,0,0,0,0,0,0,0,0,0,0,12559225,0,0,0,0,0,0,0
1789580947.979,0,0,0,0,0,0,0,271030382,2453796756992,811122112512,0,0,0,0,0,0,0,0,0,0,0,0,0,0,0,0,0,0,0,0,0,0,0,0,0,0,0,0,0,0,0,0,0,0,0,0,0,0,0,0,0,0,0,0,0,0,0,0,0,0,0,0,0,0,0,0,0,0,462797,149958311,45413087,0,0,0,0,0,0,0,0,0,0,0,0,0,0,0,0,0,0,0,0,0,0,0,0,0,0,0,0,0,0,0,0,0,0,0,0,0,2142945280,812793856,130795,49609,0,277,131072,149793456,0,0,1370446156,2147483648,115908853,147048906,0,0,0,0,0,0,0,0,0,0,0,0,0,0,0,0,0,0,8718678,8718756,0,97,97,6265,329,17437473,35,0,0,0,0,0,0,0,1,0,0,0,0,0,0,0,0,0,0,9806972,0,13999568,123900,0,0,0,0,0,0,0,0,16384,0,0,0,0,0,0,0,0,0,0,0,5069,342,0,0,0,0,0,26508731,0,9336,27,4632,340,5069,0,0,0,0,0,0,0,0,0,0,0,0,0,0,0,0,0,0,0,0,0,0,0,0,0,0,0,0,0,0,0,0,0,0,0,0,0,0,0,0,0,0,0,0,0,0,0,0,0,0,0,0,0,110078006,0,0,0,130176321,0,0,0,0,0,0,0,79617841,149864837,186714928,57208810496,46143264,0,0,0,0,0,0,0,0,0,0,0,0,0,0,0,0,0,0,0,0,0,0,0,0,0,0,0,0,0,0,0,12559445,0,0,0,0,0,0,0
1789580949.005,0,0,0,0,0,0,0,271037124,2453882920448,811142409728,0,0,0,0,0,0,0,0,0,0,0,0,0,0,0,0,0,0,0,0,0,0,0,0,0,0,0,0,0,0,0,0,0,0,0,0,0,0,0,0,0,0,0,0,0,0,0,0,0,0,0,0,0,0,0,0,0,0,462800,149963579,45414254,0,0,0,0,0,0,0,0,0,0,0,0,0,0,0,0,0,0,0,0,0,0,0,0,0,0,0,0,0,0,0,0,0,0,0,0,0,2143256576,813842432,130814,49673,0,258,131072,149798723,0,0,1370481163,2147483648,115914038,147052537,0,0,0,0,0,0,0,0,0,0,0,0,0,0,0,0,0,0,8718912,8718989,0,97,97,6265,329,17437947,35,0,0,0,0,0,0,0,1,0,0,0,0,0,0,0,0,0,0,9807232,0,13999568,123900,0,0,0,0,0,0,0,0,16384,0,0,0,0,0,0,0,0,0,0,0,5070,342,0,0,0,0,0,26509426,0,9336,27,4632,340,5070,0,0,0,0,0,0,0,0,0,0,0,0,0,0,0,0,0,0,0,0,0,0,0,0,0,0,0,0,0,0,0,0,0,0,0,0,0,0,0,0,0,0,0,0,0,0,0,0,0,0,0,0,0,110079225,0,0,0,130179584,0,0,0,0,0,0,0,79619820,149870102,186718509,57209503744,46144062,0,0,0,0,0,0,0,0,0,0,0,0,0,0,0,0,0,0,0,0,0,0,0,0,0,0,0,0,0,0,0,12559675,0,0,0,0,0,0,0
1789580950.031,0,0,0,0,0,0,0,271043400,2453964021248,811161219584,0,0,0,0,0,0,0,0,0,0,0,0,0,0,0,0,0,0,0,0,0,0,0,0,0,0,0,0,0,0,0,0,0,0,0,0,0,0,0,0,0,0,0,0,0,0,0,0,0,0,0,0,0,0,0,0,0,0,462801,149968539,45415366,0,0,0,0,0,0,0,0,0,0,0,0,0,0,0,0,0,0,0,0,0,0,0,0,0,0,0,0,0,0,0,0,0,0,0,0,0,2143584256,811909120,130834,49555,0,238,131072,149803681,0,0,1370514142,2147483648,115918907,147055490,0,0,0,0,0,0,0,0,0,0,0,0,0,0,0,0,0,0,8719105,8719182,0,97,97,6265,329,17438319,35,0,0,0,0,0,0,0,1,0,0,0,0,0,0,0,0,0,0,9807451,0,13999568,123900,0,0,0,0,0,0,0,0,16384,0,0,0,0,0,0,0,0,0,0,0,5071,342,0,0,0,0,0,26510024,0,9336,27,4632,340,5071,0,0,0,0,0,0,0,0,0,0,0,0,0,0,0,0,0,0,0,0,0,0,0,0,0,0,0,0,0,0,0,0,0,0,0,0,0,0,0,0,0,0,0,0,0,0,0,0,0,0,0,0,0,110080328,0,0,0,130182256,0,0,0,0,0,0,0,79621666,149875060,186721802,57210114560,46144812,0,0,0,0,0,0,0,0,0,0,0,0,0,0,0,0,0,0,0,0,0,0,0,0,0,0,0,0,0,0,0,12559870,0,0,0,0,0,0,0
1789580951.058,0,0,0,0,0,0,0,271050059,2454047350272,811179142656,0,0,0,0,0,0,0,0,0,0,0,0,0,0,0,0,0,0,0,0,0,0,0,0,0,0,0,0,0,0,0,0,0,0,0,0,0,0,0,0,0,0,0,0,0,0,0,0,0,0,0,0,0,0,0,0,0,0,462802,149973634,45416403,0,0,0,0,0,0,0,0,0,0,0,0,0,0,0,0,0,0,0,0,0,0,0,0,0,0,0,0,0,0,0,0,0,0,0,0,0,2143109120,815251456,130805,49759,0,267,131072,149808773,0,0,1370549152,2147483648,115923968,147059147,0,0,0,0,0,0,0,0,0,0,0,0,0,0,0,0,0,0,8719340,8719416,0,97,97,6265,329,17438796,35,0,0,0,0,0,0,0,1,0,0,0,0,0,0,0,0,0,0,9807713,0,13999568,123900,0,0,0,0,0,0,0,0,16384,0,0,0,0,0,0,0,0,0,0,0,5072,342,0,0,0,0,0,26510739,0,9336,27,4632,340,5072,0,0,0,0,0,0,0,0,0,0,0,0,0,0,0,0,0,0,0,0,0,0,0,0,0,0,0,0,0,0,0,0,0,0,0,0,0,0,0,0,0,0,0,0,0,0,0,0,0,0,0,0,0,110081575,0,0,0,130185570,0,0,0,0,0,0,0,79623528,149880154,186725119,57210815488,46145640,0,0,0,0,0,0,0,0,0,0,0,0,0,0,0,0,0,0,0,0,0,0,0,0,0,0,0,0,0,0,0,12560103,0,0,0,0,0,0,0
1789580952.084,0,0,0,0,0,0,0,271056620,2454131727872,811199479296,0,0,0,0,0,0,0,0,0,0,0,0,0,0,0,0,0,0,0,0,0,0,0,0,0,0,0,0,0,0,0,0,0,0,0,0,0,0,0,0,0,0,0,0,0,0,0,0,0,0,0,0,0,0,0,0,0,0,462805,149978793,45417567,0,0,0,0,0,0,0,0,0,0,0,0,0,0,0,0,0,0,0,0,0,0,0,0,0,0,0,0,0,0,0,0,0,0,0,0,0,2143322112,815366144,130818,49766,0,254,131072,149813929,0,0,1370583174,2147483648,115929061,147062632,0,0,0,0,0,0,0,0,0,0,0,0,0,0,0,0,0,0,8719561,8719629,0,97,97,6265,329,17439243,35,0,0,0,0,0,0,0,1,0,0,0,0,0,0,0,0,0,0,9807956,0,13999568,123900,0,0,0,0,0,0,0,0,16384,0,0,0,0,0,0,0,0,0,0,0,5073,342,0,0,0,0,0,26511394,0,9336,27,4632,340,5073,0,0,0,0,0,0,0,0,0,0,0,0,0,0,0,0,0,0,0,0,0,0,0,0,0,0,0,0,0,0,0,0,0,0,0,0,0,0,0,0,0,0,0,0,0,0,0,0,0,0,0,0,0,110082761,0,0,0,130188704,0,0,0,0,0,0,0,79625501,149885316,186728675,57211489280,46146428,0,0,0,0,0,0,0,0,0,0,0,0,0,0,0,0,0,0,0,0,0,0,0,0,0,0,0,0,0,0,0,12560318,0,0,0,0,0,0,0
1789580953.111,0,0,0,0,0,0,0,271062844,2454210272768,811217948672,0,0,0,0,0,0,0,0,0,0,0,0,0,0,0,0,0,0,0,0,0,0,0,0,0,0,0,0,0,0,0,0,0,0,0,0,0,0,0,0,0,0,0,0,0,0,0,0,0,0,0,0,0,0,0,0,0,0,462808,149983598,45418651,0,0,0,0,0,0,0,0,0,0,0,0,0,0,0,0,0,0,0,0,0,0,0,0,0,0,0,0,0,0,0,0,0,0,0,0,0,2143076352,814333952,130803,49703,0,268,131072,149818732,0,0,1370615941,2147483648,115933835,147065721,0,0,0,0,0,0,0,0,0,0,0,0,0,0,0,0,0,0,8719760,8719839,0,97,97,6265,329,17439624,35,0,0,0,0,0,0,0,1,0,0,0,0,0,0,0,0,0,0,9808189,0,13999568,123900,0,0,0,0,0,0,0,0,16384,0,0,0,0,0,0,0,0,0,0,0,5074,342,0,0,0,0,0,26512041,0,9336,27,4632,340,5074,0,0,0,0,0,0,0,0,0,0,0,0,0,0,0,0,0,0,0,0,0,0,0,0,0,0,0,0,0,0,0,0,0,0,0,0,0,0,0,0,0,0,0,0,0,0,0,0,0,0,0,0,0,110083891,0,0,0,130191461,0,0,0,0,0,0,0,79627337,149890114,186731951,57212123136,46147193,0,0,0,0,0,0,0,0,0,0,0,0,0,0,0,0,0,0,0,0,0,0,0,0,0,0,0,0,0,0,0,12560527,0,0,0,0,0,0,0
1789580954.136,0,0,0,0,0,0,0,271069242,2454291275264,811235307520,0,0,0,0,0,0,0,0,0,0,0,0,0,0,0,0,0,0,0,0,0,0,0,0,0,0,0,0,0,0,0,0,0,0,0,0,0,0,0,0,0,0,0,0,0,0,0,0,0,0,0,0,0,0,0,0,0,0,462811,149988553,45419654,0,0,0,0,0,0,0,0,0,0,0,0,0,0,0,0,0,0,0,0,0,0,0,0,0,0,0,0,0,0,0,0,0,0,0,0,0,2143256576,817037312,130814,49868,0,258,131072,149823688,0,0,1370649636,2147483648,115938711,147069152,0,0,0,0,0,0,0,0,0,0,0,0,0,0,0,0,0,0,8719977,8720051,0,97,97,6265,329,17440082,35,0,0,0,0,0,0,0,1,0,0,0,0,0,0,0,0,0,0,9808424,0,13999568,123900,0,0,0,0,0,0,0,0,16384,0,0,0,0,0,0,0,0,0,0,0,5075,342,0,0,0,0,0,26512673,0,9336,27,4632,340,5075,0,0,0,0,0,0,0,0,0,0,0,0,0,0,0,0,0,0,0,0,0,0,0,0,0,0,0,0,0,0,0,0,0,0,0,0,0,0,0,0,0,0,0,0,0,0,0,0,0,0,0,0,0,110085079,0,0,0,130194570,0,0,0,0,0,0,0,79629121,149895058,186735144,57212792320,46147974,0,0,0,0,0,0,0,0,0,0,0,0,0,0,0,0,0,0,0,0,0,0,0,0,0,0,0,0,0,0,0,12560734,0,0,0,0,0,0,0
1789580955.162,0,0,0,0,0,0,0,271075722,2454373162496,811254966272,0,0,0,0,0,0,0,0,0,0,0,0,0,0,0,0,0,0,0,0,0,0,0,0,0,0,0,0,0,0,0,0,0,0,0,0,0,0,0,0,0,0,0,0,0,0,0,0,0,0,0,0,0,0,0,0,0,0,462815,149993548,45420790,0,0,0,0,0,0,0,0,0,0,0,0,0,0,0,0,0,0,0,0,0,0,0,0,0,0,0,0,0,0,0,0,0,0,0,0,0,2143109120,816611328,130805,49842,0,267,131072,149828680,0,0,1370683397,2147483648,115943677,147072573,0,0,0,0,0,0,0,0,0,0,0,0,0,0,0,0,0,0,8720199,8720272,0,97,97,6265,329,17440517,35,0,0,0,0,0,0,0,1,0,0,0,0,0,0,0,0,0,0,9808675,0,13999568,123900,0,0,0,0,0,0,0,0,16384,0,0,0,0,0,0,0,0,0,0,0,5076,342,0,0,0,0,0,26513352,0,9336,27,4632,340,5076,0,0,0,0,0,0,0,0,0,0,0,0,0,0,0,0,0,0,0,0,0,0,0,0,0,0,0,0,0,0,0,0,0,0,0,0,0,0,0,0,0,0,0,0,0,0,0,0,0,0,0,0,0,110086266,0,0,0,130197624,0,0,0,0,0,0,0,79631044,149900061,186738615,57213458944,46148754,0,0,0,0,0,0,0,0,0,0,0,0,0,0,0,0,0,0,0,0,0,0,0,0,0,0,0,0,0,0,0,12560957,0,0,0,0,0,0,0
1789580956.188,0,0,0,0,0,0,0,271081877,2454452526592,811273035776,0,0,0,0,0,0,0,0,0,0,0,0,0,0,0,0,0,0,0,0,0,0,0,0,0,0,0,0,0,0,0,0,0,0,0,0,0,0,0,0,0,0,0,0,0,0,0,0,0,0,0,0,0,0,0,0,0,0,462819,149998402,45421857,0,0,0,0,0,0,0,0,0,0,0,0,0,0,0,0,0,0,0,0,0,0,0,0,0,0,0,0,0,0,0,0,0,0,0,0,0,2143518720,816381952,130830,49828,0,242,131072,149833529,0,0,1370715604,2147483648,115948459,147075696,0,0,0,0,0,0,0,0,0,0,0,0,0,0,0,0,0,0,8720403,8720473,0,97,97,6265,329,17440910,35,0,0,0,0,0,0,0,1,0,0,0,0,0,0,0,0,0,0,9808895,0,13999568,123900,0,0,0,0,0,0,0,0,16384,0,0,0,0,0,0,0,0,0,0,0,5077,342,0,0,0,0,0,26513944,0,9336,27,4632,340,5077,0,0,0,0,0,0,0,0,0,0,0,0,0,0,0,0,0,0,0,0,0,0,0,0,0,0,0,0,0,0,0,0,0,0,0,0,0,0,0,0,0,0,0,0,0,0,0,0,0,0,0,0,0,110087366,0,0,0,130200438,0,0,0,0,0,0,0,79632821,149904913,186741821,57214075392,46149478,0,0,0,0,0,0,0,0,0,0,0,0,0,0,0,0,0,0,0,0,0,0,0,0,0,0,0,0,0,0,0,12561153,0,0,0,0,0,0,0
1789580957.214,0,0,0,0,0,0,0,271088396,2454535134720,811291138560,0,0,0,0,0,0,0,0,0,0,0,0,0,0,0,0,0,0,0,0,0,0,0,0,0,0,0,0,0,0,0,0,0,0,0,0,0,0,0,0,0,0,0,0,0,0,0,0,0,0,0,0,0,0,0,0,0,0,462827,150003458,45422888,0,0,0,0,0,0,0,0,0,0,0,0,0,0,0,0,0,0,0,0,0,0,0,0,0,0,0,0,0,0,0,0,0,0,0,0,0,2143649792,817594368,130838,49902,0,234,131072,149838585,0,0,1370750447,2147483648,115953448,147079025,0,0,0,0,0,0,0,0,0,0,0,0,0,0,0,0,0,0,8720609,8720688,0,97,97,6265,329,17441334,35,0,0,0,0,0,0,0,1,0,0,0,0,0,0,0,0,0,0,9809137,0,13999568,123900,0,0,0,0,0,0,0,0,16384,0,0,0,0,0,0,0,0,0,0,0,5078,342,0,0,0,0,0,26514597,0,9336,27,4632,340,5078,0,0,0,0,0,0,0,0,0,0,0,0,0,0,0,0,0,0,0,0,0,0,0,0,0,0,0,0,0,0,0,0,0,0,0,0,0,0,0,0,0,0,0,0,0,0,0,0,0,0,0,0,0,110088506,0,0,0,130203400,0,0,0,0,0,0,0,79634640,149909961,186745056,57214723584,46150249,0,0,0,0,0,0,0,0,0,0,0,0,0,0,0,0,0,0,0,0,0,0,0,0,0,0,0,0,0,0,0,12561368,0,0,0,0,0,0,0
1789580958.240,0,0,0,0,0,0,0,271094968,2454619446784,811311491584,0,0,0,0,0,0,0,0,0,0,0,0,0,0,0,0,0,0,0,0,0,0,0,0,0,0,0,0,0,0,0,0,0,0,0,0,0,0,0,0,0,0,0,0,0,0,0,0,0,0,0,0,0,0,0,0,0,0,462832,150008601,45424082,0,0,0,0,0,0,0,0,0,0,0,0,0,0,0,0,0,0,0,0,0,0,0,0,0,0,0,0,0,0,0,0,0,0,0,0,0,2143518720,817037312,130830,49868,0,242,131072,149843725,0,0,1370784686,2147483648,115958569,147082492,0,0,0,0,0,0,0,0,0,0,0,0,0,0,0,0,0,0,8720837,8720916,0,97,97,6265,329,17441775,35,0,0,0,0,0,0,0,1,0,0,0,0,0,0,0,0,0,0,9809381,0,13999568,123900,0,0,0,0,0,0,0,0,16384,0,0,0,0,0,0,0,0,0,0,0,5079,342,0,0,0,0,0,26515254,0,9336,27,4632,340,5079,0,0,0,0,0,0,0,0,0,0,0,0,0,0,0,0,0,0,0,0,0,0,0,0,0,0,0,0,0,0,0,0,0,0,0,0,0,0,0,0,0,0,0,0,0,0,0,0,0,0,0,0,0,110089692,0,0,0,130206504,0,0,0,0,0,0,0,79636624,149915111,186748611,57215398912,46151047,0,0,0,0,0,0,0,0,0,0,0,0,0,0,0,0,0,0,0,0,0,0,0,0,0,0,0,0,0,0,0,12561584,0,0,0,0,0,0,0
1789580959.265,0,0,0,0,0,0,0,271101630,2454704020992,811330046464,0,0,0,0,0,0,0,0,0,0,0,0,0,0,0,0,0,0,0,0,0,0,0,0,0,0,0,0,0,0,0,0,0,0,0,0,0,0,0,0,0,0,0,0,0,0,0,0,0,0,0,0,0,0,0,0,0,0,462836,150013777,45425172,0,0,0,0,0,0,0,0,0,0,0,0,0,0,0,0,0,0,0,0,0,0,0,0,0,0,0,0,0,0,0,0,0,0,0,0,0,2143338496,817283072,130818,49883,0,254,131072,149848900,0,0,1370819978,2147483648,115963703,147085787,0,0,0,0,0,0,0,0,0,0,0,0,0,0,0,0,0,0,8721047,8721121,0,97,97,6265,329,17442198,35,0,0,0,0,0,0,0,1,0,0,0,0,0,0,0,0,0,0,9809612,0,13999568,123900,0,0,0,0,0,0,0,0,16384,0,0,0,0,0,0,0,0,0,0,0,5080,342,0,0,0,0,0,26515878,0,9336,27,4632,340,5080,0,0,0,0,0,0,0,0,0,0,0,0,0,0,0,0,0,0,0,0,0,0,0,0,0,0,0,0,0,0,0,0,0,0,0,0,0,0,0,0,0,0,0,0,0,0,0,0,0,0,0,0,0,110090889,0,0,0,130209477,0,0,0,0,0,0,0,79638492,149920282,186751964,57216066048,46151837,0,0,0,0,0,0,0,0,0,0,0,0,0,0,0,0,0,0,0,0,0,0,0,0,0,0,0,0,0,0,0,12561789,0,0,0,0,0,0,0
1789580960.292,0,0,0,0,0,0,0,271108818,2454795722240,811351399424,0,0,0,0,0,0,0,0,0,0,0,0,0,0,0,0,0,0,0,0,0,0,0,0,0,0,0,0,0,0,0,0,0,0,0,0,0,0,0,0,0,0,0,0,0,0,0,0,0,0,0,0,0,0,0,0,0,0,462844,150019388,45426402,0,0,0,0,0,0,0,0,0,0,0,0,0,0,0,0,0,0,0,0,0,0,0,0,0,0,0,0,0,0,0,0,0,0,0,0,0,2144092160,817971200,130865,49925,0,207,131072,149854507,0,0,1370857797,2147483648,115969208,147089653,0,0,0,0,0,0,0,0,0,0,0,0,0,0,0,0,0,0,8721300,8721385,0,97,97,6265,329,17442679,35,0,0,0,0,0,0,0,1,0,0,0,0,0,0,0,0,0,0,9809893,0,13999568,123900,0,0,0,0,0,0,0,0,16384,0,0,0,0,0,0,0,0,0,0,0,5081,342,0,0,0,0,0,26516638,0,9336,27,4632,340,5081,0,0,0,0,0,0,0,0,0,0,0,0,0,0,0,0,0,0,0,0,0,0,0,0,0,0,0,0,0,0,0,0,0,0,0,0,0,0,0,0,0,0,0,0,0,0,0,0,0,0,0,0,0,110092192,0,0,0,130212919,0,0,0,0,0,0,0,79640590,149925887,186755746,57216809984,46152696,0,0,0,0,0,0,0,0,0,0,0,0,0,0,0,0,0,0,0,0,0,0,0,0,0,0,0,0,0,0,0,12562037,0,0,0,0,0,0,0
1789580961.318,0,0,0,0,0,0,0,271116355,2454892518912,811373339136,0,0,0,0,0,0,0,0,0,0,0,0,0,0,0,0,0,0,0,0,0,0,0,0,0,0,0,0,0,0,0,0,0,0,0,0,0,0,0,0,0,0,0,0,0,0,0,0,0,0,0,0,0,0,0,0,0,0,462856,150025303,45427707,0,0,0,0,0,0,0,0,0,0,0,0,0,0,0,0,0,0,0,0,0,0,0,0,0,0,0,0,0,0,0,0,0,0,0,0,0,2143813632,816611328,130848,49842,0,224,131072,149860411,0,0,1370897891,2147483648,115975091,147093297,0,0,0,0,0,0,0,0,0,0,0,0,0,0,0,0,0,0,8721532,8721610,0,97,97,6265,329,17443132,35,0,0,0,0,0,0,0,1,0,0,0,0,0,0,0,0,0,0,9810137,0,13999568,123900,0,0,0,0,0,0,0,0,16384,0,0,0,0,0,0,0,0,0,0,0,5082,342,0,0,0,0,0,26517302,0,9336,27,4632,340,5082,0,0,0,0,0,0,0,0,0,0,0,0,0,0,0,0,0,0,0,0,0,0,0,0,0,0,0,0,0,0,0,0,0,0,0,0,0,0,0,0,0,0,0,0,0,0,0,0,0,0,0,0,0,110093415,0,0,0,130216154,0,0,0,0,0,0,0,79642696,149931800,186759524,57217515008,46153523,0,0,0,0,0,0,0,0,0,0,0,0,0,0,0,0,0,0,0,0,0,0,0,0,0,0,0,0,0,0,0,12562254,0,0,0,0,0,0,0
1789580962.344,0,0,0,0,0,0,0,271124265,2454993985024,811395755520,0,0,0,0,0,0,0,0,0,0,0,0,0,0,0,0,0,0,0,0,0,0,0,0,0,0,0,0,0,0,0,0,0,0,0,0,0,0,0,0,0,0,0,0,0,0,0,0,0,0,0,0,0,0,0,0,0,0,462867,150031501,45428998,0,0,0,0,0,0,0,0,0,0,0,0,0,0,0,0,0,0,0,0,0,0,0,0,0,0,0,0,0,0,0,0,0,0,0,0,0,2144354304,817856512,130881,49918,0,191,131072,149866606,0,0,1370939695,2147483648,115981196,147097419,0,0,0,0,0,0,0,0,0,0,0,0,0,0,0,0,0,0,8721805,8721886,0,97,97,6265,329,17443653,35,0,0,0,0,0,0,0,1,0,0,0,0,0,0,0,0,0,0,9810433,0,13999568,123900,0,0,0,0,0,0,0,0,16384,0,0,0,0,0,0,0,0,0,0,0,5083,343,0,0,0,0,0,26518100,0,9428,27,4632,341,5083,0,0,0,0,1,0,0,0,0,0,0,0,0,0,0,0,0,0,0,0,0,0,0,0,0,0,0,0,0,0,0,0,0,0,0,0,0,0,0,0,0,0,0,0,0,0,0,0,0,0,0,0,0,110094782,0,0,0,130219836,0,0,0,0,0,0,0,79644902,149937992,186763487,57218305536,46154429,0,0,0,0,0,0,0,0,0,0,0,0,0,0,0,0,0,0,0,0,0,0,0,0,0,0,0,0,0,0,0,12562517,0,0,0,0,0,0,0
1789580963.369,0,0,0,0,0,0,0,271133426,2455111278080,811423264768,0,0,0,0,0,0,0,0,0,0,0,0,0,0,0,0,0,0,0,0,0,0,0,0,0,0,0,0,0,0,0,0,0,0,0,0,0,0,0,0,0,0,0,0,0,0,0,0,0,0,0,0,0,0,0,0,0,0,462884,150038670,45430606,0,0,0,0,0,0,0,0,0,0,0,0,0,0,0,0,0,0,0,0,0,0,0,0,0,0,0,0,0,0,0,0,0,0,0,0,0,2144927744,817217536,130916,49879,0,156,131072,149873772,0,0,1370988097,2147483648,115988280,147102093,0,0,0,0,0,0,0,0,0,0,0,0,0,0,0,0,0,0,8722104,8722191,0,97,97,6265,329,17444249,35,0,0,0,0,0,0,0,1,0,0,0,0,0,0,0,0,0,0,9810763,0,13999568,123900,0,0,0,0,0,0,0,0,16384,0,0,0,0,0,0,0,0,0,0,0,5084,343,0,0,0,0,0,26518992,0,9428,27,4632,341,5084,0,0,0,0,0,0,0,0,0,0,0,0,0,0,0,0,0,0,0,0,0,0,0,0,0,0,0,0,0,0,0,0,0,0,0,0,0,0,0,0,0,0,0,0,0,0,0,0,0,0,0,0,0,110096277,0,0,0,130224035,0,0,0,0,0,0,0,79647471,149945159,186768192,57219174400,46155393,0,0,0,0,0,0,0,0,0,0,0,0,0,0,0,0,0,0,0,0,0,0,0,0,0,0,0,0,0,0,0,12562809,0,0,0,0,0,0,0
1789580964.396,0,0,0,0,0,0,0,271144404,2455252213248,811477603328,0,0,0,0,0,0,0,0,0,0,0,0,0,0,0,0,0,0,0,0,0,0,0,0,0,0,0,0,0,0,0,0,0,0,0,0,0,0,0,0,0,0,0,0,0,0,0,0,0,0,0,0,0,0,0,0,0,0,462908,150047282,45433845,0,0,0,0,0,0,0,0,0,0,0,0,0,0,0,0,0,0,0,0,0,0,0,0,0,0,0,0,0,0,0,0,0,0,0,0,0,2145337344,795295744,130941,48541,0,131,131072,149882379,0,0,1371045565,2147483648,115996044,147107686,0,0,0,0,0,0,0,0,0,0,0,0,0,0,0,0,0,0,8722458,8722542,0,97,97,6265,329,17444964,35,0,0,0,0,0,0,0,1,0,0,0,0,0,0,0,0,0,0,9811145,0,14001019,123912,0,0,0,0,0,0,0,0,16384,0,0,0,0,0,0,0,0,0,0,0,5085,343,0,0,0,0,0,26520027,0,9428,27,4632,341,5085,0,0,0,0,0,0,0,0,0,0,0,0,0,0,0,0,0,0,0,0,0,0,0,0,0,0,0,0,0,0,0,0,0,0,0,0,0,0,0,0,0,0,0,0,0,0,0,0,0,0,0,0,0,110097896,0,0,0,130229038,0,0,0,0,0,0,0,79650538,149953767,186774832,57220148736,46156464,0,0,0,0,0,0,0,0,0,0,0,0,0,0,0,0,0,0,0,0,0,0,0,0,0,0,0,0,0,0,0,12563147,0,0,0,0,0,0,0
1789580965.421,0,0,0,0,0,0,0,271158061,2455426457088,811517694464,0,0,0,0,0,0,0,0,0,0,0,0,0,0,0,0,0,0,0,0,0,0,0,0,0,0,0,0,0,0,0,0,0,0,0,0,0,0,0,0,0,0,0,0,0,0,0,0,0,0,0,0,0,0,0,0,0,0,462943,150057929,45436190,0,0,0,0,0,0,0,0,0,0,0,0,0,0,0,0,0,0,0,0,0,0,0,0,0,0,0,0,0,0,0,0,0,0,0,0,0,2145370112,796033024,130943,48586,1,129,131072,149893021,0,0,1371117659,2147483648,116006535,147114675,0,0,0,0,0,0,0,0,0,0,0,0,0,0,0,0,0,0,8722899,8722980,0,97,97,6265,329,17445846,35,0,0,0,0,0,0,0,1,0,0,0,0,0,0,0,0,0,0,9811619,0,14001019,123912,0,0,0,0,0,0,0,0,16384,0,0,0,0,0,0,0,0,0,0,0,5087,343,0,0,0,0,0,26521303,0,9428,27,4632,341,5087,0,0,0,0,0,0,0,0,0,0,0,0,0,0,0,0,0,0,0,0,0,0,0,0,0,0,0,0,0,0,0,0,0,0,0,0,0,0,0,0,0,0,0,0,0,0,0,0,0,0,0,0,0,110099708,0,0,0,130235286,0,0,0,0,0,0,0,79654028,149964413,186781331,57221287424,46157609,0,0,0,0,0,0,0,0,0,0,0,0,0,0,0,0,0,0,0,0,0,0,0,0,0,0,0,0,0,0,0,12563566,0,0,0,0,0,0,0
1789580966.446,0,0,0,0,0,0,0,271175055,2455643004416,811565832192,0,0,0,0,0,0,0,0,0,0,0,0,0,0,0,0,0,0,0,0,0,0,0,0,0,0,0,0,0,0,0,0,0,0,0,0,0,0,0,0,0,0,0,0,0,0,0,0,0,0,0,0,0,0,0,0,0,0,463004,150071170,45439014,0,0,0,0,0,0,0,0,0,0,0,0,0,0,0,0,0,0,0,0,0,0,0,0,0,0,0,0,0,0,0,0,0,0,0,0,0,2146041856,799719424,130985,48811,0,87,131072,149906255,0,0,1371207048,2147483648,116019537,147123562,0,0,0,0,0,0,0,0,0,0,0,0,0,0,0,0,0,0,8723460,8723547,0,97,97,6265,329,17446946,35,0,0,0,0,0,0,0,1,0,0,0,0,0,0,0,0,0,0,9812213,0,14001019,123912,0,0,0,0,0,0,0,0,16384,0,0,0,0,0,0,0,0,0,0,0,5088,343,0,0,0,0,0,26522888,0,9428,27,4632,341,5088,0,0,0,0,0,0,0,0,0,0,0,0,0,0,0,0,0,0,0,0,0,0,0,0,0,0,0,0,0,0,0,0,0,0,0,0,0,0,0,0,0,0,0,0,0,0,0,0,0,0,0,0,0,110101751,0,0,0,130243130,0,0,0,0,0,0,0,79658139,149977641,186788998,57222650368,46158909,0,0,0,0,0,0,0,0,0,0,0,0,0,0,0,0,0,0,0,0,0,0,0,0,0,0,0,0,0,0,0,12564090,0,0,0,0,0,0,0
1789580967.472,0,0,0,0,0,0,0,271193513,2455879409152,811619862528,0,0,0,0,0,0,0,0,0,0,0,0,0,0,0,0,0,0,0,0,0,0,0,0,0,0,0,0,0,0,0,0,0,0,0,0,0,0,0,0,0,0,0,0,0,0,0,0,0,0,0,0,0,0,0,0,0,0,463078,150085619,45442178,0,0,0,0,0,0,0,0,0,0,0,0,0,0,0,0,0,0,0,0,0,0,0,0,0,0,0,0,0,0,0,0,0,0,0,0,0,2146287616,803143680,130999,49020,0,73,131072,149920696,0,0,1371303697,2147483648,116033771,147133542,0,0,0,0,0,0,0,0,0,0,0,0,0,0,0,0,0,0,8724068,8724155,0,97,97,6265,329,17448160,35,0,0,0,0,0,0,0,1,0,0,0,0,0,0,0,0,0,0,9812876,0,14001019,123912,0,0,0,0,0,0,0,0,16384,0,0,0,0,0,0,0,0,0,0,0,5089,343,0,0,0,0,0,26524684,0,9428,27,4632,341,5089,0,0,0,0,0,0,0,0,0,0,0,0,0,0,0,0,0,0,0,0,0,0,0,0,0,0,0,0,0,0,0,0,0,0,0,0,0,0,0,0,0,0,0,0,0,0,0,0,0,0,0,0,0,110103925,0,0,0,130251802,0,0,0,0,0,0,0,79662659,149992079,186797496,57224131072,46160266,0,0,0,0,0,0,0,0,0,0,0,0,0,0,0,0,0,0,0,0,0,0,0,0,0,0,0,0,0,0,0,12564677,0,0,0,0,0,0,0
1789580968.498,0,0,0,0,0,0,0,271208563,2456070938112,811662405632,0,0,0,0,0,0,0,0,0,0,0,0,0,0,0,0,0,0,0,0,0,0,0,0,0,0,0,0,0,0,0,0,0,0,0,0,0,0,0,0,0,0,0,0,0,0,0,0,0,0,0,0,0,0,0,0,0,0,463138,150097323,45444656,0,0,0,0,0,0,0,0,0,0,0,0,0,0,0,0,0,0,0,0,0,0,0,0,0,0,0,0,0,0,0,0,0,0,0,0,0,2145779712,808845312,130968,49368,0,104,131072,149932389,0,0,1371382132,2147483648,116045364,147141992,0,0,0,0,0,0,0,0,0,0,0,0,0,0,0,0,0,0,8724577,8724664,0,97,97,6265,329,17449187,35,0,0,0,0,0,0,0,1,0,0,0,0,0,0,0,0,0,0,9813466,0,14001019,123912,0,0,0,0,0,0,0,0,16384,0,0,0,0,0,0,0,0,0,0,0,5090,343,0,0,0,0,0,26526284,0,9428,27,4632,341,5090,0,0,0,0,0,0,0,0,0,0,0,0,0,0,0,0,0,0,0,0,0,0,0,0,0,0,0,0,0,0,0,0,0,0,0,0,0,0,0,0,0,0,0,0,0,0,0,0,0,0,0,0,0,110105980,0,0,0,130259107,0,0,0,0,0,0,0,79666428,150003783,186804502,57225462272,46161559,0,0,0,0,0,0,0,0,0,0,0,0,0,0,0,0,0,0,0,0,0,0,0,0,0,0,0,0,0,0,0,12565203,0,0,0,0,0,0,0
1789580969.523,0,0,0,0,0,0,0,271223527,2456261123584,811707619328,0,0,0,0,0,0,0,0,0,0,0,0,0,0,0,0,0,0,0,0,0,0,0,0,0,0,0,0,0,0,0,0,0,0,0,0,0,0,0,0,0,0,0,0,0,0,0,0,0,0,0,0,0,0,0,0,0,0,463191,150108942,45447293,0,0,0,0,0,0,0,0,0,0,0,0,0,0,0,0,0,0,0,0,0,0,0,0,0,0,0,0,0,0,0,0,0,0,0,0,0,2145484800,808992768,130950,49377,0,122,131072,149944001,0,0,1371460627,2147483648,116056713,147149913,0,0,0,0,0,0,0,0,0,0,0,0,0,0,0,0,0,0,8725064,8725150,0,97,97,6265,329,17450172,35,0,0,0,0,0,0,0,1,0,0,0,0,0,0,0,0,0,0,9814025,0,14001147,123913,0,0,0,0,0,0,0,0,16384,0,0,0,0,0,0,0,0,0,0,0,5091,343,0,0,0,0,0,26527797,0,9428,27,4632,341,5091,0,0,0,0,0,0,0,0,0,0,0,0,0,0,0,0,0,0,0,0,0,0,0,0,0,0,0,0,0,0,0,0,0,0,0,0,0,0,0,0,0,0,0,0,0,0,0,0,0,0,0,0,0,110107941,0,0,0,130266028,0,0,0,0,0,0,0,79670172,150015397,186811626,57226711040,46162783,1,0,0,0,0,0,0,0,0,0,0,0,0,0,0,0,0,0,0,0,0,0,0,0,0,0,0,0,0,0,0,12565701,0,0,0,0,0,0,0
1789580970.549,0,0,0,0,0,0,0,271237976,2456444689920,811750657536,0,0,0,0,0,0,0,0,0,0,0,0,0,0,0,0,0,0,0,0,0,0,0,0,0,0,0,0,0,0,0,0,0,0,0,0,0,0,0,0,0,0,0,0,0,0,0,0,0,0,0,0,0,0,0,0,0,0,463241,150120161,45449810,0,0,0,0,0,0,0,0,0,0,0,0,0,0,0,0,0,0,0,0,0,0,0,0,0,0,0,0,0,0,0,0,0,0,0,0,0,2145812480,810205184,130970,49451,0,102,131072,149955213,0,0,1371537488,2147483648,116067783,147157712,0,0,0,0,0,0,0,0,0,0,0,0,0,0,0,0,0,0,8725553,8725640,0,97,97,6265,329,17451145,35,0,0,0,0,0,0,0,1,0,0,0,0,0,0,0,0,0,0,9814572,0,14001147,123913,0,0,0,0,0,0,0,0,16384,0,0,0,0,0,0,0,0,0,0,0,5092,343,0,0,0,0,0,26529277,0,9428,27,4632,341,5092,0,0,0,0,0,0,0,0,0,0,0,0,0,0,0,0,0,0,0,0,0,0,0,0,0,0,0,0,0,0,0,0,0,0,0,0,0,0,0,0,0,0,0,0,0,0,0,0,0,0,0,0,0,110109913,0,0,0,130272876,0,0,0,0,0,0,0,79673937,150026605,186818623,57227956736,46164035,1,0,0,0,0,0,0,0,0,0,0,0,0,0,0,0,0,0,0,0,0,0,0,0,0,0,0,0,0,0,0,12566187,0,0,0,0,0,0,0
1789580971.574,0,0,0,0,0,0,0,271251444,2456616508928,811791573504,0,0,0,0,0,0,0,0,0,0,0,0,0,0,0,0,0,0,0,0,0,0,0,0,0,0,0,0,0,0,0,0,0,0,0,0,0,0,0,0,0,0,0,0,0,0,0,0,0,0,0,0,0,0,0,0,0,0,463283,150130661,45452207,0,0,0,0,0,0,0,0,0,0,0,0,0,0,0,0,0,0,0,0,0,0,0,0,0,0,0,0,0,0,0,0,0,0,0,0,0,2145124352,809926656,130928,49434,0,144,131072,149965705,0,0,1371608050,2147483648,116078218,147164807,0,0,0,0,0,0,0,0,0,0,0,0,0,0,0,0,0,0,8725985,8726073,0,97,97,6265,329,17452025,35,0,0,0,0,0,0,0,1,0,0,0,0,0,0,0,0,0,0,9815082,0,14001147,123913,0,0,0,0,0,0,0,0,16384,0,0,0,0,0,0,0,0,0,0,0,5093,343,0,0,0,0,0,26530660,0,9428,27,4632,341,5093,0,0,0,0,0,0,0,0,0,0,0,0,0,0,0,0,0,0,0,0,0,0,0,0,0,0,0,0,0,0,0,0,0,0,0,0,0,0,0,0,0,0,0,0,0,0,0,0,0,0,0,0,0,110111758,0,0,0,130279115,0,0,0,0,0,0,0,79677493,150037107,186825255,57229112320,46165197,0,0,0,0,0,0,0,0,0,0,0,0,0,0,0,0,0,0,0,0,0,0,0,0,0,0,0,0,0,0,0,12566643,0,0,0,0,0,0,0
1789580972.601,0,0,0,0,0,0,0,271263189,2456765554176,811826319360,0,0,0,0,0,0,0,0,0,0,0,0,0,0,0,0,0,0,0,0,0,0,0,0,0,0,0,0,0,0,0,0,0,0,0,0,0,0,0,0,0,0,0,0,0,0,0,0,0,0,0,0,0,0,0,0,0,0,463307,150139769,45454233,0,0,0,0,0,0,0,0,0,0,0,0,0,0,0,0,0,0,0,0,0,0,0,0,0,0,0,0,0,0,0,0,0,0,0,0,0,2145452032,810631168,130948,49477,0,124,131072,149974805,0,0,1371668978,2147483648,116087183,147170954,0,0,0,0,0,0,0,0,0,0,0,0,0,0,0,0,0,0,8726383,8726471,0,97,97,6265,329,17452787,35,0,0,0,0,0,0,0,1,0,0,0,0,0,0,0,0,0,0,9815530,0,14001147,123913,0,0,0,0,0,0,0,0,16384,0,0,0,0,0,0,0,0,0,0,0,5094,343,0,0,0,0,0,26531876,0,9428,27,4632,341,5094,0,0,0,0,0,0,0,0,0,0,0,0,0,0,0,0,0,0,0,0,0,0,0,0,0,0,0,0,0,0,0,0,0,0,0,0,0,0,0,0,0,0,0,0,0,0,0,0,0,0,0,0,0,110113479,0,0,0,130284592,0,0,0,0,0,0,0,79680634,150046213,186831045,57230166016,46166309,0,0,0,0,0,0,0,0,0,0,0,0,0,0,0,0,0,0,0,0,0,0,0,0,0,0,0,0,0,0,0,12567042,0,0,0,0,0,0,0
1789580973.626,0,0,0,0,0,0,0,271275212,2456918089216,811861535744,0,0,0,0,0,0,0,0,0,0,0,0,0,0,0,0,0,0,0,0,0,0,0,0,0,0,0,0,0,0,0,0,0,0,0,0,0,0,0,0,0,0,0,0,0,0,0,0,0,0,0,0,0,0,0,0,0,0,463348,150149092,45456276,0,0,0,0,0,0,0,0,0,0,0,0,0,0,0,0,0,0,0,0,0,0,0,0,0,0,0,0,0,0,0,0,0,0,0,0,0,2145353728,813858816,130942,49674,0,130,131072,149984123,0,0,1371731600,2147483648,116096391,147177531,0,0,0,0,0,0,0,0,0,0,0,0,0,0,0,0,0,0,8726787,8726870,0,97,97,6265,329,17453612,35,0,0,0,0,0,0,0,1,0,0,0,0,0,0,0,0,0,0,9815970,0,14001147,123913,0,0,0,0,0,0,0,0,16384,0,0,0,0,0,0,0,0,0,0,0,5095,343,0,0,0,0,0,26533059,0,9428,27,4632,341,5095,0,0,0,0,0,0,0,0,0,0,0,0,0,0,0,0,0,0,0,0,0,0,0,0,0,0,0,0,0,0,0,0,0,0,0,0,0,0,0,0,0,0,0,0,0,0,0,0,0,0,0,0,0,110115261,0,0,0,130290410,0,0,0,0,0,0,0,79683829,150055536,186836930,57231262208,46167453,0,0,0,0,0,0,0,0,0,0,0,0,0,0,0,0,0,0,0,0,0,0,0,0,0,0,0,0,0,0,0,12567431,0,0,0,0,0,0,0
1789580974.652,0,0,0,0,0,0,0,271287287,2457070558720,811920421376,0,0,0,0,0,0,0,0,0,0,0,0,0,0,0,0,0,0,0,0,0,0,0,0,0,0,0,0,0,0,0,0,0,0,0,0,0,0,0,0,0,0,0,0,0,0,0,0,0,0,0,0,0,0,0,0,0,0,463384,150158411,45459772,0,0,0,0,0,0,0,0,0,0,0,0,0,0,0,0,0,0,0,0,0,0,0,0,0,0,0,0,0,0,0,0,0,0,0,0,0,2144813056,793001984,130909,48401,0,163,131072,149993436,0,0,1371794038,2147483648,116105254,147184213,0,0,0,0,0,0,0,0,0,0,0,0,0,0,0,0,0,0,8727195,8727277,0,97,97,6265,329,17454438,35,0,0,0,0,0,0,0,1,0,0,0,0,0,0,0,0,0,0,9816458,0,14002601,123925,0,0,0,0,0,0,0,0,16384,0,0,0,0,0,0,0,0,0,0,0,5096,343,0,0,0,0,0,26534382,0,9428,27,4632,341,5096,0,0,0,0,0,0,0,0,0,0,0,0,0,0,0,0,0,0,0,0,0,0,0,0,0,0,0,0,0,0,0,0,0,0,0,0,0,0,0,0,0,0,0,0,0,0,0,0,0,0,0,0,0,110117048,0,0,0,130296260,0,0,0,0,0,0,0,79687241,150064850,186844270,57232364032,46168602,0,0,0,0,0,0,0,0,0,0,0,0,0,0,0,0,0,0,0,0,0,0,0,0,0,0,0,0,0,0,0,12567868,0,0,0,0,0,0,0
1789580975.679,0,0,0,0,0,0,0,271298161,2457208774144,811951356416,0,0,0,0,0,0,0,0,0,0,0,0,0,0,0,0,0,0,0,0,0,0,0,0,0,0,0,0,0,0,0,0,0,0,0,0,0,0,0,0,0,0,0,0,0,0,0,0,0,0,0,0,0,0,0,0,0,0,463405,150166861,45461586,0,0,0,0,0,0,0,0,0,0,0,0,0,0,0,0,0,0,0,0,0,0,0,0,0,0,0,0,0,0,0,0,0,0,0,0,0,2145107968,794738688,130927,48507,0,145,131072,150001882,0,0,1371850959,2147483648,116113578,147189772,0,0,0,0,0,0,0,0,0,0,0,0,0,0,0,0,0,0,8727545,8727630,0,97,97,6265,329,17455152,35,0,0,0,0,0,0,0,1,0,0,0,0,0,0,0,0,0,0,9816845,0,14002601,123925,0,0,0,0,0,0,0,0,16384,0,0,0,0,0,0,0,0,0,0,0,5097,343,0,0,0,0,0,26535425,0,9428,27,4632,341,5097,0,0,0,0,0,0,0,0,0,0,0,0,0,0,0,0,0,0,0,0,0,0,0,0,0,0,0,0,0,0,0,0,0,0,0,0,0,0,0,0,0,0,0,0,0,0,0,0,0,0,0,0,0,110118670,0,0,0,130301264,0,0,0,0,0,0,0,79690092,150073300,186849496,57233334784,46169650,0,0,0,0,0,0,0,0,0,0,0,0,0,0,0,0,0,0,0,0,0,0,0,0,0,0,0,0,0,0,0,12568211,0,0,0,0,0,0,0
1789580976.705,0,0,0,0,0,0,0,271308293,2457338551808,811980833792,0,0,0,0,0,0,0,0,0,0,0,0,0,0,0,0,0,0,0,0,0,0,0,0,0,0,0,0,0,0,0,0,0,0,0,0,0,0,0,0,0,0,0,0,0,0,0,0,0,0,0,0,0,0,0,0,0,0,463422,150174796,45463302,0,0,0,0,0,0,0,0,0,0,0,0,0,0,0,0,0,0,0,0,0,0,0,0,0,0,0,0,0,0,0,0,0,0,0,0,0,2144845824,795525120,130911,48555,0,161,131072,150009812,0,0,1371903712,2147483648,116121431,147194958,0,0,0,0,0,0,0,0,0,0,0,0,0,0,0,0,0,0,8727871,8727946,0,97,97,6265,329,17455812,35,0,0,0,0,0,0,0,1,0,0,0,0,0,0,0,0,0,0,9817215,0,14002601,123925,0,0,0,0,0,0,0,0,16384,0,0,0,0,0,0,0,0,0,0,0,5098,343,0,0,0,0,0,26536420,0,9428,27,4632,341,5098,0,0,0,0,0,0,0,0,0,0,0,0,0,0,0,0,0,0,0,0,0,0,0,0,0,0,0,0,0,0,0,0,0,0,0,0,0,0,0,0,0,0,0,0,0,0,0,0,0,0,0,0,0,110120258,0,0,0,130305933,0,0,0,0,0,0,0,79692834,150081227,186854517,57234265600,46170674,0,0,0,0,0,0,0,0,0,0,0,0,0,0,0,0,0,0,0,0,0,0,0,0,0,0,0,0,0,0,0,12568540,0,0,0,0,0,0,0
1789580977.731,0,0,0,0,0,0,0,271319055,2457475079680,812010988032,0,0,0,0,0,0,0,0,0,0,0,0,0,0,0,0,0,0,0,0,0,0,0,0,0,0,0,0,0,0,0,0,0,0,0,0,0,0,0,0,0,0,0,0,0,0,0,0,0,0,0,0,0,0,0,0,0,0,463448,150183133,45465052,0,0,0,0,0,0,0,0,0,0,0,0,0,0,0,0,0,0,0,0,0,0,0,0,0,0,0,0,0,0,0,0,0,0,0,0,0,2144960512,799719424,130918,48811,0,154,131072,150018144,0,0,1371959907,2147483648,116129688,147200857,0,0,0,0,0,0,0,0,0,0,0,0,0,0,0,0,0,0,8728237,8728326,0,97,97,6265,329,17456564,35,0,0,0,0,0,0,0,1,0,0,0,0,0,0,0,0,0,0,9817631,0,14002601,123925,0,0,0,0,0,0,0,0,16384,0,0,0,0,0,0,0,0,0,0,0,5099,343,0,0,0,0,0,26537547,0,9428,27,4632,341,5099,0,0,0,0,0,0,0,0,0,0,0,0,0,0,0,0,0,0,0,0,0,0,0,0,0,0,0,0,0,0,0,0,0,0,0,0,0,0,0,0,0,0,0,0,0,0,0,0,0,0,0,0,0,110121965,0,0,0,130311188,0,0,0,0,0,0,0,79695660,150089563,186859731,57235295232,46171747,0,0,0,0,0,0,0,0,0,0,0,0,0,0,0,0,0,0,0,0,0,0,0,0,0,0,0,0,0,0,0,12568909,0,0,0,0,0,0,0
1789580978.757,0,0,0,0,0,0,0,271329718,2457610182144,812043394048,0,0,0,0,0,0,0,0,0,0,0,0,0,0,0,0,0,0,0,0,0,0,0,0,0,0,0,0,0,0,0,0,0,0,0,0,0,0,0,0,0,0,0,0,0,0,0,0,0,0,0,0,0,0,0,0,0,0,463467,150191390,45466928,0,0,0,0,0,0,0,0,0,0,0,0,0,0,0,0,0,0,0,0,0,0,0,0,0,0,0,0,0,0,0,0,0,0,0,0,0,2144780288,800980992,130907,48888,0,165,131072,150026396,0,0,1372015286,2147483648,116137845,147206531,0,0,0,0,0,0,0,0,0,0,0,0,0,0,0,0,0,0,8728604,8728685,0,97,97,6265,329,17457283,35,0,0,0,0,0,0,0,1,0,0,0,0,0,0,0,0,0,0,9818037,0,14002601,123925,0,0,0,0,0,0,0,0,16384,0,0,0,0,0,0,0,0,0,0,0,5100,343,0,0,0,0,0,26538639,0,9428,27,4632,341,5100,0,0,0,0,0,0,0,0,0,0,0,0,0,0,0,0,0,0,0,0,0,0,0,0,0,0,0,0,0,0,0,0,0,0,0,0,0,0,0,0,0,0,0,0,0,0,0,0,0,0,0,0,0,110123621,0,0,0,130316292,0,0,0,0,0,0,0,79698623,150097817,186865168,57236291584,46172819,0,0,0,0,0,0,0,0,0,0,0,0,0,0,0,0,0,0,0,0,0,0,0,0,0,0,0,0,0,0,0,12569269,0,0,0,0,0,0,0
1789580979.783,0,0,0,0,0,0,0,271338743,2457725378048,812071851008,0,0,0,0,0,0,0,0,0,0,0,0,0,0,0,0,0,0,0,0,0,0,0,0,0,0,0,0,0,0,0,0,0,0,0,0,0,0,0,0,0,0,0,0,0,0,0,0,0,0,0,0,0,0,0,0,0,0,463480,150198431,45468589,0,0,0,0,0,0,0,0,0,0,0,0,0,0,0,0,0,0,0,0,0,0,0,0,0,0,0,0,0,0,0,0,0,0,0,0,0,2144550912,799064064,130893,48771,0,179,131072,150033433,0,0,1372061835,2147483648,116144836,147211111,0,0,0,0,0,0,0,0,0,0,0,0,0,0,0,0,0,0,8728885,8728965,0,97,97,6265,329,17457850,35,0,0,0,0,0,0,0,1,0,0,0,0,0,0,0,0,0,0,9818394,0,14002601,123925,0,0,0,0,0,0,0,0,16384,0,0,0,0,0,0,0,0,0,0,0,5101,343,0,0,0,0,0,26539618,0,9428,27,4632,341,5101,0,0,0,0,0,0,0,0,0,0,0,0,0,0,0,0,0,0,0,0,0,0,0,0,0,0,0,0,0,0,0,0,0,0,0,0,0,0,0,0,0,0,0,0,0,0,0,0,0,0,0,0,0,110125087,0,0,0,130320355,0,0,0,0,0,0,0,79701252,150104851,186869961,57237137920,46173785,0,0,0,0,0,0,0,0,0,0,0,0,0,0,0,0,0,0,0,0,0,0,0,0,0,0,0,0,0,0,0,12569592,0,0,0,0,0,0,0
1789580980.809,0,0,0,0,0,0,0,271347260,2457833299456,812097214464,0,0,0,0,0,0,0,0,0,0,0,0,0,0,0,0,0,0,0,0,0,0,0,0,0,0,0,0,0,0,0,0,0,0,0,0,0,0,0,0,0,0,0,0,0,0,0,0,0,0,0,0,0,0,0,0,0,0,463497,150205029,45470071,0,0,0,0,0,0,0,0,0,0,0,0,0,0,0,0,0,0,0,0,0,0,0,0,0,0,0,0,0,0,0,0,0,0,0,0,0,2144305152,799752192,130878,48813,0,194,131072,150040028,0,0,1372106575,2147483648,116151380,147215628,0,0,0,0,0,0,0,0,0,0,0,0,0,0,0,0,0,0,8729173,8729250,0,97,97,6265,329,17458416,35,0,0,0,0,0,0,0,1,0,0,0,0,0,0,0,0,0,0,9818725,0,14002601,123925,0,0,0,0,0,0,0,0,16384,0,0,0,0,0,0,0,0,0,0,0,5102,343,0,0,0,0,0,26540515,0,9428,27,4632,341,5102,0,0,0,0,0,0,0,0,0,0,0,0,0,0,0,0,0,0,0,0,0,0,0,0,0,0,0,0,0,0,0,0,0,0,0,0,0,0,0,0,0,0,0,0,0,0,0,0,0,0,0,0,0,110126550,0,0,0,130324380,0,0,0,0,0,0,0,79703694,150111442,186874374,57237988352,46174752,0,0,0,0,0,0,0,0,0,0,0,0,0,0,0,0,0,0,0,0,0,0,0,0,0,0,0,0,0,0,0,12569887,0,0,0,0,0,0,0
1789580981.835,0,0,0,0,0,0,0,271355254,2457935977984,812119517184,0,0,0,0,0,0,0,0,0,0,0,0,0,0,0,0,0,0,0,0,0,0,0,0,0,0,0,0,0,0,0,0,0,0,0,0,0,0,0,0,0,0,0,0,0,0,0,0,0,0,0,0,0,0,0,0,0,0,463510,150211300,45471356,0,0,0,0,0,0,0,0,0,0,0,0,0,0,0,0,0,0,0,0,0,0,0,0,0,0,0,0,0,0,0,0,0,0,0,0,0,2144272384,802291712,130876,48968,0,196,131072,150046295,0,0,1372148125,2147483648,116157602,147219837,0,0,0,0,0,0,0,0,0,0,0,0,0,0,0,0,0,0,8729436,8729516,0,97,97,6265,329,17458956,35,0,0,0,0,0,0,0,1,0,0,0,0,0,0,0,0,0,0,9819025,0,14002601,123925,0,0,0,0,0,0,0,0,16384,0,0,0,0,0,0,0,0,0,0,0,5103,343,0,0,0,0,0,26541322,0,9428,27,4632,341,5103,0,0,0,0,0,0,0,0,0,0,0,0,0,0,0,0,0,0,0,0,0,0,0,0,0,0,0,0,0,0,0,0,0,0,0,0,0,0,0,0,0,0,0,0,0,0,0,0,0,0,0,0,0,110127926,0,0,0,130328145,0,0,0,0,0,0,0,79705908,150117718,186878336,57238781952,46175673,0,0,0,0,0,0,0,0,0,0,0,0,0,0,0,0,0,0,0,0,0,0,0,0,0,0,0,0,0,0,0,12570154,0,0,0,0,0,0,0
1789580982.862,0,0,0,0,0,0,0,271363335,2458038787584,812142777856,0,0,0,0,0,0,0,0,0,0,0,0,0,0,0,0,0,0,0,0,0,0,0,0,0,0,0,0,0,0,0,0,0,0,0,0,0,0,0,0,0,0,0,0,0,0,0,0,0,0,0,0,0,0,0,0,0,0,463523,150217574,45472704,0,0,0,0,0,0,0,0,0,0,0,0,0,0,0,0,0,0,0,0,0,0,0,0,0,0,0,0,0,0,0,0,0,0,0,0,0,2144256000,803340288,130875,49032,0,197,131072,150052568,0,0,1372190662,2147483648,116163820,147223952,0,0,0,0,0,0,0,0,0,0,0,0,0,0,0,0,0,0,8729700,8729779,0,97,97,6265,329,17459481,35,0,0,0,0,0,0,0,1,0,0,0,0,0,0,0,0,0,0,9819308,0,14002601,123925,0,0,0,0,0,0,0,0,16384,0,0,0,0,0,0,0,0,0,0,0,5104,343,0,0,0,0,0,26542084,0,9428,27,4632,341,5104,0,0,0,0,0,0,0,0,0,0,0,0,0,0,0,0,0,0,0,0,0,0,0,0,0,0,0,0,0,0,0,0,0,0,0,0,0,0,0,0,0,0,0,0,0,0,0,0,0,0,0,0,0,110129316,0,0,0,130331866,0,0,0,0,0,0,0,79708160,150123993,186882428,57239573504,46176573,0,0,0,0,0,0,0,0,0,0,0,0,0,0,0,0,0,0,0,0,0,0,0,0,0,0,0,0,0,0,0,12570404,0,0,0,0,0,0,0
1789580983.888,0,0,0,0,0,0,0,271370993,2458136944128,812165430272,0,0,0,0,0,0,0,0,0,0,0,0,0,0,0,0,0,0,0,0,0,0,0,0,0,0,0,0,0,0,0,0,0,0,0,0,0,0,0,0,0,0,0,0,0,0,0,0,0,0,0,0,0,0,0,0,0,0,463534,150223580,45474026,0,0,0,0,0,0,0,0,0,0,0,0,0,0,0,0,0,0,0,0,0,0,0,0,0,0,0,0,0,0,0,0,0,0,0,0,0,2144337920,803815424,130880,49061,0,192,131072,150058571,0,0,1372230522,2147483648,116169761,147227962,0,0,0,0,0,0,0,0,0,0,0,0,0,0,0,0,0,0,8729956,8730042,0,97,97,6265,329,17459983,35,0,0,0,0,0,0,0,1,0,0,0,0,0,0,0,0,0,0,9819613,0,14002601,123925,0,0,0,0,0,0,0,0,16384,0,0,0,0,0,0,0,0,0,0,0,5105,343,0,0,0,0,0,26542919,0,9428,27,4632,341,5105,0,0,0,0,0,0,0,0,0,0,0,0,0,0,0,0,0,0,0,0,0,0,0,0,0,0,0,0,0,0,0,0,0,0,0,0,0,0,0,0,0,0,0,0,0,0,0,0,0,0,0,0,0,110130609,0,0,0,130335450,0,0,0,0,0,0,0,79710323,150129987,186886357,57240322048,46177418,0,0,0,0,0,0,0,0,0,0,0,0,0,0,0,0,0,0,0,0,0,0,0,0,0,0,0,0,0,0,0,12570677,0,0,0,0,0,0,0
1789580984.913,0,0,0,0,0,0,0,271378848,2458236771840,812189264896,0,0,0,0,0,0,0,0,0,0,0,0,0,0,0,0,0,0,0,0,0,0,0,0,0,0,0,0,0,0,0,0,0,0,0,0,0,0,0,0,0,0,0,0,0,0,0,0,0,0,0,0,0,0,0,0,0,0,463549,150229680,45475416,0,0,0,0,0,0,0,0,0,0,0,0,0,0,0,0,0,0,0,0,0,0,0,0,0,0,0,0,0,0,0,0,0,0,0,0,0,2144714752,803979264,130903,49071,0,169,131072,150064668,0,0,1372271853,2147483648,116175790,147232011,0,0,0,0,0,0,0,0,0,0,0,0,0,0,0,0,0,0,8730210,8730290,0,97,97,6265,329,17460511,35,0,0,0,0,0,0,0,1,0,0,0,0,0,0,0,0,0,0,9819887,0,14002601,123925,0,0,0,0,0,0,0,0,16384,0,0,0,0,0,0,0,0,0,0,0,5106,343,0,0,0,0,0,26543657,0,9428,27,4632,341,5106,0,0,0,0,0,0,0,0,0,0,0,0,0,0,0,0,0,0,0,0,0,0,0,0,0,0,0,0,0,0,0,0,0,0,0,0,0,0,0,0,0,0,0,0,0,0,0,0,0,0,0,0,0,110131968,0,0,0,130339099,0,0,0,0,0,0,0,79712618,150136090,186890493,57241099264,46178325,0,0,0,0,0,0,0,0,0,0,0,0,0,0,0,0,0,0,0,0,0,0,0,0,0,0,0,0,0,0,0,12570919,0,0,0,0,0,0,0
1789580985.938,0,0,0,0,0,0,0,271387122,2458342759936,812214221312,0,0,0,0,0,0,0,0,0,0,0,0,0,0,0,0,0,0,0,0,0,0,0,0,0,0,0,0,0,0,0,0,0,0,0,0,0,0,0,0,0,0,0,0,0,0,0,0,0,0,0,0,0,0,0,0,0,0,463561,150236156,45476880,0,0,0,0,0,0,0,0,0,0,0,0,0,0,0,0,0,0,0,0,0,0,0,0,0,0,0,0,0,0,0,0,0,0,0,0,0,2144731136,803389440,130904,49035,0,168,131072,150071141,0,0,1372315204,2147483648,116182216,147236192,0,0,0,0,0,0,0,0,0,0,0,0,0,0,0,0,0,0,8730487,8730568,0,97,97,6265,329,17461039,35,0,0,0,0,0,0,0,1,0,0,0,0,0,0,0,0,0,0,9820190,0,14002601,123925,0,0,0,0,0,0,0,0,16384,0,0,0,0,0,0,0,0,0,0,0,5107,343,0,0,0,0,0,26544474,0,9428,27,4632,341,5107,0,0,0,0,0,0,0,0,0,0,0,0,0,0,0,0,0,0,0,0,0,0,0,0,0,0,0,0,0,0,0,0,0,0,0,0,0,0,0,0,0,0,0,0,0,0,0,0,0,0,0,0,0,110133396,0,0,0,130342871,0,0,0,0,0,0,0,79715008,150142565,186894824,57241909760,46179261,0,0,0,0,0,0,0,0,0,0,0,0,0,0,0,0,0,0,0,0,0,0,0,0,0,0,0,0,0,0,0,12571188,0,0,0,0,0,0,0
1789580986.964,0,0,0,0,0,0,0,271395608,2458450828800,812238630400,0,0,0,0,0,0,0,0,0,0,0,0,0,0,0,0,0,0,0,0,0,0,0,0,0,0,0,0,0,0,0,0,0,0,0,0,0,0,0,0,0,0,0,0,0,0,0,0,0,0,0,0,0,0,0,0,0,0,463573,150242766,45478303,0,0,0,0,0,0,0,0,0,0,0,0,0,0,0,0,0,0,0,0,0,0,0,0,0,0,0,0,0,0,0,0,0,0,0,0,0,2144665600,804896768,130900,49127,0,172,131072,150077746,0,0,1372359330,2147483648,116188763,147240612,0,0,0,0,0,0,0,0,0,0,0,0,0,0,0,0,0,0,8730774,8730855,0,97,97,6265,329,17461601,35,0,0,0,0,0,0,0,1,0,0,0,0,0,0,0,0,0,0,9820507,0,14002601,123925,0,0,0,0,0,0,0,0,16384,0,0,0,0,0,0,0,0,0,0,0,5108,343,0,0,0,0,0,26545331,0,9428,27,4632,341,5108,0,0,0,0,0,0,0,0,0,0,0,0,0,0,0,0,0,0,0,0,0,0,0,0,0,0,0,0,0,0,0,0,0,0,0,0,0,0,0,0,0,0,0,0,0,0,0,0,0,0,0,0,0,110134835,0,0,0,130346859,0,0,0,0,0,0,0,79717387,150149167,186899098,57242747904,46180224,0,0,0,0,0,0,0,0,0,0,0,0,0,0,0,0,0,0,0,0,0,0,0,0,0,0,0,0,0,0,0,12571470,0,0,0,0,0,0,0
1789580987.990,0,0,0,0,0,0,0,271404360,2458562616832,812263465984,0,0,0,0,0,0,0,0,0,0,0,0,0,0,0,0,0,0,0,0,0,0,0,0,0,0,0,0,0,0,0,0,0,0,0,0,0,0,0,0,0,0,0,0,0,0,0,0,0,0,0,0,0,0,0,0,0,0,463590,150249595,45479730,0,0,0,0,0,0,0,0,0,0,0,0,0,0,0,0,0,0,0,0,0,0,0,0,0,0,0,0,0,0,0,0,0,0,0,0,0,2144780288,807616512,130907,49293,0,165,131072,150084574,0,0,1372405586,2147483648,116195514,147245273,0,0,0,0,0,0,0,0,0,0,0,0,0,0,0,0,0,0,8731065,8731145,0,97,97,6265,329,17462210,35,0,0,0,0,0,0,0,1,0,0,0,0,0,0,0,0,0,0,9820827,0,14002601,123925,0,0,0,0,0,0,0,0,16384,0,0,0,0,0,0,0,0,0,0,0,5109,343,0,0,0,0,0,26546189,0,9428,27,4632,341,5109,0,0,0,0,0,0,0,0,0,0,0,0,0,0,0,0,0,0,0,0,0,0,0,0,0,0,0,0,0,0,0,0,0,0,0,0,0,0,0,0,0,0,0,0,0,0,0,0,0,0,0,0,0,110136338,0,0,0,130351059,0,0,0,0,0,0,0,79719828,150155994,186903479,57243622912,46181225,0,1,0,0,0,0,0,0,0,0,0,0,0,0,0,0,0,0,0,0,0,0,0,0,0,0,0,0,0,0,0,12571752,0,0,0,0,0,0,0
1789580989.016,0,0,0,0,0,0,0,271413281,2458676207104,812290169344,0,0,0,0,0,0,0,0,0,0,0,0,0,0,0,0,0,0,0,0,0,0,0,0,0,0,0,0,0,0,0,0,0,0,0,0,0,0,0,0,0,0,0,0,0,0,0,0,0,0,0,0,0,0,0,0,0,0,463606,150256531,45481300,0,0,0,0,0,0,0,0,0,0,0,0,0,0,0,0,0,0,0,0,0,0,0,0,0,0,0,0,0,0,0,0,0,0,0,0,0,2144714752,806469632,130903,49223,0,169,131072,150091505,0,0,1372452158,2147483648,116202373,147249719,0,0,0,0,0,0,0,0,0,0,0,0,0,0,0,0,0,0,8731358,8731441,0,97,97,6265,329,17462764,35,0,0,0,0,0,0,0,1,0,0,0,0,0,0,0,0,0,0,9821143,0,14002601,123925,0,0,0,0,0,0,0,0,16384,0,0,0,0,0,0,0,0,0,0,0,5110,343,0,0,0,0,0,26547049,0,9428,27,4632,341,5110,0,0,0,0,0,0,0,0,0,0,0,0,0,0,0,0,0,0,0,0,0,0,0,0,0,0,0,0,0,0,0,0,0,0,0,0,0,0,0,0,0,0,0,0,0,0,0,0,0,0,0,0,0,110137787,0,0,0,130355042,0,0,0,0,0,0,0,79722322,150162930,186908043,57244460544,46182161,0,0,0,0,0,0,0,0,0,0,0,0,0,0,0,0,0,0,0,0,0,0,0,0,0,0,0,0,0,0,0,12572033,0,0,0,0,0,0,0
1789580990.042,0,0,0,0,0,0,0,271422237,2458788781568,812316626944,0,0,0,0,0,0,0,0,0,0,0,0,0,0,0,0,0,0,0,0,0,0,0,0,0,0,0,0,0,0,0,0,0,0,0,0,0,0,0,0,0,0,0,0,0,0,0,0,0,0,0,0,0,0,0,0,0,0,463632,150263403,45482832,0,0,0,0,0,0,0,0,0,0,0,0,0,0,0,0,0,0,0,0,0,0,0,0,0,0,0,0,0,0,0,0,0,0,0,0,0,2144567296,809402368,130894,49402,0,178,131072,150098373,0,0,1372498977,2147483648,116209199,147254852,0,0,0,0,0,0,0,0,0,0,0,0,0,0,0,0,0,0,8731676,8731761,0,97,97,6265,329,17463420,35,0,0,0,0,0,0,0,1,0,0,0,0,0,0,0,0,0,0,9821501,0,14002601,123925,0,0,0,0,0,0,0,0,16384,0,0,0,0,0,0,0,0,0,0,0,5111,343,0,0,0,0,0,26548007,0,9428,27,4632,341,5111,0,0,0,0,0,0,0,0,0,0,0,0,0,0,0,0,0,0,0,0,0,0,0,0,0,0,0,0,0,0,0,0,0,0,0,0,0,0,0,0,0,0,0,0,0,0,0,0,0,0,0,0,0,110139387,0,0,0,130359583,0,0,0,0,0,0,0,79724882,150169801,186912714,57245405184,46183188,0,0,0,0,0,0,0,0,0,0,0,0,0,0,0,0,0,0,0,0,0,0,0,0,0,0,0,0,0,0,0,12572350,0,0,0,0,0,0,0
1789580991.067,0,0,0,0,0,0,0,271430526,2458893327872,812340767232,0,0,0,0,0,0,0,0,0,0,0,0,0,0,0,0,0,0,0,0,0,0,0,0,0,0,0,0,0,0,0,0,0,0,0,0,0,0,0,0,0,0,0,0,0,0,0,0,0,0,0,0,0,0,0,0,0,0,463646,150269803,45484247,0,0,0,0,0,0,0,0,0,0,0,0,0,0,0,0,0,0,0,0,0,0,0,0,0,0,0,0,0,0,0,0,0,0,0,0,0,2144419840,809598976,130885,49414,0,187,131072,150104771,0,0,1372542356,2147483648,116215533,147259215,0,0,0,0,0,0,0,0,0,0,0,0,0,0,0,0,0,0,8731949,8732030,0,97,97,6265,329,17463968,35,0,0,0,0,0,0,0,1,0,0,0,0,0,0,0,0,0,0,9821830,0,14002601,123925,0,0,0,0,0,0,0,0,16384,0,0,0,0,0,0,0,0,0,0,0,5112,343,0,0,0,0,0,26548898,0,9428,27,4632,341,5112,0,0,0,0,0,0,0,0,0,0,0,0,0,0,0,0,0,0,0,0,0,0,0,0,0,0,0,0,0,0,0,0,0,0,0,0,0,0,0,0,0,0,0,0,0,0,0,0,0,0,0,0,0,110140824,0,0,0,130363461,0,0,0,0,0,0,0,79727240,150176196,186916957,57246229504,46184143,0,0,0,0,0,0,0,0,0,0,0,0,0,0,0,0,0,0,0,0,0,0,0,0,0,0,0,0,0,0,0,12572645,0,0,0,0,0,0,0
1789580992.094,0,0,0,0,0,0,0,271438573,2458995793408,812363888128,0,0,0,0,0,0,0,0,0,0,0,0,0,0,0,0,0,0,0,0,0,0,0,0,0,0,0,0,0,0,0,0,0,0,0,0,0,0,0,0,0,0,0,0,0,0,0,0,0,0,0,0,0,0,0,0,0,0,463661,150276060,45485565,0,0,0,0,0,0,0,0,0,0,0,0,0,0,0,0,0,0,0,0,0,0,0,0,0,0,0,0,0,0,0,0,0,0,0,0,0,2144272384,810745856,130876,49484,0,196,131072,150111027,0,0,1372584489,2147483648,116221720,147263386,0,0,0,0,0,0,0,0,0,0,0,0,0,0,0,0,0,0,8732215,8732295,0,97,97,6265,329,17464500,35,0,0,0,0,0,0,0,1,0,0,0,0,0,0,0,0,0,0,9822126,0,14002601,123925,0,0,0,0,0,0,0,0,16384,0,0,0,0,0,0,0,0,0,0,0,5113,343,0,0,0,0,0,26549697,0,9428,27,4632,341,5113,0,0,0,0,0,0,0,0,0,0,0,0,0,0,0,0,0,0,0,0,0,0,0,0,0,0,0,0,0,0,0,0,0,0,0,0,0,0,0,0,0,0,0,0,0,0,0,0,0,0,0,0,0,110142200,0,0,0,130367207,0,0,0,0,0,0,0,79729497,150182452,186921019,57247026176,46185056,0,0,0,0,0,0,0,0,0,0,0,0,0,0,0,0,0,0,0,0,0,0,0,0,0,0,0,0,0,0,0,12572908,0,0,0,0,0,0,0
1789580993.121,0,0,0,0,0,0,0,271446586,2459098996224,812387241472,0,0,0,0,0,0,0,0,0,0,0,0,0,0,0,0,0,0,0,0,0,0,0,0,0,0,0,0,0,0,0,0,0,0,0,0,0,0,0,0,0,0,0,0,0,0,0,0,0,0,0,0,0,0,0,0,0,0,463675,150282365,45486924,0,0,0,0,0,0,0,0,0,0,0,0,0,0,0,0,0,0,0,0,0,0,0,0,0,0,0,0,0,0,0,0,0,0,0,0,0,2144616448,811122688,130897,49507,0,175,131072,150117332,0,0,1372626596,2147483648,116227952,147267488,0,0,0,0,0,0,0,0,0,0,0,0,0,0,0,0,0,0,8732480,8732562,0,97,97,6265,329,17465022,35,0,0,0,0,0,0,0,1,0,0,0,0,0,0,0,0,0,0,9822418,0,14002601,123925,0,0,0,0,0,0,0,0,16384,0,0,0,0,0,0,0,0,0,0,0,5114,343,0,0,0,0,0,26550484,0,9428,27,4632,341,5114,0,0,0,0,0,0,0,0,0,0,0,0,0,0,0,0,0,0,0,0,0,0,0,0,0,0,0,0,0,0,0,0,0,0,0,0,0,0,0,0,0,0,0,0,0,0,0,0,0,0,0,0,0,110143585,0,0,0,130370887,0,0,0,0,0,0,0,79731776,150188762,186925122,57247815680,46185977,0,0,0,0,0,0,0,0,0,0,0,0,0,0,0,0,0,0,0,0,0,0,0,0,0,0,0,0,0,0,0,12573167,0,0,0,0,0,0,0
1789580994.147,0,0,0,0,0,0,0,271454576,2459200773632,812412407296,0,0,0,0,0,0,0,0,0,0,0,0,0,0,0,0,0,0,0,0,0,0,0,0,0,0,0,0,0,0,0,0,0,0,0,0,0,0,0,0,0,0,0,0,0,0,0,0,0,0,0,0,0,0,0,0,0,0,463696,150288587,45488393,0,0,0,0,0,0,0,0,0,0,0,0,0,0,0,0,0,0,0,0,0,0,0,0,0,0,0,0,0,0,0,0,0,0,0,0,0,2144370688,811466752,130882,49528,0,190,131072,150123549,0,0,1372668331,2147483648,116234119,147271893,0,0,0,0,0,0,0,0,0,0,0,0,0,0,0,0,0,0,8732761,8732843,0,97,97,6265,329,17465584,35,0,0,0,0,0,0,0,1,0,0,0,0,0,0,0,0,0,0,9822727,0,14002601,123925,0,0,0,0,0,0,0,0,16384,0,0,0,0,0,0,0,0,0,0,0,5115,343,0,0,0,0,0,26551325,0,9428,27,4632,341,5115,0,0,0,0,0,0,0,0,0,0,0,0,0,0,0,0,0,0,0,0,0,0,0,0,0,0,0,0,0,0,0,0,0,0,0,0,0,0,0,0,0,0,0,0,0,0,0,0,0,0,0,0,0,110144978,0,0,0,130374791,0,0,0,0,0,0,0,79734142,150194979,186929442,57248628736,46186879,0,0,0,0,0,0,0,0,0,0,0,0,0,0,0,0,0,0,0,0,0,0,0,0,0,0,0,0,0,0,0,12573441,0,0,0,0,0,0,0
1789580995.173,0,0,0,0,0,0,0,271464022,2459320049152,812440173568,0,0,0,0,0,0,0,0,0,0,0,0,0,0,0,0,0,0,0,0,0,0,0,0,0,0,0,0,0,0,0,0,0,0,0,0,0,0,0,0,0,0,0,0,0,0,0,0,0,0,0,0,0,0,0,0,0,0,463707,150295877,45490004,0,0,0,0,0,0,0,0,0,0,0,0,0,0,0,0,0,0,0,0,0,0,0,0,0,0,0,0,0,0,0,0,0,0,0,0,0,2144665600,811941888,130900,49557,0,172,131072,150130830,0,0,1372718155,2147483648,116241164,147276821,0,0,0,0,0,0,0,0,0,0,0,0,0,0,0,0,0,0,8733074,8733158,0,97,97,6265,329,17466219,35,0,0,0,0,0,0,0,1,0,0,0,0,0,0,0,0,0,0,9823080,0,14002729,123926,0,0,0,0,0,0,0,0,16384,0,0,0,0,0,0,0,0,0,0,0,5116,343,0,0,0,0,0,26552275,0,9428,27,4632,341,5116,0,0,0,0,0,0,0,0,0,0,0,0,0,0,0,0,0,0,0,0,0,0,0,0,0,0,0,0,0,0,0,0,0,0,0,0,0,0,0,0,0,0,0,0,0,0,0,0,0,0,0,0,0,110146485,0,0,0,130379257,0,0,0,0,0,0,0,79736612,150202268,186934057,57249514496,46187859,1,0,0,0,0,0,0,0,0,0,0,0,0,0,0,0,0,0,0,0,0,0,0,0,0,0,0,0,0,0,0,12573754,0,0,0,0,0,0,0
1789580996.198,0,0,0,0,0,0,0,271473478,2459438685696,812467773440,0,0,0,0,0,0,0,0,0,0,0,0,0,0,0,0,0,0,0,0,0,0,0,0,0,0,0,0,0,0,0,0,0,0,0,0,0,0,0,0,0,0,0,0,0,0,0,0,0,0,0,0,0,0,0,0,0,0,463728,150303128,45491627,0,0,0,0,0,0,0,0,0,0,0,0,0,0,0,0,0,0,0,0,0,0,0,0,0,0,0,0,0,0,0,0,0,0,0,0,0,2144206848,812548096,130872,49594,0,200,131072,150138078,0,0,1372767709,2147483648,116248368,147281856,0,0,0,0,0,0,0,0,0,0,0,0,0,0,0,0,0,0,8733388,8733472,0,97,97,6265,329,17466860,35,0,0,0,0,0,0,0,1,0,0,0,0,0,0,0,0,0,0,9823443,0,14002729,123926,0,0,0,0,0,0,0,0,16384,0,0,0,0,0,0,0,0,0,0,0,5117,343,0,0,0,0,0,26553265,0,9428,27,4632,341,5117,0,0,0,0,0,0,0,0,0,0,0,0,0,0,0,0,0,0,0,0,0,0,0,0,0,0,0,0,0,0,0,0,0,0,0,0,0,0,0,0,0,0,0,0,0,0,0,0,0,0,0,0,0,110147994,0,0,0,130383721,0,0,0,0,0,0,0,79739195,150209514,186938780,57250409984,46188836,0,0,0,0,0,0,0,0,0,0,0,0,0,0,0,0,0,0,0,0,0,0,0,0,0,0,0,0,0,0,0,12574078,0,0,0,0,0,0,0
1789580997.224,0,0,0,0,0,0,0,271482537,2459554700800,812496139776,0,0,0,0,0,0,0,0,0,0,0,0,0,0,0,0,0,0,0,0,0,0,0,0,0,0,0,0,0,0,0,0,0,0,0,0,0,0,0,0,0,0,0,0,0,0,0,0,0,0,0,0,0,0,0,0,0,0,463745,150310219,45493269,0,0,0,0,0,0,0,0,0,0,0,0,0,0,0,0,0,0,0,0,0,0,0,0,0,0,0,0,0,0,0,0,0,0,0,0,0,2144419840,811057152,130885,49503,0,187,131072,150145160,0,0,1372815225,2147483648,116255353,147286509,0,0,0,0,0,0,0,0,0,0,0,0,0,0,0,0,0,0,8733674,8733761,0,97,97,6265,329,17467459,35,0,0,0,0,0,0,0,1,0,0,0,0,0,0,0,0,0,0,9823782,0,14002729,123926,0,0,0,0,0,0,0,0,16384,0,0,0,0,0,0,0,0,0,0,0,5118,343,0,0,0,0,0,26554181,0,9428,27,4632,341,5118,0,0,0,0,0,0,0,0,0,0,0,0,0,0,0,0,0,0,0,0,0,0,0,0,0,0,0,0,0,0,0,0,0,0,0,0,0,0,0,0,0,0,0,0,0,0,0,0,0,0,0,0,0,110149458,0,0,0,130387872,0,0,0,0,0,0,0,79741820,150216604,186943561,57251259392,46189804,0,0,0,0,0,0,0,0,0,0,0,0,0,0,0,0,0,0,0,0,0,0,0,0,0,0,0,0,0,0,0,12574380,0,0,0,0,0,0,0
1789580998.249,0,0,0,0,0,0,0,271490508,2459655085568,812519108096,0,0,0,0,0,0,0,0,0,0,0,0,0,0,0,0,0,0,0,0,0,0,0,0,0,0,0,0,0,0,0,0,0,0,0,0,0,0,0,0,0,0,0,0,0,0,0,0,0,0,0,0,0,0,0,0,0,0,463756,150316359,45494584,0,0,0,0,0,0,0,0,0,0,0,0,0,0,0,0,0,0,0,0,0,0,0,0,0,0,0,0,0,0,0,0,0,0,0,0,0,2143698944,814415872,130841,49708,0,231,131072,150151295,0,0,1372856410,2147483648,116261482,147291057,0,0,0,0,0,0,0,0,0,0,0,0,0,0,0,0,0,0,8733969,8734049,0,97,97,6265,329,17468035,35,0,0,0,0,0,0,0,1,0,0,0,0,0,0,0,0,0,0,9824116,0,14002729,123926,0,0,0,0,0,0,0,0,16384,0,0,0,0,0,0,0,0,0,0,0,5119,343,0,0,0,0,0,26555088,0,9428,27,4632,341,5119,0,0,0,0,0,0,0,0,0,0,0,0,0,0,0,0,0,0,0,0,0,0,0,0,0,0,0,0,0,0,0,0,0,0,0,0,0,0,0,0,0,0,0,0,0,0,0,0,0,0,0,0,0,110150914,0,0,0,130391926,0,0,0,0,0,0,0,79744104,150222740,186947673,57252100096,46190759,0,0,0,0,0,0,0,0,0,0,0,0,0,0,0,0,0,0,0,0,0,0,0,0,0,0,0,0,0,0,0,12574678,0,0,0,0,0,0,0
1789580999.275,0,0,0,0,0,0,0,271498085,2459751489024,812540533760,0,0,0,0,0,0,0,0,0,0,0,0,0,0,0,0,0,0,0,0,0,0,0,0,0,0,0,0,0,0,0,0,0,0,0,0,0,0,0,0,0,0,0,0,0,0,0,0,0,0,0,0,0,0,0,0,0,0,463770,150322259,45495840,0,0,0,0,0,0,0,0,0,0,0,0,0,0,0,0,0,0,0,0,0,0,0,0,0,0,0,0,0,0,0,0,0,0,0,0,0,2143682560,814563328,130840,49717,0,232,131072,150157194,0,0,1372896406,2147483648,116267319,147294881,0,0,0,0,0,0,0,0,0,0,0,0,0,0,0,0,0,0,8734207,8734284,0,97,97,6265,329,17468512,35,0,0,0,0,0,0,0,1,0,0,0,0,0,0,0,0,0,0,9824396,0,14002729,123926,0,0,0,0,0,0,0,0,16384,0,0,0,0,0,0,0,0,0,0,0,5120,343,0,0,0,0,0,26555845,0,9428,27,4632,341,5120,0,0,0,0,0,0,0,0,0,0,0,0,0,0,0,0,0,0,0,0,0,0,0,0,0,0,0,0,0,0,0,0,0,0,0,0,0,0,0,0,0,0,0,0,0,0,0,0,0,0,0,0,0,110152173,0,0,0,130395312,0,0,0,0,0,0,0,79746184,150228636,186951423,57252824064,46191593,0,0,0,0,0,0,0,0,0,0,0,0,0,0,0,0,0,0,0,0,0,0,0,0,0,0,0,0,0,0,0,12574928,0,0,0,0,0,0,0
1789581000.301,0,0,0,0,0,0,0,271505500,2459845058048,812561473536,0,0,0,0,0,0,0,0,0,0,0,0,0,0,0,0,0,0,0,0,0,0,0,0,0,0,0,0,0,0,0,0,0,0,0,0,0,0,0,0,0,0,0,0,0,0,0,0,0,0,0,0,0,0,0,0,0,0,463780,150327984,45497067,0,0,0,0,0,0,0,0,0,0,0,0,0,0,0,0,0,0,0,0,0,0,0,0,0,0,0,0,0,0,0,0,0,0,0,0,0,2143780864,817364992,130846,49888,0,226,131072,150162918,0,0,1372934710,2147483648,116272979,147298986,0,0,0,0,0,0,0,0,0,0,0,0,0,0,0,0,0,0,8734461,8734534,0,97,97,6265,329,17469044,35,0,0,0,0,0,0,0,1,0,0,0,0,0,0,0,0,0,0,9824684,0,14002729,123926,0,0,0,0,0,0,0,0,16384,0,0,0,0,0,0,0,0,0,0,0,5121,343,0,0,0,0,0,26556632,0,9428,27,4632,341,5121,0,0,0,0,0,0,0,0,0,0,0,0,0,0,0,0,0,0,0,0,0,0,0,0,0,0,0,0,0,0,0,0,0,0,0,0,0,0,0,0,0,0,0,0,0,0,0,0,0,0,0,0,0,110153486,0,0,0,130398981,0,0,0,0,0,0,0,79748262,150234357,186955162,57253590016,46192458,0,0,0,0,0,0,0,0,0,0,0,0,0,0,0,0,0,0,0,0,0,0,0,0,0,0,0,0,0,0,0,12575184,0,0,0,0,0,0,0
1789581001.329,0,0,0,0,0,0,0,271512510,2459934793216,812583902208,0,0,0,0,0,0,0,0,0,0,0,0,0,0,0,0,0,0,0,0,0,0,0,0,0,0,0,0,0,0,0,0,0,0,0,0,0,0,0,0,0,0,0,0,0,0,0,0,0,0,0,0,0,0,0,0,0,0,463789,150333468,45498373,0,0,0,0,0,0,0,0,0,0,0,0,0,0,0,0,0,0,0,0,0,0,0,0,0,0,0,0,0,0,0,0,0,0,0,0,0,2143666176,814415872,130839,49708,0,233,131072,150168400,0,0,1372970950,2147483648,116278402,147302515,0,0,0,0,0,0,0,0,0,0,0,0,0,0,0,0,0,0,8734680,8734760,0,97,97,6265,329,17469452,35,0,0,0,0,0,0,0,1,0,0,0,0,0,0,0,0,0,0,9824966,0,14002729,123926,0,0,0,0,0,0,0,0,16384,0,0,0,0,0,0,0,0,0,0,0,5122,343,0,0,0,0,0,26557413,0,9428,27,4632,341,5122,0,0,0,0,0,0,0,0,0,0,0,0,0,0,0,0,0,0,0,0,0,0,0,0,0,0,0,0,0,0,0,0,0,0,0,0,0,0,0,0,0,0,0,0,0,0,0,0,0,0,0,0,0,110154651,0,0,0,130402056,0,0,0,0,0,0,0,79750353,150239839,186958953,57254259712,46193236,0,0,0,0,0,0,0,0,0,0,0,0,0,0,0,0,0,0,0,0,0,0,0,0,0,0,0,0,0,0,0,12575439,0,0,0,0,0,0,0
1789581002.355,0,0,0,0,0,0,0,271519359,2460021923328,812602462208,0,0,0,0,0,0,0,0,0,0,0,0,0,0,0,0,0,0,0,0,0,0,0,0,0,0,0,0,0,0,0,0,0,0,0,0,0,0,0,0,0,0,0,0,0,0,0,0,0,0,0,0,0,0,0,0,0,0,463795,150338801,45499454,0,0,0,0,0,0,0,0,0,0,0,0,0,0,0,0,0,0,0,0,0,0,0,0,0,0,0,0,0,0,0,0,0,0,0,0,0,2143485952,816152576,130828,49814,0,244,131072,150173732,0,0,1373007031,2147483648,116283691,147306031,0,0,0,0,0,0,0,0,0,0,0,0,0,0,0,0,0,0,8734903,8734986,0,97,97,6265,329,17469906,35,0,0,0,0,0,0,0,1,0,0,0,0,0,0,0,0,0,0,9825218,0,14002729,123926,0,0,0,0,0,0,0,0,16384,0,0,0,0,0,0,0,0,0,0,0,5123,343,0,0,0,0,0,26558098,0,9428,27,4632,341,5123,0,0,0,0,0,0,0,0,0,0,0,0,0,0,0,0,0,0,0,0,0,0,0,0,0,0,0,0,0,0,0,0,0,0,0,0,0,0,0,0,0,0,0,0,0,0,0,0,0,0,0,0,0,110155872,0,0,0,130405219,0,0,0,0,0,0,0,79752243,150245170,186962322,57254944768,46194052,0,0,0,0,0,0,0,0,0,0,0,0,0,0,0,0,0,0,0,0,0,0,0,0,0,0,0,0,0,0,0,12575663,0,0,0,0,0,0,0
1789581003.381,0,0,0,0,0,0,0,271526155,2460108348928,812623367168,0,0,0,0,0,0,0,0,0,0,0,0,0,0,0,0,0,0,0,0,0,0,0,0,0,0,0,0,0,0,0,0,0,0,0,0,0,0,0,0,0,0,0,0,0,0,0,0,0,0,0,0,0,0,0,0,0,0,463804,150344085,45500653,0,0,0,0,0,0,0,0,0,0,0,0,0,0,0,0,0,0,0,0,0,0,0,0,0,0,0,0,0,0,0,0,0,0,0,0,0,2143240192,817266688,130813,49882,0,259,131072,150179013,0,0,1373042566,2147483648,116288944,147309769,0,0,0,0,0,0,0,0,0,0,0,0,0,0,0,0,0,0,8735135,8735213,0,97,97,6265,329,17470390,35,0,0,0,0,0,0,0,1,0,0,0,0,0,0,0,0,0,0,9825473,0,14002729,123926,0,0,0,0,0,0,0,0,16384,0,0,0,0,0,0,0,0,0,0,0,5124,343,0,0,0,0,0,26558789,0,9428,27,4632,341,5124,0,0,0,0,0,0,0,0,0,0,0,0,0,0,0,0,0,0,0,0,0,0,0,0,0,0,0,0,0,0,0,0,0,0,0,0,0,0,0,0,0,0,0,0,0,0,0,0,0,0,0,0,0,110157123,0,0,0,130408568,0,0,0,0,0,0,0,79754277,150250455,186966003,57255655936,46194872,0,0,0,0,0,0,0,0,0,0,0,0,0,0,0,0,0,0,0,0,0,0,0,0,0,0,0,0,0,0,0,12575888,0,0,0,0,0,0,0
1789581004.409,0,0,0,0,0,0,0,271532750,2460192185856,812641821696,0,0,0,0,0,0,0,0,0,0,0,0,0,0,0,0,0,0,0,0,0,0,0,0,0,0,0,0,0,0,0,0,0,0,0,0,0,0,0,0,0,0,0,0,0,0,0,0,0,0,0,0,0,0,0,0,0,0,463809,150349201,45501720,0,0,0,0,0,0,0,0,0,0,0,0,0,0,0,0,0,0,0,0,0,0,0,0,0,0,0,0,0,0,0,0,0,0,0,0,0,2142945280,818544640,130795,49960,0,277,131072,150184124,0,0,1373076693,2147483648,116294039,147313263,0,0,0,0,0,0,0,0,0,0,0,0,0,0,0,0,0,0,8735360,8735434,0,97,97,6265,329,17470823,35,0,0,0,0,0,0,0,1,0,0,0,0,0,0,0,0,0,0,9825736,0,14002729,123926,0,0,0,0,0,0,0,0,16384,0,0,0,0,0,0,0,0,0,0,0,5126,343,0,0,0,0,0,26559507,0,9428,27,4632,341,5126,0,0,0,0,0,0,0,0,0,0,0,0,0,0,0,0,0,0,0,0,0,0,0,0,0,0,0,0,0,0,0,0,0,0,0,0,0,0,0,0,0,0,0,0,0,0,0,0,0,0,0,0,0,110158321,0,0,0,130411683,0,0,0,0,0,0,0,79756146,150255574,186969339,57256333824,46195671,0,0,0,0,0,0,0,0,0,0,0,0,0,0,0,0,0,0,0,0,0,0,0,0,0,0,0,0,0,0,0,12576124,0,0,0,0,0,0,0
1789581005.435,0,0,0,0,0,0,0,271539359,2460276907520,812683267584,0,0,0,0,0,0,0,0,0,0,0,0,0,0,0,0,0,0,0,0,0,0,0,0,0,0,0,0,0,0,0,0,0,0,0,0,0,0,0,0,0,0,0,0,0,0,0,0,0,0,0,0,0,0,0,0,0,0,463810,150354382,45504238,0,0,0,0,0,0,0,0,0,0,0,0,0,0,0,0,0,0,0,0,0,0,0,0,0,0,0,0,0,0,0,0,0,0,0,0,0,2142748672,795394048,130783,48547,0,289,131072,150189303,0,0,1373111103,2147483648,116298258,147316530,0,0,0,0,0,0,0,0,0,0,0,0,0,0,0,0,0,0,8735569,8735648,0,97,97,6265,329,17471246,35,0,0,0,0,0,0,0,1,0,0,0,0,0,0,0,0,0,0,9825974,0,14004150,123938,0,0,0,0,0,0,0,0,16384,0,0,0,0,0,0,0,0,0,0,0,5127,343,0,0,0,0,0,26560153,0,9428,27,4632,341,5127,0,0,0,0,0,0,0,0,0,0,0,0,0,0,0,0,0,0,0,0,0,0,0,0,0,0,0,0,0,0,0,0,0,0,0,0,0,0,0,0,0,0,0,0,0,0,0,0,0,0,0,0,0,110159460,0,0,0,130414639,0,0,0,0,0,0,0,79758187,150260750,186974018,57256980480,46196442,0,0,0,0,0,0,0,0,0,0,0,0,0,0,0,0,0,0,0,0,0,0,0,0,0,0,0,0,0,0,0,12576336,0,0,0,0,0,0,0
1789581006.461,0,0,0,0,0,0,0,271546527,2460368395776,812705597440,0,0,0,0,0,0,0,0,0,0,0,0,0,0,0,0,0,0,0,0,0,0,0,0,0,0,0,0,0,0,0,0,0,0,0,0,0,0,0,0,0,0,0,0,0,0,0,0,0,0,0,0,0,0,0,0,0,0,463813,150359975,45505498,0,0,0,0,0,0,0,0,0,0,0,0,0,0,0,0,0,0,0,0,0,0,0,0,0,0,0,0,0,0,0,0,0,0,0,0,0,2143191040,796246016,130810,48599,0,262,131072,150194895,0,0,1373148800,2147483648,116303344,147320329,0,0,0,0,0,0,0,0,0,0,0,0,0,0,0,0,0,0,8735810,8735883,0,97,97,6265,329,17471739,35,0,0,0,0,0,0,0,1,0,0,0,0,0,0,0,0,0,0,9826239,0,14004150,123938,0,0,0,0,0,0,0,0,16384,0,0,0,0,0,0,0,0,0,0,0,5128,343,0,0,0,0,0,26560866,0,9428,27,4632,341,5128,0,0,0,0,0,0,0,0,0,0,0,0,0,0,0,0,0,0,0,0,0,0,0,0,0,0,0,0,0,0,0,0,0,0,0,0,0,0,0,0,0,0,0,0,0,0,0,0,0,0,0,0,0,110160705,0,0,0,130418088,0,0,0,0,0,0,0,79760307,150266342,186977867,57257693184,46197260,0,0,0,0,0,0,0,0,0,0,0,0,0,0,0,0,0,0,0,0,0,0,0,0,0,0,0,0,0,0,0,12576570,0,0,0,0,0,0,0
1789581007.488,0,0,0,0,0,0,0,271553456,2460456836608,812725240832,0,0,0,0,0,0,0,0,0,0,0,0,0,0,0,0,0,0,0,0,0,0,0,0,0,0,0,0,0,0,0,0,0,0,0,0,0,0,0,0,0,0,0,0,0,0,0,0,0,0,0,0,0,0,0,0,0,0,463817,150365371,45506645,0,0,0,0,0,0,0,0,0,0,0,0,0,0,0,0,0,0,0,0,0,0,0,0,0,0,0,0,0,0,0,0,0,0,0,0,0,2143043584,797835264,130801,48696,0,271,131072,150200288,0,0,1373184974,2147483648,116308679,147324015,0,0,0,0,0,0,0,0,0,0,0,0,0,0,0,0,0,0,8736054,8736127,0,97,97,6265,329,17472191,35,0,0,0,0,0,0,0,1,0,0,0,0,0,0,0,0,0,0,9826511,0,14004150,123938,0,0,0,0,0,0,0,0,16384,0,0,0,0,0,0,0,0,0,0,0,5129,343,0,0,0,0,0,26561605,0,9428,27,4632,341,5129,0,0,0,0,0,0,0,0,0,0,0,0,0,0,0,0,0,0,0,0,0,0,0,0,0,0,0,0,0,0,0,0,0,0,0,0,0,0,0,0,0,0,0,0,0,0,0,0,0,0,0,0,0,110161932,0,0,0,130421376,0,0,0,0,0,0,0,79762279,150271739,186981368,57258394112,46198094,0,0,0,0,0,0,0,0,0,0,0,0,0,0,0,0,0,0,0,0,0,0,0,0,0,0,0,0,0,0,0,12576813,0,0,0,0,0,0,0
1789581008.514,0,0,0,0,0,0,0,271560205,2460543098368,812745098752,0,0,0,0,0,0,0,0,0,0,0,0,0,0,0,0,0,0,0,0,0,0,0,0,0,0,0,0,0,0,0,0,0,0,0,0,0,0,0,0,0,0,0,0,0,0,0,0,0,0,0,0,0,0,0,0,0,0,463818,150370648,45507794,0,0,0,0,0,0,0,0,0,0,0,0,0,0,0,0,0,0,0,0,0,0,0,0,0,0,0,0,0,0,0,0,0,0,0,0,0,2143240192,798736384,130813,48751,0,259,131072,150205563,0,0,1373219880,2147483648,116313871,147327495,0,0,0,0,0,0,0,0,0,0,0,0,0,0,0,0,0,0,8736268,8736342,0,97,97,6265,329,17472664,35,0,0,0,0,0,0,0,1,0,0,0,0,0,0,0,0,0,0,9826755,0,14004150,123938,0,0,0,0,0,0,0,0,16384,0,0,0,0,0,0,0,0,0,0,0,5130,343,0,0,0,0,0,26562261,0,9428,27,4632,341,5130,0,0,0,0,0,0,0,0,0,0,0,0,0,0,0,0,0,0,0,0,0,0,0,0,0,0,0,0,0,0,0,0,0,0,0,0,0,0,0,0,0,0,0,0,0,0,0,0,0,0,0,0,0,110163109,0,0,0,130424542,0,0,0,0,0,0,0,79764204,150277012,186984855,57259062784,46198863,0,0,0,0,0,0,0,0,0,0,0,0,0,0,0,0,0,0,0,0,0,0,0,0,0,0,0,0,0,0,0,12577029,0,0,0,0,0,0,0
1789581009.539,0,0,0,0,0,0,0,271566908,2460628311552,812765422592,0,0,0,0,0,0,0,0,0,0,0,0,0,0,0,0,0,0,0,0,0,0,0,0,0,0,0,0,0,0,0,0,0,0,0,0,0,0,0,0,0,0,0,0,0,0,0,0,0,0,0,0,0,0,0,0,0,0,463820,150375852,45508979,0,0,0,0,0,0,0,0,0,0,0,0,0,0,0,0,0,0,0,0,0,0,0,0,0,0,0,0,0,0,0,0,0,0,0,0,0,2143322112,798474240,130818,48735,0,254,131072,150210762,0,0,1373255277,2147483648,116319007,147330919,0,0,0,0,0,0,0,0,0,0,0,0,0,0,0,0,0,0,8736480,8736552,0,97,97,6265,329,17473107,35,0,0,0,0,0,0,0,1,0,0,0,0,0,0,0,0,0,0,9826992,0,14004150,123938,0,0,0,0,0,0,0,0,16384,0,0,0,0,0,0,0,0,0,0,0,5131,343,0,0,0,0,0,26562900,0,9428,27,4632,341,5131,0,0,0,0,0,0,0,0,0,0,0,0,0,0,0,0,0,0,0,0,0,0,0,0,0,0,0,0,0,0,0,0,0,0,0,0,0,0,0,0,0,0,0,0,0,0,0,0,0,0,0,0,0,110164276,0,0,0,130427643,0,0,0,0,0,0,0,79766152,150282213,186988390,57259718144,46199627,0,0,0,0,0,0,0,0,0,0,0,0,0,0,0,0,0,0,0,0,0,0,0,0,0,0,0,0,0,0,0,12577239,0,0,0,0,0,0,0
1789581010.566,0,0,0,0,0,0,0,271573541,2460712246784,812783502336,0,0,0,0,0,0,0,0,0,0,0,0,0,0,0,0,0,0,0,0,0,0,0,0,0,0,0,0,0,0,0,0,0,0,0,0,0,0,0,0,0,0,0,0,0,0,0,0,0,0,0,0,0,0,0,0,0,0,463825,150380982,45510024,0,0,0,0,0,0,0,0,0,0,0,0,0,0,0,0,0,0,0,0,0,0,0,0,0,0,0,0,0,0,0,0,0,0,0,0,0,2143076352,800489472,130803,48858,0,269,131072,150215889,0,0,1373289707,2147483648,116324101,147334492,0,0,0,0,0,0,0,0,0,0,0,0,0,0,0,0,0,0,8736715,8736788,0,97,97,6265,329,17473537,35,0,0,0,0,0,0,0,1,0,0,0,0,0,0,0,0,0,0,9827256,0,14004150,123938,0,0,0,0,0,0,0,0,16384,0,0,0,0,0,0,0,0,0,0,0,5132,343,0,0,0,0,0,26563617,0,9428,27,4632,341,5132,0,0,0,0,0,0,0,0,0,0,0,0,0,0,0,0,0,0,0,0,0,0,0,0,0,0,0,0,0,0,0,0,0,0,0,0,0,0,0,0,0,0,0,0,0,0,0,0,0,0,0,0,0,110165460,0,0,0,130430801,0,0,0,0,0,0,0,79767975,150287340,186991664,57260393984,46200404,0,0,0,0,0,0,0,0,0,0,0,0,0,0,0,0,0,0,0,0,0,0,0,0,0,0,0,0,0,0,0,12577475,0,0,0,0,0,0,0
1789581011.591,0,0,0,0,0,0,0,271580186,2460797804032,812802692608,0,0,0,0,0,0,0,0,0,0,0,0,0,0,0,0,0,0,0,0,0,0,0,0,0,0,0,0,0,0,0,0,0,0,0,0,0,0,0,0,0,0,0,0,0,0,0,0,0,0,0,0,0,0,0,0,0,0,463827,150386211,45511147,0,0,0,0,0,0,0,0,0,0,0,0,0,0,0,0,0,0,0,0,0,0,0,0,0,0,0,0,0,0,0,0,0,0,0,0,0,2143125504,800980992,130806,48888,0,266,131072,150221115,0,0,1373324449,2147483648,116329266,147337869,0,0,0,0,0,0,0,0,0,0,0,0,0,0,0,0,0,0,8736928,8737002,0,97,97,6265,329,17473964,35,0,0,0,0,0,0,0,1,0,0,0,0,0,0,0,0,0,0,9827495,0,14004150,123938,0,0,0,0,0,0,0,0,16384,0,0,0,0,0,0,0,0,0,0,0,5133,343,0,0,0,0,0,26564259,0,9428,27,4632,341,5133,0,0,0,0,0,0,0,0,0,0,0,0,0,0,0,0,0,0,0,0,0,0,0,0,0,0,0,0,0,0,0,0,0,0,0,0,0,0,0,0,0,0,0,0,0,0,0,0,0,0,0,0,0,110166641,0,0,0,130433857,0,0,0,0,0,0,0,79769882,150292563,186995076,57261056000,46201195,0,0,0,0,0,0,0,0,0,0,0,0,0,0,0,0,0,0,0,0,0,0,0,0,0,0,0,0,0,0,0,12577687,0,0,0,0,0,0,0
1789581012.617,0,0,0,0,0,0,0,271586848,2460881608192,812823247872,0,0,0,0,0,0,0,0,0,0,0,0,0,0,0,0,0,0,0,0,0,0,0,0,0,0,0,0,0,0,0,0,0,0,0,0,0,0,0,0,0,0,0,0,0,0,0,0,0,0,0,0,0,0,0,0,0,0,463832,150391334,45512340,0,0,0,0,0,0,0,0,0,0,0,0,0,0,0,0,0,0,0,0,0,0,0,0,0,0,0,0,0,0,0,0,0,0,0,0,0,2143109120,800587776,130805,48864,0,267,131072,150226233,0,0,1373359328,2147483648,116334347,147341344,0,0,0,0,0,0,0,0,0,0,0,0,0,0,0,0,0,0,8737148,8737230,0,97,97,6265,329,17474402,35,0,0,0,0,0,0,0,1,0,0,0,0,0,0,0,0,0,0,9827754,0,14004150,123938,0,0,0,0,0,0,0,0,16384,0,0,0,0,0,0,0,0,0,0,0,5134,343,0,0,0,0,0,26564964,0,9428,27,4632,341,5134,0,0,0,0,0,0,0,0,0,0,0,0,0,0,0,0,0,0,0,0,0,0,0,0,0,0,0,0,0,0,0,0,0,0,0,0,0,0,0,0,0,0,0,0,0,0,0,0,0,0,0,0,0,110167801,0,0,0,130436959,0,0,0,0,0,0,0,79771844,150297687,186998633,57261718528,46201958,0,0,0,0,0,0,0,0,0,0,0,0,0,0,0,0,0,0,0,0,0,0,0,0,0,0,0,0,0,0,0,12577918,0,0,0,0,0,0,0
1789581013.642,0,0,0,0,0,0,0,271593536,2460966624768,812842340352,0,0,0,0,0,0,0,0,0,0,0,0,0,0,0,0,0,0,0,0,0,0,0,0,0,0,0,0,0,0,0,0,0,0,0,0,0,0,0,0,0,0,0,0,0,0,0,0,0,0,0,0,0,0,0,0,0,0,463834,150396534,45513454,0,0,0,0,0,0,0,0,0,0,0,0,0,0,0,0,0,0,0,0,0,0,0,0,0,0,0,0,0,0,0,0,0,0,0,0,0,2143158272,801357824,130808,48911,0,264,131072,150231431,0,0,1373394244,2147483648,116339476,147344786,0,0,0,0,0,0,0,0,0,0,0,0,0,0,0,0,0,0,8737373,8737448,0,97,97,6265,329,17474838,35,0,0,0,0,0,0,0,1,0,0,0,0,0,0,0,0,0,0,9827999,0,14004150,123938,0,0,0,0,0,0,0,0,16384,0,0,0,0,0,0,0,0,0,0,0,5135,343,0,0,0,0,0,26565625,0,9428,27,4632,341,5135,0,0,0,0,0,0,0,0,0,0,0,0,0,0,0,0,0,0,0,0,0,0,0,0,0,0,0,0,0,0,0,0,0,0,0,0,0,0,0,0,0,0,0,0,0,0,0,0,0,0,0,0,0,110168989,0,0,0,130440066,0,0,0,0,0,0,0,79773746,150302881,187002038,57262386176,46202753,0,0,0,0,0,0,0,0,0,0,0,0,0,0,0,0,0,0,0,0,0,0,0,0,0,0,0,0,0,0,0,12578136,0,0,0,0,0,0,0
1789581014.669,0,0,0,0,0,0,0,271599786,2461046136320,812859995136,0,0,0,0,0,0,0,0,0,0,0,0,0,0,0,0,0,0,0,0,0,0,0,0,0,0,0,0,0,0,0,0,0,0,0,0,0,0,0,0,0,0,0,0,0,0,0,0,0,0,0,0,0,0,0,0,0,0,463837,150401388,45514477,0,0,0,0,0,0,0,0,0,0,0,0,0,0,0,0,0,0,0,0,0,0,0,0,0,0,0,0,0,0,0,0,0,0,0,0,0,2142830592,803667968,130788,49052,0,284,131072,150236281,0,0,1373426898,2147483648,116344293,147348225,0,0,0,0,0,0,0,0,0,0,0,0,0,0,0,0,0,0,8737588,8737661,0,97,97,6265,329,17475285,35,0,0,0,0,0,0,0,1,0,0,0,0,0,0,0,0,0,0,9828240,0,14004150,123938,0,0,0,0,0,0,0,0,16384,0,0,0,0,0,0,0,0,0,0,0,5136,343,0,0,0,0,0,26566272,0,9428,27,4632,341,5136,0,0,0,0,0,0,0,0,0,0,0,0,0,0,0,0,0,0,0,0,0,0,0,0,0,0,0,0,0,0,0,0,0,0,0,0,0,0,0,0,0,0,0,0,0,0,0,0,0,0,0,0,0,110170152,0,0,0,130443173,0,0,0,0,0,0,0,79775552,150307744,187005241,57263049216,46203539,0,0,0,0,0,0,0,0,0,0,0,0,0,0,0,0,0,0,0,0,0,0,0,0,0,0,0,0,0,0,0,12578349,0,0,0,0,0,0,0
1789581015.697,0,0,0,0,0,0,0,271606329,2461129514496,812879826944,0,0,0,0,0,0,0,0,0,0,0,0,0,0,0,0,0,0,0,0,0,0,0,0,0,0,0,0,0,0,0,0,0,0,0,0,0,0,0,0,0,0,0,0,0,0,0,0,0,0,0,0,0,0,0,0,0,0,463840,150406495,45515621,0,0,0,0,0,0,0,0,0,0,0,0,0,0,0,0,0,0,0,0,0,0,0,0,0,0,0,0,0,0,0,0,0,0,0,0,0,2143141888,801898496,130807,48944,0,265,131072,150241385,0,0,1373460992,2147483648,116349319,147351354,0,0,0,0,0,0,0,0,0,0,0,0,0,0,0,0,0,0,8737781,8737864,0,97,97,6265,329,17475685,35,0,0,0,0,0,0,0,1,0,0,0,0,0,0,0,0,0,0,9828467,0,14004150,123938,0,0,0,0,0,0,0,0,16384,0,0,0,0,0,0,0,0,0,0,0,5137,343,0,0,0,0,0,26566889,0,9428,27,4632,341,5137,0,0,0,0,0,0,0,0,0,0,0,0,0,0,0,0,0,0,0,0,0,0,0,0,0,0,0,0,0,0,0,0,0,0,0,0,0,0,0,0,0,0,0,0,0,0,0,0,0,0,0,0,0,110171265,0,0,0,130445976,0,0,0,0,0,0,0,79777470,150312840,187008669,57263672320,46204299,0,0,0,0,0,0,0,0,0,0,0,0,0,0,0,0,0,0,0,0,0,0,0,0,0,0,0,0,0,0,0,12578552,0,0,0,0,0,0,0
1789581016.722,0,0,0,0,0,0,0,271612744,2461209468416,812898931712,0,0,0,0,0,0,0,0,0,0,0,0,0,0,0,0,0,0,0,0,0,0,0,0,0,0,0,0,0,0,0,0,0,0,0,0,0,0,0,0,0,0,0,0,0,0,0,0,0,0,0,0,0,0,0,0,0,0,463844,150411379,45516728,0,0,0,0,0,0,0,0,0,0,0,0,0,0,0,0,0,0,0,0,0,0,0,0,0,0,0,0,0,0,0,0,0,0,0,0,0,2143010816,803799040,130799,49060,0,273,131072,150246269,0,0,1373494637,2147483648,116354168,147354950,0,0,0,0,0,0,0,0,0,0,0,0,0,0,0,0,0,0,8738011,8738085,0,97,97,6265,329,17476152,35,0,0,0,0,0,0,0,1,0,0,0,0,0,0,0,0,0,0,9828715,0,14004150,123938,0,0,0,0,0,0,0,0,16384,0,0,0,0,0,0,0,0,0,0,0,5138,343,0,0,0,0,0,26567557,0,9428,27,4632,341,5138,0,0,0,0,0,0,0,0,0,0,0,0,0,0,0,0,0,0,0,0,0,0,0,0,0,0,0,0,0,0,0,0,0,0,0,0,0,0,0,0,0,0,0,0,0,0,0,0,0,0,0,0,0,110172490,0,0,0,130449219,0,0,0,0,0,0,0,79779386,150317722,187012108,57264368640,46205108,0,0,0,0,0,0,0,0,0,0,0,0,0,0,0,0,0,0,0,0,0,0,0,0,0,0,0,0,0,0,0,12578771,0,0,0,0,0,0,0
1789581017.749,0,0,0,0,0,0,0,271618991,2461289405952,812916756992,0,0,0,0,0,0,0,0,0,0,0,0,0,0,0,0,0,0,0,0,0,0,0,0,0,0,0,0,0,0,0,0,0,0,0,0,0,0,0,0,0,0,0,0,0,0,0,0,0,0,0,0,0,0,0,0,0,0,463848,150416265,45517775,0,0,0,0,0,0,0,0,0,0,0,0,0,0,0,0,0,0,0,0,0,0,0,0,0,0,0,0,0,0,0,0,0,0,0,0,0,2143387648,804536320,130822,49105,0,250,131072,150251153,0,0,1373527082,2147483648,116358972,147358227,0,0,0,0,0,0,0,0,0,0,0,0,0,0,0,0,0,0,8738227,8738300,0,97,97,6265,329,17476543,35,0,0,0,0,0,0,0,1,0,0,0,0,0,0,0,0,0,0,9828956,0,14004150,123938,0,0,0,0,0,0,0,0,16384,0,0,0,0,0,0,0,0,0,0,0,5139,343,0,0,0,0,0,26568210,0,9428,27,4632,341,5139,0,0,0,0,0,0,0,0,0,0,0,0,0,0,0,0,0,0,0,0,0,0,0,0,0,0,0,0,0,0,0,0,0,0,0,0,0,0,0,0,0,0,0,0,0,0,0,0,0,0,0,0,0,110173620,0,0,0,130452135,0,0,0,0,0,0,0,79781165,150322602,187015305,57265003520,46205854,0,0,0,0,0,0,0,0,0,0,0,0,0,0,0,0,0,0,0,0,0,0,0,0,0,0,0,0,0,0,0,12578986,0,0,0,0,0,0,0
1789581018.775,0,0,0,0,0,0,0,271625057,2461366656512,812933685760,0,0,0,0,0,0,0,0,0,0,0,0,0,0,0,0,0,0,0,0,0,0,0,0,0,0,0,0,0,0,0,0,0,0,0,0,0,0,0,0,0,0,0,0,0,0,0,0,0,0,0,0,0,0,0,0,0,0,463849,150420993,45518750,0,0,0,0,0,0,0,0,0,0,0,0,0,0,0,0,0,0,0,0,0,0,0,0,0,0,0,0,0,0,0,0,0,0,0,0,0,2143059968,805224448,130802,49147,0,270,131072,150255879,0,0,1373558622,2147483648,116363663,147361220,0,0,0,0,0,0,0,0,0,0,0,0,0,0,0,0,0,0,8738410,8738488,0,97,97,6265,329,17476945,35,0,0,0,0,0,0,0,1,0,0,0,0,0,0,0,0,0,0,9829171,0,14004150,123938,0,0,0,0,0,0,0,0,16384,0,0,0,0,0,0,0,0,0,0,0,5140,343,0,0,0,0,0,26568790,0,9428,27,4632,341,5140,0,0,0,0,0,0,0,0,0,0,0,0,0,0,0,0,0,0,0,0,0,0,0,0,0,0,0,0,0,0,0,0,0,0,0,0,0,0,0,0,0,0,0,0,0,0,0,0,0,0,0,0,0,110174687,0,0,0,130454853,0,0,0,0,0,0,0,79782861,150327325,187018337,57265601024,46206567,0,0,0,0,0,0,0,0,0,0,0,0,0,0,0,0,0,0,0,0,0,0,0,0,0,0,0,0,0,0,0,12579177,0,0,0,0,0,0,0
1789581019.802,0,0,0,0,0,0,0,271631503,2461448904192,812953783296,0,0,0,0,0,0,0,0,0,0,0,0,0,0,0,0,0,0,0,0,0,0,0,0,0,0,0,0,0,0,0,0,0,0,0,0,0,0,0,0,0,0,0,0,0,0,0,0,0,0,0,0,0,0,0,0,0,0,463851,150426014,45519936,0,0,0,0,0,0,0,0,0,0,0,0,0,0,0,0,0,0,0,0,0,0,0,0,0,0,0,0,0,0,0,0,0,0,0,0,0,2143338496,804864000,130819,49125,0,252,131072,150260895,0,0,1373592593,2147483648,116368601,147364643,0,0,0,0,0,0,0,0,0,0,0,0,0,0,0,0,0,0,8738630,8738701,0,97,97,6265,329,17477382,35,0,0,0,0,0,0,0,1,0,0,0,0,0,0,0,0,0,0,9829410,0,14004150,123938,0,0,0,0,0,0,0,0,16384,0,0,0,0,0,0,0,0,0,0,0,5141,343,0,0,0,0,0,26569431,0,9428,27,4632,341,5141,0,0,0,0,0,0,0,0,0,0,0,0,0,0,0,0,0,0,0,0,0,0,0,0,0,0,0,0,0,0,0,0,0,0,0,0,0,0,0,0,0,0,0,0,0,0,0,0,0,0,0,0,0,110175833,0,0,0,130457949,0,0,0,0,0,0,0,79784808,150332356,187021823,57266257920,46207344,0,0,0,0,0,0,0,0,0,0,0,0,0,0,0,0,0,0,0,0,0,0,0,0,0,0,0,0,0,0,0,12579389,0,0,0,0,0,0,0
1789581020.827,0,0,0,0,0,0,0,271638019,2461532233216,812972263936,0,0,0,0,0,0,0,0,0,0,0,0,0,0,0,0,0,0,0,0,0,0,0,0,0,0,0,0,0,0,0,0,0,0,0,0,0,0,0,0,0,0,0,0,0,0,0,0,0,0,0,0,0,0,0,0,0,0,463858,150431112,45521009,0,0,0,0,0,0,0,0,0,0,0,0,0,0,0,0,0,0,0,0,0,0,0,0,0,0,0,0,0,0,0,0,0,0,0,0,0,2143240192,805765120,130813,49180,0,259,131072,150265990,0,0,1373626781,2147483648,116373652,147368001,0,0,0,0,0,0,0,0,0,0,0,0,0,0,0,0,0,0,8738839,8738913,0,97,97,6265,329,17477807,35,0,0,0,0,0,0,0,1,0,0,0,0,0,0,0,0,0,0,9829647,0,14004150,123938,0,0,0,0,0,0,0,0,16384,0,0,0,0,0,0,0,0,0,0,0,5142,343,0,0,0,0,0,26570075,0,9428,27,4632,341,5142,0,0,0,0,0,0,0,0,0,0,0,0,0,0,0,0,0,0,0,0,0,0,0,0,0,0,0,0,0,0,0,0,0,0,0,0,0,0,0,0,0,0,0,0,0,0,0,0,0,0,0,0,0,110176977,0,0,0,130460926,0,0,0,0,0,0,0,79786633,150337442,187025113,57266907136,46208096,0,0,0,0,0,0,0,0,0,0,0,0,0,0,0,0,0,0,0,0,0,0,0,0,0,0,0,0,0,0,0,12579599,0,0,0,0,0,0,0
1789581021.853,0,0,0,0,0,0,0,271644276,2461610925568,812990567936,0,0,0,0,0,0,0,0,0,0,0,0,0,0,0,0,0,0,0,0,0,0,0,0,0,0,0,0,0,0,0,0,0,0,0,0,0,0,0,0,0,0,0,0,0,0,0,0,0,0,0,0,0,0,0,0,0,0,463863,150435921,45522059,0,0,0,0,0,0,0,0,0,0,0,0,0,0,0,0,0,0,0,0,0,0,0,0,0,0,0,0,0,0,0,0,0,0,0,0,0,2142879744,807092224,130791,49261,0,281,131072,150270796,0,0,1373659041,2147483648,116378444,147371445,0,0,0,0,0,0,0,0,0,0,0,0,0,0,0,0,0,0,8739067,8739143,0,97,97,6265,329,17478213,35,0,0,0,0,0,0,0,1,0,0,0,0,0,0,0,0,0,0,9829908,0,14004150,123938,0,0,0,0,0,0,0,0,16384,0,0,0,0,0,0,0,0,0,0,0,5143,343,0,0,0,0,0,26570785,0,9428,27,4632,341,5143,0,0,0,0,0,0,0,0,0,0,0,0,0,0,0,0,0,0,0,0,0,0,0,0,0,0,0,0,0,0,0,0,0,0,0,0,0,0,0,0,0,0,0,0,0,0,0,0,0,0,0,0,0,110178179,0,0,0,130463971,0,0,0,0,0,0,0,79788501,150342255,187028433,57267588096,46208904,0,0,0,0,0,0,0,0,0,0,0,0,0,0,0,0,0,0,0,0,0,0,0,0,0,0,0,0,0,0,0,12579833,0,0,0,0,0,0,0
1789581022.878,0,0,0,0,0,0,0,271650512,2461690633728,813009040896,0,0,0,0,0,0,0,0,0,0,0,0,0,0,0,0,0,0,0,0,0,0,0,0,0,0,0,0,0,0,0,0,0,0,0,0,0,0,0,0,0,0,0,0,0,0,0,0,0,0,0,0,0,0,0,0,0,0,463867,150440792,45523109,0,0,0,0,0,0,0,0,0,0,0,0,0,0,0,0,0,0,0,0,0,0,0,0,0,0,0,0,0,0,0,0,0,0,0,0,0,2143272960,806748160,130815,49240,0,257,131072,150275665,0,0,1373691933,2147483648,116383233,147374448,0,0,0,0,0,0,0,0,0,0,0,0,0,0,0,0,0,0,8739247,8739324,0,97,97,6265,329,17478617,35,0,0,0,0,0,0,0,1,0,0,0,0,0,0,0,0,0,0,9830111,0,14004150,123938,0,0,0,0,0,0,0,0,16384,0,0,0,0,0,0,0,0,0,0,0,5144,343,0,0,0,0,0,26571331,0,9428,27,4632,341,5144,0,0,0,0,0,0,0,0,0,0,0,0,0,0,0,0,0,0,0,0,0,0,0,0,0,0,0,0,0,0,0,0,0,0,0,0,0,0,0,0,0,0,0,0,0,0,0,0,0,0,0,0,0,110179269,0,0,0,130466700,0,0,0,0,0,0,0,79790312,150347123,187031674,57268195840,46209639,0,0,0,0,0,0,0,0,0,0,0,0,0,0,0,0,0,0,0,0,0,0,0,0,0,0,0,0,0,0,0,12580012,0,0,0,0,0,0,0
1789581023.906,0,0,0,0,0,0,0,271656681,2461769096704,813027153920,0,0,0,0,0,0,0,0,0,0,0,0,0,0,0,0,0,0,0,0,0,0,0,0,0,0,0,0,0,0,0,0,0,0,0,0,0,0,0,0,0,0,0,0,0,0,0,0,0,0,0,0,0,0,0,0,0,0,463868,150445592,45524167,0,0,0,0,0,0,0,0,0,0,0,0,0,0,0,0,0,0,0,0,0,0,0,0,0,0,0,0,0,0,0,0,0,0,0,0,0,2143305728,808157184,130817,49326,0,255,131072,150280464,0,0,1373724253,2147483648,116387974,147377869,0,0,0,0,0,0,0,0,0,0,0,0,0,0,0,0,0,0,8739471,8739547,0,97,97,6265,329,17479056,35,0,0,0,0,0,0,0,1,0,0,0,0,0,0,0,0,0,0,9830361,0,14004150,123938,0,0,0,0,0,0,0,0,16384,0,0,0,0,0,0,0,0,0,0,0,5145,343,0,0,0,0,0,26572006,0,9428,27,4632,341,5145,0,0,0,0,0,0,0,0,0,0,0,0,0,0,0,0,0,0,0,0,0,0,0,0,0,0,0,0,0,0,0,0,0,0,0,0,0,0,0,0,0,0,0,0,0,0,0,0,0,0,0,0,0,110180459,0,0,0,130469785,0,0,0,0,0,0,0,79792147,150351917,187034961,57268864000,46210425,0,0,0,0,0,0,0,0,0,0,0,0,0,0,0,0,0,0,0,0,0,0,0,0,0,0,0,0,0,0,0,12580235,0,0,0,0,0,0,0
1789581024.931,0,0,0,0,0,0,0,271662774,2461846543872,813044915200,0,0,0,0,0,0,0,0,0,0,0,0,0,0,0,0,0,0,0,0,0,0,0,0,0,0,0,0,0,0,0,0,0,0,0,0,0,0,0,0,0,0,0,0,0,0,0,0,0,0,0,0,0,0,0,0,0,0,463871,150450323,45525221,0,0,0,0,0,0,0,0,0,0,0,0,0,0,0,0,0,0,0,0,0,0,0,0,0,0,0,0,0,0,0,0,0,0,0,0,0,2143535104,808747008,130831,49362,0,241,131072,150285191,0,0,1373755781,2147483648,116392645,147381112,0,0,0,0,0,0,0,0,0,0,0,0,0,0,0,0,0,0,8739682,8739751,0,97,97,6265,329,17479464,35,0,0,0,0,0,0,0,1,0,0,0,0,0,0,0,0,0,0,9830590,0,14004150,123938,0,0,0,0,0,0,0,0,16384,0,0,0,0,0,0,0,0,0,0,0,5146,343,0,0,0,0,0,26572627,0,9428,27,4632,341,5146,0,0,0,0,0,0,0,0,0,0,0,0,0,0,0,0,0,0,0,0,0,0,0,0,0,0,0,0,0,0,0,0,0,0,0,0,0,0,0,0,0,0,0,0,0,0,0,0,0,0,0,0,0,110181583,0,0,0,130472704,0,0,0,0,0,0,0,79793943,150356645,187038145,57269502976,46211191,0,0,0,0,0,0,0,0,0,0,0,0,0,0,0,0,0,0,0,0,0,0,0,0,0,0,0,0,0,0,0,12580438,0,0,0,0,0,0,0
1789581025.956,0,0,0,0,0,0,0,271668964,2461925776896,813061853696,0,0,0,0,0,0,0,0,0,0,0,0,0,0,0,0,0,0,0,0,0,0,0,0,0,0,0,0,0,0,0,0,0,0,0,0,0,0,0,0,0,0,0,0,0,0,0,0,0,0,0,0,0,0,0,0,0,0,463874,150455160,45526189,0,0,0,0,0,0,0,0,0,0,0,0,0,0,0,0,0,0,0,0,0,0,0,0,0,0,0,0,0,0,0,0,0,0,0,0,0,2143600640,808960000,130835,49375,0,237,131072,150290025,0,0,1373787956,2147483648,116397441,147384100,0,0,0,0,0,0,0,0,0,0,0,0,0,0,0,0,0,0,8739875,8739947,0,97,97,6265,329,17479842,35,0,0,0,0,0,0,0,1,0,0,0,0,0,0,0,0,0,0,9830807,0,14004150,123938,0,0,0,0,0,0,0,0,16384,0,0,0,0,0,0,0,0,0,0,0,5147,343,0,0,0,0,0,26573216,0,9428,27,4632,341,5147,0,0,0,0,0,0,0,0,0,0,0,0,0,0,0,0,0,0,0,0,0,0,0,0,0,0,0,0,0,0,0,0,0,0,0,0,0,0,0,0,0,0,0,0,0,0,0,0,0,0,0,0,0,110182666,0,0,0,130475391,0,0,0,0,0,0,0,79795657,150361487,187041194,57270109184,46211922,0,0,0,0,0,0,0,0,0,0,0,0,0,0,0,0,0,0,0,0,0,0,0,0,0,0,0,0,0,0,0,12580631,0,0,0,0,0,0,0
1789581026.982,0,0,0,0,0,0,0,271674904,2462001061376,813080316928,0,0,0,0,0,0,0,0,0,0,0,0,0,0,0,0,0,0,0,0,0,0,0,0,0,0,0,0,0,0,0,0,0,0,0,0,0,0,0,0,0,0,0,0,0,0,0,0,0,0,0,0,0,0,0,0,0,0,463879,150459761,45527271,0,0,0,0,0,0,0,0,0,0,0,0,0,0,0,0,0,0,0,0,0,0,0,0,0,0,0,0,0,0,0,0,0,0,0,0,0,2143338496,808943616,130819,49374,0,253,131072,150294625,0,0,1373819229,2147483648,116402027,147387252,0,0,0,0,0,0,0,0,0,0,0,0,0,0,0,0,0,0,8740065,8740138,0,97,97,6265,329,17480258,35,0,0,0,0,0,0,0,1,0,0,0,0,0,0,0,0,0,0,9831026,0,14004150,123938,0,0,0,0,0,0,0,0,16384,0,0,0,0,0,0,0,0,0,0,0,5148,343,0,0,0,0,0,26573806,0,9428,27,4632,341,5148,0,0,0,0,0,0,0,0,0,0,0,0,0,0,0,0,0,0,0,0,0,0,0,0,0,0,0,0,0,0,0,0,0,0,0,0,0,0,0,0,0,0,0,0,0,0,0,0,0,0,0,0,0,110183797,0,0,0,130478238,0,0,0,0,0,0,0,79797487,150366087,187044473,57270741504,46212678,0,0,0,0,0,0,0,0,0,0,0,0,0,0,0,0,0,0,0,0,0,0,0,0,0,0,0,0,0,0,0,12580825,0,0,0,0,0,0,0
1789581028.008,0,0,0,0,0,0,0,271681190,2462079983104,813097825792,0,0,0,0,0,0,0,0,0,0,0,0,0,0,0,0,0,0,0,0,0,0,0,0,0,0,0,0,0,0,0,0,0,0,0,0,0,0,0,0,0,0,0,0,0,0,0,0,0,0,0,0,0,0,0,0,0,0,463885,150464587,45528289,0,0,0,0,0,0,0,0,0,0,0,0,0,0,0,0,0,0,0,0,0,0,0,0,0,0,0,0,0,0,0,0,0,0,0,0,0,2143240192,810926080,130813,49495,0,259,131072,150299449,0,0,1373852212,2147483648,116406810,147390697,0,0,0,0,0,0,0,0,0,0,0,0,0,0,0,0,0,0,8740281,8740357,0,97,97,6265,329,17480687,35,0,0,0,0,0,0,0,1,0,0,0,0,0,0,0,0,0,0,9831272,0,14004150,123938,0,0,0,0,0,0,0,0,16384,0,0,0,0,0,0,0,0,0,0,0,5149,343,0,0,0,0,0,26574474,0,9428,27,4632,341,5149,0,0,0,0,0,0,0,0,0,0,0,0,0,0,0,0,0,0,0,0,0,0,0,0,0,0,0,0,0,0,0,0,0,0,0,0,0,0,0,0,0,0,0,0,0,0,0,0,0,0,0,0,0,110184970,0,0,0,130481292,0,0,0,0,0,0,0,79799283,150370903,187047670,57271409152,46213462,0,0,0,0,0,0,0,0,0,0,0,0,0,0,0,0,0,0,0,0,0,0,0,0,0,0,0,0,0,0,0,12581044,0,0,0,0,0,0,0
1789581029.034,0,0,0,0,0,0,0,271687396,2462159953408,813116215296,0,0,0,0,0,0,0,0,0,0,0,0,0,0,0,0,0,0,0,0,0,0,0,0,0,0,0,0,0,0,0,0,0,0,0,0,0,0,0,0,0,0,0,0,0,0,0,0,0,0,0,0,0,0,0,0,0,0,463889,150469471,45529348,0,0,0,0,0,0,0,0,0,0,0,0,0,0,0,0,0,0,0,0,0,0,0,0,0,0,0,0,0,0,0,0,0,0,0,0,0,2142846976,810680320,130789,49480,0,283,131072,150304333,0,0,1373884303,2147483648,116411674,147393831,0,0,0,0,0,0,0,0,0,0,0,0,0,0,0,0,0,0,8740491,8740570,0,97,97,6265,329,17481072,35,0,0,0,0,0,0,0,1,0,0,0,0,0,0,0,0,0,0,9831501,0,14004150,123938,0,0,0,0,0,0,0,0,16384,0,0,0,0,0,0,0,0,0,0,0,5150,343,0,0,0,0,0,26575095,0,9428,27,4632,341,5150,0,0,0,0,0,0,0,0,0,0,0,0,0,0,0,0,0,0,0,0,0,0,0,0,0,0,0,0,0,0,0,0,0,0,0,0,0,0,0,0,0,0,0,0,0,0,0,0,0,0,0,0,0,110186053,0,0,0,130484083,0,0,0,0,0,0,0,79801083,150375785,187050892,57272030208,46214193,0,0,0,0,0,0,0,0,0,0,0,0,0,0,0,0,0,0,0,0,0,0,0,0,0,0,0,0,0,0,0,12581248,0,0,0,0,0,0,0
1789581030.060,0,0,0,0,0,0,0,271693716,2462240775680,813135304704,0,0,0,0,0,0,0,0,0,0,0,0,0,0,0,0,0,0,0,0,0,0,0,0,0,0,0,0,0,0,0,0,0,0,0,0,0,0,0,0,0,0,0,0,0,0,0,0,0,0,0,0,0,0,0,0,0,0,463897,150474414,45530467,0,0,0,0,0,0,0,0,0,0,0,0,0,0,0,0,0,0,0,0,0,0,0,0,0,0,0,0,0,0,0,0,0,0,0,0,0,2143092736,809435136,130804,49404,0,268,131072,150309274,0,0,1373917686,2147483648,116416556,147396929,0,0,0,0,0,0,0,0,0,0,0,0,0,0,0,0,0,0,8740682,8740758,0,97,97,6265,329,17481462,35,0,0,0,0,0,0,0,1,0,0,0,0,0,0,0,0,0,0,9831714,0,14004150,123938,0,0,0,0,0,0,0,0,16384,0,0,0,0,0,0,0,0,0,0,0,5151,343,0,0,0,0,0,26575670,0,9428,27,4632,341,5151,0,0,0,0,0,0,0,0,0,0,0,0,0,0,0,0,0,0,0,0,0,0,0,0,0,0,0,0,0,0,0,0,0,0,0,0,0,0,0,0,0,0,0,0,0,0,0,0,0,0,0,0,0,110187158,0,0,0,130486864,0,0,0,0,0,0,0,79802942,150380727,187054222,57272648704,46214939,0,0,0,0,0,0,0,0,0,0,0,0,0,0,0,0,0,0,0,0,0,0,0,0,0,0,0,0,0,0,0,12581437,0,0,0,0,0,0,0
1789581031.085,0,0,0,0,0,0,0,271700044,2462320369152,813154058752,0,0,0,0,0,0,0,0,0,0,0,0,0,0,0,0,0,0,0,0,0,0,0,0,0,0,0,0,0,0,0,0,0,0,0,0,0,0,0,0,0,0,0,0,0,0,0,0,0,0,0,0,0,0,0,0,0,0,463909,150479278,45531541,0,0,0,0,0,0,0,0,0,0,0,0,0,0,0,0,0,0,0,0,0,0,0,0,0,0,0,0,0,0,0,0,0,0,0,0,0,2143387648,812220416,130822,49574,0,250,131072,150314134,0,0,1373950957,2147483648,116421357,147400616,0,0,0,0,0,0,0,0,0,0,0,0,0,0,0,0,0,0,8740910,8740982,0,97,97,6265,329,17481944,35,0,0,0,0,0,0,0,1,0,0,0,0,0,0,0,0,0,0,9831966,0,14004150,123938,0,0,0,0,0,0,0,0,16384,0,0,0,0,0,0,0,0,0,0,0,5152,343,0,0,0,0,0,26576345,0,9428,27,4632,341,5152,0,0,0,0,0,0,0,0,0,0,0,0,0,0,0,0,0,0,0,0,0,0,0,0,0,0,0,0,0,0,0,0,0,0,0,0,0,0,0,0,0,0,0,0,0,0,0,0,0,0,0,0,0,110188362,0,0,0,130490132,0,0,0,0,0,0,0,79804844,150385589,187057596,57273346560,46215756,0,0,0,0,0,0,0,0,0,0,0,0,0,0,0,0,0,0,0,0,0,0,0,0,0,0,0,0,0,0,0,12581660,0,0,0,0,0,0,0
1789581032.111,0,0,0,0,0,0,0,271706132,2462397947392,813171674112,0,0,0,0,0,0,0,0,0,0,0,0,0,0,0,0,0,0,0,0,0,0,0,0,0,0,0,0,0,0,0,0,0,0,0,0,0,0,0,0,0,0,0,0,0,0,0,0,0,0,0,0,0,0,0,0,0,0,463916,150484017,45532576,0,0,0,0,0,0,0,0,0,0,0,0,0,0,0,0,0,0,0,0,0,0,0,0,0,0,0,0,0,0,0,0,0,0,0,0,0,2143371264,811286528,130821,49517,0,251,131072,150318871,0,0,1373982540,2147483648,116426071,147403696,0,0,0,0,0,0,0,0,0,0,0,0,0,0,0,0,0,0,8741114,8741189,0,97,97,6265,329,17482313,35,0,0,0,0,0,0,0,1,0,0,0,0,0,0,0,0,0,0,9832199,0,14004150,123938,0,0,0,0,0,0,0,0,16384,0,0,0,0,0,0,0,0,0,0,0,5153,343,0,0,0,0,0,26576982,0,9428,27,4632,341,5153,0,0,0,0,0,0,0,0,0,0,0,0,0,0,0,0,0,0,0,0,0,0,0,0,0,0,0,0,0,0,0,0,0,0,0,0,0,0,0,0,0,0,0,0,0,0,0,0,0,0,0,0,0,110189428,0,0,0,130492852,0,0,0,0,0,0,0,79806590,150390332,187060709,57273951232,46216478,0,0,0,0,0,0,0,0,0,0,0,0,0,0,0,0,0,0,0,0,0,0,0,0,0,0,0,0,0,0,0,12581868,0,0,0,0,0,0,0
1789581033.137,0,0,0,0,0,0,0,271712498,2462479523328,813190254592,0,0,0,0,0,0,0,0,0,0,0,0,0,0,0,0,0,0,0,0,0,0,0,0,0,0,0,0,0,0,0,0,0,0,0,0,0,0,0,0,0,0,0,0,0,0,0,0,0,0,0,0,0,0,0,0,0,0,463921,150489002,45533668,0,0,0,0,0,0,0,0,0,0,0,0,0,0,0,0,0,0,0,0,0,0,0,0,0,0,0,0,0,0,0,0,0,0,0,0,0,2143436800,810565632,130825,49473,0,247,131072,150323852,0,0,1374015865,2147483648,116431001,147406818,0,0,0,0,0,0,0,0,0,0,0,0,0,0,0,0,0,0,8741312,8741388,0,97,97,6265,329,17482720,35,0,0,0,0,0,0,0,1,0,0,0,0,0,0,0,0,0,0,9832414,0,14004150,123938,0,0,0,0,0,0,0,0,16384,0,0,0,0,0,0,0,0,0,0,0,5154,343,0,0,0,0,0,26577559,0,9428,27,4632,341,5154,0,0,0,0,0,0,0,0,0,0,0,0,0,0,0,0,0,0,0,0,0,0,0,0,0,0,0,0,0,0,0,0,0,0,0,0,0,0,0,0,0,0,0,0,0,0,0,0,0,0,0,0,0,110190542,0,0,0,130495676,0,0,0,0,0,0,0,79808434,150395313,187063985,57274579968,46217241,0,0,0,0,0,0,0,0,0,0,0,0,0,0,0,0,0,0,0,0,0,0,0,0,0,0,0,0,0,0,0,12582058,0,0,0,0,0,0,0
1789581034.163,0,0,0,0,0,0,0,271719127,2462564425216,813210705408,0,0,0,0,0,0,0,0,0,0,0,0,0,0,0,0,0,0,0,0,0,0,0,0,0,0,0,0,0,0,0,0,0,0,0,0,0,0,0,0,0,0,0,0,0,0,0,0,0,0,0,0,0,0,0,0,0,0,463925,150494181,45534847,0,0,0,0,0,0,0,0,0,0,0,0,0,0,0,0,0,0,0,0,0,0,0,0,0,0,0,0,0,0,0,0,0,0,0,0,0,2143764480,809746432,130845,49423,0,227,131072,150329028,0,0,1374051043,2147483648,116436108,147410119,0,0,0,0,0,0,0,0,0,0,0,0,0,0,0,0,0,0,8741517,8741596,0,97,97,6265,329,17483158,35,0,0,0,0,0,0,0,1,0,0,0,0,0,0,0,0,0,0,9832648,0,14004150,123938,0,0,0,0,0,0,0,0,16384,0,0,0,0,0,0,0,0,0,0,0,5155,343,0,0,0,0,0,26578186,0,9428,27,4632,341,5155,0,0,0,0,0,0,0,0,0,0,0,0,0,0,0,0,0,0,0,0,0,0,0,0,0,0,0,0,0,0,0,0,0,0,0,0,0,0,0,0,0,0,0,0,0,0,0,0,0,0,0,0,0,110191722,0,0,0,130498662,0,0,0,0,0,0,0,79810409,150400501,187067549,57275238912,46218023,0,0,0,0,0,0,0,0,0,0,0,0,0,0,0,0,0,0,0,0,0,0,0,0,0,0,0,0,0,0,0,12582266,0,0,0,0,0,0,0
1789581035.189,0,0,0,0,0,0,0,271726160,2462654782976,813231024640,0,0,0,0,0,0,0,0,0,0,0,0,0,0,0,0,0,0,0,0,0,0,0,0,0,0,0,0,0,0,0,0,0,0,0,0,0,0,0,0,0,0,0,0,0,0,0,0,0,0,0,0,0,0,0,0,0,0,463937,150499713,45536036,0,0,0,0,0,0,0,0,0,0,0,0,0,0,0,0,0,0,0,0,0,0,0,0,0,0,0,0,0,0,0,0,0,0,0,0,0,2143895552,810942464,130853,49496,0,219,131072,150334557,0,0,1374087882,2147483648,116441574,147413896,0,0,0,0,0,0,0,0,0,0,0,0,0,0,0,0,0,0,8741766,8741847,0,97,97,6265,329,17483621,35,0,0,0,0,0,0,0,1,0,0,0,0,0,0,0,0,0,0,9832920,0,14004150,123938,0,0,0,0,0,0,0,0,16384,0,0,0,0,0,0,0,0,0,0,0,5156,343,0,0,0,0,0,26578923,0,9428,27,4632,341,5156,0,0,0,0,0,0,0,0,0,0,0,0,0,0,0,0,0,0,0,0,0,0,0,0,0,0,0,0,0,0,0,0,0,0,0,0,0,0,0,0,0,0,0,0,0,0,0,0,0,0,0,0,0,110193026,0,0,0,130501998,0,0,0,0,0,0,0,79812452,150406023,187071209,57275977728,46218889,0,0,0,0,0,0,0,0,0,0,0,0,0,0,0,0,0,0,0,0,0,0,0,0,0,0,0,0,0,0,0,12582508,0,0,0,0,0,0,0
1789581036.216,0,0,0,0,0,0,0,271733371,2462747057664,813251397632,0,0,0,0,0,0,0,0,0,0,0,0,0,0,0,0,0,0,0,0,0,0,0,0,0,0,0,0,0,0,0,0,0,0,0,0,0,0,0,0,0,0,0,0,0,0,0,0,0,0,0,0,0,0,0,0,0,0,463942,150505353,45537223,0,0,0,0,0,0,0,0,0,0,0,0,0,0,0,0,0,0,0,0,0,0,0,0,0,0,0,0,0,0,0,0,0,0,0,0,0,2144124928,810713088,130867,49482,0,205,131072,150340194,0,0,1374125910,2147483648,116447147,147417347,0,0,0,0,0,0,0,0,0,0,0,0,0,0,0,0,0,0,8741986,8742068,0,97,97,6265,329,17484060,35,0,0,0,0,0,0,0,1,0,0,0,0,0,0,0,0,0,0,9833166,0,14004150,123938,0,0,0,0,0,0,0,0,16384,0,0,0,0,0,0,0,0,0,0,0,5157,343,0,0,0,0,0,26579592,0,9428,27,4632,341,5157,0,0,0,0,0,0,0,0,0,0,0,0,0,0,0,0,0,0,0,0,0,0,0,0,0,0,0,0,0,0,0,0,0,0,0,0,0,0,0,0,0,0,0,0,0,0,0,0,0,0,0,0,0,110194244,0,0,0,130505122,0,0,0,0,0,0,0,79814483,150411661,187074799,57276663296,46219734,0,0,0,0,0,0,0,0,0,0,0,0,0,0,0,0,0,0,0,0,0,0,0,0,0,0,0,0,0,0,0,12582726,0,0,0,0,0,0,0
1789581037.241,0,0,0,0,0,0,0,271741239,2462847311360,813276034048,0,0,0,0,0,0,0,0,0,0,0,0,0,0,0,0,0,0,0,0,0,0,0,0,0,0,0,0,0,0,0,0,0,0,0,0,0,0,0,0,0,0,0,0,0,0,0,0,0,0,0,0,0,0,0,0,0,0,463950,150511480,45538672,0,0,0,0,0,0,0,0,0,0,0,0,0,0,0,0,0,0,0,0,0,0,0,0,0,0,0,0,0,0,0,0,0,0,0,0,0,2144337920,809041920,130880,49380,0,192,131072,150346319,0,0,1374167390,2147483648,116453181,147421364,0,0,0,0,0,0,0,0,0,0,0,0,0,0,0,0,0,0,8742249,8742325,0,97,97,6265,329,17484577,35,0,0,0,0,0,0,0,1,0,0,0,0,0,0,0,0,0,0,9833445,0,14004150,123938,0,0,0,0,0,0,0,0,16384,0,0,0,0,0,0,0,0,0,0,0,5158,343,0,0,0,0,0,26580344,0,9428,27,4632,341,5158,0,0,0,0,0,0,0,0,0,0,0,0,0,0,0,0,0,0,0,0,0,0,0,0,0,0,0,0,0,0,0,0,0,0,0,0,0,0,0,0,0,0,0,0,0,0,0,0,0,0,0,0,0,110195597,0,0,0,130508753,0,0,0,0,0,0,0,79816827,150417787,187079025,57277441024,46220641,0,0,0,0,0,0,0,0,0,0,0,0,0,0,0,0,0,0,0,0,0,0,0,0,0,0,0,0,0,0,0,12582973,0,0,0,0,0,0,0
1789581038.268,0,0,0,0,0,0,0,271749902,2462958837248,813300169728,0,0,0,0,0,0,0,0,0,0,0,0,0,0,0,0,0,0,0,0,0,0,0,0,0,0,0,0,0,0,0,0,0,0,0,0,0,0,0,0,0,0,0,0,0,0,0,0,0,0,0,0,0,0,0,0,0,0,463964,150518295,45540077,0,0,0,0,0,0,0,0,0,0,0,0,0,0,0,0,0,0,0,0,0,0,0,0,0,0,0,0,0,0,0,0,0,0,0,0,0,2144468992,809484288,130888,49407,0,184,131072,150353127,0,0,1374213471,2147483648,116459914,147425590,0,0,0,0,0,0,0,0,0,0,0,0,0,0,0,0,0,0,8742524,8742609,0,97,97,6265,329,17485108,35,0,0,0,0,0,0,0,1,0,0,0,0,0,0,0,0,0,0,9833749,0,14004150,123938,0,0,0,0,0,0,0,0,16384,0,0,0,0,0,0,0,0,0,0,0,5159,343,0,0,0,0,0,26581168,0,9428,27,4632,341,5159,0,0,0,0,0,0,0,0,0,0,0,0,0,0,0,0,0,0,0,0,0,0,0,0,0,0,0,0,0,0,0,0,0,0,0,0,0,0,0,0,0,0,0,0,0,0,0,0,0,0,0,0,0,110197022,0,0,0,130512537,0,0,0,0,0,0,0,79819165,150424598,187083256,57278252032,46221575,1,0,0,0,0,0,0,0,0,0,0,0,0,0,0,0,0,0,0,0,0,0,0,0,0,0,0,0,0,0,0,12583243,0,0,0,0,0,0,0
1789581039.294,0,0,0,0,0,0,0,271759947,2463087746560,813332253696,0,0,0,0,0,0,0,0,0,0,0,0,0,0,0,0,0,0,0,0,0,0,0,0,0,0,0,0,0,0,0,0,0,0,0,0,0,0,0,0,0,0,0,0,0,0,0,0,0,0,0,0,0,0,0,0,0,0,463988,150526173,45541943,0,0,0,0,0,0,0,0,0,0,0,0,0,0,0,0,0,0,0,0,0,0,0,0,0,0,0,0,0,0,0,0,0,0,0,0,0,2144993280,807108608,130920,49262,0,151,131072,150361001,0,0,1374266832,2147483648,116467563,147430616,0,0,0,0,0,0,0,0,0,0,0,0,0,0,0,0,0,0,8742842,8742923,0,97,97,6265,329,17485751,35,0,0,0,0,0,0,0,1,0,0,0,0,0,0,0,0,0,0,9834094,0,14004150,123939,0,0,0,0,0,0,0,0,16384,0,0,0,0,0,0,0,0,0,0,0,5160,343,0,0,0,0,0,26582095,0,9428,27,4632,341,5160,0,0,0,0,0,0,0,0,0,0,0,0,0,0,0,0,0,0,0,0,0,0,0,0,0,0,0,0,0,0,0,0,0,0,0,0,0,0,0,0,0,0,0,0,0,0,0,0,0,0,0,0,0,110198593,0,0,0,130517023,0,0,0,0,0,0,0,79821946,150432480,187088457,57279173120,46222608,0,0,0,0,0,0,0,0,0,0,0,0,0,0,0,0,0,0,0,0,0,0,0,0,0,0,0,0,0,0,0,12583548,0,0,0,0,0,0,0
1789581040.319,0,0,0,0,0,0,0,271774940,2463278112256,813372774912,0,0,0,0,0,0,0,0,0,0,0,0,0,0,0,0,0,0,0,0,0,0,0,0,0,0,0,0,0,0,0,0,0,0,0,0,0,0,0,0,0,0,0,0,0,0,0,0,0,0,0,0,0,0,0,0,0,0,464025,150537812,45544328,0,0,0,0,0,0,0,0,0,0,0,0,0,0,0,0,0,0,0,0,0,0,0,0,0,0,0,0,0,0,0,0,0,0,0,0,0,2145730560,811155456,130965,49509,0,107,131072,150372634,0,0,1374346686,2147483648,116478978,147438403,0,0,0,0,0,0,0,0,0,0,0,0,0,0,0,0,0,0,8743356,8743445,0,97,97,6265,329,17486739,35,0,0,0,0,0,0,0,1,0,0,0,0,0,0,0,0,0,0,9834643,0,14004278,123939,0,0,0,0,0,0,0,0,16384,0,0,0,0,0,0,0,0,0,0,0,5161,343,0,0,0,0,0,26583570,0,9428,27,4632,341,5161,0,0,0,0,0,0,0,0,0,0,0,0,0,0,0,0,0,0,0,0,0,0,0,0,0,0,0,0,0,0,0,0,0,0,0,0,0,0,0,0,0,0,0,0,0,0,0,0,0,0,0,0,0,110200537,0,0,0,130524008,0,0,0,0,0,0,0,79825524,150444122,187095122,57280423424,46223825,0,0,0,0,0,0,0,0,0,0,0,0,0,0,0,0,0,0,0,0,0,0,0,0,0,0,0,0,0,0,0,12584034,0,0,0,0,0,0,0
1789581041.345,0,0,0,0,0,0,0,271792403,2463500066304,813423115264,0,0,0,0,0,0,0,0,0,0,0,0,0,0,0,0,0,0,0,0,0,0,0,0,0,0,0,0,0,0,0,0,0,0,0,0,0,0,0,0,0,0,0,0,0,0,0,0,0,0,0,0,0,0,0,0,0,0,464089,150551386,45547274,0,0,0,0,0,0,0,0,0,0,0,0,0,0,0,0,0,0,0,0,0,0,0,0,0,0,0,0,0,0,0,0,0,0,0,0,0,2145992704,814907392,130981,49738,0,91,131072,150386198,0,0,1374438495,2147483648,116492334,147447766,0,0,0,0,0,0,0,0,0,0,0,0,0,0,0,0,0,0,8743941,8744030,0,97,97,6265,329,17487905,35,0,0,0,0,0,0,0,1,0,0,0,0,0,0,0,0,0,0,9835266,0,14004278,123939,0,0,0,0,0,0,0,0,16384,0,0,0,0,0,0,0,0,0,0,0,5162,343,0,0,0,0,0,26585244,0,9428,27,4632,341,5162,0,0,0,0,0,0,0,0,0,0,0,0,0,0,0,0,0,0,0,0,0,0,0,0,0,0,0,0,0,0,0,0,0,0,0,0,0,0,0,0,0,0,0,0,0,0,0,0,0,0,0,0,0,110202647,0,0,0,130532250,0,0,0,0,0,0,0,79829776,150457674,187103118,57281835520,46225134,0,0,0,0,0,0,0,0,0,0,0,0,0,0,0,0,0,0,0,0,0,0,0,0,0,0,0,0,0,0,0,12584584,0,0,0,0,0,0,0
1789581042.372,0,0,0,0,0,0,0,271808875,2463710780928,813470093312,0,0,0,0,0,0,0,0,0,0,0,0,0,0,0,0,0,0,0,0,0,0,0,0,0,0,0,0,0,0,0,0,0,0,0,0,0,0,0,0,0,0,0,0,0,0,0,0,0,0,0,0,0,0,0,0,0,0,464152,150564269,45550023,0,0,0,0,0,0,0,0,0,0,0,0,0,0,0,0,0,0,0,0,0,0,0,0,0,0,0,0,0,0,0,0,0,0,0,0,0,2146123776,818053120,130989,49930,0,83,131072,150399078,0,0,1374525005,2147483648,116505051,147456470,0,0,0,0,0,0,0,0,0,0,0,0,0,0,0,0,0,0,8744475,8744563,0,97,97,6265,329,17488969,35,0,0,0,0,0,0,0,1,0,0,0,0,0,0,0,0,0,0,9835857,0,14004278,123939,0,0,0,0,0,0,0,0,16384,0,0,0,0,0,0,0,0,0,0,0,5163,343,0,0,0,0,0,26586841,0,9428,27,4632,341,5163,0,0,0,0,0,0,0,0,0,0,0,0,0,0,0,0,0,0,0,0,0,0,0,0,0,0,0,0,0,0,0,0,0,0,0,0,0,0,0,0,0,0,0,0,0,0,0,0,0,0,0,0,0,110204706,0,0,0,130539858,0,0,0,0,0,0,0,79833836,150470557,187110668,57283179008,46226449,0,0,0,0,0,0,0,0,0,0,0,0,0,0,0,0,0,0,0,0,0,0,0,0,0,0,0,0,0,0,0,12585107,0,0,0,0,0,0,0
1789581043.397,0,0,0,0,0,0,0,271827765,2463951576576,813528162304,0,0,0,0,0,0,0,0,0,0,0,0,0,0,0,0,0,0,0,0,0,0,0,0,0,0,0,0,0,0,0,0,0,0,0,0,0,0,0,0,0,0,0,0,0,0,0,0,0,0,0,0,0,0,0,0,0,0,464226,150578976,45553415,0,0,0,0,0,0,0,0,0,0,0,0,0,0,0,0,0,0,0,0,0,0,0,0,0,0,0,0,0,0,0,0,0,0,0,0,0,2145878016,821133312,130974,50118,0,98,131072,150413773,0,0,1374623196,2147483648,116519599,147467022,0,0,0,0,0,0,0,0,0,0,0,0,0,0,0,0,0,0,8745119,8745206,0,97,97,6265,329,17490261,35,0,0,0,0,0,0,0,1,0,0,0,0,0,0,0,0,0,0,9836574,0,14004459,123942,0,0,0,0,0,0,0,0,16384,0,0,0,0,0,0,0,0,0,0,0,5164,343,0,0,0,0,0,26588778,0,9428,27,4632,341,5164,0,0,0,0,0,0,0,0,0,0,0,0,0,0,0,0,0,0,0,0,0,0,0,0,0,0,0,0,0,0,0,0,0,0,0,0,0,0,0,0,0,0,0,0,0,0,0,0,0,0,0,0,0,110206970,0,0,0,130549056,0,0,0,0,0,0,0,79838481,150485252,187119556,57284719104,46227846,0,0,0,0,0,0,0,0,0,0,0,0,0,0,0,0,0,0,0,0,0,0,0,0,0,0,0,0,0,0,0,12585744,0,0,0,0,0,0,0
1789581044.423,0,0,0,0,0,0,0,271843669,2464153214464,813575498240,0,0,0,0,0,0,0,0,0,0,0,0,0,0,0,0,0,0,0,0,0,0,0,0,0,0,0,0,0,0,0,0,0,0,0,0,0,0,0,0,0,0,0,0,0,0,0,0,0,0,0,0,0,0,0,0,0,0,464270,150591299,45556182,0,0,0,0,0,0,0,0,0,0,0,0,0,0,0,0,0,0,0,0,0,0,0,0,0,0,0,0,0,0,0,0,0,0,0,0,0,2145615872,822853632,130958,50223,0,114,131072,150426092,0,0,1374705921,2147483648,116531848,147475548,0,0,0,0,0,0,0,0,0,0,0,0,0,0,0,0,0,0,8745644,8745728,0,97,97,6265,329,17491328,35,0,0,0,0,0,0,0,1,0,0,0,0,0,0,0,0,0,0,9837175,0,14004459,123942,0,0,0,0,0,0,0,0,16384,0,0,0,0,0,0,0,0,0,0,0,5166,343,0,0,0,0,0,26590403,0,9428,27,4632,341,5166,0,0,0,0,0,0,0,0,0,0,0,0,0,0,0,0,0,0,0,0,0,0,0,0,0,0,0,0,0,0,0,0,0,0,0,0,0,0,0,0,0,0,0,0,0,0,0,0,0,0,0,0,0,110209040,0,0,0,130556606,0,0,0,0,0,0,0,79842547,150497572,187127163,57286046208,46229141,0,0,0,0,0,0,0,0,0,0,0,0,0,0,0,0,0,0,0,0,0,0,0,0,0,0,0,0,0,0,0,12586279,0,0,0,0,0,0,0
1789581045.449,0,0,0,0,0,0,0,271859528,2464356048384,813628408320,0,0,0,0,0,0,0,0,0,0,0,0,0,0,0,0,0,0,0,0,0,0,0,0,0,0,0,0,0,0,0,0,0,0,0,0,0,0,0,0,0,0,0,0,0,0,0,0,0,0,0,0,0,0,0,0,0,0,464314,150603691,45559304,0,0,0,0,0,0,0,0,0,0,0,0,0,0,0,0,0,0,0,0,0,0,0,0,0,0,0,0,0,0,0,0,0,0,0,0,0,2145583104,818184192,130956,49938,0,116,131072,150438478,0,0,1374788989,2147483648,116544175,147483879,0,0,0,0,0,0,0,0,0,0,0,0,0,0,0,0,0,0,8746172,8746257,0,97,97,6265,329,17492370,35,0,0,0,0,0,0,0,1,0,0,0,0,0,0,0,0,0,0,9837754,0,14004718,123946,0,0,0,0,0,0,0,0,16384,0,0,0,0,0,0,0,0,0,0,0,5167,343,0,0,0,0,0,26591961,0,9428,27,4632,341,5167,0,0,0,0,0,0,0,0,0,0,0,0,0,0,0,0,0,0,0,0,0,0,0,0,0,0,0,0,0,0,0,0,0,0,0,0,0,0,0,0,0,0,0,0,0,0,0,0,0,0,0,0,0,110211108,0,0,0,130564009,0,0,0,0,0,0,0,79846739,150509961,187135189,57287383040,46230440,0,0,0,0,0,0,0,0,0,0,0,0,0,0,0,0,0,0,0,0,0,0,0,0,0,0,0,0,0,0,0,12586793,0,0,0,0,0,0,0
1789581046.475,0,0,0,0,0,0,0,271875248,2464555720192,813691795968,0,0,0,0,0,0,0,0,0,0,0,0,0,0,0,0,0,0,0,0,0,0,0,0,0,0,0,0,0,0,0,0,0,0,0,0,0,0,0,0,0,0,0,0,0,0,0,0,0,0,0,0,0,0,0,0,0,0,464358,150615899,45563035,0,0,0,0,0,0,0,0,0,0,0,0,0,0,0,0,0,0,0,0,0,0,0,0,0,0,0,0,0,0,0,0,0,0,0,0,0,2145501184,804421632,130951,49098,0,121,131072,150450676,0,0,1374871362,2147483648,116556265,147492413,0,0,0,0,0,0,0,0,0,0,0,0,0,0,0,0,0,0,8746704,8746792,0,97,97,6265,329,17493451,35,0,0,0,0,0,0,0,1,0,0,0,0,0,0,0,0,0,0,9838359,0,14005711,123955,0,0,0,0,0,0,0,0,16384,0,0,0,0,0,0,0,0,0,0,0,5168,343,0,0,0,0,0,26593593,0,9428,27,4632,341,5168,0,0,0,0,0,0,0,0,0,0,0,0,0,0,0,0,0,0,0,0,0,0,0,0,0,0,0,0,0,0,0,0,0,0,0,0,0,0,0,0,0,0,0,0,0,0,0,0,0,0,0,0,0,110213163,0,0,0,130571550,0,0,0,0,0,0,0,79850949,150522157,187143769,57288719872,46231717,0,0,0,0,0,0,0,0,0,0,0,0,0,0,0,0,0,0,0,0,0,0,0,0,0,0,0,0,0,0,0,12587331,0,0,0,0,0,0,0
1789581047.501,0,0,0,0,0,0,0,271888590,2464725917184,813731928576,0,0,0,0,0,0,0,0,0,0,0,0,0,0,0,0,0,0,0,0,0,0,0,0,0,0,0,0,0,0,0,0,0,0,0,0,0,0,0,0,0,0,0,0,0,0,0,0,0,0,0,0,0,0,0,0,0,0,464393,150626303,45565380,0,0,0,0,0,0,0,0,0,0,0,0,0,0,0,0,0,0,0,0,0,0,0,0,0,0,0,0,0,0,0,0,0,0,0,0,0,2145288192,805224448,130938,49147,0,134,131072,150461077,0,0,1374942359,2147483648,116566517,147499563,0,0,0,0,0,0,0,0,0,0,0,0,0,0,0,0,0,0,8747151,8747229,0,97,97,6265,329,17494349,35,0,0,0,0,0,0,0,1,0,0,0,0,0,0,0,0,0,0,9838878,0,14005711,123955,0,0,0,0,0,0,0,0,16384,0,0,0,0,0,0,0,0,0,0,0,5169,343,0,0,0,0,0,26594995,0,9428,27,4632,341,5169,0,0,0,0,0,0,0,0,0,0,0,0,0,0,0,0,0,0,0,0,0,0,0,0,0,0,0,0,0,0,0,0,0,0,0,0,0,0,0,0,0,0,0,0,0,0,0,0,0,0,0,0,0,110215037,0,0,0,130577853,0,0,0,0,0,0,0,79854472,150532562,187150331,57289883648,46232896,0,0,0,0,0,0,0,0,0,0,0,0,0,0,0,0,0,0,0,0,0,0,0,0,0,0,0,0,0,0,0,12587794,0,0,0,0,0,0,0
1789581048.528,0,0,0,0,0,0,0,271900699,2464878894592,813768210432,0,0,0,0,0,0,0,0,0,0,0,0,0,0,0,0,0,0,0,0,0,0,0,0,0,0,0,0,0,0,0,0,0,0,0,0,0,0,0,0,0,0,0,0,0,0,0,0,0,0,0,0,0,0,0,0,0,0,464427,150635662,45567496,0,0,0,0,0,0,0,0,0,0,0,0,0,0,0,0,0,0,0,0,0,0,0,0,0,0,0,0,0,0,0,0,0,0,0,0,0,2144780288,807256064,130907,49271,0,165,131072,150470430,0,0,1375005339,2147483648,116575831,147506140,0,0,0,0,0,0,0,0,0,0,0,0,0,0,0,0,0,0,8747560,8747649,0,97,97,6265,329,17495170,35,0,0,0,0,0,0,0,1,0,0,0,0,0,0,0,0,0,0,9839342,0,14005711,123955,0,0,0,0,0,0,0,0,16384,0,0,0,0,0,0,0,0,0,0,0,5170,343,0,0,0,0,0,26596252,0,9428,27,4632,341,5170,0,0,0,0,0,0,0,0,0,0,0,0,0,0,0,0,0,0,0,0,0,0,0,0,0,0,0,0,0,0,0,0,0,0,0,0,0,0,0,0,0,0,0,0,0,0,0,0,0,0,0,0,0,110216843,0,0,0,130583691,0,0,0,0,0,0,0,79857727,150541908,187156366,57290985984,46234034,0,0,0,0,0,0,0,0,0,0,0,0,0,0,0,0,0,0,0,0,0,0,0,0,0,0,0,0,0,0,0,12588206,0,0,0,0,0,0,0
1789581049.553,0,0,0,0,0,0,0,271911215,2465013997056,813798550528,0,0,0,0,0,0,0,0,0,0,0,0,0,0,0,0,0,0,0,0,0,0,0,0,0,0,0,0,0,0,0,0,0,0,0,0,0,0,0,0,0,0,0,0,0,0,0,0,0,0,0,0,0,0,0,0,0,0,464446,150643914,45569256,0,0,0,0,0,0,0,0,0,0,0,0,0,0,0,0,0,0,0,0,0,0,0,0,0,0,0,0,0,0,0,0,0,0,0,0,0,2145075200,808173568,130925,49327,0,147,131072,150478678,0,0,1375060227,2147483648,116583986,147511439,0,0,0,0,0,0,0,0,0,0,0,0,0,0,0,0,0,0,8747896,8747979,0,97,97,6265,329,17495836,35,0,0,0,0,0,0,0,1,0,0,0,0,0,0,0,0,0,0,9839729,0,14005711,123955,0,0,0,0,0,0,0,0,16384,0,0,0,0,0,0,0,0,0,0,0,5171,343,0,0,0,0,0,26597298,0,9428,27,4632,341,5171,0,0,0,0,0,0,0,0,0,0,0,0,0,0,0,0,0,0,0,0,0,0,0,0,0,0,0,0,0,0,0,0,0,0,0,0,0,0,0,0,0,0,0,0,0,0,0,0,0,0,0,0,0,110218478,0,0,0,130588426,0,0,0,0,0,0,0,79860555,150550158,187161537,57291947008,46235094,0,0,0,0,0,0,0,0,0,0,0,0,0,0,0,0,0,0,0,0,0,0,0,0,0,0,0,0,0,0,0,12588552,0,0,0,0,0,0,0
1789581050.579,0,0,0,0,0,0,0,271922340,2465156734464,813831691264,0,0,0,0,0,0,0,0,0,0,0,0,0,0,0,0,0,0,0,0,0,0,0,0,0,0,0,0,0,0,0,0,0,0,0,0,0,0,0,0,0,0,0,0,0,0,0,0,0,0,0,0,0,0,0,0,0,0,464469,150652636,45571208,0,0,0,0,0,0,0,0,0,0,0,0,0,0,0,0,0,0,0,0,0,0,0,0,0,0,0,0,0,0,0,0,0,0,0,0,0,2145452032,808009728,130948,49317,0,124,131072,150487391,0,0,1375118769,2147483648,116592578,147517053,0,0,0,0,0,0,0,0,0,0,0,0,0,0,0,0,0,0,8748246,8748331,0,97,97,6265,329,17496555,35,0,0,0,0,0,0,0,1,0,0,0,0,0,0,0,0,0,0,9840109,0,14005711,123955,0,0,0,0,0,0,0,0,16384,0,0,0,0,0,0,0,0,0,0,0,5172,343,0,0,0,0,0,26598317,0,9428,27,4632,341,5172,0,0,0,0,0,0,0,0,0,0,0,0,0,0,0,0,0,0,0,0,0,0,0,0,0,0,0,0,0,0,0,0,0,0,0,0,0,0,0,0,0,0,0,0,0,0,0,0,0,0,0,0,0,110220124,0,0,0,130593509,0,0,0,0,0,0,0,79863558,150558881,187167057,57292934144,46236162,0,0,0,0,0,0,0,0,0,0,0,0,0,0,0,0,0,0,0,0,0,0,0,0,0,0,0,0,0,0,0,12588887,0,0,0,0,0,0,0
1789581051.605,0,0,0,0,0,0,0,271933987,2465305796096,813867310592,0,0,0,0,0,0,0,0,0,0,0,0,0,0,0,0,0,0,0,0,0,0,0,0,0,0,0,0,0,0,0,0,0,0,0,0,0,0,0,0,0,0,0,0,0,0,0,0,0,0,0,0,0,0,0,0,0,0,464499,150661753,45573277,0,0,0,0,0,0,0,0,0,0,0,0,0,0,0,0,0,0,0,0,0,0,0,0,0,0,0,0,0,0,0,0,0,0,0,0,0,2145402880,809091072,130945,49383,0,127,131072,150496505,0,0,1375179517,2147483648,116601585,147523286,0,0,0,0,0,0,0,0,0,0,0,0,0,0,0,0,0,0,8748648,8748732,0,97,97,6265,329,17497324,35,0,0,0,0,0,0,0,1,0,0,0,0,0,0,0,0,0,0,9840554,0,14005711,123955,0,0,0,0,0,0,0,0,16384,0,0,0,0,0,0,0,0,0,0,0,5173,343,0,0,0,0,0,26599516,0,9428,27,4632,341,5173,0,0,0,0,0,0,0,0,0,0,0,0,0,0,0,0,0,0,0,0,0,0,0,0,0,0,0,0,0,0,0,0,0,0,0,0,0,0,0,0,0,0,0,0,0,0,0,0,0,0,0,0,0,110221907,0,0,0,130599060,0,0,0,0,0,0,0,79866781,150567991,187172993,57294011904,46237306,0,0,0,0,0,0,0,0,0,0,0,0,0,0,0,0,0,0,0,0,0,0,0,0,0,0,0,0,0,0,0,12589283,0,0,0,0,0,0,0
1789581052.632,0,0,0,0,0,0,0,271944657,2465442209280,813898232320,0,0,0,0,0,0,0,0,0,0,0,0,0,0,0,0,0,0,0,0,0,0,0,0,0,0,0,0,0,0,0,0,0,0,0,0,0,0,0,0,0,0,0,0,0,0,0,0,0,0,0,0,0,0,0,0,0,0,464515,150670084,45575088,0,0,0,0,0,0,0,0,0,0,0,0,0,0,0,0,0,0,0,0,0,0,0,0,0,0,0,0,0,0,0,0,0,0,0,0,0,2145419264,809730048,130946,49422,0,126,131072,150504831,0,0,1375235370,2147483648,116609810,147528696,0,0,0,0,0,0,0,0,0,0,0,0,0,0,0,0,0,0,8748974,8749059,0,97,97,6265,329,17498033,35,0,0,0,0,0,0,0,1,0,0,0,0,0,0,0,0,0,0,9840945,0,14005711,123955,0,0,0,0,0,0,0,0,16384,0,0,0,0,0,0,0,0,0,0,0,5174,343,0,0,0,0,0,26600574,0,9428,27,4632,341,5174,0,0,0,0,0,0,0,0,0,0,0,0,0,0,0,0,0,0,0,0,0,0,0,0,0,0,0,0,0,0,0,0,0,0,0,0,0,0,0,0,0,0,0,0,0,0,0,0,0,0,0,0,0,110223554,0,0,0,130603934,0,0,0,0,0,0,0,79869654,150576324,187178251,57294978560,46238375,0,0,0,0,0,0,0,0,0,0,0,0,0,0,0,0,0,0,0,0,0,0,0,0,0,0,0,0,0,0,0,12589632,0,0,0,0,0,0,0
1789581053.658,0,0,0,0,0,0,0,271955756,2465582571008,813930582528,0,0,0,0,0,0,0,0,0,0,0,0,0,0,0,0,0,0,0,0,0,0,0,0,0,0,0,0,0,0,0,0,0,0,0,0,0,0,0,0,0,0,0,0,0,0,0,0,0,0,0,0,0,0,0,0,0,0,464542,150678659,45576963,0,0,0,0,0,0,0,0,0,0,0,0,0,0,0,0,0,0,0,0,0,0,0,0,0,0,0,0,0,0,0,0,0,0,0,0,0,2145157120,813531136,130930,49654,0,142,131072,150513405,0,0,1375293095,2147483648,116618317,147534823,0,0,0,0,0,0,0,0,0,0,0,0,0,0,0,0,0,0,8749368,8749442,0,97,97,6265,329,17498807,35,0,0,0,0,0,0,0,1,0,0,0,0,0,0,0,0,0,0,9841367,0,14005711,123955,0,0,0,0,0,0,0,0,16384,0,0,0,0,0,0,0,0,0,0,0,5175,343,0,0,0,0,0,26601708,0,9428,27,4632,341,5175,0,0,0,0,0,0,0,0,0,0,0,0,0,0,0,0,0,0,0,0,0,0,0,0,0,0,0,0,0,0,0,0,0,0,0,0,0,0,0,0,0,0,0,0,0,0,0,0,0,0,0,0,0,110225301,0,0,0,130609435,0,0,0,0,0,0,0,79872646,150584890,187183755,57296036864,46239488,0,0,0,0,0,0,0,0,0,0,0,0,0,0,0,0,0,0,0,0,0,0,0,0,0,0,0,0,0,0,0,12590005,0,0,0,0,0,0,0
1789581054.684,0,0,0,0,0,0,0,271965908,2465711955456,813960295424,0,0,0,0,0,0,0,0,0,0,0,0,0,0,0,0,0,0,0,0,0,0,0,0,0,0,0,0,0,0,0,0,0,0,0,0,0,0,0,0,0,0,0,0,0,0,0,0,0,0,0,0,0,0,0,0,0,0,464570,150686557,45578689,0,0,0,0,0,0,0,0,0,0,0,0,0,0,0,0,0,0,0,0,0,0,0,0,0,0,0,0,0,0,0,0,0,0,0,0,0,2144796672,815169536,130908,49754,0,164,131072,150521300,0,0,1375345594,2147483648,116626179,147540360,0,0,0,0,0,0,0,0,0,0,0,0,0,0,0,0,0,0,8749708,8749790,0,97,97,6265,329,17499477,35,0,0,0,0,0,0,0,1,0,0,0,0,0,0,0,0,0,0,9841789,0,14005711,123955,0,0,0,0,0,0,0,0,16384,0,0,0,0,0,0,0,0,0,0,0,5176,343,0,0,0,0,0,26602870,0,9428,27,4632,341,5176,0,0,0,0,0,0,0,0,0,0,0,0,0,0,0,0,0,0,0,0,0,0,0,0,0,0,0,0,0,0,0,0,0,0,0,0,0,0,0,0,0,0,0,0,0,0,0,0,0,0,0,0,0,110226954,0,0,0,130614280,0,0,0,0,0,0,0,79875443,150592796,187188862,57297019904,46240556,0,0,0,0,0,0,0,0,0,0,0,0,0,0,0,0,0,0,0,0,0,0,0,0,0,0,0,0,0,0,0,12590385,0,0,0,0,0,0,0
1789581055.710,0,0,0,0,0,0,0,271974831,2465826037248,813986255872,0,0,0,0,0,0,0,0,0,0,0,0,0,0,0,0,0,0,0,0,0,0,0,0,0,0,0,0,0,0,0,0,0,0,0,0,0,0,0,0,0,0,0,0,0,0,0,0,0,0,0,0,0,0,0,0,0,0,464584,150693533,45580209,0,0,0,0,0,0,0,0,0,0,0,0,0,0,0,0,0,0,0,0,0,0,0,0,0,0,0,0,0,0,0,0,0,0,0,0,0,2144780288,816267264,130907,49821,1,164,131072,150528274,0,0,1375392349,2147483648,116633093,147544946,0,0,0,0,0,0,0,0,0,0,0,0,0,0,0,0,0,0,8749996,8750079,0,97,97,6265,329,17500064,35,0,0,0,0,0,0,0,1,0,0,0,0,0,0,0,0,0,0,9842112,0,14005711,123955,0,0,0,0,0,0,0,0,16384,0,0,0,0,0,0,0,0,0,0,0,5177,343,0,0,0,0,0,26603745,0,9428,27,4632,341,5177,0,0,0,0,0,0,0,0,0,0,0,0,0,0,0,0,0,0,0,0,0,0,0,0,0,0,0,0,0,0,0,0,0,0,0,0,0,0,0,0,0,0,0,0,0,0,0,0,0,0,0,0,0,110228384,0,0,0,130618419,0,0,0,0,0,0,0,79877895,150599764,187193319,57297860096,46241496,0,0,0,0,0,0,0,0,0,0,0,0,0,0,0,0,0,0,0,0,0,0,0,0,0,0,0,0,0,0,0,12590672,0,0,0,0,0,0,0
1789581056.735,0,0,0,0,0,0,0,271983407,2465935187456,814013605376,0,0,0,0,0,0,0,0,0,0,0,0,0,0,0,0,0,0,0,0,0,0,0,0,0,0,0,0,0,0,0,0,0,0,0,0,0,0,0,0,0,0,0,0,0,0,0,0,0,0,0,0,0,0,0,0,0,0,464595,150700200,45581708,0,0,0,0,0,0,0,0,0,0,0,0,0,0,0,0,0,0,0,0,0,0,0,0,0,0,0,0,0,0,0,0,0,0,0,0,0,2144534528,815906816,130892,49799,0,180,131072,150534938,0,0,1375436798,2147483648,116639656,147549290,0,0,0,0,0,0,0,0,0,0,0,0,0,0,0,0,0,0,8750269,8750353,0,97,97,6265,329,17500619,35,0,0,0,0,0,0,0,1,0,0,0,0,0,0,0,0,0,0,9842428,0,14005711,123956,0,0,0,0,0,0,0,0,16384,0,0,0,0,0,0,0,0,0,0,0,5178,343,0,0,0,0,0,26604598,0,9428,27,4632,341,5178,0,0,0,0,0,0,0,0,0,0,0,0,0,0,0,0,0,0,0,0,0,0,0,0,0,0,0,0,0,0,0,0,0,0,0,0,0,0,0,0,0,0,0,0,0,0,0,0,0,0,0,0,0,110229823,0,0,0,130622341,0,0,0,0,0,0,0,79880325,150606431,187197828,57298684416,46242456,1,0,0,0,0,0,0,0,0,0,0,0,0,0,0,0,0,0,0,0,0,0,0,0,0,0,0,0,0,0,0,12590953,0,0,0,0,0,0,0
1789581057.762,0,0,0,0,0,0,0,271993486,2466063883776,814043860992,0,0,0,0,0,0,0,0,0,0,0,0,0,0,0,0,0,0,0,0,0,0,0,0,0,0,0,0,0,0,0,0,0,0,0,0,0,0,0,0,0,0,0,0,0,0,0,0,0,0,0,0,0,0,0,0,0,0,464611,150708082,45583552,0,0,0,0,0,0,0,0,0,0,0,0,0,0,0,0,0,0,0,0,0,0,0,0,0,0,0,0,0,0,0,0,0,0,0,0,0,2144452608,815644672,130887,49783,0,185,131072,150542814,0,0,1375489242,2147483648,116647377,147554639,0,0,0,0,0,0,0,0,0,0,0,0,0,0,0,0,0,0,8750611,8750690,0,97,97,6265,329,17501293,35,0,0,0,0,0,0,0,1,0,0,0,0,0,0,0,0,0,0,9842805,0,14005839,123956,0,0,0,0,0,0,0,0,16384,0,0,0,0,0,0,0,0,0,0,0,5179,343,0,0,0,0,0,26605619,0,9428,27,4632,341,5179,0,0,0,0,0,0,0,0,0,0,0,0,0,0,0,0,0,0,0,0,0,0,0,0,0,0,0,0,0,0,0,0,0,0,0,0,0,0,0,0,0,0,0,0,0,0,0,0,0,0,0,0,0,110231407,0,0,0,130627148,0,0,0,0,0,0,0,79883133,150614306,187202937,57299623424,46243498,0,0,0,0,0,0,0,0,0,0,0,0,0,0,0,0,0,0,0,0,0,0,0,0,0,0,0,0,0,0,0,12591288,0,0,0,0,0,0,0
1789581058.789,0,0,0,0,0,0,0,272002652,2466180750848,814070478336,0,0,0,0,0,0,0,0,0,0,0,0,0,0,0,0,0,0,0,0,0,0,0,0,0,0,0,0,0,0,0,0,0,0,0,0,0,0,0,0,0,0,0,0,0,0,0,0,0,0,0,0,0,0,0,0,0,0,464625,150715215,45585100,0,0,0,0,0,0,0,0,0,0,0,0,0,0,0,0,0,0,0,0,0,0,0,0,0,0,0,0,0,0,0,0,0,0,0,0,0,2144141312,818593792,130868,49963,0,204,131072,150549945,0,0,1375536381,2147483648,116654468,147559869,0,0,0,0,0,0,0,0,0,0,0,0,0,0,0,0,0,0,8750934,8751015,0,97,97,6265,329,17501948,35,0,0,0,0,0,0,0,1,0,0,0,0,0,0,0,0,0,0,9843218,0,14005839,123956,0,0,0,0,0,0,0,0,16384,0,0,0,0,0,0,0,0,0,0,0,5180,343,0,0,0,0,0,26606747,0,9428,27,4632,341,5180,0,0,0,0,0,0,0,0,0,0,0,0,0,0,0,0,0,0,0,0,0,0,0,0,0,0,0,0,0,0,0,0,0,0,0,0,0,0,0,0,0,0,0,0,0,0,0,0,0,0,0,0,0,110232988,0,0,0,130631744,0,0,0,0,0,0,0,79885684,150621451,187207606,57300554752,46244505,1,0,0,0,0,0,0,0,0,0,0,0,0,0,0,0,0,0,0,0,0,0,0,0,0,0,0,0,0,0,0,12591660,0,0,0,0,0,0,0
1789581059.814,0,0,0,0,0,0,0,272010631,2466282167808,814094731776,0,0,0,0,0,0,0,0,0,0,0,0,0,0,0,0,0,0,0,0,0,0,0,0,0,0,0,0,0,0,0,0,0,0,0,0,0,0,0,0,0,0,0,0,0,0,0,0,0,0,0,0,0,0,0,0,0,0,464636,150721430,45586514,0,0,0,0,0,0,0,0,0,0,0,0,0,0,0,0,0,0,0,0,0,0,0,0,0,0,0,0,0,0,0,0,0,0,0,0,0,2144174080,816578560,130870,49840,0,202,131072,150556157,0,0,1375578307,2147483648,116660593,147563745,0,0,0,0,0,0,0,0,0,0,0,0,0,0,0,0,0,0,8751181,8751255,0,97,97,6265,329,17502443,35,0,0,0,0,0,0,0,1,0,0,0,0,0,0,0,0,0,0,9843492,0,14005839,123956,0,0,0,0,0,0,0,0,16384,0,0,0,0,0,0,0,0,0,0,0,5181,343,0,0,0,0,0,26607482,0,9428,27,4632,341,5181,0,0,0,0,0,0,0,0,0,0,0,0,0,0,0,0,0,0,0,0,0,0,0,0,0,0,0,0,0,0,0,0,0,0,0,0,0,0,0,0,0,0,0,0,0,0,0,0,0,0,0,0,0,110234269,0,0,0,130635220,0,0,0,0,0,0,0,79887934,150627649,187211717,57301287936,46245339,0,0,0,0,0,0,0,0,0,0,0,0,0,0,0,0,0,0,0,0,0,0,0,0,0,0,0,0,0,0,0,12591903,0,0,0,0,0,0,0
1789581060.840,0,0,0,0,0,0,0,272018846,2466386812416,814120696320,0,0,0,0,0,0,0,0,0,0,0,0,0,0,0,0,0,0,0,0,0,0,0,0,0,0,0,0,0,0,0,0,0,0,0,0,0,0,0,0,0,0,0,0,0,0,0,0,0,0,0,0,0,0,0,0,0,0,464643,150727818,45588038,0,0,0,0,0,0,0,0,0,0,0,0,0,0,0,0,0,0,0,0,0,0,0,0,0,0,0,0,0,0,0,0,0,0,0,0,0,2144190464,815742976,130871,49789,0,201,131072,150562536,0,0,1375621322,2147483648,116666919,147568142,0,0,0,0,0,0,0,0,0,0,0,0,0,0,0,0,0,0,8751465,8751545,0,97,97,6265,329,17502999,35,0,0,0,0,0,0,0,1,0,0,0,0,0,0,0,0,0,0,9843813,0,14005839,123956,0,0,0,0,0,0,0,0,16384,0,0,0,0,0,0,0,0,0,0,0,5182,343,0,0,0,0,0,26608354,0,9428,27,4632,341,5182,0,0,0,0,0,0,0,0,0,0,0,0,0,0,0,0,0,0,0,0,0,0,0,0,0,0,0,0,0,0,0,0,0,0,0,0,0,0,0,0,0,0,0,0,0,0,0,0,0,0,0,0,0,110235669,0,0,0,130639175,0,0,0,0,0,0,0,79890363,150634040,187216146,57302096384,46246253,0,0,0,0,0,0,0,0,0,0,0,0,0,0,0,0,0,0,0,0,0,0,0,0,0,0,0,0,0,0,0,12592189,0,0,0,0,0,0,0
1789581061.866,0,0,0,0,0,0,0,272027698,2466499681792,814146050560,0,0,0,0,0,0,0,0,0,0,0,0,0,0,0,0,0,0,0,0,0,0,0,0,0,0,0,0,0,0,0,0,0,0,0,0,0,0,0,0,0,0,0,0,0,0,0,0,0,0,0,0,0,0,0,0,0,0,464652,150734724,45589519,0,0,0,0,0,0,0,0,0,0,0,0,0,0,0,0,0,0,0,0,0,0,0,0,0,0,0,0,0,0,0,0,0,0,0,0,0,2144468992,814956544,130888,49741,0,184,131072,150569435,0,0,1375668163,2147483648,116673698,147572374,0,0,0,0,0,0,0,0,0,0,0,0,0,0,0,0,0,0,8751735,8751810,0,97,97,6265,329,17503556,35,0,0,0,0,0,0,0,1,0,0,0,0,0,0,0,0,0,0,9844103,0,14005839,123956,0,0,0,0,0,0,0,0,16384,0,0,0,0,0,0,0,0,0,0,0,5183,343,0,0,0,0,0,26609131,0,9428,27,4632,341,5183,0,0,0,0,0,0,0,0,0,0,0,0,0,0,0,0,0,0,0,0,0,0,0,0,0,0,0,0,0,0,0,0,0,0,0,0,0,0,0,0,0,0,0,0,0,0,0,0,0,0,0,0,0,110237045,0,0,0,130643024,0,0,0,0,0,0,0,79892726,150640938,187220479,57302888448,46247137,0,0,0,0,0,0,0,0,0,0,0,0,0,0,0,0,0,0,0,0,0,0,0,0,0,0,0,0,0,0,0,12592445,0,0,0,0,0,0,0
1789581062.891,0,0,0,0,0,0,0,272037060,2466619465216,814174744576,0,0,0,0,0,0,0,0,0,0,0,0,0,0,0,0,0,0,0,0,0,0,0,0,0,0,0,0,0,0,0,0,0,0,0,0,0,0,0,0,0,0,0,0,0,0,0,0,0,0,0,0,0,0,0,0,0,0,464667,150742046,45591190,0,0,0,0,0,0,0,0,0,0,0,0,0,0,0,0,0,0,0,0,0,0,0,0,0,0,0,0,0,0,0,0,0,0,0,0,0,2143977472,813531136,130858,49654,0,214,131072,150576752,0,0,1375717026,2147483648,116680986,147577108,0,0,0,0,0,0,0,0,0,0,0,0,0,0,0,0,0,0,8752040,8752124,0,97,97,6265,329,17504153,35,0,0,0,0,0,0,0,1,0,0,0,0,0,0,0,0,0,0,9844449,0,14005839,123956,0,0,0,0,0,0,0,0,16384,0,0,0,0,0,0,0,0,0,0,0,5184,343,0,0,0,0,0,26610070,0,9428,27,4632,341,5184,0,0,0,0,0,0,0,0,0,0,0,0,0,0,0,0,0,0,0,0,0,0,0,0,0,0,0,0,0,0,0,0,0,0,0,0,0,0,0,0,0,0,0,0,0,0,0,0,0,0,0,0,0,110238549,0,0,0,130647251,0,0,0,0,0,0,0,79895372,150648250,187225334,57303761920,46248110,0,0,0,0,0,0,0,0,0,0,0,0,0,0,0,0,0,0,0,0,0,0,0,0,0,0,0,0,0,0,0,12592753,0,0,0,0,0,0,0
1789581063.917,0,0,0,0,0,0,0,272046742,2466743295488,814203176448,0,0,0,0,0,0,0,0,0,0,0,0,0,0,0,0,0,0,0,0,0,0,0,0,0,0,0,0,0,0,0,0,0,0,0,0,0,0,0,0,0,0,0,0,0,0,0,0,0,0,0,0,0,0,0,0,0,0,464680,150749601,45592839,0,0,0,0,0,0,0,0,0,0,0,0,0,0,0,0,0,0,0,0,0,0,0,0,0,0,0,0,0,0,0,0,0,0,0,0,0,2144993280,814481408,130920,49712,0,152,131072,150584304,0,0,1375767998,2147483648,116688407,147582153,0,0,0,0,0,0,0,0,0,0,0,0,0,0,0,0,0,0,8752370,8752451,0,97,97,6265,329,17504797,35,0,0,0,0,0,0,0,1,0,0,0,0,0,0,0,0,0,0,9844805,0,14005839,123956,0,0,0,0,0,0,0,0,16384,0,0,0,0,0,0,0,0,0,0,0,5185,343,0,0,0,0,0,26611032,0,9428,27,4632,341,5185,0,0,0,0,0,0,0,0,0,0,0,0,0,0,0,0,0,0,0,0,0,0,0,0,0,0,0,0,0,0,0,0,0,0,0,0,0,0,0,0,0,0,0,0,0,0,0,0,0,0,0,0,0,110240084,0,0,0,130651825,0,0,0,0,0,0,0,79898029,150655816,187230182,57304674304,46249110,0,0,0,0,0,0,0,0,0,0,0,0,0,0,0,0,0,0,0,0,0,0,0,0,0,0,0,0,0,0,0,12593068,0,0,0,0,0,0,0
1789581064.943,0,0,0,0,0,0,0,272057636,2466881674752,814235844096,0,0,0,0,0,0,0,0,0,0,0,0,0,0,0,0,0,0,0,0,0,0,0,0,0,0,0,0,0,0,0,0,0,0,0,0,0,0,0,0,0,0,0,0,0,0,0,0,0,0,0,0,0,0,0,0,0,0,464704,150758067,45594750,0,0,0,0,0,0,0,0,0,0,0,0,0,0,0,0,0,0,0,0,0,0,0,0,0,0,0,0,0,0,0,0,0,0,0,0,0,2145157120,814727168,130930,49727,0,142,131072,150592767,0,0,1375825333,2147483648,116696771,147587892,0,0,0,0,0,0,0,0,0,0,0,0,0,0,0,0,0,0,8752735,8752817,0,97,97,6265,329,17505531,35,0,0,0,0,0,0,0,1,0,0,0,0,0,0,0,0,0,0,9845200,0,14005839,123956,0,0,0,0,0,0,0,0,16384,0,0,0,0,0,0,0,0,0,0,0,5186,343,0,0,0,0,0,26612094,0,9428,27,4632,341,5186,0,0,0,0,0,0,0,0,0,0,0,0,0,0,0,0,0,0,0,0,0,0,0,0,0,0,0,0,0,0,0,0,0,0,0,0,0,0,0,0,0,0,0,0,0,0,0,0,0,0,0,0,0,110241717,0,0,0,130656967,0,0,0,0,0,0,0,79900975,150664273,187235625,57305656832,46250150,0,0,0,0,0,0,0,0,0,0,0,0,0,0,0,0,0,0,0,0,0,0,0,0,0,0,0,0,0,0,0,12593418,0,0,0,0,0,0,0
1789581065.969,0,0,0,0,0,0,0,272068695,2467022036480,814265883648,0,0,0,0,0,0,0,0,0,0,0,0,0,0,0,0,0,0,0,0,0,0,0,0,0,0,0,0,0,0,0,0,0,0,0,0,0,0,0,0,0,0,0,0,0,0,0,0,0,0,0,0,0,0,0,0,0,0,464731,150766652,45596505,0,0,0,0,0,0,0,0,0,0,0,0,0,0,0,0,0,0,0,0,0,0,0,0,0,0,0,0,0,0,0,0,0,0,0,0,0,2145107968,817774592,130927,49913,0,145,131072,150601349,0,0,1375883404,2147483648,116705244,147593699,0,0,0,0,0,0,0,0,0,0,0,0,0,0,0,0,0,0,8753109,8753189,0,97,97,6265,329,17506269,35,0,0,0,0,0,0,0,1,0,0,0,0,0,0,0,0,0,0,9845611,0,14005839,123956,0,0,0,0,0,0,0,0,16384,0,0,0,0,0,0,0,0,0,0,0,5187,343,0,0,0,0,0,26613199,0,9428,27,4632,341,5187,0,0,0,0,0,0,0,0,0,0,0,0,0,0,0,0,0,0,0,0,0,0,0,0,0,0,0,0,0,0,0,0,0,0,0,0,0,0,0,0,0,0,0,0,0,0,0,0,0,0,0,0,0,110243405,0,0,0,130662146,0,0,0,0,0,0,0,79903802,150672854,187240801,57306674688,46251232,0,0,0,0,0,0,0,0,0,0,0,0,0,0,0,0,0,0,0,0,0,0,0,0,0,0,0,0,0,0,0,12593782,0,0,0,0,0,0,0
1789581066.997,0,0,0,0,0,0,0,272079208,2467156172288,814297644032,0,0,0,0,0,0,0,0,0,0,0,0,0,0,0,0,0,0,0,0,0,0,0,0,0,0,0,0,0,0,0,0,0,0,0,0,0,0,0,0,0,0,0,0,0,0,0,0,0,0,0,0,0,0,0,0,0,0,464752,150774851,45598355,0,0,0,0,0,0,0,0,0,0,0,0,0,0,0,0,0,0,0,0,0,0,0,0,0,0,0,0,0,0,0,0,0,0,0,0,0,2144862208,818266112,130912,49943,0,160,131072,150609542,0,0,1375938258,2147483648,116713362,147599294,0,0,0,0,0,0,0,0,0,0,0,0,0,0,0,0,0,0,8753463,8753544,0,97,97,6265,329,17506985,35,0,0,0,0,0,0,0,1,0,0,0,0,0,0,0,0,0,0,9846020,0,14005839,123956,0,0,0,0,0,0,0,0,16384,0,0,0,0,0,0,0,0,0,0,0,5188,343,0,0,0,0,0,26614315,0,9428,27,4632,341,5188,0,0,0,0,0,0,0,0,0,0,0,0,0,0,0,0,0,0,0,0,0,0,0,0,0,0,0,0,0,0,0,0,0,0,0,0,0,0,0,0,0,0,0,0,0,0,0,0,0,0,0,0,0,110245016,0,0,0,130667133,0,0,0,0,0,0,0,79906681,150681048,187246117,57307644416,46252257,0,0,0,0,0,0,0,0,0,0,0,0,0,0,0,0,0,0,0,0,0,0,0,0,0,0,0,0,0,0,0,12594147,0,0,0,0,0,0,0
1789581068.022,0,0,0,0,0,0,0,272089122,2467281804800,814325432832,0,0,0,0,0,0,0,0,0,0,0,0,0,0,0,0,0,0,0,0,0,0,0,0,0,0,0,0,0,0,0,0,0,0,0,0,0,0,0,0,0,0,0,0,0,0,0,0,0,0,0,0,0,0,0,0,0,0,464772,150782527,45599965,0,0,0,0,0,0,0,0,0,0,0,0,0,0,0,0,0,0,0,0,0,0,0,0,0,0,0,0,0,0,0,0,0,0,0,0,0,2144960512,820314112,130918,50068,0,154,131072,150617210,0,0,1375990467,2147483648,116720945,147604473,0,0,0,0,0,0,0,0,0,0,0,0,0,0,0,0,0,0,8753790,8753872,0,97,97,6265,329,17507636,35,0,0,0,0,0,0,0,1,0,0,0,0,0,0,0,0,0,0,9846394,0,14005839,123956,0,0,0,0,0,0,0,0,16384,0,0,0,0,0,0,0,0,0,0,0,5190,343,0,0,0,0,0,26615329,1,9428,27,4632,342,5190,0,0,0,0,1,0,0,0,0,0,0,0,0,0,0,0,0,0,0,0,0,0,0,0,0,0,0,0,0,0,0,0,0,0,0,0,0,0,0,0,0,0,0,0,0,0,0,0,0,0,0,0,0,110246592,0,0,0,130671753,0,0,0,0,0,0,0,79909326,150688719,187250925,57308576768,46253286,0,0,0,0,0,0,0,0,0,0,0,0,0,0,0,0,0,0,0,0,0,0,0,0,0,0,0,0,0,0,0,12594480,0,0,0,0,0,0,0
1789581069.048,0,0,0,0,0,0,0,272099654,2467415956992,814378405888,0,0,0,0,0,0,0,0,0,0,0,0,0,0,0,0,0,0,0,0,0,0,0,0,0,0,0,0,0,0,0,0,0,0,0,0,0,0,0,0,0,0,0,0,0,0,0,0,0,0,0,0,0,0,0,0,0,0,464790,150790728,45603123,0,0,0,0,0,0,0,0,0,0,0,0,0,0,0,0,0,0,0,0,0,0,0,0,0,0,0,0,0,0,0,0,0,0,0,0,0,2145058816,799047680,130924,48770,0,148,131072,150625408,0,0,1376046230,2147483648,116728505,147609904,0,0,0,0,0,0,0,0,0,0,0,0,0,0,0,0,0,0,8754137,8754215,0,97,97,6265,329,17508353,35,0,0,0,0,0,0,0,1,0,0,0,0,0,0,0,0,0,0,9846770,0,14007298,123968,0,0,0,0,0,0,0,0,16384,0,0,0,0,0,0,0,0,0,0,0,5191,343,0,0,0,0,0,26616330,1,9428,27,4632,342,5191,0,0,0,0,1,0,0,0,0,0,0,0,0,0,0,0,0,0,0,0,0,0,0,0,0,0,0,0,0,0,0,0,0,0,0,0,0,0,0,0,0,0,0,0,0,0,0,0,0,0,0,0,0,110248209,0,0,0,130676671,0,0,0,0,0,0,0,79912273,150696917,187257386,57309545984,46254324,0,0,0,0,0,0,0,0,0,0,0,0,0,0,0,0,0,0,0,0,0,0,0,0,0,0,0,0,0,0,0,12594812,0,0,0,0,0,0,0
1789581070.074,0,0,0,0,0,0,0,272111725,2467569556992,814413420544,0,0,0,0,0,0,0,0,0,0,0,0,0,0,0,0,0,0,0,0,0,0,0,0,0,0,0,0,0,0,0,0,0,0,0,0,0,0,0,0,0,0,0,0,0,0,0,0,0,0,0,0,0,0,0,0,0,0,464811,150800113,45605175,0,0,0,0,0,0,0,0,0,0,0,0,0,0,0,0,0,0,0,0,0,0,0,0,0,0,0,0,0,0,0,0,0,0,0,0,0,2145075200,799703040,130925,48810,0,147,131072,150634786,0,0,1376109701,2147483648,116737763,147616148,0,0,0,0,0,0,0,0,0,0,0,0,0,0,0,0,0,0,8754547,8754628,0,97,97,6265,329,17509139,35,0,0,0,0,0,0,0,1,0,0,0,0,0,0,0,0,0,0,9847228,0,14007298,123968,0,0,0,0,0,0,0,0,16384,0,0,0,0,0,0,0,0,0,0,0,5192,343,0,0,0,0,0,26617570,1,9428,27,4632,342,5192,0,0,0,0,1,0,0,0,0,0,0,0,0,0,0,0,0,0,0,0,0,0,0,0,0,0,0,0,0,0,0,0,0,0,0,0,0,0,0,0,0,0,0,0,0,0,0,0,0,0,0,0,0,110249943,0,0,0,130682279,0,0,0,0,0,0,0,79915416,150706300,187263208,57310611968,46255425,0,0,0,0,0,0,0,0,0,0,0,0,0,0,0,0,0,0,0,0,0,0,0,0,0,0,0,0,0,0,0,12595220,0,0,0,0,0,0,0
1789581071.099,0,0,0,0,0,0,0,272123252,2467715882496,814447766528,0,0,0,0,0,0,0,0,0,0,0,0,0,0,0,0,0,0,0,0,0,0,0,0,0,0,0,0,0,0,0,0,0,0,0,0,0,0,0,0,0,0,0,0,0,0,0,0,0,0,0,0,0,0,0,0,0,0,464841,150809050,45607170,0,0,0,0,0,0,0,0,0,0,0,0,0,0,0,0,0,0,0,0,0,0,0,0,0,0,0,0,0,0,0,0,0,0,0,0,0,2145091584,801046528,130926,48892,0,146,131072,150643718,0,0,1376170075,2147483648,116746601,147622233,0,0,0,0,0,0,0,0,0,0,0,0,0,0,0,0,0,0,8754923,8755007,0,97,97,6265,329,17509909,35,0,0,0,0,0,0,0,1,0,0,0,0,0,0,0,0,0,0,9847646,0,14007298,123968,0,0,0,0,0,0,0,0,16384,0,0,0,0,0,0,0,0,0,0,0,5193,343,0,0,0,0,0,26618687,1,9428,27,4632,342,5193,0,0,0,0,1,0,0,0,0,0,0,0,0,0,0,0,0,0,0,0,0,0,0,0,0,0,0,0,0,0,0,0,0,0,0,0,0,0,0,0,0,0,0,0,0,0,0,0,0,0,0,0,0,110251670,0,0,0,130687724,0,0,0,0,0,0,0,79918519,150715239,187268943,57311653376,46256525,0,0,0,0,0,0,0,0,0,0,0,0,0,0,0,0,0,0,0,0,0,0,0,0,0,0,0,0,0,0,0,12595590,0,0,0,0,0,0,0
1789581072.125,0,0,0,0,0,0,0,272134443,2467857833472,814480940032,0,0,0,0,0,0,0,0,0,0,0,0,0,0,0,0,0,0,0,0,0,0,0,0,0,0,0,0,0,0,0,0,0,0,0,0,0,0,0,0,0,0,0,0,0,0,0,0,0,0,0,0,0,0,0,0,0,0,464858,150817728,45609110,0,0,0,0,0,0,0,0,0,0,0,0,0,0,0,0,0,0,0,0,0,0,0,0,0,0,0,0,0,0,0,0,0,0,0,0,0,2144927744,802144256,130916,48959,0,156,131072,150652389,0,0,1376228303,2147483648,116755160,147628057,0,0,0,0,0,0,0,0,0,0,0,0,0,0,0,0,0,0,8755299,8755384,0,97,97,6265,329,17510662,35,0,0,0,0,0,0,0,1,0,0,0,0,0,0,0,0,0,0,9848056,0,14007298,123968,0,0,0,0,0,0,0,0,16384,0,0,0,0,0,0,0,0,0,0,0,5194,344,0,0,0,0,0,26619786,0,12712,37,4632,342,5194,0,0,0,0,0,0,0,0,0,0,0,0,0,0,0,0,0,0,0,0,0,0,0,0,0,0,0,0,0,0,0,0,0,0,0,0,0,0,0,0,0,0,0,0,0,0,0,0,0,0,0,0,0,110253311,0,0,0,130693005,0,0,0,0,0,0,0,79921515,150723919,187274459,57312649728,46257583,0,0,0,0,0,0,0,0,0,0,0,0,0,0,0,0,0,0,0,0,0,0,0,0,0,0,0,0,0,0,0,12595953,0,0,0,0,0,0,0
1789581073.150,0,0,0,0,0,0,0,272146011,2468005977600,814514604544,0,0,0,0,0,0,0,0,0,0,0,0,0,0,0,0,0,0,0,0,0,0,0,0,0,0,0,0,0,0,0,0,0,0,0,0,0,0,0,0,0,0,0,0,0,0,0,0,0,0,0,0,0,0,0,0,0,0,464887,150826786,45611066,0,0,0,0,0,0,0,0,0,0,0,0,0,0,0,0,0,0,0,0,0,0,0,0,0,0,0,0,0,0,0,0,0,0,0,0,0,2145058816,804241408,130924,49087,0,148,131072,150661443,0,0,1376288546,2147483648,116764129,147634141,0,0,0,0,0,0,0,0,0,0,0,0,0,0,0,0,0,0,8755680,8755766,0,97,97,6265,329,17511425,35,0,0,0,0,0,0,0,1,0,0,0,0,0,0,0,0,0,0,9848488,0,14007298,123968,0,0,0,0,0,0,0,0,16384,0,0,0,0,0,0,0,0,0,0,0,5195,344,0,0,0,0,0,26620953,0,12712,37,4632,342,5195,0,0,0,0,0,0,0,0,0,0,0,0,0,0,0,0,0,0,0,0,0,0,0,0,0,0,0,0,0,0,0,0,0,0,0,0,0,0,0,0,0,0,0,0,0,0,0,0,0,0,0,0,0,110255037,0,0,0,130698428,0,0,0,0,0,0,0,79924585,150732968,187280100,57313699328,46258693,0,0,0,0,0,0,0,0,0,0,0,0,0,0,0,0,0,0,0,0,0,0,0,0,0,0,0,0,0,0,0,12596337,0,0,0,0,0,0,0
1789581074.177,0,0,0,0,0,0,0,272156954,2468147011072,814545788928,0,0,0,0,0,0,0,0,0,0,0,0,0,0,0,0,0,0,0,0,0,0,0,0,0,0,0,0,0,0,0,0,0,0,0,0,0,0,0,0,0,0,0,0,0,0,0,0,0,0,0,0,0,0,0,0,0,0,464913,150835408,45612884,0,0,0,0,0,0,0,0,0,0,0,0,0,0,0,0,0,0,0,0,0,0,0,0,0,0,0,0,0,0,0,0,0,0,0,0,0,2145091584,806830080,130926,49245,0,146,131072,150670059,0,0,1376345779,2147483648,116772646,147639999,0,0,0,0,0,0,0,0,0,0,0,0,0,0,0,0,0,0,8756052,8756141,0,97,97,6265,329,17512152,35,0,0,0,0,0,0,0,1,0,0,0,0,0,0,0,0,0,0,9848908,0,14007298,123968,0,0,0,0,0,0,0,0,16384,0,0,0,0,0,0,0,0,0,0,0,5196,344,0,0,0,0,0,26622092,0,12712,37,4632,342,5196,0,0,0,0,0,0,0,0,0,0,0,0,0,0,0,0,0,0,0,0,0,0,0,0,0,0,0,0,0,0,0,0,0,0,0,0,0,0,0,0,0,0,0,0,0,0,0,0,0,0,0,0,0,110256755,0,0,0,130703635,0,0,0,0,0,0,0,79927507,150741580,187285447,57314727424,46259800,0,0,0,0,0,0,0,0,0,0,0,0,0,0,0,0,0,0,0,0,0,0,0,0,0,0,0,0,0,0,0,12596710,0,0,0,0,0,0,0
1789581075.203,0,0,0,0,0,0,0,272167212,2468276952576,814576539136,0,0,0,0,0,0,0,0,0,0,0,0,0,0,0,0,0,0,0,0,0,0,0,0,0,0,0,0,0,0,0,0,0,0,0,0,0,0,0,0,0,0,0,0,0,0,0,0,0,0,0,0,0,0,0,0,0,0,464925,150843349,45614686,0,0,0,0,0,0,0,0,0,0,0,0,0,0,0,0,0,0,0,0,0,0,0,0,0,0,0,0,0,0,0,0,0,0,0,0,0,2145304576,805306368,130939,49152,0,133,131072,150677995,0,0,1376399594,2147483648,116780461,147645070,0,0,0,0,0,0,0,0,0,0,0,0,0,0,0,0,0,0,8756376,8756461,0,97,97,6265,329,17512799,35,0,0,0,0,0,0,0,1,0,0,0,0,0,0,0,0,0,0,9849271,0,14007298,123968,0,0,0,0,0,0,0,0,16384,0,0,0,0,0,0,0,0,0,0,0,5197,344,0,0,0,0,0,26623072,0,12712,37,4632,342,5197,0,0,0,0,0,0,0,0,0,0,0,0,0,0,0,0,0,0,0,0,0,0,0,0,0,0,0,0,0,0,0,0,0,0,0,0,0,0,0,0,0,0,0,0,0,0,0,0,0,0,0,0,0,110258327,0,0,0,130708232,0,0,0,0,0,0,0,79930329,150749517,187290611,57315648000,46260827,0,0,0,0,0,0,0,0,0,0,0,0,0,0,0,0,0,0,0,0,0,0,0,0,0,0,0,0,0,0,0,12597034,0,0,0,0,0,0,0
1789581076.229,0,0,0,0,0,0,0,272178513,2468421852672,814609817088,0,0,0,0,0,0,0,0,0,0,0,0,0,0,0,0,0,0,0,0,0,0,0,0,0,0,0,0,0,0,0,0,0,0,0,0,0,0,0,0,0,0,0,0,0,0,0,0,0,0,0,0,0,0,0,0,0,0,464953,150852207,45616634,0,0,0,0,0,0,0,0,0,0,0,0,0,0,0,0,0,0,0,0,0,0,0,0,0,0,0,0,0,0,0,0,0,0,0,0,0,2145386496,806322176,130944,49214,0,128,131072,150686849,0,0,1376459040,2147483648,116789212,147650886,0,0,0,0,0,0,0,0,0,0,0,0,0,0,0,0,0,0,8756743,8756828,0,97,97,6265,329,17513537,35,0,0,0,0,0,0,0,1,0,0,0,0,0,0,0,0,0,0,9849670,0,14007298,123968,0,0,0,0,0,0,0,0,16384,0,0,0,0,0,0,0,0,0,0,0,5198,344,0,0,0,0,0,26624140,0,12712,37,4632,342,5198,0,0,0,0,0,0,0,0,0,0,0,0,0,0,0,0,0,0,0,0,0,0,0,0,0,0,0,0,0,0,0,0,0,0,0,0,0,0,0,0,0,0,0,0,0,0,0,0,0,0,0,0,0,110260037,0,0,0,130713455,0,0,0,0,0,0,0,79933353,150758375,187296207,57316669440,46261910,0,0,0,0,0,0,0,0,0,0,0,0,0,0,0,0,0,0,0,0,0,0,0,0,0,0,0,0,0,0,0,12597387,0,0,0,0,0,0,0
1789581077.254,0,0,0,0,0,0,0,272190466,2468573732352,814645370880,0,0,0,0,0,0,0,0,0,0,0,0,0,0,0,0,0,0,0,0,0,0,0,0,0,0,0,0,0,0,0,0,0,0,0,0,0,0,0,0,0,0,0,0,0,0,0,0,0,0,0,0,0,0,0,0,0,0,464981,150861489,45618710,0,0,0,0,0,0,0,0,0,0,0,0,0,0,0,0,0,0,0,0,0,0,0,0,0,0,0,0,0,0,0,0,0,0,0,0,0,2145665024,806551552,130961,49228,0,111,131072,150696128,0,0,1376521459,2147483648,116798397,147657112,0,0,0,0,0,0,0,0,0,0,0,0,0,0,0,0,0,0,8757144,8757233,0,97,97,6265,329,17514316,35,0,0,0,0,0,0,0,1,0,0,0,0,0,0,0,0,0,0,9850116,0,14007298,123968,0,0,0,0,0,0,0,0,16384,0,0,0,0,0,0,0,0,0,0,0,5199,344,0,0,0,0,0,26625359,0,12712,37,4632,342,5199,0,0,0,0,0,0,0,0,0,0,0,0,0,0,0,0,0,0,0,0,0,0,0,0,0,0,0,0,0,0,0,0,0,0,0,0,0,0,0,0,0,0,0,0,0,0,0,0,0,0,0,0,0,110261830,0,0,0,130719017,0,0,0,0,0,0,0,79936575,150767650,187302146,57317745664,46263057,0,0,0,0,0,0,0,0,0,0,0,0,0,0,0,0,0,0,0,0,0,0,0,0,0,0,0,0,0,0,0,12597783,0,0,0,0,0,0,0
1789581078.280,0,0,0,0,0,0,0,272203714,2468742356480,814685066752,0,0,0,0,0,0,0,0,0,0,0,0,0,0,0,0,0,0,0,0,0,0,0,0,0,0,0,0,0,0,0,0,0,0,0,0,0,0,0,0,0,0,0,0,0,0,0,0,0,0,0,0,0,0,0,0,0,0,465025,150871791,45621038,0,0,0,0,0,0,0,0,0,0,0,0,0,0,0,0,0,0,0,0,0,0,0,0,0,0,0,0,0,0,0,0,0,0,0,0,0,2145894400,808419328,130975,49342,0,98,131072,150706423,0,0,1376590880,2147483648,116808564,147664245,0,0,0,0,0,0,0,0,0,0,0,0,0,0,0,0,0,0,8757590,8757678,0,97,97,6265,329,17515219,35,0,0,0,0,0,0,0,1,0,0,0,0,0,0,0,0,0,0,9850586,0,14007298,123968,0,0,0,0,0,0,0,0,16384,0,0,0,0,0,0,0,0,0,0,0,5200,344,0,0,0,0,0,26626617,0,12712,37,4632,342,5200,0,0,0,0,0,0,0,0,0,0,0,0,0,0,0,0,0,0,0,0,0,0,0,0,0,0,0,0,0,0,0,0,0,0,0,0,0,0,0,0,0,0,0,0,0,0,0,0,0,0,0,0,0,110263707,0,0,0,130725359,0,0,0,0,0,0,0,79940076,150777955,187308663,57318913536,46264240,0,0,0,0,0,0,0,0,0,0,0,0,0,0,0,0,0,0,0,0,0,0,0,0,0,0,0,0,0,0,0,12598197,0,0,0,0,0,0,0
1789581079.306,0,0,0,0,0,0,0,272217144,2468911717888,814724175360,0,0,0,0,0,0,0,0,0,0,0,0,0,0,0,0,0,0,0,0,0,0,0,0,0,0,0,0,0,0,0,0,0,0,0,0,0,0,0,0,0,0,0,0,0,0,0,0,0,0,0,0,0,0,0,0,0,0,465073,150882146,45623310,0,0,0,0,0,0,0,0,0,0,0,0,0,0,0,0,0,0,0,0,0,0,0,0,0,0,0,0,0,0,0,0,0,0,0,0,0,2145468416,812400640,130949,49585,0,123,131072,150716772,0,0,1376660646,2147483648,116818834,147671745,0,0,0,0,0,0,0,0,0,0,0,0,0,0,0,0,0,0,8758052,8758135,0,97,97,6265,329,17516144,35,0,0,0,0,0,0,0,1,0,0,0,0,0,0,0,0,0,0,9851108,0,14007298,123968,0,0,0,0,0,0,0,0,16384,0,0,0,0,0,0,0,0,0,0,0,5201,344,0,0,0,0,0,26628032,0,12712,37,4632,342,5201,0,0,0,0,0,0,0,0,0,0,0,0,0,0,0,0,0,0,0,0,0,0,0,0,0,0,0,0,0,0,0,0,0,0,0,0,0,0,0,0,0,0,0,0,0,0,0,0,0,0,0,0,0,110265609,0,0,0,130731939,0,0,0,0,0,0,0,79943569,150788298,187315122,57320115200,46265455,0,0,0,0,0,0,0,0,0,0,0,0,0,0,0,0,0,0,0,0,0,0,0,0,0,0,0,0,0,0,0,12598662,0,0,0,0,0,0,0
1789581080.333,0,0,0,0,0,0,0,272228117,2469052947968,814757044224,0,0,0,0,0,0,0,0,0,0,0,0,0,0,0,0,0,0,0,0,0,0,0,0,0,0,0,0,0,0,0,0,0,0,0,0,0,0,0,0,0,0,0,0,0,0,0,0,0,0,0,0,0,0,0,0,0,0,465093,150890767,45625216,0,0,0,0,0,0,0,0,0,0,0,0,0,0,0,0,0,0,0,0,0,0,0,0,0,0,0,0,0,0,0,0,0,0,0,0,0,2144714752,811761664,130903,49546,0,169,131072,150725393,0,0,1376717039,2147483648,116827274,147677483,0,0,0,0,0,0,0,0,0,0,0,0,0,0,0,0,0,0,8758396,8758483,0,97,97,6265,329,17516845,35,0,0,0,0,0,0,0,1,0,0,0,0,0,0,0,0,0,0,9851574,0,14007426,123969,0,0,0,0,0,0,0,0,16384,0,0,0,0,0,0,0,0,0,0,0,5202,344,0,0,0,0,0,26629318,0,12712,37,4632,342,5202,0,0,0,0,0,0,0,0,0,0,0,0,0,0,0,0,0,0,0,0,0,0,0,0,0,0,0,0,0,0,0,0,0,0,0,0,0,0,0,0,0,0,0,0,0,0,0,0,0,0,0,0,0,110267298,0,0,0,130736926,0,0,0,0,0,0,0,79946456,150796925,187320524,57321114624,46266550,0,0,0,0,0,0,0,0,0,0,0,0,0,0,0,0,0,0,0,0,0,0,0,0,0,0,0,0,0,0,0,12599084,0,0,0,0,0,0,0
1789581081.360,0,0,0,0,0,0,0,272240009,2469204205056,814792278528,0,0,0,0,0,0,0,0,0,0,0,0,0,0,0,0,0,0,0,0,0,0,0,0,0,0,0,0,0,0,0,0,0,0,0,0,0,0,0,0,0,0,0,0,0,0,0,0,0,0,0,0,0,0,0,0,0,0,465112,150900022,45627266,0,0,0,0,0,0,0,0,0,0,0,0,0,0,0,0,0,0,0,0,0,0,0,0,0,0,0,0,0,0,0,0,0,0,0,0,0,2145370112,810532864,130943,49471,0,129,131072,150734643,0,0,1376779934,2147483648,116836370,147683389,0,0,0,0,0,0,0,0,0,0,0,0,0,0,0,0,0,0,8758776,8758858,0,97,97,6265,329,17517605,35,0,0,0,0,0,0,0,1,0,0,0,0,0,0,0,0,0,0,9851985,0,14007426,123969,0,0,0,0,0,0,0,0,16384,0,0,0,0,0,0,0,0,0,0,0,5203,344,0,0,0,0,0,26630433,0,12712,37,4632,342,5203,0,0,0,0,0,0,0,0,0,0,0,0,0,0,0,0,0,0,0,0,0,0,0,0,0,0,0,0,0,0,0,0,0,0,0,0,0,0,0,0,0,0,0,0,0,0,0,0,0,0,0,0,0,110268969,0,0,0,130742273,0,0,0,0,0,0,0,79949590,150806162,187326316,57322127360,46267623,1,0,0,0,0,0,0,0,0,0,0,0,0,0,0,0,0,0,0,0,0,0,0,0,0,0,0,0,0,0,0,12599448,0,0,0,0,0,0,0
1789581082.385,0,0,0,0,0,0,0,272252313,2469361163776,814827857920,0,0,0,0,0,0,0,0,0,0,0,0,0,0,0,0,0,0,0,0,0,0,0,0,0,0,0,0,0,0,0,0,0,0,0,0,0,0,0,0,0,0,0,0,0,0,0,0,0,0,0,0,0,0,0,0,0,0,465138,150909616,45629362,0,0,0,0,0,0,0,0,0,0,0,0,0,0,0,0,0,0,0,0,0,0,0,0,0,0,0,0,0,0,0,0,0,0,0,0,0,2145042432,811417600,130924,49525,0,148,131072,150744231,0,0,1376845036,2147483648,116845865,147689842,0,0,0,0,0,0,0,0,0,0,0,0,0,0,0,0,0,0,8759191,8759279,0,97,97,6265,329,17518433,35,0,0,0,0,0,0,0,1,0,0,0,0,0,0,0,0,0,0,9852450,0,14007426,123969,0,0,0,0,0,0,0,0,16384,0,0,0,0,0,0,0,0,0,0,0,5204,344,0,0,0,0,0,26631692,0,12712,37,4632,342,5204,0,0,0,0,0,0,0,0,0,0,0,0,0,0,0,0,0,0,0,0,0,0,0,0,0,0,0,0,0,0,0,0,0,0,0,0,0,0,0,0,0,0,0,0,0,0,0,0,0,0,0,0,0,110270753,0,0,0,130748064,0,0,0,0,0,0,0,79952802,150815752,187332246,57323225600,46268761,0,0,0,0,0,0,0,0,0,0,0,0,0,0,0,0,0,0,0,0,0,0,0,0,0,0,0,0,0,0,0,12599861,0,0,0,0,0,0,0
1789581083.411,0,0,0,0,0,0,0,272264777,2469519498752,814865106944,0,0,0,0,0,0,0,0,0,0,0,0,0,0,0,0,0,0,0,0,0,0,0,0,0,0,0,0,0,0,0,0,0,0,0,0,0,0,0,0,0,0,0,0,0,0,0,0,0,0,0,0,0,0,0,0,0,0,465178,150919299,45631531,0,0,0,0,0,0,0,0,0,0,0,0,0,0,0,0,0,0,0,0,0,0,0,0,0,0,0,0,0,0,0,0,0,0,0,0,0,2145435648,812843008,130947,49612,0,125,131072,150753911,0,0,1376911757,2147483648,116855416,147696470,0,0,0,0,0,0,0,0,0,0,0,0,0,0,0,0,0,0,8759617,8759700,0,97,97,6265,329,17519273,35,0,0,0,0,0,0,0,1,0,0,0,0,0,0,0,0,0,0,9852895,0,14007426,123969,0,0,0,0,0,0,0,0,16384,0,0,0,0,0,0,0,0,0,0,0,5205,344,0,0,0,0,0,26632879,0,12712,37,4632,342,5205,0,0,0,0,0,0,0,0,0,0,0,0,0,0,0,0,0,0,0,0,0,0,0,0,0,0,0,0,0,0,0,0,0,0,0,0,0,0,0,0,0,0,0,0,0,0,0,0,0,0,0,0,0,110272563,0,0,0,130753969,0,0,0,0,0,0,0,79956128,150825430,187338401,57324337664,46269913,0,0,0,0,0,0,0,0,0,0,0,0,0,0,0,0,0,0,0,0,0,0,0,0,0,0,0,0,0,0,0,12600253,0,0,0,0,0,0,0
1789581084.437,0,0,0,0,0,0,0,272276736,2469671017984,814902263808,0,0,0,0,0,0,0,0,0,0,0,0,0,0,0,0,0,0,0,0,0,0,0,0,0,0,0,0,0,0,0,0,0,0,0,0,0,0,0,0,0,0,0,0,0,0,0,0,0,0,0,0,0,0,0,0,0,0,465211,150928572,45633712,0,0,0,0,0,0,0,0,0,0,0,0,0,0,0,0,0,0,0,0,0,0,0,0,0,0,0,0,0,0,0,0,0,0,0,0,0,2145386496,812580864,130944,49596,0,128,131072,150763178,0,0,1376973815,2147483648,116864596,147702901,0,0,0,0,0,0,0,0,0,0,0,0,0,0,0,0,0,0,8760018,8760105,0,97,97,6265,329,17520077,35,0,0,0,0,0,0,0,1,0,0,0,0,0,0,0,0,0,0,9853343,0,14007426,123969,0,0,0,0,0,0,0,0,16384,0,0,0,0,0,0,0,0,0,0,0,5206,344,0,0,0,0,0,26634086,0,12712,37,4632,342,5206,0,0,0,0,0,0,0,0,0,0,0,0,0,0,0,0,0,0,0,0,0,0,0,0,0,0,0,0,0,0,0,0,0,0,0,0,0,0,0,0,0,0,0,0,0,0,0,0,0,0,0,0,0,110274322,0,0,0,130759677,0,0,0,0,0,0,0,79959423,150834700,187344500,57325427712,46271039,0,0,0,0,0,0,0,0,0,0,0,0,0,0,0,0,0,0,0,0,0,0,0,0,0,0,0,0,0,0,0,12600651,0,0,0,0,0,0,0
1789581085.463,0,0,0,0,0,0,0,272289414,2469832695296,814959319040,0,0,0,0,0,0,0,0,0,0,0,0,0,0,0,0,0,0,0,0,0,0,0,0,0,0,0,0,0,0,0,0,0,0,0,0,0,0,0,0,0,0,0,0,0,0,0,0,0,0,0,0,0,0,0,0,0,0,465240,150938454,45637094,0,0,0,0,0,0,0,0,0,0,0,0,0,0,0,0,0,0,0,0,0,0,0,0,0,0,0,0,0,0,0,0,0,0,0,0,0,2145091584,795099136,130926,48529,0,146,131072,150773049,0,0,1377040231,2147483648,116873924,147709668,0,0,0,0,0,0,0,0,0,0,0,0,0,0,0,0,0,0,8760433,8760520,0,97,97,6265,329,17520930,35,0,0,0,0,0,0,0,1,0,0,0,0,0,0,0,0,0,0,9853829,0,14008846,123981,0,0,0,0,0,0,0,0,16384,0,0,0,0,0,0,0,0,0,0,0,5207,344,0,0,0,0,0,26635395,0,12712,37,4632,342,5207,0,0,0,0,0,0,0,0,0,0,0,0,0,0,0,0,0,0,0,0,0,0,0,0,0,0,0,0,0,0,0,0,0,0,0,0,0,0,0,0,0,0,0,0,0,0,0,0,0,0,0,0,0,110276170,0,0,0,130765728,0,0,0,0,0,0,0,79962766,150844584,187351705,57326555648,46272199,1,0,0,0,0,0,0,0,0,0,0,0,0,0,0,0,0,0,0,0,0,0,0,0,0,0,0,0,0,0,0,12601083,0,0,0,0,0,0,0
1789581086.488,0,0,0,0,0,0,0,272299919,2469966978560,814989538304,0,0,0,0,0,0,0,0,0,0,0,0,0,0,0,0,0,0,0,0,0,0,0,0,0,0,0,0,0,0,0,0,0,0,0,0,0,0,0,0,0,0,0,0,0,0,0,0,0,0,0,0,0,0,0,0,0,0,465265,150946668,45638849,0,0,0,0,0,0,0,0,0,0,0,0,0,0,0,0,0,0,0,0,0,0,0,0,0,0,0,0,0,0,0,0,0,0,0,0,0,2144813056,796278784,130909,48601,0,163,131072,150781261,0,0,1377094743,2147483648,116882063,147715080,0,0,0,0,0,0,0,0,0,0,0,0,0,0,0,0,0,0,8760761,8760846,0,97,97,6265,329,17521607,35,0,0,0,0,0,0,0,1,0,0,0,0,0,0,0,0,0,0,9854225,0,14008846,123981,0,0,0,0,0,0,0,0,16384,0,0,0,0,0,0,0,0,0,0,0,5208,344,0,0,0,0,0,26636482,0,12712,37,4632,342,5208,0,0,0,0,0,0,0,0,0,0,0,0,0,0,0,0,0,0,0,0,0,0,0,0,0,0,0,0,0,0,0,0,0,0,0,0,0,0,0,0,0,0,0,0,0,0,0,0,0,0,0,0,0,110277748,0,0,0,130770489,0,0,0,0,0,0,0,79965548,150852790,187356810,57327500288,46273218,0,0,0,0,0,0,0,0,0,0,0,0,0,0,0,0,0,0,0,0,0,0,0,0,0,0,0,0,0,0,0,12601439,0,0,0,0,0,0,0
1789581087.514,0,0,0,0,0,0,0,272310437,2470100606464,815019602944,0,0,0,0,0,0,0,0,0,0,0,0,0,0,0,0,0,0,0,0,0,0,0,0,0,0,0,0,0,0,0,0,0,0,0,0,0,0,0,0,0,0,0,0,0,0,0,0,0,0,0,0,0,0,0,0,0,0,465286,150954834,45640588,0,0,0,0,0,0,0,0,0,0,0,0,0,0,0,0,0,0,0,0,0,0,0,0,0,0,0,0,0,0,0,0,0,0,0,0,0,2144927744,799244288,130916,48782,1,156,131072,150789418,0,0,1377149268,2147483648,116890120,147720663,0,0,0,0,0,0,0,0,0,0,0,0,0,0,0,0,0,0,8761125,8761208,0,97,97,6265,329,17522304,35,0,0,0,0,0,0,0,1,0,0,0,0,0,0,0,0,0,0,9854623,0,14008846,123981,0,0,0,0,0,0,0,0,16384,0,0,0,0,0,0,0,0,0,0,0,5209,344,0,0,0,0,0,26637547,0,12712,37,4632,342,5209,0,0,0,0,0,0,0,0,0,0,0,0,0,0,0,0,0,0,0,0,0,0,0,0,0,0,0,0,0,0,0,0,0,0,0,0,0,0,0,0,0,0,0,0,0,0,0,0,0,0,0,0,0,110279368,0,0,0,130775486,0,0,0,0,0,0,0,79968344,150860955,187361925,57328474624,46274265,0,0,0,0,0,0,0,0,0,0,0,0,0,0,0,0,0,0,0,0,0,0,0,0,0,0,0,0,0,0,0,12601790,0,0,0,0,0,0,0
1789581088.540,0,0,0,0,0,0,0,272320731,2470231580160,815050133504,0,0,0,0,0,0,0,0,0,0,0,0,0,0,0,0,0,0,0,0,0,0,0,0,0,0,0,0,0,0,0,0,0,0,0,0,0,0,0,0,0,0,0,0,0,0,0,0,0,0,0,0,0,0,0,0,0,0,465306,150962837,45642368,0,0,0,0,0,0,0,0,0,0,0,0,0,0,0,0,0,0,0,0,0,0,0,0,0,0,0,0,0,0,0,0,0,0,0,0,0,2144927744,801062912,130916,48893,0,156,131072,150797415,0,0,1377202940,2147483648,116898029,147726202,0,0,0,0,0,0,0,0,0,0,0,0,0,0,0,0,0,0,8761471,8761554,0,97,97,6265,329,17523014,35,0,0,0,0,0,0,0,1,0,0,0,0,0,0,0,0,0,0,9855008,0,14008846,123981,0,0,0,0,0,0,0,0,16384,0,0,0,0,0,0,0,0,0,0,0,5210,344,0,0,0,0,0,26638586,0,12712,37,4632,342,5210,0,0,0,0,0,0,0,0,0,0,0,0,0,0,0,0,0,0,0,0,0,0,0,0,0,0,0,0,0,0,0,0,0,0,0,0,0,0,0,0,0,0,0,0,0,0,0,0,0,0,0,0,0,110280994,0,0,0,130780451,0,0,0,0,0,0,0,79971186,150868956,187367110,57329450496,46275328,1,0,0,0,0,0,0,0,0,0,0,0,0,0,0,0,0,0,0,0,0,0,0,0,0,0,0,0,0,0,0,12602133,0,0,0,0,0,0,0
1789581089.566,0,0,0,0,0,0,0,272330844,2470360243712,815080502272,0,0,0,0,0,0,0,0,0,0,0,0,0,0,0,0,0,0,0,0,0,0,0,0,0,0,0,0,0,0,0,0,0,0,0,0,0,0,0,0,0,0,0,0,0,0,0,0,0,0,0,0,0,0,0,0,0,0,465327,150970709,45644130,0,0,0,0,0,0,0,0,0,0,0,0,0,0,0,0,0,0,0,0,0,0,0,0,0,0,0,0,0,0,0,0,0,0,0,0,0,2144600064,801865728,130896,48942,0,176,131072,150805280,0,0,1377255562,2147483648,116905814,147731625,0,0,0,0,0,0,0,0,0,0,0,0,0,0,0,0,0,0,8761809,8761893,0,97,97,6265,329,17523693,35,0,0,0,0,0,0,0,1,0,0,0,0,0,0,0,0,0,0,9855405,0,14008846,123981,0,0,0,0,0,0,0,0,16384,0,0,0,0,0,0,0,0,0,0,0,5211,344,0,0,0,0,0,26639668,0,12712,37,4632,342,5211,0,0,0,0,0,0,0,0,0,0,0,0,0,0,0,0,0,0,0,0,0,0,0,0,0,0,0,0,0,0,0,0,0,0,0,0,0,0,0,0,0,0,0,0,0,0,0,0,0,0,0,0,0,110282627,0,0,0,130785282,0,0,0,0,0,0,0,79974022,150876821,187372277,57330419712,46276396,0,0,0,0,0,0,0,0,0,0,0,0,0,0,0,0,0,0,0,0,0,0,0,0,0,0,0,0,0,0,0,12602488,0,0,0,0,0,0,0
1789581090.592,0,0,0,0,0,0,0,272339251,2470466362880,815105475072,0,0,0,0,0,0,0,0,0,0,0,0,0,0,0,0,0,0,0,0,0,0,0,0,0,0,0,0,0,0,0,0,0,0,0,0,0,0,0,0,0,0,0,0,0,0,0,0,0,0,0,0,0,0,0,0,0,0,465340,150977193,45645566,0,0,0,0,0,0,0,0,0,0,0,0,0,0,0,0,0,0,0,0,0,0,0,0,0,0,0,0,0,0,0,0,0,0,0,0,0,2144043008,803749888,130862,49057,0,210,131072,150811759,0,0,1377298569,2147483648,116912283,147736260,0,0,0,0,0,0,0,0,0,0,0,0,0,0,0,0,0,0,8762091,8762172,0,97,97,6265,329,17524273,35,0,0,0,0,0,0,0,1,0,0,0,0,0,0,0,0,0,0,9855765,0,14008846,123981,0,0,0,0,0,0,0,0,16384,0,0,0,0,0,0,0,0,0,0,0,5212,344,0,0,0,0,0,26640655,0,12712,37,4632,342,5212,0,0,0,0,0,0,0,0,0,0,0,0,0,0,0,0,0,0,0,0,0,0,0,0,0,0,0,0,0,0,0,0,0,0,0,0,0,0,0,0,0,0,0,0,0,0,0,0,0,0,0,0,0,110284049,0,0,0,130789361,0,0,0,0,0,0,0,79976420,150883304,187376602,57331258880,46277342,0,0,0,0,0,0,0,0,0,0,0,0,0,0,0,0,0,0,0,0,0,0,0,0,0,0,0,0,0,0,0,12602812,0,0,0,0,0,0,0
1789581091.619,0,0,0,0,0,0,0,272346838,2470561668608,815127468544,0,0,0,0,0,0,0,0,0,0,0,0,0,0,0,0,0,0,0,0,0,0,0,0,0,0,0,0,0,0,0,0,0,0,0,0,0,0,0,0,0,0,0,0,0,0,0,0,0,0,0,0,0,0,0,0,0,0,465352,150983015,45646863,0,0,0,0,0,0,0,0,0,0,0,0,0,0,0,0,0,0,0,0,0,0,0,0,0,0,0,0,0,0,0,0,0,0,0,0,0,2143387648,803520512,130822,49043,0,250,131072,150817576,0,0,1377338269,2147483648,116918093,147740120,0,0,0,0,0,0,0,0,0,0,0,0,0,0,0,0,0,0,8762330,8762397,0,97,97,6265,329,17524766,35,0,0,0,0,0,0,0,1,0,0,0,0,0,0,0,0,0,0,9856039,0,14008846,123981,0,0,0,0,0,0,0,0,16384,0,0,0,0,0,0,0,0,0,0,0,5213,344,0,0,0,0,0,26641397,0,12712,37,4632,342,5213,0,0,0,0,0,0,0,0,0,0,0,0,0,0,0,0,0,0,0,0,0,0,0,0,0,0,0,0,0,0,0,0,0,0,0,0,0,0,0,0,0,0,0,0,0,0,0,0,0,0,0,0,0,110285321,0,0,0,130792817,0,0,0,0,0,0,0,79978528,150889125,187380434,57331992576,46278169,0,0,0,0,0,0,0,0,0,0,0,0,0,0,0,0,0,0,0,0,0,0,0,0,0,0,0,0,0,0,0,12603056,0,0,0,0,0,0,0
1789581092.645,0,0,0,0,0,0,0,272353931,2470652386816,815148753408,0,0,0,0,0,0,0,0,0,0,0,0,0,0,0,0,0,0,0,0,0,0,0,0,0,0,0,0,0,0,0,0,0,0,0,0,0,0,0,0,0,0,0,0,0,0,0,0,0,0,0,0,0,0,0,0,0,0,465362,150988559,45648110,0,0,0,0,0,0,0,0,0,0,0,0,0,0,0,0,0,0,0,0,0,0,0,0,0,0,0,0,0,0,0,0,0,0,0,0,0,2143420416,804175872,130824,49083,0,248,131072,150823118,0,0,1377375062,2147483648,116923578,147743933,0,0,0,0,0,0,0,0,0,0,0,0,0,0,0,0,0,0,8762574,8762648,0,97,97,6265,329,17525241,35,0,0,0,0,0,0,0,1,0,0,0,0,0,0,0,0,0,0,9856312,0,14008846,123981,0,0,0,0,0,0,0,0,16384,0,0,0,0,0,0,0,0,0,0,0,5214,344,0,0,0,0,0,26642134,0,12712,37,4632,342,5214,0,0,0,0,0,0,0,0,0,0,0,0,0,0,0,0,0,0,0,0,0,0,0,0,0,0,0,0,0,0,0,0,0,0,0,0,0,0,0,0,0,0,0,0,0,0,0,0,0,0,0,0,0,110286617,0,0,0,130796223,0,0,0,0,0,0,0,79980623,150894667,187384201,57332729856,46279028,0,0,0,0,0,0,0,0,0,0,0,0,0,0,0,0,0,0,0,0,0,0,0,0,0,0,0,0,0,0,0,12603299,0,0,0,0,0,0,0
1789581093.671,0,0,0,0,0,0,0,272360887,2470741073408,815167820800,0,0,0,0,0,0,0,0,0,0,0,0,0,0,0,0,0,0,0,0,0,0,0,0,0,0,0,0,0,0,0,0,0,0,0,0,0,0,0,0,0,0,0,0,0,0,0,0,0,0,0,0,0,0,0,0,0,0,465369,150993983,45649195,0,0,0,0,0,0,0,0,0,0,0,0,0,0,0,0,0,0,0,0,0,0,0,0,0,0,0,0,0,0,0,0,0,0,0,0,0,2143535104,805224448,130831,49147,0,241,131072,150828539,0,0,1377411285,2147483648,116928936,147747437,0,0,0,0,0,0,0,0,0,0,0,0,0,0,0,0,0,0,8762796,8762878,0,97,97,6265,329,17525667,35,0,0,0,0,0,0,0,1,0,0,0,0,0,0,0,0,0,0,9856580,0,14008846,123981,0,0,0,0,0,0,0,0,16384,0,0,0,0,0,0,0,0,0,0,0,5215,344,0,0,0,0,0,26642866,0,12712,37,4632,342,5215,0,0,0,0,0,0,0,0,0,0,0,0,0,0,0,0,0,0,0,0,0,0,0,0,0,0,0,0,0,0,0,0,0,0,0,0,0,0,0,0,0,0,0,0,0,0,0,0,0,0,0,0,0,110287833,0,0,0,130799337,0,0,0,0,0,0,0,79982542,150900084,187387629,57333412352,46279841,0,0,0,0,0,0,0,0,0,0,0,0,0,0,0,0,0,0,0,0,0,0,0,0,0,0,0,0,0,0,0,12603540,0,0,0,0,0,0,0
1789581094.696,0,0,0,0,0,0,0,272367859,2470829137408,815189566464,0,0,0,0,0,0,0,0,0,0,0,0,0,0,0,0,0,0,0,0,0,0,0,0,0,0,0,0,0,0,0,0,0,0,0,0,0,0,0,0,0,0,0,0,0,0,0,0,0,0,0,0,0,0,0,0,0,0,465377,150999360,45650479,0,0,0,0,0,0,0,0,0,0,0,0,0,0,0,0,0,0,0,0,0,0,0,0,0,0,0,0,0,0,0,0,0,0,0,0,0,2143289344,805502976,130816,49164,0,256,131072,150833915,0,0,1377447787,2147483648,116934289,147751197,0,0,0,0,0,0,0,0,0,0,0,0,0,0,0,0,0,0,8763031,8763097,0,97,97,6265,329,17526175,35,0,0,0,0,0,0,0,1,0,0,0,0,0,0,0,0,0,0,9856835,0,14008846,123981,0,0,0,0,0,0,0,0,16384,0,0,0,0,0,0,0,0,0,0,0,5216,344,0,0,0,0,0,26643551,0,12712,37,4632,342,5216,0,0,0,0,0,0,0,0,0,0,0,0,0,0,0,0,0,0,0,0,0,0,0,0,0,0,0,0,0,0,0,0,0,0,0,0,0,0,0,0,0,0,0,0,0,0,0,0,0,0,0,0,0,110289089,0,0,0,130802745,0,0,0,0,0,0,0,79984635,150905466,187391415,57334127616,46280668,0,0,0,0,0,0,0,0,0,0,0,0,0,0,0,0,0,0,0,0,0,0,0,0,0,0,0,0,0,0,0,12603765,0,0,0,0,0,0,0
1789581095.723,0,0,0,0,0,0,0,272374894,2470918348288,815210678784,0,0,0,0,0,0,0,0,0,0,0,0,0,0,0,0,0,0,0,0,0,0,0,0,0,0,0,0,0,0,0,0,0,0,0,0,0,0,0,0,0,0,0,0,0,0,0,0,0,0,0,0,0,0,0,0,0,0,465383,151004814,45651681,0,0,0,0,0,0,0,0,0,0,0,0,0,0,0,0,0,0,0,0,0,0,0,0,0,0,0,0,0,0,0,0,0,0,0,0,0,2143485952,806076416,130828,49199,0,244,131072,150839365,0,0,1377484276,2147483648,116939681,147754995,0,0,0,0,0,0,0,0,0,0,0,0,0,0,0,0,0,0,8763280,8763355,0,97,97,6265,329,17526631,35,0,0,0,0,0,0,0,1,0,0,0,0,0,0,0,0,0,0,9857118,0,14008846,123981,0,0,0,0,0,0,0,0,16384,0,0,0,0,0,0,0,0,0,0,0,5217,344,0,0,0,0,0,26644318,0,12712,37,4632,342,5217,0,0,0,0,0,0,0,0,0,0,0,0,0,0,0,0,0,0,0,0,0,0,0,0,0,0,0,0,0,0,0,0,0,0,0,0,0,0,0,0,0,0,0,0,0,0,0,0,0,0,0,0,0,110290371,0,0,0,130806130,0,0,0,0,0,0,0,79986719,150910913,187395164,57334859776,46281526,0,0,0,0,0,0,0,0,0,0,0,0,0,0,0,0,0,0,0,0,0,0,0,0,0,0,0,0,0,0,0,12604017,0,0,0,0,0,0,0
1789581096.749,0,0,0,0,0,0,0,272381765,2471005822464,815231079424,0,0,0,0,0,0,0,0,0,0,0,0,0,0,0,0,0,0,0,0,0,0,0,0,0,0,0,0,0,0,0,0,0,0,0,0,0,0,0,0,0,0,0,0,0,0,0,0,0,0,0,0,0,0,0,0,0,0,465392,151010159,45652880,0,0,0,0,0,0,0,0,0,0,0,0,0,0,0,0,0,0,0,0,0,0,0,0,0,0,0,0,0,0,0,0,0,0,0,0,0,2143485952,805879808,130828,49187,0,244,131072,150844707,0,0,1377520134,2147483648,116944982,147758459,0,0,0,0,0,0,0,0,0,0,0,0,0,0,0,0,0,0,8763488,8763563,0,97,97,6265,329,17527094,35,0,0,0,0,0,0,0,1,0,0,0,0,0,0,0,0,0,0,9857361,0,14008846,123981,0,0,0,0,0,0,0,0,16384,0,0,0,0,0,0,0,0,0,0,0,5218,344,0,0,0,0,0,26644972,0,12712,37,4632,342,5218,0,0,0,0,0,0,0,0,0,0,0,0,0,0,0,0,0,0,0,0,0,0,0,0,0,0,0,0,0,0,0,0,0,0,0,0,0,0,0,0,0,0,0,0,0,0,0,0,0,0,0,0,0,110291578,0,0,0,130809229,0,0,0,0,0,0,0,79988718,150916260,187398747,57335537152,46282337,0,0,0,0,0,0,0,0,0,0,0,0,0,0,0,0,0,0,0,0,0,0,0,0,0,0,0,0,0,0,0,12604233,0,0,0,0,0,0,0
1789581097.776,0,0,0,0,0,0,0,272387830,2471083056640,815250350592,0,0,0,0,0,0,0,0,0,0,0,0,0,0,0,0,0,0,0,0,0,0,0,0,0,0,0,0,0,0,0,0,0,0,0,0,0,0,0,0,0,0,0,0,0,0,0,0,0,0,0,0,0,0,0,0,0,0,465397,151014883,45653987,0,0,0,0,0,0,0,0,0,0,0,0,0,0,0,0,0,0,0,0,0,0,0,0,0,0,0,0,0,0,0,0,0,0,0,0,0,2143141888,806322176,130807,49214,0,265,131072,150849428,0,0,1377551801,2147483648,116949666,147761876,0,0,0,0,0,0,0,0,0,0,0,0,0,0,0,0,0,0,8763695,8763775,0,97,97,6265,329,17527513,35,0,0,0,0,0,0,0,1,0,0,0,0,0,0,0,0,0,0,9857618,0,14008846,123981,0,0,0,0,0,0,0,0,16384,0,0,0,0,0,0,0,0,0,0,0,5219,344,0,0,0,0,0,26645675,0,12712,37,4632,342,5219,0,0,0,0,0,0,0,0,0,0,0,0,0,0,0,0,0,0,0,0,0,0,0,0,0,0,0,0,0,0,0,0,0,0,0,0,0,0,0,0,0,0,0,0,0,0,0,0,0,0,0,0,0,110292725,0,0,0,130812267,0,0,0,0,0,0,0,79990601,150920982,187402135,57336188416,46283099,0,0,0,0,0,0,0,0,0,0,0,0,0,0,0,0,0,0,0,0,0,0,0,0,0,0,0,0,0,0,0,12604464,0,0,0,0,0,0,0
1789581098.803,0,0,0,0,0,0,0,272393965,2471161257472,815268529664,0,0,0,0,0,0,0,0,0,0,0,0,0,0,0,0,0,0,0,0,0,0,0,0,0,0,0,0,0,0,0,0,0,0,0,0,0,0,0,0,0,0,0,0,0,0,0,0,0,0,0,0,0,0,0,0,0,0,465400,151019662,45655041,0,0,0,0,0,0,0,0,0,0,0,0,0,0,0,0,0,0,0,0,0,0,0,0,0,0,0,0,0,0,0,0,0,0,0,0,0,2143436800,806731776,130825,49239,0,247,131072,150854205,0,0,1377583438,2147483648,116954384,147765121,0,0,0,0,0,0,0,0,0,0,0,0,0,0,0,0,0,0,8763913,8763987,0,97,97,6265,329,17527925,35,0,0,0,0,0,0,0,1,0,0,0,0,0,0,0,0,0,0,9857857,0,14008846,123981,0,0,0,0,0,0,0,0,16384,0,0,0,0,0,0,0,0,0,0,0,5220,344,0,0,0,0,0,26646320,0,12712,37,4632,342,5220,0,0,0,0,0,0,0,0,0,0,0,0,0,0,0,0,0,0,0,0,0,0,0,0,0,0,0,0,0,0,0,0,0,0,0,0,0,0,0,0,0,0,0,0,0,0,0,0,0,0,0,0,0,110293891,0,0,0,130815180,0,0,0,0,0,0,0,79992425,150925755,187405411,57336836608,46283868,0,0,0,0,0,0,0,0,0,0,0,0,0,0,0,0,0,0,0,0,0,0,0,0,0,0,0,0,0,0,0,12604677,0,0,0,0,0,0,0
1789581099.829,0,0,0,0,0,0,0,272399794,2471236099584,815285479424,0,0,0,0,0,0,0,0,0,0,0,0,0,0,0,0,0,0,0,0,0,0,0,0,0,0,0,0,0,0,0,0,0,0,0,0,0,0,0,0,0,0,0,0,0,0,0,0,0,0,0,0,0,0,0,0,0,0,465404,151024226,45656042,0,0,0,0,0,0,0,0,0,0,0,0,0,0,0,0,0,0,0,0,0,0,0,0,0,0,0,0,0,0,0,0,0,0,0,0,0,2143191040,805191680,130810,49145,0,262,131072,150858762,0,0,1377614011,2147483648,116958932,147767848,0,0,0,0,0,0,0,0,0,0,0,0,0,0,0,0,0,0,8764079,8764157,0,97,97,6265,329,17528282,35,0,0,0,0,0,0,0,1,0,0,0,0,0,0,0,0,0,0,9858044,0,14008846,123981,0,0,0,0,0,0,0,0,16384,0,0,0,0,0,0,0,0,0,0,0,5222,344,0,0,0,0,0,26646823,0,12712,37,4632,342,5222,0,0,0,0,0,0,0,0,0,0,0,0,0,0,0,0,0,0,0,0,0,0,0,0,0,0,0,0,0,0,0,0,0,0,0,0,0,0,0,0,0,0,0,0,0,0,0,0,0,0,0,0,0,110294892,0,0,0,130817632,0,0,0,0,0,0,0,79994085,150930330,187408388,57337395200,46284541,0,0,0,0,0,0,0,0,0,0,0,0,0,0,0,0,0,0,0,0,0,0,0,0,0,0,0,0,0,0,0,12604842,0,0,0,0,0,0,0
1789581100.854,0,0,0,0,0,0,0,272406133,2471315168768,815302038016,0,0,0,0,0,0,0,0,0,0,0,0,0,0,0,0,0,0,0,0,0,0,0,0,0,0,0,0,0,0,0,0,0,0,0,0,0,0,0,0,0,0,0,0,0,0,0,0,0,0,0,0,0,0,0,0,0,0,465405,151029073,45656981,0,0,0,0,0,0,0,0,0,0,0,0,0,0,0,0,0,0,0,0,0,0,0,0,0,0,0,0,0,0,0,0,0,0,0,0,0,2143354880,809484288,130820,49407,0,252,131072,150863612,0,0,1377647355,2147483648,116963701,147771382,0,0,0,0,0,0,0,0,0,0,0,0,0,0,0,0,0,0,8764307,8764369,0,97,97,6265,329,17528747,35,0,0,0,0,0,0,0,1,0,0,0,0,0,0,0,0,0,0,9858288,0,14008846,123981,0,0,0,0,0,0,0,0,16384,0,0,0,0,0,0,0,0,0,0,0,5223,344,0,0,0,0,0,26647481,0,12712,37,4632,342,5223,0,0,0,0,0,0,0,0,0,0,0,0,0,0,0,0,0,0,0,0,0,0,0,0,0,0,0,0,0,0,0,0,0,0,0,0,0,0,0,0,0,0,0,0,0,0,0,0,0,0,0,0,0,110296075,0,0,0,130820844,0,0,0,0,0,0,0,79995815,150935160,187411477,57338068480,46285318,0,0,0,0,0,0,0,0,0,0,0,0,0,0,0,0,0,0,0,0,0,0,0,0,0,0,0,0,0,0,0,12605058,0,0,0,0,0,0,0
1789581101.881,0,0,0,0,0,0,0,272411969,2471389617664,815319881728,0,0,0,0,0,0,0,0,0,0,0,0,0,0,0,0,0,0,0,0,0,0,0,0,0,0,0,0,0,0,0,0,0,0,0,0,0,0,0,0,0,0,0,0,0,0,0,0,0,0,0,0,0,0,0,0,0,0,465407,151033614,45658030,0,0,0,0,0,0,0,0,0,0,0,0,0,0,0,0,0,0,0,0,0,0,0,0,0,0,0,0,0,0,0,0,0,0,0,0,0,2143240192,808239104,130813,49331,0,259,131072,150868150,0,0,1377677426,2147483648,116968195,147774483,0,0,0,0,0,0,0,0,0,0,0,0,0,0,0,0,0,0,8764506,8764590,0,97,97,6265,329,17529114,35,0,0,0,0,0,0,0,1,0,0,0,0,0,0,0,0,0,0,9858534,0,14008846,123981,0,0,0,0,0,0,0,0,16384,0,0,0,0,0,0,0,0,0,0,0,5224,344,0,0,0,0,0,26648154,0,12712,37,4632,342,5224,0,0,0,0,0,0,0,0,0,0,0,0,0,0,0,0,0,0,0,0,0,0,0,0,0,0,0,0,0,0,0,0,0,0,0,0,0,0,0,0,0,0,0,0,0,0,0,0,0,0,0,0,0,110297162,0,0,0,130823564,0,0,0,0,0,0,0,79997576,150939705,187414638,57338681856,46286042,0,0,0,0,0,0,0,0,0,0,0,0,0,0,0,0,0,0,0,0,0,0,0,0,0,0,0,0,0,0,0,12605279,0,0,0,0,0,0,0
1789581102.906,0,0,0,0,0,0,0,272417897,2471465328128,815337604608,0,0,0,0,0,0,0,0,0,0,0,0,0,0,0,0,0,0,0,0,0,0,0,0,0,0,0,0,0,0,0,0,0,0,0,0,0,0,0,0,0,0,0,0,0,0,0,0,0,0,0,0,0,0,0,0,0,0,465407,151038243,45659065,0,0,0,0,0,0,0,0,0,0,0,0,0,0,0,0,0,0,0,0,0,0,0,0,0,0,0,0,0,0,0,0,0,0,0,0,0,2143141888,807092224,130807,49261,0,265,131072,150872775,0,0,1377708579,2147483648,116972784,147777298,0,0,0,0,0,0,0,0,0,0,0,0,0,0,0,0,0,0,8764686,8764753,0,97,97,6265,329,17529494,35,0,0,0,0,0,0,0,1,0,0,0,0,0,0,0,0,0,0,9858718,0,14008846,123981,0,0,0,0,0,0,0,0,16384,0,0,0,0,0,0,0,0,0,0,0,5225,344,0,0,0,0,0,26648643,0,12712,37,4632,342,5225,0,0,0,0,0,0,0,0,0,0,0,0,0,0,0,0,0,0,0,0,0,0,0,0,0,0,0,0,0,0,0,0,0,0,0,0,0,0,0,0,0,0,0,0,0,0,0,0,0,0,0,0,0,110298179,0,0,0,130826157,0,0,0,0,0,0,0,79999289,150944334,187417721,57339251712,46286721,0,0,0,0,0,0,0,0,0,0,0,0,0,0,0,0,0,0,0,0,0,0,0,0,0,0,0,0,0,0,0,12605440,0,0,0,0,0,0,0
1789581103.932,0,0,0,0,0,0,0,272423706,2471538925056,815353684480,0,0,0,0,0,0,0,0,0,0,0,0,0,0,0,0,0,0,0,0,0,0,0,0,0,0,0,0,0,0,0,0,0,0,0,0,0,0,0,0,0,0,0,0,0,0,0,0,0,0,0,0,0,0,0,0,0,0,465413,151042734,45659976,0,0,0,0,0,0,0,0,0,0,0,0,0,0,0,0,0,0,0,0,0,0,0,0,0,0,0,0,0,0,0,0,0,0,0,0,0,2143551488,809517056,130832,49409,0,241,131072,150877264,0,0,1377739286,2147483648,116977211,147780525,0,0,0,0,0,0,0,0,0,0,0,0,0,0,0,0,0,0,8764884,8764959,0,97,97,6265,329,17529901,35,0,0,0,0,0,0,0,1,0,0,0,0,0,0,0,0,0,0,9858953,0,14008846,123981,0,0,0,0,0,0,0,0,16384,0,0,0,0,0,0,0,0,0,0,0,5226,344,0,0,0,0,0,26649281,0,12712,37,4632,342,5226,0,0,0,0,0,0,0,0,0,0,0,0,0,0,0,0,0,0,0,0,0,0,0,0,0,0,0,0,0,0,0,0,0,0,0,0,0,0,0,0,0,0,0,0,0,0,0,0,0,0,0,0,0,110299327,0,0,0,130829029,0,0,0,0,0,0,0,80000984,150948833,187420725,57339898368,46287489,0,0,0,0,0,0,0,0,0,0,0,0,0,0,0,0,0,0,0,0,0,0,0,0,0,0,0,0,0,0,0,12605650,0,0,0,0,0,0,0
1789581104.958,0,0,0,0,0,0,0,272429514,2471612849664,815372262912,0,0,0,0,0,0,0,0,0,0,0,0,0,0,0,0,0,0,0,0,0,0,0,0,0,0,0,0,0,0,0,0,0,0,0,0,0,0,0,0,0,0,0,0,0,0,0,0,0,0,0,0,0,0,0,0,0,0,465413,151047253,45661054,0,0,0,0,0,0,0,0,0,0,0,0,0,0,0,0,0,0,0,0,0,0,0,0,0,0,0,0,0,0,0,0,0,0,0,0,0,2143125504,808124416,130806,49324,0,265,131072,150881781,0,0,1377769504,2147483648,116981703,147783513,0,0,0,0,0,0,0,0,0,0,0,0,0,0,0,0,0,0,8765080,8765157,0,97,97,6265,329,17530279,35,0,0,0,0,0,0,0,1,0,0,0,0,0,0,0,0,0,0,9859171,0,14008846,123981,0,0,0,0,0,0,0,0,16384,0,0,0,0,0,0,0,0,0,0,0,5227,344,0,0,0,0,0,26649874,0,12712,37,4632,342,5227,0,0,0,0,0,0,0,0,0,0,0,0,0,0,0,0,0,0,0,0,0,0,0,0,0,0,0,0,0,0,0,0,0,0,0,0,0,0,0,0,0,0,0,0,0,0,0,0,0,0,0,0,0,110300428,0,0,0,130831731,0,0,0,0,0,0,0,80002812,150953347,187423989,57340507136,46288234,0,0,0,0,0,0,0,0,0,0,0,0,0,0,0,0,0,0,0,0,0,0,0,0,0,0,0,0,0,0,0,12605844,0,0,0,0,0,0,0
1789581105.984,0,0,0,0,0,0,0,272435569,2471689149952,815389615616,0,0,0,0,0,0,0,0,0,0,0,0,0,0,0,0,0,0,0,0,0,0,0,0,0,0,0,0,0,0,0,0,0,0,0,0,0,0,0,0,0,0,0,0,0,0,0,0,0,0,0,0,0,0,0,0,0,0,465416,151051916,45662077,0,0,0,0,0,0,0,0,0,0,0,0,0,0,0,0,0,0,0,0,0,0,0,0,0,0,0,0,0,0,0,0,0,0,0,0,0,2143010816,808435712,130799,49343,0,273,131072,150886442,0,0,1377800914,2147483648,116986323,147786639,0,0,0,0,0,0,0,0,0,0,0,0,0,0,0,0,0,0,8765277,8765352,0,97,97,6265,329,17530693,35,0,0,0,0,0,0,0,1,0,0,0,0,0,0,0,0,0,0,9859390,0,14008846,123981,0,0,0,0,0,0,0,0,16384,0,0,0,0,0,0,0,0,0,0,0,5228,344,0,0,0,0,0,26650465,0,12712,37,4632,342,5228,0,0,0,0,0,0,0,0,0,0,0,0,0,0,0,0,0,0,0,0,0,0,0,0,0,0,0,0,0,0,0,0,0,0,0,0,0,0,0,0,0,0,0,0,0,0,0,0,0,0,0,0,0,110301565,0,0,0,130834566,0,0,0,0,0,0,0,80004579,150958005,187427136,57341142016,46288996,0,0,0,0,0,0,0,0,0,0,0,0,0,0,0,0,0,0,0,0,0,0,0,0,0,0,0,0,0,0,0,12606038,0,0,0,0,0,0,0
1789581107.010,0,0,0,0,0,0,0,272441542,2471764860416,815406182400,0,0,0,0,0,0,0,0,0,0,0,0,0,0,0,0,0,0,0,0,0,0,0,0,0,0,0,0,0,0,0,0,0,0,0,0,0,0,0,0,0,0,0,0,0,0,0,0,0,0,0,0,0,0,0,0,0,0,465417,151056547,45663039,0,0,0,0,0,0,0,0,0,0,0,0,0,0,0,0,0,0,0,0,0,0,0,0,0,0,0,0,0,0,0,0,0,0,0,0,0,2142994432,809779200,130798,49425,0,274,131072,150891070,0,0,1377832118,2147483648,116990900,147789770,0,0,0,0,0,0,0,0,0,0,0,0,0,0,0,0,0,0,8765480,8765557,0,97,97,6265,329,17531090,35,0,0,0,0,0,0,0,1,0,0,0,0,0,0,0,0,0,0,9859623,0,14008846,123981,0,0,0,0,0,0,0,0,16384,0,0,0,0,0,0,0,0,0,0,0,5229,344,0,0,0,0,0,26651100,0,12712,37,4632,342,5229,0,0,0,0,0,0,0,0,0,0,0,0,0,0,0,0,0,0,0,0,0,0,0,0,0,0,0,0,0,0,0,0,0,0,0,0,0,0,0,0,0,0,0,0,0,0,0,0,0,0,0,0,0,110302690,0,0,0,130837375,0,0,0,0,0,0,0,80006287,150962632,187430177,57341770240,46289747,0,0,0,0,0,0,0,0,0,0,0,0,0,0,0,0,0,0,0,0,0,0,0,0,0,0,0,0,0,0,0,12606246,0,0,0,0,0,0,0
1789581108.036,0,0,0,0,0,0,0,272447564,2471840734720,815424492032,0,0,0,0,0,0,0,0,0,0,0,0,0,0,0,0,0,0,0,0,0,0,0,0,0,0,0,0,0,0,0,0,0,0,0,0,0,0,0,0,0,0,0,0,0,0,0,0,0,0,0,0,0,0,0,0,0,0,465417,151061185,45664095,0,0,0,0,0,0,0,0,0,0,0,0,0,0,0,0,0,0,0,0,0,0,0,0,0,0,0,0,0,0,0,0,0,0,0,0,0,2143322112,808812544,130818,49366,0,254,131072,150895708,0,0,1377863545,2147483648,116995471,147792790,0,0,0,0,0,0,0,0,0,0,0,0,0,0,0,0,0,0,8765684,8765754,0,97,97,6265,329,17531462,35,0,0,0,0,0,0,0,1,0,0,0,0,0,0,0,0,0,0,9859847,0,14008846,123981,0,0,0,0,0,0,0,0,16384,0,0,0,0,0,0,0,0,0,0,0,5230,344,0,0,0,0,0,26651705,0,12712,37,4632,342,5230,0,0,0,0,0,0,0,0,0,0,0,0,0,0,0,0,0,0,0,0,0,0,0,0,0,0,0,0,0,0,0,0,0,0,0,0,0,0,0,0,0,0,0,0,0,0,0,0,0,0,0,0,0,110303798,0,0,0,130840105,0,0,0,0,0,0,0,80008095,150967268,187433417,57342386176,46290489,0,0,0,0,0,0,0,0,0,0,0,0,0,0,0,0,0,0,0,0,0,0,0,0,0,0,0,0,0,0,0,12606445,0,0,0,0,0,0,0
1789581109.063,0,0,0,0,0,0,0,272453319,2471913594368,815441472512,0,0,0,0,0,0,0,0,0,0,0,0,0,0,0,0,0,0,0,0,0,0,0,0,0,0,0,0,0,0,0,0,0,0,0,0,0,0,0,0,0,0,0,0,0,0,0,0,0,0,0,0,0,0,0,0,0,0,465419,151065635,45665084,0,0,0,0,0,0,0,0,0,0,0,0,0,0,0,0,0,0,0,0,0,0,0,0,0,0,0,0,0,0,0,0,0,0,0,0,0,2143322112,810582016,130818,49474,0,254,131072,150900156,0,0,1377893590,2147483648,116999860,147796013,0,0,0,0,0,0,0,0,0,0,0,0,0,0,0,0,0,0,8765888,8765958,0,97,97,6265,329,17531875,35,0,0,0,0,0,0,0,1,0,0,0,0,0,0,0,0,0,0,9860072,0,14008846,123981,0,0,0,0,0,0,0,0,16384,0,0,0,0,0,0,0,0,0,0,0,5231,344,0,0,0,0,0,26652310,0,12712,37,4632,342,5231,0,0,0,0,0,0,0,0,0,0,0,0,0,0,0,0,0,0,0,0,0,0,0,0,0,0,0,0,0,0,0,0,0,0,0,0,0,0,0,0,0,0,0,0,0,0,0,0,0,0,0,0,0,110304906,0,0,0,130843021,0,0,0,0,0,0,0,80009830,150971718,187436491,57343015424,46291241,0,0,0,0,0,0,0,0,0,0,0,0,0,0,0,0,0,0,0,0,0,0,0,0,0,0,0,0,0,0,0,12606645,0,0,0,0,0,0,0
1789581110.089,0,0,0,0,0,0,0,272459083,2471987076608,815456735744,0,0,0,0,0,0,0,0,0,0,0,0,0,0,0,0,0,0,0,0,0,0,0,0,0,0,0,0,0,0,0,0,0,0,0,0,0,0,0,0,0,0,0,0,0,0,0,0,0,0,0,0,0,0,0,0,0,0,465424,151070124,45665972,0,0,0,0,0,0,0,0,0,0,0,0,0,0,0,0,0,0,0,0,0,0,0,0,0,0,0,0,0,0,0,0,0,0,0,0,0,2143272960,811483136,130815,49529,0,257,131072,150904645,0,0,1377923656,2147483648,117004308,147798853,0,0,0,0,0,0,0,0,0,0,0,0,0,0,0,0,0,0,8766063,8766139,0,97,97,6265,329,17532248,35,0,0,0,0,0,0,0,1,0,0,0,0,0,0,0,0,0,0,9860277,0,14008846,123981,0,0,0,0,0,0,0,0,16384,0,0,0,0,0,0,0,0,0,0,0,5232,344,0,0,0,0,0,26652868,0,12712,37,4632,342,5232,0,0,0,0,0,0,0,0,0,0,0,0,0,0,0,0,0,0,0,0,0,0,0,0,0,0,0,0,0,0,0,0,0,0,0,0,0,0,0,0,0,0,0,0,0,0,0,0,0,0,0,0,0,110305959,0,0,0,130845559,0,0,0,0,0,0,0,80011423,150976206,187439310,57343599104,46291951,0,0,0,0,0,0,0,0,0,0,0,0,0,0,0,0,0,0,0,0,0,0,0,0,0,0,0,0,0,0,0,12606827,0,0,0,0,0,0,0
1789581111.115,0,0,0,0,0,0,0,272464953,2472062049792,815475087872,0,0,0,0,0,0,0,0,0,0,0,0,0,0,0,0,0,0,0,0,0,0,0,0,0,0,0,0,0,0,0,0,0,0,0,0,0,0,0,0,0,0,0,0,0,0,0,0,0,0,0,0,0,0,0,0,0,0,465430,151074709,45667021,0,0,0,0,0,0,0,0,0,0,0,0,0,0,0,0,0,0,0,0,0,0,0,0,0,0,0,0,0,0,0,0,0,0,0,0,0,2143256576,811597824,130814,49536,0,258,131072,150909227,0,0,1377954242,2147483648,117008857,147801980,0,0,0,0,0,0,0,0,0,0,0,0,0,0,0,0,0,0,8766261,8766341,0,97,97,6265,329,17532647,35,0,0,0,0,0,0,0,1,0,0,0,0,0,0,0,0,0,0,9860506,0,14008846,123981,0,0,0,0,0,0,0,0,16384,0,0,0,0,0,0,0,0,0,0,0,5233,344,0,0,0,0,0,26653488,0,12712,37,4632,342,5233,0,0,0,0,0,0,0,0,0,0,0,0,0,0,0,0,0,0,0,0,0,0,0,0,0,0,0,0,0,0,0,0,0,0,0,0,0,0,0,0,0,0,0,0,0,0,0,0,0,0,0,0,0,110307077,0,0,0,130848341,0,0,0,0,0,0,0,80013245,150980790,187442562,57344230400,46292706,0,0,0,0,0,0,0,0,0,0,0,0,0,0,0,0,0,0,0,0,0,0,0,0,0,0,0,0,0,0,0,12607031,0,0,0,0,0,0,0
1789581112.142,0,0,0,0,0,0,0,272471071,2472140250624,815493637632,0,0,0,0,0,0,0,0,0,0,0,0,0,0,0,0,0,0,0,0,0,0,0,0,0,0,0,0,0,0,0,0,0,0,0,0,0,0,0,0,0,0,0,0,0,0,0,0,0,0,0,0,0,0,0,0,0,0,465434,151079472,45668126,0,0,0,0,0,0,0,0,0,0,0,0,0,0,0,0,0,0,0,0,0,0,0,0,0,0,0,0,0,0,0,0,0,0,0,0,0,2143420416,810500096,130824,49470,1,249,131072,150913988,0,0,1377986292,2147483648,117013588,147805065,0,0,0,0,0,0,0,0,0,0,0,0,0,0,0,0,0,0,8766461,8766529,0,97,97,6265,329,17533041,35,0,0,0,0,0,0,0,1,0,0,0,0,0,0,0,0,0,0,9860717,0,14008846,123981,0,0,0,0,0,0,0,0,16384,0,0,0,0,0,0,0,0,0,0,0,5234,344,0,0,0,0,0,26654053,0,12712,37,4632,342,5234,0,0,0,0,0,0,0,0,0,0,0,0,0,0,0,0,0,0,0,0,0,0,0,0,0,0,0,0,0,0,0,0,0,0,0,0,0,0,0,0,0,0,0,0,0,0,0,0,0,0,0,0,0,110308196,0,0,0,130851129,0,0,0,0,0,0,0,80015073,150985569,187445841,57344852992,46293454,0,0,0,0,0,0,0,0,0,0,0,0,0,0,0,0,0,0,0,0,0,0,0,0,0,0,0,0,0,0,0,12607218,0,0,0,0,0,0,0
1789581113.167,0,0,0,0,0,0,0,272477114,2472216337920,815509593600,0,0,0,0,0,0,0,0,0,0,0,0,0,0,0,0,0,0,0,0,0,0,0,0,0,0,0,0,0,0,0,0,0,0,0,0,0,0,0,0,0,0,0,0,0,0,0,0,0,0,0,0,0,0,0,0,0,0,465439,151084141,45669028,0,0,0,0,0,0,0,0,0,0,0,0,0,0,0,0,0,0,0,0,0,0,0,0,0,0,0,0,0,0,0,0,0,0,0,0,0,2143453184,813694976,130826,49664,0,246,131072,150918654,0,0,1378018063,2147483648,117018193,147808405,0,0,0,0,0,0,0,0,0,0,0,0,0,0,0,0,0,0,8766676,8766750,0,97,97,6265,329,17533445,35,0,0,0,0,0,0,0,1,0,0,0,0,0,0,0,0,0,0,9860964,0,14008846,123981,0,0,0,0,0,0,0,0,16384,0,0,0,0,0,0,0,0,0,0,0,5235,344,0,0,0,0,0,26654725,0,12712,37,4632,342,5235,0,0,0,0,0,0,0,0,0,0,0,0,0,0,0,0,0,0,0,0,0,0,0,0,0,0,0,0,0,0,0,0,0,0,0,0,0,0,0,0,0,0,0,0,0,0,0,0,0,0,0,0,0,110309350,0,0,0,130854093,0,0,0,0,0,0,0,80016769,150990219,187448832,57345503744,46294231,0,0,0,0,0,0,0,0,0,0,0,0,0,0,0,0,0,0,0,0,0,0,0,0,0,0,0,0,0,0,0,12607438,0,0,0,0,0,0,0
1789581114.193,0,0,0,0,0,0,0,272482993,2472291737088,815527156736,0,0,0,0,0,0,0,0,0,0,0,0,0,0,0,0,0,0,0,0,0,0,0,0,0,0,0,0,0,0,0,0,0,0,0,0,0,0,0,0,0,0,0,0,0,0,0,0,0,0,0,0,0,0,0,0,0,0,465440,151088752,45670043,0,0,0,0,0,0,0,0,0,0,0,0,0,0,0,0,0,0,0,0,0,0,0,0,0,0,0,0,0,0,0,0,0,0,0,0,0,2143092736,813219840,130804,49635,0,268,131072,150923263,0,0,1378048764,2147483648,117022772,147811320,0,0,0,0,0,0,0,0,0,0,0,0,0,0,0,0,0,0,8766857,8766932,0,97,97,6265,329,17533831,35,0,0,0,0,0,0,0,1,0,0,0,0,0,0,0,0,0,0,9861169,0,14008846,123981,0,0,0,0,0,0,0,0,16384,0,0,0,0,0,0,0,0,0,0,0,5236,344,0,0,0,0,0,26655278,0,12712,37,4632,342,5236,0,0,0,0,0,0,0,0,0,0,0,0,0,0,0,0,0,0,0,0,0,0,0,0,0,0,0,0,0,0,0,0,0,0,0,0,0,0,0,0,0,0,0,0,0,0,0,0,0,0,0,0,0,110310434,0,0,0,130856741,0,0,0,0,0,0,0,80018531,150994829,187451959,57346104320,46294971,0,0,0,0,0,0,0,0,0,0,0,0,0,0,0,0,0,0,0,0,0,0,0,0,0,0,0,0,0,0,0,12607620,0,0,0,0,0,0,0
1789581115.219,0,0,0,0,0,0,0,272488568,2472362204672,815544075264,0,0,0,0,0,0,0,0,0,0,0,0,0,0,0,0,0,0,0,0,0,0,0,0,0,0,0,0,0,0,0,0,0,0,0,0,0,0,0,0,0,0,0,0,0,0,0,0,0,0,0,0,0,0,0,0,0,0,465443,151093053,45671039,0,0,0,0,0,0,0,0,0,0,0,0,0,0,0,0,0,0,0,0,0,0,0,0,0,0,0,0,0,0,0,0,0,0,0,0,0,2143387648,813744128,130822,49667,0,249,131072,150927563,0,0,1378078016,2147483648,117027005,147814411,0,0,0,0,0,0,0,0,0,0,0,0,0,0,0,0,0,0,8767063,8767134,0,97,97,6265,329,17534226,35,0,0,0,0,0,0,0,1,0,0,0,0,0,0,0,0,0,0,9861390,0,14008846,123981,0,0,0,0,0,0,0,0,16384,0,0,0,0,0,0,0,0,0,0,0,5237,344,0,0,0,0,0,26655871,0,12712,37,4632,342,5237,0,0,0,0,0,0,0,0,0,0,0,0,0,0,0,0,0,0,0,0,0,0,0,0,0,0,0,0,0,0,0,0,0,0,0,0,0,0,0,0,0,0,0,0,0,0,0,0,0,0,0,0,0,110311568,0,0,0,130859513,0,0,0,0,0,0,0,80020294,150999134,187455051,57346743808,46295755,0,0,0,0,0,0,0,0,0,0,0,0,0,0,0,0,0,0,0,0,0,0,0,0,0,0,0,0,0,0,0,12607816,0,0,0,0,0,0,0
1789581116.244,0,0,0,0,0,0,0,272494330,2472436309504,815562332672,0,0,0,0,0,0,0,0,0,0,0,0,0,0,0,0,0,0,0,0,0,0,0,0,0,0,0,0,0,0,0,0,0,0,0,0,0,0,0,0,0,0,0,0,0,0,0,0,0,0,0,0,0,0,0,0,0,0,465447,151097583,45672061,0,0,0,0,0,0,0,0,0,0,0,0,0,0,0,0,0,0,0,0,0,0,0,0,0,0,0,0,0,0,0,0,0,0,0,0,0,2143223808,812482560,130812,49590,1,258,131072,150932091,0,0,1378108230,2147483648,117031403,147817269,0,0,0,0,0,0,0,0,0,0,0,0,0,0,0,0,0,0,8767235,8767309,0,97,97,6265,329,17534597,35,0,0,0,0,0,0,0,1,0,0,0,0,0,0,0,0,0,0,9861596,0,14008846,123982,0,0,0,0,0,0,0,0,16384,0,0,0,0,0,0,0,0,0,0,0,5238,344,0,0,0,0,0,26656424,0,12712,37,4632,342,5238,0,0,0,0,0,0,0,0,0,0,0,0,0,0,0,0,0,0,0,0,0,0,0,0,0,0,0,0,0,0,0,0,0,0,0,0,0,0,0,0,0,0,0,0,0,0,0,0,0,0,0,0,0,110312617,0,0,0,130862066,0,0,0,0,0,0,0,80021937,151003660,187458103,57347324928,46296460,0,0,0,0,0,0,0,0,0,0,0,0,0,0,0,0,0,0,0,0,0,0,0,0,0,0,0,0,0,0,0,12607999,0,0,0,0,0,0,0
1789581117.270,0,0,0,0,0,0,0,272501633,2472528780800,815583688704,0,0,0,0,0,0,0,0,0,0,0,0,0,0,0,0,0,0,0,0,0,0,0,0,0,0,0,0,0,0,0,0,0,0,0,0,0,0,0,0,0,0,0,0,0,0,0,0,0,0,0,0,0,0,0,0,0,0,465450,151103229,45673347,0,0,0,0,0,0,0,0,0,0,0,0,0,0,0,0,0,0,0,0,0,0,0,0,0,0,0,0,0,0,0,0,0,0,0,0,0,2143633408,812990464,130837,49621,0,235,131072,150937732,0,0,1378146500,2147483648,117036933,147821103,0,0,0,0,0,0,0,0,0,0,0,0,0,0,0,0,0,0,8767474,8767551,0,97,97,6265,329,17535104,35,0,0,0,0,0,0,0,1,0,0,0,0,0,0,0,0,0,0,9861863,0,14008974,123982,0,0,0,0,0,0,0,0,16384,0,0,0,0,0,0,0,0,0,0,0,5239,344,0,0,0,0,0,26657146,0,12712,37,4632,342,5239,0,0,0,0,0,0,0,0,0,0,0,0,0,0,0,0,0,0,0,0,0,0,0,0,0,0,0,0,0,0,0,0,0,0,0,0,0,0,0,0,0,0,0,0,0,0,0,0,0,0,0,0,0,110313850,0,0,0,130865529,0,0,0,0,0,0,0,80023982,151009310,187461819,57348037632,46297262,0,0,0,0,0,0,0,0,0,0,0,0,0,0,0,0,0,0,0,0,0,0,0,0,0,0,0,0,0,0,0,12608236,0,0,0,0,0,0,0
1789581118.296,0,0,0,0,0,0,0,272508675,2472617860608,815603917312,0,0,0,0,0,0,0,0,0,0,0,0,0,0,0,0,0,0,0,0,0,0,0,0,0,0,0,0,0,0,0,0,0,0,0,0,0,0,0,0,0,0,0,0,0,0,0,0,0,0,0,0,0,0,0,0,0,0,465454,151108687,45674515,0,0,0,0,0,0,0,0,0,0,0,0,0,0,0,0,0,0,0,0,0,0,0,0,0,0,0,0,0,0,0,0,0,0,0,0,0,2143174656,813613056,130809,49659,0,263,131072,150943184,0,0,1378183390,2147483648,117042342,147824831,0,0,0,0,0,0,0,0,0,0,0,0,0,0,0,0,0,0,8767721,8767802,0,97,97,6265,329,17535557,35,0,0,0,0,0,0,0,1,0,0,0,0,0,0,0,0,0,0,9862146,0,14008974,123982,0,0,0,0,0,0,0,0,16384,0,0,0,0,0,0,0,0,0,0,0,5240,344,0,0,0,0,0,26657915,0,12712,37,4632,342,5240,0,0,0,0,0,0,0,0,0,0,0,0,0,0,0,0,0,0,0,0,0,0,0,0,0,0,0,0,0,0,0,0,0,0,0,0,0,0,0,0,0,0,0,0,0,0,0,0,0,0,0,0,0,110315114,0,0,0,130868846,0,0,0,0,0,0,0,80025991,151014755,187465431,57348754432,46298096,0,0,0,0,0,0,0,0,0,0,0,0,0,0,0,0,0,0,0,0,0,0,0,0,0,0,0,0,0,0,0,12608489,0,0,0,0,0,0,0
1789581119.322,0,0,0,0,0,0,0,272515733,2472707939840,815625688576,0,0,0,0,0,0,0,0,0,0,0,0,0,0,0,0,0,0,0,0,0,0,0,0,0,0,0,0,0,0,0,0,0,0,0,0,0,0,0,0,0,0,0,0,0,0,0,0,0,0,0,0,0,0,0,0,0,0,465458,151114184,45675797,0,0,0,0,0,0,0,0,0,0,0,0,0,0,0,0,0,0,0,0,0,0,0,0,0,0,0,0,0,0,0,0,0,0,0,0,0,2143125504,811974656,130806,49559,0,266,131072,150948678,0,0,1378220505,2147483648,117047777,147828306,0,0,0,0,0,0,0,0,0,0,0,0,0,0,0,0,0,0,8767951,8768016,0,97,97,6265,329,17536007,35,0,0,0,0,0,0,0,1,0,0,0,0,0,0,0,0,0,0,9862387,0,14008974,123982,0,0,0,0,0,0,0,0,16384,0,0,0,0,0,0,0,0,0,0,0,5241,344,0,0,0,0,0,26658565,0,12712,37,4632,342,5241,0,0,0,0,0,0,0,0,0,0,0,0,0,0,0,0,0,0,0,0,0,0,0,0,0,0,0,0,0,0,0,0,0,0,0,0,0,0,0,0,0,0,0,0,0,0,0,0,0,0,0,0,0,110316315,0,0,0,130871990,0,0,0,0,0,0,0,80028058,151020257,187469172,57349428224,46298893,0,0,0,0,0,0,0,0,0,0,0,0,0,0,0,0,0,0,0,0,0,0,0,0,0,0,0,0,0,0,0,12608702,0,0,0,0,0,0,0
1789581120.348,0,0,0,0,0,0,0,272522625,2472795102720,815645050368,0,0,0,0,0,0,0,0,0,0,0,0,0,0,0,0,0,0,0,0,0,0,0,0,0,0,0,0,0,0,0,0,0,0,0,0,0,0,0,0,0,0,0,0,0,0,0,0,0,0,0,0,0,0,0,0,0,0,465464,151119525,45676909,0,0,0,0,0,0,0,0,0,0,0,0,0,0,0,0,0,0,0,0,0,0,0,0,0,0,0,0,0,0,0,0,0,0,0,0,0,2143600640,814907392,130835,49738,0,237,131072,150954014,0,0,1378256993,2147483648,117053014,147832212,0,0,0,0,0,0,0,0,0,0,0,0,0,0,0,0,0,0,8768193,8768263,0,97,97,6265,329,17536508,35,0,0,0,0,0,0,0,1,0,0,0,0,0,0,0,0,0,0,9862662,0,14008974,123982,0,0,0,0,0,0,0,0,16384,0,0,0,0,0,0,0,0,0,0,0,5242,344,0,0,0,0,0,26659308,0,12712,37,4632,342,5242,0,0,0,0,0,0,0,0,0,0,0,0,0,0,0,0,0,0,0,0,0,0,0,0,0,0,0,0,0,0,0,0,0,0,0,0,0,0,0,0,0,0,0,0,0,0,0,0,0,0,0,0,0,110317553,0,0,0,130875480,0,0,0,0,0,0,0,80029996,151025584,187472650,57350146560,46299712,0,0,0,0,0,0,0,0,0,0,0,0,0,0,0,0,0,0,0,0,0,0,0,0,0,0,0,0,0,0,0,12608946,0,0,0,0,0,0,0
1789581121.373,0,0,0,0,0,0,0,272529604,2472884100608,815665454592,0,0,0,0,0,0,0,0,0,0,0,0,0,0,0,0,0,0,0,0,0,0,0,0,0,0,0,0,0,0,0,0,0,0,0,0,0,0,0,0,0,0,0,0,0,0,0,0,0,0,0,0,0,0,0,0,0,0,465471,151124963,45678103,0,0,0,0,0,0,0,0,0,0,0,0,0,0,0,0,0,0,0,0,0,0,0,0,0,0,0,0,0,0,0,0,0,0,0,0,0,2143387648,814776320,130822,49730,0,250,131072,150959446,0,0,1378293245,2147483648,117058408,147835867,0,0,0,0,0,0,0,0,0,0,0,0,0,0,0,0,0,0,8768426,8768500,0,97,97,6265,329,17536968,35,0,0,0,0,0,0,0,1,0,0,0,0,0,0,0,0,0,0,9862929,0,14008974,123982,0,0,0,0,0,0,0,0,16384,0,0,0,0,0,0,0,0,0,0,0,5243,344,0,0,0,0,0,26660039,0,12712,37,4632,342,5243,0,0,0,0,0,0,0,0,0,0,0,0,0,0,0,0,0,0,0,0,0,0,0,0,0,0,0,0,0,0,0,0,0,0,0,0,0,0,0,0,0,0,0,0,0,0,0,0,0,0,0,0,0,110318777,0,0,0,130878714,0,0,0,0,0,0,0,80031970,151031021,187476246,57350841856,46300500,0,0,0,0,0,0,0,0,0,0,0,0,0,0,0,0,0,0,0,0,0,0,0,0,0,0,0,0,0,0,0,12609184,0,0,0,0,0,0,0
1789581122.399,0,0,0,0,0,0,0,272536327,2472970247680,815685936128,0,0,0,0,0,0,0,0,0,0,0,0,0,0,0,0,0,0,0,0,0,0,0,0,0,0,0,0,0,0,0,0,0,0,0,0,0,0,0,0,0,0,0,0,0,0,0,0,0,0,0,0,0,0,0,0,0,0,465477,151130222,45679288,0,0,0,0,0,0,0,0,0,0,0,0,0,0,0,0,0,0,0,0,0,0,0,0,0,0,0,0,0,0,0,0,0,0,0,0,0,2143322112,813400064,130818,49646,0,254,131072,150964703,0,0,1378328552,2147483648,117063611,147839177,0,0,0,0,0,0,0,0,0,0,0,0,0,0,0,0,0,0,8768634,8768709,0,97,97,6265,329,17537385,35,0,0,0,0,0,0,0,1,0,0,0,0,0,0,0,0,0,0,9863168,0,14008974,123982,0,0,0,0,0,0,0,0,16384,0,0,0,0,0,0,0,0,0,0,0,5244,344,0,0,0,0,0,26660684,0,12712,37,4632,342,5244,0,0,0,0,0,0,0,0,0,0,0,0,0,0,0,0,0,0,0,0,0,0,0,0,0,0,0,0,0,0,0,0,0,0,0,0,0,0,0,0,0,0,0,0,0,0,0,0,0,0,0,0,0,110319934,0,0,0,130881680,0,0,0,0,0,0,0,80033947,151036281,187479797,57351495680,46301280,0,0,0,0,0,0,0,0,0,0,0,0,0,0,0,0,0,0,0,0,0,0,0,0,0,0,0,0,0,0,0,12609397,0,0,0,0,0,0,0
1789581123.426,0,0,0,0,0,0,0,272543164,2473055673856,815704753152,0,0,0,0,0,0,0,0,0,0,0,0,0,0,0,0,0,0,0,0,0,0,0,0,0,0,0,0,0,0,0,0,0,0,0,0,0,0,0,0,0,0,0,0,0,0,0,0,0,0,0,0,0,0,0,0,0,0,465484,151135439,45680368,0,0,0,0,0,0,0,0,0,0,0,0,0,0,0,0,0,0,0,0,0,0,0,0,0,0,0,0,0,0,0,0,0,0,0,0,0,2143141888,815562752,130807,49778,0,265,131072,150969917,0,0,1378364644,2147483648,117068790,147842886,0,0,0,0,0,0,0,0,0,0,0,0,0,0,0,0,0,0,8768869,8768947,0,97,97,6265,329,17537863,35,0,0,0,0,0,0,0,1,0,0,0,0,0,0,0,0,0,0,9863434,0,14008974,123982,0,0,0,0,0,0,0,0,16384,0,0,0,0,0,0,0,0,0,0,0,5245,344,0,0,0,0,0,26661402,0,12712,37,4632,342,5245,0,0,0,0,0,0,0,0,0,0,0,0,0,0,0,0,0,0,0,0,0,0,0,0,0,0,0,0,0,0,0,0,0,0,0,0,0,0,0,0,0,0,0,0,0,0,0,0,0,0,0,0,0,110321141,0,0,0,130884985,0,0,0,0,0,0,0,80035839,151041500,187483181,57352192512,46302084,0,0,0,0,0,0,0,0,0,0,0,0,0,0,0,0,0,0,0,0,0,0,0,0,0,0,0,0,0,0,0,12609633,0,0,0,0,0,0,0
1789581124.452,0,0,0,0,0,0,0,272549788,2473140493824,815725032448,0,0,0,0,0,0,0,0,0,0,0,0,0,0,0,0,0,0,0,0,0,0,0,0,0,0,0,0,0,0,0,0,0,0,0,0,0,0,0,0,0,0,0,0,0,0,0,0,0,0,0,0,0,0,0,0,0,0,465491,151140629,45681559,0,0,0,0,0,0,0,0,0,0,0,0,0,0,0,0,0,0,0,0,0,0,0,0,0,0,0,0,0,0,0,0,0,0,0,0,0,2142879744,815382528,130791,49767,0,281,131072,150975101,0,0,1378399000,2147483648,117073937,147846494,0,0,0,0,0,0,0,0,0,0,0,0,0,0,0,0,0,0,8769103,8769181,0,97,97,6265,329,17538310,35,0,0,0,0,0,0,0,1,0,0,0,0,0,0,0,0,0,0,9863697,0,14008974,123982,0,0,0,0,0,0,0,0,16384,0,0,0,0,0,0,0,0,0,0,0,5246,344,0,0,0,0,0,26662113,0,12712,37,4632,342,5246,0,0,0,0,0,0,0,0,0,0,0,0,0,0,0,0,0,0,0,0,0,0,0,0,0,0,0,0,0,0,0,0,0,0,0,0,0,0,0,0,0,0,0,0,0,0,0,0,0,0,0,0,0,110322329,0,0,0,130888198,0,0,0,0,0,0,0,80037821,151046683,187486725,57352877056,46302887,0,0,0,0,0,0,0,0,0,0,0,0,0,0,0,0,0,0,0,0,0,0,0,0,0,0,0,0,0,0,0,12609868,0,0,0,0,0,0,0
1789581125.479,0,0,0,0,0,0,0,272556637,2473228541440,815744281600,0,0,0,0,0,0,0,0,0,0,0,0,0,0,0,0,0,0,0,0,0,0,0,0,0,0,0,0,0,0,0,0,0,0,0,0,0,0,0,0,0,0,0,0,0,0,0,0,0,0,0,0,0,0,0,0,0,0,465492,151146007,45682675,0,0,0,0,0,0,0,0,0,0,0,0,0,0,0,0,0,0,0,0,0,0,0,0,0,0,0,0,0,0,0,0,0,0,0,0,0,2142961664,814710784,130796,49726,0,276,131072,150980476,0,0,1378435094,2147483648,117079239,147849695,0,0,0,0,0,0,0,0,0,0,0,0,0,0,0,0,0,0,8769303,8769380,0,97,97,6265,329,17538737,35,0,0,0,0,0,0,0,1,0,0,0,0,0,0,0,0,0,0,9863926,0,14008974,123982,0,0,0,0,0,0,0,0,16384,0,0,0,0,0,0,0,0,0,0,0,5247,344,0,0,0,0,0,26662727,0,12712,37,4632,342,5247,0,0,0,0,0,0,0,0,0,0,0,0,0,0,0,0,0,0,0,0,0,0,0,0,0,0,0,0,0,0,0,0,0,0,0,0,0,0,0,0,0,0,0,0,0,0,0,0,0,0,0,0,0,110323473,0,0,0,130891111,0,0,0,0,0,0,0,80039707,151052058,187490110,57353518080,46303654,0,0,0,0,0,0,0,0,0,0,0,0,0,0,0,0,0,0,0,0,0,0,0,0,0,0,0,0,0,0,0,12610071,0,0,0,0,0,0,0
1789581126.505,0,0,0,0,0,0,0,272563205,2473311673856,815763861504,0,0,0,0,0,0,0,0,0,0,0,0,0,0,0,0,0,0,0,0,0,0,0,0,0,0,0,0,0,0,0,0,0,0,0,0,0,0,0,0,0,0,0,0,0,0,0,0,0,0,0,0,0,0,0,0,0,0,465496,151151089,45683804,0,0,0,0,0,0,0,0,0,0,0,0,0,0,0,0,0,0,0,0,0,0,0,0,0,0,0,0,0,0,0,0,0,0,0,0,0,2143436800,815693824,130825,49786,0,247,131072,150985556,0,0,1378469703,2147483648,117084228,147853277,0,0,0,0,0,0,0,0,0,0,0,0,0,0,0,0,0,0,8769533,8769607,0,97,97,6265,329,17539190,35,0,0,0,0,0,0,0,1,0,0,0,0,0,0,0,0,0,0,9864178,0,14008974,123982,0,0,0,0,0,0,0,0,16384,0,0,0,0,0,0,0,0,0,0,0,5248,344,0,0,0,0,0,26663407,0,12712,37,4632,342,5248,0,0,0,0,0,0,0,0,0,0,0,0,0,0,0,0,0,0,0,0,0,0,0,0,0,0,0,0,0,0,0,0,0,0,0,0,0,0,0,0,0,0,0,0,0,0,0,0,0,0,0,0,0,110324665,0,0,0,130894344,0,0,0,0,0,0,0,80041638,151057140,187493575,57354198528,46304448,0,0,0,0,0,0,0,0,0,0,0,0,0,0,0,0,0,0,0,0,0,0,0,0,0,0,0,0,0,0,0,12610294,0,0,0,0,0,0,0
1789581127.531,0,0,0,0,0,0,0,272569694,2473394314752,815782548480,0,0,0,0,0,0,0,0,0,0,0,0,0,0,0,0,0,0,0,0,0,0,0,0,0,0,0,0,0,0,0,0,0,0,0,0,0,0,0,0,0,0,0,0,0,0,0,0,0,0,0,0,0,0,0,0,0,0,465499,151156127,45684911,0,0,0,0,0,0,0,0,0,0,0,0,0,0,0,0,0,0,0,0,0,0,0,0,0,0,0,0,0,0,0,0,0,0,0,0,0,2142928896,816447488,130794,49832,0,278,131072,150990590,0,0,1378503353,2147483648,117089252,147856808,0,0,0,0,0,0,0,0,0,0,0,0,0,0,0,0,0,0,8769771,8769844,0,97,97,6265,329,17539635,35,0,0,0,0,0,0,0,1,0,0,0,0,0,0,0,0,0,0,9864446,0,14008974,123982,0,0,0,0,0,0,0,0,16384,0,0,0,0,0,0,0,0,0,0,0,5249,344,0,0,0,0,0,26664130,0,12712,37,4632,342,5249,0,0,0,0,0,0,0,0,0,0,0,0,0,0,0,0,0,0,0,0,0,0,0,0,0,0,0,0,0,0,0,0,0,0,0,0,0,0,0,0,0,0,0,0,0,0,0,0,0,0,0,0,0,110325889,0,0,0,130897493,0,0,0,0,0,0,0,80043531,151062183,187496963,57354891776,46305260,1,0,0,0,0,0,0,0,0,0,0,0,0,0,0,0,0,0,0,0,0,0,0,0,0,0,0,0,0,0,0,12610534,0,0,0,0,0,0,0
1789581128.557,0,0,0,0,0,0,0,272576376,2473479069184,815801357824,0,0,0,0,0,0,0,0,0,0,0,0,0,0,0,0,0,0,0,0,0,0,0,0,0,0,0,0,0,0,0,0,0,0,0,0,0,0,0,0,0,0,0,0,0,0,0,0,0,0,0,0,0,0,0,0,0,0,465499,151161319,45685996,0,0,0,0,0,0,0,0,0,0,0,0,0,0,0,0,0,0,0,0,0,0,0,0,0,0,0,0,0,0,0,0,0,0,0,0,0,2143223808,816250880,130812,49820,0,260,131072,150995779,0,0,1378538596,2147483648,117094365,147860020,0,0,0,0,0,0,0,0,0,0,0,0,0,0,0,0,0,0,8769967,8770045,0,97,97,6265,329,17540056,35,0,0,0,0,0,0,0,1,0,0,0,0,0,0,0,0,0,0,9864673,0,14008974,123982,0,0,0,0,0,0,0,0,16384,0,0,0,0,0,0,0,0,0,0,0,5250,344,0,0,0,0,0,26664741,0,12712,37,4632,342,5250,0,0,0,0,0,0,0,0,0,0,0,0,0,0,0,0,0,0,0,0,0,0,0,0,0,0,0,0,0,0,0,0,0,0,0,0,0,0,0,0,0,0,0,0,0,0,0,0,0,0,0,0,0,110327008,0,0,0,130900420,0,0,0,0,0,0,0,80045379,151067364,187500272,57355517952,46306012,0,0,0,0,0,0,0,0,0,0,0,0,0,0,0,0,0,0,0,0,0,0,0,0,0,0,0,0,0,0,0,12610735,0,0,0,0,0,0,0
1789581129.583,0,0,0,0,0,0,0,272582938,2473562938880,815821557248,0,0,0,0,0,0,0,0,0,0,0,0,0,0,0,0,0,0,0,0,0,0,0,0,0,0,0,0,0,0,0,0,0,0,0,0,0,0,0,0,0,0,0,0,0,0,0,0,0,0,0,0,0,0,0,0,0,0,465507,151166444,45687159,0,0,0,0,0,0,0,0,0,0,0,0,0,0,0,0,0,0,0,0,0,0,0,0,0,0,0,0,0,0,0,0,0,0,0,0,0,2143338496,817102848,130819,49872,0,253,131072,151000899,0,0,1378573257,2147483648,117099433,147863664,0,0,0,0,0,0,0,0,0,0,0,0,0,0,0,0,0,0,8770204,8770277,0,97,97,6265,329,17540519,35,0,0,0,0,0,0,0,1,0,0,0,0,0,0,0,0,0,0,9864928,0,14008974,123982,0,0,0,0,0,0,0,0,16384,0,0,0,0,0,0,0,0,0,0,0,5251,344,0,0,0,0,0,26665425,0,12712,37,4632,342,5251,0,0,0,0,0,0,0,0,0,0,0,0,0,0,0,0,0,0,0,0,0,0,0,0,0,0,0,0,0,0,0,0,0,0,0,0,0,0,0,0,0,0,0,0,0,0,0,0,0,0,0,0,0,110328249,0,0,0,130903670,0,0,0,0,0,0,0,80047378,151072485,187503856,57356222976,46306839,0,0,0,0,0,0,0,0,0,0,0,0,0,0,0,0,0,0,0,0,0,0,0,0,0,0,0,0,0,0,0,12610961,0,0,0,0,0,0,0
1789581130.609,0,0,0,0,0,0,0,272589539,2473647365632,815840510976,0,0,0,0,0,0,0,0,0,0,0,0,0,0,0,0,0,0,0,0,0,0,0,0,0,0,0,0,0,0,0,0,0,0,0,0,0,0,0,0,0,0,0,0,0,0,0,0,0,0,0,0,0,0,0,0,0,0,465513,151171602,45688258,0,0,0,0,0,0,0,0,0,0,0,0,0,0,0,0,0,0,0,0,0,0,0,0,0,0,0,0,0,0,0,0,0,0,0,0,0,2143453184,816857088,130826,49857,0,246,131072,151006052,0,0,1378607794,2147483648,117104528,147867012,0,0,0,0,0,0,0,0,0,0,0,0,0,0,0,0,0,0,8770420,8770500,0,97,97,6265,329,17540933,35,0,0,0,0,0,0,0,1,0,0,0,0,0,0,0,0,0,0,9865177,0,14008974,123982,0,0,0,0,0,0,0,0,16384,0,0,0,0,0,0,0,0,0,0,0,5252,344,0,0,0,0,0,26666104,0,12712,37,4632,342,5252,0,0,0,0,0,0,0,0,0,0,0,0,0,0,0,0,0,0,0,0,0,0,0,0,0,0,0,0,0,0,0,0,0,0,0,0,0,0,0,0,0,0,0,0,0,0,0,0,0,0,0,0,0,110329415,0,0,0,130906645,0,0,0,0,0,0,0,80049250,151077646,187507224,57356881408,46307611,0,0,0,0,0,0,0,0,0,0,0,0,0,0,0,0,0,0,0,0,0,0,0,0,0,0,0,0,0,0,0,12611183,0,0,0,0,0,0,0
1789581131.635,0,0,0,0,0,0,0,272596358,2473733758464,815859014656,0,0,0,0,0,0,0,0,0,0,0,0,0,0,0,0,0,0,0,0,0,0,0,0,0,0,0,0,0,0,0,0,0,0,0,0,0,0,0,0,0,0,0,0,0,0,0,0,0,0,0,0,0,0,0,0,0,0,465527,151176877,45689329,0,0,0,0,0,0,0,0,0,0,0,0,0,0,0,0,0,0,0,0,0,0,0,0,0,0,0,0,0,0,0,0,0,0,0,0,0,2143485952,818266112,130828,49943,0,244,131072,151011324,0,0,1378643919,2147483648,117109759,147870476,0,0,0,0,0,0,0,0,0,0,0,0,0,0,0,0,0,0,8770629,8770703,0,97,97,6265,329,17541375,35,0,0,0,0,0,0,0,1,0,0,0,0,0,0,0,0,0,0,9865408,0,14008974,123982,0,0,0,0,0,0,0,0,16384,0,0,0,0,0,0,0,0,0,0,0,5253,344,0,0,0,0,0,26666722,0,12712,37,4632,342,5253,0,0,0,0,0,0,0,0,0,0,0,0,0,0,0,0,0,0,0,0,0,0,0,0,0,0,0,0,0,0,0,0,0,0,0,0,0,0,0,0,0,0,0,0,0,0,0,0,0,0,0,0,0,110330574,0,0,0,130909696,0,0,0,0,0,0,0,80051104,151082924,187510531,57357546496,46308391,0,0,0,0,0,0,0,0,0,0,0,0,0,0,0,0,0,0,0,0,0,0,0,0,0,0,0,0,0,0,0,12611388,0,0,0,0,0,0,0
1789581132.662,0,0,0,0,0,0,0,272602742,2473814597120,815878266880,0,0,0,0,0,0,0,0,0,0,0,0,0,0,0,0,0,0,0,0,0,0,0,0,0,0,0,0,0,0,0,0,0,0,0,0,0,0,0,0,0,0,0,0,0,0,0,0,0,0,0,0,0,0,0,0,0,0,465531,151181819,45690454,0,0,0,0,0,0,0,0,0,0,0,0,0,0,0,0,0,0,0,0,0,0,0,0,0,0,0,0,0,0,0,0,0,0,0,0,0,2143518720,819396608,130829,50012,0,243,131072,151016264,0,0,1378677182,2147483648,117114656,147874030,0,0,0,0,0,0,0,0,0,0,0,0,0,0,0,0,0,0,8770859,8770926,0,97,97,6265,329,17541831,35,0,0,0,0,0,0,0,1,0,0,0,0,0,0,0,0,0,0,9865649,0,14008974,123982,0,0,0,0,0,0,0,0,16384,0,0,0,0,0,0,0,0,0,0,0,5254,344,0,0,0,0,0,26667368,0,12712,37,4632,342,5254,0,0,0,0,0,0,0,0,0,0,0,0,0,0,0,0,0,0,0,0,0,0,0,0,0,0,0,0,0,0,0,0,0,0,0,0,0,0,0,0,0,0,0,0,0,0,0,0,0,0,0,0,0,110331775,0,0,0,130912892,0,0,0,0,0,0,0,80053029,151087864,187513970,57358227456,46309198,0,0,0,0,0,0,0,0,0,0,0,0,0,0,0,0,0,0,0,0,0,0,0,0,0,0,0,0,0,0,0,12611600,0,0,0,0,0,0,0
1789581133.689,0,0,0,0,0,0,0,272609304,2473898057216,815898352640,0,0,0,0,0,0,0,0,0,0,0,0,0,0,0,0,0,0,0,0,0,0,0,0,0,0,0,0,0,0,0,0,0,0,0,0,0,0,0,0,0,0,0,0,0,0,0,0,0,0,0,0,0,0,0,0,0,0,465543,151186929,45691636,0,0,0,0,0,0,0,0,0,0,0,0,0,0,0,0,0,0,0,0,0,0,0,0,0,0,0,0,0,0,0,0,0,0,0,0,0,2143502336,818724864,130829,49971,0,243,131072,151021373,0,0,1378711366,2147483648,117119718,147877458,0,0,0,0,0,0,0,0,0,0,0,0,0,0,0,0,0,0,8771074,8771153,0,97,97,6265,329,17542243,35,0,0,0,0,0,0,0,1,0,0,0,0,0,0,0,0,0,0,9865903,0,14008974,123982,0,0,0,0,0,0,0,0,16384,0,0,0,0,0,0,0,0,0,0,0,5255,344,0,0,0,0,0,26668058,0,12712,37,4632,342,5255,0,0,0,0,0,0,0,0,0,0,0,0,0,0,0,0,0,0,0,0,0,0,0,0,0,0,0,0,0,0,0,0,0,0,0,0,0,0,0,0,0,0,0,0,0,0,0,0,0,0,0,0,0,110332963,0,0,0,130915882,0,0,0,0,0,0,0,80054980,151092968,187517491,57358899712,46309982,0,0,0,0,0,0,0,0,0,0,0,0,0,0,0,0,0,0,0,0,0,0,0,0,0,0,0,0,0,0,0,12611828,0,0,0,0,0,0,0
1789581134.714,0,0,0,0,0,0,0,272615892,2473982270976,815915973632,0,0,0,0,0,0,0,0,0,0,0,0,0,0,0,0,0,0,0,0,0,0,0,0,0,0,0,0,0,0,0,0,0,0,0,0,0,0,0,0,0,0,0,0,0,0,0,0,0,0,0,0,0,0,0,0,0,0,465551,151192068,45692650,0,0,0,0,0,0,0,0,0,0,0,0,0,0,0,0,0,0,0,0,0,0,0,0,0,0,0,0,0,0,0,0,0,0,0,0,0,2143420416,820183040,130824,50060,0,248,131072,151026510,0,0,1378745985,2147483648,117124824,147880781,0,0,0,0,0,0,0,0,0,0,0,0,0,0,0,0,0,0,8771280,8771357,0,97,97,6265,329,17542665,35,0,0,0,0,0,0,0,1,0,0,0,0,0,0,0,0,0,0,9866136,0,14008974,123982,0,0,0,0,0,0,0,0,16384,0,0,0,0,0,0,0,0,0,0,0,5256,344,0,0,0,0,0,26668689,0,12712,37,4632,342,5256,0,0,0,0,0,0,0,0,0,0,0,0,0,0,0,0,0,0,0,0,0,0,0,0,0,0,0,0,0,0,0,0,0,0,0,0,0,0,0,0,0,0,0,0,0,0,0,0,0,0,0,0,0,110334098,0,0,0,130918851,0,0,0,0,0,0,0,80056770,151098110,187520668,57359545856,46310751,0,0,0,0,0,0,0,0,0,0,0,0,0,0,0,0,0,0,0,0,0,0,0,0,0,0,0,0,0,0,0,12612035,0,0,0,0,0,0,0
1789581135.740,0,0,0,0,0,0,0,272622725,2474068811264,815936291328,0,0,0,0,0,0,0,0,0,0,0,0,0,0,0,0,0,0,0,0,0,0,0,0,0,0,0,0,0,0,0,0,0,0,0,0,0,0,0,0,0,0,0,0,0,0,0,0,0,0,0,0,0,0,0,0,0,0,465560,151197364,45693831,0,0,0,0,0,0,0,0,0,0,0,0,0,0,0,0,0,0,0,0,0,0,0,0,0,0,0,0,0,0,0,0,0,0,0,0,0,2143387648,821297152,130822,50128,0,250,131072,151031805,0,0,1378781681,2147483648,117130048,147884502,0,0,0,0,0,0,0,0,0,0,0,0,0,0,0,0,0,0,8771518,8771596,0,97,97,6265,329,17543142,35,0,0,0,0,0,0,0,1,0,0,0,0,0,0,0,0,0,0,9866400,0,14008974,123982,0,0,0,0,0,0,0,0,16384,0,0,0,0,0,0,0,0,0,0,0,5257,344,0,0,0,0,0,26669401,0,12712,37,4632,342,5257,0,0,0,0,0,0,0,0,0,0,0,0,0,0,0,0,0,0,0,0,0,0,0,0,0,0,0,0,0,0,0,0,0,0,0,0,0,0,0,0,0,0,0,0,0,0,0,0,0,0,0,0,0,110335348,0,0,0,130922171,0,0,0,0,0,0,0,80058768,151103400,187524275,57360260608,46311570,0,0,0,0,0,0,0,0,0,0,0,0,0,0,0,0,0,0,0,0,0,0,0,0,0,0,0,0,0,0,0,12612269,0,0,0,0,0,0,0
1789581136.766,0,0,0,0,0,0,0,272629456,2474154794496,815956719104,0,0,0,0,0,0,0,0,0,0,0,0,0,0,0,0,0,0,0,0,0,0,0,0,0,0,0,0,0,0,0,0,0,0,0,0,0,0,0,0,0,0,0,0,0,0,0,0,0,0,0,0,0,0,0,0,0,0,465566,151202622,45695030,0,0,0,0,0,0,0,0,0,0,0,0,0,0,0,0,0,0,0,0,0,0,0,0,0,0,0,0,0,0,0,0,0,0,0,0,0,2143649792,820215808,130838,50062,0,234,131072,151037059,0,0,1378817063,2147483648,117135237,147887904,0,0,0,0,0,0,0,0,0,0,0,0,0,0,0,0,0,0,8771731,8771805,0,97,97,6265,329,17543577,35,0,0,0,0,0,0,0,1,0,0,0,0,0,0,0,0,0,0,9866637,0,14008974,123982,0,0,0,0,0,0,0,0,16384,0,0,0,0,0,0,0,0,0,0,0,5258,344,0,0,0,0,0,26670047,0,12712,37,4632,342,5258,0,0,0,0,0,0,0,0,0,0,0,0,0,0,0,0,0,0,0,0,0,0,0,0,0,0,0,0,0,0,0,0,0,0,0,0,0,0,0,0,0,0,0,0,0,0,0,0,0,0,0,0,0,110336545,0,0,0,130925221,0,0,0,0,0,0,0,80060765,151108651,187527852,57360935424,46312377,0,0,0,0,0,0,0,0,0,0,0,0,0,0,0,0,0,0,0,0,0,0,0,0,0,0,0,0,0,0,0,12612479,0,0,0,0,0,0,0
1789581137.792,0,0,0,0,0,0,0,272636297,2474240794112,815975141888,0,0,0,0,0,0,0,0,0,0,0,0,0,0,0,0,0,0,0,0,0,0,0,0,0,0,0,0,0,0,0,0,0,0,0,0,0,0,0,0,0,0,0,0,0,0,0,0,0,0,0,0,0,0,0,0,0,0,465575,151207876,45696090,0,0,0,0,0,0,0,0,0,0,0,0,0,0,0,0,0,0,0,0,0,0,0,0,0,0,0,0,0,0,0,0,0,0,0,0,0,2143305728,822362112,130817,50193,0,255,131072,151042311,0,0,1378852686,2147483648,117140469,147891615,0,0,0,0,0,0,0,0,0,0,0,0,0,0,0,0,0,0,8771970,8772046,0,97,97,6265,329,17544026,35,0,0,0,0,0,0,0,1,0,0,0,0,0,0,0,0,0,0,9866911,0,14008974,123982,0,0,0,0,0,0,0,0,16384,0,0,0,0,0,0,0,0,0,0,0,5259,344,0,0,0,0,0,26670799,0,12712,37,4632,342,5259,0,0,0,0,0,0,0,0,0,0,0,0,0,0,0,0,0,0,0,0,0,0,0,0,0,0,0,0,0,0,0,0,0,0,0,0,0,0,0,0,0,0,0,0,0,0,0,0,0,0,0,0,0,110337818,0,0,0,130928492,0,0,0,0,0,0,0,80062675,151113905,187531251,57361657344,46313224,0,0,0,0,0,0,0,0,0,0,0,0,0,0,0,0,0,0,0,0,0,0,0,0,0,0,0,0,0,0,0,12612724,0,0,0,0,0,0,0
1789581138.818,0,0,0,0,0,0,0,272643262,2474329497088,815996129792,0,0,0,0,0,0,0,0,0,0,0,0,0,0,0,0,0,0,0,0,0,0,0,0,0,0,0,0,0,0,0,0,0,0,0,0,0,0,0,0,0,0,0,0,0,0,0,0,0,0,0,0,0,0,0,0,0,0,465583,151213297,45697322,0,0,0,0,0,0,0,0,0,0,0,0,0,0,0,0,0,0,0,0,0,0,0,0,0,0,0,0,0,0,0,0,0,0,0,0,0,2143895552,821526528,130853,50142,0,219,131072,151047728,0,0,1378888954,2147483648,117145804,147895135,0,0,0,0,0,0,0,0,0,0,0,0,0,0,0,0,0,0,8772194,8772265,0,97,97,6265,329,17544474,35,0,0,0,0,0,0,0,1,0,0,0,0,0,0,0,0,0,0,9867150,0,14008974,123982,0,0,0,0,0,0,0,0,16384,0,0,0,0,0,0,0,0,0,0,0,5260,344,0,0,0,0,0,26671441,0,12712,37,4632,342,5260,0,0,0,0,0,0,0,0,0,0,0,0,0,0,0,0,0,0,0,0,0,0,0,0,0,0,0,0,0,0,0,0,0,0,0,0,0,0,0,0,0,0,0,0,0,0,0,0,0,0,0,0,0,110339029,0,0,0,130931649,0,0,0,0,0,0,0,80064714,151119329,187534907,57362344448,46314040,0,0,0,0,0,0,0,0,0,0,0,0,0,0,0,0,0,0,0,0,0,0,0,0,0,0,0,0,0,0,0,12612935,0,0,0,0,0,0,0
1789581139.844,0,0,0,0,0,0,0,272650185,2474417282560,816018869760,0,0,0,0,0,0,0,0,0,0,0,0,0,0,0,0,0,0,0,0,0,0,0,0,0,0,0,0,0,0,0,0,0,0,0,0,0,0,0,0,0,0,0,0,0,0,0,0,0,0,0,0,0,0,0,0,0,0,465589,151218666,45698503,0,0,0,0,0,0,0,0,0,0,0,0,0,0,0,0,0,0,0,0,0,0,0,0,0,0,0,0,0,0,0,0,0,0,0,0,0,2143961088,821362688,130857,50132,0,216,131072,151053094,0,0,1378925519,2147483648,117151083,147898635,0,0,0,0,0,0,0,0,0,0,0,0,0,0,0,0,0,0,8772412,8772491,0,97,97,6265,329,17544930,35,0,0,0,0,0,0,0,1,0,0,0,0,0,0,0,0,0,0,9867401,0,14008974,123984,0,0,0,0,0,0,0,0,16384,0,0,0,0,0,0,0,0,0,0,0,5262,344,0,0,0,0,0,26672119,0,12712,37,4632,342,5262,0,0,0,0,0,0,0,0,0,0,0,0,0,0,0,0,0,0,0,0,0,0,0,0,0,0,0,0,0,0,0,0,0,0,0,0,0,0,0,0,0,0,0,0,0,0,0,0,0,0,0,0,0,110340272,0,0,0,130934804,0,0,0,0,0,0,0,80066653,151124700,187538613,57363037184,46314852,0,0,0,0,0,0,0,0,0,0,0,0,0,0,0,0,0,0,0,0,0,0,0,0,0,0,0,0,0,0,0,12613158,0,0,0,0,0,0,0
1789581140.871,0,0,0,0,0,0,0,272658763,2474525957632,816063258624,0,0,0,0,0,0,0,0,0,0,0,0,0,0,0,0,0,0,0,0,0,0,0,0,0,0,0,0,0,0,0,0,0,0,0,0,0,0,0,0,0,0,0,0,0,0,0,0,0,0,0,0,0,0,0,0,0,0,465600,151225318,45701277,0,0,0,0,0,0,0,0,0,0,0,0,0,0,0,0,0,0,0,0,0,0,0,0,0,0,0,0,0,0,0,0,0,0,0,0,0,2143666176,800342016,130839,48849,0,233,131072,151059745,0,0,1378970326,2147483648,117157655,147903042,0,0,0,0,0,0,0,0,0,0,0,0,0,0,0,0,0,0,8772705,8772779,0,97,97,6265,329,17545477,35,0,0,0,0,0,0,0,1,0,0,0,0,0,0,0,0,0,0,9867712,0,14010372,123994,0,0,0,0,0,0,0,0,16384,0,0,0,0,0,0,0,0,0,0,0,5263,344,0,0,0,0,0,26672960,0,12712,37,4632,342,5263,0,0,0,0,0,0,0,0,0,0,0,0,0,0,0,0,0,0,0,0,0,0,0,0,0,0,0,0,0,0,0,0,0,0,0,0,0,0,0,0,0,0,0,0,0,0,0,0,0,0,0,0,0,110341659,0,0,0,130938743,0,0,0,0,0,0,0,80069219,151131336,187544090,57363849728,46315767,0,0,0,0,0,0,0,0,0,0,0,0,0,0,0,0,0,0,0,0,0,0,0,0,0,0,0,0,0,0,0,12613434,0,0,0,0,0,0,0
1789581141.897,0,0,0,0,0,0,0,272668142,2474645167616,816090967040,0,0,0,0,0,0,0,0,0,0,0,0,0,0,0,0,0,0,0,0,0,0,0,0,0,0,0,0,0,0,0,0,0,0,0,0,0,0,0,0,0,0,0,0,0,0,0,0,0,0,0,0,0,0,0,0,0,0,465612,151232611,45702903,0,0,0,0,0,0,0,0,0,0,0,0,0,0,0,0,0,0,0,0,0,0,0,0,0,0,0,0,0,0,0,0,0,0,0,0,0,2144436224,799752192,130886,48813,0,186,131072,151067031,0,0,1379019441,2147483648,117164845,147907750,0,0,0,0,0,0,0,0,0,0,0,0,0,0,0,0,0,0,8772993,8773076,0,97,97,6265,329,17546079,35,0,0,0,0,0,0,0,1,0,0,0,0,0,0,0,0,0,0,9868043,0,14010372,123994,0,0,0,0,0,0,0,0,16384,0,0,0,0,0,0,0,0,0,0,0,5264,344,0,0,0,0,0,26673859,0,12712,37,4632,342,5264,0,0,0,0,0,0,0,0,0,0,0,0,0,0,0,0,0,0,0,0,0,0,0,0,0,0,0,0,0,0,0,0,0,0,0,0,0,0,0,0,0,0,0,0,0,0,0,0,0,0,0,0,0,110343105,0,0,0,130942962,0,0,0,0,0,0,0,80071795,151138628,187548776,57364694016,46316723,0,0,0,0,0,0,0,0,0,0,0,0,0,0,0,0,0,0,0,0,0,0,0,0,0,0,0,0,0,0,0,12613728,0,0,0,0,0,0,0
1789581142.923,0,0,0,0,0,0,0,272678490,2474776993280,816120162304,0,0,0,0,0,0,0,0,0,0,0,0,0,0,0,0,0,0,0,0,0,0,0,0,0,0,0,0,0,0,0,0,0,0,0,0,0,0,0,0,0,0,0,0,0,0,0,0,0,0,0,0,0,0,0,0,0,0,465623,151240665,45704625,0,0,0,0,0,0,0,0,0,0,0,0,0,0,0,0,0,0,0,0,0,0,0,0,0,0,0,0,0,0,0,0,0,0,0,0,0,2144583680,799735808,130895,48812,0,177,131072,151075084,0,0,1379073869,2147483648,117172816,147912865,0,0,0,0,0,0,0,0,0,0,0,0,0,0,0,0,0,0,8773328,8773414,0,97,97,6265,329,17546724,35,0,0,0,0,0,0,0,1,0,0,0,0,0,0,0,0,0,0,9868412,0,14010372,123994,0,0,0,0,0,0,0,0,16384,0,0,0,0,0,0,0,0,0,0,0,5265,344,0,0,0,0,0,26674858,0,12712,37,4632,342,5265,0,0,0,0,0,0,0,0,0,0,0,0,0,0,0,0,0,0,0,0,0,0,0,0,0,0,0,0,0,0,0,0,0,0,0,0,0,0,0,0,0,0,0,0,0,0,0,0,0,0,0,0,0,110344658,0,0,0,130947587,0,0,0,0,0,0,0,80074518,151146685,187553732,57365614080,46317743,0,0,0,0,0,0,0,0,0,0,0,0,0,0,0,0,0,0,0,0,0,0,0,0,0,0,0,0,0,0,0,12614055,0,0,0,0,0,0,0
1789581143.949,0,0,0,0,0,0,0,272690116,2474925514240,816154231296,0,0,0,0,0,0,0,0,0,0,0,0,0,0,0,0,0,0,0,0,0,0,0,0,0,0,0,0,0,0,0,0,0,0,0,0,0,0,0,0,0,0,0,0,0,0,0,0,0,0,0,0,0,0,0,0,0,0,465644,151249759,45706617,0,0,0,0,0,0,0,0,0,0,0,0,0,0,0,0,0,0,0,0,0,0,0,0,0,0,0,0,0,0,0,0,0,0,0,0,0,2145271808,798834688,130937,48757,0,135,131072,151084172,0,0,1379135331,2147483648,117181783,147918538,0,0,0,0,0,0,0,0,0,0,0,0,0,0,0,0,0,0,8773696,8773786,0,97,97,6265,329,17547439,35,0,0,0,0,0,0,0,1,0,0,0,0,0,0,0,0,0,0,9868806,0,14010372,123994,0,0,0,0,0,0,0,0,16384,0,0,0,0,0,0,0,0,0,0,0,5266,344,0,0,0,0,0,26675926,0,12712,37,4632,342,5266,0,0,0,0,0,0,0,0,0,0,0,0,0,0,0,0,0,0,0,0,0,0,0,0,0,0,0,0,0,0,0,0,0,0,0,0,0,0,0,0,0,0,0,0,0,0,0,0,0,0,0,0,0,110346318,0,0,0,130952692,0,0,0,0,0,0,0,80077564,151155770,187559376,57366603264,46318795,0,0,0,0,0,0,0,0,0,0,0,0,0,0,0,0,0,0,0,0,0,0,0,0,0,0,0,0,0,0,0,12614404,0,0,0,0,0,0,0
1789581144.976,0,0,0,0,0,0,0,272707720,2475149598208,816204756480,0,0,0,0,0,0,0,0,0,0,0,0,0,0,0,0,0,0,0,0,0,0,0,0,0,0,0,0,0,0,0,0,0,0,0,0,0,0,0,0,0,0,0,0,0,0,0,0,0,0,0,0,0,0,0,0,0,0,465704,151263456,45709590,0,0,0,0,0,0,0,0,0,0,0,0,0,0,0,0,0,0,0,0,0,0,0,0,0,0,0,0,0,0,0,0,0,0,0,0,0,2146123776,801046528,130990,48892,0,82,131072,151097860,0,0,1379228131,2147483648,117195338,147927628,0,0,0,0,0,0,0,0,0,0,0,0,0,0,0,0,0,0,8774274,8774362,0,97,97,6265,329,17548567,35,0,0,0,0,0,0,0,1,0,0,0,0,0,0,0,0,0,0,9869404,0,14010372,123994,0,0,0,0,0,0,0,0,16384,0,0,0,0,0,0,0,0,0,0,0,5267,344,0,0,0,0,0,26677530,0,12712,37,4632,342,5267,0,0,0,0,0,0,0,0,0,0,0,0,0,0,0,0,0,0,0,0,0,0,0,0,0,0,0,0,0,0,0,0,0,0,0,0,0,0,0,0,0,0,0,0,0,0,0,0,0,0,0,0,0,110348393,0,0,0,130960750,0,0,0,0,0,0,0,80081824,151169465,187567365,57367984640,46320098,0,0,0,0,0,0,0,0,0,0,0,0,0,0,0,0,0,0,0,0,0,0,0,0,0,0,0,0,0,0,0,12614931,0,0,0,0,0,0,0
1789581146.002,0,0,0,0,0,0,0,272734223,2475488091648,816282199040,0,0,0,0,0,0,0,0,0,0,0,0,0,0,0,0,0,0,0,0,0,0,0,0,0,0,0,0,0,0,0,0,0,0,0,0,0,0,0,0,0,0,0,0,0,0,0,0,0,0,0,0,0,0,0,0,0,0,465852,151284148,45714121,0,0,0,0,0,0,0,0,0,0,0,0,0,0,0,0,0,0,0,0,0,0,0,0,0,0,0,0,0,0,0,0,0,0,0,0,0,2146304000,810827776,131000,49489,0,72,131072,151118532,0,0,1379368810,2147483648,117215874,147942868,0,0,0,0,0,0,0,0,0,0,0,0,0,0,0,0,0,0,8775204,8775291,0,97,97,6265,329,17550428,35,0,0,0,0,0,0,0,1,0,0,0,0,0,0,0,0,0,0,9870392,0,14010386,123996,0,0,0,0,0,0,0,0,16384,0,0,0,0,0,0,0,0,0,0,0,5268,344,0,0,0,0,0,26680176,0,12712,37,4632,342,5268,0,0,0,0,0,0,0,0,0,0,0,0,0,0,0,0,0,0,0,0,0,0,0,0,0,0,0,0,0,0,0,0,0,0,0,0,0,0,0,0,0,0,0,0,0,0,0,0,0,0,0,0,0,110351470,0,0,0,130973839,0,0,0,0,0,0,0,80088236,151190151,187579467,57370208768,46321996,1,0,0,0,0,0,0,0,0,0,0,0,0,0,0,0,0,0,0,0,0,0,0,0,0,0,0,0,0,0,0,12615801,0,0,0,0,0,0,0
1789581147.029,0,0,0,0,0,0,0,272751308,2475703082496,816331908096,0,0,0,0,0,0,0,0,0,0,0,0,0,0,0,0,0,0,0,0,0,0,0,0,0,0,0,0,0,0,0,0,0,0,0,0,0,0,0,0,0,0,0,0,0,0,0,0,0,0,0,0,0,0,0,0,0,0,465917,151297292,45716957,0,0,0,0,0,0,0,0,0,0,0,0,0,0,0,0,0,0,0,0,0,0,0,0,0,0,0,0,0,0,0,0,0,0,0,0,0,2145615872,815415296,130958,49769,0,114,131072,151131675,0,0,1379457778,2147483648,117228986,147952220,0,0,0,0,0,0,0,0,0,0,0,0,0,0,0,0,0,0,8775765,8775845,0,97,97,6265,329,17551574,35,0,0,0,0,0,0,0,1,0,0,0,0,0,0,0,0,0,0,9871037,0,14010408,123998,0,0,0,0,0,0,0,0,16384,0,0,0,0,0,0,0,0,0,0,0,5269,344,0,0,0,0,0,26681932,0,12712,37,4632,342,5269,0,0,0,0,0,0,0,0,0,0,0,0,0,0,0,0,0,0,0,0,0,0,0,0,0,0,0,0,0,0,0,0,0,0,0,0,0,0,0,0,0,0,0,0,0,0,0,0,0,0,0,0,0,110355699,0,0,0,130981943,0,0,0,0,0,0,0,80094074,151203288,187589365,57372594688,46325003,0,0,0,0,0,0,0,0,0,0,0,0,0,0,0,0,0,0,0,0,0,0,0,0,0,0,0,0,0,0,0,12616377,0,0,0,0,0,0,0
1789581148.056,0,0,0,0,0,0,0,272766959,2475903917568,816378868736,0,0,0,0,0,0,0,0,0,0,0,0,0,0,0,0,0,0,0,0,0,0,0,0,0,0,0,0,0,0,0,0,0,0,0,0,0,0,0,0,0,0,0,0,0,0,0,0,0,0,0,0,0,0,0,0,0,0,465967,151309583,45719700,0,0,0,0,0,0,0,0,0,0,0,0,0,0,0,0,0,0,0,0,0,0,0,0,0,0,0,0,0,0,0,0,0,0,0,0,0,2145681408,817364992,130962,49888,0,110,131072,151143956,0,0,1379539529,2147483648,117240838,147960599,0,0,0,0,0,0,0,0,0,0,0,0,0,0,0,0,0,0,8776284,8776368,0,97,97,6265,329,17552602,35,0,0,0,0,0,0,0,1,0,0,0,0,0,0,0,0,0,0,9871630,0,14010425,124000,0,0,0,0,0,0,0,0,16384,0,0,0,0,0,0,0,0,0,0,0,5270,344,0,0,0,0,0,26683535,0,12712,37,4632,342,5270,0,0,0,0,0,0,0,0,0,0,0,0,0,0,0,0,0,0,0,0,0,0,0,0,0,0,0,0,0,0,0,0,0,0,0,0,0,0,0,0,0,0,0,0,0,0,0,0,0,0,0,0,0,110357712,0,0,0,130989314,0,0,0,0,0,0,0,80098103,151215572,187596866,57373895680,46326288,0,0,0,0,0,0,0,0,0,0,0,0,0,0,0,0,0,0,0,0,0,0,0,0,0,0,0,0,0,0,0,12616905,0,0,0,0,0,0,0
1789581149.082,0,0,0,0,0,0,0,272781264,2476086304256,816420830208,0,0,0,0,0,0,0,0,0,0,0,0,0,0,0,0,0,0,0,0,0,0,0,0,0,0,0,0,0,0,0,0,0,0,0,0,0,0,0,0,0,0,0,0,0,0,0,0,0,0,0,0,0,0,0,0,0,0,466005,151320726,45722152,0,0,0,0,0,0,0,0,0,0,0,0,0,0,0,0,0,0,0,0,0,0,0,0,0,0,0,0,0,0,0,0,0,0,0,0,0,2145452032,819200000,130948,50000,0,124,131072,151155089,0,0,1379614014,2147483648,117251839,147968130,0,0,0,0,0,0,0,0,0,0,0,0,0,0,0,0,0,0,8776749,8776835,0,97,97,6265,329,17553546,35,0,0,0,0,0,0,0,1,0,0,0,0,0,0,0,0,0,0,9872166,0,14010425,124000,0,0,0,0,0,0,0,0,16384,0,0,0,0,0,0,0,0,0,0,0,5271,344,0,0,0,0,0,26684994,0,12712,37,4632,342,5271,0,0,0,0,0,0,0,0,0,0,0,0,0,0,0,0,0,0,0,0,0,0,0,0,0,0,0,0,0,0,0,0,0,0,0,0,0,0,0,0,0,0,0,0,0,0,0,0,0,0,0,0,0,110359659,0,0,0,130995984,0,0,0,0,0,0,0,80101798,151226715,187603713,57375115776,46327531,0,0,0,0,0,0,0,0,0,0,0,0,0,0,0,0,0,0,0,0,0,0,0,0,0,0,0,0,0,0,0,12617383,0,0,0,0,0,0,0
1789581150.108,0,0,0,0,0,0,0,272794622,2476255632896,816463184896,0,0,0,0,0,0,0,0,0,0,0,0,0,0,0,0,0,0,0,0,0,0,0,0,0,0,0,0,0,0,0,0,0,0,0,0,0,0,0,0,0,0,0,0,0,0,0,0,0,0,0,0,0,0,0,0,0,0,466040,151331081,45724635,0,0,0,0,0,0,0,0,0,0,0,0,0,0,0,0,0,0,0,0,0,0,0,0,0,0,0,0,0,0,0,0,0,0,0,0,0,2145550336,817872896,130954,49919,0,118,131072,151165435,0,0,1379683768,2147483648,117262061,147975168,0,0,0,0,0,0,0,0,0,0,0,0,0,0,0,0,0,0,8777196,8777279,0,97,97,6265,329,17554423,35,0,0,0,0,0,0,0,1,0,0,0,0,0,0,0,0,0,0,9872656,0,14010425,124000,0,0,0,0,0,0,0,0,16384,0,0,0,0,0,0,0,0,0,0,0,5272,344,0,0,0,0,0,26686312,0,12712,37,4632,342,5272,0,0,0,0,0,0,0,0,0,0,0,0,0,0,0,0,0,0,0,0,0,0,0,0,0,0,0,0,0,0,0,0,0,0,0,0,0,0,0,0,0,0,0,0,0,0,0,0,0,0,0,0,0,110361564,0,0,0,131002276,0,0,0,0,0,0,0,80105490,151237065,187610576,57376295424,46328744,0,0,0,0,0,0,0,0,0,0,0,0,0,0,0,0,0,0,0,0,0,0,0,0,0,0,0,0,0,0,0,12617817,0,0,0,0,0,0,0
1789581151.134,0,0,0,0,0,0,0,272807665,2476421570048,816501387264,0,0,0,0,0,0,0,0,0,0,0,0,0,0,0,0,0,0,0,0,0,0,0,0,0,0,0,0,0,0,0,0,0,0,0,0,0,0,0,0,0,0,0,0,0,0,0,0,0,0,0,0,0,0,0,0,0,0,466080,151341216,45726872,0,0,0,0,0,0,0,0,0,0,0,0,0,0,0,0,0,0,0,0,0,0,0,0,0,0,0,0,0,0,0,0,0,0,0,0,0,2145239040,819675136,130935,50029,0,137,131072,151175569,0,0,1379751909,2147483648,117272106,147982143,0,0,0,0,0,0,0,0,0,0,0,0,0,0,0,0,0,0,8777621,8777707,0,97,97,6265,329,17555300,35,0,0,0,0,0,0,0,1,0,0,0,0,0,0,0,0,0,0,9873149,0,14010425,124000,0,0,0,0,0,0,0,0,16384,0,0,0,0,0,0,0,0,0,0,0,5273,344,0,0,0,0,0,26687639,0,12712,37,4632,342,5273,0,0,0,0,0,0,0,0,0,0,0,0,0,0,0,0,0,0,0,0,0,0,0,0,0,0,0,0,0,0,0,0,0,0,0,0,0,0,0,0,0,0,0,0,0,0,0,0,0,0,0,0,0,110363441,0,0,0,131008418,0,0,0,0,0,0,0,80108889,151247201,187616910,57377450496,46329914,0,0,0,0,0,0,0,0,0,0,0,0,0,0,0,0,0,0,0,0,0,0,0,0,0,0,0,0,0,0,0,12618256,0,0,0,0,0,0,0
1789581152.160,0,0,0,0,0,0,0,272818854,2476563668480,816535555584,0,0,0,0,0,0,0,0,0,0,0,0,0,0,0,0,0,0,0,0,0,0,0,0,0,0,0,0,0,0,0,0,0,0,0,0,0,0,0,0,0,0,0,0,0,0,0,0,0,0,0,0,0,0,0,0,0,0,466112,151349902,45728851,0,0,0,0,0,0,0,0,0,0,0,0,0,0,0,0,0,0,0,0,0,0,0,0,0,0,0,0,0,0,0,0,0,0,0,0,0,2145075200,819068928,130925,49992,0,147,131072,151184249,0,0,1379809598,2147483648,117280717,147988133,0,0,0,0,0,0,0,0,0,0,0,0,0,0,0,0,0,0,8777986,8778075,0,97,97,6265,329,17556021,35,0,0,0,0,0,0,0,1,0,0,0,0,0,0,0,0,0,0,9873599,0,14010425,124000,0,0,0,0,0,0,0,0,16384,0,0,0,0,0,0,0,0,0,0,0,5274,344,0,0,0,0,0,26688872,0,12712,37,4632,342,5274,0,0,0,0,0,0,0,0,0,0,0,0,0,0,0,0,0,0,0,0,0,0,0,0,0,0,0,0,0,0,0,0,0,0,0,0,0,0,0,0,0,0,0,0,0,0,0,0,0,0,0,0,0,110365138,0,0,0,131013631,0,0,0,0,0,0,0,80111994,151255880,187622592,57378479104,46331024,0,0,0,0,0,0,0,0,0,0,0,0,0,0,0,0,0,0,0,0,0,0,0,0,0,0,0,0,0,0,0,12618661,0,0,0,0,0,0,0
1789581153.186,0,0,0,0,0,0,0,272828334,2476685417984,816563543552,0,0,0,0,0,0,0,0,0,0,0,0,0,0,0,0,0,0,0,0,0,0,0,0,0,0,0,0,0,0,0,0,0,0,0,0,0,0,0,0,0,0,0,0,0,0,0,0,0,0,0,0,0,0,0,0,0,0,466129,151357335,45730483,0,0,0,0,0,0,0,0,0,0,0,0,0,0,0,0,0,0,0,0,0,0,0,0,0,0,0,0,0,0,0,0,0,0,0,0,0,2144894976,819675136,130914,50029,0,158,131072,151191676,0,0,1379858945,2147483648,117288096,147993033,0,0,0,0,0,0,0,0,0,0,0,0,0,0,0,0,0,0,8778304,8778387,0,97,97,6265,329,17556640,35,0,0,0,0,0,0,0,1,0,0,0,0,0,0,0,0,0,0,9873953,0,14010425,124000,0,0,0,0,0,0,0,0,16384,0,0,0,0,0,0,0,0,0,0,0,5275,344,0,0,0,0,0,26689833,0,12712,37,4632,342,5275,0,0,0,0,0,0,0,0,0,0,0,0,0,0,0,0,0,0,0,0,0,0,0,0,0,0,0,0,0,0,0,0,0,0,0,0,0,0,0,0,0,0,0,0,0,0,0,0,0,0,0,0,0,110366700,0,0,0,131018021,0,0,0,0,0,0,0,80114639,151263317,187627415,57379384320,46332038,0,0,0,0,0,0,0,0,0,0,0,0,0,0,0,0,0,0,0,0,0,0,0,0,0,0,0,0,0,0,0,12618976,0,0,0,0,0,0,0
1789581154.213,0,0,0,0,0,0,0,272837945,2476807446016,816591904768,0,0,0,0,0,0,0,0,0,0,0,0,0,0,0,0,0,0,0,0,0,0,0,0,0,0,0,0,0,0,0,0,0,0,0,0,0,0,0,0,0,0,0,0,0,0,0,0,0,0,0,0,0,0,0,0,0,0,466142,151364792,45732138,0,0,0,0,0,0,0,0,0,0,0,0,0,0,0,0,0,0,0,0,0,0,0,0,0,0,0,0,0,0,0,0,0,0,0,0,0,2145026048,819970048,130922,50047,0,150,131072,151199132,0,0,1379909518,2147483648,117295455,147997954,0,0,0,0,0,0,0,0,0,0,0,0,0,0,0,0,0,0,8778624,8778704,0,97,97,6265,329,17557276,35,0,0,0,0,0,0,0,1,0,0,0,0,0,0,0,0,0,0,9874304,0,14010425,124000,0,0,0,0,0,0,0,0,16384,0,0,0,0,0,0,0,0,0,0,0,5276,344,0,0,0,0,0,26690775,0,12712,37,4632,342,5276,0,0,0,0,0,0,0,0,0,0,0,0,0,0,0,0,0,0,0,0,0,0,0,0,0,0,0,0,0,0,0,0,0,0,0,0,0,0,0,0,0,0,0,0,0,0,0,0,0,0,0,0,0,110368230,0,0,0,131022503,0,0,0,0,0,0,0,80117265,151270769,187632250,57380282368,46333013,0,0,0,0,0,0,0,0,0,0,0,0,0,0,0,0,0,0,0,0,0,0,0,0,0,0,0,0,0,0,0,12619287,0,0,0,0,0,0,0
1789581155.239,0,0,0,0,0,0,0,272848144,2476937272832,816622531072,0,0,0,0,0,0,0,0,0,0,0,0,0,0,0,0,0,0,0,0,0,0,0,0,0,0,0,0,0,0,0,0,0,0,0,0,0,0,0,0,0,0,0,0,0,0,0,0,0,0,0,0,0,0,0,0,0,0,466162,151372726,45733929,0,0,0,0,0,0,0,0,0,0,0,0,0,0,0,0,0,0,0,0,0,0,0,0,0,0,0,0,0,0,0,0,0,0,0,0,0,2144927744,820314112,130916,50068,0,156,131072,151207061,0,0,1379962886,2147483648,117303299,148003348,0,0,0,0,0,0,0,0,0,0,0,0,0,0,0,0,0,0,8778956,8779038,0,97,97,6265,329,17557966,35,0,0,0,0,0,0,0,1,0,0,0,0,0,0,0,0,0,0,9874687,0,14010425,124000,0,0,0,0,0,0,0,0,16384,0,0,0,0,0,0,0,0,0,0,0,5277,344,0,0,0,0,0,26691814,0,12712,37,4632,342,5277,0,0,0,0,0,0,0,0,0,0,0,0,0,0,0,0,0,0,0,0,0,0,0,0,0,0,0,0,0,0,0,0,0,0,0,0,0,0,0,0,0,0,0,0,0,0,0,0,0,0,0,0,0,110369842,0,0,0,131027332,0,0,0,0,0,0,0,80120101,151278703,187637437,57381236224,46334062,0,0,0,0,0,0,0,0,0,0,0,0,0,0,0,0,0,0,0,0,0,0,0,0,0,0,0,0,0,0,0,12619628,0,0,0,0,0,0,0
1789581156.265,0,0,0,0,0,0,0,272858476,2477068525056,816652922880,0,0,0,0,0,0,0,0,0,0,0,0,0,0,0,0,0,0,0,0,0,0,0,0,0,0,0,0,0,0,0,0,0,0,0,0,0,0,0,0,0,0,0,0,0,0,0,0,0,0,0,0,0,0,0,0,0,0,466183,151380743,45735696,0,0,0,0,0,0,0,0,0,0,0,0,0,0,0,0,0,0,0,0,0,0,0,0,0,0,0,0,0,0,0,0,0,0,0,0,0,2145370112,819986432,130943,50048,0,129,131072,151215071,0,0,1380017300,2147483648,117311213,148008521,0,0,0,0,0,0,0,0,0,0,0,0,0,0,0,0,0,0,8779297,8779385,0,97,97,6265,329,17558630,35,0,0,0,0,0,0,0,1,0,0,0,0,0,0,0,0,0,0,9875045,0,14010425,124000,0,0,0,0,0,0,0,0,16384,0,0,0,0,0,0,0,0,0,0,0,5278,344,0,0,0,0,0,26692774,0,12712,37,4632,342,5278,0,0,0,0,0,0,0,0,0,0,0,0,0,0,0,0,0,0,0,0,0,0,0,0,0,0,0,0,0,0,0,0,0,0,0,0,0,0,0,0,0,0,0,0,0,0,0,0,0,0,0,0,0,110371430,0,0,0,131032021,0,0,0,0,0,0,0,80122903,151286718,187642567,57382175744,46335093,0,0,0,0,0,0,0,0,0,0,0,0,0,0,0,0,0,0,0,0,0,0,0,0,0,0,0,0,0,0,0,12619943,0,0,0,0,0,0,0
1789581157.291,0,0,0,0,0,0,0,272868527,2477196877312,816682841600,0,0,0,0,0,0,0,0,0,0,0,0,0,0,0,0,0,0,0,0,0,0,0,0,0,0,0,0,0,0,0,0,0,0,0,0,0,0,0,0,0,0,0,0,0,0,0,0,0,0,0,0,0,0,0,0,0,0,466211,151388581,45737438,0,0,0,0,0,0,0,0,0,0,0,0,0,0,0,0,0,0,0,0,0,0,0,0,0,0,0,0,0,0,0,0,0,0,0,0,0,2144976896,820019200,130919,50050,0,153,131072,151222904,0,0,1380070247,2147483648,117318996,148013764,0,0,0,0,0,0,0,0,0,0,0,0,0,0,0,0,0,0,8779623,8779708,0,97,97,6265,329,17559286,35,0,0,0,0,0,0,0,1,0,0,0,0,0,0,0,0,0,0,9875428,0,14010425,124000,0,0,0,0,0,0,0,0,16384,0,0,0,0,0,0,0,0,0,0,0,5279,344,0,0,0,0,0,26693815,0,12712,37,4632,342,5279,0,0,0,0,0,0,0,0,0,0,0,0,0,0,0,0,0,0,0,0,0,0,0,0,0,0,0,0,0,0,0,0,0,0,0,0,0,0,0,0,0,0,0,0,0,0,0,0,0,0,0,0,0,110373029,0,0,0,131036633,0,0,0,0,0,0,0,80125669,151294556,187647654,57383118848,46336114,0,0,0,0,0,0,0,0,0,0,0,0,0,0,0,0,0,0,0,0,0,0,0,0,0,0,0,0,0,0,0,12620286,0,0,0,0,0,0,0
1789581158.317,0,0,0,0,0,0,0,272880872,2477354458624,816720021504,0,0,0,0,0,0,0,0,0,0,0,0,0,0,0,0,0,0,0,0,0,0,0,0,0,0,0,0,0,0,0,0,0,0,0,0,0,0,0,0,0,0,0,0,0,0,0,0,0,0,0,0,0,0,0,0,0,0,466241,151398219,45739607,0,0,0,0,0,0,0,0,0,0,0,0,0,0,0,0,0,0,0,0,0,0,0,0,0,0,0,0,0,0,0,0,0,0,0,0,0,2145468416,821280768,130949,50127,0,123,131072,151232538,0,0,1380136112,2147483648,117328358,148020444,0,0,0,0,0,0,0,0,0,0,0,0,0,0,0,0,0,0,8780042,8780128,0,97,97,6265,329,17560147,35,0,0,0,0,0,0,0,1,0,0,0,0,0,0,0,0,0,0,9875903,0,14010553,124001,0,0,0,0,0,0,0,0,16384,0,0,0,0,0,0,0,0,0,0,0,5280,344,0,0,0,0,0,26695094,0,12712,37,4632,342,5280,0,0,0,0,0,0,0,0,0,0,0,0,0,0,0,0,0,0,0,0,0,0,0,0,0,0,0,0,0,0,0,0,0,0,0,0,0,0,0,0,0,0,0,0,0,0,0,0,0,0,0,0,0,110374842,0,0,0,131042599,0,0,0,0,0,0,0,80128870,151304187,187653684,57384236032,46337271,1,0,0,0,0,0,0,0,0,0,0,0,0,0,0,0,0,0,0,0,0,0,0,0,0,0,0,0,0,0,0,12620707,0,0,0,0,0,0,0
1789581159.344,0,0,0,0,0,0,0,272892700,2477503569408,816754033664,0,0,0,0,0,0,0,0,0,0,0,0,0,0,0,0,0,0,0,0,0,0,0,0,0,0,0,0,0,0,0,0,0,0,0,0,0,0,0,0,0,0,0,0,0,0,0,0,0,0,0,0,0,0,0,0,0,0,466278,151407335,45741581,0,0,0,0,0,0,0,0,0,0,0,0,0,0,0,0,0,0,0,0,0,0,0,0,0,0,0,0,0,0,0,0,0,0,0,0,0,2144894976,824524800,130914,50325,0,158,131072,151241647,0,0,1380197706,2147483648,117337398,148026954,0,0,0,0,0,0,0,0,0,0,0,0,0,0,0,0,0,0,8780447,8780530,0,97,97,6265,329,17560959,35,0,0,0,0,0,0,0,1,0,0,0,0,0,0,0,0,0,0,9876367,0,14010553,124001,0,0,0,0,0,0,0,0,16384,0,0,0,0,0,0,0,0,0,0,0,5281,344,0,0,0,0,0,26696357,0,12712,37,4632,342,5281,0,0,0,0,0,0,0,0,0,0,0,0,0,0,0,0,0,0,0,0,0,0,0,0,0,0,0,0,0,0,0,0,0,0,0,0,0,0,0,0,0,0,0,0,0,0,0,0,0,0,0,0,0,110376618,0,0,0,131048303,0,0,0,0,0,0,0,80131971,151313301,187659419,57385319424,46338391,0,0,0,0,0,0,0,0,0,0,0,0,0,0,0,0,0,0,0,0,0,0,0,0,0,0,0,0,0,0,0,12621121,0,0,0,0,0,0,0
1789581160.371,0,0,0,0,0,0,0,272904394,2477653335552,816789562880,0,0,0,0,0,0,0,0,0,0,0,0,0,0,0,0,0,0,0,0,0,0,0,0,0,0,0,0,0,0,0,0,0,0,0,0,0,0,0,0,0,0,0,0,0,0,0,0,0,0,0,0,0,0,0,0,0,0,466306,151416482,45743675,0,0,0,0,0,0,0,0,0,0,0,0,0,0,0,0,0,0,0,0,0,0,0,0,0,0,0,0,0,0,0,0,0,0,0,0,0,2144845824,823590912,130911,50268,0,161,131072,151250786,0,0,1380258728,2147483648,117346438,148032997,0,0,0,0,0,0,0,0,0,0,0,0,0,0,0,0,0,0,8780833,8780915,0,97,97,6265,329,17561714,35,0,0,0,0,0,0,0,1,0,0,0,0,0,0,0,0,0,0,9876783,0,14010553,124001,0,0,0,0,0,0,0,0,16384,0,0,0,0,0,0,0,0,0,0,0,5282,344,0,0,0,0,0,26697474,0,12712,37,4632,342,5282,0,0,0,0,0,0,0,0,0,0,0,0,0,0,0,0,0,0,0,0,0,0,0,0,0,0,0,0,0,0,0,0,0,0,0,0,0,0,0,0,0,0,0,0,0,0,0,0,0,0,0,0,0,110378299,0,0,0,131053702,0,0,0,0,0,0,0,80135113,151322453,187665247,57386350592,46339459,0,0,0,0,0,0,0,0,0,0,0,0,0,0,0,0,0,0,0,0,0,0,0,0,0,0,0,0,0,0,0,12621489,0,0,0,0,0,0,0
1789581161.397,0,0,0,0,0,0,0,272915211,2477791550976,816821163008,0,0,0,0,0,0,0,0,0,0,0,0,0,0,0,0,0,0,0,0,0,0,0,0,0,0,0,0,0,0,0,0,0,0,0,0,0,0,0,0,0,0,0,0,0,0,0,0,0,0,0,0,0,0,0,0,0,0,466335,151424926,45745508,0,0,0,0,0,0,0,0,0,0,0,0,0,0,0,0,0,0,0,0,0,0,0,0,0,0,0,0,0,0,0,0,0,0,0,0,0,2144534528,825851904,130892,50406,0,180,131072,151259225,0,0,1380315370,2147483648,117354820,148038895,0,0,0,0,0,0,0,0,0,0,0,0,0,0,0,0,0,0,8781194,8781278,0,97,97,6265,329,17562447,35,0,0,0,0,0,0,0,1,0,0,0,0,0,0,0,0,0,0,9877199,0,14010553,124001,0,0,0,0,0,0,0,0,16384,0,0,0,0,0,0,0,0,0,0,0,5283,344,0,0,0,0,0,26698606,0,12712,37,4632,342,5283,0,0,0,0,0,0,0,0,0,0,0,0,0,0,0,0,0,0,0,0,0,0,0,0,0,0,0,0,0,0,0,0,0,0,0,0,0,0,0,0,0,0,0,0,0,0,0,0,0,0,0,0,0,110379987,0,0,0,131058916,0,0,0,0,0,0,0,80138041,151330898,187670619,57387363328,46340548,0,0,0,0,0,0,0,0,0,0,0,0,0,0,0,0,0,0,0,0,0,0,0,0,0,0,0,0,0,0,0,12621860,0,0,0,0,0,0,0
1789581162.423,0,0,0,0,0,0,0,272924714,2477912284672,816849731072,0,0,0,0,0,0,0,0,0,0,0,0,0,0,0,0,0,0,0,0,0,0,0,0,0,0,0,0,0,0,0,0,0,0,0,0,0,0,0,0,0,0,0,0,0,0,0,0,0,0,0,0,0,0,0,0,0,0,466350,151432311,45747172,0,0,0,0,0,0,0,0,0,0,0,0,0,0,0,0,0,0,0,0,0,0,0,0,0,0,0,0,0,0,0,0,0,0,0,0,0,2144485376,825835520,130889,50405,0,183,131072,151266608,0,0,1380364748,2147483648,117362136,148043812,0,0,0,0,0,0,0,0,0,0,0,0,0,0,0,0,0,0,8781505,8781588,0,97,97,6265,329,17563073,35,0,0,0,0,0,0,0,1,0,0,0,0,0,0,0,0,0,0,9877551,0,14010553,124001,0,0,0,0,0,0,0,0,16384,0,0,0,0,0,0,0,0,0,0,0,5284,344,0,0,0,0,0,26699559,0,12712,37,4632,342,5284,0,0,0,0,0,0,0,0,0,0,0,0,0,0,0,0,0,0,0,0,0,0,0,0,0,0,0,0,0,0,0,0,0,0,0,0,0,0,0,0,0,0,0,0,0,0,0,0,0,0,0,0,0,110381499,0,0,0,131063325,0,0,0,0,0,0,0,80140684,151338278,187675464,57388248064,46341525,0,1,0,0,0,0,0,0,0,0,0,0,0,0,0,0,0,0,0,0,0,0,0,0,0,0,0,0,0,0,0,12622173,0,0,0,0,0,0,0
1789581163.450,0,0,0,0,0,0,0,272934728,2478040047104,816877840384,0,0,0,0,0,0,0,0,0,0,0,0,0,0,0,0,0,0,0,0,0,0,0,0,0,0,0,0,0,0,0,0,0,0,0,0,0,0,0,0,0,0,0,0,0,0,0,0,0,0,0,0,0,0,0,0,0,0,466365,151440125,45748810,0,0,0,0,0,0,0,0,0,0,0,0,0,0,0,0,0,0,0,0,0,0,0,0,0,0,0,0,0,0,0,0,0,0,0,0,0,2144813056,827998208,130909,50537,0,163,131072,151274413,0,0,1380417173,2147483648,117369833,148048926,0,0,0,0,0,0,0,0,0,0,0,0,0,0,0,0,0,0,8781833,8781911,0,97,97,6265,329,17563729,35,0,0,0,0,0,0,0,1,0,0,0,0,0,0,0,0,0,0,9877915,0,14010553,124001,0,0,0,0,0,0,0,0,16384,0,0,0,0,0,0,0,0,0,0,0,5285,344,0,0,0,0,0,26700549,0,12712,37,4632,342,5285,0,0,0,0,0,0,0,0,0,0,0,0,0,0,0,0,0,0,0,0,0,0,0,0,0,0,0,0,0,0,0,0,0,0,0,0,0,0,0,0,0,0,0,0,0,0,0,0,0,0,0,0,0,110383093,0,0,0,131067950,0,0,0,0,0,0,0,80143347,151346083,187680344,57389180416,46342551,0,0,0,0,0,0,0,0,0,0,0,0,0,0,0,0,0,0,0,0,0,0,0,0,0,0,0,0,0,0,0,12622496,0,0,0,0,0,0,0
1789581164.476,0,0,0,0,0,0,0,272944344,2478162173440,816906124800,0,0,0,0,0,0,0,0,0,0,0,0,0,0,0,0,0,0,0,0,0,0,0,0,0,0,0,0,0,0,0,0,0,0,0,0,0,0,0,0,0,0,0,0,0,0,0,0,0,0,0,0,0,0,0,0,0,0,466387,151447589,45750464,0,0,0,0,0,0,0,0,0,0,0,0,0,0,0,0,0,0,0,0,0,0,0,0,0,0,0,0,0,0,0,0,0,0,0,0,0,2145173504,828276736,130931,50554,0,141,131072,151281869,0,0,1380467222,2147483648,117377222,148054003,0,0,0,0,0,0,0,0,0,0,0,0,0,0,0,0,0,0,8782156,8782239,0,97,97,6265,329,17564357,35,0,0,0,0,0,0,0,1,0,0,0,0,0,0,0,0,0,0,9878285,0,14010553,124001,0,0,0,0,0,0,0,0,16384,0,0,0,0,0,0,0,0,0,0,0,5286,344,0,0,0,0,0,26701555,0,12712,37,4632,342,5286,0,0,0,0,0,0,0,0,0,0,0,0,0,0,0,0,0,0,0,0,0,0,0,0,0,0,0,0,0,0,0,0,0,0,0,0,0,0,0,0,0,0,0,0,0,0,0,0,0,0,0,0,0,110384659,0,0,0,131072471,0,0,0,0,0,0,0,80146035,151353548,187685201,57390104576,46343594,0,0,0,0,0,0,0,0,0,0,0,0,0,0,0,0,0,0,0,0,0,0,0,0,0,0,0,0,0,0,0,12622826,0,0,0,0,0,0,0
1789581165.502,0,0,0,0,0,0,0,272954878,2478296374784,816954486784,0,0,0,0,0,0,0,0,0,0,0,0,0,0,0,0,0,0,0,0,0,0,0,0,0,0,0,0,0,0,0,0,0,0,0,0,0,0,0,0,0,0,0,0,0,0,0,0,0,0,0,0,0,0,0,0,0,0,466414,151455784,45753327,0,0,0,0,0,0,0,0,0,0,0,0,0,0,0,0,0,0,0,0,0,0,0,0,0,0,0,0,0,0,0,0,0,0,0,0,0,2144813056,812793856,130909,49609,0,163,131072,151290058,0,0,1380522198,2147483648,117385299,148059682,0,0,0,0,0,0,0,0,0,0,0,0,0,0,0,0,0,0,8782510,8782595,0,97,97,6265,329,17565072,35,0,0,0,0,0,0,0,1,0,0,0,0,0,0,0,0,0,0,9878687,0,14011556,124010,0,0,0,0,0,0,0,0,16384,0,0,0,0,0,0,0,0,0,0,0,5287,344,0,0,0,0,0,26702638,0,12712,37,4632,342,5287,0,0,0,0,0,0,0,0,0,0,0,0,0,0,0,0,0,0,0,0,0,0,0,0,0,0,0,0,0,0,0,0,0,0,0,0,0,0,0,0,0,0,0,0,0,0,0,0,0,0,0,0,0,110386253,0,0,0,131077524,0,0,0,0,0,0,0,80149082,151361748,187691530,57391079936,46344639,0,0,0,0,0,0,0,0,0,0,0,0,0,0,0,0,0,0,0,0,0,0,0,0,0,0,0,0,0,0,0,12623183,0,0,0,0,0,0,0
1789581166.528,0,0,0,0,0,0,0,272964883,2478423432704,816991805440,0,0,0,0,0,0,0,0,0,0,0,0,0,0,0,0,0,0,0,0,0,0,0,0,0,0,0,0,0,0,0,0,0,0,0,0,0,0,0,0,0,0,0,0,0,0,0,0,0,0,0,0,0,0,0,0,0,0,466428,151463556,45755519,0,0,0,0,0,0,0,0,0,0,0,0,0,0,0,0,0,0,0,0,0,0,0,0,0,0,0,0,0,0,0,0,0,0,0,0,0,2144649216,806731776,130899,49239,0,173,131072,151297822,0,0,1380574348,2147483648,117392348,148064979,0,0,0,0,0,0,0,0,0,0,0,0,0,0,0,0,0,0,8782839,8782918,0,97,97,6265,329,17565761,35,0,0,0,0,0,0,0,1,0,0,0,0,0,0,0,0,0,0,9879064,0,14012032,124014,0,0,0,0,0,0,0,0,16384,0,0,0,0,0,0,0,0,0,0,0,5288,344,0,0,0,0,0,26703662,0,12712,37,4632,342,5288,0,0,0,0,0,0,0,0,0,0,0,0,0,0,0,0,0,0,0,0,0,0,0,0,0,0,0,0,0,0,0,0,0,0,0,0,0,0,0,0,0,0,0,0,0,0,0,0,0,0,0,0,0,110387831,0,0,0,131082284,0,0,0,0,0,0,0,80151921,151369511,187697024,57392013312,46345677,0,0,0,0,0,0,0,0,0,0,0,0,0,0,0,0,0,0,0,0,0,0,0,0,0,0,0,0,0,0,0,12623519,0,0,0,0,0,0,0
1789581167.554,0,0,0,0,0,0,0,272975031,2478551522816,817021385728,0,0,0,0,0,0,0,0,0,0,0,0,0,0,0,0,0,0,0,0,0,0,0,0,0,0,0,0,0,0,0,0,0,0,0,0,0,0,0,0,0,0,0,0,0,0,0,0,0,0,0,0,0,0,0,0,0,0,466439,151471382,45757251,0,0,0,0,0,0,0,0,0,0,0,0,0,0,0,0,0,0,0,0,0,0,0,0,0,0,0,0,0,0,0,0,0,0,0,0,0,2144747520,807567360,130905,49290,0,167,131072,151305643,0,0,1380627514,2147483648,117400059,148070189,0,0,0,0,0,0,0,0,0,0,0,0,0,0,0,0,0,0,8783176,8783254,0,97,97,6265,329,17566430,35,0,0,0,0,0,0,0,1,0,0,0,0,0,0,0,0,0,0,9879431,0,14012032,124014,0,0,0,0,0,0,0,0,16384,0,0,0,0,0,0,0,0,0,0,0,5289,344,0,0,0,0,0,26704650,0,12712,37,4632,342,5289,0,0,0,0,0,0,0,0,0,0,0,0,0,0,0,0,0,0,0,0,0,0,0,0,0,0,0,0,0,0,0,0,0,0,0,0,0,0,0,0,0,0,0,0,0,0,0,0,0,0,0,0,0,110389381,0,0,0,131087042,0,0,0,0,0,0,0,80154644,151377332,187702021,57392935424,46346676,0,0,0,0,0,0,0,0,0,0,0,0,0,0,0,0,0,0,0,0,0,0,0,0,0,0,0,0,0,0,0,12623844,0,0,0,0,0,0,0
1789581168.579,0,0,0,0,0,0,0,272984200,2478668357120,817048381952,0,0,0,0,0,0,0,0,0,0,0,0,0,0,0,0,0,0,0,0,0,0,0,0,0,0,0,0,0,0,0,0,0,0,0,0,0,0,0,0,0,0,0,0,0,0,0,0,0,0,0,0,0,0,0,0,0,0,466455,151478515,45758811,0,0,0,0,0,0,0,0,0,0,0,0,0,0,0,0,0,0,0,0,0,0,0,0,0,0,0,0,0,0,0,0,0,0,0,0,0,2144518144,807698432,130891,49298,0,181,131072,151312766,0,0,1380674903,2147483648,117407134,148074844,0,0,0,0,0,0,0,0,0,0,0,0,0,0,0,0,0,0,8783471,8783549,0,97,97,6265,329,17567006,35,0,0,0,0,0,0,0,1,0,0,0,0,0,0,0,0,0,0,9879782,0,14012032,124014,0,0,0,0,0,0,0,0,16384,0,0,0,0,0,0,0,0,0,0,0,5290,344,0,0,0,0,0,26705607,0,12712,37,4632,342,5290,0,0,0,0,0,0,0,0,0,0,0,0,0,0,0,0,0,0,0,0,0,0,0,0,0,0,0,0,0,0,0,0,0,0,0,0,0,0,0,0,0,0,0,0,0,0,0,0,0,0,0,0,0,110390855,0,0,0,131091188,0,0,0,0,0,0,0,80157168,151384469,187706639,57393789440,46347626,0,0,0,0,0,0,0,0,0,0,0,0,0,0,0,0,0,0,0,0,0,0,0,0,0,0,0,0,0,0,0,12624158,0,0,0,0,0,0,0
1789581169.606,0,0,0,0,0,0,0,272993427,2478785748480,817075883008,0,0,0,0,0,0,0,0,0,0,0,0,0,0,0,0,0,0,0,0,0,0,0,0,0,0,0,0,0,0,0,0,0,0,0,0,0,0,0,0,0,0,0,0,0,0,0,0,0,0,0,0,0,0,0,0,0,0,466470,151485697,45760415,0,0,0,0,0,0,0,0,0,0,0,0,0,0,0,0,0,0,0,0,0,0,0,0,0,0,0,0,0,0,0,0,0,0,0,0,0,2144960512,809336832,130918,49398,0,154,131072,151319948,0,0,1380723640,2147483648,117414202,148079807,0,0,0,0,0,0,0,0,0,0,0,0,0,0,0,0,0,0,8783788,8783870,0,97,97,6265,329,17567640,35,0,0,0,0,0,0,0,1,0,0,0,0,0,0,0,0,0,0,9880132,0,14012032,124014,0,0,0,0,0,0,0,0,16384,0,0,0,0,0,0,0,0,0,0,0,5291,344,0,0,0,0,0,26706545,0,12712,37,4632,342,5291,0,0,0,0,0,0,0,0,0,0,0,0,0,0,0,0,0,0,0,0,0,0,0,0,0,0,0,0,0,0,0,0,0,0,0,0,0,0,0,0,0,0,0,0,0,0,0,0,0,0,0,0,0,110392372,0,0,0,131095652,0,0,0,0,0,0,0,80159748,151391645,187711358,57394684416,46348606,0,0,0,0,0,0,0,0,0,0,0,0,0,0,0,0,0,0,0,0,0,0,0,0,0,0,0,0,0,0,0,12624468,0,0,0,0,0,0,0
1789581170.631,0,0,0,0,0,0,0,273002677,2478902697472,817103101440,0,0,0,0,0,0,0,0,0,0,0,0,0,0,0,0,0,0,0,0,0,0,0,0,0,0,0,0,0,0,0,0,0,0,0,0,0,0,0,0,0,0,0,0,0,0,0,0,0,0,0,0,0,0,0,0,0,0,466491,151492849,45761997,0,0,0,0,0,0,0,0,0,0,0,0,0,0,0,0,0,0,0,0,0,0,0,0,0,0,0,0,0,0,0,0,0,0,0,0,0,2144534528,810631168,130892,49477,0,180,131072,151327096,0,0,1380771766,2147483648,117421318,148084710,0,0,0,0,0,0,0,0,0,0,0,0,0,0,0,0,0,0,8784083,8784164,0,97,97,6265,329,17568260,35,0,0,0,0,0,0,0,1,0,0,0,0,0,0,0,0,0,0,9880482,0,14012032,124014,0,0,0,0,0,0,0,0,16384,0,0,0,0,0,0,0,0,0,0,0,5292,344,0,0,0,0,0,26707499,0,12712,37,4632,342,5292,0,0,0,0,0,0,0,0,0,0,0,0,0,0,0,0,0,0,0,0,0,0,0,0,0,0,0,0,0,0,0,0,0,0,0,0,0,0,0,0,0,0,0,0,0,0,0,0,0,0,0,0,0,110393881,0,0,0,131099987,0,0,0,0,0,0,0,80162319,151398791,187716033,57395581440,46349593,0,0,0,0,0,0,0,0,0,0,0,0,0,0,0,0,0,0,0,0,0,0,0,0,0,0,0,0,0,0,0,12624781,0,0,0,0,0,0,0
1789581171.658,0,0,0,0,0,0,0,273010834,2479007243776,817127126016,0,0,0,0,0,0,0,0,0,0,0,0,0,0,0,0,0,0,0,0,0,0,0,0,0,0,0,0,0,0,0,0,0,0,0,0,0,0,0,0,0,0,0,0,0,0,0,0,0,0,0,0,0,0,0,0,0,0,466503,151499240,45763376,0,0,0,0,0,0,0,0,0,0,0,0,0,0,0,0,0,0,0,0,0,0,0,0,0,0,0,0,0,0,0,0,0,0,0,0,0,2144223232,811712512,130873,49543,0,199,131072,151333482,0,0,1380813867,2147483648,117427623,148089032,0,0,0,0,0,0,0,0,0,0,0,0,0,0,0,0,0,0,8784364,8784445,0,97,97,6265,329,17568803,35,0,0,0,0,0,0,0,1,0,0,0,0,0,0,0,0,0,0,9880807,0,14012032,124014,0,0,0,0,0,0,0,0,16384,0,0,0,0,0,0,0,0,0,0,0,5293,344,0,0,0,0,0,26708381,0,12712,37,4632,342,5293,0,0,0,0,0,0,0,0,0,0,0,0,0,0,0,0,0,0,0,0,0,0,0,0,0,0,0,0,0,0,0,0,0,0,0,0,0,0,0,0,0,0,0,0,0,0,0,0,0,0,0,0,0,110395306,0,0,0,131103848,0,0,0,0,0,0,0,80164661,151405175,187720249,57396402688,46350540,0,0,0,0,0,0,0,0,0,0,0,0,0,0,0,0,0,0,0,0,0,0,0,0,0,0,0,0,0,0,0,12625071,0,0,0,0,0,0,0
1789581172.684,0,0,0,0,0,0,0,273018891,2479108382208,817150363136,0,0,0,0,0,0,0,0,0,0,0,0,0,0,0,0,0,0,0,0,0,0,0,0,0,0,0,0,0,0,0,0,0,0,0,0,0,0,0,0,0,0,0,0,0,0,0,0,0,0,0,0,0,0,0,0,0,0,466523,151505409,45764736,0,0,0,0,0,0,0,0,0,0,0,0,0,0,0,0,0,0,0,0,0,0,0,0,0,0,0,0,0,0,0,0,0,0,0,0,0,2143993856,813711360,130859,49665,0,213,131072,151339647,0,0,1380856291,2147483648,117433758,148093442,0,0,0,0,0,0,0,0,0,0,0,0,0,0,0,0,0,0,8784633,8784716,0,97,97,6265,329,17569363,35,0,0,0,0,0,0,0,1,0,0,0,0,0,0,0,0,0,0,9881109,0,14012032,124014,0,0,0,0,0,0,0,0,16384,0,0,0,0,0,0,0,0,0,0,0,5294,344,0,0,0,0,0,26709194,0,12712,37,4632,342,5294,0,0,0,0,0,0,0,0,0,0,0,0,0,0,0,0,0,0,0,0,0,0,0,0,0,0,0,0,0,0,0,0,0,0,0,0,0,0,0,0,0,0,0,0,0,0,0,0,0,0,0,0,0,110396692,0,0,0,131107770,0,0,0,0,0,0,0,80166926,151411352,187724329,57397216768,46351458,0,0,0,0,0,0,0,0,0,0,0,0,0,0,0,0,0,0,0,0,0,0,0,0,0,0,0,0,0,0,0,12625339,0,0,0,0,0,0,0
1789581173.709,0,0,0,0,0,0,0,273026052,2479199444480,817172240896,0,0,0,0,0,0,0,0,0,0,0,0,0,0,0,0,0,0,0,0,0,0,0,0,0,0,0,0,0,0,0,0,0,0,0,0,0,0,0,0,0,0,0,0,0,0,0,0,0,0,0,0,0,0,0,0,0,0,466534,151510981,45766001,0,0,0,0,0,0,0,0,0,0,0,0,0,0,0,0,0,0,0,0,0,0,0,0,0,0,0,0,0,0,0,0,0,0,0,0,0,2143895552,813875200,130853,49675,0,219,131072,151345219,0,0,1380893194,2147483648,117439273,148097271,0,0,0,0,0,0,0,0,0,0,0,0,0,0,0,0,0,0,8784883,8784959,0,97,97,6265,329,17569838,35,0,0,0,0,0,0,0,1,0,0,0,0,0,0,0,0,0,0,9881399,0,14012032,124014,0,0,0,0,0,0,0,0,16384,0,0,0,0,0,0,0,0,0,0,0,5295,344,0,0,0,0,0,26709981,0,12712,37,4632,342,5295,0,0,0,0,0,0,0,0,0,0,0,0,0,0,0,0,0,0,0,0,0,0,0,0,0,0,0,0,0,0,0,0,0,0,0,0,0,0,0,0,0,0,0,0,0,0,0,0,0,0,0,0,0,110397972,0,0,0,131111159,0,0,0,0,0,0,0,80169041,151416914,187728157,57397947904,46352299,0,0,0,0,0,0,0,0,0,0,0,0,0,0,0,0,0,0,0,0,0,0,0,0,0,0,0,0,0,0,0,12625599,0,0,0,0,0,0,0
1789581174.736,0,0,0,0,0,0,0,273033014,2479289097728,817192507904,0,0,0,0,0,0,0,0,0,0,0,0,0,0,0,0,0,0,0,0,0,0,0,0,0,0,0,0,0,0,0,0,0,0,0,0,0,0,0,0,0,0,0,0,0,0,0,0,0,0,0,0,0,0,0,0,0,0,466541,151516463,45767189,0,0,0,0,0,0,0,0,0,0,0,0,0,0,0,0,0,0,0,0,0,0,0,0,0,0,0,0,0,0,0,0,0,0,0,0,0,2143879168,813989888,130852,49682,0,220,131072,151350698,0,0,1380929546,2147483648,117444706,148100731,0,0,0,0,0,0,0,0,0,0,0,0,0,0,0,0,0,0,8785098,8785175,0,97,97,6265,329,17570284,35,0,0,0,0,0,0,0,1,0,0,0,0,0,0,0,0,0,0,9881643,0,14012032,124014,0,0,0,0,0,0,0,0,16384,0,0,0,0,0,0,0,0,0,0,0,5296,344,0,0,0,0,0,26710639,0,12712,37,4632,342,5296,0,0,0,0,0,0,0,0,0,0,0,0,0,0,0,0,0,0,0,0,0,0,0,0,0,0,0,0,0,0,0,0,0,0,0,0,0,0,0,0,0,0,0,0,0,0,0,0,0,0,0,0,0,110399195,0,0,0,131114281,0,0,0,0,0,0,0,80171031,151422391,187731736,57398635008,46353111,0,0,0,0,0,0,0,0,0,0,0,0,0,0,0,0,0,0,0,0,0,0,0,0,0,0,0,0,0,0,0,12625815,0,0,0,0,0,0,0
1789581175.762,0,0,0,0,0,0,0,273040168,2479380389376,817214459904,0,0,0,0,0,0,0,0,0,0,0,0,0,0,0,0,0,0,0,0,0,0,0,0,0,0,0,0,0,0,0,0,0,0,0,0,0,0,0,0,0,0,0,0,0,0,0,0,0,0,0,0,0,0,0,0,0,0,466548,151522041,45768454,0,0,0,0,0,0,0,0,0,0,0,0,0,0,0,0,0,0,0,0,0,0,0,0,0,0,0,0,0,0,0,0,0,0,0,0,0,2144075776,814923776,130864,49739,0,208,131072,151356276,0,0,1380967402,2147483648,117450209,148104584,0,0,0,0,0,0,0,0,0,0,0,0,0,0,0,0,0,0,8785339,8785413,0,97,97,6265,329,17570793,35,0,0,0,0,0,0,0,1,0,0,0,0,0,0,0,0,0,0,9881903,0,14012032,124014,0,0,0,0,0,0,0,0,16384,0,0,0,0,0,0,0,0,0,0,0,5297,344,0,0,0,0,0,26711339,0,12712,37,4632,342,5297,0,0,0,0,0,0,0,0,0,0,0,0,0,0,0,0,0,0,0,0,0,0,0,0,0,0,0,0,0,0,0,0,0,0,0,0,0,0,0,0,0,0,0,0,0,0,0,0,0,0,0,0,0,110400457,0,0,0,131117771,0,0,0,0,0,0,0,80173181,151427967,187735550,57399371264,46353984,0,0,0,0,0,0,0,0,0,0,0,0,0,0,0,0,0,0,0,0,0,0,0,0,0,0,0,0,0,0,0,12626044,0,0,0,0,0,0,0
1789581176.787,0,0,0,0,0,0,0,273047601,2479475023360,817235780096,0,0,0,0,0,0,0,0,0,0,0,0,0,0,0,0,0,0,0,0,0,0,0,0,0,0,0,0,0,0,0,0,0,0,0,0,0,0,0,0,0,0,0,0,0,0,0,0,0,0,0,0,0,0,0,0,0,0,466555,151527826,45769693,0,0,0,0,0,0,0,0,0,0,0,0,0,0,0,0,0,0,0,0,0,0,0,0,0,0,0,0,0,0,0,0,0,0,0,0,0,2143928320,815693824,130855,49786,0,217,131072,151362060,0,0,1381006106,2147483648,117455955,148108413,0,0,0,0,0,0,0,0,0,0,0,0,0,0,0,0,0,0,8785587,8785662,0,97,97,6265,329,17571265,35,0,0,0,0,0,0,0,1,0,0,0,0,0,0,0,0,0,0,9882195,0,14012032,124014,0,0,0,0,0,0,0,0,16384,0,0,0,0,0,0,0,0,0,0,0,5298,344,0,0,0,0,0,26712138,0,12712,37,4632,342,5298,0,0,0,0,0,0,0,0,0,0,0,0,0,0,0,0,0,0,0,0,0,0,0,0,0,0,0,0,0,0,0,0,0,0,0,0,0,0,0,0,0,0,0,0,0,0,0,0,0,0,0,0,0,110401756,0,0,0,131121188,0,0,0,0,0,0,0,80175302,151433753,187739326,57400117248,46354866,0,0,0,0,0,0,0,0,0,0,0,0,0,0,0,0,0,0,0,0,0,0,0,0,0,0,0,0,0,0,0,12626306,0,0,0,0,0,0,0
1789581177.814,0,0,0,0,0,0,0,273054466,2479563218432,817256629248,0,0,0,0,0,0,0,0,0,0,0,0,0,0,0,0,0,0,0,0,0,0,0,0,0,0,0,0,0,0,0,0,0,0,0,0,0,0,0,0,0,0,0,0,0,0,0,0,0,0,0,0,0,0,0,0,0,0,466565,151533219,45770905,0,0,0,0,0,0,0,0,0,0,0,0,0,0,0,0,0,0,0,0,0,0,0,0,0,0,0,0,0,0,0,0,0,0,0,0,0,2143682560,815972352,130840,49803,0,232,131072,151367451,0,0,1381041853,2147483648,117461306,148112051,0,0,0,0,0,0,0,0,0,0,0,0,0,0,0,0,0,0,8785821,8785901,0,97,97,6265,329,17571725,35,0,0,0,0,0,0,0,1,0,0,0,0,0,0,0,0,0,0,9882460,0,14012032,124014,0,0,0,0,0,0,0,0,16384,0,0,0,0,0,0,0,0,0,0,0,5299,344,0,0,0,0,0,26712857,0,12712,37,4632,342,5299,0,0,0,0,0,0,0,0,0,0,0,0,0,0,0,0,0,0,0,0,0,0,0,0,0,0,0,0,0,0,0,0,0,0,0,0,0,0,0,0,0,0,0,0,0,0,0,0,0,0,0,0,0,110403012,0,0,0,131124429,0,0,0,0,0,0,0,80177358,151439147,187743006,57400833024,46355711,1,0,0,0,0,0,0,0,0,0,0,0,0,0,0,0,0,0,0,0,0,0,0,0,0,0,0,0,0,0,0,12626542,0,0,0,0,0,0,0
1789581178.840,0,0,0,0,0,0,0,273061528,2479653199360,817277080576,0,0,0,0,0,0,0,0,0,0,0,0,0,0,0,0,0,0,0,0,0,0,0,0,0,0,0,0,0,0,0,0,0,0,0,0,0,0,0,0,0,0,0,0,0,0,0,0,0,0,0,0,0,0,0,0,0,0,466575,151538718,45772102,0,0,0,0,0,0,0,0,0,0,0,0,0,0,0,0,0,0,0,0,0,0,0,0,0,0,0,0,0,0,0,0,0,0,0,0,0,2143764480,816627712,130845,49843,0,227,131072,151372946,0,0,1381079088,2147483648,117466761,148115696,0,0,0,0,0,0,0,0,0,0,0,0,0,0,0,0,0,0,8786046,8786122,0,97,97,6265,329,17572201,35,0,0,0,0,0,0,0,1,0,0,0,0,0,0,0,0,0,0,9882706,0,14012032,124014,0,0,0,0,0,0,0,0,16384,0,0,0,0,0,0,0,0,0,0,0,5301,344,0,0,0,0,0,26713522,0,12712,37,4632,342,5301,0,0,0,0,0,0,0,0,0,0,0,0,0,0,0,0,0,0,0,0,0,0,0,0,0,0,0,0,0,0,0,0,0,0,0,0,0,0,0,0,0,0,0,0,0,0,0,0,0,0,0,0,0,110404259,0,0,0,131127718,0,0,0,0,0,0,0,80179382,151444641,187746628,57401545728,46356547,0,0,0,0,0,0,0,0,0,0,0,0,0,0,0,0,0,0,0,0,0,0,0,0,0,0,0,0,0,0,0,12626759,0,0,0,0,0,0,0
1789581179.865,0,0,0,0,0,0,0,273068765,2479744491008,817298973696,0,0,0,0,0,0,0,0,0,0,0,0,0,0,0,0,0,0,0,0,0,0,0,0,0,0,0,0,0,0,0,0,0,0,0,0,0,0,0,0,0,0,0,0,0,0,0,0,0,0,0,0,0,0,0,0,0,0,466586,151544294,45773382,0,0,0,0,0,0,0,0,0,0,0,0,0,0,0,0,0,0,0,0,0,0,0,0,0,0,0,0,0,0,0,0,0,0,0,0,0,2143731712,816529408,130843,49837,0,229,131072,151378521,0,0,1381116845,2147483648,117472303,148119576,0,0,0,0,0,0,0,0,0,0,0,0,0,0,0,0,0,0,8786295,8786371,0,97,97,6265,329,17572678,35,0,0,0,0,0,0,0,1,0,0,0,0,0,0,0,0,0,0,9882987,0,14012032,124014,0,0,0,0,0,0,0,0,16384,0,0,0,0,0,0,0,0,0,0,0,5302,344,0,0,0,0,0,26714285,0,12712,37,4632,342,5302,0,0,0,0,0,0,0,0,0,0,0,0,0,0,0,0,0,0,0,0,0,0,0,0,0,0,0,0,0,0,0,0,0,0,0,0,0,0,0,0,0,0,0,0,0,0,0,0,0,0,0,0,0,110405537,0,0,0,131131174,0,0,0,0,0,0,0,80181508,151450216,187750455,57402280960,46357399,0,0,0,0,0,0,0,0,0,0,0,0,0,0,0,0,0,0,0,0,0,0,0,0,0,0,0,0,0,0,0,12627010,0,0,0,0,0,0,0
1789581180.889,0,0,0,0,0,0,0,273075700,2479832473088,817318306304,0,0,0,0,0,0,0,0,0,0,0,0,0,0,0,0,0,0,0,0,0,0,0,0,0,0,0,0,0,0,0,0,0,0,0,0,0,0,0,0,0,0,0,0,0,0,0,0,0,0,0,0,0,0,0,0,0,0,466594,151549674,45774484,0,0,0,0,0,0,0,0,0,0,0,0,0,0,0,0,0,0,0,0,0,0,0,0,0,0,0,0,0,0,0,0,0,0,0,0,0,2143846400,818577408,130850,49962,0,222,131072,151383897,0,0,1381152651,2147483648,117477623,148123269,0,0,0,0,0,0,0,0,0,0,0,0,0,0,0,0,0,0,8786526,8786606,0,97,97,6265,329,17573160,35,0,0,0,0,0,0,0,1,0,0,0,0,0,0,0,0,0,0,9883254,0,14012032,124014,0,0,0,0,0,0,0,0,16384,0,0,0,0,0,0,0,0,0,0,0,5303,344,0,0,0,0,0,26715000,0,12712,37,4632,342,5303,0,0,0,0,0,0,0,0,0,0,0,0,0,0,0,0,0,0,0,0,0,0,0,0,0,0,0,0,0,0,0,0,0,0,0,0,0,0,0,0,0,0,0,0,0,0,0,0,0,0,0,0,0,110406816,0,0,0,131134476,0,0,0,0,0,0,0,80183471,151455591,187753968,57403000320,46358244,0,0,0,0,0,0,0,0,0,0,0,0,0,0,0,0,0,0,0,0,0,0,0,0,0,0,0,0,0,0,0,12627247,0,0,0,0,0,0,0
1789581181.915,0,0,0,0,0,0,0,273082356,2479917145600,817340289024,0,0,0,0,0,0,0,0,0,0,0,0,0,0,0,0,0,0,0,0,0,0,0,0,0,0,0,0,0,0,0,0,0,0,0,0,0,0,0,0,0,0,0,0,0,0,0,0,0,0,0,0,0,0,0,0,0,0,466601,151554848,45775761,0,0,0,0,0,0,0,0,0,0,0,0,0,0,0,0,0,0,0,0,0,0,0,0,0,0,0,0,0,0,0,0,0,0,0,0,0,2143764480,816857088,130845,49857,0,227,131072,151389070,0,0,1381187374,2147483648,117482768,148126768,0,0,0,0,0,0,0,0,0,0,0,0,0,0,0,0,0,0,8786748,8786825,0,97,97,6265,329,17573609,35,0,0,0,0,0,0,0,1,0,0,0,0,0,0,0,0,0,0,9883504,0,14012032,124014,0,0,0,0,0,0,0,0,16384,0,0,0,0,0,0,0,0,0,0,0,5304,344,0,0,0,0,0,26715674,0,12712,37,4632,342,5304,0,0,0,0,0,0,0,0,0,0,0,0,0,0,0,0,0,0,0,0,0,0,0,0,0,0,0,0,0,0,0,0,0,0,0,0,0,0,0,0,0,0,0,0,0,0,0,0,0,0,0,0,0,110408022,0,0,0,131137625,0,0,0,0,0,0,0,80185555,151460762,187757739,57403680256,46359044,0,0,0,0,0,0,0,0,0,0,0,0,0,0,0,0,0,0,0,0,0,0,0,0,0,0,0,0,0,0,0,12627469,0,0,0,0,0,0,0
1789581182.940,0,0,0,0,0,0,0,273088854,2479999704576,817358084608,0,0,0,0,0,0,0,0,0,0,0,0,0,0,0,0,0,0,0,0,0,0,0,0,0,0,0,0,0,0,0,0,0,0,0,0,0,0,0,0,0,0,0,0,0,0,0,0,0,0,0,0,0,0,0,0,0,0,466609,151559890,45776793,0,0,0,0,0,0,0,0,0,0,0,0,0,0,0,0,0,0,0,0,0,0,0,0,0,0,0,0,0,0,0,0,0,0,0,0,0,2143453184,819412992,130826,50013,0,246,131072,151394109,0,0,1381221357,2147483648,117487791,148130335,0,0,0,0,0,0,0,0,0,0,0,0,0,0,0,0,0,0,8786975,8787048,0,97,97,6265,329,17574054,35,0,0,0,0,0,0,0,1,0,0,0,0,0,0,0,0,0,0,9883774,0,14012032,124014,0,0,0,0,0,0,0,0,16384,0,0,0,0,0,0,0,0,0,0,0,5305,344,0,0,0,0,0,26716404,0,12712,37,4632,342,5305,0,0,0,0,0,0,0,0,0,0,0,0,0,0,0,0,0,0,0,0,0,0,0,0,0,0,0,0,0,0,0,0,0,0,0,0,0,0,0,0,0,0,0,0,0,0,0,0,0,0,0,0,0,110409225,0,0,0,131140795,0,0,0,0,0,0,0,80187372,151465804,187760998,57404363776,46359833,0,0,0,0,0,0,0,0,0,0,0,0,0,0,0,0,0,0,0,0,0,0,0,0,0,0,0,0,0,0,0,12627711,0,0,0,0,0,0,0
1789581183.965,0,0,0,0,0,0,0,273094714,2480075103744,817375171072,0,0,0,0,0,0,0,0,0,0,0,0,0,0,0,0,0,0,0,0,0,0,0,0,0,0,0,0,0,0,0,0,0,0,0,0,0,0,0,0,0,0,0,0,0,0,0,0,0,0,0,0,0,0,0,0,0,0,466616,151564494,45777788,0,0,0,0,0,0,0,0,0,0,0,0,0,0,0,0,0,0,0,0,0,0,0,0,0,0,0,0,0,0,0,0,0,0,0,0,0,2143436800,818774016,130825,49974,0,247,131072,151398712,0,0,1381251581,2147483648,117492355,148133309,0,0,0,0,0,0,0,0,0,0,0,0,0,0,0,0,0,0,8787158,8787239,0,97,97,6265,329,17574418,35,0,0,0,0,0,0,0,1,0,0,0,0,0,0,0,0,0,0,9884014,0,14012032,124014,0,0,0,0,0,0,0,0,16384,0,0,0,0,0,0,0,0,0,0,0,5306,344,0,0,0,0,0,26717068,0,12712,37,4632,342,5306,0,0,0,0,0,0,0,0,0,0,0,0,0,0,0,0,0,0,0,0,0,0,0,0,0,0,0,0,0,0,0,0,0,0,0,0,0,0,0,0,0,0,0,0,0,0,0,0,0,0,0,0,0,110410315,0,0,0,131143392,0,0,0,0,0,0,0,80189111,151470409,187764072,57404969472,46360580,0,0,0,0,0,0,0,0,0,0,0,0,0,0,0,0,0,0,0,0,0,0,0,0,0,0,0,0,0,0,0,12627928,0,0,0,0,0,0,0
1789581184.991,0,0,0,0,0,0,0,273100670,2480150879744,817394042368,0,0,0,0,0,0,0,0,0,0,0,0,0,0,0,0,0,0,0,0,0,0,0,0,0,0,0,0,0,0,0,0,0,0,0,0,0,0,0,0,0,0,0,0,0,0,0,0,0,0,0,0,0,0,0,0,0,0,466619,151569120,45778886,0,0,0,0,0,0,0,0,0,0,0,0,0,0,0,0,0,0,0,0,0,0,0,0,0,0,0,0,0,0,0,0,0,0,0,0,0,2142912512,816922624,130793,49861,0,280,131072,151403336,0,0,1381282854,2147483648,117496967,148136210,0,0,0,0,0,0,0,0,0,0,0,0,0,0,0,0,0,0,8787342,8787422,0,97,97,6265,329,17574785,35,0,0,0,0,0,0,0,1,0,0,0,0,0,0,0,0,0,0,9884221,0,14012032,124014,0,0,0,0,0,0,0,0,16384,0,0,0,0,0,0,0,0,0,0,0,5307,344,0,0,0,0,0,26717625,0,12712,37,4632,342,5307,0,0,0,0,0,0,0,0,0,0,0,0,0,0,0,0,0,0,0,0,0,0,0,0,0,0,0,0,0,0,0,0,0,0,0,0,0,0,0,0,0,0,0,0,0,0,0,0,0,0,0,0,0,110411394,0,0,0,131146013,0,0,0,0,0,0,0,80190952,151475038,187767355,57405565952,46361319,0,0,0,0,0,0,0,0,0,0,0,0,0,0,0,0,0,0,0,0,0,0,0,0,0,0,0,0,0,0,0,12628112,0,0,0,0,0,0,0
1789581186.016,0,0,0,0,0,0,0,273106551,2480224771584,817410856448,0,0,0,0,0,0,0,0,0,0,0,0,0,0,0,0,0,0,0,0,0,0,0,0,0,0,0,0,0,0,0,0,0,0,0,0,0,0,0,0,0,0,0,0,0,0,0,0,0,0,0,0,0,0,0,0,0,0,466625,151573640,45779854,0,0,0,0,0,0,0,0,0,0,0,0,0,0,0,0,0,0,0,0,0,0,0,0,0,0,0,0,0,0,0,0,0,0,0,0,0,2143125504,819445760,130806,50015,0,266,131072,151407854,0,0,1381313896,2147483648,117501426,148139477,0,0,0,0,0,0,0,0,0,0,0,0,0,0,0,0,0,0,8787545,8787615,0,97,97,6265,329,17575213,35,0,0,0,0,0,0,0,1,0,0,0,0,0,0,0,0,0,0,9884438,0,14012032,124014,0,0,0,0,0,0,0,0,16384,0,0,0,0,0,0,0,0,0,0,0,5308,344,0,0,0,0,0,26718194,0,12712,37,4632,342,5308,0,0,0,0,0,0,0,0,0,0,0,0,0,0,0,0,0,0,0,0,0,0,0,0,0,0,0,0,0,0,0,0,0,0,0,0,0,0,0,0,0,0,0,0,0,0,0,0,0,0,0,0,0,110412521,0,0,0,131148966,0,0,0,0,0,0,0,80192683,151479552,187770426,57406206464,46362078,1,0,0,0,0,0,0,0,0,0,0,0,0,0,0,0,0,0,0,0,0,0,0,0,0,0,0,0,0,0,0,12628303,0,0,0,0,0,0,0
1789581187.043,0,0,0,0,0,0,0,273112464,2480300350976,817428215296,0,0,0,0,0,0,0,0,0,0,0,0,0,0,0,0,0,0,0,0,0,0,0,0,0,0,0,0,0,0,0,0,0,0,0,0,0,0,0,0,0,0,0,0,0,0,0,0,0,0,0,0,0,0,0,0,0,0,466632,151578259,45780870,0,0,0,0,0,0,0,0,0,0,0,0,0,0,0,0,0,0,0,0,0,0,0,0,0,0,0,0,0,0,0,0,0,0,0,0,0,2143453184,820314112,130826,50068,0,246,131072,151412473,0,0,1381344725,2147483648,117505983,148142736,0,0,0,0,0,0,0,0,0,0,0,0,0,0,0,0,0,0,8787755,8787832,0,97,97,6265,329,17575623,35,0,0,0,0,0,0,0,1,0,0,0,0,0,0,0,0,0,0,9884679,0,14012032,124014,0,0,0,0,0,0,0,0,16384,0,0,0,0,0,0,0,0,0,0,0,5309,344,0,0,0,0,0,26718854,0,12712,37,4632,342,5309,0,0,0,0,0,0,0,0,0,0,0,0,0,0,0,0,0,0,0,0,0,0,0,0,0,0,0,0,0,0,0,0,0,0,0,0,0,0,0,0,0,0,0,0,0,0,0,0,0,0,0,0,0,110413663,0,0,0,131151833,0,0,0,0,0,0,0,80194450,151484168,187773577,57406851584,46362840,0,0,0,0,0,0,0,0,0,0,0,0,0,0,0,0,0,0,0,0,0,0,0,0,0,0,0,0,0,0,0,12628518,0,0,0,0,0,0,0
1789581188.069,0,0,0,0,0,0,0,273118424,2480377159168,817445703680,0,0,0,0,0,0,0,0,0,0,0,0,0,0,0,0,0,0,0,0,0,0,0,0,0,0,0,0,0,0,0,0,0,0,0,0,0,0,0,0,0,0,0,0,0,0,0,0,0,0,0,0,0,0,0,0,0,0,466636,151582948,45781881,0,0,0,0,0,0,0,0,0,0,0,0,0,0,0,0,0,0,0,0,0,0,0,0,0,0,0,0,0,0,0,0,0,0,0,0,0,2143453184,819216384,130826,50001,0,246,131072,151417161,0,0,1381375579,2147483648,117510625,148145641,0,0,0,0,0,0,0,0,0,0,0,0,0,0,0,0,0,0,8787948,8788023,0,97,97,6265,329,17575983,35,0,0,0,0,0,0,0,1,0,0,0,0,0,0,0,0,0,0,9884895,0,14012032,124014,0,0,0,0,0,0,0,0,16384,0,0,0,0,0,0,0,0,0,0,0,5310,344,0,0,0,0,0,26719434,0,12712,37,4632,342,5310,0,0,0,0,0,0,0,0,0,0,0,0,0,0,0,0,0,0,0,0,0,0,0,0,0,0,0,0,0,0,0,0,0,0,0,0,0,0,0,0,0,0,0,0,0,0,0,0,0,0,0,0,0,110414735,0,0,0,131154427,0,0,0,0,0,0,0,80196199,151488860,187776680,57407448576,46363573,0,0,0,0,0,0,0,0,0,0,0,0,0,0,0,0,0,0,0,0,0,0,0,0,0,0,0,0,0,0,0,12628711,0,0,0,0,0,0,0
1789581189.094,0,0,0,0,0,0,0,273124182,2480449969664,817462846976,0,0,0,0,0,0,0,0,0,0,0,0,0,0,0,0,0,0,0,0,0,0,0,0,0,0,0,0,0,0,0,0,0,0,0,0,0,0,0,0,0,0,0,0,0,0,0,0,0,0,0,0,0,0,0,0,0,0,466638,151587401,45782881,0,0,0,0,0,0,0,0,0,0,0,0,0,0,0,0,0,0,0,0,0,0,0,0,0,0,0,0,0,0,0,0,0,0,0,0,0,2143666176,818987008,130839,49987,0,233,131072,151421613,0,0,1381406207,2147483648,117515003,148148552,0,0,0,0,0,0,0,0,0,0,0,0,0,0,0,0,0,0,8788126,8788198,0,97,97,6265,329,17576374,35,0,0,0,0,0,0,0,1,0,0,0,0,0,0,0,0,0,0,9885095,0,14012032,124014,0,0,0,0,0,0,0,0,16384,0,0,0,0,0,0,0,0,0,0,0,5311,344,0,0,0,0,0,26719975,0,12712,37,4632,342,5311,0,0,0,0,0,0,0,0,0,0,0,0,0,0,0,0,0,0,0,0,0,0,0,0,0,0,0,0,0,0,0,0,0,0,0,0,0,0,0,0,0,0,0,0,0,0,0,0,0,0,0,0,0,110415792,0,0,0,131157075,0,0,0,0,0,0,0,80197917,151493308,187779730,57408039424,46364294,0,0,0,0,0,0,0,0,0,0,0,0,0,0,0,0,0,0,0,0,0,0,0,0,0,0,0,0,0,0,0,12628888,0,0,0,0,0,0,0
1789581190.120,0,0,0,0,0,0,0,273130032,2480524058112,817479948288,0,0,0,0,0,0,0,0,0,0,0,0,0,0,0,0,0,0,0,0,0,0,0,0,0,0,0,0,0,0,0,0,0,0,0,0,0,0,0,0,0,0,0,0,0,0,0,0,0,0,0,0,0,0,0,0,0,0,466641,151591921,45783867,0,0,0,0,0,0,0,0,0,0,0,0,0,0,0,0,0,0,0,0,0,0,0,0,0,0,0,0,0,0,0,0,0,0,0,0,0,2143502336,819462144,130829,50016,0,243,131072,151426129,0,0,1381436978,2147483648,117519491,148151677,0,0,0,0,0,0,0,0,0,0,0,0,0,0,0,0,0,0,8788320,8788396,0,97,97,6265,329,17576776,35,0,0,0,0,0,0,0,1,0,0,0,0,0,0,0,0,0,0,9885318,0,14012032,124014,0,0,0,0,0,0,0,0,16384,0,0,0,0,0,0,0,0,0,0,0,5312,344,0,0,0,0,0,26720582,0,12712,37,4632,342,5312,0,0,0,0,0,0,0,0,0,0,0,0,0,0,0,0,0,0,0,0,0,0,0,0,0,0,0,0,0,0,0,0,0,0,0,0,0,0,0,0,0,0,0,0,0,0,0,0,0,0,0,0,0,110416918,0,0,0,131159891,0,0,0,0,0,0,0,80199670,151497832,187782837,57408669184,46365056,0,0,0,0,0,0,0,0,0,0,0,0,0,0,0,0,0,0,0,0,0,0,0,0,0,0,0,0,0,0,0,12629086,0,0,0,0,0,0,0
1789581191.146,0,0,0,0,0,0,0,273136642,2480607796736,817501215232,0,0,0,0,0,0,0,0,0,0,0,0,0,0,0,0,0,0,0,0,0,0,0,0,0,0,0,0,0,0,0,0,0,0,0,0,0,0,0,0,0,0,0,0,0,0,0,0,0,0,0,0,0,0,0,0,0,0,466645,151597048,45785107,0,0,0,0,0,0,0,0,0,0,0,0,0,0,0,0,0,0,0,0,0,0,0,0,0,0,0,0,0,0,0,0,0,0,0,0,0,2143322112,818348032,130818,49948,0,254,131072,151431253,0,0,1381471394,2147483648,117524461,148155209,0,0,0,0,0,0,0,0,0,0,0,0,0,0,0,0,0,0,8788559,8788630,0,97,97,6265,329,17577215,35,0,0,0,0,0,0,0,1,0,0,0,0,0,0,0,0,0,0,9885580,0,14012160,124015,0,0,0,0,0,0,0,0,16384,0,0,0,0,0,0,0,0,0,0,0,5313,344,0,0,0,0,0,26721290,0,12712,37,4632,342,5313,0,0,0,0,0,0,0,0,0,0,0,0,0,0,0,0,0,0,0,0,0,0,0,0,0,0,0,0,0,0,0,0,0,0,0,0,0,0,0,0,0,0,0,0,0,0,0,0,0,0,0,0,0,110418104,0,0,0,131163022,0,0,0,0,0,0,0,80201576,151502948,187786375,57409346048,46365849,0,0,0,0,0,0,0,0,0,0,0,0,0,0,0,0,0,0,0,0,0,0,0,0,0,0,0,0,0,0,0,12629319,0,0,0,0,0,0,0
1789581192.172,0,0,0,0,0,0,0,273143617,2480696516096,817521373696,0,0,0,0,0,0,0,0,0,0,0,0,0,0,0,0,0,0,0,0,0,0,0,0,0,0,0,0,0,0,0,0,0,0,0,0,0,0,0,0,0,0,0,0,0,0,0,0,0,0,0,0,0,0,0,0,0,0,466649,151602467,45786287,0,0,0,0,0,0,0,0,0,0,0,0,0,0,0,0,0,0,0,0,0,0,0,0,0,0,0,0,0,0,0,0,0,0,0,0,0,2143109120,818839552,130805,49978,0,267,131072,151436667,0,0,1381507966,2147483648,117529826,148158825,0,0,0,0,0,0,0,0,0,0,0,0,0,0,0,0,0,0,8788781,8788861,0,97,97,6265,329,17577681,35,0,0,0,0,0,0,0,1,0,0,0,0,0,0,0,0,0,0,9885838,0,14012160,124015,0,0,0,0,0,0,0,0,16384,0,0,0,0,0,0,0,0,0,0,0,5314,344,0,0,0,0,0,26721989,0,12712,37,4632,342,5314,0,0,0,0,0,0,0,0,0,0,0,0,0,0,0,0,0,0,0,0,0,0,0,0,0,0,0,0,0,0,0,0,0,0,0,0,0,0,0,0,0,0,0,0,0,0,0,0,0,0,0,0,0,110419314,0,0,0,131166270,0,0,0,0,0,0,0,80203537,151508367,187789929,57410027520,46366639,0,0,0,0,0,0,0,0,0,0,0,0,0,0,0,0,0,0,0,0,0,0,0,0,0,0,0,0,0,0,0,12629549,0,0,0,0,0,0,0
1789581193.198,0,0,0,0,0,0,0,273150874,2480788135424,817542712320,0,0,0,0,0,0,0,0,0,0,0,0,0,0,0,0,0,0,0,0,0,0,0,0,0,0,0,0,0,0,0,0,0,0,0,0,0,0,0,0,0,0,0,0,0,0,0,0,0,0,0,0,0,0,0,0,0,0,466651,151608072,45787521,0,0,0,0,0,0,0,0,0,0,0,0,0,0,0,0,0,0,0,0,0,0,0,0,0,0,0,0,0,0,0,0,0,0,0,0,0,2143059968,818905088,130802,49982,0,270,131072,151442264,0,0,1381546034,2147483648,117535372,148162555,0,0,0,0,0,0,0,0,0,0,0,0,0,0,0,0,0,0,8789020,8789098,0,97,97,6265,329,17578166,35,0,0,0,0,0,0,0,1,0,0,0,0,0,0,0,0,0,0,9886107,0,14012160,124015,0,0,0,0,0,0,0,0,16384,0,0,0,0,0,0,0,0,0,0,0,5315,344,0,0,0,0,0,26722712,0,12712,37,4632,342,5315,0,0,0,0,0,0,0,0,0,0,0,0,0,0,0,0,0,0,0,0,0,0,0,0,0,0,0,0,0,0,0,0,0,0,0,0,0,0,0,0,0,0,0,0,0,0,0,0,0,0,0,0,0,110420570,0,0,0,131169657,0,0,0,0,0,0,0,80205601,151513964,187793667,57410740736,46367462,0,0,0,0,0,0,0,0,0,0,0,0,0,0,0,0,0,0,0,0,0,0,0,0,0,0,0,0,0,0,0,12629788,0,0,0,0,0,0,0
1789581194.226,0,0,0,0,0,0,0,273157901,2480877198848,817561616896,0,0,0,0,0,0,0,0,0,0,0,0,0,0,0,0,0,0,0,0,0,0,0,0,0,0,0,0,0,0,0,0,0,0,0,0,0,0,0,0,0,0,0,0,0,0,0,0,0,0,0,0,0,0,0,0,0,0,466654,151613523,45788613,0,0,0,0,0,0,0,0,0,0,0,0,0,0,0,0,0,0,0,0,0,0,0,0,0,0,0,0,0,0,0,0,0,0,0,0,0,2143485952,821592064,130828,50146,0,244,131072,151447714,0,0,1381582807,2147483648,117540722,148166338,0,0,0,0,0,0,0,0,0,0,0,0,0,0,0,0,0,0,8789267,8789346,0,97,97,6265,329,17578639,35,0,0,0,0,0,0,0,1,0,0,0,0,0,0,0,0,0,0,9886386,0,14012160,124015,0,0,0,0,0,0,0,0,16384,0,0,0,0,0,0,0,0,0,0,0,5316,344,0,0,0,0,0,26723468,0,12712,37,4632,342,5316,0,0,0,0,0,0,0,0,0,0,0,0,0,0,0,0,0,0,0,0,0,0,0,0,0,0,0,0,0,0,0,0,0,0,0,0,0,0,0,0,0,0,0,0,0,0,0,0,0,0,0,0,0,110421855,0,0,0,131173035,0,0,0,0,0,0,0,80207553,151519407,187797136,57411469312,46368324,0,0,0,0,0,0,0,0,0,0,0,0,0,0,0,0,0,0,0,0,0,0,0,0,0,0,0,0,0,0,0,12630036,0,0,0,0,0,0,0
1789581195.251,0,0,0,0,0,0,0,273164749,2480963804672,817581897216,0,0,0,0,0,0,0,0,0,0,0,0,0,0,0,0,0,0,0,0,0,0,0,0,0,0,0,0,0,0,0,0,0,0,0,0,0,0,0,0,0,0,0,0,0,0,0,0,0,0,0,0,0,0,0,0,0,0,466659,151618813,45789792,0,0,0,0,0,0,0,0,0,0,0,0,0,0,0,0,0,0,0,0,0,0,0,0,0,0,0,0,0,0,0,0,0,0,0,0,0,2143502336,820903936,130829,50104,0,243,131072,151452995,0,0,1381618810,2147483648,117545949,148169779,0,0,0,0,0,0,0,0,0,0,0,0,0,0,0,0,0,0,8789485,8789562,0,97,97,6265,329,17579089,35,0,0,0,0,0,0,0,1,0,0,0,0,0,0,0,0,0,0,9886627,0,14012160,124015,0,0,0,0,0,0,0,0,16384,0,0,0,0,0,0,0,0,0,0,0,5317,344,0,0,0,0,0,26724119,0,12712,37,4632,342,5317,0,0,0,0,0,0,0,0,0,0,0,0,0,0,0,0,0,0,0,0,0,0,0,0,0,0,0,0,0,0,0,0,0,0,0,0,0,0,0,0,0,0,0,0,0,0,0,0,0,0,0,0,0,110423027,0,0,0,131176127,0,0,0,0,0,0,0,80209515,151524702,187800669,57412135424,46369106,0,0,0,0,0,0,0,0,0,0,0,0,0,0,0,0,0,0,0,0,0,0,0,0,0,0,0,0,0,0,0,12630250,0,0,0,0,0,0,0
1789581196.277,0,0,0,0,0,0,0,273171758,2481052720640,817603825664,0,0,0,0,0,0,0,0,0,0,0,0,0,0,0,0,0,0,0,0,0,0,0,0,0,0,0,0,0,0,0,0,0,0,0,0,0,0,0,0,0,0,0,0,0,0,0,0,0,0,0,0,0,0,0,0,0,0,466662,151624250,45791079,0,0,0,0,0,0,0,0,0,0,0,0,0,0,0,0,0,0,0,0,0,0,0,0,0,0,0,0,0,0,0,0,0,0,0,0,0,2143305728,820117504,130817,50056,0,255,131072,151458428,0,0,1381655473,2147483648,117551335,148173506,0,0,0,0,0,0,0,0,0,0,0,0,0,0,0,0,0,0,8789725,8789801,0,97,97,6265,329,17579556,35,0,0,0,0,0,0,0,1,0,0,0,0,0,0,0,0,0,0,9886896,0,14012160,124015,0,0,0,0,0,0,0,0,16384,0,0,0,0,0,0,0,0,0,0,0,5318,344,0,0,0,0,0,26724846,0,12712,37,4632,342,5318,0,0,0,0,0,0,0,0,0,0,0,0,0,0,0,0,0,0,0,0,0,0,0,0,0,0,0,0,0,0,0,0,0,0,0,0,0,0,0,0,0,0,0,0,0,0,0,0,0,0,0,0,0,110424287,0,0,0,131179483,0,0,0,0,0,0,0,80211628,151530139,187804484,57412847104,46369940,0,0,0,0,0,0,0,0,0,0,0,0,0,0,0,0,0,0,0,0,0,0,0,0,0,0,0,0,0,0,0,12630489,0,0,0,0,0,0,0
1789581197.303,0,0,0,0,0,0,0,273178790,2481142128128,817622889984,0,0,0,0,0,0,0,0,0,0,0,0,0,0,0,0,0,0,0,0,0,0,0,0,0,0,0,0,0,0,0,0,0,0,0,0,0,0,0,0,0,0,0,0,0,0,0,0,0,0,0,0,0,0,0,0,0,0,466664,151629713,45792184,0,0,0,0,0,0,0,0,0,0,0,0,0,0,0,0,0,0,0,0,0,0,0,0,0,0,0,0,0,0,0,0,0,0,0,0,0,2143518720,822050816,130830,50174,0,242,131072,151463886,0,0,1381692299,2147483648,117556712,148177152,0,0,0,0,0,0,0,0,0,0,0,0,0,0,0,0,0,0,8789966,8790042,0,97,97,6265,329,17580017,35,0,0,0,0,0,0,0,1,0,0,0,0,0,0,0,0,0,0,9887167,0,14012160,124015,0,0,0,0,0,0,0,0,16384,0,0,0,0,0,0,0,0,0,0,0,5319,344,0,0,0,0,0,26725580,0,12712,37,4632,342,5319,0,0,0,0,0,0,0,0,0,0,0,0,0,0,0,0,0,0,0,0,0,0,0,0,0,0,0,0,0,0,0,0,0,0,0,0,0,0,0,0,0,0,0,0,0,0,0,0,0,0,0,0,0,110425508,0,0,0,131182747,0,0,0,0,0,0,0,80213537,151535592,187807913,57413542400,46370745,0,0,0,0,0,0,0,0,0,0,0,0,0,0,0,0,0,0,0,0,0,0,0,0,0,0,0,0,0,0,0,12630731,0,0,0,0,0,0,0
1789581198.328,0,0,0,0,0,0,0,273185600,2481228176896,817642062336,0,0,0,0,0,0,0,0,0,0,0,0,0,0,0,0,0,0,0,0,0,0,0,0,0,0,0,0,0,0,0,0,0,0,0,0,0,0,0,0,0,0,0,0,0,0,0,0,0,0,0,0,0,0,0,0,0,0,466667,151634972,45793292,0,0,0,0,0,0,0,0,0,0,0,0,0,0,0,0,0,0,0,0,0,0,0,0,0,0,0,0,0,0,0,0,0,0,0,0,0,2143420416,823197696,130824,50244,0,248,131072,151469140,0,0,1381728219,2147483648,117561903,148180660,0,0,0,0,0,0,0,0,0,0,0,0,0,0,0,0,0,0,8790182,8790259,0,97,97,6265,329,17580477,35,0,0,0,0,0,0,0,1,0,0,0,0,0,0,0,0,0,0,9887405,0,14012160,124015,0,0,0,0,0,0,0,0,16384,0,0,0,0,0,0,0,0,0,0,0,5320,344,0,0,0,0,0,26726218,0,12712,37,4632,342,5320,0,0,0,0,0,0,0,0,0,0,0,0,0,0,0,0,0,0,0,0,0,0,0,0,0,0,0,0,0,0,0,0,0,0,0,0,0,0,0,0,0,0,0,0,0,0,0,0,0,0,0,0,0,110426694,0,0,0,131185942,0,0,0,0,0,0,0,80215455,151540850,187811323,57414215680,46371551,0,0,0,0,0,0,0,0,0,0,0,0,0,0,0,0,0,0,0,0,0,0,0,0,0,0,0,0,0,0,0,12630941,0,0,0,0,0,0,0
1789581199.354,0,0,0,0,0,0,0,273192426,2481316486656,817663261696,0,0,0,0,0,0,0,0,0,0,0,0,0,0,0,0,0,0,0,0,0,0,0,0,0,0,0,0,0,0,0,0,0,0,0,0,0,0,0,0,0,0,0,0,0,0,0,0,0,0,0,0,0,0,0,0,0,0,466672,151640368,45794518,0,0,0,0,0,0,0,0,0,0,0,0,0,0,0,0,0,0,0,0,0,0,0,0,0,0,0,0,0,0,0,0,0,0,0,0,0,2143567872,823410688,130833,50257,0,239,131072,151474530,0,0,1381763869,2147483648,117567228,148184339,0,0,0,0,0,0,0,0,0,0,0,0,0,0,0,0,0,0,8790420,8790493,0,97,97,6265,329,17580954,35,0,0,0,0,0,0,0,1,0,0,0,0,0,0,0,0,0,0,9887673,0,14012160,124015,0,0,0,0,0,0,0,0,16384,0,0,0,0,0,0,0,0,0,0,0,5321,344,0,0,0,0,0,26726940,0,12712,37,4632,342,5321,0,0,0,0,0,0,0,0,0,0,0,0,0,0,0,0,0,0,0,0,0,0,0,0,0,0,0,0,0,0,0,0,0,0,0,0,0,0,0,0,0,0,0,0,0,0,0,0,0,0,0,0,0,110427914,0,0,0,131189229,0,0,0,0,0,0,0,80217496,151546246,187815011,57414913024,46372358,0,0,0,0,0,0,0,0,0,0,0,0,0,0,0,0,0,0,0,0,0,0,0,0,0,0,0,0,0,0,0,12631179,0,0,0,0,0,0,0
1789581200.379,0,0,0,0,0,0,0,273199184,2481403207168,817682711552,0,0,0,0,0,0,0,0,0,0,0,0,0,0,0,0,0,0,0,0,0,0,0,0,0,0,0,0,0,0,0,0,0,0,0,0,0,0,0,0,0,0,0,0,0,0,0,0,0,0,0,0,0,0,0,0,0,0,466676,151645666,45795658,0,0,0,0,0,0,0,0,0,0,0,0,0,0,0,0,0,0,0,0,0,0,0,0,0,0,0,0,0,0,0,0,0,0,0,0,0,2143518720,822919168,130830,50227,0,242,131072,151479829,0,0,1381799610,2147483648,117572483,148187682,0,0,0,0,0,0,0,0,0,0,0,0,0,0,0,0,0,0,8790629,8790702,0,97,97,6265,329,17581381,35,0,0,0,0,0,0,0,1,0,0,0,0,0,0,0,0,0,0,9887908,0,14012160,124015,0,0,0,0,0,0,0,0,16384,0,0,0,0,0,0,0,0,0,0,0,5322,344,0,0,0,0,0,26727574,0,12712,37,4632,342,5322,0,0,0,0,0,0,0,0,0,0,0,0,0,0,0,0,0,0,0,0,0,0,0,0,0,0,0,0,0,0,0,0,0,0,0,0,0,0,0,0,0,0,0,0,0,0,0,0,0,0,0,0,0,110429075,0,0,0,131192254,0,0,0,0,0,0,0,80219403,151551546,187818436,57415565824,46373133,0,0,0,0,0,0,0,0,0,0,0,0,0,0,0,0,0,0,0,0,0,0,0,0,0,0,0,0,0,0,0,12631388,0,0,0,0,0,0,0
1789581201.405,0,0,0,0,0,0,0,273205801,2481487044096,817701897728,0,0,0,0,0,0,0,0,0,0,0,0,0,0,0,0,0,0,0,0,0,0,0,0,0,0,0,0,0,0,0,0,0,0,0,0,0,0,0,0,0,0,0,0,0,0,0,0,0,0,0,0,0,0,0,0,0,0,466682,151650793,45796779,0,0,0,0,0,0,0,0,0,0,0,0,0,0,0,0,0,0,0,0,0,0,0,0,0,0,0,0,0,0,0,0,0,0,0,0,0,2143272960,823934976,130815,50289,0,256,131072,151484952,0,0,1381834067,2147483648,117577574,148191259,0,0,0,0,0,0,0,0,0,0,0,0,0,0,0,0,0,0,8790866,8790940,0,97,97,6265,329,17581824,35,0,0,0,0,0,0,0,1,0,0,0,0,0,0,0,0,0,0,9888178,0,14012160,124015,0,0,0,0,0,0,0,0,16384,0,0,0,0,0,0,0,0,0,0,0,5323,344,0,0,0,0,0,26728313,0,12712,37,4632,342,5323,0,0,0,0,0,0,0,0,0,0,0,0,0,0,0,0,0,0,0,0,0,0,0,0,0,0,0,0,0,0,0,0,0,0,0,0,0,0,0,0,0,0,0,0,0,0,0,0,0,0,0,0,0,110430307,0,0,0,131195430,0,0,0,0,0,0,0,80221328,151556668,187821892,57416262656,46373947,0,0,0,0,0,0,0,0,0,0,0,0,0,0,0,0,0,0,0,0,0,0,0,0,0,0,0,0,0,0,0,12631629,0,0,0,0,0,0,0
1789581202.431,0,0,0,0,0,0,0,273212580,2481573797376,817721710080,0,0,0,0,0,0,0,0,0,0,0,0,0,0,0,0,0,0,0,0,0,0,0,0,0,0,0,0,0,0,0,0,0,0,0,0,0,0,0,0,0,0,0,0,0,0,0,0,0,0,0,0,0,0,0,0,0,0,466685,151656093,45797914,0,0,0,0,0,0,0,0,0,0,0,0,0,0,0,0,0,0,0,0,0,0,0,0,0,0,0,0,0,0,0,0,0,0,0,0,0,2143420416,824426496,130824,50319,0,248,131072,151490251,0,0,1381869344,2147483648,117582815,148194768,0,0,0,0,0,0,0,0,0,0,0,0,0,0,0,0,0,0,8791086,8791163,0,97,97,6265,329,17582274,35,0,0,0,0,0,0,0,1,0,0,0,0,0,0,0,0,0,0,9888429,0,14012160,124015,0,0,0,0,0,0,0,0,16384,0,0,0,0,0,0,0,0,0,0,0,5324,344,0,0,0,0,0,26728993,0,12712,37,4632,342,5324,0,0,0,0,0,0,0,0,0,0,0,0,0,0,0,0,0,0,0,0,0,0,0,0,0,0,0,0,0,0,0,0,0,0,0,0,0,0,0,0,0,0,0,0,0,0,0,0,0,0,0,0,0,110431497,0,0,0,131198592,0,0,0,0,0,0,0,80223271,151561965,187825386,57416936448,46374738,0,0,0,0,0,0,0,0,0,0,0,0,0,0,0,0,0,0,0,0,0,0,0,0,0,0,0,0,0,0,0,12631852,0,0,0,0,0,0,0
1789581203.457,0,0,0,0,0,0,0,273219203,2481658027520,817741342720,0,0,0,0,0,0,0,0,0,0,0,0,0,0,0,0,0,0,0,0,0,0,0,0,0,0,0,0,0,0,0,0,0,0,0,0,0,0,0,0,0,0,0,0,0,0,0,0,0,0,0,0,0,0,0,0,0,0,466693,151661237,45799074,0,0,0,0,0,0,0,0,0,0,0,0,0,0,0,0,0,0,0,0,0,0,0,0,0,0,0,0,0,0,0,0,0,0,0,0,0,2142945280,824213504,130795,50306,0,277,131072,151495393,0,0,1381904112,2147483648,117587942,148198180,0,0,0,0,0,0,0,0,0,0,0,0,0,0,0,0,0,0,8791293,8791364,0,97,97,6265,329,17582712,35,0,0,0,0,0,0,0,1,0,0,0,0,0,0,0,0,0,0,9888656,0,14012160,124015,0,0,0,0,0,0,0,0,16384,0,0,0,0,0,0,0,0,0,0,0,5325,344,0,0,0,0,0,26729601,0,12712,37,4632,342,5325,0,0,0,0,0,0,0,0,0,0,0,0,0,0,0,0,0,0,0,0,0,0,0,0,0,0,0,0,0,0,0,0,0,0,0,0,0,0,0,0,0,0,0,0,0,0,0,0,0,0,0,0,0,110432642,0,0,0,131201644,0,0,0,0,0,0,0,80225185,151567115,187828818,57417590272,46375509,0,0,0,0,0,0,0,0,0,0,0,0,0,0,0,0,0,0,0,0,0,0,0,0,0,0,0,0,0,0,0,12632053,0,0,0,0,0,0,0
1789581204.484,0,0,0,0,0,0,0,273225467,2481737801216,817759462912,0,0,0,0,0,0,0,0,0,0,0,0,0,0,0,0,0,0,0,0,0,0,0,0,0,0,0,0,0,0,0,0,0,0,0,0,0,0,0,0,0,0,0,0,0,0,0,0,0,0,0,0,0,0,0,0,0,0,466700,151666114,45800125,0,0,0,0,0,0,0,0,0,0,0,0,0,0,0,0,0,0,0,0,0,0,0,0,0,0,0,0,0,0,0,0,0,0,0,0,0,2143256576,825786368,130814,50402,0,258,131072,151500266,0,0,1381936866,2147483648,117592746,148201633,0,0,0,0,0,0,0,0,0,0,0,0,0,0,0,0,0,0,8791515,8791593,0,97,97,6265,329,17583138,35,0,0,0,0,0,0,0,1,0,0,0,0,0,0,0,0,0,0,9888913,0,14012160,124015,0,0,0,0,0,0,0,0,16384,0,0,0,0,0,0,0,0,0,0,0,5326,344,0,0,0,0,0,26730302,0,12712,37,4632,342,5326,0,0,0,0,0,0,0,0,0,0,0,0,0,0,0,0,0,0,0,0,0,0,0,0,0,0,0,0,0,0,0,0,0,0,0,0,0,0,0,0,0,0,0,0,0,0,0,0,0,0,0,0,0,110433823,0,0,0,131204704,0,0,0,0,0,0,0,80227020,151571986,187832095,57418257920,46376295,0,0,0,0,0,0,0,0,0,0,0,0,0,0,0,0,0,0,0,0,0,0,0,0,0,0,0,0,0,0,0,12632282,0,0,0,0,0,0,0
1789581205.510,0,0,0,0,0,0,0,273231765,2481818934784,817778728448,0,0,0,0,0,0,0,0,0,0,0,0,0,0,0,0,0,0,0,0,0,0,0,0,0,0,0,0,0,0,0,0,0,0,0,0,0,0,0,0,0,0,0,0,0,0,0,0,0,0,0,0,0,0,0,0,0,0,466702,151671077,45801222,0,0,0,0,0,0,0,0,0,0,0,0,0,0,0,0,0,0,0,0,0,0,0,0,0,0,0,0,0,0,0,0,0,0,0,0,0,2143191040,825556992,130810,50388,0,262,131072,151505228,0,0,1381969743,2147483648,117597673,148204875,0,0,0,0,0,0,0,0,0,0,0,0,0,0,0,0,0,0,8791719,8791796,0,97,97,6265,329,17583554,35,0,0,0,0,0,0,0,1,0,0,0,0,0,0,0,0,0,0,9889142,0,14012160,124015,0,0,0,0,0,0,0,0,16384,0,0,0,0,0,0,0,0,0,0,0,5327,344,0,0,0,0,0,26730925,0,12712,37,4632,342,5327,0,0,0,0,0,0,0,0,0,0,0,0,0,0,0,0,0,0,0,0,0,0,0,0,0,0,0,0,0,0,0,0,0,0,0,0,0,0,0,0,0,0,0,0,0,0,0,0,0,0,0,0,0,110434954,0,0,0,131207618,0,0,0,0,0,0,0,80228909,151576946,187835469,57418897920,46377063,0,0,0,0,0,0,0,0,0,0,0,0,0,0,0,0,0,0,0,0,0,0,0,0,0,0,0,0,0,0,0,12632486,0,0,0,0,0,0,0
1789581206.536,0,0,0,0,0,0,0,273238258,2481901673984,817797768704,0,0,0,0,0,0,0,0,0,0,0,0,0,0,0,0,0,0,0,0,0,0,0,0,0,0,0,0,0,0,0,0,0,0,0,0,0,0,0,0,0,0,0,0,0,0,0,0,0,0,0,0,0,0,0,0,0,0,466706,151676124,45802346,0,0,0,0,0,0,0,0,0,0,0,0,0,0,0,0,0,0,0,0,0,0,0,0,0,0,0,0,0,0,0,0,0,0,0,0,0,2143223808,824999936,130812,50354,0,260,131072,151510272,0,0,1382003789,2147483648,117602673,148208095,0,0,0,0,0,0,0,0,0,0,0,0,0,0,0,0,0,0,8791924,8791993,0,97,97,6265,329,17583965,35,0,0,0,0,0,0,0,1,0,0,0,0,0,0,0,0,0,0,9889361,0,14012160,124015,0,0,0,0,0,0,0,0,16384,0,0,0,0,0,0,0,0,0,0,0,5328,344,0,0,0,0,0,26731511,0,12712,37,4632,342,5328,0,0,0,0,0,0,0,0,0,0,0,0,0,0,0,0,0,0,0,0,0,0,0,0,0,0,0,0,0,0,0,0,0,0,0,0,0,0,0,0,0,0,0,0,0,0,0,0,0,0,0,0,0,110436086,0,0,0,131210530,0,0,0,0,0,0,0,80230779,151582001,187838818,57419535872,46377824,0,0,0,0,0,0,0,0,0,0,0,0,0,0,0,0,0,0,0,0,0,0,0,0,0,0,0,0,0,0,0,12632679,0,0,0,0,0,0,0
1789581207.563,0,0,0,0,0,0,0,273244786,2481983954432,817816461824,0,0,0,0,0,0,0,0,0,0,0,0,0,0,0,0,0,0,0,0,0,0,0,0,0,0,0,0,0,0,0,0,0,0,0,0,0,0,0,0,0,0,0,0,0,0,0,0,0,0,0,0,0,0,0,0,0,0,466711,151681164,45803420,0,0,0,0,0,0,0,0,0,0,0,0,0,0,0,0,0,0,0,0,0,0,0,0,0,0,0,0,0,0,0,0,0,0,0,0,0,2143076352,826966016,130803,50474,0,269,131072,151515307,0,0,1382037868,2147483648,117607658,148211712,0,0,0,0,0,0,0,0,0,0,0,0,0,0,0,0,0,0,8792154,8792234,0,97,97,6265,329,17584422,35,0,0,0,0,0,0,0,1,0,0,0,0,0,0,0,0,0,0,9889631,0,14012160,124015,0,0,0,0,0,0,0,0,16384,0,0,0,0,0,0,0,0,0,0,0,5329,344,0,0,0,0,0,26732238,0,12712,37,4632,342,5329,0,0,0,0,0,0,0,0,0,0,0,0,0,0,0,0,0,0,0,0,0,0,0,0,0,0,0,0,0,0,0,0,0,0,0,0,0,0,0,0,0,0,0,0,0,0,0,0,0,0,0,0,0,110437314,0,0,0,131213750,0,0,0,0,0,0,0,80232665,151587031,187842211,57420230656,46378628,0,0,0,0,0,0,0,0,0,0,0,0,0,0,0,0,0,0,0,0,0,0,0,0,0,0,0,0,0,0,0,12632920,0,0,0,0,0,0,0
1789581208.588,0,0,0,0,0,0,0,273251276,2482067578368,817836259840,0,0,0,0,0,0,0,0,0,0,0,0,0,0,0,0,0,0,0,0,0,0,0,0,0,0,0,0,0,0,0,0,0,0,0,0,0,0,0,0,0,0,0,0,0,0,0,0,0,0,0,0,0,0,0,0,0,0,466716,151686276,45804589,0,0,0,0,0,0,0,0,0,0,0,0,0,0,0,0,0,0,0,0,0,0,0,0,0,0,0,0,0,0,0,0,0,0,0,0,0,2143289344,825868288,130816,50407,0,256,131072,151520415,0,0,1382071646,2147483648,117612704,148214987,0,0,0,0,0,0,0,0,0,0,0,0,0,0,0,0,0,0,8792363,8792441,0,97,97,6265,329,17584843,35,0,0,0,0,0,0,0,1,0,0,0,0,0,0,0,0,0,0,9889858,0,14012160,124015,0,0,0,0,0,0,0,0,16384,0,0,0,0,0,0,0,0,0,0,0,5330,344,0,0,0,0,0,26732845,0,12712,37,4632,342,5330,0,0,0,0,0,0,0,0,0,0,0,0,0,0,0,0,0,0,0,0,0,0,0,0,0,0,0,0,0,0,0,0,0,0,0,0,0,0,0,0,0,0,0,0,0,0,0,0,0,0,0,0,0,110438493,0,0,0,131216689,0,0,0,0,0,0,0,80234606,151592142,187845694,57420889600,46379417,0,0,0,0,0,0,0,0,0,0,0,0,0,0,0,0,0,0,0,0,0,0,0,0,0,0,0,0,0,0,0,12633121,0,0,0,0,0,0,0
1789581209.614,0,0,0,0,0,0,0,273257937,2482151890432,817854666752,0,0,0,0,0,0,0,0,0,0,0,0,0,0,0,0,0,0,0,0,0,0,0,0,0,0,0,0,0,0,0,0,0,0,0,0,0,0,0,0,0,0,0,0,0,0,0,0,0,0,0,0,0,0,0,0,0,0,466724,151691426,45805642,0,0,0,0,0,0,0,0,0,0,0,0,0,0,0,0,0,0,0,0,0,0,0,0,0,0,0,0,0,0,0,0,0,0,0,0,0,2143731712,827375616,130843,50499,0,229,131072,151525562,0,0,1382106927,2147483648,117617808,148218414,0,0,0,0,0,0,0,0,0,0,0,0,0,0,0,0,0,0,8792584,8792661,0,97,97,6265,329,17585271,35,0,0,0,0,0,0,0,1,0,0,0,0,0,0,0,0,0,0,9890092,0,14012160,124015,0,0,0,0,0,0,0,0,16384,0,0,0,0,0,0,0,0,0,0,0,5331,344,0,0,0,0,0,26733473,0,12712,37,4632,342,5331,0,0,0,0,0,0,0,0,0,0,0,0,0,0,0,0,0,0,0,0,0,0,0,0,0,0,0,0,0,0,0,0,0,0,0,0,0,0,0,0,0,0,0,0,0,0,0,0,0,0,0,0,0,110439662,0,0,0,131219766,0,0,0,0,0,0,0,80236444,151597296,187848994,57421556736,46380188,0,0,0,0,0,0,0,0,0,0,0,0,0,0,0,0,0,0,0,0,0,0,0,0,0,0,0,0,0,0,0,12633328,0,0,0,0,0,0,0
1789581210.640,0,0,0,0,0,0,0,273264821,2482239659520,817875311104,0,0,0,0,0,0,0,0,0,0,0,0,0,0,0,0,0,0,0,0,0,0,0,0,0,0,0,0,0,0,0,0,0,0,0,0,0,0,0,0,0,0,0,0,0,0,0,0,0,0,0,0,0,0,0,0,0,0,466732,151696792,45806855,0,0,0,0,0,0,0,0,0,0,0,0,0,0,0,0,0,0,0,0,0,0,0,0,0,0,0,0,0,0,0,0,0,0,0,0,0,2143764480,827228160,130845,50490,0,227,131072,151530924,0,0,1382142849,2147483648,117623115,148222036,0,0,0,0,0,0,0,0,0,0,0,0,0,0,0,0,0,0,8792818,8792891,0,97,97,6265,329,17585730,35,0,0,0,0,0,0,0,1,0,0,0,0,0,0,0,0,0,0,9890350,0,14012160,124015,0,0,0,0,0,0,0,0,16384,0,0,0,0,0,0,0,0,0,0,0,5332,344,0,0,0,0,0,26734172,0,12712,37,4632,342,5332,0,0,0,0,0,0,0,0,0,0,0,0,0,0,0,0,0,0,0,0,0,0,0,0,0,0,0,0,0,0,0,0,0,0,0,0,0,0,0,0,0,0,0,0,0,0,0,0,0,0,0,0,0,110440856,0,0,0,131222983,0,0,0,0,0,0,0,80238433,151602659,187852589,57422244352,46380977,0,0,0,0,0,0,0,0,0,0,0,0,0,0,0,0,0,0,0,0,0,0,0,0,0,0,0,0,0,0,0,12633557,0,0,0,0,0,0,0
1789581211.666,0,0,0,0,0,0,0,273271953,2482330344960,817896251904,0,0,0,0,0,0,0,0,0,0,0,0,0,0,0,0,0,0,0,0,0,0,0,0,0,0,0,0,0,0,0,0,0,0,0,0,0,0,0,0,0,0,0,0,0,0,0,0,0,0,0,0,0,0,0,0,0,0,466739,151702334,45808083,0,0,0,0,0,0,0,0,0,0,0,0,0,0,0,0,0,0,0,0,0,0,0,0,0,0,0,0,0,0,0,0,0,0,0,0,0,2143617024,825851904,130836,50406,0,236,131072,151536464,0,0,1382180674,2147483648,117628588,148225472,0,0,0,0,0,0,0,0,0,0,0,0,0,0,0,0,0,0,8793038,8793110,0,97,97,6265,329,17586158,35,0,0,0,0,0,0,0,1,0,0,0,0,0,0,0,0,0,0,9890591,0,14012160,124015,0,0,0,0,0,0,0,0,16384,0,0,0,0,0,0,0,0,0,0,0,5333,344,0,0,0,0,0,26734820,0,12712,37,4632,342,5333,0,0,0,0,0,0,0,0,0,0,0,0,0,0,0,0,0,0,0,0,0,0,0,0,0,0,0,0,0,0,0,0,0,0,0,0,0,0,0,0,0,0,0,0,0,0,0,0,0,0,0,0,0,110442062,0,0,0,131226070,0,0,0,0,0,0,0,80240461,151608197,187856237,57422915584,46381785,0,0,0,0,0,0,0,0,0,0,0,0,0,0,0,0,0,0,0,0,0,0,0,0,0,0,0,0,0,0,0,12633771,0,0,0,0,0,0,0
1789581212.692,0,0,0,0,0,0,0,273279497,2482426158592,817917949440,0,0,0,0,0,0,0,0,0,0,0,0,0,0,0,0,0,0,0,0,0,0,0,0,0,0,0,0,0,0,0,0,0,0,0,0,0,0,0,0,0,0,0,0,0,0,0,0,0,0,0,0,0,0,0,0,0,0,466751,151708190,45809337,0,0,0,0,0,0,0,0,0,0,0,0,0,0,0,0,0,0,0,0,0,0,0,0,0,0,0,0,0,0,0,0,0,0,0,0,0,2143993856,827064320,130859,50480,0,213,131072,151542317,0,0,1382219933,2147483648,117634368,148229543,0,0,0,0,0,0,0,0,0,0,0,0,0,0,0,0,0,0,8793298,8793379,0,97,97,6265,329,17586674,35,0,0,0,0,0,0,0,1,0,0,0,0,0,0,0,0,0,0,9890880,0,14012160,124015,0,0,0,0,0,0,0,0,16384,0,0,0,0,0,0,0,0,0,0,0,5334,344,0,0,0,0,0,26735599,0,12712,37,4632,342,5334,0,0,0,0,0,0,0,0,0,0,0,0,0,0,0,0,0,0,0,0,0,0,0,0,0,0,0,0,0,0,0,0,0,0,0,0,0,0,0,0,0,0,0,0,0,0,0,0,0,0,0,0,0,110443382,0,0,0,131229693,0,0,0,0,0,0,0,80242605,151614048,187860073,57423676928,46382670,0,0,0,0,0,0,0,0,0,0,0,0,0,0,0,0,0,0,0,0,0,0,0,0,0,0,0,0,0,0,0,12634027,0,0,0,0,0,0,0
1789581213.717,0,0,0,0,0,0,0,273287631,2482530000384,817955694592,0,0,0,0,0,0,0,0,0,0,0,0,0,0,0,0,0,0,0,0,0,0,0,0,0,0,0,0,0,0,0,0,0,0,0,0,0,0,0,0,0,0,0,0,0,0,0,0,0,0,0,0,0,0,0,0,0,0,466768,151714529,45811581,0,0,0,0,0,0,0,0,0,0,0,0,0,0,0,0,0,0,0,0,0,0,0,0,0,0,0,0,0,0,0,0,0,0,0,0,0,2144256000,812761088,130875,49607,0,197,131072,151548653,0,0,1382262911,2147483648,117640565,148233662,0,0,0,0,0,0,0,0,0,0,0,0,0,0,0,0,0,0,8793557,8793634,0,97,97,6265,329,17587199,35,0,0,0,0,0,0,0,1,0,0,0,0,0,0,0,0,0,0,9891168,0,14013003,124022,0,0,0,0,0,0,0,0,16384,0,0,0,0,0,0,0,0,0,0,0,5335,344,0,0,0,0,0,26736376,0,12712,37,4632,342,5335,0,0,0,0,0,0,0,0,0,0,0,0,0,0,0,0,0,0,0,0,0,0,0,0,0,0,0,0,0,0,0,0,0,0,0,0,0,0,0,0,0,0,0,0,0,0,0,0,0,0,0,0,0,110444737,0,0,0,131233370,0,0,0,0,0,0,0,80245003,151620391,187865065,57424455680,46383568,0,0,0,0,0,0,0,0,0,0,0,0,0,0,0,0,0,0,0,0,0,0,0,0,0,0,0,0,0,0,0,12634283,0,0,0,0,0,0,0
1789581214.743,0,0,0,0,0,0,0,273296973,2482650373632,817993270784,0,0,0,0,0,0,0,0,0,0,0,0,0,0,0,0,0,0,0,0,0,0,0,0,0,0,0,0,0,0,0,0,0,0,0,0,0,0,0,0,0,0,0,0,0,0,0,0,0,0,0,0,0,0,0,0,0,0,466783,151721894,45813810,0,0,0,0,0,0,0,0,0,0,0,0,0,0,0,0,0,0,0,0,0,0,0,0,0,0,0,0,0,0,0,0,0,0,0,0,0,2144043008,803127296,130862,49019,0,210,131072,151556011,0,0,1382311947,2147483648,117647141,148238482,0,0,0,0,0,0,0,0,0,0,0,0,0,0,0,0,0,0,8793864,8793944,0,97,97,6265,329,17587795,35,0,0,0,0,0,0,0,1,0,0,0,0,0,0,0,0,0,0,9891509,0,14013631,124027,0,0,0,0,0,0,0,0,16384,0,0,0,0,0,0,0,0,0,0,0,5336,344,0,0,0,0,0,26737296,0,12712,37,4632,342,5336,0,0,0,0,0,0,0,0,0,0,0,0,0,0,0,0,0,0,0,0,0,0,0,0,0,0,0,0,0,0,0,0,0,0,0,0,0,0,0,0,0,0,0,0,0,0,0,0,0,0,0,0,0,110446215,0,0,0,131237662,0,0,0,0,0,0,0,80247654,151627747,187870356,57425321984,46384526,0,0,0,0,0,0,0,0,0,0,0,0,0,0,0,0,0,0,0,0,0,0,0,0,0,0,0,0,0,0,0,12634586,0,0,0,0,0,0,0
1789581215.768,0,0,0,0,0,0,0,273307499,2482784968192,818025157120,0,0,0,0,0,0,0,0,0,0,0,0,0,0,0,0,0,0,0,0,0,0,0,0,0,0,0,0,0,0,0,0,0,0,0,0,0,0,0,0,0,0,0,0,0,0,0,0,0,0,0,0,0,0,0,0,0,0,466796,151730128,45815673,0,0,0,0,0,0,0,0,0,0,0,0,0,0,0,0,0,0,0,0,0,0,0,0,0,0,0,0,0,0,0,0,0,0,0,0,0,2144763904,802144256,130906,48959,0,166,131072,151564236,0,0,1382367656,2147483648,117655235,148243684,0,0,0,0,0,0,0,0,0,0,0,0,0,0,0,0,0,0,8794197,8794278,0,97,97,6265,329,17588472,35,0,0,0,0,0,0,0,1,0,0,0,0,0,0,0,0,0,0,9891868,0,14013631,124027,0,0,0,0,0,0,0,0,16384,0,0,0,0,0,0,0,0,0,0,0,5337,344,0,0,0,0,0,26738260,0,12712,37,4632,342,5337,0,0,0,0,0,0,0,0,0,0,0,0,0,0,0,0,0,0,0,0,0,0,0,0,0,0,0,0,0,0,0,0,0,0,0,0,0,0,0,0,0,0,0,0,0,0,0,0,0,0,0,0,0,110447751,0,0,0,131242392,0,0,0,0,0,0,0,80250514,151635981,187875619,57426240512,46385520,0,0,0,0,0,0,0,0,0,0,0,0,0,0,0,0,0,0,0,0,0,0,0,0,0,0,0,0,0,0,0,12634903,0,0,0,0,0,0,0
1789581216.794,0,0,0,0,0,0,0,273319440,2482938355200,818059999232,0,0,0,0,0,0,0,0,0,0,0,0,0,0,0,0,0,0,0,0,0,0,0,0,0,0,0,0,0,0,0,0,0,0,0,0,0,0,0,0,0,0,0,0,0,0,0,0,0,0,0,0,0,0,0,0,0,0,466817,151739492,45817720,0,0,0,0,0,0,0,0,0,0,0,0,0,0,0,0,0,0,0,0,0,0,0,0,0,0,0,0,0,0,0,0,0,0,0,0,0,2144993280,803094528,130919,49017,0,153,131072,151573593,0,0,1382430689,2147483648,117664489,148249701,0,0,0,0,0,0,0,0,0,0,0,0,0,0,0,0,0,0,8794582,8794667,0,97,97,6265,329,17589240,35,0,0,0,0,0,0,0,1,0,0,0,0,0,0,0,0,0,0,9892290,0,14013631,124027,0,0,0,0,0,0,0,0,16384,0,0,0,0,0,0,0,0,0,0,0,5338,344,0,0,0,0,0,26739401,0,12712,37,4632,342,5338,0,0,0,0,0,0,0,0,0,0,0,0,0,0,0,0,0,0,0,0,0,0,0,0,0,0,0,0,0,0,0,0,0,0,0,0,0,0,0,0,0,0,0,0,0,0,0,0,0,0,0,0,0,110449473,0,0,0,131247825,0,0,0,0,0,0,0,80253636,151645351,187881409,57427279872,46386606,0,0,0,0,0,0,0,0,0,0,0,0,0,0,0,0,0,0,0,0,0,0,0,0,0,0,0,0,0,0,0,12635277,0,0,0,0,0,0,0
1789581217.820,0,0,0,0,0,0,0,273333742,2483121266176,818100928000,0,0,0,0,0,0,0,0,0,0,0,0,0,0,0,0,0,0,0,0,0,0,0,0,0,0,0,0,0,0,0,0,0,0,0,0,0,0,0,0,0,0,0,0,0,0,0,0,0,0,0,0,0,0,0,0,0,0,466855,151750674,45820115,0,0,0,0,0,0,0,0,0,0,0,0,0,0,0,0,0,0,0,0,0,0,0,0,0,0,0,0,0,0,0,0,0,0,0,0,0,2145632256,804487168,130959,49102,0,113,131072,151584768,0,0,1382505876,2147483648,117675487,148256957,0,0,0,0,0,0,0,0,0,0,0,0,0,0,0,0,0,0,8795056,8795141,0,97,97,6265,329,17590143,35,0,0,0,0,0,0,0,1,0,0,0,0,0,0,0,0,0,0,9892789,0,14013631,124027,0,0,0,0,0,0,0,0,16384,0,0,0,0,0,0,0,0,0,0,0,5339,344,0,0,0,0,0,26740748,0,12712,37,4632,342,5339,0,0,0,0,0,0,0,0,0,0,0,0,0,0,0,0,0,0,0,0,0,0,0,0,0,0,0,0,0,0,0,0,0,0,0,0,0,0,0,0,0,0,0,0,0,0,0,0,0,0,0,0,0,110451367,0,0,0,131254312,0,0,0,0,0,0,0,80257236,151656526,187888089,57428465664,46387815,0,0,0,0,0,0,0,0,0,0,0,0,0,0,0,0,0,0,0,0,0,0,0,0,0,0,0,0,0,0,0,12635718,0,0,0,0,0,0,0
1789581218.846,0,0,0,0,0,0,0,273351857,2483351494144,818153044992,0,0,0,0,0,0,0,0,0,0,0,0,0,0,0,0,0,0,0,0,0,0,0,0,0,0,0,0,0,0,0,0,0,0,0,0,0,0,0,0,0,0,0,0,0,0,0,0,0,0,0,0,0,0,0,0,0,0,466924,151764750,45823169,0,0,0,0,0,0,0,0,0,0,0,0,0,0,0,0,0,0,0,0,0,0,0,0,0,0,0,0,0,0,0,0,0,0,0,0,0,2146025472,808730624,130983,49361,0,89,131072,151598827,0,0,1382600821,2147483648,117689348,148266654,0,0,0,0,0,0,0,0,0,0,0,0,0,0,0,0,0,0,8795668,8795753,0,97,97,6265,329,17591346,35,0,0,0,0,0,0,0,1,0,0,0,0,0,0,0,0,0,0,9893440,0,14013631,124027,0,0,0,0,0,0,0,0,16384,0,0,0,0,0,0,0,0,0,0,0,5341,344,0,0,0,0,0,26742491,0,12712,37,4632,342,5341,0,0,0,0,0,0,0,0,0,0,0,0,0,0,0,0,0,0,0,0,0,0,0,0,0,0,0,0,0,0,0,0,0,0,0,0,0,0,0,0,0,0,0,0,0,0,0,0,0,0,0,0,0,110453565,0,0,0,131262838,0,0,0,0,0,0,0,80261642,151670588,187896370,57429940224,46389177,0,0,0,0,0,0,0,0,0,0,0,0,0,0,0,0,0,0,0,0,0,0,0,0,0,0,0,0,0,0,0,12636293,0,0,0,0,0,0,0
1789581219.872,0,0,0,0,0,0,0,273370212,2483584212480,818204810752,0,0,0,0,0,0,0,0,0,0,0,0,0,0,0,0,0,0,0,0,0,0,0,0,0,0,0,0,0,0,0,0,0,0,0,0,0,0,0,0,0,0,0,0,0,0,0,0,0,0,0,0,0,0,0,0,0,0,467010,151778958,45826194,0,0,0,0,0,0,0,0,0,0,0,0,0,0,0,0,0,0,0,0,0,0,0,0,0,0,0,0,0,0,0,0,0,0,0,0,0,2146238464,815677440,130996,49785,0,76,131072,151613024,0,0,1382697374,2147483648,117703381,148276951,0,0,0,0,0,0,0,0,0,0,0,0,0,0,0,0,0,0,8796297,8796386,0,97,97,6265,329,17592626,35,0,0,0,0,0,0,0,1,0,0,0,0,0,0,0,0,0,0,9894114,0,14013631,124027,0,0,0,0,0,0,0,0,16384,0,0,0,0,0,0,0,0,0,0,0,5342,344,0,0,0,0,0,26744302,0,12712,37,4632,342,5342,0,0,0,0,0,0,0,0,0,0,0,0,0,0,0,0,0,0,0,0,0,0,0,0,0,0,0,0,0,0,0,0,0,0,0,0,0,0,0,0,0,0,0,0,0,0,0,0,0,0,0,0,0,110455779,0,0,0,131271793,0,0,0,0,0,0,0,80266061,151684802,187904621,57431454208,46390578,0,0,0,0,0,0,0,0,0,0,0,0,0,0,0,0,0,0,0,0,0,0,0,0,0,0,0,0,0,0,0,12636888,0,0,0,0,0,0,0
1789581220.898,0,0,0,0,0,0,0,273385405,2483775200768,818250542592,0,0,0,0,0,0,0,0,0,0,0,0,0,0,0,0,0,0,0,0,0,0,0,0,0,0,0,0,0,0,0,0,0,0,0,0,0,0,0,0,0,0,0,0,0,0,0,0,0,0,0,0,0,0,0,0,0,0,467070,151790642,45828843,0,0,0,0,0,0,0,0,0,0,0,0,0,0,0,0,0,0,0,0,0,0,0,0,0,0,0,0,0,0,0,0,0,0,0,0,0,2145599488,817905664,130957,49921,0,115,131072,151624700,0,0,1382776676,2147483648,117714798,148285472,0,0,0,0,0,0,0,0,0,0,0,0,0,0,0,0,0,0,8796812,8796896,0,97,97,6265,329,17593675,35,0,0,0,0,0,0,0,1,0,0,0,0,0,0,0,0,0,0,9894725,0,14013759,124028,0,0,0,0,0,0,0,0,16384,0,0,0,0,0,0,0,0,0,0,0,5343,344,0,0,0,0,0,26745964,0,12712,37,4632,342,5343,0,0,0,0,0,0,0,0,0,0,0,0,0,0,0,0,0,0,0,0,0,0,0,0,0,0,0,0,0,0,0,0,0,0,0,0,0,0,0,0,0,0,0,0,0,0,0,0,0,0,0,0,0,110457805,0,0,0,131279144,0,0,0,0,0,0,0,80269889,151696473,187911865,57432769536,46391860,0,0,0,0,0,0,0,0,0,0,0,0,0,0,0,0,0,0,0,0,0,0,0,0,0,0,0,0,0,0,0,12637434,0,0,0,0,0,0,0
1789581221.924,0,0,0,0,0,0,0,273400020,2483960094208,818292897792,0,0,0,0,0,0,0,0,0,0,0,0,0,0,0,0,0,0,0,0,0,0,0,0,0,0,0,0,0,0,0,0,0,0,0,0,0,0,0,0,0,0,0,0,0,0,0,0,0,0,0,0,0,0,0,0,0,0,467112,151801944,45831339,0,0,0,0,0,0,0,0,0,0,0,0,0,0,0,0,0,0,0,0,0,0,0,0,0,0,0,0,0,0,0,0,0,0,0,0,0,2145812480,819937280,130970,50045,0,102,131072,151635990,0,0,1382854030,2147483648,117725951,148293273,0,0,0,0,0,0,0,0,0,0,0,0,0,0,0,0,0,0,8797311,8797394,0,97,97,6265,329,17594663,35,0,0,0,0,0,0,0,1,0,0,0,0,0,0,0,0,0,0,9895256,0,14013759,124028,0,0,0,0,0,0,0,0,16384,0,0,0,0,0,0,0,0,0,0,0,5344,344,0,0,0,0,0,26747389,0,12712,37,4632,342,5344,0,0,0,0,0,0,0,0,0,0,0,0,0,0,0,0,0,0,0,0,0,0,0,0,0,0,0,0,0,0,0,0,0,0,0,0,0,0,0,0,0,0,0,0,0,0,0,0,0,0,0,0,0,110459762,0,0,0,131286104,0,0,0,0,0,0,0,80273592,151707769,187918771,57434018304,46393089,0,0,0,0,0,0,0,0,0,0,0,0,0,0,0,0,0,0,0,0,0,0,0,0,0,0,0,0,0,0,0,12637903,0,0,0,0,0,0,0
1789581222.951,0,0,0,0,0,0,0,273412979,2484124425728,818331816448,0,0,0,0,0,0,0,0,0,0,0,0,0,0,0,0,0,0,0,0,0,0,0,0,0,0,0,0,0,0,0,0,0,0,0,0,0,0,0,0,0,0,0,0,0,0,0,0,0,0,0,0,0,0,0,0,0,0,467150,151811987,45833601,0,0,0,0,0,0,0,0,0,0,0,0,0,0,0,0,0,0,0,0,0,0,0,0,0,0,0,0,0,0,0,0,0,0,0,0,0,2145124352,820068352,130928,50053,0,144,131072,151646032,0,0,1382921322,2147483648,117735908,148300158,0,0,0,0,0,0,0,0,0,0,0,0,0,0,0,0,0,0,8797729,8797813,0,97,97,6265,329,17595496,35,0,0,0,0,0,0,0,1,0,0,0,0,0,0,0,0,0,0,9895768,0,14013759,124028,0,0,0,0,0,0,0,0,16384,0,0,0,0,0,0,0,0,0,0,0,5345,344,0,0,0,0,0,26748781,0,12712,37,4632,342,5345,0,0,0,0,0,0,0,0,0,0,0,0,0,0,0,0,0,0,0,0,0,0,0,0,0,0,0,0,0,0,0,0,0,0,0,0,0,0,0,0,0,0,0,0,0,0,0,0,0,0,0,0,0,110461567,0,0,0,131292111,0,0,0,0,0,0,0,80277045,151717802,187925126,57435147264,46394268,0,0,0,0,0,0,0,0,0,0,0,0,0,0,0,0,0,0,0,0,0,0,0,0,0,0,0,0,0,0,0,12638363,0,0,0,0,0,0,0
1789581223.977,0,0,0,0,0,0,0,273424908,2484275944960,818368204800,0,0,0,0,0,0,0,0,0,0,0,0,0,0,0,0,0,0,0,0,0,0,0,0,0,0,0,0,0,0,0,0,0,0,0,0,0,0,0,0,0,0,0,0,0,0,0,0,0,0,0,0,0,0,0,0,0,0,467181,151821246,45835720,0,0,0,0,0,0,0,0,0,0,0,0,0,0,0,0,0,0,0,0,0,0,0,0,0,0,0,0,0,0,0,0,0,0,0,0,0,2144911360,821641216,130915,50149,1,156,131072,151655285,0,0,1382983419,2147483648,117745065,148306709,0,0,0,0,0,0,0,0,0,0,0,0,0,0,0,0,0,0,8798140,8798225,0,97,97,6265,329,17596316,35,0,0,0,0,0,0,0,1,0,0,0,0,0,0,0,0,0,0,9896230,0,14013759,124028,0,0,0,0,0,0,0,0,16384,0,0,0,0,0,0,0,0,0,0,0,5346,344,0,0,0,0,0,26750025,0,12712,37,4632,342,5346,0,0,0,0,0,0,0,0,0,0,0,0,0,0,0,0,0,0,0,0,0,0,0,0,0,0,0,0,0,0,0,0,0,0,0,0,0,0,0,0,0,0,0,0,0,0,0,0,0,0,0,0,0,110463363,0,0,0,131297941,0,0,0,0,0,0,0,80280331,151727062,187931170,57436249088,46395430,0,0,0,0,0,0,0,0,0,0,0,0,0,0,0,0,0,0,0,0,0,0,0,0,0,0,0,0,0,0,0,12638773,0,0,0,0,0,0,0
1789581225.002,0,0,0,0,0,0,0,273435815,2484415520256,818401108992,0,0,0,0,0,0,0,0,0,0,0,0,0,0,0,0,0,0,0,0,0,0,0,0,0,0,0,0,0,0,0,0,0,0,0,0,0,0,0,0,0,0,0,0,0,0,0,0,0,0,0,0,0,0,0,0,0,0,467202,151829777,45837650,0,0,0,0,0,0,0,0,0,0,0,0,0,0,0,0,0,0,0,0,0,0,0,0,0,0,0,0,0,0,0,0,0,0,0,0,0,2145370112,821264384,130943,50126,0,129,131072,151663813,0,0,1383040480,2147483648,117753461,148312252,0,0,0,0,0,0,0,0,0,0,0,0,0,0,0,0,0,0,8798495,8798579,0,97,97,6265,329,17597032,35,0,0,0,0,0,0,0,1,0,0,0,0,0,0,0,0,0,0,9896611,0,14013759,124028,0,0,0,0,0,0,0,0,16384,0,0,0,0,0,0,0,0,0,0,0,5347,344,0,0,0,0,0,26751049,0,12712,37,4632,342,5347,0,0,0,0,0,0,0,0,0,0,0,0,0,0,0,0,0,0,0,0,0,0,0,0,0,0,0,0,0,0,0,0,0,0,0,0,0,0,0,0,0,0,0,0,0,0,0,0,0,0,0,0,0,110465002,0,0,0,131302945,0,0,0,0,0,0,0,80283319,151735586,187936650,57437232640,46396496,0,0,0,0,0,0,0,0,0,0,0,0,0,0,0,0,0,0,0,0,0,0,0,0,0,0,0,0,0,0,0,12639110,0,0,0,0,0,0,0
1789581226.028,0,0,0,0,0,0,0,273446520,2484550819328,818433515520,0,0,0,0,0,0,0,0,0,0,0,0,0,0,0,0,0,0,0,0,0,0,0,0,0,0,0,0,0,0,0,0,0,0,0,0,0,0,0,0,0,0,0,0,0,0,0,0,0,0,0,0,0,0,0,0,0,0,467228,151838037,45839531,0,0,0,0,0,0,0,0,0,0,0,0,0,0,0,0,0,0,0,0,0,0,0,0,0,0,0,0,0,0,0,0,0,0,0,0,0,2144763904,821035008,130906,50112,0,166,131072,151672068,0,0,1383095747,2147483648,117761681,148317849,0,0,0,0,0,0,0,0,0,0,0,0,0,0,0,0,0,0,8798840,8798920,0,97,97,6265,329,17597717,35,0,0,0,0,0,0,0,1,0,0,0,0,0,0,0,0,0,0,9897032,0,14013759,124028,0,0,0,0,0,0,0,0,16384,0,0,0,0,0,0,0,0,0,0,0,5348,344,0,0,0,0,0,26752192,0,12712,37,4632,342,5348,0,0,0,0,0,0,0,0,0,0,0,0,0,0,0,0,0,0,0,0,0,0,0,0,0,0,0,0,0,0,0,0,0,0,0,0,0,0,0,0,0,0,0,0,0,0,0,0,0,0,0,0,0,110466657,0,0,0,131307867,0,0,0,0,0,0,0,80286286,151743848,187942089,57438213632,46397570,0,1,0,0,0,0,0,0,0,0,0,0,0,0,0,0,0,0,0,0,0,0,0,0,0,0,0,0,0,0,0,12639488,0,0,0,0,0,0,0
1789581227.054,0,0,0,0,0,0,0,273457192,2484686233088,818489597952,0,0,0,0,0,0,0,0,0,0,0,0,0,0,0,0,0,0,0,0,0,0,0,0,0,0,0,0,0,0,0,0,0,0,0,0,0,0,0,0,0,0,0,0,0,0,0,0,0,0,0,0,0,0,0,0,0,0,467249,151846319,45842850,0,0,0,0,0,0,0,0,0,0,0,0,0,0,0,0,0,0,0,0,0,0,0,0,0,0,0,0,0,0,0,0,0,0,0,0,0,2144649216,798621696,130899,48744,0,173,131072,151680346,0,0,1383151249,2147483648,117769222,148323622,0,0,0,0,0,0,0,0,0,0,0,0,0,0,0,0,0,0,8799194,8799274,0,97,97,6265,329,17598443,35,0,0,0,0,0,0,0,1,0,0,0,0,0,0,0,0,0,0,9897459,0,14015245,124040,0,0,0,0,0,0,0,0,16384,0,0,0,0,0,0,0,0,0,0,0,5349,344,0,0,0,0,0,26753349,0,12712,37,4632,342,5349,0,0,0,0,0,0,0,0,0,0,0,0,0,0,0,0,0,0,0,0,0,0,0,0,0,0,0,0,0,0,0,0,0,0,0,0,0,0,0,0,0,0,0,0,0,0,0,0,0,0,0,0,0,110468308,0,0,0,131312995,0,0,0,0,0,0,0,80289432,151752120,187948937,57439216128,46398653,0,0,0,0,0,0,0,0,0,0,0,0,0,0,0,0,0,0,0,0,0,0,0,0,0,0,0,0,0,0,0,12639870,0,0,0,0,0,0,0
1789581228.081,0,0,0,0,0,0,0,273467147,2484814388736,818518421504,0,0,0,0,0,0,0,0,0,0,0,0,0,0,0,0,0,0,0,0,0,0,0,0,0,0,0,0,0,0,0,0,0,0,0,0,0,0,0,0,0,0,0,0,0,0,0,0,0,0,0,0,0,0,0,0,0,0,467263,151854142,45844547,0,0,0,0,0,0,0,0,0,0,0,0,0,0,0,0,0,0,0,0,0,0,0,0,0,0,0,0,0,0,0,0,0,0,0,0,0,2144698368,798015488,130901,48707,0,171,131072,151688167,0,0,1383203424,2147483648,117776951,148328525,0,0,0,0,0,0,0,0,0,0,0,0,0,0,0,0,0,0,8799502,8799587,0,97,97,6265,329,17599055,35,0,0,0,0,0,0,0,1,0,0,0,0,0,0,0,0,0,0,9897824,0,14015245,124040,0,0,0,0,0,0,0,0,16384,0,0,0,0,0,0,0,0,0,0,0,5350,344,0,0,0,0,0,26754340,0,12712,37,4632,342,5350,0,0,0,0,0,0,0,0,0,0,0,0,0,0,0,0,0,0,0,0,0,0,0,0,0,0,0,0,0,0,0,0,0,0,0,0,0,0,0,0,0,0,0,0,0,0,0,0,0,0,0,0,0,110469857,0,0,0,131317382,0,0,0,0,0,0,0,80292118,151759953,187953851,57440113664,46399656,0,0,0,0,0,0,0,0,0,0,0,0,0,0,0,0,0,0,0,0,0,0,0,0,0,0,0,0,0,0,0,12640197,0,0,0,0,0,0,0
1789581229.107,0,0,0,0,0,0,0,273477174,2484941643264,818547836416,0,0,0,0,0,0,0,0,0,0,0,0,0,0,0,0,0,0,0,0,0,0,0,0,0,0,0,0,0,0,0,0,0,0,0,0,0,0,0,0,0,0,0,0,0,0,0,0,0,0,0,0,0,0,0,0,0,0,467290,151861913,45846271,0,0,0,0,0,0,0,0,0,0,0,0,0,0,0,0,0,0,0,0,0,0,0,0,0,0,0,0,0,0,0,0,0,0,0,0,0,2144845824,798949376,130911,48764,0,161,131072,151695935,0,0,1383255931,2147483648,117784639,148333762,0,0,0,0,0,0,0,0,0,0,0,0,0,0,0,0,0,0,8799834,8799915,0,97,97,6265,329,17599725,35,0,0,0,0,0,0,0,1,0,0,0,0,0,0,0,0,0,0,9898182,0,14015245,124040,0,0,0,0,0,0,0,0,16384,0,0,0,0,0,0,0,0,0,0,0,5351,344,0,0,0,0,0,26755304,0,12712,37,4632,342,5351,0,0,0,0,0,0,0,0,0,0,0,0,0,0,0,0,0,0,0,0,0,0,0,0,0,0,0,0,0,0,0,0,0,0,0,0,0,0,0,0,0,0,0,0,0,0,0,0,0,0,0,0,0,110471414,0,0,0,131322053,0,0,0,0,0,0,0,80294841,151767722,187958833,57441042944,46400665,0,0,0,0,0,0,0,0,0,0,0,0,0,0,0,0,0,0,0,0,0,0,0,0,0,0,0,0,0,0,0,12640513,0,0,0,0,0,0,0
1789581230.133,0,0,0,0,0,0,0,273488387,2485085167104,818580417024,0,0,0,0,0,0,0,0,0,0,0,0,0,0,0,0,0,0,0,0,0,0,0,0,0,0,0,0,0,0,0,0,0,0,0,0,0,0,0,0,0,0,0,0,0,0,0,0,0,0,0,0,0,0,0,0,0,0,467313,151870684,45848177,0,0,0,0,0,0,0,0,0,0,0,0,0,0,0,0,0,0,0,0,0,0,0,0,0,0,0,0,0,0,0,0,0,0,0,0,0,2145370112,799670272,130943,48808,0,129,131072,151704700,0,0,1383314510,2147483648,117793269,148339414,0,0,0,0,0,0,0,0,0,0,0,0,0,0,0,0,0,0,8800189,8800272,0,97,97,6265,329,17600428,35,0,0,0,0,0,0,0,1,0,0,0,0,0,0,0,0,0,0,9898579,0,14015245,124040,0,0,0,0,0,0,0,0,16384,0,0,0,0,0,0,0,0,0,0,0,5352,344,0,0,0,0,0,26756381,0,12712,37,4632,342,5352,0,0,0,0,0,0,0,0,0,0,0,0,0,0,0,0,0,0,0,0,0,0,0,0,0,0,0,0,0,0,0,0,0,0,0,0,0,0,0,0,0,0,0,0,0,0,0,0,0,0,0,0,0,110473052,0,0,0,131327107,0,0,0,0,0,0,0,80297802,151776482,187964274,57442030592,46401725,0,0,0,0,0,0,0,0,0,0,0,0,0,0,0,0,0,0,0,0,0,0,0,0,0,0,0,0,0,0,0,12640866,0,0,0,0,0,0,0
1789581231.160,0,0,0,0,0,0,0,273500029,2485233622528,818614671360,0,0,0,0,0,0,0,0,0,0,0,0,0,0,0,0,0,0,0,0,0,0,0,0,0,0,0,0,0,0,0,0,0,0,0,0,0,0,0,0,0,0,0,0,0,0,0,0,0,0,0,0,0,0,0,0,0,0,467341,151879758,45850172,0,0,0,0,0,0,0,0,0,0,0,0,0,0,0,0,0,0,0,0,0,0,0,0,0,0,0,0,0,0,0,0,0,0,0,0,0,2145107968,801816576,130927,48939,0,145,131072,151713770,0,0,1383375625,2147483648,117802242,148345573,0,0,0,0,0,0,0,0,0,0,0,0,0,0,0,0,0,0,8800583,8800669,0,97,97,6265,329,17601209,35,0,0,0,0,0,0,0,1,0,0,0,0,0,0,0,0,0,0,9899004,0,14015245,124040,0,0,0,0,0,0,0,0,16384,0,0,0,0,0,0,0,0,0,0,0,5353,344,0,0,0,0,0,26757517,0,12712,37,4632,342,5353,0,0,0,0,0,0,0,0,0,0,0,0,0,0,0,0,0,0,0,0,0,0,0,0,0,0,0,0,0,0,0,0,0,0,0,0,0,0,0,0,0,0,0,0,0,0,0,0,0,0,0,0,0,110474784,0,0,0,131332607,0,0,0,0,0,0,0,80300933,151785547,187970002,57443101184,46402859,0,0,0,0,0,0,0,0,0,0,0,0,0,0,0,0,0,0,0,0,0,0,0,0,0,0,0,0,0,0,0,12641241,0,0,0,0,0,0,0
1789581232.186,0,0,0,0,0,0,0,273515220,2485426527744,818710676480,0,0,0,0,0,0,0,0,0,0,0,0,0,0,0,0,0,0,0,0,0,0,0,0,0,0,0,0,0,0,0,0,0,0,0,0,0,0,0,0,0,0,0,0,0,0,0,0,0,0,0,0,0,0,0,0,0,0,467449,151891551,45855781,0,0,0,0,0,0,0,0,0,0,0,0,0,0,0,0,0,0,0,0,0,0,0,0,0,0,0,0,0,0,0,0,0,0,0,0,0,2135687168,790151168,130353,48227,708,12,131072,151725557,0,0,1383459146,2147483648,117811355,148358874,0,0,0,0,0,0,0,0,0,0,0,0,0,0,0,0,0,0,8801311,8801403,0,97,97,6265,329,17602609,35,0,0,0,0,0,0,0,1,0,0,0,0,0,0,0,0,0,0,9899946,0,14018716,124068,0,0,0,0,0,0,0,0,16384,0,0,0,0,0,0,0,0,0,0,0,5354,344,0,0,0,0,0,26760130,0,12712,37,4632,342,5354,0,0,0,0,0,0,0,0,0,0,0,0,0,0,0,0,0,0,0,0,0,0,0,0,0,0,0,0,0,0,0,0,0,0,0,0,0,0,0,0,0,0,0,0,0,0,0,0,0,0,0,0,0,110481327,0,0,0,131343811,0,0,0,0,0,0,0,80306406,151797333,187984277,57446716928,46405666,0,0,0,0,0,0,0,0,0,0,0,0,0,0,0,0,0,0,0,0,0,0,0,0,0,0,0,0,0,0,0,12642094,0,0,0,0,0,0,0
