timestamp,adaptive_hash_pages_added,adaptive_hash_pages_removed,adaptive_hash_rows_added,adaptive_hash_rows_deleted_no_hash_entry,adaptive_hash_rows_removed,adaptive_hash_rows_updated,adaptive_hash_searches,adaptive_hash_searches_btree,buffer_data_reads,buffer_data_written,buffer_flush_adaptive,buffer_flush_adaptive_avg_pass,buffer_flush_adaptive_avg_time_est,buffer_flush_adaptive_avg_time_slot,buffer_flush_adaptive_avg_time_thread,buffer_flush_adaptive_pages,buffer_flush_adaptive_total_pages,buffer_flush_avg_page_rate,buffer_flush_avg_pass,buffer_flush_avg_time,buffer_flush_background,buffer_flush_background_pages,buffer_flush_background_total_pages,buffer_flush_batches,buffer_flush_batch_num_scan,buffer_flush_batch_pages,buffer_flush_batch_scanned,buffer_flush_batch_scanned_per_call,buffer_flush_batch_total_pages,buffer_flush_lsn_avg_rate,buffer_flush_neighbor,buffer_flush_neighbor_pages,buffer_flush_neighbor_total_pages,buffer_flush_n_to_flush_by_age,buffer_flush_n_to_flush_by_dirty_page,buffer_flush_n_to_flush_requested,buffer_flush_pct_for_dirty,buffer_flush_pct_for_lsn,buffer_flush_sync,buffer_flush_sync_pages,buffer_flush_sync_total_pages,buffer_flush_sync_waits,buffer_LRU_batches_evict,buffer_LRU_batches_flush,buffer_LRU_batch_evict_pages,buffer_LRU_batch_evict_total_pages,buffer_LRU_batch_flush_avg_pass,buffer_LRU_batch_flush_avg_time_est,buffer_LRU_batch_flush_avg_time_slot,buffer_LRU_batch_flush_avg_time_thread,buffer_LRU_batch_flush_pages,buffer_LRU_batch_flush_total_pages,buffer_LRU_batch_num_scan,buffer_LRU_batch_scanned,buffer_LRU_batch_scanned_per_call,buffer_LRU_get_free_loops,buffer_LRU_get_free_search,buffer_LRU_get_free_waits,buffer_LRU_search_num_scan,buffer_LRU_search_scanned,buffer_LRU_search_scanned_per_call,buffer_LRU_single_flush_failure_count,buffer_LRU_single_flush_num_scan,buffer_LRU_single_flush_scanned,buffer_LRU_single_flush_scanned_per_call,buffer_LRU_unzip_search_num_scan,buffer_LRU_unzip_search_scanned,buffer_LRU_unzip_search_scanned_per_call,buffer_pages_created,buffer_pages_read,buffer_pages_written,buffer_page_read_blob,buffer_page_read_fsp_hdr,buffer_page_read_ibuf_bitmap,buffer_page_read_ibuf_free_list,buffer_page_read_index_ibuf_leaf,buffer_page_read_index_ibuf_non_leaf,buffer_page_read_index_inode,buffer_page_read_index_leaf,buffer_page_read_index_non_leaf,buffer_page_read_other,buffer_page_read_rseg_array,buffer_page_read_system_page,buffer_page_read_trx_system,buffer_page_read_undo_log,buffer_page_read_xdes,buffer_page_read_zblob,buffer_page_read_zblob2,buffer_page_written_blob,buffer_page_written_fsp_hdr,buffer_page_written_ibuf_bitmap,buffer_page_written_ibuf_free_list,buffer_page_written_index_ibuf_leaf,buffer_page_written_index_ibuf_non_leaf,buffer_page_written_index_inode,buffer_page_written_index_leaf,buffer_page_written_index_non_leaf,buffer_page_written_on_log_no_waits,buffer_page_written_on_log_waits,buffer_page_written_on_log_wait_loops,buffer_page_written_other,buffer_page_written_rseg_array,buffer_page_written_system_page,buffer_page_written_trx_system,buffer_page_written_undo_log,buffer_page_written_xdes,buffer_page_written_zblob,buffer_page_written_zblob2,buffer_pool_bytes_data,buffer_pool_bytes_dirty,buffer_pool_pages_data,buffer_pool_pages_dirty,buffer_pool_pages_free,buffer_pool_pages_misc,buffer_pool_pages_total,buffer_pool_reads,buffer_pool_read_ahead,buffer_pool_read_ahead_evicted,buffer_pool_read_requests,buffer_pool_size,buffer_pool_wait_free,buffer_pool_write_requests,compression_pad_decrements,compression_pad_increments,compress_pages_compressed,compress_pages_decompressed,cpu_n,cpu_stime_abs,cpu_stime_pct,cpu_utime_abs,cpu_utime_pct,dblwr_async_requests,dblwr_flush_requests,dblwr_flush_wait_events,dblwr_sync_requests,ddl_background_drop_tables,ddl_log_file_alter_table,ddl_online_create_index,ddl_pending_alter_table,ddl_sort_file_alter_table,dml_deletes,dml_inserts,dml_reads,dml_system_deletes,dml_system_inserts,dml_system_reads,dml_system_updates,dml_updates,file_num_open_files,ibuf_merges,ibuf_merges_delete,ibuf_merges_delete_mark,ibuf_merges_discard_delete,ibuf_merges_discard_delete_mark,ibuf_merges_discard_insert,ibuf_merges_insert,ibuf_size,icp_attempts,icp_match,icp_no_match,icp_out_of_range,index_page_discards,index_page_merge_attempts,index_page_merge_successful,index_page_reorg_attempts,index_page_reorg_successful,index_page_splits,innodb_activity_count,innodb_background_drop_table_usec,innodb_dblwr_pages_written,innodb_dblwr_writes,innodb_dict_lru_count,innodb_dict_lru_usec,innodb_ibuf_merge_usec,innodb_master_active_loops,innodb_master_idle_loops,innodb_master_purge_usec,innodb_master_thread_sleeps,innodb_mem_validate_usec,innodb_page_size,innodb_rwlock_sx_os_waits,innodb_rwlock_sx_spin_rounds,innodb_rwlock_sx_spin_waits,innodb_rwlock_s_os_waits,innodb_rwlock_s_spin_rounds,innodb_rwlock_s_spin_waits,innodb_rwlock_x_os_waits,innodb_rwlock_x_spin_rounds,innodb_rwlock_x_spin_waits,lock_deadlocks,lock_deadlock_false_positives,lock_deadlock_rounds,lock_rec_grant_attempts,lock_rec_locks,lock_rec_lock_created,lock_rec_lock_removed,lock_rec_lock_requests,lock_rec_lock_waits,lock_rec_release_attempts,lock_row_lock_current_waits,lock_row_lock_time,lock_row_lock_time_avg,lock_row_lock_time_max,lock_row_lock_waits,lock_schedule_refreshes,lock_table_locks,lock_table_lock_created,lock_table_lock_removed,lock_table_lock_waits,lock_threads_waiting,lock_timeouts,log_checkpoints,log_concurrency_margin,log_flusher_no_waits,log_flusher_waits,log_flusher_wait_loops,log_flush_avg_time,log_flush_lsn_avg_rate,log_flush_max_time,log_flush_notifier_no_waits,log_flush_notifier_waits,log_flush_notifier_wait_loops,log_flush_total_time,log_free_space,log_full_block_writes,log_lsn_archived,log_lsn_buf_dirty_pages_added,log_lsn_buf_pool_oldest_approx,log_lsn_buf_pool_oldest_lwm,log_lsn_checkpoint_age,log_lsn_current,log_lsn_last_checkpoint,log_lsn_last_flush,log_max_modified_age_async,log_max_modified_age_sync,log_next_file,log_on_buffer_space_no_waits,log_on_buffer_space_waits,log_on_buffer_space_wait_loops,log_on_file_space_no_waits,log_on_file_space_waits,log_on_file_space_wait_loops,log_on_flush_no_waits,log_on_flush_waits,log_on_flush_wait_loops,log_on_recent_closed_wait_loops,log_on_recent_written_wait_loops,log_on_write_no_waits,log_on_write_waits,log_on_write_wait_loops,log_padded,log_partial_block_writes,log_waits,log_writer_no_waits,log_writer_on_archiver_waits,log_writer_on_file_space_waits,log_writer_waits,log_writer_wait_loops,log_writes,log_write_notifier_no_waits,log_write_notifier_waits,log_write_notifier_wait_loops,log_write_requests,log_write_to_file_requests_interval,metadata_table_handles_closed,metadata_table_handles_opened,metadata_table_reference_count,module_cpu,module_dblwr,module_page_track,os_data_fsyncs,os_data_reads,os_data_writes,os_log_bytes_written,os_log_fsyncs,os_log_pending_fsyncs,os_log_pending_writes,os_pending_reads,os_pending_writes,page_track_checkpoint_partial_flush_request,page_track_full_block_writes,page_track_partial_block_writes,page_track_resets,purge_del_mark_records,purge_dml_delay_usec,purge_invoked,purge_resume_count,purge_stop_count,purge_truncate_history_count,purge_truncate_history_usec,purge_undo_log_pages,purge_upd_exist_or_extern_records,sampled_pages_read,sampled_pages_skipped,trx_active_transactions,trx_allocations,trx_commits_insert_update,trx_nl_ro_commits,trx_on_log_no_waits,trx_on_log_waits,trx_on_log_wait_loops,trx_rollbacks,trx_rollbacks_savepoint,trx_rollback_active,trx_ro_commits,trx_rseg_current_size,trx_rseg_history_len,trx_rw_commits,trx_undo_slots_cached,trx_undo_slots_used,undo_truncate_count,undo_truncate_done_logging_count,undo_truncate_start_logging_count,undo_truncate_usec
1789620643.727,0,0,0,0,0,0,0,225515453,1919909957120,704378641920,0,0,0,0,0,0,0,0,0,0,0,0,0,0,0,0,0,0,0,0,0,0,0,0,0,0,0,0,0,0,0,0,0,0,0,0,0,0,0,0,0,0,0,0,0,0,0,0,0,0,0,0,0,0,0,0,0,0,392460,117328105,39257809,0,0,0,0,0,0,0,0,0,0,0,0,0,0,0,0,0,0,0,0,0,0,0,0,0,0,0,0,0,0,0,0,0,0,0,0,0,2147287040,564690944,131060,34466,0,12,131072,117186009,0,0,1135363071,2147483648,91571783,124811652,0,0,0,0,0,0,0,0,0,0,0,0,0,0,0,0,0,0,7228956,7229075,0,97,97,6262,329,14457915,35,0,0,0,0,0,0,0,1,0,0,0,0,0,0,0,0,0,0,8131171,0,12258999,108362,0,0,0,0,0,0,0,0,16384,0,0,0,0,0,0,0,0,0,0,0,2635,345,0,0,0,0,0,21978389,0,605,1,47,345,2635,0,0,0,0,0,0,0,0,0,0,0,0,0,0,0,0,0,0,0,0,0,0,0,0,0,0,0,0,0,0,0,0,0,0,0,0,0,0,0,0,0,0,0,0,0,0,0,0,0,0,0,0,0,102424957,0,0,0,108220447,0,0,0,0,0,0,0,72220169,117237660,168474314,52914982400,43438264,0,0,0,0,0,0,0,0,0,0,0,0,0,0,0,0,0,0,0,0,0,0,0,0,0,0,0,0,0,0,0,51810332,0,0,0,0,0,0,0
1789620644.750,0,0,0,0,0,0,0,225539579,1920154390016,704537864704,0,0,0,0,0,0,0,0,0,0,0,0,0,0,0,0,0,0,0,0,0,0,0,0,0,0,0,0,0,0,0,0,0,0,0,0,0,0,0,0,0,0,0,0,0,0,0,0,0,0,0,0,0,0,0,0,0,0,392475,117343029,39267425,0,0,0,0,0,0,0,0,0,0,0,0,0,0,0,0,0,0,0,0,0,0,0,0,0,0,0,0,0,0,0,0,0,0,0,0,0,2146222080,541360128,130997,33042,0,76,131072,117200924,0,0,1135489533,2147483648,91571783,124825910,0,0,0,0,0,0,0,0,0,0,0,0,0,0,0,0,0,0,7229222,7229326,0,97,97,6262,329,14458501,35,0,0,0,0,0,0,0,1,0,0,0,0,0,0,0,0,0,0,8131456,0,12268615,108438,0,0,0,0,0,0,0,0,16384,0,0,0,0,0,0,0,0,0,0,0,2636,345,0,0,0,0,0,21979136,0,605,1,47,345,2636,0,0,0,0,0,0,0,0,0,0,0,0,0,0,0,0,0,0,0,0,0,0,0,0,0,0,0,0,0,0,0,0,0,0,0,0,0,0,0,0,0,0,0,0,0,0,0,0,0,0,0,0,0,102426536,0,0,0,108231140,0,0,0,0,0,0,0,72222723,117252583,168485582,52916206080,43439318,0,0,0,0,0,0,0,0,0,0,0,0,0,0,0,0,0,0,0,0,0,0,0,0,0,0,0,0,0,0,0,51810581,0,0,0,0,0,0,0
1789620645.777,0,0,0,0,0,0,0,225565599,1920493948416,704775001088,0,0,0,0,0,0,0,0,0,0,0,0,0,0,0,0,0,0,0,0,0,0,0,0,0,0,0,0,0,0,0,0,0,0,0,0,0,0,0,0,0,0,0,0,0,0,0,0,0,0,0,0,0,0,0,0,0,0,392525,117363812,39281686,0,0,0,0,0,0,0,0,0,0,0,0,0,0,0,0,0,0,0,0,0,0,0,0,0,0,0,0,0,0,0,0,0,0,0,0,0,2146435072,393035776,131008,23989,0,64,131072,117221695,0,0,1135627260,2147483648,91583991,124839508,0,0,0,0,0,0,0,0,0,0,0,0,0,0,0,0,0,0,7230074,7230185,0,97,97,6262,329,14460181,35,0,0,0,0,0,0,0,1,0,0,0,0,0,0,0,0,0,0,8132422,0,12276823,108503,0,0,0,0,0,0,0,0,16384,0,0,0,0,0,0,0,0,0,0,0,2637,345,0,0,0,0,0,21981767,0,605,1,47,345,2637,0,0,0,0,0,0,0,0,0,0,0,0,0,0,0,0,0,0,0,0,0,0,0,0,0,0,0,0,0,0,0,0,0,0,0,0,0,0,0,0,0,0,0,0,0,0,0,0,0,0,0,0,0,102429188,0,0,0,108243223,0,0,0,0,0,0,0,72231707,117273347,168508693,52918126080,43440944,0,0,0,0,0,0,0,0,0,0,0,0,0,0,0,0,0,0,0,0,0,0,0,0,0,0,0,0,0,0,0,51811442,0,0,0,0,0,0,0
1789620646.804,0,0,0,0,0,0,0,225586617,1920766168576,704958043648,0,0,0,0,0,0,0,0,0,0,0,0,0,0,0,0,0,0,0,0,0,0,0,0,0,0,0,0,0,0,0,0,0,0,0,0,0,0,0,0,0,0,0,0,0,0,0,0,0,0,0,0,0,0,0,0,0,0,392565,117380441,39292723,0,0,0,0,0,0,0,0,0,0,0,0,0,0,0,0,0,0,0,0,0,0,0,0,0,0,0,0,0,0,0,0,0,0,0,0,0,2146467840,282984448,131010,17272,0,62,131072,117238318,0,0,1135736982,2147483648,91600056,124850464,0,0,0,0,0,0,0,0,0,0,0,0,0,0,0,0,0,0,7230751,7230865,0,97,97,6262,329,14461535,35,0,0,0,0,0,0,0,1,0,0,0,0,0,0,0,0,0,0,8133185,0,12277079,108505,0,0,0,0,0,0,0,0,16384,0,0,0,0,0,0,0,0,0,0,0,2638,345,0,0,0,0,0,21983834,0,605,1,47,345,2638,0,0,0,0,0,0,0,0,0,0,0,0,0,0,0,0,0,0,0,0,0,0,0,0,0,0,0,0,0,0,0,0,0,0,0,0,0,0,0,0,0,0,0,0,0,0,0,0,0,0,0,0,0,102431538,0,0,0,108252990,0,0,0,0,0,0,0,72243930,117289971,168532812,52919707136,43442406,0,0,0,0,0,0,0,0,0,0,0,0,0,0,0,0,0,0,0,0,0,0,0,0,0,0,0,0,0,0,0,51812121,0,0,0,0,0,0,0
1789620647.832,0,0,0,0,0,0,0,225608758,1921052773888,705031417344,0,0,0,0,0,0,0,0,0,0,0,0,0,0,0,0,0,0,0,0,0,0,0,0,0,0,0,0,0,0,0,0,0,0,0,0,0,0,0,0,0,0,0,0,0,0,0,0,0,0,0,0,0,0,0,0,0,0,392604,117397953,39297058,0,0,0,0,0,0,0,0,0,0,0,0,0,0,0,0,0,0,0,0,0,0,0,0,0,0,0,0,0,0,0,0,0,0,0,0,0,2146402304,286015488,131006,17457,0,66,131072,117255815,0,0,1135852921,2147483648,91617210,124862011,0,0,0,0,0,0,0,0,0,0,0,0,0,0,0,0,0,0,7231481,7231597,0,97,97,6262,329,14463003,35,0,0,0,0,0,0,0,1,0,0,0,0,0,0,0,0,0,0,8134009,0,12277079,108505,0,0,0,0,0,0,0,0,16384,0,0,0,0,0,0,0,0,0,0,0,2639,345,0,0,0,0,0,21986051,0,605,1,47,345,2639,0,0,0,0,0,0,0,0,0,0,0,0,0,0,0,0,0,0,0,0,0,0,0,0,0,0,0,0,0,0,0,0,0,0,0,0,0,0,0,0,0,0,0,0,0,0,0,0,0,0,0,0,0,102433980,0,0,0,108263382,0,0,0,0,0,0,0,72249739,117307471,168543886,52921412608,43443893,0,0,0,0,0,0,0,0,0,0,0,0,0,0,0,0,0,0,0,0,0,0,0,0,0,0,0,0,0,0,0,51812853,0,0,0,0,0,0,0
1789620648.859,0,0,0,0,0,0,0,225632962,1921369869824,705105633792,0,0,0,0,0,0,0,0,0,0,0,0,0,0,0,0,0,0,0,0,0,0,0,0,0,0,0,0,0,0,0,0,0,0,0,0,0,0,0,0,0,0,0,0,0,0,0,0,0,0,0,0,0,0,0,0,0,0,392651,117417335,39301421,0,0,0,0,0,0,0,0,0,0,0,0,0,0,0,0,0,0,0,0,0,0,0,0,0,0,0,0,0,0,0,0,0,0,0,0,0,2146254848,293240832,130997,17898,0,75,131072,117275180,0,0,1135980512,2147483648,91636045,124874507,0,0,0,0,0,0,0,0,0,0,0,0,0,0,0,0,0,0,7232286,7232400,0,97,97,6262,329,14464599,35,0,0,0,0,0,0,0,1,0,0,0,0,0,0,0,0,0,0,8134913,0,12277207,108506,0,0,0,0,0,0,0,0,16384,0,0,0,0,0,0,0,0,0,0,0,2640,345,0,0,0,0,0,21988500,0,605,1,47,345,2640,0,0,0,0,0,0,0,0,0,0,0,0,0,0,0,0,0,0,0,0,0,0,0,0,0,0,0,0,0,0,0,0,0,0,0,0,0,0,0,0,0,0,0,0,0,0,0,0,0,0,0,0,0,102436504,0,0,0,108274607,0,0,0,0,0,0,0,72255536,117326845,168555006,52923221504,43445453,0,0,0,0,0,0,0,0,0,0,0,0,0,0,0,0,0,0,0,0,0,0,0,0,0,0,0,0,0,0,0,51813657,0,0,0,0,0,0,0
1789620649.886,0,0,0,0,0,0,0,225658605,1921703611904,705233090048,0,0,0,0,0,0,0,0,0,0,0,0,0,0,0,0,0,0,0,0,0,0,0,0,0,0,0,0,0,0,0,0,0,0,0,0,0,0,0,0,0,0,0,0,0,0,0,0,0,0,0,0,0,0,0,0,0,0,392699,117437737,39309024,0,0,0,0,0,0,0,0,0,0,0,0,0,0,0,0,0,0,0,0,0,0,0,0,0,0,0,0,0,0,0,0,0,0,0,0,0,2146435072,256868352,131008,15678,0,64,131072,117295565,0,0,1136115890,2147483648,91655095,124888029,0,0,0,0,0,0,0,0,0,0,0,0,0,0,0,0,0,0,7233131,7233245,0,97,97,6262,329,14466291,35,0,0,0,0,0,0,0,1,0,0,0,0,0,0,0,0,0,0,8135863,0,12280326,108531,0,0,0,0,0,0,0,0,16384,0,0,0,0,0,0,0,0,0,0,0,2641,345,0,0,0,0,0,21991063,0,605,1,47,345,2641,0,0,0,0,0,0,0,0,0,0,0,0,0,0,0,0,0,0,0,0,0,0,0,0,0,0,0,0,0,0,0,0,0,0,0,0,0,0,0,0,0,0,0,0,0,0,0,0,0,0,0,0,0,102439084,0,0,0,108286709,0,0,0,0,0,0,0,72262089,117347235,168569691,52925107200,43447061,0,0,0,0,0,0,0,0,0,0,0,0,0,0,0,0,0,0,0,0,0,0,0,0,0,0,0,0,0,0,0,51814501,0,0,0,0,0,0,0
1789620650.913,0,0,0,0,0,0,0,225682447,1922012057088,705302184960,0,0,0,0,0,0,0,0,0,0,0,0,0,0,0,0,0,0,0,0,0,0,0,0,0,0,0,0,0,0,0,0,0,0,0,0,0,0,0,0,0,0,0,0,0,0,0,0,0,0,0,0,0,0,0,0,0,0,392766,117456588,39313096,0,0,0,0,0,0,0,0,0,0,0,0,0,0,0,0,0,0,0,0,0,0,0,0,0,0,0,0,0,0,0,0,0,0,0,0,0,2146533376,271958016,131014,16599,0,58,131072,117314405,0,0,1136240423,2147483648,91673530,124900683,0,0,0,0,0,0,0,0,0,0,0,0,0,0,0,0,0,0,7233892,7234004,0,97,97,6262,329,14467854,35,0,0,0,0,0,0,0,1,0,0,0,0,0,0,0,0,0,0,8136719,0,12280326,108531,0,0,0,0,0,0,0,0,16384,0,0,0,0,0,0,0,0,0,0,0,2642,345,0,0,0,0,0,21993372,0,605,1,47,345,2642,0,0,0,0,0,0,0,0,0,0,0,0,0,0,0,0,0,0,0,0,0,0,0,0,0,0,0,0,0,0,0,0,0,0,0,0,0,0,0,0,0,0,0,0,0,0,0,0,0,0,0,0,0,102441571,0,0,0,108297871,0,0,0,0,0,0,0,72267700,117366082,168580282,52926869504,43448621,0,0,0,0,0,0,0,0,0,0,0,0,0,0,0,0,0,0,0,0,0,0,0,0,0,0,0,0,0,0,0,51815261,0,0,0,0,0,0,0
1789620651.941,0,0,0,0,0,0,0,225708372,1922350550528,705385278976,0,0,0,0,0,0,0,0,0,0,0,0,0,0,0,0,0,0,0,0,0,0,0,0,0,0,0,0,0,0,0,0,0,0,0,0,0,0,0,0,0,0,0,0,0,0,0,0,0,0,0,0,0,0,0,0,0,0,392818,117477271,39317731,0,0,0,0,0,0,0,0,0,0,0,0,0,0,0,0,0,0,0,0,0,0,0,0,0,0,0,0,0,0,0,0,0,0,0,0,0,2146402304,281968640,131006,17210,0,66,131072,117335072,0,0,1136376492,2147483648,91693603,124914221,0,0,0,0,0,0,0,0,0,0,0,0,0,0,0,0,0,0,7234764,7234879,0,97,97,6262,329,14469557,35,0,0,0,0,0,0,0,1,0,0,0,0,0,0,0,0,0,0,8137701,0,12280454,108532,0,0,0,0,0,0,0,0,16384,0,0,0,0,0,0,0,0,0,0,0,2643,345,0,0,0,0,0,21996037,0,605,1,47,345,2643,0,0,0,0,0,0,0,0,0,0,0,0,0,0,0,0,0,0,0,0,0,0,0,0,0,0,0,0,0,0,0,0,0,0,0,0,0,0,0,0,0,0,0,0,0,0,0,0,0,0,0,0,0,102453077,0,0,0,108309954,0,0,0,0,0,0,0,72280342,117386753,168600936,52932857344,43456747,1,0,0,0,0,0,0,0,0,0,0,0,0,0,0,0,0,0,0,0,0,0,0,0,0,0,0,0,0,0,0,51816135,0,0,0,0,0,0,0
1789620652.969,0,0,0,0,0,0,0,225731919,1922658307584,705497810432,0,0,0,0,0,0,0,0,0,0,0,0,0,0,0,0,0,0,0,0,0,0,0,0,0,0,0,0,0,0,0,0,0,0,0,0,0,0,0,0,0,0,0,0,0,0,0,0,0,0,0,0,0,0,0,0,0,0,392850,117496099,39324191,0,0,0,0,0,0,0,0,0,0,0,0,0,0,0,0,0,0,0,0,0,0,0,0,0,0,0,0,0,0,0,0,0,0,0,0,0,2146238464,255967232,130996,15623,0,76,131072,117353883,0,0,1136501260,2147483648,91711497,124926368,0,0,0,0,0,0,0,0,0,0,0,0,0,0,0,0,0,0,7235542,7235657,0,97,97,6262,329,14471118,35,0,0,0,0,0,0,0,1,0,0,0,0,0,0,0,0,0,0,8138576,0,12282681,108551,0,0,0,0,0,0,0,0,16384,0,0,0,0,0,0,0,0,0,0,0,2644,345,0,0,0,0,0,21998403,0,605,1,47,345,2644,0,0,0,0,0,0,0,0,0,0,0,0,0,0,0,0,0,0,0,0,0,0,0,0,0,0,0,0,0,0,0,0,0,0,0,0,0,0,0,0,0,0,0,0,0,0,0,0,0,0,0,0,0,102464360,0,0,0,108320995,0,0,0,0,0,0,0,72293002,117405573,168622917,52938655232,43464845,0,0,0,0,0,0,0,0,0,0,0,0,0,0,0,0,0,0,0,0,0,0,0,0,0,0,0,0,0,0,0,51816912,0,0,0,0,0,0,0
1789620653.995,0,0,0,0,0,0,0,225756138,1922972470784,705570720768,0,0,0,0,0,0,0,0,0,0,0,0,0,0,0,0,0,0,0,0,0,0,0,0,0,0,0,0,0,0,0,0,0,0,0,0,0,0,0,0,0,0,0,0,0,0,0,0,0,0,0,0,0,0,0,0,0,0,392878,117515298,39328480,0,0,0,0,0,0,0,0,0,0,0,0,0,0,0,0,0,0,0,0,0,0,0,0,0,0,0,0,0,0,0,0,0,0,0,0,0,2146091008,268451840,130988,16385,0,84,131072,117373066,0,0,1136627569,2147483648,91730288,124938996,0,0,0,0,0,0,0,0,0,0,0,0,0,0,0,0,0,0,7236338,7236447,0,97,97,6262,329,14472700,35,0,0,0,0,0,0,0,1,0,0,0,0,0,0,0,0,0,0,8139466,0,12282681,108551,0,0,0,0,0,0,0,0,16384,0,0,0,0,0,0,0,0,0,0,0,2645,345,0,0,0,0,0,22000806,0,605,1,47,345,2645,0,0,0,0,0,0,0,0,0,0,0,0,0,0,0,0,0,0,0,0,0,0,0,0,0,0,0,0,0,0,0,0,0,0,0,0,0,0,0,0,0,0,0,0,0,0,0,0,0,0,0,0,0,102466916,0,0,0,108332381,0,0,0,0,0,0,0,72298904,117424768,168634047,52940455424,43466462,0,0,0,0,0,0,0,0,0,0,0,0,0,0,0,0,0,0,0,0,0,0,0,0,0,0,0,0,0,0,0,51817704,0,0,0,0,0,0,0
1789620655.021,0,0,0,0,0,0,0,225777869,1923255160320,705633546240,0,0,0,0,0,0,0,0,0,0,0,0,0,0,0,0,0,0,0,0,0,0,0,0,0,0,0,0,0,0,0,0,0,0,0,0,0,0,0,0,0,0,0,0,0,0,0,0,0,0,0,0,0,0,0,0,0,0,392919,117532578,39332166,0,0,0,0,0,0,0,0,0,0,0,0,0,0,0,0,0,0,0,0,0,0,0,0,0,0,0,0,0,0,0,0,0,0,0,0,0,2146320384,281608192,131001,17188,0,71,131072,117390329,0,0,1136741447,2147483648,91747204,124950324,0,0,0,0,0,0,0,0,0,0,0,0,0,0,0,0,0,0,7237036,7237153,0,97,97,6262,329,14474126,35,0,0,0,0,0,0,0,1,0,0,0,0,0,0,0,0,0,0,8140260,0,12282681,108551,0,0,0,0,0,0,0,0,16384,0,0,0,0,0,0,0,0,0,0,0,2646,345,0,0,0,0,0,22002956,0,605,1,47,345,2646,0,0,0,0,0,0,0,0,0,0,0,0,0,0,0,0,0,0,0,0,0,0,0,0,0,0,0,0,0,0,0,0,0,0,0,0,0,0,0,0,0,0,0,0,0,0,0,0,0,0,0,0,0,102469325,0,0,0,108342515,0,0,0,0,0,0,0,72304078,117442027,168643820,52942091264,43467954,0,0,0,0,0,0,0,0,0,0,0,0,0,0,0,0,0,0,0,0,0,0,0,0,0,0,0,0,0,0,0,51818409,0,0,0,0,0,0,0
1789620656.049,0,0,0,0,0,0,0,225801771,1923570011648,705708366848,0,0,0,0,0,0,0,0,0,0,0,0,0,0,0,0,0,0,0,0,0,0,0,0,0,0,0,0,0,0,0,0,0,0,0,0,0,0,0,0,0,0,0,0,0,0,0,0,0,0,0,0,0,0,0,0,0,0,392965,117551829,39336557,0,0,0,0,0,0,0,0,0,0,0,0,0,0,0,0,0,0,0,0,0,0,0,0,0,0,0,0,0,0,0,0,0,0,0,0,0,2146140160,288522240,130990,17610,0,82,131072,117409570,0,0,1136868030,2147483648,91765925,124962801,0,0,0,0,0,0,0,0,0,0,0,0,0,0,0,0,0,0,7237841,7237952,0,97,97,6262,329,14475729,35,0,0,0,0,0,0,0,1,0,0,0,0,0,0,0,0,0,0,8141160,0,12282809,108552,0,0,0,0,0,0,0,0,16384,0,0,0,0,0,0,0,0,0,0,0,2647,345,0,0,0,0,0,22005396,0,605,1,47,345,2647,0,0,0,0,0,0,0,0,0,0,0,0,0,0,0,0,0,0,0,0,0,0,0,0,0,0,0,0,0,0,0,0,0,0,0,0,0,0,0,0,0,0,0,0,0,0,0,0,0,0,0,0,0,102471856,0,0,0,108353773,0,0,0,0,0,0,0,72309926,117461270,168655014,52943893504,43469530,0,0,0,0,0,0,0,0,0,0,0,0,0,0,0,0,0,0,0,0,0,0,0,0,0,0,0,0,0,0,0,51819209,0,0,0,0,0,0,0
1789620657.076,0,0,0,0,0,0,0,225824410,1923864235520,705800839680,0,0,0,0,0,0,0,0,0,0,0,0,0,0,0,0,0,0,0,0,0,0,0,0,0,0,0,0,0,0,0,0,0,0,0,0,0,0,0,0,0,0,0,0,0,0,0,0,0,0,0,0,0,0,0,0,0,0,393003,117569816,39342049,0,0,0,0,0,0,0,0,0,0,0,0,0,0,0,0,0,0,0,0,0,0,0,0,0,0,0,0,0,0,0,0,0,0,0,0,0,2146107392,274366464,130988,16746,0,84,131072,117427549,0,0,1136987446,2147483648,91783054,124974532,0,0,0,0,0,0,0,0,0,0,0,0,0,0,0,0,0,0,7238579,7238690,0,97,97,6262,329,14477192,35,0,0,0,0,0,0,0,1,0,0,0,0,0,0,0,0,0,0,8141989,0,12284246,108564,0,0,0,0,0,0,0,0,16384,0,0,0,0,0,0,0,0,0,0,0,2648,345,0,0,0,0,0,22007630,0,605,1,47,345,2648,0,0,0,0,0,0,0,0,0,0,0,0,0,0,0,0,0,0,0,0,0,0,0,0,0,0,0,0,0,0,0,0,0,0,0,0,0,0,0,0,0,0,0,0,0,0,0,0,0,0,0,0,0,102474251,0,0,0,108364321,0,0,0,0,0,0,0,72315688,117479255,168666959,52945564672,43471026,0,0,0,0,0,0,0,0,0,0,0,0,0,0,0,0,0,0,0,0,0,0,0,0,0,0,0,0,0,0,0,51819946,0,0,0,0,0,0,0
1789620658.103,0,0,0,0,0,0,0,225847940,1924168060416,705869936640,0,0,0,0,0,0,0,0,0,0,0,0,0,0,0,0,0,0,0,0,0,0,0,0,0,0,0,0,0,0,0,0,0,0,0,0,0,0,0,0,0,0,0,0,0,0,0,0,0,0,0,0,0,0,0,0,0,0,393050,117588381,39346101,0,0,0,0,0,0,0,0,0,0,0,0,0,0,0,0,0,0,0,0,0,0,0,0,0,0,0,0,0,0,0,0,0,0,0,0,0,2146074624,287637504,130986,17556,0,87,131072,117446104,0,0,1137110047,2147483648,91801212,124986820,0,0,0,0,0,0,0,0,0,0,0,0,0,0,0,0,0,0,7239348,7239463,0,97,97,6262,329,14478730,35,0,0,0,0,0,0,0,1,0,0,0,0,0,0,0,0,0,0,8142859,0,12284246,108564,0,0,0,0,0,0,0,0,16384,0,0,0,0,0,0,0,0,0,0,0,2649,345,0,0,0,0,0,22009974,0,605,1,47,345,2649,0,0,0,0,0,0,0,0,0,0,0,0,0,0,0,0,0,0,0,0,0,0,0,0,0,0,0,0,0,0,0,0,0,0,0,0,0,0,0,0,0,0,0,0,0,0,0,0,0,0,0,0,0,102476695,0,0,0,108375365,0,0,0,0,0,0,0,72321247,117497818,168677508,52947314176,43472535,0,0,0,0,0,0,0,0,0,0,0,0,0,0,0,0,0,0,0,0,0,0,0,0,0,0,0,0,0,0,0,51820720,0,0,0,0,0,0,0
1789620659.130,0,0,0,0,0,0,0,225873612,1924502769152,705948930560,0,0,0,0,0,0,0,0,0,0,0,0,0,0,0,0,0,0,0,0,0,0,0,0,0,0,0,0,0,0,0,0,0,0,0,0,0,0,0,0,0,0,0,0,0,0,0,0,0,0,0,0,0,0,0,0,0,0,393130,117608848,39350641,0,0,0,0,0,0,0,0,0,0,0,0,0,0,0,0,0,0,0,0,0,0,0,0,0,0,0,0,0,0,0,0,0,0,0,0,0,2146254848,298549248,130997,18222,0,75,131072,117466554,0,0,1137245055,2147483648,91821070,125000426,0,0,0,0,0,0,0,0,0,0,0,0,0,0,0,0,0,0,7240192,7240306,0,97,97,6262,329,14480426,35,0,0,0,0,0,0,0,1,0,0,0,0,0,0,0,0,0,0,8143808,0,12284374,108565,0,0,0,0,0,0,0,0,16384,0,0,0,0,0,0,0,0,0,0,0,2650,345,0,0,0,0,0,22012536,0,605,1,47,345,2650,0,0,0,0,0,0,0,0,0,0,0,0,0,0,0,0,0,0,0,0,0,0,0,0,0,0,0,0,0,0,0,0,0,0,0,0,0,0,0,0,0,0,0,0,0,0,0,0,0,0,0,0,0,102483302,0,0,0,108387329,0,0,0,0,0,0,0,72330055,117518268,168693048,52951040512,43476938,0,0,0,0,0,0,0,0,0,0,0,0,0,0,0,0,0,0,0,0,0,0,0,0,0,0,0,0,0,0,0,51821563,0,0,0,0,0,0,0
1789620660.157,0,0,0,0,0,0,0,225896385,1924801924608,706022383616,0,0,0,0,0,0,0,0,0,0,0,0,0,0,0,0,0,0,0,0,0,0,0,0,0,0,0,0,0,0,0,0,0,0,0,0,0,0,0,0,0,0,0,0,0,0,0,0,0,0,0,0,0,0,0,0,0,0,393162,117627133,39354726,0,0,0,0,0,0,0,0,0,0,0,0,0,0,0,0,0,0,0,0,0,0,0,0,0,0,0,0,0,0,0,0,0,0,0,0,0,2146271232,306020352,130998,18678,0,74,131072,117484823,0,0,1137365147,2147483648,91838926,125012192,0,0,0,0,0,0,0,0,0,0,0,0,0,0,0,0,0,0,7240957,7241069,0,97,97,6262,329,14481951,35,0,0,0,0,0,0,0,1,0,0,0,0,0,0,0,0,0,0,8144666,0,12284374,108565,0,0,0,0,0,0,0,0,16384,0,0,0,0,0,0,0,0,0,0,0,2651,345,0,0,0,0,0,22014851,0,605,1,47,345,2651,0,0,0,0,0,0,0,0,0,0,0,0,0,0,0,0,0,0,0,0,0,0,0,0,0,0,0,0,0,0,0,0,0,0,0,0,0,0,0,0,0,0,0,0,0,0,0,0,0,0,0,0,0,102493960,0,0,0,108398024,0,0,0,0,0,0,0,72341804,117536531,168711877,52956527104,43484600,0,0,0,0,0,0,0,0,0,0,0,0,0,0,0,0,0,0,0,0,0,0,0,0,0,0,0,0,0,0,0,51822326,0,0,0,0,0,0,0
1789620661.184,0,0,0,0,0,0,0,225921264,1925123853824,706121946112,0,0,0,0,0,0,0,0,0,0,0,0,0,0,0,0,0,0,0,0,0,0,0,0,0,0,0,0,0,0,0,0,0,0,0,0,0,0,0,0,0,0,0,0,0,0,0,0,0,0,0,0,0,0,0,0,0,0,393198,117646805,39360496,0,0,0,0,0,0,0,0,0,0,0,0,0,0,0,0,0,0,0,0,0,0,0,0,0,0,0,0,0,0,0,0,0,0,0,0,0,2146369536,295157760,131004,18015,0,68,131072,117504487,0,0,1137495992,2147483648,91857639,125025149,0,0,0,0,0,0,0,0,0,0,0,0,0,0,0,0,0,0,7241777,7241889,0,97,97,6262,329,14483588,35,0,0,0,0,0,0,0,1,0,0,0,0,0,0,0,0,0,0,8145586,0,12285793,108577,0,0,0,0,0,0,0,0,16384,0,0,0,0,0,0,0,0,0,0,0,2652,345,0,0,0,0,0,22017337,0,605,1,47,345,2652,0,0,0,0,0,0,0,0,0,0,0,0,0,0,0,0,0,0,0,0,0,0,0,0,0,0,0,0,0,0,0,0,0,0,0,0,0,0,0,0,0,0,0,0,0,0,0,0,0,0,0,0,0,102501424,0,0,0,108409730,0,0,0,0,0,0,0,72351572,117556207,168729461,52960611840,43489813,0,0,0,0,0,0,0,0,0,0,0,0,0,0,0,0,0,0,0,0,0,0,0,0,0,0,0,0,0,0,0,51823144,0,0,0,0,0,0,0
1789620662.211,0,0,0,0,0,0,0,225943894,1925417094656,706187824640,0,0,0,0,0,0,0,0,0,0,0,0,0,0,0,0,0,0,0,0,0,0,0,0,0,0,0,0,0,0,0,0,0,0,0,0,0,0,0,0,0,0,0,0,0,0,0,0,0,0,0,0,0,0,0,0,0,0,393227,117664731,39364365,0,0,0,0,0,0,0,0,0,0,0,0,0,0,0,0,0,0,0,0,0,0,0,0,0,0,0,0,0,0,0,0,0,0,0,0,0,2146140160,308903936,130990,18854,0,81,131072,117522398,0,0,1137613870,2147483648,91875127,125036908,0,0,0,0,0,0,0,0,0,0,0,0,0,0,0,0,0,0,7242513,7242626,0,97,97,6262,329,14485059,35,0,0,0,0,0,0,0,1,0,0,0,0,0,0,0,0,0,0,8146415,0,12285793,108577,0,0,0,0,0,0,0,0,16384,0,0,0,0,0,0,0,0,0,0,0,2653,345,0,0,0,0,0,22019584,0,605,1,47,345,2653,0,0,0,0,0,0,0,0,0,0,0,0,0,0,0,0,0,0,0,0,0,0,0,0,0,0,0,0,0,0,0,0,0,0,0,0,0,0,0,0,0,0,0,0,0,0,0,0,0,0,0,0,0,102503835,0,0,0,108420321,0,0,0,0,0,0,0,72356947,117574120,168739609,52962295296,43491322,0,0,0,0,0,0,0,0,0,0,0,0,0,0,0,0,0,0,0,0,0,0,0,0,0,0,0,0,0,0,0,51823881,0,0,0,0,0,0,0
1789620663.239,0,0,0,0,0,0,0,225968306,1925735632384,706262159872,0,0,0,0,0,0,0,0,0,0,0,0,0,0,0,0,0,0,0,0,0,0,0,0,0,0,0,0,0,0,0,0,0,0,0,0,0,0,0,0,0,0,0,0,0,0,0,0,0,0,0,0,0,0,0,0,0,0,393285,117684186,39368657,0,0,0,0,0,0,0,0,0,0,0,0,0,0,0,0,0,0,0,0,0,0,0,0,0,0,0,0,0,0,0,0,0,0,0,0,0,2146074624,318799872,130986,19458,0,87,131072,117541838,0,0,1137741971,2147483648,91894040,125049657,0,0,0,0,0,0,0,0,0,0,0,0,0,0,0,0,0,0,7243325,7243438,0,97,97,6262,329,14486669,35,0,0,0,0,0,0,0,1,0,0,0,0,0,0,0,0,0,0,8147329,0,12285921,108578,0,0,0,0,0,0,0,0,16384,0,0,0,0,0,0,0,0,0,0,0,2654,345,0,0,0,0,0,22022057,0,605,1,47,345,2654,0,0,0,0,0,0,0,0,0,0,0,0,0,0,0,0,0,0,0,0,0,0,0,0,0,0,0,0,0,0,0,0,0,0,0,0,0,0,0,0,0,0,0,0,0,0,0,0,0,0,0,0,0,102508967,0,0,0,108431696,0,0,0,0,0,0,0,72364597,117593569,168753210,52965304832,43494806,0,0,0,0,0,0,0,0,0,0,0,0,0,0,0,0,0,0,0,0,0,0,0,0,0,0,0,0,0,0,0,51824694,0,0,0,0,0,0,0
1789620664.265,0,0,0,0,0,0,0,225992585,1926051827200,706363909120,0,0,0,0,0,0,0,0,0,0,0,0,0,0,0,0,0,0,0,0,0,0,0,0,0,0,0,0,0,0,0,0,0,0,0,0,0,0,0,0,0,0,0,0,0,0,0,0,0,0,0,0,0,0,0,0,0,0,393332,117703509,39374470,0,0,0,0,0,0,0,0,0,0,0,0,0,0,0,0,0,0,0,0,0,0,0,0,0,0,0,0,0,0,0,0,0,0,0,0,0,2146500608,302628864,131013,18471,0,59,131072,117561148,0,0,1137869697,2147483648,91912483,125062221,0,0,0,0,0,0,0,0,0,0,0,0,0,0,0,0,0,0,7244123,7244237,0,97,97,6262,329,14488288,35,0,0,0,0,0,0,0,1,0,0,0,0,0,0,0,0,0,0,8148229,0,12287389,108590,0,0,0,0,0,0,0,0,16384,0,0,0,0,0,0,0,0,0,0,0,2655,345,0,0,0,0,0,22024486,0,605,1,47,345,2655,0,0,0,0,0,0,0,0,0,0,0,0,0,0,0,0,0,0,0,0,0,0,0,0,0,0,0,0,0,0,0,0,0,0,0,0,0,0,0,0,0,0,0,0,0,0,0,0,0,0,0,0,0,102519758,0,0,0,108443030,0,0,0,0,0,0,0,72376923,117612890,168774156,52970890240,43502581,0,0,0,0,0,0,0,0,0,0,0,0,0,0,0,0,0,0,0,0,0,0,0,0,0,0,0,0,0,0,0,51825493,0,0,0,0,0,0,0
1789620665.290,0,0,0,0,0,0,0,226016377,1926359567872,706438994944,0,0,0,0,0,0,0,0,0,0,0,0,0,0,0,0,0,0,0,0,0,0,0,0,0,0,0,0,0,0,0,0,0,0,0,0,0,0,0,0,0,0,0,0,0,0,0,0,0,0,0,0,0,0,0,0,0,0,393370,117722333,39378654,0,0,0,0,0,0,0,0,0,0,0,0,0,0,0,0,0,0,0,0,0,0,0,0,0,0,0,0,0,0,0,0,0,0,0,0,0,2146238464,315195392,130996,19238,0,76,131072,117579956,0,0,1137995064,2147483648,91930865,125074742,0,0,0,0,0,0,0,0,0,0,0,0,0,0,0,0,0,0,7244909,7245018,0,97,97,6262,329,14489853,35,0,0,0,0,0,0,0,1,0,0,0,0,0,0,0,0,0,0,8149109,0,12287389,108590,0,0,0,0,0,0,0,0,16384,0,0,0,0,0,0,0,0,0,0,0,2656,345,0,0,0,0,0,22026863,0,605,1,47,345,2656,0,0,0,0,0,0,0,0,0,0,0,0,0,0,0,0,0,0,0,0,0,0,0,0,0,0,0,0,0,0,0,0,0,0,0,0,0,0,0,0,0,0,0,0,0,0,0,0,0,0,0,0,0,102530452,0,0,0,108454217,0,0,0,0,0,0,0,72388896,117631696,168793207,52976467968,43510375,0,0,0,0,0,0,0,0,0,0,0,0,0,0,0,0,0,0,0,0,0,0,0,0,0,0,0,0,0,0,0,51826275,0,0,0,0,0,0,0
1789620666.318,0,0,0,0,0,0,0,226037792,1926636686848,706505786880,0,0,0,0,0,0,0,0,0,0,0,0,0,0,0,0,0,0,0,0,0,0,0,0,0,0,0,0,0,0,0,0,0,0,0,0,0,0,0,0,0,0,0,0,0,0,0,0,0,0,0,0,0,0,0,0,0,0,393405,117739271,39382413,0,0,0,0,0,0,0,0,0,0,0,0,0,0,0,0,0,0,0,0,0,0,0,0,0,0,0,0,0,0,0,0,0,0,0,0,0,2146304000,326123520,131000,19905,0,71,131072,117596879,0,0,1138106676,2147483648,91947330,125085908,0,0,0,0,0,0,0,0,0,0,0,0,0,0,0,0,0,0,7245604,7245720,0,97,97,6262,329,14491230,35,0,0,0,0,0,0,0,1,0,0,0,0,0,0,0,0,0,0,8149895,0,12287517,108591,0,0,0,0,0,0,0,0,16384,0,0,0,0,0,0,0,0,0,0,0,2657,345,0,0,0,0,0,22028997,0,605,1,47,345,2657,0,0,0,0,0,0,0,0,0,0,0,0,0,0,0,0,0,0,0,0,0,0,0,0,0,0,0,0,0,0,0,0,0,0,0,0,0,0,0,0,0,0,0,0,0,0,0,0,0,0,0,0,0,102538688,0,0,0,108464181,0,0,0,0,0,0,0,72398632,117648630,168808826,52980812800,43516484,0,0,0,0,0,0,0,0,0,0,0,0,0,0,0,0,0,0,0,0,0,0,0,0,0,0,0,0,0,0,0,51826975,0,0,0,0,0,0,0
1789620667.344,0,0,0,0,0,0,0,226062907,1926965333504,706580425728,0,0,0,0,0,0,0,0,0,0,0,0,0,0,0,0,0,0,0,0,0,0,0,0,0,0,0,0,0,0,0,0,0,0,0,0,0,0,0,0,0,0,0,0,0,0,0,0,0,0,0,0,0,0,0,0,0,0,393449,117759365,39386798,0,0,0,0,0,0,0,0,0,0,0,0,0,0,0,0,0,0,0,0,0,0,0,0,0,0,0,0,0,0,0,0,0,0,0,0,0,2146156544,337543168,130991,20602,0,81,131072,117616951,0,0,1138238785,2147483648,91966964,125098952,0,0,0,0,0,0,0,0,0,0,0,0,0,0,0,0,0,0,7246431,7246547,0,97,97,6262,329,14492898,35,0,0,0,0,0,0,0,1,0,0,0,0,0,0,0,0,0,0,8150828,0,12287517,108591,0,0,0,0,0,0,0,0,16384,0,0,0,0,0,0,0,0,0,0,0,2658,345,0,0,0,0,0,22031516,0,605,1,47,345,2658,0,0,0,0,0,0,0,0,0,0,0,0,0,0,0,0,0,0,0,0,0,0,0,0,0,0,0,0,0,0,0,0,0,0,0,0,0,0,0,0,0,0,0,0,0,0,0,0,0,0,0,0,0,102541278,0,0,0,108475954,0,0,0,0,0,0,0,72404625,117668706,168820183,52982663680,43518096,0,0,0,0,0,0,0,0,0,0,0,0,0,0,0,0,0,0,0,0,0,0,0,0,0,0,0,0,0,0,0,51827804,0,0,0,0,0,0,0
1789620668.370,0,0,0,0,0,0,0,226085388,1927260229120,706674093568,0,0,0,0,0,0,0,0,0,0,0,0,0,0,0,0,0,0,0,0,0,0,0,0,0,0,0,0,0,0,0,0,0,0,0,0,0,0,0,0,0,0,0,0,0,0,0,0,0,0,0,0,0,0,0,0,0,0,393494,117777386,39392358,0,0,0,0,0,0,0,0,0,0,0,0,0,0,0,0,0,0,0,0,0,0,0,0,0,0,0,0,0,0,0,0,0,0,0,0,0,2146254848,322306048,130997,19672,0,75,131072,117634956,0,0,1138358299,2147483648,91983955,125110752,0,0,0,0,0,0,0,0,0,0,0,0,0,0,0,0,0,0,7247194,7247305,0,97,97,6262,329,14494408,35,0,0,0,0,0,0,0,1,0,0,0,0,0,0,0,0,0,0,8151681,0,12289019,108603,0,0,0,0,0,0,0,0,16384,0,0,0,0,0,0,0,0,0,0,0,2659,345,0,0,0,0,0,22033829,0,605,1,47,345,2659,0,0,0,0,0,0,0,0,0,0,0,0,0,0,0,0,0,0,0,0,0,0,0,0,0,0,0,0,0,0,0,0,0,0,0,0,0,0,0,0,0,0,0,0,0,0,0,0,0,0,0,0,0,102543739,0,0,0,108486599,0,0,0,0,0,0,0,72410427,117686720,168832267,52984393728,43519631,1,0,0,0,0,0,0,0,0,0,0,0,0,0,0,0,0,0,0,0,0,0,0,0,0,0,0,0,0,0,0,51828561,0,0,0,0,0,0,0
1789620669.397,0,0,0,0,0,0,0,226109858,1927577964032,706748369408,0,0,0,0,0,0,0,0,0,0,0,0,0,0,0,0,0,0,0,0,0,0,0,0,0,0,0,0,0,0,0,0,0,0,0,0,0,0,0,0,0,0,0,0,0,0,0,0,0,0,0,0,0,0,0,0,0,0,393535,117796810,39396730,0,0,0,0,0,0,0,0,0,0,0,0,0,0,0,0,0,0,0,0,0,0,0,0,0,0,0,0,0,0,0,0,0,0,0,0,0,2146123776,334069760,130989,20390,0,83,131072,117654368,0,0,1138486104,2147483648,92002975,125123504,0,0,0,0,0,0,0,0,0,0,0,0,0,0,0,0,0,0,7247983,7248096,0,97,97,6262,329,14495999,35,0,0,0,0,0,0,0,1,0,0,0,0,0,0,0,0,0,0,8152570,0,12289019,108603,0,0,0,0,0,0,0,0,16384,0,0,0,0,0,0,0,0,0,0,0,2660,345,0,0,0,0,0,22036239,0,605,1,47,345,2660,0,0,0,0,0,0,0,0,0,0,0,0,0,0,0,0,0,0,0,0,0,0,0,0,0,0,0,0,0,0,0,0,0,0,0,0,0,0,0,0,0,0,0,0,0,0,0,0,0,0,0,0,0,102546253,0,0,0,108498048,0,0,0,0,0,0,0,72416363,117706127,168843512,52986187264,43521201,0,0,0,0,0,0,0,0,0,0,0,0,0,0,0,0,0,0,0,0,0,0,0,0,0,0,0,0,0,0,0,51829352,0,0,0,0,0,0,0
1789620670.423,0,0,0,0,0,0,0,226130922,1927851429376,706809826816,0,0,0,0,0,0,0,0,0,0,0,0,0,0,0,0,0,0,0,0,0,0,0,0,0,0,0,0,0,0,0,0,0,0,0,0,0,0,0,0,0,0,0,0,0,0,0,0,0,0,0,0,0,0,0,0,0,0,393574,117813526,39400336,0,0,0,0,0,0,0,0,0,0,0,0,0,0,0,0,0,0,0,0,0,0,0,0,0,0,0,0,0,0,0,0,0,0,0,0,0,2146287616,344768512,130998,21043,0,74,131072,117671072,0,0,1138596146,2147483648,92019355,125134385,0,0,0,0,0,0,0,0,0,0,0,0,0,0,0,0,0,0,7248662,7248780,0,97,97,6262,329,14497365,35,0,0,0,0,0,0,0,1,0,0,0,0,0,0,0,0,0,0,8153339,0,12289019,108603,0,0,0,0,0,0,0,0,16384,0,0,0,0,0,0,0,0,0,0,0,2662,345,0,0,0,0,0,22038319,0,605,1,47,345,2662,0,0,0,0,0,0,0,0,0,0,0,0,0,0,0,0,0,0,0,0,0,0,0,0,0,0,0,0,0,0,0,0,0,0,0,0,0,0,0,0,0,0,0,0,0,0,0,0,0,0,0,0,0,102548590,0,0,0,108507811,0,0,0,0,0,0,0,72421417,117722838,168853047,52987783680,43522654,0,0,0,0,0,0,0,0,0,0,0,0,0,0,0,0,0,0,0,0,0,0,0,0,0,0,0,0,0,0,0,51830036,0,0,0,0,0,0,0
1789620671.450,0,0,0,0,0,0,0,226154607,1928161529344,706882391552,0,0,0,0,0,0,0,0,0,0,0,0,0,0,0,0,0,0,0,0,0,0,0,0,0,0,0,0,0,0,0,0,0,0,0,0,0,0,0,0,0,0,0,0,0,0,0,0,0,0,0,0,0,0,0,0,0,0,393624,117832486,39404600,0,0,0,0,0,0,0,0,0,0,0,0,0,0,0,0,0,0,0,0,0,0,0,0,0,0,0,0,0,0,0,0,0,0,0,0,0,2146222080,352501760,130995,21515,0,77,131072,117690019,0,0,1138720928,2147483648,92037788,125146783,0,0,0,0,0,0,0,0,0,0,0,0,0,0,0,0,0,0,7249455,7249570,0,97,97,6262,329,14498942,35,0,0,0,0,0,0,0,1,0,0,0,0,0,0,0,0,0,0,8154229,0,12289147,108604,0,0,0,0,0,0,0,0,16384,0,0,0,0,0,0,0,0,0,0,0,2663,345,0,0,0,0,0,22040724,0,605,1,47,345,2663,0,0,0,0,0,0,0,0,0,0,0,0,0,0,0,0,0,0,0,0,0,0,0,0,0,0,0,0,0,0,0,0,0,0,0,0,0,0,0,0,0,0,0,0,0,0,0,0,0,0,0,0,0,102551112,0,0,0,108518941,0,0,0,0,0,0,0,72427102,117741796,168863961,52989575168,43524206,0,0,0,0,0,0,0,0,0,0,0,0,0,0,0,0,0,0,0,0,0,0,0,0,0,0,0,0,0,0,0,51830827,0,0,0,0,0,0,0
1789620672.477,0,0,0,0,0,0,0,226177146,1928456031744,706967645184,0,0,0,0,0,0,0,0,0,0,0,0,0,0,0,0,0,0,0,0,0,0,0,0,0,0,0,0,0,0,0,0,0,0,0,0,0,0,0,0,0,0,0,0,0,0,0,0,0,0,0,0,0,0,0,0,0,0,393667,117850474,39409641,0,0,0,0,0,0,0,0,0,0,0,0,0,0,0,0,0,0,0,0,0,0,0,0,0,0,0,0,0,0,0,0,0,0,0,0,0,2146418688,344342528,131008,21017,0,64,131072,117707999,0,0,1138840331,2147483648,92055361,125158508,0,0,0,0,0,0,0,0,0,0,0,0,0,0,0,0,0,0,7250196,7250306,0,97,97,6262,329,14500441,35,0,0,0,0,0,0,0,1,0,0,0,0,0,0,0,0,0,0,8155058,0,12290148,108612,0,0,0,0,0,0,0,0,16384,0,0,0,0,0,0,0,0,0,0,0,2664,345,0,0,0,0,0,22042961,0,605,1,47,345,2664,0,0,0,0,0,0,0,0,0,0,0,0,0,0,0,0,0,0,0,0,0,0,0,0,0,0,0,0,0,0,0,0,0,0,0,0,0,0,0,0,0,0,0,0,0,0,0,0,0,0,0,0,0,102553541,0,0,0,108529509,0,0,0,0,0,0,0,72432784,117759788,168875490,52991266816,43525704,0,0,0,0,0,0,0,0,0,0,0,0,0,0,0,0,0,0,0,0,0,0,0,0,0,0,0,0,0,0,0,51831563,0,0,0,0,0,0,0
1789620673.504,0,0,0,0,0,0,0,226201527,1928772128256,707048607232,0,0,0,0,0,0,0,0,0,0,0,0,0,0,0,0,0,0,0,0,0,0,0,0,0,0,0,0,0,0,0,0,0,0,0,0,0,0,0,0,0,0,0,0,0,0,0,0,0,0,0,0,0,0,0,0,0,0,393706,117869814,39414420,0,0,0,0,0,0,0,0,0,0,0,0,0,0,0,0,0,0,0,0,0,0,0,0,0,0,0,0,0,0,0,0,0,0,0,0,0,2146172928,347996160,130992,21240,0,80,131072,117727328,0,0,1138967737,2147483648,92073745,125171242,0,0,0,0,0,0,0,0,0,0,0,0,0,0,0,0,0,0,7250992,7251107,0,97,97,6262,329,14502007,35,0,0,0,0,0,0,0,1,0,0,0,0,0,0,0,0,0,0,8155957,0,12290665,108617,0,0,0,0,0,0,0,0,16384,0,0,0,0,0,0,0,0,0,0,0,2665,345,0,0,0,0,0,22045399,0,605,1,47,345,2665,0,0,0,0,0,0,0,0,0,0,0,0,0,0,0,0,0,0,0,0,0,0,0,0,0,0,0,0,0,0,0,0,0,0,0,0,0,0,0,0,0,0,0,0,0,0,0,0,0,0,0,0,0,102556046,0,0,0,108540882,0,0,0,0,0,0,0,72438668,117779100,168887026,52993063936,43527248,0,0,0,0,0,0,0,0,0,0,0,0,0,0,0,0,0,0,0,0,0,0,0,0,0,0,0,0,0,0,0,51832363,0,0,0,0,0,0,0
1789620674.530,0,0,0,0,0,0,0,226223503,1929058668032,707113060864,0,0,0,0,0,0,0,0,0,0,0,0,0,0,0,0,0,0,0,0,0,0,0,0,0,0,0,0,0,0,0,0,0,0,0,0,0,0,0,0,0,0,0,0,0,0,0,0,0,0,0,0,0,0,0,0,0,0,393750,117887333,39418192,0,0,0,0,0,0,0,0,0,0,0,0,0,0,0,0,0,0,0,0,0,0,0,0,0,0,0,0,0,0,0,0,0,0,0,0,0,2146205696,359448576,130994,21939,0,78,131072,117744840,0,0,1139082819,2147483648,92090913,125182715,0,0,0,0,0,0,0,0,0,0,0,0,0,0,0,0,0,0,7251710,7251825,0,97,97,6262,329,14503452,35,0,0,0,0,0,0,0,1,0,0,0,0,0,0,0,0,0,0,8156765,0,12290665,108617,0,0,0,0,0,0,0,0,16384,0,0,0,0,0,0,0,0,0,0,0,2666,345,0,0,0,0,0,22047580,0,605,1,47,345,2666,0,0,0,0,0,0,0,0,0,0,0,0,0,0,0,0,0,0,0,0,0,0,0,0,0,0,0,0,0,0,0,0,0,0,0,0,0,0,0,0,0,0,0,0,0,0,0,0,0,0,0,0,0,102558451,0,0,0,108551168,0,0,0,0,0,0,0,72443949,117796613,168896986,52994730496,43528752,0,0,0,0,0,0,0,0,0,0,0,0,0,0,0,0,0,0,0,0,0,0,0,0,0,0,0,0,0,0,0,51833081,0,0,0,0,0,0,0
1789620675.556,0,0,0,0,0,0,0,226248086,1929380761088,707189500928,0,0,0,0,0,0,0,0,0,0,0,0,0,0,0,0,0,0,0,0,0,0,0,0,0,0,0,0,0,0,0,0,0,0,0,0,0,0,0,0,0,0,0,0,0,0,0,0,0,0,0,0,0,0,0,0,0,0,393801,117907010,39422690,0,0,0,0,0,0,0,0,0,0,0,0,0,0,0,0,0,0,0,0,0,0,0,0,0,0,0,0,0,0,0,0,0,0,0,0,0,2146336768,365871104,131002,22331,0,70,131072,117764501,0,0,1139212840,2147483648,92110019,125195565,0,0,0,0,0,0,0,0,0,0,0,0,0,0,0,0,0,0,7252532,7252640,0,97,97,6262,329,14505096,35,0,0,0,0,0,0,0,1,0,0,0,0,0,0,0,0,0,0,8157682,0,12290793,108618,0,0,0,0,0,0,0,0,16384,0,0,0,0,0,0,0,0,0,0,0,2667,345,0,0,0,0,0,22050065,0,605,1,47,345,2667,0,0,0,0,0,0,0,0,0,0,0,0,0,0,0,0,0,0,0,0,0,0,0,0,0,0,0,0,0,0,0,0,0,0,0,0,0,0,0,0,0,0,0,0,0,0,0,0,0,0,0,0,0,102560954,0,0,0,108562693,0,0,0,0,0,0,0,72449869,117816287,168908347,52996560384,43530305,0,0,0,0,0,0,0,0,0,0,0,0,0,0,0,0,0,0,0,0,0,0,0,0,0,0,0,0,0,0,0,51833896,0,0,0,0,0,0,0
1789620676.583,0,0,0,0,0,0,0,226271180,1929679769088,707283521536,0,0,0,0,0,0,0,0,0,0,0,0,0,0,0,0,0,0,0,0,0,0,0,0,0,0,0,0,0,0,0,0,0,0,0,0,0,0,0,0,0,0,0,0,0,0,0,0,0,0,0,0,0,0,0,0,0,0,393843,117925297,39428268,0,0,0,0,0,0,0,0,0,0,0,0,0,0,0,0,0,0,0,0,0,0,0,0,0,0,0,0,0,0,0,0,0,0,0,0,0,2146353152,352092160,131003,21490,0,69,131072,117782774,0,0,1139334464,2147483648,92127396,125207616,0,0,0,0,0,0,0,0,0,0,0,0,0,0,0,0,0,0,7253278,7253393,0,97,97,6262,329,14506599,35,0,0,0,0,0,0,0,1,0,0,0,0,0,0,0,0,0,0,8158528,0,12292335,108632,0,0,0,0,0,0,0,0,16384,0,0,0,0,0,0,0,0,0,0,0,2668,345,0,0,0,0,0,22052349,0,605,1,47,345,2668,0,0,0,0,0,0,0,0,0,0,0,0,0,0,0,0,0,0,0,0,0,0,0,0,0,0,0,0,0,0,0,0,0,0,0,0,0,0,0,0,0,0,0,0,0,0,0,0,0,0,0,0,0,102563410,0,0,0,108573469,0,0,0,0,0,0,0,72455626,117834563,168920431,52998283264,43531801,0,0,0,0,0,0,0,0,0,0,0,0,0,0,0,0,0,0,0,0,0,0,0,0,0,0,0,0,0,0,0,51834648,0,0,0,0,0,0,0
1789620677.609,0,0,0,0,0,0,0,226295655,1929996176896,707356330496,0,0,0,0,0,0,0,0,0,0,0,0,0,0,0,0,0,0,0,0,0,0,0,0,0,0,0,0,0,0,0,0,0,0,0,0,0,0,0,0,0,0,0,0,0,0,0,0,0,0,0,0,0,0,0,0,0,0,393893,117944643,39432542,0,0,0,0,0,0,0,0,0,0,0,0,0,0,0,0,0,0,0,0,0,0,0,0,0,0,0,0,0,0,0,0,0,0,0,0,0,2146172928,364625920,130992,22255,0,80,131072,117802109,0,0,1139462186,2147483648,92146288,125220491,0,0,0,0,0,0,0,0,0,0,0,0,0,0,0,0,0,0,7254086,7254196,0,97,97,6262,329,14508205,35,0,0,0,0,0,0,0,1,0,0,0,0,0,0,0,0,0,0,8159431,0,12292335,108632,0,0,0,0,0,0,0,0,16384,0,0,0,0,0,0,0,0,0,0,0,2669,345,0,0,0,0,0,22054790,0,605,1,47,345,2669,0,0,0,0,0,0,0,0,0,0,0,0,0,0,0,0,0,0,0,0,0,0,0,0,0,0,0,0,0,0,0,0,0,0,0,0,0,0,0,0,0,0,0,0,0,0,0,0,0,0,0,0,0,102565934,0,0,0,108584977,0,0,0,0,0,0,0,72461474,117853897,168931491,53000098304,43533377,0,0,0,0,0,0,0,0,0,0,0,0,0,0,0,0,0,0,0,0,0,0,0,0,0,0,0,0,0,0,0,51835451,0,0,0,0,0,0,0
1789620678.636,0,0,0,0,0,0,0,226316555,1930267774464,707417225216,0,0,0,0,0,0,0,0,0,0,0,0,0,0,0,0,0,0,0,0,0,0,0,0,0,0,0,0,0,0,0,0,0,0,0,0,0,0,0,0,0,0,0,0,0,0,0,0,0,0,0,0,0,0,0,0,0,0,393930,117961225,39436123,0,0,0,0,0,0,0,0,0,0,0,0,0,0,0,0,0,0,0,0,0,0,0,0,0,0,0,0,0,0,0,0,0,0,0,0,0,2146254848,374734848,130997,22872,0,74,131072,117818677,0,0,1139571383,2147483648,92162556,125231371,0,0,0,0,0,0,0,0,0,0,0,0,0,0,0,0,0,0,7254780,7254890,0,97,97,6262,329,14509584,35,0,0,0,0,0,0,0,1,0,0,0,0,0,0,0,0,0,0,8160214,0,12292335,108632,0,0,0,0,0,0,0,0,16384,0,0,0,0,0,0,0,0,0,0,0,2670,345,0,0,0,0,0,22056907,0,605,1,47,345,2670,0,0,0,0,0,0,0,0,0,0,0,0,0,0,0,0,0,0,0,0,0,0,0,0,0,0,0,0,0,0,0,0,0,0,0,0,0,0,0,0,0,0,0,0,0,0,0,0,0,0,0,0,0,102568288,0,0,0,108594775,0,0,0,0,0,0,0,72466499,117870482,168940991,53001717760,43534831,0,0,0,0,0,0,0,0,0,0,0,0,0,0,0,0,0,0,0,0,0,0,0,0,0,0,0,0,0,0,0,51836147,0,0,0,0,0,0,0
1789620679.662,0,0,0,0,0,0,0,226340626,1930581839360,707495846912,0,0,0,0,0,0,0,0,0,0,0,0,0,0,0,0,0,0,0,0,0,0,0,0,0,0,0,0,0,0,0,0,0,0,0,0,0,0,0,0,0,0,0,0,0,0,0,0,0,0,0,0,0,0,0,0,0,0,393978,117980443,39440582,0,0,0,0,0,0,0,0,0,0,0,0,0,0,0,0,0,0,0,0,0,0,0,0,0,0,0,0,0,0,0,0,0,0,0,0,0,2146287616,379453440,130999,23160,0,73,131072,117837877,0,0,1139699425,2147483648,92181236,125243804,0,0,0,0,0,0,0,0,0,0,0,0,0,0,0,0,0,0,7255571,7255687,0,97,97,6262,329,14511187,35,0,0,0,0,0,0,0,1,0,0,0,0,0,0,0,0,0,0,8161111,0,12292463,108633,0,0,0,0,0,0,0,0,16384,0,0,0,0,0,0,0,0,0,0,0,2671,345,0,0,0,0,0,22059338,0,605,1,47,345,2671,0,0,0,0,0,0,0,0,0,0,0,0,0,0,0,0,0,0,0,0,0,0,0,0,0,0,0,0,0,0,0,0,0,0,0,0,0,0,0,0,0,0,0,0,0,0,0,0,0,0,0,0,0,102576498,0,0,0,108605990,0,0,0,0,0,0,0,72476730,117889679,168958004,53006115328,43540719,0,0,0,0,0,0,0,0,0,0,0,0,0,0,0,0,0,0,0,0,0,0,0,0,0,0,0,0,0,0,0,51836944,0,0,0,0,0,0,0
1789620680.689,0,0,0,0,0,0,0,226362560,1930865905152,707582054912,0,0,0,0,0,0,0,0,0,0,0,0,0,0,0,0,0,0,0,0,0,0,0,0,0,0,0,0,0,0,0,0,0,0,0,0,0,0,0,0,0,0,0,0,0,0,0,0,0,0,0,0,0,0,0,0,0,0,394027,117997812,39445424,0,0,0,0,0,0,0,0,0,0,0,0,0,0,0,0,0,0,0,0,0,0,0,0,0,0,0,0,0,0,0,0,0,0,0,0,0,2146336768,374816768,131002,22877,0,70,131072,117855233,0,0,1139814069,2147483648,92198148,125255436,0,0,0,0,0,0,0,0,0,0,0,0,0,0,0,0,0,0,7256288,7256402,0,97,97,6262,329,14512619,35,0,0,0,0,0,0,0,1,0,0,0,0,0,0,0,0,0,0,8161915,0,12293474,108641,0,0,0,0,0,0,0,0,16384,0,0,0,0,0,0,0,0,0,0,0,2672,345,0,0,0,0,0,22061511,0,605,1,47,345,2672,0,0,0,0,0,0,0,0,0,0,0,0,0,0,0,0,0,0,0,0,0,0,0,0,0,0,0,0,0,0,0,0,0,0,0,0,0,0,0,0,0,0,0,0,0,0,0,0,0,0,0,0,0,102584862,0,0,0,108616310,0,0,0,0,0,0,0,72486914,117907035,168975141,53010556416,43546942,1,0,0,0,0,0,0,0,0,0,0,0,0,0,0,0,0,0,0,0,0,0,0,0,0,0,0,0,0,0,0,51837659,0,0,0,0,0,0,0
1789620681.715,0,0,0,0,0,0,0,226388056,1931196681728,707664055808,0,0,0,0,0,0,0,0,0,0,0,0,0,0,0,0,0,0,0,0,0,0,0,0,0,0,0,0,0,0,0,0,0,0,0,0,0,0,0,0,0,0,0,0,0,0,0,0,0,0,0,0,0,0,0,0,0,0,394069,118018038,39450359,0,0,0,0,0,0,0,0,0,0,0,0,0,0,0,0,0,0,0,0,0,0,0,0,0,0,0,0,0,0,0,0,0,0,0,0,0,2146238464,378421248,130996,23097,0,76,131072,117875445,0,0,1139947372,2147483648,92217490,125268679,0,0,0,0,0,0,0,0,0,0,0,0,0,0,0,0,0,0,7257124,7257237,0,97,97,6262,329,14514280,35,0,0,0,0,0,0,0,1,0,0,0,0,0,0,0,0,0,0,8162854,0,12294017,108646,0,0,0,0,0,0,0,0,16384,0,0,0,0,0,0,0,0,0,0,0,2673,345,0,0,0,0,0,22064062,0,605,1,47,345,2673,0,0,0,0,0,0,0,0,0,0,0,0,0,0,0,0,0,0,0,0,0,0,0,0,0,0,0,0,0,0,0,0,0,0,0,0,0,0,0,0,0,0,0,0,0,0,0,0,0,0,0,0,0,102587441,0,0,0,108628191,0,0,0,0,0,0,0,72493005,117927257,168986934,53012438528,43548548,0,0,0,0,0,0,0,0,0,0,0,0,0,0,0,0,0,0,0,0,0,0,0,0,0,0,0,0,0,0,0,51838494,0,0,0,0,0,0,0
1789620682.742,0,0,0,0,0,0,0,226410232,1931486350848,707731270656,0,0,0,0,0,0,0,0,0,0,0,0,0,0,0,0,0,0,0,0,0,0,0,0,0,0,0,0,0,0,0,0,0,0,0,0,0,0,0,0,0,0,0,0,0,0,0,0,0,0,0,0,0,0,0,0,0,0,394110,118035733,39454304,0,0,0,0,0,0,0,0,0,0,0,0,0,0,0,0,0,0,0,0,0,0,0,0,0,0,0,0,0,0,0,0,0,0,0,0,0,2146238464,385892352,130996,23553,0,76,131072,117893133,0,0,1140063853,2147483648,92234804,125280244,0,0,0,0,0,0,0,0,0,0,0,0,0,0,0,0,0,0,7257861,7257973,0,97,97,6262,329,14515765,35,0,0,0,0,0,0,0,1,0,0,0,0,0,0,0,0,0,0,8163683,0,12294017,108646,0,0,0,0,0,0,0,0,16384,0,0,0,0,0,0,0,0,0,0,0,2674,345,0,0,0,0,0,22066296,0,605,1,47,345,2674,0,0,0,0,0,0,0,0,0,0,0,0,0,0,0,0,0,0,0,0,0,0,0,0,0,0,0,0,0,0,0,0,0,0,0,0,0,0,0,0,0,0,0,0,0,0,0,0,0,0,0,0,0,102589883,0,0,0,108638626,0,0,0,0,0,0,0,72498467,117944947,168997265,53014124544,43550064,0,0,0,0,0,0,0,0,0,0,0,0,0,0,0,0,0,0,0,0,0,0,0,0,0,0,0,0,0,0,0,51839229,0,0,0,0,0,0,0
1789620683.769,0,0,0,0,0,0,0,226434256,1931799186944,707806199808,0,0,0,0,0,0,0,0,0,0,0,0,0,0,0,0,0,0,0,0,0,0,0,0,0,0,0,0,0,0,0,0,0,0,0,0,0,0,0,0,0,0,0,0,0,0,0,0,0,0,0,0,0,0,0,0,0,0,394158,118054858,39458711,0,0,0,0,0,0,0,0,0,0,0,0,0,0,0,0,0,0,0,0,0,0,0,0,0,0,0,0,0,0,0,0,0,0,0,0,0,2146238464,392314880,130996,23945,0,76,131072,117912242,0,0,1140190871,2147483648,92253359,125292697,0,0,0,0,0,0,0,0,0,0,0,0,0,0,0,0,0,0,7258657,7258772,0,97,97,6262,329,14517347,35,0,0,0,0,0,0,0,1,0,0,0,0,0,0,0,0,0,0,8164579,0,12294145,108647,0,0,0,0,0,0,0,0,16384,0,0,0,0,0,0,0,0,0,0,0,2675,345,0,0,0,0,0,22068719,0,605,1,47,345,2675,0,0,0,0,0,0,0,0,0,0,0,0,0,0,0,0,0,0,0,0,0,0,0,0,0,0,0,0,0,0,0,0,0,0,0,0,0,0,0,0,0,0,0,0,0,0,0,0,0,0,0,0,0,102592390,0,0,0,108649858,0,0,0,0,0,0,0,72504295,117964065,169008456,53015897088,43551612,0,0,0,0,0,0,0,0,0,0,0,0,0,0,0,0,0,0,0,0,0,0,0,0,0,0,0,0,0,0,0,51840026,0,0,0,0,0,0,0
1789620684.796,0,0,0,0,0,0,0,226458105,1932106796544,707902842368,0,0,0,0,0,0,0,0,0,0,0,0,0,0,0,0,0,0,0,0,0,0,0,0,0,0,0,0,0,0,0,0,0,0,0,0,0,0,0,0,0,0,0,0,0,0,0,0,0,0,0,0,0,0,0,0,0,0,394199,118073675,39464444,0,0,0,0,0,0,0,0,0,0,0,0,0,0,0,0,0,0,0,0,0,0,0,0,0,0,0,0,0,0,0,0,0,0,0,0,0,2146222080,378322944,130995,23091,0,77,131072,117931045,0,0,1140315464,2147483648,92271211,125305243,0,0,0,0,0,0,0,0,0,0,0,0,0,0,0,0,0,0,7259430,7259547,0,97,97,6262,329,14518894,35,0,0,0,0,0,0,0,1,0,0,0,0,0,0,0,0,0,0,8165453,0,12295727,108660,0,0,0,0,0,0,0,0,16384,0,0,0,0,0,0,0,0,0,0,0,2676,345,0,0,0,0,0,22071084,0,605,1,47,345,2676,0,0,0,0,0,0,0,0,0,0,0,0,0,0,0,0,0,0,0,0,0,0,0,0,0,0,0,0,0,0,0,0,0,0,0,0,0,0,0,0,0,0,0,0,0,0,0,0,0,0,0,0,0,102594858,0,0,0,108660994,0,0,0,0,0,0,0,72510211,117982873,169020826,53017668096,43553135,0,0,0,0,0,0,0,0,0,0,0,0,0,0,0,0,0,0,0,0,0,0,0,0,0,0,0,0,0,0,0,51840804,0,0,0,0,0,0,0
1789620685.823,0,0,0,0,0,0,0,226482678,1932424973824,707973658624,0,0,0,0,0,0,0,0,0,0,0,0,0,0,0,0,0,0,0,0,0,0,0,0,0,0,0,0,0,0,0,0,0,0,0,0,0,0,0,0,0,0,0,0,0,0,0,0,0,0,0,0,0,0,0,0,0,0,394250,118093120,39468607,0,0,0,0,0,0,0,0,0,0,0,0,0,0,0,0,0,0,0,0,0,0,0,0,0,0,0,0,0,0,0,0,0,0,0,0,0,2146385920,391102464,131005,23871,0,67,131072,117950470,0,0,1140443823,2147483648,92290217,125318043,0,0,0,0,0,0,0,0,0,0,0,0,0,0,0,0,0,0,7260236,7260349,0,97,97,6262,329,14520502,35,0,0,0,0,0,0,0,1,0,0,0,0,0,0,0,0,0,0,8166355,0,12295727,108660,0,0,0,0,0,0,0,0,16384,0,0,0,0,0,0,0,0,0,0,0,2677,345,0,0,0,0,0,22073524,0,605,1,47,345,2677,0,0,0,0,0,0,0,0,0,0,0,0,0,0,0,0,0,0,0,0,0,0,0,0,0,0,0,0,0,0,0,0,0,0,0,0,0,0,0,0,0,0,0,0,0,0,0,0,0,0,0,0,0,102597357,0,0,0,108672469,0,0,0,0,0,0,0,72515921,118002332,169031632,53019464192,43554690,0,0,0,0,0,0,0,0,0,0,0,0,0,0,0,0,0,0,0,0,0,0,0,0,0,0,0,0,0,0,0,51841606,0,0,0,0,0,0,0
1789620686.850,0,0,0,0,0,0,0,226503795,1932702780928,708040679936,0,0,0,0,0,0,0,0,0,0,0,0,0,0,0,0,0,0,0,0,0,0,0,0,0,0,0,0,0,0,0,0,0,0,0,0,0,0,0,0,0,0,0,0,0,0,0,0,0,0,0,0,0,0,0,0,0,0,394289,118110110,39472538,0,0,0,0,0,0,0,0,0,0,0,0,0,0,0,0,0,0,0,0,0,0,0,0,0,0,0,0,0,0,0,0,0,0,0,0,0,2146205696,395034624,130994,24111,0,78,131072,117967453,0,0,1140555182,2147483648,92306753,125328994,0,0,0,0,0,0,0,0,0,0,0,0,0,0,0,0,0,0,7260935,7261052,0,97,97,6262,329,14521912,35,0,0,0,0,0,0,0,1,0,0,0,0,0,0,0,0,0,0,8167146,0,12295727,108661,0,0,0,0,0,0,0,0,16384,0,0,0,0,0,0,0,0,0,0,0,2678,345,0,0,0,0,0,22075665,0,605,1,47,345,2678,0,0,0,0,0,0,0,0,0,0,0,0,0,0,0,0,0,0,0,0,0,0,0,0,0,0,0,0,0,0,0,0,0,0,0,0,0,0,0,0,0,0,0,0,0,0,0,0,0,0,0,0,0,102599722,0,0,0,108682347,0,0,0,0,0,0,0,72521222,118019290,169041754,53021082112,43556178,0,0,0,0,0,0,0,0,0,0,0,0,0,0,0,0,0,0,0,0,0,0,0,0,0,0,0,0,0,0,0,51842309,0,0,0,0,0,0,0
1789620687.877,0,0,0,0,0,0,0,226530439,1933049515520,708121425408,0,0,0,0,0,0,0,0,0,0,0,0,0,0,0,0,0,0,0,0,0,0,0,0,0,0,0,0,0,0,0,0,0,0,0,0,0,0,0,0,0,0,0,0,0,0,0,0,0,0,0,0,0,0,0,0,0,0,394368,118131305,39477297,0,0,0,0,0,0,0,0,0,0,0,0,0,0,0,0,0,0,0,0,0,0,0,0,0,0,0,0,0,0,0,0,0,0,0,0,0,2146287616,405782528,130999,24767,0,74,131072,117988629,0,0,1140696204,2147483648,92327387,125343112,0,0,0,0,0,0,0,0,0,0,0,0,0,0,0,0,0,0,7261799,7261913,0,97,97,6262,329,14523642,35,0,0,0,0,0,0,0,1,0,0,0,0,0,0,0,0,0,0,8168115,0,12295855,108661,0,0,0,0,0,0,0,0,16384,0,0,0,0,0,0,0,0,0,0,0,2679,345,0,0,0,0,0,22078284,0,605,1,47,345,2679,0,0,0,0,0,0,0,0,0,0,0,0,0,0,0,0,0,0,0,0,0,0,0,0,0,0,0,0,0,0,0,0,0,0,0,0,0,0,0,0,0,0,0,0,0,0,0,0,0,0,0,0,0,102602594,0,0,0,108694760,0,0,0,0,0,0,0,72527788,118040490,169054102,53023148544,43558005,0,0,0,0,0,0,0,0,0,0,0,0,0,0,0,0,0,0,0,0,0,0,0,0,0,0,0,0,0,0,0,51843170,0,0,0,0,0,0,0
1789620688.904,0,0,0,0,0,0,0,226555469,1933373705728,708220646912,0,0,0,0,0,0,0,0,0,0,0,0,0,0,0,0,0,0,0,0,0,0,0,0,0,0,0,0,0,0,0,0,0,0,0,0,0,0,0,0,0,0,0,0,0,0,0,0,0,0,0,0,0,0,0,0,0,0,394408,118151119,39482938,0,0,0,0,0,0,0,0,0,0,0,0,0,0,0,0,0,0,0,0,0,0,0,0,0,0,0,0,0,0,0,0,0,0,0,0,0,2146254848,397918208,130996,24287,0,76,131072,118008433,0,0,1140826635,2147483648,92346234,125356237,0,0,0,0,0,0,0,0,0,0,0,0,0,0,0,0,0,0,7262626,7262740,0,97,97,6262,329,14525285,35,0,0,0,0,0,0,0,1,0,0,0,0,0,0,0,0,0,0,8169045,0,12297168,108672,0,0,0,0,0,0,0,0,16384,0,0,0,0,0,0,0,0,0,0,0,2680,345,0,0,0,0,0,22080802,0,605,1,47,345,2680,0,0,0,0,0,0,0,0,0,0,0,0,0,0,0,0,0,0,0,0,0,0,0,0,0,0,0,0,0,0,0,0,0,0,0,0,0,0,0,0,0,0,0,0,0,0,0,0,0,0,0,0,0,102613881,0,0,0,108706530,0,0,0,0,0,0,0,72540271,118060276,169075373,53028984832,43565960,1,0,0,0,0,0,0,0,0,0,0,0,0,0,0,0,0,0,0,0,0,0,0,0,0,0,0,0,0,0,0,51843997,0,0,0,0,0,0,0
1789620689.932,0,0,0,0,0,0,0,226576844,1933652610560,708284979200,0,0,0,0,0,0,0,0,0,0,0,0,0,0,0,0,0,0,0,0,0,0,0,0,0,0,0,0,0,0,0,0,0,0,0,0,0,0,0,0,0,0,0,0,0,0,0,0,0,0,0,0,0,0,0,0,0,0,394436,118168177,39486656,0,0,0,0,0,0,0,0,0,0,0,0,0,0,0,0,0,0,0,0,0,0,0,0,0,0,0,0,0,0,0,0,0,0,0,0,0,2146058240,406798336,130985,24829,0,87,131072,118025480,0,0,1140938944,2147483648,92362899,125367372,0,0,0,0,0,0,0,0,0,0,0,0,0,0,0,0,0,0,7263338,7263451,0,97,97,6262,329,14526713,35,0,0,0,0,0,0,0,1,0,0,0,0,0,0,0,0,0,0,8169845,0,12297168,108672,0,0,0,0,0,0,0,0,16384,0,0,0,0,0,0,0,0,0,0,0,2681,345,0,0,0,0,0,22082962,0,605,1,47,345,2681,0,0,0,0,0,0,0,0,0,0,0,0,0,0,0,0,0,0,0,0,0,0,0,0,0,0,0,0,0,0,0,0,0,0,0,0,0,0,0,0,0,0,0,0,0,0,0,0,0,0,0,0,0,102617879,0,0,0,108716618,0,0,0,0,0,0,0,72546731,118077312,169086821,53031376896,43568694,0,0,0,0,0,0,0,0,0,0,0,0,0,0,0,0,0,0,0,0,0,0,0,0,0,0,0,0,0,0,0,51844708,0,0,0,0,0,0,0
1789620690.958,0,0,0,0,0,0,0,226600178,1933957418496,708359089664,0,0,0,0,0,0,0,0,0,0,0,0,0,0,0,0,0,0,0,0,0,0,0,0,0,0,0,0,0,0,0,0,0,0,0,0,0,0,0,0,0,0,0,0,0,0,0,0,0,0,0,0,0,0,0,0,0,0,394474,118186802,39491025,0,0,0,0,0,0,0,0,0,0,0,0,0,0,0,0,0,0,0,0,0,0,0,0,0,0,0,0,0,0,0,0,0,0,0,0,0,2146238464,409845760,130996,25015,0,76,131072,118044088,0,0,1141062424,2147483648,92380989,125379360,0,0,0,0,0,0,0,0,0,0,0,0,0,0,0,0,0,0,7264115,7264229,0,97,97,6262,329,14528255,35,0,0,0,0,0,0,0,1,0,0,0,0,0,0,0,0,0,0,8170719,0,12297296,108673,0,0,0,0,0,0,0,0,16384,0,0,0,0,0,0,0,0,0,0,0,2682,345,0,0,0,0,0,22085335,0,605,1,47,345,2682,0,0,0,0,0,0,0,0,0,0,0,0,0,0,0,0,0,0,0,0,0,0,0,0,0,0,0,0,0,0,0,0,0,0,0,0,0,0,0,0,0,0,0,0,0,0,0,0,0,0,0,0,0,102620323,0,0,0,108727478,0,0,0,0,0,0,0,72552498,118095936,169097853,53033118720,43570229,0,0,0,0,0,0,0,0,0,0,0,0,0,0,0,0,0,0,0,0,0,0,0,0,0,0,0,0,0,0,0,51845485,0,0,0,0,0,0,0
1789620691.985,0,0,0,0,0,0,0,226624043,1934267682304,708434481152,0,0,0,0,0,0,0,0,0,0,0,0,0,0,0,0,0,0,0,0,0,0,0,0,0,0,0,0,0,0,0,0,0,0,0,0,0,0,0,0,0,0,0,0,0,0,0,0,0,0,0,0,0,0,0,0,0,0,394514,118205746,39495397,0,0,0,0,0,0,0,0,0,0,0,0,0,0,0,0,0,0,0,0,0,0,0,0,0,0,0,0,0,0,0,0,0,0,0,0,0,2146123776,417759232,130989,25498,0,83,131072,118063015,0,0,1141187509,2147483648,92399237,125391872,0,0,0,0,0,0,0,0,0,0,0,0,0,0,0,0,0,0,7264897,7265009,0,97,97,6262,329,14529826,35,0,0,0,0,0,0,0,1,0,0,0,0,0,0,0,0,0,0,8171595,0,12297296,108675,0,0,0,0,0,0,0,0,16384,0,0,0,0,0,0,0,0,0,0,0,2683,345,0,0,0,0,0,22087699,0,605,1,47,345,2683,0,0,0,0,0,0,0,0,0,0,0,0,0,0,0,0,0,0,0,0,0,0,0,0,0,0,0,0,0,0,0,0,0,0,0,0,0,0,0,0,0,0,0,0,0,0,0,0,0,0,0,0,0,102622863,0,0,0,108738717,0,0,0,0,0,0,0,72558272,118114884,169109051,53034906112,43571779,0,0,0,0,0,0,0,0,0,0,0,0,0,0,0,0,0,0,0,0,0,0,0,0,0,0,0,0,0,0,0,51846264,0,0,0,0,0,0,0
1789620693.012,0,0,0,0,0,0,0,226648445,1934584286720,708524372992,0,0,0,0,0,0,0,0,0,0,0,0,0,0,0,0,0,0,0,0,0,0,0,0,0,0,0,0,0,0,0,0,0,0,0,0,0,0,0,0,0,0,0,0,0,0,0,0,0,0,0,0,0,0,0,0,0,0,394554,118225116,39500781,0,0,0,0,0,0,0,0,0,0,0,0,0,0,0,0,0,0,0,0,0,0,0,0,0,0,0,0,0,0,0,0,0,0,0,0,0,2146041856,411025408,130984,25087,0,88,131072,118082368,0,0,1141314978,2147483648,92417516,125404580,0,0,0,0,0,0,0,0,0,0,0,0,0,0,0,0,0,0,7265686,7265802,0,97,97,6262,329,14531415,35,0,0,0,0,0,0,0,1,0,0,0,0,0,0,0,0,0,0,8172490,0,12298650,108684,0,0,0,0,0,0,0,0,16384,0,0,0,0,0,0,0,0,0,0,0,2684,345,0,0,0,0,0,22090107,0,605,1,47,345,2684,0,0,0,0,0,0,0,0,0,0,0,0,0,0,0,0,0,0,0,0,0,0,0,0,0,0,0,0,0,0,0,0,0,0,0,0,0,0,0,0,0,0,0,0,0,0,0,0,0,0,0,0,0,102625360,0,0,0,108750124,0,0,0,0,0,0,0,72564206,118134227,169121048,53036714496,43573343,1,0,0,0,0,0,0,0,0,0,0,0,0,0,0,0,0,0,0,0,0,0,0,0,0,0,0,0,0,0,0,51847060,0,0,0,0,0,0,0
1789620694.038,0,0,0,0,0,0,0,226670290,1934869368320,708591039488,0,0,0,0,0,0,0,0,0,0,0,0,0,0,0,0,0,0,0,0,0,0,0,0,0,0,0,0,0,0,0,0,0,0,0,0,0,0,0,0,0,0,0,0,0,0,0,0,0,0,0,0,0,0,0,0,0,0,394599,118242527,39504697,0,0,0,0,0,0,0,0,0,0,0,0,0,0,0,0,0,0,0,0,0,0,0,0,0,0,0,0,0,0,0,0,0,0,0,0,0,2146287616,418365440,130998,25535,0,74,131072,118099774,0,0,1141429928,2147483648,92434439,125415966,0,0,0,0,0,0,0,0,0,0,0,0,0,0,0,0,0,0,7266418,7266532,0,97,97,6262,329,14532861,35,0,0,0,0,0,0,0,1,0,0,0,0,0,0,0,0,0,0,8173310,0,12298778,108685,0,0,0,0,0,0,0,0,16384,0,0,0,0,0,0,0,0,0,0,0,2685,345,0,0,0,0,0,22092315,0,605,1,47,345,2685,0,0,0,0,0,0,0,0,0,0,0,0,0,0,0,0,0,0,0,0,0,0,0,0,0,0,0,0,0,0,0,0,0,0,0,0,0,0,0,0,0,0,0,0,0,0,0,0,0,0,0,0,0,102627749,0,0,0,108760373,0,0,0,0,0,0,0,72569503,118151637,169131138,53038368256,43574852,0,0,0,0,0,0,0,0,0,0,0,0,0,0,0,0,0,0,0,0,0,0,0,0,0,0,0,0,0,0,0,51847790,0,0,0,0,0,0,0
1789620695.065,0,0,0,0,0,0,0,226694909,1935189773824,708665896448,0,0,0,0,0,0,0,0,0,0,0,0,0,0,0,0,0,0,0,0,0,0,0,0,0,0,0,0,0,0,0,0,0,0,0,0,0,0,0,0,0,0,0,0,0,0,0,0,0,0,0,0,0,0,0,0,0,0,394645,118262131,39509094,0,0,0,0,0,0,0,0,0,0,0,0,0,0,0,0,0,0,0,0,0,0,0,0,0,0,0,0,0,0,0,0,0,0,0,0,0,2146238464,427573248,130996,26097,0,76,131072,118119359,0,0,1141560331,2147483648,92453609,125428793,0,0,0,0,0,0,0,0,0,0,0,0,0,0,0,0,0,0,7267227,7267336,0,97,97,6262,329,14534487,35,0,0,0,0,0,0,0,1,0,0,0,0,0,0,0,0,0,0,8174215,0,12298778,108685,0,0,0,0,0,0,0,0,16384,0,0,0,0,0,0,0,0,0,0,0,2686,345,0,0,0,0,0,22094772,0,605,1,47,345,2686,0,0,0,0,0,0,0,0,0,0,0,0,0,0,0,0,0,0,0,0,0,0,0,0,0,0,0,0,0,0,0,0,0,0,0,0,0,0,0,0,0,0,0,0,0,0,0,0,0,0,0,0,0,102630276,0,0,0,108771927,0,0,0,0,0,0,0,72575484,118171231,169142467,53040164864,43576431,0,0,0,0,0,0,0,0,0,0,0,0,0,0,0,0,0,0,0,0,0,0,0,0,0,0,0,0,0,0,0,51848594,0,0,0,0,0,0,0
1789620696.091,0,0,0,0,0,0,0,226717081,1935476395520,708736694784,0,0,0,0,0,0,0,0,0,0,0,0,0,0,0,0,0,0,0,0,0,0,0,0,0,0,0,0,0,0,0,0,0,0,0,0,0,0,0,0,0,0,0,0,0,0,0,0,0,0,0,0,0,0,0,0,0,0,394683,118279634,39513188,0,0,0,0,0,0,0,0,0,0,0,0,0,0,0,0,0,0,0,0,0,0,0,0,0,0,0,0,0,0,0,0,0,0,0,0,0,2146402304,434470912,131006,26518,0,66,131072,118136847,0,0,1141675403,2147483648,92470634,125440335,0,0,0,0,0,0,0,0,0,0,0,0,0,0,0,0,0,0,7267945,7268055,0,97,97,6262,329,14535926,35,0,0,0,0,0,0,0,1,0,0,0,0,0,0,0,0,0,0,8175025,0,12298778,108687,0,0,0,0,0,0,0,0,16384,0,0,0,0,0,0,0,0,0,0,0,2687,345,0,0,0,0,0,22096947,0,605,1,47,345,2687,0,0,0,0,0,0,0,0,0,0,0,0,0,0,0,0,0,0,0,0,0,0,0,0,0,0,0,0,0,0,0,0,0,0,0,0,0,0,0,0,0,0,0,0,0,0,0,0,0,0,0,0,0,102632664,0,0,0,108782293,0,0,0,0,0,0,0,72580891,118188767,169152950,53041831936,43577914,0,0,0,0,0,0,0,0,0,0,0,0,0,0,0,0,0,0,0,0,0,0,0,0,0,0,0,0,0,0,0,51849313,0,0,0,0,0,0,0
1789620697.123,0,0,0,0,0,0,0,226742687,1935809646080,708830446080,0,0,0,0,0,0,0,0,0,0,0,0,0,0,0,0,0,0,0,0,0,0,0,0,0,0,0,0,0,0,0,0,0,0,0,0,0,0,0,0,0,0,0,0,0,0,0,0,0,0,0,0,0,0,0,0,0,0,394731,118300026,39518812,0,0,0,0,0,0,0,0,0,0,0,0,0,0,0,0,0,0,0,0,0,0,0,0,0,0,0,0,0,0,0,0,0,0,0,0,0,2146304000,427622400,131000,26100,0,72,131072,118157225,0,0,1141810130,2147483648,92490068,125453636,0,0,0,0,0,0,0,0,0,0,0,0,0,0,0,0,0,0,7268787,7268898,0,97,97,6262,329,14537607,35,0,0,0,0,0,0,0,1,0,0,0,0,0,0,0,0,0,0,8175974,0,12300190,108697,0,0,0,0,0,0,0,0,16384,0,0,0,0,0,0,0,0,0,0,0,2688,345,0,0,0,0,0,22099515,0,605,1,47,345,2688,0,0,0,0,0,0,0,0,0,0,0,0,0,0,0,0,0,0,0,0,0,0,0,0,0,0,0,0,0,0,0,0,0,0,0,0,0,0,0,0,0,0,0,0,0,0,0,0,0,0,0,0,0,102635272,0,0,0,108794231,0,0,0,0,0,0,0,72587083,118209100,169165487,53043714048,43579518,0,0,0,0,0,0,0,0,0,0,0,0,0,0,0,0,0,0,0,0,0,0,0,0,0,0,0,0,0,0,0,51850157,0,0,0,0,0,0,0
1789620698.149,0,0,0,0,0,0,0,226764093,1936090500608,708897523712,0,0,0,0,0,0,0,0,0,0,0,0,0,0,0,0,0,0,0,0,0,0,0,0,0,0,0,0,0,0,0,0,0,0,0,0,0,0,0,0,0,0,0,0,0,0,0,0,0,0,0,0,0,0,0,0,0,0,394771,118317184,39522761,0,0,0,0,0,0,0,0,0,0,0,0,0,0,0,0,0,0,0,0,0,0,0,0,0,0,0,0,0,0,0,0,0,0,0,0,0,2146189312,431718400,130993,26350,0,79,131072,118174367,0,0,1141923272,2147483648,92506856,125464761,0,0,0,0,0,0,0,0,0,0,0,0,0,0,0,0,0,0,7269505,7269618,0,97,97,6262,329,14539046,35,0,0,0,0,0,0,0,1,0,0,0,0,0,0,0,0,0,0,8176782,0,12300190,108697,0,0,0,0,0,0,0,0,16384,0,0,0,0,0,0,0,0,0,0,0,2689,345,0,0,0,0,0,22101711,0,605,1,47,345,2689,0,0,0,0,0,0,0,0,0,0,0,0,0,0,0,0,0,0,0,0,0,0,0,0,0,0,0,0,0,0,0,0,0,0,0,0,0,0,0,0,0,0,0,0,0,0,0,0,0,0,0,0,0,102637633,0,0,0,108804293,0,0,0,0,0,0,0,72592505,118226252,169175732,53045346816,43580998,0,0,0,0,0,0,0,0,0,0,0,0,0,0,0,0,0,0,0,0,0,0,0,0,0,0,0,0,0,0,0,51850876,0,0,0,0,0,0,0
1789620699.176,0,0,0,0,0,0,0,226786647,1936382660096,708966969856,0,0,0,0,0,0,0,0,0,0,0,0,0,0,0,0,0,0,0,0,0,0,0,0,0,0,0,0,0,0,0,0,0,0,0,0,0,0,0,0,0,0,0,0,0,0,0,0,0,0,0,0,0,0,0,0,0,0,394812,118335034,39526844,0,0,0,0,0,0,0,0,0,0,0,0,0,0,0,0,0,0,0,0,0,0,0,0,0,0,0,0,0,0,0,0,0,0,0,0,0,2146336768,439681024,131002,26836,0,70,131072,118192206,0,0,1142042081,2147483648,92524146,125476564,0,0,0,0,0,0,0,0,0,0,0,0,0,0,0,0,0,0,7270238,7270348,0,97,97,6262,329,14540512,35,0,0,0,0,0,0,0,1,0,0,0,0,0,0,0,0,0,0,8177606,0,12300318,108698,0,0,0,0,0,0,0,0,16384,0,0,0,0,0,0,0,0,0,0,0,2690,345,0,0,0,0,0,22103938,0,605,1,47,345,2690,0,0,0,0,0,0,0,0,0,0,0,0,0,0,0,0,0,0,0,0,0,0,0,0,0,0,0,0,0,0,0,0,0,0,0,0,0,0,0,0,0,0,0,0,0,0,0,0,0,0,0,0,0,102640024,0,0,0,108814893,0,0,0,0,0,0,0,72597971,118244089,169186164,53047024128,43582503,0,0,0,0,0,0,0,0,0,0,0,0,0,0,0,0,0,0,0,0,0,0,0,0,0,0,0,0,0,0,0,51851607,0,0,0,0,0,0,0
1789620700.203,0,0,0,0,0,0,0,226812780,1936721415680,709067090944,0,0,0,0,0,0,0,0,0,0,0,0,0,0,0,0,0,0,0,0,0,0,0,0,0,0,0,0,0,0,0,0,0,0,0,0,0,0,0,0,0,0,0,0,0,0,0,0,0,0,0,0,0,0,0,0,0,0,394878,118355744,39532720,0,0,0,0,0,0,0,0,0,0,0,0,0,0,0,0,0,0,0,0,0,0,0,0,0,0,0,0,0,0,0,0,0,0,0,0,0,2146451456,430997504,131009,26306,0,63,131072,118212899,0,0,1142178762,2147483648,92543407,125490418,0,0,0,0,0,0,0,0,0,0,0,0,0,0,0,0,0,0,7271091,7271202,0,97,97,6262,329,14542217,35,0,0,0,0,0,0,0,1,0,0,0,0,0,0,0,0,0,0,8178566,0,12301695,108710,0,0,0,0,0,0,0,0,16384,0,0,0,0,0,0,0,0,0,0,0,2691,345,0,0,0,0,0,22106534,0,605,1,47,345,2691,0,0,0,0,0,0,0,0,0,0,0,0,0,0,0,0,0,0,0,0,0,0,0,0,0,0,0,0,0,0,0,0,0,0,0,0,0,0,0,0,0,0,0,0,0,0,0,0,0,0,0,0,0,102644680,0,0,0,108827131,0,0,0,0,0,0,0,72605713,118264787,169201178,53049881088,43585524,1,1,0,0,0,0,0,0,0,0,0,0,0,0,0,0,0,0,0,0,0,0,0,0,0,0,0,0,0,0,0,51852462,0,0,0,0,0,0,0
1789620701.229,0,0,0,0,0,0,0,226837528,1937045376512,709144576000,0,0,0,0,0,0,0,0,0,0,0,0,0,0,0,0,0,0,0,0,0,0,0,0,0,0,0,0,0,0,0,0,0,0,0,0,0,0,0,0,0,0,0,0,0,0,0,0,0,0,0,0,0,0,0,0,0,0,394918,118375542,39537105,0,0,0,0,0,0,0,0,0,0,0,0,0,0,0,0,0,0,0,0,0,0,0,0,0,0,0,0,0,0,0,0,0,0,0,0,0,2146205696,438681600,130994,26775,0,78,131072,118232683,0,0,1142309017,2147483648,92562787,125503187,0,0,0,0,0,0,0,0,0,0,0,0,0,0,0,0,0,0,7271912,7272026,0,97,97,6262,329,14543862,35,0,0,0,0,0,0,0,1,0,0,0,0,0,0,0,0,0,0,8179493,0,12301695,108710,0,0,0,0,0,0,0,0,16384,0,0,0,0,0,0,0,0,0,0,0,2692,345,0,0,0,0,0,22109038,0,605,1,47,345,2692,0,0,0,0,0,0,0,0,0,0,0,0,0,0,0,0,0,0,0,0,0,0,0,0,0,0,0,0,0,0,0,0,0,0,0,0,0,0,0,0,0,0,0,0,0,0,0,0,0,0,0,0,0,102653563,0,0,0,108838695,0,0,0,0,0,0,0,72616424,118284589,169218821,53054605312,43591856,0,0,0,0,0,0,0,0,0,0,0,0,0,0,0,0,0,0,0,0,0,0,0,0,0,0,0,0,0,0,0,51853285,0,0,0,0,0,0,0
1789620702.256,0,0,0,0,0,0,0,226858586,1937318153728,709209443328,0,0,0,0,0,0,0,0,0,0,0,0,0,0,0,0,0,0,0,0,0,0,0,0,0,0,0,0,0,0,0,0,0,0,0,0,0,0,0,0,0,0,0,0,0,0,0,0,0,0,0,0,0,0,0,0,0,0,394955,118392215,39540909,0,0,0,0,0,0,0,0,0,0,0,0,0,0,0,0,0,0,0,0,0,0,0,0,0,0,0,0,0,0,0,0,0,0,0,0,0,2146353152,445792256,131003,27209,0,69,131072,118249343,0,0,1142420387,2147483648,92579090,125514195,0,0,0,0,0,0,0,0,0,0,0,0,0,0,0,0,0,0,7272601,7272716,0,97,97,6262,329,14545241,35,0,0,0,0,0,0,0,1,0,0,0,0,0,0,0,0,0,0,8180270,0,12301695,108710,0,0,0,0,0,0,0,0,16384,0,0,0,0,0,0,0,0,0,0,0,2693,345,0,0,0,0,0,22111132,0,605,1,47,345,2693,0,0,0,0,0,0,0,0,0,0,0,0,0,0,0,0,0,0,0,0,0,0,0,0,0,0,0,0,0,0,0,0,0,0,0,0,0,0,0,0,0,0,0,0,0,0,0,0,0,0,0,0,0,102655905,0,0,0,108848606,0,0,0,0,0,0,0,72621708,118301237,169228782,53056221184,43593327,0,0,0,0,0,0,0,0,0,0,0,0,0,0,0,0,0,0,0,0,0,0,0,0,0,0,0,0,0,0,0,51853977,0,0,0,0,0,0,0
1789620703.283,0,0,0,0,0,0,0,226882982,1937634708992,709284178944,0,0,0,0,0,0,0,0,0,0,0,0,0,0,0,0,0,0,0,0,0,0,0,0,0,0,0,0,0,0,0,0,0,0,0,0,0,0,0,0,0,0,0,0,0,0,0,0,0,0,0,0,0,0,0,0,0,0,394998,118411561,39545314,0,0,0,0,0,0,0,0,0,0,0,0,0,0,0,0,0,0,0,0,0,0,0,0,0,0,0,0,0,0,0,0,0,0,0,0,0,2146107392,454475776,130988,27739,0,84,131072,118268678,0,0,1142547786,2147483648,92597900,125526957,0,0,0,0,0,0,0,0,0,0,0,0,0,0,0,0,0,0,7273398,7273513,0,97,97,6262,329,14546827,35,0,0,0,0,0,0,0,1,0,0,0,0,0,0,0,0,0,0,8181166,0,12301823,108711,0,0,0,0,0,0,0,0,16384,0,0,0,0,0,0,0,0,0,0,0,2694,345,0,0,0,0,0,22113558,0,605,1,47,345,2694,0,0,0,0,0,0,0,0,0,0,0,0,0,0,0,0,0,0,0,0,0,0,0,0,0,0,0,0,0,0,0,0,0,0,0,0,0,0,0,0,0,0,0,0,0,0,0,0,0,0,0,0,0,102658396,0,0,0,108860007,0,0,0,0,0,0,0,72627514,118320578,169239927,53058025984,43594870,0,0,0,0,0,0,0,0,0,0,0,0,0,0,0,0,0,0,0,0,0,0,0,0,0,0,0,0,0,0,0,51854773,0,0,0,0,0,0,0
1789620704.311,0,0,0,0,0,0,0,226906958,1937945693696,709376727552,0,0,0,0,0,0,0,0,0,0,0,0,0,0,0,0,0,0,0,0,0,0,0,0,0,0,0,0,0,0,0,0,0,0,0,0,0,0,0,0,0,0,0,0,0,0,0,0,0,0,0,0,0,0,0,0,0,0,395037,118430561,39550786,0,0,0,0,0,0,0,0,0,0,0,0,0,0,0,0,0,0,0,0,0,0,0,0,0,0,0,0,0,0,0,0,0,0,0,0,0,2146336768,442793984,131002,27026,0,70,131072,118287662,0,0,1142673037,2147483648,92615966,125539305,0,0,0,0,0,0,0,0,0,0,0,0,0,0,0,0,0,0,7274182,7274299,0,97,97,6262,329,14548409,35,0,0,0,0,0,0,0,1,0,0,0,0,0,0,0,0,0,0,8182050,0,12303224,108723,0,0,0,0,0,0,0,0,16384,0,0,0,0,0,0,0,0,0,0,0,2695,345,0,0,0,0,0,22115939,0,605,1,47,345,2695,0,0,0,0,0,0,0,0,0,0,0,0,0,0,0,0,0,0,0,0,0,0,0,0,0,0,0,0,0,0,0,0,0,0,0,0,0,0,0,0,0,0,0,0,0,0,0,0,0,0,0,0,0,102660940,0,0,0,108871178,0,0,0,0,0,0,0,72633353,118339567,169252050,53059798528,43596410,0,0,0,0,0,0,0,0,0,0,0,0,0,0,0,0,0,0,0,0,0,0,0,0,0,0,0,0,0,0,0,51855558,0,0,0,0,0,0,0
1789620705.338,0,0,0,0,0,0,0,226931659,1938268868096,709456123904,0,0,0,0,0,0,0,0,0,0,0,0,0,0,0,0,0,0,0,0,0,0,0,0,0,0,0,0,0,0,0,0,0,0,0,0,0,0,0,0,0,0,0,0,0,0,0,0,0,0,0,0,0,0,0,0,0,0,395086,118450310,39555238,0,0,0,0,0,0,0,0,0,0,0,0,0,0,0,0,0,0,0,0,0,0,0,0,0,0,0,0,0,0,0,0,0,0,0,0,0,2146254848,449691648,130997,27447,0,75,131072,118307393,0,0,1142804251,2147483648,92635316,125552283,0,0,0,0,0,0,0,0,0,0,0,0,0,0,0,0,0,0,7275018,7275133,0,97,97,6262,329,14550059,35,0,0,0,0,0,0,0,1,0,0,0,0,0,0,0,0,0,0,8182988,0,12303224,108723,0,0,0,0,0,0,0,0,16384,0,0,0,0,0,0,0,0,0,0,0,2696,345,0,0,0,0,0,22118479,0,605,1,47,345,2696,0,0,0,0,0,0,0,0,0,0,0,0,0,0,0,0,0,0,0,0,0,0,0,0,0,0,0,0,0,0,0,0,0,0,0,0,0,0,0,0,0,0,0,0,0,0,0,0,0,0,0,0,0,102671395,0,0,0,108882868,0,0,0,0,0,0,0,72645334,118359300,169271396,53065264640,43603944,0,0,0,0,0,0,0,0,0,0,0,0,0,0,0,0,0,0,0,0,0,0,0,0,0,0,0,0,0,0,0,51856393,0,0,0,0,0,0,0
1789620706.365,0,0,0,0,0,0,0,226955062,1938571447808,709529011712,0,0,0,0,0,0,0,0,0,0,0,0,0,0,0,0,0,0,0,0,0,0,0,0,0,0,0,0,0,0,0,0,0,0,0,0,0,0,0,0,0,0,0,0,0,0,0,0,0,0,0,0,0,0,0,0,0,0,395160,118468798,39559465,0,0,0,0,0,0,0,0,0,0,0,0,0,0,0,0,0,0,0,0,0,0,0,0,0,0,0,0,0,0,0,0,0,0,0,0,0,2146287616,458375168,130999,27977,0,73,131072,118325868,0,0,1142926424,2147483648,92653285,125564810,0,0,0,0,0,0,0,0,0,0,0,0,0,0,0,0,0,0,7275783,7275898,0,97,97,6262,329,14551585,35,0,0,0,0,0,0,0,1,0,0,0,0,0,0,0,0,0,0,8183848,0,12303352,108724,0,0,0,0,0,0,0,0,16384,0,0,0,0,0,0,0,0,0,0,0,2697,345,0,0,0,0,0,22120807,0,605,1,47,345,2697,0,0,0,0,0,0,0,0,0,0,0,0,0,0,0,0,0,0,0,0,0,0,0,0,0,0,0,0,0,0,0,0,0,0,0,0,0,0,0,0,0,0,0,0,0,0,0,0,0,0,0,0,0,102676174,0,0,0,108893820,0,0,0,0,0,0,0,72652641,118377787,169284476,53068095488,43607161,0,0,0,0,0,0,0,0,0,0,0,0,0,0,0,0,0,0,0,0,0,0,0,0,0,0,0,0,0,0,0,51857158,0,0,0,0,0,0,0
1789620707.390,0,0,0,0,0,0,0,226978805,1938880826880,709601397760,0,0,0,0,0,0,0,0,0,0,0,0,0,0,0,0,0,0,0,0,0,0,0,0,0,0,0,0,0,0,0,0,0,0,0,0,0,0,0,0,0,0,0,0,0,0,0,0,0,0,0,0,0,0,0,0,0,0,395197,118487714,39563597,0,0,0,0,0,0,0,0,0,0,0,0,0,0,0,0,0,0,0,0,0,0,0,0,0,0,0,0,0,0,0,0,0,0,0,0,0,2146222080,467861504,130996,28557,0,75,131072,118344769,0,0,1143050741,2147483648,92671733,125577050,0,0,0,0,0,0,0,0,0,0,0,0,0,0,0,0,0,0,7276545,7276662,0,97,97,6262,329,14553124,35,0,0,0,0,0,0,0,1,0,0,0,0,0,0,0,0,0,0,8184709,0,12303352,108724,0,0,0,0,0,0,0,0,16384,0,0,0,0,0,0,0,0,0,0,0,2698,345,0,0,0,0,0,22123139,0,605,1,47,345,2698,0,0,0,0,0,0,0,0,0,0,0,0,0,0,0,0,0,0,0,0,0,0,0,0,0,0,0,0,0,0,0,0,0,0,0,0,0,0,0,0,0,0,0,0,0,0,0,0,0,0,0,0,0,102682813,0,0,0,108904813,0,0,0,0,0,0,0,72661410,118396692,169299383,53071762432,43611795,0,0,0,0,0,0,0,0,0,0,0,0,0,0,0,0,0,0,0,0,0,0,0,0,0,0,0,0,0,0,0,51857923,0,0,0,0,0,0,0
1789620708.418,0,0,0,0,0,0,0,227003980,1939209309696,709700800512,0,0,0,0,0,0,0,0,0,0,0,0,0,0,0,0,0,0,0,0,0,0,0,0,0,0,0,0,0,0,0,0,0,0,0,0,0,0,0,0,0,0,0,0,0,0,0,0,0,0,0,0,0,0,0,0,0,0,395232,118507800,39569506,0,0,0,0,0,0,0,0,0,0,0,0,0,0,0,0,0,0,0,0,0,0,0,0,0,0,0,0,0,0,0,0,0,0,0,0,0,2146304000,453033984,131000,27651,0,73,131072,118364842,0,0,1143182779,2147483648,92690838,125590119,0,0,0,0,0,0,0,0,0,0,0,0,0,0,0,0,0,0,7277386,7277501,0,97,97,6262,329,14554805,35,0,0,0,0,0,0,0,1,0,0,0,0,0,0,0,0,0,0,8185653,0,12304795,108736,0,0,0,0,0,0,0,0,16384,0,0,0,0,0,0,0,0,0,0,0,2699,345,0,0,0,0,0,22125688,0,605,1,47,345,2699,0,0,0,0,0,0,0,0,0,0,0,0,0,0,0,0,0,0,0,0,0,0,0,0,0,0,0,0,0,0,0,0,0,0,0,0,0,0,0,0,0,0,0,0,0,0,0,0,0,0,0,0,0,102685338,0,0,0,108916705,0,0,0,0,0,0,0,72667675,118416771,169312281,53073596928,43613387,0,0,0,0,0,0,0,0,0,0,0,0,0,0,0,0,0,0,0,0,0,0,0,0,0,0,0,0,0,0,0,51858762,0,0,0,0,0,0,0
1789620709.445,0,0,0,0,0,0,0,227026914,1939509988864,709771034112,0,0,0,0,0,0,0,0,0,0,0,0,0,0,0,0,0,0,0,0,0,0,0,0,0,0,0,0,0,0,0,0,0,0,0,0,0,0,0,0,0,0,0,0,0,0,0,0,0,0,0,0,0,0,0,0,0,0,395273,118526185,39573637,0,0,0,0,0,0,0,0,0,0,0,0,0,0,0,0,0,0,0,0,0,0,0,0,0,0,0,0,0,0,0,0,0,0,0,0,0,2146385920,459718656,131005,28059,0,67,131072,118383219,0,0,1143304495,2147483648,92708802,125601994,0,0,0,0,0,0,0,0,0,0,0,0,0,0,0,0,0,0,7278145,7278258,0,97,97,6262,329,14556324,35,0,0,0,0,0,0,0,1,0,0,0,0,0,0,0,0,0,0,8186506,0,12304795,108736,0,0,0,0,0,0,0,0,16384,0,0,0,0,0,0,0,0,0,0,0,2701,345,0,0,0,0,0,22128006,0,605,1,47,345,2701,0,0,0,0,0,0,0,0,0,0,0,0,0,0,0,0,0,0,0,0,0,0,0,0,0,0,0,0,0,0,0,0,0,0,0,0,0,0,0,0,0,0,0,0,0,0,0,0,0,0,0,0,0,102687775,0,0,0,108927445,0,0,0,0,0,0,0,72673318,118435142,169322965,53075307008,43614905,0,0,0,0,0,0,0,0,0,0,0,0,0,0,0,0,0,0,0,0,0,0,0,0,0,0,0,0,0,0,0,51859519,0,0,0,0,0,0,0
1789620710.472,0,0,0,0,0,0,0,227050293,1939813731840,709844056064,0,0,0,0,0,0,0,0,0,0,0,0,0,0,0,0,0,0,0,0,0,0,0,0,0,0,0,0,0,0,0,0,0,0,0,0,0,0,0,0,0,0,0,0,0,0,0,0,0,0,0,0,0,0,0,0,0,0,395328,118544738,39577868,0,0,0,0,0,0,0,0,0,0,0,0,0,0,0,0,0,0,0,0,0,0,0,0,0,0,0,0,0,0,0,0,0,0,0,0,0,2146402304,468353024,131006,28586,0,66,131072,118401762,0,0,1143426670,2147483648,92726844,125614365,0,0,0,0,0,0,0,0,0,0,0,0,0,0,0,0,0,0,7278909,7279026,0,97,97,6262,329,14557844,35,0,0,0,0,0,0,0,1,0,0,0,0,0,0,0,0,0,0,8187369,0,12304923,108737,0,0,0,0,0,0,0,0,16384,0,0,0,0,0,0,0,0,0,0,0,2702,345,0,0,0,0,0,22130352,0,605,1,47,345,2702,0,0,0,0,0,0,0,0,0,0,0,0,0,0,0,0,0,0,0,0,0,0,0,0,0,0,0,0,0,0,0,0,0,0,0,0,0,0,0,0,0,0,0,0,0,0,0,0,0,0,0,0,0,102692262,0,0,0,108938410,0,0,0,0,0,0,0,72680452,118453689,169335784,53078014976,43617934,0,0,0,0,0,0,0,0,0,0,0,0,0,0,0,0,0,0,0,0,0,0,0,0,0,0,0,0,0,0,0,51860288,0,0,0,0,0,0,0
1789620711.500,0,0,0,0,0,0,0,227079666,1940195249664,709958686208,0,0,0,0,0,0,0,0,0,0,0,0,0,0,0,0,0,0,0,0,0,0,0,0,0,0,0,0,0,0,0,0,0,0,0,0,0,0,0,0,0,0,0,0,0,0,0,0,0,0,0,0,0,0,0,0,0,0,395419,118568069,39584361,0,0,0,0,0,0,0,0,0,0,0,0,0,0,0,0,0,0,0,0,0,0,0,0,0,0,0,0,0,0,0,0,0,0,0,0,0,2146435072,459587584,131008,28051,0,64,131072,118425077,0,0,1143580759,2147483648,92749008,125630068,0,0,0,0,0,0,0,0,0,0,0,0,0,0,0,0,0,0,7279876,7279990,0,97,97,6262,329,14559796,35,0,0,0,0,0,0,0,1,0,0,0,0,0,0,0,0,0,0,8188454,0,12306362,108749,0,0,0,0,0,0,0,0,16384,0,0,0,0,0,0,0,0,0,0,0,2703,345,0,0,0,0,0,22133269,0,605,1,47,345,2703,0,0,0,0,0,0,0,0,0,0,0,0,0,0,0,0,0,0,0,0,0,0,0,0,0,0,0,0,0,0,0,0,0,0,0,0,0,0,0,0,0,0,0,0,0,0,0,0,0,0,0,0,0,102705787,0,0,0,108952218,0,0,0,0,0,0,0,72695037,118476997,169360854,53084992512,43627259,0,0,0,0,0,0,0,0,0,0,0,0,0,0,0,0,0,0,0,0,0,0,0,0,0,0,0,0,0,0,0,51861251,0,0,0,0,0,0,0
1789620712.527,0,0,0,0,0,0,0,227103010,1940499549696,710033703936,0,0,0,0,0,0,0,0,0,0,0,0,0,0,0,0,0,0,0,0,0,0,0,0,0,0,0,0,0,0,0,0,0,0,0,0,0,0,0,0,0,0,0,0,0,0,0,0,0,0,0,0,0,0,0,0,0,0,395444,118586670,39588553,0,0,0,0,0,0,0,0,0,0,0,0,0,0,0,0,0,0,0,0,0,0,0,0,0,0,0,0,0,0,0,0,0,0,0,0,0,2146140160,465272832,130989,28398,0,83,131072,118443666,0,0,1143703173,2147483648,92767216,125641918,0,0,0,0,0,0,0,0,0,0,0,0,0,0,0,0,0,0,7280648,7280764,0,97,97,6262,329,14561323,35,0,0,0,0,0,0,0,1,0,0,0,0,0,0,0,0,0,0,8189323,0,12306362,108749,0,0,0,0,0,0,0,0,16384,0,0,0,0,0,0,0,0,0,0,0,2704,345,0,0,0,0,0,22135621,0,605,1,47,345,2704,0,0,0,0,0,0,0,0,0,0,0,0,0,0,0,0,0,0,0,0,0,0,0,0,0,0,0,0,0,0,0,0,0,0,0,0,0,0,0,0,0,0,0,0,0,0,0,0,0,0,0,0,0,102716504,0,0,0,108963031,0,0,0,0,0,0,0,72707108,118495599,169379940,53090516992,43635144,1,0,0,0,0,0,0,0,0,0,0,0,0,0,0,0,0,0,0,0,0,0,0,0,0,0,0,0,0,0,0,51862024,0,0,0,0,0,0,0
1789620713.554,0,0,0,0,0,0,0,227125187,1940788268544,710103243264,0,0,0,0,0,0,0,0,0,0,0,0,0,0,0,0,0,0,0,0,0,0,0,0,0,0,0,0,0,0,0,0,0,0,0,0,0,0,0,0,0,0,0,0,0,0,0,0,0,0,0,0,0,0,0,0,0,0,395468,118604312,39592622,0,0,0,0,0,0,0,0,0,0,0,0,0,0,0,0,0,0,0,0,0,0,0,0,0,0,0,0,0,0,0,0,0,0,0,0,0,2146254848,470269952,130996,28703,0,76,131072,118461302,0,0,1143820762,2147483648,92784320,125653374,0,0,0,0,0,0,0,0,0,0,0,0,0,0,0,0,0,0,7281390,7281499,0,97,97,6262,329,14562816,35,0,0,0,0,0,0,0,1,0,0,0,0,0,0,0,0,0,0,8190153,0,12306490,108750,0,0,0,0,0,0,0,0,16384,0,0,0,0,0,0,0,0,0,0,0,2705,345,0,0,0,0,0,22137855,0,605,1,47,345,2705,0,0,0,0,0,0,0,0,0,0,0,0,0,0,0,0,0,0,0,0,0,0,0,0,0,0,0,0,0,0,0,0,0,0,0,0,0,0,0,0,0,0,0,0,0,0,0,0,0,0,0,0,0,102719614,0,0,0,108973485,0,0,0,0,0,0,0,72713088,118513238,169391061,53092507648,43637181,0,0,0,0,0,0,0,0,0,0,0,0,0,0,0,0,0,0,0,0,0,0,0,0,0,0,0,0,0,0,0,51862761,0,0,0,0,0,0,0
1789620714.581,0,0,0,0,0,0,0,227149731,1941106200064,710177612800,0,0,0,0,0,0,0,0,0,0,0,0,0,0,0,0,0,0,0,0,0,0,0,0,0,0,0,0,0,0,0,0,0,0,0,0,0,0,0,0,0,0,0,0,0,0,0,0,0,0,0,0,0,0,0,0,0,0,395510,118623769,39597000,0,0,0,0,0,0,0,0,0,0,0,0,0,0,0,0,0,0,0,0,0,0,0,0,0,0,0,0,0,0,0,0,0,0,0,0,0,2146041856,479559680,130984,29270,0,88,131072,118480736,0,0,1143948977,2147483648,92803283,125666235,0,0,0,0,0,0,0,0,0,0,0,0,0,0,0,0,0,0,7282187,7282302,0,97,97,6262,329,14564400,35,0,0,0,0,0,0,0,1,0,0,0,0,0,0,0,0,0,0,8191055,0,12306490,108750,0,0,0,0,0,0,0,0,16384,0,0,0,0,0,0,0,0,0,0,0,2706,345,0,0,0,0,0,22140289,0,605,1,47,345,2706,0,0,0,0,0,0,0,0,0,0,0,0,0,0,0,0,0,0,0,0,0,0,0,0,0,0,0,0,0,0,0,0,0,0,0,0,0,0,0,0,0,0,0,0,0,0,0,0,0,0,0,0,0,102722152,0,0,0,108984971,0,0,0,0,0,0,0,72719011,118532679,169402360,53094311424,43638732,0,0,0,0,0,0,0,0,0,0,0,0,0,0,0,0,0,0,0,0,0,0,0,0,0,0,0,0,0,0,0,51863564,0,0,0,0,0,0,0
1789620715.609,0,0,0,0,0,0,0,227175149,1941437009408,710277440512,0,0,0,0,0,0,0,0,0,0,0,0,0,0,0,0,0,0,0,0,0,0,0,0,0,0,0,0,0,0,0,0,0,0,0,0,0,0,0,0,0,0,0,0,0,0,0,0,0,0,0,0,0,0,0,0,0,0,395554,118643988,39602797,0,0,0,0,0,0,0,0,0,0,0,0,0,0,0,0,0,0,0,0,0,0,0,0,0,0,0,0,0,0,0,0,0,0,0,0,0,2146205696,467386368,130994,28527,0,78,131072,118500933,0,0,1144081896,2147483648,92822515,125679462,0,0,0,0,0,0,0,0,0,0,0,0,0,0,0,0,0,0,7283027,7283137,0,97,97,6262,329,14566078,35,0,0,0,0,0,0,0,1,0,0,0,0,0,0,0,0,0,0,8191995,0,12307915,108762,0,0,0,0,0,0,0,0,16384,0,0,0,0,0,0,0,0,0,0,0,2707,345,0,0,0,0,0,22142830,0,605,1,47,345,2707,0,0,0,0,0,0,0,0,0,0,0,0,0,0,0,0,0,0,0,0,0,0,0,0,0,0,0,0,0,0,0,0,0,0,0,0,0,0,0,0,0,0,0,0,0,0,0,0,0,0,0,0,0,102729003,0,0,0,108996886,0,0,0,0,0,0,0,72728345,118552892,169419389,53098118144,43643493,0,0,0,0,0,0,0,0,0,0,0,0,0,0,0,0,0,0,0,0,0,0,0,0,0,0,0,0,0,0,0,51864399,0,0,0,0,0,0,0
1789620716.637,0,0,0,0,0,0,0,227196846,1941720665600,710343546880,0,0,0,0,0,0,0,0,0,0,0,0,0,0,0,0,0,0,0,0,0,0,0,0,0,0,0,0,0,0,0,0,0,0,0,0,0,0,0,0,0,0,0,0,0,0,0,0,0,0,0,0,0,0,0,0,0,0,395590,118661332,39606645,0,0,0,0,0,0,0,0,0,0,0,0,0,0,0,0,0,0,0,0,0,0,0,0,0,0,0,0,0,0,0,0,0,0,0,0,0,2146320384,474693632,131001,28973,0,71,131072,118518270,0,0,1144195889,2147483648,92839496,125690689,0,0,0,0,0,0,0,0,0,0,0,0,0,0,0,0,0,0,7283739,7283851,0,97,97,6262,329,14567524,35,0,0,0,0,0,0,0,1,0,0,0,0,0,0,0,0,0,0,8192798,0,12307915,108762,0,0,0,0,0,0,0,0,16384,0,0,0,0,0,0,0,0,0,0,0,2708,345,0,0,0,0,0,22145013,0,605,1,47,345,2708,0,0,0,0,0,0,0,0,0,0,0,0,0,0,0,0,0,0,0,0,0,0,0,0,0,0,0,0,0,0,0,0,0,0,0,0,0,0,0,0,0,0,0,0,0,0,0,0,0,0,0,0,0,102732626,0,0,0,109007037,0,0,0,0,0,0,0,72734638,118570230,169430709,53100328448,43645940,0,0,0,0,0,0,0,0,0,0,0,0,0,0,0,0,0,0,0,0,0,0,0,0,0,0,0,0,0,0,0,51865113,0,0,0,0,0,0,0
1789620717.665,0,0,0,0,0,0,0,227220463,1942030601728,710417112064,0,0,0,0,0,0,0,0,0,0,0,0,0,0,0,0,0,0,0,0,0,0,0,0,0,0,0,0,0,0,0,0,0,0,0,0,0,0,0,0,0,0,0,0,0,0,0,0,0,0,0,0,0,0,0,0,0,0,395636,118680280,39610969,0,0,0,0,0,0,0,0,0,0,0,0,0,0,0,0,0,0,0,0,0,0,0,0,0,0,0,0,0,0,0,0,0,0,0,0,0,2146238464,478920704,130996,29231,0,76,131072,118537209,0,0,1144321711,2147483648,92857871,125702885,0,0,0,0,0,0,0,0,0,0,0,0,0,0,0,0,0,0,7284525,7284637,0,97,97,6262,329,14569077,35,0,0,0,0,0,0,0,1,0,0,0,0,0,0,0,0,0,0,8193684,0,12308043,108763,0,0,0,0,0,0,0,0,16384,0,0,0,0,0,0,0,0,0,0,0,2709,345,0,0,0,0,0,22147402,0,605,1,47,345,2709,0,0,0,0,0,0,0,0,0,0,0,0,0,0,0,0,0,0,0,0,0,0,0,0,0,0,0,0,0,0,0,0,0,0,0,0,0,0,0,0,0,0,0,0,0,0,0,0,0,0,0,0,0,102735106,0,0,0,109018045,0,0,0,0,0,0,0,72740381,118589162,169441705,53102085120,43647483,0,0,0,0,0,0,0,0,0,0,0,0,0,0,0,0,0,0,0,0,0,0,0,0,0,0,0,0,0,0,0,51865901,0,0,0,0,0,0,0
1789620718.691,0,0,0,0,0,0,0,227242536,1942314503680,710482683904,0,0,0,0,0,0,0,0,0,0,0,0,0,0,0,0,0,0,0,0,0,0,0,0,0,0,0,0,0,0,0,0,0,0,0,0,0,0,0,0,0,0,0,0,0,0,0,0,0,0,0,0,0,0,0,0,0,0,395675,118697625,39614819,0,0,0,0,0,0,0,0,0,0,0,0,0,0,0,0,0,0,0,0,0,0,0,0,0,0,0,0,0,0,0,0,0,0,0,0,0,2146353152,489357312,131003,29868,0,69,131072,118554544,0,0,1144436595,2147483648,92874877,125714474,0,0,0,0,0,0,0,0,0,0,0,0,0,0,0,0,0,0,7285245,7285356,0,97,97,6262,329,14570527,35,0,0,0,0,0,0,0,1,0,0,0,0,0,0,0,0,0,0,8194493,0,12308043,108763,0,0,0,0,0,0,0,0,16384,0,0,0,0,0,0,0,0,0,0,0,2710,345,0,0,0,0,0,22149583,0,605,1,47,345,2710,0,0,0,0,0,0,0,0,0,0,0,0,0,0,0,0,0,0,0,0,0,0,0,0,0,0,0,0,0,0,0,0,0,0,0,0,0,0,0,0,0,0,0,0,0,0,0,0,0,0,0,0,0,102737498,0,0,0,109028429,0,0,0,0,0,0,0,72745702,118606497,169451786,53103752704,43648957,0,0,0,0,0,0,0,0,0,0,0,0,0,0,0,0,0,0,0,0,0,0,0,0,0,0,0,0,0,0,0,51866620,0,0,0,0,0,0,0
1789620719.718,0,0,0,0,0,0,0,227267558,1942638595584,710578355200,0,0,0,0,0,0,0,0,0,0,0,0,0,0,0,0,0,0,0,0,0,0,0,0,0,0,0,0,0,0,0,0,0,0,0,0,0,0,0,0,0,0,0,0,0,0,0,0,0,0,0,0,0,0,0,0,0,0,395721,118717440,39620484,0,0,0,0,0,0,0,0,0,0,0,0,0,0,0,0,0,0,0,0,0,0,0,0,0,0,0,0,0,0,0,0,0,0,0,0,0,2146385920,479150080,131005,29245,0,67,131072,118574343,0,0,1144567192,2147483648,92893560,125727554,0,0,0,0,0,0,0,0,0,0,0,0,0,0,0,0,0,0,7286061,7286171,0,97,97,6262,329,14572160,35,0,0,0,0,0,0,0,1,0,0,0,0,0,0,0,0,0,0,8195410,0,12309403,108774,0,0,0,0,0,0,0,0,16384,0,0,0,0,0,0,0,0,0,0,0,2711,345,0,0,0,0,0,22152062,0,605,1,47,345,2711,0,0,0,0,0,0,0,0,0,0,0,0,0,0,0,0,0,0,0,0,0,0,0,0,0,0,0,0,0,0,0,0,0,0,0,0,0,0,0,0,0,0,0,0,0,0,0,0,0,0,0,0,0,102740080,0,0,0,109040145,0,0,0,0,0,0,0,72751760,118626298,169464346,53105583616,43650512,0,0,0,0,0,0,0,0,0,0,0,0,0,0,0,0,0,0,0,0,0,0,0,0,0,0,0,0,0,0,0,51867435,0,0,0,0,0,0,0
1789620720.745,0,0,0,0,0,0,0,227290370,1942935326208,710646861824,0,0,0,0,0,0,0,0,0,0,0,0,0,0,0,0,0,0,0,0,0,0,0,0,0,0,0,0,0,0,0,0,0,0,0,0,0,0,0,0,0,0,0,0,0,0,0,0,0,0,0,0,0,0,0,0,0,0,395763,118735577,39624507,0,0,0,0,0,0,0,0,0,0,0,0,0,0,0,0,0,0,0,0,0,0,0,0,0,0,0,0,0,0,0,0,0,0,0,0,0,2146172928,486244352,130992,29678,0,80,131072,118592471,0,0,1144686921,2147483648,92911306,125739364,0,0,0,0,0,0,0,0,0,0,0,0,0,0,0,0,0,0,7286821,7286931,0,97,97,6262,329,14573668,35,0,0,0,0,0,0,0,1,0,0,0,0,0,0,0,0,0,0,8196265,0,12309403,108774,0,0,0,0,0,0,0,0,16384,0,0,0,0,0,0,0,0,0,0,0,2712,345,0,0,0,0,0,22154373,0,605,1,47,345,2712,0,0,0,0,0,0,0,0,0,0,0,0,0,0,0,0,0,0,0,0,0,0,0,0,0,0,0,0,0,0,0,0,0,0,0,0,0,0,0,0,0,0,0,0,0,0,0,0,0,0,0,0,0,102742524,0,0,0,109050800,0,0,0,0,0,0,0,72757304,118644428,169474834,53107299328,43652035,0,0,0,0,0,0,0,0,0,0,0,0,0,0,0,0,0,0,0,0,0,0,0,0,0,0,0,0,0,0,0,51868195,0,0,0,0,0,0,0
1789620721.771,0,0,0,0,0,0,0,227313204,1943233940992,710719273472,0,0,0,0,0,0,0,0,0,0,0,0,0,0,0,0,0,0,0,0,0,0,0,0,0,0,0,0,0,0,0,0,0,0,0,0,0,0,0,0,0,0,0,0,0,0,0,0,0,0,0,0,0,0,0,0,0,0,395807,118753825,39628772,0,0,0,0,0,0,0,0,0,0,0,0,0,0,0,0,0,0,0,0,0,0,0,0,0,0,0,0,0,0,0,0,0,0,0,0,0,2146402304,490651648,131006,29947,0,66,131072,118610699,0,0,1144808223,2147483648,92929013,125751287,0,0,0,0,0,0,0,0,0,0,0,0,0,0,0,0,0,0,7287581,7287695,0,97,97,6262,329,14575191,35,0,0,0,0,0,0,0,1,0,0,0,0,0,0,0,0,0,0,8197124,0,12309531,108775,0,0,0,0,0,0,0,0,16384,0,0,0,0,0,0,0,0,0,0,0,2713,345,0,0,0,0,0,22156696,0,605,1,47,345,2713,0,0,0,0,0,0,0,0,0,0,0,0,0,0,0,0,0,0,0,0,0,0,0,0,0,0,0,0,0,0,0,0,0,0,0,0,0,0,0,0,0,0,0,0,0,0,0,0,0,0,0,0,0,102744969,0,0,0,109061559,0,0,0,0,0,0,0,72762961,118662666,169485667,53109040640,43653557,0,0,0,0,0,0,0,0,0,0,0,0,0,0,0,0,0,0,0,0,0,0,0,0,0,0,0,0,0,0,0,51868958,0,0,0,0,0,0,0
1789620722.798,0,0,0,0,0,0,0,227336932,1943541894656,710790573056,0,0,0,0,0,0,0,0,0,0,0,0,0,0,0,0,0,0,0,0,0,0,0,0,0,0,0,0,0,0,0,0,0,0,0,0,0,0,0,0,0,0,0,0,0,0,0,0,0,0,0,0,0,0,0,0,0,0,395859,118772656,39632960,0,0,0,0,0,0,0,0,0,0,0,0,0,0,0,0,0,0,0,0,0,0,0,0,0,0,0,0,0,0,0,0,0,0,0,0,0,2146369536,500826112,131004,30568,0,68,131072,118629518,0,0,1144932103,2147483648,92947448,125763712,0,0,0,0,0,0,0,0,0,0,0,0,0,0,0,0,0,0,7288345,7288460,0,97,97,6262,329,14576716,35,0,0,0,0,0,0,0,1,0,0,0,0,0,0,0,0,0,0,8197983,0,12309531,108775,0,0,0,0,0,0,0,0,16384,0,0,0,0,0,0,0,0,0,0,0,2714,345,0,0,0,0,0,22159025,0,605,1,47,345,2714,0,0,0,0,0,0,0,0,0,0,0,0,0,0,0,0,0,0,0,0,0,0,0,0,0,0,0,0,0,0,0,0,0,0,0,0,0,0,0,0,0,0,0,0,0,0,0,0,0,0,0,0,0,102747406,0,0,0,109072584,0,0,0,0,0,0,0,72768660,118681478,169496484,53110811136,43655069,0,0,0,0,0,0,0,0,0,0,0,0,0,0,0,0,0,0,0,0,0,0,0,0,0,0,0,0,0,0,0,51869723,0,0,0,0,0,0,0
1789620723.825,0,0,0,0,0,0,0,227361491,1943860891136,710884700672,0,0,0,0,0,0,0,0,0,0,0,0,0,0,0,0,0,0,0,0,0,0,0,0,0,0,0,0,0,0,0,0,0,0,0,0,0,0,0,0,0,0,0,0,0,0,0,0,0,0,0,0,0,0,0,0,0,0,395901,118792142,39638547,0,0,0,0,0,0,0,0,0,0,0,0,0,0,0,0,0,0,0,0,0,0,0,0,0,0,0,0,0,0,0,0,0,0,0,0,0,2146353152,489914368,131002,29901,0,71,131072,118648986,0,0,1145060575,2147483648,92965454,125776490,0,0,0,0,0,0,0,0,0,0,0,0,0,0,0,0,0,0,7289153,7289264,0,97,97,6262,329,14578339,35,0,0,0,0,0,0,0,1,0,0,0,0,0,0,0,0,0,0,8198888,0,12310856,108786,0,0,0,0,0,0,0,0,16384,0,0,0,0,0,0,0,0,0,0,0,2715,345,0,0,0,0,0,22161461,0,605,1,47,345,2715,0,0,0,0,0,0,0,0,0,0,0,0,0,0,0,0,0,0,0,0,0,0,0,0,0,0,0,0,0,0,0,0,0,0,0,0,0,0,0,0,0,0,0,0,0,0,0,0,0,0,0,0,0,102749954,0,0,0,109084122,0,0,0,0,0,0,0,72774680,118700964,169508872,53112612864,43656628,0,0,0,0,0,0,0,0,0,0,0,0,0,0,0,0,0,0,0,0,0,0,0,0,0,0,0,0,0,0,0,51870526,0,0,0,0,0,0,0
1789620724.852,0,0,0,0,0,0,0,227382882,1944139812352,710950069760,0,0,0,0,0,0,0,0,0,0,0,0,0,0,0,0,0,0,0,0,0,0,0,0,0,0,0,0,0,0,0,0,0,0,0,0,0,0,0,0,0,0,0,0,0,0,0,0,0,0,0,0,0,0,0,0,0,0,395943,118809186,39642375,0,0,0,0,0,0,0,0,0,0,0,0,0,0,0,0,0,0,0,0,0,0,0,0,0,0,0,0,0,0,0,0,0,0,0,0,0,2146467840,496123904,131010,30281,0,62,131072,118666022,0,0,1145173357,2147483648,92982142,125787697,0,0,0,0,0,0,0,0,0,0,0,0,0,0,0,0,0,0,7289875,7289988,0,97,97,6262,329,14579774,35,0,0,0,0,0,0,0,1,0,0,0,0,0,0,0,0,0,0,8199704,0,12310856,108786,0,0,0,0,0,0,0,0,16384,0,0,0,0,0,0,0,0,0,0,0,2716,345,0,0,0,0,0,22163663,0,605,1,47,345,2716,0,0,0,0,0,0,0,0,0,0,0,0,0,0,0,0,0,0,0,0,0,0,0,0,0,0,0,0,0,0,0,0,0,0,0,0,0,0,0,0,0,0,0,0,0,0,0,0,0,0,0,0,0,102752362,0,0,0,109094213,0,0,0,0,0,0,0,72779996,118717991,169518946,53114275328,43658110,1,0,0,0,0,0,0,0,0,0,0,0,0,0,0,0,0,0,0,0,0,0,0,0,0,0,0,0,0,0,0,51871252,0,0,0,0,0,0,0
1789620725.879,0,0,0,0,0,0,0,227406758,1944448404992,711023926272,0,0,0,0,0,0,0,0,0,0,0,0,0,0,0,0,0,0,0,0,0,0,0,0,0,0,0,0,0,0,0,0,0,0,0,0,0,0,0,0,0,0,0,0,0,0,0,0,0,0,0,0,0,0,0,0,0,0,395989,118828045,39646720,0,0,0,0,0,0,0,0,0,0,0,0,0,0,0,0,0,0,0,0,0,0,0,0,0,0,0,0,0,0,0,0,0,0,0,0,0,2146402304,502153216,131006,30649,0,66,131072,118684866,0,0,1145299301,2147483648,93000450,125800047,0,0,0,0,0,0,0,0,0,0,0,0,0,0,0,0,0,0,7290650,7290764,0,97,97,6262,329,14581334,35,0,0,0,0,0,0,0,1,0,0,0,0,0,0,0,0,0,0,8200577,0,12310984,108787,0,0,0,0,0,0,0,0,16384,0,0,0,0,0,0,0,0,0,0,0,2717,345,0,0,0,0,0,22166014,0,605,1,47,345,2717,0,0,0,0,0,0,0,0,0,0,0,0,0,0,0,0,0,0,0,0,0,0,0,0,0,0,0,0,0,0,0,0,0,0,0,0,0,0,0,0,0,0,0,0,0,0,0,0,0,0,0,0,0,102754828,0,0,0,109105319,0,0,0,0,0,0,0,72785761,118736839,169529971,53116028928,43659656,0,0,0,0,0,0,0,0,0,0,0,0,0,0,0,0,0,0,0,0,0,0,0,0,0,0,0,0,0,0,0,51872028,0,0,0,0,0,0,0
1789620726.906,0,0,0,0,0,0,0,227429365,1944742268416,711114259456,0,0,0,0,0,0,0,0,0,0,0,0,0,0,0,0,0,0,0,0,0,0,0,0,0,0,0,0,0,0,0,0,0,0,0,0,0,0,0,0,0,0,0,0,0,0,0,0,0,0,0,0,0,0,0,0,0,0,396036,118846009,39652076,0,0,0,0,0,0,0,0,0,0,0,0,0,0,0,0,0,0,0,0,0,0,0,0,0,0,0,0,0,0,0,0,0,0,0,0,0,2146123776,488996864,130989,29846,0,83,131072,118702815,0,0,1145417256,2147483648,93017474,125811800,0,0,0,0,0,0,0,0,0,0,0,0,0,0,0,0,0,0,7291379,7291496,0,97,97,6262,329,14582800,35,0,0,0,0,0,0,0,1,0,0,0,0,0,0,0,0,0,0,8201400,0,12312361,108799,0,0,0,0,0,0,0,0,16384,0,0,0,0,0,0,0,0,0,0,0,2718,345,0,0,0,0,0,22168237,0,605,1,47,345,2718,0,0,0,0,0,0,0,0,0,0,0,0,0,0,0,0,0,0,0,0,0,0,0,0,0,0,0,0,0,0,0,0,0,0,0,0,0,0,0,0,0,0,0,0,0,0,0,0,0,0,0,0,0,102757272,0,0,0,109115848,0,0,0,0,0,0,0,72791449,118754797,169541762,53117721088,43661157,0,0,0,0,0,0,0,0,0,0,0,0,0,0,0,0,0,0,0,0,0,0,0,0,0,0,0,0,0,0,0,51872760,0,0,0,0,0,0,0
1789620727.932,0,0,0,0,0,0,0,227453982,1945063525888,711189502464,0,0,0,0,0,0,0,0,0,0,0,0,0,0,0,0,0,0,0,0,0,0,0,0,0,0,0,0,0,0,0,0,0,0,0,0,0,0,0,0,0,0,0,0,0,0,0,0,0,0,0,0,0,0,0,0,0,0,396079,118865644,39656290,0,0,0,0,0,0,0,0,0,0,0,0,0,0,0,0,0,0,0,0,0,0,0,0,0,0,0,0,0,0,0,0,0,0,0,0,0,2146189312,500580352,130993,30553,0,79,131072,118722440,0,0,1145546593,2147483648,93036672,125824676,0,0,0,0,0,0,0,0,0,0,0,0,0,0,0,0,0,0,7292200,7292315,0,97,97,6262,329,14584425,35,0,0,0,0,0,0,0,1,0,0,0,0,0,0,0,0,0,0,8202321,0,12312361,108799,0,0,0,0,0,0,0,0,16384,0,0,0,0,0,0,0,0,0,0,0,2719,345,0,0,0,0,0,22170727,0,605,1,47,345,2719,0,0,0,0,0,0,0,0,0,0,0,0,0,0,0,0,0,0,0,0,0,0,0,0,0,0,0,0,0,0,0,0,0,0,0,0,0,0,0,0,0,0,0,0,0,0,0,0,0,0,0,0,0,102767749,0,0,0,109127481,0,0,0,0,0,0,0,72803189,118774425,169560629,53123177984,43668694,1,0,0,0,0,0,0,0,0,0,0,0,0,0,0,0,0,0,0,0,0,0,0,0,0,0,0,0,0,0,0,51873579,0,0,0,0,0,0,0
1789620728.959,0,0,0,0,0,0,0,227475582,1945345412608,711258642944,0,0,0,0,0,0,0,0,0,0,0,0,0,0,0,0,0,0,0,0,0,0,0,0,0,0,0,0,0,0,0,0,0,0,0,0,0,0,0,0,0,0,0,0,0,0,0,0,0,0,0,0,0,0,0,0,0,0,396117,118882867,39660340,0,0,0,0,0,0,0,0,0,0,0,0,0,0,0,0,0,0,0,0,0,0,0,0,0,0,0,0,0,0,0,0,0,0,0,0,0,2146320384,503742464,131002,30746,0,70,131072,118739654,0,0,1145661344,2147483648,93053425,125835843,0,0,0,0,0,0,0,0,0,0,0,0,0,0,0,0,0,0,7292920,7293030,0,97,97,6262,329,14585867,35,0,0,0,0,0,0,0,1,0,0,0,0,0,0,0,0,0,0,8203125,0,12312489,108800,0,0,0,0,0,0,0,0,16384,0,0,0,0,0,0,0,0,0,0,0,2720,345,0,0,0,0,0,22172909,0,605,1,47,345,2720,0,0,0,0,0,0,0,0,0,0,0,0,0,0,0,0,0,0,0,0,0,0,0,0,0,0,0,0,0,0,0,0,0,0,0,0,0,0,0,0,0,0,0,0,0,0,0,0,0,0,0,0,0,102770777,0,0,0,109137607,0,0,0,0,0,0,0,72809091,118791648,169571624,53125098496,43670674,0,0,0,0,0,0,0,0,0,0,0,0,0,0,0,0,0,0,0,0,0,0,0,0,0,0,0,0,0,0,0,51874294,0,0,0,0,0,0,0
1789620729.987,0,0,0,0,0,0,0,227500699,1945670127104,711334748160,0,0,0,0,0,0,0,0,0,0,0,0,0,0,0,0,0,0,0,0,0,0,0,0,0,0,0,0,0,0,0,0,0,0,0,0,0,0,0,0,0,0,0,0,0,0,0,0,0,0,0,0,0,0,0,0,0,0,396162,118902728,39664805,0,0,0,0,0,0,0,0,0,0,0,0,0,0,0,0,0,0,0,0,0,0,0,0,0,0,0,0,0,0,0,0,0,0,0,0,0,2146402304,514048000,131006,31375,0,66,131072,118759498,0,0,1145792396,2147483648,93072787,125848975,0,0,0,0,0,0,0,0,0,0,0,0,0,0,0,0,0,0,7293735,7293846,0,97,97,6262,329,14587505,35,0,0,0,0,0,0,0,1,0,0,0,0,0,0,0,0,0,0,8204042,0,12312489,108800,0,0,0,0,0,0,0,0,16384,0,0,0,0,0,0,0,0,0,0,0,2721,345,0,0,0,0,0,22175393,0,605,1,47,345,2721,0,0,0,0,0,0,0,0,0,0,0,0,0,0,0,0,0,0,0,0,0,0,0,0,0,0,0,0,0,0,0,0,0,0,0,0,0,0,0,0,0,0,0,0,0,0,0,0,0,0,0,0,0,102773340,0,0,0,109149341,0,0,0,0,0,0,0,72815130,118811483,169583126,53126945792,43672242,0,0,0,0,0,0,0,0,0,0,0,0,0,0,0,0,0,0,0,0,0,0,0,0,0,0,0,0,0,0,0,51875109,0,0,0,0,0,0,0
1789620731.014,0,0,0,0,0,0,0,227525778,1945994268160,711432580096,0,0,0,0,0,0,0,0,0,0,0,0,0,0,0,0,0,0,0,0,0,0,0,0,0,0,0,0,0,0,0,0,0,0,0,0,0,0,0,0,0,0,0,0,0,0,0,0,0,0,0,0,0,0,0,0,0,0,396236,118922542,39670484,0,0,0,0,0,0,0,0,0,0,0,0,0,0,0,0,0,0,0,0,0,0,0,0,0,0,0,0,0,0,0,0,0,0,0,0,0,2146336768,504250368,131002,30777,0,69,131072,118779294,0,0,1145923660,2147483648,93091511,125862357,0,0,0,0,0,0,0,0,0,0,0,0,0,0,0,0,0,0,7294559,7294672,0,97,97,6262,329,14589151,35,0,0,0,0,0,0,0,1,0,0,0,0,0,0,0,0,0,0,8204971,0,12313874,108811,0,0,0,0,0,0,0,0,16384,0,0,0,0,0,0,0,0,0,0,0,2722,345,0,0,0,0,0,22177904,0,605,1,47,345,2722,0,0,0,0,0,0,0,0,0,0,0,0,0,0,0,0,0,0,0,0,0,0,0,0,0,0,0,0,0,0,0,0,0,0,0,0,0,0,0,0,0,0,0,0,0,0,0,0,0,0,0,0,0,102780314,0,0,0,109161135,0,0,0,0,0,0,0,72824476,118831287,169600069,53130826240,43677094,1,0,0,0,0,0,0,0,0,0,0,0,0,0,0,0,0,0,0,0,0,0,0,0,0,0,0,0,0,0,0,51875935,0,0,0,0,0,0,0
1789620732.041,0,0,0,0,0,0,0,227548496,1946289081856,711503570432,0,0,0,0,0,0,0,0,0,0,0,0,0,0,0,0,0,0,0,0,0,0,0,0,0,0,0,0,0,0,0,0,0,0,0,0,0,0,0,0,0,0,0,0,0,0,0,0,0,0,0,0,0,0,0,0,0,0,396275,118940563,39674550,0,0,0,0,0,0,0,0,0,0,0,0,0,0,0,0,0,0,0,0,0,0,0,0,0,0,0,0,0,0,0,0,0,0,0,0,0,2146353152,510640128,131003,31167,0,69,131072,118797301,0,0,1146043239,2147483648,93109117,125874203,0,0,0,0,0,0,0,0,0,0,0,0,0,0,0,0,0,0,7295315,7295427,0,97,97,6262,329,14590668,35,0,0,0,0,0,0,0,1,0,0,0,0,0,0,0,0,0,0,8205822,0,12313874,108811,0,0,0,0,0,0,0,0,16384,0,0,0,0,0,0,0,0,0,0,0,2723,345,0,0,0,0,0,22180205,0,605,1,47,345,2723,0,0,0,0,0,0,0,0,0,0,0,0,0,0,0,0,0,0,0,0,0,0,0,0,0,0,0,0,0,0,0,0,0,0,0,0,0,0,0,0,0,0,0,0,0,0,0,0,0,0,0,0,0,102786375,0,0,0,109171818,0,0,0,0,0,0,0,72832788,118849301,169614268,53134215680,43681340,0,0,0,0,0,0,0,0,0,0,0,0,0,0,0,0,0,0,0,0,0,0,0,0,0,0,0,0,0,0,0,51876691,0,0,0,0,0,0,0
1789620733.068,0,0,0,0,0,0,0,227571675,1946590350848,711576477696,0,0,0,0,0,0,0,0,0,0,0,0,0,0,0,0,0,0,0,0,0,0,0,0,0,0,0,0,0,0,0,0,0,0,0,0,0,0,0,0,0,0,0,0,0,0,0,0,0,0,0,0,0,0,0,0,0,0,396307,118958981,39678847,0,0,0,0,0,0,0,0,0,0,0,0,0,0,0,0,0,0,0,0,0,0,0,0,0,0,0,0,0,0,0,0,0,0,0,0,0,2146353152,514293760,131003,31390,0,69,131072,118815709,0,0,1146165641,2147483648,93126962,125886101,0,0,0,0,0,0,0,0,0,0,0,0,0,0,0,0,0,0,7296076,7296191,0,97,97,6262,329,14592189,35,0,0,0,0,0,0,0,1,0,0,0,0,0,0,0,0,0,0,8206682,0,12314002,108812,0,0,0,0,0,0,0,0,16384,0,0,0,0,0,0,0,0,0,0,0,2724,345,0,0,0,0,0,22182525,0,605,1,47,345,2724,0,0,0,0,0,0,0,0,0,0,0,0,0,0,0,0,0,0,0,0,0,0,0,0,0,0,0,0,0,0,0,0,0,0,0,0,0,0,0,0,0,0,0,0,0,0,0,0,0,0,0,0,0,102788826,0,0,0,109182602,0,0,0,0,0,0,0,72838475,118867709,169625163,53135928832,43682865,0,0,0,0,0,0,0,0,0,0,0,0,0,0,0,0,0,0,0,0,0,0,0,0,0,0,0,0,0,0,0,51877456,0,0,0,0,0,0,0
1789620734.094,0,0,0,0,0,0,0,227594510,1946886868480,711646317568,0,0,0,0,0,0,0,0,0,0,0,0,0,0,0,0,0,0,0,0,0,0,0,0,0,0,0,0,0,0,0,0,0,0,0,0,0,0,0,0,0,0,0,0,0,0,0,0,0,0,0,0,0,0,0,0,0,0,396351,118977096,39682956,0,0,0,0,0,0,0,0,0,0,0,0,0,0,0,0,0,0,0,0,0,0,0,0,0,0,0,0,0,0,0,0,0,0,0,0,0,2146107392,521961472,130988,31858,0,84,131072,118833817,0,0,1146284666,2147483648,93144730,125897955,0,0,0,0,0,0,0,0,0,0,0,0,0,0,0,0,0,0,7296813,7296929,0,97,97,6262,329,14593650,35,0,0,0,0,0,0,0,1,0,0,0,0,0,0,0,0,0,0,8207512,0,12314002,108812,0,0,0,0,0,0,0,0,16384,0,0,0,0,0,0,0,0,0,0,0,2725,345,0,0,0,0,0,22184766,0,605,1,47,345,2725,0,0,0,0,0,0,0,0,0,0,0,0,0,0,0,0,0,0,0,0,0,0,0,0,0,0,0,0,0,0,0,0,0,0,0,0,0,0,0,0,0,0,0,0,0,0,0,0,0,0,0,0,0,102791246,0,0,0,109193189,0,0,0,0,0,0,0,72844106,118885824,169635787,53137640448,43684392,0,0,0,0,0,0,0,0,0,0,0,0,0,0,0,0,0,0,0,0,0,0,0,0,0,0,0,0,0,0,0,51878194,0,0,0,0,0,0,0
1789620735.121,0,0,0,0,0,0,0,227619527,1947209879040,711740619776,0,0,0,0,0,0,0,0,0,0,0,0,0,0,0,0,0,0,0,0,0,0,0,0,0,0,0,0,0,0,0,0,0,0,0,0,0,0,0,0,0,0,0,0,0,0,0,0,0,0,0,0,0,0,0,0,0,0,396397,118996843,39688534,0,0,0,0,0,0,0,0,0,0,0,0,0,0,0,0,0,0,0,0,0,0,0,0,0,0,0,0,0,0,0,0,0,0,0,0,0,2146271232,512573440,130998,31285,0,74,131072,118853544,0,0,1146415547,2147483648,93163353,125911049,0,0,0,0,0,0,0,0,0,0,0,0,0,0,0,0,0,0,7297642,7297754,0,97,97,6262,329,14595315,35,0,0,0,0,0,0,0,1,0,0,0,0,0,0,0,0,0,0,8208440,0,12315367,108823,0,0,0,0,0,0,0,0,16384,0,0,0,0,0,0,0,0,0,0,0,2726,345,0,0,0,0,0,22187281,0,605,1,47,345,2726,0,0,0,0,0,0,0,0,0,0,0,0,0,0,0,0,0,0,0,0,0,0,0,0,0,0,0,0,0,0,0,0,0,0,0,0,0,0,0,0,0,0,0,0,0,0,0,0,0,0,0,0,0,102793819,0,0,0,109204985,0,0,0,0,0,0,0,72850126,118905560,169648175,53139486208,43685997,0,0,0,0,0,0,0,0,0,0,0,0,0,0,0,0,0,0,0,0,0,0,0,0,0,0,0,0,0,0,0,51879019,0,0,0,0,0,0,0
1789620736.148,0,0,0,0,0,0,0,227641375,1947496107520,711809828352,0,0,0,0,0,0,0,0,0,0,0,0,0,0,0,0,0,0,0,0,0,0,0,0,0,0,0,0,0,0,0,0,0,0,0,0,0,0,0,0,0,0,0,0,0,0,0,0,0,0,0,0,0,0,0,0,0,0,396437,119014328,39692609,0,0,0,0,0,0,0,0,0,0,0,0,0,0,0,0,0,0,0,0,0,0,0,0,0,0,0,0,0,0,0,0,0,0,0,0,0,2146156544,516898816,130991,31549,0,81,131072,118871017,0,0,1146530478,2147483648,93180358,125922489,0,0,0,0,0,0,0,0,0,0,0,0,0,0,0,0,0,0,7298378,7298493,0,97,97,6262,329,14596783,35,0,0,0,0,0,0,0,1,0,0,0,0,0,0,0,0,0,0,8209271,0,12315495,108824,0,0,0,0,0,0,0,0,16384,0,0,0,0,0,0,0,0,0,0,0,2727,345,0,0,0,0,0,22189524,0,605,1,47,345,2727,0,0,0,0,0,0,0,0,0,0,0,0,0,0,0,0,0,0,0,0,0,0,0,0,0,0,0,0,0,0,0,0,0,0,0,0,0,0,0,0,0,0,0,0,0,0,0,0,0,0,0,0,0,102796256,0,0,0,109215312,0,0,0,0,0,0,0,72855575,118923043,169658618,53141175296,43687505,0,0,0,0,0,0,0,0,0,0,0,0,0,0,0,0,0,0,0,0,0,0,0,0,0,0,0,0,0,0,0,51879758,0,0,0,0,0,0,0
1789620737.175,0,0,0,0,0,0,0,227666144,1947818397184,711890282496,0,0,0,0,0,0,0,0,0,0,0,0,0,0,0,0,0,0,0,0,0,0,0,0,0,0,0,0,0,0,0,0,0,0,0,0,0,0,0,0,0,0,0,0,0,0,0,0,0,0,0,0,0,0,0,0,0,0,396483,119034027,39697133,0,0,0,0,0,0,0,0,0,0,0,0,0,0,0,0,0,0,0,0,0,0,0,0,0,0,0,0,0,0,0,0,0,0,0,0,0,2146041856,523386880,130984,31945,0,88,131072,118890696,0,0,1146661530,2147483648,93199574,125935370,0,0,0,0,0,0,0,0,0,0,0,0,0,0,0,0,0,0,7299193,7299304,0,97,97,6262,329,14598415,35,0,0,0,0,0,0,0,1,0,0,0,0,0,0,0,0,0,0,8210183,0,12315495,108824,0,0,0,0,0,0,0,0,16384,0,0,0,0,0,0,0,0,0,0,0,2728,345,0,0,0,0,0,22191988,0,605,1,47,345,2728,0,0,0,0,0,0,0,0,0,0,0,0,0,0,0,0,0,0,0,0,0,0,0,0,0,0,0,0,0,0,0,0,0,0,0,0,0,0,0,0,0,0,0,0,0,0,0,0,0,0,0,0,0,102806479,0,0,0,109226892,0,0,0,0,0,0,0,72867548,118942726,169677878,53146510336,43694953,0,0,0,0,0,0,0,0,0,0,0,0,0,0,0,0,0,0,0,0,0,0,0,0,0,0,0,0,0,0,0,51880568,0,0,0,0,0,0,0
1789620738.202,0,0,0,0,0,0,0,227689139,1948115701248,711983560192,0,0,0,0,0,0,0,0,0,0,0,0,0,0,0,0,0,0,0,0,0,0,0,0,0,0,0,0,0,0,0,0,0,0,0,0,0,0,0,0,0,0,0,0,0,0,0,0,0,0,0,0,0,0,0,0,0,0,396521,119052203,39702588,0,0,0,0,0,0,0,0,0,0,0,0,0,0,0,0,0,0,0,0,0,0,0,0,0,0,0,0,0,0,0,0,0,0,0,0,0,2146287616,509870080,130999,31120,0,73,131072,118908862,0,0,1146781314,2147483648,93216725,125947260,0,0,0,0,0,0,0,0,0,0,0,0,0,0,0,0,0,0,7299935,7300050,0,97,97,6262,329,14599898,35,0,0,0,0,0,0,0,1,0,0,0,0,0,0,0,0,0,0,8211022,0,12316927,108836,0,0,0,0,0,0,0,0,16384,0,0,0,0,0,0,0,0,0,0,0,2729,345,0,0,0,0,0,22194264,0,605,1,47,345,2729,0,0,0,0,0,0,0,0,0,0,0,0,0,0,0,0,0,0,0,0,0,0,0,0,0,0,0,0,0,0,0,0,0,0,0,0,0,0,0,0,0,0,0,0,0,0,0,0,0,0,0,0,0,102812085,0,0,0,109237616,0,0,0,0,0,0,0,72875729,118960896,169692956,53149670912,43698896,0,0,0,0,0,0,0,0,0,0,0,0,0,0,0,0,0,0,0,0,0,0,0,0,0,0,0,0,0,0,0,51881314,0,0,0,0,0,0,0
1789620739.230,0,0,0,0,0,0,0,227713750,1948434877952,712055887360,0,0,0,0,0,0,0,0,0,0,0,0,0,0,0,0,0,0,0,0,0,0,0,0,0,0,0,0,0,0,0,0,0,0,0,0,0,0,0,0,0,0,0,0,0,0,0,0,0,0,0,0,0,0,0,0,0,0,396568,119071713,39706827,0,0,0,0,0,0,0,0,0,0,0,0,0,0,0,0,0,0,0,0,0,0,0,0,0,0,0,0,0,0,0,0,0,0,0,0,0,2146287616,519372800,130999,31700,0,74,131072,118928361,0,0,1146910261,2147483648,93235831,125960042,0,0,0,0,0,0,0,0,0,0,0,0,0,0,0,0,0,0,7300746,7300860,0,97,97,6262,329,14601520,35,0,0,0,0,0,0,0,1,0,0,0,0,0,0,0,0,0,0,8211934,0,12316927,108836,0,0,0,0,0,0,0,0,16384,0,0,0,0,0,0,0,0,0,0,0,2730,345,0,0,0,0,0,22196733,0,605,1,47,345,2730,0,0,0,0,0,0,0,0,0,0,0,0,0,0,0,0,0,0,0,0,0,0,0,0,0,0,0,0,0,0,0,0,0,0,0,0,0,0,0,0,0,0,0,0,0,0,0,0,0,0,0,0,0,102814583,0,0,0,109249122,0,0,0,0,0,0,0,72881549,118980403,169703946,53151465472,43700468,0,0,0,0,0,0,0,0,0,0,0,0,0,0,0,0,0,0,0,0,0,0,0,0,0,0,0,0,0,0,0,51882125,0,0,0,0,0,0,0
1789620740.257,0,0,0,0,0,0,0,227735480,1948718124544,712123674112,0,0,0,0,0,0,0,0,0,0,0,0,0,0,0,0,0,0,0,0,0,0,0,0,0,0,0,0,0,0,0,0,0,0,0,0,0,0,0,0,0,0,0,0,0,0,0,0,0,0,0,0,0,0,0,0,0,0,396607,119089028,39710812,0,0,0,0,0,0,0,0,0,0,0,0,0,0,0,0,0,0,0,0,0,0,0,0,0,0,0,0,0,0,0,0,0,0,0,0,0,2146189312,523010048,130993,31922,0,79,131072,118945665,0,0,1147024999,2147483648,93252798,125971282,0,0,0,0,0,0,0,0,0,0,0,0,0,0,0,0,0,0,7301472,7301587,0,97,97,6262,329,14602971,35,0,0,0,0,0,0,0,1,0,0,0,0,0,0,0,0,0,0,8212751,0,12316927,108836,0,0,0,0,0,0,0,0,16384,0,0,0,0,0,0,0,0,0,0,0,2731,345,0,0,0,0,0,22198934,0,605,1,47,345,2731,0,0,0,0,0,0,0,0,0,0,0,0,0,0,0,0,0,0,0,0,0,0,0,0,0,0,0,0,0,0,0,0,0,0,0,0,0,0,0,0,0,0,0,0,0,0,0,0,0,0,0,0,0,102816999,0,0,0,109259295,0,0,0,0,0,0,0,72887054,118997709,169714342,53153124864,43701991,0,0,0,0,0,0,0,0,0,0,0,0,0,0,0,0,0,0,0,0,0,0,0,0,0,0,0,0,0,0,0,51882851,0,0,0,0,0,0,0
1789620741.283,0,0,0,0,0,0,0,227760382,1949040446976,712200029184,0,0,0,0,0,0,0,0,0,0,0,0,0,0,0,0,0,0,0,0,0,0,0,0,0,0,0,0,0,0,0,0,0,0,0,0,0,0,0,0,0,0,0,0,0,0,0,0,0,0,0,0,0,0,0,0,0,0,396654,119108729,39715306,0,0,0,0,0,0,0,0,0,0,0,0,0,0,0,0,0,0,0,0,0,0,0,0,0,0,0,0,0,0,0,0,0,0,0,0,0,2146156544,530841600,130991,32400,0,81,131072,118965350,0,0,1147155714,2147483648,93271983,125984240,0,0,0,0,0,0,0,0,0,0,0,0,0,0,0,0,0,0,7302280,7302395,0,97,97,6262,329,14604595,35,0,0,0,0,0,0,0,1,0,0,0,0,0,0,0,0,0,0,8213661,0,12317055,108837,0,0,0,0,0,0,0,0,16384,0,0,0,0,0,0,0,0,0,0,0,2732,345,0,0,0,0,0,22201375,0,605,1,47,345,2732,0,0,0,0,0,0,0,0,0,0,0,0,0,0,0,0,0,0,0,0,0,0,0,0,0,0,0,0,0,0,0,0,0,0,0,0,0,0,0,0,0,0,0,0,0,0,0,0,0,0,0,0,0,102819532,0,0,0,109270934,0,0,0,0,0,0,0,72892967,119017413,169725731,53154951168,43703541,0,0,0,0,0,0,0,0,0,0,0,0,0,0,0,0,0,0,0,0,0,0,0,0,0,0,0,0,0,0,0,51883660,0,0,0,0,0,0,0
1789620742.311,0,0,0,0,0,0,0,227783860,1949343960576,712291534336,0,0,0,0,0,0,0,0,0,0,0,0,0,0,0,0,0,0,0,0,0,0,0,0,0,0,0,0,0,0,0,0,0,0,0,0,0,0,0,0,0,0,0,0,0,0,0,0,0,0,0,0,0,0,0,0,0,0,396699,119127276,39720735,0,0,0,0,0,0,0,0,0,0,0,0,0,0,0,0,0,0,0,0,0,0,0,0,0,0,0,0,0,0,0,0,0,0,0,0,0,2146451456,521486336,131009,31829,0,63,131072,118983884,0,0,1147278126,2147483648,93289587,125996543,0,0,0,0,0,0,0,0,0,0,0,0,0,0,0,0,0,0,7303045,7303160,0,97,97,6262,329,14606112,35,0,0,0,0,0,0,0,1,0,0,0,0,0,0,0,0,0,0,8214521,0,12318461,108849,0,0,0,0,0,0,0,0,16384,0,0,0,0,0,0,0,0,0,0,0,2733,345,0,0,0,0,0,22203702,0,605,1,47,345,2733,0,0,0,0,0,0,0,0,0,0,0,0,0,0,0,0,0,0,0,0,0,0,0,0,0,0,0,0,0,0,0,0,0,0,0,0,0,0,0,0,0,0,0,0,0,0,0,0,0,0,0,0,0,102822014,0,0,0,109281912,0,0,0,0,0,0,0,72898754,119035948,169737658,53156700672,43705090,0,0,0,0,0,0,0,0,0,0,0,0,0,0,0,0,0,0,0,0,0,0,0,0,0,0,0,0,0,0,0,51884425,0,0,0,0,0,0,0
1789620743.338,0,0,0,0,0,0,0,227808929,1949670592000,712370171392,0,0,0,0,0,0,0,0,0,0,0,0,0,0,0,0,0,0,0,0,0,0,0,0,0,0,0,0,0,0,0,0,0,0,0,0,0,0,0,0,0,0,0,0,0,0,0,0,0,0,0,0,0,0,0,0,0,0,396747,119147252,39725190,0,0,0,0,0,0,0,0,0,0,0,0,0,0,0,0,0,0,0,0,0,0,0,0,0,0,0,0,0,0,0,0,0,0,0,0,0,2146205696,528842752,130994,32278,0,77,131072,119003850,0,0,1147410102,2147483648,93309086,126009577,0,0,0,0,0,0,0,0,0,0,0,0,0,0,0,0,0,0,7303879,7303992,0,97,97,6262,329,14607793,35,0,0,0,0,0,0,0,1,0,0,0,0,0,0,0,0,0,0,8215458,0,12318461,108849,0,0,0,0,0,0,0,0,16384,0,0,0,0,0,0,0,0,0,0,0,2734,345,0,0,0,0,0,22206244,0,605,1,47,345,2734,0,0,0,0,0,0,0,0,0,0,0,0,0,0,0,0,0,0,0,0,0,0,0,0,0,0,0,0,0,0,0,0,0,0,0,0,0,0,0,0,0,0,0,0,0,0,0,0,0,0,0,0,0,102830673,0,0,0,109293689,0,0,0,0,0,0,0,72909461,119055912,169755220,53161343488,43711342,0,0,0,0,0,0,0,0,0,0,0,0,0,0,0,0,0,0,0,0,0,0,0,0,0,0,0,0,0,0,0,51885257,0,0,0,0,0,0,0
1789620744.366,0,0,0,0,0,0,0,227830174,1949945597440,712438456320,0,0,0,0,0,0,0,0,0,0,0,0,0,0,0,0,0,0,0,0,0,0,0,0,0,0,0,0,0,0,0,0,0,0,0,0,0,0,0,0,0,0,0,0,0,0,0,0,0,0,0,0,0,0,0,0,0,0,396792,119164062,39729112,0,0,0,0,0,0,0,0,0,0,0,0,0,0,0,0,0,0,0,0,0,0,0,0,0,0,0,0,0,0,0,0,0,0,0,0,0,2146107392,533823488,130988,32582,0,84,131072,119020653,0,0,1147522473,2147483648,93325473,126020648,0,0,0,0,0,0,0,0,0,0,0,0,0,0,0,0,0,0,7304573,7304682,0,97,97,6262,329,14609180,35,0,0,0,0,0,0,0,1,0,0,0,0,0,0,0,0,0,0,8216233,0,12318461,108850,0,0,0,0,0,0,0,0,16384,0,0,0,0,0,0,0,0,0,0,0,2735,345,0,0,0,0,0,22208341,0,605,1,47,345,2735,0,0,0,0,0,0,0,0,0,0,0,0,0,0,0,0,0,0,0,0,0,0,0,0,0,0,0,0,0,0,0,0,0,0,0,0,0,0,0,0,0,0,0,0,0,0,0,0,0,0,0,0,0,102834879,0,0,0,109303590,0,0,0,0,0,0,0,72916192,119072716,169767225,53163814912,43714234,0,0,0,0,0,0,0,0,0,0,0,0,0,0,0,0,0,0,0,0,0,0,0,0,0,0,0,0,0,0,0,51885946,0,0,0,0,0,0,0
1789620745.393,0,0,0,0,0,0,0,227855213,1950268575232,712514856960,0,0,0,0,0,0,0,0,0,0,0,0,0,0,0,0,0,0,0,0,0,0,0,0,0,0,0,0,0,0,0,0,0,0,0,0,0,0,0,0,0,0,0,0,0,0,0,0,0,0,0,0,0,0,0,0,0,0,396839,119183812,39733645,0,0,0,0,0,0,0,0,0,0,0,0,0,0,0,0,0,0,0,0,0,0,0,0,0,0,0,0,0,0,0,0,0,0,0,0,0,2146205696,541884416,130994,33074,0,78,131072,119040391,0,0,1147652701,2147483648,93344752,126033742,0,0,0,0,0,0,0,0,0,0,0,0,0,0,0,0,0,0,7305389,7305502,0,97,97,6262,329,14610805,35,0,0,0,0,0,0,0,1,0,0,0,0,0,0,0,0,0,0,8217156,0,12318589,108850,0,0,0,0,0,0,0,0,16384,0,0,0,0,0,0,0,0,0,0,0,2736,345,0,0,0,0,0,22210833,0,605,1,47,345,2736,0,0,0,0,0,0,0,0,0,0,0,0,0,0,0,0,0,0,0,0,0,0,0,0,0,0,0,0,0,0,0,0,0,0,0,0,0,0,0,0,0,0,0,0,0,0,0,0,0,0,0,0,0,102837433,0,0,0,109315346,0,0,0,0,0,0,0,72922262,119092456,169778756,53165639680,43715808,0,0,0,0,0,0,0,0,0,0,0,0,0,0,0,0,0,0,0,0,0,0,0,0,0,0,0,0,0,0,0,51886767,0,0,0,0,0,0,0
1789620746.419,0,0,0,0,0,0,0,227879454,1950584851968,712608651776,0,0,0,0,0,0,0,0,0,0,0,0,0,0,0,0,0,0,0,0,0,0,0,0,0,0,0,0,0,0,0,0,0,0,0,0,0,0,0,0,0,0,0,0,0,0,0,0,0,0,0,0,0,0,0,0,0,0,396883,119203145,39739202,0,0,0,0,0,0,0,0,0,0,0,0,0,0,0,0,0,0,0,0,0,0,0,0,0,0,0,0,0,0,0,0,0,0,0,0,0,2146304000,528957440,131000,32285,0,71,131072,119059710,0,0,1147779756,2147483648,93363111,126046349,0,0,0,0,0,0,0,0,0,0,0,0,0,0,0,0,0,0,7306194,7306309,0,97,97,6262,329,14612426,35,0,0,0,0,0,0,0,1,0,0,0,0,0,0,0,0,0,0,8218063,0,12319973,108862,0,0,0,0,0,0,0,0,16384,0,0,0,0,0,0,0,0,0,0,0,2737,345,0,0,0,0,0,22213278,0,605,1,47,345,2737,0,0,0,0,0,0,0,0,0,0,0,0,0,0,0,0,0,0,0,0,0,0,0,0,0,0,0,0,0,0,0,0,0,0,0,0,0,0,0,0,0,0,0,0,0,0,0,0,0,0,0,0,0,102839915,0,0,0,109326739,0,0,0,0,0,0,0,72928229,119111779,169790981,53167424000,43717391,0,0,0,0,0,0,0,0,0,0,0,0,0,0,0,0,0,0,0,0,0,0,0,0,0,0,0,0,0,0,0,51887573,0,0,0,0,0,0,0
1789620747.446,0,0,0,0,0,0,0,227902402,1950884056576,712679866368,0,0,0,0,0,0,0,0,0,0,0,0,0,0,0,0,0,0,0,0,0,0,0,0,0,0,0,0,0,0,0,0,0,0,0,0,0,0,0,0,0,0,0,0,0,0,0,0,0,0,0,0,0,0,0,0,0,0,396927,119221432,39743392,0,0,0,0,0,0,0,0,0,0,0,0,0,0,0,0,0,0,0,0,0,0,0,0,0,0,0,0,0,0,0,0,0,0,0,0,0,2146205696,533807104,130994,32582,1,78,131072,119077979,0,0,1147901643,2147483648,93380998,126058317,0,0,0,0,0,0,0,0,0,0,0,0,0,0,0,0,0,0,7306958,7307075,0,97,97,6262,329,14613955,35,0,0,0,0,0,0,0,1,0,0,0,0,0,0,0,0,0,0,8218926,0,12319973,108862,0,0,0,0,0,0,0,0,16384,0,0,0,0,0,0,0,0,0,0,0,2739,345,0,0,0,0,0,22215587,0,605,1,47,345,2739,0,0,0,0,0,0,0,0,0,0,0,0,0,0,0,0,0,0,0,0,0,0,0,0,0,0,0,0,0,0,0,0,0,0,0,0,0,0,0,0,0,0,0,0,0,0,0,0,0,0,0,0,0,102842348,0,0,0,109337509,0,0,0,0,0,0,0,72933932,119130072,169801784,53169171456,43718909,0,0,0,0,0,0,0,0,0,0,0,0,0,0,0,0,0,0,0,0,0,0,0,0,0,0,0,0,0,0,0,51888340,0,0,0,0,0,0,0
1789620748.473,0,0,0,0,0,0,0,227924168,1951166975488,712748584448,0,0,0,0,0,0,0,0,0,0,0,0,0,0,0,0,0,0,0,0,0,0,0,0,0,0,0,0,0,0,0,0,0,0,0,0,0,0,0,0,0,0,0,0,0,0,0,0,0,0,0,0,0,0,0,0,0,0,396967,119238725,39747441,0,0,0,0,0,0,0,0,0,0,0,0,0,0,0,0,0,0,0,0,0,0,0,0,0,0,0,0,0,0,0,0,0,0,0,0,0,2146222080,538492928,130995,32867,0,77,131072,119095259,0,0,1148015400,2147483648,93397813,126069693,0,0,0,0,0,0,0,0,0,0,0,0,0,0,0,0,0,0,7307666,7307781,0,97,97,6262,329,14615366,35,0,0,0,0,0,0,0,1,0,0,0,0,0,0,0,0,0,0,8219720,0,12320101,108863,0,0,0,0,0,0,0,0,16384,0,0,0,0,0,0,0,0,0,0,0,2740,345,0,0,0,0,0,22217738,0,605,1,47,345,2740,0,0,0,0,0,0,0,0,0,0,0,0,0,0,0,0,0,0,0,0,0,0,0,0,0,0,0,0,0,0,0,0,0,0,0,0,0,0,0,0,0,0,0,0,0,0,0,0,0,0,0,0,0,102844733,0,0,0,109347678,0,0,0,0,0,0,0,72939338,119147345,169812114,53170831360,43720403,0,0,0,0,0,0,0,0,0,0,0,0,0,0,0,0,0,0,0,0,0,0,0,0,0,0,0,0,0,0,0,51889046,0,0,0,0,0,0,0
1789620749.500,0,0,0,0,0,0,0,227948517,1951482629632,712820691456,0,0,0,0,0,0,0,0,0,0,0,0,0,0,0,0,0,0,0,0,0,0,0,0,0,0,0,0,0,0,0,0,0,0,0,0,0,0,0,0,0,0,0,0,0,0,0,0,0,0,0,0,0,0,0,0,0,0,397010,119258032,39751676,0,0,0,0,0,0,0,0,0,0,0,0,0,0,0,0,0,0,0,0,0,0,0,0,0,0,0,0,0,0,0,0,0,0,0,0,0,2146385920,548814848,131005,33497,0,67,131072,119114552,0,0,1148142772,2147483648,93416671,126082447,0,0,0,0,0,0,0,0,0,0,0,0,0,0,0,0,0,0,7308467,7308576,0,97,97,6262,329,14616962,35,0,0,0,0,0,0,0,1,0,0,0,0,0,0,0,0,0,0,8220615,0,12320101,108863,0,0,0,0,0,0,0,0,16384,0,0,0,0,0,0,0,0,0,0,0,2741,345,0,0,0,0,0,22220150,0,605,1,47,345,2741,0,0,0,0,0,0,0,0,0,0,0,0,0,0,0,0,0,0,0,0,0,0,0,0,0,0,0,0,0,0,0,0,0,0,0,0,0,0,0,0,0,0,0,0,0,0,0,0,0,0,0,0,0,102847238,0,0,0,109359106,0,0,0,0,0,0,0,72945118,119166645,169823084,53172611072,43721948,1,0,0,0,0,0,0,0,0,0,0,0,0,0,0,0,0,0,0,0,0,0,0,0,0,0,0,0,0,0,0,51889841,0,0,0,0,0,0,0
1789620750.526,0,0,0,0,0,0,0,227972141,1951790222848,712914415104,0,0,0,0,0,0,0,0,0,0,0,0,0,0,0,0,0,0,0,0,0,0,0,0,0,0,0,0,0,0,0,0,0,0,0,0,0,0,0,0,0,0,0,0,0,0,0,0,0,0,0,0,0,0,0,0,0,0,397053,119276832,39757236,0,0,0,0,0,0,0,0,0,0,0,0,0,0,0,0,0,0,0,0,0,0,0,0,0,0,0,0,0,0,0,0,0,0,0,0,0,2146091008,533331968,130987,32552,0,85,131072,119133340,0,0,1148266614,2147483648,93434452,126094632,0,0,0,0,0,0,0,0,0,0,0,0,0,0,0,0,0,0,7309247,7309360,0,97,97,6262,329,14618529,35,0,0,0,0,0,0,0,1,0,0,0,0,0,0,0,0,0,0,8221497,0,12321488,108874,0,0,0,0,0,0,0,0,16384,0,0,0,0,0,0,0,0,0,0,0,2742,345,0,0,0,0,0,22222541,0,605,1,47,345,2742,0,0,0,0,0,0,0,0,0,0,0,0,0,0,0,0,0,0,0,0,0,0,0,0,0,0,0,0,0,0,0,0,0,0,0,0,0,0,0,0,0,0,0,0,0,0,0,0,0,0,0,0,0,102849760,0,0,0,109370131,0,0,0,0,0,0,0,72951039,119185430,169835344,53174374400,43723507,0,0,0,0,0,0,0,0,0,0,0,0,0,0,0,0,0,0,0,0,0,0,0,0,0,0,0,0,0,0,0,51890625,0,0,0,0,0,0,0
1789620751.553,0,0,0,0,0,0,0,227995121,1952089067008,712984784896,0,0,0,0,0,0,0,0,0,0,0,0,0,0,0,0,0,0,0,0,0,0,0,0,0,0,0,0,0,0,0,0,0,0,0,0,0,0,0,0,0,0,0,0,0,0,0,0,0,0,0,0,0,0,0,0,0,0,397100,119295102,39761361,0,0,0,0,0,0,0,0,0,0,0,0,0,0,0,0,0,0,0,0,0,0,0,0,0,0,0,0,0,0,0,0,0,0,0,0,0,2146254848,538460160,130997,32865,0,75,131072,119151601,0,0,1148388466,2147483648,93452309,126106548,0,0,0,0,0,0,0,0,0,0,0,0,0,0,0,0,0,0,7310008,7310123,0,97,97,6262,329,14620040,35,0,0,0,0,0,0,0,1,0,0,0,0,0,0,0,0,0,0,8222354,0,12321488,108874,0,0,0,0,0,0,0,0,16384,0,0,0,0,0,0,0,0,0,0,0,2743,345,0,0,0,0,0,22224868,0,605,1,47,345,2743,0,0,0,0,0,0,0,0,0,0,0,0,0,0,0,0,0,0,0,0,0,0,0,0,0,0,0,0,0,0,0,0,0,0,0,0,0,0,0,0,0,0,0,0,0,0,0,0,0,0,0,0,0,102852238,0,0,0,109380838,0,0,0,0,0,0,0,72956707,119203687,169846088,53176120832,43725040,0,0,0,0,0,0,0,0,0,0,0,0,0,0,0,0,0,0,0,0,0,0,0,0,0,0,0,0,0,0,0,51891388,0,0,0,0,0,0,0
1789620752.580,0,0,0,0,0,0,0,228016691,1952368381440,713051518464,0,0,0,0,0,0,0,0,0,0,0,0,0,0,0,0,0,0,0,0,0,0,0,0,0,0,0,0,0,0,0,0,0,0,0,0,0,0,0,0,0,0,0,0,0,0,0,0,0,0,0,0,0,0,0,0,0,0,397138,119312169,39765292,0,0,0,0,0,0,0,0,0,0,0,0,0,0,0,0,0,0,0,0,0,0,0,0,0,0,0,0,0,0,0,0,0,0,0,0,0,2146140160,545751040,130990,33310,0,82,131072,119168657,0,0,1148501150,2147483648,93468898,126117852,0,0,0,0,0,0,0,0,0,0,0,0,0,0,0,0,0,0,7310711,7310819,0,97,97,6262,329,14621460,35,0,0,0,0,0,0,0,1,0,0,0,0,0,0,0,0,0,0,8223138,0,12321616,108875,0,0,0,0,0,0,0,0,16384,0,0,0,0,0,0,0,0,0,0,0,2744,345,0,0,0,0,0,22226976,0,605,1,47,345,2744,0,0,0,0,0,0,0,0,0,0,0,0,0,0,0,0,0,0,0,0,0,0,0,0,0,0,0,0,0,0,0,0,0,0,0,0,0,0,0,0,0,0,0,0,0,0,0,0,0,0,0,0,0,102854630,0,0,0,109390995,0,0,0,0,0,0,0,72961996,119220762,169856202,53177774080,43726528,0,0,0,0,0,0,0,0,0,0,0,0,0,0,0,0,0,0,0,0,0,0,0,0,0,0,0,0,0,0,0,51892083,0,0,0,0,0,0,0
1789620753.608,0,0,0,0,0,0,0,228040539,1952677711360,713122119680,0,0,0,0,0,0,0,0,0,0,0,0,0,0,0,0,0,0,0,0,0,0,0,0,0,0,0,0,0,0,0,0,0,0,0,0,0,0,0,0,0,0,0,0,0,0,0,0,0,0,0,0,0,0,0,0,0,0,397186,119331069,39769433,0,0,0,0,0,0,0,0,0,0,0,0,0,0,0,0,0,0,0,0,0,0,0,0,0,0,0,0,0,0,0,0,0,0,0,0,0,2146254848,555712512,130997,33918,0,75,131072,119187543,0,0,1148625597,2147483648,93487363,126130324,0,0,0,0,0,0,0,0,0,0,0,0,0,0,0,0,0,0,7311489,7311606,0,97,97,6262,329,14623012,35,0,0,0,0,0,0,0,1,0,0,0,0,0,0,0,0,0,0,8224023,0,12321616,108875,0,0,0,0,0,0,0,0,16384,0,0,0,0,0,0,0,0,0,0,0,2745,345,0,0,0,0,0,22229379,0,605,1,47,345,2745,0,0,0,0,0,0,0,0,0,0,0,0,0,0,0,0,0,0,0,0,0,0,0,0,0,0,0,0,0,0,0,0,0,0,0,0,0,0,0,0,0,0,0,0,0,0,0,0,0,0,0,0,0,102857090,0,0,0,109402154,0,0,0,0,0,0,0,72967652,119239652,169866939,53179545088,43728043,0,0,0,0,0,0,0,0,0,0,0,0,0,0,0,0,0,0,0,0,0,0,0,0,0,0,0,0,0,0,0,51892871,0,0,0,0,0,0,0
1789620754.634,0,0,0,0,0,0,0,228065208,1953000230400,713220414976,0,0,0,0,0,0,0,0,0,0,0,0,0,0,0,0,0,0,0,0,0,0,0,0,0,0,0,0,0,0,0,0,0,0,0,0,0,0,0,0,0,0,0,0,0,0,0,0,0,0,0,0,0,0,0,0,0,0,397236,119350787,39775179,0,0,0,0,0,0,0,0,0,0,0,0,0,0,0,0,0,0,0,0,0,0,0,0,0,0,0,0,0,0,0,0,0,0,0,0,0,2146140160,541638656,130990,33059,0,82,131072,119207241,0,0,1148755582,2147483648,93506166,126143233,0,0,0,0,0,0,0,0,0,0,0,0,0,0,0,0,0,0,7312316,7312429,0,97,97,6262,329,14624667,35,0,0,0,0,0,0,0,1,0,0,0,0,0,0,0,0,0,0,8224949,0,12322986,108886,0,0,0,0,0,0,0,0,16384,0,0,0,0,0,0,0,0,0,0,0,2746,345,0,0,0,0,0,22231884,0,605,1,47,345,2746,0,0,0,0,0,0,0,0,0,0,0,0,0,0,0,0,0,0,0,0,0,0,0,0,0,0,0,0,0,0,0,0,0,0,0,0,0,0,0,0,0,0,0,0,0,0,0,0,0,0,0,0,0,102862750,0,0,0,109413779,0,0,0,0,0,0,0,72976083,119259355,169882720,53182812672,43731905,0,0,0,0,0,0,0,0,0,0,0,0,0,0,0,0,0,0,0,0,0,0,0,0,0,0,0,0,0,0,0,51893693,0,0,0,0,0,0,0
1789620755.660,0,0,0,0,0,0,0,228088137,1953298271744,713295368704,0,0,0,0,0,0,0,0,0,0,0,0,0,0,0,0,0,0,0,0,0,0,0,0,0,0,0,0,0,0,0,0,0,0,0,0,0,0,0,0,0,0,0,0,0,0,0,0,0,0,0,0,0,0,0,0,0,0,397278,119369007,39779392,0,0,0,0,0,0,0,0,0,0,0,0,0,0,0,0,0,0,0,0,0,0,0,0,0,0,0,0,0,0,0,0,0,0,0,0,0,2146189312,546439168,130993,33352,0,79,131072,119225453,0,0,1148876687,2147483648,93523962,126155088,0,0,0,0,0,0,0,0,0,0,0,0,0,0,0,0,0,0,7313069,7313184,0,97,97,6262,329,14626166,35,0,0,0,0,0,0,0,1,0,0,0,0,0,0,0,0,0,0,8225798,0,12322986,108886,0,0,0,0,0,0,0,0,16384,0,0,0,0,0,0,0,0,0,0,0,2747,345,0,0,0,0,0,22234175,0,605,1,47,345,2747,0,0,0,0,0,0,0,0,0,0,0,0,0,0,0,0,0,0,0,0,0,0,0,0,0,0,0,0,0,0,0,0,0,0,0,0,0,0,0,0,0,0,0,0,0,0,0,0,0,0,0,0,0,102872364,0,0,0,109424454,0,0,0,0,0,0,0,72987287,119277560,169900757,53187818496,43738900,0,0,0,0,0,0,0,0,0,0,0,0,0,0,0,0,0,0,0,0,0,0,0,0,0,0,0,0,0,0,0,51894449,0,0,0,0,0,0,0
1789620756.688,0,0,0,0,0,0,0,228109625,1953576193536,713362211328,0,0,0,0,0,0,0,0,0,0,0,0,0,0,0,0,0,0,0,0,0,0,0,0,0,0,0,0,0,0,0,0,0,0,0,0,0,0,0,0,0,0,0,0,0,0,0,0,0,0,0,0,0,0,0,0,0,0,397322,119385995,39783322,0,0,0,0,0,0,0,0,0,0,0,0,0,0,0,0,0,0,0,0,0,0,0,0,0,0,0,0,0,0,0,0,0,0,0,0,0,2146418688,552861696,131007,33744,0,65,131072,119242427,0,0,1148988881,2147483648,93540485,126166358,0,0,0,0,0,0,0,0,0,0,0,0,0,0,0,0,0,0,7313765,7313882,0,97,97,6262,329,14627569,35,0,0,0,0,0,0,0,1,0,0,0,0,0,0,0,0,0,0,8226583,0,12323114,108887,0,0,0,0,0,0,0,0,16384,0,0,0,0,0,0,0,0,0,0,0,2748,345,0,0,0,0,0,22236300,0,605,1,47,345,2748,0,0,0,0,0,0,0,0,0,0,0,0,0,0,0,0,0,0,0,0,0,0,0,0,0,0,0,0,0,0,0,0,0,0,0,0,0,0,0,0,0,0,0,0,0,0,0,0,0,0,0,0,0,102874771,0,0,0,109434526,0,0,0,0,0,0,0,72992568,119294545,169910894,53189464064,43740381,0,0,0,0,0,0,0,0,0,0,0,0,0,0,0,0,0,0,0,0,0,0,0,0,0,0,0,0,0,0,0,51895147,0,0,0,0,0,0,0
1789620757.715,0,0,0,0,0,0,0,228134122,1953894927872,713434817024,0,0,0,0,0,0,0,0,0,0,0,0,0,0,0,0,0,0,0,0,0,0,0,0,0,0,0,0,0,0,0,0,0,0,0,0,0,0,0,0,0,0,0,0,0,0,0,0,0,0,0,0,0,0,0,0,0,0,397363,119405485,39787592,0,0,0,0,0,0,0,0,0,0,0,0,0,0,0,0,0,0,0,0,0,0,0,0,0,0,0,0,0,0,0,0,0,0,0,0,0,2146320384,562085888,131002,34307,0,70,131072,119261905,0,0,1149117116,2147483648,93559496,126179004,0,0,0,0,0,0,0,0,0,0,0,0,0,0,0,0,0,0,7314571,7314682,0,97,97,6262,329,14629175,35,0,0,0,0,0,0,0,1,0,0,0,0,0,0,0,0,0,0,8227484,0,12323114,108887,0,0,0,0,0,0,0,0,16384,0,0,0,0,0,0,0,0,0,0,0,2749,345,0,0,0,0,0,22238730,0,605,1,47,345,2749,0,0,0,0,0,0,0,0,0,0,0,0,0,0,0,0,0,0,0,0,0,0,0,0,0,0,0,0,0,0,0,0,0,0,0,0,0,0,0,0,0,0,0,0,0,0,0,0,0,0,0,0,0,102877281,0,0,0,109445947,0,0,0,0,0,0,0,72998374,119314023,169921929,53191260160,43741926,0,0,0,0,0,0,0,0,0,0,0,0,0,0,0,0,0,0,0,0,0,0,0,0,0,0,0,0,0,0,0,51895947,0,0,0,0,0,0,0
1789620758.742,0,0,0,0,0,0,0,228159084,1954220019200,713536089600,0,0,0,0,0,0,0,0,0,0,0,0,0,0,0,0,0,0,0,0,0,0,0,0,0,0,0,0,0,0,0,0,0,0,0,0,0,0,0,0,0,0,0,0,0,0,0,0,0,0,0,0,0,0,0,0,0,0,397412,119425361,39793469,0,0,0,0,0,0,0,0,0,0,0,0,0,0,0,0,0,0,0,0,0,0,0,0,0,0,0,0,0,0,0,0,0,0,0,0,0,2146369536,545685504,131004,33306,0,68,131072,119281768,0,0,1149248495,2147483648,93578420,126192040,0,0,0,0,0,0,0,0,0,0,0,0,0,0,0,0,0,0,7315411,7315522,0,97,97,6262,329,14630842,35,0,0,0,0,0,0,0,1,0,0,0,0,0,0,0,0,0,0,8228426,0,12324462,108898,0,0,0,0,0,0,0,0,16384,0,0,0,0,0,0,0,0,0,0,0,2750,345,0,0,0,0,0,22241266,0,605,1,47,345,2750,0,0,0,0,0,0,0,0,0,0,0,0,0,0,0,0,0,0,0,0,0,0,0,0,0,0,0,0,0,0,0,0,0,0,0,0,0,0,0,0,0,0,0,0,0,0,0,0,0,0,0,0,0,102884607,0,0,0,109457719,0,0,0,0,0,0,0,73008272,119333889,169939665,53195281920,43747100,0,0,0,0,0,0,0,0,0,0,0,0,0,0,0,0,0,0,0,0,0,0,0,0,0,0,0,0,0,0,0,51896784,0,0,0,0,0,0,0
1789620759.770,0,0,0,0,0,0,0,228180551,1954499612160,713602483200,0,0,0,0,0,0,0,0,0,0,0,0,0,0,0,0,0,0,0,0,0,0,0,0,0,0,0,0,0,0,0,0,0,0,0,0,0,0,0,0,0,0,0,0,0,0,0,0,0,0,0,0,0,0,0,0,0,0,397451,119442449,39797361,0,0,0,0,0,0,0,0,0,0,0,0,0,0,0,0,0,0,0,0,0,0,0,0,0,0,0,0,0,0,0,0,0,0,0,0,0,2146435072,550617088,131008,33607,0,64,131072,119298846,0,0,1149362098,2147483648,93595122,126203094,0,0,0,0,0,0,0,0,0,0,0,0,0,0,0,0,0,0,7316114,7316227,0,97,97,6262,329,14632250,35,0,0,0,0,0,0,0,1,0,0,0,0,0,0,0,0,0,0,8229219,0,12324462,108898,0,0,0,0,0,0,0,0,16384,0,0,0,0,0,0,0,0,0,0,0,2751,345,0,0,0,0,0,22243427,0,605,1,47,345,2751,0,0,0,0,0,0,0,0,0,0,0,0,0,0,0,0,0,0,0,0,0,0,0,0,0,0,0,0,0,0,0,0,0,0,0,0,0,0,0,0,0,0,0,0,0,0,0,0,0,0,0,0,0,102886996,0,0,0,109467709,0,0,0,0,0,0,0,73013672,119350962,169949854,53196915200,43748599,0,0,0,0,0,0,0,0,0,0,0,0,0,0,0,0,0,0,0,0,0,0,0,0,0,0,0,0,0,0,0,51897490,0,0,0,0,0,0,0
1789620760.797,0,0,0,0,0,0,0,228205012,1954817150464,713677950464,0,0,0,0,0,0,0,0,0,0,0,0,0,0,0,0,0,0,0,0,0,0,0,0,0,0,0,0,0,0,0,0,0,0,0,0,0,0,0,0,0,0,0,0,0,0,0,0,0,0,0,0,0,0,0,0,0,0,397494,119461857,39801800,0,0,0,0,0,0,0,0,0,0,0,0,0,0,0,0,0,0,0,0,0,0,0,0,0,0,0,0,0,0,0,0,0,0,0,0,0,2146287616,558956544,131000,34116,0,72,131072,119318244,0,0,1149489816,2147483648,93613988,126215943,0,0,0,0,0,0,0,0,0,0,0,0,0,0,0,0,0,0,7316916,7317027,0,97,97,6262,329,14633851,35,0,0,0,0,0,0,0,1,0,0,0,0,0,0,0,0,0,0,8230120,0,12324590,108899,0,0,0,0,0,0,0,0,16384,0,0,0,0,0,0,0,0,0,0,0,2752,345,0,0,0,0,0,22245872,0,605,1,47,345,2752,0,0,0,0,0,0,0,0,0,0,0,0,0,0,0,0,0,0,0,0,0,0,0,0,0,0,0,0,0,0,0,0,0,0,0,0,0,0,0,0,0,0,0,0,0,0,0,0,0,0,0,0,0,102889557,0,0,0,109479203,0,0,0,0,0,0,0,73019564,119370359,169961153,53198752256,43750184,0,0,0,0,0,0,0,0,0,0,0,0,0,0,0,0,0,0,0,0,0,0,0,0,0,0,0,0,0,0,0,51898291,0,0,0,0,0,0,0
1789620761.824,0,0,0,0,0,0,0,228228304,1955118845440,713769672704,0,0,0,0,0,0,0,0,0,0,0,0,0,0,0,0,0,0,0,0,0,0,0,0,0,0,0,0,0,0,0,0,0,0,0,0,0,0,0,0,0,0,0,0,0,0,0,0,0,0,0,0,0,0,0,0,0,0,397537,119480298,39807243,0,0,0,0,0,0,0,0,0,0,0,0,0,0,0,0,0,0,0,0,0,0,0,0,0,0,0,0,0,0,0,0,0,0,0,0,0,2146304000,545226752,131000,33278,1,71,131072,119336670,0,0,1149611483,2147483648,93631505,126228116,0,0,0,0,0,0,0,0,0,0,0,0,0,0,0,0,0,0,7317675,7317785,0,97,97,6262,329,14635389,35,0,0,0,0,0,0,0,1,0,0,0,0,0,0,0,0,0,0,8230975,0,12325942,108910,0,0,0,0,0,0,0,0,16384,0,0,0,0,0,0,0,0,0,0,0,2753,345,0,0,0,0,0,22248185,0,605,1,47,345,2753,0,0,0,0,0,0,0,0,0,0,0,0,0,0,0,0,0,0,0,0,0,0,0,0,0,0,0,0,0,0,0,0,0,0,0,0,0,0,0,0,0,0,0,0,0,0,0,0,0,0,0,0,0,102892026,0,0,0,109490083,0,0,0,0,0,0,0,73025377,119388796,169973144,53200526336,43751713,0,0,0,0,0,0,0,0,0,0,0,0,0,0,0,0,0,0,0,0,0,0,0,0,0,0,0,0,0,0,0,51899050,0,0,0,0,0,0,0
1789620762.850,0,0,0,0,0,0,0,228252186,1955431140864,713842744832,0,0,0,0,0,0,0,0,0,0,0,0,0,0,0,0,0,0,0,0,0,0,0,0,0,0,0,0,0,0,0,0,0,0,0,0,0,0,0,0,0,0,0,0,0,0,0,0,0,0,0,0,0,0,0,0,0,0,397589,119499372,39811540,0,0,0,0,0,0,0,0,0,0,0,0,0,0,0,0,0,0,0,0,0,0,0,0,0,0,0,0,0,0,0,0,0,0,0,0,0,2146140160,551288832,130991,33648,0,81,131072,119355735,0,0,1149737177,2147483648,93650152,126240574,0,0,0,0,0,0,0,0,0,0,0,0,0,0,0,0,0,0,7318464,7318581,0,97,97,6262,329,14636977,35,0,0,0,0,0,0,0,1,0,0,0,0,0,0,0,0,0,0,8231870,0,12325942,108910,0,0,0,0,0,0,0,0,16384,0,0,0,0,0,0,0,0,0,0,0,2754,345,0,0,0,0,0,22250609,0,605,1,47,345,2754,0,0,0,0,0,0,0,0,0,0,0,0,0,0,0,0,0,0,0,0,0,0,0,0,0,0,0,0,0,0,0,0,0,0,0,0,0,0,0,0,0,0,0,0,0,0,0,0,0,0,0,0,0,102894551,0,0,0,109501250,0,0,0,0,0,0,0,73031241,119407873,169984256,53202330624,43753286,0,0,0,0,0,0,0,0,0,0,0,0,0,0,0,0,0,0,0,0,0,0,0,0,0,0,0,0,0,0,0,51899846,0,0,0,0,0,0,0
1789620763.877,0,0,0,0,0,0,0,228274533,1955722268160,713913618944,0,0,0,0,0,0,0,0,0,0,0,0,0,0,0,0,0,0,0,0,0,0,0,0,0,0,0,0,0,0,0,0,0,0,0,0,0,0,0,0,0,0,0,0,0,0,0,0,0,0,0,0,0,0,0,0,0,0,397629,119517171,39815709,0,0,0,0,0,0,0,0,0,0,0,0,0,0,0,0,0,0,0,0,0,0,0,0,0,0,0,0,0,0,0,0,0,0,0,0,0,2146467840,554713088,131010,33857,0,62,131072,119373523,0,0,1149855565,2147483648,93667408,126252179,0,0,0,0,0,0,0,0,0,0,0,0,0,0,0,0,0,0,7319212,7319329,0,97,97,6262,329,14638454,35,0,0,0,0,0,0,0,1,0,0,0,0,0,0,0,0,0,0,8232711,0,12326070,108911,0,0,0,0,0,0,0,0,16384,0,0,0,0,0,0,0,0,0,0,0,2755,345,0,0,0,0,0,22252882,0,605,1,47,345,2755,0,0,0,0,0,0,0,0,0,0,0,0,0,0,0,0,0,0,0,0,0,0,0,0,0,0,0,0,0,0,0,0,0,0,0,0,0,0,0,0,0,0,0,0,0,0,0,0,0,0,0,0,0,102896972,0,0,0,109511725,0,0,0,0,0,0,0,73036816,119425657,169994884,53204019712,43754820,0,0,0,0,0,0,0,0,0,0,0,0,0,0,0,0,0,0,0,0,0,0,0,0,0,0,0,0,0,0,0,51900594,0,0,0,0,0,0,0
1789620764.904,0,0,0,0,0,0,0,228299055,1956040150528,713987559936,0,0,0,0,0,0,0,0,0,0,0,0,0,0,0,0,0,0,0,0,0,0,0,0,0,0,0,0,0,0,0,0,0,0,0,0,0,0,0,0,0,0,0,0,0,0,0,0,0,0,0,0,0,0,0,0,0,0,397680,119536600,39820052,0,0,0,0,0,0,0,0,0,0,0,0,0,0,0,0,0,0,0,0,0,0,0,0,0,0,0,0,0,0,0,0,0,0,0,0,0,2146320384,563953664,131001,34421,0,71,131072,119392940,0,0,1149983715,2147483648,93686403,126264992,0,0,0,0,0,0,0,0,0,0,0,0,0,0,0,0,0,0,7320004,7320116,0,97,97,6262,329,14640045,35,0,0,0,0,0,0,0,1,0,0,0,0,0,0,0,0,0,0,8233597,0,12326070,108911,0,0,0,0,0,0,0,0,16384,0,0,0,0,0,0,0,0,0,0,0,2756,345,0,0,0,0,0,22255277,0,605,1,47,345,2756,0,0,0,0,0,0,0,0,0,0,0,0,0,0,0,0,0,0,0,0,0,0,0,0,0,0,0,0,0,0,0,0,0,0,0,0,0,0,0,0,0,0,0,0,0,0,0,0,0,0,0,0,0,102899466,0,0,0,109523134,0,0,0,0,0,0,0,73042694,119445071,170006059,53205839872,43756357,0,0,0,0,0,0,0,0,0,0,0,0,0,0,0,0,0,0,0,0,0,0,0,0,0,0,0,0,0,0,0,51901381,0,0,0,0,0,0,0
1789620765.931,0,0,0,0,0,0,0,228322271,1956342140416,714079689728,0,0,0,0,0,0,0,0,0,0,0,0,0,0,0,0,0,0,0,0,0,0,0,0,0,0,0,0,0,0,0,0,0,0,0,0,0,0,0,0,0,0,0,0,0,0,0,0,0,0,0,0,0,0,0,0,0,0,397719,119555056,39825514,0,0,0,0,0,0,0,0,0,0,0,0,0,0,0,0,0,0,0,0,0,0,0,0,0,0,0,0,0,0,0,0,0,0,0,0,0,2146058240,550993920,130985,33630,0,87,131072,119411383,0,0,1150104870,2147483648,93703917,126277167,0,0,0,0,0,0,0,0,0,0,0,0,0,0,0,0,0,0,7320772,7320887,0,97,97,6262,329,14641567,35,0,0,0,0,0,0,0,1,0,0,0,0,0,0,0,0,0,0,8234463,0,12327468,108923,0,0,0,0,0,0,0,0,16384,0,0,0,0,0,0,0,0,0,0,0,2757,345,0,0,0,0,0,22257620,0,605,1,47,345,2757,0,0,0,0,0,0,0,0,0,0,0,0,0,0,0,0,0,0,0,0,0,0,0,0,0,0,0,0,0,0,0,0,0,0,0,0,0,0,0,0,0,0,0,0,0,0,0,0,0,0,0,0,0,102901932,0,0,0,109534066,0,0,0,0,0,0,0,73048493,119463517,170018082,53207566336,43757885,0,0,0,0,0,0,0,0,0,0,0,0,0,0,0,0,0,0,0,0,0,0,0,0,0,0,0,0,0,0,0,51902152,0,0,0,0,0,0,0
1789620766.958,0,0,0,0,0,0,0,228345306,1956642393600,714149935616,0,0,0,0,0,0,0,0,0,0,0,0,0,0,0,0,0,0,0,0,0,0,0,0,0,0,0,0,0,0,0,0,0,0,0,0,0,0,0,0,0,0,0,0,0,0,0,0,0,0,0,0,0,0,0,0,0,0,397764,119573402,39829641,0,0,0,0,0,0,0,0,0,0,0,0,0,0,0,0,0,0,0,0,0,0,0,0,0,0,0,0,0,0,0,0,0,0,0,0,0,2146320384,557187072,131000,34008,0,72,131072,119429720,0,0,1150226063,2147483648,93721854,126289116,0,0,0,0,0,0,0,0,0,0,0,0,0,0,0,0,0,0,7321534,7321648,0,97,97,6262,329,14643104,35,0,0,0,0,0,0,0,1,0,0,0,0,0,0,0,0,0,0,8235318,0,12327468,108923,0,0,0,0,0,0,0,0,16384,0,0,0,0,0,0,0,0,0,0,0,2758,345,0,0,0,0,0,22259929,0,605,1,47,345,2758,0,0,0,0,0,0,0,0,0,0,0,0,0,0,0,0,0,0,0,0,0,0,0,0,0,0,0,0,0,0,0,0,0,0,0,0,0,0,0,0,0,0,0,0,0,0,0,0,0,0,0,0,0,102904390,0,0,0,109544835,0,0,0,0,0,0,0,73054134,119481858,170028789,53209297920,43759399,0,0,0,0,0,0,0,0,0,0,0,0,0,0,0,0,0,0,0,0,0,0,0,0,0,0,0,0,0,0,0,51902911,0,0,0,0,0,0,0
1789620767.985,0,0,0,0,0,0,0,228367324,1956928327168,714219693056,0,0,0,0,0,0,0,0,0,0,0,0,0,0,0,0,0,0,0,0,0,0,0,0,0,0,0,0,0,0,0,0,0,0,0,0,0,0,0,0,0,0,0,0,0,0,0,0,0,0,0,0,0,0,0,0,0,0,397807,119590877,39833747,0,0,0,0,0,0,0,0,0,0,0,0,0,0,0,0,0,0,0,0,0,0,0,0,0,0,0,0,0,0,0,0,0,0,0,0,0,2146123776,561053696,130988,34244,0,84,131072,119447184,0,0,1150342562,2147483648,93738814,126300601,0,0,0,0,0,0,0,0,0,0,0,0,0,0,0,0,0,0,7322256,7322369,0,97,97,6262,329,14644550,35,0,0,0,0,0,0,0,1,0,0,0,0,0,0,0,0,0,0,8236130,0,12327596,108924,0,0,0,0,0,0,0,0,16384,0,0,0,0,0,0,0,0,0,0,0,2759,345,0,0,0,0,0,22262134,0,605,1,47,345,2759,0,0,0,0,0,0,0,0,0,0,0,0,0,0,0,0,0,0,0,0,0,0,0,0,0,0,0,0,0,0,0,0,0,0,0,0,0,0,0,0,0,0,0,0,0,0,0,0,0,0,0,0,0,102906768,0,0,0,109555138,0,0,0,0,0,0,0,73059584,119499324,170039255,53210965504,43760874,0,0,0,0,0,0,0,0,0,0,0,0,0,0,0,0,0,0,0,0,0,0,0,0,0,0,0,0,0,0,0,51903633,0,0,0,0,0,0,0
1789620769.013,0,0,0,0,0,0,0,228391293,1957238066688,714292227072,0,0,0,0,0,0,0,0,0,0,0,0,0,0,0,0,0,0,0,0,0,0,0,0,0,0,0,0,0,0,0,0,0,0,0,0,0,0,0,0,0,0,0,0,0,0,0,0,0,0,0,0,0,0,0,0,0,0,397851,119609812,39838014,0,0,0,0,0,0,0,0,0,0,0,0,0,0,0,0,0,0,0,0,0,0,0,0,0,0,0,0,0,0,0,0,0,0,0,0,0,2146287616,569671680,130999,34770,0,73,131072,119466097,0,0,1150467626,2147483648,93757329,126313199,0,0,0,0,0,0,0,0,0,0,0,0,0,0,0,0,0,0,7323039,7323153,0,97,97,6262,329,14646115,35,0,0,0,0,0,0,0,1,0,0,0,0,0,0,0,0,0,0,8237014,0,12327596,108924,0,0,0,0,0,0,0,0,16384,0,0,0,0,0,0,0,0,0,0,0,2760,345,0,0,0,0,0,22264519,0,605,1,47,345,2760,0,0,0,0,0,0,0,0,0,0,0,0,0,0,0,0,0,0,0,0,0,0,0,0,0,0,0,0,0,0,0,0,0,0,0,0,0,0,0,0,0,0,0,0,0,0,0,0,0,0,0,0,0,102909264,0,0,0,109566385,0,0,0,0,0,0,0,73065412,119518239,170050266,53212739072,43762440,0,0,0,0,0,0,0,0,0,0,0,0,0,0,0,0,0,0,0,0,0,0,0,0,0,0,0,0,0,0,0,51904419,0,0,0,0,0,0,0
1789620770.039,0,0,0,0,0,0,0,228415999,1957559143936,714387929600,0,0,0,0,0,0,0,0,0,0,0,0,0,0,0,0,0,0,0,0,0,0,0,0,0,0,0,0,0,0,0,0,0,0,0,0,0,0,0,0,0,0,0,0,0,0,0,0,0,0,0,0,0,0,0,0,0,0,397896,119629445,39843684,0,0,0,0,0,0,0,0,0,0,0,0,0,0,0,0,0,0,0,0,0,0,0,0,0,0,0,0,0,0,0,0,0,0,0,0,0,2146271232,556744704,130998,33981,0,74,131072,119485715,0,0,1150597117,2147483648,93776055,126326111,0,0,0,0,0,0,0,0,0,0,0,0,0,0,0,0,0,0,7323856,7323970,0,97,97,6262,329,14647746,35,0,0,0,0,0,0,0,1,0,0,0,0,0,0,0,0,0,0,8237933,0,12328983,108936,0,0,0,0,0,0,0,0,16384,0,0,0,0,0,0,0,0,0,0,0,2761,345,0,0,0,0,0,22266992,0,605,1,47,345,2761,0,0,0,0,0,0,0,0,0,0,0,0,0,0,0,0,0,0,0,0,0,0,0,0,0,0,0,0,0,0,0,0,0,0,0,0,0,0,0,0,0,0,0,0,0,0,0,0,0,0,0,0,0,102911824,0,0,0,109577989,0,0,0,0,0,0,0,73071453,119537861,170062785,53214603264,43763995,0,0,0,0,0,0,0,0,0,0,0,0,0,0,0,0,0,0,0,0,0,0,0,0,0,0,0,0,0,0,0,51905236,0,0,0,0,0,0,0
1789620771.068,0,0,0,0,0,0,0,228439039,1957859200512,714459697664,0,0,0,0,0,0,0,0,0,0,0,0,0,0,0,0,0,0,0,0,0,0,0,0,0,0,0,0,0,0,0,0,0,0,0,0,0,0,0,0,0,0,0,0,0,0,0,0,0,0,0,0,0,0,0,0,0,0,397942,119647787,39847903,0,0,0,0,0,0,0,0,0,0,0,0,0,0,0,0,0,0,0,0,0,0,0,0,0,0,0,0,0,0,0,0,0,0,0,0,0,2146271232,560300032,130998,34198,0,74,131072,119504044,0,0,1150718429,2147483648,93793981,126338014,0,0,0,0,0,0,0,0,0,0,0,0,0,0,0,0,0,0,7324620,7324735,0,97,97,6262,329,14649270,35,0,0,0,0,0,0,0,1,0,0,0,0,0,0,0,0,0,0,8238794,0,12328983,108936,0,0,0,0,0,0,0,0,16384,0,0,0,0,0,0,0,0,0,0,0,2762,345,0,0,0,0,0,22269316,0,605,1,47,345,2762,0,0,0,0,0,0,0,0,0,0,0,0,0,0,0,0,0,0,0,0,0,0,0,0,0,0,0,0,0,0,0,0,0,0,0,0,0,0,0,0,0,0,0,0,0,0,0,0,0,0,0,0,0,102914238,0,0,0,109588692,0,0,0,0,0,0,0,73077161,119556199,170073637,53216330240,43765481,0,0,0,0,0,0,0,0,0,0,0,0,0,0,0,0,0,0,0,0,0,0,0,0,0,0,0,0,0,0,0,51906001,0,0,0,0,0,0,0
1789620772.094,0,0,0,0,0,0,0,228459520,1958126013952,714525270528,0,0,0,0,0,0,0,0,0,0,0,0,0,0,0,0,0,0,0,0,0,0,0,0,0,0,0,0,0,0,0,0,0,0,0,0,0,0,0,0,0,0,0,0,0,0,0,0,0,0,0,0,0,0,0,0,0,0,397981,119664081,39851756,0,0,0,0,0,0,0,0,0,0,0,0,0,0,0,0,0,0,0,0,0,0,0,0,0,0,0,0,0,0,0,0,0,0,0,0,0,2146336768,564445184,131002,34451,0,70,131072,119520325,0,0,1150826511,2147483648,93809848,126348718,0,0,0,0,0,0,0,0,0,0,0,0,0,0,0,0,0,0,7325296,7325409,0,97,97,6262,329,14650618,35,0,0,0,0,0,0,0,1,0,0,0,0,0,0,0,0,0,0,8239551,0,12329111,108937,0,0,0,0,0,0,0,0,16384,0,0,0,0,0,0,0,0,0,0,0,2763,345,0,0,0,0,0,22271357,0,605,1,47,345,2763,0,0,0,0,0,0,0,0,0,0,0,0,0,0,0,0,0,0,0,0,0,0,0,0,0,0,0,0,0,0,0,0,0,0,0,0,0,0,0,0,0,0,0,0,0,0,0,0,0,0,0,0,0,102916526,0,0,0,109598329,0,0,0,0,0,0,0,73082321,119572492,170083508,53217903616,43766909,0,0,0,0,0,0,0,0,0,0,0,0,0,0,0,0,0,0,0,0,0,0,0,0,0,0,0,0,0,0,0,51906674,0,0,0,0,0,0,0
1789620773.121,0,0,0,0,0,0,0,228484813,1958453136896,714600604160,0,0,0,0,0,0,0,0,0,0,0,0,0,0,0,0,0,0,0,0,0,0,0,0,0,0,0,0,0,0,0,0,0,0,0,0,0,0,0,0,0,0,0,0,0,0,0,0,0,0,0,0,0,0,0,0,0,0,398029,119684087,39856192,0,0,0,0,0,0,0,0,0,0,0,0,0,0,0,0,0,0,0,0,0,0,0,0,0,0,0,0,0,0,0,0,0,0,0,0,0,2146254848,575062016,130997,35099,0,75,131072,119540324,0,0,1150958563,2147483648,93829332,126361897,0,0,0,0,0,0,0,0,0,0,0,0,0,0,0,0,0,0,7326116,7326230,0,97,97,6262,329,14652270,35,0,0,0,0,0,0,0,1,0,0,0,0,0,0,0,0,0,0,8240476,0,12329111,108937,0,0,0,0,0,0,0,0,16384,0,0,0,0,0,0,0,0,0,0,0,2764,345,0,0,0,0,0,22273849,0,605,1,47,345,2764,0,0,0,0,0,0,0,0,0,0,0,0,0,0,0,0,0,0,0,0,0,0,0,0,0,0,0,0,0,0,0,0,0,0,0,0,0,0,0,0,0,0,0,0,0,0,0,0,0,0,0,0,0,102919082,0,0,0,109610182,0,0,0,0,0,0,0,73088327,119592484,170094919,53219726336,43768489,0,0,0,0,0,0,0,0,0,0,0,0,0,0,0,0,0,0,0,0,0,0,0,0,0,0,0,0,0,0,0,51907496,0,0,0,0,0,0,0
1789620774.148,0,0,0,0,0,0,0,228509814,1958776851968,714697950720,0,0,0,0,0,0,0,0,0,0,0,0,0,0,0,0,0,0,0,0,0,0,0,0,0,0,0,0,0,0,0,0,0,0,0,0,0,0,0,0,0,0,0,0,0,0,0,0,0,0,0,0,0,0,0,0,0,0,398077,119703876,39861883,0,0,0,0,0,0,0,0,0,0,0,0,0,0,0,0,0,0,0,0,0,0,0,0,0,0,0,0,0,0,0,0,0,0,0,0,0,2146107392,561987584,130988,34301,0,84,131072,119560104,0,0,1151089335,2147483648,93847701,126374917,0,0,0,0,0,0,0,0,0,0,0,0,0,0,0,0,0,0,7326943,7327054,0,97,97,6262,329,14653931,35,0,0,0,0,0,0,0,1,0,0,0,0,0,0,0,0,0,0,8241401,0,12330482,108949,0,0,0,0,0,0,0,0,16384,0,0,0,0,0,0,0,0,0,0,0,2765,345,0,0,0,0,0,22276348,0,605,1,47,345,2765,0,0,0,0,0,0,0,0,0,0,0,0,0,0,0,0,0,0,0,0,0,0,0,0,0,0,0,0,0,0,0,0,0,0,0,0,0,0,0,0,0,0,0,0,0,0,0,0,0,0,0,0,0,102924360,0,0,0,109621907,0,0,0,0,0,0,0,73096408,119612270,170110219,53222796288,43772041,1,0,0,0,0,0,0,0,0,0,0,0,0,0,0,0,0,0,0,0,0,0,0,0,0,0,0,0,0,0,0,51908318,0,0,0,0,0,0,0
1789620775.175,0,0,0,0,0,0,0,228532423,1959073762816,714773366784,0,0,0,0,0,0,0,0,0,0,0,0,0,0,0,0,0,0,0,0,0,0,0,0,0,0,0,0,0,0,0,0,0,0,0,0,0,0,0,0,0,0,0,0,0,0,0,0,0,0,0,0,0,0,0,0,0,0,398113,119722028,39866089,0,0,0,0,0,0,0,0,0,0,0,0,0,0,0,0,0,0,0,0,0,0,0,0,0,0,0,0,0,0,0,0,0,0,0,0,0,2146402304,565149696,131006,34494,0,66,131072,119578248,0,0,1151208961,2147483648,93865424,126387345,0,0,0,0,0,0,0,0,0,0,0,0,0,0,0,0,0,0,7327696,7327812,0,97,97,6262,329,14655426,35,0,0,0,0,0,0,0,1,0,0,0,0,0,0,0,0,0,0,8242255,0,12330482,108949,0,0,0,0,0,0,0,0,16384,0,0,0,0,0,0,0,0,0,0,0,2766,345,0,0,0,0,0,22278658,0,605,1,47,345,2766,0,0,0,0,0,0,0,0,0,0,0,0,0,0,0,0,0,0,0,0,0,0,0,0,0,0,0,0,0,0,0,0,0,0,0,0,0,0,0,0,0,0,0,0,0,0,0,0,0,0,0,0,0,102935145,0,0,0,109632790,0,0,0,0,0,0,0,73108493,119630405,170129405,53228342272,43779922,0,0,0,0,0,0,0,0,0,0,0,0,0,0,0,0,0,0,0,0,0,0,0,0,0,0,0,0,0,0,0,51908786,0,0,0,0,0,0,0
1789620776.202,0,0,0,0,0,0,0,228555365,1959374671360,714849854976,0,0,0,0,0,0,0,0,0,0,0,0,0,0,0,0,0,0,0,0,0,0,0,0,0,0,0,0,0,0,0,0,0,0,0,0,0,0,0,0,0,0,0,0,0,0,0,0,0,0,0,0,0,0,0,0,0,0,398160,119740427,39870326,0,0,0,0,0,0,0,0,0,0,0,0,0,0,0,0,0,0,0,0,0,0,0,0,0,0,0,0,0,0,0,0,0,0,0,0,0,2146222080,570392576,130995,34814,0,77,131072,119596631,0,0,1151334957,2147483648,93883297,126404555,0,0,0,0,0,0,0,0,0,0,0,0,0,0,0,0,0,0,7328463,7328577,0,97,97,6262,329,14656968,35,0,0,0,0,0,0,0,1,0,0,0,0,0,0,0,0,0,0,8243117,0,12330610,108950,0,0,0,0,0,0,0,0,16384,0,0,0,0,0,0,0,0,0,0,0,2767,345,0,0,0,0,0,22280987,0,605,1,47,345,2767,0,0,0,0,0,0,0,0,0,0,0,0,0,0,0,0,0,0,0,0,0,0,0,0,0,0,0,0,0,0,0,0,0,0,0,0,0,0,0,0,0,0,0,0,0,0,0,0,0,0,0,0,0,102946890,0,0,0,109645627,0,0,0,0,0,0,0,73120711,119648797,170149485,53234393088,43788036,0,0,0,0,0,0,0,0,0,0,0,0,0,0,0,0,0,0,0,0,0,0,0,0,0,0,0,0,0,0,0,51907462,0,0,0,0,0,0,0
1789620777.230,0,0,0,0,0,0,0,228578614,1959679282688,714932400128,0,0,0,0,0,0,0,0,0,0,0,0,0,0,0,0,0,0,0,0,0,0,0,0,0,0,0,0,0,0,0,0,0,0,0,0,0,0,0,0,0,0,0,0,0,0,0,0,0,0,0,0,0,0,0,0,0,0,398208,119759041,39874906,0,0,0,0,0,0,0,0,0,0,0,0,0,0,0,0,0,0,0,0,0,0,0,0,0,0,0,0,0,0,0,0,0,0,0,0,0,2146484224,571244544,131011,34866,0,61,131072,119615231,0,0,1151462873,2147483648,93901403,126422368,0,0,0,0,0,0,0,0,0,0,0,0,0,0,0,0,0,0,7329241,7329347,0,97,97,6262,329,14658516,35,0,0,0,0,0,0,0,1,0,0,0,0,0,0,0,0,0,0,8243983,0,12331224,108955,0,0,0,0,0,0,0,0,16384,0,0,0,0,0,0,0,0,0,0,0,2768,345,0,0,0,0,0,22283325,0,605,1,47,345,2768,0,0,0,0,0,0,0,0,0,0,0,0,0,0,0,0,0,0,0,0,0,0,0,0,0,0,0,0,0,0,0,0,0,0,0,0,0,0,0,0,0,0,0,0,0,0,0,0,0,0,0,0,0,102955781,0,0,0,109658822,0,0,0,0,0,0,0,73130950,119667411,170167131,53239148032,43794154,0,0,0,0,0,0,0,0,0,0,0,0,0,0,0,0,0,0,0,0,0,0,0,0,0,0,0,0,0,0,0,51905902,0,0,0,0,0,0,0
1789620778.257,0,0,0,0,0,0,0,228603670,1960009125376,715021882880,0,0,0,0,0,0,0,0,0,0,0,0,0,0,0,0,0,0,0,0,0,0,0,0,0,0,0,0,0,0,0,0,0,0,0,0,0,0,0,0,0,0,0,0,0,0,0,0,0,0,0,0,0,0,0,0,0,0,398258,119779218,39880291,0,0,0,0,0,0,0,0,0,0,0,0,0,0,0,0,0,0,0,0,0,0,0,0,0,0,0,0,0,0,0,0,0,0,0,0,0,2146271232,564887552,130997,34478,0,75,131072,119635398,0,0,1151601035,2147483648,93920705,126441631,0,0,0,0,0,0,0,0,0,0,0,0,0,0,0,0,0,0,7330077,7330189,0,97,97,6262,329,14660188,35,0,0,0,0,0,0,0,1,0,0,0,0,0,0,0,0,0,0,8244932,0,12331997,108962,0,0,0,0,0,0,0,0,16384,0,0,0,0,0,0,0,0,0,0,0,2769,345,0,0,0,0,0,22285896,0,605,1,47,345,2769,0,0,0,0,0,0,0,0,0,0,0,0,0,0,0,0,0,0,0,0,0,0,0,0,0,0,0,0,0,0,0,0,0,0,0,0,0,0,0,0,0,0,0,0,0,0,0,0,0,0,0,0,0,102958388,0,0,0,109673095,0,0,0,0,0,0,0,73137186,119687575,170179515,53241153024,43795739,0,0,0,0,0,0,0,0,0,0,0,0,0,0,0,0,0,0,0,0,0,0,0,0,0,0,0,0,0,0,0,51904240,0,0,0,0,0,0,0
1789620779.284,0,0,0,0,0,0,0,228625238,1960292011520,715087894016,0,0,0,0,0,0,0,0,0,0,0,0,0,0,0,0,0,0,0,0,0,0,0,0,0,0,0,0,0,0,0,0,0,0,0,0,0,0,0,0,0,0,0,0,0,0,0,0,0,0,0,0,0,0,0,0,0,0,398302,119796504,39884152,0,0,0,0,0,0,0,0,0,0,0,0,0,0,0,0,0,0,0,0,0,0,0,0,0,0,0,0,0,0,0,0,0,0,0,0,0,2146336768,571490304,131002,34881,0,70,131072,119652671,0,0,1151718755,2147483648,93937665,126457271,0,0,0,0,0,0,0,0,0,0,0,0,0,0,0,0,0,0,7330796,7330906,0,97,97,6262,329,14661625,35,0,0,0,0,0,0,0,1,0,0,0,0,0,0,0,0,0,0,8245738,0,12331997,108962,0,0,0,0,0,0,0,0,16384,0,0,0,0,0,0,0,0,0,0,0,2770,345,0,0,0,0,0,22288074,0,605,1,47,345,2770,0,0,0,0,0,0,0,0,0,0,0,0,0,0,0,0,0,0,0,0,0,0,0,0,0,0,0,0,0,0,0,0,0,0,0,0,0,0,0,0,0,0,0,0,0,0,0,0,0,0,0,0,0,102960834,0,0,0,109684975,0,0,0,0,0,0,0,73142542,119704867,170189696,53242898432,43797229,1,0,0,0,0,0,0,0,0,0,0,0,0,0,0,0,0,0,0,0,0,0,0,0,0,0,0,0,0,0,0,51903147,0,0,0,0,0,0,0
1789620780.311,0,0,0,0,0,0,0,228649525,1960609435136,715163938304,0,0,0,0,0,0,0,0,0,0,0,0,0,0,0,0,0,0,0,0,0,0,0,0,0,0,0,0,0,0,0,0,0,0,0,0,0,0,0,0,0,0,0,0,0,0,0,0,0,0,0,0,0,0,0,0,0,0,398348,119815923,39888616,0,0,0,0,0,0,0,0,0,0,0,0,0,0,0,0,0,0,0,0,0,0,0,0,0,0,0,0,0,0,0,0,0,0,0,0,0,2146320384,577896448,131001,35272,0,71,131072,119672075,0,0,1151851137,2147483648,93956541,126474529,0,0,0,0,0,0,0,0,0,0,0,0,0,0,0,0,0,0,7331609,7331719,0,97,97,6262,329,14663265,35,0,0,0,0,0,0,0,1,0,0,0,0,0,0,0,0,0,0,8246654,0,12332125,108963,0,0,0,0,0,0,0,0,16384,0,0,0,0,0,0,0,0,0,0,0,2771,345,0,0,0,0,0,22290558,0,605,1,47,345,2771,0,0,0,0,0,0,0,0,0,0,0,0,0,0,0,0,0,0,0,0,0,0,0,0,0,0,0,0,0,0,0,0,0,0,0,0,0,0,0,0,0,0,0,0,0,0,0,0,0,0,0,0,0,102963407,0,0,0,109698271,0,0,0,0,0,0,0,73148462,119724262,170201052,53244808704,43798818,0,0,0,0,0,0,0,0,0,0,0,0,0,0,0,0,0,0,0,0,0,0,0,0,0,0,0,0,0,0,0,51902116,0,0,0,0,0,0,0
1789620781.338,0,0,0,0,0,0,0,228673207,1960918076928,715258553344,0,0,0,0,0,0,0,0,0,0,0,0,0,0,0,0,0,0,0,0,0,0,0,0,0,0,0,0,0,0,0,0,0,0,0,0,0,0,0,0,0,0,0,0,0,0,0,0,0,0,0,0,0,0,0,0,0,0,398388,119834787,39894218,0,0,0,0,0,0,0,0,0,0,0,0,0,0,0,0,0,0,0,0,0,0,0,0,0,0,0,0,0,0,0,0,0,0,0,0,0,2146205696,562774016,130994,34349,0,78,131072,119690920,0,0,1151980536,2147483648,93974400,126491757,0,0,0,0,0,0,0,0,0,0,0,0,0,0,0,0,0,0,7332401,7332511,0,97,97,6262,329,14664839,35,0,0,0,0,0,0,0,1,0,0,0,0,0,0,0,0,0,0,8247542,0,12333495,108974,0,0,0,0,0,0,0,0,16384,0,0,0,0,0,0,0,0,0,0,0,2772,345,0,0,0,0,0,22292956,0,605,1,47,345,2772,0,0,0,0,0,0,0,0,0,0,0,0,0,0,0,0,0,0,0,0,0,0,0,0,0,0,0,0,0,0,0,0,0,0,0,0,0,0,0,0,0,0,0,0,0,0,0,0,0,0,0,0,0,102965964,0,0,0,109711356,0,0,0,0,0,0,0,73154457,119743113,170213446,53246689280,43800393,0,0,0,0,0,0,0,0,0,0,0,0,0,0,0,0,0,0,0,0,0,0,0,0,0,0,0,0,0,0,0,51900886,0,0,0,0,0,0,0
1789620782.365,0,0,0,0,0,0,0,228696062,1961217183232,715332491264,0,0,0,0,0,0,0,0,0,0,0,0,0,0,0,0,0,0,0,0,0,0,0,0,0,0,0,0,0,0,0,0,0,0,0,0,0,0,0,0,0,0,0,0,0,0,0,0,0,0,0,0,0,0,0,0,0,0,398437,119853062,39898307,0,0,0,0,0,0,0,0,0,0,0,0,0,0,0,0,0,0,0,0,0,0,0,0,0,0,0,0,0,0,0,0,0,0,0,0,0,2146287616,569982976,130999,34789,0,72,131072,119709184,0,0,1152106072,2147483648,93992255,126508987,0,0,0,0,0,0,0,0,0,0,0,0,0,0,0,0,0,0,7333159,7333273,0,97,97,6262,329,14666358,35,0,0,0,0,0,0,0,1,0,0,0,0,0,0,0,0,0,0,8248399,0,12333495,108974,0,0,0,0,0,0,0,0,16384,0,0,0,0,0,0,0,0,0,0,0,2773,345,0,0,0,0,0,22295258,0,605,1,47,345,2773,0,0,0,0,0,0,0,0,0,0,0,0,0,0,0,0,0,0,0,0,0,0,0,0,0,0,0,0,0,0,0,0,0,0,0,0,0,0,0,0,0,0,0,0,0,0,0,0,0,0,0,0,0,102977335,0,0,0,109724175,0,0,0,0,0,0,0,73166483,119761388,170232986,53252568576,43808328,0,0,0,0,0,0,0,0,0,0,0,0,0,0,0,0,0,0,0,0,0,0,0,0,0,0,0,0,0,0,0,51899475,0,0,0,0,0,0,0
1789620783.392,0,0,0,0,0,0,0,228720767,1961540423168,715413154304,0,0,0,0,0,0,0,0,0,0,0,0,0,0,0,0,0,0,0,0,0,0,0,0,0,0,0,0,0,0,0,0,0,0,0,0,0,0,0,0,0,0,0,0,0,0,0,0,0,0,0,0,0,0,0,0,0,0,398479,119872821,39902819,0,0,0,0,0,0,0,0,0,0,0,0,0,0,0,0,0,0,0,0,0,0,0,0,0,0,0,0,0,0,0,0,0,0,0,0,0,2146172928,576667648,130992,35197,0,80,131072,119728932,0,0,1152242407,2147483648,94011434,126528294,0,0,0,0,0,0,0,0,0,0,0,0,0,0,0,0,0,0,7333984,7334093,0,97,97,6262,329,14668001,35,0,0,0,0,0,0,0,1,0,0,0,0,0,0,0,0,0,0,8249322,0,12333623,108975,0,0,0,0,0,0,0,0,16384,0,0,0,0,0,0,0,0,0,0,0,2774,345,0,0,0,0,0,22297754,0,605,1,47,345,2774,0,0,0,0,0,0,0,0,0,0,0,0,0,0,0,0,0,0,0,0,0,0,0,0,0,0,0,0,0,0,0,0,0,0,0,0,0,0,0,0,0,0,0,0,0,0,0,0,0,0,0,0,0,102988172,0,0,0,109738365,0,0,0,0,0,0,0,73178198,119781129,170252703,53258260992,43815664,0,0,0,0,0,0,0,0,0,0,0,0,0,0,0,0,0,0,0,0,0,0,0,0,0,0,0,0,0,0,0,51897643,0,0,0,0,0,0,0
1789620784.419,0,0,0,0,0,0,0,228742910,1961830239744,715480665600,0,0,0,0,0,0,0,0,0,0,0,0,0,0,0,0,0,0,0,0,0,0,0,0,0,0,0,0,0,0,0,0,0,0,0,0,0,0,0,0,0,0,0,0,0,0,0,0,0,0,0,0,0,0,0,0,0,0,398525,119890530,39906770,0,0,0,0,0,0,0,0,0,0,0,0,0,0,0,0,0,0,0,0,0,0,0,0,0,0,0,0,0,0,0,0,0,0,0,0,0,2146353152,585318400,131003,35725,0,69,131072,119746634,0,0,1152364127,2147483648,94028755,126545111,0,0,0,0,0,0,0,0,0,0,0,0,0,0,0,0,0,0,7334725,7334836,0,97,97,6262,329,14669492,35,0,0,0,0,0,0,0,1,0,0,0,0,0,0,0,0,0,0,8250159,0,12333623,108975,0,0,0,0,0,0,0,0,16384,0,0,0,0,0,0,0,0,0,0,0,2775,345,0,0,0,0,0,22300014,0,605,1,47,345,2775,0,0,0,0,0,0,0,0,0,0,0,0,0,0,0,0,0,0,0,0,0,0,0,0,0,0,0,0,0,0,0,0,0,0,0,0,0,0,0,0,0,0,0,0,0,0,0,0,0,0,0,0,0,102990608,0,0,0,109750908,0,0,0,0,0,0,0,73183671,119798837,170263045,53260057088,43817190,0,0,0,0,0,0,0,0,0,0,0,0,0,0,0,0,0,0,0,0,0,0,0,0,0,0,0,0,0,0,0,51896268,0,0,0,0,0,0,0
1789620785.446,0,0,0,0,0,0,0,228767054,1962148318720,715577491968,0,0,0,0,0,0,0,0,0,0,0,0,0,0,0,0,0,0,0,0,0,0,0,0,0,0,0,0,0,0,0,0,0,0,0,0,0,0,0,0,0,0,0,0,0,0,0,0,0,0,0,0,0,0,0,0,0,0,398568,119909983,39912507,0,0,0,0,0,0,0,0,0,0,0,0,0,0,0,0,0,0,0,0,0,0,0,0,0,0,0,0,0,0,0,0,0,0,0,0,0,2146484224,569999360,131011,34790,0,61,131072,119766071,0,0,1152496967,2147483648,94047118,126563289,0,0,0,0,0,0,0,0,0,0,0,0,0,0,0,0,0,0,7335531,7335644,0,97,97,6262,329,14671098,35,0,0,0,0,0,0,0,1,0,0,0,0,0,0,0,0,0,0,8251068,0,12335043,108987,0,0,0,0,0,0,0,0,16384,0,0,0,0,0,0,0,0,0,0,0,2777,345,0,0,0,0,0,22302467,0,605,1,47,345,2777,0,0,0,0,0,0,0,0,0,0,0,0,0,0,0,0,0,0,0,0,0,0,0,0,0,0,0,0,0,0,0,0,0,0,0,0,0,0,0,0,0,0,0,0,0,0,0,0,0,0,0,0,0,102993142,0,0,0,109764527,0,0,0,0,0,0,0,73189756,119818272,170275638,53261957120,43818750,0,0,0,0,0,0,0,0,0,0,0,0,0,0,0,0,0,0,0,0,0,0,0,0,0,0,0,0,0,0,0,51894791,0,0,0,0,0,0,0
1789620786.473,0,0,0,0,0,0,0,228787522,1962416590336,715641272832,0,0,0,0,0,0,0,0,0,0,0,0,0,0,0,0,0,0,0,0,0,0,0,0,0,0,0,0,0,0,0,0,0,0,0,0,0,0,0,0,0,0,0,0,0,0,0,0,0,0,0,0,0,0,0,0,0,0,398608,119926379,39916243,0,0,0,0,0,0,0,0,0,0,0,0,0,0,0,0,0,0,0,0,0,0,0,0,0,0,0,0,0,0,0,0,0,0,0,0,0,2146254848,575094784,130997,35101,0,75,131072,119782457,0,0,1152609364,2147483648,94063190,126578591,0,0,0,0,0,0,0,0,0,0,0,0,0,0,0,0,0,0,7336209,7336320,0,97,97,6262,329,14672451,35,0,0,0,0,0,0,0,1,0,0,0,0,0,0,0,0,0,0,8251829,0,12335043,108987,0,0,0,0,0,0,0,0,16384,0,0,0,0,0,0,0,0,0,0,0,2778,345,0,0,0,0,0,22304520,0,605,1,47,345,2778,0,0,0,0,0,0,0,0,0,0,0,0,0,0,0,0,0,0,0,0,0,0,0,0,0,0,0,0,0,0,0,0,0,0,0,0,0,0,0,0,0,0,0,0,0,0,0,0,0,0,0,0,0,102995502,0,0,0,109775942,0,0,0,0,0,0,0,73194950,119834654,170285475,53263631360,43820206,0,0,0,0,0,0,0,0,0,0,0,0,0,0,0,0,0,0,0,0,0,0,0,0,0,0,0,0,0,0,0,51893530,0,0,0,0,0,0,0
1789620787.500,0,0,0,0,0,0,0,228811685,1962731851264,715716950528,0,0,0,0,0,0,0,0,0,0,0,0,0,0,0,0,0,0,0,0,0,0,0,0,0,0,0,0,0,0,0,0,0,0,0,0,0,0,0,0,0,0,0,0,0,0,0,0,0,0,0,0,0,0,0,0,0,0,398651,119945649,39920692,0,0,0,0,0,0,0,0,0,0,0,0,0,0,0,0,0,0,0,0,0,0,0,0,0,0,0,0,0,0,0,0,0,0,0,0,0,2146058240,580370432,130985,35423,0,87,131072,119801714,0,0,1152740928,2147483648,94081905,126595807,0,0,0,0,0,0,0,0,0,0,0,0,0,0,0,0,0,0,7337021,7337136,0,97,97,6262,329,14674063,35,0,0,0,0,0,0,0,1,0,0,0,0,0,0,0,0,0,0,8252745,0,12335171,108988,0,0,0,0,0,0,0,0,16384,0,0,0,0,0,0,0,0,0,0,0,2779,345,0,0,0,0,0,22306983,0,605,1,47,345,2779,0,0,0,0,0,0,0,0,0,0,0,0,0,0,0,0,0,0,0,0,0,0,0,0,0,0,0,0,0,0,0,0,0,0,0,0,0,0,0,0,0,0,0,0,0,0,0,0,0,0,0,0,0,102998075,0,0,0,109789178,0,0,0,0,0,0,0,73200856,119853923,170296798,53265532416,43821803,0,0,0,0,0,0,0,0,0,0,0,0,0,0,0,0,0,0,0,0,0,0,0,0,0,0,0,0,0,0,0,51892462,0,0,0,0,0,0,0
1789620788.527,0,0,0,0,0,0,0,228833548,1963019259392,715793037824,0,0,0,0,0,0,0,0,0,0,0,0,0,0,0,0,0,0,0,0,0,0,0,0,0,0,0,0,0,0,0,0,0,0,0,0,0,0,0,0,0,0,0,0,0,0,0,0,0,0,0,0,0,0,0,0,0,0,398690,119963221,39925054,0,0,0,0,0,0,0,0,0,0,0,0,0,0,0,0,0,0,0,0,0,0,0,0,0,0,0,0,0,0,0,0,0,0,0,0,0,2146615296,580485120,131019,35430,0,53,131072,119819270,0,0,1152861161,2147483648,94098993,126612429,0,0,0,0,0,0,0,0,0,0,0,0,0,0,0,0,0,0,7337754,7337866,0,97,97,6262,329,14675540,35,0,0,0,0,0,0,0,1,0,0,0,0,0,0,0,0,0,0,8253567,0,12335787,108993,0,0,0,0,0,0,0,0,16384,0,0,0,0,0,0,0,0,0,0,0,2780,345,0,0,0,0,0,22309200,0,605,1,47,345,2780,0,0,0,0,0,0,0,0,0,0,0,0,0,0,0,0,0,0,0,0,0,0,0,0,0,0,0,0,0,0,0,0,0,0,0,0,0,0,0,0,0,0,0,0,0,0,0,0,0,0,0,0,0,103000513,0,0,0,109801602,0,0,0,0,0,0,0,73206308,119871487,170307577,53267306496,43823318,0,0,0,0,0,0,0,0,0,0,0,0,0,0,0,0,0,0,0,0,0,0,0,0,0,0,0,0,0,0,0,51891061,0,0,0,0,0,0,0
1789620789.555,0,0,0,0,0,0,0,228858868,1963351444992,715883755520,0,0,0,0,0,0,0,0,0,0,0,0,0,0,0,0,0,0,0,0,0,0,0,0,0,0,0,0,0,0,0,0,0,0,0,0,0,0,0,0,0,0,0,0,0,0,0,0,0,0,0,0,0,0,0,0,0,0,398740,119983539,39930516,0,0,0,0,0,0,0,0,0,0,0,0,0,0,0,0,0,0,0,0,0,0,0,0,0,0,0,0,0,0,0,0,0,0,0,0,0,2146205696,573308928,130994,34992,0,78,131072,119839582,0,0,1153000446,2147483648,94118419,126631570,0,0,0,0,0,0,0,0,0,0,0,0,0,0,0,0,0,0,7338598,7338710,0,97,97,6262,329,14677228,35,0,0,0,0,0,0,0,1,0,0,0,0,0,0,0,0,0,0,8254517,0,12336566,109000,0,0,0,0,0,0,0,0,16384,0,0,0,0,0,0,0,0,0,0,0,2781,345,0,0,0,0,0,22311781,0,605,1,47,345,2781,0,0,0,0,0,0,0,0,0,0,0,0,0,0,0,0,0,0,0,0,0,0,0,0,0,0,0,0,0,0,0,0,0,0,0,0,0,0,0,0,0,0,0,0,0,0,0,0,0,0,0,0,0,103003140,0,0,0,109815873,0,0,0,0,0,0,0,73212625,119891788,170320128,53269304320,43824924,0,0,0,0,0,0,0,0,0,0,0,0,0,0,0,0,0,0,0,0,0,0,0,0,0,0,0,0,0,0,0,51889481,0,0,0,0,0,0,0
1789620790.582,0,0,0,0,0,0,0,228881307,1963644112384,715951600640,0,0,0,0,0,0,0,0,0,0,0,0,0,0,0,0,0,0,0,0,0,0,0,0,0,0,0,0,0,0,0,0,0,0,0,0,0,0,0,0,0,0,0,0,0,0,0,0,0,0,0,0,0,0,0,0,0,0,398785,120001436,39934489,0,0,0,0,0,0,0,0,0,0,0,0,0,0,0,0,0,0,0,0,0,0,0,0,0,0,0,0,0,0,0,0,0,0,0,0,0,2146287616,580943872,130999,35458,0,73,131072,119857464,0,0,1153122989,2147483648,94135910,126647957,0,0,0,0,0,0,0,0,0,0,0,0,0,0,0,0,0,0,7339352,7339462,0,97,97,6262,329,14678728,35,0,0,0,0,0,0,0,1,0,0,0,0,0,0,0,0,0,0,8255362,0,12336566,109000,0,0,0,0,0,0,0,0,16384,0,0,0,0,0,0,0,0,0,0,0,2782,345,0,0,0,0,0,22314076,0,605,1,47,345,2782,0,0,0,0,0,0,0,0,0,0,0,0,0,0,0,0,0,0,0,0,0,0,0,0,0,0,0,0,0,0,0,0,0,0,0,0,0,0,0,0,0,0,0,0,0,0,0,0,0,0,0,0,0,103005606,0,0,0,109828313,0,0,0,0,0,0,0,73218117,119909680,170330541,53271100928,43826441,0,0,0,0,0,0,0,0,0,0,0,0,0,0,0,0,0,0,0,0,0,0,0,0,0,0,0,0,0,0,0,51888318,0,0,0,0,0,0,0
1789620791.609,0,0,0,0,0,0,0,228905775,1963965271552,716028890112,0,0,0,0,0,0,0,0,0,0,0,0,0,0,0,0,0,0,0,0,0,0,0,0,0,0,0,0,0,0,0,0,0,0,0,0,0,0,0,0,0,0,0,0,0,0,0,0,0,0,0,0,0,0,0,0,0,0,398828,120021053,39939015,0,0,0,0,0,0,0,0,0,0,0,0,0,0,0,0,0,0,0,0,0,0,0,0,0,0,0,0,0,0,0,0,0,0,0,0,0,2146402304,586301440,131006,35785,0,67,131072,119877062,0,0,1153256693,2147483648,94154926,126665599,0,0,0,0,0,0,0,0,0,0,0,0,0,0,0,0,0,0,7340170,7340281,0,97,97,6262,329,14680362,35,0,0,0,0,0,0,0,1,0,0,0,0,0,0,0,0,0,0,8256284,0,12336694,109001,0,0,0,0,0,0,0,0,16384,0,0,0,0,0,0,0,0,0,0,0,2783,345,0,0,0,0,0,22316568,0,605,1,47,345,2783,0,0,0,0,0,0,0,0,0,0,0,0,0,0,0,0,0,0,0,0,0,0,0,0,0,0,0,0,0,0,0,0,0,0,0,0,0,0,0,0,0,0,0,0,0,0,0,0,0,0,0,0,0,103008502,0,0,0,109841786,0,0,0,0,0,0,0,73224335,119929292,170342372,53273175040,43828257,0,0,0,0,0,0,0,0,0,0,0,0,0,0,0,0,0,0,0,0,0,0,0,0,0,0,0,0,0,0,0,51887130,0,0,0,0,0,0,0
1789620792.636,0,0,0,0,0,0,0,228929866,1964281646592,716124638720,0,0,0,0,0,0,0,0,0,0,0,0,0,0,0,0,0,0,0,0,0,0,0,0,0,0,0,0,0,0,0,0,0,0,0,0,0,0,0,0,0,0,0,0,0,0,0,0,0,0,0,0,0,0,0,0,0,0,398868,120040383,39944680,0,0,0,0,0,0,0,0,0,0,0,0,0,0,0,0,0,0,0,0,0,0,0,0,0,0,0,0,0,0,0,0,0,0,0,0,0,2146402304,572211200,131006,34925,0,66,131072,119896375,0,0,1153388951,2147483648,94172780,126683422,0,0,0,0,0,0,0,0,0,0,0,0,0,0,0,0,0,0,7340971,7341084,0,97,97,6262,329,14681975,35,0,0,0,0,0,0,0,1,0,0,0,0,0,0,0,0,0,0,8257187,0,12338059,109013,0,0,0,0,0,0,0,0,16384,0,0,0,0,0,0,0,0,0,0,0,2784,345,0,0,0,0,0,22319006,0,605,1,47,345,2784,0,0,0,0,0,0,0,0,0,0,0,0,0,0,0,0,0,0,0,0,0,0,0,0,0,0,0,0,0,0,0,0,0,0,0,0,0,0,0,0,0,0,0,0,0,0,0,0,0,0,0,0,0,103011062,0,0,0,109855246,0,0,0,0,0,0,0,73230416,119948628,170354905,53275078144,43829835,0,0,0,0,0,0,0,0,0,0,0,0,0,0,0,0,0,0,0,0,0,0,0,0,0,0,0,0,0,0,0,51885743,0,0,0,0,0,0,0
1789620793.663,0,0,0,0,0,0,0,228953832,1964594499072,716198474752,0,0,0,0,0,0,0,0,0,0,0,0,0,0,0,0,0,0,0,0,0,0,0,0,0,0,0,0,0,0,0,0,0,0,0,0,0,0,0,0,0,0,0,0,0,0,0,0,0,0,0,0,0,0,0,0,0,0,398920,120059522,39949011,0,0,0,0,0,0,0,0,0,0,0,0,0,0,0,0,0,0,0,0,0,0,0,0,0,0,0,0,0,0,0,0,0,0,0,0,0,2146140160,579371008,130990,35362,0,82,131072,119915496,0,0,1153519524,2147483648,94191507,126700560,0,0,0,0,0,0,0,0,0,0,0,0,0,0,0,0,0,0,7341774,7341882,0,97,97,6262,329,14683571,35,0,0,0,0,0,0,0,1,0,0,0,0,0,0,0,0,0,0,8258086,0,12338059,109013,0,0,0,0,0,0,0,0,16384,0,0,0,0,0,0,0,0,0,0,0,2785,345,0,0,0,0,0,22321435,0,605,1,47,345,2785,0,0,0,0,0,0,0,0,0,0,0,0,0,0,0,0,0,0,0,0,0,0,0,0,0,0,0,0,0,0,0,0,0,0,0,0,0,0,0,0,0,0,0,0,0,0,0,0,0,0,0,0,0,103013622,0,0,0,109868283,0,0,0,0,0,0,0,73236326,119967745,170366117,53276997632,43831417,0,0,0,0,0,0,0,0,0,0,0,0,0,0,0,0,0,0,0,0,0,0,0,0,0,0,0,0,0,0,0,51884752,0,0,0,0,0,0,0
1789620794.689,0,0,0,0,0,0,0,228976004,1964885577216,716268597248,0,0,0,0,0,0,0,0,0,0,0,0,0,0,0,0,0,0,0,0,0,0,0,0,0,0,0,0,0,0,0,0,0,0,0,0,0,0,0,0,0,0,0,0,0,0,0,0,0,0,0,0,0,0,0,0,0,0,398959,120077301,39953138,0,0,0,0,0,0,0,0,0,0,0,0,0,0,0,0,0,0,0,0,0,0,0,0,0,0,0,0,0,0,0,0,0,0,0,0,0,2146369536,581894144,131004,35516,0,68,131072,119933259,0,0,1153636019,2147483648,94208771,126711979,0,0,0,0,0,0,0,0,0,0,0,0,0,0,0,0,0,0,7342509,7342621,0,97,97,6262,329,14685049,35,0,0,0,0,0,0,0,1,0,0,0,0,0,0,0,0,0,0,8258916,0,12338187,109014,0,0,0,0,0,0,0,0,16384,0,0,0,0,0,0,0,0,0,0,0,2786,345,0,0,0,0,0,22323671,0,605,1,47,345,2786,0,0,0,0,0,0,0,0,0,0,0,0,0,0,0,0,0,0,0,0,0,0,0,0,0,0,0,0,0,0,0,0,0,0,0,0,0,0,0,0,0,0,0,0,0,0,0,0,0,0,0,0,0,103016032,0,0,0,109878631,0,0,0,0,0,0,0,73241821,119985522,170376644,53278673920,43832910,0,0,0,0,0,0,0,0,0,0,0,0,0,0,0,0,0,0,0,0,0,0,0,0,0,0,0,0,0,0,0,51885489,0,0,0,0,0,0,0
1789620795.716,0,0,0,0,0,0,0,228999276,1965188533760,716341338624,0,0,0,0,0,0,0,0,0,0,0,0,0,0,0,0,0,0,0,0,0,0,0,0,0,0,0,0,0,0,0,0,0,0,0,0,0,0,0,0,0,0,0,0,0,0,0,0,0,0,0,0,0,0,0,0,0,0,399000,120095812,39957323,0,0,0,0,0,0,0,0,0,0,0,0,0,0,0,0,0,0,0,0,0,0,0,0,0,0,0,0,0,0,0,0,0,0,0,0,0,2146435072,586973184,131008,35826,0,64,131072,119951753,0,0,1153758672,2147483648,94226896,126724030,0,0,0,0,0,0,0,0,0,0,0,0,0,0,0,0,0,0,7343287,7343397,0,97,97,6262,329,14686612,35,0,0,0,0,0,0,0,1,0,0,0,0,0,0,0,0,0,0,8259791,0,12338187,109014,0,0,0,0,0,0,0,0,16384,0,0,0,0,0,0,0,0,0,0,0,2787,345,0,0,0,0,0,22326044,0,605,1,47,345,2787,0,0,0,0,0,0,0,0,0,0,0,0,0,0,0,0,0,0,0,0,0,0,0,0,0,0,0,0,0,0,0,0,0,0,0,0,0,0,0,0,0,0,0,0,0,0,0,0,0,0,0,0,0,103021776,0,0,0,109889553,0,0,0,0,0,0,0,73249990,120004025,170390748,53281921024,43836896,0,0,0,0,0,0,0,0,0,0,0,0,0,0,0,0,0,0,0,0,0,0,0,0,0,0,0,0,0,0,0,51886267,0,0,0,0,0,0,0
1789620796.742,0,0,0,0,0,0,0,229022629,1965492948480,716434568704,0,0,0,0,0,0,0,0,0,0,0,0,0,0,0,0,0,0,0,0,0,0,0,0,0,0,0,0,0,0,0,0,0,0,0,0,0,0,0,0,0,0,0,0,0,0,0,0,0,0,0,0,0,0,0,0,0,0,399055,120114428,39962851,0,0,0,0,0,0,0,0,0,0,0,0,0,0,0,0,0,0,0,0,0,0,0,0,0,0,0,0,0,0,0,0,0,0,0,0,0,2146320384,572211200,131001,34925,0,71,131072,119970357,0,0,1153881934,2147483648,94244497,126736230,0,0,0,0,0,0,0,0,0,0,0,0,0,0,0,0,0,0,7344048,7344160,0,97,97,6262,329,14688139,35,0,0,0,0,0,0,0,1,0,0,0,0,0,0,0,0,0,0,8260648,0,12339593,109026,0,0,0,0,0,0,0,0,16384,0,0,0,0,0,0,0,0,0,0,0,2788,345,0,0,0,0,0,22328358,0,605,1,47,345,2788,0,0,0,0,0,0,0,0,0,0,0,0,0,0,0,0,0,0,0,0,0,0,0,0,0,0,0,0,0,0,0,0,0,0,0,0,0,0,0,0,0,0,0,0,0,0,0,0,0,0,0,0,0,103024241,0,0,0,109900451,0,0,0,0,0,0,0,73255843,120022624,170402868,53283666432,43838420,0,0,0,0,0,0,0,0,0,0,0,0,0,0,0,0,0,0,0,0,0,0,0,0,0,0,0,0,0,0,0,51887029,0,0,0,0,0,0,0
1789620797.770,0,0,0,0,0,0,0,229055337,1965918670336,716537340416,0,0,0,0,0,0,0,0,0,0,0,0,0,0,0,0,0,0,0,0,0,0,0,0,0,0,0,0,0,0,0,0,0,0,0,0,0,0,0,0,0,0,0,0,0,0,0,0,0,0,0,0,0,0,0,0,0,0,399173,120140470,39968602,0,0,0,0,0,0,0,0,0,0,0,0,0,0,0,0,0,0,0,0,0,0,0,0,0,0,0,0,0,0,0,0,0,0,0,0,0,2146271232,585809920,130998,35755,0,74,131072,119996367,0,0,1154053985,2147483648,94269661,126753840,0,0,0,0,0,0,0,0,0,0,0,0,0,0,0,0,0,0,7345125,7345230,0,97,97,6262,329,14690294,35,0,0,0,0,0,0,0,1,0,0,0,0,0,0,0,0,0,0,8261853,0,12339721,109027,0,0,0,0,0,0,0,0,16384,0,0,0,0,0,0,0,0,0,0,0,2789,345,0,0,0,0,0,22331617,0,605,1,47,345,2789,0,0,0,0,0,0,0,0,0,0,0,0,0,0,0,0,0,0,0,0,0,0,0,0,0,0,0,0,0,0,0,0,0,0,0,0,0,0,0,0,0,0,0,0,0,0,0,0,0,0,0,0,0,103038164,0,0,0,109915807,0,0,0,0,0,0,0,73270893,120048654,170428146,53290922496,43847848,0,0,0,0,0,0,0,0,0,0,0,0,0,0,0,0,0,0,0,0,0,0,0,0,0,0,0,0,0,0,0,51888100,0,0,0,0,0,0,0
1789620798.797,0,0,0,0,0,0,0,229079533,1966232997376,716613242368,0,0,0,0,0,0,0,0,0,0,0,0,0,0,0,0,0,0,0,0,0,0,0,0,0,0,0,0,0,0,0,0,0,0,0,0,0,0,0,0,0,0,0,0,0,0,0,0,0,0,0,0,0,0,0,0,0,0,399190,120159694,39972898,0,0,0,0,0,0,0,0,0,0,0,0,0,0,0,0,0,0,0,0,0,0,0,0,0,0,0,0,0,0,0,0,0,0,0,0,0,2146254848,592248832,130997,36148,0,75,131072,120015578,0,0,1154180422,2147483648,94288417,126766213,0,0,0,0,0,0,0,0,0,0,0,0,0,0,0,0,0,0,7345931,7346042,0,97,97,6262,329,14691900,35,0,0,0,0,0,0,0,1,0,0,0,0,0,0,0,0,0,0,8262766,0,12339721,109027,0,0,0,0,0,0,0,0,16384,0,0,0,0,0,0,0,0,0,0,0,2790,345,0,0,0,0,0,22334095,0,605,1,47,345,2790,0,0,0,0,0,0,0,0,0,0,0,0,0,0,0,0,0,0,0,0,0,0,0,0,0,0,0,0,0,0,0,0,0,0,0,0,0,0,0,0,0,0,0,0,0,0,0,0,0,0,0,0,0,103046720,0,0,0,109927144,0,0,0,0,0,0,0,73281337,120067862,170445288,53295461376,43853997,0,0,0,0,0,0,0,0,0,0,0,0,0,0,0,0,0,0,0,0,0,0,0,0,0,0,0,0,0,0,0,51888912,0,0,0,0,0,0,0
1789620799.824,0,0,0,0,0,0,0,229103550,1966546161152,716709255168,0,0,0,0,0,0,0,0,0,0,0,0,0,0,0,0,0,0,0,0,0,0,0,0,0,0,0,0,0,0,0,0,0,0,0,0,0,0,0,0,0,0,0,0,0,0,0,0,0,0,0,0,0,0,0,0,0,0,399216,120178815,39978585,0,0,0,0,0,0,0,0,0,0,0,0,0,0,0,0,0,0,0,0,0,0,0,0,0,0,0,0,0,0,0,0,0,0,0,0,0,2146435072,576421888,131008,35182,0,64,131072,120034684,0,0,1154306154,2147483648,94306545,126778575,0,0,0,0,0,0,0,0,0,0,0,0,0,0,0,0,0,0,7346730,7346841,0,97,97,6262,329,14693496,35,0,0,0,0,0,0,0,1,0,0,0,0,0,0,0,0,0,0,8263665,0,12341104,109039,0,0,0,0,0,0,0,0,16384,0,0,0,0,0,0,0,0,0,0,0,2791,345,0,0,0,0,0,22336521,0,605,1,47,345,2791,0,0,0,0,0,0,0,0,0,0,0,0,0,0,0,0,0,0,0,0,0,0,0,0,0,0,0,0,0,0,0,0,0,0,0,0,0,0,0,0,0,0,0,0,0,0,0,0,0,0,0,0,0,103049223,0,0,0,109938399,0,0,0,0,0,0,0,73287416,120086986,170457807,53297231360,43855565,0,0,0,0,0,0,0,0,0,0,0,0,0,0,0,0,0,0,0,0,0,0,0,0,0,0,0,0,0,0,0,51889711,0,0,0,0,0,0,0
1789620800.851,0,0,0,0,0,0,0,229124304,1966817086976,716773083648,0,0,0,0,0,0,0,0,0,0,0,0,0,0,0,0,0,0,0,0,0,0,0,0,0,0,0,0,0,0,0,0,0,0,0,0,0,0,0,0,0,0,0,0,0,0,0,0,0,0,0,0,0,0,0,0,0,0,399248,120195377,39982345,0,0,0,0,0,0,0,0,0,0,0,0,0,0,0,0,0,0,0,0,0,0,0,0,0,0,0,0,0,0,0,0,0,0,0,0,0,2146172928,580730880,130992,35445,0,80,131072,120051237,0,0,1154415301,2147483648,94322764,126789285,0,0,0,0,0,0,0,0,0,0,0,0,0,0,0,0,0,0,7347424,7347530,0,97,97,6262,329,14694878,35,0,0,0,0,0,0,0,1,0,0,0,0,0,0,0,0,0,0,8264440,0,12341104,109039,0,0,0,0,0,0,0,0,16384,0,0,0,0,0,0,0,0,0,0,0,2792,345,0,0,0,0,0,22338617,0,605,1,47,345,2792,0,0,0,0,0,0,0,0,0,0,0,0,0,0,0,0,0,0,0,0,0,0,0,0,0,0,0,0,0,0,0,0,0,0,0,0,0,0,0,0,0,0,0,0,0,0,0,0,0,0,0,0,0,103051590,0,0,0,109948104,0,0,0,0,0,0,0,73292622,120103531,170467665,53298829312,43857022,0,0,0,0,0,0,0,0,0,0,0,0,0,0,0,0,0,0,0,0,0,0,0,0,0,0,0,0,0,0,0,51890400,0,0,0,0,0,0,0
1789620801.877,0,0,0,0,0,0,0,229149912,1967148879360,716851622912,0,0,0,0,0,0,0,0,0,0,0,0,0,0,0,0,0,0,0,0,0,0,0,0,0,0,0,0,0,0,0,0,0,0,0,0,0,0,0,0,0,0,0,0,0,0,0,0,0,0,0,0,0,0,0,0,0,0,399290,120215654,39986965,0,0,0,0,0,0,0,0,0,0,0,0,0,0,0,0,0,0,0,0,0,0,0,0,0,0,0,0,0,0,0,0,0,0,0,0,0,2146287616,588382208,130999,35912,0,73,131072,120071487,0,0,1154550390,2147483648,94342433,126802609,0,0,0,0,0,0,0,0,0,0,0,0,0,0,0,0,0,0,7348258,7348369,0,97,97,6262,329,14696553,35,0,0,0,0,0,0,0,1,0,0,0,0,0,0,0,0,0,0,8265383,0,12341232,109040,0,0,0,0,0,0,0,0,16384,0,0,0,0,0,0,0,0,0,0,0,2793,345,0,0,0,0,0,22341164,0,605,1,47,345,2793,0,0,0,0,0,0,0,0,0,0,0,0,0,0,0,0,0,0,0,0,0,0,0,0,0,0,0,0,0,0,0,0,0,0,0,0,0,0,0,0,0,0,0,0,0,0,0,0,0,0,0,0,0,103054144,0,0,0,109960072,0,0,0,0,0,0,0,73298724,120123807,170479329,53300694016,43858636,0,0,0,0,0,0,0,0,0,0,0,0,0,0,0,0,0,0,0,0,0,0,0,0,0,0,0,0,0,0,0,51891238,0,0,0,0,0,0,0
1789620802.904,0,0,0,0,0,0,0,229172151,1967437696512,716926041088,0,0,0,0,0,0,0,0,0,0,0,0,0,0,0,0,0,0,0,0,0,0,0,0,0,0,0,0,0,0,0,0,0,0,0,0,0,0,0,0,0,0,0,0,0,0,0,0,0,0,0,0,0,0,0,0,0,0,399330,120233293,39991271,0,0,0,0,0,0,0,0,0,0,0,0,0,0,0,0,0,0,0,0,0,0,0,0,0,0,0,0,0,0,0,0,0,0,0,0,0,2146304000,591200256,131001,36084,0,70,131072,120089109,0,0,1154666517,2147483648,94359585,126814233,0,0,0,0,0,0,0,0,0,0,0,0,0,0,0,0,0,0,7348987,7349098,0,97,97,6262,329,14698004,35,0,0,0,0,0,0,0,1,0,0,0,0,0,0,0,0,0,0,8266202,0,12341592,109043,0,0,0,0,0,0,0,0,16384,0,0,0,0,0,0,0,0,0,0,0,2794,345,0,0,0,0,0,22343380,0,605,1,47,345,2794,0,0,0,0,0,0,0,0,0,0,0,0,0,0,0,0,0,0,0,0,0,0,0,0,0,0,0,0,0,0,0,0,0,0,0,0,0,0,0,0,0,0,0,0,0,0,0,0,0,0,0,0,0,103056540,0,0,0,109970498,0,0,0,0,0,0,0,73304199,120141463,170490058,53302367232,43860145,0,0,0,0,0,0,0,0,0,0,0,0,0,0,0,0,0,0,0,0,0,0,0,0,0,0,0,0,0,0,0,51891965,0,0,0,0,0,0,0
1789620803.931,0,0,0,0,0,0,0,229197528,1967768096256,717017385984,0,0,0,0,0,0,0,0,0,0,0,0,0,0,0,0,0,0,0,0,0,0,0,0,0,0,0,0,0,0,0,0,0,0,0,0,0,0,0,0,0,0,0,0,0,0,0,0,0,0,0,0,0,0,0,0,0,0,399373,120253512,39996749,0,0,0,0,0,0,0,0,0,0,0,0,0,0,0,0,0,0,0,0,0,0,0,0,0,0,0,0,0,0,0,0,0,0,0,0,0,2146091008,582893568,130987,35577,0,85,131072,120109322,0,0,1154799779,2147483648,94378872,126827384,0,0,0,0,0,0,0,0,0,0,0,0,0,0,0,0,0,0,7349820,7349929,0,97,97,6262,329,14699665,35,0,0,0,0,0,0,0,1,0,0,0,0,0,0,0,0,0,0,8267140,0,12342620,109052,0,0,0,0,0,0,0,0,16384,0,0,0,0,0,0,0,0,0,0,0,2795,345,0,0,0,0,0,22345909,0,605,1,47,345,2795,0,0,0,0,0,0,0,0,0,0,0,0,0,0,0,0,0,0,0,0,0,0,0,0,0,0,0,0,0,0,0,0,0,0,0,0,0,0,0,0,0,0,0,0,0,0,0,0,0,0,0,0,0,103059109,0,0,0,109982349,0,0,0,0,0,0,0,73310424,120161645,170502483,53304264192,43861738,0,0,0,0,0,0,0,0,0,0,0,0,0,0,0,0,0,0,0,0,0,0,0,0,0,0,0,0,0,0,0,51892800,0,0,0,0,0,0,0
1789620804.957,0,0,0,0,0,0,0,229219168,1968051277312,717085735936,0,0,0,0,0,0,0,0,0,0,0,0,0,0,0,0,0,0,0,0,0,0,0,0,0,0,0,0,0,0,0,0,0,0,0,0,0,0,0,0,0,0,0,0,0,0,0,0,0,0,0,0,0,0,0,0,0,0,399416,120270827,40000762,0,0,0,0,0,0,0,0,0,0,0,0,0,0,0,0,0,0,0,0,0,0,0,0,0,0,0,0,0,0,0,0,0,0,0,0,0,2146336768,586825728,131002,35817,0,70,131072,120126628,0,0,1154914971,2147483648,94395841,126838719,0,0,0,0,0,0,0,0,0,0,0,0,0,0,0,0,0,0,7350541,7350653,0,97,97,6262,329,14701116,35,0,0,0,0,0,0,0,1,0,0,0,0,0,0,0,0,0,0,8267954,0,12342620,109052,0,0,0,0,0,0,0,0,16384,0,0,0,0,0,0,0,0,0,0,0,2796,345,0,0,0,0,0,22348102,0,605,1,47,345,2796,0,0,0,0,0,0,0,0,0,0,0,0,0,0,0,0,0,0,0,0,0,0,0,0,0,0,0,0,0,0,0,0,0,0,0,0,0,0,0,0,0,0,0,0,0,0,0,0,0,0,0,0,0,103061533,0,0,0,109992544,0,0,0,0,0,0,0,73315946,120178943,170512938,53305934848,43863244,0,0,0,0,0,0,0,0,0,0,0,0,0,0,0,0,0,0,0,0,0,0,0,0,0,0,0,0,0,0,0,51893523,0,0,0,0,0,0,0
1789620805.985,0,0,0,0,0,0,0,229242946,1968359394816,717159880704,0,0,0,0,0,0,0,0,0,0,0,0,0,0,0,0,0,0,0,0,0,0,0,0,0,0,0,0,0,0,0,0,0,0,0,0,0,0,0,0,0,0,0,0,0,0,0,0,0,0,0,0,0,0,0,0,0,0,399467,120289658,40005133,0,0,0,0,0,0,0,0,0,0,0,0,0,0,0,0,0,0,0,0,0,0,0,0,0,0,0,0,0,0,0,0,0,0,0,0,0,2146320384,594575360,131001,36290,0,71,131072,120145447,0,0,1155039058,2147483648,94414152,126851343,0,0,0,0,0,0,0,0,0,0,0,0,0,0,0,0,0,0,7351322,7351436,0,97,97,6262,329,14702669,35,0,0,0,0,0,0,0,1,0,0,0,0,0,0,0,0,0,0,8268835,0,12342748,109053,0,0,0,0,0,0,0,0,16384,0,0,0,0,0,0,0,0,0,0,0,2797,345,0,0,0,0,0,22350483,0,605,1,47,345,2797,0,0,0,0,0,0,0,0,0,0,0,0,0,0,0,0,0,0,0,0,0,0,0,0,0,0,0,0,0,0,0,0,0,0,0,0,0,0,0,0,0,0,0,0,0,0,0,0,0,0,0,0,0,103064038,0,0,0,110003742,0,0,0,0,0,0,0,73321727,120197767,170524042,53307716608,43864793,0,0,0,0,0,0,0,0,0,0,0,0,0,0,0,0,0,0,0,0,0,0,0,0,0,0,0,0,0,0,0,51894308,0,0,0,0,0,0,0
1789620807.012,0,0,0,0,0,0,0,229266900,1968671460864,717253591040,0,0,0,0,0,0,0,0,0,0,0,0,0,0,0,0,0,0,0,0,0,0,0,0,0,0,0,0,0,0,0,0,0,0,0,0,0,0,0,0,0,0,0,0,0,0,0,0,0,0,0,0,0,0,0,0,0,0,399510,120308739,40010687,0,0,0,0,0,0,0,0,0,0,0,0,0,0,0,0,0,0,0,0,0,0,0,0,0,0,0,0,0,0,0,0,0,0,0,0,0,2146205696,584302592,130994,35663,0,78,131072,120164512,0,0,1155164373,2147483648,94432223,126863769,0,0,0,0,0,0,0,0,0,0,0,0,0,0,0,0,0,0,7352097,7352208,0,97,97,6262,329,14704230,35,0,0,0,0,0,0,0,1,0,0,0,0,0,0,0,0,0,0,8269703,0,12344142,109066,0,0,0,0,0,0,0,0,16384,0,0,0,0,0,0,0,0,0,0,0,2798,345,0,0,0,0,0,22352825,0,605,1,47,345,2798,0,0,0,0,0,0,0,0,0,0,0,0,0,0,0,0,0,0,0,0,0,0,0,0,0,0,0,0,0,0,0,0,0,0,0,0,0,0,0,0,0,0,0,0,0,0,0,0,0,0,0,0,0,103066546,0,0,0,110014908,0,0,0,0,0,0,0,73327652,120216824,170536274,53309487616,43866344,0,0,0,0,0,0,0,0,0,0,0,0,0,0,0,0,0,0,0,0,0,0,0,0,0,0,0,0,0,0,0,51895078,0,0,0,0,0,0,0
1789620808.039,0,0,0,0,0,0,0,229290686,1968980889088,717326553600,0,0,0,0,0,0,0,0,0,0,0,0,0,0,0,0,0,0,0,0,0,0,0,0,0,0,0,0,0,0,0,0,0,0,0,0,0,0,0,0,0,0,0,0,0,0,0,0,0,0,0,0,0,0,0,0,0,0,399556,120327653,40014983,0,0,0,0,0,0,0,0,0,0,0,0,0,0,0,0,0,0,0,0,0,0,0,0,0,0,0,0,0,0,0,0,0,0,0,0,0,2146140160,589217792,130990,35963,0,82,131072,120183414,0,0,1155289497,2147483648,94450724,126876073,0,0,0,0,0,0,0,0,0,0,0,0,0,0,0,0,0,0,7352889,7352998,0,97,97,6262,329,14705805,35,0,0,0,0,0,0,0,1,0,0,0,0,0,0,0,0,0,0,8270593,0,12344142,109066,0,0,0,0,0,0,0,0,16384,0,0,0,0,0,0,0,0,0,0,0,2799,345,0,0,0,0,0,22355234,0,605,1,47,345,2799,0,0,0,0,0,0,0,0,0,0,0,0,0,0,0,0,0,0,0,0,0,0,0,0,0,0,0,0,0,0,0,0,0,0,0,0,0,0,0,0,0,0,0,0,0,0,0,0,0,0,0,0,0,103069041,0,0,0,110026001,0,0,0,0,0,0,0,73333503,120235734,170547350,53311258624,43867905,1,0,0,0,0,0,0,0,0,0,0,0,0,0,0,0,0,0,0,0,0,0,0,0,0,0,0,0,0,0,0,51895870,0,0,0,0,0,0,0
1789620809.065,0,0,0,0,0,0,0,229311657,1969253142016,717394470912,0,0,0,0,0,0,0,0,0,0,0,0,0,0,0,0,0,0,0,0,0,0,0,0,0,0,0,0,0,0,0,0,0,0,0,0,0,0,0,0,0,0,0,0,0,0,0,0,0,0,0,0,0,0,0,0,0,0,399597,120344291,40018942,0,0,0,0,0,0,0,0,0,0,0,0,0,0,0,0,0,0,0,0,0,0,0,0,0,0,0,0,0,0,0,0,0,0,0,0,0,2146074624,592199680,130987,36145,1,86,131072,120200043,0,0,1155400312,2147483648,94466913,126887083,0,0,0,0,0,0,0,0,0,0,0,0,0,0,0,0,0,0,7353575,7353688,0,97,97,6262,329,14707180,35,0,0,0,0,0,0,0,1,0,0,0,0,0,0,0,0,0,0,8271369,0,12344142,109067,0,0,0,0,0,0,0,0,16384,0,0,0,0,0,0,0,0,0,0,0,2800,345,0,0,0,0,0,22357329,0,605,1,47,345,2800,0,0,0,0,0,0,0,0,0,0,0,0,0,0,0,0,0,0,0,0,0,0,0,0,0,0,0,0,0,0,0,0,0,0,0,0,0,0,0,0,0,0,0,0,0,0,0,0,0,0,0,0,0,103071433,0,0,0,110035805,0,0,0,0,0,0,0,73338870,120252372,170557603,53312914432,43869406,0,0,0,0,0,0,0,0,0,0,0,0,0,0,0,0,0,0,0,0,0,0,0,0,0,0,0,0,0,0,0,51896560,0,0,0,0,0,0,0
1789620810.092,0,0,0,0,0,0,0,229336975,1969581198848,717471378944,0,0,0,0,0,0,0,0,0,0,0,0,0,0,0,0,0,0,0,0,0,0,0,0,0,0,0,0,0,0,0,0,0,0,0,0,0,0,0,0,0,0,0,0,0,0,0,0,0,0,0,0,0,0,0,0,0,0,399641,120364358,40023491,0,0,0,0,0,0,0,0,0,0,0,0,0,0,0,0,0,0,0,0,0,0,0,0,0,0,0,0,0,0,0,0,0,0,0,0,0,2146271232,601161728,130998,36692,0,74,131072,120220093,0,0,1155532667,2147483648,94486428,126900287,0,0,0,0,0,0,0,0,0,0,0,0,0,0,0,0,0,0,7354402,7354515,0,97,97,6262,329,14708833,35,0,0,0,0,0,0,0,1,0,0,0,0,0,0,0,0,0,0,8272300,0,12344270,109067,0,0,0,0,0,0,0,0,16384,0,0,0,0,0,0,0,0,0,0,0,2801,345,0,0,0,0,0,22359838,0,605,1,47,345,2801,0,0,0,0,0,0,0,0,0,0,0,0,0,0,0,0,0,0,0,0,0,0,0,0,0,0,0,0,0,0,0,0,0,0,0,0,0,0,0,0,0,0,0,0,0,0,0,0,0,0,0,0,0,103073977,0,0,0,110047700,0,0,0,0,0,0,0,73344957,120272422,170569185,53314742272,43870968,0,0,0,0,0,0,0,0,0,0,0,0,0,0,0,0,0,0,0,0,0,0,0,0,0,0,0,0,0,0,0,51897387,0,0,0,0,0,0,0
1789620811.119,0,0,0,0,0,0,0,229361203,1969897754112,717567188480,0,0,0,0,0,0,0,0,0,0,0,0,0,0,0,0,0,0,0,0,0,0,0,0,0,0,0,0,0,0,0,0,0,0,0,0,0,0,0,0,0,0,0,0,0,0,0,0,0,0,0,0,0,0,0,0,0,0,399690,120383712,40029081,0,0,0,0,0,0,0,0,0,0,0,0,0,0,0,0,0,0,0,0,0,0,0,0,0,0,0,0,0,0,0,0,0,0,0,0,0,2146451456,588087296,131009,35894,0,63,131072,120239437,0,0,1155659578,2147483648,94504264,126912919,0,0,0,0,0,0,0,0,0,0,0,0,0,0,0,0,0,0,7355196,7355311,0,97,97,6262,329,14710437,35,0,0,0,0,0,0,0,1,0,0,0,0,0,0,0,0,0,0,8273194,0,12345628,109078,0,0,0,0,0,0,0,0,16384,0,0,0,0,0,0,0,0,0,0,0,2802,345,0,0,0,0,0,22362255,0,605,1,47,345,2802,0,0,0,0,0,0,0,0,0,0,0,0,0,0,0,0,0,0,0,0,0,0,0,0,0,0,0,0,0,0,0,0,0,0,0,0,0,0,0,0,0,0,0,0,0,0,0,0,0,0,0,0,0,103079813,0,0,0,110059025,0,0,0,0,0,0,0,73353422,120291765,170584853,53318050304,43875009,0,0,0,0,0,0,0,0,0,0,0,0,0,0,0,0,0,0,0,0,0,0,0,0,0,0,0,0,0,0,0,51898182,0,0,0,0,0,0,0
1789620812.146,0,0,0,0,0,0,0,229383530,1970188635648,717636622848,0,0,0,0,0,0,0,0,0,0,0,0,0,0,0,0,0,0,0,0,0,0,0,0,0,0,0,0,0,0,0,0,0,0,0,0,0,0,0,0,0,0,0,0,0,0,0,0,0,0,0,0,0,0,0,0,0,0,399735,120401485,40033147,0,0,0,0,0,0,0,0,0,0,0,0,0,0,0,0,0,0,0,0,0,0,0,0,0,0,0,0,0,0,0,0,0,0,0,0,0,2146271232,593166336,130998,36204,0,74,131072,120257195,0,0,1155778419,2147483648,94521621,126924593,0,0,0,0,0,0,0,0,0,0,0,0,0,0,0,0,0,0,7355950,7356063,0,97,97,6262,329,14711933,35,0,0,0,0,0,0,0,1,0,0,0,0,0,0,0,0,0,0,8274040,0,12345628,109078,0,0,0,0,0,0,0,0,16384,0,0,0,0,0,0,0,0,0,0,0,2803,345,0,0,0,0,0,22364545,0,605,1,47,345,2803,0,0,0,0,0,0,0,0,0,0,0,0,0,0,0,0,0,0,0,0,0,0,0,0,0,0,0,0,0,0,0,0,0,0,0,0,0,0,0,0,0,0,0,0,0,0,0,0,0,0,0,0,0,103083075,0,0,0,110069562,0,0,0,0,0,0,0,73359595,120309534,170596225,53320131584,43877127,0,0,0,0,0,0,0,0,0,0,0,0,0,0,0,0,0,0,0,0,0,0,0,0,0,0,0,0,0,0,0,51898935,0,0,0,0,0,0,0
1789620813.173,0,0,0,0,0,0,0,229407851,1970503011840,717713833472,0,0,0,0,0,0,0,0,0,0,0,0,0,0,0,0,0,0,0,0,0,0,0,0,0,0,0,0,0,0,0,0,0,0,0,0,0,0,0,0,0,0,0,0,0,0,0,0,0,0,0,0,0,0,0,0,0,0,399782,120420711,40037694,0,0,0,0,0,0,0,0,0,0,0,0,0,0,0,0,0,0,0,0,0,0,0,0,0,0,0,0,0,0,0,0,0,0,0,0,0,2146123776,597884928,130989,36492,0,83,131072,120276407,0,0,1155905338,2147483648,94540296,126937180,0,0,0,0,0,0,0,0,0,0,0,0,0,0,0,0,0,0,7356732,7356844,0,97,97,6262,329,14713507,35,0,0,0,0,0,0,0,1,0,0,0,0,0,0,0,0,0,0,8274917,0,12345756,109079,0,0,0,0,0,0,0,0,16384,0,0,0,0,0,0,0,0,0,0,0,2804,345,0,0,0,0,0,22366915,0,605,1,47,345,2804,0,0,0,0,0,0,0,0,0,0,0,0,0,0,0,0,0,0,0,0,0,0,0,0,0,0,0,0,0,0,0,0,0,0,0,0,0,0,0,0,0,0,0,0,0,0,0,0,0,0,0,0,0,103085564,0,0,0,110080834,0,0,0,0,0,0,0,73365547,120328755,170607683,53321915392,43878657,0,0,0,0,0,0,0,0,0,0,0,0,0,0,0,0,0,0,0,0,0,0,0,0,0,0,0,0,0,0,0,51899714,0,0,0,0,0,0,0
1789620814.199,0,0,0,0,0,0,0,229430154,1970791222784,717783609344,0,0,0,0,0,0,0,0,0,0,0,0,0,0,0,0,0,0,0,0,0,0,0,0,0,0,0,0,0,0,0,0,0,0,0,0,0,0,0,0,0,0,0,0,0,0,0,0,0,0,0,0,0,0,0,0,0,0,399824,120438325,40041791,0,0,0,0,0,0,0,0,0,0,0,0,0,0,0,0,0,0,0,0,0,0,0,0,0,0,0,0,0,0,0,0,0,0,0,0,0,2146156544,603914240,130991,36860,0,81,131072,120294009,0,0,1156021485,2147483648,94557424,126948833,0,0,0,0,0,0,0,0,0,0,0,0,0,0,0,0,0,0,7357467,7357581,0,97,97,6262,329,14714970,35,0,0,0,0,0,0,0,1,0,0,0,0,0,0,0,0,0,0,8275748,0,12345756,109081,0,0,0,0,0,0,0,0,16384,0,0,0,0,0,0,0,0,0,0,0,2805,345,0,0,0,0,0,22369153,0,605,1,47,345,2805,0,0,0,0,0,0,0,0,0,0,0,0,0,0,0,0,0,0,0,0,0,0,0,0,0,0,0,0,0,0,0,0,0,0,0,0,0,0,0,0,0,0,0,0,0,0,0,0,0,0,0,0,0,103088015,0,0,0,110091330,0,0,0,0,0,0,0,73370935,120346363,170618108,53323601920,43880175,0,0,0,0,0,0,0,0,0,0,0,0,0,0,0,0,0,0,0,0,0,0,0,0,0,0,0,0,0,0,0,51900453,0,0,0,0,0,0,0
1789620815.226,0,0,0,0,0,0,0,229455436,1971121016320,717880107008,0,0,0,0,0,0,0,0,0,0,0,0,0,0,0,0,0,0,0,0,0,0,0,0,0,0,0,0,0,0,0,0,0,0,0,0,0,0,0,0,0,0,0,0,0,0,0,0,0,0,0,0,0,0,0,0,0,0,399870,120458485,40047521,0,0,0,0,0,0,0,0,0,0,0,0,0,0,0,0,0,0,0,0,0,0,0,0,0,0,0,0,0,0,0,0,0,0,0,0,0,2146304000,591314944,131000,36091,0,72,131072,120314161,0,0,1156154534,2147483648,94576599,126961959,0,0,0,0,0,0,0,0,0,0,0,0,0,0,0,0,0,0,7358305,7358414,0,97,97,6262,329,14716649,35,0,0,0,0,0,0,0,1,0,0,0,0,0,0,0,0,0,0,8276684,0,12347162,109091,0,0,0,0,0,0,0,0,16384,0,0,0,0,0,0,0,0,0,0,0,2806,345,0,0,0,0,0,22371685,0,605,1,47,345,2806,0,0,0,0,0,0,0,0,0,0,0,0,0,0,0,0,0,0,0,0,0,0,0,0,0,0,0,0,0,0,0,0,0,0,0,0,0,0,0,0,0,0,0,0,0,0,0,0,0,0,0,0,0,103090580,0,0,0,110103184,0,0,0,0,0,0,0,73377274,120366513,170630934,53325470720,43881764,1,1,0,0,0,0,0,0,0,0,0,0,0,0,0,0,0,0,0,0,0,0,0,0,0,0,0,0,0,0,0,51901284,0,0,0,0,0,0,0
1789620816.253,0,0,0,0,0,0,0,229476225,1971391335936,717944996352,0,0,0,0,0,0,0,0,0,0,0,0,0,0,0,0,0,0,0,0,0,0,0,0,0,0,0,0,0,0,0,0,0,0,0,0,0,0,0,0,0,0,0,0,0,0,0,0,0,0,0,0,0,0,0,0,0,0,399905,120475018,40051331,0,0,0,0,0,0,0,0,0,0,0,0,0,0,0,0,0,0,0,0,0,0,0,0,0,0,0,0,0,0,0,0,0,0,0,0,0,2146271232,595722240,130998,36360,0,74,131072,120330682,0,0,1156264709,2147483648,94592772,126972794,0,0,0,0,0,0,0,0,0,0,0,0,0,0,0,0,0,0,7359001,7359110,0,97,97,6262,329,14718030,35,0,0,0,0,0,0,0,1,0,0,0,0,0,0,0,0,0,0,8277468,0,12347162,109091,0,0,0,0,0,0,0,0,16384,0,0,0,0,0,0,0,0,0,0,0,2807,345,0,0,0,0,0,22373817,0,605,1,47,345,2807,0,0,0,0,0,0,0,0,0,0,0,0,0,0,0,0,0,0,0,0,0,0,0,0,0,0,0,0,0,0,0,0,0,0,0,0,0,0,0,0,0,0,0,0,0,0,0,0,0,0,0,0,0,103092929,0,0,0,110112986,0,0,0,0,0,0,0,73382584,120383044,170640918,53327077376,43883262,0,0,0,0,0,0,0,0,0,0,0,0,0,0,0,0,0,0,0,0,0,0,0,0,0,0,0,0,0,0,0,51901982,0,0,0,0,0,0,0
1789620817.279,0,0,0,0,0,0,0,229501028,1971712232960,718023108608,0,0,0,0,0,0,0,0,0,0,0,0,0,0,0,0,0,0,0,0,0,0,0,0,0,0,0,0,0,0,0,0,0,0,0,0,0,0,0,0,0,0,0,0,0,0,0,0,0,0,0,0,0,0,0,0,0,0,399949,120494631,40055937,0,0,0,0,0,0,0,0,0,0,0,0,0,0,0,0,0,0,0,0,0,0,0,0,0,0,0,0,0,0,0,0,0,0,0,0,0,2146369536,601604096,131004,36719,0,68,131072,120350280,0,0,1156394035,2147483648,94611800,126985651,0,0,0,0,0,0,0,0,0,0,0,0,0,0,0,0,0,0,7359798,7359910,0,97,97,6262,329,14719639,35,0,0,0,0,0,0,0,1,0,0,0,0,0,0,0,0,0,0,8278369,0,12347290,109092,0,0,0,0,0,0,0,0,16384,0,0,0,0,0,0,0,0,0,0,0,2808,345,0,0,0,0,0,22376257,0,605,1,47,345,2808,0,0,0,0,0,0,0,0,0,0,0,0,0,0,0,0,0,0,0,0,0,0,0,0,0,0,0,0,0,0,0,0,0,0,0,0,0,0,0,0,0,0,0,0,0,0,0,0,0,0,0,0,0,103095466,0,0,0,110124528,0,0,0,0,0,0,0,73388625,120402644,170652531,53328868352,43884822,0,0,0,0,0,0,0,0,0,0,0,0,0,0,0,0,0,0,0,0,0,0,0,0,0,0,0,0,0,0,0,51902782,0,0,0,0,0,0,0
1789620818.306,0,0,0,0,0,0,0,229525881,1972034752000,718120880128,0,0,0,0,0,0,0,0,0,0,0,0,0,0,0,0,0,0,0,0,0,0,0,0,0,0,0,0,0,0,0,0,0,0,0,0,0,0,0,0,0,0,0,0,0,0,0,0,0,0,0,0,0,0,0,0,0,0,400023,120514338,40061649,0,0,0,0,0,0,0,0,0,0,0,0,0,0,0,0,0,0,0,0,0,0,0,0,0,0,0,0,0,0,0,0,0,0,0,0,0,2146025472,588677120,130983,35930,2,87,131072,120369977,0,0,1156524190,2147483648,94630541,126998813,0,0,0,0,0,0,0,0,0,0,0,0,0,0,0,0,0,0,7360609,7360725,0,97,97,6262,329,14721262,35,0,0,0,0,0,0,0,1,0,0,0,0,0,0,0,0,0,0,8279286,0,12348695,109104,0,0,0,0,0,0,0,0,16384,0,0,0,0,0,0,0,0,0,0,0,2809,345,0,0,0,0,0,22378735,0,605,1,47,345,2809,0,0,0,0,0,0,0,0,0,0,0,0,0,0,0,0,0,0,0,0,0,0,0,0,0,0,0,0,0,0,0,0,0,0,0,0,0,0,0,0,0,0,0,0,0,0,0,0,0,0,0,0,0,103100956,0,0,0,110136075,0,0,0,0,0,0,0,73396816,120422340,170668045,53332058624,43888503,0,0,0,0,0,0,0,0,0,0,0,0,0,0,0,0,0,0,0,0,0,0,0,0,0,0,0,0,0,0,0,51903597,0,0,0,0,0,0,0
1789620819.332,0,0,0,0,0,0,0,229549966,1972347375104,718199097856,0,0,0,0,0,0,0,0,0,0,0,0,0,0,0,0,0,0,0,0,0,0,0,0,0,0,0,0,0,0,0,0,0,0,0,0,0,0,0,0,0,0,0,0,0,0,0,0,0,0,0,0,0,0,0,0,0,0,400057,120533461,40066015,0,0,0,0,0,0,0,0,0,0,0,0,0,0,0,0,0,0,0,0,0,0,0,0,0,0,0,0,0,0,0,0,0,0,0,0,0,2146041856,594100224,130984,36261,0,88,131072,120389082,0,0,1156650850,2147483648,94649251,127011306,0,0,0,0,0,0,0,0,0,0,0,0,0,0,0,0,0,0,7361421,7361533,0,97,97,6262,329,14722874,35,0,0,0,0,0,0,0,1,0,0,0,0,0,0,0,0,0,0,8280195,0,12348695,109104,0,0,0,0,0,0,0,0,16384,0,0,0,0,0,0,0,0,0,0,0,2810,345,0,0,0,0,0,22381201,0,605,1,47,345,2810,0,0,0,0,0,0,0,0,0,0,0,0,0,0,0,0,0,0,0,0,0,0,0,0,0,0,0,0,0,0,0,0,0,0,0,0,0,0,0,0,0,0,0,0,0,0,0,0,0,0,0,0,0,103112335,0,0,0,110147445,0,0,0,0,0,0,0,73409516,120441450,170688138,53337897984,43896847,0,0,0,0,0,0,0,0,0,0,0,0,0,0,0,0,0,0,0,0,0,0,0,0,0,0,0,0,0,0,0,51904405,0,0,0,0,0,0,0
1789620820.359,0,0,0,0,0,0,0,229572285,1972639845888,718271490560,0,0,0,0,0,0,0,0,0,0,0,0,0,0,0,0,0,0,0,0,0,0,0,0,0,0,0,0,0,0,0,0,0,0,0,0,0,0,0,0,0,0,0,0,0,0,0,0,0,0,0,0,0,0,0,0,0,0,400093,120551340,40070240,0,0,0,0,0,0,0,0,0,0,0,0,0,0,0,0,0,0,0,0,0,0,0,0,0,0,0,0,0,0,0,0,0,0,0,0,0,2146353152,596459520,131003,36405,0,69,131072,120406950,0,0,1156769166,2147483648,94666597,127022816,0,0,0,0,0,0,0,0,0,0,0,0,0,0,0,0,0,0,7362155,7362268,0,97,97,6262,329,14724354,35,0,0,0,0,0,0,0,1,0,0,0,0,0,0,0,0,0,0,8281022,0,12348823,109105,0,0,0,0,0,0,0,0,16384,0,0,0,0,0,0,0,0,0,0,0,2811,345,0,0,0,0,0,22383432,0,605,1,47,345,2811,0,0,0,0,0,0,0,0,0,0,0,0,0,0,0,0,0,0,0,0,0,0,0,0,0,0,0,0,0,0,0,0,0,0,0,0,0,0,0,0,0,0,0,0,0,0,0,0,0,0,0,0,0,103115737,0,0,0,110157863,0,0,0,0,0,0,0,73415952,120459319,170699886,53340028928,43899174,0,0,0,0,0,0,0,0,0,0,0,0,0,0,0,0,0,0,0,0,0,0,0,0,0,0,0,0,0,0,0,51905140,0,0,0,0,0,0,0
1789620821.387,0,0,0,0,0,0,0,229596166,1972948274688,718342807040,0,0,0,0,0,0,0,0,0,0,0,0,0,0,0,0,0,0,0,0,0,0,0,0,0,0,0,0,0,0,0,0,0,0,0,0,0,0,0,0,0,0,0,0,0,0,0,0,0,0,0,0,0,0,0,0,0,0,400128,120570182,40074429,0,0,0,0,0,0,0,0,0,0,0,0,0,0,0,0,0,0,0,0,0,0,0,0,0,0,0,0,0,0,0,0,0,0,0,0,0,2146271232,606437376,130998,37014,0,74,131072,120425774,0,0,1156893613,2147483648,94685000,127035305,0,0,0,0,0,0,0,0,0,0,0,0,0,0,0,0,0,0,7362934,7363047,0,97,97,6262,329,14725901,35,0,0,0,0,0,0,0,1,0,0,0,0,0,0,0,0,0,0,8281898,0,12348823,109105,0,0,0,0,0,0,0,0,16384,0,0,0,0,0,0,0,0,0,0,0,2812,345,0,0,0,0,0,22385800,0,605,1,47,345,2812,0,0,0,0,0,0,0,0,0,0,0,0,0,0,0,0,0,0,0,0,0,0,0,0,0,0,0,0,0,0,0,0,0,0,0,0,0,0,0,0,0,0,0,0,0,0,0,0,0,0,0,0,0,103118231,0,0,0,110169041,0,0,0,0,0,0,0,73421680,120478159,170710751,53341818368,43900715,0,0,0,0,0,0,0,0,0,0,0,0,0,0,0,0,0,0,0,0,0,0,0,0,0,0,0,0,0,0,0,51905919,0,0,0,0,0,0,0
1789620822.412,0,0,0,0,0,0,0,229620232,1973260127744,718439089152,0,0,0,0,0,0,0,0,0,0,0,0,0,0,0,0,0,0,0,0,0,0,0,0,0,0,0,0,0,0,0,0,0,0,0,0,0,0,0,0,0,0,0,0,0,0,0,0,0,0,0,0,0,0,0,0,0,0,400182,120589254,40080030,0,0,0,0,0,0,0,0,0,0,0,0,0,0,0,0,0,0,0,0,0,0,0,0,0,0,0,0,0,0,0,0,0,0,0,0,0,2146435072,592527360,131008,36165,0,64,131072,120444834,0,0,1157019475,2147483648,94703061,127047933,0,0,0,0,0,0,0,0,0,0,0,0,0,0,0,0,0,0,7363723,7363836,0,97,97,6262,329,14727477,35,0,0,0,0,0,0,0,1,0,0,0,0,0,0,0,0,0,0,8282782,0,12350231,109117,0,0,0,0,0,0,0,0,16384,0,0,0,0,0,0,0,0,0,0,0,2813,345,0,0,0,0,0,22388199,0,605,1,47,345,2813,0,0,0,0,0,0,0,0,0,0,0,0,0,0,0,0,0,0,0,0,0,0,0,0,0,0,0,0,0,0,0,0,0,0,0,0,0,0,0,0,0,0,0,0,0,0,0,0,0,0,0,0,0,103124852,0,0,0,110180297,0,0,0,0,0,0,0,73430684,120497217,170727151,53345494016,43905321,0,0,0,0,0,0,0,0,0,0,0,0,0,0,0,0,0,0,0,0,0,0,0,0,0,0,0,0,0,0,0,51906705,0,0,0,0,0,0,0
1789620823.440,0,0,0,0,0,0,0,229642635,1973553679872,718509666304,0,0,0,0,0,0,0,0,0,0,0,0,0,0,0,0,0,0,0,0,0,0,0,0,0,0,0,0,0,0,0,0,0,0,0,0,0,0,0,0,0,0,0,0,0,0,0,0,0,0,0,0,0,0,0,0,0,0,400222,120607193,40084060,0,0,0,0,0,0,0,0,0,0,0,0,0,0,0,0,0,0,0,0,0,0,0,0,0,0,0,0,0,0,0,0,0,0,0,0,0,2146353152,597934080,131003,36495,0,69,131072,120462762,0,0,1157137786,2147483648,94720592,127059602,0,0,0,0,0,0,0,0,0,0,0,0,0,0,0,0,0,0,7364472,7364586,0,97,97,6262,329,14728986,35,0,0,0,0,0,0,0,1,0,0,0,0,0,0,0,0,0,0,8283628,0,12350231,109117,0,0,0,0,0,0,0,0,16384,0,0,0,0,0,0,0,0,0,0,0,2815,345,0,0,0,0,0,22390482,0,605,1,47,345,2815,0,0,0,0,0,0,0,0,0,0,0,0,0,0,0,0,0,0,0,0,0,0,0,0,0,0,0,0,0,0,0,0,0,0,0,0,0,0,0,0,0,0,0,0,0,0,0,0,0,0,0,0,0,103131241,0,0,0,110190864,0,0,0,0,0,0,0,73439238,120515145,170741607,53349012992,43909838,0,0,0,0,0,0,0,0,0,0,0,0,0,0,0,0,0,0,0,0,0,0,0,0,0,0,0,0,0,0,0,51907457,0,0,0,0,0,0,0
1789620824.466,0,0,0,0,0,0,0,229665991,1973856603648,718583625728,0,0,0,0,0,0,0,0,0,0,0,0,0,0,0,0,0,0,0,0,0,0,0,0,0,0,0,0,0,0,0,0,0,0,0,0,0,0,0,0,0,0,0,0,0,0,0,0,0,0,0,0,0,0,0,0,0,0,400257,120625721,40088413,0,0,0,0,0,0,0,0,0,0,0,0,0,0,0,0,0,0,0,0,0,0,0,0,0,0,0,0,0,0,0,0,0,0,0,0,0,2146336768,601669632,131002,36723,0,70,131072,120481277,0,0,1157260849,2147483648,94738612,127071569,0,0,0,0,0,0,0,0,0,0,0,0,0,0,0,0,0,0,7365228,7365342,0,97,97,6262,329,14730505,35,0,0,0,0,0,0,0,1,0,0,0,0,0,0,0,0,0,0,8284480,0,12350359,109118,0,0,0,0,0,0,0,0,16384,0,0,0,0,0,0,0,0,0,0,0,2816,345,0,0,0,0,0,22392773,0,605,1,47,345,2816,0,0,0,0,0,0,0,0,0,0,0,0,0,0,0,0,0,0,0,0,0,0,0,0,0,0,0,0,0,0,0,0,0,0,0,0,0,0,0,0,0,0,0,0,0,0,0,0,0,0,0,0,0,103133694,0,0,0,110201697,0,0,0,0,0,0,0,73445006,120533663,170752636,53350728704,43911380,0,0,0,0,0,0,0,0,0,0,0,0,0,0,0,0,0,0,0,0,0,0,0,0,0,0,0,0,0,0,0,51908213,0,0,0,0,0,0,0
1789620825.492,0,0,0,0,0,0,0,229688227,1974145273344,718651777536,0,0,0,0,0,0,0,0,0,0,0,0,0,0,0,0,0,0,0,0,0,0,0,0,0,0,0,0,0,0,0,0,0,0,0,0,0,0,0,0,0,0,0,0,0,0,0,0,0,0,0,0,0,0,0,0,0,0,400301,120643356,40092424,0,0,0,0,0,0,0,0,0,0,0,0,0,0,0,0,0,0,0,0,0,0,0,0,0,0,0,0,0,0,0,0,0,0,0,0,0,2146353152,609452032,131003,37198,0,69,131072,120498901,0,0,1157376867,2147483648,94755883,127083318,0,0,0,0,0,0,0,0,0,0,0,0,0,0,0,0,0,0,7365968,7366082,0,97,97,6262,329,14731950,35,0,0,0,0,0,0,0,1,0,0,0,0,0,0,0,0,0,0,8285311,0,12350359,109118,0,0,0,0,0,0,0,0,16384,0,0,0,0,0,0,0,0,0,0,0,2817,345,0,0,0,0,0,22395025,0,605,1,47,345,2817,0,0,0,0,0,0,0,0,0,0,0,0,0,0,0,0,0,0,0,0,0,0,0,0,0,0,0,0,0,0,0,0,0,0,0,0,0,0,0,0,0,0,0,0,0,0,0,0,0,0,0,0,0,103136105,0,0,0,110212157,0,0,0,0,0,0,0,73450511,120551292,170763049,53352417792,43912884,0,0,0,0,0,0,0,0,0,0,0,0,0,0,0,0,0,0,0,0,0,0,0,0,0,0,0,0,0,0,0,51908953,0,0,0,0,0,0,0
1789620826.519,0,0,0,0,0,0,0,229710975,1974440283648,718741967872,0,0,0,0,0,0,0,0,0,0,0,0,0,0,0,0,0,0,0,0,0,0,0,0,0,0,0,0,0,0,0,0,0,0,0,0,0,0,0,0,0,0,0,0,0,0,0,0,0,0,0,0,0,0,0,0,0,0,400343,120661375,40097778,0,0,0,0,0,0,0,0,0,0,0,0,0,0,0,0,0,0,0,0,0,0,0,0,0,0,0,0,0,0,0,0,0,0,0,0,0,2146172928,595050496,130992,36319,0,80,131072,120516911,0,0,1157495940,2147483648,94773033,127095169,0,0,0,0,0,0,0,0,0,0,0,0,0,0,0,0,0,0,7366716,7366828,0,97,97,6262,329,14733466,35,0,0,0,0,0,0,0,1,0,0,0,0,0,0,0,0,0,0,8286152,0,12351780,109130,0,0,0,0,0,0,0,0,16384,0,0,0,0,0,0,0,0,0,0,0,2818,345,0,0,0,0,0,22397294,0,605,1,47,345,2818,0,0,0,0,0,0,0,0,0,0,0,0,0,0,0,0,0,0,0,0,0,0,0,0,0,0,0,0,0,0,0,0,0,0,0,0,0,0,0,0,0,0,0,0,0,0,0,0,0,0,0,0,0,103138578,0,0,0,110222855,0,0,0,0,0,0,0,73456147,120569311,170774806,53354133504,43914386,0,0,0,0,0,0,0,0,0,0,0,0,0,0,0,0,0,0,0,0,0,0,0,0,0,0,0,0,0,0,0,51909700,0,0,0,0,0,0,0
1789620827.546,0,0,0,0,0,0,0,229734193,1974742208000,718814376448,0,0,0,0,0,0,0,0,0,0,0,0,0,0,0,0,0,0,0,0,0,0,0,0,0,0,0,0,0,0,0,0,0,0,0,0,0,0,0,0,0,0,0,0,0,0,0,0,0,0,0,0,0,0,0,0,0,0,400388,120679829,40102036,0,0,0,0,0,0,0,0,0,0,0,0,0,0,0,0,0,0,0,0,0,0,0,0,0,0,0,0,0,0,0,0,0,0,0,0,0,2146385920,598278144,131006,36516,0,66,131072,120535353,0,0,1157618254,2147483648,94791041,127107152,0,0,0,0,0,0,0,0,0,0,0,0,0,0,0,0,0,0,7367480,7367592,0,97,97,6262,329,14735002,35,0,0,0,0,0,0,0,1,0,0,0,0,0,0,0,0,0,0,8287010,0,12351780,109130,0,0,0,0,0,0,0,0,16384,0,0,0,0,0,0,0,0,0,0,0,2819,345,0,0,0,0,0,22399610,0,605,1,47,345,2819,0,0,0,0,0,0,0,0,0,0,0,0,0,0,0,0,0,0,0,0,0,0,0,0,0,0,0,0,0,0,0,0,0,0,0,0,0,0,0,0,0,0,0,0,0,0,0,0,0,0,0,0,0,103141068,0,0,0,110233659,0,0,0,0,0,0,0,73461925,120587750,170785812,53355873280,43915907,0,0,0,0,0,0,0,0,0,0,0,0,0,0,0,0,0,0,0,0,0,0,0,0,0,0,0,0,0,0,0,51910462,0,0,0,0,0,0,0
1789620828.572,0,0,0,0,0,0,0,229758840,1975063498240,718891414016,0,0,0,0,0,0,0,0,0,0,0,0,0,0,0,0,0,0,0,0,0,0,0,0,0,0,0,0,0,0,0,0,0,0,0,0,0,0,0,0,0,0,0,0,0,0,0,0,0,0,0,0,0,0,0,0,0,0,400438,120699479,40106571,0,0,0,0,0,0,0,0,0,0,0,0,0,0,0,0,0,0,0,0,0,0,0,0,0,0,0,0,0,0,0,0,0,0,0,0,0,2146091008,604241920,130987,36880,0,85,131072,120554991,0,0,1157748467,2147483648,94810114,127119986,0,0,0,0,0,0,0,0,0,0,0,0,0,0,0,0,0,0,7368293,7368406,0,97,97,6262,329,14736616,35,0,0,0,0,0,0,0,1,0,0,0,0,0,0,0,0,0,0,8287925,0,12351908,109131,0,0,0,0,0,0,0,0,16384,0,0,0,0,0,0,0,0,0,0,0,2820,345,0,0,0,0,0,22402088,0,605,1,47,345,2820,0,0,0,0,0,0,0,0,0,0,0,0,0,0,0,0,0,0,0,0,0,0,0,0,0,0,0,0,0,0,0,0,0,0,0,0,0,0,0,0,0,0,0,0,0,0,0,0,0,0,0,0,0,103143608,0,0,0,110245182,0,0,0,0,0,0,0,73467903,120607394,170797295,53357681664,43917478,0,0,0,0,0,0,0,0,0,0,0,0,0,0,0,0,0,0,0,0,0,0,0,0,0,0,0,0,0,0,0,51911277,0,0,0,0,0,0,0
1789620829.600,0,0,0,0,0,0,0,229781969,1975362932224,718960958464,0,0,0,0,0,0,0,0,0,0,0,0,0,0,0,0,0,0,0,0,0,0,0,0,0,0,0,0,0,0,0,0,0,0,0,0,0,0,0,0,0,0,0,0,0,0,0,0,0,0,0,0,0,0,0,0,0,0,400473,120717774,40110656,0,0,0,0,0,0,0,0,0,0,0,0,0,0,0,0,0,0,0,0,0,0,0,0,0,0,0,0,0,0,0,0,0,0,0,0,0,2146205696,613679104,130994,37456,0,78,131072,120573278,0,0,1157869028,2147483648,94828018,127132073,0,0,0,0,0,0,0,0,0,0,0,0,0,0,0,0,0,0,7369053,7369161,0,97,97,6262,329,14738132,35,0,0,0,0,0,0,0,1,0,0,0,0,0,0,0,0,0,0,8288775,0,12351908,109131,0,0,0,0,0,0,0,0,16384,0,0,0,0,0,0,0,0,0,0,0,2821,345,0,0,0,0,0,22404383,0,605,1,47,345,2821,0,0,0,0,0,0,0,0,0,0,0,0,0,0,0,0,0,0,0,0,0,0,0,0,0,0,0,0,0,0,0,0,0,0,0,0,0,0,0,0,0,0,0,0,0,0,0,0,0,0,0,0,0,103146068,0,0,0,110256075,0,0,0,0,0,0,0,73473519,120625678,170807916,53359400960,43919012,0,0,0,0,0,0,0,0,0,0,0,0,0,0,0,0,0,0,0,0,0,0,0,0,0,0,0,0,0,0,0,51912032,0,0,0,0,0,0,0
1789620830.627,0,0,0,0,0,0,0,229806491,1975681551872,719057048576,0,0,0,0,0,0,0,0,0,0,0,0,0,0,0,0,0,0,0,0,0,0,0,0,0,0,0,0,0,0,0,0,0,0,0,0,0,0,0,0,0,0,0,0,0,0,0,0,0,0,0,0,0,0,0,0,0,0,400522,120737255,40116349,0,0,0,0,0,0,0,0,0,0,0,0,0,0,0,0,0,0,0,0,0,0,0,0,0,0,0,0,0,0,0,0,0,0,0,0,0,2146418688,600195072,131007,36633,0,65,131072,120592740,0,0,1157997444,2147483648,94846549,127144920,0,0,0,0,0,0,0,0,0,0,0,0,0,0,0,0,0,0,7369863,7369978,0,97,97,6262,329,14739761,35,0,0,0,0,0,0,0,1,0,0,0,0,0,0,0,0,0,0,8289695,0,12353302,109143,0,0,0,0,0,0,0,0,16384,0,0,0,0,0,0,0,0,0,0,0,2822,345,0,0,0,0,0,22406870,0,605,1,47,345,2822,0,0,0,0,0,0,0,0,0,0,0,0,0,0,0,0,0,0,0,0,0,0,0,0,0,0,0,0,0,0,0,0,0,0,0,0,0,0,0,0,0,0,0,0,0,0,0,0,0,0,0,0,0,103148626,0,0,0,110267618,0,0,0,0,0,0,0,73479619,120645147,170820476,53361238528,43920614,0,0,0,0,0,0,0,0,0,0,0,0,0,0,0,0,0,0,0,0,0,0,0,0,0,0,0,0,0,0,0,51912850,0,0,0,0,0,0,0
1789620831.654,0,0,0,0,0,0,0,229828769,1975971417600,719126813184,0,0,0,0,0,0,0,0,0,0,0,0,0,0,0,0,0,0,0,0,0,0,0,0,0,0,0,0,0,0,0,0,0,0,0,0,0,0,0,0,0,0,0,0,0,0,0,0,0,0,0,0,0,0,0,0,0,0,400563,120754973,40120447,0,0,0,0,0,0,0,0,0,0,0,0,0,0,0,0,0,0,0,0,0,0,0,0,0,0,0,0,0,0,0,0,0,0,0,0,0,2146287616,602587136,130999,36779,0,73,131072,120610440,0,0,1158115735,2147483648,94863870,127156312,0,0,0,0,0,0,0,0,0,0,0,0,0,0,0,0,0,0,7370597,7370710,0,97,97,6262,329,14741225,35,0,0,0,0,0,0,0,1,0,0,0,0,0,0,0,0,0,0,8290518,0,12353302,109143,0,0,0,0,0,0,0,0,16384,0,0,0,0,0,0,0,0,0,0,0,2823,345,0,0,0,0,0,22409091,0,605,1,47,345,2823,0,0,0,0,0,0,0,0,0,0,0,0,0,0,0,0,0,0,0,0,0,0,0,0,0,0,0,0,0,0,0,0,0,0,0,0,0,0,0,0,0,0,0,0,0,0,0,0,0,0,0,0,0,103151071,0,0,0,110277928,0,0,0,0,0,0,0,73485230,120662860,170831125,53362911744,43922124,0,0,0,0,0,0,0,0,0,0,0,0,0,0,0,0,0,0,0,0,0,0,0,0,0,0,0,0,0,0,0,51913582,0,0,0,0,0,0,0
1789620832.681,0,0,0,0,0,0,0,229851219,1976262954496,719198560256,0,0,0,0,0,0,0,0,0,0,0,0,0,0,0,0,0,0,0,0,0,0,0,0,0,0,0,0,0,0,0,0,0,0,0,0,0,0,0,0,0,0,0,0,0,0,0,0,0,0,0,0,0,0,0,0,0,0,400602,120772793,40124675,0,0,0,0,0,0,0,0,0,0,0,0,0,0,0,0,0,0,0,0,0,0,0,0,0,0,0,0,0,0,0,0,0,0,0,0,0,2146369536,607240192,131005,37063,0,67,131072,120628249,0,0,1158232733,2147483648,94881151,127168077,0,0,0,0,0,0,0,0,0,0,0,0,0,0,0,0,0,0,7371340,7371452,0,97,97,6262,329,14742702,35,0,0,0,0,0,0,0,1,0,0,0,0,0,0,0,0,0,0,8291352,0,12353430,109144,0,0,0,0,0,0,0,0,16384,0,0,0,0,0,0,0,0,0,0,0,2824,345,0,0,0,0,0,22411343,0,605,1,47,345,2824,0,0,0,0,0,0,0,0,0,0,0,0,0,0,0,0,0,0,0,0,0,0,0,0,0,0,0,0,0,0,0,0,0,0,0,0,0,0,0,0,0,0,0,0,0,0,0,0,0,0,0,0,0,103153681,0,0,0,110288530,0,0,0,0,0,0,0,73490978,120680685,170842032,53364678144,43923784,1,0,0,0,0,0,0,0,0,0,0,0,0,0,0,0,0,0,0,0,0,0,0,0,0,0,0,0,0,0,0,51914323,0,0,0,0,0,0,0
1789620833.709,0,0,0,0,0,0,0,229875456,1976576527872,719277884416,0,0,0,0,0,0,0,0,0,0,0,0,0,0,0,0,0,0,0,0,0,0,0,0,0,0,0,0,0,0,0,0,0,0,0,0,0,0,0,0,0,0,0,0,0,0,0,0,0,0,0,0,0,0,0,0,0,0,400653,120791949,40129108,0,0,0,0,0,0,0,0,0,0,0,0,0,0,0,0,0,0,0,0,0,0,0,0,0,0,0,0,0,0,0,0,0,0,0,0,0,2146304000,614809600,131000,37525,1,72,131072,120647388,0,0,1158359372,2147483648,94899839,127180829,0,0,0,0,0,0,0,0,0,0,0,0,0,0,0,0,0,0,7372124,7372233,0,97,97,6262,329,14744293,35,0,0,0,0,0,0,0,1,0,0,0,0,0,0,0,0,0,0,8292233,0,12353430,109146,0,0,0,0,0,0,0,0,16384,0,0,0,0,0,0,0,0,0,0,0,2825,345,0,0,0,0,0,22413711,0,605,1,47,345,2825,0,0,0,0,0,0,0,0,0,0,0,0,0,0,0,0,0,0,0,0,0,0,0,0,0,0,0,0,0,0,0,0,0,0,0,0,0,0,0,0,0,0,0,0,0,0,0,0,0,0,0,0,0,103162533,0,0,0,110299881,0,0,0,0,0,0,0,73501628,120699839,170859673,53369400832,43930152,0,0,0,0,0,0,0,0,0,0,0,0,0,0,0,0,0,0,0,0,0,0,0,0,0,0,0,0,0,0,0,51915105,0,0,0,0,0,0,0
1789620834.735,0,0,0,0,0,0,0,229900784,1976907140608,719374065152,0,0,0,0,0,0,0,0,0,0,0,0,0,0,0,0,0,0,0,0,0,0,0,0,0,0,0,0,0,0,0,0,0,0,0,0,0,0,0,0,0,0,0,0,0,0,0,0,0,0,0,0,0,0,0,0,0,0,400702,120812170,40134864,0,0,0,0,0,0,0,0,0,0,0,0,0,0,0,0,0,0,0,0,0,0,0,0,0,0,0,0,0,0,0,0,0,0,0,0,0,2146222080,600768512,130995,36668,0,77,131072,120667600,0,0,1158492813,2147483648,94919117,127193932,0,0,0,0,0,0,0,0,0,0,0,0,0,0,0,0,0,0,7372965,7373076,0,97,97,6262,329,14745963,35,0,0,0,0,0,0,0,1,0,0,0,0,0,0,0,0,0,0,8293180,0,12354806,109156,0,0,0,0,0,0,0,0,16384,0,0,0,0,0,0,0,0,0,0,0,2826,345,0,0,0,0,0,22416281,0,605,1,47,345,2826,0,0,0,0,0,0,0,0,0,0,0,0,0,0,0,0,0,0,0,0,0,0,0,0,0,0,0,0,0,0,0,0,0,0,0,0,0,0,0,0,0,0,0,0,0,0,0,0,0,0,0,0,0,103165154,0,0,0,110311712,0,0,0,0,0,0,0,73507967,120720034,170872523,53371267072,43931752,0,0,0,0,0,0,0,0,0,0,0,0,0,0,0,0,0,0,0,0,0,0,0,0,0,0,0,0,0,0,0,51915948,0,0,0,0,0,0,0
1789620835.762,0,0,0,0,0,0,0,229923315,1977200610816,719445384704,0,0,0,0,0,0,0,0,0,0,0,0,0,0,0,0,0,0,0,0,0,0,0,0,0,0,0,0,0,0,0,0,0,0,0,0,0,0,0,0,0,0,0,0,0,0,0,0,0,0,0,0,0,0,0,0,0,0,400753,120830100,40139060,0,0,0,0,0,0,0,0,0,0,0,0,0,0,0,0,0,0,0,0,0,0,0,0,0,0,0,0,0,0,0,0,0,0,0,0,0,2146353152,605569024,131003,36961,0,69,131072,120685519,0,0,1158611997,2147483648,94936577,127205809,0,0,0,0,0,0,0,0,0,0,0,0,0,0,0,0,0,0,7373715,7373828,0,97,97,6262,329,14747454,35,0,0,0,0,0,0,0,1,0,0,0,0,0,0,0,0,0,0,8294025,0,12354934,109157,0,0,0,0,0,0,0,0,16384,0,0,0,0,0,0,0,0,0,0,0,2827,345,0,0,0,0,0,22418571,0,605,1,47,345,2827,0,0,0,0,0,0,0,0,0,0,0,0,0,0,0,0,0,0,0,0,0,0,0,0,0,0,0,0,0,0,0,0,0,0,0,0,0,0,0,0,0,0,0,0,0,0,0,0,0,0,0,0,0,103167579,0,0,0,110322318,0,0,0,0,0,0,0,73513554,120737960,170883205,53372990976,43933273,0,0,0,0,0,0,0,0,0,0,0,0,0,0,0,0,0,0,0,0,0,0,0,0,0,0,0,0,0,0,0,51916699,0,0,0,0,0,0,0
1789620836.791,0,0,0,0,0,0,0,229948294,1977525227008,719521713152,0,0,0,0,0,0,0,0,0,0,0,0,0,0,0,0,0,0,0,0,0,0,0,0,0,0,0,0,0,0,0,0,0,0,0,0,0,0,0,0,0,0,0,0,0,0,0,0,0,0,0,0,0,0,0,0,0,0,400796,120849942,40143546,0,0,0,0,0,0,0,0,0,0,0,0,0,0,0,0,0,0,0,0,0,0,0,0,0,0,0,0,0,0,0,0,0,0,0,0,0,2146156544,613744640,130991,37460,0,81,131072,120705345,0,0,1158742546,2147483648,94955997,127218726,0,0,0,0,0,0,0,0,0,0,0,0,0,0,0,0,0,0,7374522,7374632,0,97,97,6262,329,14749078,35,0,0,0,0,0,0,0,1,0,0,0,0,0,0,0,0,0,0,8294930,0,12354934,109157,0,0,0,0,0,0,0,0,16384,0,0,0,0,0,0,0,0,0,0,0,2828,345,0,0,0,0,0,22421012,0,605,1,47,345,2828,0,0,0,0,0,0,0,0,0,0,0,0,0,0,0,0,0,0,0,0,0,0,0,0,0,0,0,0,0,0,0,0,0,0,0,0,0,0,0,0,0,0,0,0,0,0,0,0,0,0,0,0,0,103170119,0,0,0,110333943,0,0,0,0,0,0,0,73519596,120757788,170894720,53374819840,43934827,0,0,0,0,0,0,0,0,0,0,0,0,0,0,0,0,0,0,0,0,0,0,0,0,0,0,0,0,0,0,0,51917503,0,0,0,0,0,0,0
1789620837.819,0,0,0,0,0,0,0,229971771,1977830510080,719614113792,0,0,0,0,0,0,0,0,0,0,0,0,0,0,0,0,0,0,0,0,0,0,0,0,0,0,0,0,0,0,0,0,0,0,0,0,0,0,0,0,0,0,0,0,0,0,0,0,0,0,0,0,0,0,0,0,0,0,400839,120868608,40149034,0,0,0,0,0,0,0,0,0,0,0,0,0,0,0,0,0,0,0,0,0,0,0,0,0,0,0,0,0,0,0,0,0,0,0,0,0,2146009088,600686592,130982,36663,1,88,131072,120723997,0,0,1158865341,2147483648,94973724,127231023,0,0,0,0,0,0,0,0,0,0,0,0,0,0,0,0,0,0,7375298,7375410,0,97,97,6262,329,14750635,35,0,0,0,0,0,0,0,1,0,0,0,0,0,0,0,0,0,0,8295806,0,12356331,109169,0,0,0,0,0,0,0,0,16384,0,0,0,0,0,0,0,0,0,0,0,2829,345,0,0,0,0,0,22423379,0,605,1,47,345,2829,0,0,0,0,0,0,0,0,0,0,0,0,0,0,0,0,0,0,0,0,0,0,0,0,0,0,0,0,0,0,0,0,0,0,0,0,0,0,0,0,0,0,0,0,0,0,0,0,0,0,0,0,0,103172578,0,0,0,110345018,0,0,0,0,0,0,0,73525437,120776444,170906745,53376576512,43936371,0,0,0,0,0,0,0,0,0,0,0,0,0,0,0,0,0,0,0,0,0,0,0,0,0,0,0,0,0,0,0,51918282,0,0,0,0,0,0,0
1789620838.846,0,0,0,0,0,0,0,229996410,1978151652864,719689903104,0,0,0,0,0,0,0,0,0,0,0,0,0,0,0,0,0,0,0,0,0,0,0,0,0,0,0,0,0,0,0,0,0,0,0,0,0,0,0,0,0,0,0,0,0,0,0,0,0,0,0,0,0,0,0,0,0,0,400883,120888236,40153484,0,0,0,0,0,0,0,0,0,0,0,0,0,0,0,0,0,0,0,0,0,0,0,0,0,0,0,0,0,0,0,0,0,0,0,0,0,2146304000,604684288,131000,36907,0,72,131072,120743616,0,0,1158995124,2147483648,94992860,127243682,0,0,0,0,0,0,0,0,0,0,0,0,0,0,0,0,0,0,7376116,7376228,0,97,97,6262,329,14752267,35,0,0,0,0,0,0,0,1,0,0,0,0,0,0,0,0,0,0,8296726,0,12356331,109169,0,0,0,0,0,0,0,0,16384,0,0,0,0,0,0,0,0,0,0,0,2830,345,0,0,0,0,0,22425876,0,605,1,47,345,2830,0,0,0,0,0,0,0,0,0,0,0,0,0,0,0,0,0,0,0,0,0,0,0,0,0,0,0,0,0,0,0,0,0,0,0,0,0,0,0,0,0,0,0,0,0,0,0,0,0,0,0,0,0,103175104,0,0,0,110356490,0,0,0,0,0,0,0,73531463,120796072,170918185,53378386944,43937938,0,0,0,0,0,0,0,0,0,0,0,0,0,0,0,0,0,0,0,0,0,0,0,0,0,0,0,0,0,0,0,51919100,0,0,0,0,0,0,0
1789620839.874,0,0,0,0,0,0,0,230020373,1978462227968,719766081536,0,0,0,0,0,0,0,0,0,0,0,0,0,0,0,0,0,0,0,0,0,0,0,0,0,0,0,0,0,0,0,0,0,0,0,0,0,0,0,0,0,0,0,0,0,0,0,0,0,0,0,0,0,0,0,0,0,0,400959,120907210,40157950,0,0,0,0,0,0,0,0,0,0,0,0,0,0,0,0,0,0,0,0,0,0,0,0,0,0,0,0,0,0,0,0,0,0,0,0,0,2146336768,612106240,131002,37360,0,71,131072,120762575,0,0,1159121629,2147483648,95011288,127256732,0,0,0,0,0,0,0,0,0,0,0,0,0,0,0,0,0,0,7376924,7377037,0,97,97,6262,329,14753866,35,0,0,0,0,0,0,0,1,0,0,0,0,0,0,0,0,0,0,8297635,0,12356459,109170,0,0,0,0,0,0,0,0,16384,0,0,0,0,0,0,0,0,0,0,0,2831,345,0,0,0,0,0,22428329,0,605,1,47,345,2831,0,0,0,0,0,0,0,0,0,0,0,0,0,0,0,0,0,0,0,0,0,0,0,0,0,0,0,0,0,0,0,0,0,0,0,0,0,0,0,0,0,0,0,0,0,0,0,0,0,0,0,0,0,103178153,0,0,0,110367956,0,0,0,0,0,0,0,73537712,120815043,170930032,53380461056,43939847,1,0,0,0,0,0,0,0,0,0,0,0,0,0,0,0,0,0,0,0,0,0,0,0,0,0,0,0,0,0,0,51919908,0,0,0,0,0,0,0
1789620840.901,0,0,0,0,0,0,0,230045252,1978783550976,719843937280,0,0,0,0,0,0,0,0,0,0,0,0,0,0,0,0,0,0,0,0,0,0,0,0,0,0,0,0,0,0,0,0,0,0,0,0,0,0,0,0,0,0,0,0,0,0,0,0,0,0,0,0,0,0,0,0,0,0,400992,120926852,40162363,0,0,0,0,0,0,0,0,0,0,0,0,0,0,0,0,0,0,0,0,0,0,0,0,0,0,0,0,0,0,0,0,0,0,0,0,0,2146189312,619413504,130993,37806,0,79,131072,120782200,0,0,1159251220,2147483648,95030494,127269369,0,0,0,0,0,0,0,0,0,0,0,0,0,0,0,0,0,0,7377710,7377822,0,97,97,6262,329,14755458,35,0,0,0,0,0,0,0,1,0,0,0,0,0,0,0,0,0,0,8298518,0,12356459,109170,0,0,0,0,0,0,0,0,16384,0,0,0,0,0,0,0,0,0,0,0,2832,345,0,0,0,0,0,22430712,0,605,1,47,345,2832,0,0,0,0,0,0,0,0,0,0,0,0,0,0,0,0,0,0,0,0,0,0,0,0,0,0,0,0,0,0,0,0,0,0,0,0,0,0,0,0,0,0,0,0,0,0,0,0,0,0,0,0,0,103187073,0,0,0,110379355,0,0,0,0,0,0,0,73548457,120834662,170947750,53385190912,43946190,0,0,0,0,0,0,0,0,0,0,0,0,0,0,0,0,0,0,0,0,0,0,0,0,0,0,0,0,0,0,0,51920693,0,0,0,0,0,0,0
1789620841.928,0,0,0,0,0,0,0,230070650,1979113737728,719942004736,0,0,0,0,0,0,0,0,0,0,0,0,0,0,0,0,0,0,0,0,0,0,0,0,0,0,0,0,0,0,0,0,0,0,0,0,0,0,0,0,0,0,0,0,0,0,0,0,0,0,0,0,0,0,0,0,0,0,401025,120947042,40168173,0,0,0,0,0,0,0,0,0,0,0,0,0,0,0,0,0,0,0,0,0,0,0,0,0,0,0,0,0,0,0,0,0,0,0,0,0,2146156544,605978624,130991,36986,0,81,131072,120802379,0,0,1159384348,2147483648,95049206,127282503,0,0,0,0,0,0,0,0,0,0,0,0,0,0,0,0,0,0,7378554,7378667,0,97,97,6262,329,14757143,35,0,0,0,0,0,0,0,1,0,0,0,0,0,0,0,0,0,0,8299470,0,12357828,109182,0,0,0,0,0,0,0,0,16384,0,0,0,0,0,0,0,0,0,0,0,2833,345,0,0,0,0,0,22433292,0,605,1,47,345,2833,0,0,0,0,0,0,0,0,0,0,0,0,0,0,0,0,0,0,0,0,0,0,0,0,0,0,0,0,0,0,0,0,0,0,0,0,0,0,0,0,0,0,0,0,0,0,0,0,0,0,0,0,0,103189675,0,0,0,110391279,0,0,0,0,0,0,0,73554740,120854837,170960631,53387046400,43947809,0,0,0,0,0,0,0,0,0,0,0,0,0,0,0,0,0,0,0,0,0,0,0,0,0,0,0,0,0,0,0,51921539,0,0,0,0,0,0,0
1789620842.955,0,0,0,0,0,0,0,230091937,1979392364032,720008993280,0,0,0,0,0,0,0,0,0,0,0,0,0,0,0,0,0,0,0,0,0,0,0,0,0,0,0,0,0,0,0,0,0,0,0,0,0,0,0,0,0,0,0,0,0,0,0,0,0,0,0,0,0,0,0,0,0,0,401059,120964056,40172107,0,0,0,0,0,0,0,0,0,0,0,0,0,0,0,0,0,0,0,0,0,0,0,0,0,0,0,0,0,0,0,0,0,0,0,0,0,2146107392,608976896,130988,37169,0,84,131072,120819381,0,0,1159496847,2147483648,95065898,127293503,0,0,0,0,0,0,0,0,0,0,0,0,0,0,0,0,0,0,7379267,7379380,0,97,97,6262,329,14758563,35,0,0,0,0,0,0,0,1,0,0,0,0,0,0,0,0,0,0,8300271,0,12357828,109182,0,0,0,0,0,0,0,0,16384,0,0,0,0,0,0,0,0,0,0,0,2834,345,0,0,0,0,0,22435454,0,605,1,47,345,2834,0,0,0,0,0,0,0,0,0,0,0,0,0,0,0,0,0,0,0,0,0,0,0,0,0,0,0,0,0,0,0,0,0,0,0,0,0,0,0,0,0,0,0,0,0,0,0,0,0,0,0,0,0,103192108,0,0,0,110401259,0,0,0,0,0,0,0,73560155,120871850,170970935,53388687872,43949288,0,0,0,0,0,0,0,0,0,0,0,0,0,0,0,0,0,0,0,0,0,0,0,0,0,0,0,0,0,0,0,51922251,0,0,0,0,0,0,0
1789620843.982,0,0,0,0,0,0,0,230115990,1979704430080,720085465600,0,0,0,0,0,0,0,0,0,0,0,0,0,0,0,0,0,0,0,0,0,0,0,0,0,0,0,0,0,0,0,0,0,0,0,0,0,0,0,0,0,0,0,0,0,0,0,0,0,0,0,0,0,0,0,0,0,0,401107,120983128,40176618,0,0,0,0,0,0,0,0,0,0,0,0,0,0,0,0,0,0,0,0,0,0,0,0,0,0,0,0,0,0,0,0,0,0,0,0,0,2146222080,613122048,130995,37422,0,77,131072,120838432,0,0,1159623074,2147483648,95084426,127306023,0,0,0,0,0,0,0,0,0,0,0,0,0,0,0,0,0,0,7380046,7380157,0,97,97,6262,329,14760127,35,0,0,0,0,0,0,0,1,0,0,0,0,0,0,0,0,0,0,8301146,0,12357956,109183,0,0,0,0,0,0,0,0,16384,0,0,0,0,0,0,0,0,0,0,0,2835,345,0,0,0,0,0,22437827,0,605,1,47,345,2835,0,0,0,0,0,0,0,0,0,0,0,0,0,0,0,0,0,0,0,0,0,0,0,0,0,0,0,0,0,0,0,0,0,0,0,0,0,0,0,0,0,0,0,0,0,0,0,0,0,0,0,0,0,103194559,0,0,0,110412450,0,0,0,0,0,0,0,73566063,120890918,170982270,53390442496,43950818,0,0,0,0,0,0,0,0,0,0,0,0,0,0,0,0,0,0,0,0,0,0,0,0,0,0,0,0,0,0,0,51923028,0,0,0,0,0,0,0
1789620845.009,0,0,0,0,0,0,0,230138756,1979999194624,720153468928,0,0,0,0,0,0,0,0,0,0,0,0,0,0,0,0,0,0,0,0,0,0,0,0,0,0,0,0,0,0,0,0,0,0,0,0,0,0,0,0,0,0,0,0,0,0,0,0,0,0,0,0,0,0,0,0,0,0,401148,121001156,40180613,0,0,0,0,0,0,0,0,0,0,0,0,0,0,0,0,0,0,0,0,0,0,0,0,0,0,0,0,0,0,0,0,0,0,0,0,0,2146336768,622133248,131002,37972,0,70,131072,120856445,0,0,1159742003,2147483648,95102074,127317886,0,0,0,0,0,0,0,0,0,0,0,0,0,0,0,0,0,0,7380789,7380900,0,97,97,6262,329,14761617,35,0,0,0,0,0,0,0,1,0,0,0,0,0,0,0,0,0,0,8301981,0,12357956,109183,0,0,0,0,0,0,0,0,16384,0,0,0,0,0,0,0,0,0,0,0,2836,345,0,0,0,0,0,22440092,0,605,1,47,345,2836,0,0,0,0,0,0,0,0,0,0,0,0,0,0,0,0,0,0,0,0,0,0,0,0,0,0,0,0,0,0,0,0,0,0,0,0,0,0,0,0,0,0,0,0,0,0,0,0,0,0,0,0,0,103196997,0,0,0,110423115,0,0,0,0,0,0,0,73571564,120908932,170992689,53392150016,43952329,0,0,0,0,0,0,0,0,0,0,0,0,0,0,0,0,0,0,0,0,0,0,0,0,0,0,0,0,0,0,0,51923771,0,0,0,0,0,0,0
1789620846.037,0,0,0,0,0,0,0,230163311,1980319141376,720250531328,0,0,0,0,0,0,0,0,0,0,0,0,0,0,0,0,0,0,0,0,0,0,0,0,0,0,0,0,0,0,0,0,0,0,0,0,0,0,0,0,0,0,0,0,0,0,0,0,0,0,0,0,0,0,0,0,0,0,401194,121020717,40186361,0,0,0,0,0,0,0,0,0,0,0,0,0,0,0,0,0,0,0,0,0,0,0,0,0,0,0,0,0,0,0,0,0,0,0,0,0,2146287616,606371840,130999,37010,0,73,131072,120875990,0,0,1159870759,2147483648,95120530,127330628,0,0,0,0,0,0,0,0,0,0,0,0,0,0,0,0,0,0,7381598,7381711,0,97,97,6262,329,14763234,35,0,0,0,0,0,0,0,1,0,0,0,0,0,0,0,0,0,0,8302894,0,12359340,109194,0,0,0,0,0,0,0,0,16384,0,0,0,0,0,0,0,0,0,0,0,2837,345,0,0,0,0,0,22442574,0,605,1,47,345,2837,0,0,0,0,0,0,0,0,0,0,0,0,0,0,0,0,0,0,0,0,0,0,0,0,0,0,0,0,0,0,0,0,0,0,0,0,0,0,0,0,0,0,0,0,0,0,0,0,0,0,0,0,0,103199571,0,0,0,110434569,0,0,0,0,0,0,0,73577710,120928477,171005392,53393973760,43953906,0,0,0,0,0,0,0,0,0,0,0,0,0,0,0,0,0,0,0,0,0,0,0,0,0,0,0,0,0,0,0,51924583,0,0,0,0,0,0,0
1789620847.063,0,0,0,0,0,0,0,230184387,1980594507264,720316742656,0,0,0,0,0,0,0,0,0,0,0,0,0,0,0,0,0,0,0,0,0,0,0,0,0,0,0,0,0,0,0,0,0,0,0,0,0,0,0,0,0,0,0,0,0,0,0,0,0,0,0,0,0,0,0,0,0,0,401229,121037543,40190255,0,0,0,0,0,0,0,0,0,0,0,0,0,0,0,0,0,0,0,0,0,0,0,0,0,0,0,0,0,0,0,0,0,0,0,0,0,2146402304,610009088,131006,37232,0,66,131072,120892812,0,0,1159981576,2147483648,95136988,127341607,0,0,0,0,0,0,0,0,0,0,0,0,0,0,0,0,0,0,7382309,7382419,0,97,97,6262,329,14764654,35,0,0,0,0,0,0,0,1,0,0,0,0,0,0,0,0,0,0,8303690,0,12359340,109194,0,0,0,0,0,0,0,0,16384,0,0,0,0,0,0,0,0,0,0,0,2838,345,0,0,0,0,0,22444735,0,605,1,47,345,2838,0,0,0,0,0,0,0,0,0,0,0,0,0,0,0,0,0,0,0,0,0,0,0,0,0,0,0,0,0,0,0,0,0,0,0,0,0,0,0,0,0,0,0,0,0,0,0,0,0,0,0,0,0,103201939,0,0,0,110444535,0,0,0,0,0,0,0,73583067,120945295,171015542,53395593728,43955371,0,0,0,0,0,0,0,0,0,0,0,0,0,0,0,0,0,0,0,0,0,0,0,0,0,0,0,0,0,0,0,51925290,0,0,0,0,0,0,0
1789620848.090,0,0,0,0,0,0,0,230208672,1980911226368,720392536576,0,0,0,0,0,0,0,0,0,0,0,0,0,0,0,0,0,0,0,0,0,0,0,0,0,0,0,0,0,0,0,0,0,0,0,0,0,0,0,0,0,0,0,0,0,0,0,0,0,0,0,0,0,0,0,0,0,0,401283,121056890,40194710,0,0,0,0,0,0,0,0,0,0,0,0,0,0,0,0,0,0,0,0,0,0,0,0,0,0,0,0,0,0,0,0,0,0,0,0,0,2146353152,615956480,131003,37595,0,69,131072,120912147,0,0,1160110111,2147483648,95155785,127354353,0,0,0,0,0,0,0,0,0,0,0,0,0,0,0,0,0,0,7383105,7383220,0,97,97,6262,329,14766254,35,0,0,0,0,0,0,0,1,0,0,0,0,0,0,0,0,0,0,8304592,0,12359468,109195,0,0,0,0,0,0,0,0,16384,0,0,0,0,0,0,0,0,0,0,0,2839,345,0,0,0,0,0,22447170,0,605,1,47,345,2839,0,0,0,0,0,0,0,0,0,0,0,0,0,0,0,0,0,0,0,0,0,0,0,0,0,0,0,0,0,0,0,0,0,0,0,0,0,0,0,0,0,0,0,0,0,0,0,0,0,0,0,0,0,103204480,0,0,0,110455919,0,0,0,0,0,0,0,73588965,120964642,171026867,53397414400,43956941,0,0,0,0,0,0,0,0,0,0,0,0,0,0,0,0,0,0,0,0,0,0,0,0,0,0,0,0,0,0,0,51926092,0,0,0,0,0,0,0
1789620849.117,0,0,0,0,0,0,0,230231976,1981213068800,720484491264,0,0,0,0,0,0,0,0,0,0,0,0,0,0,0,0,0,0,0,0,0,0,0,0,0,0,0,0,0,0,0,0,0,0,0,0,0,0,0,0,0,0,0,0,0,0,0,0,0,0,0,0,0,0,0,0,0,0,401320,121075342,40200168,0,0,0,0,0,0,0,0,0,0,0,0,0,0,0,0,0,0,0,0,0,0,0,0,0,0,0,0,0,0,0,0,0,0,0,0,0,2146336768,602161152,131002,36753,0,71,131072,120930583,0,0,1160231681,2147483648,95173312,127366398,0,0,0,0,0,0,0,0,0,0,0,0,0,0,0,0,0,0,7383869,7383979,0,97,97,6262,329,14767766,35,0,0,0,0,0,0,0,1,0,0,0,0,0,0,0,0,0,0,8305445,0,12360832,109206,0,0,0,0,0,0,0,0,16384,0,0,0,0,0,0,0,0,0,0,0,2840,345,0,0,0,0,0,22449473,0,605,1,47,345,2840,0,0,0,0,0,0,0,0,0,0,0,0,0,0,0,0,0,0,0,0,0,0,0,0,0,0,0,0,0,0,0,0,0,0,0,0,0,0,0,0,0,0,0,0,0,0,0,0,0,0,0,0,0,103206932,0,0,0,110466803,0,0,0,0,0,0,0,73594771,120983100,171038865,53399163392,43958451,0,0,0,0,0,0,0,0,0,0,0,0,0,0,0,0,0,0,0,0,0,0,0,0,0,0,0,0,0,0,0,51926849,0,0,0,0,0,0,0
1789620850.144,0,0,0,0,0,0,0,230255860,1981523840512,720556198400,0,0,0,0,0,0,0,0,0,0,0,0,0,0,0,0,0,0,0,0,0,0,0,0,0,0,0,0,0,0,0,0,0,0,0,0,0,0,0,0,0,0,0,0,0,0,0,0,0,0,0,0,0,0,0,0,0,0,401362,121094348,40204375,0,0,0,0,0,0,0,0,0,0,0,0,0,0,0,0,0,0,0,0,0,0,0,0,0,0,0,0,0,0,0,0,0,0,0,0,0,2146172928,610713600,130992,37275,0,80,131072,120949576,0,0,1160356796,2147483648,95191886,127378855,0,0,0,0,0,0,0,0,0,0,0,0,0,0,0,0,0,0,7384655,7384764,0,97,97,6262,329,14769355,35,0,0,0,0,0,0,0,1,0,0,0,0,0,0,0,0,0,0,8306330,0,12360832,109206,0,0,0,0,0,0,0,0,16384,0,0,0,0,0,0,0,0,0,0,0,2841,345,0,0,0,0,0,22451862,0,605,1,47,345,2841,0,0,0,0,0,0,0,0,0,0,0,0,0,0,0,0,0,0,0,0,0,0,0,0,0,0,0,0,0,0,0,0,0,0,0,0,0,0,0,0,0,0,0,0,0,0,0,0,0,0,0,0,0,103209441,0,0,0,110478041,0,0,0,0,0,0,0,73600533,121002077,171049785,53400952832,43960004,0,0,0,0,0,0,0,0,0,0,0,0,0,0,0,0,0,0,0,0,0,0,0,0,0,0,0,0,0,0,0,51927636,0,0,0,0,0,0,0
1789620851.172,0,0,0,0,0,0,0,230278288,1981815836160,720627922432,0,0,0,0,0,0,0,0,0,0,0,0,0,0,0,0,0,0,0,0,0,0,0,0,0,0,0,0,0,0,0,0,0,0,0,0,0,0,0,0,0,0,0,0,0,0,0,0,0,0,0,0,0,0,0,0,0,0,401412,121112180,40208599,0,0,0,0,0,0,0,0,0,0,0,0,0,0,0,0,0,0,0,0,0,0,0,0,0,0,0,0,0,0,0,0,0,0,0,0,0,2146189312,612352000,130993,37375,0,79,131072,120967395,0,0,1160474639,2147483648,95209244,127390501,0,0,0,0,0,0,0,0,0,0,0,0,0,0,0,0,0,0,7385402,7385516,0,97,97,6262,329,14770831,35,0,0,0,0,0,0,0,1,0,0,0,0,0,0,0,0,0,0,8307173,0,12360960,109207,0,0,0,0,0,0,0,0,16384,0,0,0,0,0,0,0,0,0,0,0,2842,345,0,0,0,0,0,22454145,0,605,1,47,345,2842,0,0,0,0,0,0,0,0,0,0,0,0,0,0,0,0,0,0,0,0,0,0,0,0,0,0,0,0,0,0,0,0,0,0,0,0,0,0,0,0,0,0,0,0,0,0,0,0,0,0,0,0,0,103211872,0,0,0,110488476,0,0,0,0,0,0,0,73606139,121019913,171060530,53402652672,43961517,0,0,0,0,0,0,0,0,0,0,0,0,0,0,0,0,0,0,0,0,0,0,0,0,0,0,0,0,0,0,0,51928387,0,0,0,0,0,0,0
1789620852.198,0,0,0,0,0,0,0,230302831,1982134537728,720703184896,0,0,0,0,0,0,0,0,0,0,0,0,0,0,0,0,0,0,0,0,0,0,0,0,0,0,0,0,0,0,0,0,0,0,0,0,0,0,0,0,0,0,0,0,0,0,0,0,0,0,0,0,0,0,0,0,0,0,401459,121131661,40213022,0,0,0,0,0,0,0,0,0,0,0,0,0,0,0,0,0,0,0,0,0,0,0,0,0,0,0,0,0,0,0,0,0,0,0,0,0,2146254848,619151360,130998,37790,1,73,131072,120986862,0,0,1160604475,2147483648,95228279,127403335,0,0,0,0,0,0,0,0,0,0,0,0,0,0,0,0,0,0,7386213,7386325,0,97,97,6262,329,14772448,35,0,0,0,0,0,0,0,1,0,0,0,0,0,0,0,0,0,0,8308085,0,12360960,109207,0,0,0,0,0,0,0,0,16384,0,0,0,0,0,0,0,0,0,0,0,2843,345,0,0,0,0,0,22456617,0,605,1,47,345,2843,0,0,0,0,0,0,0,0,0,0,0,0,0,0,0,0,0,0,0,0,0,0,0,0,0,0,0,0,0,0,0,0,0,0,0,0,0,0,0,0,0,0,0,0,0,0,0,0,0,0,0,0,0,103214397,0,0,0,110499979,0,0,0,0,0,0,0,73612105,121039378,171071893,53404483072,43963061,0,0,0,0,0,0,0,0,0,0,0,0,0,0,0,0,0,0,0,0,0,0,0,0,0,0,0,0,0,0,0,51929197,0,0,0,0,0,0,0
1789620853.225,0,0,0,0,0,0,0,230325807,1982431972864,720794441728,0,0,0,0,0,0,0,0,0,0,0,0,0,0,0,0,0,0,0,0,0,0,0,0,0,0,0,0,0,0,0,0,0,0,0,0,0,0,0,0,0,0,0,0,0,0,0,0,0,0,0,0,0,0,0,0,0,0,401500,121149840,40218431,0,0,0,0,0,0,0,0,0,0,0,0,0,0,0,0,0,0,0,0,0,0,0,0,0,0,0,0,0,0,0,0,0,0,0,0,0,2146484224,605470720,131011,36955,0,61,131072,121005031,0,0,1160724268,2147483648,95245473,127415342,0,0,0,0,0,0,0,0,0,0,0,0,0,0,0,0,0,0,7386958,7387068,0,97,97,6262,329,14773949,35,0,0,0,0,0,0,0,1,0,0,0,0,0,0,0,0,0,0,8308920,0,12362349,109218,0,0,0,0,0,0,0,0,16384,0,0,0,0,0,0,0,0,0,0,0,2844,345,0,0,0,0,0,22458870,0,605,1,47,345,2844,0,0,0,0,0,0,0,0,0,0,0,0,0,0,0,0,0,0,0,0,0,0,0,0,0,0,0,0,0,0,0,0,0,0,0,0,0,0,0,0,0,0,0,0,0,0,0,0,0,0,0,0,0,103216864,0,0,0,110510722,0,0,0,0,0,0,0,73617872,121057555,171083797,53406207488,43964591,0,0,0,0,0,0,0,0,0,0,0,0,0,0,0,0,0,0,0,0,0,0,0,0,0,0,0,0,0,0,0,51929939,0,0,0,0,0,0,0
1789620854.252,0,0,0,0,0,0,0,230349499,1982740172288,720864158208,0,0,0,0,0,0,0,0,0,0,0,0,0,0,0,0,0,0,0,0,0,0,0,0,0,0,0,0,0,0,0,0,0,0,0,0,0,0,0,0,0,0,0,0,0,0,0,0,0,0,0,0,0,0,0,0,0,0,401546,121168688,40222521,0,0,0,0,0,0,0,0,0,0,0,0,0,0,0,0,0,0,0,0,0,0,0,0,0,0,0,0,0,0,0,0,0,0,0,0,0,2146238464,615661568,130996,37577,0,76,131072,121023861,0,0,1160848566,2147483648,95263897,127427761,0,0,0,0,0,0,0,0,0,0,0,0,0,0,0,0,0,0,7387738,7387849,0,97,97,6262,329,14775506,35,0,0,0,0,0,0,0,1,0,0,0,0,0,0,0,0,0,0,8309799,0,12362349,109218,0,0,0,0,0,0,0,0,16384,0,0,0,0,0,0,0,0,0,0,0,2845,345,0,0,0,0,0,22461253,0,605,1,47,345,2845,0,0,0,0,0,0,0,0,0,0,0,0,0,0,0,0,0,0,0,0,0,0,0,0,0,0,0,0,0,0,0,0,0,0,0,0,0,0,0,0,0,0,0,0,0,0,0,0,0,0,0,0,0,103219332,0,0,0,110521848,0,0,0,0,0,0,0,73623481,121076388,171094442,53407971840,43966110,0,0,0,0,0,0,0,0,0,0,0,0,0,0,0,0,0,0,0,0,0,0,0,0,0,0,0,0,0,0,0,51930721,0,0,0,0,0,0,0
1789620855.278,0,0,0,0,0,0,0,230371373,1983025909248,720935214592,0,0,0,0,0,0,0,0,0,0,0,0,0,0,0,0,0,0,0,0,0,0,0,0,0,0,0,0,0,0,0,0,0,0,0,0,0,0,0,0,0,0,0,0,0,0,0,0,0,0,0,0,0,0,0,0,0,0,401588,121186146,40226709,0,0,0,0,0,0,0,0,0,0,0,0,0,0,0,0,0,0,0,0,0,0,0,0,0,0,0,0,0,0,0,0,0,0,0,0,0,2146385920,616185856,131005,37609,0,67,131072,121041303,0,0,1160963779,2147483648,95280849,127439061,0,0,0,0,0,0,0,0,0,0,0,0,0,0,0,0,0,0,7388462,7388576,0,97,97,6262,329,14776962,35,0,0,0,0,0,0,0,1,0,0,0,0,0,0,0,0,0,0,8310617,0,12362477,109219,0,0,0,0,0,0,0,0,16384,0,0,0,0,0,0,0,0,0,0,0,2846,345,0,0,0,0,0,22463463,0,605,1,47,345,2846,0,0,0,0,0,0,0,0,0,0,0,0,0,0,0,0,0,0,0,0,0,0,0,0,0,0,0,0,0,0,0,0,0,0,0,0,0,0,0,0,0,0,0,0,0,0,0,0,0,0,0,0,0,103221732,0,0,0,110532046,0,0,0,0,0,0,0,73629027,121093847,171105076,53409636352,43967600,0,0,0,0,0,0,0,0,0,0,0,0,0,0,0,0,0,0,0,0,0,0,0,0,0,0,0,0,0,0,0,51931448,0,0,0,0,0,0,0
1789620856.305,0,0,0,0,0,0,0,230394754,1983328407040,721007541248,0,0,0,0,0,0,0,0,0,0,0,0,0,0,0,0,0,0,0,0,0,0,0,0,0,0,0,0,0,0,0,0,0,0,0,0,0,0,0,0,0,0,0,0,0,0,0,0,0,0,0,0,0,0,0,0,0,0,401632,121204637,40230957,0,0,0,0,0,0,0,0,0,0,0,0,0,0,0,0,0,0,0,0,0,0,0,0,0,0,0,0,0,0,0,0,0,0,0,0,0,2146254848,622837760,130997,38015,0,74,131072,121059778,0,0,1161086863,2147483648,95298941,127451202,0,0,0,0,0,0,0,0,0,0,0,0,0,0,0,0,0,0,7389226,7389341,0,97,97,6262,329,14778485,35,0,0,0,0,0,0,0,1,0,0,0,0,0,0,0,0,0,0,8311477,0,12362477,109219,0,0,0,0,0,0,0,0,16384,0,0,0,0,0,0,0,0,0,0,0,2847,345,0,0,0,0,0,22465796,0,605,1,47,345,2847,0,0,0,0,0,0,0,0,0,0,0,0,0,0,0,0,0,0,0,0,0,0,0,0,0,0,0,0,0,0,0,0,0,0,0,0,0,0,0,0,0,0,0,0,0,0,0,0,0,0,0,0,0,103224188,0,0,0,110542956,0,0,0,0,0,0,0,73634793,121112328,171116036,53411368448,43969112,0,0,0,0,0,0,0,0,0,0,0,0,0,0,0,0,0,0,0,0,0,0,0,0,0,0,0,0,0,0,0,51932212,0,0,0,0,0,0,0
1789620857.333,0,0,0,0,0,0,0,230418047,1983630904832,721100745728,0,0,0,0,0,0,0,0,0,0,0,0,0,0,0,0,0,0,0,0,0,0,0,0,0,0,0,0,0,0,0,0,0,0,0,0,0,0,0,0,0,0,0,0,0,0,0,0,0,0,0,0,0,0,0,0,0,0,401677,121223123,40236485,0,0,0,0,0,0,0,0,0,0,0,0,0,0,0,0,0,0,0,0,0,0,0,0,0,0,0,0,0,0,0,0,0,0,0,0,0,2146320384,608780288,131001,37157,0,71,131072,121078250,0,0,1161208656,2147483648,95316410,127463471,0,0,0,0,0,0,0,0,0,0,0,0,0,0,0,0,0,0,7389987,7390101,0,97,97,6262,329,14780009,35,0,0,0,0,0,0,0,1,0,0,0,0,0,0,0,0,0,0,8312332,0,12363913,109231,0,0,0,0,0,0,0,0,16384,0,0,0,0,0,0,0,0,0,0,0,2848,345,0,0,0,0,0,22468101,0,605,1,47,345,2848,0,0,0,0,0,0,0,0,0,0,0,0,0,0,0,0,0,0,0,0,0,0,0,0,0,0,0,0,0,0,0,0,0,0,0,0,0,0,0,0,0,0,0,0,0,0,0,0,0,0,0,0,0,103226653,0,0,0,110553909,0,0,0,0,0,0,0,73640628,121130805,171128132,53413118464,43970634,0,0,0,0,0,0,0,0,0,0,0,0,0,0,0,0,0,0,0,0,0,0,0,0,0,0,0,0,0,0,0,51932972,0,0,0,0,0,0,0
1789620858.359,0,0,0,0,0,0,0,230441345,1983934270976,721171890688,0,0,0,0,0,0,0,0,0,0,0,0,0,0,0,0,0,0,0,0,0,0,0,0,0,0,0,0,0,0,0,0,0,0,0,0,0,0,0,0,0,0,0,0,0,0,0,0,0,0,0,0,0,0,0,0,0,0,401721,121241670,40240671,0,0,0,0,0,0,0,0,0,0,0,0,0,0,0,0,0,0,0,0,0,0,0,0,0,0,0,0,0,0,0,0,0,0,0,0,0,2146369536,614989824,131004,37537,1,68,131072,121096785,0,0,1161330568,2147483648,95334549,127475590,0,0,0,0,0,0,0,0,0,0,0,0,0,0,0,0,0,0,7390756,7390868,0,97,97,6262,329,14781545,35,0,0,0,0,0,0,0,1,0,0,0,0,0,0,0,0,0,0,8313195,0,12363913,109231,0,0,0,0,0,0,0,0,16384,0,0,0,0,0,0,0,0,0,0,0,2849,345,0,0,0,0,0,22470424,0,605,1,47,345,2849,0,0,0,0,0,0,0,0,0,0,0,0,0,0,0,0,0,0,0,0,0,0,0,0,0,0,0,0,0,0,0,0,0,0,0,0,0,0,0,0,0,0,0,0,0,0,0,0,0,0,0,0,0,103229132,0,0,0,110564783,0,0,0,0,0,0,0,73646354,121149345,171138962,53414884352,43972182,0,0,0,0,0,0,0,0,0,0,0,0,0,0,0,0,0,0,0,0,0,0,0,0,0,0,0,0,0,0,0,51933739,0,0,0,0,0,0,0
1789620859.385,0,0,0,0,0,0,0,230463682,1984227479040,721243630080,0,0,0,0,0,0,0,0,0,0,0,0,0,0,0,0,0,0,0,0,0,0,0,0,0,0,0,0,0,0,0,0,0,0,0,0,0,0,0,0,0,0,0,0,0,0,0,0,0,0,0,0,0,0,0,0,0,0,401762,121259599,40244885,0,0,0,0,0,0,0,0,0,0,0,0,0,0,0,0,0,0,0,0,0,0,0,0,0,0,0,0,0,0,0,0,0,0,0,0,0,2146123776,616759296,130989,37644,0,83,131072,121114709,0,0,1161448796,2147483648,95351949,127487184,0,0,0,0,0,0,0,0,0,0,0,0,0,0,0,0,0,0,7391503,7391619,0,97,97,6262,329,14783041,35,0,0,0,0,0,0,0,1,0,0,0,0,0,0,0,0,0,0,8314040,0,12364041,109232,0,0,0,0,0,0,0,0,16384,0,0,0,0,0,0,0,0,0,0,0,2850,345,0,0,0,0,0,22472712,0,605,1,47,345,2850,0,0,0,0,0,0,0,0,0,0,0,0,0,0,0,0,0,0,0,0,0,0,0,0,0,0,0,0,0,0,0,0,0,0,0,0,0,0,0,0,0,0,0,0,0,0,0,0,0,0,0,0,0,103231551,0,0,0,110575286,0,0,0,0,0,0,0,73651966,121167269,171149697,53416571392,43973695,0,0,0,0,0,0,0,0,0,0,0,0,0,0,0,0,0,0,0,0,0,0,0,0,0,0,0,0,0,0,0,51934491,0,0,0,0,0,0,0
1789620860.412,0,0,0,0,0,0,0,230487622,1984537562624,721318498304,0,0,0,0,0,0,0,0,0,0,0,0,0,0,0,0,0,0,0,0,0,0,0,0,0,0,0,0,0,0,0,0,0,0,0,0,0,0,0,0,0,0,0,0,0,0,0,0,0,0,0,0,0,0,0,0,0,0,401809,121278561,40249289,0,0,0,0,0,0,0,0,0,0,0,0,0,0,0,0,0,0,0,0,0,0,0,0,0,0,0,0,0,0,0,0,0,0,0,0,0,2146353152,623345664,131003,38046,0,69,131072,121133656,0,0,1161574740,2147483648,95370494,127499816,0,0,0,0,0,0,0,0,0,0,0,0,0,0,0,0,0,0,7392293,7392405,0,97,97,6262,329,14784624,35,0,0,0,0,0,0,0,1,0,0,0,0,0,0,0,0,0,0,8314925,0,12364041,109232,0,0,0,0,0,0,0,0,16384,0,0,0,0,0,0,0,0,0,0,0,2851,345,0,0,0,0,0,22475103,0,605,1,47,345,2851,0,0,0,0,0,0,0,0,0,0,0,0,0,0,0,0,0,0,0,0,0,0,0,0,0,0,0,0,0,0,0,0,0,0,0,0,0,0,0,0,0,0,0,0,0,0,0,0,0,0,0,0,0,103234046,0,0,0,110586572,0,0,0,0,0,0,0,73657926,121186217,171160988,53418380288,43975253,0,0,0,0,0,0,0,0,0,0,0,0,0,0,0,0,0,0,0,0,0,0,0,0,0,0,0,0,0,0,0,51935277,0,0,0,0,0,0,0
1789620861.440,0,0,0,0,0,0,0,230512111,1984854183424,721413317120,0,0,0,0,0,0,0,0,0,0,0,0,0,0,0,0,0,0,0,0,0,0,0,0,0,0,0,0,0,0,0,0,0,0,0,0,0,0,0,0,0,0,0,0,0,0,0,0,0,0,0,0,0,0,0,0,0,0,401853,121297919,40254908,0,0,0,0,0,0,0,0,0,0,0,0,0,0,0,0,0,0,0,0,0,0,0,0,0,0,0,0,0,0,0,0,0,0,0,0,0,2146172928,611008512,130992,37293,0,80,131072,121153001,0,0,1161702643,2147483648,95388936,127512551,0,0,0,0,0,0,0,0,0,0,0,0,0,0,0,0,0,0,7393089,7393204,0,97,97,6262,329,14786207,35,0,0,0,0,0,0,0,1,0,0,0,0,0,0,0,0,0,0,8315823,0,12365434,109244,0,0,0,0,0,0,0,0,16384,0,0,0,0,0,0,0,0,0,0,0,2853,345,0,0,0,0,0,22477536,0,605,1,47,345,2853,0,0,0,0,0,0,0,0,0,0,0,0,0,0,0,0,0,0,0,0,0,0,0,0,0,0,0,0,0,0,0,0,0,0,0,0,0,0,0,0,0,0,0,0,0,0,0,0,0,0,0,0,0,103236564,0,0,0,110597968,0,0,0,0,0,0,0,73663934,121205561,171173364,53420187136,43976809,0,0,0,0,0,0,0,0,0,0,0,0,0,0,0,0,0,0,0,0,0,0,0,0,0,0,0,0,0,0,0,51936076,0,0,0,0,0,0,0
1789620862.466,0,0,0,0,0,0,0,230535831,1985161022976,721484338176,0,0,0,0,0,0,0,0,0,0,0,0,0,0,0,0,0,0,0,0,0,0,0,0,0,0,0,0,0,0,0,0,0,0,0,0,0,0,0,0,0,0,0,0,0,0,0,0,0,0,0,0,0,0,0,0,0,0,401898,121316670,40259081,0,0,0,0,0,0,0,0,0,0,0,0,0,0,0,0,0,0,0,0,0,0,0,0,0,0,0,0,0,0,0,0,0,0,0,0,0,2146369536,618119168,131004,37727,0,68,131072,121171733,0,0,1161826526,2147483648,95407257,127524855,0,0,0,0,0,0,0,0,0,0,0,0,0,0,0,0,0,0,7393871,7393986,0,97,97,6262,329,14787780,35,0,0,0,0,0,0,0,1,0,0,0,0,0,0,0,0,0,0,8316703,0,12365434,109244,0,0,0,0,0,0,0,0,16384,0,0,0,0,0,0,0,0,0,0,0,2854,345,0,0,0,0,0,22479913,0,605,1,47,345,2854,0,0,0,0,0,0,0,0,0,0,0,0,0,0,0,0,0,0,0,0,0,0,0,0,0,0,0,0,0,0,0,0,0,0,0,0,0,0,0,0,0,0,0,0,0,0,0,0,0,0,0,0,0,103239056,0,0,0,110609045,0,0,0,0,0,0,0,73669646,121224309,171184193,53421958656,43978352,0,0,0,0,0,0,0,0,0,0,0,0,0,0,0,0,0,0,0,0,0,0,0,0,0,0,0,0,0,0,0,51936858,0,0,0,0,0,0,0
1789620863.492,0,0,0,0,0,0,0,230557780,1985445957120,721554816000,0,0,0,0,0,0,0,0,0,0,0,0,0,0,0,0,0,0,0,0,0,0,0,0,0,0,0,0,0,0,0,0,0,0,0,0,0,0,0,0,0,0,0,0,0,0,0,0,0,0,0,0,0,0,0,0,0,0,401940,121334082,40263230,0,0,0,0,0,0,0,0,0,0,0,0,0,0,0,0,0,0,0,0,0,0,0,0,0,0,0,0,0,0,0,0,0,0,0,0,0,2146353152,619823104,131003,37831,0,68,131072,121189133,0,0,1161941559,2147483648,95424185,127536236,0,0,0,0,0,0,0,0,0,0,0,0,0,0,0,0,0,0,7394603,7394717,0,97,97,6262,329,14789236,35,0,0,0,0,0,0,0,1,0,0,0,0,0,0,0,0,0,0,8317524,0,12365562,109245,0,0,0,0,0,0,0,0,16384,0,0,0,0,0,0,0,0,0,0,0,2855,345,0,0,0,0,0,22482130,0,605,1,47,345,2855,0,0,0,0,0,0,0,0,0,0,0,0,0,0,0,0,0,0,0,0,0,0,0,0,0,0,0,0,0,0,0,0,0,0,0,0,0,0,0,0,0,0,0,0,0,0,0,0,0,0,0,0,0,103241488,0,0,0,110619309,0,0,0,0,0,0,0,73675159,121241715,171194795,53423650304,43979842,0,0,0,0,0,0,0,0,0,0,0,0,0,0,0,0,0,0,0,0,0,0,0,0,0,0,0,0,0,0,0,51937587,0,0,0,0,0,0,0
1789620864.519,0,0,0,0,0,0,0,230582049,1985762725376,721630016000,0,0,0,0,0,0,0,0,0,0,0,0,0,0,0,0,0,0,0,0,0,0,0,0,0,0,0,0,0,0,0,0,0,0,0,0,0,0,0,0,0,0,0,0,0,0,0,0,0,0,0,0,0,0,0,0,0,0,401988,121353451,40267661,0,0,0,0,0,0,0,0,0,0,0,0,0,0,0,0,0,0,0,0,0,0,0,0,0,0,0,0,0,0,0,0,0,0,0,0,0,2146074624,624689152,130986,38128,0,86,131072,121208479,0,0,1162070226,2147483648,95443122,127548770,0,0,0,0,0,0,0,0,0,0,0,0,0,0,0,0,0,0,7395399,7395514,0,97,97,6262,329,14790834,35,0,0,0,0,0,0,0,1,0,0,0,0,0,0,0,0,0,0,8318421,0,12365562,109245,0,0,0,0,0,0,0,0,16384,0,0,0,0,0,0,0,0,0,0,0,2856,345,0,0,0,0,0,22484563,0,605,1,47,345,2856,0,0,0,0,0,0,0,0,0,0,0,0,0,0,0,0,0,0,0,0,0,0,0,0,0,0,0,0,0,0,0,0,0,0,0,0,0,0,0,0,0,0,0,0,0,0,0,0,0,0,0,0,0,103243994,0,0,0,110630612,0,0,0,0,0,0,0,73681131,121261069,171206139,53425433600,43981393,0,0,0,0,0,0,0,0,0,0,0,0,0,0,0,0,0,0,0,0,0,0,0,0,0,0,0,0,0,0,0,51938385,0,0,0,0,0,0,0
1789620865.546,0,0,0,0,0,0,0,230606972,1986085080576,721727050752,0,0,0,0,0,0,0,0,0,0,0,0,0,0,0,0,0,0,0,0,0,0,0,0,0,0,0,0,0,0,0,0,0,0,0,0,0,0,0,0,0,0,0,0,0,0,0,0,0,0,0,0,0,0,0,0,0,0,402036,121373166,40273411,0,0,0,0,0,0,0,0,0,0,0,0,0,0,0,0,0,0,0,0,0,0,0,0,0,0,0,0,0,0,0,0,0,0,0,0,0,2146172928,612319232,130992,37373,0,80,131072,121228178,0,0,1162200363,2147483648,95461834,127561854,0,0,0,0,0,0,0,0,0,0,0,0,0,0,0,0,0,0,7396214,7396328,0,97,97,6262,329,14792466,35,0,0,0,0,0,0,0,1,0,0,0,0,0,0,0,0,0,0,8319337,0,12366949,109257,0,0,0,0,0,0,0,0,16384,0,0,0,0,0,0,0,0,0,0,0,2857,345,0,0,0,0,0,22487043,0,605,1,47,345,2857,0,0,0,0,0,0,0,0,0,0,0,0,0,0,0,0,0,0,0,0,0,0,0,0,0,0,0,0,0,0,0,0,0,0,0,0,0,0,0,0,0,0,0,0,0,0,0,0,0,0,0,0,0,103246511,0,0,0,110642324,0,0,0,0,0,0,0,73687267,121280769,171218776,53427269632,43982952,0,0,0,0,0,0,0,0,0,0,0,0,0,0,0,0,0,0,0,0,0,0,0,0,0,0,0,0,0,0,0,51939199,0,0,0,0,0,0,0
1789620866.572,0,0,0,0,0,0,0,230628853,1986369015296,721792098304,0,0,0,0,0,0,0,0,0,0,0,0,0,0,0,0,0,0,0,0,0,0,0,0,0,0,0,0,0,0,0,0,0,0,0,0,0,0,0,0,0,0,0,0,0,0,0,0,0,0,0,0,0,0,0,0,0,0,402075,121390511,40277225,0,0,0,0,0,0,0,0,0,0,0,0,0,0,0,0,0,0,0,0,0,0,0,0,0,0,0,0,0,0,0,0,0,0,0,0,0,2146222080,621297664,130995,37921,0,77,131072,121245514,0,0,1162314672,2147483648,95478817,127573235,0,0,0,0,0,0,0,0,0,0,0,0,0,0,0,0,0,0,7396932,7397046,0,97,97,6262,329,14793893,35,0,0,0,0,0,0,0,1,0,0,0,0,0,0,0,0,0,0,8320146,0,12366949,109257,0,0,0,0,0,0,0,0,16384,0,0,0,0,0,0,0,0,0,0,0,2858,345,0,0,0,0,0,22489230,0,605,1,47,345,2858,0,0,0,0,0,0,0,0,0,0,0,0,0,0,0,0,0,0,0,0,0,0,0,0,0,0,0,0,0,0,0,0,0,0,0,0,0,0,0,0,0,0,0,0,0,0,0,0,0,0,0,0,0,103248915,0,0,0,110652535,0,0,0,0,0,0,0,73692582,121298112,171228811,53428926464,43984452,0,0,0,0,0,0,0,0,0,0,0,0,0,0,0,0,0,0,0,0,0,0,0,0,0,0,0,0,0,0,0,51939918,0,0,0,0,0,0,0
1789620867.599,0,0,0,0,0,0,0,230653290,1986685505024,721869137408,0,0,0,0,0,0,0,0,0,0,0,0,0,0,0,0,0,0,0,0,0,0,0,0,0,0,0,0,0,0,0,0,0,0,0,0,0,0,0,0,0,0,0,0,0,0,0,0,0,0,0,0,0,0,0,0,0,0,402126,121409854,40281755,0,0,0,0,0,0,0,0,0,0,0,0,0,0,0,0,0,0,0,0,0,0,0,0,0,0,0,0,0,0,0,0,0,0,0,0,0,2146353152,624574464,131003,38121,0,69,131072,121264842,0,0,1162442793,2147483648,95497626,127586014,0,0,0,0,0,0,0,0,0,0,0,0,0,0,0,0,0,0,7397748,7397859,0,97,97,6262,329,14795534,35,0,0,0,0,0,0,0,1,0,0,0,0,0,0,0,0,0,0,8321061,0,12367077,109258,0,0,0,0,0,0,0,0,16384,0,0,0,0,0,0,0,0,0,0,0,2859,345,0,0,0,0,0,22491700,0,605,1,47,345,2859,0,0,0,0,0,0,0,0,0,0,0,0,0,0,0,0,0,0,0,0,0,0,0,0,0,0,0,0,0,0,0,0,0,0,0,0,0,0,0,0,0,0,0,0,0,0,0,0,0,0,0,0,0,103251425,0,0,0,110664030,0,0,0,0,0,0,0,73698537,121317454,171240273,53430734336,43985999,0,0,0,0,0,0,0,0,0,0,0,0,0,0,0,0,0,0,0,0,0,0,0,0,0,0,0,0,0,0,0,51940730,0,0,0,0,0,0,0
1789620868.625,0,0,0,0,0,0,0,230675594,1986976140800,721947627008,0,0,0,0,0,0,0,0,0,0,0,0,0,0,0,0,0,0,0,0,0,0,0,0,0,0,0,0,0,0,0,0,0,0,0,0,0,0,0,0,0,0,0,0,0,0,0,0,0,0,0,0,0,0,0,0,0,0,402164,121427609,40286395,0,0,0,0,0,0,0,0,0,0,0,0,0,0,0,0,0,0,0,0,0,0,0,0,0,0,0,0,0,0,0,0,0,0,0,0,0,2146336768,619724800,131002,37825,0,70,131072,121282577,0,0,1162561000,2147483648,95514889,127597582,0,0,0,0,0,0,0,0,0,0,0,0,0,0,0,0,0,0,7398490,7398600,0,97,97,6262,329,14797015,35,0,0,0,0,0,0,0,1,0,0,0,0,0,0,0,0,0,0,8321894,0,12367701,109263,0,0,0,0,0,0,0,0,16384,0,0,0,0,0,0,0,0,0,0,0,2860,345,0,0,0,0,0,22493948,0,605,1,47,345,2860,0,0,0,0,0,0,0,0,0,0,0,0,0,0,0,0,0,0,0,0,0,0,0,0,0,0,0,0,0,0,0,0,0,0,0,0,0,0,0,0,0,0,0,0,0,0,0,0,0,0,0,0,0,103253871,0,0,0,110674499,0,0,0,0,0,0,0,73704131,121335204,171251356,53432420864,43987510,0,0,0,0,0,0,0,0,0,0,0,0,0,0,0,0,0,0,0,0,0,0,0,0,0,0,0,0,0,0,0,51941472,0,0,0,0,0,0,0
1789620869.653,0,0,0,0,0,0,0,230699865,1987291516416,722035387392,0,0,0,0,0,0,0,0,0,0,0,0,0,0,0,0,0,0,0,0,0,0,0,0,0,0,0,0,0,0,0,0,0,0,0,0,0,0,0,0,0,0,0,0,0,0,0,0,0,0,0,0,0,0,0,0,0,0,402208,121446890,40291593,0,0,0,0,0,0,0,0,0,0,0,0,0,0,0,0,0,0,0,0,0,0,0,0,0,0,0,0,0,0,0,0,0,0,0,0,0,2146074624,614383616,130986,37499,0,86,131072,121301839,0,0,1162687741,2147483648,95533345,127610163,0,0,0,0,0,0,0,0,0,0,0,0,0,0,0,0,0,0,7399278,7399389,0,97,97,6262,329,14798592,35,0,0,0,0,0,0,0,1,0,0,0,0,0,0,0,0,0,0,8322782,0,12368505,109270,0,0,0,0,0,0,0,0,16384,0,0,0,0,0,0,0,0,0,0,0,2861,345,0,0,0,0,0,22496356,0,605,1,47,345,2861,0,0,0,0,0,0,0,0,0,0,0,0,0,0,0,0,0,0,0,0,0,0,0,0,0,0,0,0,0,0,0,0,0,0,0,0,0,0,0,0,0,0,0,0,0,0,0,0,0,0,0,0,0,103256375,0,0,0,110685812,0,0,0,0,0,0,0,73710203,121354470,171263437,53434191872,43989058,0,0,0,0,0,0,0,0,0,0,0,0,0,0,0,0,0,0,0,0,0,0,0,0,0,0,0,0,0,0,0,51942261,0,0,0,0,0,0,0
1789620870.679,0,0,0,0,0,0,0,230721437,1987570421248,722099547136,0,0,0,0,0,0,0,0,0,0,0,0,0,0,0,0,0,0,0,0,0,0,0,0,0,0,0,0,0,0,0,0,0,0,0,0,0,0,0,0,0,0,0,0,0,0,0,0,0,0,0,0,0,0,0,0,0,0,402252,121463938,40295352,0,0,0,0,0,0,0,0,0,0,0,0,0,0,0,0,0,0,0,0,0,0,0,0,0,0,0,0,0,0,0,0,0,0,0,0,0,2146336768,623116288,131002,38032,0,70,131072,121318880,0,0,1162800352,2147483648,95550004,127621441,0,0,0,0,0,0,0,0,0,0,0,0,0,0,0,0,0,0,7399984,7400098,0,97,97,6262,329,14800002,35,0,0,0,0,0,0,0,1,0,0,0,0,0,0,0,0,0,0,8323579,0,12368505,109270,0,0,0,0,0,0,0,0,16384,0,0,0,0,0,0,0,0,0,0,0,2862,345,0,0,0,0,0,22498524,0,605,1,47,345,2862,0,0,0,0,0,0,0,0,0,0,0,0,0,0,0,0,0,0,0,0,0,0,0,0,0,0,0,0,0,0,0,0,0,0,0,0,0,0,0,0,0,0,0,0,0,0,0,0,0,0,0,0,0,103258740,0,0,0,110695902,0,0,0,0,0,0,0,73715429,121371513,171273331,53435819008,43990519,0,0,0,0,0,0,0,0,0,0,0,0,0,0,0,0,0,0,0,0,0,0,0,0,0,0,0,0,0,0,0,51942970,0,0,0,0,0,0,0
1789620871.707,0,0,0,0,0,0,0,230744329,1987868757504,722170863104,0,0,0,0,0,0,0,0,0,0,0,0,0,0,0,0,0,0,0,0,0,0,0,0,0,0,0,0,0,0,0,0,0,0,0,0,0,0,0,0,0,0,0,0,0,0,0,0,0,0,0,0,0,0,0,0,0,0,402292,121482181,40299548,0,0,0,0,0,0,0,0,0,0,0,0,0,0,0,0,0,0,0,0,0,0,0,0,0,0,0,0,0,0,0,0,0,0,0,0,0,2146484224,627687424,131011,38311,0,61,131072,121337111,0,0,1162920418,2147483648,95567670,127633274,0,0,0,0,0,0,0,0,0,0,0,0,0,0,0,0,0,0,7400745,7400858,0,97,97,6262,329,14801514,35,0,0,0,0,0,0,0,1,0,0,0,0,0,0,0,0,0,0,8324434,0,12368633,109271,0,0,0,0,0,0,0,0,16384,0,0,0,0,0,0,0,0,0,0,0,2863,345,0,0,0,0,0,22500833,0,605,1,47,345,2863,0,0,0,0,0,0,0,0,0,0,0,0,0,0,0,0,0,0,0,0,0,0,0,0,0,0,0,0,0,0,0,0,0,0,0,0,0,0,0,0,0,0,0,0,0,0,0,0,0,0,0,0,0,103261184,0,0,0,110706606,0,0,0,0,0,0,0,73720992,121389745,171284036,53437524992,43992018,0,0,0,0,0,0,0,0,0,0,0,0,0,0,0,0,0,0,0,0,0,0,0,0,0,0,0,0,0,0,0,51943730,0,0,0,0,0,0,0
1789620872.733,0,0,0,0,0,0,0,230766802,1988161785344,722264377344,0,0,0,0,0,0,0,0,0,0,0,0,0,0,0,0,0,0,0,0,0,0,0,0,0,0,0,0,0,0,0,0,0,0,0,0,0,0,0,0,0,0,0,0,0,0,0,0,0,0,0,0,0,0,0,0,0,0,402334,121500098,40305102,0,0,0,0,0,0,0,0,0,0,0,0,0,0,0,0,0,0,0,0,0,0,0,0,0,0,0,0,0,0,0,0,0,0,0,0,0,2146353152,608256000,131003,37125,0,69,131072,121355019,0,0,1163039536,2147483648,95584692,127644941,0,0,0,0,0,0,0,0,0,0,0,0,0,0,0,0,0,0,7401494,7401609,0,97,97,6262,329,14803020,35,0,0,0,0,0,0,0,1,0,0,0,0,0,0,0,0,0,0,8325277,0,12370064,109283,0,0,0,0,0,0,0,0,16384,0,0,0,0,0,0,0,0,0,0,0,2864,345,0,0,0,0,0,22503104,0,605,1,47,345,2864,0,0,0,0,0,0,0,0,0,0,0,0,0,0,0,0,0,0,0,0,0,0,0,0,0,0,0,0,0,0,0,0,0,0,0,0,0,0,0,0,0,0,0,0,0,0,0,0,0,0,0,0,0,103263594,0,0,0,110717158,0,0,0,0,0,0,0,73726824,121407668,171296130,53439214592,43993518,1,0,0,0,0,0,0,0,0,0,0,0,0,0,0,0,0,0,0,0,0,0,0,0,0,0,0,0,0,0,0,51944479,0,0,0,0,0,0,0
1789620873.760,0,0,0,0,0,0,0,230790812,1988473736704,722338712064,0,0,0,0,0,0,0,0,0,0,0,0,0,0,0,0,0,0,0,0,0,0,0,0,0,0,0,0,0,0,0,0,0,0,0,0,0,0,0,0,0,0,0,0,0,0,0,0,0,0,0,0,0,0,0,0,0,0,402381,121519169,40309470,0,0,0,0,0,0,0,0,0,0,0,0,0,0,0,0,0,0,0,0,0,0,0,0,0,0,0,0,0,0,0,0,0,0,0,0,0,2146320384,615038976,131001,37539,0,71,131072,121374068,0,0,1163165010,2147483648,95603350,127657455,0,0,0,0,0,0,0,0,0,0,0,0,0,0,0,0,0,0,7402274,7402385,0,97,97,6262,329,14804582,35,0,0,0,0,0,0,0,1,0,0,0,0,0,0,0,0,0,0,8326152,0,12370064,109283,0,0,0,0,0,0,0,0,16384,0,0,0,0,0,0,0,0,0,0,0,2865,345,0,0,0,0,0,22505472,0,605,1,47,345,2865,0,0,0,0,0,0,0,0,0,0,0,0,0,0,0,0,0,0,0,0,0,0,0,0,0,0,0,0,0,0,0,0,0,0,0,0,0,0,0,0,0,0,0,0,0,0,0,0,0,0,0,0,0,103266070,0,0,0,110728375,0,0,0,0,0,0,0,73732732,121426716,171307348,53440994304,43995056,0,0,0,0,0,0,0,0,0,0,0,0,0,0,0,0,0,0,0,0,0,0,0,0,0,0,0,0,0,0,0,51945257,0,0,0,0,0,0,0
1789620874.786,0,0,0,0,0,0,0,230812189,1988749987328,722402461184,0,0,0,0,0,0,0,0,0,0,0,0,0,0,0,0,0,0,0,0,0,0,0,0,0,0,0,0,0,0,0,0,0,0,0,0,0,0,0,0,0,0,0,0,0,0,0,0,0,0,0,0,0,0,0,0,0,0,402418,121536058,40313218,0,0,0,0,0,0,0,0,0,0,0,0,0,0,0,0,0,0,0,0,0,0,0,0,0,0,0,0,0,0,0,0,0,0,0,0,0,2146172928,624590848,130992,38122,0,80,131072,121390950,0,0,1163276541,2147483648,95619918,127668695,0,0,0,0,0,0,0,0,0,0,0,0,0,0,0,0,0,0,7402979,7403089,0,97,97,6262,329,14805990,35,0,0,0,0,0,0,0,1,0,0,0,0,0,0,0,0,0,0,8326941,0,12370064,109283,0,0,0,0,0,0,0,0,16384,0,0,0,0,0,0,0,0,0,0,0,2866,345,0,0,0,0,0,22507599,0,605,1,47,345,2866,0,0,0,0,0,0,0,0,0,0,0,0,0,0,0,0,0,0,0,0,0,0,0,0,0,0,0,0,0,0,0,0,0,0,0,0,0,0,0,0,0,0,0,0,0,0,0,0,0,0,0,0,0,103268401,0,0,0,110738466,0,0,0,0,0,0,0,73737919,121443599,171317156,53442604544,43996503,0,0,0,0,0,0,0,0,0,0,0,0,0,0,0,0,0,0,0,0,0,0,0,0,0,0,0,0,0,0,0,51945958,0,0,0,0,0,0,0
1789620875.813,0,0,0,0,0,0,0,230836641,1989069360640,722479780864,0,0,0,0,0,0,0,0,0,0,0,0,0,0,0,0,0,0,0,0,0,0,0,0,0,0,0,0,0,0,0,0,0,0,0,0,0,0,0,0,0,0,0,0,0,0,0,0,0,0,0,0,0,0,0,0,0,0,402468,121555581,40317672,0,0,0,0,0,0,0,0,0,0,0,0,0,0,0,0,0,0,0,0,0,0,0,0,0,0,0,0,0,0,0,0,0,0,0,0,0,2146287616,629800960,130999,38440,0,73,131072,121410458,0,0,1163405347,2147483648,95638822,127681451,0,0,0,0,0,0,0,0,0,0,0,0,0,0,0,0,0,0,7403791,7403898,0,97,97,6262,329,14807614,35,0,0,0,0,0,0,0,1,0,0,0,0,0,0,0,0,0,0,8327853,0,12370192,109284,0,0,0,0,0,0,0,0,16384,0,0,0,0,0,0,0,0,0,0,0,2867,345,0,0,0,0,0,22510051,0,605,1,47,345,2867,0,0,0,0,0,0,0,0,0,0,0,0,0,0,0,0,0,0,0,0,0,0,0,0,0,0,0,0,0,0,0,0,0,0,0,0,0,0,0,0,0,0,0,0,0,0,0,0,0,0,0,0,0,103274235,0,0,0,110749916,0,0,0,0,0,0,0,73746286,121463113,171331765,53445952512,44000548,0,0,0,0,0,0,0,0,0,0,0,0,0,0,0,0,0,0,0,0,0,0,0,0,0,0,0,0,0,0,0,51946768,0,0,0,0,0,0,0
1789620876.841,0,0,0,0,0,0,0,230859997,1989374070272,722580294144,0,0,0,0,0,0,0,0,0,0,0,0,0,0,0,0,0,0,0,0,0,0,0,0,0,0,0,0,0,0,0,0,0,0,0,0,0,0,0,0,0,0,0,0,0,0,0,0,0,0,0,0,0,0,0,0,0,0,402512,121574207,40323406,0,0,0,0,0,0,0,0,0,0,0,0,0,0,0,0,0,0,0,0,0,0,0,0,0,0,0,0,0,0,0,0,0,0,0,0,0,2146222080,610369536,130995,37254,0,77,131072,121429072,0,0,1163529084,2147483648,95656445,127693565,0,0,0,0,0,0,0,0,0,0,0,0,0,0,0,0,0,0,7404561,7404671,0,97,97,6262,329,14809147,35,0,0,0,0,0,0,0,1,0,0,0,0,0,0,0,0,0,0,8328724,0,12371608,109296,0,0,0,0,0,0,0,0,16384,0,0,0,0,0,0,0,0,0,0,0,2868,345,0,0,0,0,0,22512408,0,605,1,47,345,2868,0,0,0,0,0,0,0,0,0,0,0,0,0,0,0,0,0,0,0,0,0,0,0,0,0,0,0,0,0,0,0,0,0,0,0,0,0,0,0,0,0,0,0,0,0,0,0,0,0,0,0,0,0,103285306,0,0,0,110760805,0,0,0,0,0,0,0,73758818,121481735,171352877,53451658752,44008567,0,0,0,0,0,0,0,0,0,0,0,0,0,0,0,0,0,0,0,0,0,0,0,0,0,0,0,0,0,0,0,51947543,0,0,0,0,0,0,0
1789620877.867,0,0,0,0,0,0,0,230883262,1989675929088,722654872064,0,0,0,0,0,0,0,0,0,0,0,0,0,0,0,0,0,0,0,0,0,0,0,0,0,0,0,0,0,0,0,0,0,0,0,0,0,0,0,0,0,0,0,0,0,0,0,0,0,0,0,0,0,0,0,0,0,0,402555,121592657,40327581,0,0,0,0,0,0,0,0,0,0,0,0,0,0,0,0,0,0,0,0,0,0,0,0,0,0,0,0,0,0,0,0,0,0,0,0,0,2146238464,617644032,130996,37698,0,76,131072,121447510,0,0,1163650478,2147483648,95674476,127705674,0,0,0,0,0,0,0,0,0,0,0,0,0,0,0,0,0,0,7405316,7405428,0,97,97,6262,329,14810669,35,0,0,0,0,0,0,0,1,0,0,0,0,0,0,0,0,0,0,8329575,0,12371608,109296,0,0,0,0,0,0,0,0,16384,0,0,0,0,0,0,0,0,0,0,0,2869,345,0,0,0,0,0,22514708,0,605,1,47,345,2869,0,0,0,0,0,0,0,0,0,0,0,0,0,0,0,0,0,0,0,0,0,0,0,0,0,0,0,0,0,0,0,0,0,0,0,0,0,0,0,0,0,0,0,0,0,0,0,0,0,0,0,0,0,103295265,0,0,0,110771691,0,0,0,0,0,0,0,73770182,121500180,171371184,53456841216,44015755,0,0,0,0,0,0,0,0,0,0,0,0,0,0,0,0,0,0,0,0,0,0,0,0,0,0,0,0,0,0,0,51948300,0,0,0,0,0,0,0
1789620878.894,0,0,0,0,0,0,0,230905133,1989959028224,722721759232,0,0,0,0,0,0,0,0,0,0,0,0,0,0,0,0,0,0,0,0,0,0,0,0,0,0,0,0,0,0,0,0,0,0,0,0,0,0,0,0,0,0,0,0,0,0,0,0,0,0,0,0,0,0,0,0,0,0,402593,121609949,40331515,0,0,0,0,0,0,0,0,0,0,0,0,0,0,0,0,0,0,0,0,0,0,0,0,0,0,0,0,0,0,0,0,0,0,0,0,0,2146287616,623788032,130999,38073,0,73,131072,121464789,0,0,1163764494,2147483648,95691293,127716962,0,0,0,0,0,0,0,0,0,0,0,0,0,0,0,0,0,0,7406029,7406138,0,97,97,6262,329,14812093,35,0,0,0,0,0,0,0,1,0,0,0,0,0,0,0,0,0,0,8330373,0,12371736,109297,0,0,0,0,0,0,0,0,16384,0,0,0,0,0,0,0,0,0,0,0,2870,345,0,0,0,0,0,22516870,0,605,1,47,345,2870,0,0,0,0,0,0,0,0,0,0,0,0,0,0,0,0,0,0,0,0,0,0,0,0,0,0,0,0,0,0,0,0,0,0,0,0,0,0,0,0,0,0,0,0,0,0,0,0,0,0,0,0,0,103297660,0,0,0,110781886,0,0,0,0,0,0,0,73775457,121517478,171381313,53458479616,44017228,0,0,0,0,0,0,0,0,0,0,0,0,0,0,0,0,0,0,0,0,0,0,0,0,0,0,0,0,0,0,0,51949009,0,0,0,0,0,0,0
1789620879.922,0,0,0,0,0,0,0,230929870,1990282464768,722798406144,0,0,0,0,0,0,0,0,0,0,0,0,0,0,0,0,0,0,0,0,0,0,0,0,0,0,0,0,0,0,0,0,0,0,0,0,0,0,0,0,0,0,0,0,0,0,0,0,0,0,0,0,0,0,0,0,0,0,402644,121629731,40336016,0,0,0,0,0,0,0,0,0,0,0,0,0,0,0,0,0,0,0,0,0,0,0,0,0,0,0,0,0,0,0,0,0,0,0,0,0,2146320384,628899840,131001,38385,0,71,131072,121484552,0,0,1163895056,2147483648,95710623,127729896,0,0,0,0,0,0,0,0,0,0,0,0,0,0,0,0,0,0,7406857,7406969,0,97,97,6262,329,14813759,35,0,0,0,0,0,0,0,1,0,0,0,0,0,0,0,0,0,0,8331309,0,12371736,109297,0,0,0,0,0,0,0,0,16384,0,0,0,0,0,0,0,0,0,0,0,2871,345,0,0,0,0,0,22519407,0,605,1,47,345,2871,0,0,0,0,0,0,0,0,0,0,0,0,0,0,0,0,0,0,0,0,0,0,0,0,0,0,0,0,0,0,0,0,0,0,0,0,0,0,0,0,0,0,0,0,0,0,0,0,0,0,0,0,0,103300204,0,0,0,110793540,0,0,0,0,0,0,0,73781534,121537239,171392854,53460309504,44018801,0,0,0,0,0,0,0,0,0,0,0,0,0,0,0,0,0,0,0,0,0,0,0,0,0,0,0,0,0,0,0,51949841,0,0,0,0,0,0,0
1789620880.948,0,0,0,0,0,0,0,230953274,1990587158016,722893300224,0,0,0,0,0,0,0,0,0,0,0,0,0,0,0,0,0,0,0,0,0,0,0,0,0,0,0,0,0,0,0,0,0,0,0,0,0,0,0,0,0,0,0,0,0,0,0,0,0,0,0,0,0,0,0,0,0,0,402688,121648358,40341650,0,0,0,0,0,0,0,0,0,0,0,0,0,0,0,0,0,0,0,0,0,0,0,0,0,0,0,0,0,0,0,0,0,0,0,0,0,2146418688,614858752,131007,37528,0,65,131072,121503169,0,0,1164018568,2147483648,95728339,127742138,0,0,0,0,0,0,0,0,0,0,0,0,0,0,0,0,0,0,7407629,7407742,0,97,97,6262,329,14815285,35,0,0,0,0,0,0,0,1,0,0,0,0,0,0,0,0,0,0,8332178,0,12373172,109309,0,0,0,0,0,0,0,0,16384,0,0,0,0,0,0,0,0,0,0,0,2872,345,0,0,0,0,0,22521767,0,605,1,47,345,2872,0,0,0,0,0,0,0,0,0,0,0,0,0,0,0,0,0,0,0,0,0,0,0,0,0,0,0,0,0,0,0,0,0,0,0,0,0,0,0,0,0,0,0,0,0,0,0,0,0,0,0,0,0,103302687,0,0,0,110804519,0,0,0,0,0,0,0,73787491,121555853,171405159,53462055424,44020355,0,0,0,0,0,0,0,0,0,0,0,0,0,0,0,0,0,0,0,0,0,0,0,0,0,0,0,0,0,0,0,51950613,0,0,0,0,0,0,0
1789620881.975,0,0,0,0,0,0,0,230976731,1990890999296,722964546048,0,0,0,0,0,0,0,0,0,0,0,0,0,0,0,0,0,0,0,0,0,0,0,0,0,0,0,0,0,0,0,0,0,0,0,0,0,0,0,0,0,0,0,0,0,0,0,0,0,0,0,0,0,0,0,0,0,0,402731,121666930,40345834,0,0,0,0,0,0,0,0,0,0,0,0,0,0,0,0,0,0,0,0,0,0,0,0,0,0,0,0,0,0,0,0,0,0,0,0,0,2146287616,622592000,130999,38000,0,73,131072,121521730,0,0,1164141132,2147483648,95746530,127754265,0,0,0,0,0,0,0,0,0,0,0,0,0,0,0,0,0,0,7408384,7408498,0,97,97,6262,329,14816808,35,0,0,0,0,0,0,0,1,0,0,0,0,0,0,0,0,0,0,8333029,0,12373172,109309,0,0,0,0,0,0,0,0,16384,0,0,0,0,0,0,0,0,0,0,0,2873,345,0,0,0,0,0,22524068,0,605,1,47,345,2873,0,0,0,0,0,0,0,0,0,0,0,0,0,0,0,0,0,0,0,0,0,0,0,0,0,0,0,0,0,0,0,0,0,0,0,0,0,0,0,0,0,0,0,0,0,0,0,0,0,0,0,0,0,103305118,0,0,0,110815438,0,0,0,0,0,0,0,73793192,121574419,171415968,53463781888,44021865,0,0,0,0,0,0,0,0,0,0,0,0,0,0,0,0,0,0,0,0,0,0,0,0,0,0,0,0,0,0,0,51951370,0,0,0,0,0,0,0
1789620883.001,0,0,0,0,0,0,0,230998246,1991170936320,723031891968,0,0,0,0,0,0,0,0,0,0,0,0,0,0,0,0,0,0,0,0,0,0,0,0,0,0,0,0,0,0,0,0,0,0,0,0,0,0,0,0,0,0,0,0,0,0,0,0,0,0,0,0,0,0,0,0,0,0,402767,121684034,40349690,0,0,0,0,0,0,0,0,0,0,0,0,0,0,0,0,0,0,0,0,0,0,0,0,0,0,0,0,0,0,0,0,0,0,0,0,0,2146074624,628293632,130986,38348,0,86,131072,121538819,0,0,1164253450,2147483648,95763264,127765386,0,0,0,0,0,0,0,0,0,0,0,0,0,0,0,0,0,0,7409097,7409211,0,97,97,6262,329,14818225,35,0,0,0,0,0,0,0,1,0,0,0,0,0,0,0,0,0,0,8333831,0,12373172,109310,0,0,0,0,0,0,0,0,16384,0,0,0,0,0,0,0,0,0,0,0,2874,345,0,0,0,0,0,22526237,0,605,1,47,345,2874,0,0,0,0,0,0,0,0,0,0,0,0,0,0,0,0,0,0,0,0,0,0,0,0,0,0,0,0,0,0,0,0,0,0,0,0,0,0,0,0,0,0,0,0,0,0,0,0,0,0,0,0,0,103307463,0,0,0,110825475,0,0,0,0,0,0,0,73798502,121591518,171426104,53465412096,44023347,0,0,0,0,0,0,0,0,0,0,0,0,0,0,0,0,0,0,0,0,0,0,0,0,0,0,0,0,0,0,0,51952083,0,0,0,0,0,0,0
1789620884.028,0,0,0,0,0,0,0,231023833,1991504907776,723112282624,0,0,0,0,0,0,0,0,0,0,0,0,0,0,0,0,0,0,0,0,0,0,0,0,0,0,0,0,0,0,0,0,0,0,0,0,0,0,0,0,0,0,0,0,0,0,0,0,0,0,0,0,0,0,0,0,0,0,402821,121704438,40354392,0,0,0,0,0,0,0,0,0,0,0,0,0,0,0,0,0,0,0,0,0,0,0,0,0,0,0,0,0,0,0,0,0,0,0,0,0,2146418688,633569280,131007,38670,0,65,131072,121559210,0,0,1164388198,2147483648,95783063,127778772,0,0,0,0,0,0,0,0,0,0,0,0,0,0,0,0,0,0,7409952,7410065,0,97,97,6262,329,14819936,35,0,0,0,0,0,0,0,1,0,0,0,0,0,0,0,0,0,0,8334792,0,12373300,109310,0,0,0,0,0,0,0,0,16384,0,0,0,0,0,0,0,0,0,0,0,2875,345,0,0,0,0,0,22528828,0,605,1,47,345,2875,0,0,0,0,0,0,0,0,0,0,0,0,0,0,0,0,0,0,0,0,0,0,0,0,0,0,0,0,0,0,0,0,0,0,0,0,0,0,0,0,0,0,0,0,0,0,0,0,0,0,0,0,0,103314746,0,0,0,110837516,0,0,0,0,0,0,0,73808180,121611903,171442578,53469431296,44028428,0,0,0,0,0,0,0,0,0,0,0,0,0,0,0,0,0,0,0,0,0,0,0,0,0,0,0,0,0,0,0,51952937,0,0,0,0,0,0,0
1789620885.055,0,0,0,0,0,0,0,231048079,1991820627456,723209761280,0,0,0,0,0,0,0,0,0,0,0,0,0,0,0,0,0,0,0,0,0,0,0,0,0,0,0,0,0,0,0,0,0,0,0,0,0,0,0,0,0,0,0,0,0,0,0,0,0,0,0,0,0,0,0,0,0,0,402864,121723733,40360186,0,0,0,0,0,0,0,0,0,0,0,0,0,0,0,0,0,0,0,0,0,0,0,0,0,0,0,0,0,0,0,0,0,0,0,0,0,2146156544,616611840,130991,37635,0,80,131072,121578493,0,0,1164516388,2147483648,95801019,127791369,0,0,0,0,0,0,0,0,0,0,0,0,0,0,0,0,0,0,7410760,7410866,0,97,97,6262,329,14821548,35,0,0,0,0,0,0,0,1,0,0,0,0,0,0,0,0,0,0,8335690,0,12374690,109322,0,0,0,0,0,0,0,0,16384,0,0,0,0,0,0,0,0,0,0,0,2876,345,0,0,0,0,0,22531259,0,605,1,47,345,2876,0,0,0,0,0,0,0,0,0,0,0,0,0,0,0,0,0,0,0,0,0,0,0,0,0,0,0,0,0,0,0,0,0,0,0,0,0,0,0,0,0,0,0,0,0,0,0,0,0,0,0,0,0,103317268,0,0,0,110848901,0,0,0,0,0,0,0,73814335,121631198,171455286,53471221760,44029982,0,0,0,0,0,0,0,0,0,0,0,0,0,0,0,0,0,0,0,0,0,0,0,0,0,0,0,0,0,0,0,51953735,0,0,0,0,0,0,0
1789620886.082,0,0,0,0,0,0,0,231070759,1992114998784,723278379520,0,0,0,0,0,0,0,0,0,0,0,0,0,0,0,0,0,0,0,0,0,0,0,0,0,0,0,0,0,0,0,0,0,0,0,0,0,0,0,0,0,0,0,0,0,0,0,0,0,0,0,0,0,0,0,0,0,0,402901,121741721,40364214,0,0,0,0,0,0,0,0,0,0,0,0,0,0,0,0,0,0,0,0,0,0,0,0,0,0,0,0,0,0,0,0,0,0,0,0,0,2146484224,623755264,131011,38071,0,61,131072,121596470,0,0,1164634773,2147483648,95818630,127803152,0,0,0,0,0,0,0,0,0,0,0,0,0,0,0,0,0,0,7411493,7411607,0,97,97,6262,329,14823015,35,0,0,0,0,0,0,0,1,0,0,0,0,0,0,0,0,0,0,8336526,0,12374690,109322,0,0,0,0,0,0,0,0,16384,0,0,0,0,0,0,0,0,0,0,0,2877,345,0,0,0,0,0,22533520,0,605,1,47,345,2877,0,0,0,0,0,0,0,0,0,0,0,0,0,0,0,0,0,0,0,0,0,0,0,0,0,0,0,0,0,0,0,0,0,0,0,0,0,0,0,0,0,0,0,0,0,0,0,0,0,0,0,0,0,103319733,0,0,0,110859439,0,0,0,0,0,0,0,73819851,121649171,171465810,53472925184,44031469,0,0,0,0,0,0,0,0,0,0,0,0,0,0,0,0,0,0,0,0,0,0,0,0,0,0,0,0,0,0,0,51954479,0,0,0,0,0,0,0
1789620887.109,0,0,0,0,0,0,0,231092739,1992399277568,723345989632,0,0,0,0,0,0,0,0,0,0,0,0,0,0,0,0,0,0,0,0,0,0,0,0,0,0,0,0,0,0,0,0,0,0,0,0,0,0,0,0,0,0,0,0,0,0,0,0,0,0,0,0,0,0,0,0,0,0,402952,121759091,40368184,0,0,0,0,0,0,0,0,0,0,0,0,0,0,0,0,0,0,0,0,0,0,0,0,0,0,0,0,0,0,0,0,0,0,0,0,0,2146222080,630620160,130995,38490,1,77,131072,121613830,0,0,1164749580,2147483648,95835546,127814772,0,0,0,0,0,0,0,0,0,0,0,0,0,0,0,0,0,0,7412216,7412329,0,97,97,6262,329,14824469,35,0,0,0,0,0,0,0,1,0,0,0,0,0,0,0,0,0,0,8337339,0,12374818,109323,0,0,0,0,0,0,0,0,16384,0,0,0,0,0,0,0,0,0,0,0,2878,345,0,0,0,0,0,22535718,0,605,1,47,345,2878,0,0,0,0,0,0,0,0,0,0,0,0,0,0,0,0,0,0,0,0,0,0,0,0,0,0,0,0,0,0,0,0,0,0,0,0,0,0,0,0,0,0,0,0,0,0,0,0,0,0,0,0,0,103322117,0,0,0,110869785,0,0,0,0,0,0,0,73825177,121666537,171475997,53474610688,44032954,0,0,0,0,0,0,0,0,0,0,0,0,0,0,0,0,0,0,0,0,0,0,0,0,0,0,0,0,0,0,0,51955200,0,0,0,0,0,0,0
1789620888.136,0,0,0,0,0,0,0,231117454,1992722124288,723422171136,0,0,0,0,0,0,0,0,0,0,0,0,0,0,0,0,0,0,0,0,0,0,0,0,0,0,0,0,0,0,0,0,0,0,0,0,0,0,0,0,0,0,0,0,0,0,0,0,0,0,0,0,0,0,0,0,0,0,402993,121778833,40372660,0,0,0,0,0,0,0,0,0,0,0,0,0,0,0,0,0,0,0,0,0,0,0,0,0,0,0,0,0,0,0,0,0,0,0,0,0,2146385920,636157952,131005,38828,0,67,131072,121633559,0,0,1164879427,2147483648,95854831,127827546,0,0,0,0,0,0,0,0,0,0,0,0,0,0,0,0,0,0,7413037,7413150,0,97,97,6262,329,14826109,35,0,0,0,0,0,0,0,1,0,0,0,0,0,0,0,0,0,0,8338262,0,12374818,109323,0,0,0,0,0,0,0,0,16384,0,0,0,0,0,0,0,0,0,0,0,2879,345,0,0,0,0,0,22538216,0,605,1,47,345,2879,0,0,0,0,0,0,0,0,0,0,0,0,0,0,0,0,0,0,0,0,0,0,0,0,0,0,0,0,0,0,0,0,0,0,0,0,0,0,0,0,0,0,0,0,0,0,0,0,0,0,0,0,0,103324696,0,0,0,110881362,0,0,0,0,0,0,0,73831236,121686265,171487531,53476434944,44034536,0,0,0,0,0,0,0,0,0,0,0,0,0,0,0,0,0,0,0,0,0,0,0,0,0,0,0,0,0,0,0,51956022,0,0,0,0,0,0,0
1789620889.163,0,0,0,0,0,0,0,231141750,1993040465408,723520230912,0,0,0,0,0,0,0,0,0,0,0,0,0,0,0,0,0,0,0,0,0,0,0,0,0,0,0,0,0,0,0,0,0,0,0,0,0,0,0,0,0,0,0,0,0,0,0,0,0,0,0,0,0,0,0,0,0,0,403039,121798288,40378481,0,0,0,0,0,0,0,0,0,0,0,0,0,0,0,0,0,0,0,0,0,0,0,0,0,0,0,0,0,0,0,0,0,0,0,0,0,2146254848,618315776,130997,37739,0,75,131072,121652997,0,0,1165008442,2147483648,95873339,127840128,0,0,0,0,0,0,0,0,0,0,0,0,0,0,0,0,0,0,7413843,7413956,0,97,97,6262,329,14827714,35,0,0,0,0,0,0,0,1,0,0,0,0,0,0,0,0,0,0,8339169,0,12376222,109335,0,0,0,0,0,0,0,0,16384,0,0,0,0,0,0,0,0,0,0,0,2880,345,0,0,0,0,0,22540655,0,605,1,47,345,2880,0,0,0,0,0,0,0,0,0,0,0,0,0,0,0,0,0,0,0,0,0,0,0,0,0,0,0,0,0,0,0,0,0,0,0,0,0,0,0,0,0,0,0,0,0,0,0,0,0,0,0,0,0,103327194,0,0,0,110892718,0,0,0,0,0,0,0,73837416,121705705,171500270,53478229504,44036087,0,0,0,0,0,0,0,0,0,0,0,0,0,0,0,0,0,0,0,0,0,0,0,0,0,0,0,0,0,0,0,51956828,0,0,0,0,0,0,0
1789620890.190,0,0,0,0,0,0,0,231163968,1993329430016,723588108288,0,0,0,0,0,0,0,0,0,0,0,0,0,0,0,0,0,0,0,0,0,0,0,0,0,0,0,0,0,0,0,0,0,0,0,0,0,0,0,0,0,0,0,0,0,0,0,0,0,0,0,0,0,0,0,0,0,0,403084,121815945,40382478,0,0,0,0,0,0,0,0,0,0,0,0,0,0,0,0,0,0,0,0,0,0,0,0,0,0,0,0,0,0,0,0,0,0,0,0,0,2146189312,626130944,130993,38216,1,79,131072,121670643,0,0,1165124523,2147483648,95890640,127851884,0,0,0,0,0,0,0,0,0,0,0,0,0,0,0,0,0,0,7414579,7414688,0,97,97,6262,329,14829185,35,0,0,0,0,0,0,0,1,0,0,0,0,0,0,0,0,0,0,8339992,0,12376222,109335,0,0,0,0,0,0,0,0,16384,0,0,0,0,0,0,0,0,0,0,0,2881,345,0,0,0,0,0,22542883,0,605,1,47,345,2881,0,0,0,0,0,0,0,0,0,0,0,0,0,0,0,0,0,0,0,0,0,0,0,0,0,0,0,0,0,0,0,0,0,0,0,0,0,0,0,0,0,0,0,0,0,0,0,0,0,0,0,0,0,103329589,0,0,0,110903241,0,0,0,0,0,0,0,73842887,121723359,171510637,53479902720,44037572,0,0,0,0,0,0,0,0,0,0,0,0,0,0,0,0,0,0,0,0,0,0,0,0,0,0,0,0,0,0,0,51957559,0,0,0,0,0,0,0
1789620891.217,0,0,0,0,0,0,0,231186106,1993617346048,723656503808,0,0,0,0,0,0,0,0,0,0,0,0,0,0,0,0,0,0,0,0,0,0,0,0,0,0,0,0,0,0,0,0,0,0,0,0,0,0,0,0,0,0,0,0,0,0,0,0,0,0,0,0,0,0,0,0,0,0,403123,121833547,40386475,0,0,0,0,0,0,0,0,0,0,0,0,0,0,0,0,0,0,0,0,0,0,0,0,0,0,0,0,0,0,0,0,0,0,0,0,0,2146353152,631291904,131003,38531,0,69,131072,121688234,0,0,1165240264,2147483648,95907752,127863226,0,0,0,0,0,0,0,0,0,0,0,0,0,0,0,0,0,0,7415289,7415404,0,97,97,6262,329,14830607,35,0,0,0,0,0,0,0,1,0,0,0,0,0,0,0,0,0,0,8340798,0,12376350,109336,0,0,0,0,0,0,0,0,16384,0,0,0,0,0,0,0,0,0,0,0,2882,345,0,0,0,0,0,22545066,0,605,1,47,345,2882,0,0,0,0,0,0,0,0,0,0,0,0,0,0,0,0,0,0,0,0,0,0,0,0,0,0,0,0,0,0,0,0,0,0,0,0,0,0,0,0,0,0,0,0,0,0,0,0,0,0,0,0,0,103332728,0,0,0,110913438,0,0,0,0,0,0,0,73848825,121740951,171521654,53481903616,44039630,0,0,0,0,0,0,0,0,0,0,0,0,0,0,0,0,0,0,0,0,0,0,0,0,0,0,0,0,0,0,0,51958276,0,0,0,0,0,0,0
1789620892.243,0,0,0,0,0,0,0,231213494,1993972469248,723766079488,0,0,0,0,0,0,0,0,0,0,0,0,0,0,0,0,0,0,0,0,0,0,0,0,0,0,0,0,0,0,0,0,0,0,0,0,0,0,0,0,0,0,0,0,0,0,0,0,0,0,0,0,0,0,0,0,0,0,403223,121855254,40392774,0,0,0,0,0,0,0,0,0,0,0,0,0,0,0,0,0,0,0,0,0,0,0,0,0,0,0,0,0,0,0,0,0,0,0,0,0,2146304000,617152512,131000,37668,0,72,131072,121709924,0,0,1165383906,2147483648,95928778,127877992,0,0,0,0,0,0,0,0,0,0,0,0,0,0,0,0,0,0,7416207,7416320,0,97,97,6262,329,14832438,35,0,0,0,0,0,0,0,1,0,0,0,0,0,0,0,0,0,0,8341828,0,12377759,109348,0,0,0,0,0,0,0,0,16384,0,0,0,0,0,0,0,0,0,0,0,2883,345,0,0,0,0,0,22547861,0,605,1,47,345,2883,0,0,0,0,0,0,0,0,0,0,0,0,0,0,0,0,0,0,0,0,0,0,0,0,0,0,0,0,0,0,0,0,0,0,0,0,0,0,0,0,0,0,0,0,0,0,0,0,0,0,0,0,0,103342687,0,0,0,110926361,0,0,0,0,0,0,0,73860689,121762642,171542811,53487223808,44046404,0,0,0,0,0,0,0,0,0,0,0,0,0,0,0,0,0,0,0,0,0,0,0,0,0,0,0,0,0,0,0,51959192,0,0,0,0,0,0,0
1789620893.270,0,0,0,0,0,0,0,231237856,1994289810944,723845385216,0,0,0,0,0,0,0,0,0,0,0,0,0,0,0,0,0,0,0,0,0,0,0,0,0,0,0,0,0,0,0,0,0,0,0,0,0,0,0,0,0,0,0,0,0,0,0,0,0,0,0,0,0,0,0,0,0,0,403255,121874652,40397234,0,0,0,0,0,0,0,0,0,0,0,0,0,0,0,0,0,0,0,0,0,0,0,0,0,0,0,0,0,0,0,0,0,0,0,0,0,2146238464,620363776,130996,37864,0,76,131072,121729315,0,0,1165512876,2147483648,95947392,127890451,0,0,0,0,0,0,0,0,0,0,0,0,0,0,0,0,0,0,7417015,7417125,0,97,97,6262,329,14834060,35,0,0,0,0,0,0,0,1,0,0,0,0,0,0,0,0,0,0,8342734,0,12377759,109348,0,0,0,0,0,0,0,0,16384,0,0,0,0,0,0,0,0,0,0,0,2884,345,0,0,0,0,0,22550307,0,605,1,47,345,2884,0,0,0,0,0,0,0,0,0,0,0,0,0,0,0,0,0,0,0,0,0,0,0,0,0,0,0,0,0,0,0,0,0,0,0,0,0,0,0,0,0,0,0,0,0,0,0,0,0,0,0,0,0,103352685,0,0,0,110937732,0,0,0,0,0,0,0,73872315,121782033,171561724,53492444160,44053570,0,0,0,0,0,0,0,0,0,0,0,0,0,0,0,0,0,0,0,0,0,0,0,0,0,0,0,0,0,0,0,51959997,0,0,0,0,0,0,0
1789620894.296,0,0,0,0,0,0,0,231259276,1994567159296,723910569984,0,0,0,0,0,0,0,0,0,0,0,0,0,0,0,0,0,0,0,0,0,0,0,0,0,0,0,0,0,0,0,0,0,0,0,0,0,0,0,0,0,0,0,0,0,0,0,0,0,0,0,0,0,0,0,0,0,0,403284,121891601,40401065,0,0,0,0,0,0,0,0,0,0,0,0,0,0,0,0,0,0,0,0,0,0,0,0,0,0,0,0,0,0,0,0,0,0,0,0,0,2146336768,626769920,131002,38255,1,70,131072,121746253,0,0,1165625416,2147483648,95963997,127901501,0,0,0,0,0,0,0,0,0,0,0,0,0,0,0,0,0,0,7417706,7417820,0,97,97,6262,329,14835466,35,0,0,0,0,0,0,0,1,0,0,0,0,0,0,0,0,0,0,8343516,0,12377759,109348,0,0,0,0,0,0,0,0,16384,0,0,0,0,0,0,0,0,0,0,0,2885,345,0,0,0,0,0,22552420,0,605,1,47,345,2885,0,0,0,0,0,0,0,0,0,0,0,0,0,0,0,0,0,0,0,0,0,0,0,0,0,0,0,0,0,0,0,0,0,0,0,0,0,0,0,0,0,0,0,0,0,0,0,0,0,0,0,0,0,103355055,0,0,0,110947712,0,0,0,0,0,0,0,73877631,121798984,171571758,53494071808,44055051,0,0,0,0,0,0,0,0,0,0,0,0,0,0,0,0,0,0,0,0,0,0,0,0,0,0,0,0,0,0,0,51960692,0,0,0,0,0,0,0
1789620895.325,0,0,0,0,0,0,0,231282823,1994874129920,723983237120,0,0,0,0,0,0,0,0,0,0,0,0,0,0,0,0,0,0,0,0,0,0,0,0,0,0,0,0,0,0,0,0,0,0,0,0,0,0,0,0,0,0,0,0,0,0,0,0,0,0,0,0,0,0,0,0,0,0,403319,121910356,40405347,0,0,0,0,0,0,0,0,0,0,0,0,0,0,0,0,0,0,0,0,0,0,0,0,0,0,0,0,0,0,0,0,0,0,0,0,0,2146385920,633929728,131005,38692,0,67,131072,121764995,0,0,1165748286,2147483648,95982258,127913857,0,0,0,0,0,0,0,0,0,0,0,0,0,0,0,0,0,0,7418487,7418601,0,97,97,6262,329,14837005,35,0,0,0,0,0,0,0,1,0,0,0,0,0,0,0,0,0,0,8344395,0,12377887,109349,0,0,0,0,0,0,0,0,16384,0,0,0,0,0,0,0,0,0,0,0,2886,345,0,0,0,0,0,22554803,0,605,1,47,345,2886,0,0,0,0,0,0,0,0,0,0,0,0,0,0,0,0,0,0,0,0,0,0,0,0,0,0,0,0,0,0,0,0,0,0,0,0,0,0,0,0,0,0,0,0,0,0,0,0,0,0,0,0,0,103357537,0,0,0,110958823,0,0,0,0,0,0,0,73883322,121817734,171582648,53495819264,44056599,1,0,0,0,0,0,0,0,0,0,0,0,0,0,0,0,0,0,0,0,0,0,0,0,0,0,0,0,0,0,0,51961474,0,0,0,0,0,0,0
1789620896.352,0,0,0,0,0,0,0,231305530,1995168058880,724051035136,0,0,0,0,0,0,0,0,0,0,0,0,0,0,0,0,0,0,0,0,0,0,0,0,0,0,0,0,0,0,0,0,0,0,0,0,0,0,0,0,0,0,0,0,0,0,0,0,0,0,0,0,0,0,0,0,0,0,403365,121928322,40409313,0,0,0,0,0,0,0,0,0,0,0,0,0,0,0,0,0,0,0,0,0,0,0,0,0,0,0,0,0,0,0,0,0,0,0,0,0,2146222080,642514944,130995,39216,0,77,131072,121782942,0,0,1165867036,2147483648,95999858,127925684,0,0,0,0,0,0,0,0,0,0,0,0,0,0,0,0,0,0,7419232,7419345,0,97,97,6262,329,14838499,35,0,0,0,0,0,0,0,1,0,0,0,0,0,0,0,0,0,0,8345232,0,12377887,109349,0,0,0,0,0,0,0,0,16384,0,0,0,0,0,0,0,0,0,0,0,2887,345,0,0,0,0,0,22557077,0,605,1,47,345,2887,0,0,0,0,0,0,0,0,0,0,0,0,0,0,0,0,0,0,0,0,0,0,0,0,0,0,0,0,0,0,0,0,0,0,0,0,0,0,0,0,0,0,0,0,0,0,0,0,0,0,0,0,0,103359997,0,0,0,110969425,0,0,0,0,0,0,0,73888824,121835677,171593058,53497547264,44058124,0,0,0,0,0,0,0,0,0,0,0,0,0,0,0,0,0,0,0,0,0,0,0,0,0,0,0,0,0,0,0,51962218,0,0,0,0,0,0,0
1789620897.379,0,0,0,0,0,0,0,231330885,1995499245056,724152843776,0,0,0,0,0,0,0,0,0,0,0,0,0,0,0,0,0,0,0,0,0,0,0,0,0,0,0,0,0,0,0,0,0,0,0,0,0,0,0,0,0,0,0,0,0,0,0,0,0,0,0,0,0,0,0,0,0,0,403412,121948572,40415361,0,0,0,0,0,0,0,0,0,0,0,0,0,0,0,0,0,0,0,0,0,0,0,0,0,0,0,0,0,0,0,0,0,0,0,0,0,2146107392,623886336,130988,38079,0,83,131072,121803176,0,0,1166000548,2147483648,96019025,127938778,0,0,0,0,0,0,0,0,0,0,0,0,0,0,0,0,0,0,7420074,7420187,0,97,97,6262,329,14840175,35,0,0,0,0,0,0,0,1,0,0,0,0,0,0,0,0,0,0,8346178,0,12379303,109361,0,0,0,0,0,0,0,0,16384,0,0,0,0,0,0,0,0,0,0,0,2888,345,0,0,0,0,0,22559627,0,605,1,47,345,2888,0,0,0,0,0,0,0,0,0,0,0,0,0,0,0,0,0,0,0,0,0,0,0,0,0,0,0,0,0,0,0,0,0,0,0,0,0,0,0,0,0,0,0,0,0,0,0,0,0,0,0,0,0,103362602,0,0,0,110981242,0,0,0,0,0,0,0,73895281,121855915,171606340,53499426816,44059746,0,0,0,0,0,0,0,0,0,0,0,0,0,0,0,0,0,0,0,0,0,0,0,0,0,0,0,0,0,0,0,51963059,0,0,0,0,0,0,0
1789620898.406,0,0,0,0,0,0,0,231352743,1995782557184,724219888640,0,0,0,0,0,0,0,0,0,0,0,0,0,0,0,0,0,0,0,0,0,0,0,0,0,0,0,0,0,0,0,0,0,0,0,0,0,0,0,0,0,0,0,0,0,0,0,0,0,0,0,0,0,0,0,0,0,0,403454,121965884,40419297,0,0,0,0,0,0,0,0,0,0,0,0,0,0,0,0,0,0,0,0,0,0,0,0,0,0,0,0,0,0,0,0,0,0,0,0,0,2146353152,630292480,131003,38470,0,69,131072,121820482,0,0,1166115975,2147483648,96035959,127950275,0,0,0,0,0,0,0,0,0,0,0,0,0,0,0,0,0,0,7420794,7420905,0,97,97,6262,329,14841620,35,0,0,0,0,0,0,0,1,0,0,0,0,0,0,0,0,0,0,8346987,0,12379303,109361,0,0,0,0,0,0,0,0,16384,0,0,0,0,0,0,0,0,0,0,0,2889,345,0,0,0,0,0,22561810,0,605,1,47,345,2889,0,0,0,0,0,0,0,0,0,0,0,0,0,0,0,0,0,0,0,0,0,0,0,0,0,0,0,0,0,0,0,0,0,0,0,0,0,0,0,0,0,0,0,0,0,0,0,0,0,0,0,0,0,103365002,0,0,0,110991522,0,0,0,0,0,0,0,73900722,121873224,171616611,53501107712,44061250,0,0,0,0,0,0,0,0,0,0,0,0,0,0,0,0,0,0,0,0,0,0,0,0,0,0,0,0,0,0,0,51963778,0,0,0,0,0,0,0
1789620899.433,0,0,0,0,0,0,0,231377913,1996108434944,724297557504,0,0,0,0,0,0,0,0,0,0,0,0,0,0,0,0,0,0,0,0,0,0,0,0,0,0,0,0,0,0,0,0,0,0,0,0,0,0,0,0,0,0,0,0,0,0,0,0,0,0,0,0,0,0,0,0,0,0,403510,121985799,40423872,0,0,0,0,0,0,0,0,0,0,0,0,0,0,0,0,0,0,0,0,0,0,0,0,0,0,0,0,0,0,0,0,0,0,0,0,0,2146353152,637124608,131003,38887,0,68,131072,121840371,0,0,1166247230,2147483648,96055318,127963557,0,0,0,0,0,0,0,0,0,0,0,0,0,0,0,0,0,0,7421616,7421730,0,97,97,6262,329,14843263,35,0,0,0,0,0,0,0,1,0,0,0,0,0,0,0,0,0,0,8347915,0,12379431,109362,0,0,0,0,0,0,0,0,16384,0,0,0,0,0,0,0,0,0,0,0,2890,345,0,0,0,0,0,22564326,0,605,1,47,345,2890,0,0,0,0,0,0,0,0,0,0,0,0,0,0,0,0,0,0,0,0,0,0,0,0,0,0,0,0,0,0,0,0,0,0,0,0,0,0,0,0,0,0,0,0,0,0,0,0,0,0,0,0,0,103367566,0,0,0,111003267,0,0,0,0,0,0,0,73906753,121893145,171628177,53502976000,44062840,0,0,0,0,0,0,0,0,0,0,0,0,0,0,0,0,0,0,0,0,0,0,0,0,0,0,0,0,0,0,0,51964603,0,0,0,0,0,0,0
1789620900.460,0,0,0,0,0,0,0,231401338,1996412325376,724390657536,0,0,0,0,0,0,0,0,0,0,0,0,0,0,0,0,0,0,0,0,0,0,0,0,0,0,0,0,0,0,0,0,0,0,0,0,0,0,0,0,0,0,0,0,0,0,0,0,0,0,0,0,0,0,0,0,0,0,403548,122004367,40429392,0,0,0,0,0,0,0,0,0,0,0,0,0,0,0,0,0,0,0,0,0,0,0,0,0,0,0,0,0,0,0,0,0,0,0,0,0,2146385920,622264320,131005,37980,0,68,131072,121858925,0,0,1166369486,2147483648,96072990,127975712,0,0,0,0,0,0,0,0,0,0,0,0,0,0,0,0,0,0,7422382,7422497,0,97,97,6262,329,14844795,35,0,0,0,0,0,0,0,1,0,0,0,0,0,0,0,0,0,0,8348778,0,12380828,109374,0,0,0,0,0,0,0,0,16384,0,0,0,0,0,0,0,0,0,0,0,2892,345,0,0,0,0,0,22566656,0,605,1,47,345,2892,0,0,0,0,0,0,0,0,0,0,0,0,0,0,0,0,0,0,0,0,0,0,0,0,0,0,0,0,0,0,0,0,0,0,0,0,0,0,0,0,0,0,0,0,0,0,0,0,0,0,0,0,0,103370037,0,0,0,111014218,0,0,0,0,0,0,0,73912640,121911700,171640304,53504736256,44064387,0,0,0,0,0,0,0,0,0,0,0,0,0,0,0,0,0,0,0,0,0,0,0,0,0,0,0,0,0,0,0,51965370,0,0,0,0,0,0,0
1789620901.489,0,0,0,0,0,0,0,231425368,1996727225856,724466013184,0,0,0,0,0,0,0,0,0,0,0,0,0,0,0,0,0,0,0,0,0,0,0,0,0,0,0,0,0,0,0,0,0,0,0,0,0,0,0,0,0,0,0,0,0,0,0,0,0,0,0,0,0,0,0,0,0,0,403595,122023613,40433827,0,0,0,0,0,0,0,0,0,0,0,0,0,0,0,0,0,0,0,0,0,0,0,0,0,0,0,0,0,0,0,0,0,0,0,0,0,2146287616,625901568,130999,38202,0,73,131072,121878163,0,0,1166496663,2147483648,96091829,127988200,0,0,0,0,0,0,0,0,0,0,0,0,0,0,0,0,0,0,7423184,7423295,0,97,97,6262,329,14846406,35,0,0,0,0,0,0,0,1,0,0,0,0,0,0,0,0,0,0,8349675,0,12380828,109374,0,0,0,0,0,0,0,0,16384,0,0,0,0,0,0,0,0,0,0,0,2893,345,0,0,0,0,0,22569078,0,605,1,47,345,2893,0,0,0,0,0,0,0,0,0,0,0,0,0,0,0,0,0,0,0,0,0,0,0,0,0,0,0,0,0,0,0,0,0,0,0,0,0,0,0,0,0,0,0,0,0,0,0,0,0,0,0,0,0,103372549,0,0,0,111025474,0,0,0,0,0,0,0,73918620,121930931,171651671,53506545664,44065938,0,0,0,0,0,0,0,0,0,0,0,0,0,0,0,0,0,0,0,0,0,0,0,0,0,0,0,0,0,0,0,51966167,0,0,0,0,0,0,0
1789620902.516,0,0,0,0,0,0,0,231446735,1997003836928,724534122496,0,0,0,0,0,0,0,0,0,0,0,0,0,0,0,0,0,0,0,0,0,0,0,0,0,0,0,0,0,0,0,0,0,0,0,0,0,0,0,0,0,0,0,0,0,0,0,0,0,0,0,0,0,0,0,0,0,0,403635,122040527,40437831,0,0,0,0,0,0,0,0,0,0,0,0,0,0,0,0,0,0,0,0,0,0,0,0,0,0,0,0,0,0,0,0,0,0,0,0,0,2146320384,630390784,131001,38476,0,71,131072,121895073,0,0,1166609168,2147483648,96108268,127999380,0,0,0,0,0,0,0,0,0,0,0,0,0,0,0,0,0,0,7423890,7424002,0,97,97,6262,329,14847812,35,0,0,0,0,0,0,0,1,0,0,0,0,0,0,0,0,0,0,8350470,0,12380956,109375,0,0,0,0,0,0,0,0,16384,0,0,0,0,0,0,0,0,0,0,0,2894,345,0,0,0,0,0,22571237,0,605,1,47,345,2894,0,0,0,0,0,0,0,0,0,0,0,0,0,0,0,0,0,0,0,0,0,0,0,0,0,0,0,0,0,0,0,0,0,0,0,0,0,0,0,0,0,0,0,0,0,0,0,0,0,0,0,0,0,103374923,0,0,0,111035555,0,0,0,0,0,0,0,73923978,121947842,171661939,53508163072,44067411,0,0,0,0,0,0,0,0,0,0,0,0,0,0,0,0,0,0,0,0,0,0,0,0,0,0,0,0,0,0,0,51966874,0,0,0,0,0,0,0
1789620903.544,0,0,0,0,0,0,0,231470576,1997312740864,724605561344,0,0,0,0,0,0,0,0,0,0,0,0,0,0,0,0,0,0,0,0,0,0,0,0,0,0,0,0,0,0,0,0,0,0,0,0,0,0,0,0,0,0,0,0,0,0,0,0,0,0,0,0,0,0,0,0,0,0,403679,122059398,40442032,0,0,0,0,0,0,0,0,0,0,0,0,0,0,0,0,0,0,0,0,0,0,0,0,0,0,0,0,0,0,0,0,0,0,0,0,0,2146189312,637747200,130993,38925,0,79,131072,121913932,0,0,1166733719,2147483648,96126726,128011709,0,0,0,0,0,0,0,0,0,0,0,0,0,0,0,0,0,0,7424660,7424771,0,97,97,6262,329,14849362,35,0,0,0,0,0,0,0,1,0,0,0,0,0,0,0,0,0,0,8351336,0,12380956,109375,0,0,0,0,0,0,0,0,16384,0,0,0,0,0,0,0,0,0,0,0,2895,345,0,0,0,0,0,22573571,0,605,1,47,345,2895,0,0,0,0,0,0,0,0,0,0,0,0,0,0,0,0,0,0,0,0,0,0,0,0,0,0,0,0,0,0,0,0,0,0,0,0,0,0,0,0,0,0,0,0,0,0,0,0,0,0,0,0,0,103377400,0,0,0,111046636,0,0,0,0,0,0,0,73929727,121966697,171672807,53509914112,44068961,0,0,0,0,0,0,0,0,0,0,0,0,0,0,0,0,0,0,0,0,0,0,0,0,0,0,0,0,0,0,0,51967643,0,0,0,0,0,0,0
1789620904.571,0,0,0,0,0,0,0,231494519,1997624020480,724700459008,0,0,0,0,0,0,0,0,0,0,0,0,0,0,0,0,0,0,0,0,0,0,0,0,0,0,0,0,0,0,0,0,0,0,0,0,0,0,0,0,0,0,0,0,0,0,0,0,0,0,0,0,0,0,0,0,0,0,403724,122078428,40447659,0,0,0,0,0,0,0,0,0,0,0,0,0,0,0,0,0,0,0,0,0,0,0,0,0,0,0,0,0,0,0,0,0,0,0,0,0,2146238464,622395392,130996,37988,0,76,131072,121932946,0,0,1166859138,2147483648,96144799,128024209,0,0,0,0,0,0,0,0,0,0,0,0,0,0,0,0,0,0,7425456,7425564,0,97,97,6262,329,14850943,35,0,0,0,0,0,0,0,1,0,0,0,0,0,0,0,0,0,0,8352229,0,12382380,109387,0,0,0,0,0,0,0,0,16384,0,0,0,0,0,0,0,0,0,0,0,2896,345,0,0,0,0,0,22575983,0,605,1,47,345,2896,0,0,0,0,0,0,0,0,0,0,0,0,0,0,0,0,0,0,0,0,0,0,0,0,0,0,0,0,0,0,0,0,0,0,0,0,0,0,0,0,0,0,0,0,0,0,0,0,0,0,0,0,0,103379901,0,0,0,111057856,0,0,0,0,0,0,0,73935680,121985715,171685149,53511689216,44070503,0,0,0,0,0,0,0,0,0,0,0,0,0,0,0,0,0,0,0,0,0,0,0,0,0,0,0,0,0,0,0,51968437,0,0,0,0,0,0,0
1789620905.598,0,0,0,0,0,0,0,231517820,1997928418816,724772895232,0,0,0,0,0,0,0,0,0,0,0,0,0,0,0,0,0,0,0,0,0,0,0,0,0,0,0,0,0,0,0,0,0,0,0,0,0,0,0,0,0,0,0,0,0,0,0,0,0,0,0,0,0,0,0,0,0,0,403769,122097031,40451922,0,0,0,0,0,0,0,0,0,0,0,0,0,0,0,0,0,0,0,0,0,0,0,0,0,0,0,0,0,0,0,0,0,0,0,0,0,2146156544,627163136,130991,38279,0,81,131072,121951533,0,0,1166981451,2147483648,96162945,128036349,0,0,0,0,0,0,0,0,0,0,0,0,0,0,0,0,0,0,7426233,7426346,0,97,97,6262,329,14852502,35,0,0,0,0,0,0,0,1,0,0,0,0,0,0,0,0,0,0,8353107,0,12382380,109387,0,0,0,0,0,0,0,0,16384,0,0,0,0,0,0,0,0,0,0,0,2897,345,0,0,0,0,0,22578364,0,605,1,47,345,2897,0,0,0,0,0,0,0,0,0,0,0,0,0,0,0,0,0,0,0,0,0,0,0,0,0,0,0,0,0,0,0,0,0,0,0,0,0,0,0,0,0,0,0,0,0,0,0,0,0,0,0,0,0,103382360,0,0,0,111068821,0,0,0,0,0,0,0,73941434,122004314,171696123,53513430016,44072000,0,0,0,0,0,0,0,0,0,0,0,0,0,0,0,0,0,0,0,0,0,0,0,0,0,0,0,0,0,0,0,51969218,0,0,0,0,0,0,0
1789620906.626,0,0,0,0,0,0,0,231539506,1998209895936,724841019904,0,0,0,0,0,0,0,0,0,0,0,0,0,0,0,0,0,0,0,0,0,0,0,0,0,0,0,0,0,0,0,0,0,0,0,0,0,0,0,0,0,0,0,0,0,0,0,0,0,0,0,0,0,0,0,0,0,0,403810,122114224,40455923,0,0,0,0,0,0,0,0,0,0,0,0,0,0,0,0,0,0,0,0,0,0,0,0,0,0,0,0,0,0,0,0,0,0,0,0,0,2146418688,630030336,131007,38454,0,65,131072,121968712,0,0,1167096440,2147483648,96179641,128047570,0,0,0,0,0,0,0,0,0,0,0,0,0,0,0,0,0,0,7426957,7427068,0,97,97,6262,329,14853946,35,0,0,0,0,0,0,0,1,0,0,0,0,0,0,0,0,0,0,8353920,0,12382508,109388,0,0,0,0,0,0,0,0,16384,0,0,0,0,0,0,0,0,0,0,0,2898,345,0,0,0,0,0,22580556,0,605,1,47,345,2898,0,0,0,0,0,0,0,0,0,0,0,0,0,0,0,0,0,0,0,0,0,0,0,0,0,0,0,0,0,0,0,0,0,0,0,0,0,0,0,0,0,0,0,0,0,0,0,0,0,0,0,0,0,103384743,0,0,0,111078970,0,0,0,0,0,0,0,73946802,122021511,171706386,53515079680,44073486,0,0,0,0,0,0,0,0,0,0,0,0,0,0,0,0,0,0,0,0,0,0,0,0,0,0,0,0,0,0,0,51969940,0,0,0,0,0,0,0
1789620907.652,0,0,0,0,0,0,0,231563640,1998523338240,724914038272,0,0,0,0,0,0,0,0,0,0,0,0,0,0,0,0,0,0,0,0,0,0,0,0,0,0,0,0,0,0,0,0,0,0,0,0,0,0,0,0,0,0,0,0,0,0,0,0,0,0,0,0,0,0,0,0,0,0,403852,122133389,40460221,0,0,0,0,0,0,0,0,0,0,0,0,0,0,0,0,0,0,0,0,0,0,0,0,0,0,0,0,0,0,0,0,0,0,0,0,0,2146402304,638418944,131006,38966,0,66,131072,121987868,0,0,1167222342,2147483648,96198383,128060114,0,0,0,0,0,0,0,0,0,0,0,0,0,0,0,0,0,0,7427743,7427854,0,97,97,6262,329,14855527,35,0,0,0,0,0,0,0,1,0,0,0,0,0,0,0,0,0,0,8354804,0,12382508,109388,0,0,0,0,0,0,0,0,16384,0,0,0,0,0,0,0,0,0,0,0,2899,345,0,0,0,0,0,22582946,0,605,1,47,345,2899,0,0,0,0,0,0,0,0,0,0,0,0,0,0,0,0,0,0,0,0,0,0,0,0,0,0,0,0,0,0,0,0,0,0,0,0,0,0,0,0,0,0,0,0,0,0,0,0,0,0,0,0,0,103387252,0,0,0,111090283,0,0,0,0,0,0,0,73952671,122040653,171717475,53516851200,44075061,0,0,0,0,0,0,0,0,0,0,0,0,0,0,0,0,0,0,0,0,0,0,0,0,0,0,0,0,0,0,0,51970726,0,0,0,0,0,0,0
1789620908.679,0,0,0,0,0,0,0,231587524,1998833520128,725008151552,0,0,0,0,0,0,0,0,0,0,0,0,0,0,0,0,0,0,0,0,0,0,0,0,0,0,0,0,0,0,0,0,0,0,0,0,0,0,0,0,0,0,0,0,0,0,0,0,0,0,0,0,0,0,0,0,0,0,403895,122152350,40465800,0,0,0,0,0,0,0,0,0,0,0,0,0,0,0,0,0,0,0,0,0,0,0,0,0,0,0,0,0,0,0,0,0,0,0,0,0,2146271232,625033216,130998,38149,0,74,131072,122006812,0,0,1167346810,2147483648,96215746,128072548,0,0,0,0,0,0,0,0,0,0,0,0,0,0,0,0,0,0,7428524,7428634,0,97,97,6262,329,14857074,35,0,0,0,0,0,0,0,1,0,0,0,0,0,0,0,0,0,0,8355682,0,12383884,109400,0,0,0,0,0,0,0,0,16384,0,0,0,0,0,0,0,0,0,0,0,2900,345,0,0,0,0,0,22585325,0,605,1,47,345,2900,0,0,0,0,0,0,0,0,0,0,0,0,0,0,0,0,0,0,0,0,0,0,0,0,0,0,0,0,0,0,0,0,0,0,0,0,0,0,0,0,0,0,0,0,0,0,0,0,0,0,0,0,0,103389768,0,0,0,111101422,0,0,0,0,0,0,0,73958634,122059610,171729783,53518635520,44076604,0,0,0,0,0,0,0,0,0,0,0,0,0,0,0,0,0,0,0,0,0,0,0,0,0,0,0,0,0,0,0,51971507,0,0,0,0,0,0,0
1789620909.706,0,0,0,0,0,0,0,231608994,1999112982016,725073431552,0,0,0,0,0,0,0,0,0,0,0,0,0,0,0,0,0,0,0,0,0,0,0,0,0,0,0,0,0,0,0,0,0,0,0,0,0,0,0,0,0,0,0,0,0,0,0,0,0,0,0,0,0,0,0,0,0,0,403945,122169422,40469625,0,0,0,0,0,0,0,0,0,0,0,0,0,0,0,0,0,0,0,0,0,0,0,0,0,0,0,0,0,0,0,0,0,0,0,0,0,2146500608,631652352,131012,38553,0,60,131072,122023875,0,0,1167459709,2147483648,96232453,128083802,0,0,0,0,0,0,0,0,0,0,0,0,0,0,0,0,0,0,7429234,7429348,0,97,97,6262,329,14858496,35,0,0,0,0,0,0,0,1,0,0,0,0,0,0,0,0,0,0,8356485,0,12383884,109400,0,0,0,0,0,0,0,0,16384,0,0,0,0,0,0,0,0,0,0,0,2901,345,0,0,0,0,0,22587492,0,605,1,47,345,2901,0,0,0,0,0,0,0,0,0,0,0,0,0,0,0,0,0,0,0,0,0,0,0,0,0,0,0,0,0,0,0,0,0,0,0,0,0,0,0,0,0,0,0,0,0,0,0,0,0,0,0,0,0,103392136,0,0,0,111111471,0,0,0,0,0,0,0,73963939,122076671,171739809,53520294912,44078079,0,0,0,0,0,0,0,0,0,0,0,0,0,0,0,0,0,0,0,0,0,0,0,0,0,0,0,0,0,0,0,51972221,0,0,0,0,0,0,0
1789620910.733,0,0,0,0,0,0,0,231632589,1999420755456,725148956160,0,0,0,0,0,0,0,0,0,0,0,0,0,0,0,0,0,0,0,0,0,0,0,0,0,0,0,0,0,0,0,0,0,0,0,0,0,0,0,0,0,0,0,0,0,0,0,0,0,0,0,0,0,0,0,0,0,0,403987,122188242,40474077,0,0,0,0,0,0,0,0,0,0,0,0,0,0,0,0,0,0,0,0,0,0,0,0,0,0,0,0,0,0,0,0,0,0,0,0,0,2146385920,633749504,131005,38681,0,67,131072,122042686,0,0,1167585058,2147483648,96250678,128096027,0,0,0,0,0,0,0,0,0,0,0,0,0,0,0,0,0,0,7430023,7430136,0,97,97,6262,329,14860077,35,0,0,0,0,0,0,0,1,0,0,0,0,0,0,0,0,0,0,8357372,0,12384012,109401,0,0,0,0,0,0,0,0,16384,0,0,0,0,0,0,0,0,0,0,0,2902,345,0,0,0,0,0,22589892,0,605,1,47,345,2902,0,0,0,0,0,0,0,0,0,0,0,0,0,0,0,0,0,0,0,0,0,0,0,0,0,0,0,0,0,0,0,0,0,0,0,0,0,0,0,0,0,0,0,0,0,0,0,0,0,0,0,0,0,103394607,0,0,0,111122546,0,0,0,0,0,0,0,73969791,122095489,171751040,53522047488,44079613,0,0,0,0,0,0,0,0,0,0,0,0,0,0,0,0,0,0,0,0,0,0,0,0,0,0,0,0,0,0,0,51973009,0,0,0,0,0,0,0
1789620911.760,0,0,0,0,0,0,0,231655142,1999712833024,725241732096,0,0,0,0,0,0,0,0,0,0,0,0,0,0,0,0,0,0,0,0,0,0,0,0,0,0,0,0,0,0,0,0,0,0,0,0,0,0,0,0,0,0,0,0,0,0,0,0,0,0,0,0,0,0,0,0,0,0,404031,122206094,40479592,0,0,0,0,0,0,0,0,0,0,0,0,0,0,0,0,0,0,0,0,0,0,0,0,0,0,0,0,0,0,0,0,0,0,0,0,0,2146205696,617922560,130994,37715,0,78,131072,122060533,0,0,1167702820,2147483648,96267889,128107878,0,0,0,0,0,0,0,0,0,0,0,0,0,0,0,0,0,0,7430762,7430868,0,97,97,6262,329,14861550,35,0,0,0,0,0,0,0,1,0,0,0,0,0,0,0,0,0,0,8358196,0,12385428,109413,0,0,0,0,0,0,0,0,16384,0,0,0,0,0,0,0,0,0,0,0,2903,345,0,0,0,0,0,22592125,0,605,1,47,345,2903,0,0,0,0,0,0,0,0,0,0,0,0,0,0,0,0,0,0,0,0,0,0,0,0,0,0,0,0,0,0,0,0,0,0,0,0,0,0,0,0,0,0,0,0,0,0,0,0,0,0,0,0,0,103397013,0,0,0,111133114,0,0,0,0,0,0,0,73975583,122113326,171763042,53523752960,44081109,0,0,0,0,0,0,0,0,0,0,0,0,0,0,0,0,0,0,0,0,0,0,0,0,0,0,0,0,0,0,0,51973741,0,0,0,0,0,0,0
1789620912.788,0,0,0,0,0,0,0,231679619,2000030567936,725315452928,0,0,0,0,0,0,0,0,0,0,0,0,0,0,0,0,0,0,0,0,0,0,0,0,0,0,0,0,0,0,0,0,0,0,0,0,0,0,0,0,0,0,0,0,0,0,0,0,0,0,0,0,0,0,0,0,0,0,404080,122225510,40483914,0,0,0,0,0,0,0,0,0,0,0,0,0,0,0,0,0,0,0,0,0,0,0,0,0,0,0,0,0,0,0,0,0,0,0,0,0,2146172928,626982912,130992,38268,0,80,131072,122079936,0,0,1167830576,2147483648,96286555,128120595,0,0,0,0,0,0,0,0,0,0,0,0,0,0,0,0,0,0,7431557,7431666,0,97,97,6262,329,14863156,35,0,0,0,0,0,0,0,1,0,0,0,0,0,0,0,0,0,0,8359093,0,12385428,109413,0,0,0,0,0,0,0,0,16384,0,0,0,0,0,0,0,0,0,0,0,2904,345,0,0,0,0,0,22594544,0,605,1,47,345,2904,0,0,0,0,0,0,0,0,0,0,0,0,0,0,0,0,0,0,0,0,0,0,0,0,0,0,0,0,0,0,0,0,0,0,0,0,0,0,0,0,0,0,0,0,0,0,0,0,0,0,0,0,0,103399520,0,0,0,111144562,0,0,0,0,0,0,0,73981472,122132734,171774215,53525534208,44082663,0,0,0,0,0,0,0,0,0,0,0,0,0,0,0,0,0,0,0,0,0,0,0,0,0,0,0,0,0,0,0,51974538,0,0,0,0,0,0,0
1789620913.814,0,0,0,0,0,0,0,231701081,2000309210624,725380768768,0,0,0,0,0,0,0,0,0,0,0,0,0,0,0,0,0,0,0,0,0,0,0,0,0,0,0,0,0,0,0,0,0,0,0,0,0,0,0,0,0,0,0,0,0,0,0,0,0,0,0,0,0,0,0,0,0,0,404116,122242532,40487759,0,0,0,0,0,0,0,0,0,0,0,0,0,0,0,0,0,0,0,0,0,0,0,0,0,0,0,0,0,0,0,0,0,0,0,0,0,2146074624,633323520,130986,38655,0,86,131072,122096940,0,0,1167942780,2147483648,96303254,128131772,0,0,0,0,0,0,0,0,0,0,0,0,0,0,0,0,0,0,7432272,7432381,0,97,97,6262,329,14864571,35,0,0,0,0,0,0,0,1,0,0,0,0,0,0,0,0,0,0,8359898,0,12385428,109413,0,0,0,0,0,0,0,0,16384,0,0,0,0,0,0,0,0,0,0,0,2905,345,0,0,0,0,0,22596721,0,605,1,47,345,2905,0,0,0,0,0,0,0,0,0,0,0,0,0,0,0,0,0,0,0,0,0,0,0,0,0,0,0,0,0,0,0,0,0,0,0,0,0,0,0,0,0,0,0,0,0,0,0,0,0,0,0,0,0,103401885,0,0,0,111154630,0,0,0,0,0,0,0,73986786,122149759,171784255,53527175168,44084140,0,0,0,0,0,0,0,0,0,0,0,0,0,0,0,0,0,0,0,0,0,0,0,0,0,0,0,0,0,0,0,51975254,0,0,0,0,0,0,0
1789620914.842,0,0,0,0,0,0,0,231724951,2000621080064,725457250816,0,0,0,0,0,0,0,0,0,0,0,0,0,0,0,0,0,0,0,0,0,0,0,0,0,0,0,0,0,0,0,0,0,0,0,0,0,0,0,0,0,0,0,0,0,0,0,0,0,0,0,0,0,0,0,0,0,0,404161,122261600,40492258,0,0,0,0,0,0,0,0,0,0,0,0,0,0,0,0,0,0,0,0,0,0,0,0,0,0,0,0,0,0,0,0,0,0,0,0,0,2146271232,634978304,130998,38756,0,74,131072,122115999,0,0,1168068519,2147483648,96321764,128144140,0,0,0,0,0,0,0,0,0,0,0,0,0,0,0,0,0,0,7433064,7433176,0,97,97,6262,329,14866164,35,0,0,0,0,0,0,0,1,0,0,0,0,0,0,0,0,0,0,8360792,0,12385556,109414,0,0,0,0,0,0,0,0,16384,0,0,0,0,0,0,0,0,0,0,0,2906,345,0,0,0,0,0,22599136,0,605,1,47,345,2906,0,0,0,0,0,0,0,0,0,0,0,0,0,0,0,0,0,0,0,0,0,0,0,0,0,0,0,0,0,0,0,0,0,0,0,0,0,0,0,0,0,0,0,0,0,0,0,0,0,0,0,0,0,103404362,0,0,0,111165802,0,0,0,0,0,0,0,73992711,122168819,171795609,53528951296,44085686,0,0,0,0,0,0,0,0,0,0,0,0,0,0,0,0,0,0,0,0,0,0,0,0,0,0,0,0,0,0,0,51976049,0,0,0,0,0,0,0
1789620915.868,0,0,0,0,0,0,0,231748754,2000929934848,725552881152,0,0,0,0,0,0,0,0,0,0,0,0,0,0,0,0,0,0,0,0,0,0,0,0,0,0,0,0,0,0,0,0,0,0,0,0,0,0,0,0,0,0,0,0,0,0,0,0,0,0,0,0,0,0,0,0,0,0,404209,122280478,40497935,0,0,0,0,0,0,0,0,0,0,0,0,0,0,0,0,0,0,0,0,0,0,0,0,0,0,0,0,0,0,0,0,0,0,0,0,0,2146287616,619462656,130999,37809,0,73,131072,122134862,0,0,1168193930,2147483648,96339194,128156609,0,0,0,0,0,0,0,0,0,0,0,0,0,0,0,0,0,0,7433846,7433959,0,97,97,6262,329,14867720,35,0,0,0,0,0,0,0,1,0,0,0,0,0,0,0,0,0,0,8361672,0,12386945,109426,0,0,0,0,0,0,0,0,16384,0,0,0,0,0,0,0,0,0,0,0,2907,345,0,0,0,0,0,22601510,0,605,1,47,345,2907,0,0,0,0,0,0,0,0,0,0,0,0,0,0,0,0,0,0,0,0,0,0,0,0,0,0,0,0,0,0,0,0,0,0,0,0,0,0,0,0,0,0,0,0,0,0,0,0,0,0,0,0,0,103406876,0,0,0,111176947,0,0,0,0,0,0,0,73998763,122187682,171808085,53530723328,44087250,0,0,0,0,0,0,0,0,0,0,0,0,0,0,0,0,0,0,0,0,0,0,0,0,0,0,0,0,0,0,0,51976832,0,0,0,0,0,0,0
1789620916.895,0,0,0,0,0,0,0,231772795,2001243672064,725626350080,0,0,0,0,0,0,0,0,0,0,0,0,0,0,0,0,0,0,0,0,0,0,0,0,0,0,0,0,0,0,0,0,0,0,0,0,0,0,0,0,0,0,0,0,0,0,0,0,0,0,0,0,0,0,0,0,0,0,404253,122299650,40502254,0,0,0,0,0,0,0,0,0,0,0,0,0,0,0,0,0,0,0,0,0,0,0,0,0,0,0,0,0,0,0,0,0,0,0,0,0,2146172928,626393088,130992,38232,0,80,131072,122154028,0,0,1168319789,2147483648,96357950,128169035,0,0,0,0,0,0,0,0,0,0,0,0,0,0,0,0,0,0,7434617,7434730,0,97,97,6262,329,14869274,35,0,0,0,0,0,0,0,1,0,0,0,0,0,0,0,0,0,0,8362539,0,12386945,109426,0,0,0,0,0,0,0,0,16384,0,0,0,0,0,0,0,0,0,0,0,2908,345,0,0,0,0,0,22603854,0,605,1,47,345,2908,0,0,0,0,0,0,0,0,0,0,0,0,0,0,0,0,0,0,0,0,0,0,0,0,0,0,0,0,0,0,0,0,0,0,0,0,0,0,0,0,0,0,0,0,0,0,0,0,0,0,0,0,0,103409361,0,0,0,111188069,0,0,0,0,0,0,0,74004615,122206847,171819206,53532498432,44088784,0,0,0,0,0,0,0,0,0,0,0,0,0,0,0,0,0,0,0,0,0,0,0,0,0,0,0,0,0,0,0,51977602,0,0,0,0,0,0,0
1789620917.922,0,0,0,0,0,0,0,231794186,2001521905152,725690825216,0,0,0,0,0,0,0,0,0,0,0,0,0,0,0,0,0,0,0,0,0,0,0,0,0,0,0,0,0,0,0,0,0,0,0,0,0,0,0,0,0,0,0,0,0,0,0,0,0,0,0,0,0,0,0,0,0,0,404293,122316648,40506046,0,0,0,0,0,0,0,0,0,0,0,0,0,0,0,0,0,0,0,0,0,0,0,0,0,0,0,0,0,0,0,0,0,0,0,0,0,2146140160,633257984,130990,38651,0,82,131072,122171014,0,0,1168431505,2147483648,96374589,128180230,0,0,0,0,0,0,0,0,0,0,0,0,0,0,0,0,0,0,7435335,7435443,0,97,97,6262,329,14870696,35,0,0,0,0,0,0,0,1,0,0,0,0,0,0,0,0,0,0,8363342,0,12386945,109426,0,0,0,0,0,0,0,0,16384,0,0,0,0,0,0,0,0,0,0,0,2909,345,0,0,0,0,0,22606032,0,605,1,47,345,2909,0,0,0,0,0,0,0,0,0,0,0,0,0,0,0,0,0,0,0,0,0,0,0,0,0,0,0,0,0,0,0,0,0,0,0,0,0,0,0,0,0,0,0,0,0,0,0,0,0,0,0,0,0,103411723,0,0,0,111198186,0,0,0,0,0,0,0,74009862,122223836,171829145,53534128640,44090248,0,0,0,0,0,0,0,0,0,0,0,0,0,0,0,0,0,0,0,0,0,0,0,0,0,0,0,0,0,0,0,51978316,0,0,0,0,0,0,0
1789620918.949,0,0,0,0,0,0,0,231818649,2001840819712,725769086976,0,0,0,0,0,0,0,0,0,0,0,0,0,0,0,0,0,0,0,0,0,0,0,0,0,0,0,0,0,0,0,0,0,0,0,0,0,0,0,0,0,0,0,0,0,0,0,0,0,0,0,0,0,0,0,0,0,0,404340,122336147,40510649,0,0,0,0,0,0,0,0,0,0,0,0,0,0,0,0,0,0,0,0,0,0,0,0,0,0,0,0,0,0,0,0,0,0,0,0,0,2146222080,635305984,130995,38776,0,77,131072,122190497,0,0,1168560442,2147483648,96393484,128192932,0,0,0,0,0,0,0,0,0,0,0,0,0,0,0,0,0,0,7436150,7436264,0,97,97,6262,329,14872337,35,0,0,0,0,0,0,0,1,0,0,0,0,0,0,0,0,0,0,8364266,0,12387073,109427,0,0,0,0,0,0,0,0,16384,0,0,0,0,0,0,0,0,0,0,0,2910,345,0,0,0,0,0,22608537,0,605,1,47,345,2910,0,0,0,0,0,0,0,0,0,0,0,0,0,0,0,0,0,0,0,0,0,0,0,0,0,0,0,0,0,0,0,0,0,0,0,0,0,0,0,0,0,0,0,0,0,0,0,0,0,0,0,0,0,103414285,0,0,0,111209672,0,0,0,0,0,0,0,74015925,122243325,171840795,53535950336,44091827,0,0,0,0,0,0,0,0,0,0,0,0,0,0,0,0,0,0,0,0,0,0,0,0,0,0,0,0,0,0,0,51979137,0,0,0,0,0,0,0
1789620919.975,0,0,0,0,0,0,0,231841648,2002138795520,725861412352,0,0,0,0,0,0,0,0,0,0,0,0,0,0,0,0,0,0,0,0,0,0,0,0,0,0,0,0,0,0,0,0,0,0,0,0,0,0,0,0,0,0,0,0,0,0,0,0,0,0,0,0,0,0,0,0,0,0,404384,122354363,40516133,0,0,0,0,0,0,0,0,0,0,0,0,0,0,0,0,0,0,0,0,0,0,0,0,0,0,0,0,0,0,0,0,0,0,0,0,0,2146156544,620134400,130991,37850,0,81,131072,122208702,0,0,1168681586,2147483648,96410752,128204880,0,0,0,0,0,0,0,0,0,0,0,0,0,0,0,0,0,0,7436897,7437010,0,97,97,6262,329,14873837,35,0,0,0,0,0,0,0,1,0,0,0,0,0,0,0,0,0,0,8365104,0,12388468,109439,0,0,0,0,0,0,0,0,16384,0,0,0,0,0,0,0,0,0,0,0,2911,345,0,0,0,0,0,22610810,0,605,1,47,345,2911,0,0,0,0,0,0,0,0,0,0,0,0,0,0,0,0,0,0,0,0,0,0,0,0,0,0,0,0,0,0,0,0,0,0,0,0,0,0,0,0,0,0,0,0,0,0,0,0,0,0,0,0,0,103416740,0,0,0,111220411,0,0,0,0,0,0,0,74021753,122261534,171852815,53537670144,44093362,0,0,0,0,0,0,0,0,0,0,0,0,0,0,0,0,0,0,0,0,0,0,0,0,0,0,0,0,0,0,0,51979883,0,0,0,0,0,0,0
1789620921.003,0,0,0,0,0,0,0,231864984,2002442440192,725931815424,0,0,0,0,0,0,0,0,0,0,0,0,0,0,0,0,0,0,0,0,0,0,0,0,0,0,0,0,0,0,0,0,0,0,0,0,0,0,0,0,0,0,0,0,0,0,0,0,0,0,0,0,0,0,0,0,0,0,404421,122372922,40520263,0,0,0,0,0,0,0,0,0,0,0,0,0,0,0,0,0,0,0,0,0,0,0,0,0,0,0,0,0,0,0,0,0,0,0,0,0,2146402304,629424128,131006,38417,0,66,131072,122227250,0,0,1168803395,2147483648,96428884,128217027,0,0,0,0,0,0,0,0,0,0,0,0,0,0,0,0,0,0,7437666,7437780,0,97,97,6262,329,14875360,35,0,0,0,0,0,0,0,1,0,0,0,0,0,0,0,0,0,0,8365970,0,12388468,109439,0,0,0,0,0,0,0,0,16384,0,0,0,0,0,0,0,0,0,0,0,2912,345,0,0,0,0,0,22613146,0,605,1,47,345,2912,0,0,0,0,0,0,0,0,0,0,0,0,0,0,0,0,0,0,0,0,0,0,0,0,0,0,0,0,0,0,0,0,0,0,0,0,0,0,0,0,0,0,0,0,0,0,0,0,0,0,0,0,0,103419239,0,0,0,111231373,0,0,0,0,0,0,0,74027425,122280089,171863587,53539424768,44094900,0,0,0,0,0,0,0,0,0,0,0,0,0,0,0,0,0,0,0,0,0,0,0,0,0,0,0,0,0,0,0,51980653,0,0,0,0,0,0,0
1789620922.030,0,0,0,0,0,0,0,231886529,2002722491904,725996680704,0,0,0,0,0,0,0,0,0,0,0,0,0,0,0,0,0,0,0,0,0,0,0,0,0,0,0,0,0,0,0,0,0,0,0,0,0,0,0,0,0,0,0,0,0,0,0,0,0,0,0,0,0,0,0,0,0,0,404462,122390046,40524074,0,0,0,0,0,0,0,0,0,0,0,0,0,0,0,0,0,0,0,0,0,0,0,0,0,0,0,0,0,0,0,0,0,0,0,0,0,2146353152,635731968,131003,38802,0,69,131072,122244363,0,0,1168916309,2147483648,96445668,128228164,0,0,0,0,0,0,0,0,0,0,0,0,0,0,0,0,0,0,7438374,7438484,0,97,97,6262,329,14876780,35,0,0,0,0,0,0,0,1,0,0,0,0,0,0,0,0,0,0,8366762,0,12388468,109439,0,0,0,0,0,0,0,0,16384,0,0,0,0,0,0,0,0,0,0,0,2913,345,0,0,0,0,0,22615288,0,605,1,47,345,2913,0,0,0,0,0,0,0,0,0,0,0,0,0,0,0,0,0,0,0,0,0,0,0,0,0,0,0,0,0,0,0,0,0,0,0,0,0,0,0,0,0,0,0,0,0,0,0,0,0,0,0,0,0,103421622,0,0,0,111241407,0,0,0,0,0,0,0,74032715,122297204,171873586,53541074944,44096384,1,0,0,0,0,0,0,0,0,0,0,0,0,0,0,0,0,0,0,0,0,0,0,0,0,0,0,0,0,0,0,51981357,0,0,0,0,0,0,0
1789620923.056,0,0,0,0,0,0,0,231909985,2003027381760,726071413760,0,0,0,0,0,0,0,0,0,0,0,0,0,0,0,0,0,0,0,0,0,0,0,0,0,0,0,0,0,0,0,0,0,0,0,0,0,0,0,0,0,0,0,0,0,0,0,0,0,0,0,0,0,0,0,0,0,0,404511,122408694,40528472,0,0,0,0,0,0,0,0,0,0,0,0,0,0,0,0,0,0,0,0,0,0,0,0,0,0,0,0,0,0,0,0,0,0,0,0,0,2146287616,638140416,130999,38949,0,73,131072,122262997,0,0,1169039617,2147483648,96463771,128240385,0,0,0,0,0,0,0,0,0,0,0,0,0,0,0,0,0,0,7439154,7439265,0,97,97,6262,329,14878343,35,0,0,0,0,0,0,0,1,0,0,0,0,0,0,0,0,0,0,8367641,0,12388596,109440,0,0,0,0,0,0,0,0,16384,0,0,0,0,0,0,0,0,0,0,0,2914,345,0,0,0,0,0,22617659,0,605,1,47,345,2914,0,0,0,0,0,0,0,0,0,0,0,0,0,0,0,0,0,0,0,0,0,0,0,0,0,0,0,0,0,0,0,0,0,0,0,0,0,0,0,0,0,0,0,0,0,0,0,0,0,0,0,0,0,103424141,0,0,0,111252405,0,0,0,0,0,0,0,74038546,122315845,171884767,53542841344,44097944,0,0,0,0,0,0,0,0,0,0,0,0,0,0,0,0,0,0,0,0,0,0,0,0,0,0,0,0,0,0,0,51982138,0,0,0,0,0,0,0
1789620924.084,0,0,0,0,0,0,0,231933188,2003329846784,726166393856,0,0,0,0,0,0,0,0,0,0,0,0,0,0,0,0,0,0,0,0,0,0,0,0,0,0,0,0,0,0,0,0,0,0,0,0,0,0,0,0,0,0,0,0,0,0,0,0,0,0,0,0,0,0,0,0,0,0,404549,122427179,40534110,0,0,0,0,0,0,0,0,0,0,0,0,0,0,0,0,0,0,0,0,0,0,0,0,0,0,0,0,0,0,0,0,0,0,0,0,0,2146205696,620527616,130994,37874,0,78,131072,122281466,0,0,1169162379,2147483648,96481333,128252381,0,0,0,0,0,0,0,0,0,0,0,0,0,0,0,0,0,0,7439922,7440032,0,97,97,6262,329,14879871,35,0,0,0,0,0,0,0,1,0,0,0,0,0,0,0,0,0,0,8368504,0,12389990,109452,0,0,0,0,0,0,0,0,16384,0,0,0,0,0,0,0,0,0,0,0,2915,345,0,0,0,0,0,22619998,0,605,1,47,345,2915,0,0,0,0,0,0,0,0,0,0,0,0,0,0,0,0,0,0,0,0,0,0,0,0,0,0,0,0,0,0,0,0,0,0,0,0,0,0,0,0,0,0,0,0,0,0,0,0,0,0,0,0,0,103426634,0,0,0,111263271,0,0,0,0,0,0,0,74044525,122334328,171897151,53544575488,44099474,0,0,0,0,0,0,0,0,0,0,0,0,0,0,0,0,0,0,0,0,0,0,0,0,0,0,0,0,0,0,0,51982905,0,0,0,0,0,0,0
1789620925.111,0,0,0,0,0,0,0,231957650,2003648155136,726239836672,0,0,0,0,0,0,0,0,0,0,0,0,0,0,0,0,0,0,0,0,0,0,0,0,0,0,0,0,0,0,0,0,0,0,0,0,0,0,0,0,0,0,0,0,0,0,0,0,0,0,0,0,0,0,0,0,0,0,404595,122446643,40538434,0,0,0,0,0,0,0,0,0,0,0,0,0,0,0,0,0,0,0,0,0,0,0,0,0,0,0,0,0,0,0,0,0,0,0,0,0,2146385920,629522432,131005,38423,0,67,131072,122300918,0,0,1169290362,2147483648,96500338,128265131,0,0,0,0,0,0,0,0,0,0,0,0,0,0,0,0,0,0,7440713,7440829,0,97,97,6262,329,14881461,35,0,0,0,0,0,0,0,1,0,0,0,0,0,0,0,0,0,0,8369400,0,12389990,109452,0,0,0,0,0,0,0,0,16384,0,0,0,0,0,0,0,0,0,0,0,2916,345,0,0,0,0,0,22622417,0,605,1,47,345,2916,0,0,0,0,0,0,0,0,0,0,0,0,0,0,0,0,0,0,0,0,0,0,0,0,0,0,0,0,0,0,0,0,0,0,0,0,0,0,0,0,0,0,0,0,0,0,0,0,0,0,0,0,0,103429119,0,0,0,111274705,0,0,0,0,0,0,0,74050365,122353785,171908267,53546367488,44100999,0,0,0,0,0,0,0,0,0,0,0,0,0,0,0,0,0,0,0,0,0,0,0,0,0,0,0,0,0,0,0,51983702,0,0,0,0,0,0,0
1789620926.138,0,0,0,0,0,0,0,231980453,2003943951872,726307844096,0,0,0,0,0,0,0,0,0,0,0,0,0,0,0,0,0,0,0,0,0,0,0,0,0,0,0,0,0,0,0,0,0,0,0,0,0,0,0,0,0,0,0,0,0,0,0,0,0,0,0,0,0,0,0,0,0,0,404662,122464722,40542434,0,0,0,0,0,0,0,0,0,0,0,0,0,0,0,0,0,0,0,0,0,0,0,0,0,0,0,0,0,0,0,0,0,0,0,0,0,2146582528,637566976,131017,38914,0,55,131072,122318987,0,0,1169409851,2147483648,96518029,128277100,0,0,0,0,0,0,0,0,0,0,0,0,0,0,0,0,0,0,7441447,7441561,0,97,97,6262,329,14882958,35,0,0,0,0,0,0,0,1,0,0,0,0,0,0,0,0,0,0,8370225,0,12389990,109452,0,0,0,0,0,0,0,0,16384,0,0,0,0,0,0,0,0,0,0,0,2917,345,0,0,0,0,0,22624652,0,605,1,47,345,2917,0,0,0,0,0,0,0,0,0,0,0,0,0,0,0,0,0,0,0,0,0,0,0,0,0,0,0,0,0,0,0,0,0,0,0,0,0,0,0,0,0,0,0,0,0,0,0,0,0,0,0,0,0,103431532,0,0,0,111285305,0,0,0,0,0,0,0,74055863,122371854,171918664,53548068864,44102502,0,0,0,0,0,0,0,0,0,0,0,0,0,0,0,0,0,0,0,0,0,0,0,0,0,0,0,0,0,0,0,51984434,0,0,0,0,0,0,0
1789620927.165,0,0,0,0,0,0,0,232006050,2004276186624,726392495616,0,0,0,0,0,0,0,0,0,0,0,0,0,0,0,0,0,0,0,0,0,0,0,0,0,0,0,0,0,0,0,0,0,0,0,0,0,0,0,0,0,0,0,0,0,0,0,0,0,0,0,0,0,0,0,0,0,0,404702,122485037,40547226,0,0,0,0,0,0,0,0,0,0,0,0,0,0,0,0,0,0,0,0,0,0,0,0,0,0,0,0,0,0,0,0,0,0,0,0,0,2146172928,640827392,130992,39113,0,80,131072,122339281,0,0,1169544235,2147483648,96537759,128290490,0,0,0,0,0,0,0,0,0,0,0,0,0,0,0,0,0,0,7442325,7442433,0,97,97,6262,329,14884677,35,0,0,0,0,0,0,0,1,0,0,0,0,0,0,0,0,0,0,8371205,0,12390118,109453,0,0,0,0,0,0,0,0,16384,0,0,0,0,0,0,0,0,0,0,0,2918,345,0,0,0,0,0,22627314,0,605,1,47,345,2918,0,0,0,0,0,0,0,0,0,0,0,0,0,0,0,0,0,0,0,0,0,0,0,0,0,0,0,0,0,0,0,0,0,0,0,0,0,0,0,0,0,0,0,0,0,0,0,0,0,0,0,0,0,103440760,0,0,0,111297406,0,0,0,0,0,0,0,74067032,122392153,171937367,53552990208,44109000,0,0,0,0,0,0,0,0,0,0,0,0,0,0,0,0,0,0,0,0,0,0,0,0,0,0,0,0,0,0,0,51985306,0,0,0,0,0,0,0
1789620928.191,0,0,0,0,0,0,0,232030433,2004592561664,726489852928,0,0,0,0,0,0,0,0,0,0,0,0,0,0,0,0,0,0,0,0,0,0,0,0,0,0,0,0,0,0,0,0,0,0,0,0,0,0,0,0,0,0,0,0,0,0,0,0,0,0,0,0,0,0,0,0,0,0,404745,122504373,40553008,0,0,0,0,0,0,0,0,0,0,0,0,0,0,0,0,0,0,0,0,0,0,0,0,0,0,0,0,0,0,0,0,0,0,0,0,0,2146172928,624082944,130992,38091,0,80,131072,122358604,0,0,1169673039,2147483648,96556075,128303152,0,0,0,0,0,0,0,0,0,0,0,0,0,0,0,0,0,0,7443124,7443238,0,97,97,6262,329,14886284,35,0,0,0,0,0,0,0,1,0,0,0,0,0,0,0,0,0,0,8372110,0,12391514,109465,0,0,0,0,0,0,0,0,16384,0,0,0,0,0,0,0,0,0,0,0,2919,345,0,0,0,0,0,22629760,0,605,1,47,345,2919,0,0,0,0,0,0,0,0,0,0,0,0,0,0,0,0,0,0,0,0,0,0,0,0,0,0,0,0,0,0,0,0,0,0,0,0,0,0,0,0,0,0,0,0,0,0,0,0,0,0,0,0,0,103443291,0,0,0,111308780,0,0,0,0,0,0,0,74073214,122411482,171950061,53554798592,44110600,0,0,0,0,0,0,0,0,0,0,0,0,0,0,0,0,0,0,0,0,0,0,0,0,0,0,0,0,0,0,0,51986111,0,0,0,0,0,0,0
1789620929.218,0,0,0,0,0,0,0,232054131,2004900285952,726560908800,0,0,0,0,0,0,0,0,0,0,0,0,0,0,0,0,0,0,0,0,0,0,0,0,0,0,0,0,0,0,0,0,0,0,0,0,0,0,0,0,0,0,0,0,0,0,0,0,0,0,0,0,0,0,0,0,0,0,404787,122523186,40557183,0,0,0,0,0,0,0,0,0,0,0,0,0,0,0,0,0,0,0,0,0,0,0,0,0,0,0,0,0,0,0,0,0,0,0,0,0,2146320384,633552896,131001,38669,0,71,131072,122377409,0,0,1169796560,2147483648,96574406,128315535,0,0,0,0,0,0,0,0,0,0,0,0,0,0,0,0,0,0,7443897,7444011,0,97,97,6262,329,14887831,35,0,0,0,0,0,0,0,1,0,0,0,0,0,0,0,0,0,0,8372978,0,12391514,109465,0,0,0,0,0,0,0,0,16384,0,0,0,0,0,0,0,0,0,0,0,2920,345,0,0,0,0,0,22632094,0,605,1,47,345,2920,0,0,0,0,0,0,0,0,0,0,0,0,0,0,0,0,0,0,0,0,0,0,0,0,0,0,0,0,0,0,0,0,0,0,0,0,0,0,0,0,0,0,0,0,0,0,0,0,0,0,0,0,0,103445757,0,0,0,111319863,0,0,0,0,0,0,0,74078931,122430276,171960875,53556536320,44112143,0,0,0,0,0,0,0,0,0,0,0,0,0,0,0,0,0,0,0,0,0,0,0,0,0,0,0,0,0,0,0,51986882,0,0,0,0,0,0,0
1789620930.244,0,0,0,0,0,0,0,232077612,2005203471872,726632917504,0,0,0,0,0,0,0,0,0,0,0,0,0,0,0,0,0,0,0,0,0,0,0,0,0,0,0,0,0,0,0,0,0,0,0,0,0,0,0,0,0,0,0,0,0,0,0,0,0,0,0,0,0,0,0,0,0,0,404827,122541722,40561414,0,0,0,0,0,0,0,0,0,0,0,0,0,0,0,0,0,0,0,0,0,0,0,0,0,0,0,0,0,0,0,0,0,0,0,0,0,2146189312,640073728,130992,39067,0,80,131072,122395925,0,0,1169919203,2147483648,96592422,128327779,0,0,0,0,0,0,0,0,0,0,0,0,0,0,0,0,0,0,7444662,7444774,0,97,97,6262,329,14889373,35,0,0,0,0,0,0,0,1,0,0,0,0,0,0,0,0,0,0,8373839,0,12391642,109466,0,0,0,0,0,0,0,0,16384,0,0,0,0,0,0,0,0,0,0,0,2921,345,0,0,0,0,0,22634422,0,605,1,47,345,2921,0,0,0,0,0,0,0,0,0,0,0,0,0,0,0,0,0,0,0,0,0,0,0,0,0,0,0,0,0,0,0,0,0,0,0,0,0,0,0,0,0,0,0,0,0,0,0,0,0,0,0,0,0,103448211,0,0,0,111330848,0,0,0,0,0,0,0,74084582,122448802,171971666,53558278656,44113685,0,0,0,0,0,0,0,0,0,0,0,0,0,0,0,0,0,0,0,0,0,0,0,0,0,0,0,0,0,0,0,51987647,0,0,0,0,0,0,0
1789620931.271,0,0,0,0,0,0,0,232101660,2005517012480,726710520320,0,0,0,0,0,0,0,0,0,0,0,0,0,0,0,0,0,0,0,0,0,0,0,0,0,0,0,0,0,0,0,0,0,0,0,0,0,0,0,0,0,0,0,0,0,0,0,0,0,0,0,0,0,0,0,0,0,0,404870,122560878,40565794,0,0,0,0,0,0,0,0,0,0,0,0,0,0,0,0,0,0,0,0,0,0,0,0,0,0,0,0,0,0,0,0,0,0,0,0,0,2146336768,644972544,131002,39366,0,70,131072,122415061,0,0,1170045444,2147483648,96611146,128340288,0,0,0,0,0,0,0,0,0,0,0,0,0,0,0,0,0,0,7445467,7445580,0,97,97,6262,329,14890978,35,0,0,0,0,0,0,0,1,0,0,0,0,0,0,0,0,0,0,8374745,0,12391642,109466,0,0,0,0,0,0,0,0,16384,0,0,0,0,0,0,0,0,0,0,0,2922,345,0,0,0,0,0,22636863,0,605,1,47,345,2922,0,0,0,0,0,0,0,0,0,0,0,0,0,0,0,0,0,0,0,0,0,0,0,0,0,0,0,0,0,0,0,0,0,0,0,0,0,0,0,0,0,0,0,0,0,0,0,0,0,0,0,0,0,103457498,0,0,0,111342157,0,0,0,0,0,0,0,74095703,122467954,171989693,53563186688,44120432,0,1,0,0,0,0,0,0,0,0,0,0,0,0,0,0,0,0,0,0,0,0,0,0,0,0,0,0,0,0,0,51988453,0,0,0,0,0,0,0
1789620932.298,0,0,0,0,0,0,0,232126093,2005835730432,726814786048,0,0,0,0,0,0,0,0,0,0,0,0,0,0,0,0,0,0,0,0,0,0,0,0,0,0,0,0,0,0,0,0,0,0,0,0,0,0,0,0,0,0,0,0,0,0,0,0,0,0,0,0,0,0,0,0,0,0,404922,122580363,40571728,0,0,0,0,0,0,0,0,0,0,0,0,0,0,0,0,0,0,0,0,0,0,0,0,0,0,0,0,0,0,0,0,0,0,0,0,0,2146385920,625803264,131005,38196,0,67,131072,122434535,0,0,1170174935,2147483648,96629707,128352961,0,0,0,0,0,0,0,0,0,0,0,0,0,0,0,0,0,0,7446272,7446385,0,97,97,6262,329,14892588,35,0,0,0,0,0,0,0,1,0,0,0,0,0,0,0,0,0,0,8375649,0,12393070,109478,0,0,0,0,0,0,0,0,16384,0,0,0,0,0,0,0,0,0,0,0,2923,345,0,0,0,0,0,22639304,0,605,1,47,345,2923,0,0,0,0,0,0,0,0,0,0,0,0,0,0,0,0,0,0,0,0,0,0,0,0,0,0,0,0,0,0,0,0,0,0,0,0,0,0,0,0,0,0,0,0,0,0,0,0,0,0,0,0,0,103469072,0,0,0,111353523,0,0,0,0,0,0,0,74108760,122487423,172011721,53569136640,44128760,0,0,0,0,0,0,0,0,0,0,0,0,0,0,0,0,0,0,0,0,0,0,0,0,0,0,0,0,0,0,0,51989257,0,0,0,0,0,0,0
1789620933.324,0,0,0,0,0,0,0,232148554,2006126988800,726886161920,0,0,0,0,0,0,0,0,0,0,0,0,0,0,0,0,0,0,0,0,0,0,0,0,0,0,0,0,0,0,0,0,0,0,0,0,0,0,0,0,0,0,0,0,0,0,0,0,0,0,0,0,0,0,0,0,0,0,404968,122598153,40575693,0,0,0,0,0,0,0,0,0,0,0,0,0,0,0,0,0,0,0,0,0,0,0,0,0,0,0,0,0,0,0,0,0,0,0,0,0,2146402304,635142144,131006,38766,0,66,131072,122452314,0,0,1170292184,2147483648,96647124,128364887,0,0,0,0,0,0,0,0,0,0,0,0,0,0,0,0,0,0,7447014,7447123,0,97,97,6262,329,14894067,35,0,0,0,0,0,0,0,1,0,0,0,0,0,0,0,0,0,0,8376479,0,12393070,109478,0,0,0,0,0,0,0,0,16384,0,0,0,0,0,0,0,0,0,0,0,2924,345,0,0,0,0,0,22641548,0,605,1,47,345,2924,0,0,0,0,0,0,0,0,0,0,0,0,0,0,0,0,0,0,0,0,0,0,0,0,0,0,0,0,0,0,0,0,0,0,0,0,0,0,0,0,0,0,0,0,0,0,0,0,0,0,0,0,0,103479912,0,0,0,111364125,0,0,0,0,0,0,0,74120672,122505199,172030457,53574743040,44136714,0,0,0,0,0,0,0,0,0,0,0,0,0,0,0,0,0,0,0,0,0,0,0,0,0,0,0,0,0,0,0,51989995,0,0,0,0,0,0,0
1789620934.352,0,0,0,0,0,0,0,232170850,2006417722880,726955463168,0,0,0,0,0,0,0,0,0,0,0,0,0,0,0,0,0,0,0,0,0,0,0,0,0,0,0,0,0,0,0,0,0,0,0,0,0,0,0,0,0,0,0,0,0,0,0,0,0,0,0,0,0,0,0,0,0,0,405005,122615930,40579739,0,0,0,0,0,0,0,0,0,0,0,0,0,0,0,0,0,0,0,0,0,0,0,0,0,0,0,0,0,0,0,0,0,0,0,0,0,2146123776,641155072,130989,39133,0,83,131072,122470077,0,0,1170408611,2147483648,96664374,128376373,0,0,0,0,0,0,0,0,0,0,0,0,0,0,0,0,0,0,7447734,7447846,0,97,97,6262,329,14895505,35,0,0,0,0,0,0,0,1,0,0,0,0,0,0,0,0,0,0,8377290,0,12393198,109479,0,0,0,0,0,0,0,0,16384,0,0,0,0,0,0,0,0,0,0,0,2925,345,0,0,0,0,0,22643738,0,605,1,47,345,2925,0,0,0,0,0,0,0,0,0,0,0,0,0,0,0,0,0,0,0,0,0,0,0,0,0,0,0,0,0,0,0,0,0,0,0,0,0,0,0,0,0,0,0,0,0,0,0,0,0,0,0,0,0,103483305,0,0,0,111374473,0,0,0,0,0,0,0,74126902,122522959,172041821,53576858624,44139018,0,0,0,0,0,0,0,0,0,0,0,0,0,0,0,0,0,0,0,0,0,0,0,0,0,0,0,0,0,0,0,51990717,0,0,0,0,0,0,0
1789620935.378,0,0,0,0,0,0,0,232194265,2006723399168,727028860928,0,0,0,0,0,0,0,0,0,0,0,0,0,0,0,0,0,0,0,0,0,0,0,0,0,0,0,0,0,0,0,0,0,0,0,0,0,0,0,0,0,0,0,0,0,0,0,0,0,0,0,0,0,0,0,0,0,0,405052,122634608,40584054,0,0,0,0,0,0,0,0,0,0,0,0,0,0,0,0,0,0,0,0,0,0,0,0,0,0,0,0,0,0,0,0,0,0,0,0,0,2146418688,645578752,131007,39403,0,65,131072,122488746,0,0,1170531743,2147483648,96682628,128388572,0,0,0,0,0,0,0,0,0,0,0,0,0,0,0,0,0,0,7448519,7448634,0,97,97,6262,329,14897066,35,0,0,0,0,0,0,0,1,0,0,0,0,0,0,0,0,0,0,8378178,0,12393198,109479,0,0,0,0,0,0,0,0,16384,0,0,0,0,0,0,0,0,0,0,0,2926,345,0,0,0,0,0,22646148,0,605,1,47,345,2926,0,0,0,0,0,0,0,0,0,0,0,0,0,0,0,0,0,0,0,0,0,0,0,0,0,0,0,0,0,0,0,0,0,0,0,0,0,0,0,0,0,0,0,0,0,0,0,0,0,0,0,0,0,103485800,0,0,0,111385480,0,0,0,0,0,0,0,74132750,122541628,172052941,53578619904,44140552,0,0,0,0,0,0,0,0,0,0,0,0,0,0,0,0,0,0,0,0,0,0,0,0,0,0,0,0,0,0,0,51991507,0,0,0,0,0,0,0
1789620936.405,0,0,0,0,0,0,0,232219162,2007048048128,727129301504,0,0,0,0,0,0,0,0,0,0,0,0,0,0,0,0,0,0,0,0,0,0,0,0,0,0,0,0,0,0,0,0,0,0,0,0,0,0,0,0,0,0,0,0,0,0,0,0,0,0,0,0,0,0,0,0,0,0,405094,122654463,40590029,0,0,0,0,0,0,0,0,0,0,0,0,0,0,0,0,0,0,0,0,0,0,0,0,0,0,0,0,0,0,0,0,0,0,0,0,0,2146385920,627949568,131005,38327,0,67,131072,122508585,0,0,1170663468,2147483648,96701494,128401443,0,0,0,0,0,0,0,0,0,0,0,0,0,0,0,0,0,0,7449336,7449449,0,97,97,6262,329,14898703,35,0,0,0,0,0,0,0,1,0,0,0,0,0,0,0,0,0,0,8379094,0,12394623,109491,0,0,0,0,0,0,0,0,16384,0,0,0,0,0,0,0,0,0,0,0,2927,345,0,0,0,0,0,22648619,0,605,1,47,345,2927,0,0,0,0,0,0,0,0,0,0,0,0,0,0,0,0,0,0,0,0,0,0,0,0,0,0,0,0,0,0,0,0,0,0,0,0,0,0,0,0,0,0,0,0,0,0,0,0,0,0,0,0,0,103488308,0,0,0,111397108,0,0,0,0,0,0,0,74139055,122561474,172065962,53580416512,44142102,0,0,0,0,0,0,0,0,0,0,0,0,0,0,0,0,0,0,0,0,0,0,0,0,0,0,0,0,0,0,0,51992321,0,0,0,0,0,0,0
1789620937.432,0,0,0,0,0,0,0,232242389,2007349300736,727201947648,0,0,0,0,0,0,0,0,0,0,0,0,0,0,0,0,0,0,0,0,0,0,0,0,0,0,0,0,0,0,0,0,0,0,0,0,0,0,0,0,0,0,0,0,0,0,0,0,0,0,0,0,0,0,0,0,0,0,405160,122672868,40594297,0,0,0,0,0,0,0,0,0,0,0,0,0,0,0,0,0,0,0,0,0,0,0,0,0,0,0,0,0,0,0,0,0,0,0,0,0,2146238464,634896384,130996,38751,0,76,131072,122526977,0,0,1170785104,2147483648,96719378,128413871,0,0,0,0,0,0,0,0,0,0,0,0,0,0,0,0,0,0,7450100,7450208,0,97,97,6262,329,14900222,35,0,0,0,0,0,0,0,1,0,0,0,0,0,0,0,0,0,0,8379946,0,12394751,109492,0,0,0,0,0,0,0,0,16384,0,0,0,0,0,0,0,0,0,0,0,2928,345,0,0,0,0,0,22650919,0,605,1,47,345,2928,0,0,0,0,0,0,0,0,0,0,0,0,0,0,0,0,0,0,0,0,0,0,0,0,0,0,0,0,0,0,0,0,0,0,0,0,0,0,0,0,0,0,0,0,0,0,0,0,0,0,0,0,0,103490769,0,0,0,111408004,0,0,0,0,0,0,0,74144733,122579871,172076828,53582205440,44143639,0,0,0,0,0,0,0,0,0,0,0,0,0,0,0,0,0,0,0,0,0,0,0,0,0,0,0,0,0,0,0,51993079,0,0,0,0,0,0,0
1789620938.459,0,0,0,0,0,0,0,232266220,2007660957184,727274108416,0,0,0,0,0,0,0,0,0,0,0,0,0,0,0,0,0,0,0,0,0,0,0,0,0,0,0,0,0,0,0,0,0,0,0,0,0,0,0,0,0,0,0,0,0,0,0,0,0,0,0,0,0,0,0,0,0,0,405197,122691911,40598532,0,0,0,0,0,0,0,0,0,0,0,0,0,0,0,0,0,0,0,0,0,0,0,0,0,0,0,0,0,0,0,0,0,0,0,0,0,2146254848,642170880,130997,39195,0,75,131072,122546005,0,0,1170909730,2147483648,96737986,128426191,0,0,0,0,0,0,0,0,0,0,0,0,0,0,0,0,0,0,7450871,7450985,0,97,97,6262,329,14901780,35,0,0,0,0,0,0,0,1,0,0,0,0,0,0,0,0,0,0,8380822,0,12394751,109492,0,0,0,0,0,0,0,0,16384,0,0,0,0,0,0,0,0,0,0,0,2930,345,0,0,0,0,0,22653283,0,605,1,47,345,2930,0,0,0,0,0,0,0,0,0,0,0,0,0,0,0,0,0,0,0,0,0,0,0,0,0,0,0,0,0,0,0,0,0,0,0,0,0,0,0,0,0,0,0,0,0,0,0,0,0,0,0,0,0,103493264,0,0,0,111419084,0,0,0,0,0,0,0,74150528,122598908,172087808,53583979008,44145190,0,0,0,0,0,0,0,0,0,0,0,0,0,0,0,0,0,0,0,0,0,0,0,0,0,0,0,0,0,0,0,51993857,0,0,0,0,0,0,0
1789620939.486,0,0,0,0,0,0,0,232288694,2007953083904,727367062016,0,0,0,0,0,0,0,0,0,0,0,0,0,0,0,0,0,0,0,0,0,0,0,0,0,0,0,0,0,0,0,0,0,0,0,0,0,0,0,0,0,0,0,0,0,0,0,0,0,0,0,0,0,0,0,0,0,0,405233,122709757,40604055,0,0,0,0,0,0,0,0,0,0,0,0,0,0,0,0,0,0,0,0,0,0,0,0,0,0,0,0,0,0,0,0,0,0,0,0,0,2146336768,623132672,131002,38033,0,70,131072,122563837,0,0,1171028679,2147483648,96754982,128437878,0,0,0,0,0,0,0,0,0,0,0,0,0,0,0,0,0,0,7451628,7451740,0,97,97,6262,329,14903290,35,0,0,0,0,0,0,0,1,0,0,0,0,0,0,0,0,0,0,8381672,0,12396191,109504,0,0,0,0,0,0,0,0,16384,0,0,0,0,0,0,0,0,0,0,0,2931,345,0,0,0,0,0,22655584,0,605,1,47,345,2931,0,0,0,0,0,0,0,0,0,0,0,0,0,0,0,0,0,0,0,0,0,0,0,0,0,0,0,0,0,0,0,0,0,0,0,0,0,0,0,0,0,0,0,0,0,0,0,0,0,0,0,0,0,103495704,0,0,0,111429702,0,0,0,0,0,0,0,74156340,122616754,172099856,53585687040,44146704,0,0,0,0,0,0,0,0,0,0,0,0,0,0,0,0,0,0,0,0,0,0,0,0,0,0,0,0,0,0,0,51994613,0,0,0,0,0,0,0
1789620940.514,0,0,0,0,0,0,0,232312055,2008256630272,727438470656,0,0,0,0,0,0,0,0,0,0,0,0,0,0,0,0,0,0,0,0,0,0,0,0,0,0,0,0,0,0,0,0,0,0,0,0,0,0,0,0,0,0,0,0,0,0,0,0,0,0,0,0,0,0,0,0,0,0,405273,122728315,40608255,0,0,0,0,0,0,0,0,0,0,0,0,0,0,0,0,0,0,0,0,0,0,0,0,0,0,0,0,0,0,0,0,0,0,0,0,0,2146287616,630407168,130999,38477,0,73,131072,122582387,0,0,1171151174,2147483648,96773128,128449987,0,0,0,0,0,0,0,0,0,0,0,0,0,0,0,0,0,0,7452388,7452499,0,97,97,6262,329,14904815,35,0,0,0,0,0,0,0,1,0,0,0,0,0,0,0,0,0,0,8382525,0,12396191,109504,0,0,0,0,0,0,0,0,16384,0,0,0,0,0,0,0,0,0,0,0,2932,345,0,0,0,0,0,22657886,0,605,1,47,345,2932,0,0,0,0,0,0,0,0,0,0,0,0,0,0,0,0,0,0,0,0,0,0,0,0,0,0,0,0,0,0,0,0,0,0,0,0,0,0,0,0,0,0,0,0,0,0,0,0,0,0,0,0,0,103498148,0,0,0,111440595,0,0,0,0,0,0,0,74162035,122635297,172110694,53587407360,44148202,0,0,0,0,0,0,0,0,0,0,0,0,0,0,0,0,0,0,0,0,0,0,0,0,0,0,0,0,0,0,0,51995371,0,0,0,0,0,0,0
1789620941.541,0,0,0,0,0,0,0,232333747,2008536337920,727506505728,0,0,0,0,0,0,0,0,0,0,0,0,0,0,0,0,0,0,0,0,0,0,0,0,0,0,0,0,0,0,0,0,0,0,0,0,0,0,0,0,0,0,0,0,0,0,0,0,0,0,0,0,0,0,0,0,0,0,405315,122745406,40612255,0,0,0,0,0,0,0,0,0,0,0,0,0,0,0,0,0,0,0,0,0,0,0,0,0,0,0,0,0,0,0,0,0,0,0,0,0,2146516992,635502592,131013,38788,0,59,131072,122599464,0,0,1171264081,2147483648,96789730,128461304,0,0,0,0,0,0,0,0,0,0,0,0,0,0,0,0,0,0,7453094,7453208,0,97,97,6262,329,14906229,35,0,0,0,0,0,0,0,1,0,0,0,0,0,0,0,0,0,0,8383322,0,12396319,109505,0,0,0,0,0,0,0,0,16384,0,0,0,0,0,0,0,0,0,0,0,2933,345,0,0,0,0,0,22660029,0,605,1,47,345,2933,0,0,0,0,0,0,0,0,0,0,0,0,0,0,0,0,0,0,0,0,0,0,0,0,0,0,0,0,0,0,0,0,0,0,0,0,0,0,0,0,0,0,0,0,0,0,0,0,0,0,0,0,0,103500547,0,0,0,111450760,0,0,0,0,0,0,0,74167400,122652388,172120968,53589041664,44149689,0,0,0,0,0,0,0,0,0,0,0,0,0,0,0,0,0,0,0,0,0,0,0,0,0,0,0,0,0,0,0,51996080,0,0,0,0,0,0,0
1789620942.568,0,0,0,0,0,0,0,232358017,2008852041216,727578842112,0,0,0,0,0,0,0,0,0,0,0,0,0,0,0,0,0,0,0,0,0,0,0,0,0,0,0,0,0,0,0,0,0,0,0,0,0,0,0,0,0,0,0,0,0,0,0,0,0,0,0,0,0,0,0,0,0,0,405356,122764698,40616513,0,0,0,0,0,0,0,0,0,0,0,0,0,0,0,0,0,0,0,0,0,0,0,0,0,0,0,0,0,0,0,0,0,0,0,0,0,2146451456,643203072,131009,39258,0,63,131072,122618740,0,0,1171391109,2147483648,96808622,128473872,0,0,0,0,0,0,0,0,0,0,0,0,0,0,0,0,0,0,7453900,7454012,0,97,97,6262,329,14907832,35,0,0,0,0,0,0,0,1,0,0,0,0,0,0,0,0,0,0,8384229,0,12396319,109505,0,0,0,0,0,0,0,0,16384,0,0,0,0,0,0,0,0,0,0,0,2934,345,0,0,0,0,0,22662477,0,605,1,47,345,2934,0,0,0,0,0,0,0,0,0,0,0,0,0,0,0,0,0,0,0,0,0,0,0,0,0,0,0,0,0,0,0,0,0,0,0,0,0,0,0,0,0,0,0,0,0,0,0,0,0,0,0,0,0,103503142,0,0,0,111462120,0,0,0,0,0,0,0,74173222,122671674,172132076,53590843392,44151259,0,0,0,0,0,0,0,0,0,0,0,0,0,0,0,0,0,0,0,0,0,0,0,0,0,0,0,0,0,0,0,51996885,0,0,0,0,0,0,0
1789620943.595,0,0,0,0,0,0,0,232381453,2009155948032,727675003904,0,0,0,0,0,0,0,0,0,0,0,0,0,0,0,0,0,0,0,0,0,0,0,0,0,0,0,0,0,0,0,0,0,0,0,0,0,0,0,0,0,0,0,0,0,0,0,0,0,0,0,0,0,0,0,0,0,0,405401,122783271,40622197,0,0,0,0,0,0,0,0,0,0,0,0,0,0,0,0,0,0,0,0,0,0,0,0,0,0,0,0,0,0,0,0,0,0,0,0,0,2146271232,624230400,130998,38100,0,74,131072,122637296,0,0,1171514365,2147483648,96826257,128486062,0,0,0,0,0,0,0,0,0,0,0,0,0,0,0,0,0,0,7454684,7454795,0,97,97,6262,329,14909402,35,0,0,0,0,0,0,0,1,0,0,0,0,0,0,0,0,0,0,8385108,0,12397771,109517,0,0,0,0,0,0,0,0,16384,0,0,0,0,0,0,0,0,0,0,0,2935,345,0,0,0,0,0,22664853,0,605,1,47,345,2935,0,0,0,0,0,0,0,0,0,0,0,0,0,0,0,0,0,0,0,0,0,0,0,0,0,0,0,0,0,0,0,0,0,0,0,0,0,0,0,0,0,0,0,0,0,0,0,0,0,0,0,0,0,103506167,0,0,0,111473116,0,0,0,0,0,0,0,74179631,122690237,172145036,53592855552,44153215,0,0,0,0,0,0,0,0,0,0,0,0,0,0,0,0,0,0,0,0,0,0,0,0,0,0,0,0,0,0,0,51997666,0,0,0,0,0,0,0
1789620944.622,0,0,0,0,0,0,0,232405304,2009464163840,727750642176,0,0,0,0,0,0,0,0,0,0,0,0,0,0,0,0,0,0,0,0,0,0,0,0,0,0,0,0,0,0,0,0,0,0,0,0,0,0,0,0,0,0,0,0,0,0,0,0,0,0,0,0,0,0,0,0,0,0,405456,122802107,40626504,0,0,0,0,0,0,0,0,0,0,0,0,0,0,0,0,0,0,0,0,0,0,0,0,0,0,0,0,0,0,0,0,0,0,0,0,0,2146549760,629669888,131015,38432,0,57,131072,122656118,0,0,1171640460,2147483648,96844685,128498390,0,0,0,0,0,0,0,0,0,0,0,0,0,0,0,0,0,0,7455450,7455563,0,97,97,6262,329,14910954,35,0,0,0,0,0,0,0,1,0,0,0,0,0,0,0,0,0,0,8385973,0,12397771,109517,0,0,0,0,0,0,0,0,16384,0,0,0,0,0,0,0,0,0,0,0,2936,345,0,0,0,0,0,22667190,0,605,1,47,345,2936,0,0,0,0,0,0,0,0,0,0,0,0,0,0,0,0,0,0,0,0,0,0,0,0,0,0,0,0,0,0,0,0,0,0,0,0,0,0,0,0,0,0,0,0,0,0,0,0,0,0,0,0,0,103513977,0,0,0,111484178,0,0,0,0,0,0,0,74189496,122709062,172161434,53597060608,44158779,0,0,0,0,0,0,0,0,0,0,0,0,0,0,0,0,0,0,0,0,0,0,0,0,0,0,0,0,0,0,0,51998435,0,0,0,0,0,0,0
1789620945.649,0,0,0,0,0,0,0,232432233,2009814633984,727837423104,0,0,0,0,0,0,0,0,0,0,0,0,0,0,0,0,0,0,0,0,0,0,0,0,0,0,0,0,0,0,0,0,0,0,0,0,0,0,0,0,0,0,0,0,0,0,0,0,0,0,0,0,0,0,0,0,0,0,405549,122823535,40631375,0,0,0,0,0,0,0,0,0,0,0,0,0,0,0,0,0,0,0,0,0,0,0,0,0,0,0,0,0,0,0,0,0,0,0,0,0,2146385920,639352832,131005,39023,0,67,131072,122677525,0,0,1171781440,2147483648,96865514,128513031,0,0,0,0,0,0,0,0,0,0,0,0,0,0,0,0,0,0,7456347,7456461,0,97,97,6262,329,14912731,35,0,0,0,0,0,0,0,1,0,0,0,0,0,0,0,0,0,0,8386984,0,12397899,109518,0,0,0,0,0,0,0,0,16384,0,0,0,0,0,0,0,0,0,0,0,2937,345,0,0,0,0,0,22669931,0,605,1,47,345,2937,0,0,0,0,0,0,0,0,0,0,0,0,0,0,0,0,0,0,0,0,0,0,0,0,0,0,0,0,0,0,0,0,0,0,0,0,0,0,0,0,0,0,0,0,0,0,0,0,0,0,0,0,0,103525095,0,0,0,111496934,0,0,0,0,0,0,0,74201959,122730478,172182163,53602899968,44166497,0,1,0,0,0,0,0,0,0,0,0,0,0,0,0,0,0,0,0,0,0,0,0,0,0,0,0,0,0,0,0,51999333,0,0,0,0,0,0,0
1789620946.675,0,0,0,0,0,0,0,232453835,2010095914496,727902791168,0,0,0,0,0,0,0,0,0,0,0,0,0,0,0,0,0,0,0,0,0,0,0,0,0,0,0,0,0,0,0,0,0,0,0,0,0,0,0,0,0,0,0,0,0,0,0,0,0,0,0,0,0,0,0,0,0,0,405574,122840726,40635196,0,0,0,0,0,0,0,0,0,0,0,0,0,0,0,0,0,0,0,0,0,0,0,0,0,0,0,0,0,0,0,0,0,0,0,0,0,2146418688,644644864,131007,39346,0,65,131072,122694706,0,0,1171894459,2147483648,96882339,128523982,0,0,0,0,0,0,0,0,0,0,0,0,0,0,0,0,0,0,7457053,7457167,0,97,97,6262,329,14914146,35,0,0,0,0,0,0,0,1,0,0,0,0,0,0,0,0,0,0,8387777,0,12397899,109518,0,0,0,0,0,0,0,0,16384,0,0,0,0,0,0,0,0,0,0,0,2938,345,0,0,0,0,0,22672072,0,605,1,47,345,2938,0,0,0,0,0,0,0,0,0,0,0,0,0,0,0,0,0,0,0,0,0,0,0,0,0,0,0,0,0,0,0,0,0,0,0,0,0,0,0,0,0,0,0,0,0,0,0,0,0,0,0,0,0,103528414,0,0,0,111506941,0,0,0,0,0,0,0,74208005,122747665,172193106,53604951552,44168731,0,0,0,0,0,0,0,0,0,0,0,0,0,0,0,0,0,0,0,0,0,0,0,0,0,0,0,0,0,0,0,52000039,0,0,0,0,0,0,0
1789620947.702,0,0,0,0,0,0,0,232477382,2010401279488,727998638592,0,0,0,0,0,0,0,0,0,0,0,0,0,0,0,0,0,0,0,0,0,0,0,0,0,0,0,0,0,0,0,0,0,0,0,0,0,0,0,0,0,0,0,0,0,0,0,0,0,0,0,0,0,0,0,0,0,0,405597,122859381,40640882,0,0,0,0,0,0,0,0,0,0,0,0,0,0,0,0,0,0,0,0,0,0,0,0,0,0,0,0,0,0,0,0,0,0,0,0,0,2146271232,626556928,130999,38243,0,73,131072,122713342,0,0,1172017685,2147483648,96899946,128536136,0,0,0,0,0,0,0,0,0,0,0,0,0,0,0,0,0,0,7457845,7457959,0,97,97,6262,329,14915727,35,0,0,0,0,0,0,0,1,0,0,0,0,0,0,0,0,0,0,8388669,0,12399361,109530,0,0,0,0,0,0,0,0,16384,0,0,0,0,0,0,0,0,0,0,0,2940,346,0,0,0,0,0,22674474,0,616,1,47,346,2940,0,0,0,0,1,0,0,0,0,0,0,0,0,0,0,0,0,0,0,0,0,0,0,0,0,0,0,0,0,0,0,0,0,0,0,0,0,0,0,0,0,0,0,0,0,0,0,0,0,0,0,0,0,103530883,0,0,0,111518069,0,0,0,0,0,0,0,74213970,122766315,172205497,53606689792,44170247,0,0,0,0,0,0,0,0,0,0,0,0,0,0,0,0,0,0,0,0,0,0,0,0,0,0,0,0,0,0,0,52000832,0,0,0,0,0,0,0
1789620948.730,0,0,0,0,0,0,0,232499132,2010686557696,728065461248,0,0,0,0,0,0,0,0,0,0,0,0,0,0,0,0,0,0,0,0,0,0,0,0,0,0,0,0,0,0,0,0,0,0,0,0,0,0,0,0,0,0,0,0,0,0,0,0,0,0,0,0,0,0,0,0,0,0,405636,122876811,40644810,0,0,0,0,0,0,0,0,0,0,0,0,0,0,0,0,0,0,0,0,0,0,0,0,0,0,0,0,0,0,0,0,0,0,0,0,0,2146254848,630636544,130997,38491,0,75,131072,122730759,0,0,1172133614,2147483648,96917002,128547336,0,0,0,0,0,0,0,0,0,0,0,0,0,0,0,0,0,0,7458566,7458680,0,97,97,6262,329,14917177,35,0,0,0,0,0,0,0,1,0,0,0,0,0,0,0,0,0,0,8389480,0,12399361,109530,0,0,0,0,0,0,0,0,16384,0,0,0,0,0,0,0,0,0,0,0,2941,346,0,0,0,0,0,22676670,0,616,1,47,346,2941,0,0,0,0,0,0,0,0,0,0,0,0,0,0,0,0,0,0,0,0,0,0,0,0,0,0,0,0,0,0,0,0,0,0,0,0,0,0,0,0,0,0,0,0,0,0,0,0,0,0,0,0,0,103533319,0,0,0,111528201,0,0,0,0,0,0,0,74219386,122783733,172215778,53608347136,44171740,0,0,0,0,0,0,0,0,0,0,0,0,0,0,0,0,0,0,0,0,0,0,0,0,0,0,0,0,0,0,0,52001553,0,0,0,0,0,0,0
1789620949.756,0,0,0,0,0,0,0,232521706,2010979241472,728135737344,0,0,0,0,0,0,0,0,0,0,0,0,0,0,0,0,0,0,0,0,0,0,0,0,0,0,0,0,0,0,0,0,0,0,0,0,0,0,0,0,0,0,0,0,0,0,0,0,0,0,0,0,0,0,0,0,0,0,405673,122894702,40648950,0,0,0,0,0,0,0,0,0,0,0,0,0,0,0,0,0,0,0,0,0,0,0,0,0,0,0,0,0,0,0,0,0,0,0,0,0,2146205696,636764160,130994,38865,0,78,131072,122748639,0,0,1172251391,2147483648,96934391,128559107,0,0,0,0,0,0,0,0,0,0,0,0,0,0,0,0,0,0,7459306,7459418,0,97,97,6262,329,14918644,35,0,0,0,0,0,0,0,1,0,0,0,0,0,0,0,0,0,0,8390309,0,12399489,109531,0,0,0,0,0,0,0,0,16384,0,0,0,0,0,0,0,0,0,0,0,2942,346,0,0,0,0,0,22678913,0,616,1,47,346,2942,0,0,0,0,0,0,0,0,0,0,0,0,0,0,0,0,0,0,0,0,0,0,0,0,0,0,0,0,0,0,0,0,0,0,0,0,0,0,0,0,0,0,0,0,0,0,0,0,0,0,0,0,0,103535729,0,0,0,111538766,0,0,0,0,0,0,0,74224892,122801621,172226325,53610055168,44173241,0,0,0,0,0,0,0,0,0,0,0,0,0,0,0,0,0,0,0,0,0,0,0,0,0,0,0,0,0,0,0,52002290,0,0,0,0,0,0,0
1789620950.782,0,0,0,0,0,0,0,232546310,2011300285952,728209362944,0,0,0,0,0,0,0,0,0,0,0,0,0,0,0,0,0,0,0,0,0,0,0,0,0,0,0,0,0,0,0,0,0,0,0,0,0,0,0,0,0,0,0,0,0,0,0,0,0,0,0,0,0,0,0,0,0,0,405711,122914319,40653272,0,0,0,0,0,0,0,0,0,0,0,0,0,0,0,0,0,0,0,0,0,0,0,0,0,0,0,0,0,0,0,0,0,0,0,0,0,2146369536,646791168,131004,39477,0,68,131072,122768236,0,0,1172380076,2147483648,96953568,128571930,0,0,0,0,0,0,0,0,0,0,0,0,0,0,0,0,0,0,7460110,7460223,0,97,97,6262,329,14920265,35,0,0,0,0,0,0,0,1,0,0,0,0,0,0,0,0,0,0,8391215,0,12399489,109531,0,0,0,0,0,0,0,0,16384,0,0,0,0,0,0,0,0,0,0,0,2943,346,0,0,0,0,0,22681350,0,616,1,47,346,2943,0,0,0,0,0,0,0,0,0,0,0,0,0,0,0,0,0,0,0,0,0,0,0,0,0,0,0,0,0,0,0,0,0,0,0,0,0,0,0,0,0,0,0,0,0,0,0,0,0,0,0,0,0,103538253,0,0,0,111550315,0,0,0,0,0,0,0,74230783,122821225,172237501,53611876352,44174804,0,0,0,0,0,0,0,0,0,0,0,0,0,0,0,0,0,0,0,0,0,0,0,0,0,0,0,0,0,0,0,52003094,0,0,0,0,0,0,0
1789620951.808,0,0,0,0,0,0,0,232570950,2011620314624,728307461120,0,0,0,0,0,0,0,0,0,0,0,0,0,0,0,0,0,0,0,0,0,0,0,0,0,0,0,0,0,0,0,0,0,0,0,0,0,0,0,0,0,0,0,0,0,0,0,0,0,0,0,0,0,0,0,0,0,0,405757,122933880,40659084,0,0,0,0,0,0,0,0,0,0,0,0,0,0,0,0,0,0,0,0,0,0,0,0,0,0,0,0,0,0,0,0,0,0,0,0,0,2146238464,631078912,130996,38518,0,77,131072,122787786,0,0,1172508908,2147483648,96972204,128584756,0,0,0,0,0,0,0,0,0,0,0,0,0,0,0,0,0,0,7460932,7461047,0,97,97,6262,329,14921884,35,0,0,0,0,0,0,0,1,0,0,0,0,0,0,0,0,0,0,8392141,0,12400914,109543,0,0,0,0,0,0,0,0,16384,0,0,0,0,0,0,0,0,0,0,0,2944,346,0,0,0,0,0,22683851,0,616,1,47,346,2944,0,0,0,0,0,0,0,0,0,0,0,0,0,0,0,0,0,0,0,0,0,0,0,0,0,0,0,0,0,0,0,0,0,0,0,0,0,0,0,0,0,0,0,0,0,0,0,0,0,0,0,0,0,103540828,0,0,0,111561863,0,0,0,0,0,0,0,74236996,122840789,172250298,53613698048,44176402,0,0,0,0,0,0,0,0,0,0,0,0,0,0,0,0,0,0,0,0,0,0,0,0,0,0,0,0,0,0,0,52003919,0,0,0,0,0,0,0
1789620952.835,0,0,0,0,0,0,0,232593669,2011915980288,728378294272,0,0,0,0,0,0,0,0,0,0,0,0,0,0,0,0,0,0,0,0,0,0,0,0,0,0,0,0,0,0,0,0,0,0,0,0,0,0,0,0,0,0,0,0,0,0,0,0,0,0,0,0,0,0,0,0,0,0,405802,122951956,40663248,0,0,0,0,0,0,0,0,0,0,0,0,0,0,0,0,0,0,0,0,0,0,0,0,0,0,0,0,0,0,0,0,0,0,0,0,0,2146304000,634191872,131000,38708,0,72,131072,122805853,0,0,1172628647,2147483648,96989901,128596510,0,0,0,0,0,0,0,0,0,0,0,0,0,0,0,0,0,0,7461676,7461790,0,97,97,6262,329,14923394,35,0,0,0,0,0,0,0,1,0,0,0,0,0,0,0,0,0,0,8392979,0,12400914,109543,0,0,0,0,0,0,0,0,16384,0,0,0,0,0,0,0,0,0,0,0,2945,346,0,0,0,0,0,22686106,0,616,1,47,346,2945,0,0,0,0,0,0,0,0,0,0,0,0,0,0,0,0,0,0,0,0,0,0,0,0,0,0,0,0,0,0,0,0,0,0,0,0,0,0,0,0,0,0,0,0,0,0,0,0,0,0,0,0,0,103543295,0,0,0,111572469,0,0,0,0,0,0,0,74242690,122858846,172261084,53615420928,44177935,0,0,0,0,0,0,0,0,0,0,0,0,0,0,0,0,0,0,0,0,0,0,0,0,0,0,0,0,0,0,0,52004663,0,0,0,0,0,0,0
1789620953.861,0,0,0,0,0,0,0,232616832,2012218805760,728452938240,0,0,0,0,0,0,0,0,0,0,0,0,0,0,0,0,0,0,0,0,0,0,0,0,0,0,0,0,0,0,0,0,0,0,0,0,0,0,0,0,0,0,0,0,0,0,0,0,0,0,0,0,0,0,0,0,0,0,405842,122970460,40667563,0,0,0,0,0,0,0,0,0,0,0,0,0,0,0,0,0,0,0,0,0,0,0,0,0,0,0,0,0,0,0,0,0,0,0,0,0,2146369536,636895232,131004,38873,0,68,131072,122824343,0,0,1172751522,2147483648,97007856,128608447,0,0,0,0,0,0,0,0,0,0,0,0,0,0,0,0,0,0,7462447,7462560,0,97,97,6262,329,14924932,35,0,0,0,0,0,0,0,1,0,0,0,0,0,0,0,0,0,0,8393846,0,12401042,109544,0,0,0,0,0,0,0,0,16384,0,0,0,0,0,0,0,0,0,0,0,2946,346,0,0,0,0,0,22688445,0,616,1,47,346,2946,0,0,0,0,0,0,0,0,0,0,0,0,0,0,0,0,0,0,0,0,0,0,0,0,0,0,0,0,0,0,0,0,0,0,0,0,0,0,0,0,0,0,0,0,0,0,0,0,0,0,0,0,0,103548738,0,0,0,111583286,0,0,0,0,0,0,0,74250597,122877351,172275013,53618530816,44181662,1,0,0,0,0,0,0,0,0,0,0,0,0,0,0,0,0,0,0,0,0,0,0,0,0,0,0,0,0,0,0,52005432,0,0,0,0,0,0,0
1789620954.888,0,0,0,0,0,0,0,232639525,2012511964672,728523194880,0,0,0,0,0,0,0,0,0,0,0,0,0,0,0,0,0,0,0,0,0,0,0,0,0,0,0,0,0,0,0,0,0,0,0,0,0,0,0,0,0,0,0,0,0,0,0,0,0,0,0,0,0,0,0,0,0,0,405892,122988382,40671603,0,0,0,0,0,0,0,0,0,0,0,0,0,0,0,0,0,0,0,0,0,0,0,0,0,0,0,0,0,0,0,0,0,0,0,0,0,2146222080,645201920,130995,39380,0,77,131072,122842255,0,0,1172869786,2147483648,97025439,128620394,0,0,0,0,0,0,0,0,0,0,0,0,0,0,0,0,0,0,7463189,7463305,0,97,97,6262,329,14926408,35,0,0,0,0,0,0,0,1,0,0,0,0,0,0,0,0,0,0,8394684,0,12401042,109544,0,0,0,0,0,0,0,0,16384,0,0,0,0,0,0,0,0,0,0,0,2947,346,0,0,0,0,0,22690715,0,616,1,47,346,2947,0,0,0,0,0,0,0,0,0,0,0,0,0,0,0,0,0,0,0,0,0,0,0,0,0,0,0,0,0,0,0,0,0,0,0,0,0,0,0,0,0,0,0,0,0,0,0,0,0,0,0,0,0,103554330,0,0,0,111593897,0,0,0,0,0,0,0,74258552,122895255,172288674,53621720064,44185581,0,0,0,0,0,0,0,0,0,0,0,0,0,0,0,0,0,0,0,0,0,0,0,0,0,0,0,0,0,0,0,52006179,0,0,0,0,0,0,0
1789620955.916,0,0,0,0,0,0,0,232663528,2012823801344,728617534464,0,0,0,0,0,0,0,0,0,0,0,0,0,0,0,0,0,0,0,0,0,0,0,0,0,0,0,0,0,0,0,0,0,0,0,0,0,0,0,0,0,0,0,0,0,0,0,0,0,0,0,0,0,0,0,0,0,0,405935,123007453,40677195,0,0,0,0,0,0,0,0,0,0,0,0,0,0,0,0,0,0,0,0,0,0,0,0,0,0,0,0,0,0,0,0,0,0,0,0,0,2146451456,632029184,131009,38576,0,63,131072,122861307,0,0,1172995404,2147483648,97043606,128632962,0,0,0,0,0,0,0,0,0,0,0,0,0,0,0,0,0,0,7463974,7464084,0,97,97,6262,329,14927989,35,0,0,0,0,0,0,0,1,0,0,0,0,0,0,0,0,0,0,8395562,0,12402492,109556,0,0,0,0,0,0,0,0,16384,0,0,0,0,0,0,0,0,0,0,0,2948,346,0,0,0,0,0,22693081,0,616,1,47,346,2948,0,0,0,0,0,0,0,0,0,0,0,0,0,0,0,0,0,0,0,0,0,0,0,0,0,0,0,0,0,0,0,0,0,0,0,0,0,0,0,0,0,0,0,0,0,0,0,0,0,0,0,0,0,103556826,0,0,0,111605216,0,0,0,0,0,0,0,74264438,122914309,172300917,53623489024,44187116,0,0,0,0,0,0,0,0,0,0,0,0,0,0,0,0,0,0,0,0,0,0,0,0,0,0,0,0,0,0,0,52006959,0,0,0,0,0,0,0
1789620956.942,0,0,0,0,0,0,0,232686055,2013116632576,728685405696,0,0,0,0,0,0,0,0,0,0,0,0,0,0,0,0,0,0,0,0,0,0,0,0,0,0,0,0,0,0,0,0,0,0,0,0,0,0,0,0,0,0,0,0,0,0,0,0,0,0,0,0,0,0,0,0,0,0,405976,123025352,40681183,0,0,0,0,0,0,0,0,0,0,0,0,0,0,0,0,0,0,0,0,0,0,0,0,0,0,0,0,0,0,0,0,0,0,0,0,0,2146500608,638238720,131012,38955,0,60,131072,122879188,0,0,1173113751,2147483648,97061120,128644620,0,0,0,0,0,0,0,0,0,0,0,0,0,0,0,0,0,0,7464718,7464830,0,97,97,6262,329,14929476,35,0,0,0,0,0,0,0,1,0,0,0,0,0,0,0,0,0,0,8396401,0,12402492,109556,0,0,0,0,0,0,0,0,16384,0,0,0,0,0,0,0,0,0,0,0,2949,346,0,0,0,0,0,22695347,0,616,1,47,346,2949,0,0,0,0,0,0,0,0,0,0,0,0,0,0,0,0,0,0,0,0,0,0,0,0,0,0,0,0,0,0,0,0,0,0,0,0,0,0,0,0,0,0,0,0,0,0,0,0,0,0,0,0,0,103559245,0,0,0,111615747,0,0,0,0,0,0,0,74269910,122932210,172311308,53625171968,44188601,0,0,0,0,0,0,0,0,0,0,0,0,0,0,0,0,0,0,0,0,0,0,0,0,0,0,0,0,0,0,0,52007705,0,0,0,0,0,0,0
1789620957.970,0,0,0,0,0,0,0,232709713,2013424356864,728760771072,0,0,0,0,0,0,0,0,0,0,0,0,0,0,0,0,0,0,0,0,0,0,0,0,0,0,0,0,0,0,0,0,0,0,0,0,0,0,0,0,0,0,0,0,0,0,0,0,0,0,0,0,0,0,0,0,0,0,406029,123044169,40685609,0,0,0,0,0,0,0,0,0,0,0,0,0,0,0,0,0,0,0,0,0,0,0,0,0,0,0,0,0,0,0,0,0,0,0,0,0,2146385920,642285568,131005,39202,0,67,131072,122897989,0,0,1173239197,2147483648,97079416,128657033,0,0,0,0,0,0,0,0,0,0,0,0,0,0,0,0,0,0,7465499,7465608,0,97,97,6262,329,14931037,35,0,0,0,0,0,0,0,1,0,0,0,0,0,0,0,0,0,0,8397276,0,12402620,109557,0,0,0,0,0,0,0,0,16384,0,0,0,0,0,0,0,0,0,0,0,2950,346,0,0,0,0,0,22697704,0,616,1,47,346,2950,0,0,0,0,0,0,0,0,0,0,0,0,0,0,0,0,0,0,0,0,0,0,0,0,0,0,0,0,0,0,0,0,0,0,0,0,0,0,0,0,0,0,0,0,0,0,0,0,0,0,0,0,0,103561708,0,0,0,111626806,0,0,0,0,0,0,0,74275762,122951017,172322509,53626954752,44190147,0,0,0,0,0,0,0,0,0,0,0,0,0,0,0,0,0,0,0,0,0,0,0,0,0,0,0,0,0,0,0,52008483,0,0,0,0,0,0,0
1789620958.997,0,0,0,0,0,0,0,232733046,2013728001536,728832894976,0,0,0,0,0,0,0,0,0,0,0,0,0,0,0,0,0,0,0,0,0,0,0,0,0,0,0,0,0,0,0,0,0,0,0,0,0,0,0,0,0,0,0,0,0,0,0,0,0,0,0,0,0,0,0,0,0,0,406072,123062733,40689851,0,0,0,0,0,0,0,0,0,0,0,0,0,0,0,0,0,0,0,0,0,0,0,0,0,0,0,0,0,0,0,0,0,0,0,0,0,2146156544,649904128,130991,39667,0,81,131072,122916543,0,0,1173361103,2147483648,97097602,128669336,0,0,0,0,0,0,0,0,0,0,0,0,0,0,0,0,0,0,7466269,7466380,0,97,97,6262,329,14932576,35,0,0,0,0,0,0,0,1,0,0,0,0,0,0,0,0,0,0,8398145,0,12402620,109557,0,0,0,0,0,0,0,0,16384,0,0,0,0,0,0,0,0,0,0,0,2951,346,0,0,0,0,0,22700062,0,616,1,47,346,2951,0,0,0,0,0,0,0,0,0,0,0,0,0,0,0,0,0,0,0,0,0,0,0,0,0,0,0,0,0,0,0,0,0,0,0,0,0,0,0,0,0,0,0,0,0,0,0,0,0,0,0,0,0,103564187,0,0,0,111637842,0,0,0,0,0,0,0,74281532,122969575,172333463,53628718080,44191678,0,0,0,0,0,0,0,0,0,0,0,0,0,0,0,0,0,0,0,0,0,0,0,0,0,0,0,0,0,0,0,52009255,0,0,0,0,0,0,0
1789620960.024,0,0,0,0,0,0,0,232757633,2014046342656,728929153024,0,0,0,0,0,0,0,0,0,0,0,0,0,0,0,0,0,0,0,0,0,0,0,0,0,0,0,0,0,0,0,0,0,0,0,0,0,0,0,0,0,0,0,0,0,0,0,0,0,0,0,0,0,0,0,0,0,0,406115,123082188,40695560,0,0,0,0,0,0,0,0,0,0,0,0,0,0,0,0,0,0,0,0,0,0,0,0,0,0,0,0,0,0,0,0,0,0,0,0,0,2146369536,635715584,131004,38801,0,68,131072,122935980,0,0,1173489297,2147483648,97116074,128682086,0,0,0,0,0,0,0,0,0,0,0,0,0,0,0,0,0,0,7467073,7467187,0,97,97,6262,329,14934173,35,0,0,0,0,0,0,0,1,0,0,0,0,0,0,0,0,0,0,8399052,0,12404054,109569,0,0,0,0,0,0,0,0,16384,0,0,0,0,0,0,0,0,0,0,0,2952,346,0,0,0,0,0,22702516,0,616,1,47,346,2952,0,0,0,0,0,0,0,0,0,0,0,0,0,0,0,0,0,0,0,0,0,0,0,0,0,0,0,0,0,0,0,0,0,0,0,0,0,0,0,0,0,0,0,0,0,0,0,0,0,0,0,0,0,103566708,0,0,0,111649278,0,0,0,0,0,0,0,74287586,122989019,172345967,53630558208,44193242,1,0,0,0,0,0,0,0,0,0,0,0,0,0,0,0,0,0,0,0,0,0,0,0,0,0,0,0,0,0,0,52010062,0,0,0,0,0,0,0
1789620961.050,0,0,0,0,0,0,0,232780071,2014337355264,728998749184,0,0,0,0,0,0,0,0,0,0,0,0,0,0,0,0,0,0,0,0,0,0,0,0,0,0,0,0,0,0,0,0,0,0,0,0,0,0,0,0,0,0,0,0,0,0,0,0,0,0,0,0,0,0,0,0,0,0,406159,123099971,40699661,0,0,0,0,0,0,0,0,0,0,0,0,0,0,0,0,0,0,0,0,0,0,0,0,0,0,0,0,0,0,0,0,0,0,0,0,0,2146189312,639959040,130993,39060,0,79,131072,122953749,0,0,1173607449,2147483648,97133487,128693767,0,0,0,0,0,0,0,0,0,0,0,0,0,0,0,0,0,0,7467822,7467934,0,97,97,6262,329,14935682,35,0,0,0,0,0,0,0,1,0,0,0,0,0,0,0,0,0,0,8399892,0,12404054,109569,0,0,0,0,0,0,0,0,16384,0,0,0,0,0,0,0,0,0,0,0,2953,346,0,0,0,0,0,22704787,0,616,1,47,346,2953,0,0,0,0,0,0,0,0,0,0,0,0,0,0,0,0,0,0,0,0,0,0,0,0,0,0,0,0,0,0,0,0,0,0,0,0,0,0,0,0,0,0,0,0,0,0,0,0,0,0,0,0,0,103569161,0,0,0,111659840,0,0,0,0,0,0,0,74293183,123006791,172356594,53632261120,44194751,0,0,0,0,0,0,0,0,0,0,0,0,0,0,0,0,0,0,0,0,0,0,0,0,0,0,0,0,0,0,0,52010808,0,0,0,0,0,0,0
1789620962.077,0,0,0,0,0,0,0,232804189,2014651993600,729075919360,0,0,0,0,0,0,0,0,0,0,0,0,0,0,0,0,0,0,0,0,0,0,0,0,0,0,0,0,0,0,0,0,0,0,0,0,0,0,0,0,0,0,0,0,0,0,0,0,0,0,0,0,0,0,0,0,0,0,406202,123119188,40704202,0,0,0,0,0,0,0,0,0,0,0,0,0,0,0,0,0,0,0,0,0,0,0,0,0,0,0,0,0,0,0,0,0,0,0,0,0,2146222080,642957312,130995,39243,0,77,131072,122972954,0,0,1173734753,2147483648,97152094,128706239,0,0,0,0,0,0,0,0,0,0,0,0,0,0,0,0,0,0,7468612,7468727,0,97,97,6262,329,14937260,35,0,0,0,0,0,0,0,1,0,0,0,0,0,0,0,0,0,0,8400785,0,12404182,109570,0,0,0,0,0,0,0,0,16384,0,0,0,0,0,0,0,0,0,0,0,2954,346,0,0,0,0,0,22707215,0,616,1,47,346,2954,0,0,0,0,0,0,0,0,0,0,0,0,0,0,0,0,0,0,0,0,0,0,0,0,0,0,0,0,0,0,0,0,0,0,0,0,0,0,0,0,0,0,0,0,0,0,0,0,0,0,0,0,0,103571660,0,0,0,111671090,0,0,0,0,0,0,0,74299140,123026007,172368056,53634036224,44196293,0,0,0,0,0,0,0,0,0,0,0,0,0,0,0,0,0,0,0,0,0,0,0,0,0,0,0,0,0,0,0,52011602,0,0,0,0,0,0,0
1789620963.104,0,0,0,0,0,0,0,232827227,2014950985216,729168864256,0,0,0,0,0,0,0,0,0,0,0,0,0,0,0,0,0,0,0,0,0,0,0,0,0,0,0,0,0,0,0,0,0,0,0,0,0,0,0,0,0,0,0,0,0,0,0,0,0,0,0,0,0,0,0,0,0,0,406242,123137473,40709711,0,0,0,0,0,0,0,0,0,0,0,0,0,0,0,0,0,0,0,0,0,0,0,0,0,0,0,0,0,0,0,0,0,0,0,0,0,2146254848,629243904,130997,38406,0,75,131072,122991222,0,0,1173855021,2147483648,97169297,128718251,0,0,0,0,0,0,0,0,0,0,0,0,0,0,0,0,0,0,7469366,7469477,0,97,97,6262,329,14938760,35,0,0,0,0,0,0,0,1,0,0,0,0,0,0,0,0,0,0,8401628,0,12405621,109582,0,0,0,0,0,0,0,0,16384,0,0,0,0,0,0,0,0,0,0,0,2955,346,0,0,0,0,0,22709500,0,616,1,47,346,2955,0,0,0,0,0,0,0,0,0,0,0,0,0,0,0,0,0,0,0,0,0,0,0,0,0,0,0,0,0,0,0,0,0,0,0,0,0,0,0,0,0,0,0,0,0,0,0,0,0,0,0,0,0,103574087,0,0,0,111681835,0,0,0,0,0,0,0,74304929,123044275,172380074,53635732992,44197791,0,0,0,0,0,0,0,0,0,0,0,0,0,0,0,0,0,0,0,0,0,0,0,0,0,0,0,0,0,0,0,52012352,0,0,0,0,0,0,0
1789620964.131,0,0,0,0,0,0,0,232852043,2015272537600,729242957312,0,0,0,0,0,0,0,0,0,0,0,0,0,0,0,0,0,0,0,0,0,0,0,0,0,0,0,0,0,0,0,0,0,0,0,0,0,0,0,0,0,0,0,0,0,0,0,0,0,0,0,0,0,0,0,0,0,0,406293,123157127,40714067,0,0,0,0,0,0,0,0,0,0,0,0,0,0,0,0,0,0,0,0,0,0,0,0,0,0,0,0,0,0,0,0,0,0,0,0,0,2146418688,638681088,131006,38982,0,66,131072,123010861,0,0,1173984967,2147483648,97188487,128731263,0,0,0,0,0,0,0,0,0,0,0,0,0,0,0,0,0,0,7470180,7470291,0,97,97,6262,329,14940401,35,0,0,0,0,0,0,0,1,0,0,0,0,0,0,0,0,0,0,8402543,0,12405621,109582,0,0,0,0,0,0,0,0,16384,0,0,0,0,0,0,0,0,0,0,0,2956,346,0,0,0,0,0,22711967,0,616,1,47,346,2956,0,0,0,0,0,0,0,0,0,0,0,0,0,0,0,0,0,0,0,0,0,0,0,0,0,0,0,0,0,0,0,0,0,0,0,0,0,0,0,0,0,0,0,0,0,0,0,0,0,0,0,0,0,103576637,0,0,0,111693507,0,0,0,0,0,0,0,74310847,123063929,172391321,53637598208,44199361,0,0,0,0,0,0,0,0,0,0,0,0,0,0,0,0,0,0,0,0,0,0,0,0,0,0,0,0,0,0,0,52013164,0,0,0,0,0,0,0
1789620965.157,0,0,0,0,0,0,0,232873336,2015551081984,729311665664,0,0,0,0,0,0,0,0,0,0,0,0,0,0,0,0,0,0,0,0,0,0,0,0,0,0,0,0,0,0,0,0,0,0,0,0,0,0,0,0,0,0,0,0,0,0,0,0,0,0,0,0,0,0,0,0,0,0,406331,123174145,40718017,0,0,0,0,0,0,0,0,0,0,0,0,0,0,0,0,0,0,0,0,0,0,0,0,0,0,0,0,0,0,0,0,0,0,0,0,0,2146189312,641236992,130993,39138,0,79,131072,123027867,0,0,1174097172,2147483648,97205157,128742261,0,0,0,0,0,0,0,0,0,0,0,0,0,0,0,0,0,0,7470894,7471006,0,97,97,6262,329,14941813,35,0,0,0,0,0,0,0,1,0,0,0,0,0,0,0,0,0,0,8403347,0,12405621,109583,0,0,0,0,0,0,0,0,16384,0,0,0,0,0,0,0,0,0,0,0,2957,346,0,0,0,0,0,22714144,0,616,1,47,346,2957,0,0,0,0,0,0,0,0,0,0,0,0,0,0,0,0,0,0,0,0,0,0,0,0,0,0,0,0,0,0,0,0,0,0,0,0,0,0,0,0,0,0,0,0,0,0,0,0,0,0,0,0,0,103579008,0,0,0,111703460,0,0,0,0,0,0,0,74316249,123080948,172401647,53639226368,44200846,0,0,0,0,0,0,0,0,0,0,0,0,0,0,0,0,0,0,0,0,0,0,0,0,0,0,0,0,0,0,0,52013880,0,0,0,0,0,0,0
1789620966.183,0,0,0,0,0,0,0,232897740,2015866981888,729386546688,0,0,0,0,0,0,0,0,0,0,0,0,0,0,0,0,0,0,0,0,0,0,0,0,0,0,0,0,0,0,0,0,0,0,0,0,0,0,0,0,0,0,0,0,0,0,0,0,0,0,0,0,0,0,0,0,0,0,406374,123193460,40722510,0,0,0,0,0,0,0,0,0,0,0,0,0,0,0,0,0,0,0,0,0,0,0,0,0,0,0,0,0,0,0,0,0,0,0,0,0,2146336768,646774784,131002,39476,0,70,131072,123047163,0,0,1174225363,2147483648,97223920,128754993,0,0,0,0,0,0,0,0,0,0,0,0,0,0,0,0,0,0,7471690,7471802,0,97,97,6262,329,14943411,35,0,0,0,0,0,0,0,1,0,0,0,0,0,0,0,0,0,0,8404244,0,12405749,109583,0,0,0,0,0,0,0,0,16384,0,0,0,0,0,0,0,0,0,0,0,2958,346,0,0,0,0,0,22716565,0,616,1,47,346,2958,0,0,0,0,0,0,0,0,0,0,0,0,0,0,0,0,0,0,0,0,0,0,0,0,0,0,0,0,0,0,0,0,0,0,0,0,0,0,0,0,0,0,0,0,0,0,0,0,0,0,0,0,0,103581491,0,0,0,111714874,0,0,0,0,0,0,0,74322216,123100245,172412934,53640995840,44202405,0,1,0,0,0,0,0,0,0,0,0,0,0,0,0,0,0,0,0,0,0,0,0,0,0,0,0,0,0,0,0,52014677,0,0,0,0,0,0,0
1789620967.210,0,0,0,0,0,0,0,232920152,2016158223872,729477584896,0,0,0,0,0,0,0,0,0,0,0,0,0,0,0,0,0,0,0,0,0,0,0,0,0,0,0,0,0,0,0,0,0,0,0,0,0,0,0,0,0,0,0,0,0,0,0,0,0,0,0,0,0,0,0,0,0,0,406416,123211257,40727913,0,0,0,0,0,0,0,0,0,0,0,0,0,0,0,0,0,0,0,0,0,0,0,0,0,0,0,0,0,0,0,0,0,0,0,0,0,2146058240,631537664,130985,38546,0,87,131072,123064950,0,0,1174342449,2147483648,97240896,128766656,0,0,0,0,0,0,0,0,0,0,0,0,0,0,0,0,0,0,7472415,7472527,0,97,97,6262,329,14944869,35,0,0,0,0,0,0,0,1,0,0,0,0,0,0,0,0,0,0,8405060,0,12407196,109595,0,0,0,0,0,0,0,0,16384,0,0,0,0,0,0,0,0,0,0,0,2959,346,0,0,0,0,0,22718777,0,616,1,47,346,2959,0,0,0,0,0,0,0,0,0,0,0,0,0,0,0,0,0,0,0,0,0,0,0,0,0,0,0,0,0,0,0,0,0,0,0,0,0,0,0,0,0,0,0,0,0,0,0,0,0,0,0,0,0,103583909,0,0,0,111725317,0,0,0,0,0,0,0,74327897,123118034,172424714,53642680832,44203910,0,0,0,0,0,0,0,0,0,0,0,0,0,0,0,0,0,0,0,0,0,0,0,0,0,0,0,0,0,0,0,52015402,0,0,0,0,0,0,0
1789620968.238,0,0,0,0,0,0,0,232943354,2016460180992,729548165632,0,0,0,0,0,0,0,0,0,0,0,0,0,0,0,0,0,0,0,0,0,0,0,0,0,0,0,0,0,0,0,0,0,0,0,0,0,0,0,0,0,0,0,0,0,0,0,0,0,0,0,0,0,0,0,0,0,0,406465,123229706,40732063,0,0,0,0,0,0,0,0,0,0,0,0,0,0,0,0,0,0,0,0,0,0,0,0,0,0,0,0,0,0,0,0,0,0,0,0,0,2146287616,638533632,130999,38973,0,73,131072,123083387,0,0,1174463919,2147483648,97258870,128778821,0,0,0,0,0,0,0,0,0,0,0,0,0,0,0,0,0,0,7473183,7473299,0,97,97,6262,329,14946396,35,0,0,0,0,0,0,0,1,0,0,0,0,0,0,0,0,0,0,8405928,0,12407196,109595,0,0,0,0,0,0,0,0,16384,0,0,0,0,0,0,0,0,0,0,0,2960,346,0,0,0,0,0,22721135,0,616,1,47,346,2960,0,0,0,0,0,0,0,0,0,0,0,0,0,0,0,0,0,0,0,0,0,0,0,0,0,0,0,0,0,0,0,0,0,0,0,0,0,0,0,0,0,0,0,0,0,0,0,0,0,0,0,0,0,103586357,0,0,0,111736192,0,0,0,0,0,0,0,74333571,123136483,172435470,53644435968,44205439,0,0,0,0,0,0,0,0,0,0,0,0,0,0,0,0,0,0,0,0,0,0,0,0,0,0,0,0,0,0,0,52016174,0,0,0,0,0,0,0
1789620969.264,0,0,0,0,0,0,0,232967408,2016774065664,729624814080,0,0,0,0,0,0,0,0,0,0,0,0,0,0,0,0,0,0,0,0,0,0,0,0,0,0,0,0,0,0,0,0,0,0,0,0,0,0,0,0,0,0,0,0,0,0,0,0,0,0,0,0,0,0,0,0,0,0,406512,123248900,40736569,0,0,0,0,0,0,0,0,0,0,0,0,0,0,0,0,0,0,0,0,0,0,0,0,0,0,0,0,0,0,0,0,0,0,0,0,0,2146369536,641138688,131004,39132,0,68,131072,123102569,0,0,1174591916,2147483648,97277456,128791288,0,0,0,0,0,0,0,0,0,0,0,0,0,0,0,0,0,0,7473985,7474093,0,97,97,6262,329,14948000,35,0,0,0,0,0,0,0,1,0,0,0,0,0,0,0,0,0,0,8406822,0,12407324,109596,0,0,0,0,0,0,0,0,16384,0,0,0,0,0,0,0,0,0,0,0,2961,346,0,0,0,0,0,22723538,0,616,1,47,346,2961,0,0,0,0,0,0,0,0,0,0,0,0,0,0,0,0,0,0,0,0,0,0,0,0,0,0,0,0,0,0,0,0,0,0,0,0,0,0,0,0,0,0,0,0,0,0,0,0,0,0,0,0,0,103588877,0,0,0,111747452,0,0,0,0,0,0,0,74339497,123155661,172446881,53646224384,44206977,0,0,0,0,0,0,0,0,0,0,0,0,0,0,0,0,0,0,0,0,0,0,0,0,0,0,0,0,0,0,0,52016967,0,0,0,0,0,0,0
1789620970.291,0,0,0,0,0,0,0,232990289,2017069862400,729694596096,0,0,0,0,0,0,0,0,0,0,0,0,0,0,0,0,0,0,0,0,0,0,0,0,0,0,0,0,0,0,0,0,0,0,0,0,0,0,0,0,0,0,0,0,0,0,0,0,0,0,0,0,0,0,0,0,0,0,406552,123266978,40740671,0,0,0,0,0,0,0,0,0,0,0,0,0,0,0,0,0,0,0,0,0,0,0,0,0,0,0,0,0,0,0,0,0,0,0,0,0,2146271232,649019392,130998,39613,0,74,131072,123120634,0,0,1174711126,2147483648,97295147,128803274,0,0,0,0,0,0,0,0,0,0,0,0,0,0,0,0,0,0,7474730,7474846,0,97,97,6262,329,14949501,35,0,0,0,0,0,0,0,1,0,0,0,0,0,0,0,0,0,0,8407667,0,12407324,109596,0,0,0,0,0,0,0,0,16384,0,0,0,0,0,0,0,0,0,0,0,2962,346,0,0,0,0,0,22725817,0,616,1,47,346,2962,0,0,0,0,0,0,0,0,0,0,0,0,0,0,0,0,0,0,0,0,0,0,0,0,0,0,0,0,0,0,0,0,0,0,0,0,0,0,0,0,0,0,0,0,0,0,0,0,0,0,0,0,0,103591315,0,0,0,111758211,0,0,0,0,0,0,0,74345116,123173731,172457511,53647958528,44208499,0,0,0,0,0,0,0,0,0,0,0,0,0,0,0,0,0,0,0,0,0,0,0,0,0,0,0,0,0,0,0,52017720,0,0,0,0,0,0,0
1789620971.318,0,0,0,0,0,0,0,233014374,2017381666304,729790090752,0,0,0,0,0,0,0,0,0,0,0,0,0,0,0,0,0,0,0,0,0,0,0,0,0,0,0,0,0,0,0,0,0,0,0,0,0,0,0,0,0,0,0,0,0,0,0,0,0,0,0,0,0,0,0,0,0,0,406603,123286034,40746341,0,0,0,0,0,0,0,0,0,0,0,0,0,0,0,0,0,0,0,0,0,0,0,0,0,0,0,0,0,0,0,0,0,0,0,0,0,2146336768,634191872,131002,38708,0,70,131072,123139681,0,0,1174836814,2147483648,97313158,128815769,0,0,0,0,0,0,0,0,0,0,0,0,0,0,0,0,0,0,7475510,7475624,0,97,97,6262,329,14951059,35,0,0,0,0,0,0,0,1,0,0,0,0,0,0,0,0,0,0,8408544,0,12408762,109608,0,0,0,0,0,0,0,0,16384,0,0,0,0,0,0,0,0,0,0,0,2963,346,0,0,0,0,0,22728184,0,616,1,47,346,2963,0,0,0,0,0,0,0,0,0,0,0,0,0,0,0,0,0,0,0,0,0,0,0,0,0,0,0,0,0,0,0,0,0,0,0,0,0,0,0,0,0,0,0,0,0,0,0,0,0,0,0,0,0,103593768,0,0,0,111769413,0,0,0,0,0,0,0,74351091,123192787,172469868,53649716224,44210031,0,0,0,0,0,0,0,0,0,0,0,0,0,0,0,0,0,0,0,0,0,0,0,0,0,0,0,0,0,0,0,52018499,0,0,0,0,0,0,0
1789620972.345,0,0,0,0,0,0,0,233036645,2017671056896,729857884160,0,0,0,0,0,0,0,0,0,0,0,0,0,0,0,0,0,0,0,0,0,0,0,0,0,0,0,0,0,0,0,0,0,0,0,0,0,0,0,0,0,0,0,0,0,0,0,0,0,0,0,0,0,0,0,0,0,0,406640,123303719,40750327,0,0,0,0,0,0,0,0,0,0,0,0,0,0,0,0,0,0,0,0,0,0,0,0,0,0,0,0,0,0,0,0,0,0,0,0,0,2146189312,639647744,130993,39041,0,79,131072,123157352,0,0,1174953657,2147483648,97330469,128827294,0,0,0,0,0,0,0,0,0,0,0,0,0,0,0,0,0,0,7476255,7476368,0,97,97,6262,329,14952545,35,0,0,0,0,0,0,0,1,0,0,0,0,0,0,0,0,0,0,8409381,0,12408762,109608,0,0,0,0,0,0,0,0,16384,0,0,0,0,0,0,0,0,0,0,0,2964,346,0,0,0,0,0,22730447,0,616,1,47,346,2964,0,0,0,0,0,0,0,0,0,0,0,0,0,0,0,0,0,0,0,0,0,0,0,0,0,0,0,0,0,0,0,0,0,0,0,0,0,0,0,0,0,0,0,0,0,0,0,0,0,0,0,0,0,103596170,0,0,0,111779873,0,0,0,0,0,0,0,74356569,123210460,172480239,53651395072,44211525,0,0,0,0,0,0,0,0,0,0,0,0,0,0,0,0,0,0,0,0,0,0,0,0,0,0,0,0,0,0,0,52019243,0,0,0,0,0,0,0
1789620973.372,0,0,0,0,0,0,0,233059255,2017966247424,729931168768,0,0,0,0,0,0,0,0,0,0,0,0,0,0,0,0,0,0,0,0,0,0,0,0,0,0,0,0,0,0,0,0,0,0,0,0,0,0,0,0,0,0,0,0,0,0,0,0,0,0,0,0,0,0,0,0,0,0,406679,123321767,40754635,0,0,0,0,0,0,0,0,0,0,0,0,0,0,0,0,0,0,0,0,0,0,0,0,0,0,0,0,0,0,0,0,0,0,0,0,0,2146222080,641204224,130995,39136,0,77,131072,123175390,0,0,1175073591,2147483648,97348016,128839003,0,0,0,0,0,0,0,0,0,0,0,0,0,0,0,0,0,0,7477007,7477122,0,97,97,6262,329,14954046,35,0,0,0,0,0,0,0,1,0,0,0,0,0,0,0,0,0,0,8410229,0,12408890,109609,0,0,0,0,0,0,0,0,16384,0,0,0,0,0,0,0,0,0,0,0,2965,346,0,0,0,0,0,22732742,0,616,1,47,346,2965,0,0,0,0,0,0,0,0,0,0,0,0,0,0,0,0,0,0,0,0,0,0,0,0,0,0,0,0,0,0,0,0,0,0,0,0,0,0,0,0,0,0,0,0,0,0,0,0,0,0,0,0,0,103598600,0,0,0,111790491,0,0,0,0,0,0,0,74362272,123228494,172491168,53653092352,44213042,0,0,0,0,0,0,0,0,0,0,0,0,0,0,0,0,0,0,0,0,0,0,0,0,0,0,0,0,0,0,0,52019996,0,0,0,0,0,0,0
1789620974.399,0,0,0,0,0,0,0,233082599,2018270514688,730002924032,0,0,0,0,0,0,0,0,0,0,0,0,0,0,0,0,0,0,0,0,0,0,0,0,0,0,0,0,0,0,0,0,0,0,0,0,0,0,0,0,0,0,0,0,0,0,0,0,0,0,0,0,0,0,0,0,0,0,406727,123340354,40758866,0,0,0,0,0,0,0,0,0,0,0,0,0,0,0,0,0,0,0,0,0,0,0,0,0,0,0,0,0,0,0,0,0,0,0,0,0,2146205696,648085504,130994,39556,0,78,131072,123193962,0,0,1175195746,2147483648,97366170,128851214,0,0,0,0,0,0,0,0,0,0,0,0,0,0,0,0,0,0,7477766,7477882,0,97,97,6262,329,14955571,35,0,0,0,0,0,0,0,1,0,0,0,0,0,0,0,0,0,0,8411084,0,12408890,109609,0,0,0,0,0,0,0,0,16384,0,0,0,0,0,0,0,0,0,0,0,2966,346,0,0,0,0,0,22735062,0,616,1,47,346,2966,0,0,0,0,0,0,0,0,0,0,0,0,0,0,0,0,0,0,0,0,0,0,0,0,0,0,0,0,0,0,0,0,0,0,0,0,0,0,0,0,0,0,0,0,0,0,0,0,0,0,0,0,0,103601089,0,0,0,111801420,0,0,0,0,0,0,0,74368026,123247073,172502095,53654819840,44214577,0,0,0,0,0,0,0,0,0,0,0,0,0,0,0,0,0,0,0,0,0,0,0,0,0,0,0,0,0,0,0,52020757,0,0,0,0,0,0,0
1789620975.425,0,0,0,0,0,0,0,233107247,2018591460864,730099056128,0,0,0,0,0,0,0,0,0,0,0,0,0,0,0,0,0,0,0,0,0,0,0,0,0,0,0,0,0,0,0,0,0,0,0,0,0,0,0,0,0,0,0,0,0,0,0,0,0,0,0,0,0,0,0,0,0,0,406772,123359965,40764559,0,0,0,0,0,0,0,0,0,0,0,0,0,0,0,0,0,0,0,0,0,0,0,0,0,0,0,0,0,0,0,0,0,0,0,0,0,2146320384,635240448,131001,38772,0,71,131072,123213561,0,0,1175324626,2147483648,97384855,128864071,0,0,0,0,0,0,0,0,0,0,0,0,0,0,0,0,0,0,7478568,7478683,0,97,97,6262,329,14957174,35,0,0,0,0,0,0,0,1,0,0,0,0,0,0,0,0,0,0,8411985,0,12410313,109621,0,0,0,0,0,0,0,0,16384,0,0,0,0,0,0,0,0,0,0,0,2967,346,0,0,0,0,0,22737494,0,616,1,47,346,2967,0,0,0,0,0,0,0,0,0,0,0,0,0,0,0,0,0,0,0,0,0,0,0,0,0,0,0,0,0,0,0,0,0,0,0,0,0,0,0,0,0,0,0,0,0,0,0,0,0,0,0,0,0,103603615,0,0,0,111812928,0,0,0,0,0,0,0,74374077,123266677,172514600,53656637952,44216138,0,0,0,0,0,0,0,0,0,0,0,0,0,0,0,0,0,0,0,0,0,0,0,0,0,0,0,0,0,0,0,52021557,0,0,0,0,0,0,0
1789620976.452,0,0,0,0,0,0,0,233128752,2018873331200,730165011456,0,0,0,0,0,0,0,0,0,0,0,0,0,0,0,0,0,0,0,0,0,0,0,0,0,0,0,0,0,0,0,0,0,0,0,0,0,0,0,0,0,0,0,0,0,0,0,0,0,0,0,0,0,0,0,0,0,0,406814,123377194,40768440,0,0,0,0,0,0,0,0,0,0,0,0,0,0,0,0,0,0,0,0,0,0,0,0,0,0,0,0,0,0,0,0,0,0,0,0,0,2146287616,640106496,130999,39069,1,73,131072,123230779,0,0,1175438456,2147483648,97401666,128875239,0,0,0,0,0,0,0,0,0,0,0,0,0,0,0,0,0,0,7479289,7479402,0,97,97,6262,329,14958604,35,0,0,0,0,0,0,0,1,0,0,0,0,0,0,0,0,0,0,8412794,0,12410313,109621,0,0,0,0,0,0,0,0,16384,0,0,0,0,0,0,0,0,0,0,0,2968,346,0,0,0,0,0,22739676,0,616,1,47,346,2968,0,0,0,0,0,0,0,0,0,0,0,0,0,0,0,0,0,0,0,0,0,0,0,0,0,0,0,0,0,0,0,0,0,0,0,0,0,0,0,0,0,0,0,0,0,0,0,0,0,0,0,0,0,103605996,0,0,0,111822996,0,0,0,0,0,0,0,74379424,123283898,172524732,53658281984,44217609,0,0,0,0,0,0,0,0,0,0,0,0,0,0,0,0,0,0,0,0,0,0,0,0,0,0,0,0,0,0,0,52022277,0,0,0,0,0,0,0
1789620977.478,0,0,0,0,0,0,0,233153265,2019191344640,730243364352,0,0,0,0,0,0,0,0,0,0,0,0,0,0,0,0,0,0,0,0,0,0,0,0,0,0,0,0,0,0,0,0,0,0,0,0,0,0,0,0,0,0,0,0,0,0,0,0,0,0,0,0,0,0,0,0,0,0,406863,123396632,40773042,0,0,0,0,0,0,0,0,0,0,0,0,0,0,0,0,0,0,0,0,0,0,0,0,0,0,0,0,0,0,0,0,0,0,0,0,0,2146172928,644546560,130993,39341,1,78,131072,123250195,0,0,1175567766,2147483648,97420532,128888125,0,0,0,0,0,0,0,0,0,0,0,0,0,0,0,0,0,0,7480099,7480207,0,97,97,6262,329,14960228,35,0,0,0,0,0,0,0,1,0,0,0,0,0,0,0,0,0,0,8413699,0,12410441,109622,0,0,0,0,0,0,0,0,16384,0,0,0,0,0,0,0,0,0,0,0,2969,346,0,0,0,0,0,22742129,0,616,1,47,346,2969,0,0,0,0,0,0,0,0,0,0,0,0,0,0,0,0,0,0,0,0,0,0,0,0,0,0,0,0,0,0,0,0,0,0,0,0,0,0,0,0,0,0,0,0,0,0,0,0,0,0,0,0,0,103608813,0,0,0,111834562,0,0,0,0,0,0,0,74385692,123303320,172536632,53660235776,44219397,0,0,0,0,0,0,0,0,0,0,0,0,0,0,0,0,0,0,0,0,0,0,0,0,0,0,0,0,0,0,0,52023081,0,0,0,0,0,0,0
1789620978.505,0,0,0,0,0,0,0,233175942,2019484601856,730334487552,0,0,0,0,0,0,0,0,0,0,0,0,0,0,0,0,0,0,0,0,0,0,0,0,0,0,0,0,0,0,0,0,0,0,0,0,0,0,0,0,0,0,0,0,0,0,0,0,0,0,0,0,0,0,0,0,0,0,406900,123414566,40778458,0,0,0,0,0,0,0,0,0,0,0,0,0,0,0,0,0,0,0,0,0,0,0,0,0,0,0,0,0,0,0,0,0,0,0,0,0,2146091008,628867072,130987,38383,0,85,131072,123268116,0,0,1175686214,2147483648,97437494,128899828,0,0,0,0,0,0,0,0,0,0,0,0,0,0,0,0,0,0,7480832,7480944,0,97,97,6262,329,14961695,35,0,0,0,0,0,0,0,1,0,0,0,0,0,0,0,0,0,0,8414529,0,12411872,109634,0,0,0,0,0,0,0,0,16384,0,0,0,0,0,0,0,0,0,0,0,2970,346,0,0,0,0,0,22744381,0,616,1,47,346,2970,0,0,0,0,0,0,0,0,0,0,0,0,0,0,0,0,0,0,0,0,0,0,0,0,0,0,0,0,0,0,0,0,0,0,0,0,0,0,0,0,0,0,0,0,0,0,0,0,0,0,0,0,0,103611215,0,0,0,111845097,0,0,0,0,0,0,0,74391390,123321241,172548424,53661918208,44220902,0,0,0,0,0,0,0,0,0,0,0,0,0,0,0,0,0,0,0,0,0,0,0,0,0,0,0,0,0,0,0,52023819,0,0,0,0,0,0,0
1789620979.531,0,0,0,0,0,0,0,233199958,2019796717056,730408344576,0,0,0,0,0,0,0,0,0,0,0,0,0,0,0,0,0,0,0,0,0,0,0,0,0,0,0,0,0,0,0,0,0,0,0,0,0,0,0,0,0,0,0,0,0,0,0,0,0,0,0,0,0,0,0,0,0,0,406945,123433655,40782684,0,0,0,0,0,0,0,0,0,0,0,0,0,0,0,0,0,0,0,0,0,0,0,0,0,0,0,0,0,0,0,0,0,0,0,0,0,2146304000,636125184,131000,38826,0,71,131072,123287187,0,0,1175811991,2147483648,97456104,128912236,0,0,0,0,0,0,0,0,0,0,0,0,0,0,0,0,0,0,7481620,7481730,0,97,97,6262,329,14963273,35,0,0,0,0,0,0,0,1,0,0,0,0,0,0,0,0,0,0,8415413,0,12411872,109634,0,0,0,0,0,0,0,0,16384,0,0,0,0,0,0,0,0,0,0,0,2971,346,0,0,0,0,0,22746765,0,616,1,47,346,2971,0,0,0,0,0,0,0,0,0,0,0,0,0,0,0,0,0,0,0,0,0,0,0,0,0,0,0,0,0,0,0,0,0,0,0,0,0,0,0,0,0,0,0,0,0,0,0,0,0,0,0,0,0,103617604,0,0,0,111856278,0,0,0,0,0,0,0,74400115,123340317,172563271,53665487360,44225396,0,0,0,0,0,0,0,0,0,0,0,0,0,0,0,0,0,0,0,0,0,0,0,0,0,0,0,0,0,0,0,52024605,0,0,0,0,0,0,0
1789620980.558,0,0,0,0,0,0,0,233221244,2020073885184,730476148224,0,0,0,0,0,0,0,0,0,0,0,0,0,0,0,0,0,0,0,0,0,0,0,0,0,0,0,0,0,0,0,0,0,0,0,0,0,0,0,0,0,0,0,0,0,0,0,0,0,0,0,0,0,0,0,0,0,0,406989,123450594,40786663,0,0,0,0,0,0,0,0,0,0,0,0,0,0,0,0,0,0,0,0,0,0,0,0,0,0,0,0,0,0,0,0,0,0,0,0,0,2146402304,639926272,131006,39058,0,66,131072,123304120,0,0,1175923569,2147483648,97472580,128923451,0,0,0,0,0,0,0,0,0,0,0,0,0,0,0,0,0,0,7482339,7482451,0,97,97,6262,329,14964703,35,0,0,0,0,0,0,0,1,0,0,0,0,0,0,0,0,0,0,8416223,0,12412000,109635,0,0,0,0,0,0,0,0,16384,0,0,0,0,0,0,0,0,0,0,0,2972,346,0,0,0,0,0,22748950,0,616,1,47,346,2972,0,0,0,0,0,0,0,0,0,0,0,0,0,0,0,0,0,0,0,0,0,0,0,0,0,0,0,0,0,0,0,0,0,0,0,0,0,0,0,0,0,0,0,0,0,0,0,0,0,0,0,0,0,103619994,0,0,0,111866363,0,0,0,0,0,0,0,74405464,123357247,172573497,53667142144,44226891,0,0,0,0,0,0,0,0,0,0,0,0,0,0,0,0,0,0,0,0,0,0,0,0,0,0,0,0,0,0,0,52025325,0,0,0,0,0,0,0
1789620981.585,0,0,0,0,0,0,0,233245801,2020393864704,730554094592,0,0,0,0,0,0,0,0,0,0,0,0,0,0,0,0,0,0,0,0,0,0,0,0,0,0,0,0,0,0,0,0,0,0,0,0,0,0,0,0,0,0,0,0,0,0,0,0,0,0,0,0,0,0,0,0,0,0,407037,123470153,40791058,0,0,0,0,0,0,0,0,0,0,0,0,0,0,0,0,0,0,0,0,0,0,0,0,0,0,0,0,0,0,0,0,0,0,0,0,0,2146287616,645447680,130999,39395,0,73,131072,123323663,0,0,1176054075,2147483648,97491709,128936149,0,0,0,0,0,0,0,0,0,0,0,0,0,0,0,0,0,0,7483152,7483265,0,97,97,6262,329,14966329,35,0,0,0,0,0,0,0,1,0,0,0,0,0,0,0,0,0,0,8417139,0,12412000,109635,0,0,0,0,0,0,0,0,16384,0,0,0,0,0,0,0,0,0,0,0,2973,346,0,0,0,0,0,22751432,0,616,1,47,346,2973,0,0,0,0,0,0,0,0,0,0,0,0,0,0,0,0,0,0,0,0,0,0,0,0,0,0,0,0,0,0,0,0,0,0,0,0,0,0,0,0,0,0,0,0,0,0,0,0,0,0,0,0,0,103629532,0,0,0,111877817,0,0,0,0,0,0,0,74416663,123376799,172591804,53672168448,44233705,0,0,0,0,0,0,0,0,0,0,0,0,0,0,0,0,0,0,0,0,0,0,0,0,0,0,0,0,0,0,0,52026140,0,0,0,0,0,0,0
1789620982.611,0,0,0,0,0,0,0,233269946,2020705553920,730651292672,0,0,0,0,0,0,0,0,0,0,0,0,0,0,0,0,0,0,0,0,0,0,0,0,0,0,0,0,0,0,0,0,0,0,0,0,0,0,0,0,0,0,0,0,0,0,0,0,0,0,0,0,0,0,0,0,0,0,407078,123489207,40796768,0,0,0,0,0,0,0,0,0,0,0,0,0,0,0,0,0,0,0,0,0,0,0,0,0,0,0,0,0,0,0,0,0,0,0,0,0,2146238464,631324672,130996,38533,0,76,131072,123342700,0,0,1176180040,2147483648,97509671,128948757,0,0,0,0,0,0,0,0,0,0,0,0,0,0,0,0,0,0,7483937,7484049,0,97,97,6262,329,14967921,35,0,0,0,0,0,0,0,1,0,0,0,0,0,0,0,0,0,0,8418020,0,12413417,109647,0,0,0,0,0,0,0,0,16384,0,0,0,0,0,0,0,0,0,0,0,2974,346,0,0,0,0,0,22753807,0,616,1,47,346,2974,0,0,0,0,0,0,0,0,0,0,0,0,0,0,0,0,0,0,0,0,0,0,0,0,0,0,0,0,0,0,0,0,0,0,0,0,0,0,0,0,0,0,0,0,0,0,0,0,0,0,0,0,0,103633771,0,0,0,111889170,0,0,0,0,0,0,0,74424081,123395845,172606064,53674742272,44236602,0,0,0,0,0,0,0,0,0,0,0,0,0,0,0,0,0,0,0,0,0,0,0,0,0,0,0,0,0,0,0,52026922,0,0,0,0,0,0,0
1789620983.638,0,0,0,0,0,0,0,233293817,2021014408704,730722445824,0,0,0,0,0,0,0,0,0,0,0,0,0,0,0,0,0,0,0,0,0,0,0,0,0,0,0,0,0,0,0,0,0,0,0,0,0,0,0,0,0,0,0,0,0,0,0,0,0,0,0,0,0,0,0,0,0,0,407128,123508090,40800945,0,0,0,0,0,0,0,0,0,0,0,0,0,0,0,0,0,0,0,0,0,0,0,0,0,0,0,0,0,0,0,0,0,0,0,0,0,2146402304,641040384,131006,39126,0,66,131072,123361577,0,0,1176304525,2147483648,97528143,128961329,0,0,0,0,0,0,0,0,0,0,0,0,0,0,0,0,0,0,7484728,7484842,0,97,97,6262,329,14969488,35,0,0,0,0,0,0,0,1,0,0,0,0,0,0,0,0,0,0,8418912,0,12413417,109647,0,0,0,0,0,0,0,0,16384,0,0,0,0,0,0,0,0,0,0,0,2976,346,0,0,0,0,0,22756215,0,616,1,47,346,2976,0,0,0,0,0,0,0,0,0,0,0,0,0,0,0,0,0,0,0,0,0,0,0,0,0,0,0,0,0,0,0,0,0,0,0,0,0,0,0,0,0,0,0,0,0,0,0,0,0,0,0,0,0,103636271,0,0,0,111900389,0,0,0,0,0,0,0,74429807,123414725,172616913,53676538880,44238154,0,0,0,0,0,0,0,0,0,0,0,0,0,0,0,0,0,0,0,0,0,0,0,0,0,0,0,0,0,0,0,52027715,0,0,0,0,0,0,0
1789620984.666,0,0,0,0,0,0,0,233316049,2021302799872,730791873024,0,0,0,0,0,0,0,0,0,0,0,0,0,0,0,0,0,0,0,0,0,0,0,0,0,0,0,0,0,0,0,0,0,0,0,0,0,0,0,0,0,0,0,0,0,0,0,0,0,0,0,0,0,0,0,0,0,0,407169,123525716,40805040,0,0,0,0,0,0,0,0,0,0,0,0,0,0,0,0,0,0,0,0,0,0,0,0,0,0,0,0,0,0,0,0,0,0,0,0,0,2146238464,645414912,130996,39393,0,76,131072,123379192,0,0,1176421119,2147483648,97545255,128972866,0,0,0,0,0,0,0,0,0,0,0,0,0,0,0,0,0,0,7485465,7485581,0,97,97,6262,329,14970958,35,0,0,0,0,0,0,0,1,0,0,0,0,0,0,0,0,0,0,8419744,0,12413545,109648,0,0,0,0,0,0,0,0,16384,0,0,0,0,0,0,0,0,0,0,0,2977,346,0,0,0,0,0,22758459,0,616,1,47,346,2977,0,0,0,0,0,0,0,0,0,0,0,0,0,0,0,0,0,0,0,0,0,0,0,0,0,0,0,0,0,0,0,0,0,0,0,0,0,0,0,0,0,0,0,0,0,0,0,0,0,0,0,0,0,103638704,0,0,0,111910810,0,0,0,0,0,0,0,74435260,123432332,172627381,53678226432,44239655,0,0,0,0,0,0,0,0,0,0,0,0,0,0,0,0,0,0,0,0,0,0,0,0,0,0,0,0,0,0,0,52028455,0,0,0,0,0,0,0
1789620985.693,0,0,0,0,0,0,0,233341181,2021630692864,730875612160,0,0,0,0,0,0,0,0,0,0,0,0,0,0,0,0,0,0,0,0,0,0,0,0,0,0,0,0,0,0,0,0,0,0,0,0,0,0,0,0,0,0,0,0,0,0,0,0,0,0,0,0,0,0,0,0,0,0,407217,123545757,40809718,0,0,0,0,0,0,0,0,0,0,0,0,0,0,0,0,0,0,0,0,0,0,0,0,0,0,0,0,0,0,0,0,0,0,0,0,0,2146304000,647577600,131000,39525,0,73,131072,123399223,0,0,1176554083,2147483648,97564807,128985862,0,0,0,0,0,0,0,0,0,0,0,0,0,0,0,0,0,0,7486304,7486417,0,97,97,6262,329,14972633,35,0,0,0,0,0,0,0,1,0,0,0,0,0,0,0,0,0,0,8420684,0,12413545,109648,0,0,0,0,0,0,0,0,16384,0,0,0,0,0,0,0,0,0,0,0,2978,346,0,0,0,0,0,22760998,0,616,1,47,346,2978,0,0,0,0,0,0,0,0,0,0,0,0,0,0,0,0,0,0,0,0,0,0,0,0,0,0,0,0,0,0,0,0,0,0,0,0,0,0,0,0,0,0,0,0,0,0,0,0,0,0,0,0,0,103650563,0,0,0,111922542,0,0,0,0,0,0,0,74448375,123452382,172648586,53684335104,44248099,0,0,0,0,0,0,0,0,0,0,0,0,0,0,0,0,0,0,0,0,0,0,0,0,0,0,0,0,0,0,0,52029291,0,0,0,0,0,0,0
1789620986.720,0,0,0,0,0,0,0,233366047,2021952671232,730976474624,0,0,0,0,0,0,0,0,0,0,0,0,0,0,0,0,0,0,0,0,0,0,0,0,0,0,0,0,0,0,0,0,0,0,0,0,0,0,0,0,0,0,0,0,0,0,0,0,0,0,0,0,0,0,0,0,0,0,407265,123565443,40815513,0,0,0,0,0,0,0,0,0,0,0,0,0,0,0,0,0,0,0,0,0,0,0,0,0,0,0,0,0,0,0,0,0,0,0,0,0,2146189312,633946112,130993,38693,0,79,131072,123418892,0,0,1176684358,2147483648,97583147,128998788,0,0,0,0,0,0,0,0,0,0,0,0,0,0,0,0,0,0,7487117,7487230,0,97,97,6262,329,14974253,35,0,0,0,0,0,0,0,1,0,0,0,0,0,0,0,0,0,0,8421600,0,12414931,109660,0,0,0,0,0,0,0,0,16384,0,0,0,0,0,0,0,0,0,0,0,2979,346,0,0,0,0,0,22763475,0,616,1,47,346,2979,0,0,0,0,0,0,0,0,0,0,0,0,0,0,0,0,0,0,0,0,0,0,0,0,0,0,0,0,0,0,0,0,0,0,0,0,0,0,0,0,0,0,0,0,0,0,0,0,0,0,0,0,0,103660059,0,0,0,111934164,0,0,0,0,0,0,0,74459744,123472049,172668271,53689333248,44254857,0,0,0,0,0,0,0,0,0,0,0,0,0,0,0,0,0,0,0,0,0,0,0,0,0,0,0,0,0,0,0,52030104,0,0,0,0,0,0,0
1789620987.747,0,0,0,0,0,0,0,233387818,2022234738176,731041843200,0,0,0,0,0,0,0,0,0,0,0,0,0,0,0,0,0,0,0,0,0,0,0,0,0,0,0,0,0,0,0,0,0,0,0,0,0,0,0,0,0,0,0,0,0,0,0,0,0,0,0,0,0,0,0,0,0,0,407304,123582702,40819346,0,0,0,0,0,0,0,0,0,0,0,0,0,0,0,0,0,0,0,0,0,0,0,0,0,0,0,0,0,0,0,0,0,0,0,0,0,2146140160,642334720,130990,39205,0,82,131072,123436137,0,0,1176797872,2147483648,97600064,129010142,0,0,0,0,0,0,0,0,0,0,0,0,0,0,0,0,0,0,7487820,7487936,0,97,97,6262,329,14975678,35,0,0,0,0,0,0,0,1,0,0,0,0,0,0,0,0,0,0,8422393,0,12414931,109660,0,0,0,0,0,0,0,0,16384,0,0,0,0,0,0,0,0,0,0,0,2980,346,0,0,0,0,0,22765625,0,616,1,47,346,2980,0,0,0,0,0,0,0,0,0,0,0,0,0,0,0,0,0,0,0,0,0,0,0,0,0,0,0,0,0,0,0,0,0,0,0,0,0,0,0,0,0,0,0,0,0,0,0,0,0,0,0,0,0,103662432,0,0,0,111944317,0,0,0,0,0,0,0,74465046,123489299,172678323,53690959872,44256321,0,0,0,0,0,0,0,0,0,0,0,0,0,0,0,0,0,0,0,0,0,0,0,0,0,0,0,0,0,0,0,52030810,0,0,0,0,0,0,0
1789620988.774,0,0,0,0,0,0,0,233412129,2022551113216,731118121472,0,0,0,0,0,0,0,0,0,0,0,0,0,0,0,0,0,0,0,0,0,0,0,0,0,0,0,0,0,0,0,0,0,0,0,0,0,0,0,0,0,0,0,0,0,0,0,0,0,0,0,0,0,0,0,0,0,0,407349,123602041,40823839,0,0,0,0,0,0,0,0,0,0,0,0,0,0,0,0,0,0,0,0,0,0,0,0,0,0,0,0,0,0,0,0,0,0,0,0,0,2146320384,646430720,131001,39455,0,71,131072,123455459,0,0,1176925240,2147483648,97618870,129022791,0,0,0,0,0,0,0,0,0,0,0,0,0,0,0,0,0,0,7488629,7488746,0,97,97,6262,329,14977282,35,0,0,0,0,0,0,0,1,0,0,0,0,0,0,0,0,0,0,8423303,0,12415059,109661,0,0,0,0,0,0,0,0,16384,0,0,0,0,0,0,0,0,0,0,0,2981,346,0,0,0,0,0,22768089,0,616,1,47,346,2981,0,0,0,0,0,0,0,0,0,0,0,0,0,0,0,0,0,0,0,0,0,0,0,0,0,0,0,0,0,0,0,0,0,0,0,0,0,0,0,0,0,0,0,0,0,0,0,0,0,0,0,0,0,103664926,0,0,0,111955704,0,0,0,0,0,0,0,74470954,123508629,172689670,53692770304,44257867,0,0,0,0,0,0,0,0,0,0,0,0,0,0,0,0,0,0,0,0,0,0,0,0,0,0,0,0,0,0,0,52031619,0,0,0,0,0,0,0
1789620989.802,0,0,0,0,0,0,0,233435261,2022851612160,731190030336,0,0,0,0,0,0,0,0,0,0,0,0,0,0,0,0,0,0,0,0,0,0,0,0,0,0,0,0,0,0,0,0,0,0,0,0,0,0,0,0,0,0,0,0,0,0,0,0,0,0,0,0,0,0,0,0,0,0,407396,123620413,40828069,0,0,0,0,0,0,0,0,0,0,0,0,0,0,0,0,0,0,0,0,0,0,0,0,0,0,0,0,0,0,0,0,0,0,0,0,0,2146369536,650592256,131004,39709,0,68,131072,123473825,0,0,1177046611,2147483648,97636935,129034805,0,0,0,0,0,0,0,0,0,0,0,0,0,0,0,0,0,0,7489398,7489513,0,97,97,6262,329,14978830,35,0,0,0,0,0,0,0,1,0,0,0,0,0,0,0,0,0,0,8424167,0,12415059,109661,0,0,0,0,0,0,0,0,16384,0,0,0,0,0,0,0,0,0,0,0,2982,346,0,0,0,0,0,22770425,0,616,1,47,346,2982,0,0,0,0,0,0,0,0,0,0,0,0,0,0,0,0,0,0,0,0,0,0,0,0,0,0,0,0,0,0,0,0,0,0,0,0,0,0,0,0,0,0,0,0,0,0,0,0,0,0,0,0,0,103667355,0,0,0,111966536,0,0,0,0,0,0,0,74476722,123526991,172700547,53694514176,44259411,0,0,0,0,0,0,0,0,0,0,0,0,0,0,0,0,0,0,0,0,0,0,0,0,0,0,0,0,0,0,0,52032387,0,0,0,0,0,0,0
1789620990.829,0,0,0,0,0,0,0,233459739,2023169134080,731288781824,0,0,0,0,0,0,0,0,0,0,0,0,0,0,0,0,0,0,0,0,0,0,0,0,0,0,0,0,0,0,0,0,0,0,0,0,0,0,0,0,0,0,0,0,0,0,0,0,0,0,0,0,0,0,0,0,0,0,407445,123639831,40833924,0,0,0,0,0,0,0,0,0,0,0,0,0,0,0,0,0,0,0,0,0,0,0,0,0,0,0,0,0,0,0,0,0,0,0,0,0,2146336768,632356864,131002,38596,0,70,131072,123493218,0,0,1177175156,2147483648,97655421,129047531,0,0,0,0,0,0,0,0,0,0,0,0,0,0,0,0,0,0,7490215,7490328,0,97,97,6262,329,14980456,35,0,0,0,0,0,0,0,1,0,0,0,0,0,0,0,0,0,0,8425082,0,12416499,109673,0,0,0,0,0,0,0,0,16384,0,0,0,0,0,0,0,0,0,0,0,2983,346,0,0,0,0,0,22772892,0,616,1,47,346,2983,0,0,0,0,0,0,0,0,0,0,0,0,0,0,0,0,0,0,0,0,0,0,0,0,0,0,0,0,0,0,0,0,0,0,0,0,0,0,0,0,0,0,0,0,0,0,0,0,0,0,0,0,0,103669894,0,0,0,111977993,0,0,0,0,0,0,0,74482913,123546398,172713374,53696330240,44260968,0,0,0,0,0,0,0,0,0,0,0,0,0,0,0,0,0,0,0,0,0,0,0,0,0,0,0,0,0,0,0,52033201,0,0,0,0,0,0,0
1789620991.856,0,0,0,0,0,0,0,233482326,2023464472064,731356825088,0,0,0,0,0,0,0,0,0,0,0,0,0,0,0,0,0,0,0,0,0,0,0,0,0,0,0,0,0,0,0,0,0,0,0,0,0,0,0,0,0,0,0,0,0,0,0,0,0,0,0,0,0,0,0,0,0,0,407489,123657885,40837923,0,0,0,0,0,0,0,0,0,0,0,0,0,0,0,0,0,0,0,0,0,0,0,0,0,0,0,0,0,0,0,0,0,0,0,0,0,2146140160,639467520,130990,39030,0,82,131072,123511270,0,0,1177295101,2147483648,97673121,129059349,0,0,0,0,0,0,0,0,0,0,0,0,0,0,0,0,0,0,7490971,7491081,0,97,97,6262,329,14981972,35,0,0,0,0,0,0,0,1,0,0,0,0,0,0,0,0,0,0,8425932,0,12416499,109673,0,0,0,0,0,0,0,0,16384,0,0,0,0,0,0,0,0,0,0,0,2984,346,0,0,0,0,0,22775194,0,616,1,47,346,2984,0,0,0,0,0,0,0,0,0,0,0,0,0,0,0,0,0,0,0,0,0,0,0,0,0,0,0,0,0,0,0,0,0,0,0,0,0,0,0,0,0,0,0,0,0,0,0,0,0,0,0,0,0,103672312,0,0,0,111988653,0,0,0,0,0,0,0,74488416,123564448,172723771,53698056704,44262483,0,0,0,0,0,0,0,0,0,0,0,0,0,0,0,0,0,0,0,0,0,0,0,0,0,0,0,0,0,0,0,52033956,0,0,0,0,0,0,0
1789620992.882,0,0,0,0,0,0,0,233504639,2023752748544,731425402880,0,0,0,0,0,0,0,0,0,0,0,0,0,0,0,0,0,0,0,0,0,0,0,0,0,0,0,0,0,0,0,0,0,0,0,0,0,0,0,0,0,0,0,0,0,0,0,0,0,0,0,0,0,0,0,0,0,0,407527,123675500,40841959,0,0,0,0,0,0,0,0,0,0,0,0,0,0,0,0,0,0,0,0,0,0,0,0,0,0,0,0,0,0,0,0,0,0,0,0,0,2146205696,645660672,130994,39408,0,78,131072,123528863,0,0,1177411195,2147483648,97690199,129070849,0,0,0,0,0,0,0,0,0,0,0,0,0,0,0,0,0,0,7491689,7491802,0,97,97,6262,329,14983420,35,0,0,0,0,0,0,0,1,0,0,0,0,0,0,0,0,0,0,8426743,0,12416627,109674,0,0,0,0,0,0,0,0,16384,0,0,0,0,0,0,0,0,0,0,0,2985,346,0,0,0,0,0,22777389,0,616,1,47,346,2985,0,0,0,0,0,0,0,0,0,0,0,0,0,0,0,0,0,0,0,0,0,0,0,0,0,0,0,0,0,0,0,0,0,0,0,0,0,0,0,0,0,0,0,0,0,0,0,0,0,0,0,0,0,103674680,0,0,0,111999026,0,0,0,0,0,0,0,74493786,123582061,172734075,53699737088,44263946,0,0,0,0,0,0,0,0,0,0,0,0,0,0,0,0,0,0,0,0,0,0,0,0,0,0,0,0,0,0,0,52034677,0,0,0,0,0,0,0
1789620993.909,0,0,0,0,0,0,0,233528518,2024061832704,731496169984,0,0,0,0,0,0,0,0,0,0,0,0,0,0,0,0,0,0,0,0,0,0,0,0,0,0,0,0,0,0,0,0,0,0,0,0,0,0,0,0,0,0,0,0,0,0,0,0,0,0,0,0,0,0,0,0,0,0,407576,123694402,40846112,0,0,0,0,0,0,0,0,0,0,0,0,0,0,0,0,0,0,0,0,0,0,0,0,0,0,0,0,0,0,0,0,0,0,0,0,0,2146107392,654950400,130988,39975,0,84,131072,123547753,0,0,1177536077,2147483648,97708717,129083339,0,0,0,0,0,0,0,0,0,0,0,0,0,0,0,0,0,0,7492480,7492591,0,97,97,6262,329,14984998,35,0,0,0,0,0,0,0,1,0,0,0,0,0,0,0,0,0,0,8427628,0,12416627,109674,0,0,0,0,0,0,0,0,16384,0,0,0,0,0,0,0,0,0,0,0,2986,346,0,0,0,0,0,22779769,0,616,1,47,346,2986,0,0,0,0,0,0,0,0,0,0,0,0,0,0,0,0,0,0,0,0,0,0,0,0,0,0,0,0,0,0,0,0,0,0,0,0,0,0,0,0,0,0,0,0,0,0,0,0,0,0,0,0,0,103677186,0,0,0,112010245,0,0,0,0,0,0,0,74499490,123600965,172744898,53701503488,44265495,1,0,0,0,0,0,0,0,0,0,0,0,0,0,0,0,0,0,0,0,0,0,0,0,0,0,0,0,0,0,0,52035464,0,0,0,0,0,0,0
1789620994.937,0,0,0,0,0,0,0,233553321,2024385842688,731595790336,0,0,0,0,0,0,0,0,0,0,0,0,0,0,0,0,0,0,0,0,0,0,0,0,0,0,0,0,0,0,0,0,0,0,0,0,0,0,0,0,0,0,0,0,0,0,0,0,0,0,0,0,0,0,0,0,0,0,407618,123714188,40852026,0,0,0,0,0,0,0,0,0,0,0,0,0,0,0,0,0,0,0,0,0,0,0,0,0,0,0,0,0,0,0,0,0,0,0,0,0,2146156544,637337600,130991,38900,0,82,131072,123567525,0,0,1177665787,2147483648,97727334,129096066,0,0,0,0,0,0,0,0,0,0,0,0,0,0,0,0,0,0,7493291,7493406,0,97,97,6262,329,14986616,35,0,0,0,0,0,0,0,1,0,0,0,0,0,0,0,0,0,0,8428547,0,12418063,109686,0,0,0,0,0,0,0,0,16384,0,0,0,0,0,0,0,0,0,0,0,2987,346,0,0,0,0,0,22782257,0,616,1,47,346,2987,0,0,0,0,0,0,0,0,0,0,0,0,0,0,0,0,0,0,0,0,0,0,0,0,0,0,0,0,0,0,0,0,0,0,0,0,0,0,0,0,0,0,0,0,0,0,0,0,0,0,0,0,0,103679728,0,0,0,112021746,0,0,0,0,0,0,0,74505757,123620728,172757840,53703306240,44267074,0,0,0,0,0,0,0,0,0,0,0,0,0,0,0,0,0,0,0,0,0,0,0,0,0,0,0,0,0,0,0,52036281,0,0,0,0,0,0,0
1789620995.964,0,0,0,0,0,0,0,233574313,2024659783168,731661451264,0,0,0,0,0,0,0,0,0,0,0,0,0,0,0,0,0,0,0,0,0,0,0,0,0,0,0,0,0,0,0,0,0,0,0,0,0,0,0,0,0,0,0,0,0,0,0,0,0,0,0,0,0,0,0,0,0,0,407655,123730935,40855884,0,0,0,0,0,0,0,0,0,0,0,0,0,0,0,0,0,0,0,0,0,0,0,0,0,0,0,0,0,0,0,0,0,0,0,0,0,2146222080,641449984,130995,39151,0,77,131072,123584264,0,0,1177776519,2147483648,97743753,129107028,0,0,0,0,0,0,0,0,0,0,0,0,0,0,0,0,0,0,7494001,7494112,0,97,97,6262,329,14988030,35,0,0,0,0,0,0,0,1,0,0,0,0,0,0,0,0,0,0,8429340,0,12418063,109686,0,0,0,0,0,0,0,0,16384,0,0,0,0,0,0,0,0,0,0,0,2988,346,0,0,0,0,0,22784406,0,616,1,47,346,2988,0,0,0,0,0,0,0,0,0,0,0,0,0,0,0,0,0,0,0,0,0,0,0,0,0,0,0,0,0,0,0,0,0,0,0,0,0,0,0,0,0,0,0,0,0,0,0,0,0,0,0,0,0,103682074,0,0,0,112031679,0,0,0,0,0,0,0,74511092,123637456,172767898,53704922112,44268553,0,0,0,0,0,0,0,0,0,0,0,0,0,0,0,0,0,0,0,0,0,0,0,0,0,0,0,0,0,0,0,52036986,0,0,0,0,0,0,0
1789620996.992,0,0,0,0,0,0,0,233598375,2024973897216,731736696320,0,0,0,0,0,0,0,0,0,0,0,0,0,0,0,0,0,0,0,0,0,0,0,0,0,0,0,0,0,0,0,0,0,0,0,0,0,0,0,0,0,0,0,0,0,0,0,0,0,0,0,0,0,0,0,0,0,0,407708,123750137,40860258,0,0,0,0,0,0,0,0,0,0,0,0,0,0,0,0,0,0,0,0,0,0,0,0,0,0,0,0,0,0,0,0,0,0,0,0,0,2146320384,647823360,131001,39540,0,71,131072,123603438,0,0,1177903818,2147483648,97762360,129119710,0,0,0,0,0,0,0,0,0,0,0,0,0,0,0,0,0,0,7494800,7494913,0,97,97,6262,329,14989631,35,0,0,0,0,0,0,0,1,0,0,0,0,0,0,0,0,0,0,8430242,0,12418191,109687,0,0,0,0,0,0,0,0,16384,0,0,0,0,0,0,0,0,0,0,0,2989,346,0,0,0,0,0,22786845,0,616,1,47,346,2989,0,0,0,0,0,0,0,0,0,0,0,0,0,0,0,0,0,0,0,0,0,0,0,0,0,0,0,0,0,0,0,0,0,0,0,0,0,0,0,0,0,0,0,0,0,0,0,0,0,0,0,0,0,103686547,0,0,0,112043041,0,0,0,0,0,0,0,74518349,123656645,172780984,53707608064,44271565,0,0,0,0,0,0,0,0,0,0,0,0,0,0,0,0,0,0,0,0,0,0,0,0,0,0,0,0,0,0,0,52037788,0,0,0,0,0,0,0
1789620998.019,0,0,0,0,0,0,0,233624599,2025314323968,731841116672,0,0,0,0,0,0,0,0,0,0,0,0,0,0,0,0,0,0,0,0,0,0,0,0,0,0,0,0,0,0,0,0,0,0,0,0,0,0,0,0,0,0,0,0,0,0,0,0,0,0,0,0,0,0,0,0,0,0,407791,123770948,40866357,0,0,0,0,0,0,0,0,0,0,0,0,0,0,0,0,0,0,0,0,0,0,0,0,0,0,0,0,0,0,0,0,0,0,0,0,0,2146287616,634159104,130999,38706,0,73,131072,123624235,0,0,1178041522,2147483648,97781836,129133698,0,0,0,0,0,0,0,0,0,0,0,0,0,0,0,0,0,0,7495644,7495756,0,97,97,6262,329,14991340,35,0,0,0,0,0,0,0,1,0,0,0,0,0,0,0,0,0,0,8431191,0,12419625,109699,0,0,0,0,0,0,0,0,16384,0,0,0,0,0,0,0,0,0,0,0,2990,346,0,0,0,0,0,22789411,0,616,1,47,346,2990,0,0,0,0,0,0,0,0,0,0,0,0,0,0,0,0,0,0,0,0,0,0,0,0,0,0,0,0,0,0,0,0,0,0,0,0,0,0,0,0,0,0,0,0,0,0,0,0,0,0,0,0,0,103692438,0,0,0,112055232,0,0,0,0,0,0,0,74527123,123677450,172797640,53711044096,44275457,0,0,0,0,0,0,0,0,0,0,0,0,0,0,0,0,0,0,0,0,0,0,0,0,0,0,0,0,0,0,0,52038631,0,0,0,0,0,0,0
1789620999.046,0,0,0,0,0,0,0,233651130,2025659469312,731921664000,0,0,0,0,0,0,0,0,0,0,0,0,0,0,0,0,0,0,0,0,0,0,0,0,0,0,0,0,0,0,0,0,0,0,0,0,0,0,0,0,0,0,0,0,0,0,0,0,0,0,0,0,0,0,0,0,0,0,407857,123792042,40871035,0,0,0,0,0,0,0,0,0,0,0,0,0,0,0,0,0,0,0,0,0,0,0,0,0,0,0,0,0,0,0,0,0,0,0,0,0,2146828288,641564672,131032,39158,0,40,131072,123645314,0,0,1178180634,2147483648,97802380,129147490,0,0,0,0,0,0,0,0,0,0,0,0,0,0,0,0,0,0,7496500,7496617,0,97,97,6262,329,14993089,35,0,0,0,0,0,0,0,1,0,0,0,0,0,0,0,0,0,0,8432161,0,12419625,109699,0,0,0,0,0,0,0,0,16384,0,0,0,0,0,0,0,0,0,0,0,2991,346,0,0,0,0,0,22792022,0,616,1,47,346,2991,0,0,0,0,0,0,0,0,0,0,0,0,0,0,0,0,0,0,0,0,0,0,0,0,0,0,0,0,0,0,0,0,0,0,0,0,0,0,0,0,0,0,0,0,0,0,0,0,0,0,0,0,0,103697452,0,0,0,112067556,0,0,0,0,0,0,0,74534985,123698536,172811994,53714038784,44278646,0,0,0,0,0,0,0,0,0,0,0,0,0,0,0,0,0,0,0,0,0,0,0,0,0,0,0,0,0,0,0,52039492,0,0,0,0,0,0,0
1789621000.073,0,0,0,0,0,0,0,233677484,2026000420352,732008395264,0,0,0,0,0,0,0,0,0,0,0,0,0,0,0,0,0,0,0,0,0,0,0,0,0,0,0,0,0,0,0,0,0,0,0,0,0,0,0,0,0,0,0,0,0,0,0,0,0,0,0,0,0,0,0,0,0,0,407898,123812891,40875859,0,0,0,0,0,0,0,0,0,0,0,0,0,0,0,0,0,0,0,0,0,0,0,0,0,0,0,0,0,0,0,0,0,0,0,0,0,2146336768,645939200,131002,39425,0,70,131072,123666146,0,0,1178318417,2147483648,97822629,129161290,0,0,0,0,0,0,0,0,0,0,0,0,0,0,0,0,0,0,7497406,7497522,0,97,97,6262,329,14994838,35,0,0,0,0,0,0,0,1,0,0,0,0,0,0,0,0,0,0,8433177,0,12419753,109700,0,0,0,0,0,0,0,0,16384,0,0,0,0,0,0,0,0,0,0,0,2992,346,0,0,0,0,0,22794774,0,616,1,47,346,2992,0,0,0,0,0,0,0,0,0,0,0,0,0,0,0,0,0,0,0,0,0,0,0,0,0,0,0,0,0,0,0,0,0,0,0,0,0,0,0,0,0,0,0,0,0,0,0,0,0,0,0,0,0,103710012,0,0,0,112079971,0,0,0,0,0,0,0,74548345,123719368,172834076,53720520704,44287305,0,0,0,0,0,0,0,0,0,0,0,0,0,0,0,0,0,0,0,0,0,0,0,0,0,0,0,0,0,0,0,52040396,0,0,0,0,0,0,0
1789621001.100,0,0,0,0,0,0,0,233700553,2026298723840,732104764416,0,0,0,0,0,0,0,0,0,0,0,0,0,0,0,0,0,0,0,0,0,0,0,0,0,0,0,0,0,0,0,0,0,0,0,0,0,0,0,0,0,0,0,0,0,0,0,0,0,0,0,0,0,0,0,0,0,0,407920,123831120,40881462,0,0,0,0,0,0,0,0,0,0,0,0,0,0,0,0,0,0,0,0,0,0,0,0,0,0,0,0,0,0,0,0,0,0,0,0,0,2146353152,626786304,131003,38256,0,69,131072,123684355,0,0,1178439116,2147483648,97839917,129173047,0,0,0,0,0,0,0,0,0,0,0,0,0,0,0,0,0,0,7498165,7498281,0,97,97,6262,329,14996373,35,0,0,0,0,0,0,0,1,0,0,0,0,0,0,0,0,0,0,8434031,0,12421188,109712,0,0,0,0,0,0,0,0,16384,0,0,0,0,0,0,0,0,0,0,0,2993,346,0,0,0,0,0,22797079,0,616,1,47,346,2993,0,0,0,0,0,0,0,0,0,0,0,0,0,0,0,0,0,0,0,0,0,0,0,0,0,0,0,0,0,0,0,0,0,0,0,0,0,0,0,0,0,0,0,0,0,0,0,0,0,0,0,0,0,103716822,0,0,0,112090723,0,0,0,0,0,0,0,74557556,123737595,172850652,53724237312,44292136,1,0,0,0,0,0,0,0,0,0,0,0,0,0,0,0,0,0,0,0,0,0,0,0,0,0,0,0,0,0,0,52041156,0,0,0,0,0,0,0
1789621002.126,0,0,0,0,0,0,0,233724821,2026614132224,732177865216,0,0,0,0,0,0,0,0,0,0,0,0,0,0,0,0,0,0,0,0,0,0,0,0,0,0,0,0,0,0,0,0,0,0,0,0,0,0,0,0,0,0,0,0,0,0,0,0,0,0,0,0,0,0,0,0,0,0,407947,123850404,40885761,0,0,0,0,0,0,0,0,0,0,0,0,0,0,0,0,0,0,0,0,0,0,0,0,0,0,0,0,0,0,0,0,0,0,0,0,0,2146287616,633602048,130999,38672,0,73,131072,123703628,0,0,1178567932,2147483648,97858749,129185512,0,0,0,0,0,0,0,0,0,0,0,0,0,0,0,0,0,0,7498971,7499086,0,97,97,6262,329,14997978,35,0,0,0,0,0,0,0,1,0,0,0,0,0,0,0,0,0,0,8434937,0,12421188,109712,0,0,0,0,0,0,0,0,16384,0,0,0,0,0,0,0,0,0,0,0,2994,346,0,0,0,0,0,22799529,0,616,1,47,346,2994,0,0,0,0,0,0,0,0,0,0,0,0,0,0,0,0,0,0,0,0,0,0,0,0,0,0,0,0,0,0,0,0,0,0,0,0,0,0,0,0,0,0,0,0,0,0,0,0,0,0,0,0,0,103719316,0,0,0,112102078,0,0,0,0,0,0,0,74563417,123756864,172861738,53726007296,44293699,0,0,0,0,0,0,0,0,0,0,0,0,0,0,0,0,0,0,0,0,0,0,0,0,0,0,0,0,0,0,0,52041960,0,0,0,0,0,0,0
1789621003.153,0,0,0,0,0,0,0,233747768,2026911845888,732247312384,0,0,0,0,0,0,0,0,0,0,0,0,0,0,0,0,0,0,0,0,0,0,0,0,0,0,0,0,0,0,0,0,0,0,0,0,0,0,0,0,0,0,0,0,0,0,0,0,0,0,0,0,0,0,0,0,0,0,407991,123868602,40889834,0,0,0,0,0,0,0,0,0,0,0,0,0,0,0,0,0,0,0,0,0,0,0,0,0,0,0,0,0,0,0,0,0,0,0,0,0,2146385920,641662976,131006,39164,0,66,131072,123721810,0,0,1178687677,2147483648,97876433,129197616,0,0,0,0,0,0,0,0,0,0,0,0,0,0,0,0,0,0,7499725,7499839,0,97,97,6262,329,14999475,35,0,0,0,0,0,0,0,1,0,0,0,0,0,0,0,0,0,0,8435783,0,12421316,109713,0,0,0,0,0,0,0,0,16384,0,0,0,0,0,0,0,0,0,0,0,2995,346,0,0,0,0,0,22801803,0,616,1,47,346,2995,0,0,0,0,0,0,0,0,0,0,0,0,0,0,0,0,0,0,0,0,0,0,0,0,0,0,0,0,0,0,0,0,0,0,0,0,0,0,0,0,0,0,0,0,0,0,0,0,0,0,0,0,0,103721754,0,0,0,112112826,0,0,0,0,0,0,0,74568873,123775059,172872201,53727756288,44295204,1,0,0,0,0,0,0,0,0,0,0,0,0,0,0,0,0,0,0,0,0,0,0,0,0,0,0,0,0,0,0,52042712,0,0,0,0,0,0,0
1789621004.180,0,0,0,0,0,0,0,233771207,2027214720512,732317534208,0,0,0,0,0,0,0,0,0,0,0,0,0,0,0,0,0,0,0,0,0,0,0,0,0,0,0,0,0,0,0,0,0,0,0,0,0,0,0,0,0,0,0,0,0,0,0,0,0,0,0,0,0,0,0,0,0,0,408032,123887129,40893963,0,0,0,0,0,0,0,0,0,0,0,0,0,0,0,0,0,0,0,0,0,0,0,0,0,0,0,0,0,0,0,0,0,0,0,0,0,2146320384,650493952,131002,39703,0,70,131072,123740323,0,0,1178810275,2147483648,97894523,129209930,0,0,0,0,0,0,0,0,0,0,0,0,0,0,0,0,0,0,7500498,7500609,0,97,97,6262,329,15001035,35,0,0,0,0,0,0,0,1,0,0,0,0,0,0,0,0,0,0,8436651,0,12421316,109713,0,0,0,0,0,0,0,0,16384,0,0,0,0,0,0,0,0,0,0,0,2996,346,0,0,0,0,0,22804155,0,616,1,47,346,2996,0,0,0,0,0,0,0,0,0,0,0,0,0,0,0,0,0,0,0,0,0,0,0,0,0,0,0,0,0,0,0,0,0,0,0,0,0,0,0,0,0,0,0,0,0,0,0,0,0,0,0,0,0,103724240,0,0,0,112123920,0,0,0,0,0,0,0,74574513,123793571,172882932,53729497088,44296720,0,0,0,0,0,0,0,0,0,0,0,0,0,0,0,0,0,0,0,0,0,0,0,0,0,0,0,0,0,0,0,52043484,0,0,0,0,0,0,0
1789621005.207,0,0,0,0,0,0,0,233794307,2027515055616,732412831744,0,0,0,0,0,0,0,0,0,0,0,0,0,0,0,0,0,0,0,0,0,0,0,0,0,0,0,0,0,0,0,0,0,0,0,0,0,0,0,0,0,0,0,0,0,0,0,0,0,0,0,0,0,0,0,0,0,0,408069,123905487,40899598,0,0,0,0,0,0,0,0,0,0,0,0,0,0,0,0,0,0,0,0,0,0,0,0,0,0,0,0,0,0,0,0,0,0,0,0,0,2146140160,631177216,130989,38524,0,83,131072,123758663,0,0,1178931314,2147483648,97911456,129221804,0,0,0,0,0,0,0,0,0,0,0,0,0,0,0,0,0,0,7501257,7501372,0,97,97,6262,329,15002549,35,0,0,0,0,0,0,0,1,0,0,0,0,0,0,0,0,0,0,8437508,0,12422775,109726,0,0,0,0,0,0,0,0,16384,0,0,0,0,0,0,0,0,0,0,0,2997,346,0,0,0,0,0,22806470,0,616,1,47,346,2997,0,0,0,0,0,0,0,0,0,0,0,0,0,0,0,0,0,0,0,0,0,0,0,0,0,0,0,0,0,0,0,0,0,0,0,0,0,0,0,0,0,0,0,0,0,0,0,0,0,0,0,0,0,103727626,0,0,0,112134646,0,0,0,0,0,0,0,74581113,123811924,172896140,53731624960,44298921,0,0,0,0,0,0,0,0,0,0,0,0,0,0,0,0,0,0,0,0,0,0,0,0,0,0,0,0,0,0,0,52044247,0,0,0,0,0,0,0
1789621006.233,0,0,0,0,0,0,0,233817820,2027820371456,732489151488,0,0,0,0,0,0,0,0,0,0,0,0,0,0,0,0,0,0,0,0,0,0,0,0,0,0,0,0,0,0,0,0,0,0,0,0,0,0,0,0,0,0,0,0,0,0,0,0,0,0,0,0,0,0,0,0,0,0,408118,123924156,40903879,0,0,0,0,0,0,0,0,0,0,0,0,0,0,0,0,0,0,0,0,0,0,0,0,0,0,0,0,0,0,0,0,0,0,0,0,0,2146402304,636436480,131006,38845,0,66,131072,123777319,0,0,1179055997,2147483648,97929724,129234054,0,0,0,0,0,0,0,0,0,0,0,0,0,0,0,0,0,0,7502044,7502152,0,97,97,6262,329,15004118,35,0,0,0,0,0,0,0,1,0,0,0,0,0,0,0,0,0,0,8438385,0,12422775,109726,0,0,0,0,0,0,0,0,16384,0,0,0,0,0,0,0,0,0,0,0,2998,346,0,0,0,0,0,22808843,0,616,1,47,346,2998,0,0,0,0,0,0,0,0,0,0,0,0,0,0,0,0,0,0,0,0,0,0,0,0,0,0,0,0,0,0,0,0,0,0,0,0,0,0,0,0,0,0,0,0,0,0,0,0,0,0,0,0,0,103737834,0,0,0,112145704,0,0,0,0,0,0,0,74592571,123830574,172914889,53736928256,44306104,0,0,0,0,0,0,0,0,0,0,0,0,0,0,0,0,0,0,0,0,0,0,0,0,0,0,0,0,0,0,0,52045026,0,0,0,0,0,0,0
1789621007.260,0,0,0,0,0,0,0,233839258,2028099358208,732557883392,0,0,0,0,0,0,0,0,0,0,0,0,0,0,0,0,0,0,0,0,0,0,0,0,0,0,0,0,0,0,0,0,0,0,0,0,0,0,0,0,0,0,0,0,0,0,0,0,0,0,0,0,0,0,0,0,0,0,408152,123941204,40907779,0,0,0,0,0,0,0,0,0,0,0,0,0,0,0,0,0,0,0,0,0,0,0,0,0,0,0,0,0,0,0,0,0,0,0,0,0,2146369536,642105344,131003,39191,0,68,131072,123794355,0,0,1179167909,2147483648,97946258,129245137,0,0,0,0,0,0,0,0,0,0,0,0,0,0,0,0,0,0,7502743,7502855,0,97,97,6262,329,15005512,35,0,0,0,0,0,0,0,1,0,0,0,0,0,0,0,0,0,0,8439177,0,12422903,109727,0,0,0,0,0,0,0,0,16384,0,0,0,0,0,0,0,0,0,0,0,2999,346,0,0,0,0,0,22810978,0,616,1,47,346,2999,0,0,0,0,0,0,0,0,0,0,0,0,0,0,0,0,0,0,0,0,0,0,0,0,0,0,0,0,0,0,0,0,0,0,0,0,0,0,0,0,0,0,0,0,0,0,0,0,0,0,0,0,0,103745210,0,0,0,112155711,0,0,0,0,0,0,0,74601614,123847625,172929934,53740862976,44311372,0,0,0,0,0,0,0,0,0,0,0,0,0,0,0,0,0,0,0,0,0,0,0,0,0,0,0,0,0,0,0,52045730,0,0,0,0,0,0,0
1789621008.287,0,0,0,0,0,0,0,233864328,2028425235968,732634832896,0,0,0,0,0,0,0,0,0,0,0,0,0,0,0,0,0,0,0,0,0,0,0,0,0,0,0,0,0,0,0,0,0,0,0,0,0,0,0,0,0,0,0,0,0,0,0,0,0,0,0,0,0,0,0,0,0,0,408201,123961130,40912299,0,0,0,0,0,0,0,0,0,0,0,0,0,0,0,0,0,0,0,0,0,0,0,0,0,0,0,0,0,0,0,0,0,0,0,0,0,2146222080,650084352,130995,39678,0,77,131072,123814260,0,0,1179299071,2147483648,97965763,129258276,0,0,0,0,0,0,0,0,0,0,0,0,0,0,0,0,0,0,7503557,7503670,0,97,97,6262,329,15007147,35,0,0,0,0,0,0,0,1,0,0,0,0,0,0,0,0,0,0,8440094,0,12422903,109727,0,0,0,0,0,0,0,0,16384,0,0,0,0,0,0,0,0,0,0,0,3000,346,0,0,0,0,0,22813454,0,616,1,47,346,3000,0,0,0,0,0,0,0,0,0,0,0,0,0,0,0,0,0,0,0,0,0,0,0,0,0,0,0,0,0,0,0,0,0,0,0,0,0,0,0,0,0,0,0,0,0,0,0,0,0,0,0,0,0,103747761,0,0,0,112167427,0,0,0,0,0,0,0,74607695,123867529,172941528,53742702080,44312931,0,0,0,0,0,0,0,0,0,0,0,0,0,0,0,0,0,0,0,0,0,0,0,0,0,0,0,0,0,0,0,52046545,0,0,0,0,0,0,0
1789621009.314,0,0,0,0,0,0,0,233888539,2028742217216,732731635712,0,0,0,0,0,0,0,0,0,0,0,0,0,0,0,0,0,0,0,0,0,0,0,0,0,0,0,0,0,0,0,0,0,0,0,0,0,0,0,0,0,0,0,0,0,0,0,0,0,0,0,0,0,0,0,0,0,0,408250,123980502,40918044,0,0,0,0,0,0,0,0,0,0,0,0,0,0,0,0,0,0,0,0,0,0,0,0,0,0,0,0,0,0,0,0,0,0,0,0,0,2146254848,634142720,130997,38705,0,75,131072,123833620,0,0,1179426396,2147483648,97984222,129270981,0,0,0,0,0,0,0,0,0,0,0,0,0,0,0,0,0,0,7504366,7504485,0,97,97,6262,329,15008762,35,0,0,0,0,0,0,0,1,0,0,0,0,0,0,0,0,0,0,8441010,0,12424325,109739,0,0,0,0,0,0,0,0,16384,0,0,0,0,0,0,0,0,0,0,0,3001,346,0,0,0,0,0,22815944,0,616,1,47,346,3001,0,0,0,0,0,0,0,0,0,0,0,0,0,0,0,0,0,0,0,0,0,0,0,0,0,0,0,0,0,0,0,0,0,0,0,0,0,0,0,0,0,0,0,0,0,0,0,0,0,0,0,0,0,103750308,0,0,0,112178836,0,0,0,0,0,0,0,74613809,123886893,172954138,53744512512,44314518,0,0,0,0,0,0,0,0,0,0,0,0,0,0,0,0,0,0,0,0,0,0,0,0,0,0,0,0,0,0,0,52047360,0,0,0,0,0,0,0
1789621010.340,0,0,0,0,0,0,0,233910515,2029028527616,732798650368,0,0,0,0,0,0,0,0,0,0,0,0,0,0,0,0,0,0,0,0,0,0,0,0,0,0,0,0,0,0,0,0,0,0,0,0,0,0,0,0,0,0,0,0,0,0,0,0,0,0,0,0,0,0,0,0,0,0,408284,123998007,40921984,0,0,0,0,0,0,0,0,0,0,0,0,0,0,0,0,0,0,0,0,0,0,0,0,0,0,0,0,0,0,0,0,0,0,0,0,0,2146336768,639467520,131002,39030,0,70,131072,123851116,0,0,1179542956,2147483648,98001297,129282284,0,0,0,0,0,0,0,0,0,0,0,0,0,0,0,0,0,0,7505092,7505198,0,97,97,6262,329,15010211,35,0,0,0,0,0,0,0,1,0,0,0,0,0,0,0,0,0,0,8441813,0,12424325,109739,0,0,0,0,0,0,0,0,16384,0,0,0,0,0,0,0,0,0,0,0,3002,346,0,0,0,0,0,22818124,0,616,1,47,346,3002,0,0,0,0,0,0,0,0,0,0,0,0,0,0,0,0,0,0,0,0,0,0,0,0,0,0,0,0,0,0,0,0,0,0,0,0,0,0,0,0,0,0,0,0,0,0,0,0,0,0,0,0,0,103752674,0,0,0,112189069,0,0,0,0,0,0,0,74619218,123904386,172964378,53746158592,44315992,0,0,0,0,0,0,0,0,0,0,0,0,0,0,0,0,0,0,0,0,0,0,0,0,0,0,0,0,0,0,0,52048073,0,0,0,0,0,0,0
1789621011.368,0,0,0,0,0,0,0,233933386,2029326454272,732872050688,0,0,0,0,0,0,0,0,0,0,0,0,0,0,0,0,0,0,0,0,0,0,0,0,0,0,0,0,0,0,0,0,0,0,0,0,0,0,0,0,0,0,0,0,0,0,0,0,0,0,0,0,0,0,0,0,0,0,408326,124016214,40926308,0,0,0,0,0,0,0,0,0,0,0,0,0,0,0,0,0,0,0,0,0,0,0,0,0,0,0,0,0,0,0,0,0,0,0,0,0,2146336768,643563520,131002,39280,0,70,131072,123869304,0,0,1179662339,2147483648,98019008,129294192,0,0,0,0,0,0,0,0,0,0,0,0,0,0,0,0,0,0,7505837,7505948,0,97,97,6262,329,15011705,35,0,0,0,0,0,0,0,1,0,0,0,0,0,0,0,0,0,0,8442657,0,12424453,109740,0,0,0,0,0,0,0,0,16384,0,0,0,0,0,0,0,0,0,0,0,3003,346,0,0,0,0,0,22820407,0,616,1,47,346,3003,0,0,0,0,0,0,0,0,0,0,0,0,0,0,0,0,0,0,0,0,0,0,0,0,0,0,0,0,0,0,0,0,0,0,0,0,0,0,0,0,0,0,0,0,0,0,0,0,0,0,0,0,0,103755126,0,0,0,112199774,0,0,0,0,0,0,0,74624925,123922586,172975343,53747860480,44317504,0,0,0,0,0,0,0,0,0,0,0,0,0,0,0,0,0,0,0,0,0,0,0,0,0,0,0,0,0,0,0,52048823,0,0,0,0,0,0,0
1789621012.395,0,0,0,0,0,0,0,233958026,2029646597632,732945800192,0,0,0,0,0,0,0,0,0,0,0,0,0,0,0,0,0,0,0,0,0,0,0,0,0,0,0,0,0,0,0,0,0,0,0,0,0,0,0,0,0,0,0,0,0,0,0,0,0,0,0,0,0,0,0,0,0,0,408375,124035779,40930646,0,0,0,0,0,0,0,0,0,0,0,0,0,0,0,0,0,0,0,0,0,0,0,0,0,0,0,0,0,0,0,0,0,0,0,0,0,2146435072,653639680,131008,39895,0,64,131072,123888864,0,0,1179791091,2147483648,98038105,129307147,0,0,0,0,0,0,0,0,0,0,0,0,0,0,0,0,0,0,7506644,7506758,0,97,97,6262,329,15013322,35,0,0,0,0,0,0,0,1,0,0,0,0,0,0,0,0,0,0,8443567,0,12424453,109740,0,0,0,0,0,0,0,0,16384,0,0,0,0,0,0,0,0,0,0,0,3004,346,0,0,0,0,0,22822870,0,616,1,47,346,3004,0,0,0,0,0,0,0,0,0,0,0,0,0,0,0,0,0,0,0,0,0,0,0,0,0,0,0,0,0,0,0,0,0,0,0,0,0,0,0,0,0,0,0,0,0,0,0,0,0,0,0,0,0,103757620,0,0,0,112211331,0,0,0,0,0,0,0,74630809,123942141,172986499,53749670912,44319052,0,0,0,0,0,0,0,0,0,0,0,0,0,0,0,0,0,0,0,0,0,0,0,0,0,0,0,0,0,0,0,52049632,0,0,0,0,0,0,0
1789621013.422,0,0,0,0,0,0,0,233983417,2029978258944,733048875520,0,0,0,0,0,0,0,0,0,0,0,0,0,0,0,0,0,0,0,0,0,0,0,0,0,0,0,0,0,0,0,0,0,0,0,0,0,0,0,0,0,0,0,0,0,0,0,0,0,0,0,0,0,0,0,0,0,0,408424,124056065,40936649,0,0,0,0,0,0,0,0,0,0,0,0,0,0,0,0,0,0,0,0,0,0,0,0,0,0,0,0,0,0,0,0,0,0,0,0,0,2146320384,635928576,131001,38814,0,71,131072,123909129,0,0,1179924985,2147483648,98057528,129320295,0,0,0,0,0,0,0,0,0,0,0,0,0,0,0,0,0,0,7507487,7507600,0,97,97,6262,329,15015014,35,0,0,0,0,0,0,0,1,0,0,0,0,0,0,0,0,0,0,8444515,0,12425862,109752,0,0,0,0,0,0,0,0,16384,0,0,0,0,0,0,0,0,0,0,0,3005,346,0,0,0,0,0,22825442,0,616,1,47,346,3005,0,0,0,0,0,0,0,0,0,0,0,0,0,0,0,0,0,0,0,0,0,0,0,0,0,0,0,0,0,0,0,0,0,0,0,0,0,0,0,0,0,0,0,0,0,0,0,0,0,0,0,0,0,103764131,0,0,0,112223224,0,0,0,0,0,0,0,74639928,123962415,173003621,53753324032,44323357,0,0,0,0,0,0,0,0,0,0,0,0,0,0,0,0,0,0,0,0,0,0,0,0,0,0,0,0,0,0,0,52050474,0,0,0,0,0,0,0
1789621014.448,0,0,0,0,0,0,0,234005220,2030262668800,733121393664,0,0,0,0,0,0,0,0,0,0,0,0,0,0,0,0,0,0,0,0,0,0,0,0,0,0,0,0,0,0,0,0,0,0,0,0,0,0,0,0,0,0,0,0,0,0,0,0,0,0,0,0,0,0,0,0,0,0,408466,124073437,40940700,0,0,0,0,0,0,0,0,0,0,0,0,0,0,0,0,0,0,0,0,0,0,0,0,0,0,0,0,0,0,0,0,0,0,0,0,0,2146320384,639975424,131001,39061,0,71,131072,123926495,0,0,1180040016,2147483648,98074512,129331608,0,0,0,0,0,0,0,0,0,0,0,0,0,0,0,0,0,0,7508193,7508307,0,97,97,6262,329,15016426,35,0,0,0,0,0,0,0,1,0,0,0,0,0,0,0,0,0,0,8445310,0,12425862,109752,0,0,0,0,0,0,0,0,16384,0,0,0,0,0,0,0,0,0,0,0,3006,346,0,0,0,0,0,22827596,0,616,1,47,346,3006,0,0,0,0,0,0,0,0,0,0,0,0,0,0,0,0,0,0,0,0,0,0,0,0,0,0,0,0,0,0,0,0,0,0,0,0,0,0,0,0,0,0,0,0,0,0,0,0,0,0,0,0,0,103774299,0,0,0,112233338,0,0,0,0,0,0,0,74651429,123979785,173021890,53758563328,44330808,1,0,0,0,0,0,0,0,0,0,0,0,0,0,0,0,0,0,0,0,0,0,0,0,0,0,0,0,0,0,0,52051182,0,0,0,0,0,0,0
1789621015.475,0,0,0,0,0,0,0,234029625,2030578896384,733200918528,0,0,0,0,0,0,0,0,0,0,0,0,0,0,0,0,0,0,0,0,0,0,0,0,0,0,0,0,0,0,0,0,0,0,0,0,0,0,0,0,0,0,0,0,0,0,0,0,0,0,0,0,0,0,0,0,0,0,408525,124092770,40945136,0,0,0,0,0,0,0,0,0,0,0,0,0,0,0,0,0,0,0,0,0,0,0,0,0,0,0,0,0,0,0,0,0,0,0,0,0,2146402304,647970816,131006,39549,0,67,131072,123945810,0,0,1180167314,2147483648,98093267,129344582,0,0,0,0,0,0,0,0,0,0,0,0,0,0,0,0,0,0,7508998,7509115,0,97,97,6262,329,15018034,35,0,0,0,0,0,0,0,1,0,0,0,0,0,0,0,0,0,0,8446218,0,12425990,109753,0,0,0,0,0,0,0,0,16384,0,0,0,0,0,0,0,0,0,0,0,3007,346,0,0,0,0,0,22830050,0,616,1,47,346,3007,0,0,0,0,0,0,0,0,0,0,0,0,0,0,0,0,0,0,0,0,0,0,0,0,0,0,0,0,0,0,0,0,0,0,0,0,0,0,0,0,0,0,0,0,0,0,0,0,0,0,0,0,0,103785988,0,0,0,112244862,0,0,0,0,0,0,0,74664089,123999120,173042295,53764575232,44339175,1,0,0,0,0,0,0,0,0,0,0,0,0,0,0,0,0,0,0,0,0,0,0,0,0,0,0,0,0,0,0,52051989,0,0,0,0,0,0,0
1789621016.502,0,0,0,0,0,0,0,234052690,2030878592512,733296377344,0,0,0,0,0,0,0,0,0,0,0,0,0,0,0,0,0,0,0,0,0,0,0,0,0,0,0,0,0,0,0,0,0,0,0,0,0,0,0,0,0,0,0,0,0,0,0,0,0,0,0,0,0,0,0,0,0,0,408562,124111096,40950644,0,0,0,0,0,0,0,0,0,0,0,0,0,0,0,0,0,0,0,0,0,0,0,0,0,0,0,0,0,0,0,0,0,0,0,0,0,2146107392,631767040,130988,38560,0,84,131072,123964129,0,0,1180288069,2147483648,98110797,129356579,0,0,0,0,0,0,0,0,0,0,0,0,0,0,0,0,0,0,7509763,7509873,0,97,97,6262,329,15019563,35,0,0,0,0,0,0,0,1,0,0,0,0,0,0,0,0,0,0,8447072,0,12427420,109765,0,0,0,0,0,0,0,0,16384,0,0,0,0,0,0,0,0,0,0,0,3008,346,0,0,0,0,0,22832355,0,616,1,47,346,3008,0,0,0,0,0,0,0,0,0,0,0,0,0,0,0,0,0,0,0,0,0,0,0,0,0,0,0,0,0,0,0,0,0,0,0,0,0,0,0,0,0,0,0,0,0,0,0,0,0,0,0,0,0,103794348,0,0,0,112255676,0,0,0,0,0,0,0,74674406,124017428,173060233,53769025024,44345207,0,0,0,0,0,0,0,0,0,0,0,0,0,0,0,0,0,0,0,0,0,0,0,0,0,0,0,0,0,0,0,52052747,0,0,0,0,0,0,0
1789621017.529,0,0,0,0,0,0,0,234077638,2031204650496,733376311296,0,0,0,0,0,0,0,0,0,0,0,0,0,0,0,0,0,0,0,0,0,0,0,0,0,0,0,0,0,0,0,0,0,0,0,0,0,0,0,0,0,0,0,0,0,0,0,0,0,0,0,0,0,0,0,0,0,0,408601,124131034,40955247,0,0,0,0,0,0,0,0,0,0,0,0,0,0,0,0,0,0,0,0,0,0,0,0,0,0,0,0,0,0,0,0,0,0,0,0,0,2146222080,634585088,130995,38732,0,77,131072,123984047,0,0,1180419557,2147483648,98130134,129369379,0,0,0,0,0,0,0,0,0,0,0,0,0,0,0,0,0,0,7510589,7510704,0,97,97,6262,329,15021205,35,0,0,0,0,0,0,0,1,0,0,0,0,0,0,0,0,0,0,8448006,0,12427420,109765,0,0,0,0,0,0,0,0,16384,0,0,0,0,0,0,0,0,0,0,0,3009,346,0,0,0,0,0,22834887,0,616,1,47,346,3009,0,0,0,0,0,0,0,0,0,0,0,0,0,0,0,0,0,0,0,0,0,0,0,0,0,0,0,0,0,0,0,0,0,0,0,0,0,0,0,0,0,0,0,0,0,0,0,0,0,0,0,0,0,103800441,0,0,0,112267269,0,0,0,0,0,0,0,74683237,124037362,173075542,53772489728,44349427,0,1,0,0,0,0,0,0,0,0,0,0,0,0,0,0,0,0,0,0,0,0,0,0,0,0,0,0,0,0,0,52053579,0,0,0,0,0,0,0
1789621018.556,0,0,0,0,0,0,0,234099505,2031489289728,733443719168,0,0,0,0,0,0,0,0,0,0,0,0,0,0,0,0,0,0,0,0,0,0,0,0,0,0,0,0,0,0,0,0,0,0,0,0,0,0,0,0,0,0,0,0,0,0,0,0,0,0,0,0,0,0,0,0,0,0,408645,124148424,40959214,0,0,0,0,0,0,0,0,0,0,0,0,0,0,0,0,0,0,0,0,0,0,0,0,0,0,0,0,0,0,0,0,0,0,0,0,0,2146222080,640073728,130995,39067,0,77,131072,124001422,0,0,1180535230,2147483648,98147160,129380787,0,0,0,0,0,0,0,0,0,0,0,0,0,0,0,0,0,0,7511307,7511414,0,97,97,6262,329,15022654,35,0,0,0,0,0,0,0,1,0,0,0,0,0,0,0,0,0,0,8448806,0,12427420,109765,0,0,0,0,0,0,0,0,16384,0,0,0,0,0,0,0,0,0,0,0,3010,346,0,0,0,0,0,22837056,0,616,1,47,346,3010,0,0,0,0,0,0,0,0,0,0,0,0,0,0,0,0,0,0,0,0,0,0,0,0,0,0,0,0,0,0,0,0,0,0,0,0,0,0,0,0,0,0,0,0,0,0,0,0,0,0,0,0,0,103802840,0,0,0,112277504,0,0,0,0,0,0,0,74688693,124054755,173085865,53774169088,44350923,0,0,0,0,0,0,0,0,0,0,0,0,0,0,0,0,0,0,0,0,0,0,0,0,0,0,0,0,0,0,0,52054289,0,0,0,0,0,0,0
1789621019.583,0,0,0,0,0,0,0,234124412,2031811776000,733520350720,0,0,0,0,0,0,0,0,0,0,0,0,0,0,0,0,0,0,0,0,0,0,0,0,0,0,0,0,0,0,0,0,0,0,0,0,0,0,0,0,0,0,0,0,0,0,0,0,0,0,0,0,0,0,0,0,0,0,408693,124168147,40963708,0,0,0,0,0,0,0,0,0,0,0,0,0,0,0,0,0,0,0,0,0,0,0,0,0,0,0,0,0,0,0,0,0,0,0,0,0,2146320384,648151040,131001,39560,0,71,131072,124021137,0,0,1180665207,2147483648,98166349,129393913,0,0,0,0,0,0,0,0,0,0,0,0,0,0,0,0,0,0,7512127,7512239,0,97,97,6262,329,15024291,35,0,0,0,0,0,0,0,1,0,0,0,0,0,0,0,0,0,0,8449734,0,12427548,109766,0,0,0,0,0,0,0,0,16384,0,0,0,0,0,0,0,0,0,0,0,3011,346,0,0,0,0,0,22839566,0,616,1,47,346,3011,0,0,0,0,0,0,0,0,0,0,0,0,0,0,0,0,0,0,0,0,0,0,0,0,0,0,0,0,0,0,0,0,0,0,0,0,0,0,0,0,0,0,0,0,0,0,0,0,0,0,0,0,0,103805417,0,0,0,112289258,0,0,0,0,0,0,0,74694664,124074464,173097346,53776006144,44352511,0,0,0,0,0,0,0,0,0,0,0,0,0,0,0,0,0,0,0,0,0,0,0,0,0,0,0,0,0,0,0,52055114,0,0,0,0,0,0,0
1789621020.609,0,0,0,0,0,0,0,234147774,2032114634240,733612112896,0,0,0,0,0,0,0,0,0,0,0,0,0,0,0,0,0,0,0,0,0,0,0,0,0,0,0,0,0,0,0,0,0,0,0,0,0,0,0,0,0,0,0,0,0,0,0,0,0,0,0,0,0,0,0,0,0,0,408740,124186660,40969157,0,0,0,0,0,0,0,0,0,0,0,0,0,0,0,0,0,0,0,0,0,0,0,0,0,0,0,0,0,0,0,0,0,0,0,0,0,2146435072,634339328,131008,38717,0,64,131072,124039637,0,0,1180787382,2147483648,98183939,129406099,0,0,0,0,0,0,0,0,0,0,0,0,0,0,0,0,0,0,7512892,7513005,0,97,97,6262,329,15025815,35,0,0,0,0,0,0,0,1,0,0,0,0,0,0,0,0,0,0,8450595,0,12428967,109778,0,0,0,0,0,0,0,0,16384,0,0,0,0,0,0,0,0,0,0,0,3012,346,0,0,0,0,0,22841893,0,616,1,47,346,3012,0,0,0,0,0,0,0,0,0,0,0,0,0,0,0,0,0,0,0,0,0,0,0,0,0,0,0,0,0,0,0,0,0,0,0,0,0,0,0,0,0,0,0,0,0,0,0,0,0,0,0,0,0,103807907,0,0,0,112300141,0,0,0,0,0,0,0,74700456,124092968,173109303,53777748480,44354063,0,0,0,0,0,0,0,0,0,0,0,0,0,0,0,0,0,0,0,0,0,0,0,0,0,0,0,0,0,0,0,52055879,0,0,0,0,0,0,0
1789621021.636,0,0,0,0,0,0,0,234172403,2032436334080,733689422336,0,0,0,0,0,0,0,0,0,0,0,0,0,0,0,0,0,0,0,0,0,0,0,0,0,0,0,0,0,0,0,0,0,0,0,0,0,0,0,0,0,0,0,0,0,0,0,0,0,0,0,0,0,0,0,0,0,0,408782,124206333,40973710,0,0,0,0,0,0,0,0,0,0,0,0,0,0,0,0,0,0,0,0,0,0,0,0,0,0,0,0,0,0,0,0,0,0,0,0,0,2146402304,637534208,131006,38912,0,66,131072,124059302,0,0,1180917246,2147483648,98203120,129418791,0,0,0,0,0,0,0,0,0,0,0,0,0,0,0,0,0,0,7513709,7513825,0,97,97,6262,329,15027459,35,0,0,0,0,0,0,0,1,0,0,0,0,0,0,0,0,0,0,8451517,0,12428967,109778,0,0,0,0,0,0,0,0,16384,0,0,0,0,0,0,0,0,0,0,0,3013,346,0,0,0,0,0,22844384,0,616,1,47,346,3013,0,0,0,0,0,0,0,0,0,0,0,0,0,0,0,0,0,0,0,0,0,0,0,0,0,0,0,0,0,0,0,0,0,0,0,0,0,0,0,0,0,0,0,0,0,0,0,0,0,0,0,0,0,103810441,0,0,0,112311665,0,0,0,0,0,0,0,74706573,124112617,173120932,53779555840,44355631,0,0,0,0,0,0,0,0,0,0,0,0,0,0,0,0,0,0,0,0,0,0,0,0,0,0,0,0,0,0,0,52056698,0,0,0,0,0,0,0
1789621022.663,0,0,0,0,0,0,0,234194527,2032725528064,733759791104,0,0,0,0,0,0,0,0,0,0,0,0,0,0,0,0,0,0,0,0,0,0,0,0,0,0,0,0,0,0,0,0,0,0,0,0,0,0,0,0,0,0,0,0,0,0,0,0,0,0,0,0,0,0,0,0,0,0,408826,124224007,40977847,0,0,0,0,0,0,0,0,0,0,0,0,0,0,0,0,0,0,0,0,0,0,0,0,0,0,0,0,0,0,0,0,0,0,0,0,0,2146435072,642760704,131008,39231,0,64,131072,124076961,0,0,1181033869,2147483648,98220309,129430371,0,0,0,0,0,0,0,0,0,0,0,0,0,0,0,0,0,0,7514435,7514550,0,97,97,6262,329,15028909,35,0,0,0,0,0,0,0,1,0,0,0,0,0,0,0,0,0,0,8452334,0,12429095,109779,0,0,0,0,0,0,0,0,16384,0,0,0,0,0,0,0,0,0,0,0,3015,346,0,0,0,0,0,22846594,0,616,1,47,346,3015,0,0,0,0,0,0,0,0,0,0,0,0,0,0,0,0,0,0,0,0,0,0,0,0,0,0,0,0,0,0,0,0,0,0,0,0,0,0,0,0,0,0,0,0,0,0,0,0,0,0,0,0,0,103812832,0,0,0,112322048,0,0,0,0,0,0,0,74712089,124130279,173131468,53781219840,44357135,0,0,0,0,0,0,0,0,0,0,0,0,0,0,0,0,0,0,0,0,0,0,0,0,0,0,0,0,0,0,0,52057425,0,0,0,0,0,0,0
1789621023.691,0,0,0,0,0,0,0,234218307,2033035005440,733832067584,0,0,0,0,0,0,0,0,0,0,0,0,0,0,0,0,0,0,0,0,0,0,0,0,0,0,0,0,0,0,0,0,0,0,0,0,0,0,0,0,0,0,0,0,0,0,0,0,0,0,0,0,0,0,0,0,0,0,408864,124242922,40982099,0,0,0,0,0,0,0,0,0,0,0,0,0,0,0,0,0,0,0,0,0,0,0,0,0,0,0,0,0,0,0,0,0,0,0,0,0,2146238464,650379264,130996,39696,0,76,131072,124095869,0,0,1181158106,2147483648,98238831,129442720,0,0,0,0,0,0,0,0,0,0,0,0,0,0,0,0,0,0,7515214,7515322,0,97,97,6262,329,15030454,35,0,0,0,0,0,0,0,1,0,0,0,0,0,0,0,0,0,0,8453202,0,12429095,109779,0,0,0,0,0,0,0,0,16384,0,0,0,0,0,0,0,0,0,0,0,3016,346,0,0,0,0,0,22848942,0,616,1,47,346,3016,0,0,0,0,0,0,0,0,0,0,0,0,0,0,0,0,0,0,0,0,0,0,0,0,0,0,0,0,0,0,0,0,0,0,0,0,0,0,0,0,0,0,0,0,0,0,0,0,0,0,0,0,0,103815316,0,0,0,112333129,0,0,0,0,0,0,0,74717865,124149190,173142444,53782970368,44358662,0,0,0,0,0,0,0,0,0,0,0,0,0,0,0,0,0,0,0,0,0,0,0,0,0,0,0,0,0,0,0,52058197,0,0,0,0,0,0,0
1789621024.718,0,0,0,0,0,0,0,234242356,2033348120064,733927551488,0,0,0,0,0,0,0,0,0,0,0,0,0,0,0,0,0,0,0,0,0,0,0,0,0,0,0,0,0,0,0,0,0,0,0,0,0,0,0,0,0,0,0,0,0,0,0,0,0,0,0,0,0,0,0,0,0,0,408908,124262059,40987770,0,0,0,0,0,0,0,0,0,0,0,0,0,0,0,0,0,0,0,0,0,0,0,0,0,0,0,0,0,0,0,0,0,0,0,0,0,2146418688,634929152,131007,38753,0,65,131072,124114991,0,0,1181284030,2147483648,98256973,129455261,0,0,0,0,0,0,0,0,0,0,0,0,0,0,0,0,0,0,7516004,7516120,0,97,97,6262,329,15032040,35,0,0,0,0,0,0,0,1,0,0,0,0,0,0,0,0,0,0,8454099,0,12430543,109791,0,0,0,0,0,0,0,0,16384,0,0,0,0,0,0,0,0,0,0,0,3017,346,0,0,0,0,0,22851373,0,616,1,47,346,3017,0,0,0,0,0,0,0,0,0,0,0,0,0,0,0,0,0,0,0,0,0,0,0,0,0,0,0,0,0,0,0,0,0,0,0,0,0,0,0,0,0,0,0,0,0,0,0,0,0,0,0,0,0,103817791,0,0,0,112344407,0,0,0,0,0,0,0,74723832,124168319,173154807,53784754176,44360203,0,0,0,0,0,0,0,0,0,0,0,0,0,0,0,0,0,0,0,0,0,0,0,0,0,0,0,0,0,0,0,52058995,0,0,0,0,0,0,0
1789621025.744,0,0,0,0,0,0,0,234265988,2033656761856,734002817536,0,0,0,0,0,0,0,0,0,0,0,0,0,0,0,0,0,0,0,0,0,0,0,0,0,0,0,0,0,0,0,0,0,0,0,0,0,0,0,0,0,0,0,0,0,0,0,0,0,0,0,0,0,0,0,0,0,0,408959,124280925,40992193,0,0,0,0,0,0,0,0,0,0,0,0,0,0,0,0,0,0,0,0,0,0,0,0,0,0,0,0,0,0,0,0,0,0,0,0,0,2146320384,637304832,131001,38898,0,71,131072,124133838,0,0,1181408656,2147483648,98275483,129467501,0,0,0,0,0,0,0,0,0,0,0,0,0,0,0,0,0,0,7516793,7516901,0,97,97,6262,329,15033617,35,0,0,0,0,0,0,0,1,0,0,0,0,0,0,0,0,0,0,8454975,0,12430543,109791,0,0,0,0,0,0,0,0,16384,0,0,0,0,0,0,0,0,0,0,0,3018,346,0,0,0,0,0,22853744,0,616,1,47,346,3018,0,0,0,0,0,0,0,0,0,0,0,0,0,0,0,0,0,0,0,0,0,0,0,0,0,0,0,0,0,0,0,0,0,0,0,0,0,0,0,0,0,0,0,0,0,0,0,0,0,0,0,0,0,103820259,0,0,0,112355454,0,0,0,0,0,0,0,74729796,124187185,173166136,53786513408,44361736,0,0,0,0,0,0,0,0,0,0,0,0,0,0,0,0,0,0,0,0,0,0,0,0,0,0,0,0,0,0,0,52059772,0,0,0,0,0,0,0
1789621026.771,0,0,0,0,0,0,0,234287964,2033943203328,734072847872,0,0,0,0,0,0,0,0,0,0,0,0,0,0,0,0,0,0,0,0,0,0,0,0,0,0,0,0,0,0,0,0,0,0,0,0,0,0,0,0,0,0,0,0,0,0,0,0,0,0,0,0,0,0,0,0,0,0,408997,124298442,40996310,0,0,0,0,0,0,0,0,0,0,0,0,0,0,0,0,0,0,0,0,0,0,0,0,0,0,0,0,0,0,0,0,0,0,0,0,0,2146320384,641269760,131001,39140,0,71,131072,124151342,0,0,1181524650,2147483648,98292482,129478969,0,0,0,0,0,0,0,0,0,0,0,0,0,0,0,0,0,0,7517513,7517625,0,97,97,6262,329,15035065,35,0,0,0,0,0,0,0,1,0,0,0,0,0,0,0,0,0,0,8455792,0,12430671,109792,0,0,0,0,0,0,0,0,16384,0,0,0,0,0,0,0,0,0,0,0,3019,346,0,0,0,0,0,22855952,0,616,1,47,346,3019,0,0,0,0,0,0,0,0,0,0,0,0,0,0,0,0,0,0,0,0,0,0,0,0,0,0,0,0,0,0,0,0,0,0,0,0,0,0,0,0,0,0,0,0,0,0,0,0,0,0,0,0,0,103822652,0,0,0,112365756,0,0,0,0,0,0,0,74735299,124204688,173176631,53788179456,44363246,0,0,0,0,0,0,0,0,0,0,0,0,0,0,0,0,0,0,0,0,0,0,0,0,0,0,0,0,0,0,0,52060497,0,0,0,0,0,0,0
1789621027.798,0,0,0,0,0,0,0,234311993,2034254941696,734145434112,0,0,0,0,0,0,0,0,0,0,0,0,0,0,0,0,0,0,0,0,0,0,0,0,0,0,0,0,0,0,0,0,0,0,0,0,0,0,0,0,0,0,0,0,0,0,0,0,0,0,0,0,0,0,0,0,0,0,409036,124317509,41000590,0,0,0,0,0,0,0,0,0,0,0,0,0,0,0,0,0,0,0,0,0,0,0,0,0,0,0,0,0,0,0,0,0,0,0,0,0,2146271232,649543680,130998,39645,0,74,131072,124170394,0,0,1181649889,2147483648,98311089,129491437,0,0,0,0,0,0,0,0,0,0,0,0,0,0,0,0,0,0,7518296,7518411,0,97,97,6262,329,15036627,35,0,0,0,0,0,0,0,1,0,0,0,0,0,0,0,0,0,0,8456677,0,12430671,109792,0,0,0,0,0,0,0,0,16384,0,0,0,0,0,0,0,0,0,0,0,3020,346,0,0,0,0,0,22858339,0,616,1,47,346,3020,0,0,0,0,0,0,0,0,0,0,0,0,0,0,0,0,0,0,0,0,0,0,0,0,0,0,0,0,0,0,0,0,0,0,0,0,0,0,0,0,0,0,0,0,0,0,0,0,0,0,0,0,0,103825157,0,0,0,112377003,0,0,0,0,0,0,0,74741112,124223743,173187671,53789934080,44364791,1,0,0,0,0,0,0,0,0,0,0,0,0,0,0,0,0,0,0,0,0,0,0,0,0,0,0,0,0,0,0,52061286,0,0,0,0,0,0,0
1789621028.825,0,0,0,0,0,0,0,234335845,2034564025856,734239550464,0,0,0,0,0,0,0,0,0,0,0,0,0,0,0,0,0,0,0,0,0,0,0,0,0,0,0,0,0,0,0,0,0,0,0,0,0,0,0,0,0,0,0,0,0,0,0,0,0,0,0,0,0,0,0,0,0,0,409089,124336406,41006162,0,0,0,0,0,0,0,0,0,0,0,0,0,0,0,0,0,0,0,0,0,0,0,0,0,0,0,0,0,0,0,0,0,0,0,0,0,2146238464,635207680,130995,38770,0,77,131072,124189279,0,0,1181774769,2147483648,98329036,129503982,0,0,0,0,0,0,0,0,0,0,0,0,0,0,0,0,0,0,7519083,7519196,0,97,97,6262,329,15038203,35,0,0,0,0,0,0,0,1,0,0,0,0,0,0,0,0,0,0,8457560,0,12432102,109804,0,0,0,0,0,0,0,0,16384,0,0,0,0,0,0,0,0,0,0,0,3021,346,0,0,0,0,0,22860718,0,616,1,47,346,3021,0,0,0,0,0,0,0,0,0,0,0,0,0,0,0,0,0,0,0,0,0,0,0,0,0,0,0,0,0,0,0,0,0,0,0,0,0,0,0,0,0,0,0,0,0,0,0,0,0,0,0,0,0,103827671,0,0,0,112388171,0,0,0,0,0,0,0,74747030,124242622,173199915,53791733248,44366343,0,0,0,0,0,0,0,0,0,0,0,0,0,0,0,0,0,0,0,0,0,0,0,0,0,0,0,0,0,0,0,52062071,0,0,0,0,0,0,0
1789621029.852,0,0,0,0,0,0,0,234358099,2034853350912,734308366848,0,0,0,0,0,0,0,0,0,0,0,0,0,0,0,0,0,0,0,0,0,0,0,0,0,0,0,0,0,0,0,0,0,0,0,0,0,0,0,0,0,0,0,0,0,0,0,0,0,0,0,0,0,0,0,0,0,0,409131,124354092,41010209,0,0,0,0,0,0,0,0,0,0,0,0,0,0,0,0,0,0,0,0,0,0,0,0,0,0,0,0,0,0,0,0,0,0,0,0,0,2146189312,638255104,130993,38956,0,79,131072,124206960,0,0,1181891853,2147483648,98346305,129515407,0,0,0,0,0,0,0,0,0,0,0,0,0,0,0,0,0,0,7519815,7519928,0,97,97,6262,329,15039678,35,0,0,0,0,0,0,0,1,0,0,0,0,0,0,0,0,0,0,8458383,0,12432102,109804,0,0,0,0,0,0,0,0,16384,0,0,0,0,0,0,0,0,0,0,0,3022,346,0,0,0,0,0,22862943,0,616,1,47,346,3022,0,0,0,0,0,0,0,0,0,0,0,0,0,0,0,0,0,0,0,0,0,0,0,0,0,0,0,0,0,0,0,0,0,0,0,0,0,0,0,0,0,0,0,0,0,0,0,0,0,0,0,0,0,103830095,0,0,0,112398485,0,0,0,0,0,0,0,74752588,124260300,173210425,53793426432,44367858,0,0,0,0,0,0,0,0,0,0,0,0,0,0,0,0,0,0,0,0,0,0,0,0,0,0,0,0,0,0,0,52062802,0,0,0,0,0,0,0
1789621030.879,0,0,0,0,0,0,0,234381791,2035164384768,734384152064,0,0,0,0,0,0,0,0,0,0,0,0,0,0,0,0,0,0,0,0,0,0,0,0,0,0,0,0,0,0,0,0,0,0,0,0,0,0,0,0,0,0,0,0,0,0,0,0,0,0,0,0,0,0,0,0,0,0,409177,124373110,41014664,0,0,0,0,0,0,0,0,0,0,0,0,0,0,0,0,0,0,0,0,0,0,0,0,0,0,0,0,0,0,0,0,0,0,0,0,0,2146320384,643088384,131001,39251,0,70,131072,124225965,0,0,1182017443,2147483648,98364776,129527889,0,0,0,0,0,0,0,0,0,0,0,0,0,0,0,0,0,0,7520612,7520721,0,97,97,6262,329,15041257,35,0,0,0,0,0,0,0,1,0,0,0,0,0,0,0,0,0,0,8459275,0,12432230,109805,0,0,0,0,0,0,0,0,16384,0,0,0,0,0,0,0,0,0,0,0,3023,346,0,0,0,0,0,22865364,0,616,1,47,346,3023,0,0,0,0,0,0,0,0,0,0,0,0,0,0,0,0,0,0,0,0,0,0,0,0,0,0,0,0,0,0,0,0,0,0,0,0,0,0,0,0,0,0,0,0,0,0,0,0,0,0,0,0,0,103832601,0,0,0,112409701,0,0,0,0,0,0,0,74758492,124279307,173221733,53795215360,44369413,0,0,0,0,0,0,0,0,0,0,0,0,0,0,0,0,0,0,0,0,0,0,0,0,0,0,0,0,0,0,0,52063595,0,0,0,0,0,0,0
1789621031.906,0,0,0,0,0,0,0,234404711,2035460722176,734453850112,0,0,0,0,0,0,0,0,0,0,0,0,0,0,0,0,0,0,0,0,0,0,0,0,0,0,0,0,0,0,0,0,0,0,0,0,0,0,0,0,0,0,0,0,0,0,0,0,0,0,0,0,0,0,0,0,0,0,409220,124391235,41018763,0,0,0,0,0,0,0,0,0,0,0,0,0,0,0,0,0,0,0,0,0,0,0,0,0,0,0,0,0,0,0,0,0,0,0,0,0,2146304000,650510336,131000,39704,0,72,131072,124244079,0,0,1182136913,2147483648,98382474,129539825,0,0,0,0,0,0,0,0,0,0,0,0,0,0,0,0,0,0,7521359,7521468,0,97,97,6262,329,15042746,35,0,0,0,0,0,0,0,1,0,0,0,0,0,0,0,0,0,0,8460114,0,12432230,109805,0,0,0,0,0,0,0,0,16384,0,0,0,0,0,0,0,0,0,0,0,3024,346,0,0,0,0,0,22867641,0,616,1,47,346,3024,0,0,0,0,0,0,0,0,0,0,0,0,0,0,0,0,0,0,0,0,0,0,0,0,0,0,0,0,0,0,0,0,0,0,0,0,0,0,0,0,0,0,0,0,0,0,0,0,0,0,0,0,0,103835030,0,0,0,112420434,0,0,0,0,0,0,0,74764103,124297417,173232350,53796914688,44370926,0,0,0,0,0,0,0,0,0,0,0,0,0,0,0,0,0,0,0,0,0,0,0,0,0,0,0,0,0,0,0,52064341,0,0,0,0,0,0,0
1789621032.933,0,0,0,0,0,0,0,234429756,2035785125376,734551079936,0,0,0,0,0,0,0,0,0,0,0,0,0,0,0,0,0,0,0,0,0,0,0,0,0,0,0,0,0,0,0,0,0,0,0,0,0,0,0,0,0,0,0,0,0,0,0,0,0,0,0,0,0,0,0,0,0,0,409262,124411059,41024528,0,0,0,0,0,0,0,0,0,0,0,0,0,0,0,0,0,0,0,0,0,0,0,0,0,0,0,0,0,0,0,0,0,0,0,0,0,2146189312,637075456,130993,38884,0,79,131072,124263885,0,0,1182267745,2147483648,98401357,129552850,0,0,0,0,0,0,0,0,0,0,0,0,0,0,0,0,0,0,7522175,7522290,0,97,97,6262,329,15044390,35,0,0,0,0,0,0,0,1,0,0,0,0,0,0,0,0,0,0,8461041,0,12433662,109817,0,0,0,0,0,0,0,0,16384,0,0,0,0,0,0,0,0,0,0,0,3025,346,0,0,0,0,0,22870143,0,616,1,47,346,3025,0,0,0,0,0,0,0,0,0,0,0,0,0,0,0,0,0,0,0,0,0,0,0,0,0,0,0,0,0,0,0,0,0,0,0,0,0,0,0,0,0,0,0,0,0,0,0,0,0,0,0,0,0,103837555,0,0,0,112432126,0,0,0,0,0,0,0,74770228,124317229,173244983,53798728704,44372509,0,0,0,0,0,0,0,0,0,0,0,0,0,0,0,0,0,0,0,0,0,0,0,0,0,0,0,0,0,0,0,52065165,0,0,0,0,0,0,0
1789621033.959,0,0,0,0,0,0,0,234451942,2036075023872,734620319232,0,0,0,0,0,0,0,0,0,0,0,0,0,0,0,0,0,0,0,0,0,0,0,0,0,0,0,0,0,0,0,0,0,0,0,0,0,0,0,0,0,0,0,0,0,0,0,0,0,0,0,0,0,0,0,0,0,0,409306,124428774,41028606,0,0,0,0,0,0,0,0,0,0,0,0,0,0,0,0,0,0,0,0,0,0,0,0,0,0,0,0,0,0,0,0,0,0,0,0,0,2146271232,641351680,130998,39145,0,74,131072,124281591,0,0,1182384419,2147483648,98418711,129564457,0,0,0,0,0,0,0,0,0,0,0,0,0,0,0,0,0,0,7522922,7523032,0,97,97,6262,329,15045876,35,0,0,0,0,0,0,0,1,0,0,0,0,0,0,0,0,0,0,8461875,0,12433662,109817,0,0,0,0,0,0,0,0,16384,0,0,0,0,0,0,0,0,0,0,0,3026,346,0,0,0,0,0,22872392,0,616,1,47,346,3026,0,0,0,0,0,0,0,0,0,0,0,0,0,0,0,0,0,0,0,0,0,0,0,0,0,0,0,0,0,0,0,0,0,0,0,0,0,0,0,0,0,0,0,0,0,0,0,0,0,0,0,0,0,103839995,0,0,0,112442599,0,0,0,0,0,0,0,74775801,124334943,173255561,53800428032,44374012,0,0,0,0,0,0,0,0,0,0,0,0,0,0,0,0,0,0,0,0,0,0,0,0,0,0,0,0,0,0,0,52065906,0,0,0,0,0,0,0
1789621034.986,0,0,0,0,0,0,0,234476189,2036390284800,734699053056,0,0,0,0,0,0,0,0,0,0,0,0,0,0,0,0,0,0,0,0,0,0,0,0,0,0,0,0,0,0,0,0,0,0,0,0,0,0,0,0,0,0,0,0,0,0,0,0,0,0,0,0,0,0,0,0,0,0,409355,124448042,41033151,0,0,0,0,0,0,0,0,0,0,0,0,0,0,0,0,0,0,0,0,0,0,0,0,0,0,0,0,0,0,0,0,0,0,0,0,0,2146140160,644988928,130990,39367,0,82,131072,124300852,0,0,1182512488,2147483648,98437427,129577068,0,0,0,0,0,0,0,0,0,0,0,0,0,0,0,0,0,0,7523715,7523824,0,97,97,6262,329,15047458,35,0,0,0,0,0,0,0,1,0,0,0,0,0,0,0,0,0,0,8462766,0,12433790,109818,0,0,0,0,0,0,0,0,16384,0,0,0,0,0,0,0,0,0,0,0,3027,346,0,0,0,0,0,22874792,0,616,1,47,346,3027,0,0,0,0,0,0,0,0,0,0,0,0,0,0,0,0,0,0,0,0,0,0,0,0,0,0,0,0,0,0,0,0,0,0,0,0,0,0,0,0,0,0,0,0,0,0,0,0,0,0,0,0,0,103845820,0,0,0,112453889,0,0,0,0,0,0,0,74784239,124354201,173270351,53803743744,44378036,0,0,0,0,0,0,0,0,0,0,0,0,0,0,0,0,0,0,0,0,0,0,0,0,0,0,0,0,0,0,0,52066697,0,0,0,0,0,0,0
1789621036.012,0,0,0,0,0,0,0,234498760,2036683771392,734791664128,0,0,0,0,0,0,0,0,0,0,0,0,0,0,0,0,0,0,0,0,0,0,0,0,0,0,0,0,0,0,0,0,0,0,0,0,0,0,0,0,0,0,0,0,0,0,0,0,0,0,0,0,0,0,0,0,0,0,409401,124465975,41038526,0,0,0,0,0,0,0,0,0,0,0,0,0,0,0,0,0,0,0,0,0,0,0,0,0,0,0,0,0,0,0,0,0,0,0,0,0,2146140160,630341632,130990,38473,0,82,131072,124318774,0,0,1182630533,2147483648,98454450,129588949,0,0,0,0,0,0,0,0,0,0,0,0,0,0,0,0,0,0,7524451,7524565,0,97,97,6262,329,15048938,35,0,0,0,0,0,0,0,1,0,0,0,0,0,0,0,0,0,0,8463600,0,12435229,109830,0,0,0,0,0,0,0,0,16384,0,0,0,0,0,0,0,0,0,0,0,3028,346,0,0,0,0,0,22877042,0,616,1,47,346,3028,0,0,0,0,0,0,0,0,0,0,0,0,0,0,0,0,0,0,0,0,0,0,0,0,0,0,0,0,0,0,0,0,0,0,0,0,0,0,0,0,0,0,0,0,0,0,0,0,0,0,0,0,0,103852988,0,0,0,112464459,0,0,0,0,0,0,0,74793538,124372117,173286801,53807644160,44383207,0,0,0,0,0,0,0,0,0,0,0,0,0,0,0,0,0,0,0,0,0,0,0,0,0,0,0,0,0,0,0,52067440,0,0,0,0,0,0,0
1789621037.039,0,0,0,0,0,0,0,234523442,2037003193856,734865875968,0,0,0,0,0,0,0,0,0,0,0,0,0,0,0,0,0,0,0,0,0,0,0,0,0,0,0,0,0,0,0,0,0,0,0,0,0,0,0,0,0,0,0,0,0,0,0,0,0,0,0,0,0,0,0,0,0,0,409446,124485511,41042872,0,0,0,0,0,0,0,0,0,0,0,0,0,0,0,0,0,0,0,0,0,0,0,0,0,0,0,0,0,0,0,0,0,0,0,0,0,2146074624,638402560,130986,38965,0,86,131072,124338292,0,0,1182759498,2147483648,98473487,129601795,0,0,0,0,0,0,0,0,0,0,0,0,0,0,0,0,0,0,7525267,7525378,0,97,97,6262,329,15050566,35,0,0,0,0,0,0,0,1,0,0,0,0,0,0,0,0,0,0,8464515,0,12435229,109830,0,0,0,0,0,0,0,0,16384,0,0,0,0,0,0,0,0,0,0,0,3029,346,0,0,0,0,0,22879504,0,616,1,47,346,3029,0,0,0,0,0,0,0,0,0,0,0,0,0,0,0,0,0,0,0,0,0,0,0,0,0,0,0,0,0,0,0,0,0,0,0,0,0,0,0,0,0,0,0,0,0,0,0,0,0,0,0,0,0,103855557,0,0,0,112476036,0,0,0,0,0,0,0,74799486,124391647,173298082,53809467904,44384797,0,0,0,0,0,0,0,0,0,0,0,0,0,0,0,0,0,0,0,0,0,0,0,0,0,0,0,0,0,0,0,52068252,0,0,0,0,0,0,0
1789621038.066,0,0,0,0,0,0,0,234544260,2037274725888,734931431936,0,0,0,0,0,0,0,0,0,0,0,0,0,0,0,0,0,0,0,0,0,0,0,0,0,0,0,0,0,0,0,0,0,0,0,0,0,0,0,0,0,0,0,0,0,0,0,0,0,0,0,0,0,0,0,0,0,0,409487,124502110,41046722,0,0,0,0,0,0,0,0,0,0,0,0,0,0,0,0,0,0,0,0,0,0,0,0,0,0,0,0,0,0,0,0,0,0,0,0,0,2146287616,640794624,130999,39111,0,72,131072,124354877,0,0,1182868772,2147483648,98489733,129612468,0,0,0,0,0,0,0,0,0,0,0,0,0,0,0,0,0,0,7525951,7526064,0,97,97,6262,329,15051925,35,0,0,0,0,0,0,0,1,0,0,0,0,0,0,0,0,0,0,8465286,0,12435229,109830,0,0,0,0,0,0,0,0,16384,0,0,0,0,0,0,0,0,0,0,0,3030,346,0,0,0,0,0,22881584,0,616,1,47,346,3030,0,0,0,0,0,0,0,0,0,0,0,0,0,0,0,0,0,0,0,0,0,0,0,0,0,0,0,0,0,0,0,0,0,0,0,0,0,0,0,0,0,0,0,0,0,0,0,0,0,0,0,0,0,103857932,0,0,0,112485655,0,0,0,0,0,0,0,74804811,124408238,173308159,53811071488,44386267,0,0,0,0,0,0,0,0,0,0,0,0,0,0,0,0,0,0,0,0,0,0,0,0,0,0,0,0,0,0,0,52068938,0,0,0,0,0,0,0
1789621039.093,0,0,0,0,0,0,0,234569056,2037596016128,735009827840,0,0,0,0,0,0,0,0,0,0,0,0,0,0,0,0,0,0,0,0,0,0,0,0,0,0,0,0,0,0,0,0,0,0,0,0,0,0,0,0,0,0,0,0,0,0,0,0,0,0,0,0,0,0,0,0,0,0,409532,124521744,41051334,0,0,0,0,0,0,0,0,0,0,0,0,0,0,0,0,0,0,0,0,0,0,0,0,0,0,0,0,0,0,0,0,0,0,0,0,0,2146238464,644759552,130996,39353,0,76,131072,124374504,0,0,1182999610,2147483648,98508801,129625378,0,0,0,0,0,0,0,0,0,0,0,0,0,0,0,0,0,0,7526768,7526880,0,97,97,6262,329,15053577,35,0,0,0,0,0,0,0,1,0,0,0,0,0,0,0,0,0,0,8466205,0,12435357,109831,0,0,0,0,0,0,0,0,16384,0,0,0,0,0,0,0,0,0,0,0,3031,346,0,0,0,0,0,22884060,0,616,1,47,346,3031,0,0,0,0,0,0,0,0,0,0,0,0,0,0,0,0,0,0,0,0,0,0,0,0,0,0,0,0,0,0,0,0,0,0,0,0,0,0,0,0,0,0,0,0,0,0,0,0,0,0,0,0,0,103860499,0,0,0,112497321,0,0,0,0,0,0,0,74810898,124427861,173319826,53812916736,44387870,0,0,0,0,0,0,0,0,0,0,0,0,0,0,0,0,0,0,0,0,0,0,0,0,0,0,0,0,0,0,0,52069754,0,0,0,0,0,0,0
1789621040.119,0,0,0,0,0,0,0,234592020,2037895351808,735102460416,0,0,0,0,0,0,0,0,0,0,0,0,0,0,0,0,0,0,0,0,0,0,0,0,0,0,0,0,0,0,0,0,0,0,0,0,0,0,0,0,0,0,0,0,0,0,0,0,0,0,0,0,0,0,0,0,0,0,409575,124540043,41056840,0,0,0,0,0,0,0,0,0,0,0,0,0,0,0,0,0,0,0,0,0,0,0,0,0,0,0,0,0,0,0,0,0,0,0,0,0,2146304000,629866496,131001,38444,0,71,131072,124392790,0,0,1183119560,2147483648,98526225,129637344,0,0,0,0,0,0,0,0,0,0,0,0,0,0,0,0,0,0,7527516,7527631,0,97,97,6262,329,15055072,35,0,0,0,0,0,0,0,1,0,0,0,0,0,0,0,0,0,0,8467049,0,12436778,109843,0,0,0,0,0,0,0,0,16384,0,0,0,0,0,0,0,0,0,0,0,3032,346,0,0,0,0,0,22886344,0,616,1,47,346,3032,0,0,0,0,0,0,0,0,0,0,0,0,0,0,0,0,0,0,0,0,0,0,0,0,0,0,0,0,0,0,0,0,0,0,0,0,0,0,0,0,0,0,0,0,0,0,0,0,0,0,0,0,0,103862921,0,0,0,112508066,0,0,0,0,0,0,0,74816687,124446157,173331827,53814624256,44389371,0,0,0,0,0,0,0,0,0,0,0,0,0,0,0,0,0,0,0,0,0,0,0,0,0,0,0,0,0,0,0,52070506,0,0,0,0,0,0,0
1789621041.145,0,0,0,0,0,0,0,234616328,2038210661888,735174966784,0,0,0,0,0,0,0,0,0,0,0,0,0,0,0,0,0,0,0,0,0,0,0,0,0,0,0,0,0,0,0,0,0,0,0,0,0,0,0,0,0,0,0,0,0,0,0,0,0,0,0,0,0,0,0,0,0,0,409618,124559321,41061091,0,0,0,0,0,0,0,0,0,0,0,0,0,0,0,0,0,0,0,0,0,0,0,0,0,0,0,0,0,0,0,0,0,0,0,0,0,2146156544,639516672,130991,39033,0,81,131072,124412058,0,0,1183246597,2147483648,98545096,129650039,0,0,0,0,0,0,0,0,0,0,0,0,0,0,0,0,0,0,7528321,7528435,0,97,97,6262,329,15056667,35,0,0,0,0,0,0,0,1,0,0,0,0,0,0,0,0,0,0,8467954,0,12436778,109843,0,0,0,0,0,0,0,0,16384,0,0,0,0,0,0,0,0,0,0,0,3033,346,0,0,0,0,0,22888785,0,616,1,47,346,3033,0,0,0,0,0,0,0,0,0,0,0,0,0,0,0,0,0,0,0,0,0,0,0,0,0,0,0,0,0,0,0,0,0,0,0,0,0,0,0,0,0,0,0,0,0,0,0,0,0,0,0,0,0,103865473,0,0,0,112519476,0,0,0,0,0,0,0,74822500,124465421,173342881,53816476672,44390933,0,0,0,0,0,0,0,0,0,0,0,0,0,0,0,0,0,0,0,0,0,0,0,0,0,0,0,0,0,0,0,52071310,0,0,0,0,0,0,0
1789621042.172,0,0,0,0,0,0,0,234638169,2038494170624,735244817920,0,0,0,0,0,0,0,0,0,0,0,0,0,0,0,0,0,0,0,0,0,0,0,0,0,0,0,0,0,0,0,0,0,0,0,0,0,0,0,0,0,0,0,0,0,0,0,0,0,0,0,0,0,0,0,0,0,0,409668,124576650,41065197,0,0,0,0,0,0,0,0,0,0,0,0,0,0,0,0,0,0,0,0,0,0,0,0,0,0,0,0,0,0,0,0,0,0,0,0,0,2146287616,641466368,130999,39152,0,73,131072,124429379,0,0,1183362865,2147483648,98561944,129661418,0,0,0,0,0,0,0,0,0,0,0,0,0,0,0,0,0,0,7529038,7529151,0,97,97,6262,329,15058140,35,0,0,0,0,0,0,0,1,0,0,0,0,0,0,0,0,0,0,8468760,0,12436906,109844,0,0,0,0,0,0,0,0,16384,0,0,0,0,0,0,0,0,0,0,0,3034,346,0,0,0,0,0,22890972,0,616,1,47,346,3034,0,0,0,0,0,0,0,0,0,0,0,0,0,0,0,0,0,0,0,0,0,0,0,0,0,0,0,0,0,0,0,0,0,0,0,0,0,0,0,0,0,0,0,0,0,0,0,0,0,0,0,0,0,103867873,0,0,0,112529694,0,0,0,0,0,0,0,74827980,124482741,173353369,53818152448,44392432,0,0,0,0,0,0,0,0,0,0,0,0,0,0,0,0,0,0,0,0,0,0,0,0,0,0,0,0,0,0,0,52072026,0,0,0,0,0,0,0
1789621043.199,0,0,0,0,0,0,0,234662607,2038812478976,735321850880,0,0,0,0,0,0,0,0,0,0,0,0,0,0,0,0,0,0,0,0,0,0,0,0,0,0,0,0,0,0,0,0,0,0,0,0,0,0,0,0,0,0,0,0,0,0,0,0,0,0,0,0,0,0,0,0,0,0,409709,124596116,41069730,0,0,0,0,0,0,0,0,0,0,0,0,0,0,0,0,0,0,0,0,0,0,0,0,0,0,0,0,0,0,0,0,0,0,0,0,0,2146320384,647004160,131001,39490,0,71,131072,124448828,0,0,1183490225,2147483648,98580964,129674180,0,0,0,0,0,0,0,0,0,0,0,0,0,0,0,0,0,0,7529848,7529959,0,97,97,6262,329,15059723,35,0,0,0,0,0,0,0,1,0,0,0,0,0,0,0,0,0,0,8469668,0,12436906,109844,0,0,0,0,0,0,0,0,16384,0,0,0,0,0,0,0,0,0,0,0,3035,346,0,0,0,0,0,22893429,0,616,1,47,346,3035,0,0,0,0,0,0,0,0,0,0,0,0,0,0,0,0,0,0,0,0,0,0,0,0,0,0,0,0,0,0,0,0,0,0,0,0,0,0,0,0,0,0,0,0,0,0,0,0,0,0,0,0,0,103870416,0,0,0,112541169,0,0,0,0,0,0,0,74834097,124502199,173364978,53819956224,44394016,0,0,0,0,0,0,0,0,0,0,0,0,0,0,0,0,0,0,0,0,0,0,0,0,0,0,0,0,0,0,0,52072834,0,0,0,0,0,0,0
1789621044.226,0,0,0,0,0,0,0,234684227,2039093153280,735387648512,0,0,0,0,0,0,0,0,0,0,0,0,0,0,0,0,0,0,0,0,0,0,0,0,0,0,0,0,0,0,0,0,0,0,0,0,0,0,0,0,0,0,0,0,0,0,0,0,0,0,0,0,0,0,0,0,0,0,409739,124613264,41073606,0,0,0,0,0,0,0,0,0,0,0,0,0,0,0,0,0,0,0,0,0,0,0,0,0,0,0,0,0,0,0,0,0,0,0,0,0,2146205696,654426112,130994,39943,0,78,131072,124465968,0,0,1183603169,2147483648,98597800,129685422,0,0,0,0,0,0,0,0,0,0,0,0,0,0,0,0,0,0,7530554,7530666,0,97,97,6262,329,15061144,35,0,0,0,0,0,0,0,1,0,0,0,0,0,0,0,0,0,0,8470464,0,12436906,109844,0,0,0,0,0,0,0,0,16384,0,0,0,0,0,0,0,0,0,0,0,3036,346,0,0,0,0,0,22895581,0,616,1,47,346,3036,0,0,0,0,0,0,0,0,0,0,0,0,0,0,0,0,0,0,0,0,0,0,0,0,0,0,0,0,0,0,0,0,0,0,0,0,0,0,0,0,0,0,0,0,0,0,0,0,0,0,0,0,0,103872796,0,0,0,112551343,0,0,0,0,0,0,0,74839435,124519336,173375088,53821589504,44395493,0,0,0,0,0,0,0,0,0,0,0,0,0,0,0,0,0,0,0,0,0,0,0,0,0,0,0,0,0,0,0,52073541,0,0,0,0,0,0,0
1789621045.253,0,0,0,0,0,0,0,234709706,2039425961472,735488739328,0,0,0,0,0,0,0,0,0,0,0,0,0,0,0,0,0,0,0,0,0,0,0,0,0,0,0,0,0,0,0,0,0,0,0,0,0,0,0,0,0,0,0,0,0,0,0,0,0,0,0,0,0,0,0,0,0,0,409797,124633609,41079605,0,0,0,0,0,0,0,0,0,0,0,0,0,0,0,0,0,0,0,0,0,0,0,0,0,0,0,0,0,0,0,0,0,0,0,0,0,2146074624,640090112,130986,39068,0,86,131072,124486302,0,0,1183736845,2147483648,98617190,129698675,0,0,0,0,0,0,0,0,0,0,0,0,0,0,0,0,0,0,7531394,7531507,0,97,97,6262,329,15062818,35,0,0,0,0,0,0,0,1,0,0,0,0,0,0,0,0,0,0,8471411,0,12438363,109856,0,0,0,0,0,0,0,0,16384,0,0,0,0,0,0,0,0,0,0,0,3037,346,0,0,0,0,0,22898134,0,616,1,47,346,3037,0,0,0,0,0,0,0,0,0,0,0,0,0,0,0,0,0,0,0,0,0,0,0,0,0,0,0,0,0,0,0,0,0,0,0,0,0,0,0,0,0,0,0,0,0,0,0,0,0,0,0,0,0,103875370,0,0,0,112563212,0,0,0,0,0,0,0,74845766,124539675,173388220,53823457792,44397069,0,0,0,0,0,0,0,0,0,0,0,0,0,0,0,0,0,0,0,0,0,0,0,0,0,0,0,0,0,0,0,52074383,0,0,0,0,0,0,0
1789621046.279,0,0,0,0,0,0,0,234732210,2039720152576,735559120384,0,0,0,0,0,0,0,0,0,0,0,0,0,0,0,0,0,0,0,0,0,0,0,0,0,0,0,0,0,0,0,0,0,0,0,0,0,0,0,0,0,0,0,0,0,0,0,0,0,0,0,0,0,0,0,0,0,0,409840,124651582,41083733,0,0,0,0,0,0,0,0,0,0,0,0,0,0,0,0,0,0,0,0,0,0,0,0,0,0,0,0,0,0,0,0,0,0,0,0,0,2146451456,643612672,131009,39284,0,63,131072,124504265,0,0,1183856295,2147483648,98634762,129710358,0,0,0,0,0,0,0,0,0,0,0,0,0,0,0,0,0,0,7532148,7532262,0,97,97,6262,329,15064320,35,0,0,0,0,0,0,0,1,0,0,0,0,0,0,0,0,0,0,8472259,0,12438363,109856,0,0,0,0,0,0,0,0,16384,0,0,0,0,0,0,0,0,0,0,0,3038,346,0,0,0,0,0,22900421,0,616,1,47,346,3038,0,0,0,0,0,0,0,0,0,0,0,0,0,0,0,0,0,0,0,0,0,0,0,0,0,0,0,0,0,0,0,0,0,0,0,0,0,0,0,0,0,0,0,0,0,0,0,0,0,0,0,0,0,103877814,0,0,0,112573753,0,0,0,0,0,0,0,74851407,124557641,173398943,53825173504,44398573,0,0,0,0,0,0,0,0,0,0,0,0,0,0,0,0,0,0,0,0,0,0,0,0,0,0,0,0,0,0,0,52075136,0,0,0,0,0,0,0
1789621047.306,0,0,0,0,0,0,0,234755805,2040027336192,735633448960,0,0,0,0,0,0,0,0,0,0,0,0,0,0,0,0,0,0,0,0,0,0,0,0,0,0,0,0,0,0,0,0,0,0,0,0,0,0,0,0,0,0,0,0,0,0,0,0,0,0,0,0,0,0,0,0,0,0,409880,124670366,41088114,0,0,0,0,0,0,0,0,0,0,0,0,0,0,0,0,0,0,0,0,0,0,0,0,0,0,0,0,0,0,0,0,0,0,0,0,0,2146205696,648413184,130994,39576,0,78,131072,124523040,0,0,1183979882,2147483648,98653009,129722601,0,0,0,0,0,0,0,0,0,0,0,0,0,0,0,0,0,0,7532915,7533028,0,97,97,6262,329,15065863,35,0,0,0,0,0,0,0,1,0,0,0,0,0,0,0,0,0,0,8473121,0,12438491,109857,0,0,0,0,0,0,0,0,16384,0,0,0,0,0,0,0,0,0,0,0,3039,346,0,0,0,0,0,22902761,0,616,1,47,346,3039,0,0,0,0,0,0,0,0,0,0,0,0,0,0,0,0,0,0,0,0,0,0,0,0,0,0,0,0,0,0,0,0,0,0,0,0,0,0,0,0,0,0,0,0,0,0,0,0,0,0,0,0,0,103880295,0,0,0,112584798,0,0,0,0,0,0,0,74857190,124576409,173410041,53826921472,44400108,0,0,0,0,0,0,0,0,0,0,0,0,0,0,0,0,0,0,0,0,0,0,0,0,0,0,0,0,0,0,0,52075903,0,0,0,0,0,0,0
1789621048.333,0,0,0,0,0,0,0,234778516,2040323624448,735725080064,0,0,0,0,0,0,0,0,0,0,0,0,0,0,0,0,0,0,0,0,0,0,0,0,0,0,0,0,0,0,0,0,0,0,0,0,0,0,0,0,0,0,0,0,0,0,0,0,0,0,0,0,0,0,0,0,0,0,409927,124688459,41093548,0,0,0,0,0,0,0,0,0,0,0,0,0,0,0,0,0,0,0,0,0,0,0,0,0,0,0,0,0,0,0,0,0,0,0,0,0,2146500608,633602048,131012,38672,0,60,131072,124541124,0,0,1184098569,2147483648,98670128,129734506,0,0,0,0,0,0,0,0,0,0,0,0,0,0,0,0,0,0,7533663,7533776,0,97,97,6262,329,15067353,35,0,0,0,0,0,0,0,1,0,0,0,0,0,0,0,0,0,0,8473963,0,12439925,109869,0,0,0,0,0,0,0,0,16384,0,0,0,0,0,0,0,0,0,0,0,3040,346,0,0,0,0,0,22905045,0,616,1,47,346,3040,0,0,0,0,0,0,0,0,0,0,0,0,0,0,0,0,0,0,0,0,0,0,0,0,0,0,0,0,0,0,0,0,0,0,0,0,0,0,0,0,0,0,0,0,0,0,0,0,0,0,0,0,0,103882741,0,0,0,112595466,0,0,0,0,0,0,0,74862900,124594510,173421931,53828638720,44401608,0,0,0,0,0,0,0,0,0,0,0,0,0,0,0,0,0,0,0,0,0,0,0,0,0,0,0,0,0,0,0,52076652,0,0,0,0,0,0,0
1789621049.359,0,0,0,0,0,0,0,234802883,2040639671808,735797915648,0,0,0,0,0,0,0,0,0,0,0,0,0,0,0,0,0,0,0,0,0,0,0,0,0,0,0,0,0,0,0,0,0,0,0,0,0,0,0,0,0,0,0,0,0,0,0,0,0,0,0,0,0,0,0,0,0,0,409971,124707788,41097831,0,0,0,0,0,0,0,0,0,0,0,0,0,0,0,0,0,0,0,0,0,0,0,0,0,0,0,0,0,0,0,0,0,0,0,0,0,2146238464,641597440,130996,39160,0,76,131072,124560439,0,0,1184226157,2147483648,98689048,129747119,0,0,0,0,0,0,0,0,0,0,0,0,0,0,0,0,0,0,7534464,7534577,0,97,97,6262,329,15068960,35,0,0,0,0,0,0,0,1,0,0,0,0,0,0,0,0,0,0,8474863,0,12439925,109869,0,0,0,0,0,0,0,0,16384,0,0,0,0,0,0,0,0,0,0,0,3041,346,0,0,0,0,0,22907476,0,616,1,47,346,3041,0,0,0,0,0,0,0,0,0,0,0,0,0,0,0,0,0,0,0,0,0,0,0,0,0,0,0,0,0,0,0,0,0,0,0,0,0,0,0,0,0,0,0,0,0,0,0,0,0,0,0,0,0,103885275,0,0,0,112606821,0,0,0,0,0,0,0,74868747,124613820,173433026,53830426624,44403175,0,0,0,0,0,0,0,0,0,0,0,0,0,0,0,0,0,0,0,0,0,0,0,0,0,0,0,0,0,0,0,52077452,0,0,0,0,0,0,0
1789621050.385,0,0,0,0,0,0,0,234825317,2040931896832,735868936704,0,0,0,0,0,0,0,0,0,0,0,0,0,0,0,0,0,0,0,0,0,0,0,0,0,0,0,0,0,0,0,0,0,0,0,0,0,0,0,0,0,0,0,0,0,0,0,0,0,0,0,0,0,0,0,0,0,0,410010,124725651,41102004,0,0,0,0,0,0,0,0,0,0,0,0,0,0,0,0,0,0,0,0,0,0,0,0,0,0,0,0,0,0,0,0,0,0,0,0,0,2146238464,644956160,130996,39365,0,75,131072,124578288,0,0,1184344185,2147483648,98706431,129758761,0,0,0,0,0,0,0,0,0,0,0,0,0,0,0,0,0,0,7535215,7535327,0,97,97,6262,329,15070452,35,0,0,0,0,0,0,0,1,0,0,0,0,0,0,0,0,0,0,8475708,0,12440053,109870,0,0,0,0,0,0,0,0,16384,0,0,0,0,0,0,0,0,0,0,0,3042,346,0,0,0,0,0,22909755,0,616,1,47,346,3042,0,0,0,0,0,0,0,0,0,0,0,0,0,0,0,0,0,0,0,0,0,0,0,0,0,0,0,0,0,0,0,0,0,0,0,0,0,0,0,0,0,0,0,0,0,0,0,0,0,0,0,0,0,103887716,0,0,0,112617350,0,0,0,0,0,0,0,74874315,124631679,173443691,53832120832,44404695,0,0,0,0,0,0,0,0,0,0,0,0,0,0,0,0,0,0,0,0,0,0,0,0,0,0,0,0,0,0,0,52078203,0,0,0,0,0,0,0
1789621051.412,0,0,0,0,0,0,0,234850092,2041253891584,735946240000,0,0,0,0,0,0,0,0,0,0,0,0,0,0,0,0,0,0,0,0,0,0,0,0,0,0,0,0,0,0,0,0,0,0,0,0,0,0,0,0,0,0,0,0,0,0,0,0,0,0,0,0,0,0,0,0,0,0,410061,124745328,41106553,0,0,0,0,0,0,0,0,0,0,0,0,0,0,0,0,0,0,0,0,0,0,0,0,0,0,0,0,0,0,0,0,0,0,0,0,0,2146238464,650412032,130996,39698,0,76,131072,124597949,0,0,1184475364,2147483648,98725679,129771704,0,0,0,0,0,0,0,0,0,0,0,0,0,0,0,0,0,0,7536030,7536146,0,97,97,6262,329,15072092,35,0,0,0,0,0,0,0,1,0,0,0,0,0,0,0,0,0,0,8476629,0,12440053,109870,0,0,0,0,0,0,0,0,16384,0,0,0,0,0,0,0,0,0,0,0,3043,347,0,0,0,0,0,22912239,0,651,1,47,347,3043,0,0,0,0,1,0,0,0,0,0,0,0,0,0,0,0,0,0,0,0,0,0,0,0,0,0,0,0,0,0,0,0,0,0,0,0,0,0,0,0,0,0,0,0,0,0,0,0,0,0,0,0,0,103890256,0,0,0,112628933,0,0,0,0,0,0,0,74880442,124651345,173455319,53833950720,44406275,0,0,0,0,0,0,0,0,0,0,0,0,0,0,0,0,0,0,0,0,0,0,0,0,0,0,0,0,0,0,0,52079022,0,0,0,0,0,0,0
1789621052.438,0,0,0,0,0,0,0,234871913,2041536269824,736016163328,0,0,0,0,0,0,0,0,0,0,0,0,0,0,0,0,0,0,0,0,0,0,0,0,0,0,0,0,0,0,0,0,0,0,0,0,0,0,0,0,0,0,0,0,0,0,0,0,0,0,0,0,0,0,0,0,0,0,410095,124762593,41110474,0,0,0,0,0,0,0,0,0,0,0,0,0,0,0,0,0,0,0,0,0,0,0,0,0,0,0,0,0,0,0,0,0,0,0,0,0,2146058240,657440768,130985,40127,1,86,131072,124615202,0,0,1184589164,2147483648,98742582,129783088,0,0,0,0,0,0,0,0,0,0,0,0,0,0,0,0,0,0,7536748,7536863,0,97,97,6262,329,15073520,35,0,0,0,0,0,0,0,1,0,0,0,0,0,0,0,0,0,0,8477436,0,12440053,109872,0,0,0,0,0,0,0,0,16384,0,0,0,0,0,0,0,0,0,0,0,3044,347,0,0,0,0,0,22914422,0,651,1,47,347,3044,0,0,0,0,0,0,0,0,0,0,0,0,0,0,0,0,0,0,0,0,0,0,0,0,0,0,0,0,0,0,0,0,0,0,0,0,0,0,0,0,0,0,0,0,0,0,0,0,0,0,0,0,0,103892632,0,0,0,112639188,0,0,0,0,0,0,0,74885793,124668602,173465692,53835600384,44407748,0,0,0,0,0,0,0,0,0,0,0,0,0,0,0,0,0,0,0,0,0,0,0,0,0,0,0,0,0,0,0,52079739,0,0,0,0,0,0,0
1789621053.465,0,0,0,0,0,0,0,234896022,2041849122304,736106813440,0,0,0,0,0,0,0,0,0,0,0,0,0,0,0,0,0,0,0,0,0,0,0,0,0,0,0,0,0,0,0,0,0,0,0,0,0,0,0,0,0,0,0,0,0,0,0,0,0,0,0,0,0,0,0,0,0,0,410137,124781721,41116047,0,0,0,0,0,0,0,0,0,0,0,0,0,0,0,0,0,0,0,0,0,0,0,0,0,0,0,0,0,0,0,0,0,0,0,0,0,2146172928,643923968,130992,39302,0,80,131072,124634315,0,0,1184715194,2147483648,98760762,129795539,0,0,0,0,0,0,0,0,0,0,0,0,0,0,0,0,0,0,7537534,7537646,0,97,97,6262,329,15075094,35,0,0,0,0,0,0,0,1,0,0,0,0,0,0,0,0,0,0,8478317,0,12441489,109882,0,0,0,0,0,0,0,0,16384,0,0,0,0,0,0,0,0,0,0,0,3045,347,0,0,0,0,0,22916800,0,651,1,47,347,3045,0,0,0,0,0,0,0,0,0,0,0,0,0,0,0,0,0,0,0,0,0,0,0,0,0,0,0,0,0,0,0,0,0,0,0,0,0,0,0,0,0,0,0,0,0,0,0,0,0,0,0,0,0,103895123,0,0,0,112650419,0,0,0,0,0,0,0,74891725,124687720,173477727,53837352448,44409302,0,0,0,0,0,0,0,0,0,0,0,0,0,0,0,0,0,0,0,0,0,0,0,0,0,0,0,0,0,0,0,52080522,0,0,0,0,0,0,0
1789621054.491,0,0,0,0,0,0,0,234917177,2042124815872,736173281280,0,0,0,0,0,0,0,0,0,0,0,0,0,0,0,0,0,0,0,0,0,0,0,0,0,0,0,0,0,0,0,0,0,0,0,0,0,0,0,0,0,0,0,0,0,0,0,0,0,0,0,0,0,0,0,0,0,0,410179,124798568,41119953,0,0,0,0,0,0,0,0,0,0,0,0,0,0,0,0,0,0,0,0,0,0,0,0,0,0,0,0,0,0,0,0,0,0,0,0,0,2146418688,646987776,131007,39489,0,65,131072,124651155,0,0,1184826177,2147483648,98777241,129806558,0,0,0,0,0,0,0,0,0,0,0,0,0,0,0,0,0,0,7538236,7538346,0,97,97,6262,329,15076511,35,0,0,0,0,0,0,0,1,0,0,0,0,0,0,0,0,0,0,8479104,0,12441489,109882,0,0,0,0,0,0,0,0,16384,0,0,0,0,0,0,0,0,0,0,0,3046,347,0,0,0,0,0,22918920,0,651,1,47,347,3046,0,0,0,0,0,0,0,0,0,0,0,0,0,0,0,0,0,0,0,0,0,0,0,0,0,0,0,0,0,0,0,0,0,0,0,0,0,0,0,0,0,0,0,0,0,0,0,0,0,0,0,0,0,103897499,0,0,0,112660350,0,0,0,0,0,0,0,74897100,124704562,173487918,53838972928,44410769,0,0,0,0,0,0,0,0,0,0,0,0,0,0,0,0,0,0,0,0,0,0,0,0,0,0,0,0,0,0,0,52081221,0,0,0,0,0,0,0
1789621055.518,0,0,0,0,0,0,0,234941941,2042447957504,736251695616,0,0,0,0,0,0,0,0,0,0,0,0,0,0,0,0,0,0,0,0,0,0,0,0,0,0,0,0,0,0,0,0,0,0,0,0,0,0,0,0,0,0,0,0,0,0,0,0,0,0,0,0,0,0,0,0,0,0,410227,124818319,41124564,0,0,0,0,0,0,0,0,0,0,0,0,0,0,0,0,0,0,0,0,0,0,0,0,0,0,0,0,0,0,0,0,0,0,0,0,0,2146271232,649936896,130998,39669,0,74,131072,124670887,0,0,1184957640,2147483648,98796407,129819468,0,0,0,0,0,0,0,0,0,0,0,0,0,0,0,0,0,0,7539067,7539178,0,97,97,6262,329,15078167,35,0,0,0,0,0,0,0,1,0,0,0,0,0,0,0,0,0,0,8480041,0,12441617,109883,0,0,0,0,0,0,0,0,16384,0,0,0,0,0,0,0,0,0,0,0,3047,347,0,0,0,0,0,22921449,0,651,1,47,347,3047,0,0,0,0,0,0,0,0,0,0,0,0,0,0,0,0,0,0,0,0,0,0,0,0,0,0,0,0,0,0,0,0,0,0,0,0,0,0,0,0,0,0,0,0,0,0,0,0,0,0,0,0,0,103900053,0,0,0,112671994,0,0,0,0,0,0,0,74903164,124724304,173499570,53840817664,44412346,0,0,0,0,0,0,0,0,0,0,0,0,0,0,0,0,0,0,0,0,0,0,0,0,0,0,0,0,0,0,0,52082054,0,0,0,0,0,0,0
1789621056.544,0,0,0,0,0,0,0,234963332,2042726927872,736321053696,0,0,0,0,0,0,0,0,0,0,0,0,0,0,0,0,0,0,0,0,0,0,0,0,0,0,0,0,0,0,0,0,0,0,0,0,0,0,0,0,0,0,0,0,0,0,0,0,0,0,0,0,0,0,0,0,0,0,410266,124835375,41128614,0,0,0,0,0,0,0,0,0,0,0,0,0,0,0,0,0,0,0,0,0,0,0,0,0,0,0,0,0,0,0,0,0,0,0,0,0,2146156544,652443648,130991,39822,0,81,131072,124687937,0,0,1185069673,2147483648,98813055,129830554,0,0,0,0,0,0,0,0,0,0,0,0,0,0,0,0,0,0,7539768,7539878,0,97,97,6262,329,15079563,35,0,0,0,0,0,0,0,1,0,0,0,0,0,0,0,0,0,0,8480827,0,12441617,109885,0,0,0,0,0,0,0,0,16384,0,0,0,0,0,0,0,0,0,0,0,3048,347,0,0,0,0,0,22923578,0,651,1,47,347,3048,0,0,0,0,0,0,0,0,0,0,0,0,0,0,0,0,0,0,0,0,0,0,0,0,0,0,0,0,0,0,0,0,0,0,0,0,0,0,0,0,0,0,0,0,0,0,0,0,0,0,0,0,0,103902421,0,0,0,112681958,0,0,0,0,0,0,0,74908450,124741351,173509854,53842467840,44413799,0,0,0,0,0,0,0,0,0,0,0,0,0,0,0,0,0,0,0,0,0,0,0,0,0,0,0,0,0,0,0,52082753,0,0,0,0,0,0,0
1789621057.571,0,0,0,0,0,0,0,234988395,2043053723136,736415122432,0,0,0,0,0,0,0,0,0,0,0,0,0,0,0,0,0,0,0,0,0,0,0,0,0,0,0,0,0,0,0,0,0,0,0,0,0,0,0,0,0,0,0,0,0,0,0,0,0,0,0,0,0,0,0,0,0,0,410313,124855353,41134220,0,0,0,0,0,0,0,0,0,0,0,0,0,0,0,0,0,0,0,0,0,0,0,0,0,0,0,0,0,0,0,0,0,0,0,0,0,2146418688,642547712,131007,39218,0,65,131072,124707897,0,0,1185200609,2147483648,98832159,129843621,0,0,0,0,0,0,0,0,0,0,0,0,0,0,0,0,0,0,7540585,7540698,0,97,97,6262,329,15081197,35,0,0,0,0,0,0,0,1,0,0,0,0,0,0,0,0,0,0,8481750,0,12443065,109895,0,0,0,0,0,0,0,0,16384,0,0,0,0,0,0,0,0,0,0,0,3050,347,0,0,0,0,0,22926069,0,651,1,47,347,3050,0,0,0,0,0,0,0,0,0,0,0,0,0,0,0,0,0,0,0,0,0,0,0,0,0,0,0,0,0,0,0,0,0,0,0,0,0,0,0,0,0,0,0,0,0,0,0,0,0,0,0,0,0,103904985,0,0,0,112693699,0,0,0,0,0,0,0,74914605,124761319,173522367,53844313088,44415373,0,0,0,0,0,0,0,0,0,0,0,0,0,0,0,0,0,0,0,0,0,0,0,0,0,0,0,0,0,0,0,52083574,0,0,0,0,0,0,0
1789621058.597,0,0,0,0,0,0,0,235010557,2043341508096,736482594816,0,0,0,0,0,0,0,0,0,0,0,0,0,0,0,0,0,0,0,0,0,0,0,0,0,0,0,0,0,0,0,0,0,0,0,0,0,0,0,0,0,0,0,0,0,0,0,0,0,0,0,0,0,0,0,0,0,0,410352,124872941,41138183,0,0,0,0,0,0,0,0,0,0,0,0,0,0,0,0,0,0,0,0,0,0,0,0,0,0,0,0,0,0,0,0,0,0,0,0,0,2146205696,648282112,130994,39568,0,78,131072,124725467,0,0,1185316725,2147483648,98849386,129855038,0,0,0,0,0,0,0,0,0,0,0,0,0,0,0,0,0,0,7541308,7541417,0,97,97,6262,329,15082662,35,0,0,0,0,0,0,0,1,0,0,0,0,0,0,0,0,0,0,8482560,0,12443065,109895,0,0,0,0,0,0,0,0,16384,0,0,0,0,0,0,0,0,0,0,0,3051,347,0,0,0,0,0,22928265,0,651,1,47,347,3051,0,0,0,0,0,0,0,0,0,0,0,0,0,0,0,0,0,0,0,0,0,0,0,0,0,0,0,0,0,0,0,0,0,0,0,0,0,0,0,0,0,0,0,0,0,0,0,0,0,0,0,0,0,103907347,0,0,0,112704010,0,0,0,0,0,0,0,74920039,124778901,173532659,53845950464,44416841,0,0,0,0,0,0,0,0,0,0,0,0,0,0,0,0,0,0,0,0,0,0,0,0,0,0,0,0,0,0,0,52084293,0,0,0,0,0,0,0
1789621059.623,0,0,0,0,0,0,0,235034790,2043657555456,736558096384,0,0,0,0,0,0,0,0,0,0,0,0,0,0,0,0,0,0,0,0,0,0,0,0,0,0,0,0,0,0,0,0,0,0,0,0,0,0,0,0,0,0,0,0,0,0,0,0,0,0,0,0,0,0,0,0,0,0,410397,124892261,41142631,0,0,0,0,0,0,0,0,0,0,0,0,0,0,0,0,0,0,0,0,0,0,0,0,0,0,0,0,0,0,0,0,0,0,0,0,0,2146074624,652673024,130986,39836,0,86,131072,124744777,0,0,1185444110,2147483648,98868142,129867709,0,0,0,0,0,0,0,0,0,0,0,0,0,0,0,0,0,0,7542124,7542236,0,97,97,6262,329,15084273,35,0,0,0,0,0,0,0,1,0,0,0,0,0,0,0,0,0,0,8483480,0,12443193,109896,0,0,0,0,0,0,0,0,16384,0,0,0,0,0,0,0,0,0,0,0,3052,347,0,0,0,0,0,22930749,0,651,1,47,347,3052,0,0,0,0,0,0,0,0,0,0,0,0,0,0,0,0,0,0,0,0,0,0,0,0,0,0,0,0,0,0,0,0,0,0,0,0,0,0,0,0,0,0,0,0,0,0,0,0,0,0,0,0,0,103909883,0,0,0,112715437,0,0,0,0,0,0,0,74925914,124798214,173543944,53847764992,44418404,0,0,0,0,0,0,0,0,0,0,0,0,0,0,0,0,0,0,0,0,0,0,0,0,0,0,0,0,0,0,0,52085112,0,0,0,0,0,0,0
1789621060.649,0,0,0,0,0,0,0,235057400,2043952565760,736651832320,0,0,0,0,0,0,0,0,0,0,0,0,0,0,0,0,0,0,0,0,0,0,0,0,0,0,0,0,0,0,0,0,0,0,0,0,0,0,0,0,0,0,0,0,0,0,0,0,0,0,0,0,0,0,0,0,0,0,410434,124910282,41148195,0,0,0,0,0,0,0,0,0,0,0,0,0,0,0,0,0,0,0,0,0,0,0,0,0,0,0,0,0,0,0,0,0,0,0,0,0,2146254848,633700352,130997,38678,0,74,131072,124762783,0,0,1185563905,2147483648,98885146,129879353,0,0,0,0,0,0,0,0,0,0,0,0,0,0,0,0,0,0,7542865,7542978,0,97,97,6262,329,15085774,35,0,0,0,0,0,0,0,1,0,0,0,0,0,0,0,0,0,0,8484316,0,12444628,109908,0,0,0,0,0,0,0,0,16384,0,0,0,0,0,0,0,0,0,0,0,3053,347,0,0,0,0,0,22933019,0,651,1,47,347,3053,0,0,0,0,0,0,0,0,0,0,0,0,0,0,0,0,0,0,0,0,0,0,0,0,0,0,0,0,0,0,0,0,0,0,0,0,0,0,0,0,0,0,0,0,0,0,0,0,0,0,0,0,0,103912312,0,0,0,112725991,0,0,0,0,0,0,0,74931762,124816243,173556087,53849453568,44419904,0,0,0,0,0,0,0,0,0,0,0,0,0,0,0,0,0,0,0,0,0,0,0,0,0,0,0,0,0,0,0,52085854,0,0,0,0,0,0,0
1789621061.676,0,0,0,0,0,0,0,235080802,2044257209856,736722814464,0,0,0,0,0,0,0,0,0,0,0,0,0,0,0,0,0,0,0,0,0,0,0,0,0,0,0,0,0,0,0,0,0,0,0,0,0,0,0,0,0,0,0,0,0,0,0,0,0,0,0,0,0,0,0,0,0,0,410483,124928905,41152368,0,0,0,0,0,0,0,0,0,0,0,0,0,0,0,0,0,0,0,0,0,0,0,0,0,0,0,0,0,0,0,0,0,0,0,0,0,2146353152,642678784,131003,39226,0,69,131072,124781390,0,0,1185686134,2147483648,98903340,129891671,0,0,0,0,0,0,0,0,0,0,0,0,0,0,0,0,0,0,7543637,7543750,0,97,97,6262,329,15087297,35,0,0,0,0,0,0,0,1,0,0,0,0,0,0,0,0,0,0,8485183,0,12444628,109908,0,0,0,0,0,0,0,0,16384,0,0,0,0,0,0,0,0,0,0,0,3054,347,0,0,0,0,0,22935369,0,651,1,47,347,3054,0,0,0,0,0,0,0,0,0,0,0,0,0,0,0,0,0,0,0,0,0,0,0,0,0,0,0,0,0,0,0,0,0,0,0,0,0,0,0,0,0,0,0,0,0,0,0,0,0,0,0,0,0,103914780,0,0,0,112736975,0,0,0,0,0,0,0,74937461,124834851,173566890,53851194368,44421435,0,0,0,0,0,0,0,0,0,0,0,0,0,0,0,0,0,0,0,0,0,0,0,0,0,0,0,0,0,0,0,52086626,0,0,0,0,0,0,0
1789621062.703,0,0,0,0,0,0,0,235101636,2044529593856,736785667072,0,0,0,0,0,0,0,0,0,0,0,0,0,0,0,0,0,0,0,0,0,0,0,0,0,0,0,0,0,0,0,0,0,0,0,0,0,0,0,0,0,0,0,0,0,0,0,0,0,0,0,0,0,0,0,0,0,0,410518,124945563,41156056,0,0,0,0,0,0,0,0,0,0,0,0,0,0,0,0,0,0,0,0,0,0,0,0,0,0,0,0,0,0,0,0,0,0,0,0,0,2146287616,649134080,130999,39620,0,73,131072,124798033,0,0,1185795453,2147483648,98919690,129902440,0,0,0,0,0,0,0,0,0,0,0,0,0,0,0,0,0,0,7544310,7544424,0,97,97,6262,329,15088665,35,0,0,0,0,0,0,0,1,0,0,0,0,0,0,0,0,0,0,8485942,0,12444628,109908,0,0,0,0,0,0,0,0,16384,0,0,0,0,0,0,0,0,0,0,0,3055,347,0,0,0,0,0,22937422,0,651,1,47,347,3055,0,0,0,0,0,0,0,0,0,0,0,0,0,0,0,0,0,0,0,0,0,0,0,0,0,0,0,0,0,0,0,0,0,0,0,0,0,0,0,0,0,0,0,0,0,0,0,0,0,0,0,0,0,103917108,0,0,0,112746686,0,0,0,0,0,0,0,74942597,124851492,173576591,53852780032,44422882,0,0,0,0,0,0,0,0,0,0,0,0,0,0,0,0,0,0,0,0,0,0,0,0,0,0,0,0,0,0,0,52087300,0,0,0,0,0,0,0
1789621063.730,0,0,0,0,0,0,0,235126504,2044854439424,736863332864,0,0,0,0,0,0,0,0,0,0,0,0,0,0,0,0,0,0,0,0,0,0,0,0,0,0,0,0,0,0,0,0,0,0,0,0,0,0,0,0,0,0,0,0,0,0,0,0,0,0,0,0,0,0,0,0,0,0,410557,124965424,41160625,0,0,0,0,0,0,0,0,0,0,0,0,0,0,0,0,0,0,0,0,0,0,0,0,0,0,0,0,0,0,0,0,0,0,0,0,0,2146353152,653279232,131002,39873,0,70,131072,124817879,0,0,1185926027,2147483648,98938932,129915267,0,0,0,0,0,0,0,0,0,0,0,0,0,0,0,0,0,0,7545140,7545253,0,97,97,6262,329,15090313,35,0,0,0,0,0,0,0,1,0,0,0,0,0,0,0,0,0,0,8486875,0,12444756,109909,0,0,0,0,0,0,0,0,16384,0,0,0,0,0,0,0,0,0,0,0,3056,347,0,0,0,0,0,22939940,0,651,1,47,347,3056,0,0,0,0,0,0,0,0,0,0,0,0,0,0,0,0,0,0,0,0,0,0,0,0,0,0,0,0,0,0,0,0,0,0,0,0,0,0,0,0,0,0,0,0,0,0,0,0,0,0,0,0,0,103919696,0,0,0,112758343,0,0,0,0,0,0,0,74948632,124871354,173588191,53854612992,44424470,0,0,0,0,0,0,0,0,0,0,0,0,0,0,0,0,0,0,0,0,0,0,0,0,0,0,0,0,0,0,0,52088129,0,0,0,0,0,0,0
1789621064.757,0,0,0,0,0,0,0,235151068,2045172944384,736963024384,0,0,0,0,0,0,0,0,0,0,0,0,0,0,0,0,0,0,0,0,0,0,0,0,0,0,0,0,0,0,0,0,0,0,0,0,0,0,0,0,0,0,0,0,0,0,0,0,0,0,0,0,0,0,0,0,0,0,410609,124984898,41166545,0,0,0,0,0,0,0,0,0,0,0,0,0,0,0,0,0,0,0,0,0,0,0,0,0,0,0,0,0,0,0,0,0,0,0,0,0,2146123776,634241024,130989,38711,0,83,131072,124837342,0,0,1186056182,2147483648,98957613,129928015,0,0,0,0,0,0,0,0,0,0,0,0,0,0,0,0,0,0,7545954,7546065,0,97,97,6262,329,15091939,35,0,0,0,0,0,0,0,1,0,0,0,0,0,0,0,0,0,0,8487788,0,12446175,109921,0,0,0,0,0,0,0,0,16384,0,0,0,0,0,0,0,0,0,0,0,3057,347,0,0,0,0,0,22942405,0,651,1,47,347,3057,0,0,0,0,0,0,0,0,0,0,0,0,0,0,0,0,0,0,0,0,0,0,0,0,0,0,0,0,0,0,0,0,0,0,0,0,0,0,0,0,0,0,0,0,0,0,0,0,0,0,0,0,0,103922226,0,0,0,112769808,0,0,0,0,0,0,0,74954919,124890822,173601135,53856442368,44426049,0,0,0,0,0,0,0,0,0,0,0,0,0,0,0,0,0,0,0,0,0,0,0,0,0,0,0,0,0,0,0,52088941,0,0,0,0,0,0,0
1789621065.784,0,0,0,0,0,0,0,235173756,2045466971648,737031098368,0,0,0,0,0,0,0,0,0,0,0,0,0,0,0,0,0,0,0,0,0,0,0,0,0,0,0,0,0,0,0,0,0,0,0,0,0,0,0,0,0,0,0,0,0,0,0,0,0,0,0,0,0,0,0,0,0,0,410651,125002868,41170548,0,0,0,0,0,0,0,0,0,0,0,0,0,0,0,0,0,0,0,0,0,0,0,0,0,0,0,0,0,0,0,0,0,0,0,0,0,2146271232,642711552,130998,39228,0,74,131072,124855298,0,0,1186174504,2147483648,98975167,129939859,0,0,0,0,0,0,0,0,0,0,0,0,0,0,0,0,0,0,7546693,7546805,0,97,97,6262,329,15093419,35,0,0,0,0,0,0,0,1,0,0,0,0,0,0,0,0,0,0,8488621,0,12446175,109921,0,0,0,0,0,0,0,0,16384,0,0,0,0,0,0,0,0,0,0,0,3058,347,0,0,0,0,0,22944658,0,651,1,47,347,3058,0,0,0,0,0,0,0,0,0,0,0,0,0,0,0,0,0,0,0,0,0,0,0,0,0,0,0,0,0,0,0,0,0,0,0,0,0,0,0,0,0,0,0,0,0,0,0,0,0,0,0,0,0,103924665,0,0,0,112780428,0,0,0,0,0,0,0,74960430,124908784,173611568,53858138624,44427562,0,0,0,0,0,0,0,0,0,0,0,0,0,0,0,0,0,0,0,0,0,0,0,0,0,0,0,0,0,0,0,52089681,0,0,0,0,0,0,0
1789621066.811,0,0,0,0,0,0,0,235197029,2045769010688,737102678528,0,0,0,0,0,0,0,0,0,0,0,0,0,0,0,0,0,0,0,0,0,0,0,0,0,0,0,0,0,0,0,0,0,0,0,0,0,0,0,0,0,0,0,0,0,0,0,0,0,0,0,0,0,0,0,0,0,0,410694,125021327,41174746,0,0,0,0,0,0,0,0,0,0,0,0,0,0,0,0,0,0,0,0,0,0,0,0,0,0,0,0,0,0,0,0,0,0,0,0,0,2146369536,649986048,131004,39672,0,68,131072,124873737,0,0,1186296248,2147483648,98993124,129952067,0,0,0,0,0,0,0,0,0,0,0,0,0,0,0,0,0,0,7547459,7547571,0,97,97,6262,329,15094952,35,0,0,0,0,0,0,0,1,0,0,0,0,0,0,0,0,0,0,8489481,0,12446303,109922,0,0,0,0,0,0,0,0,16384,0,0,0,0,0,0,0,0,0,0,0,3059,347,0,0,0,0,0,22946979,0,651,1,47,347,3059,0,0,0,0,0,0,0,0,0,0,0,0,0,0,0,0,0,0,0,0,0,0,0,0,0,0,0,0,0,0,0,0,0,0,0,0,0,0,0,0,0,0,0,0,0,0,0,0,0,0,0,0,0,103927136,0,0,0,112791407,0,0,0,0,0,0,0,74966049,124927240,173622318,53859909120,44429104,0,0,0,0,0,0,0,0,0,0,0,0,0,0,0,0,0,0,0,0,0,0,0,0,0,0,0,0,0,0,0,52090446,0,0,0,0,0,0,0
1789621067.838,0,0,0,0,0,0,0,235220791,2046079159808,737174909440,0,0,0,0,0,0,0,0,0,0,0,0,0,0,0,0,0,0,0,0,0,0,0,0,0,0,0,0,0,0,0,0,0,0,0,0,0,0,0,0,0,0,0,0,0,0,0,0,0,0,0,0,0,0,0,0,0,0,410741,125040291,41178999,0,0,0,0,0,0,0,0,0,0,0,0,0,0,0,0,0,0,0,0,0,0,0,0,0,0,0,0,0,0,0,0,0,0,0,0,0,2146238464,655441920,130996,40005,0,76,131072,124892695,0,0,1186421210,2147483648,99011629,129964445,0,0,0,0,0,0,0,0,0,0,0,0,0,0,0,0,0,0,7548249,7548365,0,97,97,6262,329,15096529,35,0,0,0,0,0,0,0,1,0,0,0,0,0,0,0,0,0,0,8490375,0,12446303,109922,0,0,0,0,0,0,0,0,16384,0,0,0,0,0,0,0,0,0,0,0,3060,347,0,0,0,0,0,22949395,0,651,1,47,347,3060,0,0,0,0,0,0,0,0,0,0,0,0,0,0,0,0,0,0,0,0,0,0,0,0,0,0,0,0,0,0,0,0,0,0,0,0,0,0,0,0,0,0,0,0,0,0,0,0,0,0,0,0,0,103929659,0,0,0,112802524,0,0,0,0,0,0,0,74971847,124946180,173633329,53861691904,44430659,0,0,0,0,0,0,0,0,0,0,0,0,0,0,0,0,0,0,0,0,0,0,0,0,0,0,0,0,0,0,0,52091241,0,0,0,0,0,0,0
1789621068.864,0,0,0,0,0,0,0,235245641,2046403546624,737274763264,0,0,0,0,0,0,0,0,0,0,0,0,0,0,0,0,0,0,0,0,0,0,0,0,0,0,0,0,0,0,0,0,0,0,0,0,0,0,0,0,0,0,0,0,0,0,0,0,0,0,0,0,0,0,0,0,0,0,410788,125060106,41184923,0,0,0,0,0,0,0,0,0,0,0,0,0,0,0,0,0,0,0,0,0,0,0,0,0,0,0,0,0,0,0,0,0,0,0,0,0,2146287616,638763008,130999,38987,0,73,131072,124912501,0,0,1186552833,2147483648,99030533,129977418,0,0,0,0,0,0,0,0,0,0,0,0,0,0,0,0,0,0,7549068,7549178,0,97,97,6262,329,15098179,35,0,0,0,0,0,0,0,1,0,0,0,0,0,0,0,0,0,0,8491291,0,12447724,109934,0,0,0,0,0,0,0,0,16384,0,0,0,0,0,0,0,0,0,0,0,3061,347,0,0,0,0,0,22951870,0,651,1,47,347,3061,0,0,0,0,0,0,0,0,0,0,0,0,0,0,0,0,0,0,0,0,0,0,0,0,0,0,0,0,0,0,0,0,0,0,0,0,0,0,0,0,0,0,0,0,0,0,0,0,0,0,0,0,0,103932199,0,0,0,112814185,0,0,0,0,0,0,0,74978114,124965997,173646298,53863530496,44432210,0,0,0,0,0,0,0,0,0,0,0,0,0,0,0,0,0,0,0,0,0,0,0,0,0,0,0,0,0,0,0,52092054,0,0,0,0,0,0,0
1789621069.892,0,0,0,0,0,0,0,235267484,2046687546880,737341941760,0,0,0,0,0,0,0,0,0,0,0,0,0,0,0,0,0,0,0,0,0,0,0,0,0,0,0,0,0,0,0,0,0,0,0,0,0,0,0,0,0,0,0,0,0,0,0,0,0,0,0,0,0,0,0,0,0,0,410829,125077467,41188880,0,0,0,0,0,0,0,0,0,0,0,0,0,0,0,0,0,0,0,0,0,0,0,0,0,0,0,0,0,0,0,0,0,0,0,0,0,2146189312,644481024,130993,39336,0,79,131072,124929849,0,0,1186666772,2147483648,99047539,129988734,0,0,0,0,0,0,0,0,0,0,0,0,0,0,0,0,0,0,7549776,7549890,0,97,97,6262,329,15099586,35,0,0,0,0,0,0,0,1,0,0,0,0,0,0,0,0,0,0,8492091,0,12447724,109934,0,0,0,0,0,0,0,0,16384,0,0,0,0,0,0,0,0,0,0,0,3062,347,0,0,0,0,0,22954041,0,651,1,47,347,3062,0,0,0,0,0,0,0,0,0,0,0,0,0,0,0,0,0,0,0,0,0,0,0,0,0,0,0,0,0,0,0,0,0,0,0,0,0,0,0,0,0,0,0,0,0,0,0,0,0,0,0,0,0,103934565,0,0,0,112824314,0,0,0,0,0,0,0,74983508,124983346,173656564,53865158656,44433653,1,0,0,0,0,0,0,0,0,0,0,0,0,0,0,0,0,0,0,0,0,0,0,0,0,0,0,0,0,0,0,52092766,0,0,0,0,0,0,0
1789621070.919,0,0,0,0,0,0,0,235291113,2046994877952,737413751808,0,0,0,0,0,0,0,0,0,0,0,0,0,0,0,0,0,0,0,0,0,0,0,0,0,0,0,0,0,0,0,0,0,0,0,0,0,0,0,0,0,0,0,0,0,0,0,0,0,0,0,0,0,0,0,0,0,0,410875,125096258,41193086,0,0,0,0,0,0,0,0,0,0,0,0,0,0,0,0,0,0,0,0,0,0,0,0,0,0,0,0,0,0,0,0,0,0,0,0,0,2146500608,653066240,131012,39860,0,60,131072,124948627,0,0,1186790502,2147483648,99065769,130001185,0,0,0,0,0,0,0,0,0,0,0,0,0,0,0,0,0,0,7550556,7550668,0,97,97,6262,329,15101153,35,0,0,0,0,0,0,0,1,0,0,0,0,0,0,0,0,0,0,8492966,0,12447852,109935,0,0,0,0,0,0,0,0,16384,0,0,0,0,0,0,0,0,0,0,0,3063,347,0,0,0,0,0,22956403,0,651,1,47,347,3063,0,0,0,0,0,0,0,0,0,0,0,0,0,0,0,0,0,0,0,0,0,0,0,0,0,0,0,0,0,0,0,0,0,0,0,0,0,0,0,0,0,0,0,0,0,0,0,0,0,0,0,0,0,103937033,0,0,0,112835455,0,0,0,0,0,0,0,74989110,125002128,173667354,53866926592,44435165,0,0,0,0,0,0,0,0,0,0,0,0,0,0,0,0,0,0,0,0,0,0,0,0,0,0,0,0,0,0,0,52093543,0,0,0,0,0,0,0
1789621071.945,0,0,0,0,0,0,0,235314458,2047298178560,737485905920,0,0,0,0,0,0,0,0,0,0,0,0,0,0,0,0,0,0,0,0,0,0,0,0,0,0,0,0,0,0,0,0,0,0,0,0,0,0,0,0,0,0,0,0,0,0,0,0,0,0,0,0,0,0,0,0,0,0,410912,125114797,41197337,0,0,0,0,0,0,0,0,0,0,0,0,0,0,0,0,0,0,0,0,0,0,0,0,0,0,0,0,0,0,0,0,0,0,0,0,0,2146254848,656179200,130997,40050,0,75,131072,124967154,0,0,1186913055,2147483648,99083901,130013114,0,0,0,0,0,0,0,0,0,0,0,0,0,0,0,0,0,0,7551327,7551440,0,97,97,6262,329,15102679,35,0,0,0,0,0,0,0,1,0,0,0,0,0,0,0,0,0,0,8493835,0,12447852,109935,0,0,0,0,0,0,0,0,16384,0,0,0,0,0,0,0,0,0,0,0,3064,347,0,0,0,0,0,22958750,0,651,1,47,347,3064,0,0,0,0,0,0,0,0,0,0,0,0,0,0,0,0,0,0,0,0,0,0,0,0,0,0,0,0,0,0,0,0,0,0,0,0,0,0,0,0,0,0,0,0,0,0,0,0,0,0,0,0,0,103939510,0,0,0,112846264,0,0,0,0,0,0,0,74994893,125020662,173678317,53868655104,44436705,0,0,0,0,0,0,0,0,0,0,0,0,0,0,0,0,0,0,0,0,0,0,0,0,0,0,0,0,0,0,0,52094316,0,0,0,0,0,0,0
1789621072.972,0,0,0,0,0,0,0,235339085,2047619026432,737587245056,0,0,0,0,0,0,0,0,0,0,0,0,0,0,0,0,0,0,0,0,0,0,0,0,0,0,0,0,0,0,0,0,0,0,0,0,0,0,0,0,0,0,0,0,0,0,0,0,0,0,0,0,0,0,0,0,0,0,410961,125134412,41203218,0,0,0,0,0,0,0,0,0,0,0,0,0,0,0,0,0,0,0,0,0,0,0,0,0,0,0,0,0,0,0,0,0,0,0,0,0,2146189312,639123456,130993,39009,0,79,131072,124986752,0,0,1187043557,2147483648,99102597,130026041,0,0,0,0,0,0,0,0,0,0,0,0,0,0,0,0,0,0,7552150,7552265,0,97,97,6262,329,15104330,35,0,0,0,0,0,0,0,1,0,0,0,0,0,0,0,0,0,0,8494763,0,12449276,109947,0,0,0,0,0,0,0,0,16384,0,0,0,0,0,0,0,0,0,0,0,3065,347,0,0,0,0,0,22961271,0,651,1,47,347,3065,0,0,0,0,0,0,0,0,0,0,0,0,0,0,0,0,0,0,0,0,0,0,0,0,0,0,0,0,0,0,0,0,0,0,0,0,0,0,0,0,0,0,0,0,0,0,0,0,0,0,0,0,0,103946999,0,0,0,112857907,0,0,0,0,0,0,0,75004861,125040264,173696142,53872745984,44442007,0,0,0,0,0,0,0,0,0,0,0,0,0,0,0,0,0,0,0,0,0,0,0,0,0,0,0,0,0,0,0,52095141,0,0,0,0,0,0,0
1789621073.998,0,0,0,0,0,0,0,235360515,2047898177024,737656192512,0,0,0,0,0,0,0,0,0,0,0,0,0,0,0,0,0,0,0,0,0,0,0,0,0,0,0,0,0,0,0,0,0,0,0,0,0,0,0,0,0,0,0,0,0,0,0,0,0,0,0,0,0,0,0,0,0,0,411000,125151477,41207070,0,0,0,0,0,0,0,0,0,0,0,0,0,0,0,0,0,0,0,0,0,0,0,0,0,0,0,0,0,0,0,0,0,0,0,0,0,2146271232,646004736,130998,39429,0,74,131072,125003805,0,0,1187155665,2147483648,99119289,130037212,0,0,0,0,0,0,0,0,0,0,0,0,0,0,0,0,0,0,7552844,7552958,0,97,97,6262,329,15105724,35,0,0,0,0,0,0,0,1,0,0,0,0,0,0,0,0,0,0,8495543,0,12449276,109947,0,0,0,0,0,0,0,0,16384,0,0,0,0,0,0,0,0,0,0,0,3066,347,0,0,0,0,0,22963393,0,651,1,47,347,3066,0,0,0,0,0,0,0,0,0,0,0,0,0,0,0,0,0,0,0,0,0,0,0,0,0,0,0,0,0,0,0,0,0,0,0,0,0,0,0,0,0,0,0,0,0,0,0,0,0,0,0,0,0,103956516,0,0,0,112867871,0,0,0,0,0,0,0,75015814,125057324,173713361,53877680640,44449109,0,0,0,0,0,0,0,0,0,0,0,0,0,0,0,0,0,0,0,0,0,0,0,0,0,0,0,0,0,0,0,52095834,0,0,0,0,0,0,0
1789621075.024,0,0,0,0,0,0,0,235383431,2048196283904,737725408256,0,0,0,0,0,0,0,0,0,0,0,0,0,0,0,0,0,0,0,0,0,0,0,0,0,0,0,0,0,0,0,0,0,0,0,0,0,0,0,0,0,0,0,0,0,0,0,0,0,0,0,0,0,0,0,0,0,0,411037,125169695,41211138,0,0,0,0,0,0,0,0,0,0,0,0,0,0,0,0,0,0,0,0,0,0,0,0,0,0,0,0,0,0,0,0,0,0,0,0,0,2146484224,654016512,131011,39918,0,61,131072,125022009,0,0,1187275245,2147483648,99136980,130049142,0,0,0,0,0,0,0,0,0,0,0,0,0,0,0,0,0,0,7553597,7553710,0,97,97,6262,329,15107222,35,0,0,0,0,0,0,0,1,0,0,0,0,0,0,0,0,0,0,8496388,0,12449404,109948,0,0,0,0,0,0,0,0,16384,0,0,0,0,0,0,0,0,0,0,0,3067,347,0,0,0,0,0,22965687,0,651,1,47,347,3067,0,0,0,0,0,0,0,0,0,0,0,0,0,0,0,0,0,0,0,0,0,0,0,0,0,0,0,0,0,0,0,0,0,0,0,0,0,0,0,0,0,0,0,0,0,0,0,0,0,0,0,0,0,103958964,0,0,0,112878627,0,0,0,0,0,0,0,75021274,125075537,173723811,53879418368,44450629,0,0,0,0,0,0,0,0,0,0,0,0,0,0,0,0,0,0,0,0,0,0,0,0,0,0,0,0,0,0,0,52096586,0,0,0,0,0,0,0
1789621076.051,0,0,0,0,0,0,0,235407547,2048509120000,737799384064,0,0,0,0,0,0,0,0,0,0,0,0,0,0,0,0,0,0,0,0,0,0,0,0,0,0,0,0,0,0,0,0,0,0,0,0,0,0,0,0,0,0,0,0,0,0,0,0,0,0,0,0,0,0,0,0,0,0,411083,125188823,41215490,0,0,0,0,0,0,0,0,0,0,0,0,0,0,0,0,0,0,0,0,0,0,0,0,0,0,0,0,0,0,0,0,0,0,0,0,0,2146385920,658423808,131005,40187,0,67,131072,125041122,0,0,1187401811,2147483648,99155717,130061617,0,0,0,0,0,0,0,0,0,0,0,0,0,0,0,0,0,0,7554392,7554506,0,97,97,6262,329,15108821,35,0,0,0,0,0,0,0,1,0,0,0,0,0,0,0,0,0,0,8497284,0,12449404,109948,0,0,0,0,0,0,0,0,16384,0,0,0,0,0,0,0,0,0,0,0,3068,347,0,0,0,0,0,22968112,0,651,1,47,347,3068,0,0,0,0,0,0,0,0,0,0,0,0,0,0,0,0,0,0,0,0,0,0,0,0,0,0,0,0,0,0,0,0,0,0,0,0,0,0,0,0,0,0,0,0,0,0,0,0,0,0,0,0,0,103961479,0,0,0,112889880,0,0,0,0,0,0,0,75027173,125094646,173735015,53881210880,44452183,0,0,0,0,0,0,0,0,0,0,0,0,0,0,0,0,0,0,0,0,0,0,0,0,0,0,0,0,0,0,0,52097382,0,0,0,0,0,0,0
1789621077.079,0,0,0,0,0,0,0,235432294,2048831262208,737899347456,0,0,0,0,0,0,0,0,0,0,0,0,0,0,0,0,0,0,0,0,0,0,0,0,0,0,0,0,0,0,0,0,0,0,0,0,0,0,0,0,0,0,0,0,0,0,0,0,0,0,0,0,0,0,0,0,0,0,411133,125208510,41221416,0,0,0,0,0,0,0,0,0,0,0,0,0,0,0,0,0,0,0,0,0,0,0,0,0,0,0,0,0,0,0,0,0,0,0,0,0,2146156544,641269760,130991,39140,0,81,131072,125060791,0,0,1187532658,2147483648,99174469,130074528,0,0,0,0,0,0,0,0,0,0,0,0,0,0,0,0,0,0,7555208,7555320,0,97,97,6262,329,15110462,35,0,0,0,0,0,0,0,1,0,0,0,0,0,0,0,0,0,0,8498200,0,12450830,109960,0,0,0,0,0,0,0,0,16384,0,0,0,0,0,0,0,0,0,0,0,3069,347,0,0,0,0,0,22970592,0,651,1,47,347,3069,0,0,0,0,0,0,0,0,0,0,0,0,0,0,0,0,0,0,0,0,0,0,0,0,0,0,0,0,0,0,0,0,0,0,0,0,0,0,0,0,0,0,0,0,0,0,0,0,0,0,0,0,0,103963993,0,0,0,112901489,0,0,0,0,0,0,0,75033444,125114321,173747978,53883028992,44453737,0,0,0,0,0,0,0,0,0,0,0,0,0,0,0,0,0,0,0,0,0,0,0,0,0,0,0,0,0,0,0,52098196,0,0,0,0,0,0,0
1789621078.105,0,0,0,0,0,0,0,235454165,2049114721792,737966043136,0,0,0,0,0,0,0,0,0,0,0,0,0,0,0,0,0,0,0,0,0,0,0,0,0,0,0,0,0,0,0,0,0,0,0,0,0,0,0,0,0,0,0,0,0,0,0,0,0,0,0,0,0,0,0,0,0,0,411173,125225833,41225339,0,0,0,0,0,0,0,0,0,0,0,0,0,0,0,0,0,0,0,0,0,0,0,0,0,0,0,0,0,0,0,0,0,0,0,0,0,2146091008,648298496,130987,39569,0,85,131072,125078105,0,0,1187646839,2147483648,99191434,130085967,0,0,0,0,0,0,0,0,0,0,0,0,0,0,0,0,0,0,7555922,7556037,0,97,97,6262,329,15111888,35,0,0,0,0,0,0,0,1,0,0,0,0,0,0,0,0,0,0,8499006,0,12450830,109960,0,0,0,0,0,0,0,0,16384,0,0,0,0,0,0,0,0,0,0,0,3070,347,0,0,0,0,0,22972780,0,651,1,47,347,3070,0,0,0,0,0,0,0,0,0,0,0,0,0,0,0,0,0,0,0,0,0,0,0,0,0,0,0,0,0,0,0,0,0,0,0,0,0,0,0,0,0,0,0,0,0,0,0,0,0,0,0,0,0,103966424,0,0,0,112911739,0,0,0,0,0,0,0,75038867,125131637,173758240,53884701184,44455243,0,0,0,0,0,0,0,0,0,0,0,0,0,0,0,0,0,0,0,0,0,0,0,0,0,0,0,0,0,0,0,52098912,0,0,0,0,0,0,0
1789621079.132,0,0,0,0,0,0,0,235477216,2049414598144,738036731392,0,0,0,0,0,0,0,0,0,0,0,0,0,0,0,0,0,0,0,0,0,0,0,0,0,0,0,0,0,0,0,0,0,0,0,0,0,0,0,0,0,0,0,0,0,0,0,0,0,0,0,0,0,0,0,0,0,0,411217,125244168,41229497,0,0,0,0,0,0,0,0,0,0,0,0,0,0,0,0,0,0,0,0,0,0,0,0,0,0,0,0,0,0,0,0,0,0,0,0,0,2146287616,655491072,130999,40008,0,73,131072,125096425,0,0,1187767344,2147483648,99209243,130098027,0,0,0,0,0,0,0,0,0,0,0,0,0,0,0,0,0,0,7556683,7556795,0,97,97,6262,329,15113394,35,0,0,0,0,0,0,0,1,0,0,0,0,0,0,0,0,0,0,8499859,0,12450958,109961,0,0,0,0,0,0,0,0,16384,0,0,0,0,0,0,0,0,0,0,0,3071,347,0,0,0,0,0,22975092,0,651,1,47,347,3071,0,0,0,0,0,0,0,0,0,0,0,0,0,0,0,0,0,0,0,0,0,0,0,0,0,0,0,0,0,0,0,0,0,0,0,0,0,0,0,0,0,0,0,0,0,0,0,0,0,0,0,0,0,103968887,0,0,0,112922540,0,0,0,0,0,0,0,75044436,125149960,173768875,53886445568,44456787,0,0,0,0,0,0,0,0,0,0,0,0,0,0,0,0,0,0,0,0,0,0,0,0,0,0,0,0,0,0,0,52099671,0,0,0,0,0,0,0
1789621080.160,0,0,0,0,0,0,0,235506216,2049791266304,738153647616,0,0,0,0,0,0,0,0,0,0,0,0,0,0,0,0,0,0,0,0,0,0,0,0,0,0,0,0,0,0,0,0,0,0,0,0,0,0,0,0,0,0,0,0,0,0,0,0,0,0,0,0,0,0,0,0,0,0,411318,125267186,41236198,0,0,0,0,0,0,0,0,0,0,0,0,0,0,0,0,0,0,0,0,0,0,0,0,0,0,0,0,0,0,0,0,0,0,0,0,0,2146369536,638582784,131004,38976,0,68,131072,125119422,0,0,1187919819,2147483648,99231153,130113623,0,0,0,0,0,0,0,0,0,0,0,0,0,0,0,0,0,0,7557660,7557775,0,97,97,6262,329,15115340,35,0,0,0,0,0,0,0,1,0,0,0,0,0,0,0,0,0,0,8500961,0,12452396,109973,0,0,0,0,0,0,0,0,16384,0,0,0,0,0,0,0,0,0,0,0,3072,347,0,0,0,0,0,22978067,0,651,1,47,347,3072,0,0,0,0,0,0,0,0,0,0,0,0,0,0,0,0,0,0,0,0,0,0,0,0,0,0,0,0,0,0,0,0,0,0,0,0,0,0,0,0,0,0,0,0,0,0,0,0,0,0,0,0,0,103979801,0,0,0,112936234,0,0,0,0,0,0,0,75057291,125172966,173791763,53892244480,44464157,0,0,0,0,0,0,0,0,0,0,0,0,0,0,0,0,0,0,0,0,0,0,0,0,0,0,0,0,0,0,0,52100651,0,0,0,0,0,0,0
1789621081.185,0,0,0,0,0,0,0,235530760,2050113097216,738232465408,0,0,0,0,0,0,0,0,0,0,0,0,0,0,0,0,0,0,0,0,0,0,0,0,0,0,0,0,0,0,0,0,0,0,0,0,0,0,0,0,0,0,0,0,0,0,0,0,0,0,0,0,0,0,0,0,0,0,411344,125286847,41240772,0,0,0,0,0,0,0,0,0,0,0,0,0,0,0,0,0,0,0,0,0,0,0,0,0,0,0,0,0,0,0,0,0,0,0,0,0,2146353152,640319488,131003,39082,0,69,131072,125139066,0,0,1188050353,2147483648,99250341,130126086,0,0,0,0,0,0,0,0,0,0,0,0,0,0,0,0,0,0,7558471,7558581,0,97,97,6262,329,15116970,35,0,0,0,0,0,0,0,1,0,0,0,0,0,0,0,0,0,0,8501868,0,12452396,109973,0,0,0,0,0,0,0,0,16384,0,0,0,0,0,0,0,0,0,0,0,3073,347,0,0,0,0,0,22980515,0,651,1,47,347,3073,0,0,0,0,0,0,0,0,0,0,0,0,0,0,0,0,0,0,0,0,0,0,0,0,0,0,0,0,0,0,0,0,0,0,0,0,0,0,0,0,0,0,0,0,0,0,0,0,0,0,0,0,0,103984830,0,0,0,112947640,0,0,0,0,0,0,0,75065322,125192625,173805937,53895179776,44467617,0,0,0,0,0,0,0,0,0,0,0,0,0,0,0,0,0,0,0,0,0,0,0,0,0,0,0,0,0,0,0,52101457,0,0,0,0,0,0,0
1789621082.212,0,0,0,0,0,0,0,235552878,2050399866368,738298216448,0,0,0,0,0,0,0,0,0,0,0,0,0,0,0,0,0,0,0,0,0,0,0,0,0,0,0,0,0,0,0,0,0,0,0,0,0,0,0,0,0,0,0,0,0,0,0,0,0,0,0,0,0,0,0,0,0,0,411371,125304382,41244636,0,0,0,0,0,0,0,0,0,0,0,0,0,0,0,0,0,0,0,0,0,0,0,0,0,0,0,0,0,0,0,0,0,0,0,0,0,2146189312,648101888,130993,39557,0,79,131072,125156589,0,0,1188165684,2147483648,99267501,130137463,0,0,0,0,0,0,0,0,0,0,0,0,0,0,0,0,0,0,7559183,7559299,0,97,97,6262,329,15118400,35,0,0,0,0,0,0,0,1,0,0,0,0,0,0,0,0,0,0,8502676,0,12452396,109973,0,0,0,0,0,0,0,0,16384,0,0,0,0,0,0,0,0,0,0,0,3074,347,0,0,0,0,0,22982696,0,651,1,47,347,3074,0,0,0,0,0,0,0,0,0,0,0,0,0,0,0,0,0,0,0,0,0,0,0,0,0,0,0,0,0,0,0,0,0,0,0,0,0,0,0,0,0,0,0,0,0,0,0,0,0,0,0,0,0,103987223,0,0,0,112957907,0,0,0,0,0,0,0,75070677,125210151,173816052,53896829952,44469112,0,0,0,0,0,0,0,0,0,0,0,0,0,0,0,0,0,0,0,0,0,0,0,0,0,0,0,0,0,0,0,52102175,0,0,0,0,0,0,0
1789621083.239,0,0,0,0,0,0,0,235575704,2050697776640,738368433152,0,0,0,0,0,0,0,0,0,0,0,0,0,0,0,0,0,0,0,0,0,0,0,0,0,0,0,0,0,0,0,0,0,0,0,0,0,0,0,0,0,0,0,0,0,0,0,0,0,0,0,0,0,0,0,0,0,0,411407,125322591,41248762,0,0,0,0,0,0,0,0,0,0,0,0,0,0,0,0,0,0,0,0,0,0,0,0,0,0,0,0,0,0,0,0,0,0,0,0,0,2146287616,656277504,130999,40056,0,73,131072,125174788,0,0,1188285107,2147483648,99285224,130149450,0,0,0,0,0,0,0,0,0,0,0,0,0,0,0,0,0,0,7559936,7560051,0,97,97,6262,329,15119900,35,0,0,0,0,0,0,0,1,0,0,0,0,0,0,0,0,0,0,8503521,0,12452524,109974,0,0,0,0,0,0,0,0,16384,0,0,0,0,0,0,0,0,0,0,0,3075,347,0,0,0,0,0,22984980,0,651,1,47,347,3075,0,0,0,0,0,0,0,0,0,0,0,0,0,0,0,0,0,0,0,0,0,0,0,0,0,0,0,0,0,0,0,0,0,0,0,0,0,0,0,0,0,0,0,0,0,0,0,0,0,0,0,0,0,103989679,0,0,0,112968680,0,0,0,0,0,0,0,75076197,125228346,173826627,53898549760,44470632,1,0,0,0,0,0,0,0,0,0,0,0,0,0,0,0,0,0,0,0,0,0,0,0,0,0,0,0,0,0,0,52102927,0,0,0,0,0,0,0
1789621084.266,0,0,0,0,0,0,0,235599523,2051007565312,738448500736,0,0,0,0,0,0,0,0,0,0,0,0,0,0,0,0,0,0,0,0,0,0,0,0,0,0,0,0,0,0,0,0,0,0,0,0,0,0,0,0,0,0,0,0,0,0,0,0,0,0,0,0,0,0,0,0,0,0,411459,125341529,41253481,0,0,0,0,0,0,0,0,0,0,0,0,0,0,0,0,0,0,0,0,0,0,0,0,0,0,0,0,0,0,0,0,0,0,0,0,0,2146549760,655392768,131015,40002,0,57,131072,125193707,0,0,1188409878,2147483648,99303250,130161887,0,0,0,0,0,0,0,0,0,0,0,0,0,0,0,0,0,0,7560723,7560840,0,97,97,6262,329,15121466,35,0,0,0,0,0,0,0,1,0,0,0,0,0,0,0,0,0,0,8504406,0,12452993,109978,0,0,0,0,0,0,0,0,16384,0,0,0,0,0,0,0,0,0,0,0,3076,347,0,0,0,0,0,22987385,0,651,1,47,347,3076,0,0,0,0,0,0,0,0,0,0,0,0,0,0,0,0,0,0,0,0,0,0,0,0,0,0,0,0,0,0,0,0,0,0,0,0,0,0,0,0,0,0,0,0,0,0,0,0,0,0,0,0,0,103992232,0,0,0,112979791,0,0,0,0,0,0,0,75082057,125247276,173838154,53900358656,44472190,0,0,0,0,0,0,0,0,0,0,0,0,0,0,0,0,0,0,0,0,0,0,0,0,0,0,0,0,0,0,0,52103715,0,0,0,0,0,0,0
1789621085.292,0,0,0,0,0,0,0,235624706,2051336080896,738542710272,0,0,0,0,0,0,0,0,0,0,0,0,0,0,0,0,0,0,0,0,0,0,0,0,0,0,0,0,0,0,0,0,0,0,0,0,0,0,0,0,0,0,0,0,0,0,0,0,0,0,0,0,0,0,0,0,0,0,411502,125361609,41259067,0,0,0,0,0,0,0,0,0,0,0,0,0,0,0,0,0,0,0,0,0,0,0,0,0,0,0,0,0,0,0,0,0,0,0,0,0,2146091008,642957312,130987,39243,0,85,131072,125213768,0,0,1188543783,2147483648,99322414,130174855,0,0,0,0,0,0,0,0,0,0,0,0,0,0,0,0,0,0,7561557,7561670,0,97,97,6262,329,15123143,35,0,0,0,0,0,0,0,1,0,0,0,0,0,0,0,0,0,0,8505341,0,12453936,109986,0,0,0,0,0,0,0,0,16384,0,0,0,0,0,0,0,0,0,0,0,3077,347,0,0,0,0,0,22989908,0,651,1,47,347,3077,0,0,0,0,0,0,0,0,0,0,0,0,0,0,0,0,0,0,0,0,0,0,0,0,0,0,0,0,0,0,0,0,0,0,0,0,0,0,0,0,0,0,0,0,0,0,0,0,0,0,0,0,0,103994809,0,0,0,112991550,0,0,0,0,0,0,0,75088415,125267351,173850948,53902195712,44473751,0,0,0,0,0,0,0,0,0,0,0,0,0,0,0,0,0,0,0,0,0,0,0,0,0,0,0,0,0,0,0,52104546,0,0,0,0,0,0,0
1789621086.319,0,0,0,0,0,0,0,235646755,2051621490176,738610150912,0,0,0,0,0,0,0,0,0,0,0,0,0,0,0,0,0,0,0,0,0,0,0,0,0,0,0,0,0,0,0,0,0,0,0,0,0,0,0,0,0,0,0,0,0,0,0,0,0,0,0,0,0,0,0,0,0,0,411537,125379058,41263037,0,0,0,0,0,0,0,0,0,0,0,0,0,0,0,0,0,0,0,0,0,0,0,0,0,0,0,0,0,0,0,0,0,0,0,0,0,2146058240,650084352,130985,39678,0,88,131072,125231209,0,0,1188658726,2147483648,99339456,130186373,0,0,0,0,0,0,0,0,0,0,0,0,0,0,0,0,0,0,7562279,7562395,0,97,97,6262,329,15124589,35,0,0,0,0,0,0,0,1,0,0,0,0,0,0,0,0,0,0,8506156,0,12453936,109986,0,0,0,0,0,0,0,0,16384,0,0,0,0,0,0,0,0,0,0,0,3078,347,0,0,0,0,0,22992104,0,651,1,47,347,3078,0,0,0,0,0,0,0,0,0,0,0,0,0,0,0,0,0,0,0,0,0,0,0,0,0,0,0,0,0,0,0,0,0,0,0,0,0,0,0,0,0,0,0,0,0,0,0,0,0,0,0,0,0,103997258,0,0,0,113001889,0,0,0,0,0,0,0,75093865,125284799,173861320,53903860736,44475239,0,0,0,0,0,0,0,0,0,0,0,0,0,0,0,0,0,0,0,0,0,0,0,0,0,0,0,0,0,0,0,52105271,0,0,0,0,0,0,0
1789621087.346,0,0,0,0,0,0,0,235670112,2051925298688,738681960448,0,0,0,0,0,0,0,0,0,0,0,0,0,0,0,0,0,0,0,0,0,0,0,0,0,0,0,0,0,0,0,0,0,0,0,0,0,0,0,0,0,0,0,0,0,0,0,0,0,0,0,0,0,0,0,0,0,0,411587,125397636,41267252,0,0,0,0,0,0,0,0,0,0,0,0,0,0,0,0,0,0,0,0,0,0,0,0,0,0,0,0,0,0,0,0,0,0,0,0,0,2146500608,658014208,131012,40162,0,60,131072,125249776,0,0,1188780833,2147483648,99357458,130198729,0,0,0,0,0,0,0,0,0,0,0,0,0,0,0,0,0,0,7563047,7563158,0,97,97,6262,329,15126129,35,0,0,0,0,0,0,0,1,0,0,0,0,0,0,0,0,0,0,8507015,0,12454064,109987,0,0,0,0,0,0,0,0,16384,0,0,0,0,0,0,0,0,0,0,0,3079,347,0,0,0,0,0,22994423,0,651,1,47,347,3079,0,0,0,0,0,0,0,0,0,0,0,0,0,0,0,0,0,0,0,0,0,0,0,0,0,0,0,0,0,0,0,0,0,0,0,0,0,0,0,0,0,0,0,0,0,0,0,0,0,0,0,0,0,103999687,0,0,0,113012929,0,0,0,0,0,0,0,75099495,125303359,173872068,53905593856,44476770,0,0,0,0,0,0,0,0,0,0,0,0,0,0,0,0,0,0,0,0,0,0,0,0,0,0,0,0,0,0,0,52106034,0,0,0,0,0,0,0
1789621088.373,0,0,0,0,0,0,0,235693962,2052236103168,738777517056,0,0,0,0,0,0,0,0,0,0,0,0,0,0,0,0,0,0,0,0,0,0,0,0,0,0,0,0,0,0,0,0,0,0,0,0,0,0,0,0,0,0,0,0,0,0,0,0,0,0,0,0,0,0,0,0,0,0,411628,125416634,41272923,0,0,0,0,0,0,0,0,0,0,0,0,0,0,0,0,0,0,0,0,0,0,0,0,0,0,0,0,0,0,0,0,0,0,0,0,0,2146353152,641073152,131003,39128,0,69,131072,125268756,0,0,1188905985,2147483648,99375588,130211003,0,0,0,0,0,0,0,0,0,0,0,0,0,0,0,0,0,0,7563832,7563944,0,97,97,6262,329,15127695,35,0,0,0,0,0,0,0,1,0,0,0,0,0,0,0,0,0,0,8507898,0,12455480,109999,0,0,0,0,0,0,0,0,16384,0,0,0,0,0,0,0,0,0,0,0,3080,347,0,0,0,0,0,22996808,0,651,1,47,347,3080,0,0,0,0,0,0,0,0,0,0,0,0,0,0,0,0,0,0,0,0,0,0,0,0,0,0,0,0,0,0,0,0,0,0,0,0,0,0,0,0,0,0,0,0,0,0,0,0,0,0,0,0,0,104002162,0,0,0,113024026,0,0,0,0,0,0,0,75105512,125322348,173884471,53907353600,44478316,0,0,0,0,0,0,0,0,0,0,0,0,0,0,0,0,0,0,0,0,0,0,0,0,0,0,0,0,0,0,0,52106819,0,0,0,0,0,0,0
1789621089.400,0,0,0,0,0,0,0,235717364,2052540468736,738850358784,0,0,0,0,0,0,0,0,0,0,0,0,0,0,0,0,0,0,0,0,0,0,0,0,0,0,0,0,0,0,0,0,0,0,0,0,0,0,0,0,0,0,0,0,0,0,0,0,0,0,0,0,0,0,0,0,0,0,411666,125435240,41277213,0,0,0,0,0,0,0,0,0,0,0,0,0,0,0,0,0,0,0,0,0,0,0,0,0,0,0,0,0,0,0,0,0,0,0,0,0,2146172928,645300224,130992,39386,0,80,131072,125287356,0,0,1189030013,2147483648,99393785,130223124,0,0,0,0,0,0,0,0,0,0,0,0,0,0,0,0,0,0,7564611,7564725,0,97,97,6262,329,15129252,35,0,0,0,0,0,0,0,1,0,0,0,0,0,0,0,0,0,0,8508777,0,12455480,109999,0,0,0,0,0,0,0,0,16384,0,0,0,0,0,0,0,0,0,0,0,3081,347,0,0,0,0,0,22999183,0,651,1,47,347,3081,0,0,0,0,0,0,0,0,0,0,0,0,0,0,0,0,0,0,0,0,0,0,0,0,0,0,0,0,0,0,0,0,0,0,0,0,0,0,0,0,0,0,0,0,0,0,0,0,0,0,0,0,0,104004673,0,0,0,113035009,0,0,0,0,0,0,0,75111344,125340942,173895553,53909104640,44479864,0,0,0,0,0,0,0,0,0,0,0,0,0,0,0,0,0,0,0,0,0,0,0,0,0,0,0,0,0,0,0,52107599,0,0,0,0,0,0,0
1789621090.426,0,0,0,0,0,0,0,235738649,2052815146496,738917603840,0,0,0,0,0,0,0,0,0,0,0,0,0,0,0,0,0,0,0,0,0,0,0,0,0,0,0,0,0,0,0,0,0,0,0,0,0,0,0,0,0,0,0,0,0,0,0,0,0,0,0,0,0,0,0,0,0,0,411715,125452030,41281161,0,0,0,0,0,0,0,0,0,0,0,0,0,0,0,0,0,0,0,0,0,0,0,0,0,0,0,0,0,0,0,0,0,0,0,0,0,2146172928,649625600,130992,39650,0,80,131072,125304132,0,0,1189141163,2147483648,99410105,130234287,0,0,0,0,0,0,0,0,0,0,0,0,0,0,0,0,0,0,7565299,7565415,0,97,97,6262,329,15130635,35,0,0,0,0,0,0,0,1,0,0,0,0,0,0,0,0,0,0,8509553,0,12455608,110000,0,0,0,0,0,0,0,0,16384,0,0,0,0,0,0,0,0,0,0,0,3082,347,0,0,0,0,0,23001274,0,651,1,47,347,3082,0,0,0,0,0,0,0,0,0,0,0,0,0,0,0,0,0,0,0,0,0,0,0,0,0,0,0,0,0,0,0,0,0,0,0,0,0,0,0,0,0,0,0,0,0,0,0,0,0,0,0,0,0,104007029,0,0,0,113044918,0,0,0,0,0,0,0,75116618,125357723,173905678,53910731776,44481316,0,0,0,0,0,0,0,0,0,0,0,0,0,0,0,0,0,0,0,0,0,0,0,0,0,0,0,0,0,0,0,52108289,0,0,0,0,0,0,0
1789621091.453,0,0,0,0,0,0,0,235762527,2053124853248,738988865024,0,0,0,0,0,0,0,0,0,0,0,0,0,0,0,0,0,0,0,0,0,0,0,0,0,0,0,0,0,0,0,0,0,0,0,0,0,0,0,0,0,0,0,0,0,0,0,0,0,0,0,0,0,0,0,0,0,0,411758,125470961,41285350,0,0,0,0,0,0,0,0,0,0,0,0,0,0,0,0,0,0,0,0,0,0,0,0,0,0,0,0,0,0,0,0,0,0,0,0,0,2146189312,659095552,130993,40228,0,79,131072,125323043,0,0,1189265808,2147483648,99428621,130246786,0,0,0,0,0,0,0,0,0,0,0,0,0,0,0,0,0,0,7566091,7566201,0,97,97,6262,329,15132212,35,0,0,0,0,0,0,0,1,0,0,0,0,0,0,0,0,0,0,8510439,0,12455608,110000,0,0,0,0,0,0,0,0,16384,0,0,0,0,0,0,0,0,0,0,0,3083,347,0,0,0,0,0,23003664,0,651,1,47,347,3083,0,0,0,0,0,0,0,0,0,0,0,0,0,0,0,0,0,0,0,0,0,0,0,0,0,0,0,0,0,0,0,0,0,0,0,0,0,0,0,0,0,0,0,0,0,0,0,0,0,0,0,0,0,104009510,0,0,0,113056170,0,0,0,0,0,0,0,75122360,125376644,173916524,53912509952,44482874,0,0,0,0,0,0,0,0,0,0,0,0,0,0,0,0,0,0,0,0,0,0,0,0,0,0,0,0,0,0,0,52109077,0,0,0,0,0,0,0
1789621092.479,0,0,0,0,0,0,0,235785204,2053419666944,739082107904,0,0,0,0,0,0,0,0,0,0,0,0,0,0,0,0,0,0,0,0,0,0,0,0,0,0,0,0,0,0,0,0,0,0,0,0,0,0,0,0,0,0,0,0,0,0,0,0,0,0,0,0,0,0,0,0,0,0,411799,125488968,41290879,0,0,0,0,0,0,0,0,0,0,0,0,0,0,0,0,0,0,0,0,0,0,0,0,0,0,0,0,0,0,0,0,0,0,0,0,0,2146238464,640811008,130996,39112,0,76,131072,125341031,0,0,1189384565,2147483648,99445672,130258519,0,0,0,0,0,0,0,0,0,0,0,0,0,0,0,0,0,0,7566839,7566955,0,97,97,6262,329,15133707,35,0,0,0,0,0,0,0,1,0,0,0,0,0,0,0,0,0,0,8511284,0,12457062,110012,0,0,0,0,0,0,0,0,16384,0,0,0,0,0,0,0,0,0,0,0,3084,347,0,0,0,0,0,23005948,0,651,1,47,347,3084,0,0,0,0,0,0,0,0,0,0,0,0,0,0,0,0,0,0,0,0,0,0,0,0,0,0,0,0,0,0,0,0,0,0,0,0,0,0,0,0,0,0,0,0,0,0,0,0,0,0,0,0,0,104011941,0,0,0,113066769,0,0,0,0,0,0,0,75128167,125394656,173928572,53914216960,44484380,0,0,0,0,0,0,0,0,0,0,0,0,0,0,0,0,0,0,0,0,0,0,0,0,0,0,0,0,0,0,0,52109829,0,0,0,0,0,0,0
1789621093.505,0,0,0,0,0,0,0,235809047,2053730717184,739155310080,0,0,0,0,0,0,0,0,0,0,0,0,0,0,0,0,0,0,0,0,0,0,0,0,0,0,0,0,0,0,0,0,0,0,0,0,0,0,0,0,0,0,0,0,0,0,0,0,0,0,0,0,0,0,0,0,0,0,411844,125507999,41295183,0,0,0,0,0,0,0,0,0,0,0,0,0,0,0,0,0,0,0,0,0,0,0,0,0,0,0,0,0,0,0,0,0,0,0,0,0,2146172928,646201344,130992,39441,0,80,131072,125360043,0,0,1189510041,2147483648,99464257,130270911,0,0,0,0,0,0,0,0,0,0,0,0,0,0,0,0,0,0,7567636,7567747,0,97,97,6262,329,15135303,35,0,0,0,0,0,0,0,1,0,0,0,0,0,0,0,0,0,0,8512177,0,12457062,110012,0,0,0,0,0,0,0,0,16384,0,0,0,0,0,0,0,0,0,0,0,3085,347,0,0,0,0,0,23008368,0,651,1,47,347,3085,0,0,0,0,0,0,0,0,0,0,0,0,0,0,0,0,0,0,0,0,0,0,0,0,0,0,0,0,0,0,0,0,0,0,0,0,0,0,0,0,0,0,0,0,0,0,0,0,0,0,0,0,0,104014429,0,0,0,113077946,0,0,0,0,0,0,0,75134005,125413673,173939663,53916003840,44485921,0,0,0,0,0,0,0,0,0,0,0,0,0,0,0,0,0,0,0,0,0,0,0,0,0,0,0,0,0,0,0,52110622,0,0,0,0,0,0,0
1789621094.532,0,0,0,0,0,0,0,235830888,2054014930432,739223432704,0,0,0,0,0,0,0,0,0,0,0,0,0,0,0,0,0,0,0,0,0,0,0,0,0,0,0,0,0,0,0,0,0,0,0,0,0,0,0,0,0,0,0,0,0,0,0,0,0,0,0,0,0,0,0,0,0,0,411903,125525365,41299197,0,0,0,0,0,0,0,0,0,0,0,0,0,0,0,0,0,0,0,0,0,0,0,0,0,0,0,0,0,0,0,0,0,0,0,0,0,2146385920,650559488,131005,39707,0,66,131072,125377397,0,0,1189625930,2147483648,99481229,130282301,0,0,0,0,0,0,0,0,0,0,0,0,0,0,0,0,0,0,7568344,7568454,0,97,97,6262,329,15136740,35,0,0,0,0,0,0,0,1,0,0,0,0,0,0,0,0,0,0,8512974,0,12457062,110012,0,0,0,0,0,0,0,0,16384,0,0,0,0,0,0,0,0,0,0,0,3086,347,0,0,0,0,0,23010524,0,651,1,47,347,3086,0,0,0,0,0,0,0,0,0,0,0,0,0,0,0,0,0,0,0,0,0,0,0,0,0,0,0,0,0,0,0,0,0,0,0,0,0,0,0,0,0,0,0,0,0,0,0,0,0,0,0,0,0,104016832,0,0,0,113088120,0,0,0,0,0,0,0,75139471,125431036,173950065,53917663744,44487384,0,0,0,0,0,0,0,0,0,0,0,0,0,0,0,0,0,0,0,0,0,0,0,0,0,0,0,0,0,0,0,52111330,0,0,0,0,0,0,0
1789621095.559,0,0,0,0,0,0,0,235855786,2054339726848,739303258624,0,0,0,0,0,0,0,0,0,0,0,0,0,0,0,0,0,0,0,0,0,0,0,0,0,0,0,0,0,0,0,0,0,0,0,0,0,0,0,0,0,0,0,0,0,0,0,0,0,0,0,0,0,0,0,0,0,0,411949,125545220,41303718,0,0,0,0,0,0,0,0,0,0,0,0,0,0,0,0,0,0,0,0,0,0,0,0,0,0,0,0,0,0,0,0,0,0,0,0,0,2146353152,658243584,131003,40176,0,69,131072,125397240,0,0,1189756096,2147483648,99500507,130295396,0,0,0,0,0,0,0,0,0,0,0,0,0,0,0,0,0,0,7569165,7569279,0,97,97,6262,329,15138368,35,0,0,0,0,0,0,0,1,0,0,0,0,0,0,0,0,0,0,8513901,0,12457190,110013,0,0,0,0,0,0,0,0,16384,0,0,0,0,0,0,0,0,0,0,0,3088,347,0,0,0,0,0,23013042,0,651,1,47,347,3088,0,0,0,0,0,0,0,0,0,0,0,0,0,0,0,0,0,0,0,0,0,0,0,0,0,0,0,0,0,0,0,0,0,0,0,0,0,0,0,0,0,0,0,0,0,0,0,0,0,0,0,0,0,104025496,0,0,0,113099789,0,0,0,0,0,0,0,75150083,125450871,173967672,53922314752,44493589,0,0,0,0,0,0,0,0,0,0,0,0,0,0,0,0,0,0,0,0,0,0,0,0,0,0,0,0,0,0,0,52112155,0,0,0,0,0,0,0
1789621096.585,0,0,0,0,0,0,0,235880125,2054654971392,739398113792,0,0,0,0,0,0,0,0,0,0,0,0,0,0,0,0,0,0,0,0,0,0,0,0,0,0,0,0,0,0,0,0,0,0,0,0,0,0,0,0,0,0,0,0,0,0,0,0,0,0,0,0,0,0,0,0,0,0,411994,125564506,41309345,0,0,0,0,0,0,0,0,0,0,0,0,0,0,0,0,0,0,0,0,0,0,0,0,0,0,0,0,0,0,0,0,0,0,0,0,0,2146451456,643874816,131009,39299,0,63,131072,125416518,0,0,1189883234,2147483648,99518371,130308017,0,0,0,0,0,0,0,0,0,0,0,0,0,0,0,0,0,0,7569965,7570079,0,97,97,6262,329,15139959,35,0,0,0,0,0,0,0,1,0,0,0,0,0,0,0,0,0,0,8514798,0,12458598,110025,0,0,0,0,0,0,0,0,16384,0,0,0,0,0,0,0,0,0,0,0,3089,347,0,0,0,0,0,23015458,0,651,1,47,347,3089,0,0,0,0,0,0,0,0,0,0,0,0,0,0,0,0,0,0,0,0,0,0,0,0,0,0,0,0,0,0,0,0,0,0,0,0,0,0,0,0,0,0,0,0,0,0,0,0,0,0,0,0,0,104028013,0,0,0,113111134,0,0,0,0,0,0,0,75156059,125470142,173980027,53924106240,44495143,0,0,0,0,0,0,0,0,0,0,0,0,0,0,0,0,0,0,0,0,0,0,0,0,0,0,0,0,0,0,0,52112952,0,0,0,0,0,0,0
1789621097.613,0,0,0,0,0,0,0,235902522,2054946852352,739467480064,0,0,0,0,0,0,0,0,0,0,0,0,0,0,0,0,0,0,0,0,0,0,0,0,0,0,0,0,0,0,0,0,0,0,0,0,0,0,0,0,0,0,0,0,0,0,0,0,0,0,0,0,0,0,0,0,0,0,412027,125582346,41313426,0,0,0,0,0,0,0,0,0,0,0,0,0,0,0,0,0,0,0,0,0,0,0,0,0,0,0,0,0,0,0,0,0,0,0,0,0,2146254848,648347648,130997,39572,0,75,131072,125434346,0,0,1190000870,2147483648,99535853,130319673,0,0,0,0,0,0,0,0,0,0,0,0,0,0,0,0,0,0,7570710,7570824,0,97,97,6262,329,15141453,35,0,0,0,0,0,0,0,1,0,0,0,0,0,0,0,0,0,0,8515639,0,12458598,110025,0,0,0,0,0,0,0,0,16384,0,0,0,0,0,0,0,0,0,0,0,3090,347,0,0,0,0,0,23017721,0,651,1,47,347,3090,0,0,0,0,0,0,0,0,0,0,0,0,0,0,0,0,0,0,0,0,0,0,0,0,0,0,0,0,0,0,0,0,0,0,0,0,0,0,0,0,0,0,0,0,0,0,0,0,0,0,0,0,0,104030507,0,0,0,113121688,0,0,0,0,0,0,0,75161658,125487974,173990679,53925817344,44496662,0,0,0,0,0,0,0,0,0,0,0,0,0,0,0,0,0,0,0,0,0,0,0,0,0,0,0,0,0,0,0,52113700,0,0,0,0,0,0,0
1789621098.639,0,0,0,0,0,0,0,235924921,2055238159872,739538696192,0,0,0,0,0,0,0,0,0,0,0,0,0,0,0,0,0,0,0,0,0,0,0,0,0,0,0,0,0,0,0,0,0,0,0,0,0,0,0,0,0,0,0,0,0,0,0,0,0,0,0,0,0,0,0,0,0,0,412069,125600164,41317616,0,0,0,0,0,0,0,0,0,0,0,0,0,0,0,0,0,0,0,0,0,0,0,0,0,0,0,0,0,0,0,0,0,0,0,0,0,2146238464,650756096,130996,39719,0,76,131072,125452158,0,0,1190119705,2147483648,99553186,130331286,0,0,0,0,0,0,0,0,0,0,0,0,0,0,0,0,0,0,7571457,7571570,0,97,97,6262,329,15142937,35,0,0,0,0,0,0,0,1,0,0,0,0,0,0,0,0,0,0,8516477,0,12458726,110026,0,0,0,0,0,0,0,0,16384,0,0,0,0,0,0,0,0,0,0,0,3091,347,0,0,0,0,0,23019981,0,651,1,47,347,3091,0,0,0,0,0,0,0,0,0,0,0,0,0,0,0,0,0,0,0,0,0,0,0,0,0,0,0,0,0,0,0,0,0,0,0,0,0,0,0,0,0,0,0,0,0,0,0,0,0,0,0,0,0,104032963,0,0,0,113132173,0,0,0,0,0,0,0,75167232,125505784,174001384,53927518208,44498176,0,0,0,0,0,0,0,0,0,0,0,0,0,0,0,0,0,0,0,0,0,0,0,0,0,0,0,0,0,0,0,52114445,0,0,0,0,0,0,0
1789621099.666,0,0,0,0,0,0,0,235948465,2055543885312,739610421760,0,0,0,0,0,0,0,0,0,0,0,0,0,0,0,0,0,0,0,0,0,0,0,0,0,0,0,0,0,0,0,0,0,0,0,0,0,0,0,0,0,0,0,0,0,0,0,0,0,0,0,0,0,0,0,0,0,0,412115,125618847,41321826,0,0,0,0,0,0,0,0,0,0,0,0,0,0,0,0,0,0,0,0,0,0,0,0,0,0,0,0,0,0,0,0,0,0,0,0,0,2146369536,658767872,131004,40208,0,68,131072,125470829,0,0,1190242765,2147483648,99571451,130343604,0,0,0,0,0,0,0,0,0,0,0,0,0,0,0,0,0,0,7572222,7572334,0,97,97,6262,329,15144481,35,0,0,0,0,0,0,0,1,0,0,0,0,0,0,0,0,0,0,8517338,0,12458726,110026,0,0,0,0,0,0,0,0,16384,0,0,0,0,0,0,0,0,0,0,0,3092,347,0,0,0,0,0,23022316,0,651,1,47,347,3092,0,0,0,0,0,0,0,0,0,0,0,0,0,0,0,0,0,0,0,0,0,0,0,0,0,0,0,0,0,0,0,0,0,0,0,0,0,0,0,0,0,0,0,0,0,0,0,0,0,0,0,0,0,104035413,0,0,0,113143186,0,0,0,0,0,0,0,75172975,125524460,174012262,53929267200,44499705,0,0,0,0,0,0,0,0,0,0,0,0,0,0,0,0,0,0,0,0,0,0,0,0,0,0,0,0,0,0,0,52115210,0,0,0,0,0,0,0
1789621100.692,0,0,0,0,0,0,0,235972081,2055849414144,739704093184,0,0,0,0,0,0,0,0,0,0,0,0,0,0,0,0,0,0,0,0,0,0,0,0,0,0,0,0,0,0,0,0,0,0,0,0,0,0,0,0,0,0,0,0,0,0,0,0,0,0,0,0,0,0,0,0,0,0,412156,125637532,41327378,0,0,0,0,0,0,0,0,0,0,0,0,0,0,0,0,0,0,0,0,0,0,0,0,0,0,0,0,0,0,0,0,0,0,0,0,0,2146336768,644120576,131002,39314,0,70,131072,125489500,0,0,1190365976,2147483648,99589195,130355948,0,0,0,0,0,0,0,0,0,0,0,0,0,0,0,0,0,0,7572996,7573110,0,97,97,6262,329,15146023,35,0,0,0,0,0,0,0,1,0,0,0,0,0,0,0,0,0,0,8518211,0,12460156,110038,0,0,0,0,0,0,0,0,16384,0,0,0,0,0,0,0,0,0,0,0,3093,347,0,0,0,0,0,23024671,0,651,1,47,347,3093,0,0,0,0,0,0,0,0,0,0,0,0,0,0,0,0,0,0,0,0,0,0,0,0,0,0,0,0,0,0,0,0,0,0,0,0,0,0,0,0,0,0,0,0,0,0,0,0,0,0,0,0,0,104037923,0,0,0,113154227,0,0,0,0,0,0,0,75178856,125543136,174024456,53931055616,44501253,0,0,0,0,0,0,0,0,0,0,0,0,0,0,0,0,0,0,0,0,0,0,0,0,0,0,0,0,0,0,0,52115986,0,0,0,0,0,0,0
1789621101.720,0,0,0,0,0,0,0,235995284,2056151256576,739774410752,0,0,0,0,0,0,0,0,0,0,0,0,0,0,0,0,0,0,0,0,0,0,0,0,0,0,0,0,0,0,0,0,0,0,0,0,0,0,0,0,0,0,0,0,0,0,0,0,0,0,0,0,0,0,0,0,0,0,412201,125655977,41331506,0,0,0,0,0,0,0,0,0,0,0,0,0,0,0,0,0,0,0,0,0,0,0,0,0,0,0,0,0,0,0,0,0,0,0,0,0,2146205696,650625024,130994,39711,0,78,131072,125507932,0,0,1190487917,2147483648,99607213,130368061,0,0,0,0,0,0,0,0,0,0,0,0,0,0,0,0,0,0,7573775,7573882,0,97,97,6262,329,15147585,35,0,0,0,0,0,0,0,1,0,0,0,0,0,0,0,0,0,0,8519080,0,12460156,110038,0,0,0,0,0,0,0,0,16384,0,0,0,0,0,0,0,0,0,0,0,3094,347,0,0,0,0,0,23027016,0,651,1,47,347,3094,0,0,0,0,0,0,0,0,0,0,0,0,0,0,0,0,0,0,0,0,0,0,0,0,0,0,0,0,0,0,0,0,0,0,0,0,0,0,0,0,0,0,0,0,0,0,0,0,0,0,0,0,0,104040381,0,0,0,113165190,0,0,0,0,0,0,0,75184510,125561574,174035175,53932799488,44502779,0,0,0,0,0,0,0,0,0,0,0,0,0,0,0,0,0,0,0,0,0,0,0,0,0,0,0,0,0,0,0,52116758,0,0,0,0,0,0,0
1789621102.747,0,0,0,0,0,0,0,236016237,2056424721920,739841340416,0,0,0,0,0,0,0,0,0,0,0,0,0,0,0,0,0,0,0,0,0,0,0,0,0,0,0,0,0,0,0,0,0,0,0,0,0,0,0,0,0,0,0,0,0,0,0,0,0,0,0,0,0,0,0,0,0,0,412237,125672677,41335446,0,0,0,0,0,0,0,0,0,0,0,0,0,0,0,0,0,0,0,0,0,0,0,0,0,0,0,0,0,0,0,0,0,0,0,0,0,2146418688,652083200,131007,39800,0,65,131072,125524627,0,0,1190597817,2147483648,99623459,130378822,0,0,0,0,0,0,0,0,0,0,0,0,0,0,0,0,0,0,7574469,7574584,0,97,97,6262,329,15148962,35,0,0,0,0,0,0,0,1,0,0,0,0,0,0,0,0,0,0,8519868,0,12460284,110039,0,0,0,0,0,0,0,0,16384,0,0,0,0,0,0,0,0,0,0,0,3095,347,0,0,0,0,0,23029149,0,651,1,47,347,3095,0,0,0,0,0,0,0,0,0,0,0,0,0,0,0,0,0,0,0,0,0,0,0,0,0,0,0,0,0,0,0,0,0,0,0,0,0,0,0,0,0,0,0,0,0,0,0,0,0,0,0,0,0,104042749,0,0,0,113174923,0,0,0,0,0,0,0,75189804,125578274,174045288,53934415360,44504260,0,0,0,0,0,0,0,0,0,0,0,0,0,0,0,0,0,0,0,0,0,0,0,0,0,0,0,0,0,0,0,52117460,0,0,0,0,0,0,0
1789621103.774,0,0,0,0,0,0,0,236041373,2056751205888,739917823488,0,0,0,0,0,0,0,0,0,0,0,0,0,0,0,0,0,0,0,0,0,0,0,0,0,0,0,0,0,0,0,0,0,0,0,0,0,0,0,0,0,0,0,0,0,0,0,0,0,0,0,0,0,0,0,0,0,0,412291,125692649,41339947,0,0,0,0,0,0,0,0,0,0,0,0,0,0,0,0,0,0,0,0,0,0,0,0,0,0,0,0,0,0,0,0,0,0,0,0,0,2146172928,657588224,130992,40136,0,80,131072,125544583,0,0,1190729943,2147483648,99642959,130391846,0,0,0,0,0,0,0,0,0,0,0,0,0,0,0,0,0,0,7575298,7575416,0,97,97,6262,329,15150641,35,0,0,0,0,0,0,0,1,0,0,0,0,0,0,0,0,0,0,8520804,0,12460284,110039,0,0,0,0,0,0,0,0,16384,0,0,0,0,0,0,0,0,0,0,0,3096,347,0,0,0,0,0,23031682,0,651,1,47,347,3096,0,0,0,0,0,0,0,0,0,0,0,0,0,0,0,0,0,0,0,0,0,0,0,0,0,0,0,0,0,0,0,0,0,0,0,0,0,0,0,0,0,0,0,0,0,0,0,0,0,0,0,0,0,104045265,0,0,0,113186658,0,0,0,0,0,0,0,75195839,125598222,174056798,53936250880,44505796,0,0,0,0,0,0,0,0,0,0,0,0,0,0,0,0,0,0,0,0,0,0,0,0,0,0,0,0,0,0,0,52118292,0,0,0,0,0,0,0
1789621104.801,0,0,0,0,0,0,0,236066150,2057074331136,740017522688,0,0,0,0,0,0,0,0,0,0,0,0,0,0,0,0,0,0,0,0,0,0,0,0,0,0,0,0,0,0,0,0,0,0,0,0,0,0,0,0,0,0,0,0,0,0,0,0,0,0,0,0,0,0,0,0,0,0,412334,125712395,41345735,0,0,0,0,0,0,0,0,0,0,0,0,0,0,0,0,0,0,0,0,0,0,0,0,0,0,0,0,0,0,0,0,0,0,0,0,0,2146402304,642695168,131006,39227,0,66,131072,125564314,0,0,1190860831,2147483648,99661562,130404688,0,0,0,0,0,0,0,0,0,0,0,0,0,0,0,0,0,0,7576119,7576236,0,97,97,6262,329,15152269,35,0,0,0,0,0,0,0,1,0,0,0,0,0,0,0,0,0,0,8521726,0,12461703,110051,0,0,0,0,0,0,0,0,16384,0,0,0,0,0,0,0,0,0,0,0,3097,347,0,0,0,0,0,23034177,0,651,1,47,347,3097,0,0,0,0,0,0,0,0,0,0,0,0,0,0,0,0,0,0,0,0,0,0,0,0,0,0,0,0,0,0,0,0,0,0,0,0,0,0,0,0,0,0,0,0,0,0,0,0,0,0,0,0,0,104052495,0,0,0,113198248,0,0,0,0,0,0,0,75205397,125617965,174074176,53940208640,44510768,1,0,0,0,0,0,0,0,0,0,0,0,0,0,0,0,0,0,0,0,0,0,0,0,0,0,0,0,0,0,0,52119112,0,0,0,0,0,0,0
1789621105.828,0,0,0,0,0,0,0,236089472,2057376943616,740087920128,0,0,0,0,0,0,0,0,0,0,0,0,0,0,0,0,0,0,0,0,0,0,0,0,0,0,0,0,0,0,0,0,0,0,0,0,0,0,0,0,0,0,0,0,0,0,0,0,0,0,0,0,0,0,0,0,0,0,412372,125730900,41349863,0,0,0,0,0,0,0,0,0,0,0,0,0,0,0,0,0,0,0,0,0,0,0,0,0,0,0,0,0,0,0,0,0,0,0,0,0,2146205696,651149312,130994,39743,0,78,131072,125582806,0,0,1190982587,2147483648,99679697,130416845,0,0,0,0,0,0,0,0,0,0,0,0,0,0,0,0,0,0,7576886,7576998,0,97,97,6262,329,15153798,35,0,0,0,0,0,0,0,1,0,0,0,0,0,0,0,0,0,0,8522584,0,12461703,110051,0,0,0,0,0,0,0,0,16384,0,0,0,0,0,0,0,0,0,0,0,3098,347,0,0,0,0,0,23036495,0,651,1,47,347,3098,0,0,0,0,0,0,0,0,0,0,0,0,0,0,0,0,0,0,0,0,0,0,0,0,0,0,0,0,0,0,0,0,0,0,0,0,0,0,0,0,0,0,0,0,0,0,0,0,0,0,0,0,0,104055094,0,0,0,113209197,0,0,0,0,0,0,0,75211154,125636453,174085041,53942005760,44512390,0,0,0,0,0,0,0,0,0,0,0,0,0,0,0,0,0,0,0,0,0,0,0,0,0,0,0,0,0,0,0,52119874,0,0,0,0,0,0,0
1789621106.854,0,0,0,0,0,0,0,236111705,2057665826304,740155499008,0,0,0,0,0,0,0,0,0,0,0,0,0,0,0,0,0,0,0,0,0,0,0,0,0,0,0,0,0,0,0,0,0,0,0,0,0,0,0,0,0,0,0,0,0,0,0,0,0,0,0,0,0,0,0,0,0,0,412419,125748557,41353843,0,0,0,0,0,0,0,0,0,0,0,0,0,0,0,0,0,0,0,0,0,0,0,0,0,0,0,0,0,0,0,0,0,0,0,0,0,2146189312,659243008,130994,40237,0,78,131072,125600451,0,0,1191098812,2147483648,99696826,130428481,0,0,0,0,0,0,0,0,0,0,0,0,0,0,0,0,0,0,7577617,7577728,0,97,97,6262,329,15155263,35,0,0,0,0,0,0,0,1,0,0,0,0,0,0,0,0,0,0,8523404,0,12461831,110052,0,0,0,0,0,0,0,0,16384,0,0,0,0,0,0,0,0,0,0,0,3099,347,0,0,0,0,0,23038705,0,651,1,47,347,3099,0,0,0,0,0,0,0,0,0,0,0,0,0,0,0,0,0,0,0,0,0,0,0,0,0,0,0,0,0,0,0,0,0,0,0,0,0,0,0,0,0,0,0,0,0,0,0,0,0,0,0,0,0,104057478,0,0,0,113219679,0,0,0,0,0,0,0,75216527,125654106,174095246,53943670784,44513915,0,0,0,0,0,0,0,0,0,0,0,0,0,0,0,0,0,0,0,0,0,0,0,0,0,0,0,0,0,0,0,52120603,0,0,0,0,0,0,0
1789621107.881,0,0,0,0,0,0,0,236135897,2057982529024,740231752192,0,0,0,0,0,0,0,0,0,0,0,0,0,0,0,0,0,0,0,0,0,0,0,0,0,0,0,0,0,0,0,0,0,0,0,0,0,0,0,0,0,0,0,0,0,0,0,0,0,0,0,0,0,0,0,0,0,0,412463,125767916,41358332,0,0,0,0,0,0,0,0,0,0,0,0,0,0,0,0,0,0,0,0,0,0,0,0,0,0,0,0,0,0,0,0,0,0,0,0,0,2146254848,662110208,130997,40412,0,75,131072,125619794,0,0,1191226381,2147483648,99715656,130440975,0,0,0,0,0,0,0,0,0,0,0,0,0,0,0,0,0,0,7578419,7578528,0,97,97,6262,329,15156876,35,0,0,0,0,0,0,0,1,0,0,0,0,0,0,0,0,0,0,8524306,0,12461831,110052,0,0,0,0,0,0,0,0,16384,0,0,0,0,0,0,0,0,0,0,0,3100,347,0,0,0,0,0,23041147,0,651,1,47,347,3100,0,0,0,0,0,0,0,0,0,0,0,0,0,0,0,0,0,0,0,0,0,0,0,0,0,0,0,0,0,0,0,0,0,0,0,0,0,0,0,0,0,0,0,0,0,0,0,0,0,0,0,0,0,104060001,0,0,0,113230990,0,0,0,0,0,0,0,75222594,125673448,174106731,53945455104,44515498,0,0,0,0,0,0,0,0,0,0,0,0,0,0,0,0,0,0,0,0,0,0,0,0,0,0,0,0,0,0,0,52121404,0,0,0,0,0,0,0
1789621108.909,0,0,0,0,0,0,0,236160876,2058306162176,740331593216,0,0,0,0,0,0,0,0,0,0,0,0,0,0,0,0,0,0,0,0,0,0,0,0,0,0,0,0,0,0,0,0,0,0,0,0,0,0,0,0,0,0,0,0,0,0,0,0,0,0,0,0,0,0,0,0,0,0,412504,125787706,41364258,0,0,0,0,0,0,0,0,0,0,0,0,0,0,0,0,0,0,0,0,0,0,0,0,0,0,0,0,0,0,0,0,0,0,0,0,0,2146172928,645742592,130992,39413,0,80,131072,125639575,0,0,1191357916,2147483648,99734421,130453943,0,0,0,0,0,0,0,0,0,0,0,0,0,0,0,0,0,0,7579233,7579347,0,97,97,6262,329,15158508,35,0,0,0,0,0,0,0,1,0,0,0,0,0,0,0,0,0,0,8525227,0,12463235,110065,0,0,0,0,0,0,0,0,16384,0,0,0,0,0,0,0,0,0,0,0,3101,347,0,0,0,0,0,23043648,0,651,1,47,347,3101,0,0,0,0,0,0,0,0,0,0,0,0,0,0,0,0,0,0,0,0,0,0,0,0,0,0,0,0,0,0,0,0,0,0,0,0,0,0,0,0,0,0,0,0,0,0,0,0,0,0,0,0,0,104062548,0,0,0,113242644,0,0,0,0,0,0,0,75228898,125693231,174119733,53947275264,44517061,0,0,0,0,0,0,0,0,0,0,0,0,0,0,0,0,0,0,0,0,0,0,0,0,0,0,0,0,0,0,0,52122223,0,0,0,0,0,0,0
1789621109.936,0,0,0,0,0,0,0,236187211,2058648161792,740413746688,0,0,0,0,0,0,0,0,0,0,0,0,0,0,0,0,0,0,0,0,0,0,0,0,0,0,0,0,0,0,0,0,0,0,0,0,0,0,0,0,0,0,0,0,0,0,0,0,0,0,0,0,0,0,0,0,0,0,412606,125808607,41369047,0,0,0,0,0,0,0,0,0,0,0,0,0,0,0,0,0,0,0,0,0,0,0,0,0,0,0,0,0,0,0,0,0,0,0,0,0,2146156544,653213696,130991,39869,0,81,131072,125660464,0,0,1191495711,2147483648,99754689,130468112,0,0,0,0,0,0,0,0,0,0,0,0,0,0,0,0,0,0,7580101,7580214,0,97,97,6262,329,15160224,35,0,0,0,0,0,0,0,1,0,0,0,0,0,0,0,0,0,0,8526200,0,12463363,110066,0,0,0,0,0,0,0,0,16384,0,0,0,0,0,0,0,0,0,0,0,3102,347,0,0,0,0,0,23046281,0,651,1,47,347,3102,0,0,0,0,0,0,0,0,0,0,0,0,0,0,0,0,0,0,0,0,0,0,0,0,0,0,0,0,0,0,0,0,0,0,0,0,0,0,0,0,0,0,0,0,0,0,0,0,0,0,0,0,0,104066882,0,0,0,113254960,0,0,0,0,0,0,0,75236360,125714123,174133500,53949981184,44519865,0,0,0,0,0,0,0,0,0,0,0,0,0,0,0,0,0,0,0,0,0,0,0,0,0,0,0,0,0,0,0,52123089,0,0,0,0,0,0,0
1789621110.962,0,0,0,0,0,0,0,236211442,2058962832896,740490041344,0,0,0,0,0,0,0,0,0,0,0,0,0,0,0,0,0,0,0,0,0,0,0,0,0,0,0,0,0,0,0,0,0,0,0,0,0,0,0,0,0,0,0,0,0,0,0,0,0,0,0,0,0,0,0,0,0,0,412633,125827830,41373374,0,0,0,0,0,0,0,0,0,0,0,0,0,0,0,0,0,0,0,0,0,0,0,0,0,0,0,0,0,0,0,0,0,0,0,0,0,2146418688,660242432,131007,40298,0,65,131072,125679678,0,0,1191622602,2147483648,99773452,130480686,0,0,0,0,0,0,0,0,0,0,0,0,0,0,0,0,0,0,7580903,7581016,0,97,97,6262,329,15161850,35,0,0,0,0,0,0,0,1,0,0,0,0,0,0,0,0,0,0,8527103,0,12463363,110066,0,0,0,0,0,0,0,0,16384,0,0,0,0,0,0,0,0,0,0,0,3103,347,0,0,0,0,0,23048724,0,651,1,47,347,3103,0,0,0,0,0,0,0,0,0,0,0,0,0,0,0,0,0,0,0,0,0,0,0,0,0,0,0,0,0,0,0,0,0,0,0,0,0,0,0,0,0,0,0,0,0,0,0,0,0,0,0,0,0,104075086,0,0,0,113266404,0,0,0,0,0,0,0,75246475,125733347,174150357,53954393600,44525655,0,1,0,0,0,0,0,0,0,0,0,0,0,0,0,0,0,0,0,0,0,0,0,0,0,0,0,0,0,0,0,52123892,0,0,0,0,0,0,0
1789621111.989,0,0,0,0,0,0,0,236235338,2059272080896,740587149312,0,0,0,0,0,0,0,0,0,0,0,0,0,0,0,0,0,0,0,0,0,0,0,0,0,0,0,0,0,0,0,0,0,0,0,0,0,0,0,0,0,0,0,0,0,0,0,0,0,0,0,0,0,0,0,0,0,0,412663,125846740,41379135,0,0,0,0,0,0,0,0,0,0,0,0,0,0,0,0,0,0,0,0,0,0,0,0,0,0,0,0,0,0,0,0,0,0,0,0,0,2146287616,641581056,130999,39159,0,72,131072,125698578,0,0,1191747813,2147483648,99791460,130492965,0,0,0,0,0,0,0,0,0,0,0,0,0,0,0,0,0,0,7581700,7581812,0,97,97,6262,329,15163431,35,0,0,0,0,0,0,0,1,0,0,0,0,0,0,0,0,0,0,8527997,0,12464800,110078,0,0,0,0,0,0,0,0,16384,0,0,0,0,0,0,0,0,0,0,0,3104,347,0,0,0,0,0,23051149,0,651,1,47,347,3104,0,0,0,0,0,0,0,0,0,0,0,0,0,0,0,0,0,0,0,0,0,0,0,0,0,0,0,0,0,0,0,0,0,0,0,0,0,0,0,0,0,0,0,0,0,0,0,0,0,0,0,0,0,104077592,0,0,0,113277567,0,0,0,0,0,0,0,75252554,125752236,174162954,53956168192,44527198,0,0,0,0,0,0,0,0,0,0,0,0,0,0,0,0,0,0,0,0,0,0,0,0,0,0,0,0,0,0,0,52124687,0,0,0,0,0,0,0
1789621113.015,0,0,0,0,0,0,0,236257915,2059566566912,740656180224,0,0,0,0,0,0,0,0,0,0,0,0,0,0,0,0,0,0,0,0,0,0,0,0,0,0,0,0,0,0,0,0,0,0,0,0,0,0,0,0,0,0,0,0,0,0,0,0,0,0,0,0,0,0,0,0,0,0,412703,125864733,41383194,0,0,0,0,0,0,0,0,0,0,0,0,0,0,0,0,0,0,0,0,0,0,0,0,0,0,0,0,0,0,0,0,0,0,0,0,0,2146304000,646184960,131000,39440,0,72,131072,125716559,0,0,1191867751,2147483648,99809081,130504582,0,0,0,0,0,0,0,0,0,0,0,0,0,0,0,0,0,0,7582441,7582553,0,97,97,6262,329,15164929,35,0,0,0,0,0,0,0,1,0,0,0,0,0,0,0,0,0,0,8528831,0,12464800,110078,0,0,0,0,0,0,0,0,16384,0,0,0,0,0,0,0,0,0,0,0,3105,347,0,0,0,0,0,23053390,0,651,1,47,347,3105,0,0,0,0,0,0,0,0,0,0,0,0,0,0,0,0,0,0,0,0,0,0,0,0,0,0,0,0,0,0,0,0,0,0,0,0,0,0,0,0,0,0,0,0,0,0,0,0,0,0,0,0,0,104080006,0,0,0,113288051,0,0,0,0,0,0,0,75258098,125770235,174173478,53957856256,44528688,0,0,0,0,0,0,0,0,0,0,0,0,0,0,0,0,0,0,0,0,0,0,0,0,0,0,0,0,0,0,0,52125427,0,0,0,0,0,0,0
1789621114.042,0,0,0,0,0,0,0,236282479,2059886988800,740733359616,0,0,0,0,0,0,0,0,0,0,0,0,0,0,0,0,0,0,0,0,0,0,0,0,0,0,0,0,0,0,0,0,0,0,0,0,0,0,0,0,0,0,0,0,0,0,0,0,0,0,0,0,0,0,0,0,0,0,412760,125884312,41387736,0,0,0,0,0,0,0,0,0,0,0,0,0,0,0,0,0,0,0,0,0,0,0,0,0,0,0,0,0,0,0,0,0,0,0,0,0,2146500608,653246464,131012,39871,0,61,131072,125736117,0,0,1191996082,2147483648,99828090,130517588,0,0,0,0,0,0,0,0,0,0,0,0,0,0,0,0,0,0,7583250,7583364,0,97,97,6262,329,15166539,35,0,0,0,0,0,0,0,1,0,0,0,0,0,0,0,0,0,0,8529742,0,12464928,110079,0,0,0,0,0,0,0,0,16384,0,0,0,0,0,0,0,0,0,0,0,3106,347,0,0,0,0,0,23055844,0,651,1,47,347,3106,0,0,0,0,0,0,0,0,0,0,0,0,0,0,0,0,0,0,0,0,0,0,0,0,0,0,0,0,0,0,0,0,0,0,0,0,0,0,0,0,0,0,0,0,0,0,0,0,0,0,0,0,0,104082512,0,0,0,113299607,0,0,0,0,0,0,0,75264080,125789816,174184933,53959667712,44530251,0,1,0,0,0,0,0,0,0,0,0,0,0,0,0,0,0,0,0,0,0,0,0,0,0,0,0,0,0,0,0,52126238,0,0,0,0,0,0,0
1789621115.069,0,0,0,0,0,0,0,236305328,2060182654464,740801356800,0,0,0,0,0,0,0,0,0,0,0,0,0,0,0,0,0,0,0,0,0,0,0,0,0,0,0,0,0,0,0,0,0,0,0,0,0,0,0,0,0,0,0,0,0,0,0,0,0,0,0,0,0,0,0,0,0,0,412791,125902403,41391731,0,0,0,0,0,0,0,0,0,0,0,0,0,0,0,0,0,0,0,0,0,0,0,0,0,0,0,0,0,0,0,0,0,0,0,0,0,2146271232,662372352,130998,40428,0,74,131072,125754199,0,0,1192115399,2147483648,99845797,130529461,0,0,0,0,0,0,0,0,0,0,0,0,0,0,0,0,0,0,7583999,7584107,0,97,97,6262,329,15168036,35,0,0,0,0,0,0,0,1,0,0,0,0,0,0,0,0,0,0,8530578,0,12464928,110079,0,0,0,0,0,0,0,0,16384,0,0,0,0,0,0,0,0,0,0,0,3107,347,0,0,0,0,0,23058106,0,651,1,47,347,3107,0,0,0,0,0,0,0,0,0,0,0,0,0,0,0,0,0,0,0,0,0,0,0,0,0,0,0,0,0,0,0,0,0,0,0,0,0,0,0,0,0,0,0,0,0,0,0,0,0,0,0,0,0,104084955,0,0,0,113310327,0,0,0,0,0,0,0,75269591,125807883,174195352,53961388032,44531777,0,0,0,0,0,0,0,0,0,0,0,0,0,0,0,0,0,0,0,0,0,0,0,0,0,0,0,0,0,0,0,52126981,0,0,0,0,0,0,0
1789621116.095,0,0,0,0,0,0,0,236329466,2060497997312,740899375616,0,0,0,0,0,0,0,0,0,0,0,0,0,0,0,0,0,0,0,0,0,0,0,0,0,0,0,0,0,0,0,0,0,0,0,0,0,0,0,0,0,0,0,0,0,0,0,0,0,0,0,0,0,0,0,0,0,0,412840,125921684,41397548,0,0,0,0,0,0,0,0,0,0,0,0,0,0,0,0,0,0,0,0,0,0,0,0,0,0,0,0,0,0,0,0,0,0,0,0,0,2146484224,644366336,131011,39329,0,61,131072,125773472,0,0,1192242229,2147483648,99864021,130541988,0,0,0,0,0,0,0,0,0,0,0,0,0,0,0,0,0,0,7584793,7584905,0,97,97,6262,329,15169641,35,0,0,0,0,0,0,0,1,0,0,0,0,0,0,0,0,0,0,8531478,0,12466362,110091,0,0,0,0,0,0,0,0,16384,0,0,0,0,0,0,0,0,0,0,0,3108,347,0,0,0,0,0,23060539,0,651,1,47,347,3108,0,0,0,0,0,0,0,0,0,0,0,0,0,0,0,0,0,0,0,0,0,0,0,0,0,0,0,0,0,0,0,0,0,0,0,0,0,0,0,0,0,0,0,0,0,0,0,0,0,0,0,0,0,104087462,0,0,0,113321614,0,0,0,0,0,0,0,75275744,125827155,174208065,53963176448,44533329,0,0,0,0,0,0,0,0,0,0,0,0,0,0,0,0,0,0,0,0,0,0,0,0,0,0,0,0,0,0,0,52127781,0,0,0,0,0,0,0
1789621117.122,0,0,0,0,0,0,0,236352205,2060794072576,740970670592,0,0,0,0,0,0,0,0,0,0,0,0,0,0,0,0,0,0,0,0,0,0,0,0,0,0,0,0,0,0,0,0,0,0,0,0,0,0,0,0,0,0,0,0,0,0,0,0,0,0,0,0,0,0,0,0,0,0,412881,125939785,41401738,0,0,0,0,0,0,0,0,0,0,0,0,0,0,0,0,0,0,0,0,0,0,0,0,0,0,0,0,0,0,0,0,0,0,0,0,0,2146533376,648298496,131014,39569,0,59,131072,125791562,0,0,1192362678,2147483648,99881728,130553778,0,0,0,0,0,0,0,0,0,0,0,0,0,0,0,0,0,0,7585544,7585659,0,97,97,6262,329,15171135,35,0,0,0,0,0,0,0,1,0,0,0,0,0,0,0,0,0,0,8532323,0,12466362,110091,0,0,0,0,0,0,0,0,16384,0,0,0,0,0,0,0,0,0,0,0,3109,347,0,0,0,0,0,23062836,0,651,1,47,347,3109,0,0,0,0,0,0,0,0,0,0,0,0,0,0,0,0,0,0,0,0,0,0,0,0,0,0,0,0,0,0,0,0,0,0,0,0,0,0,0,0,0,0,0,0,0,0,0,0,0,0,0,0,0,104089896,0,0,0,113332224,0,0,0,0,0,0,0,75281424,125845252,174218881,53964894208,44534816,0,0,0,0,0,0,0,0,0,0,0,0,0,0,0,0,0,0,0,0,0,0,0,0,0,0,0,0,0,0,0,52128533,0,0,0,0,0,0,0
1789621118.149,0,0,0,0,0,0,0,236377088,2061119262208,741052293632,0,0,0,0,0,0,0,0,0,0,0,0,0,0,0,0,0,0,0,0,0,0,0,0,0,0,0,0,0,0,0,0,0,0,0,0,0,0,0,0,0,0,0,0,0,0,0,0,0,0,0,0,0,0,0,0,0,0,412935,125959657,41406354,0,0,0,0,0,0,0,0,0,0,0,0,0,0,0,0,0,0,0,0,0,0,0,0,0,0,0,0,0,0,0,0,0,0,0,0,0,2146222080,654196736,130995,39929,0,77,131072,125811422,0,0,1192493035,2147483648,99901053,130566845,0,0,0,0,0,0,0,0,0,0,0,0,0,0,0,0,0,0,7586361,7586474,0,97,97,6262,329,15172753,35,0,0,0,0,0,0,0,1,0,0,0,0,0,0,0,0,0,0,8533242,0,12466490,110092,0,0,0,0,0,0,0,0,16384,0,0,0,0,0,0,0,0,0,0,0,3110,347,0,0,0,0,0,23065310,0,651,1,47,347,3110,0,0,0,0,0,0,0,0,0,0,0,0,0,0,0,0,0,0,0,0,0,0,0,0,0,0,0,0,0,0,0,0,0,0,0,0,0,0,0,0,0,0,0,0,0,0,0,0,0,0,0,0,0,104099312,0,0,0,113343844,0,0,0,0,0,0,0,75292554,125865110,174237385,53969911296,44541464,1,0,0,0,0,0,0,0,0,0,0,0,0,0,0,0,0,0,0,0,0,0,0,0,0,0,0,0,0,0,0,52129350,0,0,0,0,0,0,0
1789621119.176,0,0,0,0,0,0,0,236398913,2061403950592,741125069824,0,0,0,0,0,0,0,0,0,0,0,0,0,0,0,0,0,0,0,0,0,0,0,0,0,0,0,0,0,0,0,0,0,0,0,0,0,0,0,0,0,0,0,0,0,0,0,0,0,0,0,0,0,0,0,0,0,0,412970,125977051,41410247,0,0,0,0,0,0,0,0,0,0,0,0,0,0,0,0,0,0,0,0,0,0,0,0,0,0,0,0,0,0,0,0,0,0,0,0,0,2146369536,662110208,131004,40412,0,68,131072,125828805,0,0,1192607053,2147483648,99917990,130578266,0,0,0,0,0,0,0,0,0,0,0,0,0,0,0,0,0,0,7587083,7587195,0,97,97,6262,329,15174197,35,0,0,0,0,0,0,0,1,0,0,0,0,0,0,0,0,0,0,8534051,0,12466490,110094,0,0,0,0,0,0,0,0,16384,0,0,0,0,0,0,0,0,0,0,0,3111,347,0,0,0,0,0,23067495,0,651,1,47,347,3111,0,0,0,0,0,0,0,0,0,0,0,0,0,0,0,0,0,0,0,0,0,0,0,0,0,0,0,0,0,0,0,0,0,0,0,0,0,0,0,0,0,0,0,0,0,0,0,0,0,0,0,0,0,104109371,0,0,0,113354159,0,0,0,0,0,0,0,75303778,125882492,174255337,53975094272,44548857,0,0,0,0,0,0,0,0,0,0,0,0,0,0,0,0,0,0,0,0,0,0,0,0,0,0,0,0,0,0,0,52130069,0,0,0,0,0,0,0
1789621120.203,0,0,0,0,0,0,0,236423790,2061729041920,741224598016,0,0,0,0,0,0,0,0,0,0,0,0,0,0,0,0,0,0,0,0,0,0,0,0,0,0,0,0,0,0,0,0,0,0,0,0,0,0,0,0,0,0,0,0,0,0,0,0,0,0,0,0,0,0,0,0,0,0,413014,125996930,41416093,0,0,0,0,0,0,0,0,0,0,0,0,0,0,0,0,0,0,0,0,0,0,0,0,0,0,0,0,0,0,0,0,0,0,0,0,0,2146271232,644169728,130998,39317,0,74,131072,125848665,0,0,1192738002,2147483648,99936829,130591022,0,0,0,0,0,0,0,0,0,0,0,0,0,0,0,0,0,0,7587898,7588015,0,97,97,6262,329,15175825,35,0,0,0,0,0,0,0,1,0,0,0,0,0,0,0,0,0,0,8534975,0,12467922,110104,0,0,0,0,0,0,0,0,16384,0,0,0,0,0,0,0,0,0,0,0,3112,347,0,0,0,0,0,23069988,0,651,1,47,347,3112,0,0,0,0,0,0,0,0,0,0,0,0,0,0,0,0,0,0,0,0,0,0,0,0,0,0,0,0,0,0,0,0,0,0,0,0,0,0,0,0,0,0,0,0,0,0,0,0,0,0,0,0,0,104120487,0,0,0,113365672,0,0,0,0,0,0,0,75316462,125902356,174276579,53980839936,44556859,0,0,0,0,0,0,0,0,0,0,0,0,0,0,0,0,0,0,0,0,0,0,0,0,0,0,0,0,0,0,0,52130891,0,0,0,0,0,0,0
1789621121.230,0,0,0,0,0,0,0,236445273,2062008258048,741294782976,0,0,0,0,0,0,0,0,0,0,0,0,0,0,0,0,0,0,0,0,0,0,0,0,0,0,0,0,0,0,0,0,0,0,0,0,0,0,0,0,0,0,0,0,0,0,0,0,0,0,0,0,0,0,0,0,0,0,413052,126013988,41420063,0,0,0,0,0,0,0,0,0,0,0,0,0,0,0,0,0,0,0,0,0,0,0,0,0,0,0,0,0,0,0,0,0,0,0,0,0,2146156544,649756672,130991,39658,1,80,131072,125865711,0,0,1192851411,2147483648,99953572,130602349,0,0,0,0,0,0,0,0,0,0,0,0,0,0,0,0,0,0,7588617,7588732,0,97,97,6262,329,15177261,35,0,0,0,0,0,0,0,1,0,0,0,0,0,0,0,0,0,0,8535781,0,12467922,110104,0,0,0,0,0,0,0,0,16384,0,0,0,0,0,0,0,0,0,0,0,3113,347,0,0,0,0,0,23072162,0,651,1,47,347,3113,0,0,0,0,0,0,0,0,0,0,0,0,0,0,0,0,0,0,0,0,0,0,0,0,0,0,0,0,0,0,0,0,0,0,0,0,0,0,0,0,0,0,0,0,0,0,0,0,0,0,0,0,0,104128212,0,0,0,113375886,0,0,0,0,0,0,0,75326106,125919413,174292273,53984952832,44562525,0,0,0,0,0,0,0,0,0,0,0,0,0,0,0,0,0,0,0,0,0,0,0,0,0,0,0,0,0,0,0,52131607,0,0,0,0,0,0,0
1789621122.257,0,0,0,0,0,0,0,236469735,2062326779392,741371381760,0,0,0,0,0,0,0,0,0,0,0,0,0,0,0,0,0,0,0,0,0,0,0,0,0,0,0,0,0,0,0,0,0,0,0,0,0,0,0,0,0,0,0,0,0,0,0,0,0,0,0,0,0,0,0,0,0,0,413101,126033465,41424583,0,0,0,0,0,0,0,0,0,0,0,0,0,0,0,0,0,0,0,0,0,0,0,0,0,0,0,0,0,0,0,0,0,0,0,0,0,2146254848,655540224,130997,40010,0,75,131072,125885164,0,0,1192979421,2147483648,99972507,130615031,0,0,0,0,0,0,0,0,0,0,0,0,0,0,0,0,0,0,7589410,7589522,0,97,97,6262,329,15178860,35,0,0,0,0,0,0,0,1,0,0,0,0,0,0,0,0,0,0,8536670,0,12468050,110105,0,0,0,0,0,0,0,0,16384,0,0,0,0,0,0,0,0,0,0,0,3114,347,0,0,0,0,0,23074564,0,651,1,47,347,3114,0,0,0,0,0,0,0,0,0,0,0,0,0,0,0,0,0,0,0,0,0,0,0,0,0,0,0,0,0,0,0,0,0,0,0,0,0,0,0,0,0,0,0,0,0,0,0,0,0,0,0,0,0,104130701,0,0,0,113387300,0,0,0,0,0,0,0,75332054,125938872,174303649,53986728960,44564094,0,0,0,0,0,0,0,0,0,0,0,0,0,0,0,0,0,0,0,0,0,0,0,0,0,0,0,0,0,0,0,52132396,0,0,0,0,0,0,0
1789621123.285,0,0,0,0,0,0,0,236492269,2062618856960,741438174208,0,0,0,0,0,0,0,0,0,0,0,0,0,0,0,0,0,0,0,0,0,0,0,0,0,0,0,0,0,0,0,0,0,0,0,0,0,0,0,0,0,0,0,0,0,0,0,0,0,0,0,0,0,0,0,0,0,0,413139,126051309,41428499,0,0,0,0,0,0,0,0,0,0,0,0,0,0,0,0,0,0,0,0,0,0,0,0,0,0,0,0,0,0,0,0,0,0,0,0,0,2146156544,663912448,130991,40522,0,81,131072,125902996,0,0,1193096907,2147483648,99989976,130626755,0,0,0,0,0,0,0,0,0,0,0,0,0,0,0,0,0,0,7590148,7590262,0,97,97,6262,329,15180333,35,0,0,0,0,0,0,0,1,0,0,0,0,0,0,0,0,0,0,8537504,0,12468050,110105,0,0,0,0,0,0,0,0,16384,0,0,0,0,0,0,0,0,0,0,0,3115,347,0,0,0,0,0,23076815,0,651,1,47,347,3115,0,0,0,0,0,0,0,0,0,0,0,0,0,0,0,0,0,0,0,0,0,0,0,0,0,0,0,0,0,0,0,0,0,0,0,0,0,0,0,0,0,0,0,0,0,0,0,0,0,0,0,0,0,104133113,0,0,0,113397842,0,0,0,0,0,0,0,75337461,125956712,174313902,53988401152,44565582,0,0,0,0,0,0,0,0,0,0,0,0,0,0,0,0,0,0,0,0,0,0,0,0,0,0,0,0,0,0,0,52133138,0,0,0,0,0,0,0
1789621124.312,0,0,0,0,0,0,0,236516462,2062935117312,741536942592,0,0,0,0,0,0,0,0,0,0,0,0,0,0,0,0,0,0,0,0,0,0,0,0,0,0,0,0,0,0,0,0,0,0,0,0,0,0,0,0,0,0,0,0,0,0,0,0,0,0,0,0,0,0,0,0,0,0,413187,126070641,41434352,0,0,0,0,0,0,0,0,0,0,0,0,0,0,0,0,0,0,0,0,0,0,0,0,0,0,0,0,0,0,0,0,0,0,0,0,0,2146336768,643923968,131002,39302,0,70,131072,125922313,0,0,1193224649,2147483648,100008155,130639254,0,0,0,0,0,0,0,0,0,0,0,0,0,0,0,0,0,0,7590954,7591067,0,97,97,6262,329,15181940,35,0,0,0,0,0,0,0,1,0,0,0,0,0,0,0,0,0,0,8538409,0,12469473,110117,0,0,0,0,0,0,0,0,16384,0,0,0,0,0,0,0,0,0,0,0,3116,347,0,0,0,0,0,23079261,0,651,1,47,347,3116,0,0,0,0,0,0,0,0,0,0,0,0,0,0,0,0,0,0,0,0,0,0,0,0,0,0,0,0,0,0,0,0,0,0,0,0,0,0,0,0,0,0,0,0,0,0,0,0,0,0,0,0,0,104135630,0,0,0,113409126,0,0,0,0,0,0,0,75343657,125976035,174326728,53990199296,44567121,0,0,0,0,0,0,0,0,0,0,0,0,0,0,0,0,0,0,0,0,0,0,0,0,0,0,0,0,0,0,0,52133943,0,0,0,0,0,0,0
1789621125.338,0,0,0,0,0,0,0,236537402,2063206239744,741603571712,0,0,0,0,0,0,0,0,0,0,0,0,0,0,0,0,0,0,0,0,0,0,0,0,0,0,0,0,0,0,0,0,0,0,0,0,0,0,0,0,0,0,0,0,0,0,0,0,0,0,0,0,0,0,0,0,0,0,413219,126087202,41438278,0,0,0,0,0,0,0,0,0,0,0,0,0,0,0,0,0,0,0,0,0,0,0,0,0,0,0,0,0,0,0,0,0,0,0,0,0,2146484224,646643712,131011,39468,0,61,131072,125938867,0,0,1193334851,2147483648,100024265,130650114,0,0,0,0,0,0,0,0,0,0,0,0,0,0,0,0,0,0,7591645,7591755,0,97,97,6262,329,15183306,35,0,0,0,0,0,0,0,1,0,0,0,0,0,0,0,0,0,0,8539183,0,12469601,110118,0,0,0,0,0,0,0,0,16384,0,0,0,0,0,0,0,0,0,0,0,3117,347,0,0,0,0,0,23081350,0,651,1,47,347,3117,0,0,0,0,0,0,0,0,0,0,0,0,0,0,0,0,0,0,0,0,0,0,0,0,0,0,0,0,0,0,0,0,0,0,0,0,0,0,0,0,0,0,0,0,0,0,0,0,0,0,0,0,0,104138006,0,0,0,113418905,0,0,0,0,0,0,0,75348898,125992596,174336807,53991836160,44568572,0,1,0,0,0,0,0,0,0,0,0,0,0,0,0,0,0,0,0,0,0,0,0,0,0,0,0,0,0,0,0,52134631,0,0,0,0,0,0,0
1789621126.366,0,0,0,0,0,0,0,236561912,2063525023232,741677616128,0,0,0,0,0,0,0,0,0,0,0,0,0,0,0,0,0,0,0,0,0,0,0,0,0,0,0,0,0,0,0,0,0,0,0,0,0,0,0,0,0,0,0,0,0,0,0,0,0,0,0,0,0,0,0,0,0,0,413268,126106694,41442627,0,0,0,0,0,0,0,0,0,0,0,0,0,0,0,0,0,0,0,0,0,0,0,0,0,0,0,0,0,0,0,0,0,0,0,0,0,2146336768,655835136,131002,40029,0,70,131072,125958333,0,0,1193463155,2147483648,100043302,130663019,0,0,0,0,0,0,0,0,0,0,0,0,0,0,0,0,0,0,7592448,7592562,0,97,97,6262,329,15184925,35,0,0,0,0,0,0,0,1,0,0,0,0,0,0,0,0,0,0,8540091,0,12469601,110118,0,0,0,0,0,0,0,0,16384,0,0,0,0,0,0,0,0,0,0,0,3118,347,0,0,0,0,0,23083803,0,651,1,47,347,3118,0,0,0,0,0,0,0,0,0,0,0,0,0,0,0,0,0,0,0,0,0,0,0,0,0,0,0,0,0,0,0,0,0,0,0,0,0,0,0,0,0,0,0,0,0,0,0,0,0,0,0,0,0,104140532,0,0,0,113430463,0,0,0,0,0,0,0,75354787,126012067,174348030,53993653248,44570114,0,0,0,0,0,0,0,0,0,0,0,0,0,0,0,0,0,0,0,0,0,0,0,0,0,0,0,0,0,0,0,52135438,0,0,0,0,0,0,0
1789621127.392,0,0,0,0,0,0,0,236583891,2063811022336,741761142272,0,0,0,0,0,0,0,0,0,0,0,0,0,0,0,0,0,0,0,0,0,0,0,0,0,0,0,0,0,0,0,0,0,0,0,0,0,0,0,0,0,0,0,0,0,0,0,0,0,0,0,0,0,0,0,0,0,0,413313,126124161,41447504,0,0,0,0,0,0,0,0,0,0,0,0,0,0,0,0,0,0,0,0,0,0,0,0,0,0,0,0,0,0,0,0,0,0,0,0,0,2146172928,647069696,130992,39494,0,81,131072,125975794,0,0,1193578173,2147483648,100060314,130674487,0,0,0,0,0,0,0,0,0,0,0,0,0,0,0,0,0,0,7593168,7593282,0,97,97,6262,329,15186368,35,0,0,0,0,0,0,0,1,0,0,0,0,0,0,0,0,0,0,8540901,0,12470621,110127,0,0,0,0,0,0,0,0,16384,0,0,0,0,0,0,0,0,0,0,0,3119,347,0,0,0,0,0,23085991,0,651,1,47,347,3119,0,0,0,0,0,0,0,0,0,0,0,0,0,0,0,0,0,0,0,0,0,0,0,0,0,0,0,0,0,0,0,0,0,0,0,0,0,0,0,0,0,0,0,0,0,0,0,0,0,0,0,0,0,104142934,0,0,0,113440724,0,0,0,0,0,0,0,75360267,126029546,174359235,53995355136,44571602,0,0,0,0,0,0,0,0,0,0,0,0,0,0,0,0,0,0,0,0,0,0,0,0,0,0,0,0,0,0,0,52136158,0,0,0,0,0,0,0
1789621128.419,0,0,0,0,0,0,0,236609635,2064145239552,741850336768,0,0,0,0,0,0,0,0,0,0,0,0,0,0,0,0,0,0,0,0,0,0,0,0,0,0,0,0,0,0,0,0,0,0,0,0,0,0,0,0,0,0,0,0,0,0,0,0,0,0,0,0,0,0,0,0,0,0,413355,126144616,41452615,0,0,0,0,0,0,0,0,0,0,0,0,0,0,0,0,0,0,0,0,0,0,0,0,0,0,0,0,0,0,0,0,0,0,0,0,0,2146238464,646594560,130996,39465,0,76,131072,125996226,0,0,1193713344,2147483648,100079884,130687741,0,0,0,0,0,0,0,0,0,0,0,0,0,0,0,0,0,0,7594023,7594135,0,97,97,6262,329,15188080,35,0,0,0,0,0,0,0,1,0,0,0,0,0,0,0,0,0,0,8541859,0,12471043,110131,0,0,0,0,0,0,0,0,16384,0,0,0,0,0,0,0,0,0,0,0,3120,347,0,0,0,0,0,23088569,0,651,1,47,347,3120,0,0,0,0,0,0,0,0,0,0,0,0,0,0,0,0,0,0,0,0,0,0,0,0,0,0,0,0,0,0,0,0,0,0,0,0,0,0,0,0,0,0,0,0,0,0,0,0,0,0,0,0,0,104153725,0,0,0,113452743,0,0,0,0,0,0,0,75372756,126049978,174379746,54000980480,44579324,0,0,0,0,0,0,0,0,0,0,0,0,0,0,0,0,0,0,0,0,0,0,0,0,0,0,0,0,0,0,0,52137008,0,0,0,0,0,0,0
1789621129.446,0,0,0,0,0,0,0,236631821,2064434695680,741921876480,0,0,0,0,0,0,0,0,0,0,0,0,0,0,0,0,0,0,0,0,0,0,0,0,0,0,0,0,0,0,0,0,0,0,0,0,0,0,0,0,0,0,0,0,0,0,0,0,0,0,0,0,0,0,0,0,0,0,413404,126162310,41456684,0,0,0,0,0,0,0,0,0,0,0,0,0,0,0,0,0,0,0,0,0,0,0,0,0,0,0,0,0,0,0,0,0,0,0,0,0,2146074624,652361728,130986,39817,0,86,131072,126013905,0,0,1193830951,2147483648,100097192,130699439,0,0,0,0,0,0,0,0,0,0,0,0,0,0,0,0,0,0,7594761,7594874,0,97,97,6262,329,15189554,35,0,0,0,0,0,0,0,1,0,0,0,0,0,0,0,0,0,0,8542691,0,12471043,110131,0,0,0,0,0,0,0,0,16384,0,0,0,0,0,0,0,0,0,0,0,3121,347,0,0,0,0,0,23090812,0,651,1,47,347,3121,0,0,0,0,0,0,0,0,0,0,0,0,0,0,0,0,0,0,0,0,0,0,0,0,0,0,0,0,0,0,0,0,0,0,0,0,0,0,0,0,0,0,0,0,0,0,0,0,0,0,0,0,0,104161126,0,0,0,113463204,0,0,0,0,0,0,0,75382145,126067666,174395276,54004963840,44584644,0,0,0,0,0,0,0,0,0,0,0,0,0,0,0,0,0,0,0,0,0,0,0,0,0,0,0,0,0,0,0,52137749,0,0,0,0,0,0,0
1789621130.473,0,0,0,0,0,0,0,236654758,2064732818944,741992820224,0,0,0,0,0,0,0,0,0,0,0,0,0,0,0,0,0,0,0,0,0,0,0,0,0,0,0,0,0,0,0,0,0,0,0,0,0,0,0,0,0,0,0,0,0,0,0,0,0,0,0,0,0,0,0,0,0,0,413444,126180532,41460859,0,0,0,0,0,0,0,0,0,0,0,0,0,0,0,0,0,0,0,0,0,0,0,0,0,0,0,0,0,0,0,0,0,0,0,0,0,2146009088,658882560,130982,40215,0,90,131072,126032110,0,0,1193950563,2147483648,100114855,130711310,0,0,0,0,0,0,0,0,0,0,0,0,0,0,0,0,0,0,7595504,7595614,0,97,97,6262,329,15191051,35,0,0,0,0,0,0,0,1,0,0,0,0,0,0,0,0,0,0,8543525,0,12471171,110132,0,0,0,0,0,0,0,0,16384,0,0,0,0,0,0,0,0,0,0,0,3122,347,0,0,0,0,0,23093078,0,651,1,47,347,3122,0,0,0,0,0,0,0,0,0,0,0,0,0,0,0,0,0,0,0,0,0,0,0,0,0,0,0,0,0,0,0,0,0,0,0,0,0,0,0,0,0,0,0,0,0,0,0,0,0,0,0,0,0,104163563,0,0,0,113473904,0,0,0,0,0,0,0,75387691,126085882,174405926,54006667264,44586145,1,0,0,0,0,0,0,0,0,0,0,0,0,0,0,0,0,0,0,0,0,0,0,0,0,0,0,0,0,0,0,52138490,0,0,0,0,0,0,0
1789621131.499,0,0,0,0,0,0,0,236677649,2065029434880,742084802560,0,0,0,0,0,0,0,0,0,0,0,0,0,0,0,0,0,0,0,0,0,0,0,0,0,0,0,0,0,0,0,0,0,0,0,0,0,0,0,0,0,0,0,0,0,0,0,0,0,0,0,0,0,0,0,0,0,0,413480,126198657,41466322,0,0,0,0,0,0,0,0,0,0,0,0,0,0,0,0,0,0,0,0,0,0,0,0,0,0,0,0,0,0,0,0,0,0,0,0,0,2146222080,643399680,130995,39270,0,77,131072,126050222,0,0,1194070063,2147483648,100132107,130723097,0,0,0,0,0,0,0,0,0,0,0,0,0,0,0,0,0,0,7596251,7596361,0,97,97,6262,329,15192543,35,0,0,0,0,0,0,0,1,0,0,0,0,0,0,0,0,0,0,8544363,0,12472624,110144,0,0,0,0,0,0,0,0,16384,0,0,0,0,0,0,0,0,0,0,0,3123,347,0,0,0,0,0,23095339,0,651,1,47,347,3123,0,0,0,0,0,0,0,0,0,0,0,0,0,0,0,0,0,0,0,0,0,0,0,0,0,0,0,0,0,0,0,0,0,0,0,0,0,0,0,0,0,0,0,0,0,0,0,0,0,0,0,0,0,104166016,0,0,0,113484573,0,0,0,0,0,0,0,75393424,126103999,174417854,54008365568,44587658,0,0,0,0,0,0,0,0,0,0,0,0,0,0,0,0,0,0,0,0,0,0,0,0,0,0,0,0,0,0,0,52139235,0,0,0,0,0,0,0
1789621132.526,0,0,0,0,0,0,0,236702133,2065348840960,742160367104,0,0,0,0,0,0,0,0,0,0,0,0,0,0,0,0,0,0,0,0,0,0,0,0,0,0,0,0,0,0,0,0,0,0,0,0,0,0,0,0,0,0,0,0,0,0,0,0,0,0,0,0,0,0,0,0,0,0,413534,126218173,41470767,0,0,0,0,0,0,0,0,0,0,0,0,0,0,0,0,0,0,0,0,0,0,0,0,0,0,0,0,0,0,0,0,0,0,0,0,0,2146304000,648364032,131000,39573,0,72,131072,126069723,0,0,1194198974,2147483648,100151193,130735871,0,0,0,0,0,0,0,0,0,0,0,0,0,0,0,0,0,0,7597067,7597180,0,97,97,6262,329,15194174,35,0,0,0,0,0,0,0,1,0,0,0,0,0,0,0,0,0,0,8545286,0,12472624,110144,0,0,0,0,0,0,0,0,16384,0,0,0,0,0,0,0,0,0,0,0,3124,347,0,0,0,0,0,23097831,0,651,1,47,347,3124,0,0,0,0,0,0,0,0,0,0,0,0,0,0,0,0,0,0,0,0,0,0,0,0,0,0,0,0,0,0,0,0,0,0,0,0,0,0,0,0,0,0,0,0,0,0,0,0,0,0,0,0,0,104168536,0,0,0,113496052,0,0,0,0,0,0,0,75399460,126123506,174429259,54010178560,44589250,0,0,0,0,0,0,0,0,0,0,0,0,0,0,0,0,0,0,0,0,0,0,0,0,0,0,0,0,0,0,0,52140055,0,0,0,0,0,0,0
1789621133.552,0,0,0,0,0,0,0,236723440,2065626041856,742228141568,0,0,0,0,0,0,0,0,0,0,0,0,0,0,0,0,0,0,0,0,0,0,0,0,0,0,0,0,0,0,0,0,0,0,0,0,0,0,0,0,0,0,0,0,0,0,0,0,0,0,0,0,0,0,0,0,0,0,413576,126235116,41474753,0,0,0,0,0,0,0,0,0,0,0,0,0,0,0,0,0,0,0,0,0,0,0,0,0,0,0,0,0,0,0,0,0,0,0,0,0,2146271232,651034624,130998,39736,0,74,131072,126086655,0,0,1194311799,2147483648,100167652,130746977,0,0,0,0,0,0,0,0,0,0,0,0,0,0,0,0,0,0,7597778,7597886,0,97,97,6262,329,15195577,35,0,0,0,0,0,0,0,1,0,0,0,0,0,0,0,0,0,0,8546080,0,12472752,110145,0,0,0,0,0,0,0,0,16384,0,0,0,0,0,0,0,0,0,0,0,3125,347,0,0,0,0,0,23099982,0,651,1,47,347,3125,0,0,0,0,0,0,0,0,0,0,0,0,0,0,0,0,0,0,0,0,0,0,0,0,0,0,0,0,0,0,0,0,0,0,0,0,0,0,0,0,0,0,0,0,0,0,0,0,0,0,0,0,0,104170908,0,0,0,113506018,0,0,0,0,0,0,0,75404773,126140441,174439471,54011820544,44590704,0,0,0,0,0,0,0,0,0,0,0,0,0,0,0,0,0,0,0,0,0,0,0,0,0,0,0,0,0,0,0,52140761,0,0,0,0,0,0,0
1789621134.579,0,0,0,0,0,0,0,236747982,2065945988608,742303198720,0,0,0,0,0,0,0,0,0,0,0,0,0,0,0,0,0,0,0,0,0,0,0,0,0,0,0,0,0,0,0,0,0,0,0,0,0,0,0,0,0,0,0,0,0,0,0,0,0,0,0,0,0,0,0,0,0,0,413619,126254670,41479158,0,0,0,0,0,0,0,0,0,0,0,0,0,0,0,0,0,0,0,0,0,0,0,0,0,0,0,0,0,0,0,0,0,0,0,0,0,2146402304,659177472,131006,40233,0,66,131072,126106195,0,0,1194440046,2147483648,100186736,130759868,0,0,0,0,0,0,0,0,0,0,0,0,0,0,0,0,0,0,7598579,7598693,0,97,97,6262,329,15197194,35,0,0,0,0,0,0,0,1,0,0,0,0,0,0,0,0,0,0,8546989,0,12472752,110145,0,0,0,0,0,0,0,0,16384,0,0,0,0,0,0,0,0,0,0,0,3127,348,0,0,0,0,0,23102444,0,658,1,47,348,3127,0,0,0,0,1,0,0,0,0,0,0,0,0,0,0,0,0,0,0,0,0,0,0,0,0,0,0,0,0,0,0,0,0,0,0,0,0,0,0,0,0,0,0,0,0,0,0,0,0,0,0,0,0,104173420,0,0,0,113517550,0,0,0,0,0,0,0,75410754,126159984,174450812,54013634048,44592274,0,0,0,0,0,0,0,0,0,0,0,0,0,0,0,0,0,0,0,0,0,0,0,0,0,0,0,0,0,0,0,52141569,0,0,0,0,0,0,0
1789621135.607,0,0,0,0,0,0,0,236771838,2066256399872,742397576704,0,0,0,0,0,0,0,0,0,0,0,0,0,0,0,0,0,0,0,0,0,0,0,0,0,0,0,0,0,0,0,0,0,0,0,0,0,0,0,0,0,0,0,0,0,0,0,0,0,0,0,0,0,0,0,0,0,0,413669,126273638,41484763,0,0,0,0,0,0,0,0,0,0,0,0,0,0,0,0,0,0,0,0,0,0,0,0,0,0,0,0,0,0,0,0,0,0,0,0,0,2146369536,644235264,131004,39321,0,68,131072,126125153,0,0,1194565128,2147483648,100204658,130772333,0,0,0,0,0,0,0,0,0,0,0,0,0,0,0,0,0,0,7599356,7599469,0,97,97,6262,329,15198764,35,0,0,0,0,0,0,0,1,0,0,0,0,0,0,0,0,0,0,8547863,0,12474171,110157,0,0,0,0,0,0,0,0,16384,0,0,0,0,0,0,0,0,0,0,0,3128,348,0,0,0,0,0,23104804,0,658,1,47,348,3128,0,0,0,0,0,0,0,0,0,0,0,0,0,0,0,0,0,0,0,0,0,0,0,0,0,0,0,0,0,0,0,0,0,0,0,0,0,0,0,0,0,0,0,0,0,0,0,0,0,0,0,0,0,104175880,0,0,0,113528690,0,0,0,0,0,0,0,75416697,126178946,174463054,54015380480,44593823,0,0,0,0,0,0,0,0,0,0,0,0,0,0,0,0,0,0,0,0,0,0,0,0,0,0,0,0,0,0,0,52142345,0,0,0,0,0,0,0
1789621136.633,0,0,0,0,0,0,0,236794749,2066554670592,742468840448,0,0,0,0,0,0,0,0,0,0,0,0,0,0,0,0,0,0,0,0,0,0,0,0,0,0,0,0,0,0,0,0,0,0,0,0,0,0,0,0,0,0,0,0,0,0,0,0,0,0,0,0,0,0,0,0,0,0,413714,126291867,41488957,0,0,0,0,0,0,0,0,0,0,0,0,0,0,0,0,0,0,0,0,0,0,0,0,0,0,0,0,0,0,0,0,0,0,0,0,0,2146123776,649347072,130989,39633,0,83,131072,126143370,0,0,1194685087,2147483648,100222499,130784258,0,0,0,0,0,0,0,0,0,0,0,0,0,0,0,0,0,0,7600117,7600229,0,97,97,6262,329,15200275,35,0,0,0,0,0,0,0,1,0,0,0,0,0,0,0,0,0,0,8548717,0,12474171,110157,0,0,0,0,0,0,0,0,16384,0,0,0,0,0,0,0,0,0,0,0,3129,348,0,0,0,0,0,23107107,0,658,1,47,348,3129,0,0,0,0,0,0,0,0,0,0,0,0,0,0,0,0,0,0,0,0,0,0,0,0,0,0,0,0,0,0,0,0,0,0,0,0,0,0,0,0,0,0,0,0,0,0,0,0,0,0,0,0,0,104178355,0,0,0,113539416,0,0,0,0,0,0,0,75422408,126197171,174473906,54017107968,44595345,0,0,0,0,0,0,0,0,0,0,0,0,0,0,0,0,0,0,0,0,0,0,0,0,0,0,0,0,0,0,0,52143105,0,0,0,0,0,0,0
1789621137.660,0,0,0,0,0,0,0,236817466,2066852466176,742540370944,0,0,0,0,0,0,0,0,0,0,0,0,0,0,0,0,0,0,0,0,0,0,0,0,0,0,0,0,0,0,0,0,0,0,0,0,0,0,0,0,0,0,0,0,0,0,0,0,0,0,0,0,0,0,0,0,0,0,413754,126310069,41493165,0,0,0,0,0,0,0,0,0,0,0,0,0,0,0,0,0,0,0,0,0,0,0,0,0,0,0,0,0,0,0,0,0,0,0,0,0,2146123776,652197888,130989,39807,0,82,131072,126161562,0,0,1194805892,2147483648,100240253,130796016,0,0,0,0,0,0,0,0,0,0,0,0,0,0,0,0,0,0,7600880,7600991,0,97,97,6262,329,15201792,35,0,0,0,0,0,0,0,1,0,0,0,0,0,0,0,0,0,0,8549574,0,12474299,110158,0,0,0,0,0,0,0,0,16384,0,0,0,0,0,0,0,0,0,0,0,3130,348,0,0,0,0,0,23109420,0,658,1,47,348,3130,0,0,0,0,0,0,0,0,0,0,0,0,0,0,0,0,0,0,0,0,0,0,0,0,0,0,0,0,0,0,0,0,0,0,0,0,0,0,0,0,0,0,0,0,0,0,0,0,0,0,0,0,0,104180821,0,0,0,113550069,0,0,0,0,0,0,0,75428030,126215365,174484668,54018820096,44596885,0,0,0,0,0,0,0,0,0,0,0,0,0,0,0,0,0,0,0,0,0,0,0,0,0,0,0,0,0,0,0,52143867,0,0,0,0,0,0,0
1789621138.686,0,0,0,0,0,0,0,236841677,2067166924288,742615375360,0,0,0,0,0,0,0,0,0,0,0,0,0,0,0,0,0,0,0,0,0,0,0,0,0,0,0,0,0,0,0,0,0,0,0,0,0,0,0,0,0,0,0,0,0,0,0,0,0,0,0,0,0,0,0,0,0,0,413796,126329284,41497587,0,0,0,0,0,0,0,0,0,0,0,0,0,0,0,0,0,0,0,0,0,0,0,0,0,0,0,0,0,0,0,0,0,0,0,0,0,2146353152,658800640,131003,40210,0,69,131072,126180759,0,0,1194932190,2147483648,100259005,130808633,0,0,0,0,0,0,0,0,0,0,0,0,0,0,0,0,0,0,7601674,7601784,0,97,97,6262,329,15203386,35,0,0,0,0,0,0,0,1,0,0,0,0,0,0,0,0,0,0,8550467,0,12474299,110158,0,0,0,0,0,0,0,0,16384,0,0,0,0,0,0,0,0,0,0,0,3131,348,0,0,0,0,0,23111825,0,658,1,47,348,3131,0,0,0,0,0,0,0,0,0,0,0,0,0,0,0,0,0,0,0,0,0,0,0,0,0,0,0,0,0,0,0,0,0,0,0,0,0,0,0,0,0,0,0,0,0,0,0,0,0,0,0,0,0,104183317,0,0,0,113561468,0,0,0,0,0,0,0,75433995,126234564,174495991,54020580864,44598435,0,0,0,0,0,0,0,0,0,0,0,0,0,0,0,0,0,0,0,0,0,0,0,0,0,0,0,0,0,0,0,52144657,0,0,0,0,0,0,0
1789621139.713,0,0,0,0,0,0,0,236865015,2067471666688,742707755520,0,0,0,0,0,0,0,0,0,0,0,0,0,0,0,0,0,0,0,0,0,0,0,0,0,0,0,0,0,0,0,0,0,0,0,0,0,0,0,0,0,0,0,0,0,0,0,0,0,0,0,0,0,0,0,0,0,0,413834,126347934,41503046,0,0,0,0,0,0,0,0,0,0,0,0,0,0,0,0,0,0,0,0,0,0,0,0,0,0,0,0,0,0,0,0,0,0,0,0,0,2146385920,645349376,131005,39389,0,67,131072,126199402,0,0,1195054118,2147483648,100276691,130820667,0,0,0,0,0,0,0,0,0,0,0,0,0,0,0,0,0,0,7602431,7602544,0,97,97,6262,329,15204899,35,0,0,0,0,0,0,0,1,0,0,0,0,0,0,0,0,0,0,8551320,0,12475718,110170,0,0,0,0,0,0,0,0,16384,0,0,0,0,0,0,0,0,0,0,0,3132,348,0,0,0,0,0,23114149,0,658,1,47,348,3132,0,0,0,0,0,0,0,0,0,0,0,0,0,0,0,0,0,0,0,0,0,0,0,0,0,0,0,0,0,0,0,0,0,0,0,0,0,0,0,0,0,0,0,0,0,0,0,0,0,0,0,0,0,104185758,0,0,0,113572333,0,0,0,0,0,0,0,75439774,126253204,174507967,54022290432,44599951,0,0,0,0,0,0,0,0,0,0,0,0,0,0,0,0,0,0,0,0,0,0,0,0,0,0,0,0,0,0,0,52145418,0,0,0,0,0,0,0
1789621140.739,0,0,0,0,0,0,0,236888179,2067772640768,742778702336,0,0,0,0,0,0,0,0,0,0,0,0,0,0,0,0,0,0,0,0,0,0,0,0,0,0,0,0,0,0,0,0,0,0,0,0,0,0,0,0,0,0,0,0,0,0,0,0,0,0,0,0,0,0,0,0,0,0,413879,126366329,41507233,0,0,0,0,0,0,0,0,0,0,0,0,0,0,0,0,0,0,0,0,0,0,0,0,0,0,0,0,0,0,0,0,0,0,0,0,0,2146205696,651051008,130994,39737,0,78,131072,126217785,0,0,1195175511,2147483648,100294715,130832734,0,0,0,0,0,0,0,0,0,0,0,0,0,0,0,0,0,0,7603203,7603316,0,97,97,6262,329,15206429,35,0,0,0,0,0,0,0,1,0,0,0,0,0,0,0,0,0,0,8552189,0,12475718,110170,0,0,0,0,0,0,0,0,16384,0,0,0,0,0,0,0,0,0,0,0,3133,348,0,0,0,0,0,23116503,0,658,1,47,348,3133,0,0,0,0,0,0,0,0,0,0,0,0,0,0,0,0,0,0,0,0,0,0,0,0,0,0,0,0,0,0,0,0,0,0,0,0,0,0,0,0,0,0,0,0,0,0,0,0,0,0,0,0,0,104188195,0,0,0,113583190,0,0,0,0,0,0,0,75445467,126271590,174518743,54024025600,44601473,0,0,0,0,0,0,0,0,0,0,0,0,0,0,0,0,0,0,0,0,0,0,0,0,0,0,0,0,0,0,0,52146192,0,0,0,0,0,0,0
1789621141.766,0,0,0,0,0,0,0,236910360,2068062752256,742849773056,0,0,0,0,0,0,0,0,0,0,0,0,0,0,0,0,0,0,0,0,0,0,0,0,0,0,0,0,0,0,0,0,0,0,0,0,0,0,0,0,0,0,0,0,0,0,0,0,0,0,0,0,0,0,0,0,0,0,413928,126384052,41511411,0,0,0,0,0,0,0,0,0,0,0,0,0,0,0,0,0,0,0,0,0,0,0,0,0,0,0,0,0,0,0,0,0,0,0,0,0,2146189312,651952128,130993,39792,0,80,131072,126235494,0,0,1195293477,2147483648,100311943,130844222,0,0,0,0,0,0,0,0,0,0,0,0,0,0,0,0,0,0,7603937,7604049,0,97,97,6262,329,15207906,35,0,0,0,0,0,0,0,1,0,0,0,0,0,0,0,0,0,0,8553014,0,12475846,110171,0,0,0,0,0,0,0,0,16384,0,0,0,0,0,0,0,0,0,0,0,3134,348,0,0,0,0,0,23118734,0,658,1,47,348,3134,0,0,0,0,0,0,0,0,0,0,0,0,0,0,0,0,0,0,0,0,0,0,0,0,0,0,0,0,0,0,0,0,0,0,0,0,0,0,0,0,0,0,0,0,0,0,0,0,0,0,0,0,0,104190628,0,0,0,113593520,0,0,0,0,0,0,0,75451027,126289323,174529409,54025717760,44602978,0,1,0,0,0,0,0,0,0,0,0,0,0,0,0,0,0,0,0,0,0,0,0,0,0,0,0,0,0,0,0,52146925,0,0,0,0,0,0,0
1789621142.794,0,0,0,0,0,0,0,236934142,2068372262400,742923304960,0,0,0,0,0,0,0,0,0,0,0,0,0,0,0,0,0,0,0,0,0,0,0,0,0,0,0,0,0,0,0,0,0,0,0,0,0,0,0,0,0,0,0,0,0,0,0,0,0,0,0,0,0,0,0,0,0,0,413966,126402971,41515741,0,0,0,0,0,0,0,0,0,0,0,0,0,0,0,0,0,0,0,0,0,0,0,0,0,0,0,0,0,0,0,0,0,0,0,0,0,2146353152,658472960,131003,40190,0,69,131072,126254399,0,0,1195417668,2147483648,100330422,130856565,0,0,0,0,0,0,0,0,0,0,0,0,0,0,0,0,0,0,7604709,7604824,0,97,97,6262,329,15209453,35,0,0,0,0,0,0,0,1,0,0,0,0,0,0,0,0,0,0,8553886,0,12475846,110171,0,0,0,0,0,0,0,0,16384,0,0,0,0,0,0,0,0,0,0,0,3135,348,0,0,0,0,0,23121089,0,658,1,47,348,3135,0,0,0,0,0,0,0,0,0,0,0,0,0,0,0,0,0,0,0,0,0,0,0,0,0,0,0,0,0,0,0,0,0,0,0,0,0,0,0,0,0,0,0,0,0,0,0,0,0,0,0,0,0,104193145,0,0,0,113604618,0,0,0,0,0,0,0,75456903,126308219,174540576,54027469312,44604529,0,0,0,0,0,0,0,0,0,0,0,0,0,0,0,0,0,0,0,0,0,0,0,0,0,0,0,0,0,0,0,52147700,0,0,0,0,0,0,0
1789621143.821,0,0,0,0,0,0,0,236957553,2068676775424,743015687680,0,0,0,0,0,0,0,0,0,0,0,0,0,0,0,0,0,0,0,0,0,0,0,0,0,0,0,0,0,0,0,0,0,0,0,0,0,0,0,0,0,0,0,0,0,0,0,0,0,0,0,0,0,0,0,0,0,0,414009,126421579,41521219,0,0,0,0,0,0,0,0,0,0,0,0,0,0,0,0,0,0,0,0,0,0,0,0,0,0,0,0,0,0,0,0,0,0,0,0,0,2146500608,645693440,131012,39410,0,60,131072,126272992,0,0,1195539896,2147483648,100348035,130868788,0,0,0,0,0,0,0,0,0,0,0,0,0,0,0,0,0,0,7605474,7605588,0,97,97,6262,329,15210988,35,0,0,0,0,0,0,0,1,0,0,0,0,0,0,0,0,0,0,8554746,0,12477273,110183,0,0,0,0,0,0,0,0,16384,0,0,0,0,0,0,0,0,0,0,0,3136,348,0,0,0,0,0,23123404,0,658,1,47,348,3136,0,0,0,0,0,0,0,0,0,0,0,0,0,0,0,0,0,0,0,0,0,0,0,0,0,0,0,0,0,0,0,0,0,0,0,0,0,0,0,0,0,0,0,0,0,0,0,0,0,0,0,0,0,104195595,0,0,0,113615617,0,0,0,0,0,0,0,75462693,126326819,174552568,54029206528,44606059,0,0,0,0,0,0,0,0,0,0,0,0,0,0,0,0,0,0,0,0,0,0,0,0,0,0,0,0,0,0,0,52148464,0,0,0,0,0,0,0
1789621144.848,0,0,0,0,0,0,0,236981490,2068988169728,743088127488,0,0,0,0,0,0,0,0,0,0,0,0,0,0,0,0,0,0,0,0,0,0,0,0,0,0,0,0,0,0,0,0,0,0,0,0,0,0,0,0,0,0,0,0,0,0,0,0,0,0,0,0,0,0,0,0,0,0,414053,126440620,41525476,0,0,0,0,0,0,0,0,0,0,0,0,0,0,0,0,0,0,0,0,0,0,0,0,0,0,0,0,0,0,0,0,0,0,0,0,0,2146287616,652705792,130999,39838,0,73,131072,126292026,0,0,1195665759,2147483648,100366647,130881220,0,0,0,0,0,0,0,0,0,0,0,0,0,0,0,0,0,0,7606269,7606377,0,97,97,6262,329,15212584,35,0,0,0,0,0,0,0,1,0,0,0,0,0,0,0,0,0,0,8555634,0,12477273,110183,0,0,0,0,0,0,0,0,16384,0,0,0,0,0,0,0,0,0,0,0,3137,348,0,0,0,0,0,23125808,0,658,1,47,348,3137,0,0,0,0,0,0,0,0,0,0,0,0,0,0,0,0,0,0,0,0,0,0,0,0,0,0,0,0,0,0,0,0,0,0,0,0,0,0,0,0,0,0,0,0,0,0,0,0,0,0,0,0,0,104198118,0,0,0,113626860,0,0,0,0,0,0,0,75468485,126345847,174563594,54030978048,44607599,0,0,0,0,0,0,0,0,0,0,0,0,0,0,0,0,0,0,0,0,0,0,0,0,0,0,0,0,0,0,0,52149253,0,0,0,0,0,0,0
1789621145.876,0,0,0,0,0,0,0,237003116,2069270007296,743157787648,0,0,0,0,0,0,0,0,0,0,0,0,0,0,0,0,0,0,0,0,0,0,0,0,0,0,0,0,0,0,0,0,0,0,0,0,0,0,0,0,0,0,0,0,0,0,0,0,0,0,0,0,0,0,0,0,0,0,414096,126457861,41529572,0,0,0,0,0,0,0,0,0,0,0,0,0,0,0,0,0,0,0,0,0,0,0,0,0,0,0,0,0,0,0,0,0,0,0,0,0,2146271232,654704640,130998,39960,0,74,131072,126309244,0,0,1195780193,2147483648,100383388,130892472,0,0,0,0,0,0,0,0,0,0,0,0,0,0,0,0,0,0,7606980,7607097,0,97,97,6262,329,15213997,35,0,0,0,0,0,0,0,1,0,0,0,0,0,0,0,0,0,0,8556443,0,12477401,110184,0,0,0,0,0,0,0,0,16384,0,0,0,0,0,0,0,0,0,0,0,3138,348,0,0,0,0,0,23127988,0,658,1,47,348,3138,0,0,0,0,0,0,0,0,0,0,0,0,0,0,0,0,0,0,0,0,0,0,0,0,0,0,0,0,0,0,0,0,0,0,0,0,0,0,0,0,0,0,0,0,0,0,0,0,0,0,0,0,0,104200501,0,0,0,113636949,0,0,0,0,0,0,0,75473928,126363075,174574046,54032634368,44609070,0,0,0,0,0,0,0,0,0,0,0,0,0,0,0,0,0,0,0,0,0,0,0,0,0,0,0,0,0,0,0,52149973,0,0,0,0,0,0,0
1789621146.901,0,0,0,0,0,0,0,237026790,2069577944576,743231316992,0,0,0,0,0,0,0,0,0,0,0,0,0,0,0,0,0,0,0,0,0,0,0,0,0,0,0,0,0,0,0,0,0,0,0,0,0,0,0,0,0,0,0,0,0,0,0,0,0,0,0,0,0,0,0,0,0,0,414144,126476688,41533891,0,0,0,0,0,0,0,0,0,0,0,0,0,0,0,0,0,0,0,0,0,0,0,0,0,0,0,0,0,0,0,0,0,0,0,0,0,2146238464,662241280,130996,40420,0,76,131072,126328054,0,0,1195903821,2147483648,100401795,130904992,0,0,0,0,0,0,0,0,0,0,0,0,0,0,0,0,0,0,7607765,7607877,0,97,97,6262,329,15215563,35,0,0,0,0,0,0,0,1,0,0,0,0,0,0,0,0,0,0,8557320,0,12477401,110184,0,0,0,0,0,0,0,0,16384,0,0,0,0,0,0,0,0,0,0,0,3139,348,0,0,0,0,0,23130361,0,658,1,47,348,3139,0,0,0,0,0,0,0,0,0,0,0,0,0,0,0,0,0,0,0,0,0,0,0,0,0,0,0,0,0,0,0,0,0,0,0,0,0,0,0,0,0,0,0,0,0,0,0,0,0,0,0,0,0,104202978,0,0,0,113648173,0,0,0,0,0,0,0,75479772,126381888,174585175,54034434048,44610594,0,0,0,0,0,0,0,0,0,0,0,0,0,0,0,0,0,0,0,0,0,0,0,0,0,0,0,0,0,0,0,52150752,0,0,0,0,0,0,0
1789621147.928,0,0,0,0,0,0,0,237051663,2069901430272,743329043456,0,0,0,0,0,0,0,0,0,0,0,0,0,0,0,0,0,0,0,0,0,0,0,0,0,0,0,0,0,0,0,0,0,0,0,0,0,0,0,0,0,0,0,0,0,0,0,0,0,0,0,0,0,0,0,0,0,0,414189,126496455,41539698,0,0,0,0,0,0,0,0,0,0,0,0,0,0,0,0,0,0,0,0,0,0,0,0,0,0,0,0,0,0,0,0,0,0,0,0,0,2146222080,647151616,130995,39499,0,77,131072,126347794,0,0,1196033716,2147483648,100420504,130917867,0,0,0,0,0,0,0,0,0,0,0,0,0,0,0,0,0,0,7608579,7608692,0,97,97,6262,329,15217178,35,0,0,0,0,0,0,0,1,0,0,0,0,0,0,0,0,0,0,8558237,0,12478821,110197,0,0,0,0,0,0,0,0,16384,0,0,0,0,0,0,0,0,0,0,0,3140,348,0,0,0,0,0,23132841,0,658,1,47,348,3140,0,0,0,0,0,0,0,0,0,0,0,0,0,0,0,0,0,0,0,0,0,0,0,0,0,0,0,0,0,0,0,0,0,0,0,0,0,0,0,0,0,0,0,0,0,0,0,0,0,0,0,0,0,104205523,0,0,0,113659728,0,0,0,0,0,0,0,75485934,126401647,174597909,54036262400,44612162,0,0,0,0,0,0,0,0,0,0,0,0,0,0,0,0,0,0,0,0,0,0,0,0,0,0,0,0,0,0,0,52151568,0,0,0,0,0,0,0
1789621148.955,0,0,0,0,0,0,0,237074148,2070194277888,743397579776,0,0,0,0,0,0,0,0,0,0,0,0,0,0,0,0,0,0,0,0,0,0,0,0,0,0,0,0,0,0,0,0,0,0,0,0,0,0,0,0,0,0,0,0,0,0,0,0,0,0,0,0,0,0,0,0,0,0,414234,126514351,41543720,0,0,0,0,0,0,0,0,0,0,0,0,0,0,0,0,0,0,0,0,0,0,0,0,0,0,0,0,0,0,0,0,0,0,0,0,0,2146222080,652673024,130995,39836,0,77,131072,126365681,0,0,1196152088,2147483648,100437957,130929506,0,0,0,0,0,0,0,0,0,0,0,0,0,0,0,0,0,0,7609317,7609430,0,97,97,6262,329,15218673,35,0,0,0,0,0,0,0,1,0,0,0,0,0,0,0,0,0,0,8559067,0,12478821,110197,0,0,0,0,0,0,0,0,16384,0,0,0,0,0,0,0,0,0,0,0,3141,348,0,0,0,0,0,23135087,0,658,1,47,348,3141,0,0,0,0,0,0,0,0,0,0,0,0,0,0,0,0,0,0,0,0,0,0,0,0,0,0,0,0,0,0,0,0,0,0,0,0,0,0,0,0,0,0,0,0,0,0,0,0,0,0,0,0,0,104207986,0,0,0,113670203,0,0,0,0,0,0,0,75491485,126419534,174608416,54037965824,44613688,0,0,0,0,0,0,0,0,0,0,0,0,0,0,0,0,0,0,0,0,0,0,0,0,0,0,0,0,0,0,0,52152305,0,0,0,0,0,0,0
1789621149.982,0,0,0,0,0,0,0,237097718,2070502247936,743472918528,0,0,0,0,0,0,0,0,0,0,0,0,0,0,0,0,0,0,0,0,0,0,0,0,0,0,0,0,0,0,0,0,0,0,0,0,0,0,0,0,0,0,0,0,0,0,0,0,0,0,0,0,0,0,0,0,0,0,414276,126533177,41548143,0,0,0,0,0,0,0,0,0,0,0,0,0,0,0,0,0,0,0,0,0,0,0,0,0,0,0,0,0,0,0,0,0,0,0,0,0,2146516992,656392192,131013,40063,0,59,131072,126384492,0,0,1196276770,2147483648,100456200,130941737,0,0,0,0,0,0,0,0,0,0,0,0,0,0,0,0,0,0,7610096,7610208,0,97,97,6262,329,15220234,35,0,0,0,0,0,0,0,1,0,0,0,0,0,0,0,0,0,0,8559943,0,12478949,110198,0,0,0,0,0,0,0,0,16384,0,0,0,0,0,0,0,0,0,0,0,3142,348,0,0,0,0,0,23137454,0,658,1,47,348,3142,0,0,0,0,0,0,0,0,0,0,0,0,0,0,0,0,0,0,0,0,0,0,0,0,0,0,0,0,0,0,0,0,0,0,0,0,0,0,0,0,0,0,0,0,0,0,0,0,0,0,0,0,0,104210445,0,0,0,113681268,0,0,0,0,0,0,0,75497353,126438357,174619618,54039713280,44615248,0,0,0,0,0,0,0,0,0,0,0,0,0,0,0,0,0,0,0,0,0,0,0,0,0,0,0,0,0,0,0,52153084,0,0,0,0,0,0,0
1789621151.009,0,0,0,0,0,0,0,237120526,2070798274048,743542887424,0,0,0,0,0,0,0,0,0,0,0,0,0,0,0,0,0,0,0,0,0,0,0,0,0,0,0,0,0,0,0,0,0,0,0,0,0,0,0,0,0,0,0,0,0,0,0,0,0,0,0,0,0,0,0,0,0,0,414312,126551273,41552273,0,0,0,0,0,0,0,0,0,0,0,0,0,0,0,0,0,0,0,0,0,0,0,0,0,0,0,0,0,0,0,0,0,0,0,0,0,2146041856,663584768,130984,40502,0,88,131072,126402573,0,0,1196395831,2147483648,100473965,130953624,0,0,0,0,0,0,0,0,0,0,0,0,0,0,0,0,0,0,7610843,7610958,0,97,97,6262,329,15221727,35,0,0,0,0,0,0,0,1,0,0,0,0,0,0,0,0,0,0,8560786,0,12478949,110198,0,0,0,0,0,0,0,0,16384,0,0,0,0,0,0,0,0,0,0,0,3143,348,0,0,0,0,0,23139735,0,658,1,47,348,3143,0,0,0,0,0,0,0,0,0,0,0,0,0,0,0,0,0,0,0,0,0,0,0,0,0,0,0,0,0,0,0,0,0,0,0,0,0,0,0,0,0,0,0,0,0,0,0,0,0,0,0,0,0,104212859,0,0,0,113691984,0,0,0,0,0,0,0,75502979,126456454,174630258,54041402368,44616760,0,0,0,0,0,0,0,0,0,0,0,0,0,0,0,0,0,0,0,0,0,0,0,0,0,0,0,0,0,0,0,52153832,0,0,0,0,0,0,0
1789621152.035,0,0,0,0,0,0,0,237145248,2071119793664,743642774528,0,0,0,0,0,0,0,0,0,0,0,0,0,0,0,0,0,0,0,0,0,0,0,0,0,0,0,0,0,0,0,0,0,0,0,0,0,0,0,0,0,0,0,0,0,0,0,0,0,0,0,0,0,0,0,0,0,0,414366,126570926,41558100,0,0,0,0,0,0,0,0,0,0,0,0,0,0,0,0,0,0,0,0,0,0,0,0,0,0,0,0,0,0,0,0,0,0,0,0,0,2146385920,648675328,131005,39592,0,67,131072,126422212,0,0,1196525310,2147483648,100492692,130966583,0,0,0,0,0,0,0,0,0,0,0,0,0,0,0,0,0,0,7611656,7611773,0,97,97,6262,329,15223343,35,0,0,0,0,0,0,0,1,0,0,0,0,0,0,0,0,0,0,8561703,0,12480410,110210,0,0,0,0,0,0,0,0,16384,0,0,0,0,0,0,0,0,0,0,0,3144,348,0,0,0,0,0,23142226,0,658,1,47,348,3144,0,0,0,0,0,0,0,0,0,0,0,0,0,0,0,0,0,0,0,0,0,0,0,0,0,0,0,0,0,0,0,0,0,0,0,0,0,0,0,0,0,0,0,0,0,0,0,0,0,0,0,0,0,104219007,0,0,0,113703551,0,0,0,0,0,0,0,75511816,126476091,174646603,54044901376,44621020,0,0,0,0,0,0,0,0,0,0,0,0,0,0,0,0,0,0,0,0,0,0,0,0,0,0,0,0,0,0,0,52154649,0,0,0,0,0,0,0
1789621153.062,0,0,0,0,0,0,0,237167360,2071407971840,743712375808,0,0,0,0,0,0,0,0,0,0,0,0,0,0,0,0,0,0,0,0,0,0,0,0,0,0,0,0,0,0,0,0,0,0,0,0,0,0,0,0,0,0,0,0,0,0,0,0,0,0,0,0,0,0,0,0,0,0,414408,126588545,41562195,0,0,0,0,0,0,0,0,0,0,0,0,0,0,0,0,0,0,0,0,0,0,0,0,0,0,0,0,0,0,0,0,0,0,0,0,0,2145992704,652034048,130981,39797,0,91,131072,126439822,0,0,1196641539,2147483648,100509998,130978050,0,0,0,0,0,0,0,0,0,0,0,0,0,0,0,0,0,0,7612388,7612501,0,97,97,6262,329,15224817,35,0,0,0,0,0,0,0,1,0,0,0,0,0,0,0,0,0,0,8562523,0,12480410,110210,0,0,0,0,0,0,0,0,16384,0,0,0,0,0,0,0,0,0,0,0,3145,348,0,0,0,0,0,23144440,0,658,1,47,348,3145,0,0,0,0,0,0,0,0,0,0,0,0,0,0,0,0,0,0,0,0,0,0,0,0,0,0,0,0,0,0,0,0,0,0,0,0,0,0,0,0,0,0,0,0,0,0,0,0,0,0,0,0,0,104221408,0,0,0,113713872,0,0,0,0,0,0,0,75517400,126493696,174657182,54046585344,44622515,0,0,0,0,0,0,0,0,0,0,0,0,0,0,0,0,0,0,0,0,0,0,0,0,0,0,0,0,0,0,0,52155376,0,0,0,0,0,0,0
1789621154.089,0,0,0,0,0,0,0,237191074,2071717940736,743788244992,0,0,0,0,0,0,0,0,0,0,0,0,0,0,0,0,0,0,0,0,0,0,0,0,0,0,0,0,0,0,0,0,0,0,0,0,0,0,0,0,0,0,0,0,0,0,0,0,0,0,0,0,0,0,0,0,0,0,414451,126607484,41566658,0,0,0,0,0,0,0,0,0,0,0,0,0,0,0,0,0,0,0,0,0,0,0,0,0,0,0,0,0,0,0,0,0,0,0,0,0,2145943552,654196736,130977,39929,0,95,131072,126458755,0,0,1196767418,2147483648,100528364,130990331,0,0,0,0,0,0,0,0,0,0,0,0,0,0,0,0,0,0,7613179,7613294,0,97,97,6262,329,15226400,35,0,0,0,0,0,0,0,1,0,0,0,0,0,0,0,0,0,0,8563415,0,12480538,110211,0,0,0,0,0,0,0,0,16384,0,0,0,0,0,0,0,0,0,0,0,3146,348,0,0,0,0,0,23146860,0,658,1,47,348,3146,0,0,0,0,0,0,0,0,0,0,0,0,0,0,0,0,0,0,0,0,0,0,0,0,0,0,0,0,0,0,0,0,0,0,0,0,0,0,0,0,0,0,0,0,0,0,0,0,0,0,0,0,0,104223932,0,0,0,113724983,0,0,0,0,0,0,0,75523313,126512634,174668510,54048370176,44624087,0,0,0,0,0,0,0,0,0,0,0,0,0,0,0,0,0,0,0,0,0,0,0,0,0,0,0,0,0,0,0,52156170,0,0,0,0,0,0,0
1789621155.115,0,0,0,0,0,0,0,237214282,2072021650944,743863020544,0,0,0,0,0,0,0,0,0,0,0,0,0,0,0,0,0,0,0,0,0,0,0,0,0,0,0,0,0,0,0,0,0,0,0,0,0,0,0,0,0,0,0,0,0,0,0,0,0,0,0,0,0,0,0,0,0,0,414511,126626043,41570902,0,0,0,0,0,0,0,0,0,0,0,0,0,0,0,0,0,0,0,0,0,0,0,0,0,0,0,0,0,0,0,0,0,0,0,0,0,2146320384,660717568,131001,40327,0,71,131072,126477307,0,0,1196888995,2147483648,100546427,131002541,0,0,0,0,0,0,0,0,0,0,0,0,0,0,0,0,0,0,7613930,7614046,0,97,97,6262,329,15227902,35,0,0,0,0,0,0,0,1,0,0,0,0,0,0,0,0,0,0,8564261,0,12480538,110213,0,0,0,0,0,0,0,0,16384,0,0,0,0,0,0,0,0,0,0,0,3147,348,0,0,0,0,0,23149136,0,658,1,47,348,3147,0,0,0,0,0,0,0,0,0,0,0,0,0,0,0,0,0,0,0,0,0,0,0,0,0,0,0,0,0,0,0,0,0,0,0,0,0,0,0,0,0,0,0,0,0,0,0,0,0,0,0,0,0,104226408,0,0,0,113735794,0,0,0,0,0,0,0,75529011,126531176,174679555,54050113536,44625614,0,0,0,0,0,0,0,0,0,0,0,0,0,0,0,0,0,0,0,0,0,0,0,0,0,0,0,0,0,0,0,52156922,0,0,0,0,0,0,0
1789621156.142,0,0,0,0,0,0,0,237239009,2072342990336,743955699200,0,0,0,0,0,0,0,0,0,0,0,0,0,0,0,0,0,0,0,0,0,0,0,0,0,0,0,0,0,0,0,0,0,0,0,0,0,0,0,0,0,0,0,0,0,0,0,0,0,0,0,0,0,0,0,0,0,0,414558,126645698,41576543,0,0,0,0,0,0,0,0,0,0,0,0,0,0,0,0,0,0,0,0,0,0,0,0,0,0,0,0,0,0,0,0,0,0,0,0,0,2146369536,649658368,131004,39652,0,68,131072,126496946,0,0,1197017873,2147483648,100565159,131015531,0,0,0,0,0,0,0,0,0,0,0,0,0,0,0,0,0,0,7614747,7614863,0,97,97,6262,329,15229534,35,0,0,0,0,0,0,0,1,0,0,0,0,0,0,0,0,0,0,8565180,0,12481969,110223,0,0,0,0,0,0,0,0,16384,0,0,0,0,0,0,0,0,0,0,0,3148,348,0,0,0,0,0,23151619,0,658,1,47,348,3148,0,0,0,0,0,0,0,0,0,0,0,0,0,0,0,0,0,0,0,0,0,0,0,0,0,0,0,0,0,0,0,0,0,0,0,0,0,0,0,0,0,0,0,0,0,0,0,0,0,0,0,0,0,104228923,0,0,0,113747442,0,0,0,0,0,0,0,75535125,126550821,174691855,54051932160,44627217,0,0,0,0,0,0,0,0,0,0,0,0,0,0,0,0,0,0,0,0,0,0,0,0,0,0,0,0,0,0,0,52157739,0,0,0,0,0,0,0
1789621157.169,0,0,0,0,0,0,0,237261165,2072629693952,744023476224,0,0,0,0,0,0,0,0,0,0,0,0,0,0,0,0,0,0,0,0,0,0,0,0,0,0,0,0,0,0,0,0,0,0,0,0,0,0,0,0,0,0,0,0,0,0,0,0,0,0,0,0,0,0,0,0,0,0,414597,126663219,41580525,0,0,0,0,0,0,0,0,0,0,0,0,0,0,0,0,0,0,0,0,0,0,0,0,0,0,0,0,0,0,0,0,0,0,0,0,0,2146304000,654671872,131000,39958,0,72,131072,126514468,0,0,1197134029,2147483648,100582309,131026997,0,0,0,0,0,0,0,0,0,0,0,0,0,0,0,0,0,0,7615483,7615593,0,97,97,6262,329,15231001,35,0,0,0,0,0,0,0,1,0,0,0,0,0,0,0,0,0,0,8566001,0,12481969,110223,0,0,0,0,0,0,0,0,16384,0,0,0,0,0,0,0,0,0,0,0,3149,348,0,0,0,0,0,23153834,0,658,1,47,348,3149,0,0,0,0,0,0,0,0,0,0,0,0,0,0,0,0,0,0,0,0,0,0,0,0,0,0,0,0,0,0,0,0,0,0,0,0,0,0,0,0,0,0,0,0,0,0,0,0,0,0,0,0,0,104231334,0,0,0,113757812,0,0,0,0,0,0,0,75540590,126568336,174702222,54053601280,44628702,0,0,0,0,0,0,0,0,0,0,0,0,0,0,0,0,0,0,0,0,0,0,0,0,0,0,0,0,0,0,0,52158469,0,0,0,0,0,0,0
1789621158.196,0,0,0,0,0,0,0,237285311,2072944692736,744101185536,0,0,0,0,0,0,0,0,0,0,0,0,0,0,0,0,0,0,0,0,0,0,0,0,0,0,0,0,0,0,0,0,0,0,0,0,0,0,0,0,0,0,0,0,0,0,0,0,0,0,0,0,0,0,0,0,0,0,414634,126682478,41585035,0,0,0,0,0,0,0,0,0,0,0,0,0,0,0,0,0,0,0,0,0,0,0,0,0,0,0,0,0,0,0,0,0,0,0,0,0,2146451456,656031744,131009,40041,1,63,131072,126533723,0,0,1197260969,2147483648,100600978,131039374,0,0,0,0,0,0,0,0,0,0,0,0,0,0,0,0,0,0,7616285,7616399,0,97,97,6262,329,15232598,35,0,0,0,0,0,0,0,1,0,0,0,0,0,0,0,0,0,0,8566904,0,12482097,110224,0,0,0,0,0,0,0,0,16384,0,0,0,0,0,0,0,0,0,0,0,3150,348,0,0,0,0,0,23156265,0,658,1,47,348,3150,0,0,0,0,0,0,0,0,0,0,0,0,0,0,0,0,0,0,0,0,0,0,0,0,0,0,0,0,0,0,0,0,0,0,0,0,0,0,0,0,0,0,0,0,0,0,0,0,0,0,0,0,0,104236306,0,0,0,113769057,0,0,0,0,0,0,0,75548399,126587575,174716075,54056496640,44632133,0,0,0,0,0,0,0,0,0,0,0,0,0,0,0,0,0,0,0,0,0,0,0,0,0,0,0,0,0,0,0,52159272,0,0,0,0,0,0,0
1789621159.223,0,0,0,0,0,0,0,237308841,2073251122688,744197177856,0,0,0,0,0,0,0,0,0,0,0,0,0,0,0,0,0,0,0,0,0,0,0,0,0,0,0,0,0,0,0,0,0,0,0,0,0,0,0,0,0,0,0,0,0,0,0,0,0,0,0,0,0,0,0,0,0,0,414682,126701216,41590673,0,0,0,0,0,0,0,0,0,0,0,0,0,0,0,0,0,0,0,0,0,0,0,0,0,0,0,0,0,0,0,0,0,0,0,0,0,2146254848,640417792,130997,39088,0,75,131072,126552450,0,0,1197385350,2147483648,100618784,131051742,0,0,0,0,0,0,0,0,0,0,0,0,0,0,0,0,0,0,7617061,7617179,0,97,97,6262,329,15234161,35,0,0,0,0,0,0,0,1,0,0,0,0,0,0,0,0,0,0,8567784,0,12483517,110236,0,0,0,0,0,0,0,0,16384,0,0,0,0,0,0,0,0,0,0,0,3151,348,0,0,0,0,0,23158650,0,658,1,47,348,3151,0,0,0,0,0,0,0,0,0,0,0,0,0,0,0,0,0,0,0,0,0,0,0,0,0,0,0,0,0,0,0,0,0,0,0,0,0,0,0,0,0,0,0,0,0,0,0,0,0,0,0,0,0,104240856,0,0,0,113780133,0,0,0,0,0,0,0,75555964,126606298,174730483,54059218432,44635259,0,0,0,0,0,0,0,0,0,0,0,0,0,0,0,0,0,0,0,0,0,0,0,0,0,0,0,0,0,0,0,52160054,0,0,0,0,0,0,0
1789621160.250,0,0,0,0,0,0,0,237332291,2073555996160,744267642368,0,0,0,0,0,0,0,0,0,0,0,0,0,0,0,0,0,0,0,0,0,0,0,0,0,0,0,0,0,0,0,0,0,0,0,0,0,0,0,0,0,0,0,0,0,0,0,0,0,0,0,0,0,0,0,0,0,0,414724,126719842,41594806,0,0,0,0,0,0,0,0,0,0,0,0,0,0,0,0,0,0,0,0,0,0,0,0,0,0,0,0,0,0,0,0,0,0,0,0,0,2146222080,648986624,130995,39611,0,77,131072,126571061,0,0,1197507877,2147483648,100636995,131063919,0,0,0,0,0,0,0,0,0,0,0,0,0,0,0,0,0,0,7617819,7617931,0,97,97,6262,329,15235687,35,0,0,0,0,0,0,0,1,0,0,0,0,0,0,0,0,0,0,8568632,0,12483517,110236,0,0,0,0,0,0,0,0,16384,0,0,0,0,0,0,0,0,0,0,0,3152,348,0,0,0,0,0,23160937,0,658,1,47,348,3152,0,0,0,0,0,0,0,0,0,0,0,0,0,0,0,0,0,0,0,0,0,0,0,0,0,0,0,0,0,0,0,0,0,0,0,0,0,0,0,0,0,0,0,0,0,0,0,0,0,0,0,0,0,104243332,0,0,0,113791050,0,0,0,0,0,0,0,75561619,126624920,174741235,54060971520,44636777,0,0,0,0,0,0,0,0,0,0,0,0,0,0,0,0,0,0,0,0,0,0,0,0,0,0,0,0,0,0,0,52160807,0,0,0,0,0,0,0
1789621161.276,0,0,0,0,0,0,0,237353680,2073833688576,744332719104,0,0,0,0,0,0,0,0,0,0,0,0,0,0,0,0,0,0,0,0,0,0,0,0,0,0,0,0,0,0,0,0,0,0,0,0,0,0,0,0,0,0,0,0,0,0,0,0,0,0,0,0,0,0,0,0,0,0,414765,126736811,41598645,0,0,0,0,0,0,0,0,0,0,0,0,0,0,0,0,0,0,0,0,0,0,0,0,0,0,0,0,0,0,0,0,0,0,0,0,0,2146205696,656293888,130995,40057,0,77,131072,126588019,0,0,1197619617,2147483648,100653518,131075163,0,0,0,0,0,0,0,0,0,0,0,0,0,0,0,0,0,0,7618527,7618644,0,97,97,6262,329,15237096,35,0,0,0,0,0,0,0,1,0,0,0,0,0,0,0,0,0,0,8569431,0,12483645,110237,0,0,0,0,0,0,0,0,16384,0,0,0,0,0,0,0,0,0,0,0,3153,348,0,0,0,0,0,23163097,0,658,1,47,348,3153,0,0,0,0,0,0,0,0,0,0,0,0,0,0,0,0,0,0,0,0,0,0,0,0,0,0,0,0,0,0,0,0,0,0,0,0,0,0,0,0,0,0,0,0,0,0,0,0,0,0,0,0,0,104245719,0,0,0,113801143,0,0,0,0,0,0,0,75566820,126641893,174751143,54062617600,44638279,0,0,0,0,0,0,0,0,0,0,0,0,0,0,0,0,0,0,0,0,0,0,0,0,0,0,0,0,0,0,0,52161517,0,0,0,0,0,0,0
1789621162.302,0,0,0,0,0,0,0,237378326,2074155666944,744409425920,0,0,0,0,0,0,0,0,0,0,0,0,0,0,0,0,0,0,0,0,0,0,0,0,0,0,0,0,0,0,0,0,0,0,0,0,0,0,0,0,0,0,0,0,0,0,0,0,0,0,0,0,0,0,0,0,0,0,414810,126756496,41603154,0,0,0,0,0,0,0,0,0,0,0,0,0,0,0,0,0,0,0,0,0,0,0,0,0,0,0,0,0,0,0,0,0,0,0,0,0,2146074624,660635648,130986,40322,0,86,131072,126607686,0,0,1197749422,2147483648,100672755,131087930,0,0,0,0,0,0,0,0,0,0,0,0,0,0,0,0,0,0,7619349,7619463,0,97,97,6262,329,15238745,35,0,0,0,0,0,0,0,1,0,0,0,0,0,0,0,0,0,0,8570355,0,12483645,110237,0,0,0,0,0,0,0,0,16384,0,0,0,0,0,0,0,0,0,0,0,3154,348,0,0,0,0,0,23165610,0,658,1,47,348,3154,0,0,0,0,0,0,0,0,0,0,0,0,0,0,0,0,0,0,0,0,0,0,0,0,0,0,0,0,0,0,0,0,0,0,0,0,0,0,0,0,0,0,0,0,0,0,0,0,0,0,0,0,0,104248272,0,0,0,113812684,0,0,0,0,0,0,0,75572912,126661556,174762714,54064448512,44639859,1,0,0,0,0,0,0,0,0,0,0,0,0,0,0,0,0,0,0,0,0,0,0,0,0,0,0,0,0,0,0,52162339,0,0,0,0,0,0,0
1789621163.329,0,0,0,0,0,0,0,237402209,2074468847104,744508801536,0,0,0,0,0,0,0,0,0,0,0,0,0,0,0,0,0,0,0,0,0,0,0,0,0,0,0,0,0,0,0,0,0,0,0,0,0,0,0,0,0,0,0,0,0,0,0,0,0,0,0,0,0,0,0,0,0,0,414857,126775633,41608947,0,0,0,0,0,0,0,0,0,0,0,0,0,0,0,0,0,0,0,0,0,0,0,0,0,0,0,0,0,0,0,0,0,0,0,0,0,2146287616,643252224,130999,39261,0,73,131072,126626805,0,0,1197875802,2147483648,100690897,131100393,0,0,0,0,0,0,0,0,0,0,0,0,0,0,0,0,0,0,7620140,7620252,0,97,97,6262,329,15240300,35,0,0,0,0,0,0,0,1,0,0,0,0,0,0,0,0,0,0,8571240,0,12485078,110249,0,0,0,0,0,0,0,0,16384,0,0,0,0,0,0,0,0,0,0,0,3156,348,0,0,0,0,0,23168008,0,658,1,47,348,3156,0,0,0,0,0,0,0,0,0,0,0,0,0,0,0,0,0,0,0,0,0,0,0,0,0,0,0,0,0,0,0,0,0,0,0,0,0,0,0,0,0,0,0,0,0,0,0,0,0,0,0,0,0,104254432,0,0,0,113823857,0,0,0,0,0,0,0,75581800,126680682,174779041,54067904512,44644177,0,0,0,0,0,0,0,0,0,0,0,0,0,0,0,0,0,0,0,0,0,0,0,0,0,0,0,0,0,0,0,52163126,0,0,0,0,0,0,0
1789621164.356,0,0,0,0,0,0,0,237425215,2074767560192,744579522560,0,0,0,0,0,0,0,0,0,0,0,0,0,0,0,0,0,0,0,0,0,0,0,0,0,0,0,0,0,0,0,0,0,0,0,0,0,0,0,0,0,0,0,0,0,0,0,0,0,0,0,0,0,0,0,0,0,0,414899,126793890,41613116,0,0,0,0,0,0,0,0,0,0,0,0,0,0,0,0,0,0,0,0,0,0,0,0,0,0,0,0,0,0,0,0,0,0,0,0,0,2146058240,649592832,130985,39648,0,87,131072,126645048,0,0,1197995966,2147483648,100708770,131112383,0,0,0,0,0,0,0,0,0,0,0,0,0,0,0,0,0,0,7620887,7621002,0,97,97,6262,329,15241804,35,0,0,0,0,0,0,0,1,0,0,0,0,0,0,0,0,0,0,8572086,0,12485078,110249,0,0,0,0,0,0,0,0,16384,0,0,0,0,0,0,0,0,0,0,0,3157,348,0,0,0,0,0,23170292,0,658,1,47,348,3157,0,0,0,0,0,0,0,0,0,0,0,0,0,0,0,0,0,0,0,0,0,0,0,0,0,0,0,0,0,0,0,0,0,0,0,0,0,0,0,0,0,0,0,0,0,0,0,0,0,0,0,0,0,104256891,0,0,0,113834613,0,0,0,0,0,0,0,75587508,126698934,174789820,54069621248,44645724,0,0,0,0,0,0,0,0,0,0,0,0,0,0,0,0,0,0,0,0,0,0,0,0,0,0,0,0,0,0,0,52163878,0,0,0,0,0,0,0
1789621165.383,0,0,0,0,0,0,0,237448081,2075064831488,744650241024,0,0,0,0,0,0,0,0,0,0,0,0,0,0,0,0,0,0,0,0,0,0,0,0,0,0,0,0,0,0,0,0,0,0,0,0,0,0,0,0,0,0,0,0,0,0,0,0,0,0,0,0,0,0,0,0,0,0,414944,126812073,41617240,0,0,0,0,0,0,0,0,0,0,0,0,0,0,0,0,0,0,0,0,0,0,0,0,0,0,0,0,0,0,0,0,0,0,0,0,0,2146156544,655884288,130991,40032,0,81,131072,126663215,0,0,1198115729,2147483648,100726392,131124288,0,0,0,0,0,0,0,0,0,0,0,0,0,0,0,0,0,0,7621637,7621750,0,97,97,6262,329,15243313,35,0,0,0,0,0,0,0,1,0,0,0,0,0,0,0,0,0,0,8572927,0,12485206,110250,0,0,0,0,0,0,0,0,16384,0,0,0,0,0,0,0,0,0,0,0,3158,348,0,0,0,0,0,23172556,0,658,1,47,348,3158,0,0,0,0,0,0,0,0,0,0,0,0,0,0,0,0,0,0,0,0,0,0,0,0,0,0,0,0,0,0,0,0,0,0,0,0,0,0,0,0,0,0,0,0,0,0,0,0,0,0,0,0,0,104260095,0,0,0,113845309,0,0,0,0,0,0,0,75593592,126717105,174801158,54071675904,44647797,1,0,0,0,0,0,0,0,0,0,0,0,0,0,0,0,0,0,0,0,0,0,0,0,0,0,0,0,0,0,0,52164625,0,0,0,0,0,0,0
1789621166.411,0,0,0,0,0,0,0,237471452,2075369541120,744726552064,0,0,0,0,0,0,0,0,0,0,0,0,0,0,0,0,0,0,0,0,0,0,0,0,0,0,0,0,0,0,0,0,0,0,0,0,0,0,0,0,0,0,0,0,0,0,0,0,0,0,0,0,0,0,0,0,0,0,414988,126830704,41621499,0,0,0,0,0,0,0,0,0,0,0,0,0,0,0,0,0,0,0,0,0,0,0,0,0,0,0,0,0,0,0,0,0,0,0,0,0,2146287616,660520960,130999,40315,0,73,131072,126681831,0,0,1198239328,2147483648,100744575,131136430,0,0,0,0,0,0,0,0,0,0,0,0,0,0,0,0,0,0,7622422,7622535,0,97,97,6262,329,15244872,35,0,0,0,0,0,0,0,1,0,0,0,0,0,0,0,0,0,0,8573807,0,12485206,110250,0,0,0,0,0,0,0,0,16384,0,0,0,0,0,0,0,0,0,0,0,3159,348,0,0,0,0,0,23174941,0,658,1,47,348,3159,0,0,0,0,0,0,0,0,0,0,0,0,0,0,0,0,0,0,0,0,0,0,0,0,0,0,0,0,0,0,0,0,0,0,0,0,0,0,0,0,0,0,0,0,0,0,0,0,0,0,0,0,0,104271249,0,0,0,113856274,0,0,0,0,0,0,0,75605892,126735724,174820804,54077410304,44655853,1,1,0,0,0,0,0,0,0,0,0,0,0,0,0,0,0,0,0,0,0,0,0,0,0,0,0,0,0,0,0,52165408,0,0,0,0,0,0,0
1789621167.438,0,0,0,0,0,0,0,237495666,2075683311104,744829297152,0,0,0,0,0,0,0,0,0,0,0,0,0,0,0,0,0,0,0,0,0,0,0,0,0,0,0,0,0,0,0,0,0,0,0,0,0,0,0,0,0,0,0,0,0,0,0,0,0,0,0,0,0,0,0,0,0,0,415034,126849879,41627351,0,0,0,0,0,0,0,0,0,0,0,0,0,0,0,0,0,0,0,0,0,0,0,0,0,0,0,0,0,0,0,0,0,0,0,0,0,2146435072,643661824,131008,39286,0,64,131072,126700990,0,0,1198366398,2147483648,100762685,131149102,0,0,0,0,0,0,0,0,0,0,0,0,0,0,0,0,0,0,7623213,7623326,0,97,97,6262,329,15246457,35,0,0,0,0,0,0,0,1,0,0,0,0,0,0,0,0,0,0,8574700,0,12486628,110262,0,0,0,0,0,0,0,0,16384,0,0,0,0,0,0,0,0,0,0,0,3160,348,0,0,0,0,0,23177351,0,658,1,47,348,3160,0,0,0,0,0,0,0,0,0,0,0,0,0,0,0,0,0,0,0,0,0,0,0,0,0,0,0,0,0,0,0,0,0,0,0,0,0,0,0,0,0,0,0,0,0,0,0,0,0,0,0,0,0,104282670,0,0,0,113867623,0,0,0,0,0,0,0,75618767,126754893,174842506,54083299328,44664091,1,0,0,0,0,0,0,0,0,0,0,0,0,0,0,0,0,0,0,0,0,0,0,0,0,0,0,0,0,0,0,52166202,0,0,0,0,0,0,0
1789621168.464,0,0,0,0,0,0,0,237518185,2075975486976,744898513408,0,0,0,0,0,0,0,0,0,0,0,0,0,0,0,0,0,0,0,0,0,0,0,0,0,0,0,0,0,0,0,0,0,0,0,0,0,0,0,0,0,0,0,0,0,0,0,0,0,0,0,0,0,0,0,0,0,0,415079,126867738,41631347,0,0,0,0,0,0,0,0,0,0,0,0,0,0,0,0,0,0,0,0,0,0,0,0,0,0,0,0,0,0,0,0,0,0,0,0,0,2146304000,651788288,131000,39782,0,72,131072,126718843,0,0,1198483724,2147483648,100780227,131160823,0,0,0,0,0,0,0,0,0,0,0,0,0,0,0,0,0,0,7623940,7624054,0,97,97,6262,329,15247920,35,0,0,0,0,0,0,0,1,0,0,0,0,0,0,0,0,0,0,8575517,0,12486628,110262,0,0,0,0,0,0,0,0,16384,0,0,0,0,0,0,0,0,0,0,0,3161,348,0,0,0,0,0,23179565,0,658,1,47,348,3161,0,0,0,0,0,0,0,0,0,0,0,0,0,0,0,0,0,0,0,0,0,0,0,0,0,0,0,0,0,0,0,0,0,0,0,0,0,0,0,0,0,0,0,0,0,0,0,0,0,0,0,0,0,104287776,0,0,0,113878112,0,0,0,0,0,0,0,75626325,126772738,174855592,54086237184,44667659,0,0,0,0,0,0,0,0,0,0,0,0,0,0,0,0,0,0,0,0,0,0,0,0,0,0,0,0,0,0,0,52166929,0,0,0,0,0,0,0
1789621169.491,0,0,0,0,0,0,0,237540142,2076259618304,744965914112,0,0,0,0,0,0,0,0,0,0,0,0,0,0,0,0,0,0,0,0,0,0,0,0,0,0,0,0,0,0,0,0,0,0,0,0,0,0,0,0,0,0,0,0,0,0,0,0,0,0,0,0,0,0,0,0,0,0,415119,126885103,41635299,0,0,0,0,0,0,0,0,0,0,0,0,0,0,0,0,0,0,0,0,0,0,0,0,0,0,0,0,0,0,0,0,0,0,0,0,0,2146500608,657784832,131012,40148,0,60,131072,126736201,0,0,1198598677,2147483648,100797122,131172298,0,0,0,0,0,0,0,0,0,0,0,0,0,0,0,0,0,0,7624671,7624786,0,97,97,6262,329,15249375,35,0,0,0,0,0,0,0,1,0,0,0,0,0,0,0,0,0,0,8576341,0,12486756,110263,0,0,0,0,0,0,0,0,16384,0,0,0,0,0,0,0,0,0,0,0,3162,348,0,0,0,0,0,23181791,0,658,1,47,348,3162,0,0,0,0,0,0,0,0,0,0,0,0,0,0,0,0,0,0,0,0,0,0,0,0,0,0,0,0,0,0,0,0,0,0,0,0,0,0,0,0,0,0,0,0,0,0,0,0,0,0,0,0,0,104290183,0,0,0,113888434,0,0,0,0,0,0,0,75631661,126790099,174865788,54087910400,44669161,0,0,0,0,0,0,0,0,0,0,0,0,0,0,0,0,0,0,0,0,0,0,0,0,0,0,0,0,0,0,0,52167661,0,0,0,0,0,0,0
1789621170.518,0,0,0,0,0,0,0,237564139,2076571897344,745040301056,0,0,0,0,0,0,0,0,0,0,0,0,0,0,0,0,0,0,0,0,0,0,0,0,0,0,0,0,0,0,0,0,0,0,0,0,0,0,0,0,0,0,0,0,0,0,0,0,0,0,0,0,0,0,0,0,0,0,415165,126904192,41639679,0,0,0,0,0,0,0,0,0,0,0,0,0,0,0,0,0,0,0,0,0,0,0,0,0,0,0,0,0,0,0,0,0,0,0,0,0,2146304000,661438464,131000,40371,0,72,131072,126755278,0,0,1198726336,2147483648,100815753,131184713,0,0,0,0,0,0,0,0,0,0,0,0,0,0,0,0,0,0,7625470,7625580,0,97,97,6262,329,15250972,35,0,0,0,0,0,0,0,1,0,0,0,0,0,0,0,0,0,0,8577234,0,12486756,110263,0,0,0,0,0,0,0,0,16384,0,0,0,0,0,0,0,0,0,0,0,3163,348,0,0,0,0,0,23184203,0,658,1,47,348,3163,0,0,0,0,0,0,0,0,0,0,0,0,0,0,0,0,0,0,0,0,0,0,0,0,0,0,0,0,0,0,0,0,0,0,0,0,0,0,0,0,0,0,0,0,0,0,0,0,0,0,0,0,0,104292741,0,0,0,113899646,0,0,0,0,0,0,0,75637607,126809183,174877091,54089715200,44670738,0,0,0,0,0,0,0,0,0,0,0,0,0,0,0,0,0,0,0,0,0,0,0,0,0,0,0,0,0,0,0,52168455,0,0,0,0,0,0,0
1789621171.544,0,0,0,0,0,0,0,237588471,2076887993856,745139384320,0,0,0,0,0,0,0,0,0,0,0,0,0,0,0,0,0,0,0,0,0,0,0,0,0,0,0,0,0,0,0,0,0,0,0,0,0,0,0,0,0,0,0,0,0,0,0,0,0,0,0,0,0,0,0,0,0,0,415224,126923514,41645557,0,0,0,0,0,0,0,0,0,0,0,0,0,0,0,0,0,0,0,0,0,0,0,0,0,0,0,0,0,0,0,0,0,0,0,0,0,2146205696,644939776,130994,39364,0,78,131072,126774579,0,0,1198853432,2147483648,100834207,131197580,0,0,0,0,0,0,0,0,0,0,0,0,0,0,0,0,0,0,7626269,7626380,0,97,97,6262,329,15252563,35,0,0,0,0,0,0,0,1,0,0,0,0,0,0,0,0,0,0,8578134,0,12488181,110275,0,0,0,0,0,0,0,0,16384,0,0,0,0,0,0,0,0,0,0,0,3164,348,0,0,0,0,0,23186633,0,658,1,47,348,3164,0,0,0,0,0,0,0,0,0,0,0,0,0,0,0,0,0,0,0,0,0,0,0,0,0,0,0,0,0,0,0,0,0,0,0,0,0,0,0,0,0,0,0,0,0,0,0,0,0,0,0,0,0,104295265,0,0,0,113911067,0,0,0,0,0,0,0,75643829,126828496,174889951,54091530240,44672298,0,0,0,0,0,0,0,0,0,0,0,0,0,0,0,0,0,0,0,0,0,0,0,0,0,0,0,0,0,0,0,52169255,0,0,0,0,0,0,0
1789621172.571,0,0,0,0,0,0,0,237611016,2077179170304,745205477888,0,0,0,0,0,0,0,0,0,0,0,0,0,0,0,0,0,0,0,0,0,0,0,0,0,0,0,0,0,0,0,0,0,0,0,0,0,0,0,0,0,0,0,0,0,0,0,0,0,0,0,0,0,0,0,0,0,0,415260,126941316,41649434,0,0,0,0,0,0,0,0,0,0,0,0,0,0,0,0,0,0,0,0,0,0,0,0,0,0,0,0,0,0,0,0,0,0,0,0,0,2146140160,654147584,130989,39926,0,83,131072,126792367,0,0,1198970894,2147483648,100851622,131209233,0,0,0,0,0,0,0,0,0,0,0,0,0,0,0,0,0,0,7627001,7627109,0,97,97,6262,329,15254040,35,0,0,0,0,0,0,0,1,0,0,0,0,0,0,0,0,0,0,8578955,0,12488181,110275,0,0,0,0,0,0,0,0,16384,0,0,0,0,0,0,0,0,0,0,0,3165,348,0,0,0,0,0,23188854,0,658,1,47,348,3165,0,0,0,0,0,0,0,0,0,0,0,0,0,0,0,0,0,0,0,0,0,0,0,0,0,0,0,0,0,0,0,0,0,0,0,0,0,0,0,0,0,0,0,0,0,0,0,0,0,0,0,0,0,104297698,0,0,0,113921575,0,0,0,0,0,0,0,75649218,126846293,174900157,54093216768,44673806,0,0,0,0,0,0,0,0,0,0,0,0,0,0,0,0,0,0,0,0,0,0,0,0,0,0,0,0,0,0,0,52169984,0,0,0,0,0,0,0
1789621173.597,0,0,0,0,0,0,0,237634104,2077481586176,745278583296,0,0,0,0,0,0,0,0,0,0,0,0,0,0,0,0,0,0,0,0,0,0,0,0,0,0,0,0,0,0,0,0,0,0,0,0,0,0,0,0,0,0,0,0,0,0,0,0,0,0,0,0,0,0,0,0,0,0,415301,126959805,41653738,0,0,0,0,0,0,0,0,0,0,0,0,0,0,0,0,0,0,0,0,0,0,0,0,0,0,0,0,0,0,0,0,0,0,0,0,0,2146271232,657883136,130998,40154,0,74,131072,126810845,0,0,1199092024,2147483648,100869562,131221214,0,0,0,0,0,0,0,0,0,0,0,0,0,0,0,0,0,0,7627766,7627881,0,97,97,6262,329,15255551,35,0,0,0,0,0,0,0,1,0,0,0,0,0,0,0,0,0,0,8579823,0,12488309,110276,0,0,0,0,0,0,0,0,16384,0,0,0,0,0,0,0,0,0,0,0,3166,348,0,0,0,0,0,23191203,0,658,1,47,348,3166,0,0,0,0,0,0,0,0,0,0,0,0,0,0,0,0,0,0,0,0,0,0,0,0,0,0,0,0,0,0,0,0,0,0,0,0,0,0,0,0,0,0,0,0,0,0,0,0,0,0,0,0,0,104300202,0,0,0,113932375,0,0,0,0,0,0,0,75654929,126864779,174911126,54094971904,44675347,0,0,0,0,0,0,0,0,0,0,0,0,0,0,0,0,0,0,0,0,0,0,0,0,0,0,0,0,0,0,0,52170757,0,0,0,0,0,0,0
1789621174.624,0,0,0,0,0,0,0,237657151,2077781790208,745349978624,0,0,0,0,0,0,0,0,0,0,0,0,0,0,0,0,0,0,0,0,0,0,0,0,0,0,0,0,0,0,0,0,0,0,0,0,0,0,0,0,0,0,0,0,0,0,0,0,0,0,0,0,0,0,0,0,0,0,415351,126978152,41657928,0,0,0,0,0,0,0,0,0,0,0,0,0,0,0,0,0,0,0,0,0,0,0,0,0,0,0,0,0,0,0,0,0,0,0,0,0,2146287616,662306816,131000,40424,0,72,131072,126829186,0,0,1199213333,2147483648,100887513,131233229,0,0,0,0,0,0,0,0,0,0,0,0,0,0,0,0,0,0,7628531,7628649,0,97,97,6262,329,15257094,35,0,0,0,0,0,0,0,1,0,0,0,0,0,0,0,0,0,0,8580686,0,12488309,110276,0,0,0,0,0,0,0,0,16384,0,0,0,0,0,0,0,0,0,0,0,3167,348,0,0,0,0,0,23193536,0,658,1,47,348,3167,0,0,0,0,0,0,0,0,0,0,0,0,0,0,0,0,0,0,0,0,0,0,0,0,0,0,0,0,0,0,0,0,0,0,0,0,0,0,0,0,0,0,0,0,0,0,0,0,0,0,0,0,0,104302662,0,0,0,113943186,0,0,0,0,0,0,0,75660651,126883121,174921982,54096701952,44676872,0,0,0,0,0,0,0,0,0,0,0,0,0,0,0,0,0,0,0,0,0,0,0,0,0,0,0,0,0,0,0,52171524,0,0,0,0,0,0,0
1789621175.650,0,0,0,0,0,0,0,237681591,2078099754496,745447752704,0,0,0,0,0,0,0,0,0,0,0,0,0,0,0,0,0,0,0,0,0,0,0,0,0,0,0,0,0,0,0,0,0,0,0,0,0,0,0,0,0,0,0,0,0,0,0,0,0,0,0,0,0,0,0,0,0,0,415396,126997590,41663729,0,0,0,0,0,0,0,0,0,0,0,0,0,0,0,0,0,0,0,0,0,0,0,0,0,0,0,0,0,0,0,0,0,0,0,0,0,2146271232,645398528,130998,39392,0,74,131072,126848612,0,0,1199342392,2147483648,100905938,131245925,0,0,0,0,0,0,0,0,0,0,0,0,0,0,0,0,0,0,7629332,7629446,0,97,97,6262,329,15258703,35,0,0,0,0,0,0,0,1,0,0,0,0,0,0,0,0,0,0,8581584,0,12489745,110288,0,0,0,0,0,0,0,0,16384,0,0,0,0,0,0,0,0,0,0,0,3168,348,0,0,0,0,0,23195963,0,658,1,47,348,3168,0,0,0,0,0,0,0,0,0,0,0,0,0,0,0,0,0,0,0,0,0,0,0,0,0,0,0,0,0,0,0,0,0,0,0,0,0,0,0,0,0,0,0,0,0,0,0,0,0,0,0,0,0,104305210,0,0,0,113954593,0,0,0,0,0,0,0,75666807,126902564,174934694,54098529792,44678465,0,0,0,0,0,0,0,0,0,0,0,0,0,0,0,0,0,0,0,0,0,0,0,0,0,0,0,0,0,0,0,52172322,0,0,0,0,0,0,0
1789621176.678,0,0,0,0,0,0,0,237703130,2078379642368,745513216000,0,0,0,0,0,0,0,0,0,0,0,0,0,0,0,0,0,0,0,0,0,0,0,0,0,0,0,0,0,0,0,0,0,0,0,0,0,0,0,0,0,0,0,0,0,0,0,0,0,0,0,0,0,0,0,0,0,0,415443,127014693,41667576,0,0,0,0,0,0,0,0,0,0,0,0,0,0,0,0,0,0,0,0,0,0,0,0,0,0,0,0,0,0,0,0,0,0,0,0,0,2146172928,653459456,130992,39884,1,80,131072,126865700,0,0,1199454840,2147483648,100922674,131257296,0,0,0,0,0,0,0,0,0,0,0,0,0,0,0,0,0,0,7630035,7630148,0,97,97,6262,329,15260107,35,0,0,0,0,0,0,0,1,0,0,0,0,0,0,0,0,0,0,8582374,0,12489745,110288,0,0,0,0,0,0,0,0,16384,0,0,0,0,0,0,0,0,0,0,0,3169,348,0,0,0,0,0,23198092,0,658,1,47,348,3169,0,0,0,0,0,0,0,0,0,0,0,0,0,0,0,0,0,0,0,0,0,0,0,0,0,0,0,0,0,0,0,0,0,0,0,0,0,0,0,0,0,0,0,0,0,0,0,0,0,0,0,0,0,104307592,0,0,0,113964684,0,0,0,0,0,0,0,75672120,126919639,174944754,54100198912,44679943,0,0,0,0,0,0,0,0,0,0,0,0,0,0,0,0,0,0,0,0,0,0,0,0,0,0,0,0,0,0,0,52173023,0,0,0,0,0,0,0
1789621177.704,0,0,0,0,0,0,0,237727393,2078695591424,745587054592,0,0,0,0,0,0,0,0,0,0,0,0,0,0,0,0,0,0,0,0,0,0,0,0,0,0,0,0,0,0,0,0,0,0,0,0,0,0,0,0,0,0,0,0,0,0,0,0,0,0,0,0,0,0,0,0,0,0,415489,127034001,41671915,0,0,0,0,0,0,0,0,0,0,0,0,0,0,0,0,0,0,0,0,0,0,0,0,0,0,0,0,0,0,0,0,0,0,0,0,0,2146140160,660996096,130990,40344,0,82,131072,126884993,0,0,1199581913,2147483648,100941460,131270013,0,0,0,0,0,0,0,0,0,0,0,0,0,0,0,0,0,0,7630836,7630948,0,97,97,6262,329,15261717,35,0,0,0,0,0,0,0,1,0,0,0,0,0,0,0,0,0,0,8583274,0,12489873,110289,0,0,0,0,0,0,0,0,16384,0,0,0,0,0,0,0,0,0,0,0,3170,348,0,0,0,0,0,23200526,0,658,1,47,348,3170,0,0,0,0,0,0,0,0,0,0,0,0,0,0,0,0,0,0,0,0,0,0,0,0,0,0,0,0,0,0,0,0,0,0,0,0,0,0,0,0,0,0,0,0,0,0,0,0,0,0,0,0,0,104310112,0,0,0,113976084,0,0,0,0,0,0,0,75677904,126938945,174955823,54102002688,44681513,0,0,0,0,0,0,0,0,0,0,0,0,0,0,0,0,0,0,0,0,0,0,0,0,0,0,0,0,0,0,0,52173824,0,0,0,0,0,0,0
1789621178.731,0,0,0,0,0,0,0,237750191,2078994517504,745670202368,0,0,0,0,0,0,0,0,0,0,0,0,0,0,0,0,0,0,0,0,0,0,0,0,0,0,0,0,0,0,0,0,0,0,0,0,0,0,0,0,0,0,0,0,0,0,0,0,0,0,0,0,0,0,0,0,0,0,415531,127052261,41676831,0,0,0,0,0,0,0,0,0,0,0,0,0,0,0,0,0,0,0,0,0,0,0,0,0,0,0,0,0,0,0,0,0,0,0,0,0,2146435072,653541376,131007,39889,0,65,131072,126903245,0,0,1199701920,2147483648,100959243,131281885,0,0,0,0,0,0,0,0,0,0,0,0,0,0,0,0,0,0,7631594,7631707,0,97,97,6262,329,15263236,35,0,0,0,0,0,0,0,1,0,0,0,0,0,0,0,0,0,0,8584128,0,12490629,110295,0,0,0,0,0,0,0,0,16384,0,0,0,0,0,0,0,0,0,0,0,3171,348,0,0,0,0,0,23202838,0,658,1,47,348,3171,0,0,0,0,0,0,0,0,0,0,0,0,0,0,0,0,0,0,0,0,0,0,0,0,0,0,0,0,0,0,0,0,0,0,0,0,0,0,0,0,0,0,0,0,0,0,0,0,0,0,0,0,0,104312576,0,0,0,113986786,0,0,0,0,0,0,0,75683715,126957213,174967391,54103733248,44683060,0,0,0,0,0,0,0,0,0,0,0,0,0,0,0,0,0,0,0,0,0,0,0,0,0,0,0,0,0,0,0,52174583,0,0,0,0,0,0,0
1789621179.759,0,0,0,0,0,0,0,237775115,2079319379456,745759778816,0,0,0,0,0,0,0,0,0,0,0,0,0,0,0,0,0,0,0,0,0,0,0,0,0,0,0,0,0,0,0,0,0,0,0,0,0,0,0,0,0,0,0,0,0,0,0,0,0,0,0,0,0,0,0,0,0,0,415580,127072122,41682120,0,0,0,0,0,0,0,0,0,0,0,0,0,0,0,0,0,0,0,0,0,0,0,0,0,0,0,0,0,0,0,0,0,0,0,0,0,2146385920,647135232,131005,39498,0,67,131072,126923093,0,0,1199833751,2147483648,100978167,131294868,0,0,0,0,0,0,0,0,0,0,0,0,0,0,0,0,0,0,7632416,7632528,0,97,97,6262,329,15264876,35,0,0,0,0,0,0,0,1,0,0,0,0,0,0,0,0,0,0,8585051,0,12491352,110301,0,0,0,0,0,0,0,0,16384,0,0,0,0,0,0,0,0,0,0,0,3172,348,0,0,0,0,0,23205325,0,658,1,47,348,3172,0,0,0,0,0,0,0,0,0,0,0,0,0,0,0,0,0,0,0,0,0,0,0,0,0,0,0,0,0,0,0,0,0,0,0,0,0,0,0,0,0,0,0,0,0,0,0,0,0,0,0,0,0,104315104,0,0,0,113998436,0,0,0,0,0,0,0,75689960,126977054,174979764,54105598976,44684620,0,0,0,0,0,0,0,0,0,0,0,0,0,0,0,0,0,0,0,0,0,0,0,0,0,0,0,0,0,0,0,52175403,0,0,0,0,0,0,0
1789621180.786,0,0,0,0,0,0,0,237796259,2079593631232,745826292736,0,0,0,0,0,0,0,0,0,0,0,0,0,0,0,0,0,0,0,0,0,0,0,0,0,0,0,0,0,0,0,0,0,0,0,0,0,0,0,0,0,0,0,0,0,0,0,0,0,0,0,0,0,0,0,0,0,0,415623,127088898,41686035,0,0,0,0,0,0,0,0,0,0,0,0,0,0,0,0,0,0,0,0,0,0,0,0,0,0,0,0,0,0,0,0,0,0,0,0,0,2146271232,652050432,130998,39798,0,74,131072,126939857,0,0,1199944235,2147483648,100994444,131305976,0,0,0,0,0,0,0,0,0,0,0,0,0,0,0,0,0,0,7633111,7633226,0,97,97,6262,329,15266250,35,0,0,0,0,0,0,0,1,0,0,0,0,0,0,0,0,0,0,8585836,0,12491480,110302,0,0,0,0,0,0,0,0,16384,0,0,0,0,0,0,0,0,0,0,0,3173,348,0,0,0,0,0,23207452,0,658,1,47,348,3173,0,0,0,0,0,0,0,0,0,0,0,0,0,0,0,0,0,0,0,0,0,0,0,0,0,0,0,0,0,0,0,0,0,0,0,0,0,0,0,0,0,0,0,0,0,0,0,0,0,0,0,0,0,104317479,0,0,0,114008321,0,0,0,0,0,0,0,75695217,126993812,174989823,54107237376,44686097,0,0,0,0,0,0,0,0,0,0,0,0,0,0,0,0,0,0,0,0,0,0,0,0,0,0,0,0,0,0,0,52176102,0,0,0,0,0,0,0
1789621181.814,0,0,0,0,0,0,0,237821178,2079917018624,745900427776,0,0,0,0,0,0,0,0,0,0,0,0,0,0,0,0,0,0,0,0,0,0,0,0,0,0,0,0,0,0,0,0,0,0,0,0,0,0,0,0,0,0,0,0,0,0,0,0,0,0,0,0,0,0,0,0,0,0,415668,127108661,41690387,0,0,0,0,0,0,0,0,0,0,0,0,0,0,0,0,0,0,0,0,0,0,0,0,0,0,0,0,0,0,0,0,0,0,0,0,0,2146189312,661749760,130993,40390,0,78,131072,126959605,0,0,1200074436,2147483648,101013795,131318967,0,0,0,0,0,0,0,0,0,0,0,0,0,0,0,0,0,0,7633928,7634039,0,97,97,6262,329,15267878,35,0,0,0,0,0,0,0,1,0,0,0,0,0,0,0,0,0,0,8586751,0,12491480,110302,0,0,0,0,0,0,0,0,16384,0,0,0,0,0,0,0,0,0,0,0,3174,348,0,0,0,0,0,23209923,0,658,1,47,348,3174,0,0,0,0,0,0,0,0,0,0,0,0,0,0,0,0,0,0,0,0,0,0,0,0,0,0,0,0,0,0,0,0,0,0,0,0,0,0,0,0,0,0,0,0,0,0,0,0,0,0,0,0,0,104320007,0,0,0,114019961,0,0,0,0,0,0,0,75701134,127013576,175001055,54109088256,44687659,0,0,0,0,0,0,0,0,0,0,0,0,0,0,0,0,0,0,0,0,0,0,0,0,0,0,0,0,0,0,0,52176915,0,0,0,0,0,0,0
1789621182.840,0,0,0,0,0,0,0,237844639,2080223022592,745996581888,0,0,0,0,0,0,0,0,0,0,0,0,0,0,0,0,0,0,0,0,0,0,0,0,0,0,0,0,0,0,0,0,0,0,0,0,0,0,0,0,0,0,0,0,0,0,0,0,0,0,0,0,0,0,0,0,0,0,415710,127127368,41696089,0,0,0,0,0,0,0,0,0,0,0,0,0,0,0,0,0,0,0,0,0,0,0,0,0,0,0,0,0,0,0,0,0,0,0,0,0,2146320384,642678784,131001,39226,0,71,131072,126978295,0,0,1200197951,2147483648,101031466,131331093,0,0,0,0,0,0,0,0,0,0,0,0,0,0,0,0,0,0,7634700,7634817,0,97,97,6262,329,15269442,35,0,0,0,0,0,0,0,1,0,0,0,0,0,0,0,0,0,0,8587626,0,12492950,110314,0,0,0,0,0,0,0,0,16384,0,0,0,0,0,0,0,0,0,0,0,3175,348,0,0,0,0,0,23212283,0,658,1,47,348,3175,0,0,0,0,0,0,0,0,0,0,0,0,0,0,0,0,0,0,0,0,0,0,0,0,0,0,0,0,0,0,0,0,0,0,0,0,0,0,0,0,0,0,0,0,0,0,0,0,0,0,0,0,0,104322483,0,0,0,114030917,0,0,0,0,0,0,0,75707139,127032269,175013483,54110833664,44689203,0,0,0,0,0,0,0,0,0,0,0,0,0,0,0,0,0,0,0,0,0,0,0,0,0,0,0,0,0,0,0,52177693,0,0,0,0,0,0,0
1789621183.868,0,0,0,0,0,0,0,237868059,2080529878528,746069080064,0,0,0,0,0,0,0,0,0,0,0,0,0,0,0,0,0,0,0,0,0,0,0,0,0,0,0,0,0,0,0,0,0,0,0,0,0,0,0,0,0,0,0,0,0,0,0,0,0,0,0,0,0,0,0,0,0,0,415753,127146137,41700364,0,0,0,0,0,0,0,0,0,0,0,0,0,0,0,0,0,0,0,0,0,0,0,0,0,0,0,0,0,0,0,0,0,0,0,0,0,2146271232,648740864,130998,39596,0,75,131072,126997053,0,0,1200321629,2147483648,101049820,131343190,0,0,0,0,0,0,0,0,0,0,0,0,0,0,0,0,0,0,7635476,7635588,0,97,97,6262,329,15270972,35,0,0,0,0,0,0,0,1,0,0,0,0,0,0,0,0,0,0,8588493,0,12492950,110314,0,0,0,0,0,0,0,0,16384,0,0,0,0,0,0,0,0,0,0,0,3176,348,0,0,0,0,0,23214641,0,658,1,47,348,3176,0,0,0,0,0,0,0,0,0,0,0,0,0,0,0,0,0,0,0,0,0,0,0,0,0,0,0,0,0,0,0,0,0,0,0,0,0,0,0,0,0,0,0,0,0,0,0,0,0,0,0,0,0,104324931,0,0,0,114041858,0,0,0,0,0,0,0,75712937,127051031,175024468,54112555008,44690735,0,0,0,0,0,0,0,0,0,0,0,0,0,0,0,0,0,0,0,0,0,0,0,0,0,0,0,0,0,0,0,52178464,0,0,0,0,0,0,0
1789621184.895,0,0,0,0,0,0,0,237891614,2080834899456,746142651904,0,0,0,0,0,0,0,0,0,0,0,0,0,0,0,0,0,0,0,0,0,0,0,0,0,0,0,0,0,0,0,0,0,0,0,0,0,0,0,0,0,0,0,0,0,0,0,0,0,0,0,0,0,0,0,0,0,0,415810,127164787,41704690,0,0,0,0,0,0,0,0,0,0,0,0,0,0,0,0,0,0,0,0,0,0,0,0,0,0,0,0,0,0,0,0,0,0,0,0,0,2146189312,654753792,130993,39963,0,79,131072,127015689,0,0,1200444871,2147483648,101067978,131355657,0,0,0,0,0,0,0,0,0,0,0,0,0,0,0,0,0,0,7636246,7636363,0,97,97,6262,329,15272523,35,0,0,0,0,0,0,0,1,0,0,0,0,0,0,0,0,0,0,8589365,0,12493078,110315,0,0,0,0,0,0,0,0,16384,0,0,0,0,0,0,0,0,0,0,0,3177,348,0,0,0,0,0,23216988,0,658,1,47,348,3177,0,0,0,0,0,0,0,0,0,0,0,0,0,0,0,0,0,0,0,0,0,0,0,0,0,0,0,0,0,0,0,0,0,0,0,0,0,0,0,0,0,0,0,0,0,0,0,0,0,0,0,0,0,104327411,0,0,0,114052955,0,0,0,0,0,0,0,75718679,127069673,175035468,54114332160,44692275,0,0,0,0,0,0,0,0,0,0,0,0,0,0,0,0,0,0,0,0,0,0,0,0,0,0,0,0,0,0,0,52179239,0,0,0,0,0,0,0
1789621185.921,0,0,0,0,0,0,0,237915347,2081142722048,746213834752,0,0,0,0,0,0,0,0,0,0,0,0,0,0,0,0,0,0,0,0,0,0,0,0,0,0,0,0,0,0,0,0,0,0,0,0,0,0,0,0,0,0,0,0,0,0,0,0,0,0,0,0,0,0,0,0,0,0,415847,127183603,41708869,0,0,0,0,0,0,0,0,0,0,0,0,0,0,0,0,0,0,0,0,0,0,0,0,0,0,0,0,0,0,0,0,0,0,0,0,0,2146435072,663158784,131008,40476,0,64,131072,127034485,0,0,1200568858,2147483648,101086420,131368027,0,0,0,0,0,0,0,0,0,0,0,0,0,0,0,0,0,0,7637030,7637142,0,97,97,6262,329,15274091,35,0,0,0,0,0,0,0,1,0,0,0,0,0,0,0,0,0,0,8590241,0,12493078,110315,0,0,0,0,0,0,0,0,16384,0,0,0,0,0,0,0,0,0,0,0,3178,348,0,0,0,0,0,23219347,0,658,1,47,348,3178,0,0,0,0,0,0,0,0,0,0,0,0,0,0,0,0,0,0,0,0,0,0,0,0,0,0,0,0,0,0,0,0,0,0,0,0,0,0,0,0,0,0,0,0,0,0,0,0,0,0,0,0,0,104329922,0,0,0,114064108,0,0,0,0,0,0,0,75724431,127088482,175046337,54116123648,44693848,0,0,0,0,0,0,0,0,0,0,0,0,0,0,0,0,0,0,0,0,0,0,0,0,0,0,0,0,0,0,0,52180017,0,0,0,0,0,0,0
1789621186.949,0,0,0,0,0,0,0,237938104,2081439141376,746307397632,0,0,0,0,0,0,0,0,0,0,0,0,0,0,0,0,0,0,0,0,0,0,0,0,0,0,0,0,0,0,0,0,0,0,0,0,0,0,0,0,0,0,0,0,0,0,0,0,0,0,0,0,0,0,0,0,0,0,415889,127201736,41714430,0,0,0,0,0,0,0,0,0,0,0,0,0,0,0,0,0,0,0,0,0,0,0,0,0,0,0,0,0,0,0,0,0,0,0,0,0,2146238464,643661824,130996,39286,0,76,131072,127052609,0,0,1200688351,2147483648,101103726,131379755,0,0,0,0,0,0,0,0,0,0,0,0,0,0,0,0,0,0,7637784,7637892,0,97,97,6262,329,15275598,35,0,0,0,0,0,0,0,1,0,0,0,0,0,0,0,0,0,0,8591086,0,12494511,110327,0,0,0,0,0,0,0,0,16384,0,0,0,0,0,0,0,0,0,0,0,3179,348,0,0,0,0,0,23221632,0,658,1,47,348,3179,0,0,0,0,0,0,0,0,0,0,0,0,0,0,0,0,0,0,0,0,0,0,0,0,0,0,0,0,0,0,0,0,0,0,0,0,0,0,0,0,0,0,0,0,0,0,0,0,0,0,0,0,0,104332354,0,0,0,114074701,0,0,0,0,0,0,0,75730280,127106608,175058454,54117833216,44695358,0,0,0,0,0,0,0,0,0,0,0,0,0,0,0,0,0,0,0,0,0,0,0,0,0,0,0,0,0,0,0,52180768,0,0,0,0,0,0,0
1789621187.976,0,0,0,0,0,0,0,237962507,2081757171200,746383405056,0,0,0,0,0,0,0,0,0,0,0,0,0,0,0,0,0,0,0,0,0,0,0,0,0,0,0,0,0,0,0,0,0,0,0,0,0,0,0,0,0,0,0,0,0,0,0,0,0,0,0,0,0,0,0,0,0,0,415936,127221178,41718892,0,0,0,0,0,0,0,0,0,0,0,0,0,0,0,0,0,0,0,0,0,0,0,0,0,0,0,0,0,0,0,0,0,0,0,0,0,2146402304,648216576,131006,39564,0,66,131072,127072034,0,0,1200817713,2147483648,101122692,131392448,0,0,0,0,0,0,0,0,0,0,0,0,0,0,0,0,0,0,7638597,7638709,0,97,97,6262,329,15277243,35,0,0,0,0,0,0,0,1,0,0,0,0,0,0,0,0,0,0,8592004,0,12494511,110327,0,0,0,0,0,0,0,0,16384,0,0,0,0,0,0,0,0,0,0,0,3180,348,0,0,0,0,0,23224121,0,658,1,47,348,3180,0,0,0,0,0,0,0,0,0,0,0,0,0,0,0,0,0,0,0,0,0,0,0,0,0,0,0,0,0,0,0,0,0,0,0,0,0,0,0,0,0,0,0,0,0,0,0,0,0,0,0,0,0,104334917,0,0,0,114086165,0,0,0,0,0,0,0,75736330,127126041,175069952,54119661056,44696940,0,0,0,0,0,0,0,0,0,0,0,0,0,0,0,0,0,0,0,0,0,0,0,0,0,0,0,0,0,0,0,52181584,0,0,0,0,0,0,0
1789621189.003,0,0,0,0,0,0,0,237986252,2082065042944,746458175488,0,0,0,0,0,0,0,0,0,0,0,0,0,0,0,0,0,0,0,0,0,0,0,0,0,0,0,0,0,0,0,0,0,0,0,0,0,0,0,0,0,0,0,0,0,0,0,0,0,0,0,0,0,0,0,0,0,0,416014,127239990,41723236,0,0,0,0,0,0,0,0,0,0,0,0,0,0,0,0,0,0,0,0,0,0,0,0,0,0,0,0,0,0,0,0,0,0,0,0,0,2146287616,654639104,130999,39956,0,73,131072,127090832,0,0,1200942160,2147483648,101140997,131405187,0,0,0,0,0,0,0,0,0,0,0,0,0,0,0,0,0,0,7639378,7639492,0,97,97,6262,329,15278787,35,0,0,0,0,0,0,0,1,0,0,0,0,0,0,0,0,0,0,8592885,0,12494639,110328,0,0,0,0,0,0,0,0,16384,0,0,0,0,0,0,0,0,0,0,0,3181,348,0,0,0,0,0,23226500,0,658,1,47,348,3181,0,0,0,0,0,0,0,0,0,0,0,0,0,0,0,0,0,0,0,0,0,0,0,0,0,0,0,0,0,0,0,0,0,0,0,0,0,0,0,0,0,0,0,0,0,0,0,0,0,0,0,0,0,104339579,0,0,0,114097289,0,0,0,0,0,0,0,75743642,127144846,175083156,54122471936,44700043,1,0,0,0,0,0,0,0,0,0,0,0,0,0,0,0,0,0,0,0,0,0,0,0,0,0,0,0,0,0,0,52182367,0,0,0,0,0,0,0
1789621190.029,0,0,0,0,0,0,0,238009666,2082369146368,746532262912,0,0,0,0,0,0,0,0,0,0,0,0,0,0,0,0,0,0,0,0,0,0,0,0,0,0,0,0,0,0,0,0,0,0,0,0,0,0,0,0,0,0,0,0,0,0,0,0,0,0,0,0,0,0,0,0,0,0,416039,127258582,41727354,0,0,0,0,0,0,0,0,0,0,0,0,0,0,0,0,0,0,0,0,0,0,0,0,0,0,0,0,0,0,0,0,0,0,0,0,0,2146336768,663355392,131002,40488,0,70,131072,127109408,0,0,1201064274,2147483648,101159187,131417318,0,0,0,0,0,0,0,0,0,0,0,0,0,0,0,0,0,0,7640145,7640257,0,97,97,6262,329,15280315,35,0,0,0,0,0,0,0,1,0,0,0,0,0,0,0,0,0,0,8593746,0,12494639,110328,0,0,0,0,0,0,0,0,16384,0,0,0,0,0,0,0,0,0,0,0,3182,348,0,0,0,0,0,23228832,0,658,1,47,348,3182,0,0,0,0,0,0,0,0,0,0,0,0,0,0,0,0,0,0,0,0,0,0,0,0,0,0,0,0,0,0,0,0,0,0,0,0,0,0,0,0,0,0,0,0,0,0,0,0,0,0,0,0,0,104350377,0,0,0,114108253,0,0,0,0,0,0,0,75755616,127163417,175102192,54128047104,44707894,0,0,0,0,0,0,0,0,0,0,0,0,0,0,0,0,0,0,0,0,0,0,0,0,0,0,0,0,0,0,0,52183133,0,0,0,0,0,0,0
1789621191.056,0,0,0,0,0,0,0,238034983,2082696957440,746636731392,0,0,0,0,0,0,0,0,0,0,0,0,0,0,0,0,0,0,0,0,0,0,0,0,0,0,0,0,0,0,0,0,0,0,0,0,0,0,0,0,0,0,0,0,0,0,0,0,0,0,0,0,0,0,0,0,0,0,416085,127278617,41733292,0,0,0,0,0,0,0,0,0,0,0,0,0,0,0,0,0,0,0,0,0,0,0,0,0,0,0,0,0,0,0,0,0,0,0,0,0,2146238464,647430144,130996,39516,0,76,131072,127129429,0,0,1201196723,2147483648,101178239,131430489,0,0,0,0,0,0,0,0,0,0,0,0,0,0,0,0,0,0,7640979,7641091,0,97,97,6262,329,15281991,35,0,0,0,0,0,0,0,1,0,0,0,0,0,0,0,0,0,0,8594684,0,12496103,110340,0,0,0,0,0,0,0,0,16384,0,0,0,0,0,0,0,0,0,0,0,3183,348,0,0,0,0,0,23231373,0,658,1,47,348,3183,0,0,0,0,0,0,0,0,0,0,0,0,0,0,0,0,0,0,0,0,0,0,0,0,0,0,0,0,0,0,0,0,0,0,0,0,0,0,0,0,0,0,0,0,0,0,0,0,0,0,0,0,0,104362358,0,0,0,114120103,0,0,0,0,0,0,0,75768892,127183443,175124586,54134215168,44716474,0,0,0,0,0,0,0,0,0,0,0,0,0,0,0,0,0,0,0,0,0,0,0,0,0,0,0,0,0,0,0,52183967,0,0,0,0,0,0,0
1789621192.083,0,0,0,0,0,0,0,238058098,2082997898752,746710715904,0,0,0,0,0,0,0,0,0,0,0,0,0,0,0,0,0,0,0,0,0,0,0,0,0,0,0,0,0,0,0,0,0,0,0,0,0,0,0,0,0,0,0,0,0,0,0,0,0,0,0,0,0,0,0,0,0,0,416116,127297011,41737555,0,0,0,0,0,0,0,0,0,0,0,0,0,0,0,0,0,0,0,0,0,0,0,0,0,0,0,0,0,0,0,0,0,0,0,0,0,2146091008,650969088,130987,39732,0,85,131072,127147801,0,0,1201318190,2147483648,101196196,131442396,0,0,0,0,0,0,0,0,0,0,0,0,0,0,0,0,0,0,7641747,7641862,0,97,97,6262,329,15283543,35,0,0,0,0,0,0,0,1,0,0,0,0,0,0,0,0,0,0,8595552,0,12496103,110340,0,0,0,0,0,0,0,0,16384,0,0,0,0,0,0,0,0,0,0,0,3184,348,0,0,0,0,0,23233725,0,658,1,47,348,3184,0,0,0,0,0,0,0,0,0,0,0,0,0,0,0,0,0,0,0,0,0,0,0,0,0,0,0,0,0,0,0,0,0,0,0,0,0,0,0,0,0,0,0,0,0,0,0,0,0,0,0,0,0,104368489,0,0,0,114130942,0,0,0,0,0,0,0,75777470,127201827,175139220,54137619456,44720797,0,0,0,0,0,0,0,0,0,0,0,0,0,0,0,0,0,0,0,0,0,0,0,0,0,0,0,0,0,0,0,52184738,0,0,0,0,0,0,0
1789621193.110,0,0,0,0,0,0,0,238082252,2083312504320,746786843136,0,0,0,0,0,0,0,0,0,0,0,0,0,0,0,0,0,0,0,0,0,0,0,0,0,0,0,0,0,0,0,0,0,0,0,0,0,0,0,0,0,0,0,0,0,0,0,0,0,0,0,0,0,0,0,0,0,0,416160,127316232,41742036,0,0,0,0,0,0,0,0,0,0,0,0,0,0,0,0,0,0,0,0,0,0,0,0,0,0,0,0,0,0,0,0,0,0,0,0,0,2146353152,654786560,131003,39965,0,69,131072,127167006,0,0,1201445973,2147483648,101214828,131454829,0,0,0,0,0,0,0,0,0,0,0,0,0,0,0,0,0,0,7642536,7642647,0,97,97,6262,329,15285126,35,0,0,0,0,0,0,0,1,0,0,0,0,0,0,0,0,0,0,8596436,0,12496231,110341,0,0,0,0,0,0,0,0,16384,0,0,0,0,0,0,0,0,0,0,0,3185,348,0,0,0,0,0,23236104,0,658,1,47,348,3185,0,0,0,0,0,0,0,0,0,0,0,0,0,0,0,0,0,0,0,0,0,0,0,0,0,0,0,0,0,0,0,0,0,0,0,0,0,0,0,0,0,0,0,0,0,0,0,0,0,0,0,0,0,104370991,0,0,0,114142172,0,0,0,0,0,0,0,75783366,127221046,175150552,54139390464,44722338,0,0,0,0,0,0,0,0,0,0,0,0,0,0,0,0,0,0,0,0,0,0,0,0,0,0,0,0,0,0,0,52185523,0,0,0,0,0,0,0
1789621194.137,0,0,0,0,0,0,0,238106421,2083626651136,746883781632,0,0,0,0,0,0,0,0,0,0,0,0,0,0,0,0,0,0,0,0,0,0,0,0,0,0,0,0,0,0,0,0,0,0,0,0,0,0,0,0,0,0,0,0,0,0,0,0,0,0,0,0,0,0,0,0,0,0,416212,127335439,41747754,0,0,0,0,0,0,0,0,0,0,0,0,0,0,0,0,0,0,0,0,0,0,0,0,0,0,0,0,0,0,0,0,0,0,0,0,0,2146107392,640024576,130988,39064,0,84,131072,127186196,0,0,1201572260,2147483648,101233104,131467595,0,0,0,0,0,0,0,0,0,0,0,0,0,0,0,0,0,0,7643332,7643445,0,97,97,6262,329,15286701,35,0,0,0,0,0,0,0,1,0,0,0,0,0,0,0,0,0,0,8597333,0,12497646,110353,0,0,0,0,0,0,0,0,16384,0,0,0,0,0,0,0,0,0,0,0,3186,348,0,0,0,0,0,23238533,0,658,1,47,348,3186,0,0,0,0,0,0,0,0,0,0,0,0,0,0,0,0,0,0,0,0,0,0,0,0,0,0,0,0,0,0,0,0,0,0,0,0,0,0,0,0,0,0,0,0,0,0,0,0,0,0,0,0,0,104374368,0,0,0,114153524,0,0,0,0,0,0,0,75790058,127240233,175163971,54141573120,44724504,0,0,0,0,0,0,0,0,0,0,0,0,0,0,0,0,0,0,0,0,0,0,0,0,0,0,0,0,0,0,0,52186321,0,0,0,0,0,0,0
1789621195.164,0,0,0,0,0,0,0,238129977,2083932769792,746953097216,0,0,0,0,0,0,0,0,0,0,0,0,0,0,0,0,0,0,0,0,0,0,0,0,0,0,0,0,0,0,0,0,0,0,0,0,0,0,0,0,0,0,0,0,0,0,0,0,0,0,0,0,0,0,0,0,0,0,416254,127354159,41751828,0,0,0,0,0,0,0,0,0,0,0,0,0,0,0,0,0,0,0,0,0,0,0,0,0,0,0,0,0,0,0,0,0,0,0,0,0,2146107392,648937472,130988,39608,0,84,131072,127204908,0,0,1201695553,2147483648,101251287,131479845,0,0,0,0,0,0,0,0,0,0,0,0,0,0,0,0,0,0,7644109,7644223,0,97,97,6262,329,15288248,35,0,0,0,0,0,0,0,1,0,0,0,0,0,0,0,0,0,0,8598208,0,12497646,110353,0,0,0,0,0,0,0,0,16384,0,0,0,0,0,0,0,0,0,0,0,3187,348,0,0,0,0,0,23240894,0,658,1,47,348,3187,0,0,0,0,0,0,0,0,0,0,0,0,0,0,0,0,0,0,0,0,0,0,0,0,0,0,0,0,0,0,0,0,0,0,0,0,0,0,0,0,0,0,0,0,0,0,0,0,0,0,0,0,0,104376827,0,0,0,114164551,0,0,0,0,0,0,0,75795674,127258944,175174565,54143342080,44726055,0,0,0,0,0,0,0,0,0,0,0,0,0,0,0,0,0,0,0,0,0,0,0,0,0,0,0,0,0,0,0,52187099,0,0,0,0,0,0,0
1789621196.190,0,0,0,0,0,0,0,238153200,2084236807680,747027003392,0,0,0,0,0,0,0,0,0,0,0,0,0,0,0,0,0,0,0,0,0,0,0,0,0,0,0,0,0,0,0,0,0,0,0,0,0,0,0,0,0,0,0,0,0,0,0,0,0,0,0,0,0,0,0,0,0,0,416291,127372728,41756183,0,0,0,0,0,0,0,0,0,0,0,0,0,0,0,0,0,0,0,0,0,0,0,0,0,0,0,0,0,0,0,0,0,0,0,0,0,2146336768,651100160,131003,39740,0,69,131072,127223465,0,0,1201817685,2147483648,101269272,131491865,0,0,0,0,0,0,0,0,0,0,0,0,0,0,0,0,0,0,7644883,7644998,0,97,97,6262,329,15289792,35,0,0,0,0,0,0,0,1,0,0,0,0,0,0,0,0,0,0,8599077,0,12497774,110354,0,0,0,0,0,0,0,0,16384,0,0,0,0,0,0,0,0,0,0,0,3188,348,0,0,0,0,0,23243236,0,658,1,47,348,3188,0,0,0,0,0,0,0,0,0,0,0,0,0,0,0,0,0,0,0,0,0,0,0,0,0,0,0,0,0,0,0,0,0,0,0,0,0,0,0,0,0,0,0,0,0,0,0,0,0,0,0,0,0,104379340,0,0,0,114175436,0,0,0,0,0,0,0,75801436,127277525,175185642,54145077760,44727597,0,0,0,0,0,0,0,0,0,0,0,0,0,0,0,0,0,0,0,0,0,0,0,0,0,0,0,0,0,0,0,52187872,0,0,0,0,0,0,0
1789621197.216,0,0,0,0,0,0,0,238175624,2084529360384,747102495744,0,0,0,0,0,0,0,0,0,0,0,0,0,0,0,0,0,0,0,0,0,0,0,0,0,0,0,0,0,0,0,0,0,0,0,0,0,0,0,0,0,0,0,0,0,0,0,0,0,0,0,0,0,0,0,0,0,0,416346,127390622,41760624,0,0,0,0,0,0,0,0,0,0,0,0,0,0,0,0,0,0,0,0,0,0,0,0,0,0,0,0,0,0,0,0,0,0,0,0,0,2146516992,650575872,131013,39708,0,59,131072,127241348,0,0,1201936510,2147483648,101286668,131503620,0,0,0,0,0,0,0,0,0,0,0,0,0,0,0,0,0,0,7645622,7645736,0,97,97,6262,329,15291276,35,0,0,0,0,0,0,0,1,0,0,0,0,0,0,0,0,0,0,8599910,0,12498140,110357,0,0,0,0,0,0,0,0,16384,0,0,0,0,0,0,0,0,0,0,0,3189,348,0,0,0,0,0,23245477,0,658,1,47,348,3189,0,0,0,0,0,0,0,0,0,0,0,0,0,0,0,0,0,0,0,0,0,0,0,0,0,0,0,0,0,0,0,0,0,0,0,0,0,0,0,0,0,0,0,0,0,0,0,0,0,0,0,0,0,104381740,0,0,0,114185927,0,0,0,0,0,0,0,75807049,127295393,175196572,54146773504,44729097,0,0,0,0,0,0,0,0,0,0,0,0,0,0,0,0,0,0,0,0,0,0,0,0,0,0,0,0,0,0,0,52188612,0,0,0,0,0,0,0
1789621198.243,0,0,0,0,0,0,0,238200289,2084850060800,747193907712,0,0,0,0,0,0,0,0,0,0,0,0,0,0,0,0,0,0,0,0,0,0,0,0,0,0,0,0,0,0,0,0,0,0,0,0,0,0,0,0,0,0,0,0,0,0,0,0,0,0,0,0,0,0,0,0,0,0,416387,127410224,41766042,0,0,0,0,0,0,0,0,0,0,0,0,0,0,0,0,0,0,0,0,0,0,0,0,0,0,0,0,0,0,0,0,0,0,0,0,0,2146238464,642498560,130996,39215,0,75,131072,127260937,0,0,1202065462,2147483648,101305225,131516484,0,0,0,0,0,0,0,0,0,0,0,0,0,0,0,0,0,0,7646433,7646547,0,97,97,6262,329,15292889,35,0,0,0,0,0,0,0,1,0,0,0,0,0,0,0,0,0,0,8600822,0,12499211,110366,0,0,0,0,0,0,0,0,16384,0,0,0,0,0,0,0,0,0,0,0,3190,348,0,0,0,0,0,23247943,0,658,1,47,348,3190,0,0,0,0,0,0,0,0,0,0,0,0,0,0,0,0,0,0,0,0,0,0,0,0,0,0,0,0,0,0,0,0,0,0,0,0,0,0,0,0,0,0,0,0,0,0,0,0,0,0,0,0,0,104384259,0,0,0,114197498,0,0,0,0,0,0,0,75813123,127314992,175208866,54148584448,44730646,0,0,0,0,0,0,0,0,0,0,0,0,0,0,0,0,0,0,0,0,0,0,0,0,0,0,0,0,0,0,0,52189423,0,0,0,0,0,0,0
1789621199.268,0,0,0,0,0,0,0,238221113,2085119692288,747255629824,0,0,0,0,0,0,0,0,0,0,0,0,0,0,0,0,0,0,0,0,0,0,0,0,0,0,0,0,0,0,0,0,0,0,0,0,0,0,0,0,0,0,0,0,0,0,0,0,0,0,0,0,0,0,0,0,0,0,416426,127426706,41769669,0,0,0,0,0,0,0,0,0,0,0,0,0,0,0,0,0,0,0,0,0,0,0,0,0,0,0,0,0,0,0,0,0,0,0,0,0,2146222080,649887744,130995,39666,0,77,131072,127277409,0,0,1202174231,2147483648,101321347,131527213,0,0,0,0,0,0,0,0,0,0,0,0,0,0,0,0,0,0,7647109,7647219,0,97,97,6262,329,15294251,35,0,0,0,0,0,0,0,1,0,0,0,0,0,0,0,0,0,0,8601577,0,12499211,110366,0,0,0,0,0,0,0,0,16384,0,0,0,0,0,0,0,0,0,0,0,3191,348,0,0,0,0,0,23249984,0,658,1,47,348,3191,0,0,0,0,0,0,0,0,0,0,0,0,0,0,0,0,0,0,0,0,0,0,0,0,0,0,0,0,0,0,0,0,0,0,0,0,0,0,0,0,0,0,0,0,0,0,0,0,0,0,0,0,0,104386575,0,0,0,114207151,0,0,0,0,0,0,0,75818160,127331465,175218428,54150171136,44732061,0,0,0,0,0,0,0,0,0,0,0,0,0,0,0,0,0,0,0,0,0,0,0,0,0,0,0,0,0,0,0,52190094,0,0,0,0,0,0,0
1789621200.295,0,0,0,0,0,0,0,238245629,2085438770688,747334264320,0,0,0,0,0,0,0,0,0,0,0,0,0,0,0,0,0,0,0,0,0,0,0,0,0,0,0,0,0,0,0,0,0,0,0,0,0,0,0,0,0,0,0,0,0,0,0,0,0,0,0,0,0,0,0,0,0,0,416479,127446207,41774295,0,0,0,0,0,0,0,0,0,0,0,0,0,0,0,0,0,0,0,0,0,0,0,0,0,0,0,0,0,0,0,0,0,0,0,0,0,2146336768,653524992,131002,39888,0,70,131072,127296889,0,0,1202302580,2147483648,101340270,131540061,0,0,0,0,0,0,0,0,0,0,0,0,0,0,0,0,0,0,7647931,7648043,0,97,97,6262,329,15295885,35,0,0,0,0,0,0,0,1,0,0,0,0,0,0,0,0,0,0,8602505,0,12499339,110367,0,0,0,0,0,0,0,0,16384,0,0,0,0,0,0,0,0,0,0,0,3192,348,0,0,0,0,0,23252485,0,658,1,47,348,3192,0,0,0,0,0,0,0,0,0,0,0,0,0,0,0,0,0,0,0,0,0,0,0,0,0,0,0,0,0,0,0,0,0,0,0,0,0,0,0,0,0,0,0,0,0,0,0,0,0,0,0,0,0,104389118,0,0,0,114218716,0,0,0,0,0,0,0,75824261,127350972,175230097,54152009728,44733663,0,0,0,0,0,0,0,0,0,0,0,0,0,0,0,0,0,0,0,0,0,0,0,0,0,0,0,0,0,0,0,52190919,0,0,0,0,0,0,0
1789621201.323,0,0,0,0,0,0,0,238270165,2085757783552,747433496064,0,0,0,0,0,0,0,0,0,0,0,0,0,0,0,0,0,0,0,0,0,0,0,0,0,0,0,0,0,0,0,0,0,0,0,0,0,0,0,0,0,0,0,0,0,0,0,0,0,0,0,0,0,0,0,0,0,0,416524,127465713,41780068,0,0,0,0,0,0,0,0,0,0,0,0,0,0,0,0,0,0,0,0,0,0,0,0,0,0,0,0,0,0,0,0,0,0,0,0,0,2146304000,636747776,131000,38864,0,72,131072,127316391,0,0,1202431484,2147483648,101358490,131552759,0,0,0,0,0,0,0,0,0,0,0,0,0,0,0,0,0,0,7648746,7648852,0,97,97,6262,329,15297523,35,0,0,0,0,0,0,0,1,0,0,0,0,0,0,0,0,0,0,8603416,0,12500740,110379,0,0,0,0,0,0,0,0,16384,0,0,0,0,0,0,0,0,0,0,0,3194,348,0,0,0,0,0,23254952,0,658,1,47,348,3194,0,0,0,0,0,0,0,0,0,0,0,0,0,0,0,0,0,0,0,0,0,0,0,0,0,0,0,0,0,0,0,0,0,0,0,0,0,0,0,0,0,0,0,0,0,0,0,0,0,0,0,0,0,104395584,0,0,0,114230182,0,0,0,0,0,0,0,75833377,127370467,175246722,54155617280,44738193,0,0,0,0,0,0,0,0,0,0,0,0,0,0,0,0,0,0,0,0,0,0,0,0,0,0,0,0,0,0,0,52191728,0,0,0,0,0,0,0
1789621202.350,0,0,0,0,0,0,0,238291952,2086041521664,747503521792,0,0,0,0,0,0,0,0,0,0,0,0,0,0,0,0,0,0,0,0,0,0,0,0,0,0,0,0,0,0,0,0,0,0,0,0,0,0,0,0,0,0,0,0,0,0,0,0,0,0,0,0,0,0,0,0,0,0,416571,127483059,41784000,0,0,0,0,0,0,0,0,0,0,0,0,0,0,0,0,0,0,0,0,0,0,0,0,0,0,0,0,0,0,0,0,0,0,0,0,0,2146238464,641941504,130996,39181,0,76,131072,127333731,0,0,1202547153,2147483648,101375493,131564152,0,0,0,0,0,0,0,0,0,0,0,0,0,0,0,0,0,0,7649469,7649580,0,97,97,6262,329,15298963,35,0,0,0,0,0,0,0,1,0,0,0,0,0,0,0,0,0,0,8604233,0,12500740,110379,0,0,0,0,0,0,0,0,16384,0,0,0,0,0,0,0,0,0,0,0,3195,348,0,0,0,0,0,23257168,0,658,1,47,348,3195,0,0,0,0,0,0,0,0,0,0,0,0,0,0,0,0,0,0,0,0,0,0,0,0,0,0,0,0,0,0,0,0,0,0,0,0,0,0,0,0,0,0,0,0,0,0,0,0,0,0,0,0,0,104404361,0,0,0,114240403,0,0,0,0,0,0,0,75843767,127387797,175263370,54160223232,44744645,0,0,0,0,0,0,0,0,0,0,0,0,0,0,0,0,0,0,0,0,0,0,0,0,0,0,0,0,0,0,0,52192455,0,0,0,0,0,0,0
1789621203.377,0,0,0,0,0,0,0,238315049,2086341185024,747575674880,0,0,0,0,0,0,0,0,0,0,0,0,0,0,0,0,0,0,0,0,0,0,0,0,0,0,0,0,0,0,0,0,0,0,0,0,0,0,0,0,0,0,0,0,0,0,0,0,0,0,0,0,0,0,0,0,0,0,416614,127501388,41788249,0,0,0,0,0,0,0,0,0,0,0,0,0,0,0,0,0,0,0,0,0,0,0,0,0,0,0,0,0,0,0,0,0,0,0,0,0,2146222080,647053312,130995,39493,0,77,131072,127352052,0,0,1202667765,2147483648,101393318,131576130,0,0,0,0,0,0,0,0,0,0,0,0,0,0,0,0,0,0,7650216,7650331,0,97,97,6262,329,15300469,35,0,0,0,0,0,0,0,1,0,0,0,0,0,0,0,0,0,0,8605079,0,12500868,110380,0,0,0,0,0,0,0,0,16384,0,0,0,0,0,0,0,0,0,0,0,3196,348,0,0,0,0,0,23259455,0,658,1,47,348,3196,0,0,0,0,0,0,0,0,0,0,0,0,0,0,0,0,0,0,0,0,0,0,0,0,0,0,0,0,0,0,0,0,0,0,0,0,0,0,0,0,0,0,0,0,0,0,0,0,0,0,0,0,0,104406802,0,0,0,114251134,0,0,0,0,0,0,0,75849382,127406114,175274175,54161924096,44746141,0,0,0,0,0,0,0,0,0,0,0,0,0,0,0,0,0,0,0,0,0,0,0,0,0,0,0,0,0,0,0,52193207,0,0,0,0,0,0,0
1789621204.403,0,0,0,0,0,0,0,238338216,2086643944960,747644701696,0,0,0,0,0,0,0,0,0,0,0,0,0,0,0,0,0,0,0,0,0,0,0,0,0,0,0,0,0,0,0,0,0,0,0,0,0,0,0,0,0,0,0,0,0,0,0,0,0,0,0,0,0,0,0,0,0,0,416654,127519892,41792311,0,0,0,0,0,0,0,0,0,0,0,0,0,0,0,0,0,0,0,0,0,0,0,0,0,0,0,0,0,0,0,0,0,0,0,0,0,2146189312,656293888,130993,40057,0,79,131072,127370543,0,0,1202789138,2147483648,101411398,131588240,0,0,0,0,0,0,0,0,0,0,0,0,0,0,0,0,0,0,7650977,7651088,0,97,97,6262,329,15301988,35,0,0,0,0,0,0,0,1,0,0,0,0,0,0,0,0,0,0,8605930,0,12500868,110380,0,0,0,0,0,0,0,0,16384,0,0,0,0,0,0,0,0,0,0,0,3197,348,0,0,0,0,0,23261758,0,658,1,47,348,3197,0,0,0,0,0,0,0,0,0,0,0,0,0,0,0,0,0,0,0,0,0,0,0,0,0,0,0,0,0,0,0,0,0,0,0,0,0,0,0,0,0,0,0,0,0,0,0,0,0,0,0,0,0,104409231,0,0,0,114262024,0,0,0,0,0,0,0,75854956,127424604,175284707,54163665408,44747663,0,0,0,0,0,0,0,0,0,0,0,0,0,0,0,0,0,0,0,0,0,0,0,0,0,0,0,0,0,0,0,52193963,0,0,0,0,0,0,0
1789621205.429,0,0,0,0,0,0,0,238362457,2086959205888,747742140928,0,0,0,0,0,0,0,0,0,0,0,0,0,0,0,0,0,0,0,0,0,0,0,0,0,0,0,0,0,0,0,0,0,0,0,0,0,0,0,0,0,0,0,0,0,0,0,0,0,0,0,0,0,0,0,0,0,0,416706,127539155,41798094,0,0,0,0,0,0,0,0,0,0,0,0,0,0,0,0,0,0,0,0,0,0,0,0,0,0,0,0,0,0,0,0,0,0,0,0,0,2146205696,639008768,130994,39002,0,78,131072,127389790,0,0,1202916257,2147483648,101429671,131600864,0,0,0,0,0,0,0,0,0,0,0,0,0,0,0,0,0,0,7651777,7651884,0,97,97,6262,329,15303604,35,0,0,0,0,0,0,0,1,0,0,0,0,0,0,0,0,0,0,8606827,0,12502317,110392,0,0,0,0,0,0,0,0,16384,0,0,0,0,0,0,0,0,0,0,0,3198,348,0,0,0,0,0,23264174,0,658,1,47,348,3198,0,0,0,0,0,0,0,0,0,0,0,0,0,0,0,0,0,0,0,0,0,0,0,0,0,0,0,0,0,0,0,0,0,0,0,0,0,0,0,0,0,0,0,0,0,0,0,0,0,0,0,0,0,104411733,0,0,0,114273335,0,0,0,0,0,0,0,75861053,127443861,175297328,54165483520,44749202,0,0,0,0,0,0,0,0,0,0,0,0,0,0,0,0,0,0,0,0,0,0,0,0,0,0,0,0,0,0,0,52194760,0,0,0,0,0,0,0
1789621206.456,0,0,0,0,0,0,0,238383876,2087239339520,747807992832,0,0,0,0,0,0,0,0,0,0,0,0,0,0,0,0,0,0,0,0,0,0,0,0,0,0,0,0,0,0,0,0,0,0,0,0,0,0,0,0,0,0,0,0,0,0,0,0,0,0,0,0,0,0,0,0,0,0,416746,127556274,41801958,0,0,0,0,0,0,0,0,0,0,0,0,0,0,0,0,0,0,0,0,0,0,0,0,0,0,0,0,0,0,0,0,0,0,0,0,0,2146287616,643219456,130999,39259,0,73,131072,127406906,0,0,1203028881,2147483648,101446420,131612032,0,0,0,0,0,0,0,0,0,0,0,0,0,0,0,0,0,0,7652501,7652613,0,97,97,6262,329,15305034,35,0,0,0,0,0,0,0,1,0,0,0,0,0,0,0,0,0,0,8607645,0,12502317,110392,0,0,0,0,0,0,0,0,16384,0,0,0,0,0,0,0,0,0,0,0,3199,348,0,0,0,0,0,23266390,0,658,1,47,348,3199,0,0,0,0,0,0,0,0,0,0,0,0,0,0,0,0,0,0,0,0,0,0,0,0,0,0,0,0,0,0,0,0,0,0,0,0,0,0,0,0,0,0,0,0,0,0,0,0,0,0,0,0,0,104414122,0,0,0,114283435,0,0,0,0,0,0,0,75866408,127460972,175307452,54167128064,44750690,0,0,0,0,0,0,0,0,0,0,0,0,0,0,0,0,0,0,0,0,0,0,0,0,0,0,0,0,0,0,0,52195488,0,0,0,0,0,0,0
1789621207.482,0,0,0,0,0,0,0,238407422,2087544262144,747881833984,0,0,0,0,0,0,0,0,0,0,0,0,0,0,0,0,0,0,0,0,0,0,0,0,0,0,0,0,0,0,0,0,0,0,0,0,0,0,0,0,0,0,0,0,0,0,0,0,0,0,0,0,0,0,0,0,0,0,416789,127574917,41806300,0,0,0,0,0,0,0,0,0,0,0,0,0,0,0,0,0,0,0,0,0,0,0,0,0,0,0,0,0,0,0,0,0,0,0,0,0,2146287616,648232960,130999,39565,0,73,131072,127425537,0,0,1203153400,2147483648,101464509,131624218,0,0,0,0,0,0,0,0,0,0,0,0,0,0,0,0,0,0,7653274,7653386,0,97,97,6262,329,15306586,35,0,0,0,0,0,0,0,1,0,0,0,0,0,0,0,0,0,0,8608515,0,12502445,110393,0,0,0,0,0,0,0,0,16384,0,0,0,0,0,0,0,0,0,0,0,3200,348,0,0,0,0,0,23268730,0,658,1,47,348,3200,0,0,0,0,0,0,0,0,0,0,0,0,0,0,0,0,0,0,0,0,0,0,0,0,0,0,0,0,0,0,0,0,0,0,0,0,0,0,0,0,0,0,0,0,0,0,0,0,0,0,0,0,0,104416596,0,0,0,114294471,0,0,0,0,0,0,0,75872160,127479602,175318477,54168872960,44752229,0,0,0,0,0,0,0,0,0,0,0,0,0,0,0,0,0,0,0,0,0,0,0,0,0,0,0,0,0,0,0,52196261,0,0,0,0,0,0,0
1789621208.509,0,0,0,0,0,0,0,238430492,2087843532288,747951029248,0,0,0,0,0,0,0,0,0,0,0,0,0,0,0,0,0,0,0,0,0,0,0,0,0,0,0,0,0,0,0,0,0,0,0,0,0,0,0,0,0,0,0,0,0,0,0,0,0,0,0,0,0,0,0,0,0,0,416830,127593208,41810370,0,0,0,0,0,0,0,0,0,0,0,0,0,0,0,0,0,0,0,0,0,0,0,0,0,0,0,0,0,0,0,0,0,0,0,0,0,2146222080,656441344,130995,40066,0,77,131072,127443814,0,0,1203273684,2147483648,101482391,131636202,0,0,0,0,0,0,0,0,0,0,0,0,0,0,0,0,0,0,7654023,7654141,0,97,97,6262,329,15308082,35,0,0,0,0,0,0,0,1,0,0,0,0,0,0,0,0,0,0,8609365,0,12502445,110393,0,0,0,0,0,0,0,0,16384,0,0,0,0,0,0,0,0,0,0,0,3201,348,0,0,0,0,0,23271037,0,658,1,47,348,3201,0,0,0,0,0,0,0,0,0,0,0,0,0,0,0,0,0,0,0,0,0,0,0,0,0,0,0,0,0,0,0,0,0,0,0,0,0,0,0,0,0,0,0,0,0,0,0,0,0,0,0,0,0,104419046,0,0,0,114305207,0,0,0,0,0,0,0,75877716,127497876,175329052,54170578432,44753722,0,0,0,0,0,0,0,0,0,0,0,0,0,0,0,0,0,0,0,0,0,0,0,0,0,0,0,0,0,0,0,52197017,0,0,0,0,0,0,0
1789621209.535,0,0,0,0,0,0,0,238456293,2088178683392,748054306816,0,0,0,0,0,0,0,0,0,0,0,0,0,0,0,0,0,0,0,0,0,0,0,0,0,0,0,0,0,0,0,0,0,0,0,0,0,0,0,0,0,0,0,0,0,0,0,0,0,0,0,0,0,0,0,0,0,0,416874,127613688,41816365,0,0,0,0,0,0,0,0,0,0,0,0,0,0,0,0,0,0,0,0,0,0,0,0,0,0,0,0,0,0,0,0,0,0,0,0,0,2146435072,641859584,131008,39176,0,64,131072,127464281,0,0,1203408573,2147483648,101501914,131649564,0,0,0,0,0,0,0,0,0,0,0,0,0,0,0,0,0,0,7654869,7654983,0,97,97,6262,329,15309781,35,0,0,0,0,0,0,0,1,0,0,0,0,0,0,0,0,0,0,8610313,0,12503877,110405,0,0,0,0,0,0,0,0,16384,0,0,0,0,0,0,0,0,0,0,0,3202,348,0,0,0,0,0,23273597,0,658,1,47,348,3202,0,0,0,0,0,0,0,0,0,0,0,0,0,0,0,0,0,0,0,0,0,0,0,0,0,0,0,0,0,0,0,0,0,0,0,0,0,0,0,0,0,0,0,0,0,0,0,0,0,0,0,0,0,104426174,0,0,0,114317298,0,0,0,0,0,0,0,75887395,127518353,175346756,54174522880,44758619,1,0,0,0,0,0,0,0,0,0,0,0,0,0,0,0,0,0,0,0,0,0,0,0,0,0,0,0,0,0,0,52197859,0,0,0,0,0,0,0
1789621210.563,0,0,0,0,0,0,0,238479465,2088483507712,748130978816,0,0,0,0,0,0,0,0,0,0,0,0,0,0,0,0,0,0,0,0,0,0,0,0,0,0,0,0,0,0,0,0,0,0,0,0,0,0,0,0,0,0,0,0,0,0,0,0,0,0,0,0,0,0,0,0,0,0,416923,127632329,41820657,0,0,0,0,0,0,0,0,0,0,0,0,0,0,0,0,0,0,0,0,0,0,0,0,0,0,0,0,0,0,0,0,0,0,0,0,0,2146189312,645103616,130993,39374,0,79,131072,127482907,0,0,1203532008,2147483648,101520151,131661575,0,0,0,0,0,0,0,0,0,0,0,0,0,0,0,0,0,0,7655643,7655754,0,97,97,6262,329,15311315,35,0,0,0,0,0,0,0,1,0,0,0,0,0,0,0,0,0,0,8611179,0,12503877,110405,0,0,0,0,0,0,0,0,16384,0,0,0,0,0,0,0,0,0,0,0,3203,348,0,0,0,0,0,23275932,0,658,1,47,348,3203,0,0,0,0,0,0,0,0,0,0,0,0,0,0,0,0,0,0,0,0,0,0,0,0,0,0,0,0,0,0,0,0,0,0,0,0,0,0,0,0,0,0,0,0,0,0,0,0,0,0,0,0,0,104436975,0,0,0,114328109,0,0,0,0,0,0,0,75899571,127536977,175366109,54180084736,44766515,0,0,0,0,0,0,0,0,0,0,0,0,0,0,0,0,0,0,0,0,0,0,0,0,0,0,0,0,0,0,0,52198630,0,0,0,0,0,0,0
1789621211.589,0,0,0,0,0,0,0,238505572,2088822001152,748214655488,0,0,0,0,0,0,0,0,0,0,0,0,0,0,0,0,0,0,0,0,0,0,0,0,0,0,0,0,0,0,0,0,0,0,0,0,0,0,0,0,0,0,0,0,0,0,0,0,0,0,0,0,0,0,0,0,0,0,417010,127653019,41825473,0,0,0,0,0,0,0,0,0,0,0,0,0,0,0,0,0,0,0,0,0,0,0,0,0,0,0,0,0,0,0,0,0,0,0,0,0,2146271232,652541952,130998,39828,0,74,131072,127503581,0,0,1203668522,2147483648,101540229,131675707,0,0,0,0,0,0,0,0,0,0,0,0,0,0,0,0,0,0,7656505,7656620,0,97,97,6262,329,15313033,35,0,0,0,0,0,0,0,1,0,0,0,0,0,0,0,0,0,0,8612152,0,12504005,110406,0,0,0,0,0,0,0,0,16384,0,0,0,0,0,0,0,0,0,0,0,3204,348,0,0,0,0,0,23278551,0,658,1,47,348,3204,0,0,0,0,0,0,0,0,0,0,0,0,0,0,0,0,0,0,0,0,0,0,0,0,0,0,0,0,0,0,0,0,0,0,0,0,0,0,0,0,0,0,0,0,0,0,0,0,0,0,0,0,0,104443505,0,0,0,114340408,0,0,0,0,0,0,0,75908590,127557656,175382137,54183834112,44770846,0,0,0,0,0,0,0,0,0,0,0,0,0,0,0,0,0,0,0,0,0,0,0,0,0,0,0,0,0,0,0,52199495,0,0,0,0,0,0,0
1789621212.616,0,0,0,0,0,0,0,238529578,2089135132160,748313304064,0,0,0,0,0,0,0,0,0,0,0,0,0,0,0,0,0,0,0,0,0,0,0,0,0,0,0,0,0,0,0,0,0,0,0,0,0,0,0,0,0,0,0,0,0,0,0,0,0,0,0,0,0,0,0,0,0,0,417045,127672161,41831170,0,0,0,0,0,0,0,0,0,0,0,0,0,0,0,0,0,0,0,0,0,0,0,0,0,0,0,0,0,0,0,0,0,0,0,0,0,2146238464,638599168,130996,38977,0,75,131072,127522712,0,0,1203794027,2147483648,101558330,131688128,0,0,0,0,0,0,0,0,0,0,0,0,0,0,0,0,0,0,7657281,7657399,0,97,97,6262,329,15314603,35,0,0,0,0,0,0,0,1,0,0,0,0,0,0,0,0,0,0,8613029,0,12505427,110418,0,0,0,0,0,0,0,0,16384,0,0,0,0,0,0,0,0,0,0,0,3205,348,0,0,0,0,0,23280927,0,658,1,47,348,3205,0,0,0,0,0,0,0,0,0,0,0,0,0,0,0,0,0,0,0,0,0,0,0,0,0,0,0,0,0,0,0,0,0,0,0,0,0,0,0,0,0,0,0,0,0,0,0,0,0,0,0,0,0,104451847,0,0,0,114351630,0,0,0,0,0,0,0,75918941,127576792,175400446,54188293120,44776726,0,0,0,0,0,0,0,0,0,0,0,0,0,0,0,0,0,0,0,0,0,0,0,0,0,0,0,0,0,0,0,52200275,0,0,0,0,0,0,0
1789621213.643,0,0,0,0,0,0,0,238553755,2089451474432,748387307008,0,0,0,0,0,0,0,0,0,0,0,0,0,0,0,0,0,0,0,0,0,0,0,0,0,0,0,0,0,0,0,0,0,0,0,0,0,0,0,0,0,0,0,0,0,0,0,0,0,0,0,0,0,0,0,0,0,0,417078,127691495,41835520,0,0,0,0,0,0,0,0,0,0,0,0,0,0,0,0,0,0,0,0,0,0,0,0,0,0,0,0,0,0,0,0,0,0,0,0,0,2146025472,644956160,130983,39365,0,89,131072,127542027,0,0,1203920987,2147483648,101576679,131700535,0,0,0,0,0,0,0,0,0,0,0,0,0,0,0,0,0,0,7658082,7658193,0,97,97,6262,329,15316190,35,0,0,0,0,0,0,0,1,0,0,0,0,0,0,0,0,0,0,8613923,0,12505427,110418,0,0,0,0,0,0,0,0,16384,0,0,0,0,0,0,0,0,0,0,0,3206,348,0,0,0,0,0,23283349,0,658,1,47,348,3206,0,0,0,0,0,0,0,0,0,0,0,0,0,0,0,0,0,0,0,0,0,0,0,0,0,0,0,0,0,0,0,0,0,0,0,0,0,0,0,0,0,0,0,0,0,0,0,0,0,0,0,0,0,104454346,0,0,0,114362876,0,0,0,0,0,0,0,75924823,127596113,175411639,54190070784,44778258,0,0,0,0,0,0,0,0,0,0,0,0,0,0,0,0,0,0,0,0,0,0,0,0,0,0,0,0,0,0,0,52201069,0,0,0,0,0,0,0
1789621214.669,0,0,0,0,0,0,0,238574780,2089725611520,748453011968,0,0,0,0,0,0,0,0,0,0,0,0,0,0,0,0,0,0,0,0,0,0,0,0,0,0,0,0,0,0,0,0,0,0,0,0,0,0,0,0,0,0,0,0,0,0,0,0,0,0,0,0,0,0,0,0,0,0,417111,127708249,41839384,0,0,0,0,0,0,0,0,0,0,0,0,0,0,0,0,0,0,0,0,0,0,0,0,0,0,0,0,0,0,0,0,0,0,0,0,0,2146402304,649134080,131006,39620,0,66,131072,127558770,0,0,1204032719,2147483648,101593045,131711526,0,0,0,0,0,0,0,0,0,0,0,0,0,0,0,0,0,0,7658788,7658897,0,97,97,6262,329,15317603,35,0,0,0,0,0,0,0,1,0,0,0,0,0,0,0,0,0,0,8614715,0,12505427,110418,0,0,0,0,0,0,0,0,16384,0,0,0,0,0,0,0,0,0,0,0,3207,348,0,0,0,0,0,23285491,0,658,1,47,348,3207,0,0,0,0,0,0,0,0,0,0,0,0,0,0,0,0,0,0,0,0,0,0,0,0,0,0,0,0,0,0,0,0,0,0,0,0,0,0,0,0,0,0,0,0,0,0,0,0,0,0,0,0,0,104456717,0,0,0,114372862,0,0,0,0,0,0,0,75930169,127612861,175421730,54191691776,44779741,0,1,0,0,0,0,0,0,0,0,0,0,0,0,0,0,0,0,0,0,0,0,0,0,0,0,0,0,0,0,0,52201772,0,0,0,0,0,0,0
1789621215.696,0,0,0,0,0,0,0,238600142,2090055028224,748532312576,0,0,0,0,0,0,0,0,0,0,0,0,0,0,0,0,0,0,0,0,0,0,0,0,0,0,0,0,0,0,0,0,0,0,0,0,0,0,0,0,0,0,0,0,0,0,0,0,0,0,0,0,0,0,0,0,0,0,417153,127728384,41844051,0,0,0,0,0,0,0,0,0,0,0,0,0,0,0,0,0,0,0,0,0,0,0,0,0,0,0,0,0,0,0,0,0,0,0,0,0,2146238464,655327232,130996,39998,0,76,131072,127578898,0,0,1204165107,2147483648,101612551,131724684,0,0,0,0,0,0,0,0,0,0,0,0,0,0,0,0,0,0,7659608,7659721,0,97,97,6262,329,15319268,35,0,0,0,0,0,0,0,1,0,0,0,0,0,0,0,0,0,0,8615641,0,12505555,110419,0,0,0,0,0,0,0,0,16384,0,0,0,0,0,0,0,0,0,0,0,3208,348,0,0,0,0,0,23287992,0,658,1,47,348,3208,0,0,0,0,0,0,0,0,0,0,0,0,0,0,0,0,0,0,0,0,0,0,0,0,0,0,0,0,0,0,0,0,0,0,0,0,0,0,0,0,0,0,0,0,0,0,0,0,0,0,0,0,0,104459245,0,0,0,114384709,0,0,0,0,0,0,0,75936288,127632983,175433469,54193519616,44781319,0,0,0,0,0,0,0,0,0,0,0,0,0,0,0,0,0,0,0,0,0,0,0,0,0,0,0,0,0,0,0,52202596,0,0,0,0,0,0,0
1789621216.722,0,0,0,0,0,0,0,238624890,2090375073280,748629394432,0,0,0,0,0,0,0,0,0,0,0,0,0,0,0,0,0,0,0,0,0,0,0,0,0,0,0,0,0,0,0,0,0,0,0,0,0,0,0,0,0,0,0,0,0,0,0,0,0,0,0,0,0,0,0,0,0,0,417203,127747947,41849806,0,0,0,0,0,0,0,0,0,0,0,0,0,0,0,0,0,0,0,0,0,0,0,0,0,0,0,0,0,0,0,0,0,0,0,0,0,2146369536,642400256,131004,39209,0,68,131072,127598443,0,0,1204294154,2147483648,101630589,131737660,0,0,0,0,0,0,0,0,0,0,0,0,0,0,0,0,0,0,7660422,7660533,0,97,97,6262,329,15320884,35,0,0,0,0,0,0,0,1,0,0,0,0,0,0,0,0,0,0,8616554,0,12506962,110431,0,0,0,0,0,0,0,0,16384,0,0,0,0,0,0,0,0,0,0,0,3209,348,0,0,0,0,0,23290460,0,658,1,47,348,3209,0,0,0,0,0,0,0,0,0,0,0,0,0,0,0,0,0,0,0,0,0,0,0,0,0,0,0,0,0,0,0,0,0,0,0,0,0,0,0,0,0,0,0,0,0,0,0,0,0,0,0,0,0,104461785,0,0,0,114396336,0,0,0,0,0,0,0,75942426,127652539,175446119,54195343872,44782887,0,0,0,0,0,0,0,0,0,0,0,0,0,0,0,0,0,0,0,0,0,0,0,0,0,0,0,0,0,0,0,52203408,0,0,0,0,0,0,0
1789621217.749,0,0,0,0,0,0,0,238648804,2090687139328,748703077376,0,0,0,0,0,0,0,0,0,0,0,0,0,0,0,0,0,0,0,0,0,0,0,0,0,0,0,0,0,0,0,0,0,0,0,0,0,0,0,0,0,0,0,0,0,0,0,0,0,0,0,0,0,0,0,0,0,0,417241,127767024,41854146,0,0,0,0,0,0,0,0,0,0,0,0,0,0,0,0,0,0,0,0,0,0,0,0,0,0,0,0,0,0,0,0,0,0,0,0,0,2146369536,646430720,131004,39455,0,68,131072,127617504,0,0,1204419961,2147483648,101649227,131749905,0,0,0,0,0,0,0,0,0,0,0,0,0,0,0,0,0,0,7661219,7661330,0,97,97,6262,329,15322459,35,0,0,0,0,0,0,0,1,0,0,0,0,0,0,0,0,0,0,8617451,0,12506962,110431,0,0,0,0,0,0,0,0,16384,0,0,0,0,0,0,0,0,0,0,0,3210,348,0,0,0,0,0,23292883,0,658,1,47,348,3210,0,0,0,0,0,0,0,0,0,0,0,0,0,0,0,0,0,0,0,0,0,0,0,0,0,0,0,0,0,0,0,0,0,0,0,0,0,0,0,0,0,0,0,0,0,0,0,0,0,0,0,0,0,104464285,0,0,0,114407458,0,0,0,0,0,0,0,75948316,127671611,175457287,54197102080,44784443,0,0,0,0,0,0,0,0,0,0,0,0,0,0,0,0,0,0,0,0,0,0,0,0,0,0,0,0,0,0,0,52204206,0,0,0,0,0,0,0
1789621218.776,0,0,0,0,0,0,0,238672122,2090991521280,748777606656,0,0,0,0,0,0,0,0,0,0,0,0,0,0,0,0,0,0,0,0,0,0,0,0,0,0,0,0,0,0,0,0,0,0,0,0,0,0,0,0,0,0,0,0,0,0,0,0,0,0,0,0,0,0,0,0,0,0,417278,127785644,41858533,0,0,0,0,0,0,0,0,0,0,0,0,0,0,0,0,0,0,0,0,0,0,0,0,0,0,0,0,0,0,0,0,0,0,0,0,0,2146254848,649904128,130996,39667,1,76,131072,127636115,0,0,1204543134,2147483648,101667310,131761971,0,0,0,0,0,0,0,0,0,0,0,0,0,0,0,0,0,0,7661980,7662093,0,97,97,6262,329,15324000,35,0,0,0,0,0,0,0,1,0,0,0,0,0,0,0,0,0,0,8618310,0,12507090,110432,0,0,0,0,0,0,0,0,16384,0,0,0,0,0,0,0,0,0,0,0,3211,348,0,0,0,0,0,23295192,0,658,1,47,348,3211,0,0,0,0,0,0,0,0,0,0,0,0,0,0,0,0,0,0,0,0,0,0,0,0,0,0,0,0,0,0,0,0,0,0,0,0,0,0,0,0,0,0,0,0,0,0,0,0,0,0,0,0,0,104466786,0,0,0,114418379,0,0,0,0,0,0,0,75954111,127690219,175468435,54198844928,44785977,0,0,0,0,0,0,0,0,0,0,0,0,0,0,0,0,0,0,0,0,0,0,0,0,0,0,0,0,0,0,0,52204969,0,0,0,0,0,0,0
1789621219.802,0,0,0,0,0,0,0,238695413,2091292528128,748848827392,0,0,0,0,0,0,0,0,0,0,0,0,0,0,0,0,0,0,0,0,0,0,0,0,0,0,0,0,0,0,0,0,0,0,0,0,0,0,0,0,0,0,0,0,0,0,0,0,0,0,0,0,0,0,0,0,0,0,417327,127804038,41862716,0,0,0,0,0,0,0,0,0,0,0,0,0,0,0,0,0,0,0,0,0,0,0,0,0,0,0,0,0,0,0,0,0,0,0,0,0,2146271232,657276928,130998,40117,0,74,131072,127654499,0,0,1204664822,2147483648,101685289,131774190,0,0,0,0,0,0,0,0,0,0,0,0,0,0,0,0,0,0,7662746,7662858,0,97,97,6262,329,15325519,35,0,0,0,0,0,0,0,1,0,0,0,0,0,0,0,0,0,0,8619170,0,12507090,110432,0,0,0,0,0,0,0,0,16384,0,0,0,0,0,0,0,0,0,0,0,3212,348,0,0,0,0,0,23297522,0,658,1,47,348,3212,0,0,0,0,0,0,0,0,0,0,0,0,0,0,0,0,0,0,0,0,0,0,0,0,0,0,0,0,0,0,0,0,0,0,0,0,0,0,0,0,0,0,0,0,0,0,0,0,0,0,0,0,0,104469271,0,0,0,114429307,0,0,0,0,0,0,0,75959811,127708603,175479285,54200599552,44787496,0,0,0,0,0,0,0,0,0,0,0,0,0,0,0,0,0,0,0,0,0,0,0,0,0,0,0,0,0,0,0,52205734,0,0,0,0,0,0,0
1789621220.829,0,0,0,0,0,0,0,238720008,2091613294080,748945717760,0,0,0,0,0,0,0,0,0,0,0,0,0,0,0,0,0,0,0,0,0,0,0,0,0,0,0,0,0,0,0,0,0,0,0,0,0,0,0,0,0,0,0,0,0,0,0,0,0,0,0,0,0,0,0,0,0,0,417369,127823636,41868466,0,0,0,0,0,0,0,0,0,0,0,0,0,0,0,0,0,0,0,0,0,0,0,0,0,0,0,0,0,0,0,0,0,0,0,0,0,2146435072,642170880,131008,39195,0,64,131072,127674083,0,0,1204793669,2147483648,101703396,131786931,0,0,0,0,0,0,0,0,0,0,0,0,0,0,0,0,0,0,7663550,7663660,0,97,97,6262,329,15327134,35,0,0,0,0,0,0,0,1,0,0,0,0,0,0,0,0,0,0,8620073,0,12508503,110444,0,0,0,0,0,0,0,0,16384,0,0,0,0,0,0,0,0,0,0,0,3213,348,0,0,0,0,0,23299962,0,658,1,47,348,3213,0,0,0,0,0,0,0,0,0,0,0,0,0,0,0,0,0,0,0,0,0,0,0,0,0,0,0,0,0,0,0,0,0,0,0,0,0,0,0,0,0,0,0,0,0,0,0,0,0,0,0,0,0,104471743,0,0,0,114440781,0,0,0,0,0,0,0,75965909,127728197,175491846,54202390016,44789046,0,0,0,0,0,0,0,0,0,0,0,0,0,0,0,0,0,0,0,0,0,0,0,0,0,0,0,0,0,0,0,52206536,0,0,0,0,0,0,0
1789621221.855,0,0,0,0,0,0,0,238742049,2091900374528,749013300736,0,0,0,0,0,0,0,0,0,0,0,0,0,0,0,0,0,0,0,0,0,0,0,0,0,0,0,0,0,0,0,0,0,0,0,0,0,0,0,0,0,0,0,0,0,0,0,0,0,0,0,0,0,0,0,0,0,0,417407,127841187,41872435,0,0,0,0,0,0,0,0,0,0,0,0,0,0,0,0,0,0,0,0,0,0,0,0,0,0,0,0,0,0,0,0,0,0,0,0,0,2146353152,647380992,131003,39513,0,70,131072,127691625,0,0,1204909738,2147483648,101720626,131798405,0,0,0,0,0,0,0,0,0,0,0,0,0,0,0,0,0,0,7664292,7664408,0,97,97,6262,329,15328607,35,0,0,0,0,0,0,0,1,0,0,0,0,0,0,0,0,0,0,8620914,0,12508503,110444,0,0,0,0,0,0,0,0,16384,0,0,0,0,0,0,0,0,0,0,0,3214,348,0,0,0,0,0,23302234,0,658,1,47,348,3214,0,0,0,0,0,0,0,0,0,0,0,0,0,0,0,0,0,0,0,0,0,0,0,0,0,0,0,0,0,0,0,0,0,0,0,0,0,0,0,0,0,0,0,0,0,0,0,0,0,0,0,0,0,104474158,0,0,0,114451163,0,0,0,0,0,0,0,75971391,127745743,175502197,54204076544,44790559,0,0,0,0,0,0,0,0,0,0,0,0,0,0,0,0,0,0,0,0,0,0,0,0,0,0,0,0,0,0,0,52207284,0,0,0,0,0,0,0
1789621222.882,0,0,0,0,0,0,0,238765356,2092203740672,749087613952,0,0,0,0,0,0,0,0,0,0,0,0,0,0,0,0,0,0,0,0,0,0,0,0,0,0,0,0,0,0,0,0,0,0,0,0,0,0,0,0,0,0,0,0,0,0,0,0,0,0,0,0,0,0,0,0,0,0,417461,127859715,41876808,0,0,0,0,0,0,0,0,0,0,0,0,0,0,0,0,0,0,0,0,0,0,0,0,0,0,0,0,0,0,0,0,0,0,0,0,0,2146435072,651198464,131008,39746,1,63,131072,127710140,0,0,1205032715,2147483648,101738641,131810621,0,0,0,0,0,0,0,0,0,0,0,0,0,0,0,0,0,0,7665045,7665156,0,97,97,6262,329,15330136,35,0,0,0,0,0,0,0,1,0,0,0,0,0,0,0,0,0,0,8621756,0,12508631,110445,0,0,0,0,0,0,0,0,16384,0,0,0,0,0,0,0,0,0,0,0,3215,348,0,0,0,0,0,23304514,0,658,1,47,348,3215,0,0,0,0,0,0,0,0,0,0,0,0,0,0,0,0,0,0,0,0,0,0,0,0,0,0,0,0,0,0,0,0,0,0,0,0,0,0,0,0,0,0,0,0,0,0,0,0,0,0,0,0,0,104476631,0,0,0,114462021,0,0,0,0,0,0,0,75977154,127764273,175513287,54205841408,44792073,0,0,0,0,0,0,0,0,0,0,0,0,0,0,0,0,0,0,0,0,0,0,0,0,0,0,0,0,0,0,0,52208032,0,0,0,0,0,0,0
1789621223.909,0,0,0,0,0,0,0,238787837,2092494769664,749155582976,0,0,0,0,0,0,0,0,0,0,0,0,0,0,0,0,0,0,0,0,0,0,0,0,0,0,0,0,0,0,0,0,0,0,0,0,0,0,0,0,0,0,0,0,0,0,0,0,0,0,0,0,0,0,0,0,0,0,417502,127877521,41880800,0,0,0,0,0,0,0,0,0,0,0,0,0,0,0,0,0,0,0,0,0,0,0,0,0,0,0,0,0,0,0,0,0,0,0,0,0,2146320384,659570688,131001,40257,0,71,131072,127727932,0,0,1205150189,2147483648,101756105,131822416,0,0,0,0,0,0,0,0,0,0,0,0,0,0,0,0,0,0,7665785,7665895,0,97,97,6262,329,15331606,35,0,0,0,0,0,0,0,1,0,0,0,0,0,0,0,0,0,0,8622586,0,12508631,110445,0,0,0,0,0,0,0,0,16384,0,0,0,0,0,0,0,0,0,0,0,3216,348,0,0,0,0,0,23306752,0,658,1,47,348,3216,0,0,0,0,0,0,0,0,0,0,0,0,0,0,0,0,0,0,0,0,0,0,0,0,0,0,0,0,0,0,0,0,0,0,0,0,0,0,0,0,0,0,0,0,0,0,0,0,0,0,0,0,0,104479055,0,0,0,114472597,0,0,0,0,0,0,0,75982638,127782067,175523707,54207536128,44793566,0,0,0,0,0,0,0,0,0,0,0,0,0,0,0,0,0,0,0,0,0,0,0,0,0,0,0,0,0,0,0,52208770,0,0,0,0,0,0,0
1789621224.935,0,0,0,0,0,0,0,238811562,2092802543104,749250377216,0,0,0,0,0,0,0,0,0,0,0,0,0,0,0,0,0,0,0,0,0,0,0,0,0,0,0,0,0,0,0,0,0,0,0,0,0,0,0,0,0,0,0,0,0,0,0,0,0,0,0,0,0,0,0,0,0,0,417543,127896346,41886427,0,0,0,0,0,0,0,0,0,0,0,0,0,0,0,0,0,0,0,0,0,0,0,0,0,0,0,0,0,0,0,0,0,0,0,0,0,2146353152,643907584,131003,39301,0,69,131072,127746745,0,0,1205273978,2147483648,101773820,131834687,0,0,0,0,0,0,0,0,0,0,0,0,0,0,0,0,0,0,7666565,7666677,0,97,97,6262,329,15333166,35,0,0,0,0,0,0,0,1,0,0,0,0,0,0,0,0,0,0,8623466,0,12510070,110457,0,0,0,0,0,0,0,0,16384,0,0,0,0,0,0,0,0,0,0,0,3217,348,0,0,0,0,0,23309121,0,658,1,47,348,3217,0,0,0,0,0,0,0,0,0,0,0,0,0,0,0,0,0,0,0,0,0,0,0,0,0,0,0,0,0,0,0,0,0,0,0,0,0,0,0,0,0,0,0,0,0,0,0,0,0,0,0,0,0,104481529,0,0,0,114483664,0,0,0,0,0,0,0,75988585,127800874,175535998,54209302016,44795116,0,0,0,0,0,0,0,0,0,0,0,0,0,0,0,0,0,0,0,0,0,0,0,0,0,0,0,0,0,0,0,52209552,0,0,0,0,0,0,0
1789621225.963,0,0,0,0,0,0,0,238833700,2093091114496,749319477760,0,0,0,0,0,0,0,0,0,0,0,0,0,0,0,0,0,0,0,0,0,0,0,0,0,0,0,0,0,0,0,0,0,0,0,0,0,0,0,0,0,0,0,0,0,0,0,0,0,0,0,0,0,0,0,0,0,0,417590,127913981,41890492,0,0,0,0,0,0,0,0,0,0,0,0,0,0,0,0,0,0,0,0,0,0,0,0,0,0,0,0,0,0,0,0,0,0,0,0,0,2146254848,647118848,130997,39497,0,75,131072,127764365,0,0,1205390431,2147483648,101791077,131846183,0,0,0,0,0,0,0,0,0,0,0,0,0,0,0,0,0,0,7667302,7667418,0,97,97,6262,329,15334630,35,0,0,0,0,0,0,0,1,0,0,0,0,0,0,0,0,0,0,8624300,0,12510070,110457,0,0,0,0,0,0,0,0,16384,0,0,0,0,0,0,0,0,0,0,0,3218,348,0,0,0,0,0,23311378,0,658,1,47,348,3218,0,0,0,0,0,0,0,0,0,0,0,0,0,0,0,0,0,0,0,0,0,0,0,0,0,0,0,0,0,0,0,0,0,0,0,0,0,0,0,0,0,0,0,0,0,0,0,0,0,0,0,0,0,104483952,0,0,0,114493998,0,0,0,0,0,0,0,75994153,127818494,175546541,54210989056,44796622,0,0,0,0,0,0,0,0,0,0,0,0,0,0,0,0,0,0,0,0,0,0,0,0,0,0,0,0,0,0,0,52210293,0,0,0,0,0,0,0
1789621226.990,0,0,0,0,0,0,0,238857785,2093404540416,749396514816,0,0,0,0,0,0,0,0,0,0,0,0,0,0,0,0,0,0,0,0,0,0,0,0,0,0,0,0,0,0,0,0,0,0,0,0,0,0,0,0,0,0,0,0,0,0,0,0,0,0,0,0,0,0,0,0,0,0,417627,127933130,41895011,0,0,0,0,0,0,0,0,0,0,0,0,0,0,0,0,0,0,0,0,0,0,0,0,0,0,0,0,0,0,0,0,0,0,0,0,0,2146271232,650592256,130998,39709,0,74,131072,127783499,0,0,1205517676,2147483648,101809615,131858703,0,0,0,0,0,0,0,0,0,0,0,0,0,0,0,0,0,0,7668105,7668213,0,97,97,6262,329,15336240,35,0,0,0,0,0,0,0,1,0,0,0,0,0,0,0,0,0,0,8625195,0,12510198,110458,0,0,0,0,0,0,0,0,16384,0,0,0,0,0,0,0,0,0,0,0,3219,348,0,0,0,0,0,23313797,0,658,1,47,348,3219,0,0,0,0,0,0,0,0,0,0,0,0,0,0,0,0,0,0,0,0,0,0,0,0,0,0,0,0,0,0,0,0,0,0,0,0,0,0,0,0,0,0,0,0,0,0,0,0,0,0,0,0,0,104486467,0,0,0,114505332,0,0,0,0,0,0,0,76000132,127837646,175557990,54212787200,44798191,0,0,0,0,0,0,0,0,0,0,0,0,0,0,0,0,0,0,0,0,0,0,0,0,0,0,0,0,0,0,0,52211089,0,0,0,0,0,0,0
1789621228.017,0,0,0,0,0,0,0,238880872,2093703564800,749466162176,0,0,0,0,0,0,0,0,0,0,0,0,0,0,0,0,0,0,0,0,0,0,0,0,0,0,0,0,0,0,0,0,0,0,0,0,0,0,0,0,0,0,0,0,0,0,0,0,0,0,0,0,0,0,0,0,0,0,417672,127951406,41899111,0,0,0,0,0,0,0,0,0,0,0,0,0,0,0,0,0,0,0,0,0,0,0,0,0,0,0,0,0,0,0,0,0,0,0,0,0,2146304000,658604032,131000,40198,0,72,131072,127801766,0,0,1205638246,2147483648,101827534,131870809,0,0,0,0,0,0,0,0,0,0,0,0,0,0,0,0,0,0,7668859,7668971,0,97,97,6262,329,15337750,35,0,0,0,0,0,0,0,1,0,0,0,0,0,0,0,0,0,0,8626046,0,12510198,110458,0,0,0,0,0,0,0,0,16384,0,0,0,0,0,0,0,0,0,0,0,3220,348,0,0,0,0,0,23316099,0,658,1,47,348,3220,0,0,0,0,0,0,0,0,0,0,0,0,0,0,0,0,0,0,0,0,0,0,0,0,0,0,0,0,0,0,0,0,0,0,0,0,0,0,0,0,0,0,0,0,0,0,0,0,0,0,0,0,0,104488930,0,0,0,114516154,0,0,0,0,0,0,0,76005763,127855905,175568642,54214505472,44799731,0,0,0,0,0,0,0,0,0,0,0,0,0,0,0,0,0,0,0,0,0,0,0,0,0,0,0,0,0,0,0,52211846,0,0,0,0,0,0,0
1789621229.043,0,0,0,0,0,0,0,238905838,2094029065728,749563724800,0,0,0,0,0,0,0,0,0,0,0,0,0,0,0,0,0,0,0,0,0,0,0,0,0,0,0,0,0,0,0,0,0,0,0,0,0,0,0,0,0,0,0,0,0,0,0,0,0,0,0,0,0,0,0,0,0,0,417720,127971307,41904902,0,0,0,0,0,0,0,0,0,0,0,0,0,0,0,0,0,0,0,0,0,0,0,0,0,0,0,0,0,0,0,0,0,0,0,0,0,2146353152,644857856,131003,39359,0,69,131072,127821652,0,0,1205769088,2147483648,101846480,131883824,0,0,0,0,0,0,0,0,0,0,0,0,0,0,0,0,0,0,7669669,7669781,0,97,97,6262,329,15339378,35,0,0,0,0,0,0,0,1,0,0,0,0,0,0,0,0,0,0,8626959,0,12511632,110470,0,0,0,0,0,0,0,0,16384,0,0,0,0,0,0,0,0,0,0,0,3221,348,0,0,0,0,0,23318558,0,658,1,47,348,3221,0,0,0,0,0,0,0,0,0,0,0,0,0,0,0,0,0,0,0,0,0,0,0,0,0,0,0,0,0,0,0,0,0,0,0,0,0,0,0,0,0,0,0,0,0,0,0,0,0,0,0,0,0,104491466,0,0,0,114527771,0,0,0,0,0,0,0,76011879,127875791,175581321,54216321024,44801280,0,0,0,0,0,0,0,0,0,0,0,0,0,0,0,0,0,0,0,0,0,0,0,0,0,0,0,0,0,0,0,52212657,0,0,0,0,0,0,0
1789621230.069,0,0,0,0,0,0,0,238928706,2094326763008,749635515392,0,0,0,0,0,0,0,0,0,0,0,0,0,0,0,0,0,0,0,0,0,0,0,0,0,0,0,0,0,0,0,0,0,0,0,0,0,0,0,0,0,0,0,0,0,0,0,0,0,0,0,0,0,0,0,0,0,0,417763,127989504,41909126,0,0,0,0,0,0,0,0,0,0,0,0,0,0,0,0,0,0,0,0,0,0,0,0,0,0,0,0,0,0,0,0,0,0,0,0,0,2146287616,648544256,130999,39584,0,72,131072,127839837,0,0,1205888977,2147483648,101864279,131895709,0,0,0,0,0,0,0,0,0,0,0,0,0,0,0,0,0,0,7670435,7670545,0,97,97,6262,329,15340896,35,0,0,0,0,0,0,0,1,0,0,0,0,0,0,0,0,0,0,8627818,0,12511632,110470,0,0,0,0,0,0,0,0,16384,0,0,0,0,0,0,0,0,0,0,0,3222,348,0,0,0,0,0,23320870,0,658,1,47,348,3222,0,0,0,0,0,0,0,0,0,0,0,0,0,0,0,0,0,0,0,0,0,0,0,0,0,0,0,0,0,0,0,0,0,0,0,0,0,0,0,0,0,0,0,0,0,0,0,0,0,0,0,0,0,104493915,0,0,0,114538517,0,0,0,0,0,0,0,76017607,127893984,175592216,54218052608,44802785,0,1,0,0,0,0,0,0,0,0,0,0,0,0,0,0,0,0,0,0,0,0,0,0,0,0,0,0,0,0,0,52213421,0,0,0,0,0,0,0
1789621231.096,0,0,0,0,0,0,0,238951006,2094617120256,749705838592,0,0,0,0,0,0,0,0,0,0,0,0,0,0,0,0,0,0,0,0,0,0,0,0,0,0,0,0,0,0,0,0,0,0,0,0,0,0,0,0,0,0,0,0,0,0,0,0,0,0,0,0,0,0,0,0,0,0,417807,128007256,41913268,0,0,0,0,0,0,0,0,0,0,0,0,0,0,0,0,0,0,0,0,0,0,0,0,0,0,0,0,0,0,0,0,0,0,0,0,0,2146254848,651132928,130997,39742,0,74,131072,127857578,0,0,1206007353,2147483648,101881527,131907248,0,0,0,0,0,0,0,0,0,0,0,0,0,0,0,0,0,0,7671175,7671292,0,97,97,6262,329,15342384,35,0,0,0,0,0,0,0,1,0,0,0,0,0,0,0,0,0,0,8628657,0,12511760,110471,0,0,0,0,0,0,0,0,16384,0,0,0,0,0,0,0,0,0,0,0,3223,348,0,0,0,0,0,23323139,0,658,1,47,348,3223,0,0,0,0,0,0,0,0,0,0,0,0,0,0,0,0,0,0,0,0,0,0,0,0,0,0,0,0,0,0,0,0,0,0,0,0,0,0,0,0,0,0,0,0,0,0,0,0,0,0,0,0,0,104496363,0,0,0,114548933,0,0,0,0,0,0,0,76023120,127911731,175602803,54219744768,44804291,0,0,0,0,0,0,0,0,0,0,0,0,0,0,0,0,0,0,0,0,0,0,0,0,0,0,0,0,0,0,0,52214167,0,0,0,0,0,0,0
1789621232.122,0,0,0,0,0,0,0,238974548,2094923664896,749777787392,0,0,0,0,0,0,0,0,0,0,0,0,0,0,0,0,0,0,0,0,0,0,0,0,0,0,0,0,0,0,0,0,0,0,0,0,0,0,0,0,0,0,0,0,0,0,0,0,0,0,0,0,0,0,0,0,0,0,417854,128025998,41917499,0,0,0,0,0,0,0,0,0,0,0,0,0,0,0,0,0,0,0,0,0,0,0,0,0,0,0,0,0,0,0,0,0,0,0,0,0,2146320384,659193856,131000,40234,0,72,131072,127876302,0,0,1206130761,2147483648,101899883,131919636,0,0,0,0,0,0,0,0,0,0,0,0,0,0,0,0,0,0,7671948,7672060,0,97,97,6262,329,15343935,35,0,0,0,0,0,0,0,1,0,0,0,0,0,0,0,0,0,0,8629523,0,12511760,110471,0,0,0,0,0,0,0,0,16384,0,0,0,0,0,0,0,0,0,0,0,3224,348,0,0,0,0,0,23325473,0,658,1,47,348,3224,0,0,0,0,0,0,0,0,0,0,0,0,0,0,0,0,0,0,0,0,0,0,0,0,0,0,0,0,0,0,0,0,0,0,0,0,0,0,0,0,0,0,0,0,0,0,0,0,0,0,0,0,0,104498869,0,0,0,114559999,0,0,0,0,0,0,0,76028892,127930463,175613766,54221508608,44805835,0,0,0,0,0,0,0,0,0,0,0,0,0,0,0,0,0,0,0,0,0,0,0,0,0,0,0,0,0,0,0,52214936,0,0,0,0,0,0,0
1789621233.149,0,0,0,0,0,0,0,238999184,2095244594688,749874078208,0,0,0,0,0,0,0,0,0,0,0,0,0,0,0,0,0,0,0,0,0,0,0,0,0,0,0,0,0,0,0,0,0,0,0,0,0,0,0,0,0,0,0,0,0,0,0,0,0,0,0,0,0,0,0,0,0,0,417902,128045622,41923208,0,0,0,0,0,0,0,0,0,0,0,0,0,0,0,0,0,0,0,0,0,0,0,0,0,0,0,0,0,0,0,0,0,0,0,0,0,2146189312,646610944,130993,39466,0,79,131072,127895908,0,0,1206259507,2147483648,101918349,131932550,0,0,0,0,0,0,0,0,0,0,0,0,0,0,0,0,0,0,7672752,7672863,0,97,97,6262,329,15345545,35,0,0,0,0,0,0,0,1,0,0,0,0,0,0,0,0,0,0,8630426,0,12513164,110483,0,0,0,0,0,0,0,0,16384,0,0,0,0,0,0,0,0,0,0,0,3225,348,0,0,0,0,0,23327909,0,658,1,47,348,3225,0,0,0,0,0,0,0,0,0,0,0,0,0,0,0,0,0,0,0,0,0,0,0,0,0,0,0,0,0,0,0,0,0,0,0,0,0,0,0,0,0,0,0,0,0,0,0,0,0,0,0,0,0,104501388,0,0,0,114571533,0,0,0,0,0,0,0,76034972,127950081,175626309,54223321088,44807388,0,0,0,0,0,0,0,0,0,0,0,0,0,0,0,0,0,0,0,0,0,0,0,0,0,0,0,0,0,0,0,52215738,0,0,0,0,0,0,0
1789621234.174,0,0,0,0,0,0,0,239020825,2095525940736,749940453376,0,0,0,0,0,0,0,0,0,0,0,0,0,0,0,0,0,0,0,0,0,0,0,0,0,0,0,0,0,0,0,0,0,0,0,0,0,0,0,0,0,0,0,0,0,0,0,0,0,0,0,0,0,0,0,0,0,0,417946,128062815,41927111,0,0,0,0,0,0,0,0,0,0,0,0,0,0,0,0,0,0,0,0,0,0,0,0,0,0,0,0,0,0,0,0,0,0,0,0,0,2146091008,652132352,130987,39803,0,85,131072,127913087,0,0,1206372816,2147483648,101935197,131943793,0,0,0,0,0,0,0,0,0,0,0,0,0,0,0,0,0,0,7673467,7673584,0,97,97,6262,329,15346965,35,0,0,0,0,0,0,0,1,0,0,0,0,0,0,0,0,0,0,8631234,0,12513164,110483,0,0,0,0,0,0,0,0,16384,0,0,0,0,0,0,0,0,0,0,0,3226,348,0,0,0,0,0,23330098,0,658,1,47,348,3226,0,0,0,0,0,0,0,0,0,0,0,0,0,0,0,0,0,0,0,0,0,0,0,0,0,0,0,0,0,0,0,0,0,0,0,0,0,0,0,0,0,0,0,0,0,0,0,0,0,0,0,0,0,104503736,0,0,0,114581637,0,0,0,0,0,0,0,76040369,127967267,175636452,54224966144,44808886,0,0,0,0,0,0,0,0,0,0,0,0,0,0,0,0,0,0,0,0,0,0,0,0,0,0,0,0,0,0,0,52216458,0,0,0,0,0,0,0
1789621235.201,0,0,0,0,0,0,0,239045884,2095852604928,750020480000,0,0,0,0,0,0,0,0,0,0,0,0,0,0,0,0,0,0,0,0,0,0,0,0,0,0,0,0,0,0,0,0,0,0,0,0,0,0,0,0,0,0,0,0,0,0,0,0,0,0,0,0,0,0,0,0,0,0,417988,128082786,41931822,0,0,0,0,0,0,0,0,0,0,0,0,0,0,0,0,0,0,0,0,0,0,0,0,0,0,0,0,0,0,0,0,0,0,0,0,0,2146336768,654098432,131003,39923,0,70,131072,127933041,0,0,1206505954,2147483648,101954595,131956700,0,0,0,0,0,0,0,0,0,0,0,0,0,0,0,0,0,0,7674298,7674409,0,97,97,6262,329,15348637,35,0,0,0,0,0,0,0,1,0,0,0,0,0,0,0,0,0,0,8632164,0,12513292,110484,0,0,0,0,0,0,0,0,16384,0,0,0,0,0,0,0,0,0,0,0,3227,348,0,0,0,0,0,23332606,0,658,1,47,348,3227,0,0,0,0,0,0,0,0,0,0,0,0,0,0,0,0,0,0,0,0,0,0,0,0,0,0,0,0,0,0,0,0,0,0,0,0,0,0,0,0,0,0,0,0,0,0,0,0,0,0,0,0,0,104506274,0,0,0,114593365,0,0,0,0,0,0,0,76046549,127987231,175648290,54226788352,44810479,0,0,0,0,0,0,0,0,0,0,0,0,0,0,0,0,0,0,0,0,0,0,0,0,0,0,0,0,0,0,0,52217283,0,0,0,0,0,0,0
1789621236.227,0,0,0,0,0,0,0,239069475,2096160017920,750116660224,0,0,0,0,0,0,0,0,0,0,0,0,0,0,0,0,0,0,0,0,0,0,0,0,0,0,0,0,0,0,0,0,0,0,0,0,0,0,0,0,0,0,0,0,0,0,0,0,0,0,0,0,0,0,0,0,0,0,418035,128101574,41937517,0,0,0,0,0,0,0,0,0,0,0,0,0,0,0,0,0,0,0,0,0,0,0,0,0,0,0,0,0,0,0,0,0,0,0,0,0,2146336768,637485056,131002,38909,0,70,131072,127951813,0,0,1206629133,2147483648,101972532,131969003,0,0,0,0,0,0,0,0,0,0,0,0,0,0,0,0,0,0,7675071,7675183,0,97,97,6262,329,15350175,35,0,0,0,0,0,0,0,1,0,0,0,0,0,0,0,0,0,0,8633035,0,12514730,110496,0,0,0,0,0,0,0,0,16384,0,0,0,0,0,0,0,0,0,0,0,3228,348,0,0,0,0,0,23334963,0,658,1,47,348,3228,0,0,0,0,0,0,0,0,0,0,0,0,0,0,0,0,0,0,0,0,0,0,0,0,0,0,0,0,0,0,0,0,0,0,0,0,0,0,0,0,0,0,0,0,0,0,0,0,0,0,0,0,0,104508755,0,0,0,114604418,0,0,0,0,0,0,0,76052597,128006006,175660752,54228570624,44812043,0,0,0,0,0,0,0,0,0,0,0,0,0,0,0,0,0,0,0,0,0,0,0,0,0,0,0,0,0,0,0,52218058,0,0,0,0,0,0,0
1789621237.254,0,0,0,0,0,0,0,239093488,2096471854592,750189096960,0,0,0,0,0,0,0,0,0,0,0,0,0,0,0,0,0,0,0,0,0,0,0,0,0,0,0,0,0,0,0,0,0,0,0,0,0,0,0,0,0,0,0,0,0,0,0,0,0,0,0,0,0,0,0,0,0,0,418087,128120630,41941794,0,0,0,0,0,0,0,0,0,0,0,0,0,0,0,0,0,0,0,0,0,0,0,0,0,0,0,0,0,0,0,0,0,0,0,0,0,2146205696,645496832,130995,39398,0,77,131072,127970853,0,0,1206754874,2147483648,101991158,131981554,0,0,0,0,0,0,0,0,0,0,0,0,0,0,0,0,0,0,7675847,7675960,0,97,97,6262,329,15351746,35,0,0,0,0,0,0,0,1,0,0,0,0,0,0,0,0,0,0,8633910,0,12514730,110496,0,0,0,0,0,0,0,0,16384,0,0,0,0,0,0,0,0,0,0,0,3229,348,0,0,0,0,0,23337332,0,658,1,47,348,3229,0,0,0,0,0,0,0,0,0,0,0,0,0,0,0,0,0,0,0,0,0,0,0,0,0,0,0,0,0,0,0,0,0,0,0,0,0,0,0,0,0,0,0,0,0,0,0,0,0,0,0,0,0,104511230,0,0,0,114615656,0,0,0,0,0,0,0,76058377,128025053,175671737,54230351360,44813566,0,0,0,0,0,0,0,0,0,0,0,0,0,0,0,0,0,0,0,0,0,0,0,0,0,0,0,0,0,0,0,52218835,0,0,0,0,0,0,0
1789621238.281,0,0,0,0,0,0,0,239119585,2096811953664,750273216512,0,0,0,0,0,0,0,0,0,0,0,0,0,0,0,0,0,0,0,0,0,0,0,0,0,0,0,0,0,0,0,0,0,0,0,0,0,0,0,0,0,0,0,0,0,0,0,0,0,0,0,0,0,0,0,0,0,0,418163,128141424,41946582,0,0,0,0,0,0,0,0,0,0,0,0,0,0,0,0,0,0,0,0,0,0,0,0,0,0,0,0,0,0,0,0,0,0,0,0,0,2146140160,651132928,130990,39742,0,82,131072,127991628,0,0,1206892176,2147483648,102011404,131995483,0,0,0,0,0,0,0,0,0,0,0,0,0,0,0,0,0,0,7676723,7676836,0,97,97,6262,329,15353495,35,0,0,0,0,0,0,0,1,0,0,0,0,0,0,0,0,0,0,8634896,0,12514858,110497,0,0,0,0,0,0,0,0,16384,0,0,0,0,0,0,0,0,0,0,0,3230,348,0,0,0,0,0,23339989,0,658,1,47,348,3230,0,0,0,0,0,0,0,0,0,0,0,0,0,0,0,0,0,0,0,0,0,0,0,0,0,0,0,0,0,0,0,0,0,0,0,0,0,0,0,0,0,0,0,0,0,0,0,0,0,0,0,0,0,104519480,0,0,0,114627956,0,0,0,0,0,0,0,76068844,128045835,175689439,54234866176,44819366,0,0,0,0,0,0,0,0,0,0,0,0,0,0,0,0,0,0,0,0,0,0,0,0,0,0,0,0,0,0,0,52219712,0,0,0,0,0,0,0
1789621239.308,0,0,0,0,0,0,0,239141559,2097099099648,750342912512,0,0,0,0,0,0,0,0,0,0,0,0,0,0,0,0,0,0,0,0,0,0,0,0,0,0,0,0,0,0,0,0,0,0,0,0,0,0,0,0,0,0,0,0,0,0,0,0,0,0,0,0,0,0,0,0,0,0,418194,128158964,41950548,0,0,0,0,0,0,0,0,0,0,0,0,0,0,0,0,0,0,0,0,0,0,0,0,0,0,0,0,0,0,0,0,0,0,0,0,0,2146435072,655917056,131008,40034,0,64,131072,128009163,0,0,1207008677,2147483648,102028536,132006744,0,0,0,0,0,0,0,0,0,0,0,0,0,0,0,0,0,0,7677450,7677560,0,97,97,6262,329,15354934,35,0,0,0,0,0,0,0,1,0,0,0,0,0,0,0,0,0,0,8635710,0,12514858,110497,0,0,0,0,0,0,0,0,16384,0,0,0,0,0,0,0,0,0,0,0,3231,348,0,0,0,0,0,23342193,0,658,1,47,348,3231,0,0,0,0,0,0,0,0,0,0,0,0,0,0,0,0,0,0,0,0,0,0,0,0,0,0,0,0,0,0,0,0,0,0,0,0,0,0,0,0,0,0,0,0,0,0,0,0,0,0,0,0,0,104526698,0,0,0,114638171,0,0,0,0,0,0,0,76078050,128063365,175704579,54238736384,44824613,0,0,0,0,0,0,0,0,0,0,0,0,0,0,0,0,0,0,0,0,0,0,0,0,0,0,0,0,0,0,0,52220435,0,0,0,0,0,0,0
1789621240.334,0,0,0,0,0,0,0,239165471,2097410739712,750440186368,0,0,0,0,0,0,0,0,0,0,0,0,0,0,0,0,0,0,0,0,0,0,0,0,0,0,0,0,0,0,0,0,0,0,0,0,0,0,0,0,0,0,0,0,0,0,0,0,0,0,0,0,0,0,0,0,0,0,418225,128178021,41956328,0,0,0,0,0,0,0,0,0,0,0,0,0,0,0,0,0,0,0,0,0,0,0,0,0,0,0,0,0,0,0,0,0,0,0,0,0,2146205696,640008192,130994,39063,0,78,131072,128028202,0,0,1207133495,2147483648,102046593,132019192,0,0,0,0,0,0,0,0,0,0,0,0,0,0,0,0,0,0,7678234,7678349,0,97,97,6262,329,15356502,35,0,0,0,0,0,0,0,1,0,0,0,0,0,0,0,0,0,0,8636595,0,12516314,110509,0,0,0,0,0,0,0,0,16384,0,0,0,0,0,0,0,0,0,0,0,3233,348,0,0,0,0,0,23344592,0,658,1,47,348,3233,0,0,0,0,0,0,0,0,0,0,0,0,0,0,0,0,0,0,0,0,0,0,0,0,0,0,0,0,0,0,0,0,0,0,0,0,0,0,0,0,0,0,0,0,0,0,0,0,0,0,0,0,0,104529198,0,0,0,114649398,0,0,0,0,0,0,0,76084096,128082411,175717184,54240511488,44826131,0,0,0,0,0,0,0,0,0,0,0,0,0,0,0,0,0,0,0,0,0,0,0,0,0,0,0,0,0,0,0,52221223,0,0,0,0,0,0,0
1789621241.361,0,0,0,0,0,0,0,239186351,2097681370624,750501259776,0,0,0,0,0,0,0,0,0,0,0,0,0,0,0,0,0,0,0,0,0,0,0,0,0,0,0,0,0,0,0,0,0,0,0,0,0,0,0,0,0,0,0,0,0,0,0,0,0,0,0,0,0,0,0,0,0,0,418262,128194570,41959902,0,0,0,0,0,0,0,0,0,0,0,0,0,0,0,0,0,0,0,0,0,0,0,0,0,0,0,0,0,0,0,0,0,0,0,0,0,2146222080,649461760,130995,39640,0,77,131072,128044741,0,0,1207242611,2147483648,102062794,132030084,0,0,0,0,0,0,0,0,0,0,0,0,0,0,0,0,0,0,7678914,7679024,0,97,97,6262,329,15357862,35,0,0,0,0,0,0,0,1,0,0,0,0,0,0,0,0,0,0,8637357,0,12516314,110509,0,0,0,0,0,0,0,0,16384,0,0,0,0,0,0,0,0,0,0,0,3234,348,0,0,0,0,0,23346658,0,658,1,47,348,3234,0,0,0,0,0,0,0,0,0,0,0,0,0,0,0,0,0,0,0,0,0,0,0,0,0,0,0,0,0,0,0,0,0,0,0,0,0,0,0,0,0,0,0,0,0,0,0,0,0,0,0,0,0,104531538,0,0,0,114659147,0,0,0,0,0,0,0,76089133,128098948,175726683,54242136064,44827586,1,0,0,0,0,0,0,0,0,0,0,0,0,0,0,0,0,0,0,0,0,0,0,0,0,0,0,0,0,0,0,52221900,0,0,0,0,0,0,0
1789621242.387,0,0,0,0,0,0,0,239211323,2098004905472,750579814912,0,0,0,0,0,0,0,0,0,0,0,0,0,0,0,0,0,0,0,0,0,0,0,0,0,0,0,0,0,0,0,0,0,0,0,0,0,0,0,0,0,0,0,0,0,0,0,0,0,0,0,0,0,0,0,0,0,0,418314,128214335,41964518,0,0,0,0,0,0,0,0,0,0,0,0,0,0,0,0,0,0,0,0,0,0,0,0,0,0,0,0,0,0,0,0,0,0,0,0,0,2146435072,653049856,131008,39860,0,64,131072,128064490,0,0,1207373552,2147483648,102081931,132043094,0,0,0,0,0,0,0,0,0,0,0,0,0,0,0,0,0,0,7679742,7679858,0,97,97,6262,329,15359521,35,0,0,0,0,0,0,0,1,0,0,0,0,0,0,0,0,0,0,8638295,0,12516442,110510,0,0,0,0,0,0,0,0,16384,0,0,0,0,0,0,0,0,0,0,0,3235,348,0,0,0,0,0,23349188,0,658,1,47,348,3235,0,0,0,0,0,0,0,0,0,0,0,0,0,0,0,0,0,0,0,0,0,0,0,0,0,0,0,0,0,0,0,0,0,0,0,0,0,0,0,0,0,0,0,0,0,0,0,0,0,0,0,0,0,104534084,0,0,0,114670854,0,0,0,0,0,0,0,76095194,128118708,175738340,54243969536,44829152,0,0,0,0,0,0,0,0,0,0,0,0,0,0,0,0,0,0,0,0,0,0,0,0,0,0,0,0,0,0,0,52222733,0,0,0,0,0,0,0
1789621243.413,0,0,0,0,0,0,0,239234637,2098308353536,750675429376,0,0,0,0,0,0,0,0,0,0,0,0,0,0,0,0,0,0,0,0,0,0,0,0,0,0,0,0,0,0,0,0,0,0,0,0,0,0,0,0,0,0,0,0,0,0,0,0,0,0,0,0,0,0,0,0,0,0,418355,128232884,41970199,0,0,0,0,0,0,0,0,0,0,0,0,0,0,0,0,0,0,0,0,0,0,0,0,0,0,0,0,0,0,0,0,0,0,0,0,0,2146336768,634814464,131002,38746,0,70,131072,128083033,0,0,1207496894,2147483648,102099446,132055226,0,0,0,0,0,0,0,0,0,0,0,0,0,0,0,0,0,0,7680510,7680627,0,97,97,6262,329,15361063,35,0,0,0,0,0,0,0,1,0,0,0,0,0,0,0,0,0,0,8639160,0,12517868,110522,0,0,0,0,0,0,0,0,16384,0,0,0,0,0,0,0,0,0,0,0,3236,348,0,0,0,0,0,23351529,0,658,1,47,348,3236,0,0,0,0,0,0,0,0,0,0,0,0,0,0,0,0,0,0,0,0,0,0,0,0,0,0,0,0,0,0,0,0,0,0,0,0,0,0,0,0,0,0,0,0,0,0,0,0,0,0,0,0,0,104536540,0,0,0,114681762,0,0,0,0,0,0,0,76101176,128137250,175750718,54245721600,44830677,1,0,0,0,0,0,0,0,0,0,0,0,0,0,0,0,0,0,0,0,0,0,0,0,0,0,0,0,0,0,0,52223503,0,0,0,0,0,0,0
1789621244.440,0,0,0,0,0,0,0,239259127,2098625760768,750750808576,0,0,0,0,0,0,0,0,0,0,0,0,0,0,0,0,0,0,0,0,0,0,0,0,0,0,0,0,0,0,0,0,0,0,0,0,0,0,0,0,0,0,0,0,0,0,0,0,0,0,0,0,0,0,0,0,0,0,418394,128252280,41974638,0,0,0,0,0,0,0,0,0,0,0,0,0,0,0,0,0,0,0,0,0,0,0,0,0,0,0,0,0,0,0,0,0,0,0,0,0,2146123776,641957888,130989,39182,0,83,131072,128102415,0,0,1207624918,2147483648,102118421,132067962,0,0,0,0,0,0,0,0,0,0,0,0,0,0,0,0,0,0,7681314,7681426,0,97,97,6262,329,15362657,35,0,0,0,0,0,0,0,1,0,0,0,0,0,0,0,0,0,0,8640057,0,12517868,110522,0,0,0,0,0,0,0,0,16384,0,0,0,0,0,0,0,0,0,0,0,3237,348,0,0,0,0,0,23353957,0,658,1,47,348,3237,0,0,0,0,0,0,0,0,0,0,0,0,0,0,0,0,0,0,0,0,0,0,0,0,0,0,0,0,0,0,0,0,0,0,0,0,0,0,0,0,0,0,0,0,0,0,0,0,0,0,0,0,0,104539022,0,0,0,114693223,0,0,0,0,0,0,0,76107147,128156642,175762068,54247507456,44832211,0,0,0,0,0,0,0,0,0,0,0,0,0,0,0,0,0,0,0,0,0,0,0,0,0,0,0,0,0,0,0,52224300,0,0,0,0,0,0,0
1789621245.467,0,0,0,0,0,0,0,239279994,2098897178112,750813040640,0,0,0,0,0,0,0,0,0,0,0,0,0,0,0,0,0,0,0,0,0,0,0,0,0,0,0,0,0,0,0,0,0,0,0,0,0,0,0,0,0,0,0,0,0,0,0,0,0,0,0,0,0,0,0,0,0,0,418443,128268870,41978287,0,0,0,0,0,0,0,0,0,0,0,0,0,0,0,0,0,0,0,0,0,0,0,0,0,0,0,0,0,0,0,0,0,0,0,0,0,2146271232,650723328,130998,39717,0,74,131072,128118993,0,0,1207733924,2147483648,102134709,132078947,0,0,0,0,0,0,0,0,0,0,0,0,0,0,0,0,0,0,7682000,7682109,0,97,97,6262,329,15364032,35,0,0,0,0,0,0,0,1,0,0,0,0,0,0,0,0,0,0,8640826,0,12517868,110522,0,0,0,0,0,0,0,0,16384,0,0,0,0,0,0,0,0,0,0,0,3238,348,0,0,0,0,0,23356024,0,658,1,47,348,3238,0,0,0,0,0,0,0,0,0,0,0,0,0,0,0,0,0,0,0,0,0,0,0,0,0,0,0,0,0,0,0,0,0,0,0,0,0,0,0,0,0,0,0,0,0,0,0,0,0,0,0,0,0,104541417,0,0,0,114703049,0,0,0,0,0,0,0,76112283,128173214,175771760,54249121280,44833699,0,0,0,0,0,0,0,0,0,0,0,0,0,0,0,0,0,0,0,0,0,0,0,0,0,0,0,0,0,0,0,52224983,0,0,0,0,0,0,0
1789621246.494,0,0,0,0,0,0,0,239304418,2099215764992,750889815040,0,0,0,0,0,0,0,0,0,0,0,0,0,0,0,0,0,0,0,0,0,0,0,0,0,0,0,0,0,0,0,0,0,0,0,0,0,0,0,0,0,0,0,0,0,0,0,0,0,0,0,0,0,0,0,0,0,0,418485,128288345,41982795,0,0,0,0,0,0,0,0,0,0,0,0,0,0,0,0,0,0,0,0,0,0,0,0,0,0,0,0,0,0,0,0,0,0,0,0,0,2146304000,654327808,131000,39937,0,72,131072,128138448,0,0,1207862217,2147483648,102153580,132091535,0,0,0,0,0,0,0,0,0,0,0,0,0,0,0,0,0,0,7682809,7682920,0,97,97,6262,329,15365652,35,0,0,0,0,0,0,0,1,0,0,0,0,0,0,0,0,0,0,8641739,0,12517996,110523,0,0,0,0,0,0,0,0,16384,0,0,0,0,0,0,0,0,0,0,0,3239,348,0,0,0,0,0,23358500,0,658,1,47,348,3239,0,0,0,0,0,0,0,0,0,0,0,0,0,0,0,0,0,0,0,0,0,0,0,0,0,0,0,0,0,0,0,0,0,0,0,0,0,0,0,0,0,0,0,0,0,0,0,0,0,0,0,0,0,104543941,0,0,0,114714443,0,0,0,0,0,0,0,76118236,128192685,175783193,54250919424,44835266,0,0,0,0,0,0,0,0,0,0,0,0,0,0,0,0,0,0,0,0,0,0,0,0,0,0,0,0,0,0,0,52225796,0,0,0,0,0,0,0
1789621247.520,0,0,0,0,0,0,0,239327675,2099518377472,750984392192,0,0,0,0,0,0,0,0,0,0,0,0,0,0,0,0,0,0,0,0,0,0,0,0,0,0,0,0,0,0,0,0,0,0,0,0,0,0,0,0,0,0,0,0,0,0,0,0,0,0,0,0,0,0,0,0,0,0,418529,128306854,41988419,0,0,0,0,0,0,0,0,0,0,0,0,0,0,0,0,0,0,0,0,0,0,0,0,0,0,0,0,0,0,0,0,0,0,0,0,0,2146598912,636911616,131018,38874,0,54,131072,128156939,0,0,1207985467,2147483648,102171168,132103697,0,0,0,0,0,0,0,0,0,0,0,0,0,0,0,0,0,0,7683583,7683699,0,97,97,6262,329,15367196,35,0,0,0,0,0,0,0,1,0,0,0,0,0,0,0,0,0,0,8642613,0,12519419,110535,0,0,0,0,0,0,0,0,16384,0,0,0,0,0,0,0,0,0,0,0,3240,348,0,0,0,0,0,23360864,0,658,1,47,348,3240,0,0,0,0,0,0,0,0,0,0,0,0,0,0,0,0,0,0,0,0,0,0,0,0,0,0,0,0,0,0,0,0,0,0,0,0,0,0,0,0,0,0,0,0,0,0,0,0,0,0,0,0,0,104546468,0,0,0,114725415,0,0,0,0,0,0,0,76124198,128211178,175795545,54252688896,44836821,0,0,0,0,0,0,0,0,0,0,0,0,0,0,0,0,0,0,0,0,0,0,0,0,0,0,0,0,0,0,0,52226573,0,0,0,0,0,0,0
1789621248.546,0,0,0,0,0,0,0,239351323,2099826822656,751056867328,0,0,0,0,0,0,0,0,0,0,0,0,0,0,0,0,0,0,0,0,0,0,0,0,0,0,0,0,0,0,0,0,0,0,0,0,0,0,0,0,0,0,0,0,0,0,0,0,0,0,0,0,0,0,0,0,0,0,418579,128325700,41992684,0,0,0,0,0,0,0,0,0,0,0,0,0,0,0,0,0,0,0,0,0,0,0,0,0,0,0,0,0,0,0,0,0,0,0,0,0,2146385920,644333568,131005,39327,0,67,131072,128175770,0,0,1208109176,2147483648,102189587,132116135,0,0,0,0,0,0,0,0,0,0,0,0,0,0,0,0,0,0,7684352,7684467,0,97,97,6262,329,15368754,35,0,0,0,0,0,0,0,1,0,0,0,0,0,0,0,0,0,0,8643478,0,12519419,110535,0,0,0,0,0,0,0,0,16384,0,0,0,0,0,0,0,0,0,0,0,3241,348,0,0,0,0,0,23363198,0,658,1,47,348,3241,0,0,0,0,0,0,0,0,0,0,0,0,0,0,0,0,0,0,0,0,0,0,0,0,0,0,0,0,0,0,0,0,0,0,0,0,0,0,0,0,0,0,0,0,0,0,0,0,0,0,0,0,0,104548928,0,0,0,114736490,0,0,0,0,0,0,0,76129979,128230013,175806524,54254475776,44838343,1,0,0,0,0,0,0,0,0,0,0,0,0,0,0,0,0,0,0,0,0,0,0,0,0,0,0,0,0,0,0,52227341,0,0,0,0,0,0,0
1789621249.572,0,0,0,0,0,0,0,239372065,2100096568832,751121304576,0,0,0,0,0,0,0,0,0,0,0,0,0,0,0,0,0,0,0,0,0,0,0,0,0,0,0,0,0,0,0,0,0,0,0,0,0,0,0,0,0,0,0,0,0,0,0,0,0,0,0,0,0,0,0,0,0,0,418609,128342179,41996385,0,0,0,0,0,0,0,0,0,0,0,0,0,0,0,0,0,0,0,0,0,0,0,0,0,0,0,0,0,0,0,0,0,0,0,0,0,2146091008,650182656,130987,39684,0,85,131072,128192240,0,0,1208217402,2147483648,102205712,132126787,0,0,0,0,0,0,0,0,0,0,0,0,0,0,0,0,0,0,7685029,7685143,0,97,97,6262,329,15370093,35,0,0,0,0,0,0,0,1,0,0,0,0,0,0,0,0,0,0,8644238,0,12519419,110536,0,0,0,0,0,0,0,0,16384,0,0,0,0,0,0,0,0,0,0,0,3242,348,0,0,0,0,0,23365261,0,658,1,47,348,3242,0,0,0,0,0,0,0,0,0,0,0,0,0,0,0,0,0,0,0,0,0,0,0,0,0,0,0,0,0,0,0,0,0,0,0,0,0,0,0,0,0,0,0,0,0,0,0,0,0,0,0,0,0,104551258,0,0,0,114746100,0,0,0,0,0,0,0,76135083,128246490,175816303,54256058880,44839786,0,0,0,0,0,0,0,0,0,0,0,0,0,0,0,0,0,0,0,0,0,0,0,0,0,0,0,0,0,0,0,52228018,0,0,0,0,0,0,0
1789621250.599,0,0,0,0,0,0,0,239397948,2100433554944,751201080832,0,0,0,0,0,0,0,0,0,0,0,0,0,0,0,0,0,0,0,0,0,0,0,0,0,0,0,0,0,0,0,0,0,0,0,0,0,0,0,0,0,0,0,0,0,0,0,0,0,0,0,0,0,0,0,0,0,0,418661,128362795,42001164,0,0,0,0,0,0,0,0,0,0,0,0,0,0,0,0,0,0,0,0,0,0,0,0,0,0,0,0,0,0,0,0,0,0,0,0,0,2146271232,654573568,130998,39952,0,74,131072,128212838,0,0,1208353514,2147483648,102225774,132140339,0,0,0,0,0,0,0,0,0,0,0,0,0,0,0,0,0,0,7685891,7686007,0,97,97,6262,329,15371818,35,0,0,0,0,0,0,0,1,0,0,0,0,0,0,0,0,0,0,8645211,0,12519547,110536,0,0,0,0,0,0,0,0,16384,0,0,0,0,0,0,0,0,0,0,0,3243,348,0,0,0,0,0,23367885,0,658,1,47,348,3243,0,0,0,0,0,0,0,0,0,0,0,0,0,0,0,0,0,0,0,0,0,0,0,0,0,0,0,0,0,0,0,0,0,0,0,0,0,0,0,0,0,0,0,0,0,0,0,0,0,0,0,0,0,104553859,0,0,0,114758270,0,0,0,0,0,0,0,76141393,128267102,175828286,54257960448,44841400,0,0,0,0,0,0,0,0,0,0,0,0,0,0,0,0,0,0,0,0,0,0,0,0,0,0,0,0,0,0,0,52228883,0,0,0,0,0,0,0
1789621251.626,0,0,0,0,0,0,0,239421526,2100738788864,751298150912,0,0,0,0,0,0,0,0,0,0,0,0,0,0,0,0,0,0,0,0,0,0,0,0,0,0,0,0,0,0,0,0,0,0,0,0,0,0,0,0,0,0,0,0,0,0,0,0,0,0,0,0,0,0,0,0,0,0,418714,128381450,42006859,0,0,0,0,0,0,0,0,0,0,0,0,0,0,0,0,0,0,0,0,0,0,0,0,0,0,0,0,0,0,0,0,0,0,0,0,0,2146353152,636321792,131003,38838,0,69,131072,128231477,0,0,1208478092,2147483648,102243611,132152678,0,0,0,0,0,0,0,0,0,0,0,0,0,0,0,0,0,0,7686681,7686797,0,97,97,6262,329,15373385,35,0,0,0,0,0,0,0,1,0,0,0,0,0,0,0,0,0,0,8646099,0,12520985,110548,0,0,0,0,0,0,0,0,16384,0,0,0,0,0,0,0,0,0,0,0,3244,348,0,0,0,0,0,23370285,0,658,1,47,348,3244,0,0,0,0,0,0,0,0,0,0,0,0,0,0,0,0,0,0,0,0,0,0,0,0,0,0,0,0,0,0,0,0,0,0,0,0,0,0,0,0,0,0,0,0,0,0,0,0,0,0,0,0,0,104558367,0,0,0,114769343,0,0,0,0,0,0,0,76148857,128285751,175842769,54260651008,44844380,1,0,0,0,0,0,0,0,0,0,0,0,0,0,0,0,0,0,0,0,0,0,0,0,0,0,0,0,0,0,0,52229673,0,0,0,0,0,0,0
1789621252.653,0,0,0,0,0,0,0,239444996,2101042351616,751370169344,0,0,0,0,0,0,0,0,0,0,0,0,0,0,0,0,0,0,0,0,0,0,0,0,0,0,0,0,0,0,0,0,0,0,0,0,0,0,0,0,0,0,0,0,0,0,0,0,0,0,0,0,0,0,0,0,0,0,418754,128400007,42011020,0,0,0,0,0,0,0,0,0,0,0,0,0,0,0,0,0,0,0,0,0,0,0,0,0,0,0,0,0,0,0,0,0,0,0,0,0,2146254848,644202496,130997,39319,0,75,131072,128250017,0,0,1208600576,2147483648,102261749,132164831,0,0,0,0,0,0,0,0,0,0,0,0,0,0,0,0,0,0,7687437,7687551,0,97,97,6262,329,15374921,35,0,0,0,0,0,0,0,1,0,0,0,0,0,0,0,0,0,0,8646949,0,12520985,110548,0,0,0,0,0,0,0,0,16384,0,0,0,0,0,0,0,0,0,0,0,3245,348,0,0,0,0,0,23372577,0,658,1,47,348,3245,0,0,0,0,0,0,0,0,0,0,0,0,0,0,0,0,0,0,0,0,0,0,0,0,0,0,0,0,0,0,0,0,0,0,0,0,0,0,0,0,0,0,0,0,0,0,0,0,0,0,0,0,0,104563324,0,0,0,114780274,0,0,0,0,0,0,0,76156443,128304307,175856046,54263535104,44847803,0,0,0,0,0,0,0,0,0,0,0,0,0,0,0,0,0,0,0,0,0,0,0,0,0,0,0,0,0,0,0,52230427,0,0,0,0,0,0,0
1789621253.680,0,0,0,0,0,0,0,239467286,2101331037696,751438103040,0,0,0,0,0,0,0,0,0,0,0,0,0,0,0,0,0,0,0,0,0,0,0,0,0,0,0,0,0,0,0,0,0,0,0,0,0,0,0,0,0,0,0,0,0,0,0,0,0,0,0,0,0,0,0,0,0,0,418794,128417662,42015023,0,0,0,0,0,0,0,0,0,0,0,0,0,0,0,0,0,0,0,0,0,0,0,0,0,0,0,0,0,0,0,0,0,0,0,0,0,2146222080,651444224,130995,39761,0,77,131072,128267661,0,0,1208717034,2147483648,102278866,132176432,0,0,0,0,0,0,0,0,0,0,0,0,0,0,0,0,0,0,7688169,7688282,0,97,97,6262,329,15376390,35,0,0,0,0,0,0,0,1,0,0,0,0,0,0,0,0,0,0,8647771,0,12521113,110549,0,0,0,0,0,0,0,0,16384,0,0,0,0,0,0,0,0,0,0,0,3246,348,0,0,0,0,0,23374794,0,658,1,47,348,3246,0,0,0,0,0,0,0,0,0,0,0,0,0,0,0,0,0,0,0,0,0,0,0,0,0,0,0,0,0,0,0,0,0,0,0,0,0,0,0,0,0,0,0,0,0,0,0,0,0,0,0,0,0,104565724,0,0,0,114790745,0,0,0,0,0,0,0,76161798,128321949,175866304,54265202688,44849293,0,0,0,0,0,0,0,0,0,0,0,0,0,0,0,0,0,0,0,0,0,0,0,0,0,0,0,0,0,0,0,52231158,0,0,0,0,0,0,0
1789621254.706,0,0,0,0,0,0,0,239493365,2101670366720,751522152960,0,0,0,0,0,0,0,0,0,0,0,0,0,0,0,0,0,0,0,0,0,0,0,0,0,0,0,0,0,0,0,0,0,0,0,0,0,0,0,0,0,0,0,0,0,0,0,0,0,0,0,0,0,0,0,0,0,0,418848,128438412,42019711,0,0,0,0,0,0,0,0,0,0,0,0,0,0,0,0,0,0,0,0,0,0,0,0,0,0,0,0,0,0,0,0,0,0,0,0,0,2146287616,658620416,130999,40199,0,73,131072,128288394,0,0,1208853838,2147483648,102299167,132190050,0,0,0,0,0,0,0,0,0,0,0,0,0,0,0,0,0,0,7689034,7689148,0,97,97,6262,329,15378109,35,0,0,0,0,0,0,0,1,0,0,0,0,0,0,0,0,0,0,8648745,0,12521113,110549,0,0,0,0,0,0,0,0,16384,0,0,0,0,0,0,0,0,0,0,0,3247,348,0,0,0,0,0,23377432,0,658,1,47,348,3247,0,0,0,0,0,0,0,0,0,0,0,0,0,0,0,0,0,0,0,0,0,0,0,0,0,0,0,0,0,0,0,0,0,0,0,0,0,0,0,0,0,0,0,0,0,0,0,0,0,0,0,0,0,104577727,0,0,0,114802946,0,0,0,0,0,0,0,76175009,128342686,175887672,54271397376,44857819,0,0,0,0,0,0,0,0,0,0,0,0,0,0,0,0,0,0,0,0,0,0,0,0,0,0,0,0,0,0,0,52232024,0,0,0,0,0,0,0
1789621255.733,0,0,0,0,0,0,0,239517167,2101980368384,751624476672,0,0,0,0,0,0,0,0,0,0,0,0,0,0,0,0,0,0,0,0,0,0,0,0,0,0,0,0,0,0,0,0,0,0,0,0,0,0,0,0,0,0,0,0,0,0,0,0,0,0,0,0,0,0,0,0,0,0,418886,128457372,42025535,0,0,0,0,0,0,0,0,0,0,0,0,0,0,0,0,0,0,0,0,0,0,0,0,0,0,0,0,0,0,0,0,0,0,0,0,0,2146353152,639270912,131003,39018,0,69,131072,128307340,0,0,1208980018,2147483648,102317199,132202342,0,0,0,0,0,0,0,0,0,0,0,0,0,0,0,0,0,0,7689824,7689934,0,97,97,6262,329,15379676,35,0,0,0,0,0,0,0,1,0,0,0,0,0,0,0,0,0,0,8649628,0,12522538,110561,0,0,0,0,0,0,0,0,16384,0,0,0,0,0,0,0,0,0,0,0,3248,348,0,0,0,0,0,23379823,0,658,1,47,348,3248,0,0,0,0,0,0,0,0,0,0,0,0,0,0,0,0,0,0,0,0,0,0,0,0,0,0,0,0,0,0,0,0,0,0,0,0,0,0,0,0,0,0,0,0,0,0,0,0,0,0,0,0,0,104589004,0,0,0,114814072,0,0,0,0,0,0,0,76187761,128361633,175909191,54277196800,44865944,0,0,0,0,0,0,0,0,0,0,0,0,0,0,0,0,0,0,0,0,0,0,0,0,0,0,0,0,0,0,0,52232808,0,0,0,0,0,0,0
1789621256.760,0,0,0,0,0,0,0,239540014,2102279147008,751696417792,0,0,0,0,0,0,0,0,0,0,0,0,0,0,0,0,0,0,0,0,0,0,0,0,0,0,0,0,0,0,0,0,0,0,0,0,0,0,0,0,0,0,0,0,0,0,0,0,0,0,0,0,0,0,0,0,0,0,418928,128475634,42029707,0,0,0,0,0,0,0,0,0,0,0,0,0,0,0,0,0,0,0,0,0,0,0,0,0,0,0,0,0,0,0,0,0,0,0,0,0,2146140160,645775360,130989,39415,0,83,131072,128325590,0,0,1209099318,2147483648,102335057,132214163,0,0,0,0,0,0,0,0,0,0,0,0,0,0,0,0,0,0,7690559,7690675,0,97,97,6262,329,15381158,35,0,0,0,0,0,0,0,1,0,0,0,0,0,0,0,0,0,0,8650461,0,12522538,110561,0,0,0,0,0,0,0,0,16384,0,0,0,0,0,0,0,0,0,0,0,3249,348,0,0,0,0,0,23382081,0,658,1,47,348,3249,0,0,0,0,0,0,0,0,0,0,0,0,0,0,0,0,0,0,0,0,0,0,0,0,0,0,0,0,0,0,0,0,0,0,0,0,0,0,0,0,0,0,0,0,0,0,0,0,0,0,0,0,0,104593995,0,0,0,114824689,0,0,0,0,0,0,0,76195384,128379887,175922509,54280084992,44869405,0,0,0,0,0,0,0,0,0,0,0,0,0,0,0,0,0,0,0,0,0,0,0,0,0,0,0,0,0,0,0,52233550,0,0,0,0,0,0,0
1789621257.787,0,0,0,0,0,0,0,239563510,2102585052672,751769366528,0,0,0,0,0,0,0,0,0,0,0,0,0,0,0,0,0,0,0,0,0,0,0,0,0,0,0,0,0,0,0,0,0,0,0,0,0,0,0,0,0,0,0,0,0,0,0,0,0,0,0,0,0,0,0,0,0,0,419001,128494333,42033946,0,0,0,0,0,0,0,0,0,0,0,0,0,0,0,0,0,0,0,0,0,0,0,0,0,0,0,0,0,0,0,0,0,0,0,0,0,2146140160,654376960,130990,39940,0,82,131072,128344277,0,0,1209222520,2147483648,102353250,132226885,0,0,0,0,0,0,0,0,0,0,0,0,0,0,0,0,0,0,7691344,7691453,0,97,97,6262,329,15382718,35,0,0,0,0,0,0,0,1,0,0,0,0,0,0,0,0,0,0,8651338,0,12522666,110562,0,0,0,0,0,0,0,0,16384,0,0,0,0,0,0,0,0,0,0,0,3250,348,0,0,0,0,0,23384444,0,658,1,47,348,3250,0,0,0,0,0,0,0,0,0,0,0,0,0,0,0,0,0,0,0,0,0,0,0,0,0,0,0,0,0,0,0,0,0,0,0,0,0,0,0,0,0,0,0,0,0,0,0,0,0,0,0,0,0,104598172,0,0,0,114835845,0,0,0,0,0,0,0,76202286,128398575,175935033,54282653696,44872193,0,0,0,0,0,0,0,0,0,0,0,0,0,0,0,0,0,0,0,0,0,0,0,0,0,0,0,0,0,0,0,52234329,0,0,0,0,0,0,0
1789621258.813,0,0,0,0,0,0,0,239588297,2102907997696,751849875968,0,0,0,0,0,0,0,0,0,0,0,0,0,0,0,0,0,0,0,0,0,0,0,0,0,0,0,0,0,0,0,0,0,0,0,0,0,0,0,0,0,0,0,0,0,0,0,0,0,0,0,0,0,0,0,0,0,0,419041,128514076,42038448,0,0,0,0,0,0,0,0,0,0,0,0,0,0,0,0,0,0,0,0,0,0,0,0,0,0,0,0,0,0,0,0,0,0,0,0,0,2146271232,658817024,130998,40211,0,74,131072,128364006,0,0,1209352903,2147483648,102372529,132239648,0,0,0,0,0,0,0,0,0,0,0,0,0,0,0,0,0,0,7692161,7692274,0,97,97,6262,329,15384365,35,0,0,0,0,0,0,0,1,0,0,0,0,0,0,0,0,0,0,8652260,0,12522666,110562,0,0,0,0,0,0,0,0,16384,0,0,0,0,0,0,0,0,0,0,0,3251,348,0,0,0,0,0,23386940,0,658,1,47,348,3251,0,0,0,0,0,0,0,0,0,0,0,0,0,0,0,0,0,0,0,0,0,0,0,0,0,0,0,0,0,0,0,0,0,0,0,0,0,0,0,0,0,0,0,0,0,0,0,0,0,0,0,0,0,104609607,0,0,0,114847411,0,0,0,0,0,0,0,76214969,128418314,175955452,54288551424,44880384,1,0,0,0,0,0,0,0,0,0,0,0,0,0,0,0,0,0,0,0,0,0,0,0,0,0,0,0,0,0,0,52235148,0,0,0,0,0,0,0
1789621259.839,0,0,0,0,0,0,0,239612439,2103222062592,751951161856,0,0,0,0,0,0,0,0,0,0,0,0,0,0,0,0,0,0,0,0,0,0,0,0,0,0,0,0,0,0,0,0,0,0,0,0,0,0,0,0,0,0,0,0,0,0,0,0,0,0,0,0,0,0,0,0,0,0,419074,128533279,42044250,0,0,0,0,0,0,0,0,0,0,0,0,0,0,0,0,0,0,0,0,0,0,0,0,0,0,0,0,0,0,0,0,0,0,0,0,0,2146271232,641449984,130998,39151,0,74,131072,128383190,0,0,1209479919,2147483648,102390300,132252090,0,0,0,0,0,0,0,0,0,0,0,0,0,0,0,0,0,0,7692955,7693067,0,97,97,6262,329,15385942,35,0,0,0,0,0,0,0,1,0,0,0,0,0,0,0,0,0,0,8653154,0,12524060,110574,0,0,0,0,0,0,0,0,16384,0,0,0,0,0,0,0,0,0,0,0,3252,348,0,0,0,0,0,23389353,0,658,1,47,348,3252,0,0,0,0,0,0,0,0,0,0,0,0,0,0,0,0,0,0,0,0,0,0,0,0,0,0,0,0,0,0,0,0,0,0,0,0,0,0,0,0,0,0,0,0,0,0,0,0,0,0,0,0,0,104620030,0,0,0,114858674,0,0,0,0,0,0,0,76227057,128437502,175976062,54293961728,44887847,0,0,0,0,0,0,0,0,0,0,0,0,0,0,0,0,0,0,0,0,0,0,0,0,0,0,0,0,0,0,0,52235943,0,0,0,0,0,0,0
1789621260.865,0,0,0,0,0,0,0,239638637,2103562374656,752033352192,0,0,0,0,0,0,0,0,0,0,0,0,0,0,0,0,0,0,0,0,0,0,0,0,0,0,0,0,0,0,0,0,0,0,0,0,0,0,0,0,0,0,0,0,0,0,0,0,0,0,0,0,0,0,0,0,0,0,419175,128554084,42048985,0,0,0,0,0,0,0,0,0,0,0,0,0,0,0,0,0,0,0,0,0,0,0,0,0,0,0,0,0,0,0,0,0,0,0,0,0,2146189312,650477568,130993,39702,0,79,131072,128403981,0,0,1209617267,2147483648,102410499,132266360,0,0,0,0,0,0,0,0,0,0,0,0,0,0,0,0,0,0,7693818,7693931,0,97,97,6262,329,15387673,35,0,0,0,0,0,0,0,1,0,0,0,0,0,0,0,0,0,0,8654126,0,12524188,110575,0,0,0,0,0,0,0,0,16384,0,0,0,0,0,0,0,0,0,0,0,3253,348,0,0,0,0,0,23391970,0,658,1,47,348,3253,0,0,0,0,0,0,0,0,0,0,0,0,0,0,0,0,0,0,0,0,0,0,0,0,0,0,0,0,0,0,0,0,0,0,0,0,0,0,0,0,0,0,0,0,0,0,0,0,0,0,0,0,0,104625915,0,0,0,114871013,0,0,0,0,0,0,0,76235464,128458308,175991303,54297392640,44891631,0,0,0,0,0,0,0,0,0,0,0,0,0,0,0,0,0,0,0,0,0,0,0,0,0,0,0,0,0,0,0,52236806,0,0,0,0,0,0,0
1789621261.891,0,0,0,0,0,0,0,239662032,2103867248128,752106861056,0,0,0,0,0,0,0,0,0,0,0,0,0,0,0,0,0,0,0,0,0,0,0,0,0,0,0,0,0,0,0,0,0,0,0,0,0,0,0,0,0,0,0,0,0,0,0,0,0,0,0,0,0,0,0,0,0,0,419201,128572729,42053149,0,0,0,0,0,0,0,0,0,0,0,0,0,0,0,0,0,0,0,0,0,0,0,0,0,0,0,0,0,0,0,0,0,0,0,0,0,2146222080,657129472,130995,40108,0,77,131072,128422614,0,0,1209739830,2147483648,102428693,132278326,0,0,0,0,0,0,0,0,0,0,0,0,0,0,0,0,0,0,7694581,7694693,0,97,97,6262,329,15389191,35,0,0,0,0,0,0,0,1,0,0,0,0,0,0,0,0,0,0,8654983,0,12524188,110575,0,0,0,0,0,0,0,0,16384,0,0,0,0,0,0,0,0,0,0,0,3254,348,0,0,0,0,0,23394278,0,658,1,47,348,3254,0,0,0,0,0,0,0,0,0,0,0,0,0,0,0,0,0,0,0,0,0,0,0,0,0,0,0,0,0,0,0,0,0,0,0,0,0,0,0,0,0,0,0,0,0,0,0,0,0,0,0,0,0,104634096,0,0,0,114881878,0,0,0,0,0,0,0,76245495,128476938,176007801,54301736960,44897501,0,0,0,0,0,0,0,0,0,0,0,0,0,0,0,0,0,0,0,0,0,0,0,0,0,0,0,0,0,0,0,52237568,0,0,0,0,0,0,0
1789621262.917,0,0,0,0,0,0,0,239685335,2104171924992,752202761216,0,0,0,0,0,0,0,0,0,0,0,0,0,0,0,0,0,0,0,0,0,0,0,0,0,0,0,0,0,0,0,0,0,0,0,0,0,0,0,0,0,0,0,0,0,0,0,0,0,0,0,0,0,0,0,0,0,0,419233,128591351,42058848,0,0,0,0,0,0,0,0,0,0,0,0,0,0,0,0,0,0,0,0,0,0,0,0,0,0,0,0,0,0,0,0,0,0,0,0,0,2146353152,637386752,131003,38903,0,69,131072,128441225,0,0,1209862790,2147483648,102446250,132290280,0,0,0,0,0,0,0,0,0,0,0,0,0,0,0,0,0,0,7695357,7695473,0,97,97,6262,329,15390739,35,0,0,0,0,0,0,0,1,0,0,0,0,0,0,0,0,0,0,8655860,0,12525646,110587,0,0,0,0,0,0,0,0,16384,0,0,0,0,0,0,0,0,0,0,0,3255,348,0,0,0,0,0,23396655,0,658,1,47,348,3255,0,0,0,0,0,0,0,0,0,0,0,0,0,0,0,0,0,0,0,0,0,0,0,0,0,0,0,0,0,0,0,0,0,0,0,0,0,0,0,0,0,0,0,0,0,0,0,0,0,0,0,0,0,104636564,0,0,0,114892761,0,0,0,0,0,0,0,76251508,128495555,176020217,54303468544,44899055,0,0,0,0,0,0,0,0,0,0,0,0,0,0,0,0,0,0,0,0,0,0,0,0,0,0,0,0,0,0,0,52238349,0,0,0,0,0,0,0
1789621263.944,0,0,0,0,0,0,0,239708307,2104471145984,752273785856,0,0,0,0,0,0,0,0,0,0,0,0,0,0,0,0,0,0,0,0,0,0,0,0,0,0,0,0,0,0,0,0,0,0,0,0,0,0,0,0,0,0,0,0,0,0,0,0,0,0,0,0,0,0,0,0,0,0,419258,128609634,42063040,0,0,0,0,0,0,0,0,0,0,0,0,0,0,0,0,0,0,0,0,0,0,0,0,0,0,0,0,0,0,0,0,0,0,0,0,0,2146287616,642318336,130999,39204,0,73,131072,128459501,0,0,1209983923,2147483648,102464093,132302021,0,0,0,0,0,0,0,0,0,0,0,0,0,0,0,0,0,0,7696108,7696225,0,97,97,6262,329,15392246,35,0,0,0,0,0,0,0,1,0,0,0,0,0,0,0,0,0,0,8656706,0,12525646,110587,0,0,0,0,0,0,0,0,16384,0,0,0,0,0,0,0,0,0,0,0,3256,348,0,0,0,0,0,23398954,0,658,1,47,348,3256,0,0,0,0,0,0,0,0,0,0,0,0,0,0,0,0,0,0,0,0,0,0,0,0,0,0,0,0,0,0,0,0,0,0,0,0,0,0,0,0,0,0,0,0,0,0,0,0,0,0,0,0,0,104638980,0,0,0,114903462,0,0,0,0,0,0,0,76257193,128513822,176030980,54305138688,44900566,0,0,0,0,0,0,0,0,0,0,0,0,0,0,0,0,0,0,0,0,0,0,0,0,0,0,0,0,0,0,0,52239100,0,0,0,0,0,0,0
1789621264.970,0,0,0,0,0,0,0,239731534,2104772857344,752346174976,0,0,0,0,0,0,0,0,0,0,0,0,0,0,0,0,0,0,0,0,0,0,0,0,0,0,0,0,0,0,0,0,0,0,0,0,0,0,0,0,0,0,0,0,0,0,0,0,0,0,0,0,0,0,0,0,0,0,419303,128628089,42067286,0,0,0,0,0,0,0,0,0,0,0,0,0,0,0,0,0,0,0,0,0,0,0,0,0,0,0,0,0,0,0,0,0,0,0,0,0,2146287616,649428992,130999,39638,0,73,131072,128477948,0,0,1210105374,2147483648,102482033,132314287,0,0,0,0,0,0,0,0,0,0,0,0,0,0,0,0,0,0,7696876,7696990,0,97,97,6262,329,15393783,35,0,0,0,0,0,0,0,1,0,0,0,0,0,0,0,0,0,0,8657567,0,12525774,110588,0,0,0,0,0,0,0,0,16384,0,0,0,0,0,0,0,0,0,0,0,3257,348,0,0,0,0,0,23401285,0,658,1,47,348,3257,0,0,0,0,0,0,0,0,0,0,0,0,0,0,0,0,0,0,0,0,0,0,0,0,0,0,0,0,0,0,0,0,0,0,0,0,0,0,0,0,0,0,0,0,0,0,0,0,0,0,0,0,0,104641429,0,0,0,114914438,0,0,0,0,0,0,0,76262865,128532272,176041806,54306903040,44902109,0,0,0,0,0,0,0,0,0,0,0,0,0,0,0,0,0,0,0,0,0,0,0,0,0,0,0,0,0,0,0,52239866,0,0,0,0,0,0,0
1789621265.997,0,0,0,0,0,0,0,239755065,2105078189568,752416180736,0,0,0,0,0,0,0,0,0,0,0,0,0,0,0,0,0,0,0,0,0,0,0,0,0,0,0,0,0,0,0,0,0,0,0,0,0,0,0,0,0,0,0,0,0,0,0,0,0,0,0,0,0,0,0,0,0,0,419343,128646752,42071402,0,0,0,0,0,0,0,0,0,0,0,0,0,0,0,0,0,0,0,0,0,0,0,0,0,0,0,0,0,0,0,0,0,0,0,0,0,2146222080,659095552,130996,40228,0,76,131072,128496602,0,0,1210228561,2147483648,102500272,132326528,0,0,0,0,0,0,0,0,0,0,0,0,0,0,0,0,0,0,7697649,7697758,0,97,97,6262,329,15395338,35,0,0,0,0,0,0,0,1,0,0,0,0,0,0,0,0,0,0,8658430,0,12525774,110588,0,0,0,0,0,0,0,0,16384,0,0,0,0,0,0,0,0,0,0,0,3258,348,0,0,0,0,0,23403624,0,658,1,47,348,3258,0,0,0,0,0,0,0,0,0,0,0,0,0,0,0,0,0,0,0,0,0,0,0,0,0,0,0,0,0,0,0,0,0,0,0,0,0,0,0,0,0,0,0,0,0,0,0,0,0,0,0,0,0,104643894,0,0,0,114925464,0,0,0,0,0,0,0,76268513,128550930,176052496,54308648960,44903644,0,0,0,0,0,0,0,0,0,0,0,0,0,0,0,0,0,0,0,0,0,0,0,0,0,0,0,0,0,0,0,52240633,0,0,0,0,0,0,0
1789621267.023,0,0,0,0,0,0,0,239778925,2105389420032,752513673216,0,0,0,0,0,0,0,0,0,0,0,0,0,0,0,0,0,0,0,0,0,0,0,0,0,0,0,0,0,0,0,0,0,0,0,0,0,0,0,0,0,0,0,0,0,0,0,0,0,0,0,0,0,0,0,0,0,0,419387,128665779,42077185,0,0,0,0,0,0,0,0,0,0,0,0,0,0,0,0,0,0,0,0,0,0,0,0,0,0,0,0,0,0,0,0,0,0,0,0,0,2146123776,640073728,130989,39067,0,83,131072,128515619,0,0,1210353679,2147483648,102518412,132338882,0,0,0,0,0,0,0,0,0,0,0,0,0,0,0,0,0,0,7698435,7698546,0,97,97,6262,329,15396916,35,0,0,0,0,0,0,0,1,0,0,0,0,0,0,0,0,0,0,8659318,0,12527224,110600,0,0,0,0,0,0,0,0,16384,0,0,0,0,0,0,0,0,0,0,0,3259,348,0,0,0,0,0,23406027,0,658,1,47,348,3259,0,0,0,0,0,0,0,0,0,0,0,0,0,0,0,0,0,0,0,0,0,0,0,0,0,0,0,0,0,0,0,0,0,0,0,0,0,0,0,0,0,0,0,0,0,0,0,0,0,0,0,0,0,104646413,0,0,0,114936565,0,0,0,0,0,0,0,76274639,128569938,176065134,54310465536,44905214,0,0,0,0,0,0,0,0,0,0,0,0,0,0,0,0,0,0,0,0,0,0,0,0,0,0,0,0,0,0,0,52241422,0,0,0,0,0,0,0
1789621268.049,0,0,0,0,0,0,0,239800439,2105669275136,752580368896,0,0,0,0,0,0,0,0,0,0,0,0,0,0,0,0,0,0,0,0,0,0,0,0,0,0,0,0,0,0,0,0,0,0,0,0,0,0,0,0,0,0,0,0,0,0,0,0,0,0,0,0,0,0,0,0,0,0,419436,128682880,42081109,0,0,0,0,0,0,0,0,0,0,0,0,0,0,0,0,0,0,0,0,0,0,0,0,0,0,0,0,0,0,0,0,0,0,0,0,0,2146156544,644218880,130991,39320,0,82,131072,128532711,0,0,1210467007,2147483648,102535129,132350113,0,0,0,0,0,0,0,0,0,0,0,0,0,0,0,0,0,0,7699162,7699270,0,97,97,6262,329,15398347,35,0,0,0,0,0,0,0,1,0,0,0,0,0,0,0,0,0,0,8660131,0,12527224,110600,0,0,0,0,0,0,0,0,16384,0,0,0,0,0,0,0,0,0,0,0,3260,348,0,0,0,0,0,23408240,0,658,1,47,348,3260,0,0,0,0,0,0,0,0,0,0,0,0,0,0,0,0,0,0,0,0,0,0,0,0,0,0,0,0,0,0,0,0,0,0,0,0,0,0,0,0,0,0,0,0,0,0,0,0,0,0,0,0,0,104648785,0,0,0,114946674,0,0,0,0,0,0,0,76280045,128587029,176075343,54312125952,44906702,0,0,0,0,0,0,0,0,0,0,0,0,0,0,0,0,0,0,0,0,0,0,0,0,0,0,0,0,0,0,0,52242145,0,0,0,0,0,0,0
1789621269.076,0,0,0,0,0,0,0,239824413,2105981029888,752655431680,0,0,0,0,0,0,0,0,0,0,0,0,0,0,0,0,0,0,0,0,0,0,0,0,0,0,0,0,0,0,0,0,0,0,0,0,0,0,0,0,0,0,0,0,0,0,0,0,0,0,0,0,0,0,0,0,0,0,419478,128701936,42085519,0,0,0,0,0,0,0,0,0,0,0,0,0,0,0,0,0,0,0,0,0,0,0,0,0,0,0,0,0,0,0,0,0,0,0,0,0,2146156544,649756672,130991,39658,0,81,131072,128551752,0,0,1210593582,2147483648,102553658,132362653,0,0,0,0,0,0,0,0,0,0,0,0,0,0,0,0,0,0,7699952,7700063,0,97,97,6262,329,15399930,35,0,0,0,0,0,0,0,1,0,0,0,0,0,0,0,0,0,0,8661024,0,12527352,110601,0,0,0,0,0,0,0,0,16384,0,0,0,0,0,0,0,0,0,0,0,3261,348,0,0,0,0,0,23410649,0,658,1,47,348,3261,0,0,0,0,0,0,0,0,0,0,0,0,0,0,0,0,0,0,0,0,0,0,0,0,0,0,0,0,0,0,0,0,0,0,0,0,0,0,0,0,0,0,0,0,0,0,0,0,0,0,0,0,0,104651286,0,0,0,114957916,0,0,0,0,0,0,0,76285869,128606075,176086537,54313929728,44908243,0,0,0,0,0,0,0,0,0,0,0,0,0,0,0,0,0,0,0,0,0,0,0,0,0,0,0,0,0,0,0,52242939,0,0,0,0,0,0,0
1789621270.103,0,0,0,0,0,0,0,239846061,2106262769152,752720561664,0,0,0,0,0,0,0,0,0,0,0,0,0,0,0,0,0,0,0,0,0,0,0,0,0,0,0,0,0,0,0,0,0,0,0,0,0,0,0,0,0,0,0,0,0,0,0,0,0,0,0,0,0,0,0,0,0,0,419514,128719155,42089340,0,0,0,0,0,0,0,0,0,0,0,0,0,0,0,0,0,0,0,0,0,0,0,0,0,0,0,0,0,0,0,0,0,0,0,0,0,2146205696,656916480,130994,40095,0,78,131072,128568958,0,0,1210706582,2147483648,102570530,132373766,0,0,0,0,0,0,0,0,0,0,0,0,0,0,0,0,0,0,7700648,7700759,0,97,97,6262,329,15401332,35,0,0,0,0,0,0,0,1,0,0,0,0,0,0,0,0,0,0,8661807,0,12527352,110601,0,0,0,0,0,0,0,0,16384,0,0,0,0,0,0,0,0,0,0,0,3262,348,0,0,0,0,0,23412772,0,658,1,47,348,3262,0,0,0,0,0,0,0,0,0,0,0,0,0,0,0,0,0,0,0,0,0,0,0,0,0,0,0,0,0,0,0,0,0,0,0,0,0,0,0,0,0,0,0,0,0,0,0,0,0,0,0,0,0,104653671,0,0,0,114967953,0,0,0,0,0,0,0,76291137,128623292,176096572,54315542528,44909686,0,0,0,0,0,0,0,0,0,0,0,0,0,0,0,0,0,0,0,0,0,0,0,0,0,0,0,0,0,0,0,52243635,0,0,0,0,0,0,0
1789621271.128,0,0,0,0,0,0,0,239871025,2106586877440,752818376704,0,0,0,0,0,0,0,0,0,0,0,0,0,0,0,0,0,0,0,0,0,0,0,0,0,0,0,0,0,0,0,0,0,0,0,0,0,0,0,0,0,0,0,0,0,0,0,0,0,0,0,0,0,0,0,0,0,0,419569,128738970,42095146,0,0,0,0,0,0,0,0,0,0,0,0,0,0,0,0,0,0,0,0,0,0,0,0,0,0,0,0,0,0,0,0,0,0,0,0,0,2146222080,643072000,130995,39250,0,76,131072,128588759,0,0,1210837138,2147483648,102588817,132386910,0,0,0,0,0,0,0,0,0,0,0,0,0,0,0,0,0,0,7701475,7701589,0,97,97,6262,329,15402985,35,0,0,0,0,0,0,0,1,0,0,0,0,0,0,0,0,0,0,8662740,0,12528808,110614,0,0,0,0,0,0,0,0,16384,0,0,0,0,0,0,0,0,0,0,0,3263,348,0,0,0,0,0,23415301,0,658,1,47,348,3263,0,0,0,0,0,0,0,0,0,0,0,0,0,0,0,0,0,0,0,0,0,0,0,0,0,0,0,0,0,0,0,0,0,0,0,0,0,0,0,0,0,0,0,0,0,0,0,0,0,0,0,0,0,104656216,0,0,0,114979708,0,0,0,0,0,0,0,76297289,128643095,176109269,54317399552,44911265,0,0,0,0,0,0,0,0,0,0,0,0,0,0,0,0,0,0,0,0,0,0,0,0,0,0,0,0,0,0,0,52244465,0,0,0,0,0,0,0
1789621272.155,0,0,0,0,0,0,0,239894031,2106885836288,752889895936,0,0,0,0,0,0,0,0,0,0,0,0,0,0,0,0,0,0,0,0,0,0,0,0,0,0,0,0,0,0,0,0,0,0,0,0,0,0,0,0,0,0,0,0,0,0,0,0,0,0,0,0,0,0,0,0,0,0,419610,128757243,42099348,0,0,0,0,0,0,0,0,0,0,0,0,0,0,0,0,0,0,0,0,0,0,0,0,0,0,0,0,0,0,0,0,0,0,0,0,0,2146222080,648364032,130995,39573,0,77,131072,128607020,0,0,1210957635,2147483648,102606702,132398958,0,0,0,0,0,0,0,0,0,0,0,0,0,0,0,0,0,0,7702246,7702358,0,97,97,6262,329,15404527,35,0,0,0,0,0,0,0,1,0,0,0,0,0,0,0,0,0,0,8663605,0,12528808,110614,0,0,0,0,0,0,0,0,16384,0,0,0,0,0,0,0,0,0,0,0,3264,348,0,0,0,0,0,23417631,0,658,1,47,348,3264,0,0,0,0,0,0,0,0,0,0,0,0,0,0,0,0,0,0,0,0,0,0,0,0,0,0,0,0,0,0,0,0,0,0,0,0,0,0,0,0,0,0,0,0,0,0,0,0,0,0,0,0,0,104658696,0,0,0,114990567,0,0,0,0,0,0,0,76303029,128661359,176120155,54319136768,44912800,0,0,0,0,0,0,0,0,0,0,0,0,0,0,0,0,0,0,0,0,0,0,0,0,0,0,0,0,0,0,0,52245232,0,0,0,0,0,0,0
1789621273.182,0,0,0,0,0,0,0,239916627,2107181223424,752961842688,0,0,0,0,0,0,0,0,0,0,0,0,0,0,0,0,0,0,0,0,0,0,0,0,0,0,0,0,0,0,0,0,0,0,0,0,0,0,0,0,0,0,0,0,0,0,0,0,0,0,0,0,0,0,0,0,0,0,419651,128775295,42103578,0,0,0,0,0,0,0,0,0,0,0,0,0,0,0,0,0,0,0,0,0,0,0,0,0,0,0,0,0,0,0,0,0,0,0,0,0,2146222080,650362880,130995,39695,0,77,131072,128625056,0,0,1211077842,2147483648,102624216,132410562,0,0,0,0,0,0,0,0,0,0,0,0,0,0,0,0,0,0,7702991,7703099,0,97,97,6262,329,15406022,35,0,0,0,0,0,0,0,1,0,0,0,0,0,0,0,0,0,0,8664440,0,12528936,110615,0,0,0,0,0,0,0,0,16384,0,0,0,0,0,0,0,0,0,0,0,3265,348,0,0,0,0,0,23419891,0,658,1,47,348,3265,0,0,0,0,0,0,0,0,0,0,0,0,0,0,0,0,0,0,0,0,0,0,0,0,0,0,0,0,0,0,0,0,0,0,0,0,0,0,0,0,0,0,0,0,0,0,0,0,0,0,0,0,0,104661111,0,0,0,115001067,0,0,0,0,0,0,0,76308637,128679402,176130923,54320834560,44914299,0,0,0,0,0,0,0,0,0,0,0,0,0,0,0,0,0,0,0,0,0,0,0,0,0,0,0,0,0,0,0,52245975,0,0,0,0,0,0,0
1789621274.209,0,0,0,0,0,0,0,239939712,2107481345536,753031809024,0,0,0,0,0,0,0,0,0,0,0,0,0,0,0,0,0,0,0,0,0,0,0,0,0,0,0,0,0,0,0,0,0,0,0,0,0,0,0,0,0,0,0,0,0,0,0,0,0,0,0,0,0,0,0,0,0,0,419696,128793639,42107698,0,0,0,0,0,0,0,0,0,0,0,0,0,0,0,0,0,0,0,0,0,0,0,0,0,0,0,0,0,0,0,0,0,0,0,0,0,2146369536,657653760,131004,40140,0,68,131072,128643384,0,0,1211198126,2147483648,102642178,132422569,0,0,0,0,0,0,0,0,0,0,0,0,0,0,0,0,0,0,7703742,7703857,0,97,97,6262,329,15407513,35,0,0,0,0,0,0,0,1,0,0,0,0,0,0,0,0,0,0,8665292,0,12528936,110615,0,0,0,0,0,0,0,0,16384,0,0,0,0,0,0,0,0,0,0,0,3266,348,0,0,0,0,0,23422186,0,658,1,47,348,3266,0,0,0,0,0,0,0,0,0,0,0,0,0,0,0,0,0,0,0,0,0,0,0,0,0,0,0,0,0,0,0,0,0,0,0,0,0,0,0,0,0,0,0,0,0,0,0,0,0,0,0,0,0,104663556,0,0,0,115011824,0,0,0,0,0,0,0,76314264,128697738,176141592,54322561536,44915816,0,0,0,0,0,0,0,0,0,0,0,0,0,0,0,0,0,0,0,0,0,0,0,0,0,0,0,0,0,0,0,52246733,0,0,0,0,0,0,0
1789621275.235,0,0,0,0,0,0,0,239964507,2107804028416,753129684480,0,0,0,0,0,0,0,0,0,0,0,0,0,0,0,0,0,0,0,0,0,0,0,0,0,0,0,0,0,0,0,0,0,0,0,0,0,0,0,0,0,0,0,0,0,0,0,0,0,0,0,0,0,0,0,0,0,0,419737,128813354,42113504,0,0,0,0,0,0,0,0,0,0,0,0,0,0,0,0,0,0,0,0,0,0,0,0,0,0,0,0,0,0,0,0,0,0,0,0,0,2146320384,643710976,131002,39289,0,70,131072,128663086,0,0,1211327573,2147483648,102660817,132435496,0,0,0,0,0,0,0,0,0,0,0,0,0,0,0,0,0,0,7704552,7704664,0,97,97,6262,329,15409144,35,0,0,0,0,0,0,0,1,0,0,0,0,0,0,0,0,0,0,8666198,0,12530361,110627,0,0,0,0,0,0,0,0,16384,0,0,0,0,0,0,0,0,0,0,0,3267,348,0,0,0,0,0,23424641,0,658,1,47,348,3267,0,0,0,0,0,0,0,0,0,0,0,0,0,0,0,0,0,0,0,0,0,0,0,0,0,0,0,0,0,0,0,0,0,0,0,0,0,0,0,0,0,0,0,0,0,0,0,0,0,0,0,0,0,104666087,0,0,0,115023459,0,0,0,0,0,0,0,76320406,128717455,176154318,54324401152,44917367,1,0,0,0,0,0,0,0,0,0,0,0,0,0,0,0,0,0,0,0,0,0,0,0,0,0,0,0,0,0,0,52247539,0,0,0,0,0,0,0
1789621276.262,0,0,0,0,0,0,0,239987439,2108101889536,753201255424,0,0,0,0,0,0,0,0,0,0,0,0,0,0,0,0,0,0,0,0,0,0,0,0,0,0,0,0,0,0,0,0,0,0,0,0,0,0,0,0,0,0,0,0,0,0,0,0,0,0,0,0,0,0,0,0,0,0,419786,128831566,42117713,0,0,0,0,0,0,0,0,0,0,0,0,0,0,0,0,0,0,0,0,0,0,0,0,0,0,0,0,0,0,0,0,0,0,0,0,0,2146107392,649150464,130988,39621,0,84,131072,128681292,0,0,1211447712,2147483648,102678637,132447608,0,0,0,0,0,0,0,0,0,0,0,0,0,0,0,0,0,0,7705321,7705435,0,97,97,6262,329,15410679,35,0,0,0,0,0,0,0,1,0,0,0,0,0,0,0,0,0,0,8667065,0,12530361,110627,0,0,0,0,0,0,0,0,16384,0,0,0,0,0,0,0,0,0,0,0,3268,348,0,0,0,0,0,23426992,0,658,1,47,348,3268,0,0,0,0,0,0,0,0,0,0,0,0,0,0,0,0,0,0,0,0,0,0,0,0,0,0,0,0,0,0,0,0,0,0,0,0,0,0,0,0,0,0,0,0,0,0,0,0,0,0,0,0,0,104668565,0,0,0,115034288,0,0,0,0,0,0,0,76326144,128735659,176165206,54326154752,44918898,0,0,0,0,0,0,0,0,0,0,0,0,0,0,0,0,0,0,0,0,0,0,0,0,0,0,0,0,0,0,0,52248310,0,0,0,0,0,0,0
1789621277.289,0,0,0,0,0,0,0,240009645,2108392066560,753271669760,0,0,0,0,0,0,0,0,0,0,0,0,0,0,0,0,0,0,0,0,0,0,0,0,0,0,0,0,0,0,0,0,0,0,0,0,0,0,0,0,0,0,0,0,0,0,0,0,0,0,0,0,0,0,0,0,0,0,419831,128849306,42121854,0,0,0,0,0,0,0,0,0,0,0,0,0,0,0,0,0,0,0,0,0,0,0,0,0,0,0,0,0,0,0,0,0,0,0,0,0,2146222080,650641408,130995,39712,0,77,131072,128699020,0,0,1211566122,2147483648,102695894,132459012,0,0,0,0,0,0,0,0,0,0,0,0,0,0,0,0,0,0,7706055,7706168,0,97,97,6262,329,15412145,35,0,0,0,0,0,0,0,1,0,0,0,0,0,0,0,0,0,0,8667891,0,12530489,110628,0,0,0,0,0,0,0,0,16384,0,0,0,0,0,0,0,0,0,0,0,3269,348,0,0,0,0,0,23429225,0,658,1,47,348,3269,0,0,0,0,0,0,0,0,0,0,0,0,0,0,0,0,0,0,0,0,0,0,0,0,0,0,0,0,0,0,0,0,0,0,0,0,0,0,0,0,0,0,0,0,0,0,0,0,0,0,0,0,0,104670977,0,0,0,115044591,0,0,0,0,0,0,0,76331643,128753386,176175770,54327828480,44920384,0,0,0,0,0,0,0,0,0,0,0,0,0,0,0,0,0,0,0,0,0,0,0,0,0,0,0,0,0,0,0,52249044,0,0,0,0,0,0,0
1789621278.316,0,0,0,0,0,0,0,240032541,2108690222592,753342644224,0,0,0,0,0,0,0,0,0,0,0,0,0,0,0,0,0,0,0,0,0,0,0,0,0,0,0,0,0,0,0,0,0,0,0,0,0,0,0,0,0,0,0,0,0,0,0,0,0,0,0,0,0,0,0,0,0,0,419870,128867528,42126022,0,0,0,0,0,0,0,0,0,0,0,0,0,0,0,0,0,0,0,0,0,0,0,0,0,0,0,0,0,0,0,0,0,0,0,0,0,2146320384,657571840,131001,40135,0,71,131072,128717232,0,0,1211685854,2147483648,102713700,132471059,0,0,0,0,0,0,0,0,0,0,0,0,0,0,0,0,0,0,7706809,7706924,0,97,97,6262,329,15413653,35,0,0,0,0,0,0,0,1,0,0,0,0,0,0,0,0,0,0,8668741,0,12530489,110628,0,0,0,0,0,0,0,0,16384,0,0,0,0,0,0,0,0,0,0,0,3270,348,0,0,0,0,0,23431517,0,658,1,47,348,3270,0,0,0,0,0,0,0,0,0,0,0,0,0,0,0,0,0,0,0,0,0,0,0,0,0,0,0,0,0,0,0,0,0,0,0,0,0,0,0,0,0,0,0,0,0,0,0,0,0,0,0,0,0,104673432,0,0,0,115055400,0,0,0,0,0,0,0,76337322,128771599,176186567,54329542144,44921891,0,0,0,0,0,0,0,0,0,0,0,0,0,0,0,0,0,0,0,0,0,0,0,0,0,0,0,0,0,0,0,52249800,0,0,0,0,0,0,0
1789621279.343,0,0,0,0,0,0,0,240056795,2109005712896,753438815232,0,0,0,0,0,0,0,0,0,0,0,0,0,0,0,0,0,0,0,0,0,0,0,0,0,0,0,0,0,0,0,0,0,0,0,0,0,0,0,0,0,0,0,0,0,0,0,0,0,0,0,0,0,0,0,0,0,0,419916,128886798,42131724,0,0,0,0,0,0,0,0,0,0,0,0,0,0,0,0,0,0,0,0,0,0,0,0,0,0,0,0,0,0,0,0,0,0,0,0,0,2146435072,643629056,131008,39284,0,64,131072,128736489,0,0,1211812155,2147483648,102731946,132483688,0,0,0,0,0,0,0,0,0,0,0,0,0,0,0,0,0,0,7707600,7707712,0,97,97,6262,329,15415232,35,0,0,0,0,0,0,0,1,0,0,0,0,0,0,0,0,0,0,8669628,0,12531920,110640,0,0,0,0,0,0,0,0,16384,0,0,0,0,0,0,0,0,0,0,0,3272,348,0,0,0,0,0,23433916,0,658,1,47,348,3272,0,0,0,0,0,0,0,0,0,0,0,0,0,0,0,0,0,0,0,0,0,0,0,0,0,0,0,0,0,0,0,0,0,0,0,0,0,0,0,0,0,0,0,0,0,0,0,0,0,0,0,0,0,104675952,0,0,0,115066699,0,0,0,0,0,0,0,76343350,128790867,176199071,54331329536,44923429,0,0,0,0,0,0,0,0,0,0,0,0,0,0,0,0,0,0,0,0,0,0,0,0,0,0,0,0,0,0,0,52250588,0,0,0,0,0,0,0
1789621280.369,0,0,0,0,0,0,0,240079189,2109297331712,753505748992,0,0,0,0,0,0,0,0,0,0,0,0,0,0,0,0,0,0,0,0,0,0,0,0,0,0,0,0,0,0,0,0,0,0,0,0,0,0,0,0,0,0,0,0,0,0,0,0,0,0,0,0,0,0,0,0,0,0,419954,128904642,42135663,0,0,0,0,0,0,0,0,0,0,0,0,0,0,0,0,0,0,0,0,0,0,0,0,0,0,0,0,0,0,0,0,0,0,0,0,0,2146287616,651264000,130999,39750,0,73,131072,128754316,0,0,1211929667,2147483648,102749404,132495309,0,0,0,0,0,0,0,0,0,0,0,0,0,0,0,0,0,0,7708341,7708454,0,97,97,6262,329,15416711,35,0,0,0,0,0,0,0,1,0,0,0,0,0,0,0,0,0,0,8670461,0,12531920,110640,0,0,0,0,0,0,0,0,16384,0,0,0,0,0,0,0,0,0,0,0,3273,348,0,0,0,0,0,23436168,0,658,1,47,348,3273,0,0,0,0,0,0,0,0,0,0,0,0,0,0,0,0,0,0,0,0,0,0,0,0,0,0,0,0,0,0,0,0,0,0,0,0,0,0,0,0,0,0,0,0,0,0,0,0,0,0,0,0,0,104678364,0,0,0,115077204,0,0,0,0,0,0,0,76348806,128808692,176209346,54333004800,44924956,0,0,0,0,0,0,0,0,0,0,0,0,0,0,0,0,0,0,0,0,0,0,0,0,0,0,0,0,0,0,0,52251329,0,0,0,0,0,0,0
1789621281.395,0,0,0,0,0,0,0,240103504,2109614935552,753582909952,0,0,0,0,0,0,0,0,0,0,0,0,0,0,0,0,0,0,0,0,0,0,0,0,0,0,0,0,0,0,0,0,0,0,0,0,0,0,0,0,0,0,0,0,0,0,0,0,0,0,0,0,0,0,0,0,0,0,420006,128924050,42140202,0,0,0,0,0,0,0,0,0,0,0,0,0,0,0,0,0,0,0,0,0,0,0,0,0,0,0,0,0,0,0,0,0,0,0,0,0,2146287616,653475840,130999,39885,0,73,131072,128773715,0,0,1212059026,2147483648,102768235,132507937,0,0,0,0,0,0,0,0,0,0,0,0,0,0,0,0,0,0,7709151,7709266,0,97,97,6262,329,15418335,35,0,0,0,0,0,0,0,1,0,0,0,0,0,0,0,0,0,0,8671376,0,12532048,110641,0,0,0,0,0,0,0,0,16384,0,0,0,0,0,0,0,0,0,0,0,3274,348,0,0,0,0,0,23438641,0,658,1,47,348,3274,0,0,0,0,0,0,0,0,0,0,0,0,0,0,0,0,0,0,0,0,0,0,0,0,0,0,0,0,0,0,0,0,0,0,0,0,0,0,0,0,0,0,0,0,0,0,0,0,0,0,0,0,0,104680895,0,0,0,115088576,0,0,0,0,0,0,0,76354805,128828093,176220823,54334821888,44926544,0,0,0,0,0,0,0,0,0,0,0,0,0,0,0,0,0,0,0,0,0,0,0,0,0,0,0,0,0,0,0,52252142,0,0,0,0,0,0,0
1789621282.422,0,0,0,0,0,0,0,240130021,2109960113664,753690439168,0,0,0,0,0,0,0,0,0,0,0,0,0,0,0,0,0,0,0,0,0,0,0,0,0,0,0,0,0,0,0,0,0,0,0,0,0,0,0,0,0,0,0,0,0,0,0,0,0,0,0,0,0,0,0,0,0,0,420091,128945149,42146512,0,0,0,0,0,0,0,0,0,0,0,0,0,0,0,0,0,0,0,0,0,0,0,0,0,0,0,0,0,0,0,0,0,0,0,0,0,2146189312,636715008,130993,38862,0,79,131072,128794802,0,0,1212197786,2147483648,102788355,132521978,0,0,0,0,0,0,0,0,0,0,0,0,0,0,0,0,0,0,7710010,7710124,0,97,97,6262,329,15420048,35,0,0,0,0,0,0,0,1,0,0,0,0,0,0,0,0,0,0,8672341,0,12533480,110653,0,0,0,0,0,0,0,0,16384,0,0,0,0,0,0,0,0,0,0,0,3275,348,0,0,0,0,0,23441258,0,658,1,47,348,3275,0,0,0,0,0,0,0,0,0,0,0,0,0,0,0,0,0,0,0,0,0,0,0,0,0,0,0,0,0,0,0,0,0,0,0,0,0,0,0,0,0,0,0,0,0,0,0,0,0,0,0,0,0,104686379,0,0,0,115100873,0,0,0,0,0,0,0,76363540,128849192,176237486,54338077696,44930195,1,0,0,0,0,0,0,0,0,0,0,0,0,0,0,0,0,0,0,0,0,0,0,0,0,0,0,0,0,0,0,52253000,0,0,0,0,0,0,0
1789621283.448,0,0,0,0,0,0,0,240153434,2110264708608,753763688960,0,0,0,0,0,0,0,0,0,0,0,0,0,0,0,0,0,0,0,0,0,0,0,0,0,0,0,0,0,0,0,0,0,0,0,0,0,0,0,0,0,0,0,0,0,0,0,0,0,0,0,0,0,0,0,0,0,0,420120,128963757,42150619,0,0,0,0,0,0,0,0,0,0,0,0,0,0,0,0,0,0,0,0,0,0,0,0,0,0,0,0,0,0,0,0,0,0,0,0,0,2146287616,646610944,130999,39466,0,73,131072,128813397,0,0,1212320113,2147483648,102806553,132534290,0,0,0,0,0,0,0,0,0,0,0,0,0,0,0,0,0,0,7710782,7710893,0,97,97,6262,329,15421596,35,0,0,0,0,0,0,0,1,0,0,0,0,0,0,0,0,0,0,8673205,0,12533480,110653,0,0,0,0,0,0,0,0,16384,0,0,0,0,0,0,0,0,0,0,0,3276,348,0,0,0,0,0,23443588,0,658,1,47,348,3276,0,0,0,0,0,0,0,0,0,0,0,0,0,0,0,0,0,0,0,0,0,0,0,0,0,0,0,0,0,0,0,0,0,0,0,0,0,0,0,0,0,0,0,0,0,0,0,0,0,0,0,0,0,104696149,0,0,0,115111936,0,0,0,0,0,0,0,76374364,128867803,176255456,54343185920,44936918,0,0,0,0,0,0,0,0,0,0,0,0,0,0,0,0,0,0,0,0,0,0,0,0,0,0,0,0,0,0,0,52253768,0,0,0,0,0,0,0
1789621284.475,0,0,0,0,0,0,0,240174694,2110540893696,753829399040,0,0,0,0,0,0,0,0,0,0,0,0,0,0,0,0,0,0,0,0,0,0,0,0,0,0,0,0,0,0,0,0,0,0,0,0,0,0,0,0,0,0,0,0,0,0,0,0,0,0,0,0,0,0,0,0,0,0,420152,128980638,42154464,0,0,0,0,0,0,0,0,0,0,0,0,0,0,0,0,0,0,0,0,0,0,0,0,0,0,0,0,0,0,0,0,0,0,0,0,0,2146287616,651542528,130998,39767,0,74,131072,128830266,0,0,1212431754,2147483648,102822968,132545264,0,0,0,0,0,0,0,0,0,0,0,0,0,0,0,0,0,0,7711485,7711592,0,97,97,6262,329,15423004,35,0,0,0,0,0,0,0,1,0,0,0,0,0,0,0,0,0,0,8673992,0,12533480,110654,0,0,0,0,0,0,0,0,16384,0,0,0,0,0,0,0,0,0,0,0,3277,348,0,0,0,0,0,23445704,0,658,1,47,348,3277,0,0,0,0,0,0,0,0,0,0,0,0,0,0,0,0,0,0,0,0,0,0,0,0,0,0,0,0,0,0,0,0,0,0,0,0,0,0,0,0,0,0,0,0,0,0,0,0,0,0,0,0,0,104698553,0,0,0,115121901,0,0,0,0,0,0,0,76379598,128884673,176265458,54344804864,44938417,0,0,0,0,0,0,0,0,0,0,0,0,0,0,0,0,0,0,0,0,0,0,0,0,0,0,0,0,0,0,0,52254467,0,0,0,0,0,0,0
1789621285.502,0,0,0,0,0,0,0,240199260,2110861708800,753906781184,0,0,0,0,0,0,0,0,0,0,0,0,0,0,0,0,0,0,0,0,0,0,0,0,0,0,0,0,0,0,0,0,0,0,0,0,0,0,0,0,0,0,0,0,0,0,0,0,0,0,0,0,0,0,0,0,0,0,420184,129000250,42159035,0,0,0,0,0,0,0,0,0,0,0,0,0,0,0,0,0,0,0,0,0,0,0,0,0,0,0,0,0,0,0,0,0,0,0,0,0,2146320384,654852096,131001,39969,0,71,131072,128849861,0,0,1212561821,2147483648,102842080,132557891,0,0,0,0,0,0,0,0,0,0,0,0,0,0,0,0,0,0,7712310,7712426,0,97,97,6262,329,15424637,35,0,0,0,0,0,0,0,1,0,0,0,0,0,0,0,0,0,0,8674929,0,12533608,110654,0,0,0,0,0,0,0,0,16384,0,0,0,0,0,0,0,0,0,0,0,3278,348,0,0,0,0,0,23448235,0,658,1,47,348,3278,0,0,0,0,0,0,0,0,0,0,0,0,0,0,0,0,0,0,0,0,0,0,0,0,0,0,0,0,0,0,0,0,0,0,0,0,0,0,0,0,0,0,0,0,0,0,0,0,0,0,0,0,0,104701144,0,0,0,115133421,0,0,0,0,0,0,0,76385756,128904270,176277154,54346621440,44940018,0,0,0,0,0,0,0,0,0,0,0,0,0,0,0,0,0,0,0,0,0,0,0,0,0,0,0,0,0,0,0,52255300,0,0,0,0,0,0,0
1789621286.528,0,0,0,0,0,0,0,240223194,2111172988416,754003343360,0,0,0,0,0,0,0,0,0,0,0,0,0,0,0,0,0,0,0,0,0,0,0,0,0,0,0,0,0,0,0,0,0,0,0,0,0,0,0,0,0,0,0,0,0,0,0,0,0,0,0,0,0,0,0,0,0,0,420226,129019281,42164762,0,0,0,0,0,0,0,0,0,0,0,0,0,0,0,0,0,0,0,0,0,0,0,0,0,0,0,0,0,0,0,0,0,0,0,0,0,2146467840,639074304,131010,39006,0,62,131072,128868879,0,0,1212686978,2147483648,102860182,132570322,0,0,0,0,0,0,0,0,0,0,0,0,0,0,0,0,0,0,7713078,7713192,0,97,97,6262,329,15426201,35,0,0,0,0,0,0,0,1,0,0,0,0,0,0,0,0,0,0,8675793,0,12535040,110666,0,0,0,0,0,0,0,0,16384,0,0,0,0,0,0,0,0,0,0,0,3279,348,0,0,0,0,0,23450563,0,658,1,47,348,3279,0,0,0,0,0,0,0,0,0,0,0,0,0,0,0,0,0,0,0,0,0,0,0,0,0,0,0,0,0,0,0,0,0,0,0,0,0,0,0,0,0,0,0,0,0,0,0,0,0,0,0,0,0,104703664,0,0,0,115144572,0,0,0,0,0,0,0,76391795,128923293,176289701,54348414464,44941546,0,0,0,0,0,0,0,0,0,0,0,0,0,0,0,0,0,0,0,0,0,0,0,0,0,0,0,0,0,0,0,52256068,0,0,0,0,0,0,0
1789621287.554,0,0,0,0,0,0,0,240246780,2111478238720,754075101696,0,0,0,0,0,0,0,0,0,0,0,0,0,0,0,0,0,0,0,0,0,0,0,0,0,0,0,0,0,0,0,0,0,0,0,0,0,0,0,0,0,0,0,0,0,0,0,0,0,0,0,0,0,0,0,0,0,0,420280,129037938,42168978,0,0,0,0,0,0,0,0,0,0,0,0,0,0,0,0,0,0,0,0,0,0,0,0,0,0,0,0,0,0,0,0,0,0,0,0,0,2146058240,647774208,130985,39537,0,87,131072,128887523,0,0,1212810012,2147483648,102878491,132582794,0,0,0,0,0,0,0,0,0,0,0,0,0,0,0,0,0,0,7713859,7713970,0,97,97,6262,329,15427747,35,0,0,0,0,0,0,0,1,0,0,0,0,0,0,0,0,0,0,8676668,0,12535040,110666,0,0,0,0,0,0,0,0,16384,0,0,0,0,0,0,0,0,0,0,0,3280,348,0,0,0,0,0,23452928,0,658,1,47,348,3280,0,0,0,0,0,0,0,0,0,0,0,0,0,0,0,0,0,0,0,0,0,0,0,0,0,0,0,0,0,0,0,0,0,0,0,0,0,0,0,0,0,0,0,0,0,0,0,0,0,0,0,0,0,104706168,0,0,0,115155691,0,0,0,0,0,0,0,76397547,128941935,176300626,54350194688,44943087,0,0,0,0,0,0,0,0,0,0,0,0,0,0,0,0,0,0,0,0,0,0,0,0,0,0,0,0,0,0,0,52256845,0,0,0,0,0,0,0
1789621288.582,0,0,0,0,0,0,0,240268080,2111755259392,754140530688,0,0,0,0,0,0,0,0,0,0,0,0,0,0,0,0,0,0,0,0,0,0,0,0,0,0,0,0,0,0,0,0,0,0,0,0,0,0,0,0,0,0,0,0,0,0,0,0,0,0,0,0,0,0,0,0,0,0,420313,129054871,42172820,0,0,0,0,0,0,0,0,0,0,0,0,0,0,0,0,0,0,0,0,0,0,0,0,0,0,0,0,0,0,0,0,0,0,0,0,0,2146271232,652361728,130999,39817,0,73,131072,128904447,0,0,1212921762,2147483648,102895053,132593789,0,0,0,0,0,0,0,0,0,0,0,0,0,0,0,0,0,0,7714560,7714676,0,97,97,6262,329,15429150,35,0,0,0,0,0,0,0,1,0,0,0,0,0,0,0,0,0,0,8677460,0,12535040,110666,0,0,0,0,0,0,0,0,16384,0,0,0,0,0,0,0,0,0,0,0,3281,348,0,0,0,0,0,23455069,0,658,1,47,348,3281,0,0,0,0,0,0,0,0,0,0,0,0,0,0,0,0,0,0,0,0,0,0,0,0,0,0,0,0,0,0,0,0,0,0,0,0,0,0,0,0,0,0,0,0,0,0,0,0,0,0,0,0,0,104708559,0,0,0,115165616,0,0,0,0,0,0,0,76402848,128958867,176310701,54351828992,44944545,0,0,0,0,0,0,0,0,0,0,0,0,0,0,0,0,0,0,0,0,0,0,0,0,0,0,0,0,0,0,0,52257551,0,0,0,0,0,0,0
1789621289.608,0,0,0,0,0,0,0,240292492,2112073862656,754218041344,0,0,0,0,0,0,0,0,0,0,0,0,0,0,0,0,0,0,0,0,0,0,0,0,0,0,0,0,0,0,0,0,0,0,0,0,0,0,0,0,0,0,0,0,0,0,0,0,0,0,0,0,0,0,0,0,0,0,420356,129074339,42177379,0,0,0,0,0,0,0,0,0,0,0,0,0,0,0,0,0,0,0,0,0,0,0,0,0,0,0,0,0,0,0,0,0,0,0,0,0,2146254848,655327232,130997,39998,0,75,131072,128923906,0,0,1213051204,2147483648,102913942,132606428,0,0,0,0,0,0,0,0,0,0,0,0,0,0,0,0,0,0,7715368,7715480,0,97,97,6262,329,15430776,35,0,0,0,0,0,0,0,1,0,0,0,0,0,0,0,0,0,0,8678364,0,12535168,110667,0,0,0,0,0,0,0,0,16384,0,0,0,0,0,0,0,0,0,0,0,3282,348,0,0,0,0,0,23457519,0,658,1,47,348,3282,0,0,0,0,0,0,0,0,0,0,0,0,0,0,0,0,0,0,0,0,0,0,0,0,0,0,0,0,0,0,0,0,0,0,0,0,0,0,0,0,0,0,0,0,0,0,0,0,0,0,0,0,0,104711116,0,0,0,115177065,0,0,0,0,0,0,0,76408829,128978317,176322251,54353635840,44946094,0,0,0,0,0,0,0,0,0,0,0,0,0,0,0,0,0,0,0,0,0,0,0,0,0,0,0,0,0,0,0,52258354,0,0,0,0,0,0,0
1789621290.635,0,0,0,0,0,0,0,240317156,2112394317312,754317998080,0,0,0,0,0,0,0,0,0,0,0,0,0,0,0,0,0,0,0,0,0,0,0,0,0,0,0,0,0,0,0,0,0,0,0,0,0,0,0,0,0,0,0,0,0,0,0,0,0,0,0,0,0,0,0,0,0,0,420409,129093918,42183237,0,0,0,0,0,0,0,0,0,0,0,0,0,0,0,0,0,0,0,0,0,0,0,0,0,0,0,0,0,0,0,0,0,0,0,0,0,2146336768,640319488,131002,39082,0,70,131072,128943467,0,0,1213179986,2147483648,102932468,132619341,0,0,0,0,0,0,0,0,0,0,0,0,0,0,0,0,0,0,7716171,7716286,0,97,97,6262,329,15432382,35,0,0,0,0,0,0,0,1,0,0,0,0,0,0,0,0,0,0,8679272,0,12536593,110679,0,0,0,0,0,0,0,0,16384,0,0,0,0,0,0,0,0,0,0,0,3283,348,0,0,0,0,0,23459977,0,658,1,47,348,3283,0,0,0,0,0,0,0,0,0,0,0,0,0,0,0,0,0,0,0,0,0,0,0,0,0,0,0,0,0,0,0,0,0,0,0,0,0,0,0,0,0,0,0,0,0,0,0,0,0,0,0,0,0,104716469,0,0,0,115188594,0,0,0,0,0,0,0,76416951,128997893,176337886,54356764160,44949576,0,0,0,0,0,0,0,0,0,0,0,0,0,0,0,0,0,0,0,0,0,0,0,0,0,0,0,0,0,0,0,52259162,0,0,0,0,0,0,0
1789621291.660,0,0,0,0,0,0,0,240340143,2112693997056,754389334528,0,0,0,0,0,0,0,0,0,0,0,0,0,0,0,0,0,0,0,0,0,0,0,0,0,0,0,0,0,0,0,0,0,0,0,0,0,0,0,0,0,0,0,0,0,0,0,0,0,0,0,0,0,0,0,0,0,0,420447,129112252,42187277,0,0,0,0,0,0,0,0,0,0,0,0,0,0,0,0,0,0,0,0,0,0,0,0,0,0,0,0,0,0,0,0,0,0,0,0,0,2146205696,648806400,130994,39600,0,77,131072,128961787,0,0,1213300325,2147483648,102950390,132631278,0,0,0,0,0,0,0,0,0,0,0,0,0,0,0,0,0,0,7716924,7717039,0,97,97,6262,329,15433881,35,0,0,0,0,0,0,0,1,0,0,0,0,0,0,0,0,0,0,8680119,0,12536593,110679,0,0,0,0,0,0,0,0,16384,0,0,0,0,0,0,0,0,0,0,0,3284,348,0,0,0,0,0,23462272,0,658,1,47,348,3284,0,0,0,0,0,0,0,0,0,0,0,0,0,0,0,0,0,0,0,0,0,0,0,0,0,0,0,0,0,0,0,0,0,0,0,0,0,0,0,0,0,0,0,0,0,0,0,0,0,0,0,0,0,104724283,0,0,0,115199336,0,0,0,0,0,0,0,76426466,129016209,176353778,54360942080,44955054,0,0,0,0,0,0,0,0,0,0,0,0,0,0,0,0,0,0,0,0,0,0,0,0,0,0,0,0,0,0,0,52259915,0,0,0,0,0,0,0
1789621292.687,0,0,0,0,0,0,0,240361714,2112974507520,754457284096,0,0,0,0,0,0,0,0,0,0,0,0,0,0,0,0,0,0,0,0,0,0,0,0,0,0,0,0,0,0,0,0,0,0,0,0,0,0,0,0,0,0,0,0,0,0,0,0,0,0,0,0,0,0,0,0,0,0,420485,129129383,42191282,0,0,0,0,0,0,0,0,0,0,0,0,0,0,0,0,0,0,0,0,0,0,0,0,0,0,0,0,0,0,0,0,0,0,0,0,0,2146254848,651444224,130997,39761,0,75,131072,128978907,0,0,1213413587,2147483648,102967067,132642446,0,0,0,0,0,0,0,0,0,0,0,0,0,0,0,0,0,0,7717640,7717757,0,97,97,6262,329,15435309,35,0,0,0,0,0,0,0,1,0,0,0,0,0,0,0,0,0,0,8680926,0,12536721,110680,0,0,0,0,0,0,0,0,16384,0,0,0,0,0,0,0,0,0,0,0,3285,348,0,0,0,0,0,23464459,0,658,1,47,348,3285,0,0,0,0,0,0,0,0,0,0,0,0,0,0,0,0,0,0,0,0,0,0,0,0,0,0,0,0,0,0,0,0,0,0,0,0,0,0,0,0,0,0,0,0,0,0,0,0,0,0,0,0,0,104726677,0,0,0,115209407,0,0,0,0,0,0,0,76431834,129033346,176364039,54362588160,44956551,0,0,0,0,0,0,0,0,0,0,0,0,0,0,0,0,0,0,0,0,0,0,0,0,0,0,0,0,0,0,0,52260632,0,0,0,0,0,0,0
1789621293.715,0,0,0,0,0,0,0,240386483,2113298419200,754535236608,0,0,0,0,0,0,0,0,0,0,0,0,0,0,0,0,0,0,0,0,0,0,0,0,0,0,0,0,0,0,0,0,0,0,0,0,0,0,0,0,0,0,0,0,0,0,0,0,0,0,0,0,0,0,0,0,0,0,420542,129149181,42195863,0,0,0,0,0,0,0,0,0,0,0,0,0,0,0,0,0,0,0,0,0,0,0,0,0,0,0,0,0,0,0,0,0,0,0,0,0,2146238464,656097280,130996,40045,0,76,131072,128998692,0,0,1213544803,2147483648,102986425,132655463,0,0,0,0,0,0,0,0,0,0,0,0,0,0,0,0,0,0,7718460,7718574,0,97,97,6262,329,15436952,35,0,0,0,0,0,0,0,1,0,0,0,0,0,0,0,0,0,0,8681846,0,12536721,110680,0,0,0,0,0,0,0,0,16384,0,0,0,0,0,0,0,0,0,0,0,3286,348,0,0,0,0,0,23466945,0,658,1,47,348,3286,0,0,0,0,0,0,0,0,0,0,0,0,0,0,0,0,0,0,0,0,0,0,0,0,0,0,0,0,0,0,0,0,0,0,0,0,0,0,0,0,0,0,0,0,0,0,0,0,0,0,0,0,0,104729222,0,0,0,115221034,0,0,0,0,0,0,0,76437988,129053127,176375751,54364441600,44958124,0,0,0,0,0,0,0,0,0,0,0,0,0,0,0,0,0,0,0,0,0,0,0,0,0,0,0,0,0,0,0,52261450,0,0,0,0,0,0,0
1789621294.740,0,0,0,0,0,0,0,240411406,2113621872128,754635030528,0,0,0,0,0,0,0,0,0,0,0,0,0,0,0,0,0,0,0,0,0,0,0,0,0,0,0,0,0,0,0,0,0,0,0,0,0,0,0,0,0,0,0,0,0,0,0,0,0,0,0,0,0,0,0,0,0,0,420584,129168959,42201787,0,0,0,0,0,0,0,0,0,0,0,0,0,0,0,0,0,0,0,0,0,0,0,0,0,0,0,0,0,0,0,0,0,0,0,0,0,2146271232,641564672,130998,39158,0,74,131072,129018454,0,0,1213675095,2147483648,103005218,132668517,0,0,0,0,0,0,0,0,0,0,0,0,0,0,0,0,0,0,7719275,7719386,0,97,97,6262,329,15438594,35,0,0,0,0,0,0,0,1,0,0,0,0,0,0,0,0,0,0,8682760,0,12538135,110692,0,0,0,0,0,0,0,0,16384,0,0,0,0,0,0,0,0,0,0,0,3287,348,0,0,0,0,0,23469416,0,658,1,47,348,3287,0,0,0,0,0,0,0,0,0,0,0,0,0,0,0,0,0,0,0,0,0,0,0,0,0,0,0,0,0,0,0,0,0,0,0,0,0,0,0,0,0,0,0,0,0,0,0,0,0,0,0,0,0,104731778,0,0,0,115232764,0,0,0,0,0,0,0,76444268,129072895,176388743,54366269952,44959694,0,0,0,0,0,0,0,0,0,0,0,0,0,0,0,0,0,0,0,0,0,0,0,0,0,0,0,0,0,0,0,52262262,0,0,0,0,0,0,0
1789621295.767,0,0,0,0,0,0,0,240435285,2113933233664,754706982400,0,0,0,0,0,0,0,0,0,0,0,0,0,0,0,0,0,0,0,0,0,0,0,0,0,0,0,0,0,0,0,0,0,0,0,0,0,0,0,0,0,0,0,0,0,0,0,0,0,0,0,0,0,0,0,0,0,0,420626,129187998,42206015,0,0,0,0,0,0,0,0,0,0,0,0,0,0,0,0,0,0,0,0,0,0,0,0,0,0,0,0,0,0,0,0,0,0,0,0,0,2146353152,649101312,131003,39618,0,69,131072,129037478,0,0,1213800120,2147483648,103023866,132680859,0,0,0,0,0,0,0,0,0,0,0,0,0,0,0,0,0,0,7720054,7720168,0,97,97,6262,329,15440148,35,0,0,0,0,0,0,0,1,0,0,0,0,0,0,0,0,0,0,8683638,0,12538135,110692,0,0,0,0,0,0,0,0,16384,0,0,0,0,0,0,0,0,0,0,0,3288,348,0,0,0,0,0,23471789,0,658,1,47,348,3288,0,0,0,0,0,0,0,0,0,0,0,0,0,0,0,0,0,0,0,0,0,0,0,0,0,0,0,0,0,0,0,0,0,0,0,0,0,0,0,0,0,0,0,0,0,0,0,0,0,0,0,0,0,104734297,0,0,0,115243884,0,0,0,0,0,0,0,76450051,129091929,176399719,54368035328,44961248,0,0,0,0,0,0,0,0,0,0,0,0,0,0,0,0,0,0,0,0,0,0,0,0,0,0,0,0,0,0,0,52263043,0,0,0,0,0,0,0
1789621296.793,0,0,0,0,0,0,0,240456699,2114211565056,754775254528,0,0,0,0,0,0,0,0,0,0,0,0,0,0,0,0,0,0,0,0,0,0,0,0,0,0,0,0,0,0,0,0,0,0,0,0,0,0,0,0,0,0,0,0,0,0,0,0,0,0,0,0,0,0,0,0,0,0,420671,129205017,42210025,0,0,0,0,0,0,0,0,0,0,0,0,0,0,0,0,0,0,0,0,0,0,0,0,0,0,0,0,0,0,0,0,0,0,0,0,0,2146336768,650870784,131002,39726,0,70,131072,129054493,0,0,1213912845,2147483648,103040411,132692057,0,0,0,0,0,0,0,0,0,0,0,0,0,0,0,0,0,0,7720774,7720887,0,97,97,6262,329,15441584,35,0,0,0,0,0,0,0,1,0,0,0,0,0,0,0,0,0,0,8684447,0,12538135,110693,0,0,0,0,0,0,0,0,16384,0,0,0,0,0,0,0,0,0,0,0,3289,348,0,0,0,0,0,23473984,0,658,1,47,348,3289,0,0,0,0,0,0,0,0,0,0,0,0,0,0,0,0,0,0,0,0,0,0,0,0,0,0,0,0,0,0,0,0,0,0,0,0,0,0,0,0,0,0,0,0,0,0,0,0,0,0,0,0,0,104736697,0,0,0,115253969,0,0,0,0,0,0,0,76455417,129108936,176410019,54369686528,44962730,0,0,0,0,0,0,0,0,0,0,0,0,0,0,0,0,0,0,0,0,0,0,0,0,0,0,0,0,0,0,0,52263762,0,0,0,0,0,0,0
1789621297.820,0,0,0,0,0,0,0,240480255,2114519371264,754848158208,0,0,0,0,0,0,0,0,0,0,0,0,0,0,0,0,0,0,0,0,0,0,0,0,0,0,0,0,0,0,0,0,0,0,0,0,0,0,0,0,0,0,0,0,0,0,0,0,0,0,0,0,0,0,0,0,0,0,420708,129223836,42214322,0,0,0,0,0,0,0,0,0,0,0,0,0,0,0,0,0,0,0,0,0,0,0,0,0,0,0,0,0,0,0,0,0,0,0,0,0,2146123776,656310272,130989,40058,0,84,131072,129073299,0,0,1214037426,2147483648,103058757,132704209,0,0,0,0,0,0,0,0,0,0,0,0,0,0,0,0,0,0,7721547,7721657,0,97,97,6262,329,15443136,35,0,0,0,0,0,0,0,1,0,0,0,0,0,0,0,0,0,0,8685314,0,12538263,110693,0,0,0,0,0,0,0,0,16384,0,0,0,0,0,0,0,0,0,0,0,3290,348,0,0,0,0,0,23476330,0,658,1,47,348,3290,0,0,0,0,0,0,0,0,0,0,0,0,0,0,0,0,0,0,0,0,0,0,0,0,0,0,0,0,0,0,0,0,0,0,0,0,0,0,0,0,0,0,0,0,0,0,0,0,0,0,0,0,0,104739219,0,0,0,115264979,0,0,0,0,0,0,0,76461237,129127745,176421116,54371435008,44964262,0,0,0,0,0,0,0,0,0,0,0,0,0,0,0,0,0,0,0,0,0,0,0,0,0,0,0,0,0,0,0,52264533,0,0,0,0,0,0,0
1789621298.846,0,0,0,0,0,0,0,240503856,2114825899520,754942451200,0,0,0,0,0,0,0,0,0,0,0,0,0,0,0,0,0,0,0,0,0,0,0,0,0,0,0,0,0,0,0,0,0,0,0,0,0,0,0,0,0,0,0,0,0,0,0,0,0,0,0,0,0,0,0,0,0,0,420757,129242581,42219916,0,0,0,0,0,0,0,0,0,0,0,0,0,0,0,0,0,0,0,0,0,0,0,0,0,0,0,0,0,0,0,0,0,0,0,0,0,2146271232,643383296,130998,39269,0,74,131072,129092036,0,0,1214160492,2147483648,103076035,132716556,0,0,0,0,0,0,0,0,0,0,0,0,0,0,0,0,0,0,7722323,7722438,0,97,97,6262,329,15444670,35,0,0,0,0,0,0,0,1,0,0,0,0,0,0,0,0,0,0,8686190,0,12539687,110705,0,0,0,0,0,0,0,0,16384,0,0,0,0,0,0,0,0,0,0,0,3291,348,0,0,0,0,0,23478699,0,658,1,47,348,3291,0,0,0,0,0,0,0,0,0,0,0,0,0,0,0,0,0,0,0,0,0,0,0,0,0,0,0,0,0,0,0,0,0,0,0,0,0,0,0,0,0,0,0,0,0,0,0,0,0,0,0,0,0,104741669,0,0,0,115276014,0,0,0,0,0,0,0,76467168,129146476,176433349,54373173760,44965801,0,0,0,0,0,0,0,0,0,0,0,0,0,0,0,0,0,0,0,0,0,0,0,0,0,0,0,0,0,0,0,52265312,0,0,0,0,0,0,0
1789621299.873,0,0,0,0,0,0,0,240525130,2115102395904,755005279232,0,0,0,0,0,0,0,0,0,0,0,0,0,0,0,0,0,0,0,0,0,0,0,0,0,0,0,0,0,0,0,0,0,0,0,0,0,0,0,0,0,0,0,0,0,0,0,0,0,0,0,0,0,0,0,0,0,0,420794,129259481,42223603,0,0,0,0,0,0,0,0,0,0,0,0,0,0,0,0,0,0,0,0,0,0,0,0,0,0,0,0,0,0,0,0,0,0,0,0,0,2146238464,652066816,130996,39799,0,76,131072,129108925,0,0,1214271766,2147483648,103092579,132727612,0,0,0,0,0,0,0,0,0,0,0,0,0,0,0,0,0,0,7723021,7723133,0,97,97,6262,329,15446076,35,0,0,0,0,0,0,0,1,0,0,0,0,0,0,0,0,0,0,8686974,0,12539687,110705,0,0,0,0,0,0,0,0,16384,0,0,0,0,0,0,0,0,0,0,0,3292,348,0,0,0,0,0,23480807,0,658,1,47,348,3292,0,0,0,0,0,0,0,0,0,0,0,0,0,0,0,0,0,0,0,0,0,0,0,0,0,0,0,0,0,0,0,0,0,0,0,0,0,0,0,0,0,0,0,0,0,0,0,0,0,0,0,0,0,104744030,0,0,0,115285993,0,0,0,0,0,0,0,76472327,129163378,176443081,54374783488,44967275,0,0,0,0,0,0,0,0,0,0,0,0,0,0,0,0,0,0,0,0,0,0,0,0,0,0,0,0,0,0,0,52266009,0,0,0,0,0,0,0
1789621300.900,0,0,0,0,0,0,0,240549368,2115417886208,755082028544,0,0,0,0,0,0,0,0,0,0,0,0,0,0,0,0,0,0,0,0,0,0,0,0,0,0,0,0,0,0,0,0,0,0,0,0,0,0,0,0,0,0,0,0,0,0,0,0,0,0,0,0,0,0,0,0,0,0,420841,129278768,42228110,0,0,0,0,0,0,0,0,0,0,0,0,0,0,0,0,0,0,0,0,0,0,0,0,0,0,0,0,0,0,0,0,0,0,0,0,0,2146287616,655998976,130999,40039,0,73,131072,129128202,0,0,1214398936,2147483648,103111243,132740164,0,0,0,0,0,0,0,0,0,0,0,0,0,0,0,0,0,0,7723822,7723935,0,97,97,6262,329,15447681,35,0,0,0,0,0,0,0,1,0,0,0,0,0,0,0,0,0,0,8687876,0,12539815,110706,0,0,0,0,0,0,0,0,16384,0,0,0,0,0,0,0,0,0,0,0,3293,348,0,0,0,0,0,23483263,0,658,1,47,348,3293,0,0,0,0,0,0,0,0,0,0,0,0,0,0,0,0,0,0,0,0,0,0,0,0,0,0,0,0,0,0,0,0,0,0,0,0,0,0,0,0,0,0,0,0,0,0,0,0,0,0,0,0,0,104746552,0,0,0,115297319,0,0,0,0,0,0,0,76478284,129182647,176454507,54376575488,44968840,0,0,0,0,0,0,0,0,0,0,0,0,0,0,0,0,0,0,0,0,0,0,0,0,0,0,0,0,0,0,0,52266811,0,0,0,0,0,0,0
1789621301.927,0,0,0,0,0,0,0,240572157,2115715845632,755176290304,0,0,0,0,0,0,0,0,0,0,0,0,0,0,0,0,0,0,0,0,0,0,0,0,0,0,0,0,0,0,0,0,0,0,0,0,0,0,0,0,0,0,0,0,0,0,0,0,0,0,0,0,0,0,0,0,0,0,420889,129296977,42233716,0,0,0,0,0,0,0,0,0,0,0,0,0,0,0,0,0,0,0,0,0,0,0,0,0,0,0,0,0,0,0,0,0,0,0,0,0,2146320384,637190144,131001,38891,0,71,131072,129146395,0,0,1214520134,2147483648,103128427,132752123,0,0,0,0,0,0,0,0,0,0,0,0,0,0,0,0,0,0,7724581,7724697,0,97,97,6262,329,15449192,35,0,0,0,0,0,0,0,1,0,0,0,0,0,0,0,0,0,0,8688733,0,12541259,110718,0,0,0,0,0,0,0,0,16384,0,0,0,0,0,0,0,0,0,0,0,3294,348,0,0,0,0,0,23485577,0,658,1,47,348,3294,0,0,0,0,0,0,0,0,0,0,0,0,0,0,0,0,0,0,0,0,0,0,0,0,0,0,0,0,0,0,0,0,0,0,0,0,0,0,0,0,0,0,0,0,0,0,0,0,0,0,0,0,0,104749019,0,0,0,115308026,0,0,0,0,0,0,0,76484175,129200843,176466728,54378313216,44970372,0,0,0,0,0,0,0,0,0,0,0,0,0,0,0,0,0,0,0,0,0,0,0,0,0,0,0,0,0,0,0,52267573,0,0,0,0,0,0,0
1789621302.953,0,0,0,0,0,0,0,240595560,2116018408960,755247556608,0,0,0,0,0,0,0,0,0,0,0,0,0,0,0,0,0,0,0,0,0,0,0,0,0,0,0,0,0,0,0,0,0,0,0,0,0,0,0,0,0,0,0,0,0,0,0,0,0,0,0,0,0,0,0,0,0,0,420936,129315460,42237903,0,0,0,0,0,0,0,0,0,0,0,0,0,0,0,0,0,0,0,0,0,0,0,0,0,0,0,0,0,0,0,0,0,0,0,0,0,2146418688,644530176,131007,39339,0,65,131072,129164865,0,0,1214642180,2147483648,103146464,132764367,0,0,0,0,0,0,0,0,0,0,0,0,0,0,0,0,0,0,7725349,7725460,0,97,97,6262,329,15450738,35,0,0,0,0,0,0,0,1,0,0,0,0,0,0,0,0,0,0,8689591,0,12541259,110718,0,0,0,0,0,0,0,0,16384,0,0,0,0,0,0,0,0,0,0,0,3295,348,0,0,0,0,0,23487893,0,658,1,47,348,3295,0,0,0,0,0,0,0,0,0,0,0,0,0,0,0,0,0,0,0,0,0,0,0,0,0,0,0,0,0,0,0,0,0,0,0,0,0,0,0,0,0,0,0,0,0,0,0,0,0,0,0,0,0,104751443,0,0,0,115318988,0,0,0,0,0,0,0,76489859,129219323,176477525,54380082176,44971870,0,0,0,0,0,0,0,0,0,0,0,0,0,0,0,0,0,0,0,0,0,0,0,0,0,0,0,0,0,0,0,52268335,0,0,0,0,0,0,0
1789621303.980,0,0,0,0,0,0,0,240617807,2116307734016,755317140992,0,0,0,0,0,0,0,0,0,0,0,0,0,0,0,0,0,0,0,0,0,0,0,0,0,0,0,0,0,0,0,0,0,0,0,0,0,0,0,0,0,0,0,0,0,0,0,0,0,0,0,0,0,0,0,0,0,0,420978,129333148,42241988,0,0,0,0,0,0,0,0,0,0,0,0,0,0,0,0,0,0,0,0,0,0,0,0,0,0,0,0,0,0,0,0,0,0,0,0,0,2146467840,649297920,131010,39630,0,61,131072,129182541,0,0,1214758419,2147483648,103163647,132775827,0,0,0,0,0,0,0,0,0,0,0,0,0,0,0,0,0,0,7726073,7726189,0,97,97,6262,329,15452174,35,0,0,0,0,0,0,0,1,0,0,0,0,0,0,0,0,0,0,8690411,0,12541387,110719,0,0,0,0,0,0,0,0,16384,0,0,0,0,0,0,0,0,0,0,0,3296,348,0,0,0,0,0,23490110,0,658,1,47,348,3296,0,0,0,0,0,0,0,0,0,0,0,0,0,0,0,0,0,0,0,0,0,0,0,0,0,0,0,0,0,0,0,0,0,0,0,0,0,0,0,0,0,0,0,0,0,0,0,0,0,0,0,0,0,104753853,0,0,0,115329295,0,0,0,0,0,0,0,76495326,129237016,176487992,54381741568,44973369,1,0,0,0,0,0,0,0,0,0,0,0,0,0,0,0,0,0,0,0,0,0,0,0,0,0,0,0,0,0,0,52269065,0,0,0,0,0,0,0
1789621305.007,0,0,0,0,0,0,0,240642159,2116624141824,755395271680,0,0,0,0,0,0,0,0,0,0,0,0,0,0,0,0,0,0,0,0,0,0,0,0,0,0,0,0,0,0,0,0,0,0,0,0,0,0,0,0,0,0,0,0,0,0,0,0,0,0,0,0,0,0,0,0,0,0,421025,129352488,42246376,0,0,0,0,0,0,0,0,0,0,0,0,0,0,0,0,0,0,0,0,0,0,0,0,0,0,0,0,0,0,0,0,0,0,0,0,0,2146287616,655802368,130999,40027,0,73,131072,129201868,0,0,1214885991,2147483648,103182538,132788544,0,0,0,0,0,0,0,0,0,0,0,0,0,0,0,0,0,0,7726882,7726994,0,97,97,6262,329,15453788,35,0,0,0,0,0,0,0,1,0,0,0,0,0,0,0,0,0,0,8691316,0,12541387,110719,0,0,0,0,0,0,0,0,16384,0,0,0,0,0,0,0,0,0,0,0,3297,348,0,0,0,0,0,23492558,0,658,1,47,348,3297,0,0,0,0,0,0,0,0,0,0,0,0,0,0,0,0,0,0,0,0,0,0,0,0,0,0,0,0,0,0,0,0,0,0,0,0,0,0,0,0,0,0,0,0,0,0,0,0,0,0,0,0,0,104764367,0,0,0,115340727,0,0,0,0,0,0,0,76507108,129256330,176507241,54387228672,44980780,0,0,0,0,0,0,0,0,0,0,0,0,0,0,0,0,0,0,0,0,0,0,0,0,0,0,0,0,0,0,0,52269869,0,0,0,0,0,0,0
1789621306.034,0,0,0,0,0,0,0,240665826,2116932685312,755492632064,0,0,0,0,0,0,0,0,0,0,0,0,0,0,0,0,0,0,0,0,0,0,0,0,0,0,0,0,0,0,0,0,0,0,0,0,0,0,0,0,0,0,0,0,0,0,0,0,0,0,0,0,0,0,0,0,0,0,421069,129371352,42252084,0,0,0,0,0,0,0,0,0,0,0,0,0,0,0,0,0,0,0,0,0,0,0,0,0,0,0,0,0,0,0,0,0,0,0,0,0,2146369536,638631936,131005,38979,0,67,131072,129220724,0,0,1215010162,2147483648,103200453,132800949,0,0,0,0,0,0,0,0,0,0,0,0,0,0,0,0,0,0,7727674,7727789,0,97,97,6262,329,15455379,35,0,0,0,0,0,0,0,1,0,0,0,0,0,0,0,0,0,0,8692210,0,12542822,110731,0,0,0,0,0,0,0,0,16384,0,0,0,0,0,0,0,0,0,0,0,3298,348,0,0,0,0,0,23494973,0,658,1,47,348,3298,0,0,0,0,0,0,0,0,0,0,0,0,0,0,0,0,0,0,0,0,0,0,0,0,0,0,0,0,0,0,0,0,0,0,0,0,0,0,0,0,0,0,0,0,0,0,0,0,0,0,0,0,0,104769208,0,0,0,115351909,0,0,0,0,0,0,0,76514964,129275179,176522067,54390100480,44984149,1,0,0,0,0,0,0,0,0,0,0,0,0,0,0,0,0,0,0,0,0,0,0,0,0,0,0,0,0,0,0,52270664,0,0,0,0,0,0,0
1789621307.060,0,0,0,0,0,0,0,240687932,2117220699648,755560742912,0,0,0,0,0,0,0,0,0,0,0,0,0,0,0,0,0,0,0,0,0,0,0,0,0,0,0,0,0,0,0,0,0,0,0,0,0,0,0,0,0,0,0,0,0,0,0,0,0,0,0,0,0,0,0,0,0,0,421126,129388951,42256080,0,0,0,0,0,0,0,0,0,0,0,0,0,0,0,0,0,0,0,0,0,0,0,0,0,0,0,0,0,0,0,0,0,0,0,0,0,2146320384,643530752,131001,39278,0,71,131072,129238319,0,0,1215127865,2147483648,103217690,132812568,0,0,0,0,0,0,0,0,0,0,0,0,0,0,0,0,0,0,7728414,7728526,0,97,97,6262,329,15456861,35,0,0,0,0,0,0,0,1,0,0,0,0,0,0,0,0,0,0,8693041,0,12542822,110731,0,0,0,0,0,0,0,0,16384,0,0,0,0,0,0,0,0,0,0,0,3299,348,0,0,0,0,0,23497210,0,658,1,47,348,3299,0,0,0,0,0,0,0,0,0,0,0,0,0,0,0,0,0,0,0,0,0,0,0,0,0,0,0,0,0,0,0,0,0,0,0,0,0,0,0,0,0,0,0,0,0,0,0,0,0,0,0,0,0,104771650,0,0,0,115362294,0,0,0,0,0,0,0,76520488,129292775,176532498,54391810560,44985677,0,0,0,0,0,0,0,0,0,0,0,0,0,0,0,0,0,0,0,0,0,0,0,0,0,0,0,0,0,0,0,52271402,0,0,0,0,0,0,0
1789621308.087,0,0,0,0,0,0,0,240712019,2117534256640,755635568128,0,0,0,0,0,0,0,0,0,0,0,0,0,0,0,0,0,0,0,0,0,0,0,0,0,0,0,0,0,0,0,0,0,0,0,0,0,0,0,0,0,0,0,0,0,0,0,0,0,0,0,0,0,0,0,0,0,0,421164,129408105,42260493,0,0,0,0,0,0,0,0,0,0,0,0,0,0,0,0,0,0,0,0,0,0,0,0,0,0,0,0,0,0,0,0,0,0,0,0,0,2146140160,649773056,130990,39659,0,82,131072,129257458,0,0,1215253481,2147483648,103236304,132825029,0,0,0,0,0,0,0,0,0,0,0,0,0,0,0,0,0,0,7729193,7729309,0,97,97,6262,329,15458415,35,0,0,0,0,0,0,0,1,0,0,0,0,0,0,0,0,0,0,8693921,0,12542950,110732,0,0,0,0,0,0,0,0,16384,0,0,0,0,0,0,0,0,0,0,0,3300,348,0,0,0,0,0,23499602,0,658,1,47,348,3300,0,0,0,0,0,0,0,0,0,0,0,0,0,0,0,0,0,0,0,0,0,0,0,0,0,0,0,0,0,0,0,0,0,0,0,0,0,0,0,0,0,0,0,0,0,0,0,0,0,0,0,0,0,104774146,0,0,0,115373486,0,0,0,0,0,0,0,76526297,129311924,176543678,54393605632,44987211,0,0,0,0,0,0,0,0,0,0,0,0,0,0,0,0,0,0,0,0,0,0,0,0,0,0,0,0,0,0,0,52272185,0,0,0,0,0,0,0
1789621309.113,0,0,0,0,0,0,0,240734676,2117828218368,755704768000,0,0,0,0,0,0,0,0,0,0,0,0,0,0,0,0,0,0,0,0,0,0,0,0,0,0,0,0,0,0,0,0,0,0,0,0,0,0,0,0,0,0,0,0,0,0,0,0,0,0,0,0,0,0,0,0,0,0,421205,129426081,42264455,0,0,0,0,0,0,0,0,0,0,0,0,0,0,0,0,0,0,0,0,0,0,0,0,0,0,0,0,0,0,0,0,0,0,0,0,0,2146205696,658718720,130994,40205,0,78,131072,129275422,0,0,1215371977,2147483648,103253838,132836874,0,0,0,0,0,0,0,0,0,0,0,0,0,0,0,0,0,0,7729933,7730046,0,97,97,6262,329,15459907,35,0,0,0,0,0,0,0,1,0,0,0,0,0,0,0,0,0,0,8694751,0,12542950,110733,0,0,0,0,0,0,0,0,16384,0,0,0,0,0,0,0,0,0,0,0,3301,348,0,0,0,0,0,23501841,0,658,1,47,348,3301,0,0,0,0,0,0,0,0,0,0,0,0,0,0,0,0,0,0,0,0,0,0,0,0,0,0,0,0,0,0,0,0,0,0,0,0,0,0,0,0,0,0,0,0,0,0,0,0,0,0,0,0,0,104776593,0,0,0,115384091,0,0,0,0,0,0,0,76531779,129329884,176554144,54395334656,44988730,0,0,0,0,0,0,0,0,0,0,0,0,0,0,0,0,0,0,0,0,0,0,0,0,0,0,0,0,0,0,0,52272922,0,0,0,0,0,0,0
1789621310.139,0,0,0,0,0,0,0,240760146,2118160043520,755802870272,0,0,0,0,0,0,0,0,0,0,0,0,0,0,0,0,0,0,0,0,0,0,0,0,0,0,0,0,0,0,0,0,0,0,0,0,0,0,0,0,0,0,0,0,0,0,0,0,0,0,0,0,0,0,0,0,0,0,421278,129446359,42270367,0,0,0,0,0,0,0,0,0,0,0,0,0,0,0,0,0,0,0,0,0,0,0,0,0,0,0,0,0,0,0,0,0,0,0,0,0,2146533376,643137536,131014,39254,0,58,131072,129295685,0,0,1215505823,2147483648,103273115,132850193,0,0,0,0,0,0,0,0,0,0,0,0,0,0,0,0,0,0,7730761,7730876,0,97,97,6262,329,15461577,35,0,0,0,0,0,0,0,1,0,0,0,0,0,0,0,0,0,0,8695685,0,12544374,110744,0,0,0,0,0,0,0,0,16384,0,0,0,0,0,0,0,0,0,0,0,3302,348,0,0,0,0,0,23504374,0,658,1,47,348,3302,0,0,0,0,0,0,0,0,0,0,0,0,0,0,0,0,0,0,0,0,0,0,0,0,0,0,0,0,0,0,0,0,0,0,0,0,0,0,0,0,0,0,0,0,0,0,0,0,0,0,0,0,0,104779187,0,0,0,115395946,0,0,0,0,0,0,0,76538059,129350155,176567048,54397208064,44990311,0,0,0,0,0,0,0,0,0,0,0,0,0,0,0,0,0,0,0,0,0,0,0,0,0,0,0,0,0,0,0,52273752,0,0,0,0,0,0,0
1789621311.166,0,0,0,0,0,0,0,240787857,2118520983040,755895914496,0,0,0,0,0,0,0,0,0,0,0,0,0,0,0,0,0,0,0,0,0,0,0,0,0,0,0,0,0,0,0,0,0,0,0,0,0,0,0,0,0,0,0,0,0,0,0,0,0,0,0,0,0,0,0,0,0,0,421352,129468420,42275584,0,0,0,0,0,0,0,0,0,0,0,0,0,0,0,0,0,0,0,0,0,0,0,0,0,0,0,0,0,0,0,0,0,0,0,0,0,2146369536,646889472,131004,39483,0,69,131072,129317721,0,0,1215651219,2147483648,103294496,132864928,0,0,0,0,0,0,0,0,0,0,0,0,0,0,0,0,0,0,7731704,7731820,0,97,97,6262,329,15463444,35,0,0,0,0,0,0,0,1,0,0,0,0,0,0,0,0,0,0,8696746,0,12544502,110745,0,0,0,0,0,0,0,0,16384,0,0,0,0,0,0,0,0,0,0,0,3303,348,0,0,0,0,0,23507256,0,658,1,47,348,3303,0,0,0,0,0,0,0,0,0,0,0,0,0,0,0,0,0,0,0,0,0,0,0,0,0,0,0,0,0,0,0,0,0,0,0,0,0,0,0,0,0,0,0,0,0,0,0,0,0,0,0,0,0,104791221,0,0,0,115409030,0,0,0,0,0,0,0,76551620,129372210,176589393,54403482624,44998780,1,0,0,0,0,0,0,0,0,0,0,0,0,0,0,0,0,0,0,0,0,0,0,0,0,0,0,0,0,0,0,52274696,0,0,0,0,0,0,0
1789621312.193,0,0,0,0,0,0,0,240810960,2118821891584,755990052352,0,0,0,0,0,0,0,0,0,0,0,0,0,0,0,0,0,0,0,0,0,0,0,0,0,0,0,0,0,0,0,0,0,0,0,0,0,0,0,0,0,0,0,0,0,0,0,0,0,0,0,0,0,0,0,0,0,0,421384,129486804,42281093,0,0,0,0,0,0,0,0,0,0,0,0,0,0,0,0,0,0,0,0,0,0,0,0,0,0,0,0,0,0,0,0,0,0,0,0,0,2146648064,628932608,131021,38387,0,51,131072,129336093,0,0,1215773925,2147483648,103311797,132876779,0,0,0,0,0,0,0,0,0,0,0,0,0,0,0,0,0,0,7732469,7732587,0,97,97,6262,329,15464979,35,0,0,0,0,0,0,0,1,0,0,0,0,0,0,0,0,0,0,8697608,0,12545935,110757,0,0,0,0,0,0,0,0,16384,0,0,0,0,0,0,0,0,0,0,0,3304,348,0,0,0,0,0,23509595,0,658,1,47,348,3304,0,0,0,0,0,0,0,0,0,0,0,0,0,0,0,0,0,0,0,0,0,0,0,0,0,0,0,0,0,0,0,0,0,0,0,0,0,0,0,0,0,0,0,0,0,0,0,0,0,0,0,0,0,104795833,0,0,0,115419801,0,0,0,0,0,0,0,76559170,129390592,176603620,54406203904,45002019,0,0,0,0,0,0,0,0,0,0,0,0,0,0,0,0,0,0,0,0,0,0,0,0,0,0,0,0,0,0,0,52275462,0,0,0,0,0,0,0
1789621313.220,0,0,0,0,0,0,0,240836434,2119153733120,756067227136,0,0,0,0,0,0,0,0,0,0,0,0,0,0,0,0,0,0,0,0,0,0,0,0,0,0,0,0,0,0,0,0,0,0,0,0,0,0,0,0,0,0,0,0,0,0,0,0,0,0,0,0,0,0,0,0,0,0,421430,129507090,42285653,0,0,0,0,0,0,0,0,0,0,0,0,0,0,0,0,0,0,0,0,0,0,0,0,0,0,0,0,0,0,0,0,0,0,0,0,0,2146582528,637648896,131017,38919,0,55,131072,129356367,0,0,1215907285,2147483648,103331565,132890055,0,0,0,0,0,0,0,0,0,0,0,0,0,0,0,0,0,0,7733290,7733405,0,97,97,6262,329,15466649,35,0,0,0,0,0,0,0,1,0,0,0,0,0,0,0,0,0,0,8698531,0,12545935,110757,0,0,0,0,0,0,0,0,16384,0,0,0,0,0,0,0,0,0,0,0,3305,348,0,0,0,0,0,23512091,0,658,1,47,348,3305,0,0,0,0,0,0,0,0,0,0,0,0,0,0,0,0,0,0,0,0,0,0,0,0,0,0,0,0,0,0,0,0,0,0,0,0,0,0,0,0,0,0,0,0,0,0,0,0,0,0,0,0,0,104798398,0,0,0,115431722,0,0,0,0,0,0,0,76565311,129410861,176615259,54408050176,45003621,0,0,0,0,0,0,0,0,0,0,0,0,0,0,0,0,0,0,0,0,0,0,0,0,0,0,0,0,0,0,0,52276281,0,0,0,0,0,0,0
1789621314.247,0,0,0,0,0,0,0,240863767,2119511330304,756154043392,0,0,0,0,0,0,0,0,0,0,0,0,0,0,0,0,0,0,0,0,0,0,0,0,0,0,0,0,0,0,0,0,0,0,0,0,0,0,0,0,0,0,0,0,0,0,0,0,0,0,0,0,0,0,0,0,0,0,421485,129528958,42290605,0,0,0,0,0,0,0,0,0,0,0,0,0,0,0,0,0,0,0,0,0,0,0,0,0,0,0,0,0,0,0,0,0,0,0,0,0,2146353152,645251072,131003,39383,0,69,131072,129378212,0,0,1216050463,2147483648,103352737,132904385,0,0,0,0,0,0,0,0,0,0,0,0,0,0,0,0,0,0,7734195,7734309,0,97,97,6262,329,15468435,35,0,0,0,0,0,0,0,1,0,0,0,0,0,0,0,0,0,0,8699545,0,12546063,110758,0,0,0,0,0,0,0,0,16384,0,0,0,0,0,0,0,0,0,0,0,3306,348,0,0,0,0,0,23514836,0,658,1,47,348,3306,0,0,0,0,0,0,0,0,0,0,0,0,0,0,0,0,0,0,0,0,0,0,0,0,0,0,0,0,0,0,0,0,0,0,0,0,0,0,0,0,0,0,0,0,0,0,0,0,0,0,0,0,0,104807085,0,0,0,115444481,0,0,0,0,0,0,0,76576192,129432717,176633704,54412764160,45009683,0,0,0,0,0,0,0,0,0,0,0,0,0,0,0,0,0,0,0,0,0,0,0,0,0,0,0,0,0,0,0,52277183,0,0,0,0,0,0,0
1789621315.272,0,0,0,0,0,0,0,240887720,2119823019520,756251069952,0,0,0,0,0,0,0,0,0,0,0,0,0,0,0,0,0,0,0,0,0,0,0,0,0,0,0,0,0,0,0,0,0,0,0,0,0,0,0,0,0,0,0,0,0,0,0,0,0,0,0,0,0,0,0,0,0,0,421512,129547990,42296316,0,0,0,0,0,0,0,0,0,0,0,0,0,0,0,0,0,0,0,0,0,0,0,0,0,0,0,0,0,0,0,0,0,0,0,0,0,2146369536,628457472,131004,38358,0,68,131072,129397232,0,0,1216175772,2147483648,103370815,132916751,0,0,0,0,0,0,0,0,0,0,0,0,0,0,0,0,0,0,7735002,7735113,0,97,97,6262,329,15470033,35,0,0,0,0,0,0,0,1,0,0,0,0,0,0,0,0,0,0,8700451,0,12547490,110770,0,0,0,0,0,0,0,0,16384,0,0,0,0,0,0,0,0,0,0,0,3307,348,0,0,0,0,0,23517276,0,658,1,47,348,3307,0,0,0,0,0,0,0,0,0,0,0,0,0,0,0,0,0,0,0,0,0,0,0,0,0,0,0,0,0,0,0,0,0,0,0,0,0,0,0,0,0,0,0,0,0,0,0,0,0,0,0,0,0,104811416,0,0,0,115455769,0,0,0,0,0,0,0,76583547,129451746,176648024,54415360512,45012549,0,0,0,0,0,0,0,0,0,0,0,0,0,0,0,0,0,0,0,0,0,0,0,0,0,0,0,0,0,0,0,52277989,0,0,0,0,0,0,0
1789621316.299,0,0,0,0,0,0,0,240911335,2120130448896,756324783616,0,0,0,0,0,0,0,0,0,0,0,0,0,0,0,0,0,0,0,0,0,0,0,0,0,0,0,0,0,0,0,0,0,0,0,0,0,0,0,0,0,0,0,0,0,0,0,0,0,0,0,0,0,0,0,0,0,0,421543,129566791,42300653,0,0,0,0,0,0,0,0,0,0,0,0,0,0,0,0,0,0,0,0,0,0,0,0,0,0,0,0,0,0,0,0,0,0,0,0,0,2146074624,632029184,130986,38576,0,86,131072,129416027,0,0,1216299728,2147483648,103389099,132928843,0,0,0,0,0,0,0,0,0,0,0,0,0,0,0,0,0,0,7735781,7735893,0,97,97,6262,329,15471598,35,0,0,0,0,0,0,0,1,0,0,0,0,0,0,0,0,0,0,8701328,0,12547490,110770,0,0,0,0,0,0,0,0,16384,0,0,0,0,0,0,0,0,0,0,0,3308,348,0,0,0,0,0,23519648,0,658,1,47,348,3308,0,0,0,0,0,0,0,0,0,0,0,0,0,0,0,0,0,0,0,0,0,0,0,0,0,0,0,0,0,0,0,0,0,0,0,0,0,0,0,0,0,0,0,0,0,0,0,0,0,0,0,0,0,104813914,0,0,0,115466769,0,0,0,0,0,0,0,76589385,129470532,176659189,54417097216,45014050,0,0,0,0,0,0,0,0,0,0,0,0,0,0,0,0,0,0,0,0,0,0,0,0,0,0,0,0,0,0,0,52278768,0,0,0,0,0,0,0
1789621317.326,0,0,0,0,0,0,0,240934226,2120429964800,756396679168,0,0,0,0,0,0,0,0,0,0,0,0,0,0,0,0,0,0,0,0,0,0,0,0,0,0,0,0,0,0,0,0,0,0,0,0,0,0,0,0,0,0,0,0,0,0,0,0,0,0,0,0,0,0,0,0,0,0,421583,129585097,42304869,0,0,0,0,0,0,0,0,0,0,0,0,0,0,0,0,0,0,0,0,0,0,0,0,0,0,0,0,0,0,0,0,0,0,0,0,0,2146516992,635863040,131013,38810,0,59,131072,129434321,0,0,1216421504,2147483648,103406848,132940761,0,0,0,0,0,0,0,0,0,0,0,0,0,0,0,0,0,0,7736541,7736657,0,97,97,6262,329,15473128,35,0,0,0,0,0,0,0,1,0,0,0,0,0,0,0,0,0,0,8702188,0,12547618,110771,0,0,0,0,0,0,0,0,16384,0,0,0,0,0,0,0,0,0,0,0,3310,348,0,0,0,0,0,23521968,0,658,1,47,348,3310,0,0,0,0,0,0,0,0,0,0,0,0,0,0,0,0,0,0,0,0,0,0,0,0,0,0,0,0,0,0,0,0,0,0,0,0,0,0,0,0,0,0,0,0,0,0,0,0,0,0,0,0,0,104816378,0,0,0,115477517,0,0,0,0,0,0,0,76595006,129488836,176669981,54418826752,45015569,0,1,0,0,0,0,0,0,0,0,0,0,0,0,0,0,0,0,0,0,0,0,0,0,0,0,0,0,0,0,0,52279533,0,0,0,0,0,0,0
1789621318.353,0,0,0,0,0,0,0,240957225,2120729103872,756465818624,0,0,0,0,0,0,0,0,0,0,0,0,0,0,0,0,0,0,0,0,0,0,0,0,0,0,0,0,0,0,0,0,0,0,0,0,0,0,0,0,0,0,0,0,0,0,0,0,0,0,0,0,0,0,0,0,0,0,421626,129603379,42308934,0,0,0,0,0,0,0,0,0,0,0,0,0,0,0,0,0,0,0,0,0,0,0,0,0,0,0,0,0,0,0,0,0,0,0,0,0,2146287616,644792320,130999,39355,0,73,131072,129452592,0,0,1216541703,2147483648,103424755,132952854,0,0,0,0,0,0,0,0,0,0,0,0,0,0,0,0,0,0,7737303,7737416,0,97,97,6262,329,15474634,35,0,0,0,0,0,0,0,1,0,0,0,0,0,0,0,0,0,0,8703042,0,12547618,110771,0,0,0,0,0,0,0,0,16384,0,0,0,0,0,0,0,0,0,0,0,3311,348,0,0,0,0,0,23524272,0,658,1,47,348,3311,0,0,0,0,0,0,0,0,0,0,0,0,0,0,0,0,0,0,0,0,0,0,0,0,0,0,0,0,0,0,0,0,0,0,0,0,0,0,0,0,0,0,0,0,0,0,0,0,0,0,0,0,0,104818808,0,0,0,115488346,0,0,0,0,0,0,0,76600585,129507109,176680528,54420571648,45017096,0,0,0,0,0,0,0,0,0,0,0,0,0,0,0,0,0,0,0,0,0,0,0,0,0,0,0,0,0,0,0,52280291,0,0,0,0,0,0,0
1789621319.378,0,0,0,0,0,0,0,240981606,2121046527488,756562126848,0,0,0,0,0,0,0,0,0,0,0,0,0,0,0,0,0,0,0,0,0,0,0,0,0,0,0,0,0,0,0,0,0,0,0,0,0,0,0,0,0,0,0,0,0,0,0,0,0,0,0,0,0,0,0,0,0,0,421681,129622791,42314650,0,0,0,0,0,0,0,0,0,0,0,0,0,0,0,0,0,0,0,0,0,0,0,0,0,0,0,0,0,0,0,0,0,0,0,0,0,2146140160,630620160,130990,38490,0,82,131072,129471995,0,0,1216669394,2147483648,103443110,132965612,0,0,0,0,0,0,0,0,0,0,0,0,0,0,0,0,0,0,7738093,7738203,0,97,97,6262,329,15476224,35,0,0,0,0,0,0,0,1,0,0,0,0,0,0,0,0,0,0,8703927,0,12549053,110783,0,0,0,0,0,0,0,0,16384,0,0,0,0,0,0,0,0,0,0,0,3312,348,0,0,0,0,0,23526665,0,658,1,47,348,3312,0,0,0,0,0,0,0,0,0,0,0,0,0,0,0,0,0,0,0,0,0,0,0,0,0,0,0,0,0,0,0,0,0,0,0,0,0,0,0,0,0,0,0,0,0,0,0,0,0,0,0,0,0,104821314,0,0,0,115499698,0,0,0,0,0,0,0,76606618,129526511,176693035,54422374400,45018631,0,0,0,0,0,0,0,0,0,0,0,0,0,0,0,0,0,0,0,0,0,0,0,0,0,0,0,0,0,0,0,52281078,0,0,0,0,0,0,0
1789621320.405,0,0,0,0,0,0,0,241003665,2121333706240,756628980224,0,0,0,0,0,0,0,0,0,0,0,0,0,0,0,0,0,0,0,0,0,0,0,0,0,0,0,0,0,0,0,0,0,0,0,0,0,0,0,0,0,0,0,0,0,0,0,0,0,0,0,0,0,0,0,0,0,0,421722,129640333,42318579,0,0,0,0,0,0,0,0,0,0,0,0,0,0,0,0,0,0,0,0,0,0,0,0,0,0,0,0,0,0,0,0,0,0,0,0,0,2146451456,636436480,131008,38845,0,64,131072,129489526,0,0,1216785200,2147483648,103460267,132977012,0,0,0,0,0,0,0,0,0,0,0,0,0,0,0,0,0,0,7738819,7738927,0,97,97,6262,329,15477667,35,0,0,0,0,0,0,0,1,0,0,0,0,0,0,0,0,0,0,8704742,0,12549053,110783,0,0,0,0,0,0,0,0,16384,0,0,0,0,0,0,0,0,0,0,0,3313,348,0,0,0,0,0,23528861,0,658,1,47,348,3313,0,0,0,0,0,0,0,0,0,0,0,0,0,0,0,0,0,0,0,0,0,0,0,0,0,0,0,0,0,0,0,0,0,0,0,0,0,0,0,0,0,0,0,0,0,0,0,0,0,0,0,0,0,104823713,0,0,0,115509934,0,0,0,0,0,0,0,76612035,129544048,176703284,54424026624,45020122,0,0,0,0,0,0,0,0,0,0,0,0,0,0,0,0,0,0,0,0,0,0,0,0,0,0,0,0,0,0,0,52281803,0,0,0,0,0,0,0
1789621321.432,0,0,0,0,0,0,0,241028222,2121653571072,756706025984,0,0,0,0,0,0,0,0,0,0,0,0,0,0,0,0,0,0,0,0,0,0,0,0,0,0,0,0,0,0,0,0,0,0,0,0,0,0,0,0,0,0,0,0,0,0,0,0,0,0,0,0,0,0,0,0,0,0,421759,129659881,42323118,0,0,0,0,0,0,0,0,0,0,0,0,0,0,0,0,0,0,0,0,0,0,0,0,0,0,0,0,0,0,0,0,0,0,0,0,0,2146271232,640794624,130998,39111,0,74,131072,129509064,0,0,1216915130,2147483648,103479260,132989747,0,0,0,0,0,0,0,0,0,0,0,0,0,0,0,0,0,0,7739632,7739746,0,97,97,6262,329,15479303,35,0,0,0,0,0,0,0,1,0,0,0,0,0,0,0,0,0,0,8705663,0,12549181,110784,0,0,0,0,0,0,0,0,16384,0,0,0,0,0,0,0,0,0,0,0,3314,348,0,0,0,0,0,23531352,0,658,1,47,348,3314,0,0,0,0,0,0,0,0,0,0,0,0,0,0,0,0,0,0,0,0,0,0,0,0,0,0,0,0,0,0,0,0,0,0,0,0,0,0,0,0,0,0,0,0,0,0,0,0,0,0,0,0,0,104826244,0,0,0,115521492,0,0,0,0,0,0,0,76618000,129563588,176714759,54425828352,45021679,0,0,0,0,0,0,0,0,0,0,0,0,0,0,0,0,0,0,0,0,0,0,0,0,0,0,0,0,0,0,0,52282622,0,0,0,0,0,0,0
1789621322.459,0,0,0,0,0,0,0,241050493,2121943223808,756775366656,0,0,0,0,0,0,0,0,0,0,0,0,0,0,0,0,0,0,0,0,0,0,0,0,0,0,0,0,0,0,0,0,0,0,0,0,0,0,0,0,0,0,0,0,0,0,0,0,0,0,0,0,0,0,0,0,0,0,421807,129677585,42327190,0,0,0,0,0,0,0,0,0,0,0,0,0,0,0,0,0,0,0,0,0,0,0,0,0,0,0,0,0,0,0,0,0,0,0,0,0,2146222080,646987776,130995,39489,0,77,131072,129526757,0,0,1217031366,2147483648,103496585,133001449,0,0,0,0,0,0,0,0,0,0,0,0,0,0,0,0,0,0,7740361,7740475,0,97,97,6262,329,15480749,35,0,0,0,0,0,0,0,1,0,0,0,0,0,0,0,0,0,0,8706483,0,12549181,110784,0,0,0,0,0,0,0,0,16384,0,0,0,0,0,0,0,0,0,0,0,3315,348,0,0,0,0,0,23533568,0,658,1,47,348,3315,0,0,0,0,0,0,0,0,0,0,0,0,0,0,0,0,0,0,0,0,0,0,0,0,0,0,0,0,0,0,0,0,0,0,0,0,0,0,0,0,0,0,0,0,0,0,0,0,0,0,0,0,0,104828674,0,0,0,115531899,0,0,0,0,0,0,0,76623546,129581281,176725334,54427519488,45023152,0,1,0,0,0,0,0,0,0,0,0,0,0,0,0,0,0,0,0,0,0,0,0,0,0,0,0,0,0,0,0,52283351,0,0,0,0,0,0,0
1789621323.485,0,0,0,0,0,0,0,241075176,2122263399936,756872711680,0,0,0,0,0,0,0,0,0,0,0,0,0,0,0,0,0,0,0,0,0,0,0,0,0,0,0,0,0,0,0,0,0,0,0,0,0,0,0,0,0,0,0,0,0,0,0,0,0,0,0,0,0,0,0,0,0,0,421847,129697159,42332958,0,0,0,0,0,0,0,0,0,0,0,0,0,0,0,0,0,0,0,0,0,0,0,0,0,0,0,0,0,0,0,0,0,0,0,0,0,2146271232,632848384,130998,38626,0,74,131072,129546321,0,0,1217160225,2147483648,103515167,133014332,0,0,0,0,0,0,0,0,0,0,0,0,0,0,0,0,0,0,7741178,7741291,0,97,97,6262,329,15482377,35,0,0,0,0,0,0,0,1,0,0,0,0,0,0,0,0,0,0,8707401,0,12550615,110796,0,0,0,0,0,0,0,0,16384,0,0,0,0,0,0,0,0,0,0,0,3316,348,0,0,0,0,0,23536058,0,658,1,47,348,3316,0,0,0,0,0,0,0,0,0,0,0,0,0,0,0,0,0,0,0,0,0,0,0,0,0,0,0,0,0,0,0,0,0,0,0,0,0,0,0,0,0,0,0,0,0,0,0,0,0,0,0,0,0,104831208,0,0,0,115543564,0,0,0,0,0,0,0,76629670,129600846,176737998,54429352448,45024719,0,0,0,0,0,0,0,0,0,0,0,0,0,0,0,0,0,0,0,0,0,0,0,0,0,0,0,0,0,0,0,52284167,0,0,0,0,0,0,0
1789621324.512,0,0,0,0,0,0,0,241096957,2122549644800,756940813312,0,0,0,0,0,0,0,0,0,0,0,0,0,0,0,0,0,0,0,0,0,0,0,0,0,0,0,0,0,0,0,0,0,0,0,0,0,0,0,0,0,0,0,0,0,0,0,0,0,0,0,0,0,0,0,0,0,0,421886,129714661,42336968,0,0,0,0,0,0,0,0,0,0,0,0,0,0,0,0,0,0,0,0,0,0,0,0,0,0,0,0,0,0,0,0,0,0,0,0,0,2146123776,635895808,130989,38812,0,83,131072,129563811,0,0,1217275124,2147483648,103532274,133025531,0,0,0,0,0,0,0,0,0,0,0,0,0,0,0,0,0,0,7741895,7742009,0,97,97,6262,329,15483827,35,0,0,0,0,0,0,0,1,0,0,0,0,0,0,0,0,0,0,8708208,0,12550615,110796,0,0,0,0,0,0,0,0,16384,0,0,0,0,0,0,0,0,0,0,0,3317,348,0,0,0,0,0,23538246,0,658,1,47,348,3317,0,0,0,0,0,0,0,0,0,0,0,0,0,0,0,0,0,0,0,0,0,0,0,0,0,0,0,0,0,0,0,0,0,0,0,0,0,0,0,0,0,0,0,0,0,0,0,0,0,0,0,0,0,104833610,0,0,0,115553695,0,0,0,0,0,0,0,76635165,129618339,176748407,54431000064,45026212,0,0,0,0,0,0,0,0,0,0,0,0,0,0,0,0,0,0,0,0,0,0,0,0,0,0,0,0,0,0,0,52284884,0,0,0,0,0,0,0
1789621325.538,0,0,0,0,0,0,0,241119697,2122845310464,757012438528,0,0,0,0,0,0,0,0,0,0,0,0,0,0,0,0,0,0,0,0,0,0,0,0,0,0,0,0,0,0,0,0,0,0,0,0,0,0,0,0,0,0,0,0,0,0,0,0,0,0,0,0,0,0,0,0,0,0,421936,129732734,42341188,0,0,0,0,0,0,0,0,0,0,0,0,0,0,0,0,0,0,0,0,0,0,0,0,0,0,0,0,0,0,0,0,0,0,0,0,0,2146123776,639713280,130989,39045,0,83,131072,129581872,0,0,1217395311,2147483648,103549793,133037384,0,0,0,0,0,0,0,0,0,0,0,0,0,0,0,0,0,0,7742640,7742755,0,97,97,6262,329,15485319,35,0,0,0,0,0,0,0,1,0,0,0,0,0,0,0,0,0,0,8709048,0,12550743,110797,0,0,0,0,0,0,0,0,16384,0,0,0,0,0,0,0,0,0,0,0,3318,348,0,0,0,0,0,23540520,0,658,1,47,348,3318,0,0,0,0,0,0,0,0,0,0,0,0,0,0,0,0,0,0,0,0,0,0,0,0,0,0,0,0,0,0,0,0,0,0,0,0,0,0,0,0,0,0,0,0,0,0,0,0,0,0,0,0,0,104836037,0,0,0,115564307,0,0,0,0,0,0,0,76640740,129636407,176759132,54432713216,45027700,0,0,0,0,0,0,0,0,0,0,0,0,0,0,0,0,0,0,0,0,0,0,0,0,0,0,0,0,0,0,0,52285631,0,0,0,0,0,0,0
1789621326.566,0,0,0,0,0,0,0,241143728,2123156753920,757108553216,0,0,0,0,0,0,0,0,0,0,0,0,0,0,0,0,0,0,0,0,0,0,0,0,0,0,0,0,0,0,0,0,0,0,0,0,0,0,0,0,0,0,0,0,0,0,0,0,0,0,0,0,0,0,0,0,0,0,421974,129751769,42346884,0,0,0,0,0,0,0,0,0,0,0,0,0,0,0,0,0,0,0,0,0,0,0,0,0,0,0,0,0,0,0,0,0,0,0,0,0,2146172928,625311744,130992,38166,0,80,131072,129600889,0,0,1217520907,2147483648,103567903,133049971,0,0,0,0,0,0,0,0,0,0,0,0,0,0,0,0,0,0,7743432,7743546,0,97,97,6262,329,15486888,35,0,0,0,0,0,0,0,1,0,0,0,0,0,0,0,0,0,0,8709937,0,12552164,110809,0,0,0,0,0,0,0,0,16384,0,0,0,0,0,0,0,0,0,0,0,3319,348,0,0,0,0,0,23542926,0,658,1,47,348,3319,0,0,0,0,0,0,0,0,0,0,0,0,0,0,0,0,0,0,0,0,0,0,0,0,0,0,0,0,0,0,0,0,0,0,0,0,0,0,0,0,0,0,0,0,0,0,0,0,0,0,0,0,0,104838568,0,0,0,115575612,0,0,0,0,0,0,0,76646807,129655435,176771656,54434501632,45029270,0,0,0,0,0,0,0,0,0,0,0,0,0,0,0,0,0,0,0,0,0,0,0,0,0,0,0,0,0,0,0,52286422,0,0,0,0,0,0,0
1789621327.593,0,0,0,0,0,0,0,241167785,2123470196224,757180664832,0,0,0,0,0,0,0,0,0,0,0,0,0,0,0,0,0,0,0,0,0,0,0,0,0,0,0,0,0,0,0,0,0,0,0,0,0,0,0,0,0,0,0,0,0,0,0,0,0,0,0,0,0,0,0,0,0,0,422025,129770926,42351116,0,0,0,0,0,0,0,0,0,0,0,0,0,0,0,0,0,0,0,0,0,0,0,0,0,0,0,0,0,0,0,0,0,0,0,0,0,2146254848,634863616,130997,38749,0,75,131072,129620027,0,0,1217646740,2147483648,103586635,133062626,0,0,0,0,0,0,0,0,0,0,0,0,0,0,0,0,0,0,7744225,7744340,0,97,97,6262,329,15488489,35,0,0,0,0,0,0,0,1,0,0,0,0,0,0,0,0,0,0,8710829,0,12552164,110809,0,0,0,0,0,0,0,0,16384,0,0,0,0,0,0,0,0,0,0,0,3320,348,0,0,0,0,0,23545342,0,658,1,47,348,3320,0,0,0,0,0,0,0,0,0,0,0,0,0,0,0,0,0,0,0,0,0,0,0,0,0,0,0,0,0,0,0,0,0,0,0,0,0,0,0,0,0,0,0,0,0,0,0,0,0,0,0,0,0,104841085,0,0,0,115586950,0,0,0,0,0,0,0,76652591,129674588,176782647,54436291584,45030820,0,0,0,0,0,0,0,0,0,0,0,0,0,0,0,0,0,0,0,0,0,0,0,0,0,0,0,0,0,0,0,52287214,0,0,0,0,0,0,0
1789621328.620,0,0,0,0,0,0,0,241188602,2123742514688,757245797888,0,0,0,0,0,0,0,0,0,0,0,0,0,0,0,0,0,0,0,0,0,0,0,0,0,0,0,0,0,0,0,0,0,0,0,0,0,0,0,0,0,0,0,0,0,0,0,0,0,0,0,0,0,0,0,0,0,0,422065,129787565,42354953,0,0,0,0,0,0,0,0,0,0,0,0,0,0,0,0,0,0,0,0,0,0,0,0,0,0,0,0,0,0,0,0,0,0,0,0,0,2146222080,637353984,130995,38901,0,77,131072,129636660,0,0,1217756152,2147483648,103602970,133073301,0,0,0,0,0,0,0,0,0,0,0,0,0,0,0,0,0,0,7744910,7745023,0,97,97,6262,329,15489866,35,0,0,0,0,0,0,0,1,0,0,0,0,0,0,0,0,0,0,8711600,0,12552164,110809,0,0,0,0,0,0,0,0,16384,0,0,0,0,0,0,0,0,0,0,0,3321,348,0,0,0,0,0,23547423,0,658,1,47,348,3321,0,0,0,0,0,0,0,0,0,0,0,0,0,0,0,0,0,0,0,0,0,0,0,0,0,0,0,0,0,0,0,0,0,0,0,0,0,0,0,0,0,0,0,0,0,0,0,0,0,0,0,0,0,104843424,0,0,0,115596596,0,0,0,0,0,0,0,76657852,129691223,176792646,54437877248,45032251,0,0,0,0,0,0,0,0,0,0,0,0,0,0,0,0,0,0,0,0,0,0,0,0,0,0,0,0,0,0,0,52287899,0,0,0,0,0,0,0
1789621329.646,0,0,0,0,0,0,0,241213619,2124068032000,757325563904,0,0,0,0,0,0,0,0,0,0,0,0,0,0,0,0,0,0,0,0,0,0,0,0,0,0,0,0,0,0,0,0,0,0,0,0,0,0,0,0,0,0,0,0,0,0,0,0,0,0,0,0,0,0,0,0,0,0,422111,129807471,42359646,0,0,0,0,0,0,0,0,0,0,0,0,0,0,0,0,0,0,0,0,0,0,0,0,0,0,0,0,0,0,0,0,0,0,0,0,0,2146254848,641531904,130997,39156,0,75,131072,129656559,0,0,1217888607,2147483648,103622285,133086393,0,0,0,0,0,0,0,0,0,0,0,0,0,0,0,0,0,0,7745736,7745850,0,97,97,6262,329,15491520,35,0,0,0,0,0,0,0,1,0,0,0,0,0,0,0,0,0,0,8712530,0,12552292,110810,0,0,0,0,0,0,0,0,16384,0,0,0,0,0,0,0,0,0,0,0,3322,348,0,0,0,0,0,23549929,0,658,1,47,348,3322,0,0,0,0,0,0,0,0,0,0,0,0,0,0,0,0,0,0,0,0,0,0,0,0,0,0,0,0,0,0,0,0,0,0,0,0,0,0,0,0,0,0,0,0,0,0,0,0,0,0,0,0,0,104845974,0,0,0,115608330,0,0,0,0,0,0,0,76664008,129711108,176804456,54439728128,45033834,0,0,0,0,0,0,0,0,0,0,0,0,0,0,0,0,0,0,0,0,0,0,0,0,0,0,0,0,0,0,0,52288726,0,0,0,0,0,0,0
1789621330.674,0,0,0,0,0,0,0,241237181,2124375100928,757420814336,0,0,0,0,0,0,0,0,0,0,0,0,0,0,0,0,0,0,0,0,0,0,0,0,0,0,0,0,0,0,0,0,0,0,0,0,0,0,0,0,0,0,0,0,0,0,0,0,0,0,0,0,0,0,0,0,0,0,422156,129826228,42365303,0,0,0,0,0,0,0,0,0,0,0,0,0,0,0,0,0,0,0,0,0,0,0,0,0,0,0,0,0,0,0,0,0,0,0,0,0,2146009088,626294784,130982,38226,0,90,131072,129675296,0,0,1218011555,2147483648,103639546,133098641,0,0,0,0,0,0,0,0,0,0,0,0,0,0,0,0,0,0,7746504,7746619,0,97,97,6262,329,15493056,35,0,0,0,0,0,0,0,1,0,0,0,0,0,0,0,0,0,0,8713394,0,12553709,110822,0,0,0,0,0,0,0,0,16384,0,0,0,0,0,0,0,0,0,0,0,3323,348,0,0,0,0,0,23552269,0,658,1,47,348,3323,0,0,0,0,0,0,0,0,0,0,0,0,0,0,0,0,0,0,0,0,0,0,0,0,0,0,0,0,0,0,0,0,0,0,0,0,0,0,0,0,0,0,0,0,0,0,0,0,0,0,0,0,0,104848440,0,0,0,115619366,0,0,0,0,0,0,0,76669958,129729872,176816821,54441464832,45035337,0,0,0,0,0,0,0,0,0,0,0,0,0,0,0,0,0,0,0,0,0,0,0,0,0,0,0,0,0,0,0,52289494,0,0,0,0,0,0,0
1789621331.700,0,0,0,0,0,0,0,241260742,2124680908288,757490821632,0,0,0,0,0,0,0,0,0,0,0,0,0,0,0,0,0,0,0,0,0,0,0,0,0,0,0,0,0,0,0,0,0,0,0,0,0,0,0,0,0,0,0,0,0,0,0,0,0,0,0,0,0,0,0,0,0,0,422198,129844921,42369415,0,0,0,0,0,0,0,0,0,0,0,0,0,0,0,0,0,0,0,0,0,0,0,0,0,0,0,0,0,0,0,0,0,0,0,0,0,2146254848,635486208,130997,38787,0,75,131072,129693965,0,0,1218134712,2147483648,103657850,133110898,0,0,0,0,0,0,0,0,0,0,0,0,0,0,0,0,0,0,7747282,7747394,0,97,97,6262,329,15494604,35,0,0,0,0,0,0,0,1,0,0,0,0,0,0,0,0,0,0,8714267,0,12553709,110822,0,0,0,0,0,0,0,0,16384,0,0,0,0,0,0,0,0,0,0,0,3324,348,0,0,0,0,0,23554632,0,658,1,47,348,3324,0,0,0,0,0,0,0,0,0,0,0,0,0,0,0,0,0,0,0,0,0,0,0,0,0,0,0,0,0,0,0,0,0,0,0,0,0,0,0,0,0,0,0,0,0,0,0,0,0,0,0,0,0,104850910,0,0,0,115630408,0,0,0,0,0,0,0,76675616,129748545,176827509,54443207168,45036885,0,0,0,0,0,0,0,0,0,0,0,0,0,0,0,0,0,0,0,0,0,0,0,0,0,0,0,0,0,0,0,52290270,0,0,0,0,0,0,0
1789621332.727,0,0,0,0,0,0,0,241283382,2124977065472,757563814912,0,0,0,0,0,0,0,0,0,0,0,0,0,0,0,0,0,0,0,0,0,0,0,0,0,0,0,0,0,0,0,0,0,0,0,0,0,0,0,0,0,0,0,0,0,0,0,0,0,0,0,0,0,0,0,0,0,0,422244,129863024,42373709,0,0,0,0,0,0,0,0,0,0,0,0,0,0,0,0,0,0,0,0,0,0,0,0,0,0,0,0,0,0,0,0,0,0,0,0,0,2146484224,637599744,131011,38916,0,61,131072,129712055,0,0,1218254241,2147483648,103675404,133122718,0,0,0,0,0,0,0,0,0,0,0,0,0,0,0,0,0,0,7748038,7748151,0,97,97,6262,329,15496117,35,0,0,0,0,0,0,0,1,0,0,0,0,0,0,0,0,0,0,8715119,0,12553837,110823,0,0,0,0,0,0,0,0,16384,0,0,0,0,0,0,0,0,0,0,0,3325,348,0,0,0,0,0,23556927,0,658,1,47,348,3325,0,0,0,0,0,0,0,0,0,0,0,0,0,0,0,0,0,0,0,0,0,0,0,0,0,0,0,0,0,0,0,0,0,0,0,0,0,0,0,0,0,0,0,0,0,0,0,0,0,0,0,0,0,104853326,0,0,0,115641049,0,0,0,0,0,0,0,76681287,129766635,176838392,54444915200,45038387,0,0,0,0,0,0,0,0,0,0,0,0,0,0,0,0,0,0,0,0,0,0,0,0,0,0,0,0,0,0,0,52291027,0,0,0,0,0,0,0
1789621333.753,0,0,0,0,0,0,0,241307885,2125295422976,757639872512,0,0,0,0,0,0,0,0,0,0,0,0,0,0,0,0,0,0,0,0,0,0,0,0,0,0,0,0,0,0,0,0,0,0,0,0,0,0,0,0,0,0,0,0,0,0,0,0,0,0,0,0,0,0,0,0,0,0,422291,129882476,42378185,0,0,0,0,0,0,0,0,0,0,0,0,0,0,0,0,0,0,0,0,0,0,0,0,0,0,0,0,0,0,0,0,0,0,0,0,0,2146238464,642957312,130996,39243,0,76,131072,129731501,0,0,1218383224,2147483648,103694480,133135435,0,0,0,0,0,0,0,0,0,0,0,0,0,0,0,0,0,0,7748838,7748953,0,97,97,6262,329,15497711,35,0,0,0,0,0,0,0,1,0,0,0,0,0,0,0,0,0,0,8716019,0,12553837,110823,0,0,0,0,0,0,0,0,16384,0,0,0,0,0,0,0,0,0,0,0,3326,348,0,0,0,0,0,23559370,0,658,1,47,348,3326,0,0,0,0,0,0,0,0,0,0,0,0,0,0,0,0,0,0,0,0,0,0,0,0,0,0,0,0,0,0,0,0,0,0,0,0,0,0,0,0,0,0,0,0,0,0,0,0,0,0,0,0,0,104855841,0,0,0,115652447,0,0,0,0,0,0,0,76687337,129786086,176849845,54446734336,45039965,0,0,0,0,0,0,0,0,0,0,0,0,0,0,0,0,0,0,0,0,0,0,0,0,0,0,0,0,0,0,0,52291828,0,0,0,0,0,0,0
1789621334.780,0,0,0,0,0,0,0,241329789,2125579832832,757729775104,0,0,0,0,0,0,0,0,0,0,0,0,0,0,0,0,0,0,0,0,0,0,0,0,0,0,0,0,0,0,0,0,0,0,0,0,0,0,0,0,0,0,0,0,0,0,0,0,0,0,0,0,0,0,0,0,0,0,422331,129899860,42383512,0,0,0,0,0,0,0,0,0,0,0,0,0,0,0,0,0,0,0,0,0,0,0,0,0,0,0,0,0,0,0,0,0,0,0,0,0,2146418688,627572736,131007,38304,0,65,131072,129748874,0,0,1218497676,2147483648,103710974,133146894,0,0,0,0,0,0,0,0,0,0,0,0,0,0,0,0,0,0,7749556,7749664,0,97,97,6262,329,15499148,35,0,0,0,0,0,0,0,1,0,0,0,0,0,0,0,0,0,0,8716821,0,12555289,110835,0,0,0,0,0,0,0,0,16384,0,0,0,0,0,0,0,0,0,0,0,3327,348,0,0,0,0,0,23561527,0,658,1,47,348,3327,0,0,0,0,0,0,0,0,0,0,0,0,0,0,0,0,0,0,0,0,0,0,0,0,0,0,0,0,0,0,0,0,0,0,0,0,0,0,0,0,0,0,0,0,0,0,0,0,0,0,0,0,0,104858220,0,0,0,115662726,0,0,0,0,0,0,0,76692917,129803458,176861454,54448403968,45041438,0,0,0,0,0,0,0,0,0,0,0,0,0,0,0,0,0,0,0,0,0,0,0,0,0,0,0,0,0,0,0,52292540,0,0,0,0,0,0,0
1789621335.806,0,0,0,0,0,0,0,241353546,2125888048640,757805063168,0,0,0,0,0,0,0,0,0,0,0,0,0,0,0,0,0,0,0,0,0,0,0,0,0,0,0,0,0,0,0,0,0,0,0,0,0,0,0,0,0,0,0,0,0,0,0,0,0,0,0,0,0,0,0,0,0,0,422382,129918705,42387726,0,0,0,0,0,0,0,0,0,0,0,0,0,0,0,0,0,0,0,0,0,0,0,0,0,0,0,0,0,0,0,0,0,0,0,0,0,2146385920,635043840,131005,38760,0,67,131072,129767702,0,0,1218621752,2147483648,103729409,133159310,0,0,0,0,0,0,0,0,0,0,0,0,0,0,0,0,0,0,7750335,7750452,0,97,97,6262,329,15500698,35,0,0,0,0,0,0,0,1,0,0,0,0,0,0,0,0,0,0,8717706,0,12555289,110835,0,0,0,0,0,0,0,0,16384,0,0,0,0,0,0,0,0,0,0,0,3328,348,0,0,0,0,0,23563930,0,658,1,47,348,3328,0,0,0,0,0,0,0,0,0,0,0,0,0,0,0,0,0,0,0,0,0,0,0,0,0,0,0,0,0,0,0,0,0,0,0,0,0,0,0,0,0,0,0,0,0,0,0,0,0,0,0,0,0,104868599,0,0,0,115673801,0,0,0,0,0,0,0,76704680,129822281,176880239,54453822976,45048998,0,0,0,0,0,0,0,0,0,0,0,0,0,0,0,0,0,0,0,0,0,0,0,0,0,0,0,0,0,0,0,52293328,0,0,0,0,0,0,0
1789621336.832,0,0,0,0,0,0,0,241374611,2126163430912,757870989312,0,0,0,0,0,0,0,0,0,0,0,0,0,0,0,0,0,0,0,0,0,0,0,0,0,0,0,0,0,0,0,0,0,0,0,0,0,0,0,0,0,0,0,0,0,0,0,0,0,0,0,0,0,0,0,0,0,0,422419,129935526,42391595,0,0,0,0,0,0,0,0,0,0,0,0,0,0,0,0,0,0,0,0,0,0,0,0,0,0,0,0,0,0,0,0,0,0,0,0,0,2146205696,638795776,130994,38989,0,78,131072,129784517,0,0,1218732520,2147483648,103745950,133170209,0,0,0,0,0,0,0,0,0,0,0,0,0,0,0,0,0,0,7751033,7751145,0,97,97,6262,329,15502115,35,0,0,0,0,0,0,0,1,0,0,0,0,0,0,0,0,0,0,8718487,0,12555289,110835,0,0,0,0,0,0,0,0,16384,0,0,0,0,0,0,0,0,0,0,0,3329,348,0,0,0,0,0,23566031,0,658,1,47,348,3329,0,0,0,0,0,0,0,0,0,0,0,0,0,0,0,0,0,0,0,0,0,0,0,0,0,0,0,0,0,0,0,0,0,0,0,0,0,0,0,0,0,0,0,0,0,0,0,0,0,0,0,0,0,104871085,0,0,0,115683680,0,0,0,0,0,0,0,76710122,129839103,176890464,54455502848,45050569,0,0,0,0,0,0,0,0,0,0,0,0,0,0,0,0,0,0,0,0,0,0,0,0,0,0,0,0,0,0,0,52294021,0,0,0,0,0,0,0
1789621337.859,0,0,0,0,0,0,0,241399642,2126490979840,757950926336,0,0,0,0,0,0,0,0,0,0,0,0,0,0,0,0,0,0,0,0,0,0,0,0,0,0,0,0,0,0,0,0,0,0,0,0,0,0,0,0,0,0,0,0,0,0,0,0,0,0,0,0,0,0,0,0,0,0,422466,129955551,42396290,0,0,0,0,0,0,0,0,0,0,0,0,0,0,0,0,0,0,0,0,0,0,0,0,0,0,0,0,0,0,0,0,0,0,0,0,0,2146304000,643137536,131000,39254,0,72,131072,129804526,0,0,1218867878,2147483648,103765399,133187113,0,0,0,0,0,0,0,0,0,0,0,0,0,0,0,0,0,0,7751874,7751986,0,97,97,6262,329,15503792,35,0,0,0,0,0,0,0,1,0,0,0,0,0,0,0,0,0,0,8719433,0,12555417,110836,0,0,0,0,0,0,0,0,16384,0,0,0,0,0,0,0,0,0,0,0,3330,348,0,0,0,0,0,23568592,0,658,1,47,348,3330,0,0,0,0,0,0,0,0,0,0,0,0,0,0,0,0,0,0,0,0,0,0,0,0,0,0,0,0,0,0,0,0,0,0,0,0,0,0,0,0,0,0,0,0,0,0,0,0,0,0,0,0,0,104873711,0,0,0,115696954,0,0,0,0,0,0,0,76716326,129859124,176902353,54457468416,45052201,0,0,0,0,0,0,0,0,0,0,0,0,0,0,0,0,0,0,0,0,0,0,0,0,0,0,0,0,0,0,0,52293352,0,0,0,0,0,0,0
1789621338.885,0,0,0,0,0,0,0,241423026,2126797065728,758045193728,0,0,0,0,0,0,0,0,0,0,0,0,0,0,0,0,0,0,0,0,0,0,0,0,0,0,0,0,0,0,0,0,0,0,0,0,0,0,0,0,0,0,0,0,0,0,0,0,0,0,0,0,0,0,0,0,0,0,422521,129974264,42401890,0,0,0,0,0,0,0,0,0,0,0,0,0,0,0,0,0,0,0,0,0,0,0,0,0,0,0,0,0,0,0,0,0,0,0,0,0,2146189312,627556352,130993,38303,0,79,131072,129823230,0,0,1218996787,2147483648,103783370,133205156,0,0,0,0,0,0,0,0,0,0,0,0,0,0,0,0,0,0,7752656,7752768,0,97,97,6262,329,15505345,35,0,0,0,0,0,0,0,1,0,0,0,0,0,0,0,0,0,0,8720311,0,12556850,110848,0,0,0,0,0,0,0,0,16384,0,0,0,0,0,0,0,0,0,0,0,3331,348,0,0,0,0,0,23570970,0,658,1,47,348,3331,0,0,0,0,0,0,0,0,0,0,0,0,0,0,0,0,0,0,0,0,0,0,0,0,0,0,0,0,0,0,0,0,0,0,0,0,0,0,0,0,0,0,0,0,0,0,0,0,0,0,0,0,0,104876253,0,0,0,115710239,0,0,0,0,0,0,0,76722252,129877829,176914626,54459361792,45053761,0,0,0,0,0,0,0,0,0,0,0,0,0,0,0,0,0,0,0,0,0,0,0,0,0,0,0,0,0,0,0,52291771,0,0,0,0,0,0,0
1789621339.912,0,0,0,0,0,0,0,241447726,2127119863296,758119989760,0,0,0,0,0,0,0,0,0,0,0,0,0,0,0,0,0,0,0,0,0,0,0,0,0,0,0,0,0,0,0,0,0,0,0,0,0,0,0,0,0,0,0,0,0,0,0,0,0,0,0,0,0,0,0,0,0,0,422563,129993997,42406261,0,0,0,0,0,0,0,0,0,0,0,0,0,0,0,0,0,0,0,0,0,0,0,0,0,0,0,0,0,0,0,0,0,0,0,0,0,2146353152,636780544,131003,38866,0,69,131072,129842944,0,0,1219132206,2147483648,103802438,133223764,0,0,0,0,0,0,0,0,0,0,0,0,0,0,0,0,0,0,7753482,7753597,0,97,97,6262,329,15506999,35,0,0,0,0,0,0,0,1,0,0,0,0,0,0,0,0,0,0,8721245,0,12556850,110848,0,0,0,0,0,0,0,0,16384,0,0,0,0,0,0,0,0,0,0,0,3332,348,0,0,0,0,0,23573501,0,658,1,47,348,3332,0,0,0,0,0,0,0,0,0,0,0,0,0,0,0,0,0,0,0,0,0,0,0,0,0,0,0,0,0,0,0,0,0,0,0,0,0,0,0,0,0,0,0,0,0,0,0,0,0,0,0,0,0,104878854,0,0,0,115724122,0,0,0,0,0,0,0,76728244,129897554,176925984,54461320704,45055373,0,0,0,0,0,0,0,0,0,0,0,0,0,0,0,0,0,0,0,0,0,0,0,0,0,0,0,0,0,0,0,52290293,0,0,0,0,0,0,0
1789621340.938,0,0,0,0,0,0,0,241469780,2127407861248,758189469184,0,0,0,0,0,0,0,0,0,0,0,0,0,0,0,0,0,0,0,0,0,0,0,0,0,0,0,0,0,0,0,0,0,0,0,0,0,0,0,0,0,0,0,0,0,0,0,0,0,0,0,0,0,0,0,0,0,0,422601,130011596,42410341,0,0,0,0,0,0,0,0,0,0,0,0,0,0,0,0,0,0,0,0,0,0,0,0,0,0,0,0,0,0,0,0,0,0,0,0,0,2146140160,641105920,130990,39130,0,82,131072,129860530,0,0,1219253105,2147483648,103819495,133240015,0,0,0,0,0,0,0,0,0,0,0,0,0,0,0,0,0,0,7754217,7754331,0,97,97,6262,329,15508483,35,0,0,0,0,0,0,0,1,0,0,0,0,0,0,0,0,0,0,8722071,0,12556978,110849,0,0,0,0,0,0,0,0,16384,0,0,0,0,0,0,0,0,0,0,0,3333,348,0,0,0,0,0,23575728,0,658,1,47,348,3333,0,0,0,0,0,0,0,0,0,0,0,0,0,0,0,0,0,0,0,0,0,0,0,0,0,0,0,0,0,0,0,0,0,0,0,0,0,0,0,0,0,0,0,0,0,0,0,0,0,0,0,0,0,104881282,0,0,0,115736421,0,0,0,0,0,0,0,76733694,129915143,176936440,54463088128,45056873,0,0,0,0,0,0,0,0,0,0,0,0,0,0,0,0,0,0,0,0,0,0,0,0,0,0,0,0,0,0,0,52289094,0,0,0,0,0,0,0
1789621341.963,0,0,0,0,0,0,0,241494468,2127730118144,758266587648,0,0,0,0,0,0,0,0,0,0,0,0,0,0,0,0,0,0,0,0,0,0,0,0,0,0,0,0,0,0,0,0,0,0,0,0,0,0,0,0,0,0,0,0,0,0,0,0,0,0,0,0,0,0,0,0,0,0,422656,130031309,42414854,0,0,0,0,0,0,0,0,0,0,0,0,0,0,0,0,0,0,0,0,0,0,0,0,0,0,0,0,0,0,0,0,0,0,0,0,0,2146287616,647479296,130999,39519,0,73,131072,129880223,0,0,1219388365,2147483648,103838755,133258422,0,0,0,0,0,0,0,0,0,0,0,0,0,0,0,0,0,0,7755045,7755158,0,97,97,6262,329,15510139,35,0,0,0,0,0,0,0,1,0,0,0,0,0,0,0,0,0,0,8723000,0,12556978,110849,0,0,0,0,0,0,0,0,16384,0,0,0,0,0,0,0,0,0,0,0,3334,348,0,0,0,0,0,23578246,0,658,1,47,348,3334,0,0,0,0,0,0,0,0,0,0,0,0,0,0,0,0,0,0,0,0,0,0,0,0,0,0,0,0,0,0,0,0,0,0,0,0,0,0,0,0,0,0,0,0,0,0,0,0,0,0,0,0,0,104883864,0,0,0,115750230,0,0,0,0,0,0,0,76739798,129934836,176948055,54465046016,45058457,0,0,0,0,0,0,0,0,0,0,0,0,0,0,0,0,0,0,0,0,0,0,0,0,0,0,0,0,0,0,0,52287719,0,0,0,0,0,0,0
1789621342.989,0,0,0,0,0,0,0,241518844,2128048688640,758363532800,0,0,0,0,0,0,0,0,0,0,0,0,0,0,0,0,0,0,0,0,0,0,0,0,0,0,0,0,0,0,0,0,0,0,0,0,0,0,0,0,0,0,0,0,0,0,0,0,0,0,0,0,0,0,0,0,0,0,422700,130050775,42420597,0,0,0,0,0,0,0,0,0,0,0,0,0,0,0,0,0,0,0,0,0,0,0,0,0,0,0,0,0,0,0,0,0,0,0,0,0,2146304000,631914496,131000,38569,0,73,131072,129899668,0,0,1219521418,2147483648,103857204,133276033,0,0,0,0,0,0,0,0,0,0,0,0,0,0,0,0,0,0,7755854,7755969,0,97,97,6262,329,15511754,35,0,0,0,0,0,0,0,1,0,0,0,0,0,0,0,0,0,0,8723914,0,12558410,110861,0,0,0,0,0,0,0,0,16384,0,0,0,0,0,0,0,0,0,0,0,3335,348,0,0,0,0,0,23580708,0,658,1,47,348,3335,0,0,0,0,0,0,0,0,0,0,0,0,0,0,0,0,0,0,0,0,0,0,0,0,0,0,0,0,0,0,0,0,0,0,0,0,0,0,0,0,0,0,0,0,0,0,0,0,0,0,0,0,0,104886400,0,0,0,115763601,0,0,0,0,0,0,0,76745882,129954296,176960646,54466942464,45060018,0,0,0,0,0,0,0,0,0,0,0,0,0,0,0,0,0,0,0,0,0,0,0,0,0,0,0,0,0,0,0,52286491,0,0,0,0,0,0,0
1789621344.016,0,0,0,0,0,0,0,241542767,2128360263168,758437046784,0,0,0,0,0,0,0,0,0,0,0,0,0,0,0,0,0,0,0,0,0,0,0,0,0,0,0,0,0,0,0,0,0,0,0,0,0,0,0,0,0,0,0,0,0,0,0,0,0,0,0,0,0,0,0,0,0,0,422745,130069827,42424903,0,0,0,0,0,0,0,0,0,0,0,0,0,0,0,0,0,0,0,0,0,0,0,0,0,0,0,0,0,0,0,0,0,0,0,0,0,2145927168,639369216,130977,39024,0,95,131072,129918709,0,0,1219652526,2147483648,103875868,133293910,0,0,0,0,0,0,0,0,0,0,0,0,0,0,0,0,0,0,7756655,7756771,0,97,97,6262,329,15513344,35,0,0,0,0,0,0,0,1,0,0,0,0,0,0,0,0,0,0,8724815,0,12558410,110861,0,0,0,0,0,0,0,0,16384,0,0,0,0,0,0,0,0,0,0,0,3336,348,0,0,0,0,0,23583150,0,658,1,47,348,3336,0,0,0,0,0,0,0,0,0,0,0,0,0,0,0,0,0,0,0,0,0,0,0,0,0,0,0,0,0,0,0,0,0,0,0,0,0,0,0,0,0,0,0,0,0,0,0,0,0,0,0,0,0,104888908,0,0,0,115776996,0,0,0,0,0,0,0,76751763,129973339,176971764,54468854272,45061593,0,0,0,0,0,0,0,0,0,0,0,0,0,0,0,0,0,0,0,0,0,0,0,0,0,0,0,0,0,0,0,52285110,0,0,0,0,0,0,0
1789621345.043,0,0,0,0,0,0,0,241564752,2128648261120,758506163712,0,0,0,0,0,0,0,0,0,0,0,0,0,0,0,0,0,0,0,0,0,0,0,0,0,0,0,0,0,0,0,0,0,0,0,0,0,0,0,0,0,0,0,0,0,0,0,0,0,0,0,0,0,0,0,0,0,0,422796,130087422,42428961,0,0,0,0,0,0,0,0,0,0,0,0,0,0,0,0,0,0,0,0,0,0,0,0,0,0,0,0,0,0,0,0,0,0,0,0,0,2146189312,644284416,130993,39324,0,79,131072,129936290,0,0,1219773205,2147483648,103892982,133310457,0,0,0,0,0,0,0,0,0,0,0,0,0,0,0,0,0,0,7757394,7757505,0,97,97,6262,329,15514815,35,0,0,0,0,0,0,0,1,0,0,0,0,0,0,0,0,0,0,8725641,0,12558538,110862,0,0,0,0,0,0,0,0,16384,0,0,0,0,0,0,0,0,0,0,0,3337,348,0,0,0,0,0,23585378,0,658,1,47,348,3337,0,0,0,0,0,0,0,0,0,0,0,0,0,0,0,0,0,0,0,0,0,0,0,0,0,0,0,0,0,0,0,0,0,0,0,0,0,0,0,0,0,0,0,0,0,0,0,0,0,0,0,0,0,104891356,0,0,0,115789333,0,0,0,0,0,0,0,76757212,129990929,176982185,54470645248,45063117,0,0,0,0,0,0,0,0,0,0,0,0,0,0,0,0,0,0,0,0,0,0,0,0,0,0,0,0,0,0,0,52283808,0,0,0,0,0,0,0
1789621346.070,0,0,0,0,0,0,0,241588269,2128957279744,758579649024,0,0,0,0,0,0,0,0,0,0,0,0,0,0,0,0,0,0,0,0,0,0,0,0,0,0,0,0,0,0,0,0,0,0,0,0,0,0,0,0,0,0,0,0,0,0,0,0,0,0,0,0,0,0,0,0,0,0,422838,130106315,42433264,0,0,0,0,0,0,0,0,0,0,0,0,0,0,0,0,0,0,0,0,0,0,0,0,0,0,0,0,0,0,0,0,0,0,0,0,0,2146369536,650215424,131004,39686,0,68,131072,129955169,0,0,1219902997,2147483648,103911378,133328368,0,0,0,0,0,0,0,0,0,0,0,0,0,0,0,0,0,0,7758174,7758290,0,97,97,6262,329,15516384,35,0,0,0,0,0,0,0,1,0,0,0,0,0,0,0,0,0,0,8726524,0,12558538,110862,0,0,0,0,0,0,0,0,16384,0,0,0,0,0,0,0,0,0,0,0,3338,348,0,0,0,0,0,23587765,0,658,1,47,348,3338,0,0,0,0,0,0,0,0,0,0,0,0,0,0,0,0,0,0,0,0,0,0,0,0,0,0,0,0,0,0,0,0,0,0,0,0,0,0,0,0,0,0,0,0,0,0,0,0,0,0,0,0,0,104893840,0,0,0,115802620,0,0,0,0,0,0,0,76763073,130009812,176993280,54472531456,45064674,0,0,0,0,0,0,0,0,0,0,0,0,0,0,0,0,0,0,0,0,0,0,0,0,0,0,0,0,0,0,0,52282284,0,0,0,0,0,0,0
1789621347.096,0,0,0,0,0,0,0,241613024,2129280978432,758678758400,0,0,0,0,0,0,0,0,0,0,0,0,0,0,0,0,0,0,0,0,0,0,0,0,0,0,0,0,0,0,0,0,0,0,0,0,0,0,0,0,0,0,0,0,0,0,0,0,0,0,0,0,0,0,0,0,0,0,422879,130126091,42439117,0,0,0,0,0,0,0,0,0,0,0,0,0,0,0,0,0,0,0,0,0,0,0,0,0,0,0,0,0,0,0,0,0,0,0,0,0,2146271232,634519552,130998,38728,0,74,131072,129974928,0,0,1220038723,2147483648,103930067,133346681,0,0,0,0,0,0,0,0,0,0,0,0,0,0,0,0,0,0,7759002,7759116,0,97,97,6262,329,15518047,35,0,0,0,0,0,0,0,1,0,0,0,0,0,0,0,0,0,0,8727454,0,12559976,110874,0,0,0,0,0,0,0,0,16384,0,0,0,0,0,0,0,0,0,0,0,3339,348,0,0,0,0,0,23590284,0,658,1,47,348,3339,0,0,0,0,0,0,0,0,0,0,0,0,0,0,0,0,0,0,0,0,0,0,0,0,0,0,0,0,0,0,0,0,0,0,0,0,0,0,0,0,0,0,0,0,0,0,0,0,0,0,0,0,0,104896907,0,0,0,115816452,0,0,0,0,0,0,0,76769600,130029578,177006626,54474688000,45066567,0,0,0,0,0,0,0,0,0,0,0,0,0,0,0,0,0,0,0,0,0,0,0,0,0,0,0,0,0,0,0,52280908,0,0,0,0,0,0,0
1789621348.122,0,0,0,0,0,0,0,241634813,2129564634624,758745353216,0,0,0,0,0,0,0,0,0,0,0,0,0,0,0,0,0,0,0,0,0,0,0,0,0,0,0,0,0,0,0,0,0,0,0,0,0,0,0,0,0,0,0,0,0,0,0,0,0,0,0,0,0,0,0,0,0,0,422926,130143434,42443017,0,0,0,0,0,0,0,0,0,0,0,0,0,0,0,0,0,0,0,0,0,0,0,0,0,0,0,0,0,0,0,0,0,0,0,0,0,2146287616,640761856,130999,39109,0,73,131072,129992264,0,0,1220157969,2147483648,103947089,133362802,0,0,0,0,0,0,0,0,0,0,0,0,0,0,0,0,0,0,7759726,7759839,0,97,97,6262,329,15519491,35,0,0,0,0,0,0,0,1,0,0,0,0,0,0,0,0,0,0,8728267,0,12559976,110874,0,0,0,0,0,0,0,0,16384,0,0,0,0,0,0,0,0,0,0,0,3340,348,0,0,0,0,0,23592488,0,658,1,47,348,3340,0,0,0,0,0,0,0,0,0,0,0,0,0,0,0,0,0,0,0,0,0,0,0,0,0,0,0,0,0,0,0,0,0,0,0,0,0,0,0,0,0,0,0,0,0,0,0,0,0,0,0,0,0,104899306,0,0,0,115828546,0,0,0,0,0,0,0,76774995,130046911,177016842,54476439040,45068060,0,0,0,0,0,0,0,0,0,0,0,0,0,0,0,0,0,0,0,0,0,0,0,0,0,0,0,0,0,0,0,52279675,0,0,0,0,0,0,0
1789621349.149,0,0,0,0,0,0,0,241658609,2129876897280,758820213248,0,0,0,0,0,0,0,0,0,0,0,0,0,0,0,0,0,0,0,0,0,0,0,0,0,0,0,0,0,0,0,0,0,0,0,0,0,0,0,0,0,0,0,0,0,0,0,0,0,0,0,0,0,0,0,0,0,0,422967,130162517,42447420,0,0,0,0,0,0,0,0,0,0,0,0,0,0,0,0,0,0,0,0,0,0,0,0,0,0,0,0,0,0,0,0,0,0,0,0,0,2146172928,646283264,130992,39446,0,79,131072,130011327,0,0,1220288643,2147483648,103965617,133380704,0,0,0,0,0,0,0,0,0,0,0,0,0,0,0,0,0,0,7760519,7760637,0,97,97,6262,329,15521081,35,0,0,0,0,0,0,0,1,0,0,0,0,0,0,0,0,0,0,8729163,0,12560104,110875,0,0,0,0,0,0,0,0,16384,0,0,0,0,0,0,0,0,0,0,0,3341,348,0,0,0,0,0,23594914,0,658,1,47,348,3341,0,0,0,0,0,0,0,0,0,0,0,0,0,0,0,0,0,0,0,0,0,0,0,0,0,0,0,0,0,0,0,0,0,0,0,0,0,0,0,0,0,0,0,0,0,0,0,0,0,0,0,0,0,104901852,0,0,0,115841935,0,0,0,0,0,0,0,76780833,130065990,177028038,54478342656,45069634,0,0,0,0,0,0,0,0,0,0,0,0,0,0,0,0,0,0,0,0,0,0,0,0,0,0,0,0,0,0,0,52278236,0,0,0,0,0,0,0
1789621350.176,0,0,0,0,0,0,0,241681308,2130174283264,758890272256,0,0,0,0,0,0,0,0,0,0,0,0,0,0,0,0,0,0,0,0,0,0,0,0,0,0,0,0,0,0,0,0,0,0,0,0,0,0,0,0,0,0,0,0,0,0,0,0,0,0,0,0,0,0,0,0,0,0,423015,130180697,42451518,0,0,0,0,0,0,0,0,0,0,0,0,0,0,0,0,0,0,0,0,0,0,0,0,0,0,0,0,0,0,0,0,0,0,0,0,0,2146058240,653426688,130985,39882,0,87,131072,130029493,0,0,1220413182,2147483648,103983424,133397692,0,0,0,0,0,0,0,0,0,0,0,0,0,0,0,0,0,0,7761286,7761401,0,97,97,6262,329,15522601,35,0,0,0,0,0,0,0,1,0,0,0,0,0,0,0,0,0,0,8730023,0,12560104,110875,0,0,0,0,0,0,0,0,16384,0,0,0,0,0,0,0,0,0,0,0,3342,348,0,0,0,0,0,23597239,0,658,1,47,348,3342,0,0,0,0,0,0,0,0,0,0,0,0,0,0,0,0,0,0,0,0,0,0,0,0,0,0,0,0,0,0,0,0,0,0,0,0,0,0,0,0,0,0,0,0,0,0,0,0,0,0,0,0,0,104904348,0,0,0,115854671,0,0,0,0,0,0,0,76786456,130084160,177038736,54480186368,45071155,0,0,0,0,0,0,0,0,0,0,0,0,0,0,0,0,0,0,0,0,0,0,0,0,0,0,0,0,0,0,0,52276957,0,0,0,0,0,0,0
1789621351.202,0,0,0,0,0,0,0,241705469,2130489232896,758988081152,0,0,0,0,0,0,0,0,0,0,0,0,0,0,0,0,0,0,0,0,0,0,0,0,0,0,0,0,0,0,0,0,0,0,0,0,0,0,0,0,0,0,0,0,0,0,0,0,0,0,0,0,0,0,0,0,0,0,423067,130199956,42457305,0,0,0,0,0,0,0,0,0,0,0,0,0,0,0,0,0,0,0,0,0,0,0,0,0,0,0,0,0,0,0,0,0,0,0,0,0,2146287616,636665856,130999,38859,0,73,131072,130048739,0,0,1220545202,2147483648,104001641,133415323,0,0,0,0,0,0,0,0,0,0,0,0,0,0,0,0,0,0,7762086,7762200,0,97,97,6262,329,15524208,35,0,0,0,0,0,0,0,1,0,0,0,0,0,0,0,0,0,0,8730921,0,12561546,110887,0,0,0,0,0,0,0,0,16384,0,0,0,0,0,0,0,0,0,0,0,3343,348,0,0,0,0,0,23599666,0,658,1,47,348,3343,0,0,0,0,0,0,0,0,0,0,0,0,0,0,0,0,0,0,0,0,0,0,0,0,0,0,0,0,0,0,0,0,0,0,0,0,0,0,0,0,0,0,0,0,0,0,0,0,0,0,0,0,0,104906895,0,0,0,115867948,0,0,0,0,0,0,0,76792582,130103409,177051431,54482094080,45072716,1,0,0,0,0,0,0,0,0,0,0,0,0,0,0,0,0,0,0,0,0,0,0,0,0,0,0,0,0,0,0,52275690,0,0,0,0,0,0,0
1789621352.229,0,0,0,0,0,0,0,241728106,2130786209280,759057542656,0,0,0,0,0,0,0,0,0,0,0,0,0,0,0,0,0,0,0,0,0,0,0,0,0,0,0,0,0,0,0,0,0,0,0,0,0,0,0,0,0,0,0,0,0,0,0,0,0,0,0,0,0,0,0,0,0,0,423105,130218101,42461382,0,0,0,0,0,0,0,0,0,0,0,0,0,0,0,0,0,0,0,0,0,0,0,0,0,0,0,0,0,0,0,0,0,0,0,0,0,2146156544,643678208,130991,39287,0,82,131072,130066871,0,0,1220669557,2147483648,104019404,133432226,0,0,0,0,0,0,0,0,0,0,0,0,0,0,0,0,0,0,7762837,7762948,0,97,97,6262,329,15525716,35,0,0,0,0,0,0,0,1,0,0,0,0,0,0,0,0,0,0,8731762,0,12561546,110887,0,0,0,0,0,0,0,0,16384,0,0,0,0,0,0,0,0,0,0,0,3344,348,0,0,0,0,0,23601949,0,658,1,47,348,3344,0,0,0,0,0,0,0,0,0,0,0,0,0,0,0,0,0,0,0,0,0,0,0,0,0,0,0,0,0,0,0,0,0,0,0,0,0,0,0,0,0,0,0,0,0,0,0,0,0,0,0,0,0,104909387,0,0,0,115880628,0,0,0,0,0,0,0,76798187,130121555,177062063,54483916288,45074251,0,0,0,0,0,0,0,0,0,0,0,0,0,0,0,0,0,0,0,0,0,0,0,0,0,0,0,0,0,0,0,52274327,0,0,0,0,0,0,0
1789621353.255,0,0,0,0,0,0,0,241751458,2131091475968,759130864640,0,0,0,0,0,0,0,0,0,0,0,0,0,0,0,0,0,0,0,0,0,0,0,0,0,0,0,0,0,0,0,0,0,0,0,0,0,0,0,0,0,0,0,0,0,0,0,0,0,0,0,0,0,0,0,0,0,0,423149,130236771,42465684,0,0,0,0,0,0,0,0,0,0,0,0,0,0,0,0,0,0,0,0,0,0,0,0,0,0,0,0,0,0,0,0,0,0,0,0,0,2146205696,648904704,130994,39606,0,78,131072,130085532,0,0,1220796621,2147483648,104037510,133448843,0,0,0,0,0,0,0,0,0,0,0,0,0,0,0,0,0,0,7763621,7763737,0,97,97,6262,329,15527264,35,0,0,0,0,0,0,0,1,0,0,0,0,0,0,0,0,0,0,8732648,0,12561674,110888,0,0,0,0,0,0,0,0,16384,0,0,0,0,0,0,0,0,0,0,0,3345,348,0,0,0,0,0,23604344,0,658,1,47,348,3345,0,0,0,0,0,0,0,0,0,0,0,0,0,0,0,0,0,0,0,0,0,0,0,0,0,0,0,0,0,0,0,0,0,0,0,0,0,0,0,0,0,0,0,0,0,0,0,0,0,0,0,0,0,104911918,0,0,0,115893349,0,0,0,0,0,0,0,76803926,130140218,177073068,54485764096,45075816,1,0,0,0,0,0,0,0,0,0,0,0,0,0,0,0,0,0,0,0,0,0,0,0,0,0,0,0,0,0,0,52273300,0,0,0,0,0,0,0
1789621354.281,0,0,0,0,0,0,0,241774577,2131394039296,759206419456,0,0,0,0,0,0,0,0,0,0,0,0,0,0,0,0,0,0,0,0,0,0,0,0,0,0,0,0,0,0,0,0,0,0,0,0,0,0,0,0,0,0,0,0,0,0,0,0,0,0,0,0,0,0,0,0,0,0,423195,130255284,42470015,0,0,0,0,0,0,0,0,0,0,0,0,0,0,0,0,0,0,0,0,0,0,0,0,0,0,0,0,0,0,0,0,0,0,0,0,0,2145976320,652820480,130980,39845,0,92,131072,130104039,0,0,1220922934,2147483648,104055342,133465394,0,0,0,0,0,0,0,0,0,0,0,0,0,0,0,0,0,0,7764394,7764507,0,97,97,6262,329,15528830,35,0,0,0,0,0,0,0,1,0,0,0,0,0,0,0,0,0,0,8733518,0,12561674,110890,0,0,0,0,0,0,0,0,16384,0,0,0,0,0,0,0,0,0,0,0,3346,348,0,0,0,0,0,23606694,0,658,1,47,348,3346,0,0,0,0,0,0,0,0,0,0,0,0,0,0,0,0,0,0,0,0,0,0,0,0,0,0,0,0,0,0,0,0,0,0,0,0,0,0,0,0,0,0,0,0,0,0,0,0,0,0,0,0,0,104914431,0,0,0,115906034,0,0,0,0,0,0,0,76809695,130158714,177084247,54487606784,45077355,0,0,0,0,0,0,0,0,0,0,0,0,0,0,0,0,0,0,0,0,0,0,0,0,0,0,0,0,0,0,0,52272284,0,0,0,0,0,0,0
1789621355.308,0,0,0,0,0,0,0,241799842,2131725340160,759304709120,0,0,0,0,0,0,0,0,0,0,0,0,0,0,0,0,0,0,0,0,0,0,0,0,0,0,0,0,0,0,0,0,0,0,0,0,0,0,0,0,0,0,0,0,0,0,0,0,0,0,0,0,0,0,0,0,0,0,423241,130275519,42475934,0,0,0,0,0,0,0,0,0,0,0,0,0,0,0,0,0,0,0,0,0,0,0,0,0,0,0,0,0,0,0,0,0,0,0,0,0,2146320384,637321216,131001,38899,0,71,131072,130124260,0,0,1221061319,2147483648,104074594,133484061,0,0,0,0,0,0,0,0,0,0,0,0,0,0,0,0,0,0,7765235,7765352,0,97,97,6262,329,15530502,35,0,0,0,0,0,0,0,1,0,0,0,0,0,0,0,0,0,0,8734467,0,12563080,110900,0,0,0,0,0,0,0,0,16384,0,0,0,0,0,0,0,0,0,0,0,3347,348,0,0,0,0,0,23609269,0,658,1,47,348,3347,0,0,0,0,0,0,0,0,0,0,0,0,0,0,0,0,0,0,0,0,0,0,0,0,0,0,0,0,0,0,0,0,0,0,0,0,0,0,0,0,0,0,0,0,0,0,0,0,0,0,0,0,0,104917044,0,0,0,115920103,0,0,0,0,0,0,0,76816119,130178948,177097298,54489580544,45078946,0,0,0,0,0,0,0,0,0,0,0,0,0,0,0,0,0,0,0,0,0,0,0,0,0,0,0,0,0,0,0,52270866,0,0,0,0,0,0,0
1789621356.334,0,0,0,0,0,0,0,241820641,2131996708352,759368291328,0,0,0,0,0,0,0,0,0,0,0,0,0,0,0,0,0,0,0,0,0,0,0,0,0,0,0,0,0,0,0,0,0,0,0,0,0,0,0,0,0,0,0,0,0,0,0,0,0,0,0,0,0,0,0,0,0,0,423284,130292108,42479658,0,0,0,0,0,0,0,0,0,0,0,0,0,0,0,0,0,0,0,0,0,0,0,0,0,0,0,0,0,0,0,0,0,0,0,0,0,2146287616,643678208,130999,39287,0,73,131072,130140843,0,0,1221173410,2147483648,104090825,133497719,0,0,0,0,0,0,0,0,0,0,0,0,0,0,0,0,0,0,7765934,7766050,0,97,97,6262,329,15531899,35,0,0,0,0,0,0,0,1,0,0,0,0,0,0,0,0,0,0,8735252,0,12563080,110900,0,0,0,0,0,0,0,0,16384,0,0,0,0,0,0,0,0,0,0,0,3349,348,0,0,0,0,0,23611391,0,658,1,47,348,3349,0,0,0,0,0,0,0,0,0,0,0,0,0,0,0,0,0,0,0,0,0,0,0,0,0,0,0,0,0,0,0,0,0,0,0,0,0,0,0,0,0,0,0,0,0,0,0,0,0,0,0,0,0,104919429,0,0,0,115930921,0,0,0,0,0,0,0,76821325,130195522,177107120,54491268608,45080430,0,0,0,0,0,0,0,0,0,0,0,0,0,0,0,0,0,0,0,0,0,0,0,0,0,0,0,0,0,0,0,52270525,0,0,0,0,0,0,0
1789621357.361,0,0,0,0,0,0,0,241845935,2132327353856,759447837184,0,0,0,0,0,0,0,0,0,0,0,0,0,0,0,0,0,0,0,0,0,0,0,0,0,0,0,0,0,0,0,0,0,0,0,0,0,0,0,0,0,0,0,0,0,0,0,0,0,0,0,0,0,0,0,0,0,0,423329,130312313,42484340,0,0,0,0,0,0,0,0,0,0,0,0,0,0,0,0,0,0,0,0,0,0,0,0,0,0,0,0,0,0,0,0,0,0,0,0,0,2146189312,646529024,130993,39461,0,79,131072,130161027,0,0,1221306702,2147483648,104110466,133510714,0,0,0,0,0,0,0,0,0,0,0,0,0,0,0,0,0,0,7766774,7766888,0,97,97,6262,329,15533580,35,0,0,0,0,0,0,0,1,0,0,0,0,0,0,0,0,0,0,8736196,0,12563208,110901,0,0,0,0,0,0,0,0,16384,0,0,0,0,0,0,0,0,0,0,0,3350,348,0,0,0,0,0,23613940,0,658,1,47,348,3350,0,0,0,0,0,0,0,0,0,0,0,0,0,0,0,0,0,0,0,0,0,0,0,0,0,0,0,0,0,0,0,0,0,0,0,0,0,0,0,0,0,0,0,0,0,0,0,0,0,0,0,0,0,104921985,0,0,0,115942706,0,0,0,0,0,0,0,76827448,130215722,177118910,54493118464,45082001,0,0,0,0,0,0,0,0,0,0,0,0,0,0,0,0,0,0,0,0,0,0,0,0,0,0,0,0,0,0,0,52271363,0,0,0,0,0,0,0
1789621358.387,0,0,0,0,0,0,0,241868826,2132625591808,759540585984,0,0,0,0,0,0,0,0,0,0,0,0,0,0,0,0,0,0,0,0,0,0,0,0,0,0,0,0,0,0,0,0,0,0,0,0,0,0,0,0,0,0,0,0,0,0,0,0,0,0,0,0,0,0,0,0,0,0,423375,130330541,42489843,0,0,0,0,0,0,0,0,0,0,0,0,0,0,0,0,0,0,0,0,0,0,0,0,0,0,0,0,0,0,0,0,0,0,0,0,0,2146140160,629850112,130991,38443,0,81,131072,130179248,0,0,1221427990,2147483648,104127724,133522709,0,0,0,0,0,0,0,0,0,0,0,0,0,0,0,0,0,0,7767541,7767655,0,97,97,6262,329,15535113,35,0,0,0,0,0,0,0,1,0,0,0,0,0,0,0,0,0,0,8737059,0,12564645,110913,0,0,0,0,0,0,0,0,16384,0,0,0,0,0,0,0,0,0,0,0,3351,348,0,0,0,0,0,23616277,0,658,1,47,348,3351,0,0,0,0,0,0,0,0,0,0,0,0,0,0,0,0,0,0,0,0,0,0,0,0,0,0,0,0,0,0,0,0,0,0,0,0,0,0,0,0,0,0,0,0,0,0,0,0,0,0,0,0,0,104924435,0,0,0,115953493,0,0,0,0,0,0,0,76833237,130233930,177130930,54494841344,45083508,0,0,0,0,0,0,0,0,0,0,0,0,0,0,0,0,0,0,0,0,0,0,0,0,0,0,0,0,0,0,0,52272131,0,0,0,0,0,0,0
1789621359.414,0,0,0,0,0,0,0,241893326,2132944588288,759613990912,0,0,0,0,0,0,0,0,0,0,0,0,0,0,0,0,0,0,0,0,0,0,0,0,0,0,0,0,0,0,0,0,0,0,0,0,0,0,0,0,0,0,0,0,0,0,0,0,0,0,0,0,0,0,0,0,0,0,423421,130350031,42494160,0,0,0,0,0,0,0,0,0,0,0,0,0,0,0,0,0,0,0,0,0,0,0,0,0,0,0,0,0,0,0,0,0,0,0,0,0,2146172928,638943232,130992,38998,0,80,131072,130198721,0,0,1221555947,2147483648,104146720,133535454,0,0,0,0,0,0,0,0,0,0,0,0,0,0,0,0,0,0,7768342,7768455,0,97,97,6262,329,15536718,35,0,0,0,0,0,0,0,1,0,0,0,0,0,0,0,0,0,0,8737960,0,12564645,110913,0,0,0,0,0,0,0,0,16384,0,0,0,0,0,0,0,0,0,0,0,3352,348,0,0,0,0,0,23618709,0,658,1,47,348,3352,0,0,0,0,0,0,0,0,0,0,0,0,0,0,0,0,0,0,0,0,0,0,0,0,0,0,0,0,0,0,0,0,0,0,0,0,0,0,0,0,0,0,0,0,0,0,0,0,0,0,0,0,0,104926978,0,0,0,115964935,0,0,0,0,0,0,0,76839106,130253410,177142094,54496640512,45085064,0,0,0,0,0,0,0,0,0,0,0,0,0,0,0,0,0,0,0,0,0,0,0,0,0,0,0,0,0,0,0,52272931,0,0,0,0,0,0,0
1789621360.440,0,0,0,0,0,0,0,241915172,2133228899840,759680394240,0,0,0,0,0,0,0,0,0,0,0,0,0,0,0,0,0,0,0,0,0,0,0,0,0,0,0,0,0,0,0,0,0,0,0,0,0,0,0,0,0,0,0,0,0,0,0,0,0,0,0,0,0,0,0,0,0,0,423459,130367408,42498060,0,0,0,0,0,0,0,0,0,0,0,0,0,0,0,0,0,0,0,0,0,0,0,0,0,0,0,0,0,0,0,0,0,0,0,0,0,2146205696,645644288,130994,39407,0,78,131072,130216090,0,0,1221670264,2147483648,104163611,133546792,0,0,0,0,0,0,0,0,0,0,0,0,0,0,0,0,0,0,7769054,7769170,0,97,97,6262,329,15538154,35,0,0,0,0,0,0,0,1,0,0,0,0,0,0,0,0,0,0,8738764,0,12564773,110914,0,0,0,0,0,0,0,0,16384,0,0,0,0,0,0,0,0,0,0,0,3353,348,0,0,0,0,0,23620890,0,658,1,47,348,3353,0,0,0,0,0,0,0,0,0,0,0,0,0,0,0,0,0,0,0,0,0,0,0,0,0,0,0,0,0,0,0,0,0,0,0,0,0,0,0,0,0,0,0,0,0,0,0,0,0,0,0,0,0,104929367,0,0,0,115975142,0,0,0,0,0,0,0,76844348,130270777,177152160,54498298368,45086532,0,0,0,0,0,0,0,0,0,0,0,0,0,0,0,0,0,0,0,0,0,0,0,0,0,0,0,0,0,0,0,52273646,0,0,0,0,0,0,0
1789621361.468,0,0,0,0,0,0,0,241939672,2133547372032,759755905024,0,0,0,0,0,0,0,0,0,0,0,0,0,0,0,0,0,0,0,0,0,0,0,0,0,0,0,0,0,0,0,0,0,0,0,0,0,0,0,0,0,0,0,0,0,0,0,0,0,0,0,0,0,0,0,0,0,0,423508,130386863,42502479,0,0,0,0,0,0,0,0,0,0,0,0,0,0,0,0,0,0,0,0,0,0,0,0,0,0,0,0,0,0,0,0,0,0,0,0,0,2146385920,652476416,131005,39824,0,68,131072,130235526,0,0,1221798528,2147483648,104182616,133559597,0,0,0,0,0,0,0,0,0,0,0,0,0,0,0,0,0,0,7769861,7769976,0,97,97,6262,329,15539770,35,0,0,0,0,0,0,0,1,0,0,0,0,0,0,0,0,0,0,8739670,0,12564773,110914,0,0,0,0,0,0,0,0,16384,0,0,0,0,0,0,0,0,0,0,0,3354,348,0,0,0,0,0,23623335,0,658,1,47,348,3354,0,0,0,0,0,0,0,0,0,0,0,0,0,0,0,0,0,0,0,0,0,0,0,0,0,0,0,0,0,0,0,0,0,0,0,0,0,0,0,0,0,0,0,0,0,0,0,0,0,0,0,0,0,104932444,0,0,0,115986615,0,0,0,0,0,0,0,76850724,130290229,177164083,54500360704,45088483,0,0,0,0,0,0,0,0,0,0,0,0,0,0,0,0,0,0,0,0,0,0,0,0,0,0,0,0,0,0,0,52274451,0,0,0,0,0,0,0
1789621362.494,0,0,0,0,0,0,0,241963893,2133863321088,759853743616,0,0,0,0,0,0,0,0,0,0,0,0,0,0,0,0,0,0,0,0,0,0,0,0,0,0,0,0,0,0,0,0,0,0,0,0,0,0,0,0,0,0,0,0,0,0,0,0,0,0,0,0,0,0,0,0,0,0,423551,130406184,42508295,0,0,0,0,0,0,0,0,0,0,0,0,0,0,0,0,0,0,0,0,0,0,0,0,0,0,0,0,0,0,0,0,0,0,0,0,0,2146254848,634503168,130996,38727,0,76,131072,130254833,0,0,1221925770,2147483648,104200920,133572150,0,0,0,0,0,0,0,0,0,0,0,0,0,0,0,0,0,0,7770673,7770786,0,97,97,6262,329,15541385,35,0,0,0,0,0,0,0,1,0,0,0,0,0,0,0,0,0,0,8740579,0,12566205,110926,0,0,0,0,0,0,0,0,16384,0,0,0,0,0,0,0,0,0,0,0,3355,348,0,0,0,0,0,23625795,0,658,1,47,348,3355,0,0,0,0,0,0,0,0,0,0,0,0,0,0,0,0,0,0,0,0,0,0,0,0,0,0,0,0,0,0,0,0,0,0,0,0,0,0,0,0,0,0,0,0,0,0,0,0,0,0,0,0,0,104934994,0,0,0,115997978,0,0,0,0,0,0,0,76856903,130309535,177176819,54502169088,45090070,0,0,0,0,0,0,0,0,0,0,0,0,0,0,0,0,0,0,0,0,0,0,0,0,0,0,0,0,0,0,0,52275258,0,0,0,0,0,0,0
1789621363.521,0,0,0,0,0,0,0,241985976,2134151482880,759922315264,0,0,0,0,0,0,0,0,0,0,0,0,0,0,0,0,0,0,0,0,0,0,0,0,0,0,0,0,0,0,0,0,0,0,0,0,0,0,0,0,0,0,0,0,0,0,0,0,0,0,0,0,0,0,0,0,0,0,423589,130423801,42512321,0,0,0,0,0,0,0,0,0,0,0,0,0,0,0,0,0,0,0,0,0,0,0,0,0,0,0,0,0,0,0,0,0,0,0,0,0,2146304000,638861312,131000,38993,0,72,131072,130272441,0,0,1222042805,2147483648,104218151,133583592,0,0,0,0,0,0,0,0,0,0,0,0,0,0,0,0,0,0,7771408,7771522,0,97,97,6262,329,15542841,35,0,0,0,0,0,0,0,1,0,0,0,0,0,0,0,0,0,0,8741410,0,12566205,110926,0,0,0,0,0,0,0,0,16384,0,0,0,0,0,0,0,0,0,0,0,3356,348,0,0,0,0,0,23628042,0,658,1,47,348,3356,0,0,0,0,0,0,0,0,0,0,0,0,0,0,0,0,0,0,0,0,0,0,0,0,0,0,0,0,0,0,0,0,0,0,0,0,0,0,0,0,0,0,0,0,0,0,0,0,0,0,0,0,0,104937461,0,0,0,116008313,0,0,0,0,0,0,0,76862453,130327137,177187343,54503849472,45091593,0,0,0,0,0,0,0,0,0,0,0,0,0,0,0,0,0,0,0,0,0,0,0,0,0,0,0,0,0,0,0,52275998,0,0,0,0,0,0,0
1789621364.549,0,0,0,0,0,0,0,242010502,2134470118912,759998558208,0,0,0,0,0,0,0,0,0,0,0,0,0,0,0,0,0,0,0,0,0,0,0,0,0,0,0,0,0,0,0,0,0,0,0,0,0,0,0,0,0,0,0,0,0,0,0,0,0,0,0,0,0,0,0,0,0,0,423642,130443287,42516805,0,0,0,0,0,0,0,0,0,0,0,0,0,0,0,0,0,0,0,0,0,0,0,0,0,0,0,0,0,0,0,0,0,0,0,0,0,2146385920,645922816,131005,39424,0,67,131072,130291914,0,0,1222170856,2147483648,104237058,133596513,0,0,0,0,0,0,0,0,0,0,0,0,0,0,0,0,0,0,7772209,7772320,0,97,97,6262,329,15544452,35,0,0,0,0,0,0,0,1,0,0,0,0,0,0,0,0,0,0,8742308,0,12566333,110927,0,0,0,0,0,0,0,0,16384,0,0,0,0,0,0,0,0,0,0,0,3357,348,0,0,0,0,0,23630466,0,658,1,47,348,3357,0,0,0,0,0,0,0,0,0,0,0,0,0,0,0,0,0,0,0,0,0,0,0,0,0,0,0,0,0,0,0,0,0,0,0,0,0,0,0,0,0,0,0,0,0,0,0,0,0,0,0,0,0,104939985,0,0,0,116019839,0,0,0,0,0,0,0,76868386,130346613,177198702,54505655808,45093169,0,0,0,0,0,0,0,0,0,0,0,0,0,0,0,0,0,0,0,0,0,0,0,0,0,0,0,0,0,0,0,52276796,0,0,0,0,0,0,0
1789621365.576,0,0,0,0,0,0,0,242033563,2134769749504,760090040832,0,0,0,0,0,0,0,0,0,0,0,0,0,0,0,0,0,0,0,0,0,0,0,0,0,0,0,0,0,0,0,0,0,0,0,0,0,0,0,0,0,0,0,0,0,0,0,0,0,0,0,0,0,0,0,0,0,0,423682,130461598,42522239,0,0,0,0,0,0,0,0,0,0,0,0,0,0,0,0,0,0,0,0,0,0,0,0,0,0,0,0,0,0,0,0,0,0,0,0,0,2146205696,632406016,130994,38599,0,78,131072,130310215,0,0,1222291481,2147483648,104254422,133608611,0,0,0,0,0,0,0,0,0,0,0,0,0,0,0,0,0,0,7772966,7773078,0,97,97,6262,329,15545971,35,0,0,0,0,0,0,0,1,0,0,0,0,0,0,0,0,0,0,8743160,0,12567768,110939,0,0,0,0,0,0,0,0,16384,0,0,0,0,0,0,0,0,0,0,0,3358,348,0,0,0,0,0,23632758,0,658,1,47,348,3358,0,0,0,0,0,0,0,0,0,0,0,0,0,0,0,0,0,0,0,0,0,0,0,0,0,0,0,0,0,0,0,0,0,0,0,0,0,0,0,0,0,0,0,0,0,0,0,0,0,0,0,0,0,104942445,0,0,0,116030683,0,0,0,0,0,0,0,76874107,130364922,177210588,54507374592,45094688,0,0,0,0,0,0,0,0,0,0,0,0,0,0,0,0,0,0,0,0,0,0,0,0,0,0,0,0,0,0,0,52277553,0,0,0,0,0,0,0
1789621366.602,0,0,0,0,0,0,0,242058572,2135095971328,760170412032,0,0,0,0,0,0,0,0,0,0,0,0,0,0,0,0,0,0,0,0,0,0,0,0,0,0,0,0,0,0,0,0,0,0,0,0,0,0,0,0,0,0,0,0,0,0,0,0,0,0,0,0,0,0,0,0,0,0,423725,130481542,42526800,0,0,0,0,0,0,0,0,0,0,0,0,0,0,0,0,0,0,0,0,0,0,0,0,0,0,0,0,0,0,0,0,0,0,0,0,0,2146353152,636682240,131003,38860,0,69,131072,130330146,0,0,1222422791,2147483648,104273865,133621464,0,0,0,0,0,0,0,0,0,0,0,0,0,0,0,0,0,0,7773794,7773910,0,97,97,6262,329,15547622,35,0,0,0,0,0,0,0,1,0,0,0,0,0,0,0,0,0,0,8744096,0,12567768,110939,0,0,0,0,0,0,0,0,16384,0,0,0,0,0,0,0,0,0,0,0,3359,348,0,0,0,0,0,23635289,0,658,1,47,348,3359,0,0,0,0,0,0,0,0,0,0,0,0,0,0,0,0,0,0,0,0,0,0,0,0,0,0,0,0,0,0,0,0,0,0,0,0,0,0,0,0,0,0,0,0,0,0,0,0,0,0,0,0,0,104951029,0,0,0,116042318,0,0,0,0,0,0,0,76884734,130384852,177228302,54511961088,45100756,0,0,0,0,0,0,0,0,0,0,0,0,0,0,0,0,0,0,0,0,0,0,0,0,0,0,0,0,0,0,0,52278386,0,0,0,0,0,0,0
1789621367.629,0,0,0,0,0,0,0,242079439,2135368977920,760235842560,0,0,0,0,0,0,0,0,0,0,0,0,0,0,0,0,0,0,0,0,0,0,0,0,0,0,0,0,0,0,0,0,0,0,0,0,0,0,0,0,0,0,0,0,0,0,0,0,0,0,0,0,0,0,0,0,0,0,423777,130498223,42530652,0,0,0,0,0,0,0,0,0,0,0,0,0,0,0,0,0,0,0,0,0,0,0,0,0,0,0,0,0,0,0,0,0,0,0,0,0,2146107392,639795200,130988,39050,0,84,131072,130346815,0,0,1222533537,2147483648,104290226,133632300,0,0,0,0,0,0,0,0,0,0,0,0,0,0,0,0,0,0,7774474,7774588,0,97,97,6262,329,15548990,35,0,0,0,0,0,0,0,1,0,0,0,0,0,0,0,0,0,0,8744858,0,12567768,110939,0,0,0,0,0,0,0,0,16384,0,0,0,0,0,0,0,0,0,0,0,3360,348,0,0,0,0,0,23637351,0,658,1,47,348,3360,0,0,0,0,0,0,0,0,0,0,0,0,0,0,0,0,0,0,0,0,0,0,0,0,0,0,0,0,0,0,0,0,0,0,0,0,0,0,0,0,0,0,0,0,0,0,0,0,0,0,0,0,0,104953400,0,0,0,116051997,0,0,0,0,0,0,0,76890058,130401530,177238357,54513564672,45102236,0,0,0,0,0,0,0,0,0,0,0,0,0,0,0,0,0,0,0,0,0,0,0,0,0,0,0,0,0,0,0,52279063,0,0,0,0,0,0,0
1789621368.654,0,0,0,0,0,0,0,242104114,2135691087360,760313311744,0,0,0,0,0,0,0,0,0,0,0,0,0,0,0,0,0,0,0,0,0,0,0,0,0,0,0,0,0,0,0,0,0,0,0,0,0,0,0,0,0,0,0,0,0,0,0,0,0,0,0,0,0,0,0,0,0,0,423817,130517909,42535209,0,0,0,0,0,0,0,0,0,0,0,0,0,0,0,0,0,0,0,0,0,0,0,0,0,0,0,0,0,0,0,0,0,0,0,0,0,2146172928,645791744,130992,39416,0,80,131072,130366476,0,0,1222662517,2147483648,104309341,133645192,0,0,0,0,0,0,0,0,0,0,0,0,0,0,0,0,0,0,7775288,7775403,0,97,97,6262,329,15550598,35,0,0,0,0,0,0,0,1,0,0,0,0,0,0,0,0,0,0,8745775,0,12567896,110940,0,0,0,0,0,0,0,0,16384,0,0,0,0,0,0,0,0,0,0,0,3361,348,0,0,0,0,0,23639827,0,658,1,47,348,3361,0,0,0,0,0,0,0,0,0,0,0,0,0,0,0,0,0,0,0,0,0,0,0,0,0,0,0,0,0,0,0,0,0,0,0,0,0,0,0,0,0,0,0,0,0,0,0,0,0,0,0,0,0,104955943,0,0,0,116063578,0,0,0,0,0,0,0,76896095,130421218,177249893,54515383296,45103840,0,0,0,0,0,0,0,0,0,0,0,0,0,0,0,0,0,0,0,0,0,0,0,0,0,0,0,0,0,0,0,52279879,0,0,0,0,0,0,0
1789621369.681,0,0,0,0,0,0,0,242128419,2136007167488,760408606208,0,0,0,0,0,0,0,0,0,0,0,0,0,0,0,0,0,0,0,0,0,0,0,0,0,0,0,0,0,0,0,0,0,0,0,0,0,0,0,0,0,0,0,0,0,0,0,0,0,0,0,0,0,0,0,0,0,0,423859,130537235,42540860,0,0,0,0,0,0,0,0,0,0,0,0,0,0,0,0,0,0,0,0,0,0,0,0,0,0,0,0,0,0,0,0,0,0,0,0,0,2146435072,632406016,131008,38599,0,65,131072,130385782,0,0,1222789715,2147483648,104327619,133657890,0,0,0,0,0,0,0,0,0,0,0,0,0,0,0,0,0,0,7776084,7776198,0,97,97,6262,329,15552209,35,0,0,0,0,0,0,0,1,0,0,0,0,0,0,0,0,0,0,8746669,0,12569330,110952,0,0,0,0,0,0,0,0,16384,0,0,0,0,0,0,0,0,0,0,0,3362,348,0,0,0,0,0,23642228,0,658,1,47,348,3362,0,0,0,0,0,0,0,0,0,0,0,0,0,0,0,0,0,0,0,0,0,0,0,0,0,0,0,0,0,0,0,0,0,0,0,0,0,0,0,0,0,0,0,0,0,0,0,0,0,0,0,0,0,104958454,0,0,0,116075007,0,0,0,0,0,0,0,76902057,130440528,177262278,54517197824,45105371,0,0,0,0,0,0,0,0,0,0,0,0,0,0,0,0,0,0,0,0,0,0,0,0,0,0,0,0,0,0,0,52280672,0,0,0,0,0,0,0
1789621370.708,0,0,0,0,0,0,0,242152004,2136314580480,760481474560,0,0,0,0,0,0,0,0,0,0,0,0,0,0,0,0,0,0,0,0,0,0,0,0,0,0,0,0,0,0,0,0,0,0,0,0,0,0,0,0,0,0,0,0,0,0,0,0,0,0,0,0,0,0,0,0,0,0,423910,130556040,42545136,0,0,0,0,0,0,0,0,0,0,0,0,0,0,0,0,0,0,0,0,0,0,0,0,0,0,0,0,0,0,0,0,0,0,0,0,0,2146336768,637173760,131002,38890,0,70,131072,130404578,0,0,1222913522,2147483648,104346010,133670078,0,0,0,0,0,0,0,0,0,0,0,0,0,0,0,0,0,0,7776859,7776974,0,97,97,6262,329,15553765,35,0,0,0,0,0,0,0,1,0,0,0,0,0,0,0,0,0,0,8747543,0,12569330,110952,0,0,0,0,0,0,0,0,16384,0,0,0,0,0,0,0,0,0,0,0,3363,348,0,0,0,0,0,23644586,0,658,1,47,348,3363,0,0,0,0,0,0,0,0,0,0,0,0,0,0,0,0,0,0,0,0,0,0,0,0,0,0,0,0,0,0,0,0,0,0,0,0,0,0,0,0,0,0,0,0,0,0,0,0,0,0,0,0,0,104960906,0,0,0,116085957,0,0,0,0,0,0,0,76907862,130459313,177273293,54518941696,45106890,0,0,0,0,0,0,0,0,0,0,0,0,0,0,0,0,0,0,0,0,0,0,0,0,0,0,0,0,0,0,0,52281449,0,0,0,0,0,0,0
1789621371.734,0,0,0,0,0,0,0,242178597,2136659430912,760567721472,0,0,0,0,0,0,0,0,0,0,0,0,0,0,0,0,0,0,0,0,0,0,0,0,0,0,0,0,0,0,0,0,0,0,0,0,0,0,0,0,0,0,0,0,0,0,0,0,0,0,0,0,0,0,0,0,0,0,423990,130577133,42550094,0,0,0,0,0,0,0,0,0,0,0,0,0,0,0,0,0,0,0,0,0,0,0,0,0,0,0,0,0,0,0,0,0,0,0,0,0,2146140160,640270336,130990,39079,0,82,131072,130425657,0,0,1223053371,2147483648,104366535,133684136,0,0,0,0,0,0,0,0,0,0,0,0,0,0,0,0,0,0,7777746,7777859,0,97,97,6262,329,15555543,35,0,0,0,0,0,0,0,1,0,0,0,0,0,0,0,0,0,0,8748539,0,12569458,110953,0,0,0,0,0,0,0,0,16384,0,0,0,0,0,0,0,0,0,0,0,3364,348,0,0,0,0,0,23647290,0,658,1,47,348,3364,0,0,0,0,0,0,0,0,0,0,0,0,0,0,0,0,0,0,0,0,0,0,0,0,0,0,0,0,0,0,0,0,0,0,0,0,0,0,0,0,0,0,0,0,0,0,0,0,0,0,0,0,0,104968186,0,0,0,116098414,0,0,0,0,0,0,0,76917461,130480401,177290336,54523015168,45111667,0,0,0,0,0,0,0,0,0,0,0,0,0,0,0,0,0,0,0,0,0,0,0,0,0,0,0,0,0,0,0,52282335,0,0,0,0,0,0,0
1789621372.761,0,0,0,0,0,0,0,242202725,2136975101440,760641967104,0,0,0,0,0,0,0,0,0,0,0,0,0,0,0,0,0,0,0,0,0,0,0,0,0,0,0,0,0,0,0,0,0,0,0,0,0,0,0,0,0,0,0,0,0,0,0,0,0,0,0,0,0,0,0,0,0,0,424018,130596428,42554457,0,0,0,0,0,0,0,0,0,0,0,0,0,0,0,0,0,0,0,0,0,0,0,0,0,0,0,0,0,0,0,0,0,0,0,0,0,2146156544,645906432,130991,39423,0,81,131072,130444933,0,0,1223181221,2147483648,104385397,133696617,0,0,0,0,0,0,0,0,0,0,0,0,0,0,0,0,0,0,7778555,7778671,0,97,97,6262,329,15557141,35,0,0,0,0,0,0,0,1,0,0,0,0,0,0,0,0,0,0,8749452,0,12569458,110953,0,0,0,0,0,0,0,0,16384,0,0,0,0,0,0,0,0,0,0,0,3365,348,0,0,0,0,0,23649755,0,658,1,47,348,3365,0,0,0,0,0,0,0,0,0,0,0,0,0,0,0,0,0,0,0,0,0,0,0,0,0,0,0,0,0,0,0,0,0,0,0,0,0,0,0,0,0,0,0,0,0,0,0,0,0,0,0,0,0,104970756,0,0,0,116109755,0,0,0,0,0,0,0,76923394,130499689,177301631,54524812800,45113234,0,0,0,0,0,0,0,0,0,0,0,0,0,0,0,0,0,0,0,0,0,0,0,0,0,0,0,0,0,0,0,52283147,0,0,0,0,0,0,0
1789621373.788,0,0,0,0,0,0,0,242226893,2137288265216,760737534976,0,0,0,0,0,0,0,0,0,0,0,0,0,0,0,0,0,0,0,0,0,0,0,0,0,0,0,0,0,0,0,0,0,0,0,0,0,0,0,0,0,0,0,0,0,0,0,0,0,0,0,0,0,0,0,0,0,0,424055,130615559,42560130,0,0,0,0,0,0,0,0,0,0,0,0,0,0,0,0,0,0,0,0,0,0,0,0,0,0,0,0,0,0,0,0,0,0,0,0,0,2146205696,631881728,130994,38567,0,78,131072,130464051,0,0,1223307195,2147483648,104403623,133709195,0,0,0,0,0,0,0,0,0,0,0,0,0,0,0,0,0,0,7779353,7779465,0,97,97,6262,329,15558732,35,0,0,0,0,0,0,0,1,0,0,0,0,0,0,0,0,0,0,8750345,0,12570890,110965,0,0,0,0,0,0,0,0,16384,0,0,0,0,0,0,0,0,0,0,0,3366,348,0,0,0,0,0,23652157,0,658,1,47,348,3366,0,0,0,0,0,0,0,0,0,0,0,0,0,0,0,0,0,0,0,0,0,0,0,0,0,0,0,0,0,0,0,0,0,0,0,0,0,0,0,0,0,0,0,0,0,0,0,0,0,0,0,0,0,104973263,0,0,0,116121150,0,0,0,0,0,0,0,76929397,130518817,177314050,54526591488,45114780,0,0,0,0,0,0,0,0,0,0,0,0,0,0,0,0,0,0,0,0,0,0,0,0,0,0,0,0,0,0,0,52283940,0,0,0,0,0,0,0
1789621374.815,0,0,0,0,0,0,0,242249580,2137582439936,760805480960,0,0,0,0,0,0,0,0,0,0,0,0,0,0,0,0,0,0,0,0,0,0,0,0,0,0,0,0,0,0,0,0,0,0,0,0,0,0,0,0,0,0,0,0,0,0,0,0,0,0,0,0,0,0,0,0,0,0,424089,130633541,42564120,0,0,0,0,0,0,0,0,0,0,0,0,0,0,0,0,0,0,0,0,0,0,0,0,0,0,0,0,0,0,0,0,0,0,0,0,0,2146287616,639582208,130998,39037,0,74,131072,130482022,0,0,1223425749,2147483648,104421215,133720958,0,0,0,0,0,0,0,0,0,0,0,0,0,0,0,0,0,0,7780090,7780204,0,97,97,6262,329,15560228,35,0,0,0,0,0,0,0,1,0,0,0,0,0,0,0,0,0,0,8751177,0,12570890,110965,0,0,0,0,0,0,0,0,16384,0,0,0,0,0,0,0,0,0,0,0,3367,348,0,0,0,0,0,23654407,0,658,1,47,348,3367,0,0,0,0,0,0,0,0,0,0,0,0,0,0,0,0,0,0,0,0,0,0,0,0,0,0,0,0,0,0,0,0,0,0,0,0,0,0,0,0,0,0,0,0,0,0,0,0,0,0,0,0,0,104975670,0,0,0,116131761,0,0,0,0,0,0,0,76934901,130536787,177324457,54528268800,45116292,0,0,0,0,0,0,0,0,0,0,0,0,0,0,0,0,0,0,0,0,0,0,0,0,0,0,0,0,0,0,0,52284680,0,0,0,0,0,0,0
1789621375.842,0,0,0,0,0,0,0,242272177,2137876041216,760875409920,0,0,0,0,0,0,0,0,0,0,0,0,0,0,0,0,0,0,0,0,0,0,0,0,0,0,0,0,0,0,0,0,0,0,0,0,0,0,0,0,0,0,0,0,0,0,0,0,0,0,0,0,0,0,0,0,0,0,424130,130651486,42568232,0,0,0,0,0,0,0,0,0,0,0,0,0,0,0,0,0,0,0,0,0,0,0,0,0,0,0,0,0,0,0,0,0,0,0,0,0,2146402304,644857856,131006,39359,0,66,131072,130499954,0,0,1223543938,2147483648,104438643,133732724,0,0,0,0,0,0,0,0,0,0,0,0,0,0,0,0,0,0,7780840,7780953,0,97,97,6262,329,15561714,35,0,0,0,0,0,0,0,1,0,0,0,0,0,0,0,0,0,0,8752020,0,12571018,110966,0,0,0,0,0,0,0,0,16384,0,0,0,0,0,0,0,0,0,0,0,3368,348,0,0,0,0,0,23656688,0,658,1,47,348,3368,0,0,0,0,0,0,0,0,0,0,0,0,0,0,0,0,0,0,0,0,0,0,0,0,0,0,0,0,0,0,0,0,0,0,0,0,0,0,0,0,0,0,0,0,0,0,0,0,0,0,0,0,0,104978114,0,0,0,116142337,0,0,0,0,0,0,0,76940399,130554723,177334995,54529972224,45117808,0,0,0,0,0,0,0,0,0,0,0,0,0,0,0,0,0,0,0,0,0,0,0,0,0,0,0,0,0,0,0,52285429,0,0,0,0,0,0,0
1789621376.868,0,0,0,0,0,0,0,242294830,2138172231168,760946862080,0,0,0,0,0,0,0,0,0,0,0,0,0,0,0,0,0,0,0,0,0,0,0,0,0,0,0,0,0,0,0,0,0,0,0,0,0,0,0,0,0,0,0,0,0,0,0,0,0,0,0,0,0,0,0,0,0,0,424175,130669587,42572433,0,0,0,0,0,0,0,0,0,0,0,0,0,0,0,0,0,0,0,0,0,0,0,0,0,0,0,0,0,0,0,0,0,0,0,0,0,2146402304,647561216,131006,39524,0,66,131072,130518036,0,0,1223663425,2147483648,104456349,133744450,0,0,0,0,0,0,0,0,0,0,0,0,0,0,0,0,0,0,7781598,7781703,0,97,97,6262,329,15563232,35,0,0,0,0,0,0,0,1,0,0,0,0,0,0,0,0,0,0,8752863,0,12571018,110966,0,0,0,0,0,0,0,0,16384,0,0,0,0,0,0,0,0,0,0,0,3369,348,0,0,0,0,0,23658965,0,658,1,47,348,3369,0,0,0,0,0,0,0,0,0,0,0,0,0,0,0,0,0,0,0,0,0,0,0,0,0,0,0,0,0,0,0,0,0,0,0,0,0,0,0,0,0,0,0,0,0,0,0,0,0,0,0,0,0,104980553,0,0,0,116152944,0,0,0,0,0,0,0,76946118,130572823,177345836,54531678208,45119326,0,0,0,0,0,0,0,0,0,0,0,0,0,0,0,0,0,0,0,0,0,0,0,0,0,0,0,0,0,0,0,52286178,0,0,0,0,0,0,0
1789621377.896,0,0,0,0,0,0,0,242319107,2138489703936,761045299200,0,0,0,0,0,0,0,0,0,0,0,0,0,0,0,0,0,0,0,0,0,0,0,0,0,0,0,0,0,0,0,0,0,0,0,0,0,0,0,0,0,0,0,0,0,0,0,0,0,0,0,0,0,0,0,0,0,0,424214,130688985,42578280,0,0,0,0,0,0,0,0,0,0,0,0,0,0,0,0,0,0,0,0,0,0,0,0,0,0,0,0,0,0,0,0,0,0,0,0,0,2146304000,630718464,131000,38496,0,72,131072,130537414,0,0,1223791569,2147483648,104474711,133756989,0,0,0,0,0,0,0,0,0,0,0,0,0,0,0,0,0,0,7782393,7782507,0,97,97,6262,329,15564815,35,0,0,0,0,0,0,0,1,0,0,0,0,0,0,0,0,0,0,8753768,0,12572474,110978,0,0,0,0,0,0,0,0,16384,0,0,0,0,0,0,0,0,0,0,0,3370,348,0,0,0,0,0,23661419,0,658,1,47,348,3370,0,0,0,0,0,0,0,0,0,0,0,0,0,0,0,0,0,0,0,0,0,0,0,0,0,0,0,0,0,0,0,0,0,0,0,0,0,0,0,0,0,0,0,0,0,0,0,0,0,0,0,0,0,104983054,0,0,0,116164257,0,0,0,0,0,0,0,76952296,130592219,177358577,54533457408,45120895,0,0,0,0,0,0,0,0,0,0,0,0,0,0,0,0,0,0,0,0,0,0,0,0,0,0,0,0,0,0,0,52286982,0,0,0,0,0,0,0
1789621378.923,0,0,0,0,0,0,0,242341792,2138783829504,761114688512,0,0,0,0,0,0,0,0,0,0,0,0,0,0,0,0,0,0,0,0,0,0,0,0,0,0,0,0,0,0,0,0,0,0,0,0,0,0,0,0,0,0,0,0,0,0,0,0,0,0,0,0,0,0,0,0,0,0,424262,130706969,42582351,0,0,0,0,0,0,0,0,0,0,0,0,0,0,0,0,0,0,0,0,0,0,0,0,0,0,0,0,0,0,0,0,0,0,0,0,0,2146254848,638615552,130997,38978,0,75,131072,130555382,0,0,1223909989,2147483648,104492293,133768911,0,0,0,0,0,0,0,0,0,0,0,0,0,0,0,0,0,0,7783140,7783256,0,97,97,6262,329,15566313,35,0,0,0,0,0,0,0,1,0,0,0,0,0,0,0,0,0,0,8754608,0,12572474,110978,0,0,0,0,0,0,0,0,16384,0,0,0,0,0,0,0,0,0,0,0,3371,348,0,0,0,0,0,23663686,0,658,1,47,348,3371,0,0,0,0,0,0,0,0,0,0,0,0,0,0,0,0,0,0,0,0,0,0,0,0,0,0,0,0,0,0,0,0,0,0,0,0,0,0,0,0,0,0,0,0,0,0,0,0,0,0,0,0,0,104985482,0,0,0,116174966,0,0,0,0,0,0,0,76957885,130610183,177369149,54535166976,45122409,0,0,0,0,0,0,0,0,0,0,0,0,0,0,0,0,0,0,0,0,0,0,0,0,0,0,0,0,0,0,0,52287730,0,0,0,0,0,0,0
1789621379.949,0,0,0,0,0,0,0,242364486,2139077971456,761182931968,0,0,0,0,0,0,0,0,0,0,0,0,0,0,0,0,0,0,0,0,0,0,0,0,0,0,0,0,0,0,0,0,0,0,0,0,0,0,0,0,0,0,0,0,0,0,0,0,0,0,0,0,0,0,0,0,0,0,424308,130724950,42586360,0,0,0,0,0,0,0,0,0,0,0,0,0,0,0,0,0,0,0,0,0,0,0,0,0,0,0,0,0,0,0,0,0,0,0,0,0,2146336768,645382144,131002,39391,0,70,131072,130573344,0,0,1224028829,2147483648,104509767,133780658,0,0,0,0,0,0,0,0,0,0,0,0,0,0,0,0,0,0,7783879,7783990,0,97,97,6262,329,15567804,35,0,0,0,0,0,0,0,1,0,0,0,0,0,0,0,0,0,0,8755435,0,12572602,110979,0,0,0,0,0,0,0,0,16384,0,0,0,0,0,0,0,0,0,0,0,3372,348,0,0,0,0,0,23665918,0,658,1,47,348,3372,0,0,0,0,0,0,0,0,0,0,0,0,0,0,0,0,0,0,0,0,0,0,0,0,0,0,0,0,0,0,0,0,0,0,0,0,0,0,0,0,0,0,0,0,0,0,0,0,0,0,0,0,0,104987870,0,0,0,116185515,0,0,0,0,0,0,0,76963257,130628156,177379424,54536860160,45123903,0,0,0,0,0,0,0,0,0,0,0,0,0,0,0,0,0,0,0,0,0,0,0,0,0,0,0,0,0,0,0,52288464,0,0,0,0,0,0,0
1789621380.976,0,0,0,0,0,0,0,242388281,2139387923968,761256745472,0,0,0,0,0,0,0,0,0,0,0,0,0,0,0,0,0,0,0,0,0,0,0,0,0,0,0,0,0,0,0,0,0,0,0,0,0,0,0,0,0,0,0,0,0,0,0,0,0,0,0,0,0,0,0,0,0,0,424345,130743896,42590702,0,0,0,0,0,0,0,0,0,0,0,0,0,0,0,0,0,0,0,0,0,0,0,0,0,0,0,0,0,0,0,0,0,0,0,0,0,2146107392,649887744,130988,39666,0,84,131072,130592274,0,0,1224153565,2147483648,104528333,133792978,0,0,0,0,0,0,0,0,0,0,0,0,0,0,0,0,0,0,7784675,7784791,0,97,97,6262,329,15569381,35,0,0,0,0,0,0,0,1,0,0,0,0,0,0,0,0,0,0,8756337,0,12572602,110979,0,0,0,0,0,0,0,0,16384,0,0,0,0,0,0,0,0,0,0,0,3373,348,0,0,0,0,0,23668363,0,658,1,47,348,3373,0,0,0,0,0,0,0,0,0,0,0,0,0,0,0,0,0,0,0,0,0,0,0,0,0,0,0,0,0,0,0,0,0,0,0,0,0,0,0,0,0,0,0,0,0,0,0,0,0,0,0,0,0,104990377,0,0,0,116196687,0,0,0,0,0,0,0,76969158,130647102,177390615,54538633216,45125464,0,0,0,0,0,0,0,0,0,0,0,0,0,0,0,0,0,0,0,0,0,0,0,0,0,0,0,0,0,0,0,52289267,0,0,0,0,0,0,0
1789621382.003,0,0,0,0,0,0,0,242413120,2139711229440,761355966976,0,0,0,0,0,0,0,0,0,0,0,0,0,0,0,0,0,0,0,0,0,0,0,0,0,0,0,0,0,0,0,0,0,0,0,0,0,0,0,0,0,0,0,0,0,0,0,0,0,0,0,0,0,0,0,0,0,0,424391,130763664,42596593,0,0,0,0,0,0,0,0,0,0,0,0,0,0,0,0,0,0,0,0,0,0,0,0,0,0,0,0,0,0,0,0,0,0,0,0,0,2146172928,634421248,130992,38722,0,80,131072,130612030,0,0,1224284995,2147483648,104547017,133805909,0,0,0,0,0,0,0,0,0,0,0,0,0,0,0,0,0,0,7785497,7785611,0,97,97,6262,329,15571026,35,0,0,0,0,0,0,0,1,0,0,0,0,0,0,0,0,0,0,8757260,0,12574028,110991,0,0,0,0,0,0,0,0,16384,0,0,0,0,0,0,0,0,0,0,0,3374,348,0,0,0,0,0,23670856,0,658,1,47,348,3374,0,0,0,0,0,0,0,0,0,0,0,0,0,0,0,0,0,0,0,0,0,0,0,0,0,0,0,0,0,0,0,0,0,0,0,0,0,0,0,0,0,0,0,0,0,0,0,0,0,0,0,0,0,104992933,0,0,0,116208336,0,0,0,0,0,0,0,76975396,130666852,177403528,54540452352,45127029,0,0,0,0,0,0,0,0,0,0,0,0,0,0,0,0,0,0,0,0,0,0,0,0,0,0,0,0,0,0,0,52290087,0,0,0,0,0,0,0
1789621383.028,0,0,0,0,0,0,0,242434108,2139984055808,761420393984,0,0,0,0,0,0,0,0,0,0,0,0,0,0,0,0,0,0,0,0,0,0,0,0,0,0,0,0,0,0,0,0,0,0,0,0,0,0,0,0,0,0,0,0,0,0,0,0,0,0,0,0,0,0,0,0,0,0,424428,130780331,42600377,0,0,0,0,0,0,0,0,0,0,0,0,0,0,0,0,0,0,0,0,0,0,0,0,0,0,0,0,0,0,0,0,0,0,0,0,0,2146271232,640663552,130997,39103,0,75,131072,130628685,0,0,1224394475,2147483648,104563301,133816852,0,0,0,0,0,0,0,0,0,0,0,0,0,0,0,0,0,0,7786184,7786297,0,97,97,6262,329,15572391,35,0,0,0,0,0,0,0,1,0,0,0,0,0,0,0,0,0,0,8758030,0,12574028,110991,0,0,0,0,0,0,0,0,16384,0,0,0,0,0,0,0,0,0,0,0,3375,348,0,0,0,0,0,23672933,0,658,1,47,348,3375,0,0,0,0,0,0,0,0,0,0,0,0,0,0,0,0,0,0,0,0,0,0,0,0,0,0,0,0,0,0,0,0,0,0,0,0,0,0,0,0,0,0,0,0,0,0,0,0,0,0,0,0,0,104995268,0,0,0,116218146,0,0,0,0,0,0,0,76980642,130683519,177413426,54542056960,45128495,0,0,0,0,0,0,0,0,0,0,0,0,0,0,0,0,0,0,0,0,0,0,0,0,0,0,0,0,0,0,0,52290772,0,0,0,0,0,0,0
1789621384.056,0,0,0,0,0,0,0,242458890,2140306411008,761496220672,0,0,0,0,0,0,0,0,0,0,0,0,0,0,0,0,0,0,0,0,0,0,0,0,0,0,0,0,0,0,0,0,0,0,0,0,0,0,0,0,0,0,0,0,0,0,0,0,0,0,0,0,0,0,0,0,0,0,424478,130800049,42604837,0,0,0,0,0,0,0,0,0,0,0,0,0,0,0,0,0,0,0,0,0,0,0,0,0,0,0,0,0,0,0,0,0,0,0,0,0,2146353152,647970816,131003,39549,0,69,131072,130648389,0,0,1224524265,2147483648,104582433,133829788,0,0,0,0,0,0,0,0,0,0,0,0,0,0,0,0,0,0,7786994,7787106,0,97,97,6262,329,15574031,35,0,0,0,0,0,0,0,1,0,0,0,0,0,0,0,0,0,0,8758940,0,12574156,110992,0,0,0,0,0,0,0,0,16384,0,0,0,0,0,0,0,0,0,0,0,3376,348,0,0,0,0,0,23675381,0,658,1,47,348,3376,0,0,0,0,0,0,0,0,0,0,0,0,0,0,0,0,0,0,0,0,0,0,0,0,0,0,0,0,0,0,0,0,0,0,0,0,0,0,0,0,0,0,0,0,0,0,0,0,0,0,0,0,0,104997822,0,0,0,116229771,0,0,0,0,0,0,0,76986553,130703221,177424769,54543889920,45130068,0,0,0,0,0,0,0,0,0,0,0,0,0,0,0,0,0,0,0,0,0,0,0,0,0,0,0,0,0,0,0,52291580,0,0,0,0,0,0,0
1789621385.082,0,0,0,0,0,0,0,242482303,2140611448320,761568675840,0,0,0,0,0,0,0,0,0,0,0,0,0,0,0,0,0,0,0,0,0,0,0,0,0,0,0,0,0,0,0,0,0,0,0,0,0,0,0,0,0,0,0,0,0,0,0,0,0,0,0,0,0,0,0,0,0,0,424522,130818692,42609091,0,0,0,0,0,0,0,0,0,0,0,0,0,0,0,0,0,0,0,0,0,0,0,0,0,0,0,0,0,0,0,0,0,0,0,0,0,2146271232,652574720,130998,39830,0,74,131072,130667020,0,0,1224646856,2147483648,104600661,133841877,0,0,0,0,0,0,0,0,0,0,0,0,0,0,0,0,0,0,7787767,7787882,0,97,97,6262,329,15575566,35,0,0,0,0,0,0,0,1,0,0,0,0,0,0,0,0,0,0,8759814,0,12574156,110992,0,0,0,0,0,0,0,0,16384,0,0,0,0,0,0,0,0,0,0,0,3377,348,0,0,0,0,0,23677758,0,658,1,47,348,3377,0,0,0,0,0,0,0,0,0,0,0,0,0,0,0,0,0,0,0,0,0,0,0,0,0,0,0,0,0,0,0,0,0,0,0,0,0,0,0,0,0,0,0,0,0,0,0,0,0,0,0,0,0,105000280,0,0,0,116240673,0,0,0,0,0,0,0,76992366,130721844,177435751,54545635328,45131621,0,0,0,0,0,0,0,0,0,0,0,0,0,0,0,0,0,0,0,0,0,0,0,0,0,0,0,0,0,0,0,52292358,0,0,0,0,0,0,0
1789621386.108,0,0,0,0,0,0,0,242507521,2140939488768,761669429248,0,0,0,0,0,0,0,0,0,0,0,0,0,0,0,0,0,0,0,0,0,0,0,0,0,0,0,0,0,0,0,0,0,0,0,0,0,0,0,0,0,0,0,0,0,0,0,0,0,0,0,0,0,0,0,0,0,0,424569,130838756,42615084,0,0,0,0,0,0,0,0,0,0,0,0,0,0,0,0,0,0,0,0,0,0,0,0,0,0,0,0,0,0,0,0,0,0,0,0,0,2146271232,634929152,130998,38753,0,74,131072,130687067,0,0,1224780782,2147483648,104619707,133854951,0,0,0,0,0,0,0,0,0,0,0,0,0,0,0,0,0,0,7788605,7788719,0,97,97,6262,329,15577255,35,0,0,0,0,0,0,0,1,0,0,0,0,0,0,0,0,0,0,8760754,0,12575571,111004,0,0,0,0,0,0,0,0,16384,0,0,0,0,0,0,0,0,0,0,0,3378,348,0,0,0,0,0,23680288,0,658,1,47,348,3378,0,0,0,0,0,0,0,0,0,0,0,0,0,0,0,0,0,0,0,0,0,0,0,0,0,0,0,0,0,0,0,0,0,0,0,0,0,0,0,0,0,0,0,0,0,0,0,0,0,0,0,0,0,105002887,0,0,0,116252503,0,0,0,0,0,0,0,76998739,130741896,177448903,54547493888,45133214,0,0,0,0,0,0,0,0,0,0,0,0,0,0,0,0,0,0,0,0,0,0,0,0,0,0,0,0,0,0,0,52293192,0,0,0,0,0,0,0
1789621387.135,0,0,0,0,0,0,0,242529439,2141224586752,761736465408,0,0,0,0,0,0,0,0,0,0,0,0,0,0,0,0,0,0,0,0,0,0,0,0,0,0,0,0,0,0,0,0,0,0,0,0,0,0,0,0,0,0,0,0,0,0,0,0,0,0,0,0,0,0,0,0,0,0,424611,130856170,42619010,0,0,0,0,0,0,0,0,0,0,0,0,0,0,0,0,0,0,0,0,0,0,0,0,0,0,0,0,0,0,0,0,0,0,0,0,0,2146369536,643055616,131004,39249,0,68,131072,130704472,0,0,1224894880,2147483648,104636778,133866465,0,0,0,0,0,0,0,0,0,0,0,0,0,0,0,0,0,0,7789333,7789446,0,97,97,6262,329,15578692,35,0,0,0,0,0,0,0,1,0,0,0,0,0,0,0,0,0,0,8761571,0,12575571,111004,0,0,0,0,0,0,0,0,16384,0,0,0,0,0,0,0,0,0,0,0,3379,348,0,0,0,0,0,23682497,0,658,1,47,348,3379,0,0,0,0,0,0,0,0,0,0,0,0,0,0,0,0,0,0,0,0,0,0,0,0,0,0,0,0,0,0,0,0,0,0,0,0,0,0,0,0,0,0,0,0,0,0,0,0,0,0,0,0,0,105005284,0,0,0,116262823,0,0,0,0,0,0,0,77004166,130759304,177459173,54549191168,45134706,0,0,0,0,0,0,0,0,0,0,0,0,0,0,0,0,0,0,0,0,0,0,0,0,0,0,0,0,0,0,0,52293919,0,0,0,0,0,0,0
1789621388.161,0,0,0,0,0,0,0,242552880,2141529132544,761808150016,0,0,0,0,0,0,0,0,0,0,0,0,0,0,0,0,0,0,0,0,0,0,0,0,0,0,0,0,0,0,0,0,0,0,0,0,0,0,0,0,0,0,0,0,0,0,0,0,0,0,0,0,0,0,0,0,0,0,424655,130874781,42623236,0,0,0,0,0,0,0,0,0,0,0,0,0,0,0,0,0,0,0,0,0,0,0,0,0,0,0,0,0,0,0,0,0,0,0,0,0,2146222080,649707520,130995,39655,0,77,131072,130723076,0,0,1225017441,2147483648,104654874,133878600,0,0,0,0,0,0,0,0,0,0,0,0,0,0,0,0,0,0,7790087,7790203,0,97,97,6262,329,15580214,35,0,0,0,0,0,0,0,1,0,0,0,0,0,0,0,0,0,0,8762426,0,12575699,111005,0,0,0,0,0,0,0,0,16384,0,0,0,0,0,0,0,0,0,0,0,3380,348,0,0,0,0,0,23684806,0,658,1,47,348,3380,0,0,0,0,0,0,0,0,0,0,0,0,0,0,0,0,0,0,0,0,0,0,0,0,0,0,0,0,0,0,0,0,0,0,0,0,0,0,0,0,0,0,0,0,0,0,0,0,0,0,0,0,0,105007742,0,0,0,116273690,0,0,0,0,0,0,0,77009777,130777910,177469930,54550938112,45136230,1,0,0,0,0,0,0,0,0,0,0,0,0,0,0,0,0,0,0,0,0,0,0,0,0,0,0,0,0,0,0,52294679,0,0,0,0,0,0,0
1789621389.187,0,0,0,0,0,0,0,242575545,2141824388608,761883394048,0,0,0,0,0,0,0,0,0,0,0,0,0,0,0,0,0,0,0,0,0,0,0,0,0,0,0,0,0,0,0,0,0,0,0,0,0,0,0,0,0,0,0,0,0,0,0,0,0,0,0,0,0,0,0,0,0,0,424694,130892827,42627592,0,0,0,0,0,0,0,0,0,0,0,0,0,0,0,0,0,0,0,0,0,0,0,0,0,0,0,0,0,0,0,0,0,0,0,0,0,2146140160,651362304,130990,39756,0,82,131072,130741113,0,0,1225135957,2147483648,104672469,133890423,0,0,0,0,0,0,0,0,0,0,0,0,0,0,0,0,0,0,7790840,7790953,0,97,97,6262,329,15581714,35,0,0,0,0,0,0,0,1,0,0,0,0,0,0,0,0,0,0,8763269,0,12575928,111007,0,0,0,0,0,0,0,0,16384,0,0,0,0,0,0,0,0,0,0,0,3381,348,0,0,0,0,0,23687092,0,658,1,47,348,3381,0,0,0,0,0,0,0,0,0,0,0,0,0,0,0,0,0,0,0,0,0,0,0,0,0,0,0,0,0,0,0,0,0,0,0,0,0,0,0,0,0,0,0,0,0,0,0,0,0,0,0,0,0,105010164,0,0,0,116284340,0,0,0,0,0,0,0,77015420,130795946,177480907,54552642560,45137735,0,0,0,0,0,0,0,0,0,0,0,0,0,0,0,0,0,0,0,0,0,0,0,0,0,0,0,0,0,0,0,52295429,0,0,0,0,0,0,0
1789621390.214,0,0,0,0,0,0,0,242600300,2142147907072,761982569472,0,0,0,0,0,0,0,0,0,0,0,0,0,0,0,0,0,0,0,0,0,0,0,0,0,0,0,0,0,0,0,0,0,0,0,0,0,0,0,0,0,0,0,0,0,0,0,0,0,0,0,0,0,0,0,0,0,0,424749,130912608,42633334,0,0,0,0,0,0,0,0,0,0,0,0,0,0,0,0,0,0,0,0,0,0,0,0,0,0,0,0,0,0,0,0,0,0,0,0,0,2146123776,636010496,130989,38819,0,83,131072,130760879,0,0,1225267632,2147483648,104691434,133903330,0,0,0,0,0,0,0,0,0,0,0,0,0,0,0,0,0,0,7791666,7791778,0,97,97,6262,329,15583373,35,0,0,0,0,0,0,0,1,0,0,0,0,0,0,0,0,0,0,8764197,0,12577135,111017,0,0,0,0,0,0,0,0,16384,0,0,0,0,0,0,0,0,0,0,0,3382,348,0,0,0,0,0,23689588,0,658,1,47,348,3382,0,0,0,0,0,0,0,0,0,0,0,0,0,0,0,0,0,0,0,0,0,0,0,0,0,0,0,0,0,0,0,0,0,0,0,0,0,0,0,0,0,0,0,0,0,0,0,0,0,0,0,0,0,105020417,0,0,0,116295963,0,0,0,0,0,0,0,77027478,130815719,177501368,54558008320,45145051,0,0,0,0,0,0,0,0,0,0,0,0,0,0,0,0,0,0,0,0,0,0,0,0,0,0,0,0,0,0,0,52296252,0,0,0,0,0,0,0
1789621391.241,0,0,0,0,0,0,0,242621061,2142416047616,762045879808,0,0,0,0,0,0,0,0,0,0,0,0,0,0,0,0,0,0,0,0,0,0,0,0,0,0,0,0,0,0,0,0,0,0,0,0,0,0,0,0,0,0,0,0,0,0,0,0,0,0,0,0,0,0,0,0,0,0,424783,130929002,42637049,0,0,0,0,0,0,0,0,0,0,0,0,0,0,0,0,0,0,0,0,0,0,0,0,0,0,0,0,0,0,0,0,0,0,0,0,0,2146205696,642596864,130994,39221,0,78,131072,130777266,0,0,1225376055,2147483648,104707512,133914193,0,0,0,0,0,0,0,0,0,0,0,0,0,0,0,0,0,0,7792350,7792461,0,97,97,6262,329,15584734,35,0,0,0,0,0,0,0,1,0,0,0,0,0,0,0,0,0,0,8764966,0,12577135,111017,0,0,0,0,0,0,0,0,16384,0,0,0,0,0,0,0,0,0,0,0,3383,348,0,0,0,0,0,23691660,0,658,1,47,348,3383,0,0,0,0,0,0,0,0,0,0,0,0,0,0,0,0,0,0,0,0,0,0,0,0,0,0,0,0,0,0,0,0,0,0,0,0,0,0,0,0,0,0,0,0,0,0,0,0,0,0,0,0,0,105022796,0,0,0,116305726,0,0,0,0,0,0,0,77032682,130832095,177511181,54559620608,45146538,0,0,0,0,0,0,0,0,0,0,0,0,0,0,0,0,0,0,0,0,0,0,0,0,0,0,0,0,0,0,0,52296937,0,0,0,0,0,0,0
1789621392.268,0,0,0,0,0,0,0,242645205,2142729801216,762122533376,0,0,0,0,0,0,0,0,0,0,0,0,0,0,0,0,0,0,0,0,0,0,0,0,0,0,0,0,0,0,0,0,0,0,0,0,0,0,0,0,0,0,0,0,0,0,0,0,0,0,0,0,0,0,0,0,0,0,424826,130948188,42641438,0,0,0,0,0,0,0,0,0,0,0,0,0,0,0,0,0,0,0,0,0,0,0,0,0,0,0,0,0,0,0,0,0,0,0,0,0,2146091008,648331264,130987,39571,0,85,131072,130796441,0,0,1225502431,2147483648,104726136,133926684,0,0,0,0,0,0,0,0,0,0,0,0,0,0,0,0,0,0,7793132,7793244,0,97,97,6262,329,15586297,35,0,0,0,0,0,0,0,1,0,0,0,0,0,0,0,0,0,0,8765847,0,12577263,111018,0,0,0,0,0,0,0,0,16384,0,0,0,0,0,0,0,0,0,0,0,3384,348,0,0,0,0,0,23694042,0,658,1,47,348,3384,0,0,0,0,0,0,0,0,0,0,0,0,0,0,0,0,0,0,0,0,0,0,0,0,0,0,0,0,0,0,0,0,0,0,0,0,0,0,0,0,0,0,0,0,0,0,0,0,0,0,0,0,0,105029668,0,0,0,116316918,0,0,0,0,0,0,0,77041800,130851268,177526696,54563428352,45151396,0,0,0,0,0,0,0,0,0,0,0,0,0,0,0,0,0,0,0,0,0,0,0,0,0,0,0,0,0,0,0,52297720,0,0,0,0,0,0,0
1789621393.294,0,0,0,0,0,0,0,242668770,2143037656576,762218059776,0,0,0,0,0,0,0,0,0,0,0,0,0,0,0,0,0,0,0,0,0,0,0,0,0,0,0,0,0,0,0,0,0,0,0,0,0,0,0,0,0,0,0,0,0,0,0,0,0,0,0,0,0,0,0,0,0,0,424876,130966997,42647100,0,0,0,0,0,0,0,0,0,0,0,0,0,0,0,0,0,0,0,0,0,0,0,0,0,0,0,0,0,0,0,0,0,0,0,0,0,2146418688,632455168,131007,38602,0,65,131072,130815242,0,0,1225626086,2147483648,104744026,133939102,0,0,0,0,0,0,0,0,0,0,0,0,0,0,0,0,0,0,7793913,7794025,0,97,97,6262,329,15587868,35,0,0,0,0,0,0,0,1,0,0,0,0,0,0,0,0,0,0,8766725,0,12578696,111030,0,0,0,0,0,0,0,0,16384,0,0,0,0,0,0,0,0,0,0,0,3385,348,0,0,0,0,0,23696413,0,658,1,47,348,3385,0,0,0,0,0,0,0,0,0,0,0,0,0,0,0,0,0,0,0,0,0,0,0,0,0,0,0,0,0,0,0,0,0,0,0,0,0,0,0,0,0,0,0,0,0,0,0,0,0,0,0,0,0,105032133,0,0,0,116328044,0,0,0,0,0,0,0,77047804,130870071,177539074,54565187072,45152942,0,0,0,0,0,0,0,0,0,0,0,0,0,0,0,0,0,0,0,0,0,0,0,0,0,0,0,0,0,0,0,52298500,0,0,0,0,0,0,0
1789621394.321,0,0,0,0,0,0,0,242692891,2143351574016,762292143104,0,0,0,0,0,0,0,0,0,0,0,0,0,0,0,0,0,0,0,0,0,0,0,0,0,0,0,0,0,0,0,0,0,0,0,0,0,0,0,0,0,0,0,0,0,0,0,0,0,0,0,0,0,0,0,0,0,0,424916,130986178,42651467,0,0,0,0,0,0,0,0,0,0,0,0,0,0,0,0,0,0,0,0,0,0,0,0,0,0,0,0,0,0,0,0,0,0,0,0,0,2146271232,637075456,130998,38884,0,74,131072,130834412,0,0,1225752723,2147483648,104762763,133951460,0,0,0,0,0,0,0,0,0,0,0,0,0,0,0,0,0,0,7794707,7794824,0,97,97,6262,329,15589464,35,0,0,0,0,0,0,0,1,0,0,0,0,0,0,0,0,0,0,8767623,0,12578696,111030,0,0,0,0,0,0,0,0,16384,0,0,0,0,0,0,0,0,0,0,0,3386,348,0,0,0,0,0,23698841,0,658,1,47,348,3386,0,0,0,0,0,0,0,0,0,0,0,0,0,0,0,0,0,0,0,0,0,0,0,0,0,0,0,0,0,0,0,0,0,0,0,0,0,0,0,0,0,0,0,0,0,0,0,0,0,0,0,0,0,105034653,0,0,0,116339247,0,0,0,0,0,0,0,77053720,130889245,177550306,54566962176,45154502,0,0,0,0,0,0,0,0,0,0,0,0,0,0,0,0,0,0,0,0,0,0,0,0,0,0,0,0,0,0,0,52299299,0,0,0,0,0,0,0
1789621395.347,0,0,0,0,0,0,0,242714800,2143637065216,762360946176,0,0,0,0,0,0,0,0,0,0,0,0,0,0,0,0,0,0,0,0,0,0,0,0,0,0,0,0,0,0,0,0,0,0,0,0,0,0,0,0,0,0,0,0,0,0,0,0,0,0,0,0,0,0,0,0,0,0,424954,131003625,42655512,0,0,0,0,0,0,0,0,0,0,0,0,0,0,0,0,0,0,0,0,0,0,0,0,0,0,0,0,0,0,0,0,0,0,0,0,0,2146222080,642564096,130995,39219,0,77,131072,130851836,0,0,1225868695,2147483648,104779712,133962988,0,0,0,0,0,0,0,0,0,0,0,0,0,0,0,0,0,0,7795443,7795558,0,97,97,6262,329,15590925,35,0,0,0,0,0,0,0,1,0,0,0,0,0,0,0,0,0,0,8768450,0,12578824,111031,0,0,0,0,0,0,0,0,16384,0,0,0,0,0,0,0,0,0,0,0,3388,348,0,0,0,0,0,23701079,0,658,1,47,348,3388,0,0,0,0,0,0,0,0,0,0,0,0,0,0,0,0,0,0,0,0,0,0,0,0,0,0,0,0,0,0,0,0,0,0,0,0,0,0,0,0,0,0,0,0,0,0,0,0,0,0,0,0,0,105037056,0,0,0,116349634,0,0,0,0,0,0,0,77059117,130906681,177560664,54568650752,45155981,0,0,0,0,0,0,0,0,0,0,0,0,0,0,0,0,0,0,0,0,0,0,0,0,0,0,0,0,0,0,0,52300034,0,0,0,0,0,0,0
1789621396.374,0,0,0,0,0,0,0,242739224,2143954685440,762436764672,0,0,0,0,0,0,0,0,0,0,0,0,0,0,0,0,0,0,0,0,0,0,0,0,0,0,0,0,0,0,0,0,0,0,0,0,0,0,0,0,0,0,0,0,0,0,0,0,0,0,0,0,0,0,0,0,0,0,425004,131023044,42659973,0,0,0,0,0,0,0,0,0,0,0,0,0,0,0,0,0,0,0,0,0,0,0,0,0,0,0,0,0,0,0,0,0,0,0,0,0,2146074624,648511488,130986,39582,0,86,131072,130871233,0,0,1225996352,2147483648,104798711,133975707,0,0,0,0,0,0,0,0,0,0,0,0,0,0,0,0,0,0,7796236,7796349,0,97,97,6262,329,15592503,35,0,0,0,0,0,0,0,1,0,0,0,0,0,0,0,0,0,0,8769340,0,12578824,111031,0,0,0,0,0,0,0,0,16384,0,0,0,0,0,0,0,0,0,0,0,3389,348,0,0,0,0,0,23703478,0,658,1,47,348,3389,0,0,0,0,0,0,0,0,0,0,0,0,0,0,0,0,0,0,0,0,0,0,0,0,0,0,0,0,0,0,0,0,0,0,0,0,0,0,0,0,0,0,0,0,0,0,0,0,0,0,0,0,0,105039544,0,0,0,116360973,0,0,0,0,0,0,0,77065127,130926102,177572075,54570434048,45157531,1,0,0,0,0,0,0,0,0,0,0,0,0,0,0,0,0,0,0,0,0,0,0,0,0,0,0,0,0,0,0,52300825,0,0,0,0,0,0,0
1789621397.401,0,0,0,0,0,0,0,242763252,2144269438464,762531395072,0,0,0,0,0,0,0,0,0,0,0,0,0,0,0,0,0,0,0,0,0,0,0,0,0,0,0,0,0,0,0,0,0,0,0,0,0,0,0,0,0,0,0,0,0,0,0,0,0,0,0,0,0,0,0,0,0,0,425041,131042286,42665586,0,0,0,0,0,0,0,0,0,0,0,0,0,0,0,0,0,0,0,0,0,0,0,0,0,0,0,0,0,0,0,0,0,0,0,0,0,2146304000,635011072,131000,38758,0,72,131072,130890455,0,0,1226122208,2147483648,104816978,133988221,0,0,0,0,0,0,0,0,0,0,0,0,0,0,0,0,0,0,7797027,7797140,0,97,97,6262,329,15594092,35,0,0,0,0,0,0,0,1,0,0,0,0,0,0,0,0,0,0,8770229,0,12580241,111043,0,0,0,0,0,0,0,0,16384,0,0,0,0,0,0,0,0,0,0,0,3390,348,0,0,0,0,0,23705889,0,658,1,47,348,3390,0,0,0,0,0,0,0,0,0,0,0,0,0,0,0,0,0,0,0,0,0,0,0,0,0,0,0,0,0,0,0,0,0,0,0,0,0,0,0,0,0,0,0,0,0,0,0,0,0,0,0,0,0,105042071,0,0,0,116372260,0,0,0,0,0,0,0,77071091,130945327,177584408,54572238336,45159088,0,0,0,0,0,0,0,0,0,0,0,0,0,0,0,0,0,0,0,0,0,0,0,0,0,0,0,0,0,0,0,52301615,0,0,0,0,0,0,0
1789621398.428,0,0,0,0,0,0,0,242785768,2144562974208,762601698304,0,0,0,0,0,0,0,0,0,0,0,0,0,0,0,0,0,0,0,0,0,0,0,0,0,0,0,0,0,0,0,0,0,0,0,0,0,0,0,0,0,0,0,0,0,0,0,0,0,0,0,0,0,0,0,0,0,0,425090,131060235,42669720,0,0,0,0,0,0,0,0,0,0,0,0,0,0,0,0,0,0,0,0,0,0,0,0,0,0,0,0,0,0,0,0,0,0,0,0,0,2146336768,639172608,131003,39012,0,69,131072,130908398,0,0,1226240492,2147483648,104834529,133999964,0,0,0,0,0,0,0,0,0,0,0,0,0,0,0,0,0,0,7797776,7797889,0,97,97,6262,329,15595584,35,0,0,0,0,0,0,0,1,0,0,0,0,0,0,0,0,0,0,8771070,0,12580241,111043,0,0,0,0,0,0,0,0,16384,0,0,0,0,0,0,0,0,0,0,0,3391,348,0,0,0,0,0,23708163,0,658,1,47,348,3391,0,0,0,0,0,0,0,0,0,0,0,0,0,0,0,0,0,0,0,0,0,0,0,0,0,0,0,0,0,0,0,0,0,0,0,0,0,0,0,0,0,0,0,0,0,0,0,0,0,0,0,0,0,105044528,0,0,0,116382797,0,0,0,0,0,0,0,77076734,130963259,177595129,54573944832,45160600,0,1,0,0,0,0,0,0,0,0,0,0,0,0,0,0,0,0,0,0,0,0,0,0,0,0,0,0,0,0,0,52302363,0,0,0,0,0,0,0
1789621399.455,0,0,0,0,0,0,0,242808837,2144864505344,762675232768,0,0,0,0,0,0,0,0,0,0,0,0,0,0,0,0,0,0,0,0,0,0,0,0,0,0,0,0,0,0,0,0,0,0,0,0,0,0,0,0,0,0,0,0,0,0,0,0,0,0,0,0,0,0,0,0,0,0,425141,131078668,42674051,0,0,0,0,0,0,0,0,0,0,0,0,0,0,0,0,0,0,0,0,0,0,0,0,0,0,0,0,0,0,0,0,0,0,0,0,0,2146369536,640679936,131004,39104,0,68,131072,130926820,0,0,1226363258,2147483648,104852463,134011928,0,0,0,0,0,0,0,0,0,0,0,0,0,0,0,0,0,0,7798539,7798655,0,97,97,6262,329,15597117,35,0,0,0,0,0,0,0,1,0,0,0,0,0,0,0,0,0,0,8771934,0,12580369,111044,0,0,0,0,0,0,0,0,16384,0,0,0,0,0,0,0,0,0,0,0,3392,348,0,0,0,0,0,23710490,0,658,1,47,348,3392,0,0,0,0,0,0,0,0,0,0,0,0,0,0,0,0,0,0,0,0,0,0,0,0,0,0,0,0,0,0,0,0,0,0,0,0,0,0,0,0,0,0,0,0,0,0,0,0,0,0,0,0,0,105046982,0,0,0,116393533,0,0,0,0,0,0,0,77082489,130981682,177606117,54575694336,45162151,1,0,0,0,0,0,0,0,0,0,0,0,0,0,0,0,0,0,0,0,0,0,0,0,0,0,0,0,0,0,0,52303131,0,0,0,0,0,0,0
1789621400.481,0,0,0,0,0,0,0,242831884,2145163333120,762745505280,0,0,0,0,0,0,0,0,0,0,0,0,0,0,0,0,0,0,0,0,0,0,0,0,0,0,0,0,0,0,0,0,0,0,0,0,0,0,0,0,0,0,0,0,0,0,0,0,0,0,0,0,0,0,0,0,0,0,425180,131096942,42678178,0,0,0,0,0,0,0,0,0,0,0,0,0,0,0,0,0,0,0,0,0,0,0,0,0,0,0,0,0,0,0,0,0,0,0,0,0,2146353152,648019968,131003,39552,0,69,131072,130945087,0,0,1226483636,2147483648,104870345,134023994,0,0,0,0,0,0,0,0,0,0,0,0,0,0,0,0,0,0,7799296,7799414,0,97,97,6262,329,15598631,35,0,0,0,0,0,0,0,1,0,0,0,0,0,0,0,0,0,0,8772787,0,12580369,111044,0,0,0,0,0,0,0,0,16384,0,0,0,0,0,0,0,0,0,0,0,3393,348,0,0,0,0,0,23712797,0,658,1,47,348,3393,0,0,0,0,0,0,0,0,0,0,0,0,0,0,0,0,0,0,0,0,0,0,0,0,0,0,0,0,0,0,0,0,0,0,0,0,0,0,0,0,0,0,0,0,0,0,0,0,0,0,0,0,0,105049431,0,0,0,116404335,0,0,0,0,0,0,0,77088118,130999944,177616824,54577445888,45163655,0,0,0,0,0,0,0,0,0,0,0,0,0,0,0,0,0,0,0,0,0,0,0,0,0,0,0,0,0,0,0,52303890,0,0,0,0,0,0,0
1789621401.507,0,0,0,0,0,0,0,242855982,2145477053952,762840884736,0,0,0,0,0,0,0,0,0,0,0,0,0,0,0,0,0,0,0,0,0,0,0,0,0,0,0,0,0,0,0,0,0,0,0,0,0,0,0,0,0,0,0,0,0,0,0,0,0,0,0,0,0,0,0,0,0,0,425228,131116120,42683821,0,0,0,0,0,0,0,0,0,0,0,0,0,0,0,0,0,0,0,0,0,0,0,0,0,0,0,0,0,0,0,0,0,0,0,0,0,2146385920,634585088,131005,38732,0,67,131072,130964247,0,0,1226609703,2147483648,104888516,134036596,0,0,0,0,0,0,0,0,0,0,0,0,0,0,0,0,0,0,7800083,7800200,0,97,97,6262,329,15600203,35,0,0,0,0,0,0,0,1,0,0,0,0,0,0,0,0,0,0,8773671,0,12581804,111056,0,0,0,0,0,0,0,0,16384,0,0,0,0,0,0,0,0,0,0,0,3394,348,0,0,0,0,0,23715186,0,658,1,47,348,3394,0,0,0,0,0,0,0,0,0,0,0,0,0,0,0,0,0,0,0,0,0,0,0,0,0,0,0,0,0,0,0,0,0,0,0,0,0,0,0,0,0,0,0,0,0,0,0,0,0,0,0,0,0,105051962,0,0,0,116415605,0,0,0,0,0,0,0,77094123,131019119,177629235,54579240960,45165227,0,0,0,0,0,0,0,0,0,0,0,0,0,0,0,0,0,0,0,0,0,0,0,0,0,0,0,0,0,0,0,52304675,0,0,0,0,0,0,0
1789621402.533,0,0,0,0,0,0,0,242878323,2145766231552,762907447296,0,0,0,0,0,0,0,0,0,0,0,0,0,0,0,0,0,0,0,0,0,0,0,0,0,0,0,0,0,0,0,0,0,0,0,0,0,0,0,0,0,0,0,0,0,0,0,0,0,0,0,0,0,0,0,0,0,0,425273,131133790,42687737,0,0,0,0,0,0,0,0,0,0,0,0,0,0,0,0,0,0,0,0,0,0,0,0,0,0,0,0,0,0,0,0,0,0,0,0,0,2146189312,642367488,130993,39207,0,79,131072,130981903,0,0,1226726520,2147483648,104905822,134048264,0,0,0,0,0,0,0,0,0,0,0,0,0,0,0,0,0,0,7800819,7800935,0,97,97,6262,329,15601675,35,0,0,0,0,0,0,0,1,0,0,0,0,0,0,0,0,0,0,8774499,0,12581804,111056,0,0,0,0,0,0,0,0,16384,0,0,0,0,0,0,0,0,0,0,0,3395,348,0,0,0,0,0,23717415,0,658,1,47,348,3395,0,0,0,0,0,0,0,0,0,0,0,0,0,0,0,0,0,0,0,0,0,0,0,0,0,0,0,0,0,0,0,0,0,0,0,0,0,0,0,0,0,0,0,0,0,0,0,0,0,0,0,0,0,105054393,0,0,0,116426076,0,0,0,0,0,0,0,77099541,131036789,177639477,54580935168,45166739,0,0,0,0,0,0,0,0,0,0,0,0,0,0,0,0,0,0,0,0,0,0,0,0,0,0,0,0,0,0,0,52305411,0,0,0,0,0,0,0
1789621403.558,0,0,0,0,0,0,0,242900526,2146057227776,762979983360,0,0,0,0,0,0,0,0,0,0,0,0,0,0,0,0,0,0,0,0,0,0,0,0,0,0,0,0,0,0,0,0,0,0,0,0,0,0,0,0,0,0,0,0,0,0,0,0,0,0,0,0,0,0,0,0,0,0,425315,131151571,42691959,0,0,0,0,0,0,0,0,0,0,0,0,0,0,0,0,0,0,0,0,0,0,0,0,0,0,0,0,0,0,0,0,0,0,0,0,0,2146172928,644382720,130991,39330,0,81,131072,130999679,0,0,1226844506,2147483648,104923108,134059886,0,0,0,0,0,0,0,0,0,0,0,0,0,0,0,0,0,0,7801570,7801686,0,97,97,6262,329,15603172,35,0,0,0,0,0,0,0,1,0,0,0,0,0,0,0,0,0,0,8775342,0,12581932,111057,0,0,0,0,0,0,0,0,16384,0,0,0,0,0,0,0,0,0,0,0,3396,348,0,0,0,0,0,23719698,0,658,1,47,348,3396,0,0,0,0,0,0,0,0,0,0,0,0,0,0,0,0,0,0,0,0,0,0,0,0,0,0,0,0,0,0,0,0,0,0,0,0,0,0,0,0,0,0,0,0,0,0,0,0,0,0,0,0,0,105058738,0,0,0,116436577,0,0,0,0,0,0,0,77106527,131054568,177652117,54583512576,45169640,1,0,0,0,0,0,0,0,0,0,0,0,0,0,0,0,0,0,0,0,0,0,0,0,0,0,0,0,0,0,0,52306161,0,0,0,0,0,0,0
1789621404.586,0,0,0,0,0,0,0,242923241,2146353499648,763052025856,0,0,0,0,0,0,0,0,0,0,0,0,0,0,0,0,0,0,0,0,0,0,0,0,0,0,0,0,0,0,0,0,0,0,0,0,0,0,0,0,0,0,0,0,0,0,0,0,0,0,0,0,0,0,0,0,0,0,425358,131169683,42696106,0,0,0,0,0,0,0,0,0,0,0,0,0,0,0,0,0,0,0,0,0,0,0,0,0,0,0,0,0,0,0,0,0,0,0,0,0,2146271232,650608640,130998,39710,0,74,131072,131017780,0,0,1226963435,2147483648,104940864,134071752,0,0,0,0,0,0,0,0,0,0,0,0,0,0,0,0,0,0,7802309,7802423,0,97,97,6262,329,15604657,35,0,0,0,0,0,0,0,1,0,0,0,0,0,0,0,0,0,0,8776173,0,12581932,111057,0,0,0,0,0,0,0,0,16384,0,0,0,0,0,0,0,0,0,0,0,3397,348,0,0,0,0,0,23721934,0,658,1,47,348,3397,0,0,0,0,0,0,0,0,0,0,0,0,0,0,0,0,0,0,0,0,0,0,0,0,0,0,0,0,0,0,0,0,0,0,0,0,0,0,0,0,0,0,0,0,0,0,0,0,0,0,0,0,0,105063946,0,0,0,116447198,0,0,0,0,0,0,0,77114293,131072655,177665640,54586508288,45173248,0,0,0,0,0,0,0,0,0,0,0,0,0,0,0,0,0,0,0,0,0,0,0,0,0,0,0,0,0,0,0,52306899,0,0,0,0,0,0,0
1789621405.611,0,0,0,0,0,0,0,242948039,2146676968960,763151934976,0,0,0,0,0,0,0,0,0,0,0,0,0,0,0,0,0,0,0,0,0,0,0,0,0,0,0,0,0,0,0,0,0,0,0,0,0,0,0,0,0,0,0,0,0,0,0,0,0,0,0,0,0,0,0,0,0,0,425402,131189458,42701891,0,0,0,0,0,0,0,0,0,0,0,0,0,0,0,0,0,0,0,0,0,0,0,0,0,0,0,0,0,0,0,0,0,0,0,0,0,2146402304,635977728,131006,38817,0,66,131072,131037530,0,0,1227093099,2147483648,104959630,134084498,0,0,0,0,0,0,0,0,0,0,0,0,0,0,0,0,0,0,7803112,7803227,0,97,97,6262,329,15606261,35,0,0,0,0,0,0,0,1,0,0,0,0,0,0,0,0,0,0,8777077,0,12583363,111069,0,0,0,0,0,0,0,0,16384,0,0,0,0,0,0,0,0,0,0,0,3398,348,0,0,0,0,0,23724371,0,658,1,47,348,3398,0,0,0,0,0,0,0,0,0,0,0,0,0,0,0,0,0,0,0,0,0,0,0,0,0,0,0,0,0,0,0,0,0,0,0,0,0,0,0,0,0,0,0,0,0,0,0,0,0,0,0,0,0,105071722,0,0,0,116458683,0,0,0,0,0,0,0,77124329,131092419,177683557,54590719488,45178714,0,0,0,0,0,0,0,0,0,0,0,0,0,0,0,0,0,0,0,0,0,0,0,0,0,0,0,0,0,0,0,52307703,0,0,0,0,0,0,0
1789621406.638,0,0,0,0,0,0,0,242970690,2146970865152,763223168512,0,0,0,0,0,0,0,0,0,0,0,0,0,0,0,0,0,0,0,0,0,0,0,0,0,0,0,0,0,0,0,0,0,0,0,0,0,0,0,0,0,0,0,0,0,0,0,0,0,0,0,0,0,0,0,0,0,0,425453,131207416,42706000,0,0,0,0,0,0,0,0,0,0,0,0,0,0,0,0,0,0,0,0,0,0,0,0,0,0,0,0,0,0,0,0,0,0,0,0,0,2146320384,642121728,131001,39192,0,71,131072,131055480,0,0,1227211483,2147483648,104977234,134096447,0,0,0,0,0,0,0,0,0,0,0,0,0,0,0,0,0,0,7803868,7803984,0,97,97,6262,329,15607765,35,0,0,0,0,0,0,0,1,0,0,0,0,0,0,0,0,0,0,8777928,0,12583363,111069,0,0,0,0,0,0,0,0,16384,0,0,0,0,0,0,0,0,0,0,0,3399,348,0,0,0,0,0,23726673,0,658,1,47,348,3399,0,0,0,0,0,0,0,0,0,0,0,0,0,0,0,0,0,0,0,0,0,0,0,0,0,0,0,0,0,0,0,0,0,0,0,0,0,0,0,0,0,0,0,0,0,0,0,0,0,0,0,0,0,105077223,0,0,0,116469367,0,0,0,0,0,0,0,77132232,131110381,177697253,54593847808,45182518,0,0,0,0,0,0,0,0,0,0,0,0,0,0,0,0,0,0,0,0,0,0,0,0,0,0,0,0,0,0,0,52308459,0,0,0,0,0,0,0
1789621407.665,0,0,0,0,0,0,0,242993957,2147275492864,763297412096,0,0,0,0,0,0,0,0,0,0,0,0,0,0,0,0,0,0,0,0,0,0,0,0,0,0,0,0,0,0,0,0,0,0,0,0,0,0,0,0,0,0,0,0,0,0,0,0,0,0,0,0,0,0,0,0,0,0,425492,131226028,42710377,0,0,0,0,0,0,0,0,0,0,0,0,0,0,0,0,0,0,0,0,0,0,0,0,0,0,0,0,0,0,0,0,0,0,0,0,0,2146140160,644055040,130989,39310,0,82,131072,131074070,0,0,1227335488,2147483648,104995321,134108428,0,0,0,0,0,0,0,0,0,0,0,0,0,0,0,0,0,0,7804640,7804757,0,97,97,6262,329,15609318,35,0,0,0,0,0,0,0,1,0,0,0,0,0,0,0,0,0,0,8778798,0,12583491,111070,0,0,0,0,0,0,0,0,16384,0,0,0,0,0,0,0,0,0,0,0,3400,348,0,0,0,0,0,23729029,0,658,1,47,348,3400,0,0,0,0,0,0,0,0,0,0,0,0,0,0,0,0,0,0,0,0,0,0,0,0,0,0,0,0,0,0,0,0,0,0,0,0,0,0,0,0,0,0,0,0,0,0,0,0,0,0,0,0,0,105079689,0,0,0,116480262,0,0,0,0,0,0,0,77138021,131128992,177708331,54595578368,45184063,0,0,0,0,0,0,0,0,0,0,0,0,0,0,0,0,0,0,0,0,0,0,0,0,0,0,0,0,0,0,0,52309233,0,0,0,0,0,0,0
1789621408.692,0,0,0,0,0,0,0,243017112,2147575795200,763369524224,0,0,0,0,0,0,0,0,0,0,0,0,0,0,0,0,0,0,0,0,0,0,0,0,0,0,0,0,0,0,0,0,0,0,0,0,0,0,0,0,0,0,0,0,0,0,0,0,0,0,0,0,0,0,0,0,0,0,425533,131244387,42714606,0,0,0,0,0,0,0,0,0,0,0,0,0,0,0,0,0,0,0,0,0,0,0,0,0,0,0,0,0,0,0,0,0,0,0,0,0,2146238464,650215424,130996,39686,0,76,131072,131092421,0,0,1227456338,2147483648,105013262,134120452,0,0,0,0,0,0,0,0,0,0,0,0,0,0,0,0,0,0,7805399,7805509,0,97,97,6262,329,15610823,35,0,0,0,0,0,0,0,1,0,0,0,0,0,0,0,0,0,0,8779645,0,12583491,111070,0,0,0,0,0,0,0,0,16384,0,0,0,0,0,0,0,0,0,0,0,3401,348,0,0,0,0,0,23731317,0,658,1,47,348,3401,0,0,0,0,0,0,0,0,0,0,0,0,0,0,0,0,0,0,0,0,0,0,0,0,0,0,0,0,0,0,0,0,0,0,0,0,0,0,0,0,0,0,0,0,0,0,0,0,0,0,0,0,0,105082155,0,0,0,116491086,0,0,0,0,0,0,0,77143758,131147335,177719274,54597317632,45185569,0,0,0,0,0,0,0,0,0,0,0,0,0,0,0,0,0,0,0,0,0,0,0,0,0,0,0,0,0,0,0,52309985,0,0,0,0,0,0,0
1789621409.718,0,0,0,0,0,0,0,243042302,2147902344704,763468301312,0,0,0,0,0,0,0,0,0,0,0,0,0,0,0,0,0,0,0,0,0,0,0,0,0,0,0,0,0,0,0,0,0,0,0,0,0,0,0,0,0,0,0,0,0,0,0,0,0,0,0,0,0,0,0,0,0,0,425589,131264349,42720474,0,0,0,0,0,0,0,0,0,0,0,0,0,0,0,0,0,0,0,0,0,0,0,0,0,0,0,0,0,0,0,0,0,0,0,0,0,2146304000,636616704,131000,38856,0,72,131072,131112370,0,0,1227588089,2147483648,105032158,134133682,0,0,0,0,0,0,0,0,0,0,0,0,0,0,0,0,0,0,7806221,7806336,0,97,97,6262,329,15612476,35,0,0,0,0,0,0,0,1,0,0,0,0,0,0,0,0,0,0,8780572,0,12584923,111082,0,0,0,0,0,0,0,0,16384,0,0,0,0,0,0,0,0,0,0,0,3402,348,0,0,0,0,0,23733823,0,658,1,47,348,3402,0,0,0,0,0,0,0,0,0,0,0,0,0,0,0,0,0,0,0,0,0,0,0,0,0,0,0,0,0,0,0,0,0,0,0,0,0,0,0,0,0,0,0,0,0,0,0,0,0,0,0,0,0,105084695,0,0,0,116502900,0,0,0,0,0,0,0,77149963,131167285,177732101,54599171072,45187139,0,0,0,0,0,0,0,0,0,0,0,0,0,0,0,0,0,0,0,0,0,0,0,0,0,0,0,0,0,0,0,52310809,0,0,0,0,0,0,0
1789621410.745,0,0,0,0,0,0,0,243064540,2148191800832,763536967168,0,0,0,0,0,0,0,0,0,0,0,0,0,0,0,0,0,0,0,0,0,0,0,0,0,0,0,0,0,0,0,0,0,0,0,0,0,0,0,0,0,0,0,0,0,0,0,0,0,0,0,0,0,0,0,0,0,0,425626,131282038,42724503,0,0,0,0,0,0,0,0,0,0,0,0,0,0,0,0,0,0,0,0,0,0,0,0,0,0,0,0,0,0,0,0,0,0,0,0,0,2146353152,642007040,131003,39185,0,69,131072,131130052,0,0,1227704213,2147483648,105049267,134145216,0,0,0,0,0,0,0,0,0,0,0,0,0,0,0,0,0,0,7806959,7807074,0,97,97,6262,329,15613954,35,0,0,0,0,0,0,0,1,0,0,0,0,0,0,0,0,0,0,8781404,0,12585051,111083,0,0,0,0,0,0,0,0,16384,0,0,0,0,0,0,0,0,0,0,0,3403,348,0,0,0,0,0,23736062,0,658,1,47,348,3403,0,0,0,0,0,0,0,0,0,0,0,0,0,0,0,0,0,0,0,0,0,0,0,0,0,0,0,0,0,0,0,0,0,0,0,0,0,0,0,0,0,0,0,0,0,0,0,0,0,0,0,0,0,105087100,0,0,0,116513351,0,0,0,0,0,0,0,77155363,131184970,177742445,54600839680,45188630,0,0,0,0,0,0,0,0,0,0,0,0,0,0,0,0,0,0,0,0,0,0,0,0,0,0,0,0,0,0,0,52311548,0,0,0,0,0,0,0
1789621411.772,0,0,0,0,0,0,0,243088376,2148503227904,763611111424,0,0,0,0,0,0,0,0,0,0,0,0,0,0,0,0,0,0,0,0,0,0,0,0,0,0,0,0,0,0,0,0,0,0,0,0,0,0,0,0,0,0,0,0,0,0,0,0,0,0,0,0,0,0,0,0,0,0,425669,131301071,42728861,0,0,0,0,0,0,0,0,0,0,0,0,0,0,0,0,0,0,0,0,0,0,0,0,0,0,0,0,0,0,0,0,0,0,0,0,0,2146156544,646135808,130991,39437,0,81,131072,131149072,0,0,1227829933,2147483648,105067877,134157534,0,0,0,0,0,0,0,0,0,0,0,0,0,0,0,0,0,0,7807755,7807866,0,97,97,6262,329,15615542,35,0,0,0,0,0,0,0,1,0,0,0,0,0,0,0,0,0,0,8782296,0,12585051,111083,0,0,0,0,0,0,0,0,16384,0,0,0,0,0,0,0,0,0,0,0,3404,348,0,0,0,0,0,23738470,0,658,1,47,348,3404,0,0,0,0,0,0,0,0,0,0,0,0,0,0,0,0,0,0,0,0,0,0,0,0,0,0,0,0,0,0,0,0,0,0,0,0,0,0,0,0,0,0,0,0,0,0,0,0,0,0,0,0,0,105089629,0,0,0,116524501,0,0,0,0,0,0,0,77161293,131203992,177753692,54602622976,45190200,0,0,0,0,0,0,0,0,0,0,0,0,0,0,0,0,0,0,0,0,0,0,0,0,0,0,0,0,0,0,0,52312342,0,0,0,0,0,0,0
1789621412.799,0,0,0,0,0,0,0,243110642,2148792339968,763703337984,0,0,0,0,0,0,0,0,0,0,0,0,0,0,0,0,0,0,0,0,0,0,0,0,0,0,0,0,0,0,0,0,0,0,0,0,0,0,0,0,0,0,0,0,0,0,0,0,0,0,0,0,0,0,0,0,0,0,425722,131318745,42734340,0,0,0,0,0,0,0,0,0,0,0,0,0,0,0,0,0,0,0,0,0,0,0,0,0,0,0,0,0,0,0,0,0,0,0,0,0,2146172928,628981760,130992,38390,0,80,131072,131166733,0,0,1227947613,2147483648,105084642,134169260,0,0,0,0,0,0,0,0,0,0,0,0,0,0,0,0,0,0,7808483,7808599,0,97,97,6262,329,15617009,35,0,0,0,0,0,0,0,1,0,0,0,0,0,0,0,0,0,0,8783121,0,12586488,111095,0,0,0,0,0,0,0,0,16384,0,0,0,0,0,0,0,0,0,0,0,3405,348,0,0,0,0,0,23740693,0,658,1,47,348,3405,0,0,0,0,0,0,0,0,0,0,0,0,0,0,0,0,0,0,0,0,0,0,0,0,0,0,0,0,0,0,0,0,0,0,0,0,0,0,0,0,0,0,0,0,0,0,0,0,0,0,0,0,0,105092052,0,0,0,116534945,0,0,0,0,0,0,0,77167033,131221660,177765637,54604315136,45191689,0,0,0,0,0,0,0,0,0,0,0,0,0,0,0,0,0,0,0,0,0,0,0,0,0,0,0,0,0,0,0,52313075,0,0,0,0,0,0,0
1789621413.826,0,0,0,0,0,0,0,243134661,2149104225792,763775201792,0,0,0,0,0,0,0,0,0,0,0,0,0,0,0,0,0,0,0,0,0,0,0,0,0,0,0,0,0,0,0,0,0,0,0,0,0,0,0,0,0,0,0,0,0,0,0,0,0,0,0,0,0,0,0,0,0,0,425765,131337801,42738567,0,0,0,0,0,0,0,0,0,0,0,0,0,0,0,0,0,0,0,0,0,0,0,0,0,0,0,0,0,0,0,0,0,0,0,0,0,2146189312,637779968,130993,38927,0,79,131072,131185778,0,0,1228072729,2147483648,105103275,134181702,0,0,0,0,0,0,0,0,0,0,0,0,0,0,0,0,0,0,7809267,7809384,0,97,97,6262,329,15618571,35,0,0,0,0,0,0,0,1,0,0,0,0,0,0,0,0,0,0,8784002,0,12586488,111095,0,0,0,0,0,0,0,0,16384,0,0,0,0,0,0,0,0,0,0,0,3406,348,0,0,0,0,0,23743073,0,658,1,47,348,3406,0,0,0,0,0,0,0,0,0,0,0,0,0,0,0,0,0,0,0,0,0,0,0,0,0,0,0,0,0,0,0,0,0,0,0,0,0,0,0,0,0,0,0,0,0,0,0,0,0,0,0,0,0,105094550,0,0,0,116546145,0,0,0,0,0,0,0,77172782,131240706,177776580,54606077952,45193218,0,0,0,0,0,0,0,0,0,0,0,0,0,0,0,0,0,0,0,0,0,0,0,0,0,0,0,0,0,0,0,52313859,0,0,0,0,0,0,0
1789621414.852,0,0,0,0,0,0,0,243156236,2149384441344,763840511488,0,0,0,0,0,0,0,0,0,0,0,0,0,0,0,0,0,0,0,0,0,0,0,0,0,0,0,0,0,0,0,0,0,0,0,0,0,0,0,0,0,0,0,0,0,0,0,0,0,0,0,0,0,0,0,0,0,0,425802,131354937,42742401,0,0,0,0,0,0,0,0,0,0,0,0,0,0,0,0,0,0,0,0,0,0,0,0,0,0,0,0,0,0,0,0,0,0,0,0,0,2146222080,643891200,130995,39300,0,77,131072,131202903,0,0,1228185576,2147483648,105120063,134192777,0,0,0,0,0,0,0,0,0,0,0,0,0,0,0,0,0,0,7809969,7810082,0,97,97,6262,329,15619982,35,0,0,0,0,0,0,0,1,0,0,0,0,0,0,0,0,0,0,8784788,0,12586488,111095,0,0,0,0,0,0,0,0,16384,0,0,0,0,0,0,0,0,0,0,0,3407,348,0,0,0,0,0,23745192,0,658,1,47,348,3407,0,0,0,0,0,0,0,0,0,0,0,0,0,0,0,0,0,0,0,0,0,0,0,0,0,0,0,0,0,0,0,0,0,0,0,0,0,0,0,0,0,0,0,0,0,0,0,0,0,0,0,0,0,105096930,0,0,0,116556150,0,0,0,0,0,0,0,77178094,131257830,177786634,54607695872,45194695,0,0,0,0,0,0,0,0,0,0,0,0,0,0,0,0,0,0,0,0,0,0,0,0,0,0,0,0,0,0,0,52314557,0,0,0,0,0,0,0
1789621415.878,0,0,0,0,0,0,0,243181165,2149709057536,763919349248,0,0,0,0,0,0,0,0,0,0,0,0,0,0,0,0,0,0,0,0,0,0,0,0,0,0,0,0,0,0,0,0,0,0,0,0,0,0,0,0,0,0,0,0,0,0,0,0,0,0,0,0,0,0,0,0,0,0,425848,131374782,42747035,0,0,0,0,0,0,0,0,0,0,0,0,0,0,0,0,0,0,0,0,0,0,0,0,0,0,0,0,0,0,0,0,0,0,0,0,0,2146271232,647348224,130998,39511,0,74,131072,131222724,0,0,1228316378,2147483648,105139341,134205746,0,0,0,0,0,0,0,0,0,0,0,0,0,0,0,0,0,0,7810804,7810921,0,97,97,6262,329,15621637,35,0,0,0,0,0,0,0,1,0,0,0,0,0,0,0,0,0,0,8785732,0,12586616,111096,0,0,0,0,0,0,0,0,16384,0,0,0,0,0,0,0,0,0,0,0,3408,348,0,0,0,0,0,23747745,0,658,1,47,348,3408,0,0,0,0,0,0,0,0,0,0,0,0,0,0,0,0,0,0,0,0,0,0,0,0,0,0,0,0,0,0,0,0,0,0,0,0,0,0,0,0,0,0,0,0,0,0,0,0,0,0,0,0,0,105099493,0,0,0,116567859,0,0,0,0,0,0,0,77184190,131277668,177798342,54609543168,45196280,0,0,0,0,0,0,0,0,0,0,0,0,0,0,0,0,0,0,0,0,0,0,0,0,0,0,0,0,0,0,0,52315397,0,0,0,0,0,0,0
1789621416.904,0,0,0,0,0,0,0,243203170,2149996023296,763997872128,0,0,0,0,0,0,0,0,0,0,0,0,0,0,0,0,0,0,0,0,0,0,0,0,0,0,0,0,0,0,0,0,0,0,0,0,0,0,0,0,0,0,0,0,0,0,0,0,0,0,0,0,0,0,0,0,0,0,425878,131392318,42751683,0,0,0,0,0,0,0,0,0,0,0,0,0,0,0,0,0,0,0,0,0,0,0,0,0,0,0,0,0,0,0,0,0,0,0,0,0,2146254848,641794048,130997,39172,0,75,131072,131240249,0,0,1228432941,2147483648,105156416,134217122,0,0,0,0,0,0,0,0,0,0,0,0,0,0,0,0,0,0,7811535,7811651,0,97,97,6262,329,15623097,35,0,0,0,0,0,0,0,1,0,0,0,0,0,0,0,0,0,0,8786554,0,12587243,111101,0,0,0,0,0,0,0,0,16384,0,0,0,0,0,0,0,0,0,0,0,3409,348,0,0,0,0,0,23749965,0,658,1,47,348,3409,0,0,0,0,0,0,0,0,0,0,0,0,0,0,0,0,0,0,0,0,0,0,0,0,0,0,0,0,0,0,0,0,0,0,0,0,0,0,0,0,0,0,0,0,0,0,0,0,0,0,0,0,0,105101905,0,0,0,116578176,0,0,0,0,0,0,0,77189778,131295190,177809409,54611191296,45197787,0,0,0,0,0,0,0,0,0,0,0,0,0,0,0,0,0,0,0,0,0,0,0,0,0,0,0,0,0,0,0,52316127,0,0,0,0,0,0,0
1789621417.930,0,0,0,0,0,0,0,243227756,2150314741248,764086205952,0,0,0,0,0,0,0,0,0,0,0,0,0,0,0,0,0,0,0,0,0,0,0,0,0,0,0,0,0,0,0,0,0,0,0,0,0,0,0,0,0,0,0,0,0,0,0,0,0,0,0,0,0,0,0,0,0,0,425927,131411798,42756906,0,0,0,0,0,0,0,0,0,0,0,0,0,0,0,0,0,0,0,0,0,0,0,0,0,0,0,0,0,0,0,0,0,0,0,0,0,2146353152,637108224,131003,38886,0,69,131072,131259719,0,0,1228561456,2147483648,105174924,134230039,0,0,0,0,0,0,0,0,0,0,0,0,0,0,0,0,0,0,7812338,7812452,0,97,97,6262,329,15624715,35,0,0,0,0,0,0,0,1,0,0,0,0,0,0,0,0,0,0,8787454,0,12588062,111108,0,0,0,0,0,0,0,0,16384,0,0,0,0,0,0,0,0,0,0,0,3410,348,0,0,0,0,0,23752387,0,658,1,47,348,3410,0,0,0,0,0,0,0,0,0,0,0,0,0,0,0,0,0,0,0,0,0,0,0,0,0,0,0,0,0,0,0,0,0,0,0,0,0,0,0,0,0,0,0,0,0,0,0,0,0,0,0,0,0,105104447,0,0,0,116589732,0,0,0,0,0,0,0,77195885,131314668,177821588,54613015040,45199352,0,0,0,0,0,0,0,0,0,0,0,0,0,0,0,0,0,0,0,0,0,0,0,0,0,0,0,0,0,0,0,52316927,0,0,0,0,0,0,0
1789621418.957,0,0,0,0,0,0,0,243249129,2150591958528,764149254144,0,0,0,0,0,0,0,0,0,0,0,0,0,0,0,0,0,0,0,0,0,0,0,0,0,0,0,0,0,0,0,0,0,0,0,0,0,0,0,0,0,0,0,0,0,0,0,0,0,0,0,0,0,0,0,0,0,0,425970,131428748,42760607,0,0,0,0,0,0,0,0,0,0,0,0,0,0,0,0,0,0,0,0,0,0,0,0,0,0,0,0,0,0,0,0,0,0,0,0,0,2146189312,646053888,130993,39432,0,79,131072,131276657,0,0,1228673031,2147483648,105191553,134241275,0,0,0,0,0,0,0,0,0,0,0,0,0,0,0,0,0,0,7813042,7813153,0,97,97,6262,329,15626125,35,0,0,0,0,0,0,0,1,0,0,0,0,0,0,0,0,0,0,8788244,0,12588062,111108,0,0,0,0,0,0,0,0,16384,0,0,0,0,0,0,0,0,0,0,0,3411,348,0,0,0,0,0,23754525,0,658,1,47,348,3411,0,0,0,0,0,0,0,0,0,0,0,0,0,0,0,0,0,0,0,0,0,0,0,0,0,0,0,0,0,0,0,0,0,0,0,0,0,0,0,0,0,0,0,0,0,0,0,0,0,0,0,0,0,105106829,0,0,0,116599767,0,0,0,0,0,0,0,77201077,131331606,177831364,54614649856,45200846,0,0,0,0,0,0,0,0,0,0,0,0,0,0,0,0,0,0,0,0,0,0,0,0,0,0,0,0,0,0,0,52317629,0,0,0,0,0,0,0
1789621419.983,0,0,0,0,0,0,0,243273818,2150913347072,764229617664,0,0,0,0,0,0,0,0,0,0,0,0,0,0,0,0,0,0,0,0,0,0,0,0,0,0,0,0,0,0,0,0,0,0,0,0,0,0,0,0,0,0,0,0,0,0,0,0,0,0,0,0,0,0,0,0,0,0,426016,131448396,42765183,0,0,0,0,0,0,0,0,0,0,0,0,0,0,0,0,0,0,0,0,0,0,0,0,0,0,0,0,0,0,0,0,0,0,0,0,0,2146156544,650182656,130991,39684,0,81,131072,131296289,0,0,1228802736,2147483648,105210593,134254085,0,0,0,0,0,0,0,0,0,0,0,0,0,0,0,0,0,0,7813859,7813971,0,97,97,6262,329,15627755,35,0,0,0,0,0,0,0,1,0,0,0,0,0,0,0,0,0,0,8789164,0,12588190,111109,0,0,0,0,0,0,0,0,16384,0,0,0,0,0,0,0,0,0,0,0,3412,348,0,0,0,0,0,23757001,0,658,1,47,348,3412,0,0,0,0,0,0,0,0,0,0,0,0,0,0,0,0,0,0,0,0,0,0,0,0,0,0,0,0,0,0,0,0,0,0,0,0,0,0,0,0,0,0,0,0,0,0,0,0,0,0,0,0,0,105114984,0,0,0,116611278,0,0,0,0,0,0,0,77211271,131351241,177848530,54619053568,45206597,0,0,0,0,0,0,0,0,0,0,0,0,0,0,0,0,0,0,0,0,0,0,0,0,0,0,0,0,0,0,0,52318447,0,0,0,0,0,0,0
1789621421.010,0,0,0,0,0,0,0,243298005,2151228198400,764329037312,0,0,0,0,0,0,0,0,0,0,0,0,0,0,0,0,0,0,0,0,0,0,0,0,0,0,0,0,0,0,0,0,0,0,0,0,0,0,0,0,0,0,0,0,0,0,0,0,0,0,0,0,0,0,0,0,0,0,426058,131467644,42771026,0,0,0,0,0,0,0,0,0,0,0,0,0,0,0,0,0,0,0,0,0,0,0,0,0,0,0,0,0,0,0,0,0,0,0,0,0,2146402304,630685696,131006,38494,0,66,131072,131315516,0,0,1228930017,2147483648,105228925,134266563,0,0,0,0,0,0,0,0,0,0,0,0,0,0,0,0,0,0,7814665,7814778,0,97,97,6262,329,15629360,35,0,0,0,0,0,0,0,1,0,0,0,0,0,0,0,0,0,0,8790072,0,12589618,111121,0,0,0,0,0,0,0,0,16384,0,0,0,0,0,0,0,0,0,0,0,3413,348,0,0,0,0,0,23759451,0,658,1,47,348,3413,0,0,0,0,0,0,0,0,0,0,0,0,0,0,0,0,0,0,0,0,0,0,0,0,0,0,0,0,0,0,0,0,0,0,0,0,0,0,0,0,0,0,0,0,0,0,0,0,0,0,0,0,0,105119532,0,0,0,116622592,0,0,0,0,0,0,0,77219057,131370482,177863347,54621770240,45209738,0,0,0,0,0,0,0,0,0,0,0,0,0,0,0,0,0,0,0,0,0,0,0,0,0,0,0,0,0,0,0,52319254,0,0,0,0,0,0,0
1789621422.037,0,0,0,0,0,0,0,243321102,2151529188864,764399698944,0,0,0,0,0,0,0,0,0,0,0,0,0,0,0,0,0,0,0,0,0,0,0,0,0,0,0,0,0,0,0,0,0,0,0,0,0,0,0,0,0,0,0,0,0,0,0,0,0,0,0,0,0,0,0,0,0,0,426100,131486035,42775188,0,0,0,0,0,0,0,0,0,0,0,0,0,0,0,0,0,0,0,0,0,0,0,0,0,0,0,0,0,0,0,0,0,0,0,0,0,2146254848,637140992,130997,38888,0,75,131072,131333891,0,0,1229051857,2147483648,105246913,134278557,0,0,0,0,0,0,0,0,0,0,0,0,0,0,0,0,0,0,7815426,7815542,0,97,97,6262,329,15630882,35,0,0,0,0,0,0,0,1,0,0,0,0,0,0,0,0,0,0,8790931,0,12589618,111121,0,0,0,0,0,0,0,0,16384,0,0,0,0,0,0,0,0,0,0,0,3414,348,0,0,0,0,0,23761768,0,658,1,47,348,3414,0,0,0,0,0,0,0,0,0,0,0,0,0,0,0,0,0,0,0,0,0,0,0,0,0,0,0,0,0,0,0,0,0,0,0,0,0,0,0,0,0,0,0,0,0,0,0,0,0,0,0,0,0,105122003,0,0,0,116633400,0,0,0,0,0,0,0,77224735,131388860,177874122,54623513600,45211263,0,0,0,0,0,0,0,0,0,0,0,0,0,0,0,0,0,0,0,0,0,0,0,0,0,0,0,0,0,0,0,52320018,0,0,0,0,0,0,0
1789621423.063,0,0,0,0,0,0,0,243344242,2151830179328,764471250432,0,0,0,0,0,0,0,0,0,0,0,0,0,0,0,0,0,0,0,0,0,0,0,0,0,0,0,0,0,0,0,0,0,0,0,0,0,0,0,0,0,0,0,0,0,0,0,0,0,0,0,0,0,0,0,0,0,0,426143,131504437,42779398,0,0,0,0,0,0,0,0,0,0,0,0,0,0,0,0,0,0,0,0,0,0,0,0,0,0,0,0,0,0,0,0,0,0,0,0,0,2146205696,643727360,130994,39290,0,77,131072,131352281,0,0,1229172912,2147483648,105264783,134290661,0,0,0,0,0,0,0,0,0,0,0,0,0,0,0,0,0,0,7816176,7816293,0,97,97,6262,329,15632392,35,0,0,0,0,0,0,0,1,0,0,0,0,0,0,0,0,0,0,8791776,0,12589746,111122,0,0,0,0,0,0,0,0,16384,0,0,0,0,0,0,0,0,0,0,0,3415,348,0,0,0,0,0,23764051,0,658,1,47,348,3415,0,0,0,0,0,0,0,0,0,0,0,0,0,0,0,0,0,0,0,0,0,0,0,0,0,0,0,0,0,0,0,0,0,0,0,0,0,0,0,0,0,0,0,0,0,0,0,0,0,0,0,0,0,105124420,0,0,0,116644204,0,0,0,0,0,0,0,77230316,131407266,177884833,54625214976,45212757,1,0,0,0,0,0,0,0,0,0,0,0,0,0,0,0,0,0,0,0,0,0,0,0,0,0,0,0,0,0,0,52320769,0,0,0,0,0,0,0
1789621424.090,0,0,0,0,0,0,0,243367443,2152131218944,764541667840,0,0,0,0,0,0,0,0,0,0,0,0,0,0,0,0,0,0,0,0,0,0,0,0,0,0,0,0,0,0,0,0,0,0,0,0,0,0,0,0,0,0,0,0,0,0,0,0,0,0,0,0,0,0,0,0,0,0,426187,131522836,42783532,0,0,0,0,0,0,0,0,0,0,0,0,0,0,0,0,0,0,0,0,0,0,0,0,0,0,0,0,0,0,0,0,0,0,0,0,0,2146123776,651264000,130989,39750,0,83,131072,131370664,0,0,1229294240,2147483648,105282822,134302752,0,0,0,0,0,0,0,0,0,0,0,0,0,0,0,0,0,0,7816932,7817049,0,97,97,6262,329,15633908,35,0,0,0,0,0,0,0,1,0,0,0,0,0,0,0,0,0,0,8792627,0,12589746,111122,0,0,0,0,0,0,0,0,16384,0,0,0,0,0,0,0,0,0,0,0,3416,348,0,0,0,0,0,23766353,0,658,1,47,348,3416,0,0,0,0,0,0,0,0,0,0,0,0,0,0,0,0,0,0,0,0,0,0,0,0,0,0,0,0,0,0,0,0,0,0,0,0,0,0,0,0,0,0,0,0,0,0,0,0,0,0,0,0,0,105126874,0,0,0,116655011,0,0,0,0,0,0,0,77235976,131425644,177895561,54626961920,45214278,0,0,0,0,0,0,0,0,0,0,0,0,0,0,0,0,0,0,0,0,0,0,0,0,0,0,0,0,0,0,0,52321525,0,0,0,0,0,0,0
1789621425.117,0,0,0,0,0,0,0,243392140,2152451624448,764641582592,0,0,0,0,0,0,0,0,0,0,0,0,0,0,0,0,0,0,0,0,0,0,0,0,0,0,0,0,0,0,0,0,0,0,0,0,0,0,0,0,0,0,0,0,0,0,0,0,0,0,0,0,0,0,0,0,0,0,426231,131542414,42789428,0,0,0,0,0,0,0,0,0,0,0,0,0,0,0,0,0,0,0,0,0,0,0,0,0,0,0,0,0,0,0,0,0,0,0,0,0,2146189312,633176064,130993,38646,0,78,131072,131390227,0,0,1229424135,2147483648,105301334,134315607,0,0,0,0,0,0,0,0,0,0,0,0,0,0,0,0,0,0,7817759,7817874,0,97,97,6262,329,15635564,35,0,0,0,0,0,0,0,1,0,0,0,0,0,0,0,0,0,0,8793555,0,12591171,111134,0,0,0,0,0,0,0,0,16384,0,0,0,0,0,0,0,0,0,0,0,3417,348,0,0,0,0,0,23768863,0,658,1,47,348,3417,0,0,0,0,0,0,0,0,0,0,0,0,0,0,0,0,0,0,0,0,0,0,0,0,0,0,0,0,0,0,0,0,0,0,0,0,0,0,0,0,0,0,0,0,0,0,0,0,0,0,0,0,0,105130768,0,0,0,116666644,0,0,0,0,0,0,0,77243263,131445230,177909813,54629414400,45216876,0,0,0,0,0,0,0,0,0,0,0,0,0,0,0,0,0,0,0,0,0,0,0,0,0,0,0,0,0,0,0,52322350,0,0,0,0,0,0,0
1789621426.143,0,0,0,0,0,0,0,243414389,2152742080000,764713700864,0,0,0,0,0,0,0,0,0,0,0,0,0,0,0,0,0,0,0,0,0,0,0,0,0,0,0,0,0,0,0,0,0,0,0,0,0,0,0,0,0,0,0,0,0,0,0,0,0,0,0,0,0,0,0,0,0,0,426284,131560168,42793490,0,0,0,0,0,0,0,0,0,0,0,0,0,0,0,0,0,0,0,0,0,0,0,0,0,0,0,0,0,0,0,0,0,0,0,0,0,2146385920,638681088,131005,38982,0,67,131072,131407976,0,0,1229541738,2147483648,105318776,134327308,0,0,0,0,0,0,0,0,0,0,0,0,0,0,0,0,0,0,7818498,7818614,0,97,97,6262,329,15637023,35,0,0,0,0,0,0,0,1,0,0,0,0,0,0,0,0,0,0,8794386,0,12591171,111134,0,0,0,0,0,0,0,0,16384,0,0,0,0,0,0,0,0,0,0,0,3418,348,0,0,0,0,0,23771105,0,658,1,47,348,3418,0,0,0,0,0,0,0,0,0,0,0,0,0,0,0,0,0,0,0,0,0,0,0,0,0,0,0,0,0,0,0,0,0,0,0,0,0,0,0,0,0,0,0,0,0,0,0,0,0,0,0,0,0,105139625,0,0,0,116677055,0,0,0,0,0,0,0,77253697,131462970,177926800,54634085888,45223250,0,0,0,0,0,0,0,0,0,0,0,0,0,0,0,0,0,0,0,0,0,0,0,0,0,0,0,0,0,0,0,52323089,0,0,0,0,0,0,0
1789621427.169,0,0,0,0,0,0,0,243437180,2153039367680,764784618496,0,0,0,0,0,0,0,0,0,0,0,0,0,0,0,0,0,0,0,0,0,0,0,0,0,0,0,0,0,0,0,0,0,0,0,0,0,0,0,0,0,0,0,0,0,0,0,0,0,0,0,0,0,0,0,0,0,0,426327,131578336,42797651,0,0,0,0,0,0,0,0,0,0,0,0,0,0,0,0,0,0,0,0,0,0,0,0,0,0,0,0,0,0,0,0,0,0,0,0,0,2146271232,645087232,130998,39373,0,74,131072,131426126,0,0,1229660864,2147483648,105336410,134339262,0,0,0,0,0,0,0,0,0,0,0,0,0,0,0,0,0,0,7819239,7819355,0,97,97,6262,329,15638522,35,0,0,0,0,0,0,0,1,0,0,0,0,0,0,0,0,0,0,8795220,0,12591299,111135,0,0,0,0,0,0,0,0,16384,0,0,0,0,0,0,0,0,0,0,0,3419,348,0,0,0,0,0,23773359,0,658,1,47,348,3419,0,0,0,0,0,0,0,0,0,0,0,0,0,0,0,0,0,0,0,0,0,0,0,0,0,0,0,0,0,0,0,0,0,0,0,0,0,0,0,0,0,0,0,0,0,0,0,0,0,0,0,0,0,105142063,0,0,0,116687738,0,0,0,0,0,0,0,77259270,131481129,177937447,54635814400,45224778,0,0,0,0,0,0,0,0,0,0,0,0,0,0,0,0,0,0,0,0,0,0,0,0,0,0,0,0,0,0,0,52323830,0,0,0,0,0,0,0
1789621428.195,0,0,0,0,0,0,0,243459974,2153336950272,764852166144,0,0,0,0,0,0,0,0,0,0,0,0,0,0,0,0,0,0,0,0,0,0,0,0,0,0,0,0,0,0,0,0,0,0,0,0,0,0,0,0,0,0,0,0,0,0,0,0,0,0,0,0,0,0,0,0,0,0,426364,131596511,42801628,0,0,0,0,0,0,0,0,0,0,0,0,0,0,0,0,0,0,0,0,0,0,0,0,0,0,0,0,0,0,0,0,0,0,0,0,0,2146435072,652935168,131008,39852,0,64,131072,131444287,0,0,1229780041,2147483648,105354213,134351022,0,0,0,0,0,0,0,0,0,0,0,0,0,0,0,0,0,0,7819989,7820104,0,97,97,6262,329,15640002,35,0,0,0,0,0,0,0,1,0,0,0,0,0,0,0,0,0,0,8796062,0,12591299,111135,0,0,0,0,0,0,0,0,16384,0,0,0,0,0,0,0,0,0,0,0,3420,348,0,0,0,0,0,23775633,0,658,1,47,348,3420,0,0,0,0,0,0,0,0,0,0,0,0,0,0,0,0,0,0,0,0,0,0,0,0,0,0,0,0,0,0,0,0,0,0,0,0,0,0,0,0,0,0,0,0,0,0,0,0,0,0,0,0,0,105144509,0,0,0,116698355,0,0,0,0,0,0,0,77264759,131499305,177947833,54637510144,45226298,0,0,0,0,0,0,0,0,0,0,0,0,0,0,0,0,0,0,0,0,0,0,0,0,0,0,0,0,0,0,0,52324578,0,0,0,0,0,0,0
1789621429.222,0,0,0,0,0,0,0,243483590,2153642544640,764948170752,0,0,0,0,0,0,0,0,0,0,0,0,0,0,0,0,0,0,0,0,0,0,0,0,0,0,0,0,0,0,0,0,0,0,0,0,0,0,0,0,0,0,0,0,0,0,0,0,0,0,0,0,0,0,0,0,0,0,426421,131615203,42807298,0,0,0,0,0,0,0,0,0,0,0,0,0,0,0,0,0,0,0,0,0,0,0,0,0,0,0,0,0,0,0,0,0,0,0,0,0,2146369536,635633664,131004,38796,0,68,131072,131462961,0,0,1229903798,2147483648,105371775,134363493,0,0,0,0,0,0,0,0,0,0,0,0,0,0,0,0,0,0,7820779,7820893,0,97,97,6262,329,15641585,35,0,0,0,0,0,0,0,1,0,0,0,0,0,0,0,0,0,0,8796951,0,12592746,111147,0,0,0,0,0,0,0,0,16384,0,0,0,0,0,0,0,0,0,0,0,3421,348,0,0,0,0,0,23778038,0,658,1,47,348,3421,0,0,0,0,0,0,0,0,0,0,0,0,0,0,0,0,0,0,0,0,0,0,0,0,0,0,0,0,0,0,0,0,0,0,0,0,0,0,0,0,0,0,0,0,0,0,0,0,0,0,0,0,0,105147633,0,0,0,116709499,0,0,0,0,0,0,0,77271279,131517983,177960864,54639609344,45228359,0,0,0,0,0,0,0,0,0,0,0,0,0,0,0,0,0,0,0,0,0,0,0,0,0,0,0,0,0,0,0,52325368,0,0,0,0,0,0,0
1789621430.249,0,0,0,0,0,0,0,243505741,2153931968000,765017210880,0,0,0,0,0,0,0,0,0,0,0,0,0,0,0,0,0,0,0,0,0,0,0,0,0,0,0,0,0,0,0,0,0,0,0,0,0,0,0,0,0,0,0,0,0,0,0,0,0,0,0,0,0,0,0,0,0,0,426458,131632900,42811367,0,0,0,0,0,0,0,0,0,0,0,0,0,0,0,0,0,0,0,0,0,0,0,0,0,0,0,0,0,0,0,0,0,0,0,0,0,2146287616,638844928,130999,38992,0,73,131072,131480646,0,0,1230020742,2147483648,105389098,134374874,0,0,0,0,0,0,0,0,0,0,0,0,0,0,0,0,0,0,7821511,7821626,0,97,97,6262,329,15643061,35,0,0,0,0,0,0,0,1,0,0,0,0,0,0,0,0,0,0,8797774,0,12592746,111147,0,0,0,0,0,0,0,0,16384,0,0,0,0,0,0,0,0,0,0,0,3422,348,0,0,0,0,0,23780260,0,658,1,47,348,3422,0,0,0,0,0,0,0,0,0,0,0,0,0,0,0,0,0,0,0,0,0,0,0,0,0,0,0,0,0,0,0,0,0,0,0,0,0,0,0,0,0,0,0,0,0,0,0,0,0,0,0,0,0,105150041,0,0,0,116719816,0,0,0,0,0,0,0,77276823,131535661,177971385,54641281536,45229846,0,0,0,0,0,0,0,0,0,0,0,0,0,0,0,0,0,0,0,0,0,0,0,0,0,0,0,0,0,0,0,52326099,0,0,0,0,0,0,0
1789621431.277,0,0,0,0,0,0,0,243529477,2154241101312,765090150912,0,0,0,0,0,0,0,0,0,0,0,0,0,0,0,0,0,0,0,0,0,0,0,0,0,0,0,0,0,0,0,0,0,0,0,0,0,0,0,0,0,0,0,0,0,0,0,0,0,0,0,0,0,0,0,0,0,0,426504,131651790,42815651,0,0,0,0,0,0,0,0,0,0,0,0,0,0,0,0,0,0,0,0,0,0,0,0,0,0,0,0,0,0,0,0,0,0,0,0,0,2146189312,645005312,130993,39368,0,79,131072,131499515,0,0,1230146042,2147483648,105407440,134387197,0,0,0,0,0,0,0,0,0,0,0,0,0,0,0,0,0,0,7822291,7822408,0,97,97,6262,329,15644613,35,0,0,0,0,0,0,0,1,0,0,0,0,0,0,0,0,0,0,8798654,0,12592874,111148,0,0,0,0,0,0,0,0,16384,0,0,0,0,0,0,0,0,0,0,0,3423,348,0,0,0,0,0,23782643,0,658,1,47,348,3423,0,0,0,0,0,0,0,0,0,0,0,0,0,0,0,0,0,0,0,0,0,0,0,0,0,0,0,0,0,0,0,0,0,0,0,0,0,0,0,0,0,0,0,0,0,0,0,0,0,0,0,0,0,105152491,0,0,0,116730874,0,0,0,0,0,0,0,77282502,131554544,177982277,54643049984,45231364,0,0,0,0,0,0,0,0,0,0,0,0,0,0,0,0,0,0,0,0,0,0,0,0,0,0,0,0,0,0,0,52326883,0,0,0,0,0,0,0
1789621432.303,0,0,0,0,0,0,0,243551419,2154526100992,765156663296,0,0,0,0,0,0,0,0,0,0,0,0,0,0,0,0,0,0,0,0,0,0,0,0,0,0,0,0,0,0,0,0,0,0,0,0,0,0,0,0,0,0,0,0,0,0,0,0,0,0,0,0,0,0,0,0,0,0,426548,131669207,42819562,0,0,0,0,0,0,0,0,0,0,0,0,0,0,0,0,0,0,0,0,0,0,0,0,0,0,0,0,0,0,0,0,0,0,0,0,0,2146156544,652853248,130991,39847,0,81,131072,131516917,0,0,1230260455,2147483648,105424477,134398735,0,0,0,0,0,0,0,0,0,0,0,0,0,0,0,0,0,0,7823008,7823122,0,97,97,6262,329,15646046,35,0,0,0,0,0,0,0,1,0,0,0,0,0,0,0,0,0,0,8799459,0,12592874,111148,0,0,0,0,0,0,0,0,16384,0,0,0,0,0,0,0,0,0,0,0,3424,348,0,0,0,0,0,23784833,0,658,1,47,348,3424,0,0,0,0,0,0,0,0,0,0,0,0,0,0,0,0,0,0,0,0,0,0,0,0,0,0,0,0,0,0,0,0,0,0,0,0,0,0,0,0,0,0,0,0,0,0,0,0,0,0,0,0,0,105154912,0,0,0,116741140,0,0,0,0,0,0,0,77287907,131571958,177992510,54644719104,45232861,0,0,0,0,0,0,0,0,0,0,0,0,0,0,0,0,0,0,0,0,0,0,0,0,0,0,0,0,0,0,0,52327598,0,0,0,0,0,0,0
1789621433.329,0,0,0,0,0,0,0,243575242,2154836020736,765250802688,0,0,0,0,0,0,0,0,0,0,0,0,0,0,0,0,0,0,0,0,0,0,0,0,0,0,0,0,0,0,0,0,0,0,0,0,0,0,0,0,0,0,0,0,0,0,0,0,0,0,0,0,0,0,0,0,0,0,426586,131688151,42825141,0,0,0,0,0,0,0,0,0,0,0,0,0,0,0,0,0,0,0,0,0,0,0,0,0,0,0,0,0,0,0,0,0,0,0,0,0,2146336768,638648320,131001,38980,0,71,131072,131535842,0,0,1230385054,2147483648,105442330,134411054,0,0,0,0,0,0,0,0,0,0,0,0,0,0,0,0,0,0,7823792,7823905,0,97,97,6262,329,15647620,35,0,0,0,0,0,0,0,1,0,0,0,0,0,0,0,0,0,0,8800340,0,12594322,111160,0,0,0,0,0,0,0,0,16384,0,0,0,0,0,0,0,0,0,0,0,3425,348,0,0,0,0,0,23787210,0,658,1,47,348,3425,0,0,0,0,0,0,0,0,0,0,0,0,0,0,0,0,0,0,0,0,0,0,0,0,0,0,0,0,0,0,0,0,0,0,0,0,0,0,0,0,0,0,0,0,0,0,0,0,0,0,0,0,0,105157398,0,0,0,116752313,0,0,0,0,0,0,0,77293828,131590894,178004726,54646495232,45234418,0,0,0,0,0,0,0,0,0,0,0,0,0,0,0,0,0,0,0,0,0,0,0,0,0,0,0,0,0,0,0,52328381,0,0,0,0,0,0,0
1789621434.356,0,0,0,0,0,0,0,243598287,2155135880704,765323524608,0,0,0,0,0,0,0,0,0,0,0,0,0,0,0,0,0,0,0,0,0,0,0,0,0,0,0,0,0,0,0,0,0,0,0,0,0,0,0,0,0,0,0,0,0,0,0,0,0,0,0,0,0,0,0,0,0,0,426630,131706494,42829426,0,0,0,0,0,0,0,0,0,0,0,0,0,0,0,0,0,0,0,0,0,0,0,0,0,0,0,0,0,0,0,0,0,0,0,0,0,2146222080,641892352,130995,39178,0,77,131072,131554179,0,0,1230505690,2147483648,105460296,134423038,0,0,0,0,0,0,0,0,0,0,0,0,0,0,0,0,0,0,7824556,7824671,0,97,97,6262,329,15649149,35,0,0,0,0,0,0,0,1,0,0,0,0,0,0,0,0,0,0,8801201,0,12594322,111160,0,0,0,0,0,0,0,0,16384,0,0,0,0,0,0,0,0,0,0,0,3427,348,0,0,0,0,0,23789537,0,658,1,47,348,3427,0,0,0,0,0,0,0,0,0,0,0,0,0,0,0,0,0,0,0,0,0,0,0,0,0,0,0,0,0,0,0,0,0,0,0,0,0,0,0,0,0,0,0,0,0,0,0,0,0,0,0,0,0,105159867,0,0,0,116763105,0,0,0,0,0,0,0,77299628,131609222,178015746,54648243200,45235943,0,0,0,0,0,0,0,0,0,0,0,0,0,0,0,0,0,0,0,0,0,0,0,0,0,0,0,0,0,0,0,52329147,0,0,0,0,0,0,0
1789621435.382,0,0,0,0,0,0,0,243620163,2155420995072,765392771072,0,0,0,0,0,0,0,0,0,0,0,0,0,0,0,0,0,0,0,0,0,0,0,0,0,0,0,0,0,0,0,0,0,0,0,0,0,0,0,0,0,0,0,0,0,0,0,0,0,0,0,0,0,0,0,0,0,0,426679,131723924,42833496,0,0,0,0,0,0,0,0,0,0,0,0,0,0,0,0,0,0,0,0,0,0,0,0,0,0,0,0,0,0,0,0,0,0,0,0,0,2146271232,645398528,130998,39392,0,75,131072,131571597,0,0,1230621153,2147483648,105477193,134434479,0,0,0,0,0,0,0,0,0,0,0,0,0,0,0,0,0,0,7825289,7825404,0,97,97,6262,329,15650621,35,0,0,0,0,0,0,0,1,0,0,0,0,0,0,0,0,0,0,8802025,0,12594450,111161,0,0,0,0,0,0,0,0,16384,0,0,0,0,0,0,0,0,0,0,0,3428,348,0,0,0,0,0,23791759,0,658,1,47,348,3428,0,0,0,0,0,0,0,0,0,0,0,0,0,0,0,0,0,0,0,0,0,0,0,0,0,0,0,0,0,0,0,0,0,0,0,0,0,0,0,0,0,0,0,0,0,0,0,0,0,0,0,0,0,105162279,0,0,0,116773398,0,0,0,0,0,0,0,77305080,131626646,178026172,54649923072,45237448,0,0,0,0,0,0,0,0,0,0,0,0,0,0,0,0,0,0,0,0,0,0,0,0,0,0,0,0,0,0,0,52329879,0,0,0,0,0,0,0
1789621436.409,0,0,0,0,0,0,0,243643967,2155730832896,765466049024,0,0,0,0,0,0,0,0,0,0,0,0,0,0,0,0,0,0,0,0,0,0,0,0,0,0,0,0,0,0,0,0,0,0,0,0,0,0,0,0,0,0,0,0,0,0,0,0,0,0,0,0,0,0,0,0,0,0,426719,131742859,42837814,0,0,0,0,0,0,0,0,0,0,0,0,0,0,0,0,0,0,0,0,0,0,0,0,0,0,0,0,0,0,0,0,0,0,0,0,0,2146156544,651608064,130991,39771,0,81,131072,131590514,0,0,1230746613,2147483648,105495717,134446765,0,0,0,0,0,0,0,0,0,0,0,0,0,0,0,0,0,0,7826065,7826178,0,97,97,6262,329,15652178,35,0,0,0,0,0,0,0,1,0,0,0,0,0,0,0,0,0,0,8802897,0,12594450,111161,0,0,0,0,0,0,0,0,16384,0,0,0,0,0,0,0,0,0,0,0,3429,348,0,0,0,0,0,23794121,0,658,1,47,348,3429,0,0,0,0,0,0,0,0,0,0,0,0,0,0,0,0,0,0,0,0,0,0,0,0,0,0,0,0,0,0,0,0,0,0,0,0,0,0,0,0,0,0,0,0,0,0,0,0,0,0,0,0,0,105164778,0,0,0,116784497,0,0,0,0,0,0,0,77310964,131645580,178037290,54651685888,45239021,0,0,0,0,0,0,0,0,0,0,0,0,0,0,0,0,0,0,0,0,0,0,0,0,0,0,0,0,0,0,0,52330654,0,0,0,0,0,0,0
1789621437.435,0,0,0,0,0,0,0,243668369,2156049255936,765562176000,0,0,0,0,0,0,0,0,0,0,0,0,0,0,0,0,0,0,0,0,0,0,0,0,0,0,0,0,0,0,0,0,0,0,0,0,0,0,0,0,0,0,0,0,0,0,0,0,0,0,0,0,0,0,0,0,0,0,426768,131762310,42843508,0,0,0,0,0,0,0,0,0,0,0,0,0,0,0,0,0,0,0,0,0,0,0,0,0,0,0,0,0,0,0,0,0,0,0,0,0,2146238464,638451712,130996,38968,0,77,131072,131609948,0,0,1230874137,2147483648,105514150,134459611,0,0,0,0,0,0,0,0,0,0,0,0,0,0,0,0,0,0,7826870,7826985,0,97,97,6262,329,15653770,35,0,0,0,0,0,0,0,1,0,0,0,0,0,0,0,0,0,0,8803804,0,12595860,111173,0,0,0,0,0,0,0,0,16384,0,0,0,0,0,0,0,0,0,0,0,3430,348,0,0,0,0,0,23796582,0,658,1,47,348,3430,0,0,0,0,0,0,0,0,0,0,0,0,0,0,0,0,0,0,0,0,0,0,0,0,0,0,0,0,0,0,0,0,0,0,0,0,0,0,0,0,0,0,0,0,0,0,0,0,0,0,0,0,0,105167322,0,0,0,116795965,0,0,0,0,0,0,0,77317055,131665024,178049830,54653518848,45240602,0,0,0,0,0,0,0,0,0,0,0,0,0,0,0,0,0,0,0,0,0,0,0,0,0,0,0,0,0,0,0,52331461,0,0,0,0,0,0,0
1789621438.462,0,0,0,0,0,0,0,243690695,2156338433536,765630476800,0,0,0,0,0,0,0,0,0,0,0,0,0,0,0,0,0,0,0,0,0,0,0,0,0,0,0,0,0,0,0,0,0,0,0,0,0,0,0,0,0,0,0,0,0,0,0,0,0,0,0,0,0,0,0,0,0,0,426811,131779989,42847521,0,0,0,0,0,0,0,0,0,0,0,0,0,0,0,0,0,0,0,0,0,0,0,0,0,0,0,0,0,0,0,0,0,0,0,0,0,2146287616,644104192,130998,39313,0,74,131072,131627620,0,0,1230990867,2147483648,105531446,134471231,0,0,0,0,0,0,0,0,0,0,0,0,0,0,0,0,0,0,7827606,7827723,0,97,97,6262,329,15655243,35,0,0,0,0,0,0,0,1,0,0,0,0,0,0,0,0,0,0,8804634,0,12595860,111173,0,0,0,0,0,0,0,0,16384,0,0,0,0,0,0,0,0,0,0,0,3431,348,0,0,0,0,0,23798822,0,658,1,47,348,3431,0,0,0,0,0,0,0,0,0,0,0,0,0,0,0,0,0,0,0,0,0,0,0,0,0,0,0,0,0,0,0,0,0,0,0,0,0,0,0,0,0,0,0,0,0,0,0,0,0,0,0,0,0,105169734,0,0,0,116806385,0,0,0,0,0,0,0,77322555,131682691,178060261,54655216640,45242094,0,0,0,0,0,0,0,0,0,0,0,0,0,0,0,0,0,0,0,0,0,0,0,0,0,0,0,0,0,0,0,52332199,0,0,0,0,0,0,0
1789621439.488,0,0,0,0,0,0,0,243714070,2156641914368,765704776192,0,0,0,0,0,0,0,0,0,0,0,0,0,0,0,0,0,0,0,0,0,0,0,0,0,0,0,0,0,0,0,0,0,0,0,0,0,0,0,0,0,0,0,0,0,0,0,0,0,0,0,0,0,0,0,0,0,0,426856,131798530,42851895,0,0,0,0,0,0,0,0,0,0,0,0,0,0,0,0,0,0,0,0,0,0,0,0,0,0,0,0,0,0,0,0,0,0,0,0,0,2146205696,646955008,130995,39487,0,77,131072,131646146,0,0,1231113515,2147483648,105549481,134483414,0,0,0,0,0,0,0,0,0,0,0,0,0,0,0,0,0,0,7828382,7828500,0,97,97,6262,329,15656811,35,0,0,0,0,0,0,0,1,0,0,0,0,0,0,0,0,0,0,8805509,0,12595988,111174,0,0,0,0,0,0,0,0,16384,0,0,0,0,0,0,0,0,0,0,0,3432,348,0,0,0,0,0,23801179,0,658,1,47,348,3432,0,0,0,0,0,0,0,0,0,0,0,0,0,0,0,0,0,0,0,0,0,0,0,0,0,0,0,0,0,0,0,0,0,0,0,0,0,0,0,0,0,0,0,0,0,0,0,0,0,0,0,0,0,105172175,0,0,0,116817378,0,0,0,0,0,0,0,77328316,131701230,178071319,54656972800,45243612,1,0,0,0,0,0,0,0,0,0,0,0,0,0,0,0,0,0,0,0,0,0,0,0,0,0,0,0,0,0,0,52332976,0,0,0,0,0,0,0
1789621440.515,0,0,0,0,0,0,0,243736201,2156929879552,765786036224,0,0,0,0,0,0,0,0,0,0,0,0,0,0,0,0,0,0,0,0,0,0,0,0,0,0,0,0,0,0,0,0,0,0,0,0,0,0,0,0,0,0,0,0,0,0,0,0,0,0,0,0,0,0,0,0,0,0,426897,131816114,42856627,0,0,0,0,0,0,0,0,0,0,0,0,0,0,0,0,0,0,0,0,0,0,0,0,0,0,0,0,0,0,0,0,0,0,0,0,0,2146353152,639614976,131003,39039,0,70,131072,131663716,0,0,1231230915,2147483648,105566599,134494859,0,0,0,0,0,0,0,0,0,0,0,0,0,0,0,0,0,0,7829116,7829227,0,97,97,6262,329,15658272,35,0,0,0,0,0,0,0,1,0,0,0,0,0,0,0,0,0,0,8806327,0,12596736,111180,0,0,0,0,0,0,0,0,16384,0,0,0,0,0,0,0,0,0,0,0,3433,348,0,0,0,0,0,23803399,0,658,1,47,348,3433,0,0,0,0,0,0,0,0,0,0,0,0,0,0,0,0,0,0,0,0,0,0,0,0,0,0,0,0,0,0,0,0,0,0,0,0,0,0,0,0,0,0,0,0,0,0,0,0,0,0,0,0,0,105174580,0,0,0,116827722,0,0,0,0,0,0,0,77333909,131718824,178082531,54658636288,45245129,0,0,0,0,0,0,0,0,0,0,0,0,0,0,0,0,0,0,0,0,0,0,0,0,0,0,0,0,0,0,0,52333701,0,0,0,0,0,0,0
1789621441.543,0,0,0,0,0,0,0,243761681,2157260885504,765872921600,0,0,0,0,0,0,0,0,0,0,0,0,0,0,0,0,0,0,0,0,0,0,0,0,0,0,0,0,0,0,0,0,0,0,0,0,0,0,0,0,0,0,0,0,0,0,0,0,0,0,0,0,0,0,0,0,0,0,426944,131836359,42861827,0,0,0,0,0,0,0,0,0,0,0,0,0,0,0,0,0,0,0,0,0,0,0,0,0,0,0,0,0,0,0,0,0,0,0,0,0,2146189312,636977152,130993,38878,0,79,131072,131683947,0,0,1231364051,2147483648,105585996,134508154,0,0,0,0,0,0,0,0,0,0,0,0,0,0,0,0,0,0,7829948,7830062,0,97,97,6262,329,15659929,35,0,0,0,0,0,0,0,1,0,0,0,0,0,0,0,0,0,0,8807266,0,12597422,111186,0,0,0,0,0,0,0,0,16384,0,0,0,0,0,0,0,0,0,0,0,3434,348,0,0,0,0,0,23805946,0,658,1,47,348,3434,0,0,0,0,0,0,0,0,0,0,0,0,0,0,0,0,0,0,0,0,0,0,0,0,0,0,0,0,0,0,0,0,0,0,0,0,0,0,0,0,0,0,0,0,0,0,0,0,0,0,0,0,0,105177125,0,0,0,116839623,0,0,0,0,0,0,0,77340126,131739038,178094705,54660515328,45246715,0,0,0,0,0,0,0,0,0,0,0,0,0,0,0,0,0,0,0,0,0,0,0,0,0,0,0,0,0,0,0,52334538,0,0,0,0,0,0,0
1789621442.570,0,0,0,0,0,0,0,243783266,2157542510080,765938829312,0,0,0,0,0,0,0,0,0,0,0,0,0,0,0,0,0,0,0,0,0,0,0,0,0,0,0,0,0,0,0,0,0,0,0,0,0,0,0,0,0,0,0,0,0,0,0,0,0,0,0,0,0,0,0,0,0,0,426991,131853576,42865690,0,0,0,0,0,0,0,0,0,0,0,0,0,0,0,0,0,0,0,0,0,0,0,0,0,0,0,0,0,0,0,0,0,0,0,0,0,2146140160,644333568,130990,39327,0,82,131072,131701149,0,0,1231477060,2147483648,105602887,134519514,0,0,0,0,0,0,0,0,0,0,0,0,0,0,0,0,0,0,7830652,7830769,0,97,97,6262,329,15661338,35,0,0,0,0,0,0,0,1,0,0,0,0,0,0,0,0,0,0,8808061,0,12597422,111186,0,0,0,0,0,0,0,0,16384,0,0,0,0,0,0,0,0,0,0,0,3435,348,0,0,0,0,0,23808096,0,658,1,47,348,3435,0,0,0,0,0,0,0,0,0,0,0,0,0,0,0,0,0,0,0,0,0,0,0,0,0,0,0,0,0,0,0,0,0,0,0,0,0,0,0,0,0,0,0,0,0,0,0,0,0,0,0,0,0,105179516,0,0,0,116849724,0,0,0,0,0,0,0,77345448,131756243,178104826,54662202368,45248171,0,0,0,0,0,0,0,0,0,0,0,0,0,0,0,0,0,0,0,0,0,0,0,0,0,0,0,0,0,0,0,52335245,0,0,0,0,0,0,0
1789621443.596,0,0,0,0,0,0,0,243806425,2157843779072,766011871744,0,0,0,0,0,0,0,0,0,0,0,0,0,0,0,0,0,0,0,0,0,0,0,0,0,0,0,0,0,0,0,0,0,0,0,0,0,0,0,0,0,0,0,0,0,0,0,0,0,0,0,0,0,0,0,0,0,0,427030,131871964,42869994,0,0,0,0,0,0,0,0,0,0,0,0,0,0,0,0,0,0,0,0,0,0,0,0,0,0,0,0,0,0,0,0,0,0,0,0,0,2146254848,647331840,130998,39510,0,75,131072,131719524,0,0,1231598628,2147483648,105620761,134531492,0,0,0,0,0,0,0,0,0,0,0,0,0,0,0,0,0,0,7831422,7831539,0,97,97,6262,329,15662872,35,0,0,0,0,0,0,0,1,0,0,0,0,0,0,0,0,0,0,8808926,0,12597550,111187,0,0,0,0,0,0,0,0,16384,0,0,0,0,0,0,0,0,0,0,0,3436,348,0,0,0,0,0,23810438,0,658,1,47,348,3436,0,0,0,0,0,0,0,0,0,0,0,0,0,0,0,0,0,0,0,0,0,0,0,0,0,0,0,0,0,0,0,0,0,0,0,0,0,0,0,0,0,0,0,0,0,0,0,0,0,0,0,0,0,105181995,0,0,0,116860549,0,0,0,0,0,0,0,77351153,131774644,178115771,54663943680,45249703,0,0,0,0,0,0,0,0,0,0,0,0,0,0,0,0,0,0,0,0,0,0,0,0,0,0,0,0,0,0,0,52336014,0,0,0,0,0,0,0
1789621444.623,0,0,0,0,0,0,0,243829100,2158139657728,766081902080,0,0,0,0,0,0,0,0,0,0,0,0,0,0,0,0,0,0,0,0,0,0,0,0,0,0,0,0,0,0,0,0,0,0,0,0,0,0,0,0,0,0,0,0,0,0,0,0,0,0,0,0,0,0,0,0,0,0,427074,131890063,42874105,0,0,0,0,0,0,0,0,0,0,0,0,0,0,0,0,0,0,0,0,0,0,0,0,0,0,0,0,0,0,0,0,0,0,0,0,0,2146385920,652918784,131005,39851,0,67,131072,131737619,0,0,1231719014,2147483648,105638467,134543343,0,0,0,0,0,0,0,0,0,0,0,0,0,0,0,0,0,0,7832169,7832288,0,97,97,6262,329,15664387,35,0,0,0,0,0,0,0,1,0,0,0,0,0,0,0,0,0,0,8809765,0,12597550,111187,0,0,0,0,0,0,0,0,16384,0,0,0,0,0,0,0,0,0,0,0,3437,348,0,0,0,0,0,23812699,0,658,1,47,348,3437,0,0,0,0,0,0,0,0,0,0,0,0,0,0,0,0,0,0,0,0,0,0,0,0,0,0,0,0,0,0,0,0,0,0,0,0,0,0,0,0,0,0,0,0,0,0,0,0,0,0,0,0,0,105184432,0,0,0,116871187,0,0,0,0,0,0,0,77356788,131792719,178126421,54665688576,45251228,0,0,0,0,0,0,0,0,0,0,0,0,0,0,0,0,0,0,0,0,0,0,0,0,0,0,0,0,0,0,0,52336763,0,0,0,0,0,0,0
1789621445.650,0,0,0,0,0,0,0,243854324,2158466764288,766184643072,0,0,0,0,0,0,0,0,0,0,0,0,0,0,0,0,0,0,0,0,0,0,0,0,0,0,0,0,0,0,0,0,0,0,0,0,0,0,0,0,0,0,0,0,0,0,0,0,0,0,0,0,0,0,0,0,0,0,427130,131910057,42880061,0,0,0,0,0,0,0,0,0,0,0,0,0,0,0,0,0,0,0,0,0,0,0,0,0,0,0,0,0,0,0,0,0,0,0,0,0,2146254848,638074880,130997,38945,0,75,131072,131757596,0,0,1231850736,2147483648,105657477,134556640,0,0,0,0,0,0,0,0,0,0,0,0,0,0,0,0,0,0,7832996,7833112,0,97,97,6262,329,15666036,35,0,0,0,0,0,0,0,1,0,0,0,0,0,0,0,0,0,0,8810697,0,12598986,111199,0,0,0,0,0,0,0,0,16384,0,0,0,0,0,0,0,0,0,0,0,3438,348,0,0,0,0,0,23815217,0,658,1,47,348,3438,0,0,0,0,0,0,0,0,0,0,0,0,0,0,0,0,0,0,0,0,0,0,0,0,0,0,0,0,0,0,0,0,0,0,0,0,0,0,0,0,0,0,0,0,0,0,0,0,0,0,0,0,0,105191911,0,0,0,116882993,0,0,0,0,0,0,0,77366675,131812698,178144377,54669834240,45256379,0,0,0,0,0,0,0,0,0,0,0,0,0,0,0,0,0,0,0,0,0,0,0,0,0,0,0,0,0,0,0,52337588,0,0,0,0,0,0,0
1789621446.676,0,0,0,0,0,0,0,243876984,2158761020928,766254804992,0,0,0,0,0,0,0,0,0,0,0,0,0,0,0,0,0,0,0,0,0,0,0,0,0,0,0,0,0,0,0,0,0,0,0,0,0,0,0,0,0,0,0,0,0,0,0,0,0,0,0,0,0,0,0,0,0,0,427163,131928047,42884021,0,0,0,0,0,0,0,0,0,0,0,0,0,0,0,0,0,0,0,0,0,0,0,0,0,0,0,0,0,0,0,0,0,0,0,0,0,2146369536,646725632,131004,39473,0,68,131072,131775578,0,0,1231968996,2147483648,105675074,134568363,0,0,0,0,0,0,0,0,0,0,0,0,0,0,0,0,0,0,7833739,7833854,0,97,97,6262,329,15667515,35,0,0,0,0,0,0,0,1,0,0,0,0,0,0,0,0,0,0,8811532,0,12598986,111199,0,0,0,0,0,0,0,0,16384,0,0,0,0,0,0,0,0,0,0,0,3439,348,0,0,0,0,0,23817471,0,658,1,47,348,3439,0,0,0,0,0,0,0,0,0,0,0,0,0,0,0,0,0,0,0,0,0,0,0,0,0,0,0,0,0,0,0,0,0,0,0,0,0,0,0,0,0,0,0,0,0,0,0,0,0,0,0,0,0,105200273,0,0,0,116893566,0,0,0,0,0,0,0,77376668,131830681,178160645,54674269184,45262418,0,0,0,0,0,0,0,0,0,0,0,0,0,0,0,0,0,0,0,0,0,0,0,0,0,0,0,0,0,0,0,52338329,0,0,0,0,0,0,0
1789621447.703,0,0,0,0,0,0,0,243900480,2159067811328,766330261504,0,0,0,0,0,0,0,0,0,0,0,0,0,0,0,0,0,0,0,0,0,0,0,0,0,0,0,0,0,0,0,0,0,0,0,0,0,0,0,0,0,0,0,0,0,0,0,0,0,0,0,0,0,0,0,0,0,0,427206,131946792,42888467,0,0,0,0,0,0,0,0,0,0,0,0,0,0,0,0,0,0,0,0,0,0,0,0,0,0,0,0,0,0,0,0,0,0,0,0,0,2146287616,648658944,130999,39591,0,73,131072,131794306,0,0,1232092244,2147483648,105693275,134580566,0,0,0,0,0,0,0,0,0,0,0,0,0,0,0,0,0,0,7834517,7834630,0,97,97,6262,329,15669081,35,0,0,0,0,0,0,0,1,0,0,0,0,0,0,0,0,0,0,8812404,0,12599114,111200,0,0,0,0,0,0,0,0,16384,0,0,0,0,0,0,0,0,0,0,0,3440,348,0,0,0,0,0,23819840,0,658,1,47,348,3440,0,0,0,0,0,0,0,0,0,0,0,0,0,0,0,0,0,0,0,0,0,0,0,0,0,0,0,0,0,0,0,0,0,0,0,0,0,0,0,0,0,0,0,0,0,0,0,0,0,0,0,0,0,105202735,0,0,0,116904591,0,0,0,0,0,0,0,77382521,131849414,178171861,54676020224,45263955,0,1,0,0,0,0,0,0,0,0,0,0,0,0,0,0,0,0,0,0,0,0,0,0,0,0,0,0,0,0,0,52339105,0,0,0,0,0,0,0
1789621448.730,0,0,0,0,0,0,0,243924283,2159378255360,766426927616,0,0,0,0,0,0,0,0,0,0,0,0,0,0,0,0,0,0,0,0,0,0,0,0,0,0,0,0,0,0,0,0,0,0,0,0,0,0,0,0,0,0,0,0,0,0,0,0,0,0,0,0,0,0,0,0,0,0,427262,131965758,42894196,0,0,0,0,0,0,0,0,0,0,0,0,0,0,0,0,0,0,0,0,0,0,0,0,0,0,0,0,0,0,0,0,0,0,0,0,0,2146320384,630407168,131001,38477,0,71,131072,131813259,0,0,1232217703,2147483648,105711274,134592960,0,0,0,0,0,0,0,0,0,0,0,0,0,0,0,0,0,0,7835313,7835428,0,97,97,6262,329,15670661,35,0,0,0,0,0,0,0,1,0,0,0,0,0,0,0,0,0,0,8813299,0,12600532,111212,0,0,0,0,0,0,0,0,16384,0,0,0,0,0,0,0,0,0,0,0,3441,348,0,0,0,0,0,23822257,0,658,1,47,348,3441,0,0,0,0,0,0,0,0,0,0,0,0,0,0,0,0,0,0,0,0,0,0,0,0,0,0,0,0,0,0,0,0,0,0,0,0,0,0,0,0,0,0,0,0,0,0,0,0,0,0,0,0,0,105205227,0,0,0,116915718,0,0,0,0,0,0,0,77388613,131868381,178184416,54677812736,45265513,0,0,0,0,0,0,0,0,0,0,0,0,0,0,0,0,0,0,0,0,0,0,0,0,0,0,0,0,0,0,0,52339900,0,0,0,0,0,0,0
1789621449.757,0,0,0,0,0,0,0,243948519,2159695072768,766500823040,0,0,0,0,0,0,0,0,0,0,0,0,0,0,0,0,0,0,0,0,0,0,0,0,0,0,0,0,0,0,0,0,0,0,0,0,0,0,0,0,0,0,0,0,0,0,0,0,0,0,0,0,0,0,0,0,0,0,427301,131985122,42898551,0,0,0,0,0,0,0,0,0,0,0,0,0,0,0,0,0,0,0,0,0,0,0,0,0,0,0,0,0,0,0,0,0,0,0,0,0,2146254848,638353408,130997,38962,0,75,131072,131832615,0,0,1232345792,2147483648,105730203,134605572,0,0,0,0,0,0,0,0,0,0,0,0,0,0,0,0,0,0,7836105,7836220,0,97,97,6262,329,15672253,35,0,0,0,0,0,0,0,1,0,0,0,0,0,0,0,0,0,0,8814193,0,12600532,111212,0,0,0,0,0,0,0,0,16384,0,0,0,0,0,0,0,0,0,0,0,3442,348,0,0,0,0,0,23824674,0,658,1,47,348,3442,0,0,0,0,0,0,0,0,0,0,0,0,0,0,0,0,0,0,0,0,0,0,0,0,0,0,0,0,0,0,0,0,0,0,0,0,0,0,0,0,0,0,0,0,0,0,0,0,0,0,0,0,0,105207708,0,0,0,116927076,0,0,0,0,0,0,0,77394510,131887733,178195593,54679572992,45267066,0,0,0,0,0,0,0,0,0,0,0,0,0,0,0,0,0,0,0,0,0,0,0,0,0,0,0,0,0,0,0,52340695,0,0,0,0,0,0,0
1789621450.784,0,0,0,0,0,0,0,243970716,2159984102912,766568650240,0,0,0,0,0,0,0,0,0,0,0,0,0,0,0,0,0,0,0,0,0,0,0,0,0,0,0,0,0,0,0,0,0,0,0,0,0,0,0,0,0,0,0,0,0,0,0,0,0,0,0,0,0,0,0,0,0,0,427359,132002786,42902533,0,0,0,0,0,0,0,0,0,0,0,0,0,0,0,0,0,0,0,0,0,0,0,0,0,0,0,0,0,0,0,0,0,0,0,0,0,2146500608,645939200,131012,39425,0,60,131072,131850276,0,0,1232461825,2147483648,105747504,134617253,0,0,0,0,0,0,0,0,0,0,0,0,0,0,0,0,0,0,7836817,7836935,0,97,97,6262,329,15673704,35,0,0,0,0,0,0,0,1,0,0,0,0,0,0,0,0,0,0,8814999,0,12600532,111212,0,0,0,0,0,0,0,0,16384,0,0,0,0,0,0,0,0,0,0,0,3443,348,0,0,0,0,0,23826849,0,658,1,47,348,3443,0,0,0,0,0,0,0,0,0,0,0,0,0,0,0,0,0,0,0,0,0,0,0,0,0,0,0,0,0,0,0,0,0,0,0,0,0,0,0,0,0,0,0,0,0,0,0,0,0,0,0,0,0,105210112,0,0,0,116937454,0,0,0,0,0,0,0,77400008,131905388,178205965,54681247744,45268582,0,0,0,0,0,0,0,0,0,0,0,0,0,0,0,0,0,0,0,0,0,0,0,0,0,0,0,0,0,0,0,52341411,0,0,0,0,0,0,0
1789621451.811,0,0,0,0,0,0,0,243995676,2160308375040,766648634368,0,0,0,0,0,0,0,0,0,0,0,0,0,0,0,0,0,0,0,0,0,0,0,0,0,0,0,0,0,0,0,0,0,0,0,0,0,0,0,0,0,0,0,0,0,0,0,0,0,0,0,0,0,0,0,0,0,0,427416,132022603,42907021,0,0,0,0,0,0,0,0,0,0,0,0,0,0,0,0,0,0,0,0,0,0,0,0,0,0,0,0,0,0,0,0,0,0,0,0,0,2146271232,653656064,130998,39896,0,74,131072,131870084,0,0,1232592409,2147483648,105766760,134630482,0,0,0,0,0,0,0,0,0,0,0,0,0,0,0,0,0,0,7837660,7837778,0,97,97,6262,329,15675352,35,0,0,0,0,0,0,0,1,0,0,0,0,0,0,0,0,0,0,8815945,0,12600660,111213,0,0,0,0,0,0,0,0,16384,0,0,0,0,0,0,0,0,0,0,0,3444,348,0,0,0,0,0,23829409,0,658,1,47,348,3444,0,0,0,0,0,0,0,0,0,0,0,0,0,0,0,0,0,0,0,0,0,0,0,0,0,0,0,0,0,0,0,0,0,0,0,0,0,0,0,0,0,0,0,0,0,0,0,0,0,0,0,0,0,105220416,0,0,0,116949212,0,0,0,0,0,0,0,77411748,131925198,178225125,54686663680,45275965,0,0,0,0,0,0,0,0,0,0,0,0,0,0,0,0,0,0,0,0,0,0,0,0,0,0,0,0,0,0,0,52342253,0,0,0,0,0,0,0
1789621452.837,0,0,0,0,0,0,0,244020314,2160629779968,766752636928,0,0,0,0,0,0,0,0,0,0,0,0,0,0,0,0,0,0,0,0,0,0,0,0,0,0,0,0,0,0,0,0,0,0,0,0,0,0,0,0,0,0,0,0,0,0,0,0,0,0,0,0,0,0,0,0,0,0,427453,132042252,42912946,0,0,0,0,0,0,0,0,0,0,0,0,0,0,0,0,0,0,0,0,0,0,0,0,0,0,0,0,0,0,0,0,0,0,0,0,0,2146222080,634634240,130995,38735,0,77,131072,131889722,0,0,1232723246,2147483648,105785490,134643103,0,0,0,0,0,0,0,0,0,0,0,0,0,0,0,0,0,0,7838471,7838587,0,97,97,6262,329,15676984,35,0,0,0,0,0,0,0,1,0,0,0,0,0,0,0,0,0,0,8816856,0,12602078,111225,0,0,0,0,0,0,0,0,16384,0,0,0,0,0,0,0,0,0,0,0,3445,348,0,0,0,0,0,23831873,0,658,1,47,348,3445,0,0,0,0,0,0,0,0,0,0,0,0,0,0,0,0,0,0,0,0,0,0,0,0,0,0,0,0,0,0,0,0,0,0,0,0,0,0,0,0,0,0,0,0,0,0,0,0,0,0,0,0,0,105231885,0,0,0,116960672,0,0,0,0,0,0,0,77424659,131944833,178247029,54692571136,45284152,0,0,0,0,0,0,0,0,0,0,0,0,0,0,0,0,0,0,0,0,0,0,0,0,0,0,0,0,0,0,0,52343063,0,0,0,0,0,0,0
1789621453.863,0,0,0,0,0,0,0,244042736,2160920169984,766822779392,0,0,0,0,0,0,0,0,0,0,0,0,0,0,0,0,0,0,0,0,0,0,0,0,0,0,0,0,0,0,0,0,0,0,0,0,0,0,0,0,0,0,0,0,0,0,0,0,0,0,0,0,0,0,0,0,0,0,427480,132060005,42916985,0,0,0,0,0,0,0,0,0,0,0,0,0,0,0,0,0,0,0,0,0,0,0,0,0,0,0,0,0,0,0,0,0,0,0,0,0,2146418688,642039808,131007,39187,0,65,131072,131907457,0,0,1232840291,2147483648,105802800,134654754,0,0,0,0,0,0,0,0,0,0,0,0,0,0,0,0,0,0,7839207,7839322,0,97,97,6262,329,15678466,35,0,0,0,0,0,0,0,1,0,0,0,0,0,0,0,0,0,0,8817681,0,12602078,111225,0,0,0,0,0,0,0,0,16384,0,0,0,0,0,0,0,0,0,0,0,3446,348,0,0,0,0,0,23834097,0,658,1,47,348,3446,0,0,0,0,0,0,0,0,0,0,0,0,0,0,0,0,0,0,0,0,0,0,0,0,0,0,0,0,0,0,0,0,0,0,0,0,0,0,0,0,0,0,0,0,0,0,0,0,0,0,0,0,0,105237013,0,0,0,116971281,0,0,0,0,0,0,0,77432295,131962576,178260253,54695497216,45287742,0,0,0,0,0,0,0,0,0,0,0,0,0,0,0,0,0,0,0,0,0,0,0,0,0,0,0,0,0,0,0,52343795,0,0,0,0,0,0,0
1789621454.889,0,0,0,0,0,0,0,244063970,2161197583872,766888712704,0,0,0,0,0,0,0,0,0,0,0,0,0,0,0,0,0,0,0,0,0,0,0,0,0,0,0,0,0,0,0,0,0,0,0,0,0,0,0,0,0,0,0,0,0,0,0,0,0,0,0,0,0,0,0,0,0,0,427525,132076960,42920877,0,0,0,0,0,0,0,0,0,0,0,0,0,0,0,0,0,0,0,0,0,0,0,0,0,0,0,0,0,0,0,0,0,0,0,0,0,2146172928,647184384,130992,39501,0,80,131072,131924401,0,0,1232951265,2147483648,105819283,134665787,0,0,0,0,0,0,0,0,0,0,0,0,0,0,0,0,0,0,7839895,7840011,0,97,97,6262,329,15679838,35,0,0,0,0,0,0,0,1,0,0,0,0,0,0,0,0,0,0,8818458,0,12602206,111226,0,0,0,0,0,0,0,0,16384,0,0,0,0,0,0,0,0,0,0,0,3447,348,0,0,0,0,0,23836193,0,658,1,47,348,3447,0,0,0,0,0,0,0,0,0,0,0,0,0,0,0,0,0,0,0,0,0,0,0,0,0,0,0,0,0,0,0,0,0,0,0,0,0,0,0,0,0,0,0,0,0,0,0,0,0,0,0,0,0,105239339,0,0,0,116981153,0,0,0,0,0,0,0,77437487,131979522,178270202,54697112064,45289186,0,0,0,0,0,0,0,0,0,0,0,0,0,0,0,0,0,0,0,0,0,0,0,0,0,0,0,0,0,0,0,52344487,0,0,0,0,0,0,0
1789621455.917,0,0,0,0,0,0,0,244088405,2161516826112,766963588608,0,0,0,0,0,0,0,0,0,0,0,0,0,0,0,0,0,0,0,0,0,0,0,0,0,0,0,0,0,0,0,0,0,0,0,0,0,0,0,0,0,0,0,0,0,0,0,0,0,0,0,0,0,0,0,0,0,0,427560,132096477,42925281,0,0,0,0,0,0,0,0,0,0,0,0,0,0,0,0,0,0,0,0,0,0,0,0,0,0,0,0,0,0,0,0,0,0,0,0,0,2146353152,652296192,131003,39813,0,69,131072,131943901,0,0,1233079547,2147483648,105838324,134678350,0,0,0,0,0,0,0,0,0,0,0,0,0,0,0,0,0,0,7840710,7840828,0,97,97,6262,329,15681448,35,0,0,0,0,0,0,0,1,0,0,0,0,0,0,0,0,0,0,8819376,0,12602206,111226,0,0,0,0,0,0,0,0,16384,0,0,0,0,0,0,0,0,0,0,0,3448,348,0,0,0,0,0,23838681,0,658,1,47,348,3448,0,0,0,0,0,0,0,0,0,0,0,0,0,0,0,0,0,0,0,0,0,0,0,0,0,0,0,0,0,0,0,0,0,0,0,0,0,0,0,0,0,0,0,0,0,0,0,0,0,0,0,0,0,105241861,0,0,0,116992583,0,0,0,0,0,0,0,77443460,131999036,178281522,54698912256,45290756,0,0,0,0,0,0,0,0,0,0,0,0,0,0,0,0,0,0,0,0,0,0,0,0,0,0,0,0,0,0,0,52345304,0,0,0,0,0,0,0
1789621456.944,0,0,0,0,0,0,0,244112910,2161837477376,767062707200,0,0,0,0,0,0,0,0,0,0,0,0,0,0,0,0,0,0,0,0,0,0,0,0,0,0,0,0,0,0,0,0,0,0,0,0,0,0,0,0,0,0,0,0,0,0,0,0,0,0,0,0,0,0,0,0,0,0,427609,132116075,42931175,0,0,0,0,0,0,0,0,0,0,0,0,0,0,0,0,0,0,0,0,0,0,0,0,0,0,0,0,0,0,0,0,0,0,0,0,0,2146238464,633716736,130996,38679,0,76,131072,131963488,0,0,1233209473,2147483648,105856519,134691085,0,0,0,0,0,0,0,0,0,0,0,0,0,0,0,0,0,0,7841526,7841636,0,97,97,6262,329,15683086,35,0,0,0,0,0,0,0,1,0,0,0,0,0,0,0,0,0,0,8820286,0,12603608,111238,0,0,0,0,0,0,0,0,16384,0,0,0,0,0,0,0,0,0,0,0,3449,348,0,0,0,0,0,23841132,0,658,1,47,348,3449,0,0,0,0,0,0,0,0,0,0,0,0,0,0,0,0,0,0,0,0,0,0,0,0,0,0,0,0,0,0,0,0,0,0,0,0,0,0,0,0,0,0,0,0,0,0,0,0,0,0,0,0,0,105244401,0,0,0,117004081,0,0,0,0,0,0,0,77449765,132018628,178294445,54700732416,45292347,0,0,0,0,0,0,0,0,0,0,0,0,0,0,0,0,0,0,0,0,0,0,0,0,0,0,0,0,0,0,0,52346112,0,0,0,0,0,0,0
1789621457.971,0,0,0,0,0,0,0,244134894,2162124344832,767130495488,0,0,0,0,0,0,0,0,0,0,0,0,0,0,0,0,0,0,0,0,0,0,0,0,0,0,0,0,0,0,0,0,0,0,0,0,0,0,0,0,0,0,0,0,0,0,0,0,0,0,0,0,0,0,0,0,0,0,427655,132133614,42935149,0,0,0,0,0,0,0,0,0,0,0,0,0,0,0,0,0,0,0,0,0,0,0,0,0,0,0,0,0,0,0,0,0,0,0,0,0,2146238464,640270336,130996,39079,0,76,131072,131981013,0,0,1233324420,2147483648,105873695,134702529,0,0,0,0,0,0,0,0,0,0,0,0,0,0,0,0,0,0,7842239,7842357,0,97,97,6262,329,15684515,35,0,0,0,0,0,0,0,1,0,0,0,0,0,0,0,0,0,0,8821095,0,12603608,111238,0,0,0,0,0,0,0,0,16384,0,0,0,0,0,0,0,0,0,0,0,3450,348,0,0,0,0,0,23843332,0,658,1,47,348,3450,0,0,0,0,0,0,0,0,0,0,0,0,0,0,0,0,0,0,0,0,0,0,0,0,0,0,0,0,0,0,0,0,0,0,0,0,0,0,0,0,0,0,0,0,0,0,0,0,0,0,0,0,0,105246800,0,0,0,117014339,0,0,0,0,0,0,0,77455239,132036155,178304804,54702393344,45293842,0,0,0,0,0,0,0,0,0,0,0,0,0,0,0,0,0,0,0,0,0,0,0,0,0,0,0,0,0,0,0,52346832,0,0,0,0,0,0,0
1789621458.997,0,0,0,0,0,0,0,244158638,2162432052736,767202145280,0,0,0,0,0,0,0,0,0,0,0,0,0,0,0,0,0,0,0,0,0,0,0,0,0,0,0,0,0,0,0,0,0,0,0,0,0,0,0,0,0,0,0,0,0,0,0,0,0,0,0,0,0,0,0,0,0,0,427696,132152425,42939357,0,0,0,0,0,0,0,0,0,0,0,0,0,0,0,0,0,0,0,0,0,0,0,0,0,0,0,0,0,0,0,0,0,0,0,0,0,2146369536,649576448,131004,39647,0,68,131072,131999806,0,0,1233448383,2147483648,105891982,134715007,0,0,0,0,0,0,0,0,0,0,0,0,0,0,0,0,0,0,7843021,7843136,0,97,97,6262,329,15686092,35,0,0,0,0,0,0,0,1,0,0,0,0,0,0,0,0,0,0,8821973,0,12603736,111239,0,0,0,0,0,0,0,0,16384,0,0,0,0,0,0,0,0,0,0,0,3451,348,0,0,0,0,0,23845704,0,658,1,47,348,3451,0,0,0,0,0,0,0,0,0,0,0,0,0,0,0,0,0,0,0,0,0,0,0,0,0,0,0,0,0,0,0,0,0,0,0,0,0,0,0,0,0,0,0,0,0,0,0,0,0,0,0,0,0,105249325,0,0,0,117025570,0,0,0,0,0,0,0,77460880,132054955,178315620,54704162816,45295398,0,0,0,0,0,0,0,0,0,0,0,0,0,0,0,0,0,0,0,0,0,0,0,0,0,0,0,0,0,0,0,52347612,0,0,0,0,0,0,0
1789621460.023,0,0,0,0,0,0,0,244180473,2162716364288,767268959232,0,0,0,0,0,0,0,0,0,0,0,0,0,0,0,0,0,0,0,0,0,0,0,0,0,0,0,0,0,0,0,0,0,0,0,0,0,0,0,0,0,0,0,0,0,0,0,0,0,0,0,0,0,0,0,0,0,0,427735,132169803,42943288,0,0,0,0,0,0,0,0,0,0,0,0,0,0,0,0,0,0,0,0,0,0,0,0,0,0,0,0,0,0,0,0,0,0,0,0,0,2146287616,653754368,130999,39902,0,73,131072,132017170,0,0,1233562728,2147483648,105909019,134726188,0,0,0,0,0,0,0,0,0,0,0,0,0,0,0,0,0,0,7843737,7843851,0,97,97,6262,329,15687526,35,0,0,0,0,0,0,0,1,0,0,0,0,0,0,0,0,0,0,8822777,0,12603736,111239,0,0,0,0,0,0,0,0,16384,0,0,0,0,0,0,0,0,0,0,0,3452,348,0,0,0,0,0,23847873,0,658,1,47,348,3452,0,0,0,0,0,0,0,0,0,0,0,0,0,0,0,0,0,0,0,0,0,0,0,0,0,0,0,0,0,0,0,0,0,0,0,0,0,0,0,0,0,0,0,0,0,0,0,0,0,0,0,0,0,105251705,0,0,0,117035693,0,0,0,0,0,0,0,77466278,132072329,178325845,54705799680,45296871,0,0,0,0,0,0,0,0,0,0,0,0,0,0,0,0,0,0,0,0,0,0,0,0,0,0,0,0,0,0,0,52348326,0,0,0,0,0,0,0
1789621461.049,0,0,0,0,0,0,0,244204181,2163026316800,767368779776,0,0,0,0,0,0,0,0,0,0,0,0,0,0,0,0,0,0,0,0,0,0,0,0,0,0,0,0,0,0,0,0,0,0,0,0,0,0,0,0,0,0,0,0,0,0,0,0,0,0,0,0,0,0,0,0,0,0,427775,132188738,42949074,0,0,0,0,0,0,0,0,0,0,0,0,0,0,0,0,0,0,0,0,0,0,0,0,0,0,0,0,0,0,0,0,0,0,0,0,0,2146238464,635207680,130996,38770,0,76,131072,132036088,0,0,1233688600,2147483648,105926979,134738477,0,0,0,0,0,0,0,0,0,0,0,0,0,0,0,0,0,0,7844537,7844648,0,97,97,6262,329,15689112,35,0,0,0,0,0,0,0,1,0,0,0,0,0,0,0,0,0,0,8823674,0,12605183,111251,0,0,0,0,0,0,0,0,16384,0,0,0,0,0,0,0,0,0,0,0,3453,348,0,0,0,0,0,23850297,0,658,1,47,348,3453,0,0,0,0,0,0,0,0,0,0,0,0,0,0,0,0,0,0,0,0,0,0,0,0,0,0,0,0,0,0,0,0,0,0,0,0,0,0,0,0,0,0,0,0,0,0,0,0,0,0,0,0,0,105259110,0,0,0,117046872,0,0,0,0,0,0,0,77476007,132091260,178343388,54709804032,45302033,1,0,0,0,0,0,0,0,0,0,0,0,0,0,0,0,0,0,0,0,0,0,0,0,0,0,0,0,0,0,0,52349123,0,0,0,0,0,0,0
1789621462.076,0,0,0,0,0,0,0,244226005,2163310431744,767438991872,0,0,0,0,0,0,0,0,0,0,0,0,0,0,0,0,0,0,0,0,0,0,0,0,0,0,0,0,0,0,0,0,0,0,0,0,0,0,0,0,0,0,0,0,0,0,0,0,0,0,0,0,0,0,0,0,0,0,427821,132206103,42952989,0,0,0,0,0,0,0,0,0,0,0,0,0,0,0,0,0,0,0,0,0,0,0,0,0,0,0,0,0,0,0,0,0,0,0,0,0,2146222080,642777088,130995,39232,0,77,131072,132053443,0,0,1233802628,2147483648,105943930,134749975,0,0,0,0,0,0,0,0,0,0,0,0,0,0,0,0,0,0,7845252,7845369,0,97,97,6262,329,15690532,35,0,0,0,0,0,0,0,1,0,0,0,0,0,0,0,0,0,0,8824484,0,12605183,111251,0,0,0,0,0,0,0,0,16384,0,0,0,0,0,0,0,0,0,0,0,3454,348,0,0,0,0,0,23852491,0,658,1,47,348,3454,0,0,0,0,0,0,0,0,0,0,0,0,0,0,0,0,0,0,0,0,0,0,0,0,0,0,0,0,0,0,0,0,0,0,0,0,0,0,0,0,0,0,0,0,0,0,0,0,0,0,0,0,0,105269373,0,0,0,117057083,0,0,0,0,0,0,0,77487486,132108619,178361455,54715113984,45309604,1,0,0,0,0,0,0,0,0,0,0,0,0,0,0,0,0,0,0,0,0,0,0,0,0,0,0,0,0,0,0,52349845,0,0,0,0,0,0,0
1789621463.101,0,0,0,0,0,0,0,244248917,2163608866304,767510171136,0,0,0,0,0,0,0,0,0,0,0,0,0,0,0,0,0,0,0,0,0,0,0,0,0,0,0,0,0,0,0,0,0,0,0,0,0,0,0,0,0,0,0,0,0,0,0,0,0,0,0,0,0,0,0,0,0,0,427865,132224336,42957161,0,0,0,0,0,0,0,0,0,0,0,0,0,0,0,0,0,0,0,0,0,0,0,0,0,0,0,0,0,0,0,0,0,0,0,0,0,2146205696,649248768,130994,39627,0,78,131072,132071667,0,0,1233922539,2147483648,105961656,134761920,0,0,0,0,0,0,0,0,0,0,0,0,0,0,0,0,0,0,7845995,7846109,0,97,97,6262,329,15692022,35,0,0,0,0,0,0,0,1,0,0,0,0,0,0,0,0,0,0,8825317,0,12605311,111252,0,0,0,0,0,0,0,0,16384,0,0,0,0,0,0,0,0,0,0,0,3455,348,0,0,0,0,0,23854748,0,658,1,47,348,3455,0,0,0,0,0,0,0,0,0,0,0,0,0,0,0,0,0,0,0,0,0,0,0,0,0,0,0,0,0,0,0,0,0,0,0,0,0,0,0,0,0,0,0,0,0,0,0,0,0,0,0,0,0,105272427,0,0,0,117067752,0,0,0,0,0,0,0,77493572,132126843,178372718,54717100544,45311645,0,0,0,0,0,0,0,0,0,0,0,0,0,0,0,0,0,0,0,0,0,0,0,0,0,0,0,0,0,0,0,52350585,0,0,0,0,0,0,0
1789621464.128,0,0,0,0,0,0,0,244272488,2163915148800,767581206016,0,0,0,0,0,0,0,0,0,0,0,0,0,0,0,0,0,0,0,0,0,0,0,0,0,0,0,0,0,0,0,0,0,0,0,0,0,0,0,0,0,0,0,0,0,0,0,0,0,0,0,0,0,0,0,0,0,0,427905,132243060,42961328,0,0,0,0,0,0,0,0,0,0,0,0,0,0,0,0,0,0,0,0,0,0,0,0,0,0,0,0,0,0,0,0,0,0,0,0,0,2146451456,656949248,131009,40097,0,63,131072,132090376,0,0,1234045947,2147483648,105979933,134774273,0,0,0,0,0,0,0,0,0,0,0,0,0,0,0,0,0,0,7846777,7846890,0,97,97,6262,329,15693588,35,0,0,0,0,0,0,0,1,0,0,0,0,0,0,0,0,0,0,8826195,0,12605311,111252,0,0,0,0,0,0,0,0,16384,0,0,0,0,0,0,0,0,0,0,0,3456,348,0,0,0,0,0,23857127,0,658,1,47,348,3456,0,0,0,0,0,0,0,0,0,0,0,0,0,0,0,0,0,0,0,0,0,0,0,0,0,0,0,0,0,0,0,0,0,0,0,0,0,0,0,0,0,0,0,0,0,0,0,0,0,0,0,0,0,105274929,0,0,0,117078868,0,0,0,0,0,0,0,77499297,132145562,178383561,54718868480,45313197,1,0,0,0,0,0,0,0,0,0,0,0,0,0,0,0,0,0,0,0,0,0,0,0,0,0,0,0,0,0,0,52351365,0,0,0,0,0,0,0
1789621465.154,0,0,0,0,0,0,0,244298187,2164250349056,767684387840,0,0,0,0,0,0,0,0,0,0,0,0,0,0,0,0,0,0,0,0,0,0,0,0,0,0,0,0,0,0,0,0,0,0,0,0,0,0,0,0,0,0,0,0,0,0,0,0,0,0,0,0,0,0,0,0,0,0,427964,132263545,42967447,0,0,0,0,0,0,0,0,0,0,0,0,0,0,0,0,0,0,0,0,0,0,0,0,0,0,0,0,0,0,0,0,0,0,0,0,0,2146516992,640057344,131013,39066,0,59,131072,132110841,0,0,1234182051,2147483648,105999340,134787689,0,0,0,0,0,0,0,0,0,0,0,0,0,0,0,0,0,0,7847632,7847748,0,97,97,6262,329,15695294,35,0,0,0,0,0,0,0,1,0,0,0,0,0,0,0,0,0,0,8827161,0,12606739,111264,0,0,0,0,0,0,0,0,16384,0,0,0,0,0,0,0,0,0,0,0,3457,348,0,0,0,0,0,23859742,0,658,1,47,348,3457,0,0,0,0,0,0,0,0,0,0,0,0,0,0,0,0,0,0,0,0,0,0,0,0,0,0,0,0,0,0,0,0,0,0,0,0,0,0,0,0,0,0,0,0,0,0,0,0,0,0,0,0,0,105277803,0,0,0,117090877,0,0,0,0,0,0,0,77506000,132166042,178397248,54720894976,45314991,0,0,0,0,0,0,0,0,0,0,0,0,0,0,0,0,0,0,0,0,0,0,0,0,0,0,0,0,0,0,0,52352224,0,0,0,0,0,0,0
1789621466.181,0,0,0,0,0,0,0,244319468,2164527566336,767750638592,0,0,0,0,0,0,0,0,0,0,0,0,0,0,0,0,0,0,0,0,0,0,0,0,0,0,0,0,0,0,0,0,0,0,0,0,0,0,0,0,0,0,0,0,0,0,0,0,0,0,0,0,0,0,0,0,0,0,427999,132280498,42971341,0,0,0,0,0,0,0,0,0,0,0,0,0,0,0,0,0,0,0,0,0,0,0,0,0,0,0,0,0,0,0,0,0,0,0,0,0,2146353152,645316608,131003,39387,0,69,131072,132127783,0,0,1234293336,2147483648,106015928,134798675,0,0,0,0,0,0,0,0,0,0,0,0,0,0,0,0,0,0,7848318,7848431,0,97,97,6262,329,15696676,35,0,0,0,0,0,0,0,1,0,0,0,0,0,0,0,0,0,0,8827929,0,12606739,111264,0,0,0,0,0,0,0,0,16384,0,0,0,0,0,0,0,0,0,0,0,3458,348,0,0,0,0,0,23861822,0,658,1,47,348,3458,0,0,0,0,0,0,0,0,0,0,0,0,0,0,0,0,0,0,0,0,0,0,0,0,0,0,0,0,0,0,0,0,0,0,0,0,0,0,0,0,0,0,0,0,0,0,0,0,0,0,0,0,0,105280139,0,0,0,117100774,0,0,0,0,0,0,0,77511352,132182976,178407378,54722492416,45316446,0,0,0,0,0,0,0,0,0,0,0,0,0,0,0,0,0,0,0,0,0,0,0,0,0,0,0,0,0,0,0,52352906,0,0,0,0,0,0,0
1789621467.207,0,0,0,0,0,0,0,244343451,2164838665728,767824208896,0,0,0,0,0,0,0,0,0,0,0,0,0,0,0,0,0,0,0,0,0,0,0,0,0,0,0,0,0,0,0,0,0,0,0,0,0,0,0,0,0,0,0,0,0,0,0,0,0,0,0,0,0,0,0,0,0,0,428043,132299509,42975689,0,0,0,0,0,0,0,0,0,0,0,0,0,0,0,0,0,0,0,0,0,0,0,0,0,0,0,0,0,0,0,0,0,0,0,0,0,2146238464,651345920,130996,39755,0,76,131072,132146777,0,0,1234418388,2147483648,106034352,134811195,0,0,0,0,0,0,0,0,0,0,0,0,0,0,0,0,0,0,7849105,7849225,0,97,97,6262,329,15698251,35,0,0,0,0,0,0,0,1,0,0,0,0,0,0,0,0,0,0,8828822,0,12606867,111265,0,0,0,0,0,0,0,0,16384,0,0,0,0,0,0,0,0,0,0,0,3459,348,0,0,0,0,0,23864239,0,658,1,47,348,3459,0,0,0,0,0,0,0,0,0,0,0,0,0,0,0,0,0,0,0,0,0,0,0,0,0,0,0,0,0,0,0,0,0,0,0,0,0,0,0,0,0,0,0,0,0,0,0,0,0,0,0,0,0,105282650,0,0,0,117111982,0,0,0,0,0,0,0,77517093,132201983,178418417,54724289536,45317988,0,0,0,0,0,0,0,0,0,0,0,0,0,0,0,0,0,0,0,0,0,0,0,0,0,0,0,0,0,0,0,52353701,0,0,0,0,0,0,0
1789621468.233,0,0,0,0,0,0,0,244366515,2165136805376,767917865984,0,0,0,0,0,0,0,0,0,0,0,0,0,0,0,0,0,0,0,0,0,0,0,0,0,0,0,0,0,0,0,0,0,0,0,0,0,0,0,0,0,0,0,0,0,0,0,0,0,0,0,0,0,0,0,0,0,0,428094,132317740,42981225,0,0,0,0,0,0,0,0,0,0,0,0,0,0,0,0,0,0,0,0,0,0,0,0,0,0,0,0,0,0,0,0,0,0,0,0,0,2146189312,635043840,130993,38760,0,79,131072,132164994,0,0,1234539162,2147483648,106051688,134823338,0,0,0,0,0,0,0,0,0,0,0,0,0,0,0,0,0,0,7849872,7849988,0,97,97,6262,329,15699785,35,0,0,0,0,0,0,0,1,0,0,0,0,0,0,0,0,0,0,8829680,0,12608299,111277,0,0,0,0,0,0,0,0,16384,0,0,0,0,0,0,0,0,0,0,0,3460,348,0,0,0,0,0,23866553,0,658,1,47,348,3460,0,0,0,0,0,0,0,0,0,0,0,0,0,0,0,0,0,0,0,0,0,0,0,0,0,0,0,0,0,0,0,0,0,0,0,0,0,0,0,0,0,0,0,0,0,0,0,0,0,0,0,0,0,105285098,0,0,0,117122844,0,0,0,0,0,0,0,77522952,132220197,178430543,54726025216,45319512,0,0,0,0,0,0,0,0,0,0,0,0,0,0,0,0,0,0,0,0,0,0,0,0,0,0,0,0,0,0,0,52354463,0,0,0,0,0,0,0
1789621469.260,0,0,0,0,0,0,0,244390611,2165452066304,767991649280,0,0,0,0,0,0,0,0,0,0,0,0,0,0,0,0,0,0,0,0,0,0,0,0,0,0,0,0,0,0,0,0,0,0,0,0,0,0,0,0,0,0,0,0,0,0,0,0,0,0,0,0,0,0,0,0,0,0,428134,132337008,42985568,0,0,0,0,0,0,0,0,0,0,0,0,0,0,0,0,0,0,0,0,0,0,0,0,0,0,0,0,0,0,0,0,0,0,0,0,0,2146369536,640253952,131004,39078,0,68,131072,132184245,0,0,1234665898,2147483648,106070544,134835766,0,0,0,0,0,0,0,0,0,0,0,0,0,0,0,0,0,0,7850677,7850792,0,97,97,6262,329,15701390,35,0,0,0,0,0,0,0,1,0,0,0,0,0,0,0,0,0,0,8830585,0,12608299,111277,0,0,0,0,0,0,0,0,16384,0,0,0,0,0,0,0,0,0,0,0,3461,348,0,0,0,0,0,23869009,0,658,1,47,348,3461,0,0,0,0,0,0,0,0,0,0,0,0,0,0,0,0,0,0,0,0,0,0,0,0,0,0,0,0,0,0,0,0,0,0,0,0,0,0,0,0,0,0,0,0,0,0,0,0,0,0,0,0,0,105287638,0,0,0,117134126,0,0,0,0,0,0,0,77528843,132239461,178441756,54727813120,45321069,0,0,0,0,0,0,0,0,0,0,0,0,0,0,0,0,0,0,0,0,0,0,0,0,0,0,0,0,0,0,0,52355268,0,0,0,0,0,0,0
1789621470.286,0,0,0,0,0,0,0,244413753,2165754351104,768063874048,0,0,0,0,0,0,0,0,0,0,0,0,0,0,0,0,0,0,0,0,0,0,0,0,0,0,0,0,0,0,0,0,0,0,0,0,0,0,0,0,0,0,0,0,0,0,0,0,0,0,0,0,0,0,0,0,0,0,428181,132355474,42989825,0,0,0,0,0,0,0,0,0,0,0,0,0,0,0,0,0,0,0,0,0,0,0,0,0,0,0,0,0,0,0,0,0,0,0,0,0,2146320384,644202496,131001,39319,0,71,131072,132202696,0,0,1234788316,2147483648,106088488,134847752,0,0,0,0,0,0,0,0,0,0,0,0,0,0,0,0,0,0,7851438,7851555,0,97,97,6262,329,15702900,35,0,0,0,0,0,0,0,1,0,0,0,0,0,0,0,0,0,0,8831443,0,12608427,111278,0,0,0,0,0,0,0,0,16384,0,0,0,0,0,0,0,0,0,0,0,3462,348,0,0,0,0,0,23871327,0,658,1,47,348,3462,0,0,0,0,0,0,0,0,0,0,0,0,0,0,0,0,0,0,0,0,0,0,0,0,0,0,0,0,0,0,0,0,0,0,0,0,0,0,0,0,0,0,0,0,0,0,0,0,0,0,0,0,0,105290099,0,0,0,117144873,0,0,0,0,0,0,0,77534484,132257928,178452578,54729578496,45322592,0,0,0,0,0,0,0,0,0,0,0,0,0,0,0,0,0,0,0,0,0,0,0,0,0,0,0,0,0,0,0,52356031,0,0,0,0,0,0,0
1789621471.313,0,0,0,0,0,0,0,244437278,2166061813248,768136370688,0,0,0,0,0,0,0,0,0,0,0,0,0,0,0,0,0,0,0,0,0,0,0,0,0,0,0,0,0,0,0,0,0,0,0,0,0,0,0,0,0,0,0,0,0,0,0,0,0,0,0,0,0,0,0,0,0,0,428229,132374274,42994071,0,0,0,0,0,0,0,0,0,0,0,0,0,0,0,0,0,0,0,0,0,0,0,0,0,0,0,0,0,0,0,0,0,0,0,0,0,2146205696,651689984,130994,39776,0,78,131072,132221489,0,0,1234911714,2147483648,106106863,134860134,0,0,0,0,0,0,0,0,0,0,0,0,0,0,0,0,0,0,7852205,7852323,0,97,97,6262,329,15704437,35,0,0,0,0,0,0,0,1,0,0,0,0,0,0,0,0,0,0,8832307,0,12608427,111278,0,0,0,0,0,0,0,0,16384,0,0,0,0,0,0,0,0,0,0,0,3463,348,0,0,0,0,0,23873651,0,658,1,47,348,3463,0,0,0,0,0,0,0,0,0,0,0,0,0,0,0,0,0,0,0,0,0,0,0,0,0,0,0,0,0,0,0,0,0,0,0,0,0,0,0,0,0,0,0,0,0,0,0,0,0,0,0,0,0,105292561,0,0,0,117155852,0,0,0,0,0,0,0,77540271,132276713,178463561,54731355648,45324118,1,0,0,0,0,0,0,0,0,0,0,0,0,0,0,0,0,0,0,0,0,0,0,0,0,0,0,0,0,0,0,52356799,0,0,0,0,0,0,0
1789621472.339,0,0,0,0,0,0,0,244459510,2166351662592,768225104896,0,0,0,0,0,0,0,0,0,0,0,0,0,0,0,0,0,0,0,0,0,0,0,0,0,0,0,0,0,0,0,0,0,0,0,0,0,0,0,0,0,0,0,0,0,0,0,0,0,0,0,0,0,0,0,0,0,0,428265,132391988,42999341,0,0,0,0,0,0,0,0,0,0,0,0,0,0,0,0,0,0,0,0,0,0,0,0,0,0,0,0,0,0,0,0,0,0,0,0,0,2146189312,638353408,130993,38962,0,78,131072,132239192,0,0,1235027771,2147483648,106123778,134871810,0,0,0,0,0,0,0,0,0,0,0,0,0,0,0,0,0,0,7852938,7853048,0,97,97,6262,329,15705908,35,0,0,0,0,0,0,0,1,0,0,0,0,0,0,0,0,0,0,8833123,0,12609875,111290,0,0,0,0,0,0,0,0,16384,0,0,0,0,0,0,0,0,0,0,0,3465,348,0,0,0,0,0,23875864,0,658,1,47,348,3465,0,0,0,0,0,0,0,0,0,0,0,0,0,0,0,0,0,0,0,0,0,0,0,0,0,0,0,0,0,0,0,0,0,0,0,0,0,0,0,0,0,0,0,0,0,0,0,0,0,0,0,0,0,105294986,0,0,0,117166350,0,0,0,0,0,0,0,77545785,132294423,178475070,54733045760,45325605,0,1,0,0,0,0,0,0,0,0,0,0,0,0,0,0,0,0,0,0,0,0,0,0,0,0,0,0,0,0,0,52357523,0,0,0,0,0,0,0
1789621473.365,0,0,0,0,0,0,0,244483323,2166662090240,768299162624,0,0,0,0,0,0,0,0,0,0,0,0,0,0,0,0,0,0,0,0,0,0,0,0,0,0,0,0,0,0,0,0,0,0,0,0,0,0,0,0,0,0,0,0,0,0,0,0,0,0,0,0,0,0,0,0,0,0,428313,132410957,43003694,0,0,0,0,0,0,0,0,0,0,0,0,0,0,0,0,0,0,0,0,0,0,0,0,0,0,0,0,0,0,0,0,0,0,0,0,0,2146402304,642416640,131006,39210,0,66,131072,132258152,0,0,1235153060,2147483648,106142341,134884120,0,0,0,0,0,0,0,0,0,0,0,0,0,0,0,0,0,0,7853719,7853835,0,97,97,6262,329,15707475,35,0,0,0,0,0,0,0,1,0,0,0,0,0,0,0,0,0,0,8834009,0,12609875,111290,0,0,0,0,0,0,0,0,16384,0,0,0,0,0,0,0,0,0,0,0,3466,348,0,0,0,0,0,23878255,0,658,1,47,348,3466,0,0,0,0,0,0,0,0,0,0,0,0,0,0,0,0,0,0,0,0,0,0,0,0,0,0,0,0,0,0,0,0,0,0,0,0,0,0,0,0,0,0,0,0,0,0,0,0,0,0,0,0,0,105297464,0,0,0,117177429,0,0,0,0,0,0,0,77551676,132313382,178486258,54734800384,45327141,0,0,0,0,0,0,0,0,0,0,0,0,0,0,0,0,0,0,0,0,0,0,0,0,0,0,0,0,0,0,0,52358310,0,0,0,0,0,0,0
1789621474.392,0,0,0,0,0,0,0,244505118,2166946270720,768368763904,0,0,0,0,0,0,0,0,0,0,0,0,0,0,0,0,0,0,0,0,0,0,0,0,0,0,0,0,0,0,0,0,0,0,0,0,0,0,0,0,0,0,0,0,0,0,0,0,0,0,0,0,0,0,0,0,0,0,428361,132428323,43007796,0,0,0,0,0,0,0,0,0,0,0,0,0,0,0,0,0,0,0,0,0,0,0,0,0,0,0,0,0,0,0,0,0,0,0,0,0,2146222080,644874240,130995,39360,0,77,131072,132275506,0,0,1235268853,2147483648,106159252,134895551,0,0,0,0,0,0,0,0,0,0,0,0,0,0,0,0,0,0,7854448,7854564,0,97,97,6262,329,15708943,35,0,0,0,0,0,0,0,1,0,0,0,0,0,0,0,0,0,0,8834828,0,12610003,111291,0,0,0,0,0,0,0,0,16384,0,0,0,0,0,0,0,0,0,0,0,3467,348,0,0,0,0,0,23880472,0,658,1,47,348,3467,0,0,0,0,0,0,0,0,0,0,0,0,0,0,0,0,0,0,0,0,0,0,0,0,0,0,0,0,0,0,0,0,0,0,0,0,0,0,0,0,0,0,0,0,0,0,0,0,0,0,0,0,0,105299862,0,0,0,117187696,0,0,0,0,0,0,0,77557138,132330745,178496717,54736470016,45328635,0,0,0,0,0,0,0,0,0,0,0,0,0,0,0,0,0,0,0,0,0,0,0,0,0,0,0,0,0,0,0,52359039,0,0,0,0,0,0,0
1789621475.419,0,0,0,0,0,0,0,244529558,2167264235008,768443783680,0,0,0,0,0,0,0,0,0,0,0,0,0,0,0,0,0,0,0,0,0,0,0,0,0,0,0,0,0,0,0,0,0,0,0,0,0,0,0,0,0,0,0,0,0,0,0,0,0,0,0,0,0,0,0,0,0,0,428400,132447764,43012210,0,0,0,0,0,0,0,0,0,0,0,0,0,0,0,0,0,0,0,0,0,0,0,0,0,0,0,0,0,0,0,0,0,0,0,0,0,2146304000,652197888,131000,39807,0,72,131072,132294927,0,0,1235396430,2147483648,106178242,134908273,0,0,0,0,0,0,0,0,0,0,0,0,0,0,0,0,0,0,7855246,7855364,0,97,97,6262,329,15710527,35,0,0,0,0,0,0,0,1,0,0,0,0,0,0,0,0,0,0,8835729,0,12610003,111291,0,0,0,0,0,0,0,0,16384,0,0,0,0,0,0,0,0,0,0,0,3468,348,0,0,0,0,0,23882909,0,658,1,47,348,3468,0,0,0,0,0,0,0,0,0,0,0,0,0,0,0,0,0,0,0,0,0,0,0,0,0,0,0,0,0,0,0,0,0,0,0,0,0,0,0,0,0,0,0,0,0,0,0,0,0,0,0,0,0,105302381,0,0,0,117199121,0,0,0,0,0,0,0,77563100,132350165,178508051,54738267648,45330186,0,0,0,0,0,0,0,0,0,0,0,0,0,0,0,0,0,0,0,0,0,0,0,0,0,0,0,0,0,0,0,52359840,0,0,0,0,0,0,0
1789621476.447,0,0,0,0,0,0,0,244552379,2167560506880,768535245312,0,0,0,0,0,0,0,0,0,0,0,0,0,0,0,0,0,0,0,0,0,0,0,0,0,0,0,0,0,0,0,0,0,0,0,0,0,0,0,0,0,0,0,0,0,0,0,0,0,0,0,0,0,0,0,0,0,0,428441,132465859,43017634,0,0,0,0,0,0,0,0,0,0,0,0,0,0,0,0,0,0,0,0,0,0,0,0,0,0,0,0,0,0,0,0,0,0,0,0,0,2146172928,637599744,130992,38916,0,81,131072,132313009,0,0,1235515475,2147483648,106195523,134920140,0,0,0,0,0,0,0,0,0,0,0,0,0,0,0,0,0,0,7855992,7856104,0,97,97,6262,329,15712025,35,0,0,0,0,0,0,0,1,0,0,0,0,0,0,0,0,0,0,8836561,0,12611426,111303,0,0,0,0,0,0,0,0,16384,0,0,0,0,0,0,0,0,0,0,0,3469,348,0,0,0,0,0,23885149,0,658,1,47,348,3469,0,0,0,0,0,0,0,0,0,0,0,0,0,0,0,0,0,0,0,0,0,0,0,0,0,0,0,0,0,0,0,0,0,0,0,0,0,0,0,0,0,0,0,0,0,0,0,0,0,0,0,0,0,105304792,0,0,0,117209827,0,0,0,0,0,0,0,77568830,132368275,178519899,54739948032,45331697,1,0,0,0,0,0,0,0,0,0,0,0,0,0,0,0,0,0,0,0,0,0,0,0,0,0,0,0,0,0,0,52360580,0,0,0,0,0,0,0
1789621477.474,0,0,0,0,0,0,0,244577012,2167881944576,768610120192,0,0,0,0,0,0,0,0,0,0,0,0,0,0,0,0,0,0,0,0,0,0,0,0,0,0,0,0,0,0,0,0,0,0,0,0,0,0,0,0,0,0,0,0,0,0,0,0,0,0,0,0,0,0,0,0,0,0,428496,132485517,43022036,0,0,0,0,0,0,0,0,0,0,0,0,0,0,0,0,0,0,0,0,0,0,0,0,0,0,0,0,0,0,0,0,0,0,0,0,0,2146369536,644055040,131004,39310,0,68,131072,132332652,0,0,1235645131,2147483648,106214740,134932955,0,0,0,0,0,0,0,0,0,0,0,0,0,0,0,0,0,0,7856805,7856921,0,97,97,6262,329,15713649,35,0,0,0,0,0,0,0,1,0,0,0,0,0,0,0,0,0,0,8837480,0,12611426,111303,0,0,0,0,0,0,0,0,16384,0,0,0,0,0,0,0,0,0,0,0,3470,348,0,0,0,0,0,23887639,0,658,1,47,348,3470,0,0,0,0,0,0,0,0,0,0,0,0,0,0,0,0,0,0,0,0,0,0,0,0,0,0,0,0,0,0,0,0,0,0,0,0,0,0,0,0,0,0,0,0,0,0,0,0,0,0,0,0,0,105307352,0,0,0,117221305,0,0,0,0,0,0,0,77574815,132387902,178531270,54741794304,45333286,0,0,0,0,0,0,0,0,0,0,0,0,0,0,0,0,0,0,0,0,0,0,0,0,0,0,0,0,0,0,0,52361397,0,0,0,0,0,0,0
1789621478.500,0,0,0,0,0,0,0,244599653,2168177544704,768682018304,0,0,0,0,0,0,0,0,0,0,0,0,0,0,0,0,0,0,0,0,0,0,0,0,0,0,0,0,0,0,0,0,0,0,0,0,0,0,0,0,0,0,0,0,0,0,0,0,0,0,0,0,0,0,0,0,0,0,428559,132503577,43026265,0,0,0,0,0,0,0,0,0,0,0,0,0,0,0,0,0,0,0,0,0,0,0,0,0,0,0,0,0,0,0,0,0,0,0,0,0,2146369536,647954432,131004,39548,0,68,131072,132350703,0,0,1235765156,2147483648,106232444,134944794,0,0,0,0,0,0,0,0,0,0,0,0,0,0,0,0,0,0,7857544,7857662,0,97,97,6262,329,15715137,35,0,0,0,0,0,0,0,1,0,0,0,0,0,0,0,0,0,0,8838312,0,12611426,111303,0,0,0,0,0,0,0,0,16384,0,0,0,0,0,0,0,0,0,0,0,3471,348,0,0,0,0,0,23889887,0,658,1,47,348,3471,0,0,0,0,0,0,0,0,0,0,0,0,0,0,0,0,0,0,0,0,0,0,0,0,0,0,0,0,0,0,0,0,0,0,0,0,0,0,0,0,0,0,0,0,0,0,0,0,0,0,0,0,0,105309766,0,0,0,117231876,0,0,0,0,0,0,0,77580543,132405957,178542138,54743502336,45334789,0,0,0,0,0,0,0,0,0,0,0,0,0,0,0,0,0,0,0,0,0,0,0,0,0,0,0,0,0,0,0,52362136,0,0,0,0,0,0,0
1789621479.527,0,0,0,0,0,0,0,244625011,2168509238784,768765575168,0,0,0,0,0,0,0,0,0,0,0,0,0,0,0,0,0,0,0,0,0,0,0,0,0,0,0,0,0,0,0,0,0,0,0,0,0,0,0,0,0,0,0,0,0,0,0,0,0,0,0,0,0,0,0,0,0,0,428608,132523845,43030954,0,0,0,0,0,0,0,0,0,0,0,0,0,0,0,0,0,0,0,0,0,0,0,0,0,0,0,0,0,0,0,0,0,0,0,0,0,2146418688,654524416,131007,39949,0,65,131072,132370949,0,0,1235897879,2147483648,106252108,134958218,0,0,0,0,0,0,0,0,0,0,0,0,0,0,0,0,0,0,7858385,7858505,0,97,97,6262,329,15716804,35,0,0,0,0,0,0,0,1,0,0,0,0,0,0,0,0,0,0,8839260,0,12611554,111304,0,0,0,0,0,0,0,0,16384,0,0,0,0,0,0,0,0,0,0,0,3472,348,0,0,0,0,0,23892455,0,658,1,47,348,3472,0,0,0,0,0,0,0,0,0,0,0,0,0,0,0,0,0,0,0,0,0,0,0,0,0,0,0,0,0,0,0,0,0,0,0,0,0,0,0,0,0,0,0,0,0,0,0,0,0,0,0,0,0,105320438,0,0,0,117243805,0,0,0,0,0,0,0,77592754,132426200,178562058,54749128704,45342438,0,0,0,0,0,0,0,0,0,0,0,0,0,0,0,0,0,0,0,0,0,0,0,0,0,0,0,0,0,0,0,52362980,0,0,0,0,0,0,0
1789621480.555,0,0,0,0,0,0,0,244648542,2168815570432,768858668544,0,0,0,0,0,0,0,0,0,0,0,0,0,0,0,0,0,0,0,0,0,0,0,0,0,0,0,0,0,0,0,0,0,0,0,0,0,0,0,0,0,0,0,0,0,0,0,0,0,0,0,0,0,0,0,0,0,0,428637,132542573,43036437,0,0,0,0,0,0,0,0,0,0,0,0,0,0,0,0,0,0,0,0,0,0,0,0,0,0,0,0,0,0,0,0,0,0,0,0,0,2146271232,640598016,130998,39099,0,74,131072,132389662,0,0,1236020751,2147483648,106269459,134970296,0,0,0,0,0,0,0,0,0,0,0,0,0,0,0,0,0,0,7859154,7859271,0,97,97,6262,329,15718347,35,0,0,0,0,0,0,0,1,0,0,0,0,0,0,0,0,0,0,8840123,0,12612965,111316,0,0,0,0,0,0,0,0,16384,0,0,0,0,0,0,0,0,0,0,0,3473,348,0,0,0,0,0,23894782,0,658,1,47,348,3473,0,0,0,0,0,0,0,0,0,0,0,0,0,0,0,0,0,0,0,0,0,0,0,0,0,0,0,0,0,0,0,0,0,0,0,0,0,0,0,0,0,0,0,0,0,0,0,0,0,0,0,0,0,105324417,0,0,0,117254774,0,0,0,0,0,0,0,77599726,132444917,178575588,54751562752,45345130,0,0,0,0,0,0,0,0,0,0,0,0,0,0,0,0,0,0,0,0,0,0,0,0,0,0,0,0,0,0,0,52363747,0,0,0,0,0,0,0
1789621481.582,0,0,0,0,0,0,0,244671744,2169118903808,768931512320,0,0,0,0,0,0,0,0,0,0,0,0,0,0,0,0,0,0,0,0,0,0,0,0,0,0,0,0,0,0,0,0,0,0,0,0,0,0,0,0,0,0,0,0,0,0,0,0,0,0,0,0,0,0,0,0,0,0,428675,132561107,43040718,0,0,0,0,0,0,0,0,0,0,0,0,0,0,0,0,0,0,0,0,0,0,0,0,0,0,0,0,0,0,0,0,0,0,0,0,0,2146238464,644579328,130996,39342,0,75,131072,132408186,0,0,1236142955,2147483648,106287581,134982378,0,0,0,0,0,0,0,0,0,0,0,0,0,0,0,0,0,0,7859932,7860049,0,97,97,6262,329,15719897,35,0,0,0,0,0,0,0,1,0,0,0,0,0,0,0,0,0,0,8840998,0,12612965,111316,0,0,0,0,0,0,0,0,16384,0,0,0,0,0,0,0,0,0,0,0,3474,348,0,0,0,0,0,23897156,0,658,1,47,348,3474,0,0,0,0,0,0,0,0,0,0,0,0,0,0,0,0,0,0,0,0,0,0,0,0,0,0,0,0,0,0,0,0,0,0,0,0,0,0,0,0,0,0,0,0,0,0,0,0,0,0,0,0,0,105326890,0,0,0,117265704,0,0,0,0,0,0,0,77605580,132463450,178586629,54753315328,45346700,0,0,0,0,0,0,0,0,0,0,0,0,0,0,0,0,0,0,0,0,0,0,0,0,0,0,0,0,0,0,0,52364525,0,0,0,0,0,0,0
1789621482.609,0,0,0,0,0,0,0,244692799,2169392270848,768998548992,0,0,0,0,0,0,0,0,0,0,0,0,0,0,0,0,0,0,0,0,0,0,0,0,0,0,0,0,0,0,0,0,0,0,0,0,0,0,0,0,0,0,0,0,0,0,0,0,0,0,0,0,0,0,0,0,0,0,428717,132577813,43044658,0,0,0,0,0,0,0,0,0,0,0,0,0,0,0,0,0,0,0,0,0,0,0,0,0,0,0,0,0,0,0,0,0,0,0,0,0,2146451456,648265728,131009,39567,0,63,131072,132424883,0,0,1236254185,2147483648,106303789,134993374,0,0,0,0,0,0,0,0,0,0,0,0,0,0,0,0,0,0,7860620,7860738,0,97,97,6262,329,15721285,35,0,0,0,0,0,0,0,1,0,0,0,0,0,0,0,0,0,0,8841774,0,12612965,111317,0,0,0,0,0,0,0,0,16384,0,0,0,0,0,0,0,0,0,0,0,3475,348,0,0,0,0,0,23899239,0,658,1,47,348,3475,0,0,0,0,0,0,0,0,0,0,0,0,0,0,0,0,0,0,0,0,0,0,0,0,0,0,0,0,0,0,0,0,0,0,0,0,0,0,0,0,0,0,0,0,0,0,0,0,0,0,0,0,0,105329245,0,0,0,117275543,0,0,0,0,0,0,0,77610845,132480142,178596730,54754959360,45348155,0,0,0,0,0,0,0,0,0,0,0,0,0,0,0,0,0,0,0,0,0,0,0,0,0,0,0,0,0,0,0,52365213,0,0,0,0,0,0,0
1789621483.636,0,0,0,0,0,0,0,244717757,2169718181376,769074930688,0,0,0,0,0,0,0,0,0,0,0,0,0,0,0,0,0,0,0,0,0,0,0,0,0,0,0,0,0,0,0,0,0,0,0,0,0,0,0,0,0,0,0,0,0,0,0,0,0,0,0,0,0,0,0,0,0,0,428756,132597732,43049160,0,0,0,0,0,0,0,0,0,0,0,0,0,0,0,0,0,0,0,0,0,0,0,0,0,0,0,0,0,0,0,0,0,0,0,0,0,2146074624,655949824,130986,40036,0,86,131072,132444783,0,0,1236384724,2147483648,106323304,135006292,0,0,0,0,0,0,0,0,0,0,0,0,0,0,0,0,0,0,7861432,7861548,0,97,97,6262,329,15722902,35,0,0,0,0,0,0,0,1,0,0,0,0,0,0,0,0,0,0,8842685,0,12613093,111317,0,0,0,0,0,0,0,0,16384,0,0,0,0,0,0,0,0,0,0,0,3476,348,0,0,0,0,0,23901701,0,658,1,47,348,3476,0,0,0,0,0,0,0,0,0,0,0,0,0,0,0,0,0,0,0,0,0,0,0,0,0,0,0,0,0,0,0,0,0,0,0,0,0,0,0,0,0,0,0,0,0,0,0,0,0,0,0,0,0,105331789,0,0,0,117287174,0,0,0,0,0,0,0,77616927,132500064,178608255,54756788224,45349748,0,0,0,0,0,0,0,0,0,0,0,0,0,0,0,0,0,0,0,0,0,0,0,0,0,0,0,0,0,0,0,52366023,0,0,0,0,0,0,0
1789621484.663,0,0,0,0,0,0,0,244742144,2170034982400,769172681216,0,0,0,0,0,0,0,0,0,0,0,0,0,0,0,0,0,0,0,0,0,0,0,0,0,0,0,0,0,0,0,0,0,0,0,0,0,0,0,0,0,0,0,0,0,0,0,0,0,0,0,0,0,0,0,0,0,0,428808,132617106,43054828,0,0,0,0,0,0,0,0,0,0,0,0,0,0,0,0,0,0,0,0,0,0,0,0,0,0,0,0,0,0,0,0,0,0,0,0,0,2146287616,642777088,130999,39232,0,73,131072,132464138,0,0,1236512322,2147483648,106341142,135019106,0,0,0,0,0,0,0,0,0,0,0,0,0,0,0,0,0,0,7862242,7862359,0,97,97,6262,329,15724522,35,0,0,0,0,0,0,0,1,0,0,0,0,0,0,0,0,0,0,8843596,0,12614509,111329,0,0,0,0,0,0,0,0,16384,0,0,0,0,0,0,0,0,0,0,0,3477,348,0,0,0,0,0,23904157,0,658,1,47,348,3477,0,0,0,0,0,0,0,0,0,0,0,0,0,0,0,0,0,0,0,0,0,0,0,0,0,0,0,0,0,0,0,0,0,0,0,0,0,0,0,0,0,0,0,0,0,0,0,0,0,0,0,0,0,105338484,0,0,0,117298652,0,0,0,0,0,0,0,77626077,132519429,178624907,54760499712,45354424,0,0,0,0,0,0,0,0,0,0,0,0,0,0,0,0,0,0,0,0,0,0,0,0,0,0,0,0,0,0,0,52366834,0,0,0,0,0,0,0
1789621485.690,0,0,0,0,0,0,0,244764549,2170326666752,769245041152,0,0,0,0,0,0,0,0,0,0,0,0,0,0,0,0,0,0,0,0,0,0,0,0,0,0,0,0,0,0,0,0,0,0,0,0,0,0,0,0,0,0,0,0,0,0,0,0,0,0,0,0,0,0,0,0,0,0,428848,132634938,43058968,0,0,0,0,0,0,0,0,0,0,0,0,0,0,0,0,0,0,0,0,0,0,0,0,0,0,0,0,0,0,0,0,0,0,0,0,0,2146418688,645480448,131007,39397,0,65,131072,132481955,0,0,1236630320,2147483648,106358590,135030627,0,0,0,0,0,0,0,0,0,0,0,0,0,0,0,0,0,0,7862980,7863092,0,97,97,6262,329,15725999,35,0,0,0,0,0,0,0,1,0,0,0,0,0,0,0,0,0,0,8844421,0,12614509,111329,0,0,0,0,0,0,0,0,16384,0,0,0,0,0,0,0,0,0,0,0,3478,348,0,0,0,0,0,23906391,0,658,1,47,348,3478,0,0,0,0,0,0,0,0,0,0,0,0,0,0,0,0,0,0,0,0,0,0,0,0,0,0,0,0,0,0,0,0,0,0,0,0,0,0,0,0,0,0,0,0,0,0,0,0,0,0,0,0,0,105345112,0,0,0,117309060,0,0,0,0,0,0,0,77634872,132537245,178639807,54764116480,45359081,0,0,0,0,0,0,0,0,0,0,0,0,0,0,0,0,0,0,0,0,0,0,0,0,0,0,0,0,0,0,0,52367567,0,0,0,0,0,0,0
1789621486.716,0,0,0,0,0,0,0,244786732,2170616598016,769316027392,0,0,0,0,0,0,0,0,0,0,0,0,0,0,0,0,0,0,0,0,0,0,0,0,0,0,0,0,0,0,0,0,0,0,0,0,0,0,0,0,0,0,0,0,0,0,0,0,0,0,0,0,0,0,0,0,0,0,428886,132652664,43063155,0,0,0,0,0,0,0,0,0,0,0,0,0,0,0,0,0,0,0,0,0,0,0,0,0,0,0,0,0,0,0,0,0,0,0,0,0,2146238464,648183808,130996,39562,0,76,131072,132499663,0,0,1236747706,2147483648,106375812,135042130,0,0,0,0,0,0,0,0,0,0,0,0,0,0,0,0,0,0,7863714,7863830,0,97,97,6262,329,15727467,35,0,0,0,0,0,0,0,1,0,0,0,0,0,0,0,0,0,0,8845252,0,12614637,111330,0,0,0,0,0,0,0,0,16384,0,0,0,0,0,0,0,0,0,0,0,3479,348,0,0,0,0,0,23908634,0,658,1,47,348,3479,0,0,0,0,0,0,0,0,0,0,0,0,0,0,0,0,0,0,0,0,0,0,0,0,0,0,0,0,0,0,0,0,0,0,0,0,0,0,0,0,0,0,0,0,0,0,0,0,0,0,0,0,0,105347553,0,0,0,117319460,0,0,0,0,0,0,0,77640464,132554961,178650475,54765789696,45360610,0,0,0,0,0,0,0,0,0,0,0,0,0,0,0,0,0,0,0,0,0,0,0,0,0,0,0,0,0,0,0,52368306,0,0,0,0,0,0,0
1789621487.743,0,0,0,0,0,0,0,244811008,2170933251584,769391503872,0,0,0,0,0,0,0,0,0,0,0,0,0,0,0,0,0,0,0,0,0,0,0,0,0,0,0,0,0,0,0,0,0,0,0,0,0,0,0,0,0,0,0,0,0,0,0,0,0,0,0,0,0,0,0,0,0,0,428943,132672013,43067592,0,0,0,0,0,0,0,0,0,0,0,0,0,0,0,0,0,0,0,0,0,0,0,0,0,0,0,0,0,0,0,0,0,0,0,0,0,2146172928,655310848,130992,39997,0,80,131072,132518999,0,0,1236874801,2147483648,106394679,135055036,0,0,0,0,0,0,0,0,0,0,0,0,0,0,0,0,0,0,7864516,7864632,0,97,97,6262,329,15729056,35,0,0,0,0,0,0,0,1,0,0,0,0,0,0,0,0,0,0,8846152,0,12614637,111330,0,0,0,0,0,0,0,0,16384,0,0,0,0,0,0,0,0,0,0,0,3480,348,0,0,0,0,0,23911072,0,658,1,47,348,3480,0,0,0,0,0,0,0,0,0,0,0,0,0,0,0,0,0,0,0,0,0,0,0,0,0,0,0,0,0,0,0,0,0,0,0,0,0,0,0,0,0,0,0,0,0,0,0,0,0,0,0,0,0,105350054,0,0,0,117330856,0,0,0,0,0,0,0,77646447,132574304,178661837,54767643648,45362162,0,0,0,0,0,0,0,0,0,0,0,0,0,0,0,0,0,0,0,0,0,0,0,0,0,0,0,0,0,0,0,52369106,0,0,0,0,0,0,0
1789621488.770,0,0,0,0,0,0,0,244835789,2171254623744,769487136256,0,0,0,0,0,0,0,0,0,0,0,0,0,0,0,0,0,0,0,0,0,0,0,0,0,0,0,0,0,0,0,0,0,0,0,0,0,0,0,0,0,0,0,0,0,0,0,0,0,0,0,0,0,0,0,0,0,0,428988,132691673,43073263,0,0,0,0,0,0,0,0,0,0,0,0,0,0,0,0,0,0,0,0,0,0,0,0,0,0,0,0,0,0,0,0,0,0,0,0,0,2146320384,642580480,131001,39220,0,71,131072,132538639,0,0,1237004454,2147483648,106413394,135067988,0,0,0,0,0,0,0,0,0,0,0,0,0,0,0,0,0,0,7865324,7865443,0,97,97,6262,329,15730687,35,0,0,0,0,0,0,0,1,0,0,0,0,0,0,0,0,0,0,8847066,0,12616045,111342,0,0,0,0,0,0,0,0,16384,0,0,0,0,0,0,0,0,0,0,0,3481,348,0,0,0,0,0,23913542,0,658,1,47,348,3481,0,0,0,0,0,0,0,0,0,0,0,0,0,0,0,0,0,0,0,0,0,0,0,0,0,0,0,0,0,0,0,0,0,0,0,0,0,0,0,0,0,0,0,0,0,0,0,0,0,0,0,0,0,105352610,0,0,0,117342468,0,0,0,0,0,0,0,77652548,132593950,178674331,54769475584,45363789,0,0,0,0,0,0,0,0,0,0,0,0,0,0,0,0,0,0,0,0,0,0,0,0,0,0,0,0,0,0,0,52369919,0,0,0,0,0,0,0
1789621489.796,0,0,0,0,0,0,0,244858772,2171553811968,769559154688,0,0,0,0,0,0,0,0,0,0,0,0,0,0,0,0,0,0,0,0,0,0,0,0,0,0,0,0,0,0,0,0,0,0,0,0,0,0,0,0,0,0,0,0,0,0,0,0,0,0,0,0,0,0,0,0,0,0,429032,132709954,43077493,0,0,0,0,0,0,0,0,0,0,0,0,0,0,0,0,0,0,0,0,0,0,0,0,0,0,0,0,0,0,0,0,0,0,0,0,0,2146222080,646873088,130995,39482,0,77,131072,132556901,0,0,1237125020,2147483648,106431277,135079894,0,0,0,0,0,0,0,0,0,0,0,0,0,0,0,0,0,0,7866085,7866200,0,97,97,6262,329,15732219,35,0,0,0,0,0,0,0,1,0,0,0,0,0,0,0,0,0,0,8847916,0,12616045,111342,0,0,0,0,0,0,0,0,16384,0,0,0,0,0,0,0,0,0,0,0,3482,348,0,0,0,0,0,23915840,0,658,1,47,348,3482,0,0,0,0,0,0,0,0,0,0,0,0,0,0,0,0,0,0,0,0,0,0,0,0,0,0,0,0,0,0,0,0,0,0,0,0,0,0,0,0,0,0,0,0,0,0,0,0,0,0,0,0,0,105355048,0,0,0,117353235,0,0,0,0,0,0,0,77658296,132612218,178685240,54771206656,45365303,0,0,0,0,0,0,0,0,0,0,0,0,0,0,0,0,0,0,0,0,0,0,0,0,0,0,0,0,0,0,0,52370673,0,0,0,0,0,0,0
1789621490.823,0,0,0,0,0,0,0,244882165,2171858963968,769633648640,0,0,0,0,0,0,0,0,0,0,0,0,0,0,0,0,0,0,0,0,0,0,0,0,0,0,0,0,0,0,0,0,0,0,0,0,0,0,0,0,0,0,0,0,0,0,0,0,0,0,0,0,0,0,0,0,0,0,429083,132728599,43081822,0,0,0,0,0,0,0,0,0,0,0,0,0,0,0,0,0,0,0,0,0,0,0,0,0,0,0,0,0,0,0,0,0,0,0,0,0,2146336768,650018816,131002,39674,0,70,131072,132575537,0,0,1237248999,2147483648,106449348,135092090,0,0,0,0,0,0,0,0,0,0,0,0,0,0,0,0,0,0,7866871,7866986,0,97,97,6262,329,15733785,35,0,0,0,0,0,0,0,1,0,0,0,0,0,0,0,0,0,0,8848803,0,12616173,111343,0,0,0,0,0,0,0,0,16384,0,0,0,0,0,0,0,0,0,0,0,3483,348,0,0,0,0,0,23918222,0,658,1,47,348,3483,0,0,0,0,0,0,0,0,0,0,0,0,0,0,0,0,0,0,0,0,0,0,0,0,0,0,0,0,0,0,0,0,0,0,0,0,0,0,0,0,0,0,0,0,0,0,0,0,0,0,0,0,0,105359473,0,0,0,117364208,0,0,0,0,0,0,0,77665493,132630863,178698190,54773851648,45368298,0,0,0,0,0,0,0,0,0,0,0,0,0,0,0,0,0,0,0,0,0,0,0,0,0,0,0,0,0,0,0,52371462,0,0,0,0,0,0,0
1789621491.850,0,0,0,0,0,0,0,244905701,2172164476416,769728261120,0,0,0,0,0,0,0,0,0,0,0,0,0,0,0,0,0,0,0,0,0,0,0,0,0,0,0,0,0,0,0,0,0,0,0,0,0,0,0,0,0,0,0,0,0,0,0,0,0,0,0,0,0,0,0,0,0,0,429123,132747283,43087442,0,0,0,0,0,0,0,0,0,0,0,0,0,0,0,0,0,0,0,0,0,0,0,0,0,0,0,0,0,0,0,0,0,0,0,0,0,2146271232,635092992,130998,38763,0,74,131072,132594205,0,0,1237372293,2147483648,106467009,135104329,0,0,0,0,0,0,0,0,0,0,0,0,0,0,0,0,0,0,7867641,7867753,0,97,97,6262,329,15735328,35,0,0,0,0,0,0,0,1,0,0,0,0,0,0,0,0,0,0,8849654,0,12617601,111355,0,0,0,0,0,0,0,0,16384,0,0,0,0,0,0,0,0,0,0,0,3484,348,0,0,0,0,0,23920515,0,658,1,47,348,3484,0,0,0,0,0,0,0,0,0,0,0,0,0,0,0,0,0,0,0,0,0,0,0,0,0,0,0,0,0,0,0,0,0,0,0,0,0,0,0,0,0,0,0,0,0,0,0,0,0,0,0,0,0,105361950,0,0,0,117375215,0,0,0,0,0,0,0,77671451,132649532,178710471,54775594496,45369861,0,0,0,0,0,0,0,0,0,0,0,0,0,0,0,0,0,0,0,0,0,0,0,0,0,0,0,0,0,0,0,52372217,0,0,0,0,0,0,0
1789621492.876,0,0,0,0,0,0,0,244929598,2172475297280,769800389120,0,0,0,0,0,0,0,0,0,0,0,0,0,0,0,0,0,0,0,0,0,0,0,0,0,0,0,0,0,0,0,0,0,0,0,0,0,0,0,0,0,0,0,0,0,0,0,0,0,0,0,0,0,0,0,0,0,0,429167,132766260,43091684,0,0,0,0,0,0,0,0,0,0,0,0,0,0,0,0,0,0,0,0,0,0,0,0,0,0,0,0,0,0,0,0,0,0,0,0,0,2146353152,643563520,131002,39280,0,70,131072,132613170,0,0,1237496800,2147483648,106485608,135116773,0,0,0,0,0,0,0,0,0,0,0,0,0,0,0,0,0,0,7868418,7868534,0,97,97,6262,329,15736869,35,0,0,0,0,0,0,0,1,0,0,0,0,0,0,0,0,0,0,8850542,0,12617601,111355,0,0,0,0,0,0,0,0,16384,0,0,0,0,0,0,0,0,0,0,0,3485,348,0,0,0,0,0,23922926,0,658,1,47,348,3485,0,0,0,0,0,0,0,0,0,0,0,0,0,0,0,0,0,0,0,0,0,0,0,0,0,0,0,0,0,0,0,0,0,0,0,0,0,0,0,0,0,0,0,0,0,0,0,0,0,0,0,0,0,105364452,0,0,0,117386356,0,0,0,0,0,0,0,77677214,132668512,178721447,54777372160,45371386,0,0,0,0,0,0,0,0,0,0,0,0,0,0,0,0,0,0,0,0,0,0,0,0,0,0,0,0,0,0,0,52373008,0,0,0,0,0,0,0
1789621493.903,0,0,0,0,0,0,0,244953470,2172785905152,769874015744,0,0,0,0,0,0,0,0,0,0,0,0,0,0,0,0,0,0,0,0,0,0,0,0,0,0,0,0,0,0,0,0,0,0,0,0,0,0,0,0,0,0,0,0,0,0,0,0,0,0,0,0,0,0,0,0,0,0,429229,132785254,43095998,0,0,0,0,0,0,0,0,0,0,0,0,0,0,0,0,0,0,0,0,0,0,0,0,0,0,0,0,0,0,0,0,0,0,0,0,0,2146238464,650575872,130996,39708,0,76,131072,132632147,0,0,1237622132,2147483648,106504089,135129447,0,0,0,0,0,0,0,0,0,0,0,0,0,0,0,0,0,0,7869207,7869325,0,97,97,6262,329,15738463,35,0,0,0,0,0,0,0,1,0,0,0,0,0,0,0,0,0,0,8851434,0,12617729,111356,0,0,0,0,0,0,0,0,16384,0,0,0,0,0,0,0,0,0,0,0,3486,348,0,0,0,0,0,23925334,0,658,1,47,348,3486,0,0,0,0,0,0,0,0,0,0,0,0,0,0,0,0,0,0,0,0,0,0,0,0,0,0,0,0,0,0,0,0,0,0,0,0,0,0,0,0,0,0,0,0,0,0,0,0,0,0,0,0,0,105367011,0,0,0,117397604,0,0,0,0,0,0,0,77682967,132687487,178732520,54779193856,45372941,0,0,0,0,0,0,0,0,0,0,0,0,0,0,0,0,0,0,0,0,0,0,0,0,0,0,0,0,0,0,0,52373801,0,0,0,0,0,0,0
1789621494.930,0,0,0,0,0,0,0,244976257,2173084339712,769945869824,0,0,0,0,0,0,0,0,0,0,0,0,0,0,0,0,0,0,0,0,0,0,0,0,0,0,0,0,0,0,0,0,0,0,0,0,0,0,0,0,0,0,0,0,0,0,0,0,0,0,0,0,0,0,0,0,0,0,429259,132803504,43100233,0,0,0,0,0,0,0,0,0,0,0,0,0,0,0,0,0,0,0,0,0,0,0,0,0,0,0,0,0,0,0,0,0,0,0,0,0,2146304000,653508608,131000,39887,0,72,131072,132650381,0,0,1237743225,2147483648,106521948,135141152,0,0,0,0,0,0,0,0,0,0,0,0,0,0,0,0,0,0,7869964,7870083,0,97,97,6262,329,15739970,35,0,0,0,0,0,0,0,1,0,0,0,0,0,0,0,0,0,0,8852284,0,12617729,111356,0,0,0,0,0,0,0,0,16384,0,0,0,0,0,0,0,0,0,0,0,3487,348,0,0,0,0,0,23927632,0,658,1,47,348,3487,0,0,0,0,0,0,0,0,0,0,0,0,0,0,0,0,0,0,0,0,0,0,0,0,0,0,0,0,0,0,0,0,0,0,0,0,0,0,0,0,0,0,0,0,0,0,0,0,0,0,0,0,0,105369440,0,0,0,117408273,0,0,0,0,0,0,0,77688701,132705736,178743402,54780889600,45374448,0,0,0,0,0,0,0,0,0,0,0,0,0,0,0,0,0,0,0,0,0,0,0,0,0,0,0,0,0,0,0,52374558,0,0,0,0,0,0,0
1789621495.956,0,0,0,0,0,0,0,244998616,2173375647232,770038768128,0,0,0,0,0,0,0,0,0,0,0,0,0,0,0,0,0,0,0,0,0,0,0,0,0,0,0,0,0,0,0,0,0,0,0,0,0,0,0,0,0,0,0,0,0,0,0,0,0,0,0,0,0,0,0,0,0,0,429303,132821307,43105752,0,0,0,0,0,0,0,0,0,0,0,0,0,0,0,0,0,0,0,0,0,0,0,0,0,0,0,0,0,0,0,0,0,0,0,0,0,2146320384,636338176,131001,38839,0,71,131072,132668172,0,0,1237859920,2147483648,106538403,135152810,0,0,0,0,0,0,0,0,0,0,0,0,0,0,0,0,0,0,7870697,7870806,0,97,97,6262,329,15741425,35,0,0,0,0,0,0,0,1,0,0,0,0,0,0,0,0,0,0,8853099,0,12619194,111369,0,0,0,0,0,0,0,0,16384,0,0,0,0,0,0,0,0,0,0,0,3488,348,0,0,0,0,0,23929840,0,658,1,47,348,3488,0,0,0,0,0,0,0,0,0,0,0,0,0,0,0,0,0,0,0,0,0,0,0,0,0,0,0,0,0,0,0,0,0,0,0,0,0,0,0,0,0,0,0,0,0,0,0,0,0,0,0,0,0,105371840,0,0,0,117418694,0,0,0,0,0,0,0,77694454,132723535,178755375,54782578688,45375925,0,0,0,0,0,0,0,0,0,0,0,0,0,0,0,0,0,0,0,0,0,0,0,0,0,0,0,0,0,0,0,52375282,0,0,0,0,0,0,0
1789621496.984,0,0,0,0,0,0,0,245022424,2173684682240,770109916160,0,0,0,0,0,0,0,0,0,0,0,0,0,0,0,0,0,0,0,0,0,0,0,0,0,0,0,0,0,0,0,0,0,0,0,0,0,0,0,0,0,0,0,0,0,0,0,0,0,0,0,0,0,0,0,0,0,0,429352,132840204,43109930,0,0,0,0,0,0,0,0,0,0,0,0,0,0,0,0,0,0,0,0,0,0,0,0,0,0,0,0,0,0,0,0,0,0,0,0,0,2146156544,645398528,130991,39392,0,81,131072,132687060,0,0,1237984532,2147483648,106556856,135165322,0,0,0,0,0,0,0,0,0,0,0,0,0,0,0,0,0,0,7871478,7871591,0,97,97,6262,329,15742993,35,0,0,0,0,0,0,0,1,0,0,0,0,0,0,0,0,0,0,8853981,0,12619194,111369,0,0,0,0,0,0,0,0,16384,0,0,0,0,0,0,0,0,0,0,0,3489,348,0,0,0,0,0,23932225,0,658,1,47,348,3489,0,0,0,0,0,0,0,0,0,0,0,0,0,0,0,0,0,0,0,0,0,0,0,0,0,0,0,0,0,0,0,0,0,0,0,0,0,0,0,0,0,0,0,0,0,0,0,0,0,0,0,0,0,105374313,0,0,0,117429903,0,0,0,0,0,0,0,77700163,132742406,178766197,54784350720,45377459,0,0,0,0,0,0,0,0,0,0,0,0,0,0,0,0,0,0,0,0,0,0,0,0,0,0,0,0,0,0,0,52376066,0,0,0,0,0,0,0
1789621498.010,0,0,0,0,0,0,0,245047300,2174008659456,770190170112,0,0,0,0,0,0,0,0,0,0,0,0,0,0,0,0,0,0,0,0,0,0,0,0,0,0,0,0,0,0,0,0,0,0,0,0,0,0,0,0,0,0,0,0,0,0,0,0,0,0,0,0,0,0,0,0,0,0,429415,132859999,43114548,0,0,0,0,0,0,0,0,0,0,0,0,0,0,0,0,0,0,0,0,0,0,0,0,0,0,0,0,0,0,0,0,0,0,0,0,0,2146238464,649199616,130996,39624,0,76,131072,132706845,0,0,1238115083,2147483648,106576064,135178410,0,0,0,0,0,0,0,0,0,0,0,0,0,0,0,0,0,0,7872303,7872419,0,97,97,6262,329,15744644,35,0,0,0,0,0,0,0,1,0,0,0,0,0,0,0,0,0,0,8854913,0,12619322,111370,0,0,0,0,0,0,0,0,16384,0,0,0,0,0,0,0,0,0,0,0,3490,348,0,0,0,0,0,23934739,0,658,1,47,348,3490,0,0,0,0,0,0,0,0,0,0,0,0,0,0,0,0,0,0,0,0,0,0,0,0,0,0,0,0,0,0,0,0,0,0,0,0,0,0,0,0,0,0,0,0,0,0,0,0,0,0,0,0,0,105380535,0,0,0,117441551,0,0,0,0,0,0,0,77708984,132762194,178781530,54787876864,45381783,0,0,0,0,0,0,0,0,0,0,0,0,0,0,0,0,0,0,0,0,0,0,0,0,0,0,0,0,0,0,0,52376895,0,0,0,0,0,0,0
1789621499.038,0,0,0,0,0,0,0,245070228,2174306995712,770263304192,0,0,0,0,0,0,0,0,0,0,0,0,0,0,0,0,0,0,0,0,0,0,0,0,0,0,0,0,0,0,0,0,0,0,0,0,0,0,0,0,0,0,0,0,0,0,0,0,0,0,0,0,0,0,0,0,0,0,429444,132878236,43118679,0,0,0,0,0,0,0,0,0,0,0,0,0,0,0,0,0,0,0,0,0,0,0,0,0,0,0,0,0,0,0,0,0,0,0,0,0,2146189312,652951552,130993,39853,0,79,131072,132725067,0,0,1238235531,2147483648,106593885,135190132,0,0,0,0,0,0,0,0,0,0,0,0,0,0,0,0,0,0,7873064,7873179,0,97,97,6262,329,15746158,35,0,0,0,0,0,0,0,1,0,0,0,0,0,0,0,0,0,0,8855768,0,12619322,111370,0,0,0,0,0,0,0,0,16384,0,0,0,0,0,0,0,0,0,0,0,3491,348,0,0,0,0,0,23937051,0,658,1,47,348,3491,0,0,0,0,0,0,0,0,0,0,0,0,0,0,0,0,0,0,0,0,0,0,0,0,0,0,0,0,0,0,0,0,0,0,0,0,0,0,0,0,0,0,0,0,0,0,0,0,0,0,0,0,0,105389526,0,0,0,117452220,0,0,0,0,0,0,0,77719651,132780425,178798765,54792594432,45388331,0,0,0,0,0,0,0,0,0,0,0,0,0,0,0,0,0,0,0,0,0,0,0,0,0,0,0,0,0,0,0,52377655,0,0,0,0,0,0,0
1789621500.065,0,0,0,0,0,0,0,245095367,2174634970624,770365805568,0,0,0,0,0,0,0,0,0,0,0,0,0,0,0,0,0,0,0,0,0,0,0,0,0,0,0,0,0,0,0,0,0,0,0,0,0,0,0,0,0,0,0,0,0,0,0,0,0,0,0,0,0,0,0,0,0,0,429490,132898279,43124596,0,0,0,0,0,0,0,0,0,0,0,0,0,0,0,0,0,0,0,0,0,0,0,0,0,0,0,0,0,0,0,0,0,0,0,0,0,2146287616,636649472,130999,38858,0,73,131072,132745102,0,0,1238368511,2147483648,106612963,135203224,0,0,0,0,0,0,0,0,0,0,0,0,0,0,0,0,0,0,7873890,7874005,0,97,97,6262,329,15747824,35,0,0,0,0,0,0,0,1,0,0,0,0,0,0,0,0,0,0,8856698,0,12620744,111382,0,0,0,0,0,0,0,0,16384,0,0,0,0,0,0,0,0,0,0,0,3492,348,0,0,0,0,0,23939578,0,658,1,47,348,3492,0,0,0,0,0,0,0,0,0,0,0,0,0,0,0,0,0,0,0,0,0,0,0,0,0,0,0,0,0,0,0,0,0,0,0,0,0,0,0,0,0,0,0,0,0,0,0,0,0,0,0,0,0,105397829,0,0,0,117463980,0,0,0,0,0,0,0,77730249,132800452,178817483,54797079552,45394224,1,0,0,0,0,0,0,0,0,0,0,0,0,0,0,0,0,0,0,0,0,0,0,0,0,0,0,0,0,0,0,52378481,0,0,0,0,0,0,0
1789621501.091,0,0,0,0,0,0,0,245117968,2174929079808,770437646848,0,0,0,0,0,0,0,0,0,0,0,0,0,0,0,0,0,0,0,0,0,0,0,0,0,0,0,0,0,0,0,0,0,0,0,0,0,0,0,0,0,0,0,0,0,0,0,0,0,0,0,0,0,0,0,0,0,0,429524,132916251,43128635,0,0,0,0,0,0,0,0,0,0,0,0,0,0,0,0,0,0,0,0,0,0,0,0,0,0,0,0,0,0,0,0,0,0,0,0,0,2146205696,644743168,130994,39352,0,78,131072,132763060,0,0,1238486630,2147483648,106630575,135215063,0,0,0,0,0,0,0,0,0,0,0,0,0,0,0,0,0,0,7874636,7874747,0,97,97,6262,329,15749303,35,0,0,0,0,0,0,0,1,0,0,0,0,0,0,0,0,0,0,8857533,0,12620744,111382,0,0,0,0,0,0,0,0,16384,0,0,0,0,0,0,0,0,0,0,0,3493,348,0,0,0,0,0,23941824,0,658,1,47,348,3493,0,0,0,0,0,0,0,0,0,0,0,0,0,0,0,0,0,0,0,0,0,0,0,0,0,0,0,0,0,0,0,0,0,0,0,0,0,0,0,0,0,0,0,0,0,0,0,0,0,0,0,0,0,105406882,0,0,0,117474608,0,0,0,0,0,0,0,77740858,132818422,178834617,54801823232,45400795,0,0,0,0,0,0,0,0,0,0,0,0,0,0,0,0,0,0,0,0,0,0,0,0,0,0,0,0,0,0,0,52379222,0,0,0,0,0,0,0
1789621502.118,0,0,0,0,0,0,0,245140136,2175217798656,770505116672,0,0,0,0,0,0,0,0,0,0,0,0,0,0,0,0,0,0,0,0,0,0,0,0,0,0,0,0,0,0,0,0,0,0,0,0,0,0,0,0,0,0,0,0,0,0,0,0,0,0,0,0,0,0,0,0,0,0,429564,132933897,43132605,0,0,0,0,0,0,0,0,0,0,0,0,0,0,0,0,0,0,0,0,0,0,0,0,0,0,0,0,0,0,0,0,0,0,0,0,0,2146304000,651739136,131000,39779,0,71,131072,132780694,0,0,1238602512,2147483648,106647722,135226546,0,0,0,0,0,0,0,0,0,0,0,0,0,0,0,0,0,0,7875354,7875473,0,97,97,6262,329,15750748,35,0,0,0,0,0,0,0,1,0,0,0,0,0,0,0,0,0,0,8858349,0,12620872,111383,0,0,0,0,0,0,0,0,16384,0,0,0,0,0,0,0,0,0,0,0,3494,348,0,0,0,0,0,23944039,0,658,1,47,348,3494,0,0,0,0,0,0,0,0,0,0,0,0,0,0,0,0,0,0,0,0,0,0,0,0,0,0,0,0,0,0,0,0,0,0,0,0,0,0,0,0,0,0,0,0,0,0,0,0,0,0,0,0,0,105409293,0,0,0,117484922,0,0,0,0,0,0,0,77746195,132836057,178844819,54803516416,45402296,0,0,0,0,0,0,0,0,0,0,0,0,0,0,0,0,0,0,0,0,0,0,0,0,0,0,0,0,0,0,0,52379949,0,0,0,0,0,0,0
1789621503.144,0,0,0,0,0,0,0,245164236,2175531798016,770580056576,0,0,0,0,0,0,0,0,0,0,0,0,0,0,0,0,0,0,0,0,0,0,0,0,0,0,0,0,0,0,0,0,0,0,0,0,0,0,0,0,0,0,0,0,0,0,0,0,0,0,0,0,0,0,0,0,0,0,429606,132953084,43137016,0,0,0,0,0,0,0,0,0,0,0,0,0,0,0,0,0,0,0,0,0,0,0,0,0,0,0,0,0,0,0,0,0,0,0,0,0,2146107392,656474112,130988,40068,0,84,131072,132799861,0,0,1238729284,2147483648,106666494,135239120,0,0,0,0,0,0,0,0,0,0,0,0,0,0,0,0,0,0,7876162,7876279,0,97,97,6262,329,15752362,35,0,0,0,0,0,0,0,1,0,0,0,0,0,0,0,0,0,0,8859255,0,12620872,111383,0,0,0,0,0,0,0,0,16384,0,0,0,0,0,0,0,0,0,0,0,3495,348,0,0,0,0,0,23946481,0,658,1,47,348,3495,0,0,0,0,0,0,0,0,0,0,0,0,0,0,0,0,0,0,0,0,0,0,0,0,0,0,0,0,0,0,0,0,0,0,0,0,0,0,0,0,0,0,0,0,0,0,0,0,0,0,0,0,0,105411789,0,0,0,117496295,0,0,0,0,0,0,0,77752156,132855236,178856143,54805314560,45403846,0,0,0,0,0,0,0,0,0,0,0,0,0,0,0,0,0,0,0,0,0,0,0,0,0,0,0,0,0,0,0,52380754,0,0,0,0,0,0,0
1789621504.172,0,0,0,0,0,0,0,245188914,2175853530624,770679796736,0,0,0,0,0,0,0,0,0,0,0,0,0,0,0,0,0,0,0,0,0,0,0,0,0,0,0,0,0,0,0,0,0,0,0,0,0,0,0,0,0,0,0,0,0,0,0,0,0,0,0,0,0,0,0,0,0,0,429656,132972760,43142938,0,0,0,0,0,0,0,0,0,0,0,0,0,0,0,0,0,0,0,0,0,0,0,0,0,0,0,0,0,0,0,0,0,0,0,0,0,2146123776,638238720,130989,38955,0,83,131072,132819527,0,0,1238859649,2147483648,106685168,135251972,0,0,0,0,0,0,0,0,0,0,0,0,0,0,0,0,0,0,7876977,7877090,0,97,97,6262,329,15753991,35,0,0,0,0,0,0,0,1,0,0,0,0,0,0,0,0,0,0,8860168,0,12622284,111395,0,0,0,0,0,0,0,0,16384,0,0,0,0,0,0,0,0,0,0,0,3496,348,0,0,0,0,0,23948953,0,658,1,47,348,3496,0,0,0,0,0,0,0,0,0,0,0,0,0,0,0,0,0,0,0,0,0,0,0,0,0,0,0,0,0,0,0,0,0,0,0,0,0,0,0,0,0,0,0,0,0,0,0,0,0,0,0,0,0,105414324,0,0,0,117507826,0,0,0,0,0,0,0,77758469,132874898,178869114,54807130624,45405434,0,0,0,0,0,0,0,0,0,0,0,0,0,0,0,0,0,0,0,0,0,0,0,0,0,0,0,0,0,0,0,52381566,0,0,0,0,0,0,0
1789621505.199,0,0,0,0,0,0,0,245210424,2176133172736,770746524672,0,0,0,0,0,0,0,0,0,0,0,0,0,0,0,0,0,0,0,0,0,0,0,0,0,0,0,0,0,0,0,0,0,0,0,0,0,0,0,0,0,0,0,0,0,0,0,0,0,0,0,0,0,0,0,0,0,0,429697,132989853,43146856,0,0,0,0,0,0,0,0,0,0,0,0,0,0,0,0,0,0,0,0,0,0,0,0,0,0,0,0,0,0,0,0,0,0,0,0,0,2146222080,644399104,130995,39331,0,77,131072,132836610,0,0,1238972224,2147483648,106701904,135263174,0,0,0,0,0,0,0,0,0,0,0,0,0,0,0,0,0,0,7877677,7877789,0,97,97,6262,329,15755399,35,0,0,0,0,0,0,0,1,0,0,0,0,0,0,0,0,0,0,8860953,0,12622284,111395,0,0,0,0,0,0,0,0,16384,0,0,0,0,0,0,0,0,0,0,0,3497,348,0,0,0,0,0,23951067,0,658,1,47,348,3497,0,0,0,0,0,0,0,0,0,0,0,0,0,0,0,0,0,0,0,0,0,0,0,0,0,0,0,0,0,0,0,0,0,0,0,0,0,0,0,0,0,0,0,0,0,0,0,0,0,0,0,0,0,105416696,0,0,0,117517913,0,0,0,0,0,0,0,77763850,132891985,178879334,54808751104,45406892,0,0,0,0,0,0,0,0,0,0,0,0,0,0,0,0,0,0,0,0,0,0,0,0,0,0,0,0,0,0,0,52382263,0,0,0,0,0,0,0
1789621506.225,0,0,0,0,0,0,0,245233911,2176439373312,770818252800,0,0,0,0,0,0,0,0,0,0,0,0,0,0,0,0,0,0,0,0,0,0,0,0,0,0,0,0,0,0,0,0,0,0,0,0,0,0,0,0,0,0,0,0,0,0,0,0,0,0,0,0,0,0,0,0,0,0,429735,133008571,43151073,0,0,0,0,0,0,0,0,0,0,0,0,0,0,0,0,0,0,0,0,0,0,0,0,0,0,0,0,0,0,0,0,0,0,0,0,0,2146336768,651395072,131002,39758,0,70,131072,132855319,0,0,1239094902,2147483648,106720038,135275346,0,0,0,0,0,0,0,0,0,0,0,0,0,0,0,0,0,0,7878446,7878564,0,97,97,6262,329,15756936,35,0,0,0,0,0,0,0,1,0,0,0,0,0,0,0,0,0,0,8861825,0,12622412,111396,0,0,0,0,0,0,0,0,16384,0,0,0,0,0,0,0,0,0,0,0,3498,348,0,0,0,0,0,23953417,0,658,1,47,348,3498,0,0,0,0,0,0,0,0,0,0,0,0,0,0,0,0,0,0,0,0,0,0,0,0,0,0,0,0,0,0,0,0,0,0,0,0,0,0,0,0,0,0,0,0,0,0,0,0,0,0,0,0,0,105419176,0,0,0,117528892,0,0,0,0,0,0,0,77769492,132910697,178890111,54810496000,45408448,0,0,0,0,0,0,0,0,0,0,0,0,0,0,0,0,0,0,0,0,0,0,0,0,0,0,0,0,0,0,0,52383039,0,0,0,0,0,0,0
1789621507.253,0,0,0,0,0,0,0,245257088,2176739413504,770904521216,0,0,0,0,0,0,0,0,0,0,0,0,0,0,0,0,0,0,0,0,0,0,0,0,0,0,0,0,0,0,0,0,0,0,0,0,0,0,0,0,0,0,0,0,0,0,0,0,0,0,0,0,0,0,0,0,0,0,429786,133026906,43156129,0,0,0,0,0,0,0,0,0,0,0,0,0,0,0,0,0,0,0,0,0,0,0,0,0,0,0,0,0,0,0,0,0,0,0,0,0,2146451456,642908160,131009,39240,0,62,131072,132873639,0,0,1239216429,2147483648,106737849,135287447,0,0,0,0,0,0,0,0,0,0,0,0,0,0,0,0,0,0,7879217,7879325,0,97,97,6262,329,15758481,35,0,0,0,0,0,0,0,1,0,0,0,0,0,0,0,0,0,0,8862684,0,12623285,111403,0,0,0,0,0,0,0,0,16384,0,0,0,0,0,0,0,0,0,0,0,3499,348,0,0,0,0,0,23955730,0,658,1,47,348,3499,0,0,0,0,0,0,0,0,0,0,0,0,0,0,0,0,0,0,0,0,0,0,0,0,0,0,0,0,0,0,0,0,0,0,0,0,0,0,0,0,0,0,0,0,0,0,0,0,0,0,0,0,0,105421650,0,0,0,117539755,0,0,0,0,0,0,0,77775310,132929020,178901881,54812244480,45409976,0,0,0,0,0,0,0,0,0,0,0,0,0,0,0,0,0,0,0,0,0,0,0,0,0,0,0,0,0,0,0,52383801,0,0,0,0,0,0,0
1789621508.279,0,0,0,0,0,0,0,245281531,2177059114496,770989092352,0,0,0,0,0,0,0,0,0,0,0,0,0,0,0,0,0,0,0,0,0,0,0,0,0,0,0,0,0,0,0,0,0,0,0,0,0,0,0,0,0,0,0,0,0,0,0,0,0,0,0,0,0,0,0,0,0,0,429828,133046451,43161182,0,0,0,0,0,0,0,0,0,0,0,0,0,0,0,0,0,0,0,0,0,0,0,0,0,0,0,0,0,0,0,0,0,0,0,0,0,2146123776,637517824,130989,38911,0,83,131072,132893165,0,0,1239345901,2147483648,106756527,135300053,0,0,0,0,0,0,0,0,0,0,0,0,0,0,0,0,0,0,7880030,7880147,0,97,97,6262,329,15760099,35,0,0,0,0,0,0,0,1,0,0,0,0,0,0,0,0,0,0,8863607,0,12623851,111408,0,0,0,0,0,0,0,0,16384,0,0,0,0,0,0,0,0,0,0,0,3500,348,0,0,0,0,0,23958235,0,658,1,47,348,3500,0,0,0,0,0,0,0,0,0,0,0,0,0,0,0,0,0,0,0,0,0,0,0,0,0,0,0,0,0,0,0,0,0,0,0,0,0,0,0,0,0,0,0,0,0,0,0,0,0,0,0,0,0,105424163,0,0,0,117551178,0,0,0,0,0,0,0,77781477,132948558,178913865,54814047232,45411559,0,0,0,0,0,0,0,0,0,0,0,0,0,0,0,0,0,0,0,0,0,0,0,0,0,0,0,0,0,0,0,52384623,0,0,0,0,0,0,0
1789621509.306,0,0,0,0,0,0,0,245302405,2177332776448,771055354368,0,0,0,0,0,0,0,0,0,0,0,0,0,0,0,0,0,0,0,0,0,0,0,0,0,0,0,0,0,0,0,0,0,0,0,0,0,0,0,0,0,0,0,0,0,0,0,0,0,0,0,0,0,0,0,0,0,0,429862,133063176,43165020,0,0,0,0,0,0,0,0,0,0,0,0,0,0,0,0,0,0,0,0,0,0,0,0,0,0,0,0,0,0,0,0,0,0,0,0,0,2146140160,643137536,130991,39254,3,80,131072,132909878,0,0,1239455392,2147483648,106772824,135310976,0,0,0,0,0,0,0,0,0,0,0,0,0,0,0,0,0,0,7880714,7880829,0,97,97,6262,329,15761463,35,0,0,0,0,0,0,0,1,0,0,0,0,0,0,0,0,0,0,8864374,0,12623851,111409,0,0,0,0,0,0,0,0,16384,0,0,0,0,0,0,0,0,0,0,0,3501,348,0,0,0,0,0,23960310,0,658,1,47,348,3501,0,0,0,0,0,0,0,0,0,0,0,0,0,0,0,0,0,0,0,0,0,0,0,0,0,0,0,0,0,0,0,0,0,0,0,0,0,0,0,0,0,0,0,0,0,0,0,0,0,0,0,0,0,105426525,0,0,0,117560970,0,0,0,0,0,0,0,77786722,132965277,178923886,54815651840,45413036,0,0,0,0,0,0,0,0,0,0,0,0,0,0,0,0,0,0,0,0,0,0,0,0,0,0,0,0,0,0,0,52385304,0,0,0,0,0,0,0
1789621510.331,0,0,0,0,0,0,0,245326580,2177647988224,771127839232,0,0,0,0,0,0,0,0,0,0,0,0,0,0,0,0,0,0,0,0,0,0,0,0,0,0,0,0,0,0,0,0,0,0,0,0,0,0,0,0,0,0,0,0,0,0,0,0,0,0,0,0,0,0,0,0,0,0,429917,133082446,43169331,0,0,0,0,0,0,0,0,0,0,0,0,0,0,0,0,0,0,0,0,0,0,0,0,0,0,0,0,0,0,0,0,0,0,0,0,0,2146320384,652410880,131001,39820,0,71,131072,132929135,0,0,1239581757,2147483648,106791592,135323751,0,0,0,0,0,0,0,0,0,0,0,0,0,0,0,0,0,0,7881508,7881621,0,97,97,6262,329,15763055,35,0,0,0,0,0,0,0,1,0,0,0,0,0,0,0,0,0,0,8865266,0,12623979,111409,0,0,0,0,0,0,0,0,16384,0,0,0,0,0,0,0,0,0,0,0,3502,348,0,0,0,0,0,23962719,0,658,1,47,348,3502,0,0,0,0,0,0,0,0,0,0,0,0,0,0,0,0,0,0,0,0,0,0,0,0,0,0,0,0,0,0,0,0,0,0,0,0,0,0,0,0,0,0,0,0,0,0,0,0,0,0,0,0,0,105429073,0,0,0,117572337,0,0,0,0,0,0,0,77792534,132984542,178934942,54817464320,45414592,0,0,0,0,0,0,0,0,0,0,0,0,0,0,0,0,0,0,0,0,0,0,0,0,0,0,0,0,0,0,0,52386097,0,0,0,0,0,0,0
1789621511.358,0,0,0,0,0,0,0,245349551,2177947782656,771221844480,0,0,0,0,0,0,0,0,0,0,0,0,0,0,0,0,0,0,0,0,0,0,0,0,0,0,0,0,0,0,0,0,0,0,0,0,0,0,0,0,0,0,0,0,0,0,0,0,0,0,0,0,0,0,0,0,0,0,429957,133100768,43174908,0,0,0,0,0,0,0,0,0,0,0,0,0,0,0,0,0,0,0,0,0,0,0,0,0,0,0,0,0,0,0,0,0,0,0,0,0,2146369536,634388480,131004,38720,0,68,131072,132947449,0,0,1239702136,2147483648,106808341,135335571,0,0,0,0,0,0,0,0,0,0,0,0,0,0,0,0,0,0,7882259,7882377,0,97,97,6262,329,15764558,35,0,0,0,0,0,0,0,1,0,0,0,0,0,0,0,0,0,0,8866116,0,12625436,111422,0,0,0,0,0,0,0,0,16384,0,0,0,0,0,0,0,0,0,0,0,3504,348,0,0,0,0,0,23965011,0,658,1,47,348,3504,0,0,0,0,0,0,0,0,0,0,0,0,0,0,0,0,0,0,0,0,0,0,0,0,0,0,0,0,0,0,0,0,0,0,0,0,0,0,0,0,0,0,0,0,0,0,0,0,0,0,0,0,0,105431513,0,0,0,117582987,0,0,0,0,0,0,0,77798423,133002848,178947093,54819187200,45416124,0,0,0,0,0,0,0,0,0,0,0,0,0,0,0,0,0,0,0,0,0,0,0,0,0,0,0,0,0,0,0,52386853,0,0,0,0,0,0,0
1789621512.385,0,0,0,0,0,0,0,245373252,2178257767936,771295274496,0,0,0,0,0,0,0,0,0,0,0,0,0,0,0,0,0,0,0,0,0,0,0,0,0,0,0,0,0,0,0,0,0,0,0,0,0,0,0,0,0,0,0,0,0,0,0,0,0,0,0,0,0,0,0,0,0,0,430003,133119713,43179227,0,0,0,0,0,0,0,0,0,0,0,0,0,0,0,0,0,0,0,0,0,0,0,0,0,0,0,0,0,0,0,0,0,0,0,0,0,2146189312,638992384,130993,39001,0,79,131072,132966378,0,0,1239827278,2147483648,106826883,135347916,0,0,0,0,0,0,0,0,0,0,0,0,0,0,0,0,0,0,7883054,7883171,0,97,97,6262,329,15766148,35,0,0,0,0,0,0,0,1,0,0,0,0,0,0,0,0,0,0,8867009,0,12625436,111422,0,0,0,0,0,0,0,0,16384,0,0,0,0,0,0,0,0,0,0,0,3505,348,0,0,0,0,0,23967438,0,658,1,47,348,3505,0,0,0,0,0,0,0,0,0,0,0,0,0,0,0,0,0,0,0,0,0,0,0,0,0,0,0,0,0,0,0,0,0,0,0,0,0,0,0,0,0,0,0,0,0,0,0,0,0,0,0,0,0,105434033,0,0,0,117594150,0,0,0,0,0,0,0,77804298,133021782,178958245,54820972544,45417685,1,0,0,0,0,0,0,0,0,0,0,0,0,0,0,0,0,0,0,0,0,0,0,0,0,0,0,0,0,0,0,52387647,0,0,0,0,0,0,0
1789621513.412,0,0,0,0,0,0,0,245396649,2178563001856,771370118144,0,0,0,0,0,0,0,0,0,0,0,0,0,0,0,0,0,0,0,0,0,0,0,0,0,0,0,0,0,0,0,0,0,0,0,0,0,0,0,0,0,0,0,0,0,0,0,0,0,0,0,0,0,0,0,0,0,0,430072,133138374,43183578,0,0,0,0,0,0,0,0,0,0,0,0,0,0,0,0,0,0,0,0,0,0,0,0,0,0,0,0,0,0,0,0,0,0,0,0,0,2146435072,644382720,131008,39330,0,64,131072,132985026,0,0,1239951001,2147483648,106845021,135360367,0,0,0,0,0,0,0,0,0,0,0,0,0,0,0,0,0,0,7883827,7883944,0,97,97,6262,329,15767695,35,0,0,0,0,0,0,0,1,0,0,0,0,0,0,0,0,0,0,8867879,0,12625564,111423,0,0,0,0,0,0,0,0,16384,0,0,0,0,0,0,0,0,0,0,0,3506,348,0,0,0,0,0,23969792,0,658,1,47,348,3506,0,0,0,0,0,0,0,0,0,0,0,0,0,0,0,0,0,0,0,0,0,0,0,0,0,0,0,0,0,0,0,0,0,0,0,0,0,0,0,0,0,0,0,0,0,0,0,0,0,0,0,0,0,105438395,0,0,0,117605142,0,0,0,0,0,0,0,77811462,133040441,178971180,54823595520,45420627,0,0,0,0,0,0,0,0,0,0,0,0,0,0,0,0,0,0,0,0,0,0,0,0,0,0,0,0,0,0,0,52388420,0,0,0,0,0,0,0
1789621514.439,0,0,0,0,0,0,0,245420180,2178868170240,771442174976,0,0,0,0,0,0,0,0,0,0,0,0,0,0,0,0,0,0,0,0,0,0,0,0,0,0,0,0,0,0,0,0,0,0,0,0,0,0,0,0,0,0,0,0,0,0,0,0,0,0,0,0,0,0,0,0,0,0,430105,133157028,43187754,0,0,0,0,0,0,0,0,0,0,0,0,0,0,0,0,0,0,0,0,0,0,0,0,0,0,0,0,0,0,0,0,0,0,0,0,0,2146271232,651919360,130998,39790,0,74,131072,133003666,0,0,1240073626,2147483648,106863205,135372534,0,0,0,0,0,0,0,0,0,0,0,0,0,0,0,0,0,0,7884594,7884711,0,97,97,6262,329,15769224,35,0,0,0,0,0,0,0,1,0,0,0,0,0,0,0,0,0,0,8868741,0,12625564,111423,0,0,0,0,0,0,0,0,16384,0,0,0,0,0,0,0,0,0,0,0,3507,348,0,0,0,0,0,23972113,0,658,1,47,348,3507,0,0,0,0,0,0,0,0,0,0,0,0,0,0,0,0,0,0,0,0,0,0,0,0,0,0,0,0,0,0,0,0,0,0,0,0,0,0,0,0,0,0,0,0,0,0,0,0,0,0,0,0,0,105443062,0,0,0,117616101,0,0,0,0,0,0,0,77818814,133059079,178984187,54826356224,45423805,0,0,0,0,0,0,0,0,0,0,0,0,0,0,0,0,0,0,0,0,0,0,0,0,0,0,0,0,0,0,0,52389186,0,0,0,0,0,0,0
1789621515.466,0,0,0,0,0,0,0,245444774,2179187461632,771538350080,0,0,0,0,0,0,0,0,0,0,0,0,0,0,0,0,0,0,0,0,0,0,0,0,0,0,0,0,0,0,0,0,0,0,0,0,0,0,0,0,0,0,0,0,0,0,0,0,0,0,0,0,0,0,0,0,0,0,430147,133176539,43193453,0,0,0,0,0,0,0,0,0,0,0,0,0,0,0,0,0,0,0,0,0,0,0,0,0,0,0,0,0,0,0,0,0,0,0,0,0,2146238464,637943808,130996,38937,0,76,131072,133023165,0,0,1240202318,2147483648,106881709,135385357,0,0,0,0,0,0,0,0,0,0,0,0,0,0,0,0,0,0,7885407,7885515,0,97,97,6262,329,15770848,35,0,0,0,0,0,0,0,1,0,0,0,0,0,0,0,0,0,0,8869647,0,12626998,111435,0,0,0,0,0,0,0,0,16384,0,0,0,0,0,0,0,0,0,0,0,3508,348,0,0,0,0,0,23974567,0,658,1,47,348,3508,0,0,0,0,0,0,0,0,0,0,0,0,0,0,0,0,0,0,0,0,0,0,0,0,0,0,0,0,0,0,0,0,0,0,0,0,0,0,0,0,0,0,0,0,0,0,0,0,0,0,0,0,0,105445589,0,0,0,117627653,0,0,0,0,0,0,0,77824882,133078588,178996695,54828189184,45425386,0,0,0,0,0,0,0,0,0,0,0,0,0,0,0,0,0,0,0,0,0,0,0,0,0,0,0,0,0,0,0,52389990,0,0,0,0,0,0,0
1789621516.493,0,0,0,0,0,0,0,245466430,2179471019520,771606551040,0,0,0,0,0,0,0,0,0,0,0,0,0,0,0,0,0,0,0,0,0,0,0,0,0,0,0,0,0,0,0,0,0,0,0,0,0,0,0,0,0,0,0,0,0,0,0,0,0,0,0,0,0,0,0,0,0,0,430193,133193888,43197462,0,0,0,0,0,0,0,0,0,0,0,0,0,0,0,0,0,0,0,0,0,0,0,0,0,0,0,0,0,0,0,0,0,0,0,0,0,2146189312,641056768,130993,39127,0,79,131072,133040499,0,0,1240316522,2147483648,106898679,135396574,0,0,0,0,0,0,0,0,0,0,0,0,0,0,0,0,0,0,7886120,7886237,0,97,97,6262,329,15772274,35,0,0,0,0,0,0,0,1,0,0,0,0,0,0,0,0,0,0,8870458,0,12626998,111435,0,0,0,0,0,0,0,0,16384,0,0,0,0,0,0,0,0,0,0,0,3509,348,0,0,0,0,0,23976770,0,658,1,47,348,3509,0,0,0,0,0,0,0,0,0,0,0,0,0,0,0,0,0,0,0,0,0,0,0,0,0,0,0,0,0,0,0,0,0,0,0,0,0,0,0,0,0,0,0,0,0,0,0,0,0,0,0,0,0,105447971,0,0,0,117637720,0,0,0,0,0,0,0,77830362,133095926,179007096,54829839360,45426855,0,0,0,0,0,0,0,0,0,0,0,0,0,0,0,0,0,0,0,0,0,0,0,0,0,0,0,0,0,0,0,52390713,0,0,0,0,0,0,0
1789621517.520,0,0,0,0,0,0,0,245491190,2179792915968,771684464640,0,0,0,0,0,0,0,0,0,0,0,0,0,0,0,0,0,0,0,0,0,0,0,0,0,0,0,0,0,0,0,0,0,0,0,0,0,0,0,0,0,0,0,0,0,0,0,0,0,0,0,0,0,0,0,0,0,0,430231,133213556,43202023,0,0,0,0,0,0,0,0,0,0,0,0,0,0,0,0,0,0,0,0,0,0,0,0,0,0,0,0,0,0,0,0,0,0,0,0,0,2146402304,645955584,131007,39426,0,65,131072,133060149,0,0,1240447525,2147483648,106917740,135409512,0,0,0,0,0,0,0,0,0,0,0,0,0,0,0,0,0,0,7886951,7887066,0,97,97,6262,329,15773936,35,0,0,0,0,0,0,0,1,0,0,0,0,0,0,0,0,0,0,8871390,0,12627126,111436,0,0,0,0,0,0,0,0,16384,0,0,0,0,0,0,0,0,0,0,0,3510,348,0,0,0,0,0,23979271,0,658,1,47,348,3510,0,0,0,0,0,0,0,0,0,0,0,0,0,0,0,0,0,0,0,0,0,0,0,0,0,0,0,0,0,0,0,0,0,0,0,0,0,0,0,0,0,0,0,0,0,0,0,0,0,0,0,0,0,105451287,0,0,0,117649434,0,0,0,0,0,0,0,77836954,133115584,179019401,54832035840,45429015,0,0,0,0,0,0,0,0,0,0,0,0,0,0,0,0,0,0,0,0,0,0,0,0,0,0,0,0,0,0,0,52391541,0,0,0,0,0,0,0
1789621518.546,0,0,0,0,0,0,0,245513853,2180086255104,771760165376,0,0,0,0,0,0,0,0,0,0,0,0,0,0,0,0,0,0,0,0,0,0,0,0,0,0,0,0,0,0,0,0,0,0,0,0,0,0,0,0,0,0,0,0,0,0,0,0,0,0,0,0,0,0,0,0,0,0,430271,133231493,43206404,0,0,0,0,0,0,0,0,0,0,0,0,0,0,0,0,0,0,0,0,0,0,0,0,0,0,0,0,0,0,0,0,0,0,0,0,0,2146320384,647725056,131001,39534,0,71,131072,133078078,0,0,1240565553,2147483648,106935246,135421273,0,0,0,0,0,0,0,0,0,0,0,0,0,0,0,0,0,0,7887687,7887800,0,97,97,6262,329,15775403,35,0,0,0,0,0,0,0,1,0,0,0,0,0,0,0,0,0,0,8872217,0,12627474,111439,0,0,0,0,0,0,0,0,16384,0,0,0,0,0,0,0,0,0,0,0,3511,348,0,0,0,0,0,23981499,0,658,1,47,348,3511,0,0,0,0,0,0,0,0,0,0,0,0,0,0,0,0,0,0,0,0,0,0,0,0,0,0,0,0,0,0,0,0,0,0,0,0,0,0,0,0,0,0,0,0,0,0,0,0,0,0,0,0,0,105453702,0,0,0,117659964,0,0,0,0,0,0,0,77842531,133133502,179030327,54833723392,45430518,0,0,0,0,0,0,0,0,0,0,0,0,0,0,0,0,0,0,0,0,0,0,0,0,0,0,0,0,0,0,0,52392276,0,0,0,0,0,0,0
1789621519.573,0,0,0,0,0,0,0,245539383,2180418915840,771852806144,0,0,0,0,0,0,0,0,0,0,0,0,0,0,0,0,0,0,0,0,0,0,0,0,0,0,0,0,0,0,0,0,0,0,0,0,0,0,0,0,0,0,0,0,0,0,0,0,0,0,0,0,0,0,0,0,0,0,430323,133251824,43211966,0,0,0,0,0,0,0,0,0,0,0,0,0,0,0,0,0,0,0,0,0,0,0,0,0,0,0,0,0,0,0,0,0,0,0,0,0,2146222080,639762432,130995,39047,0,77,131072,133098387,0,0,1240699023,2147483648,106954578,135434617,0,0,0,0,0,0,0,0,0,0,0,0,0,0,0,0,0,0,7888519,7888635,0,97,97,6262,329,15777072,35,0,0,0,0,0,0,0,1,0,0,0,0,0,0,0,0,0,0,8873155,0,12628540,111448,0,0,0,0,0,0,0,0,16384,0,0,0,0,0,0,0,0,0,0,0,3512,348,0,0,0,0,0,23984039,0,658,1,47,348,3512,0,0,0,0,0,0,0,0,0,0,0,0,0,0,0,0,0,0,0,0,0,0,0,0,0,0,0,0,0,0,0,0,0,0,0,0,0,0,0,0,0,0,0,0,0,0,0,0,0,0,0,0,0,105456270,0,0,0,117671894,0,0,0,0,0,0,0,77848773,133153819,179042854,54835635712,45432092,0,0,0,0,0,0,0,0,0,0,0,0,0,0,0,0,0,0,0,0,0,0,0,0,0,0,0,0,0,0,0,52393110,0,0,0,0,0,0,0
1789621520.600,0,0,0,0,0,0,0,245560895,2180699459072,771919832064,0,0,0,0,0,0,0,0,0,0,0,0,0,0,0,0,0,0,0,0,0,0,0,0,0,0,0,0,0,0,0,0,0,0,0,0,0,0,0,0,0,0,0,0,0,0,0,0,0,0,0,0,0,0,0,0,0,0,430358,133268985,43215903,0,0,0,0,0,0,0,0,0,0,0,0,0,0,0,0,0,0,0,0,0,0,0,0,0,0,0,0,0,0,0,0,0,0,0,0,0,2146336768,644366336,131002,39329,0,70,131072,133115538,0,0,1240812210,2147483648,106971387,135445859,0,0,0,0,0,0,0,0,0,0,0,0,0,0,0,0,0,0,7889240,7889354,0,97,97,6262,329,15778511,35,0,0,0,0,0,0,0,1,0,0,0,0,0,0,0,0,0,0,8873964,0,12628540,111448,0,0,0,0,0,0,0,0,16384,0,0,0,0,0,0,0,0,0,0,0,3513,348,0,0,0,0,0,23986228,0,658,1,47,348,3513,0,0,0,0,0,0,0,0,0,0,0,0,0,0,0,0,0,0,0,0,0,0,0,0,0,0,0,0,0,0,0,0,0,0,0,0,0,0,0,0,0,0,0,0,0,0,0,0,0,0,0,0,0,105458666,0,0,0,117682037,0,0,0,0,0,0,0,77854201,133170967,179053124,54837294592,45433582,0,0,0,0,0,0,0,0,0,0,0,0,0,0,0,0,0,0,0,0,0,0,0,0,0,0,0,0,0,0,0,52393829,0,0,0,0,0,0,0
1789621521.627,0,0,0,0,0,0,0,245585084,2181015621120,771997408768,0,0,0,0,0,0,0,0,0,0,0,0,0,0,0,0,0,0,0,0,0,0,0,0,0,0,0,0,0,0,0,0,0,0,0,0,0,0,0,0,0,0,0,0,0,0,0,0,0,0,0,0,0,0,0,0,0,0,430404,133288318,43220468,0,0,0,0,0,0,0,0,0,0,0,0,0,0,0,0,0,0,0,0,0,0,0,0,0,0,0,0,0,0,0,0,0,0,0,0,0,2146238464,646922240,130996,39485,0,76,131072,133134854,0,0,1240940379,2147483648,106990168,135458349,0,0,0,0,0,0,0,0,0,0,0,0,0,0,0,0,0,0,7890037,7890154,0,97,97,6262,329,15780098,35,0,0,0,0,0,0,0,1,0,0,0,0,0,0,0,0,0,0,8874864,0,12628668,111449,0,0,0,0,0,0,0,0,16384,0,0,0,0,0,0,0,0,0,0,0,3514,348,0,0,0,0,0,23988672,0,658,1,47,348,3514,0,0,0,0,0,0,0,0,0,0,0,0,0,0,0,0,0,0,0,0,0,0,0,0,0,0,0,0,0,0,0,0,0,0,0,0,0,0,0,0,0,0,0,0,0,0,0,0,0,0,0,0,0,105461180,0,0,0,117693321,0,0,0,0,0,0,0,77860191,133190285,179064646,54839078400,45435132,0,0,0,0,0,0,0,0,0,0,0,0,0,0,0,0,0,0,0,0,0,0,0,0,0,0,0,0,0,0,0,52394630,0,0,0,0,0,0,0
1789621522.653,0,0,0,0,0,0,0,245608201,2181315776000,772091525632,0,0,0,0,0,0,0,0,0,0,0,0,0,0,0,0,0,0,0,0,0,0,0,0,0,0,0,0,0,0,0,0,0,0,0,0,0,0,0,0,0,0,0,0,0,0,0,0,0,0,0,0,0,0,0,0,0,0,430442,133306658,43226062,0,0,0,0,0,0,0,0,0,0,0,0,0,0,0,0,0,0,0,0,0,0,0,0,0,0,0,0,0,0,0,0,0,0,0,0,0,2146271232,630521856,130998,38484,0,74,131072,133153186,0,0,1241061342,2147483648,107007585,135470433,0,0,0,0,0,0,0,0,0,0,0,0,0,0,0,0,0,0,7890791,7890906,0,97,97,6262,329,15781617,35,0,0,0,0,0,0,0,1,0,0,0,0,0,0,0,0,0,0,8875711,0,12630078,111461,0,0,0,0,0,0,0,0,16384,0,0,0,0,0,0,0,0,0,0,0,3515,348,0,0,0,0,0,23990952,0,658,1,47,348,3515,0,0,0,0,0,0,0,0,0,0,0,0,0,0,0,0,0,0,0,0,0,0,0,0,0,0,0,0,0,0,0,0,0,0,0,0,0,0,0,0,0,0,0,0,0,0,0,0,0,0,0,0,0,105463623,0,0,0,117704153,0,0,0,0,0,0,0,77866114,133208617,179076866,54840790016,45436664,0,0,0,0,0,0,0,0,0,0,0,0,0,0,0,0,0,0,0,0,0,0,0,0,0,0,0,0,0,0,0,52395381,0,0,0,0,0,0,0
1789621523.679,0,0,0,0,0,0,0,245633380,2181642505728,772165637632,0,0,0,0,0,0,0,0,0,0,0,0,0,0,0,0,0,0,0,0,0,0,0,0,0,0,0,0,0,0,0,0,0,0,0,0,0,0,0,0,0,0,0,0,0,0,0,0,0,0,0,0,0,0,0,0,0,0,430509,133326635,43230426,0,0,0,0,0,0,0,0,0,0,0,0,0,0,0,0,0,0,0,0,0,0,0,0,0,0,0,0,0,0,0,0,0,0,0,0,0,2146664448,639434752,131022,39028,0,50,131072,133173149,0,0,1241193142,2147483648,107027107,135483555,0,0,0,0,0,0,0,0,0,0,0,0,0,0,0,0,0,0,7891598,7891718,0,97,97,6262,329,15783260,35,0,0,0,0,0,0,0,1,0,0,0,0,0,0,0,0,0,0,8876625,0,12630078,111461,0,0,0,0,0,0,0,0,16384,0,0,0,0,0,0,0,0,0,0,0,3516,348,0,0,0,0,0,23993424,0,658,1,47,348,3516,0,0,0,0,0,0,0,0,0,0,0,0,0,0,0,0,0,0,0,0,0,0,0,0,0,0,0,0,0,0,0,0,0,0,0,0,0,0,0,0,0,0,0,0,0,0,0,0,0,0,0,0,0,105466153,0,0,0,117715856,0,0,0,0,0,0,0,77872022,133228583,179088098,54842611200,45438221,0,0,0,0,0,0,0,0,0,0,0,0,0,0,0,0,0,0,0,0,0,0,0,0,0,0,0,0,0,0,0,52396194,0,0,0,0,0,0,0
1789621524.707,0,0,0,0,0,0,0,245662169,2182016880128,772259907072,0,0,0,0,0,0,0,0,0,0,0,0,0,0,0,0,0,0,0,0,0,0,0,0,0,0,0,0,0,0,0,0,0,0,0,0,0,0,0,0,0,0,0,0,0,0,0,0,0,0,0,0,0,0,0,0,0,0,430593,133349526,43235728,0,0,0,0,0,0,0,0,0,0,0,0,0,0,0,0,0,0,0,0,0,0,0,0,0,0,0,0,0,0,0,0,0,0,0,0,0,2146271232,645922816,130998,39424,0,74,131072,133196027,0,0,1241344299,2147483648,107049283,135499011,0,0,0,0,0,0,0,0,0,0,0,0,0,0,0,0,0,0,7892581,7892698,0,97,97,6262,329,15785200,35,0,0,0,0,0,0,0,1,0,0,0,0,0,0,0,0,0,0,8877727,0,12630206,111462,0,0,0,0,0,0,0,0,16384,0,0,0,0,0,0,0,0,0,0,0,3517,348,0,0,0,0,0,23996408,0,658,1,47,348,3517,0,0,0,0,0,0,0,0,0,0,0,0,0,0,0,0,0,0,0,0,0,0,0,0,0,0,0,0,0,0,0,0,0,0,0,0,0,0,0,0,0,0,0,0,0,0,0,0,0,0,0,0,0,105477574,0,0,0,117729501,0,0,0,0,0,0,0,77885116,133251464,179109998,54848649728,45446135,0,0,0,0,0,0,0,0,0,0,0,0,0,0,0,0,0,0,0,0,0,0,0,0,0,0,0,0,0,0,0,52397174,0,0,0,0,0,0,0
1789621525.735,0,0,0,0,0,0,0,245684876,2182313283072,772346431488,0,0,0,0,0,0,0,0,0,0,0,0,0,0,0,0,0,0,0,0,0,0,0,0,0,0,0,0,0,0,0,0,0,0,0,0,0,0,0,0,0,0,0,0,0,0,0,0,0,0,0,0,0,0,0,0,0,0,430627,133367651,43240851,0,0,0,0,0,0,0,0,0,0,0,0,0,0,0,0,0,0,0,0,0,0,0,0,0,0,0,0,0,0,0,0,0,0,0,0,0,2146287616,633798656,130999,38684,0,73,131072,133214134,0,0,1241464740,2147483648,107066910,135510633,0,0,0,0,0,0,0,0,0,0,0,0,0,0,0,0,0,0,7893323,7893438,0,97,97,6262,329,15786685,35,0,0,0,0,0,0,0,1,0,0,0,0,0,0,0,0,0,0,8878560,0,12631196,111470,0,0,0,0,0,0,0,0,16384,0,0,0,0,0,0,0,0,0,0,0,3518,348,0,0,0,0,0,23998660,0,658,1,47,348,3518,0,0,0,0,0,0,0,0,0,0,0,0,0,0,0,0,0,0,0,0,0,0,0,0,0,0,0,0,0,0,0,0,0,0,0,0,0,0,0,0,0,0,0,0,0,0,0,0,0,0,0,0,0,105480340,0,0,0,117739992,0,0,0,0,0,0,0,77891173,133269582,179122010,54850512384,45447930,0,0,0,0,0,0,0,0,0,0,0,0,0,0,0,0,0,0,0,0,0,0,0,0,0,0,0,0,0,0,0,52397914,0,0,0,0,0,0,0
1789621526.761,0,0,0,0,0,0,0,245709612,2182635163136,772426779648,0,0,0,0,0,0,0,0,0,0,0,0,0,0,0,0,0,0,0,0,0,0,0,0,0,0,0,0,0,0,0,0,0,0,0,0,0,0,0,0,0,0,0,0,0,0,0,0,0,0,0,0,0,0,0,0,0,0,430657,133387333,43245583,0,0,0,0,0,0,0,0,0,0,0,0,0,0,0,0,0,0,0,0,0,0,0,0,0,0,0,0,0,0,0,0,0,0,0,0,0,2146123776,637616128,130989,38917,0,83,131072,133233796,0,0,1241594024,2147483648,107085609,135523531,0,0,0,0,0,0,0,0,0,0,0,0,0,0,0,0,0,0,7894137,7894246,0,97,97,6262,329,15788312,35,0,0,0,0,0,0,0,1,0,0,0,0,0,0,0,0,0,0,8879469,0,12631626,111474,0,0,0,0,0,0,0,0,16384,0,0,0,0,0,0,0,0,0,0,0,3519,348,0,0,0,0,0,24001126,0,658,1,47,348,3519,0,0,0,0,0,0,0,0,0,0,0,0,0,0,0,0,0,0,0,0,0,0,0,0,0,0,0,0,0,0,0,0,0,0,0,0,0,0,0,0,0,0,0,0,0,0,0,0,0,0,0,0,0,105482869,0,0,0,117751611,0,0,0,0,0,0,0,77897110,133289248,179133582,54852336640,45449480,0,0,0,0,0,0,0,0,0,0,0,0,0,0,0,0,0,0,0,0,0,0,0,0,0,0,0,0,0,0,0,52398722,0,0,0,0,0,0,0
1789621527.788,0,0,0,0,0,0,0,245730865,2182911282688,772491875328,0,0,0,0,0,0,0,0,0,0,0,0,0,0,0,0,0,0,0,0,0,0,0,0,0,0,0,0,0,0,0,0,0,0,0,0,0,0,0,0,0,0,0,0,0,0,0,0,0,0,0,0,0,0,0,0,0,0,430695,133404198,43249406,0,0,0,0,0,0,0,0,0,0,0,0,0,0,0,0,0,0,0,0,0,0,0,0,0,0,0,0,0,0,0,0,0,0,0,0,0,2146172928,644022272,130992,39308,0,79,131072,133250658,0,0,1241705375,2147483648,107102092,135534611,0,0,0,0,0,0,0,0,0,0,0,0,0,0,0,0,0,0,7894834,7894946,0,97,97,6262,329,15789707,35,0,0,0,0,0,0,0,1,0,0,0,0,0,0,0,0,0,0,8880256,0,12631626,111474,0,0,0,0,0,0,0,0,16384,0,0,0,0,0,0,0,0,0,0,0,3520,348,0,0,0,0,0,24003245,0,658,1,47,348,3520,0,0,0,0,0,0,0,0,0,0,0,0,0,0,0,0,0,0,0,0,0,0,0,0,0,0,0,0,0,0,0,0,0,0,0,0,0,0,0,0,0,0,0,0,0,0,0,0,0,0,0,0,0,105485223,0,0,0,117761567,0,0,0,0,0,0,0,77902394,133306125,179143598,54853953024,45450945,0,0,0,0,0,0,0,0,0,0,0,0,0,0,0,0,0,0,0,0,0,0,0,0,0,0,0,0,0,0,0,52399422,0,0,0,0,0,0,0
1789621528.815,0,0,0,0,0,0,0,245755132,2183227051520,772568125952,0,0,0,0,0,0,0,0,0,0,0,0,0,0,0,0,0,0,0,0,0,0,0,0,0,0,0,0,0,0,0,0,0,0,0,0,0,0,0,0,0,0,0,0,0,0,0,0,0,0,0,0,0,0,0,0,0,0,430729,133423497,43253899,0,0,0,0,0,0,0,0,0,0,0,0,0,0,0,0,0,0,0,0,0,0,0,0,0,0,0,0,0,0,0,0,0,0,0,0,0,2146484224,647872512,131011,39543,1,61,131072,133269939,0,0,1241832215,2147483648,107120845,135547083,0,0,0,0,0,0,0,0,0,0,0,0,0,0,0,0,0,0,7895635,7895746,0,97,97,6262,329,15791312,35,0,0,0,0,0,0,0,1,0,0,0,0,0,0,0,0,0,0,8881154,0,12631754,111475,0,0,0,0,0,0,0,0,16384,0,0,0,0,0,0,0,0,0,0,0,3521,348,0,0,0,0,0,24005668,0,658,1,47,348,3521,0,0,0,0,0,0,0,0,0,0,0,0,0,0,0,0,0,0,0,0,0,0,0,0,0,0,0,0,0,0,0,0,0,0,0,0,0,0,0,0,0,0,0,0,0,0,0,0,0,0,0,0,0,105487724,0,0,0,117772896,0,0,0,0,0,0,0,77908318,133325403,179154952,54855730688,45452500,0,0,0,0,0,0,0,0,0,0,0,0,0,0,0,0,0,0,0,0,0,0,0,0,0,0,0,0,0,0,0,52400220,0,0,0,0,0,0,0
1789621529.842,0,0,0,0,0,0,0,245778636,2183533891072,772664504320,0,0,0,0,0,0,0,0,0,0,0,0,0,0,0,0,0,0,0,0,0,0,0,0,0,0,0,0,0,0,0,0,0,0,0,0,0,0,0,0,0,0,0,0,0,0,0,0,0,0,0,0,0,0,0,0,0,0,430776,133442246,43259611,0,0,0,0,0,0,0,0,0,0,0,0,0,0,0,0,0,0,0,0,0,0,0,0,0,0,0,0,0,0,0,0,0,0,0,0,0,2146304000,628736000,130999,38375,0,73,131072,133288665,0,0,1241955903,2147483648,107138639,135559348,0,0,0,0,0,0,0,0,0,0,0,0,0,0,0,0,0,0,7896423,7896538,0,97,97,6262,329,15792875,35,0,0,0,0,0,0,0,1,0,0,0,0,0,0,0,0,0,0,8882047,0,12633189,111487,0,0,0,0,0,0,0,0,16384,0,0,0,0,0,0,0,0,0,0,0,3522,348,0,0,0,0,0,24008085,0,658,1,47,348,3522,0,0,0,0,0,0,0,0,0,0,0,0,0,0,0,0,0,0,0,0,0,0,0,0,0,0,0,0,0,0,0,0,0,0,0,0,0,0,0,0,0,0,0,0,0,0,0,0,0,0,0,0,0,105490213,0,0,0,117783919,0,0,0,0,0,0,0,77914373,133344144,179167440,54857512448,45454068,0,0,0,0,0,0,0,0,0,0,0,0,0,0,0,0,0,0,0,0,0,0,0,0,0,0,0,0,0,0,0,52401014,0,0,0,0,0,0,0
1789621530.869,0,0,0,0,0,0,0,245804480,2183870664192,772743895552,0,0,0,0,0,0,0,0,0,0,0,0,0,0,0,0,0,0,0,0,0,0,0,0,0,0,0,0,0,0,0,0,0,0,0,0,0,0,0,0,0,0,0,0,0,0,0,0,0,0,0,0,0,0,0,0,0,0,430864,133462835,43264291,0,0,0,0,0,0,0,0,0,0,0,0,0,0,0,0,0,0,0,0,0,0,0,0,0,0,0,0,0,0,0,0,0,0,0,0,0,2146598912,635666432,131019,38798,0,53,131072,133309239,0,0,1242093239,2147483648,107158739,135573001,0,0,0,0,0,0,0,0,0,0,0,0,0,0,0,0,0,0,7897247,7897364,0,97,97,6262,329,15794575,35,0,0,0,0,0,0,0,1,0,0,0,0,0,0,0,0,0,0,8882977,0,12633189,111487,0,0,0,0,0,0,0,0,16384,0,0,0,0,0,0,0,0,0,0,0,3523,348,0,0,0,0,0,24010593,0,658,1,47,348,3523,0,0,0,0,0,0,0,0,0,0,0,0,0,0,0,0,0,0,0,0,0,0,0,0,0,0,0,0,0,0,0,0,0,0,0,0,0,0,0,0,0,0,0,0,0,0,0,0,0,0,0,0,0,105492756,0,0,0,117795946,0,0,0,0,0,0,0,77920609,133364727,179179319,54859391488,45455639,0,0,0,0,0,0,0,0,0,0,0,0,0,0,0,0,0,0,0,0,0,0,0,0,0,0,0,0,0,0,0,52401840,0,0,0,0,0,0,0
1789621531.896,0,0,0,0,0,0,0,245831483,2184221707776,772831206912,0,0,0,0,0,0,0,0,0,0,0,0,0,0,0,0,0,0,0,0,0,0,0,0,0,0,0,0,0,0,0,0,0,0,0,0,0,0,0,0,0,0,0,0,0,0,0,0,0,0,0,0,0,0,0,0,0,0,430915,133484305,43269157,0,0,0,0,0,0,0,0,0,0,0,0,0,0,0,0,0,0,0,0,0,0,0,0,0,0,0,0,0,0,0,0,0,0,0,0,0,2146451456,644136960,131009,39315,0,63,131072,133330693,0,0,1242234438,2147483648,107179557,135587207,0,0,0,0,0,0,0,0,0,0,0,0,0,0,0,0,0,0,7898137,7898251,0,97,97,6262,329,15796345,35,0,0,0,0,0,0,0,1,0,0,0,0,0,0,0,0,0,0,8883974,0,12633317,111488,0,0,0,0,0,0,0,0,16384,0,0,0,0,0,0,0,0,0,0,0,3524,348,0,0,0,0,0,24013278,0,658,1,47,348,3524,0,0,0,0,0,0,0,0,0,0,0,0,0,0,0,0,0,0,0,0,0,0,0,0,0,0,0,0,0,0,0,0,0,0,0,0,0,0,0,0,0,0,0,0,0,0,0,0,0,0,0,0,0,105504948,0,0,0,117808575,0,0,0,0,0,0,0,77933811,133386180,179201117,54865741824,45464096,1,0,0,0,0,0,0,0,0,0,0,0,0,0,0,0,0,0,0,0,0,0,0,0,0,0,0,0,0,0,0,52402725,0,0,0,0,0,0,0
1789621532.922,0,0,0,0,0,0,0,245860139,2184594443776,772945336320,0,0,0,0,0,0,0,0,0,0,0,0,0,0,0,0,0,0,0,0,0,0,0,0,0,0,0,0,0,0,0,0,0,0,0,0,0,0,0,0,0,0,0,0,0,0,0,0,0,0,0,0,0,0,0,0,0,0,430979,133507091,43275647,0,0,0,0,0,0,0,0,0,0,0,0,0,0,0,0,0,0,0,0,0,0,0,0,0,0,0,0,0,0,0,0,0,0,0,0,0,2146254848,631783424,130997,38561,0,75,131072,133353454,0,0,1242384318,2147483648,107201171,135602546,0,0,0,0,0,0,0,0,0,0,0,0,0,0,0,0,0,0,7899109,7899224,0,97,97,6262,329,15798241,35,0,0,0,0,0,0,0,1,0,0,0,0,0,0,0,0,0,0,8885065,0,12634757,111500,0,0,0,0,0,0,0,0,16384,0,0,0,0,0,0,0,0,0,0,0,3525,348,0,0,0,0,0,24016237,0,658,1,47,348,3525,0,0,0,0,0,0,0,0,0,0,0,0,0,0,0,0,0,0,0,0,0,0,0,0,0,0,0,0,0,0,0,0,0,0,0,0,0,0,0,0,0,0,0,0,0,0,0,0,0,0,0,0,0,105517506,0,0,0,117822164,0,0,0,0,0,0,0,77947787,133408951,179225219,54872281600,45472809,0,0,0,0,0,0,0,0,0,0,0,0,0,0,0,0,0,0,0,0,0,0,0,0,0,0,0,0,0,0,0,52403698,0,0,0,0,0,0,0
1789621533.949,0,0,0,0,0,0,0,245882543,2184886668800,773015574528,0,0,0,0,0,0,0,0,0,0,0,0,0,0,0,0,0,0,0,0,0,0,0,0,0,0,0,0,0,0,0,0,0,0,0,0,0,0,0,0,0,0,0,0,0,0,0,0,0,0,0,0,0,0,0,0,0,0,431000,133524958,43279780,0,0,0,0,0,0,0,0,0,0,0,0,0,0,0,0,0,0,0,0,0,0,0,0,0,0,0,0,0,0,0,0,0,0,0,0,0,2146271232,634224640,130998,38710,0,74,131072,133371312,0,0,1242502594,2147483648,107218622,135613903,0,0,0,0,0,0,0,0,0,0,0,0,0,0,0,0,0,0,7899845,7899957,0,97,97,6262,329,15799732,35,0,0,0,0,0,0,0,1,0,0,0,0,0,0,0,0,0,0,8885891,0,12634757,111500,0,0,0,0,0,0,0,0,16384,0,0,0,0,0,0,0,0,0,0,0,3526,348,0,0,0,0,0,24018467,0,658,1,47,348,3526,0,0,0,0,0,0,0,0,0,0,0,0,0,0,0,0,0,0,0,0,0,0,0,0,0,0,0,0,0,0,0,0,0,0,0,0,0,0,0,0,0,0,0,0,0,0,0,0,0,0,0,0,0,105520303,0,0,0,117832559,0,0,0,0,0,0,0,77953731,133426802,179236256,54874121728,45474631,0,0,0,0,0,0,0,0,0,0,0,0,0,0,0,0,0,0,0,0,0,0,0,0,0,0,0,0,0,0,0,52404432,0,0,0,0,0,0,0
1789621534.976,0,0,0,0,0,0,0,245905553,2185186430464,773088750592,0,0,0,0,0,0,0,0,0,0,0,0,0,0,0,0,0,0,0,0,0,0,0,0,0,0,0,0,0,0,0,0,0,0,0,0,0,0,0,0,0,0,0,0,0,0,0,0,0,0,0,0,0,0,0,0,0,0,431033,133543285,43284090,0,0,0,0,0,0,0,0,0,0,0,0,0,0,0,0,0,0,0,0,0,0,0,0,0,0,0,0,0,0,0,0,0,0,0,0,0,2146140160,638222336,130990,38954,0,82,131072,133389626,0,0,1242623700,2147483648,107236417,135625800,0,0,0,0,0,0,0,0,0,0,0,0,0,0,0,0,0,0,7900595,7900707,0,97,97,6262,329,15801234,35,0,0,0,0,0,0,0,1,0,0,0,0,0,0,0,0,0,0,8886736,0,12634885,111501,0,0,0,0,0,0,0,0,16384,0,0,0,0,0,0,0,0,0,0,0,3527,348,0,0,0,0,0,24020743,0,658,1,47,348,3527,0,0,0,0,0,0,0,0,0,0,0,0,0,0,0,0,0,0,0,0,0,0,0,0,0,0,0,0,0,0,0,0,0,0,0,0,0,0,0,0,0,0,0,0,0,0,0,0,0,0,0,0,0,105522720,0,0,0,117843296,0,0,0,0,0,0,0,77959418,133445123,179247159,54875817472,45476139,0,0,0,0,0,0,0,0,0,0,0,0,0,0,0,0,0,0,0,0,0,0,0,0,0,0,0,0,0,0,0,52405183,0,0,0,0,0,0,0
1789621536.004,0,0,0,0,0,0,0,245928588,2185485323776,773158845440,0,0,0,0,0,0,0,0,0,0,0,0,0,0,0,0,0,0,0,0,0,0,0,0,0,0,0,0,0,0,0,0,0,0,0,0,0,0,0,0,0,0,0,0,0,0,0,0,0,0,0,0,0,0,0,0,0,0,431065,133561554,43288207,0,0,0,0,0,0,0,0,0,0,0,0,0,0,0,0,0,0,0,0,0,0,0,0,0,0,0,0,0,0,0,0,0,0,0,0,0,2146222080,645332992,130995,39388,0,77,131072,133407884,0,0,1242743889,2147483648,107254277,135637769,0,0,0,0,0,0,0,0,0,0,0,0,0,0,0,0,0,0,7901349,7901463,0,97,97,6262,329,15802746,35,0,0,0,0,0,0,0,1,0,0,0,0,0,0,0,0,0,0,8887587,0,12634885,111501,0,0,0,0,0,0,0,0,16384,0,0,0,0,0,0,0,0,0,0,0,3528,348,0,0,0,0,0,24023035,0,658,1,47,348,3528,0,0,0,0,0,0,0,0,0,0,0,0,0,0,0,0,0,0,0,0,0,0,0,0,0,0,0,0,0,0,0,0,0,0,0,0,0,0,0,0,0,0,0,0,0,0,0,0,0,0,0,0,0,105525176,0,0,0,117854101,0,0,0,0,0,0,0,77965076,133463389,179257855,54877534208,45477676,0,0,0,0,0,0,0,0,0,0,0,0,0,0,0,0,0,0,0,0,0,0,0,0,0,0,0,0,0,0,0,52405938,0,0,0,0,0,0,0
1789621537.031,0,0,0,0,0,0,0,245953388,2185808563712,773256151040,0,0,0,0,0,0,0,0,0,0,0,0,0,0,0,0,0,0,0,0,0,0,0,0,0,0,0,0,0,0,0,0,0,0,0,0,0,0,0,0,0,0,0,0,0,0,0,0,0,0,0,0,0,0,0,0,0,0,431106,133581332,43293977,0,0,0,0,0,0,0,0,0,0,0,0,0,0,0,0,0,0,0,0,0,0,0,0,0,0,0,0,0,0,0,0,0,0,0,0,0,2146353152,630636544,131003,38491,0,69,131072,133427643,0,0,1242873866,2147483648,107273042,135650656,0,0,0,0,0,0,0,0,0,0,0,0,0,0,0,0,0,0,7902170,7902284,0,97,97,6262,329,15804381,35,0,0,0,0,0,0,0,1,0,0,0,0,0,0,0,0,0,0,8888510,0,12636304,111513,0,0,0,0,0,0,0,0,16384,0,0,0,0,0,0,0,0,0,0,0,3529,348,0,0,0,0,0,24025535,0,658,1,47,348,3529,0,0,0,0,0,0,0,0,0,0,0,0,0,0,0,0,0,0,0,0,0,0,0,0,0,0,0,0,0,0,0,0,0,0,0,0,0,0,0,0,0,0,0,0,0,0,0,0,0,0,0,0,0,105527732,0,0,0,117865735,0,0,0,0,0,0,0,77971212,133483153,179270539,54879364096,45479253,0,0,0,0,0,0,0,0,0,0,0,0,0,0,0,0,0,0,0,0,0,0,0,0,0,0,0,0,0,0,0,52406760,0,0,0,0,0,0,0
1789621538.057,0,0,0,0,0,0,0,245974878,2186087894528,773321859072,0,0,0,0,0,0,0,0,0,0,0,0,0,0,0,0,0,0,0,0,0,0,0,0,0,0,0,0,0,0,0,0,0,0,0,0,0,0,0,0,0,0,0,0,0,0,0,0,0,0,0,0,0,0,0,0,0,0,431141,133598400,43297827,0,0,0,0,0,0,0,0,0,0,0,0,0,0,0,0,0,0,0,0,0,0,0,0,0,0,0,0,0,0,0,0,0,0,0,0,0,2146271232,636583936,130998,38854,0,74,131072,133444705,0,0,1242986787,2147483648,107289772,135661813,0,0,0,0,0,0,0,0,0,0,0,0,0,0,0,0,0,0,7902892,7903003,0,97,97,6262,329,15805815,35,0,0,0,0,0,0,0,1,0,0,0,0,0,0,0,0,0,0,8889317,0,12636304,111513,0,0,0,0,0,0,0,0,16384,0,0,0,0,0,0,0,0,0,0,0,3530,348,0,0,0,0,0,24027721,0,658,1,47,348,3530,0,0,0,0,0,0,0,0,0,0,0,0,0,0,0,0,0,0,0,0,0,0,0,0,0,0,0,0,0,0,0,0,0,0,0,0,0,0,0,0,0,0,0,0,0,0,0,0,0,0,0,0,0,105530164,0,0,0,117875849,0,0,0,0,0,0,0,77976581,133500213,179280681,54881029632,45480764,0,0,0,0,0,0,0,0,0,0,0,0,0,0,0,0,0,0,0,0,0,0,0,0,0,0,0,0,0,0,0,52407477,0,0,0,0,0,0,0
1789621539.084,0,0,0,0,0,0,0,246000187,2186418982400,773401974784,0,0,0,0,0,0,0,0,0,0,0,0,0,0,0,0,0,0,0,0,0,0,0,0,0,0,0,0,0,0,0,0,0,0,0,0,0,0,0,0,0,0,0,0,0,0,0,0,0,0,0,0,0,0,0,0,0,0,431194,133618641,43302548,0,0,0,0,0,0,0,0,0,0,0,0,0,0,0,0,0,0,0,0,0,0,0,0,0,0,0,0,0,0,0,0,0,0,0,0,0,2146304000,640679936,131000,39104,0,72,131072,133464934,0,0,1243120636,2147483648,107309416,135675020,0,0,0,0,0,0,0,0,0,0,0,0,0,0,0,0,0,0,7903728,7903844,0,97,97,6262,329,15807489,35,0,0,0,0,0,0,0,1,0,0,0,0,0,0,0,0,0,0,8890263,0,12636432,111514,0,0,0,0,0,0,0,0,16384,0,0,0,0,0,0,0,0,0,0,0,3531,348,0,0,0,0,0,24030282,0,658,1,47,348,3531,0,0,0,0,0,0,0,0,0,0,0,0,0,0,0,0,0,0,0,0,0,0,0,0,0,0,0,0,0,0,0,0,0,0,0,0,0,0,0,0,0,0,0,0,0,0,0,0,0,0,0,0,0,105532718,0,0,0,117887683,0,0,0,0,0,0,0,77982737,133520441,179292532,54882891776,45482340,0,0,0,0,0,0,0,0,0,0,0,0,0,0,0,0,0,0,0,0,0,0,0,0,0,0,0,0,0,0,0,52408319,0,0,0,0,0,0,0
1789621540.110,0,0,0,0,0,0,0,246022391,2186709372416,773473719808,0,0,0,0,0,0,0,0,0,0,0,0,0,0,0,0,0,0,0,0,0,0,0,0,0,0,0,0,0,0,0,0,0,0,0,0,0,0,0,0,0,0,0,0,0,0,0,0,0,0,0,0,0,0,0,0,0,0,431249,133636404,43306748,0,0,0,0,0,0,0,0,0,0,0,0,0,0,0,0,0,0,0,0,0,0,0,0,0,0,0,0,0,0,0,0,0,0,0,0,0,2146353152,645070848,131003,39372,0,69,131072,133482684,0,0,1243237033,2147483648,107326682,135686764,0,0,0,0,0,0,0,0,0,0,0,0,0,0,0,0,0,0,7904451,7904568,0,97,97,6262,329,15808952,35,0,0,0,0,0,0,0,1,0,0,0,0,0,0,0,0,0,0,8891079,0,12636432,111516,0,0,0,0,0,0,0,0,16384,0,0,0,0,0,0,0,0,0,0,0,3532,348,0,0,0,0,0,24032485,0,658,1,47,348,3532,0,0,0,0,0,0,0,0,0,0,0,0,0,0,0,0,0,0,0,0,0,0,0,0,0,0,0,0,0,0,0,0,0,0,0,0,0,0,0,0,0,0,0,0,0,0,0,0,0,0,0,0,0,105535107,0,0,0,117898091,0,0,0,0,0,0,0,77988213,133538197,179303131,54884596736,45483824,0,0,0,0,0,0,0,0,0,0,0,0,0,0,0,0,0,0,0,0,0,0,0,0,0,0,0,0,0,0,0,52409044,0,0,0,0,0,0,0
1789621541.137,0,0,0,0,0,0,0,246047575,2187036937728,773568247808,0,0,0,0,0,0,0,0,0,0,0,0,0,0,0,0,0,0,0,0,0,0,0,0,0,0,0,0,0,0,0,0,0,0,0,0,0,0,0,0,0,0,0,0,0,0,0,0,0,0,0,0,0,0,0,0,0,0,431291,133656434,43312361,0,0,0,0,0,0,0,0,0,0,0,0,0,0,0,0,0,0,0,0,0,0,0,0,0,0,0,0,0,0,0,0,0,0,0,0,0,2146320384,635207680,131001,38770,0,71,131072,133502702,0,0,1243368570,2147483648,107345790,135699773,0,0,0,0,0,0,0,0,0,0,0,0,0,0,0,0,0,0,7905273,7905392,0,97,97,6262,329,15810588,35,0,0,0,0,0,0,0,1,0,0,0,0,0,0,0,0,0,0,8892006,0,12637865,111527,0,0,0,0,0,0,0,0,16384,0,0,0,0,0,0,0,0,0,0,0,3533,348,0,0,0,0,0,24034994,0,658,1,47,348,3533,0,0,0,0,0,0,0,0,0,0,0,0,0,0,0,0,0,0,0,0,0,0,0,0,0,0,0,0,0,0,0,0,0,0,0,0,0,0,0,0,0,0,0,0,0,0,0,0,0,0,0,0,0,105537794,0,0,0,117909789,0,0,0,0,0,0,0,77994486,133558212,179315814,54886498816,45485493,0,0,0,0,0,0,0,0,0,0,0,0,0,0,0,0,0,0,0,0,0,0,0,0,0,0,0,0,0,0,0,52409868,0,0,0,0,0,0,0
1789621542.164,0,0,0,0,0,0,0,246069159,2187318332928,773637668352,0,0,0,0,0,0,0,0,0,0,0,0,0,0,0,0,0,0,0,0,0,0,0,0,0,0,0,0,0,0,0,0,0,0,0,0,0,0,0,0,0,0,0,0,0,0,0,0,0,0,0,0,0,0,0,0,0,0,431340,133673633,43316452,0,0,0,0,0,0,0,0,0,0,0,0,0,0,0,0,0,0,0,0,0,0,0,0,0,0,0,0,0,0,0,0,0,0,0,0,0,2146336768,637534208,131002,38912,0,70,131072,133519888,0,0,1243481914,2147483648,107362520,135711046,0,0,0,0,0,0,0,0,0,0,0,0,0,0,0,0,0,0,7905987,7906102,0,97,97,6262,329,15812017,35,0,0,0,0,0,0,0,1,0,0,0,0,0,0,0,0,0,0,8892805,0,12637993,111528,0,0,0,0,0,0,0,0,16384,0,0,0,0,0,0,0,0,0,0,0,3534,348,0,0,0,0,0,24037143,0,658,1,47,348,3534,0,0,0,0,0,0,0,0,0,0,0,0,0,0,0,0,0,0,0,0,0,0,0,0,0,0,0,0,0,0,0,0,0,0,0,0,0,0,0,0,0,0,0,0,0,0,0,0,0,0,0,0,0,105540156,0,0,0,117919883,0,0,0,0,0,0,0,77999907,133575403,179326216,54888150016,45486958,0,0,0,0,0,0,0,0,0,0,0,0,0,0,0,0,0,0,0,0,0,0,0,0,0,0,0,0,0,0,0,52410578,0,0,0,0,0,0,0
1789621543.191,0,0,0,0,0,0,0,246094110,2187643080192,773717046272,0,0,0,0,0,0,0,0,0,0,0,0,0,0,0,0,0,0,0,0,0,0,0,0,0,0,0,0,0,0,0,0,0,0,0,0,0,0,0,0,0,0,0,0,0,0,0,0,0,0,0,0,0,0,0,0,0,0,431382,133693491,43320945,0,0,0,0,0,0,0,0,0,0,0,0,0,0,0,0,0,0,0,0,0,0,0,0,0,0,0,0,0,0,0,0,0,0,0,0,0,2146238464,642859008,130996,39237,0,76,131072,133539736,0,0,1243613179,2147483648,107381908,135723943,0,0,0,0,0,0,0,0,0,0,0,0,0,0,0,0,0,0,7906817,7906931,0,97,97,6262,329,15813682,35,0,0,0,0,0,0,0,1,0,0,0,0,0,0,0,0,0,0,8893738,0,12637993,111528,0,0,0,0,0,0,0,0,16384,0,0,0,0,0,0,0,0,0,0,0,3535,348,0,0,0,0,0,24039652,0,658,1,47,348,3535,0,0,0,0,0,0,0,0,0,0,0,0,0,0,0,0,0,0,0,0,0,0,0,0,0,0,0,0,0,0,0,0,0,0,0,0,0,0,0,0,0,0,0,0,0,0,0,0,0,0,0,0,0,105549268,0,0,0,117931550,0,0,0,0,0,0,0,78010786,133595255,179344300,54892992512,45493348,0,0,0,0,0,0,0,0,0,0,0,0,0,0,0,0,0,0,0,0,0,0,0,0,0,0,0,0,0,0,0,52411407,0,0,0,0,0,0,0
1789621544.217,0,0,0,0,0,0,0,246117351,2187945201152,773812009984,0,0,0,0,0,0,0,0,0,0,0,0,0,0,0,0,0,0,0,0,0,0,0,0,0,0,0,0,0,0,0,0,0,0,0,0,0,0,0,0,0,0,0,0,0,0,0,0,0,0,0,0,0,0,0,0,0,0,431419,133711962,43326588,0,0,0,0,0,0,0,0,0,0,0,0,0,0,0,0,0,0,0,0,0,0,0,0,0,0,0,0,0,0,0,0,0,0,0,0,0,2146172928,626638848,130992,38247,0,80,131072,133558199,0,0,1243735930,2147483648,107399254,135736033,0,0,0,0,0,0,0,0,0,0,0,0,0,0,0,0,0,0,7907589,7907704,0,97,97,6262,329,15815221,35,0,0,0,0,0,0,0,1,0,0,0,0,0,0,0,0,0,0,8894607,0,12639436,111542,0,0,0,0,0,0,0,0,16384,0,0,0,0,0,0,0,0,0,0,0,3536,348,0,0,0,0,0,24042003,0,658,1,47,348,3536,0,0,0,0,0,0,0,0,0,0,0,0,0,0,0,0,0,0,0,0,0,0,0,0,0,0,0,0,0,0,0,0,0,0,0,0,0,0,0,0,0,0,0,0,0,0,0,0,0,0,0,0,0,105551763,0,0,0,117942524,0,0,0,0,0,0,0,78016725,133613717,179356634,54894723072,45494886,0,0,0,0,0,0,0,0,0,0,0,0,0,0,0,0,0,0,0,0,0,0,0,0,0,0,0,0,0,0,0,52412180,0,0,0,0,0,0,0
