Linux 6.8.0-60-generic (beast-node1.tp.int.percona.com) 	09/07/2026 	_x86_64_	(80 CPU)

02:30:31 PM  CPU    %usr   %nice    %sys %iowait    %irq   %soft  %steal  %guest  %gnice   %idle
02:30:32 PM  all   30.62    0.00   12.18    0.00    0.00    0.00    0.00    0.00    0.00   57.21
02:30:32 PM    0   29.59    0.00   12.24    0.00    0.00    0.00    0.00    0.00    0.00   58.16
02:30:32 PM    1   30.30    0.00   12.12    0.00    0.00    0.00    0.00    0.00    0.00   57.58
02:30:32 PM    2   29.17    0.00   11.46    0.00    0.00    0.00    0.00    0.00    0.00   59.38
02:30:32 PM    3   29.59    0.00   12.24    0.00    0.00    0.00    0.00    0.00    0.00   58.16
02:30:32 PM    4   29.90    0.00   11.34    0.00    0.00    0.00    0.00    0.00    0.00   58.76
02:30:32 PM    5   28.87    0.00   11.34    0.00    0.00    0.00    0.00    0.00    0.00   59.79
02:30:32 PM    6   29.59    0.00   13.27    0.00    0.00    0.00    0.00    0.00    0.00   57.14
02:30:32 PM    7   29.59    0.00   12.24    0.00    0.00    0.00    0.00    0.00    0.00   58.16
02:30:32 PM    8   28.87    0.00   13.40    0.00    0.00    0.00    0.00    0.00    0.00   57.73
02:30:32 PM    9   29.17    0.00   12.50    0.00    0.00    0.00    0.00    0.00    0.00   58.33
02:30:32 PM   10   28.87    0.00   12.37    0.00    0.00    0.00    0.00    0.00    0.00   58.76
02:30:32 PM   11   27.84    0.00   13.40    0.00    0.00    0.00    0.00    0.00    0.00   58.76
02:30:32 PM   12   29.59    0.00   12.24    0.00    0.00    0.00    0.00    0.00    0.00   58.16
02:30:32 PM   13   29.59    0.00   12.24    0.00    0.00    0.00    0.00    0.00    0.00   58.16
02:30:32 PM   14   46.39    0.00   11.34    0.00    0.00    0.00    0.00    0.00    0.00   42.27
02:30:32 PM   15   34.02    0.00   12.37    0.00    0.00    0.00    0.00    0.00    0.00   53.61
02:30:32 PM   16   34.02    0.00   14.43    0.00    0.00    0.00    0.00    0.00    0.00   51.55
02:30:32 PM   17   28.87    0.00   12.37    0.00    0.00    0.00    0.00    0.00    0.00   58.76
02:30:32 PM   18   29.90    0.00   11.34    0.00    0.00    0.00    0.00    0.00    0.00   58.76
02:30:32 PM   19   30.53    0.00    9.47    0.00    0.00    0.00    0.00    0.00    0.00   60.00
02:30:32 PM   20   28.87    0.00   12.37    0.00    0.00    0.00    0.00    0.00    0.00   58.76
02:30:32 PM   21   29.59    0.00   13.27    0.00    0.00    0.00    0.00    0.00    0.00   57.14
02:30:32 PM   22   30.93    0.00   10.31    0.00    0.00    0.00    0.00    0.00    0.00   58.76
02:30:32 PM   23   32.99    0.00   12.37    0.00    0.00    0.00    0.00    0.00    0.00   54.64
02:30:32 PM   24   30.21    0.00   11.46    0.00    0.00    0.00    0.00    0.00    0.00   58.33
02:30:32 PM   25   30.61    0.00   11.22    0.00    0.00    0.00    0.00    0.00    0.00   58.16
02:30:32 PM   26   30.61    0.00   11.22    0.00    0.00    0.00    0.00    0.00    0.00   58.16
02:30:32 PM   27   31.63    0.00   11.22    0.00    0.00    0.00    0.00    0.00    0.00   57.14
02:30:32 PM   28   32.65    0.00   10.20    0.00    0.00    0.00    0.00    0.00    0.00   57.14
02:30:32 PM   29   30.93    0.00   11.34    0.00    0.00    0.00    0.00    0.00    0.00   57.73
02:30:32 PM   30   28.57    0.00   13.27    0.00    0.00    0.00    0.00    0.00    0.00   58.16
02:30:32 PM   31   30.30    0.00   12.12    0.00    0.00    0.00    0.00    0.00    0.00   57.58
02:30:32 PM   32   28.57    0.00   13.27    0.00    0.00    0.00    0.00    0.00    0.00   58.16
02:30:32 PM   33   29.47    0.00   10.53    0.00    0.00    0.00    0.00    0.00    0.00   60.00
02:30:32 PM   34   31.31    0.00   11.11    0.00    0.00    0.00    0.00    0.00    0.00   57.58
02:30:32 PM   35   29.90    0.00   13.40    0.00    0.00    0.00    0.00    0.00    0.00   56.70
02:30:32 PM   36   29.29    0.00   12.12    0.00    0.00    0.00    0.00    0.00    0.00   58.59
02:30:32 PM   37   30.30    0.00   12.12    0.00    0.00    0.00    0.00    0.00    0.00   57.58
02:30:32 PM   38   29.59    0.00   13.27    0.00    0.00    0.00    0.00    0.00    0.00   57.14
02:30:32 PM   39   30.30    0.00   13.13    0.00    0.00    0.00    0.00    0.00    0.00   56.57
02:30:32 PM   40   28.87    0.00   12.37    0.00    0.00    0.00    0.00    0.00    0.00   58.76
02:30:32 PM   41   29.00    0.00   14.00    0.00    0.00    0.00    0.00    0.00    0.00   57.00
02:30:32 PM   42   27.55    0.00   14.29    0.00    0.00    0.00    0.00    0.00    0.00   58.16
02:30:32 PM   43   29.17    0.00   11.46    0.00    0.00    0.00    0.00    0.00    0.00   59.38
02:30:32 PM   44   32.99    0.00   13.40    0.00    0.00    0.00    0.00    0.00    0.00   53.61
02:30:32 PM   45   30.93    0.00   11.34    0.00    0.00    0.00    0.00    0.00    0.00   57.73
02:30:32 PM   46   29.59    0.00   12.24    0.00    0.00    0.00    0.00    0.00    0.00   58.16
02:30:32 PM   47   28.57    0.00   13.27    0.00    0.00    0.00    0.00    0.00    0.00   58.16
02:30:32 PM   48   29.90    0.00   11.34    0.00    0.00    0.00    0.00    0.00    0.00   58.76
02:30:32 PM   49   29.90    0.00   11.34    0.00    0.00    0.00    0.00    0.00    0.00   58.76
02:30:32 PM   50   28.12    0.00   12.50    0.00    0.00    0.00    0.00    0.00    0.00   59.38
02:30:32 PM   51   27.84    0.00   13.40    0.00    0.00    0.00    0.00    0.00    0.00   58.76
02:30:32 PM   52   28.57    0.00   12.24    0.00    0.00    0.00    0.00    0.00    0.00   59.18
02:30:32 PM   53   30.61    0.00   10.20    0.00    0.00    0.00    0.00    0.00    0.00   59.18
02:30:32 PM   54   57.14    0.00   13.27    0.00    0.00    0.00    0.00    0.00    0.00   29.59
02:30:32 PM   55   29.59    0.00   12.24    0.00    0.00    0.00    0.00    0.00    0.00   58.16
02:30:32 PM   56   28.42    0.00   12.63    0.00    0.00    0.00    0.00    0.00    0.00   58.95
02:30:32 PM   57   29.90    0.00   12.37    0.00    0.00    0.00    0.00    0.00    0.00   57.73
02:30:32 PM   58   29.59    0.00   12.24    0.00    0.00    0.00    0.00    0.00    0.00   58.16
02:30:32 PM   59   29.59    0.00   12.24    0.00    0.00    0.00    0.00    0.00    0.00   58.16
02:30:32 PM   60   29.90    0.00   12.37    0.00    0.00    0.00    0.00    0.00    0.00   57.73
02:30:32 PM   61   30.61    0.00   11.22    0.00    0.00    0.00    0.00    0.00    0.00   58.16
02:30:32 PM   62   31.63    0.00   10.20    0.00    0.00    0.00    0.00    0.00    0.00   58.16
02:30:32 PM   63   28.87    0.00   13.40    0.00    0.00    0.00    0.00    0.00    0.00   57.73
02:30:32 PM   64   30.93    0.00   11.34    0.00    0.00    0.00    0.00    0.00    0.00   57.73
02:30:32 PM   65   33.67    0.00   11.22    0.00    0.00    0.00    0.00    0.00    0.00   55.10
02:30:32 PM   66   29.90    0.00   12.37    0.00    0.00    0.00    0.00    0.00    0.00   57.73
02:30:32 PM   67   30.61    0.00   12.24    0.00    0.00    0.00    0.00    0.00    0.00   57.14
02:30:32 PM   68   36.73    0.00   11.22    0.00    0.00    0.00    0.00    0.00    0.00   52.04
02:30:32 PM   69   30.61    0.00   12.24    0.00    0.00    0.00    0.00    0.00    0.00   57.14
02:30:32 PM   70   29.90    0.00   11.34    0.00    0.00    0.00    0.00    0.00    0.00   58.76
02:30:32 PM   71   29.90    0.00   12.37    0.00    0.00    0.00    0.00    0.00    0.00   57.73
02:30:32 PM   72   30.30    0.00   14.14    0.00    0.00    0.00    0.00    0.00    0.00   55.56
02:30:32 PM   73   30.93    0.00   12.37    0.00    0.00    0.00    0.00    0.00    0.00   56.70
02:30:32 PM   74   30.61    0.00   12.24    0.00    0.00    0.00    0.00    0.00    0.00   57.14
02:30:32 PM   75   29.90    0.00   11.34    0.00    0.00    0.00    0.00    0.00    0.00   58.76
02:30:32 PM   76   29.59    0.00   13.27    0.00    0.00    0.00    0.00    0.00    0.00   57.14
02:30:32 PM   77   29.59    0.00   12.24    0.00    0.00    0.00    0.00    0.00    0.00   58.16
02:30:32 PM   78   27.84    0.00   13.40    0.00    0.00    0.00    0.00    0.00    0.00   58.76
02:30:32 PM   79   30.30    0.00   12.12    0.00    0.00    0.00    0.00    0.00    0.00   57.58

02:30:41 PM  CPU    %usr   %nice    %sys %iowait    %irq   %soft  %steal  %guest  %gnice   %idle
02:30:42 PM  all   73.15    0.00   18.07    0.13    0.00    0.00    0.00    0.00    0.00    8.65
02:30:42 PM    0   72.63    0.00   16.84    0.00    0.00    0.00    0.00    0.00    0.00   10.53
02:30:42 PM    1   70.10    0.00   20.62    0.00    0.00    0.00    0.00    0.00    0.00    9.28
02:30:42 PM    2   72.16    0.00   19.59    0.00    0.00    0.00    0.00    0.00    0.00    8.25
02:30:42 PM    3   72.34    0.00   18.09    0.00    0.00    0.00    0.00    0.00    0.00    9.57
02:30:42 PM    4   73.96    0.00   16.67    0.00    0.00    0.00    0.00    0.00    0.00    9.38
02:30:42 PM    5   74.74    0.00   15.79    0.00    0.00    0.00    0.00    0.00    0.00    9.47
02:30:42 PM    6   73.20    0.00   17.53    0.00    0.00    0.00    0.00    0.00    0.00    9.28
02:30:42 PM    7   72.04    0.00   18.28    0.00    0.00    0.00    0.00    0.00    0.00    9.68
02:30:42 PM    8   76.04    0.00   15.62    0.00    0.00    0.00    0.00    0.00    0.00    8.33
02:30:42 PM    9   71.13    0.00   19.59    0.00    0.00    0.00    0.00    0.00    0.00    9.28
02:30:42 PM   10   72.92    0.00   17.71    0.00    0.00    0.00    0.00    0.00    0.00    9.38
02:30:42 PM   11   73.20    0.00   16.49    0.00    0.00    0.00    0.00    0.00    0.00   10.31
02:30:42 PM   12   75.00    0.00   16.67    0.00    0.00    0.00    0.00    0.00    0.00    8.33
02:30:42 PM   13   71.43    0.00   19.39    0.00    0.00    0.00    0.00    0.00    0.00    9.18
02:30:42 PM   14   73.96    0.00   16.67    0.00    0.00    0.00    0.00    0.00    0.00    9.38
02:30:42 PM   15   71.58    0.00   20.00    0.00    0.00    0.00    0.00    0.00    0.00    8.42
02:30:42 PM   16   70.83    0.00   18.75    0.00    0.00    0.00    0.00    0.00    0.00   10.42
02:30:42 PM   17   72.16    0.00   17.53    0.00    0.00    0.00    0.00    0.00    0.00   10.31
02:30:42 PM   18   74.23    0.00   16.49    0.00    0.00    0.00    0.00    0.00    0.00    9.28
02:30:42 PM   19   73.47    0.00   17.35    0.00    0.00    0.00    0.00    0.00    0.00    9.18
02:30:42 PM   20   75.00    0.00   17.71    0.00    0.00    0.00    0.00    0.00    0.00    7.29
02:30:42 PM   21   75.79    0.00   16.84    0.00    0.00    0.00    0.00    0.00    0.00    7.37
02:30:42 PM   22   73.96    0.00   17.71    0.00    0.00    0.00    0.00    0.00    0.00    8.33
02:30:42 PM   23   75.26    0.00   16.49    0.00    0.00    0.00    0.00    0.00    0.00    8.25
02:30:42 PM   24   73.40    0.00   18.09    0.00    0.00    0.00    0.00    0.00    0.00    8.51
02:30:42 PM   25   71.88    0.00   19.79    0.00    0.00    0.00    0.00    0.00    0.00    8.33
02:30:42 PM   26   73.47    0.00   18.37    0.00    0.00    0.00    0.00    0.00    0.00    8.16
02:30:42 PM   27   74.49    0.00   16.33    1.02    0.00    0.00    0.00    0.00    0.00    8.16
02:30:42 PM   28   73.96    0.00   17.71    0.00    0.00    0.00    0.00    0.00    0.00    8.33
02:30:42 PM   29   72.63    0.00   18.95    0.00    0.00    0.00    0.00    0.00    0.00    8.42
02:30:42 PM   30   73.68    0.00   16.84    1.05    0.00    0.00    0.00    0.00    0.00    8.42
02:30:42 PM   31   73.68    0.00   17.89    0.00    0.00    0.00    0.00    0.00    0.00    8.42
02:30:42 PM   32   72.63    0.00   17.89    1.05    0.00    0.00    0.00    0.00    0.00    8.42
02:30:42 PM   33   73.96    0.00   17.71    0.00    0.00    0.00    0.00    0.00    0.00    8.33
02:30:42 PM   34   75.76    0.00   16.16    1.01    0.00    0.00    0.00    0.00    0.00    7.07
02:30:42 PM   35   73.20    0.00   18.56    1.03    0.00    0.00    0.00    0.00    0.00    7.22
02:30:42 PM   36   72.92    0.00   18.75    0.00    0.00    0.00    0.00    0.00    0.00    8.33
02:30:42 PM   37   75.00    0.00   16.67    0.00    0.00    0.00    0.00    0.00    0.00    8.33
02:30:42 PM   38   72.92    0.00   18.75    0.00    0.00    0.00    0.00    0.00    0.00    8.33
02:30:42 PM   39   73.40    0.00   19.15    0.00    0.00    0.00    0.00    0.00    0.00    7.45
02:30:42 PM   40   72.63    0.00   17.89    0.00    0.00    0.00    0.00    0.00    0.00    9.47
02:30:42 PM   41   74.74    0.00   15.79    0.00    0.00    0.00    0.00    0.00    0.00    9.47
02:30:42 PM   42   71.13    0.00   19.59    0.00    0.00    0.00    0.00    0.00    0.00    9.28
02:30:42 PM   43   72.16    0.00   18.56    0.00    0.00    0.00    0.00    0.00    0.00    9.28
02:30:42 PM   44   74.23    0.00   16.49    0.00    0.00    0.00    0.00    0.00    0.00    9.28
02:30:42 PM   45   73.68    0.00   16.84    0.00    0.00    0.00    0.00    0.00    0.00    9.47
02:30:42 PM   46   71.88    0.00   17.71    1.04    0.00    0.00    0.00    0.00    0.00    9.38
02:30:42 PM   47   74.47    0.00   15.96    0.00    0.00    0.00    0.00    0.00    0.00    9.57
02:30:42 PM   48   72.92    0.00   17.71    0.00    0.00    0.00    0.00    0.00    0.00    9.38
02:30:42 PM   49   70.53    0.00   20.00    0.00    0.00    0.00    0.00    0.00    0.00    9.47
02:30:42 PM   50   72.34    0.00   18.09    1.06    0.00    0.00    0.00    0.00    0.00    8.51
02:30:42 PM   51   72.92    0.00   17.71    0.00    0.00    0.00    0.00    0.00    0.00    9.38
02:30:42 PM   52   71.58    0.00   20.00    0.00    0.00    0.00    0.00    0.00    0.00    8.42
02:30:42 PM   53   72.63    0.00   17.89    0.00    0.00    0.00    0.00    0.00    0.00    9.47
02:30:42 PM   54   72.63    0.00   18.95    0.00    0.00    0.00    0.00    0.00    0.00    8.42
02:30:42 PM   55   71.58    0.00   18.95    0.00    0.00    0.00    0.00    0.00    0.00    9.47
02:30:42 PM   56   72.45    0.00   17.35    0.00    0.00    0.00    0.00    0.00    0.00   10.20
02:30:42 PM   57   73.96    0.00   17.71    0.00    0.00    0.00    0.00    0.00    0.00    8.33
02:30:42 PM   58   72.16    0.00   17.53    0.00    0.00    0.00    0.00    0.00    0.00   10.31
02:30:42 PM   59   72.92    0.00   17.71    0.00    0.00    0.00    0.00    0.00    0.00    9.38
02:30:42 PM   60   72.63    0.00   20.00    0.00    0.00    0.00    0.00    0.00    0.00    7.37
02:30:42 PM   61   71.88    0.00   20.83    0.00    0.00    0.00    0.00    0.00    0.00    7.29
02:30:42 PM   62   71.13    0.00   19.59    1.03    0.00    0.00    0.00    0.00    0.00    8.25
02:30:42 PM   63   72.92    0.00   18.75    0.00    0.00    0.00    0.00    0.00    0.00    8.33
02:30:42 PM   64   72.92    0.00   18.75    0.00    0.00    0.00    0.00    0.00    0.00    8.33
02:30:42 PM   65   73.68    0.00   18.95    0.00    0.00    0.00    0.00    0.00    0.00    7.37
02:30:42 PM   66   73.96    0.00   16.67    1.04    0.00    0.00    0.00    0.00    0.00    8.33
02:30:42 PM   67   71.88    0.00   20.83    0.00    0.00    0.00    0.00    0.00    0.00    7.29
02:30:42 PM   68   74.49    0.00   17.35    0.00    0.00    0.00    0.00    0.00    0.00    8.16
02:30:42 PM   69   71.13    0.00   19.59    0.00    0.00    0.00    0.00    0.00    0.00    9.28
02:30:42 PM   70   74.74    0.00   17.89    0.00    0.00    0.00    0.00    0.00    0.00    7.37
02:30:42 PM   71   73.96    0.00   17.71    0.00    0.00    0.00    0.00    0.00    0.00    8.33
02:30:42 PM   72   73.68    0.00   17.89    0.00    0.00    0.00    0.00    0.00    0.00    8.42
02:30:42 PM   73   73.96    0.00   17.71    0.00    0.00    0.00    0.00    0.00    0.00    8.33
02:30:42 PM   74   73.20    0.00   18.56    0.00    0.00    0.00    0.00    0.00    0.00    8.25
02:30:42 PM   75   76.29    0.00   18.56    0.00    0.00    0.00    0.00    0.00    0.00    5.15
02:30:42 PM   76   72.92    0.00   18.75    0.00    0.00    0.00    0.00    0.00    0.00    8.33
02:30:42 PM   77   73.68    0.00   17.89    0.00    0.00    0.00    0.00    0.00    0.00    8.42
02:30:42 PM   78   72.92    0.00   18.75    1.04    0.00    0.00    0.00    0.00    0.00    7.29
02:30:42 PM   79   72.63    0.00   20.00    0.00    0.00    0.00    0.00    0.00    0.00    7.37

02:30:51 PM  CPU    %usr   %nice    %sys %iowait    %irq   %soft  %steal  %guest  %gnice   %idle
02:30:52 PM  all   74.50    0.00   18.39    0.14    0.00    0.01    0.00    0.00    0.00    6.96
02:30:52 PM    0   74.23    0.00   17.53    0.00    0.00    0.00    0.00    0.00    0.00    8.25
02:30:52 PM    1   76.04    0.00   15.62    0.00    0.00    0.00    0.00    0.00    0.00    8.33
02:30:52 PM    2   73.68    0.00   17.89    0.00    0.00    0.00    0.00    0.00    0.00    8.42
02:30:52 PM    3   73.96    0.00   18.75    0.00    0.00    0.00    0.00    0.00    0.00    7.29
02:30:52 PM    4   75.00    0.00   17.71    0.00    0.00    0.00    0.00    0.00    0.00    7.29
02:30:52 PM    5   76.84    0.00   16.84    0.00    0.00    0.00    0.00    0.00    0.00    6.32
02:30:52 PM    6   73.96    0.00   18.75    0.00    0.00    0.00    0.00    0.00    0.00    7.29
02:30:52 PM    7   73.68    0.00   17.89    0.00    0.00    0.00    0.00    0.00    0.00    8.42
02:30:52 PM    8   71.58    0.00   20.00    0.00    0.00    0.00    0.00    0.00    0.00    8.42
02:30:52 PM    9   71.43    0.00   21.43    0.00    0.00    0.00    0.00    0.00    0.00    7.14
02:30:52 PM   10   75.79    0.00   16.84    0.00    0.00    0.00    0.00    0.00    0.00    7.37
02:30:52 PM   11   73.68    0.00   18.95    0.00    0.00    0.00    0.00    0.00    0.00    7.37
02:30:52 PM   12   71.28    0.00   20.21    0.00    0.00    0.00    0.00    0.00    0.00    8.51
02:30:52 PM   13   75.00    0.00   17.71    0.00    0.00    0.00    0.00    0.00    0.00    7.29
02:30:52 PM   14   76.60    0.00   15.96    0.00    0.00    0.00    0.00    0.00    0.00    7.45
02:30:52 PM   15   70.53    0.00   22.11    0.00    0.00    0.00    0.00    0.00    0.00    7.37
02:30:52 PM   16   74.47    0.00   18.09    0.00    0.00    0.00    0.00    0.00    0.00    7.45
02:30:52 PM   17   73.96    0.00   18.75    0.00    0.00    0.00    0.00    0.00    0.00    7.29
02:30:52 PM   18   75.00    0.00   17.71    0.00    0.00    0.00    0.00    0.00    0.00    7.29
02:30:52 PM   19   73.68    0.00   18.95    0.00    0.00    0.00    0.00    0.00    0.00    7.37
02:30:52 PM   20   76.29    0.00   17.53    0.00    0.00    0.00    0.00    0.00    0.00    6.19
02:30:52 PM   21   71.58    0.00   22.11    0.00    0.00    0.00    0.00    0.00    0.00    6.32
02:30:52 PM   22   76.60    0.00   17.02    0.00    0.00    0.00    0.00    0.00    0.00    6.38
02:30:52 PM   23   73.96    0.00   18.75    1.04    0.00    0.00    0.00    0.00    0.00    6.25
02:30:52 PM   24   73.68    0.00   20.00    0.00    0.00    0.00    0.00    0.00    0.00    6.32
02:30:52 PM   25   75.53    0.00   18.09    0.00    0.00    0.00    0.00    0.00    0.00    6.38
02:30:52 PM   26   72.92    0.00   19.79    1.04    0.00    0.00    0.00    0.00    0.00    6.25
02:30:52 PM   27   76.04    0.00   17.71    0.00    0.00    0.00    0.00    0.00    0.00    6.25
02:30:52 PM   28   74.47    0.00   19.15    0.00    0.00    0.00    0.00    0.00    0.00    6.38
02:30:52 PM   29   72.92    0.00   19.79    0.00    0.00    0.00    0.00    0.00    0.00    7.29
02:30:52 PM   30   75.53    0.00   18.09    0.00    0.00    0.00    0.00    0.00    0.00    6.38
02:30:52 PM   31   77.89    0.00   16.84    0.00    0.00    0.00    0.00    0.00    0.00    5.26
02:30:52 PM   32   74.47    0.00   18.09    0.00    0.00    0.00    0.00    0.00    0.00    7.45
02:30:52 PM   33   75.00    0.00   17.71    1.04    0.00    0.00    0.00    0.00    0.00    6.25
02:30:52 PM   34   74.74    0.00   18.95    0.00    0.00    0.00    0.00    0.00    0.00    6.32
02:30:52 PM   35   74.74    0.00   17.89    1.05    0.00    0.00    0.00    0.00    0.00    6.32
02:30:52 PM   36   74.47    0.00   18.09    1.06    0.00    0.00    0.00    0.00    0.00    6.38
02:30:52 PM   37   77.32    0.00   15.46    0.00    0.00    0.00    0.00    0.00    0.00    7.22
02:30:52 PM   38   73.96    0.00   18.75    0.00    0.00    0.00    0.00    0.00    0.00    7.29
02:30:52 PM   39   76.29    0.00   16.49    0.00    0.00    0.00    0.00    0.00    0.00    7.22
02:30:52 PM   40   73.68    0.00   17.89    1.05    0.00    0.00    0.00    0.00    0.00    7.37
02:30:52 PM   41   74.74    0.00   18.95    0.00    0.00    0.00    0.00    0.00    0.00    6.32
02:30:52 PM   42   72.34    0.00   20.21    0.00    0.00    0.00    0.00    0.00    0.00    7.45
02:30:52 PM   43   71.88    0.00   20.83    0.00    0.00    0.00    0.00    0.00    0.00    7.29
02:30:52 PM   44   74.23    0.00   19.59    0.00    0.00    0.00    0.00    0.00    0.00    6.19
02:30:52 PM   45   73.68    0.00   18.95    0.00    0.00    0.00    0.00    0.00    0.00    7.37
02:30:52 PM   46   74.23    0.00   17.53    0.00    0.00    0.00    0.00    0.00    0.00    8.25
02:30:52 PM   47   75.26    0.00   16.49    1.03    0.00    0.00    0.00    0.00    0.00    7.22
02:30:52 PM   48   72.92    0.00   19.79    0.00    0.00    0.00    0.00    0.00    0.00    7.29
02:30:52 PM   49   73.96    0.00   19.79    0.00    0.00    0.00    0.00    0.00    0.00    6.25
02:30:52 PM   50   75.79    0.00   17.89    0.00    0.00    0.00    0.00    0.00    0.00    6.32
02:30:52 PM   51   75.79    0.00   16.84    0.00    0.00    0.00    0.00    0.00    0.00    7.37
02:30:52 PM   52   75.00    0.00   17.71    0.00    0.00    0.00    0.00    0.00    0.00    7.29
02:30:52 PM   53   77.08    0.00   14.58    0.00    0.00    1.04    0.00    0.00    0.00    7.29
02:30:52 PM   54   73.20    0.00   18.56    1.03    0.00    0.00    0.00    0.00    0.00    7.22
02:30:52 PM   55   74.74    0.00   17.89    0.00    0.00    0.00    0.00    0.00    0.00    7.37
02:30:52 PM   56   77.66    0.00   15.96    0.00    0.00    0.00    0.00    0.00    0.00    6.38
02:30:52 PM   57   76.84    0.00   15.79    0.00    0.00    0.00    0.00    0.00    0.00    7.37
02:30:52 PM   58   73.68    0.00   18.95    0.00    0.00    0.00    0.00    0.00    0.00    7.37
02:30:52 PM   59   74.23    0.00   18.56    0.00    0.00    0.00    0.00    0.00    0.00    7.22
02:30:52 PM   60   75.53    0.00   18.09    0.00    0.00    0.00    0.00    0.00    0.00    6.38
02:30:52 PM   61   73.68    0.00   20.00    0.00    0.00    0.00    0.00    0.00    0.00    6.32
02:30:52 PM   62   74.74    0.00   18.95    0.00    0.00    0.00    0.00    0.00    0.00    6.32
02:30:52 PM   63   75.00    0.00   18.75    0.00    0.00    0.00    0.00    0.00    0.00    6.25
02:30:52 PM   64   73.96    0.00   18.75    0.00    0.00    0.00    0.00    0.00    0.00    7.29
02:30:52 PM   65   74.19    0.00   18.28    0.00    0.00    0.00    0.00    0.00    0.00    7.53
02:30:52 PM   66   74.74    0.00   18.95    0.00    0.00    0.00    0.00    0.00    0.00    6.32
02:30:52 PM   67   75.00    0.00   18.48    0.00    0.00    0.00    0.00    0.00    0.00    6.52
02:30:52 PM   68   73.96    0.00   19.79    0.00    0.00    0.00    0.00    0.00    0.00    6.25
02:30:52 PM   69   72.92    0.00   18.75    1.04    0.00    0.00    0.00    0.00    0.00    7.29
02:30:52 PM   70   74.47    0.00   19.15    0.00    0.00    0.00    0.00    0.00    0.00    6.38
02:30:52 PM   71   77.89    0.00   16.84    0.00    0.00    0.00    0.00    0.00    0.00    5.26
02:30:52 PM   72   77.08    0.00   16.67    0.00    0.00    0.00    0.00    0.00    0.00    6.25
02:30:52 PM   73   72.92    0.00   20.83    0.00    0.00    0.00    0.00    0.00    0.00    6.25
02:30:52 PM   74   75.53    0.00   18.09    0.00    0.00    0.00    0.00    0.00    0.00    6.38
02:30:52 PM   75   71.13    0.00   20.62    1.03    0.00    0.00    0.00    0.00    0.00    7.22
02:30:52 PM   76   75.27    0.00   18.28    0.00    0.00    0.00    0.00    0.00    0.00    6.45
02:30:52 PM   77   74.23    0.00   17.53    0.00    0.00    0.00    0.00    0.00    0.00    8.25
02:30:52 PM   78   76.60    0.00   17.02    0.00    0.00    0.00    0.00    0.00    0.00    6.38
02:30:52 PM   79   71.43    0.00   20.41    1.02    0.00    0.00    0.00    0.00    0.00    7.14

02:31:01 PM  CPU    %usr   %nice    %sys %iowait    %irq   %soft  %steal  %guest  %gnice   %idle
02:31:02 PM  all   72.75    0.00   18.63    0.16    0.00    0.00    0.00    0.00    0.00    8.46
02:31:02 PM    0   74.74    0.00   16.84    0.00    0.00    0.00    0.00    0.00    0.00    8.42
02:31:02 PM    1   73.20    0.00   17.53    1.03    0.00    0.00    0.00    0.00    0.00    8.25
02:31:02 PM    2   72.92    0.00   17.71    1.04    0.00    0.00    0.00    0.00    0.00    8.33
02:31:02 PM    3   74.19    0.00   17.20    0.00    0.00    0.00    0.00    0.00    0.00    8.60
02:31:02 PM    4   71.28    0.00   19.15    0.00    0.00    0.00    0.00    0.00    0.00    9.57
02:31:02 PM    5   70.41    0.00   20.41    0.00    0.00    0.00    0.00    0.00    0.00    9.18
02:31:02 PM    6   72.63    0.00   17.89    0.00    0.00    0.00    0.00    0.00    0.00    9.47
02:31:02 PM    7   75.27    0.00   15.05    0.00    0.00    0.00    0.00    0.00    0.00    9.68
02:31:02 PM    8   74.74    0.00   16.84    0.00    0.00    0.00    0.00    0.00    0.00    8.42
02:31:02 PM    9   74.47    0.00   17.02    0.00    0.00    0.00    0.00    0.00    0.00    8.51
02:31:02 PM   10   76.84    0.00   13.68    0.00    0.00    0.00    0.00    0.00    0.00    9.47
02:31:02 PM   11   73.68    0.00   16.84    0.00    0.00    0.00    0.00    0.00    0.00    9.47
02:31:02 PM   12   72.34    0.00   19.15    0.00    0.00    0.00    0.00    0.00    0.00    8.51
02:31:02 PM   13   72.63    0.00   20.00    0.00    0.00    0.00    0.00    0.00    0.00    7.37
02:31:02 PM   14   72.63    0.00   18.95    0.00    0.00    0.00    0.00    0.00    0.00    8.42
02:31:02 PM   15   70.83    0.00   19.79    0.00    0.00    0.00    0.00    0.00    0.00    9.38
02:31:02 PM   16   71.88    0.00   18.75    0.00    0.00    0.00    0.00    0.00    0.00    9.38
02:31:02 PM   17   71.13    0.00   19.59    1.03    0.00    0.00    0.00    0.00    0.00    8.25
02:31:02 PM   18   71.28    0.00   19.15    0.00    0.00    0.00    0.00    0.00    0.00    9.57
02:31:02 PM   19   72.63    0.00   18.95    0.00    0.00    0.00    0.00    0.00    0.00    8.42
02:31:02 PM   20   73.68    0.00   18.95    0.00    0.00    0.00    0.00    0.00    0.00    7.37
02:31:02 PM   21   72.16    0.00   18.56    1.03    0.00    0.00    0.00    0.00    0.00    8.25
02:31:02 PM   22   78.95    0.00   14.74    0.00    0.00    0.00    0.00    0.00    0.00    6.32
02:31:02 PM   23   74.47    0.00   17.02    0.00    0.00    0.00    0.00    0.00    0.00    8.51
02:31:02 PM   24   75.27    0.00   17.20    0.00    0.00    0.00    0.00    0.00    0.00    7.53
02:31:02 PM   25   74.47    0.00   18.09    0.00    0.00    0.00    0.00    0.00    0.00    7.45
02:31:02 PM   26   69.39    0.00   21.43    0.00    0.00    0.00    0.00    0.00    0.00    9.18
02:31:02 PM   27   73.40    0.00   18.09    0.00    0.00    0.00    0.00    0.00    0.00    8.51
02:31:02 PM   28   73.40    0.00   19.15    0.00    0.00    0.00    0.00    0.00    0.00    7.45
02:31:02 PM   29   73.12    0.00   19.35    0.00    0.00    0.00    0.00    0.00    0.00    7.53
02:31:02 PM   30   73.96    0.00   17.71    1.04    0.00    0.00    0.00    0.00    0.00    7.29
02:31:02 PM   31   72.16    0.00   19.59    0.00    0.00    0.00    0.00    0.00    0.00    8.25
02:31:02 PM   32   71.43    0.00   18.37    1.02    0.00    0.00    0.00    0.00    0.00    9.18
02:31:02 PM   33   71.58    0.00   20.00    0.00    0.00    0.00    0.00    0.00    0.00    8.42
02:31:02 PM   34   69.15    0.00   22.34    0.00    0.00    0.00    0.00    0.00    0.00    8.51
02:31:02 PM   35   71.28    0.00   20.21    0.00    0.00    0.00    0.00    0.00    0.00    8.51
02:31:02 PM   36   72.92    0.00   17.71    1.04    0.00    0.00    0.00    0.00    0.00    8.33
02:31:02 PM   37   70.83    0.00   19.79    1.04    0.00    0.00    0.00    0.00    0.00    8.33
02:31:02 PM   38   72.63    0.00   18.95    0.00    0.00    0.00    0.00    0.00    0.00    8.42
02:31:02 PM   39   73.96    0.00   17.71    0.00    0.00    0.00    0.00    0.00    0.00    8.33
02:31:02 PM   40   71.88    0.00   18.75    0.00    0.00    0.00    0.00    0.00    0.00    9.38
02:31:02 PM   41   72.92    0.00   17.71    0.00    0.00    0.00    0.00    0.00    0.00    9.38
02:31:02 PM   42   69.70    0.00   21.21    0.00    0.00    0.00    0.00    0.00    0.00    9.09
02:31:02 PM   43   72.63    0.00   18.95    0.00    0.00    0.00    0.00    0.00    0.00    8.42
02:31:02 PM   44   71.88    0.00   18.75    0.00    0.00    0.00    0.00    0.00    0.00    9.38
02:31:02 PM   45   73.20    0.00   17.53    0.00    0.00    0.00    0.00    0.00    0.00    9.28
02:31:02 PM   46   72.92    0.00   18.75    0.00    0.00    0.00    0.00    0.00    0.00    8.33
02:31:02 PM   47   71.58    0.00   18.95    0.00    0.00    0.00    0.00    0.00    0.00    9.47
02:31:02 PM   48   72.92    0.00   17.71    0.00    0.00    0.00    0.00    0.00    0.00    9.38
02:31:02 PM   49   70.53    0.00   20.00    0.00    0.00    0.00    0.00    0.00    0.00    9.47
02:31:02 PM   50   72.34    0.00   19.15    0.00    0.00    0.00    0.00    0.00    0.00    8.51
02:31:02 PM   51   70.53    0.00   21.05    0.00    0.00    0.00    0.00    0.00    0.00    8.42
02:31:02 PM   52   71.88    0.00   18.75    0.00    0.00    0.00    0.00    0.00    0.00    9.38
02:31:02 PM   53   74.23    0.00   17.53    0.00    0.00    0.00    0.00    0.00    0.00    8.25
02:31:02 PM   54   72.92    0.00   17.71    0.00    0.00    0.00    0.00    0.00    0.00    9.38
02:31:02 PM   55   72.92    0.00   18.75    0.00    0.00    0.00    0.00    0.00    0.00    8.33
02:31:02 PM   56   72.63    0.00   18.95    0.00    0.00    0.00    0.00    0.00    0.00    8.42
02:31:02 PM   57   73.40    0.00   18.09    0.00    0.00    0.00    0.00    0.00    0.00    8.51
02:31:02 PM   58   73.20    0.00   17.53    0.00    0.00    0.00    0.00    0.00    0.00    9.28
02:31:02 PM   59   73.40    0.00   19.15    0.00    0.00    0.00    0.00    0.00    0.00    7.45
02:31:02 PM   60   75.53    0.00   17.02    0.00    0.00    0.00    0.00    0.00    0.00    7.45
02:31:02 PM   61   70.83    0.00   19.79    1.04    0.00    0.00    0.00    0.00    0.00    8.33
02:31:02 PM   62   71.88    0.00   19.79    0.00    0.00    0.00    0.00    0.00    0.00    8.33
02:31:02 PM   63   75.26    0.00   18.56    0.00    0.00    0.00    0.00    0.00    0.00    6.19
02:31:02 PM   64   73.68    0.00   17.89    0.00    0.00    0.00    0.00    0.00    0.00    8.42
02:31:02 PM   65   72.63    0.00   18.95    0.00    0.00    0.00    0.00    0.00    0.00    8.42
02:31:02 PM   66   71.58    0.00   18.95    1.05    0.00    0.00    0.00    0.00    0.00    8.42
02:31:02 PM   67   72.34    0.00   20.21    0.00    0.00    0.00    0.00    0.00    0.00    7.45
02:31:02 PM   68   71.58    0.00   20.00    0.00    0.00    0.00    0.00    0.00    0.00    8.42
02:31:02 PM   69   69.79    0.00   20.83    1.04    0.00    0.00    0.00    0.00    0.00    8.33
02:31:02 PM   70   74.74    0.00   16.84    0.00    0.00    0.00    0.00    0.00    0.00    8.42
02:31:02 PM   71   74.47    0.00   17.02    0.00    0.00    0.00    0.00    0.00    0.00    8.51
02:31:02 PM   72   75.26    0.00   17.53    0.00    0.00    0.00    0.00    0.00    0.00    7.22
02:31:02 PM   73   72.83    0.00   19.57    0.00    0.00    0.00    0.00    0.00    0.00    7.61
02:31:02 PM   74   74.47    0.00   17.02    0.00    0.00    0.00    0.00    0.00    0.00    8.51
02:31:02 PM   75   71.28    0.00   20.21    0.00    0.00    0.00    0.00    0.00    0.00    8.51
02:31:02 PM   76   71.58    0.00   21.05    0.00    0.00    0.00    0.00    0.00    0.00    7.37
02:31:02 PM   77   72.63    0.00   18.95    0.00    0.00    0.00    0.00    0.00    0.00    8.42
02:31:02 PM   78   70.83    0.00   19.79    1.04    0.00    0.00    0.00    0.00    0.00    8.33
02:31:02 PM   79   71.58    0.00   20.00    0.00    0.00    0.00    0.00    0.00    0.00    8.42

02:31:11 PM  CPU    %usr   %nice    %sys %iowait    %irq   %soft  %steal  %guest  %gnice   %idle
02:31:12 PM  all   73.22    0.00   18.67    0.17    0.00    0.00    0.00    0.00    0.00    7.94
02:31:12 PM    0   73.20    0.00   18.56    1.03    0.00    0.00    0.00    0.00    0.00    7.22
02:31:12 PM    1   73.12    0.00   18.28    0.00    0.00    0.00    0.00    0.00    0.00    8.60
02:31:12 PM    2   72.04    0.00   19.35    0.00    0.00    0.00    0.00    0.00    0.00    8.60
02:31:12 PM    3   74.23    0.00   16.49    1.03    0.00    0.00    0.00    0.00    0.00    8.25
02:31:12 PM    4   70.83    0.00   19.79    1.04    0.00    0.00    0.00    0.00    0.00    8.33
02:31:12 PM    5   72.16    0.00   19.59    0.00    0.00    0.00    0.00    0.00    0.00    8.25
02:31:12 PM    6   71.88    0.00   18.75    0.00    0.00    0.00    0.00    0.00    0.00    9.38
02:31:12 PM    7   73.40    0.00   19.15    0.00    0.00    0.00    0.00    0.00    0.00    7.45
02:31:12 PM    8   73.20    0.00   18.56    0.00    0.00    0.00    0.00    0.00    0.00    8.25
02:31:12 PM    9   73.40    0.00   18.09    0.00    0.00    0.00    0.00    0.00    0.00    8.51
02:31:12 PM   10   73.68    0.00   17.89    0.00    0.00    0.00    0.00    0.00    0.00    8.42
02:31:12 PM   11   70.83    0.00   20.83    0.00    0.00    0.00    0.00    0.00    0.00    8.33
02:31:12 PM   12   75.00    0.00   17.71    0.00    0.00    0.00    0.00    0.00    0.00    7.29
02:31:12 PM   13   72.92    0.00   18.75    0.00    0.00    0.00    0.00    0.00    0.00    8.33
02:31:12 PM   14   70.83    0.00   19.79    0.00    0.00    0.00    0.00    0.00    0.00    9.38
02:31:12 PM   15   74.74    0.00   16.84    0.00    0.00    0.00    0.00    0.00    0.00    8.42
02:31:12 PM   16   73.96    0.00   17.71    0.00    0.00    0.00    0.00    0.00    0.00    8.33
02:31:12 PM   17   73.96    0.00   17.71    0.00    0.00    0.00    0.00    0.00    0.00    8.33
02:31:12 PM   18   71.58    0.00   20.00    0.00    0.00    0.00    0.00    0.00    0.00    8.42
02:31:12 PM   19   71.13    0.00   19.59    0.00    0.00    0.00    0.00    0.00    0.00    9.28
02:31:12 PM   20   73.68    0.00   17.89    1.05    0.00    0.00    0.00    0.00    0.00    7.37
02:31:12 PM   21   74.74    0.00   16.84    1.05    0.00    0.00    0.00    0.00    0.00    7.37
02:31:12 PM   22   76.29    0.00   16.49    0.00    0.00    0.00    0.00    0.00    0.00    7.22
02:31:12 PM   23   75.27    0.00   17.20    0.00    0.00    0.00    0.00    0.00    0.00    7.53
02:31:12 PM   24   74.23    0.00   18.56    0.00    0.00    0.00    0.00    0.00    0.00    7.22
02:31:12 PM   25   73.40    0.00   19.15    0.00    0.00    0.00    0.00    0.00    0.00    7.45
02:31:12 PM   26   72.63    0.00   20.00    0.00    0.00    0.00    0.00    0.00    0.00    7.37
02:31:12 PM   27   73.68    0.00   18.95    0.00    0.00    0.00    0.00    0.00    0.00    7.37
02:31:12 PM   28   73.68    0.00   18.95    0.00    0.00    0.00    0.00    0.00    0.00    7.37
02:31:12 PM   29   72.16    0.00   19.59    0.00    0.00    0.00    0.00    0.00    0.00    8.25
02:31:12 PM   30   71.88    0.00   18.75    1.04    0.00    0.00    0.00    0.00    0.00    8.33
02:31:12 PM   31   75.00    0.00   17.71    0.00    0.00    0.00    0.00    0.00    0.00    7.29
02:31:12 PM   32   73.40    0.00   19.15    0.00    0.00    0.00    0.00    0.00    0.00    7.45
02:31:12 PM   33   78.35    0.00   17.53    0.00    0.00    0.00    0.00    0.00    0.00    4.12
02:31:12 PM   34   71.88    0.00   20.83    0.00    0.00    0.00    0.00    0.00    0.00    7.29
02:31:12 PM   35   71.58    0.00   21.05    0.00    0.00    0.00    0.00    0.00    0.00    7.37
02:31:12 PM   36   72.63    0.00   20.00    0.00    0.00    0.00    0.00    0.00    0.00    7.37
02:31:12 PM   37   71.13    0.00   21.65    0.00    0.00    0.00    0.00    0.00    0.00    7.22
02:31:12 PM   38   71.88    0.00   19.79    0.00    0.00    0.00    0.00    0.00    0.00    8.33
02:31:12 PM   39   74.23    0.00   17.53    0.00    0.00    0.00    0.00    0.00    0.00    8.25
02:31:12 PM   40   72.63    0.00   18.95    0.00    0.00    0.00    0.00    0.00    0.00    8.42
02:31:12 PM   41   74.23    0.00   17.53    0.00    0.00    0.00    0.00    0.00    0.00    8.25
02:31:12 PM   42   73.96    0.00   17.71    1.04    0.00    0.00    0.00    0.00    0.00    7.29
02:31:12 PM   43   74.23    0.00   16.49    1.03    0.00    0.00    0.00    0.00    0.00    8.25
02:31:12 PM   44   73.20    0.00   18.56    0.00    0.00    0.00    0.00    0.00    0.00    8.25
02:31:12 PM   45   73.96    0.00   16.67    0.00    0.00    0.00    0.00    0.00    0.00    9.38
02:31:12 PM   46   73.68    0.00   17.89    0.00    0.00    0.00    0.00    0.00    0.00    8.42
02:31:12 PM   47   73.68    0.00   17.89    0.00    0.00    0.00    0.00    0.00    0.00    8.42
02:31:12 PM   48   72.34    0.00   19.15    0.00    0.00    0.00    0.00    0.00    0.00    8.51
02:31:12 PM   49   71.88    0.00   18.75    0.00    0.00    0.00    0.00    0.00    0.00    9.38
02:31:12 PM   50   71.13    0.00   19.59    0.00    0.00    0.00    0.00    0.00    0.00    9.28
02:31:12 PM   51   73.96    0.00   17.71    0.00    0.00    0.00    0.00    0.00    0.00    8.33
02:31:12 PM   52   72.63    0.00   18.95    0.00    0.00    0.00    0.00    0.00    0.00    8.42
02:31:12 PM   53   73.20    0.00   18.56    0.00    0.00    0.00    0.00    0.00    0.00    8.25
02:31:12 PM   54   75.26    0.00   17.53    0.00    0.00    0.00    0.00    0.00    0.00    7.22
02:31:12 PM   55   72.63    0.00   18.95    0.00    0.00    0.00    0.00    0.00    0.00    8.42
02:31:12 PM   56   73.96    0.00   17.71    0.00    0.00    0.00    0.00    0.00    0.00    8.33
02:31:12 PM   57   72.92    0.00   18.75    0.00    0.00    0.00    0.00    0.00    0.00    8.33
02:31:12 PM   58   72.16    0.00   18.56    1.03    0.00    0.00    0.00    0.00    0.00    8.25
02:31:12 PM   59   73.68    0.00   17.89    0.00    0.00    0.00    0.00    0.00    0.00    8.42
02:31:12 PM   60   76.29    0.00   16.49    0.00    0.00    0.00    0.00    0.00    0.00    7.22
02:31:12 PM   61   73.40    0.00   19.15    0.00    0.00    0.00    0.00    0.00    0.00    7.45
02:31:12 PM   62   71.58    0.00   20.00    0.00    0.00    0.00    0.00    0.00    0.00    8.42
02:31:12 PM   63   73.68    0.00   18.95    0.00    0.00    0.00    0.00    0.00    0.00    7.37
02:31:12 PM   64   74.49    0.00   18.37    0.00    0.00    0.00    0.00    0.00    0.00    7.14
02:31:12 PM   65   75.00    0.00   17.71    0.00    0.00    0.00    0.00    0.00    0.00    7.29
02:31:12 PM   66   74.47    0.00   18.09    0.00    0.00    0.00    0.00    0.00    0.00    7.45
02:31:12 PM   67   71.28    0.00   21.28    0.00    0.00    0.00    0.00    0.00    0.00    7.45
02:31:12 PM   68   71.43    0.00   20.41    0.00    0.00    0.00    0.00    0.00    0.00    8.16
02:31:12 PM   69   73.40    0.00   19.15    0.00    0.00    0.00    0.00    0.00    0.00    7.45
02:31:12 PM   70   72.63    0.00   20.00    0.00    0.00    0.00    0.00    0.00    0.00    7.37
02:31:12 PM   71   74.23    0.00   17.53    1.03    0.00    0.00    0.00    0.00    0.00    7.22
02:31:12 PM   72   72.63    0.00   20.00    0.00    0.00    0.00    0.00    0.00    0.00    7.37
02:31:12 PM   73   72.16    0.00   19.59    0.00    0.00    0.00    0.00    0.00    0.00    8.25
02:31:12 PM   74   72.63    0.00   17.89    1.05    0.00    0.00    0.00    0.00    0.00    8.42
02:31:12 PM   75   75.00    0.00   17.71    0.00    0.00    0.00    0.00    0.00    0.00    7.29
02:31:12 PM   76   72.16    0.00   19.59    1.03    0.00    0.00    0.00    0.00    0.00    7.22
02:31:12 PM   77   71.13    0.00   19.59    1.03    0.00    0.00    0.00    0.00    0.00    8.25
02:31:12 PM   78   71.88    0.00   20.83    0.00    0.00    0.00    0.00    0.00    0.00    7.29
02:31:12 PM   79   75.00    0.00   16.67    0.00    0.00    0.00    0.00    0.00    0.00    8.33

02:31:21 PM  CPU    %usr   %nice    %sys %iowait    %irq   %soft  %steal  %guest  %gnice   %idle
02:31:22 PM  all   73.31    0.00   18.81    0.18    0.00    0.00    0.00    0.00    0.00    7.70
02:31:22 PM    0   76.60    0.00   15.96    0.00    0.00    0.00    0.00    0.00    0.00    7.45
02:31:22 PM    1   73.12    0.00   18.28    0.00    0.00    0.00    0.00    0.00    0.00    8.60
02:31:22 PM    2   73.68    0.00   16.84    1.05    0.00    0.00    0.00    0.00    0.00    8.42
02:31:22 PM    3   74.47    0.00   17.02    0.00    0.00    0.00    0.00    0.00    0.00    8.51
02:31:22 PM    4   73.96    0.00   16.67    1.04    0.00    0.00    0.00    0.00    0.00    8.33
02:31:22 PM    5   70.83    0.00   20.83    0.00    0.00    0.00    0.00    0.00    0.00    8.33
02:31:22 PM    6   71.88    0.00   19.79    0.00    0.00    0.00    0.00    0.00    0.00    8.33
02:31:22 PM    7   75.00    0.00   17.71    0.00    0.00    0.00    0.00    0.00    0.00    7.29
02:31:22 PM    8   73.68    0.00   17.89    0.00    0.00    0.00    0.00    0.00    0.00    8.42
02:31:22 PM    9   72.16    0.00   19.59    0.00    0.00    0.00    0.00    0.00    0.00    8.25
02:31:22 PM   10   70.10    0.00   21.65    0.00    0.00    0.00    0.00    0.00    0.00    8.25
02:31:22 PM   11   71.58    0.00   20.00    0.00    0.00    0.00    0.00    0.00    0.00    8.42
02:31:22 PM   12   71.88    0.00   19.79    0.00    0.00    0.00    0.00    0.00    0.00    8.33
02:31:22 PM   13   73.68    0.00   17.89    0.00    0.00    0.00    0.00    0.00    0.00    8.42
02:31:22 PM   14   69.39    0.00   21.43    1.02    0.00    0.00    0.00    0.00    0.00    8.16
02:31:22 PM   15   73.12    0.00   18.28    0.00    0.00    0.00    0.00    0.00    0.00    8.60
02:31:22 PM   16   73.40    0.00   18.09    0.00    0.00    0.00    0.00    0.00    0.00    8.51
02:31:22 PM   17   73.12    0.00   19.35    0.00    0.00    0.00    0.00    0.00    0.00    7.53
02:31:22 PM   18   73.68    0.00   17.89    1.05    0.00    0.00    0.00    0.00    0.00    7.37
02:31:22 PM   19   73.40    0.00   18.09    0.00    0.00    0.00    0.00    0.00    0.00    8.51
02:31:22 PM   20   73.96    0.00   18.75    0.00    0.00    0.00    0.00    0.00    0.00    7.29
02:31:22 PM   21   73.96    0.00   18.75    0.00    0.00    0.00    0.00    0.00    0.00    7.29
02:31:22 PM   22   73.96    0.00   17.71    0.00    0.00    0.00    0.00    0.00    0.00    8.33
02:31:22 PM   23   73.96    0.00   18.75    0.00    0.00    0.00    0.00    0.00    0.00    7.29
02:31:22 PM   24   76.04    0.00   16.67    0.00    0.00    0.00    0.00    0.00    0.00    7.29
02:31:22 PM   25   73.96    0.00   18.75    0.00    0.00    0.00    0.00    0.00    0.00    7.29
02:31:22 PM   26   74.74    0.00   17.89    0.00    0.00    0.00    0.00    0.00    0.00    7.37
02:31:22 PM   27   73.96    0.00   18.75    0.00    0.00    0.00    0.00    0.00    0.00    7.29
02:31:22 PM   28   75.79    0.00   18.95    0.00    0.00    0.00    0.00    0.00    0.00    5.26
02:31:22 PM   29   72.92    0.00   18.75    0.00    0.00    0.00    0.00    0.00    0.00    8.33
02:31:22 PM   30   72.63    0.00   20.00    0.00    0.00    0.00    0.00    0.00    0.00    7.37
02:31:22 PM   31   72.92    0.00   19.79    0.00    0.00    0.00    0.00    0.00    0.00    7.29
02:31:22 PM   32   74.47    0.00   18.09    0.00    0.00    0.00    0.00    0.00    0.00    7.45
02:31:22 PM   33   73.20    0.00   18.56    1.03    0.00    0.00    0.00    0.00    0.00    7.22
02:31:22 PM   34   75.00    0.00   18.75    0.00    0.00    0.00    0.00    0.00    0.00    6.25
02:31:22 PM   35   68.75    0.00   23.96    0.00    0.00    0.00    0.00    0.00    0.00    7.29
02:31:22 PM   36   70.10    0.00   21.65    0.00    0.00    0.00    0.00    0.00    0.00    8.25
02:31:22 PM   37   69.79    0.00   20.83    1.04    0.00    0.00    0.00    0.00    0.00    8.33
02:31:22 PM   38   74.49    0.00   20.41    1.02    0.00    0.00    0.00    0.00    0.00    4.08
02:31:22 PM   39   73.47    0.00   19.39    0.00    0.00    0.00    0.00    0.00    0.00    7.14
02:31:22 PM   40   73.96    0.00   17.71    0.00    0.00    0.00    0.00    0.00    0.00    8.33
02:31:22 PM   41   73.40    0.00   18.09    1.06    0.00    0.00    0.00    0.00    0.00    7.45
02:31:22 PM   42   75.00    0.00   17.71    0.00    0.00    0.00    0.00    0.00    0.00    7.29
02:31:22 PM   43   72.34    0.00   18.09    1.06    0.00    0.00    0.00    0.00    0.00    8.51
02:31:22 PM   44   75.00    0.00   15.62    1.04    0.00    0.00    0.00    0.00    0.00    8.33
02:31:22 PM   45   71.58    0.00   20.00    0.00    0.00    0.00    0.00    0.00    0.00    8.42
02:31:22 PM   46   75.26    0.00   16.49    0.00    0.00    0.00    0.00    0.00    0.00    8.25
02:31:22 PM   47   74.74    0.00   16.84    0.00    0.00    0.00    0.00    0.00    0.00    8.42
02:31:22 PM   48   76.04    0.00   17.71    0.00    0.00    0.00    0.00    0.00    0.00    6.25
02:31:22 PM   49   73.68    0.00   17.89    0.00    0.00    0.00    0.00    0.00    0.00    8.42
02:31:22 PM   50   72.63    0.00   18.95    0.00    0.00    0.00    0.00    0.00    0.00    8.42
02:31:22 PM   51   71.88    0.00   18.75    0.00    0.00    0.00    0.00    0.00    0.00    9.38
02:31:22 PM   52   71.28    0.00   20.21    0.00    0.00    0.00    0.00    0.00    0.00    8.51
02:31:22 PM   53   76.04    0.00   15.62    0.00    0.00    0.00    0.00    0.00    0.00    8.33
02:31:22 PM   54   74.74    0.00   16.84    0.00    0.00    0.00    0.00    0.00    0.00    8.42
02:31:22 PM   55   72.63    0.00   18.95    0.00    0.00    0.00    0.00    0.00    0.00    8.42
02:31:22 PM   56   73.12    0.00   18.28    0.00    0.00    0.00    0.00    0.00    0.00    8.60
02:31:22 PM   57   70.97    0.00   21.51    0.00    0.00    0.00    0.00    0.00    0.00    7.53
02:31:22 PM   58   71.13    0.00   19.59    1.03    0.00    0.00    0.00    0.00    0.00    8.25
02:31:22 PM   59   71.88    0.00   19.79    0.00    0.00    0.00    0.00    0.00    0.00    8.33
02:31:22 PM   60   74.23    0.00   18.56    1.03    0.00    0.00    0.00    0.00    0.00    6.19
02:31:22 PM   61   74.74    0.00   17.89    0.00    0.00    0.00    0.00    0.00    0.00    7.37
02:31:22 PM   62   75.00    0.00   17.71    0.00    0.00    0.00    0.00    0.00    0.00    7.29
02:31:22 PM   63   71.88    0.00   19.79    0.00    0.00    0.00    0.00    0.00    0.00    8.33
02:31:22 PM   64   73.68    0.00   18.95    0.00    0.00    0.00    0.00    0.00    0.00    7.37
02:31:22 PM   65   71.88    0.00   20.83    0.00    0.00    0.00    0.00    0.00    0.00    7.29
02:31:22 PM   66   75.53    0.00   17.02    0.00    0.00    0.00    0.00    0.00    0.00    7.45
02:31:22 PM   67   75.00    0.00   16.67    0.00    0.00    0.00    0.00    0.00    0.00    8.33
02:31:22 PM   68   73.40    0.00   19.15    0.00    0.00    0.00    0.00    0.00    0.00    7.45
02:31:22 PM   69   71.13    0.00   20.62    1.03    0.00    0.00    0.00    0.00    0.00    7.22
02:31:22 PM   70   76.84    0.00   16.84    0.00    0.00    0.00    0.00    0.00    0.00    6.32
02:31:22 PM   71   75.53    0.00   18.09    0.00    0.00    0.00    0.00    0.00    0.00    6.38
02:31:22 PM   72   72.34    0.00   21.28    0.00    0.00    0.00    0.00    0.00    0.00    6.38
02:31:22 PM   73   71.28    0.00   20.21    0.00    0.00    0.00    0.00    0.00    0.00    8.51
02:31:22 PM   74   71.88    0.00   20.83    1.04    0.00    0.00    0.00    0.00    0.00    6.25
02:31:22 PM   75   71.58    0.00   21.05    0.00    0.00    0.00    0.00    0.00    0.00    7.37
02:31:22 PM   76   74.74    0.00   17.89    0.00    0.00    0.00    0.00    0.00    0.00    7.37
02:31:22 PM   77   72.16    0.00   19.59    0.00    0.00    0.00    0.00    0.00    0.00    8.25
02:31:22 PM   78   72.92    0.00   19.79    0.00    0.00    0.00    0.00    0.00    0.00    7.29
02:31:22 PM   79   75.00    0.00   18.75    0.00    0.00    0.00    0.00    0.00    0.00    6.25

02:31:31 PM  CPU    %usr   %nice    %sys %iowait    %irq   %soft  %steal  %guest  %gnice   %idle
02:31:32 PM  all   73.37    0.00   18.55    0.14    0.00    0.00    0.00    0.00    0.00    7.93
02:31:32 PM    0   73.68    0.00   17.89    0.00    0.00    0.00    0.00    0.00    0.00    8.42
02:31:32 PM    1   70.21    0.00   21.28    0.00    0.00    0.00    0.00    0.00    0.00    8.51
02:31:32 PM    2   75.53    0.00   15.96    0.00    0.00    0.00    0.00    0.00    0.00    8.51
02:31:32 PM    3   70.83    0.00   20.83    0.00    0.00    0.00    0.00    0.00    0.00    8.33
02:31:32 PM    4   74.49    0.00   17.35    0.00    0.00    0.00    0.00    0.00    0.00    8.16
02:31:32 PM    5   73.20    0.00   17.53    0.00    0.00    0.00    0.00    0.00    0.00    9.28
02:31:32 PM    6   70.83    0.00   19.79    0.00    0.00    0.00    0.00    0.00    0.00    9.38
02:31:32 PM    7   75.53    0.00   14.89    0.00    0.00    0.00    0.00    0.00    0.00    9.57
02:31:32 PM    8   73.20    0.00   18.56    0.00    0.00    0.00    0.00    0.00    0.00    8.25
02:31:32 PM    9   73.96    0.00   17.71    0.00    0.00    0.00    0.00    0.00    0.00    8.33
02:31:32 PM   10   74.74    0.00   16.84    0.00    0.00    0.00    0.00    0.00    0.00    8.42
02:31:32 PM   11   71.58    0.00   20.00    0.00    0.00    0.00    0.00    0.00    0.00    8.42
02:31:32 PM   12   70.83    0.00   19.79    0.00    0.00    0.00    0.00    0.00    0.00    9.38
02:31:32 PM   13   72.92    0.00   16.67    0.00    0.00    0.00    0.00    0.00    0.00   10.42
02:31:32 PM   14   71.88    0.00   19.79    0.00    0.00    0.00    0.00    0.00    0.00    8.33
02:31:32 PM   15   75.26    0.00   15.46    0.00    0.00    0.00    0.00    0.00    0.00    9.28
02:31:32 PM   16   71.88    0.00   19.79    0.00    0.00    0.00    0.00    0.00    0.00    8.33
02:31:32 PM   17   70.83    0.00   18.75    1.04    0.00    0.00    0.00    0.00    0.00    9.38
02:31:32 PM   18   72.63    0.00   18.95    0.00    0.00    0.00    0.00    0.00    0.00    8.42
02:31:32 PM   19   75.26    0.00   16.49    0.00    0.00    0.00    0.00    0.00    0.00    8.25
02:31:32 PM   20   76.04    0.00   16.67    0.00    0.00    0.00    0.00    0.00    0.00    7.29
02:31:32 PM   21   74.74    0.00   16.84    1.05    0.00    0.00    0.00    0.00    0.00    7.37
02:31:32 PM   22   73.40    0.00   19.15    0.00    0.00    0.00    0.00    0.00    0.00    7.45
02:31:32 PM   23   71.13    0.00   20.62    1.03    0.00    0.00    0.00    0.00    0.00    7.22
02:31:32 PM   24   73.40    0.00   20.21    0.00    0.00    0.00    0.00    0.00    0.00    6.38
02:31:32 PM   25   73.96    0.00   17.71    0.00    0.00    0.00    0.00    0.00    0.00    8.33
02:31:32 PM   26   75.79    0.00   16.84    0.00    0.00    0.00    0.00    0.00    0.00    7.37
02:31:32 PM   27   75.79    0.00   17.89    0.00    0.00    0.00    0.00    0.00    0.00    6.32
02:31:32 PM   28   76.60    0.00   17.02    0.00    0.00    0.00    0.00    0.00    0.00    6.38
02:31:32 PM   29   75.00    0.00   18.75    0.00    0.00    0.00    0.00    0.00    0.00    6.25
02:31:32 PM   30   74.49    0.00   17.35    0.00    0.00    0.00    0.00    0.00    0.00    8.16
02:31:32 PM   31   73.68    0.00   18.95    0.00    0.00    0.00    0.00    0.00    0.00    7.37
02:31:32 PM   32   75.79    0.00   17.89    0.00    0.00    0.00    0.00    0.00    0.00    6.32
02:31:32 PM   33   75.79    0.00   17.89    0.00    0.00    0.00    0.00    0.00    0.00    6.32
02:31:32 PM   34   73.40    0.00   19.15    0.00    0.00    0.00    0.00    0.00    0.00    7.45
02:31:32 PM   35   73.68    0.00   18.95    1.05    0.00    0.00    0.00    0.00    0.00    6.32
02:31:32 PM   36   73.20    0.00   18.56    1.03    0.00    0.00    0.00    0.00    0.00    7.22
02:31:32 PM   37   73.68    0.00   17.89    1.05    0.00    0.00    0.00    0.00    0.00    7.37
02:31:32 PM   38   77.66    0.00   15.96    0.00    0.00    0.00    0.00    0.00    0.00    6.38
02:31:32 PM   39   72.63    0.00   20.00    0.00    0.00    0.00    0.00    0.00    0.00    7.37
02:31:32 PM   40   70.53    0.00   20.00    0.00    0.00    0.00    0.00    0.00    0.00    9.47
02:31:32 PM   41   71.58    0.00   18.95    0.00    0.00    0.00    0.00    0.00    0.00    9.47
02:31:32 PM   42   73.68    0.00   16.84    0.00    0.00    0.00    0.00    0.00    0.00    9.47
02:31:32 PM   43   76.04    0.00   15.62    0.00    0.00    0.00    0.00    0.00    0.00    8.33
02:31:32 PM   44   77.08    0.00   18.75    0.00    0.00    0.00    0.00    0.00    0.00    4.17
02:31:32 PM   45   74.74    0.00   16.84    0.00    0.00    0.00    0.00    0.00    0.00    8.42
02:31:32 PM   46   71.58    0.00   18.95    0.00    0.00    0.00    0.00    0.00    0.00    9.47
02:31:32 PM   47   73.96    0.00   17.71    0.00    0.00    0.00    0.00    0.00    0.00    8.33
02:31:32 PM   48   71.28    0.00   20.21    0.00    0.00    0.00    0.00    0.00    0.00    8.51
02:31:32 PM   49   72.63    0.00   18.95    0.00    0.00    0.00    0.00    0.00    0.00    8.42
02:31:32 PM   50   73.96    0.00   16.67    0.00    0.00    0.00    0.00    0.00    0.00    9.38
02:31:32 PM   51   73.96    0.00   17.71    0.00    0.00    0.00    0.00    0.00    0.00    8.33
02:31:32 PM   52   72.92    0.00   18.75    0.00    0.00    0.00    0.00    0.00    0.00    8.33
02:31:32 PM   53   73.40    0.00   18.09    0.00    0.00    0.00    0.00    0.00    0.00    8.51
02:31:32 PM   54   69.79    0.00   21.88    0.00    0.00    0.00    0.00    0.00    0.00    8.33
02:31:32 PM   55   72.63    0.00   18.95    0.00    0.00    0.00    0.00    0.00    0.00    8.42
02:31:32 PM   56   69.47    0.00   21.05    0.00    0.00    0.00    0.00    0.00    0.00    9.47
02:31:32 PM   57   72.63    0.00   17.89    0.00    0.00    0.00    0.00    0.00    0.00    9.47
02:31:32 PM   58   71.58    0.00   20.00    0.00    0.00    0.00    0.00    0.00    0.00    8.42
02:31:32 PM   59   71.88    0.00   18.75    0.00    0.00    0.00    0.00    0.00    0.00    9.38
02:31:32 PM   60   75.51    0.00   17.35    0.00    0.00    0.00    0.00    0.00    0.00    7.14
02:31:32 PM   61   74.74    0.00   17.89    0.00    0.00    0.00    0.00    0.00    0.00    7.37
02:31:32 PM   62   71.88    0.00   19.79    1.04    0.00    0.00    0.00    0.00    0.00    7.29
02:31:32 PM   63   73.40    0.00   19.15    0.00    0.00    0.00    0.00    0.00    0.00    7.45
02:31:32 PM   64   72.45    0.00   19.39    1.02    0.00    0.00    0.00    0.00    0.00    7.14
02:31:32 PM   65   71.88    0.00   19.79    1.04    0.00    0.00    0.00    0.00    0.00    7.29
02:31:32 PM   66   73.20    0.00   18.56    1.03    0.00    0.00    0.00    0.00    0.00    7.22
02:31:32 PM   67   74.49    0.00   18.37    0.00    0.00    0.00    0.00    0.00    0.00    7.14
02:31:32 PM   68   72.92    0.00   19.79    0.00    0.00    0.00    0.00    0.00    0.00    7.29
02:31:32 PM   69   73.68    0.00   18.95    0.00    0.00    0.00    0.00    0.00    0.00    7.37
02:31:32 PM   70   75.00    0.00   17.71    0.00    0.00    0.00    0.00    0.00    0.00    7.29
02:31:32 PM   71   73.68    0.00   20.00    0.00    0.00    0.00    0.00    0.00    0.00    6.32
02:31:32 PM   72   73.96    0.00   18.75    0.00    0.00    0.00    0.00    0.00    0.00    7.29
02:31:32 PM   73   73.40    0.00   19.15    0.00    0.00    0.00    0.00    0.00    0.00    7.45
02:31:32 PM   74   73.12    0.00   19.35    0.00    0.00    0.00    0.00    0.00    0.00    7.53
02:31:32 PM   75   72.34    0.00   20.21    0.00    0.00    0.00    0.00    0.00    0.00    7.45
02:31:32 PM   76   71.88    0.00   19.79    1.04    0.00    0.00    0.00    0.00    0.00    7.29
02:31:32 PM   77   70.10    0.00   22.68    0.00    0.00    0.00    0.00    0.00    0.00    7.22
02:31:32 PM   78   73.96    0.00   18.75    0.00    0.00    0.00    0.00    0.00    0.00    7.29
02:31:32 PM   79   73.96    0.00   17.71    0.00    0.00    0.00    0.00    0.00    0.00    8.33

02:31:41 PM  CPU    %usr   %nice    %sys %iowait    %irq   %soft  %steal  %guest  %gnice   %idle
02:31:42 PM  all   71.68    0.00   18.22    0.20    0.00    0.00    0.00    0.00    0.00    9.91
02:31:42 PM    0   69.79    0.00   18.75    0.00    0.00    0.00    0.00    0.00    0.00   11.46
02:31:42 PM    1   70.10    0.00   18.56    0.00    0.00    0.00    0.00    0.00    0.00   11.34
02:31:42 PM    2   68.75    0.00   20.83    0.00    0.00    0.00    0.00    0.00    0.00   10.42
02:31:42 PM    3   73.40    0.00   14.89    0.00    0.00    0.00    0.00    0.00    0.00   11.70
02:31:42 PM    4   71.28    0.00   18.09    0.00    0.00    0.00    0.00    0.00    0.00   10.64
02:31:42 PM    5   70.53    0.00   18.95    0.00    0.00    0.00    0.00    0.00    0.00   10.53
02:31:42 PM    6   72.34    0.00   17.02    0.00    0.00    0.00    0.00    0.00    0.00   10.64
02:31:42 PM    7   72.34    0.00   18.09    0.00    0.00    0.00    0.00    0.00    0.00    9.57
02:31:42 PM    8   77.89    0.00   16.84    0.00    0.00    0.00    0.00    0.00    0.00    5.26
02:31:42 PM    9   69.79    0.00   19.79    0.00    0.00    0.00    0.00    0.00    0.00   10.42
02:31:42 PM   10   69.79    0.00   19.79    0.00    0.00    0.00    0.00    0.00    0.00   10.42
02:31:42 PM   11   71.58    0.00   16.84    0.00    0.00    0.00    0.00    0.00    0.00   11.58
02:31:42 PM   12   70.10    0.00   18.56    1.03    0.00    0.00    0.00    0.00    0.00   10.31
02:31:42 PM   13   72.63    0.00   16.84    0.00    0.00    0.00    0.00    0.00    0.00   10.53
02:31:42 PM   14   70.97    0.00   18.28    0.00    0.00    0.00    0.00    0.00    0.00   10.75
02:31:42 PM   15   71.88    0.00   16.67    0.00    0.00    0.00    0.00    0.00    0.00   11.46
02:31:42 PM   16   67.71    0.00   19.79    1.04    0.00    0.00    0.00    0.00    0.00   11.46
02:31:42 PM   17   72.34    0.00   17.02    0.00    0.00    0.00    0.00    0.00    0.00   10.64
02:31:42 PM   18   71.88    0.00   17.71    0.00    0.00    0.00    0.00    0.00    0.00   10.42
02:31:42 PM   19   67.71    0.00   20.83    0.00    0.00    0.00    0.00    0.00    0.00   11.46
02:31:42 PM   20   71.88    0.00   18.75    0.00    0.00    0.00    0.00    0.00    0.00    9.38
02:31:42 PM   21   71.13    0.00   18.56    1.03    0.00    0.00    0.00    0.00    0.00    9.28
02:31:42 PM   22   69.79    0.00   19.79    0.00    0.00    0.00    0.00    0.00    0.00   10.42
02:31:42 PM   23   71.28    0.00   19.15    0.00    0.00    0.00    0.00    0.00    0.00    9.57
02:31:42 PM   24   72.34    0.00   19.15    0.00    0.00    0.00    0.00    0.00    0.00    8.51
02:31:42 PM   25   73.20    0.00   16.49    1.03    0.00    0.00    0.00    0.00    0.00    9.28
02:31:42 PM   26   73.68    0.00   17.89    0.00    0.00    0.00    0.00    0.00    0.00    8.42
02:31:42 PM   27   71.88    0.00   18.75    0.00    0.00    0.00    0.00    0.00    0.00    9.38
02:31:42 PM   28   70.53    0.00   21.05    0.00    0.00    0.00    0.00    0.00    0.00    8.42
02:31:42 PM   29   73.68    0.00   16.84    0.00    0.00    0.00    0.00    0.00    0.00    9.47
02:31:42 PM   30   73.47    0.00   17.35    1.02    0.00    0.00    0.00    0.00    0.00    8.16
02:31:42 PM   31   72.63    0.00   17.89    0.00    0.00    0.00    0.00    0.00    0.00    9.47
02:31:42 PM   32   72.92    0.00   16.67    1.04    0.00    0.00    0.00    0.00    0.00    9.38
02:31:42 PM   33   72.63    0.00   17.89    1.05    0.00    0.00    0.00    0.00    0.00    8.42
02:31:42 PM   34   71.88    0.00   18.75    0.00    0.00    0.00    0.00    0.00    0.00    9.38
02:31:42 PM   35   70.10    0.00   19.59    1.03    0.00    0.00    0.00    0.00    0.00    9.28
02:31:42 PM   36   72.92    0.00   17.71    1.04    0.00    0.00    0.00    0.00    0.00    8.33
02:31:42 PM   37   72.04    0.00   18.28    0.00    0.00    0.00    0.00    0.00    0.00    9.68
02:31:42 PM   38   74.74    0.00   16.84    0.00    0.00    0.00    0.00    0.00    0.00    8.42
02:31:42 PM   39   70.53    0.00   17.89    1.05    0.00    0.00    0.00    0.00    0.00   10.53
02:31:42 PM   40   69.79    0.00   18.75    0.00    0.00    0.00    0.00    0.00    0.00   11.46
02:31:42 PM   41   71.88    0.00   17.71    0.00    0.00    0.00    0.00    0.00    0.00   10.42
02:31:42 PM   42   72.63    0.00   17.89    0.00    0.00    0.00    0.00    0.00    0.00    9.47
02:31:42 PM   43   72.34    0.00   17.02    0.00    0.00    0.00    0.00    0.00    0.00   10.64
02:31:42 PM   44   71.58    0.00   16.84    0.00    0.00    0.00    0.00    0.00    0.00   11.58
02:31:42 PM   45   69.47    0.00   18.95    0.00    0.00    0.00    0.00    0.00    0.00   11.58
02:31:42 PM   46   68.82    0.00   20.43    0.00    0.00    0.00    0.00    0.00    0.00   10.75
02:31:42 PM   47   69.79    0.00   18.75    0.00    0.00    0.00    0.00    0.00    0.00   11.46
02:31:42 PM   48   67.71    0.00   20.83    0.00    0.00    0.00    0.00    0.00    0.00   11.46
02:31:42 PM   49   72.92    0.00   16.67    0.00    0.00    0.00    0.00    0.00    0.00   10.42
02:31:42 PM   50   71.58    0.00   17.89    0.00    0.00    0.00    0.00    0.00    0.00   10.53
02:31:42 PM   51   73.68    0.00   15.79    0.00    0.00    0.00    0.00    0.00    0.00   10.53
02:31:42 PM   52   70.83    0.00   18.75    0.00    0.00    0.00    0.00    0.00    0.00   10.42
02:31:42 PM   53   71.28    0.00   17.02    0.00    0.00    0.00    0.00    0.00    0.00   11.70
02:31:42 PM   54   72.34    0.00   17.02    0.00    0.00    0.00    0.00    0.00    0.00   10.64
02:31:42 PM   55   72.63    0.00   16.84    0.00    0.00    0.00    0.00    0.00    0.00   10.53
02:31:42 PM   56   70.53    0.00   18.95    0.00    0.00    0.00    0.00    0.00    0.00   10.53
02:31:42 PM   57   69.07    0.00   19.59    0.00    0.00    0.00    0.00    0.00    0.00   11.34
02:31:42 PM   58   73.96    0.00   15.62    0.00    0.00    0.00    0.00    0.00    0.00   10.42
02:31:42 PM   59   72.34    0.00   17.02    0.00    0.00    0.00    0.00    0.00    0.00   10.64
02:31:42 PM   60   74.19    0.00   17.20    0.00    0.00    0.00    0.00    0.00    0.00    8.60
02:31:42 PM   61   72.63    0.00   16.84    0.00    0.00    0.00    0.00    0.00    0.00   10.53
02:31:42 PM   62   71.28    0.00   20.21    0.00    0.00    0.00    0.00    0.00    0.00    8.51
02:31:42 PM   63   72.63    0.00   18.95    0.00    0.00    0.00    0.00    0.00    0.00    8.42
02:31:42 PM   64   71.88    0.00   18.75    0.00    0.00    0.00    0.00    0.00    0.00    9.38
02:31:42 PM   65   70.83    0.00   18.75    1.04    0.00    0.00    0.00    0.00    0.00    9.38
02:31:42 PM   66   73.68    0.00   17.89    0.00    0.00    0.00    0.00    0.00    0.00    8.42
02:31:42 PM   67   69.79    0.00   19.79    2.08    0.00    0.00    0.00    0.00    0.00    8.33
02:31:42 PM   68   72.63    0.00   18.95    0.00    0.00    0.00    0.00    0.00    0.00    8.42
02:31:42 PM   69   73.20    0.00   17.53    0.00    0.00    0.00    0.00    0.00    0.00    9.28
02:31:42 PM   70   73.20    0.00   16.49    0.00    0.00    0.00    0.00    0.00    0.00   10.31
02:31:42 PM   71   76.04    0.00   16.67    0.00    0.00    0.00    0.00    0.00    0.00    7.29
02:31:42 PM   72   70.53    0.00   20.00    0.00    0.00    0.00    0.00    0.00    0.00    9.47
02:31:42 PM   73   72.63    0.00   17.89    0.00    0.00    0.00    0.00    0.00    0.00    9.47
02:31:42 PM   74   71.88    0.00   18.75    0.00    0.00    0.00    0.00    0.00    0.00    9.38
02:31:42 PM   75   69.07    0.00   21.65    0.00    0.00    0.00    0.00    0.00    0.00    9.28
02:31:42 PM   76   72.63    0.00   16.84    0.00    0.00    0.00    0.00    0.00    0.00   10.53
02:31:42 PM   77   71.13    0.00   18.56    1.03    0.00    0.00    0.00    0.00    0.00    9.28
02:31:42 PM   78   72.92    0.00   17.71    1.04    0.00    0.00    0.00    0.00    0.00    8.33
02:31:42 PM   79   70.83    0.00   19.79    0.00    0.00    0.00    0.00    0.00    0.00    9.38

02:31:51 PM  CPU    %usr   %nice    %sys %iowait    %irq   %soft  %steal  %guest  %gnice   %idle
02:31:52 PM  all   72.75    0.00   18.62    0.30    0.00    0.00    0.00    0.00    0.00    8.33
02:31:52 PM    0   73.96    0.00   17.71    0.00    0.00    0.00    0.00    0.00    0.00    8.33
02:31:52 PM    1   72.34    0.00   20.21    0.00    0.00    0.00    0.00    0.00    0.00    7.45
02:31:52 PM    2   70.83    0.00   19.79    1.04    0.00    0.00    0.00    0.00    0.00    8.33
02:31:52 PM    3   72.63    0.00   18.95    0.00    0.00    0.00    0.00    0.00    0.00    8.42
02:31:52 PM    4   74.47    0.00   15.96    0.00    0.00    0.00    0.00    0.00    0.00    9.57
02:31:52 PM    5   73.20    0.00   18.56    1.03    0.00    0.00    0.00    0.00    0.00    7.22
02:31:52 PM    6   74.23    0.00   16.49    1.03    0.00    0.00    0.00    0.00    0.00    8.25
02:31:52 PM    7   75.79    0.00   16.84    0.00    0.00    0.00    0.00    0.00    0.00    7.37
02:31:52 PM    8   75.51    0.00   16.33    0.00    0.00    0.00    0.00    0.00    0.00    8.16
02:31:52 PM    9   72.63    0.00   17.89    1.05    0.00    0.00    0.00    0.00    0.00    8.42
02:31:52 PM   10   75.26    0.00   18.56    0.00    0.00    0.00    0.00    0.00    0.00    6.19
02:31:52 PM   11   74.47    0.00   17.02    0.00    0.00    0.00    0.00    0.00    0.00    8.51
02:31:52 PM   12   74.47    0.00   17.02    0.00    0.00    0.00    0.00    0.00    0.00    8.51
02:31:52 PM   13   71.58    0.00   20.00    0.00    0.00    0.00    0.00    0.00    0.00    8.42
02:31:52 PM   14   72.92    0.00   18.75    0.00    0.00    0.00    0.00    0.00    0.00    8.33
02:31:52 PM   15   73.47    0.00   18.37    1.02    0.00    0.00    0.00    0.00    0.00    7.14
02:31:52 PM   16   71.88    0.00   18.75    0.00    0.00    0.00    0.00    0.00    0.00    9.38
02:31:52 PM   17   73.68    0.00   17.89    0.00    0.00    0.00    0.00    0.00    0.00    8.42
02:31:52 PM   18   75.26    0.00   16.49    0.00    0.00    0.00    0.00    0.00    0.00    8.25
02:31:52 PM   19   71.13    0.00   19.59    1.03    0.00    0.00    0.00    0.00    0.00    8.25
02:31:52 PM   20   72.92    0.00   18.75    1.04    0.00    0.00    0.00    0.00    0.00    7.29
02:31:52 PM   21   73.12    0.00   18.28    0.00    0.00    0.00    0.00    0.00    0.00    8.60
02:31:52 PM   22   72.34    0.00   19.15    1.06    0.00    0.00    0.00    0.00    0.00    7.45
02:31:52 PM   23   69.79    0.00   20.83    0.00    0.00    0.00    0.00    0.00    0.00    9.38
02:31:52 PM   24   72.63    0.00   18.95    0.00    0.00    0.00    0.00    0.00    0.00    8.42
02:31:52 PM   25   72.34    0.00   19.15    0.00    0.00    0.00    0.00    0.00    0.00    8.51
02:31:52 PM   26   75.00    0.00   16.67    0.00    0.00    0.00    0.00    0.00    0.00    8.33
02:31:52 PM   27   71.43    0.00   19.39    1.02    0.00    0.00    0.00    0.00    0.00    8.16
02:31:52 PM   28   70.83    0.00   19.79    1.04    0.00    0.00    0.00    0.00    0.00    8.33
02:31:52 PM   29   76.04    0.00   15.62    0.00    0.00    0.00    0.00    0.00    0.00    8.33
02:31:52 PM   30   70.53    0.00   20.00    1.05    0.00    0.00    0.00    0.00    0.00    8.42
02:31:52 PM   31   74.47    0.00   17.02    0.00    0.00    0.00    0.00    0.00    0.00    8.51
02:31:52 PM   32   74.74    0.00   15.79    0.00    0.00    0.00    0.00    0.00    0.00    9.47
02:31:52 PM   33   71.88    0.00   19.79    0.00    0.00    0.00    0.00    0.00    0.00    8.33
02:31:52 PM   34   72.34    0.00   19.15    0.00    0.00    0.00    0.00    0.00    0.00    8.51
02:31:52 PM   35   70.97    0.00   21.51    0.00    0.00    0.00    0.00    0.00    0.00    7.53
02:31:52 PM   36   72.34    0.00   19.15    0.00    0.00    0.00    0.00    0.00    0.00    8.51
02:31:52 PM   37   71.58    0.00   17.89    1.05    0.00    0.00    0.00    0.00    0.00    9.47
02:31:52 PM   38   71.13    0.00   19.59    1.03    0.00    0.00    0.00    0.00    0.00    8.25
02:31:52 PM   39   71.58    0.00   18.95    1.05    0.00    0.00    0.00    0.00    0.00    8.42
02:31:52 PM   40   73.68    0.00   17.89    0.00    0.00    0.00    0.00    0.00    0.00    8.42
02:31:52 PM   41   72.92    0.00   18.75    0.00    0.00    0.00    0.00    0.00    0.00    8.33
02:31:52 PM   42   72.92    0.00   18.75    0.00    0.00    0.00    0.00    0.00    0.00    8.33
02:31:52 PM   43   70.83    0.00   18.75    1.04    0.00    0.00    0.00    0.00    0.00    9.38
02:31:52 PM   44   73.96    0.00   17.71    0.00    0.00    0.00    0.00    0.00    0.00    8.33
02:31:52 PM   45   73.96    0.00   17.71    1.04    0.00    0.00    0.00    0.00    0.00    7.29
02:31:52 PM   46   73.68    0.00   17.89    0.00    0.00    0.00    0.00    0.00    0.00    8.42
02:31:52 PM   47   73.12    0.00   19.35    0.00    0.00    0.00    0.00    0.00    0.00    7.53
02:31:52 PM   48   73.20    0.00   18.56    1.03    0.00    0.00    0.00    0.00    0.00    7.22
02:31:52 PM   49   72.34    0.00   19.15    0.00    0.00    0.00    0.00    0.00    0.00    8.51
02:31:52 PM   50   72.63    0.00   18.95    0.00    0.00    0.00    0.00    0.00    0.00    8.42
02:31:52 PM   51   75.00    0.00   16.67    1.04    0.00    0.00    0.00    0.00    0.00    7.29
02:31:52 PM   52   72.92    0.00   18.75    0.00    0.00    0.00    0.00    0.00    0.00    8.33
02:31:52 PM   53   72.92    0.00   18.75    0.00    0.00    0.00    0.00    0.00    0.00    8.33
02:31:52 PM   54   71.88    0.00   18.75    0.00    0.00    0.00    0.00    0.00    0.00    9.38
02:31:52 PM   55   76.84    0.00   14.74    0.00    0.00    0.00    0.00    0.00    0.00    8.42
02:31:52 PM   56   73.68    0.00   17.89    0.00    0.00    0.00    0.00    0.00    0.00    8.42
02:31:52 PM   57   73.68    0.00   17.89    0.00    0.00    0.00    0.00    0.00    0.00    8.42
02:31:52 PM   58   72.16    0.00   19.59    0.00    0.00    0.00    0.00    0.00    0.00    8.25
02:31:52 PM   59   69.79    0.00   20.83    0.00    0.00    0.00    0.00    0.00    0.00    9.38
02:31:52 PM   60   73.68    0.00   17.89    0.00    0.00    0.00    0.00    0.00    0.00    8.42
02:31:52 PM   61   71.88    0.00   19.79    0.00    0.00    0.00    0.00    0.00    0.00    8.33
02:31:52 PM   62   72.34    0.00   19.15    0.00    0.00    0.00    0.00    0.00    0.00    8.51
02:31:52 PM   63   71.88    0.00   19.79    1.04    0.00    0.00    0.00    0.00    0.00    7.29
02:31:52 PM   64   72.34    0.00   19.15    0.00    0.00    0.00    0.00    0.00    0.00    8.51
02:31:52 PM   65   68.75    0.00   21.88    1.04    0.00    0.00    0.00    0.00    0.00    8.33
02:31:52 PM   66   74.74    0.00   17.89    0.00    0.00    0.00    0.00    0.00    0.00    7.37
02:31:52 PM   67   72.92    0.00   17.71    0.00    0.00    0.00    0.00    0.00    0.00    9.38
02:31:52 PM   68   70.53    0.00   20.00    0.00    0.00    0.00    0.00    0.00    0.00    9.47
02:31:52 PM   69   74.23    0.00   17.53    0.00    0.00    0.00    0.00    0.00    0.00    8.25
02:31:52 PM   70   70.53    0.00   20.00    1.05    0.00    0.00    0.00    0.00    0.00    8.42
02:31:52 PM   71   72.34    0.00   19.15    0.00    0.00    0.00    0.00    0.00    0.00    8.51
02:31:52 PM   72   71.28    0.00   19.15    0.00    0.00    0.00    0.00    0.00    0.00    9.57
02:31:52 PM   73   70.21    0.00   20.21    0.00    0.00    0.00    0.00    0.00    0.00    9.57
02:31:52 PM   74   69.47    0.00   21.05    0.00    0.00    0.00    0.00    0.00    0.00    9.47
02:31:52 PM   75   71.13    0.00   20.62    0.00    0.00    0.00    0.00    0.00    0.00    8.25
02:31:52 PM   76   74.23    0.00   16.49    1.03    0.00    0.00    0.00    0.00    0.00    8.25
02:31:52 PM   77   73.40    0.00   19.15    0.00    0.00    0.00    0.00    0.00    0.00    7.45
02:31:52 PM   78   73.96    0.00   17.71    1.04    0.00    0.00    0.00    0.00    0.00    7.29
02:31:52 PM   79   70.21    0.00   21.28    0.00    0.00    0.00    0.00    0.00    0.00    8.51

02:32:01 PM  CPU    %usr   %nice    %sys %iowait    %irq   %soft  %steal  %guest  %gnice   %idle
02:32:02 PM  all   71.76    0.00   18.24    0.24    0.00    0.00    0.00    0.00    0.00    9.77
02:32:02 PM    0   72.92    0.00   17.71    0.00    0.00    0.00    0.00    0.00    0.00    9.38
02:32:02 PM    1   70.83    0.00   18.75    0.00    0.00    0.00    0.00    0.00    0.00   10.42
02:32:02 PM    2   70.41    0.00   19.39    0.00    0.00    0.00    0.00    0.00    0.00   10.20
02:32:02 PM    3   71.88    0.00   18.75    0.00    0.00    0.00    0.00    0.00    0.00    9.38
02:32:02 PM    4   72.63    0.00   15.79    0.00    0.00    0.00    0.00    0.00    0.00   11.58
02:32:02 PM    5   72.63    0.00   17.89    0.00    0.00    0.00    0.00    0.00    0.00    9.47
02:32:02 PM    6   71.28    0.00   18.09    0.00    0.00    0.00    0.00    0.00    0.00   10.64
02:32:02 PM    7   71.58    0.00   16.84    0.00    0.00    0.00    0.00    0.00    0.00   11.58
02:32:02 PM    8   73.40    0.00   17.02    0.00    0.00    0.00    0.00    0.00    0.00    9.57
02:32:02 PM    9   72.34    0.00   15.96    1.06    0.00    0.00    0.00    0.00    0.00   10.64
02:32:02 PM   10   73.68    0.00   16.84    0.00    0.00    0.00    0.00    0.00    0.00    9.47
02:32:02 PM   11   71.58    0.00   18.95    0.00    0.00    0.00    0.00    0.00    0.00    9.47
02:32:02 PM   12   71.28    0.00   18.09    0.00    0.00    0.00    0.00    0.00    0.00   10.64
02:32:02 PM   13   70.53    0.00   18.95    0.00    0.00    0.00    0.00    0.00    0.00   10.53
02:32:02 PM   14   72.63    0.00   16.84    0.00    0.00    0.00    0.00    0.00    0.00   10.53
02:32:02 PM   15   69.07    0.00   20.62    1.03    0.00    0.00    0.00    0.00    0.00    9.28
02:32:02 PM   16   72.04    0.00   17.20    0.00    0.00    0.00    0.00    0.00    0.00   10.75
02:32:02 PM   17   70.97    0.00   18.28    0.00    0.00    0.00    0.00    0.00    0.00   10.75
02:32:02 PM   18   70.21    0.00   19.15    0.00    0.00    0.00    0.00    0.00    0.00   10.64
02:32:02 PM   19   72.34    0.00   17.02    0.00    0.00    0.00    0.00    0.00    0.00   10.64
02:32:02 PM   20   72.63    0.00   18.95    0.00    0.00    0.00    0.00    0.00    0.00    8.42
02:32:02 PM   21   70.83    0.00   18.75    1.04    0.00    0.00    0.00    0.00    0.00    9.38
02:32:02 PM   22   72.16    0.00   17.53    1.03    0.00    0.00    0.00    0.00    0.00    9.28
02:32:02 PM   23   71.88    0.00   19.79    0.00    0.00    0.00    0.00    0.00    0.00    8.33
02:32:02 PM   24   70.21    0.00   20.21    0.00    0.00    0.00    0.00    0.00    0.00    9.57
02:32:02 PM   25   73.68    0.00   16.84    0.00    0.00    0.00    0.00    0.00    0.00    9.47
02:32:02 PM   26   73.20    0.00   16.49    0.00    0.00    0.00    0.00    0.00    0.00   10.31
02:32:02 PM   27   68.04    0.00   20.62    1.03    0.00    0.00    0.00    0.00    0.00   10.31
02:32:02 PM   28   72.63    0.00   17.89    0.00    0.00    0.00    0.00    0.00    0.00    9.47
02:32:02 PM   29   71.88    0.00   18.75    0.00    0.00    0.00    0.00    0.00    0.00    9.38
02:32:02 PM   30   73.40    0.00   18.09    0.00    0.00    0.00    0.00    0.00    0.00    8.51
02:32:02 PM   31   71.88    0.00   17.71    1.04    0.00    0.00    0.00    0.00    0.00    9.38
02:32:02 PM   32   72.63    0.00   17.89    0.00    0.00    0.00    0.00    0.00    0.00    9.47
02:32:02 PM   33   73.12    0.00   18.28    0.00    0.00    0.00    0.00    0.00    0.00    8.60
02:32:02 PM   34   72.34    0.00   18.09    0.00    0.00    0.00    0.00    0.00    0.00    9.57
02:32:02 PM   35   71.58    0.00   18.95    0.00    0.00    0.00    0.00    0.00    0.00    9.47
02:32:02 PM   36   72.34    0.00   19.15    0.00    0.00    0.00    0.00    0.00    0.00    8.51
02:32:02 PM   37   75.79    0.00   14.74    1.05    0.00    0.00    0.00    0.00    0.00    8.42
02:32:02 PM   38   70.83    0.00   19.79    0.00    0.00    0.00    0.00    0.00    0.00    9.38
02:32:02 PM   39   70.83    0.00   20.83    0.00    0.00    0.00    0.00    0.00    0.00    8.33
02:32:02 PM   40   70.21    0.00   19.15    0.00    0.00    0.00    0.00    0.00    0.00   10.64
02:32:02 PM   41   70.53    0.00   18.95    0.00    0.00    0.00    0.00    0.00    0.00   10.53
02:32:02 PM   42   71.88    0.00   17.71    0.00    0.00    0.00    0.00    0.00    0.00   10.42
02:32:02 PM   43   72.34    0.00   17.02    0.00    0.00    0.00    0.00    0.00    0.00   10.64
02:32:02 PM   44   72.16    0.00   17.53    0.00    0.00    0.00    0.00    0.00    0.00   10.31
02:32:02 PM   45   70.97    0.00   18.28    0.00    0.00    0.00    0.00    0.00    0.00   10.75
02:32:02 PM   46   69.79    0.00   18.75    0.00    0.00    0.00    0.00    0.00    0.00   11.46
02:32:02 PM   47   71.88    0.00   17.71    0.00    0.00    0.00    0.00    0.00    0.00   10.42
02:32:02 PM   48   74.74    0.00   18.95    0.00    0.00    0.00    0.00    0.00    0.00    6.32
02:32:02 PM   49   75.53    0.00   15.96    0.00    0.00    0.00    0.00    0.00    0.00    8.51
02:32:02 PM   50   70.53    0.00   18.95    0.00    0.00    0.00    0.00    0.00    0.00   10.53
02:32:02 PM   51   69.79    0.00   18.75    1.04    0.00    0.00    0.00    0.00    0.00   10.42
02:32:02 PM   52   70.21    0.00   18.09    0.00    0.00    0.00    0.00    0.00    0.00   11.70
02:32:02 PM   53   71.88    0.00   17.71    0.00    0.00    0.00    0.00    0.00    0.00   10.42
02:32:02 PM   54   70.83    0.00   18.75    0.00    0.00    0.00    0.00    0.00    0.00   10.42
02:32:02 PM   55   71.58    0.00   17.89    0.00    0.00    0.00    0.00    0.00    0.00   10.53
02:32:02 PM   56   74.23    0.00   15.46    0.00    0.00    0.00    0.00    0.00    0.00   10.31
02:32:02 PM   57   71.88    0.00   16.67    0.00    0.00    0.00    0.00    0.00    0.00   11.46
02:32:02 PM   58   73.20    0.00   16.49    0.00    0.00    0.00    0.00    0.00    0.00   10.31
02:32:02 PM   59   71.28    0.00   18.09    0.00    0.00    0.00    0.00    0.00    0.00   10.64
02:32:02 PM   60   70.83    0.00   18.75    1.04    0.00    0.00    0.00    0.00    0.00    9.38
02:32:02 PM   61   70.53    0.00   18.95    1.05    0.00    0.00    0.00    0.00    0.00    9.47
02:32:02 PM   62   70.21    0.00   19.15    1.06    0.00    0.00    0.00    0.00    0.00    9.57
02:32:02 PM   63   72.16    0.00   17.53    1.03    0.00    0.00    0.00    0.00    0.00    9.28
02:32:02 PM   64   71.13    0.00   18.56    1.03    0.00    0.00    0.00    0.00    0.00    9.28
02:32:02 PM   65   75.00    0.00   15.62    0.00    0.00    0.00    0.00    0.00    0.00    9.38
02:32:02 PM   66   72.92    0.00   17.71    0.00    0.00    0.00    0.00    0.00    0.00    9.38
02:32:02 PM   67   72.16    0.00   19.59    0.00    0.00    0.00    0.00    0.00    0.00    8.25
02:32:02 PM   68   73.68    0.00   17.89    0.00    0.00    0.00    0.00    0.00    0.00    8.42
02:32:02 PM   69   71.88    0.00   18.75    0.00    0.00    0.00    0.00    0.00    0.00    9.38
02:32:02 PM   70   70.53    0.00   18.95    1.05    0.00    0.00    0.00    0.00    0.00    9.47
02:32:02 PM   71   69.47    0.00   21.05    1.05    0.00    0.00    0.00    0.00    0.00    8.42
02:32:02 PM   72   71.28    0.00   19.15    0.00    0.00    0.00    0.00    0.00    0.00    9.57
02:32:02 PM   73   71.88    0.00   17.71    1.04    0.00    0.00    0.00    0.00    0.00    9.38
02:32:02 PM   74   69.89    0.00   19.35    0.00    0.00    0.00    0.00    0.00    0.00   10.75
02:32:02 PM   75   71.88    0.00   17.71    1.04    0.00    0.00    0.00    0.00    0.00    9.38
02:32:02 PM   76   70.33    0.00   19.78    0.00    0.00    0.00    0.00    0.00    0.00    9.89
02:32:02 PM   77   70.83    0.00   19.79    0.00    0.00    0.00    0.00    0.00    0.00    9.38
02:32:02 PM   78   70.53    0.00   20.00    0.00    0.00    0.00    0.00    0.00    0.00    9.47
02:32:02 PM   79   71.88    0.00   18.75    1.04    0.00    0.00    0.00    0.00    0.00    8.33

02:32:11 PM  CPU    %usr   %nice    %sys %iowait    %irq   %soft  %steal  %guest  %gnice   %idle
02:32:12 PM  all   72.48    0.00   18.37    0.16    0.00    0.00    0.00    0.00    0.00    8.99
02:32:12 PM    0   73.96    0.00   17.71    0.00    0.00    0.00    0.00    0.00    0.00    8.33
02:32:12 PM    1   73.40    0.00   18.09    0.00    0.00    0.00    0.00    0.00    0.00    8.51
02:32:12 PM    2   73.68    0.00   16.84    0.00    0.00    0.00    0.00    0.00    0.00    9.47
02:32:12 PM    3   71.58    0.00   17.89    0.00    0.00    0.00    0.00    0.00    0.00   10.53
02:32:12 PM    4   72.16    0.00   17.53    0.00    0.00    0.00    0.00    0.00    0.00   10.31
02:32:12 PM    5   72.92    0.00   17.71    0.00    0.00    0.00    0.00    0.00    0.00    9.38
02:32:12 PM    6   74.49    0.00   15.31    1.02    0.00    0.00    0.00    0.00    0.00    9.18
02:32:12 PM    7   70.83    0.00   19.79    0.00    0.00    0.00    0.00    0.00    0.00    9.38
02:32:12 PM    8   76.29    0.00   17.53    0.00    0.00    0.00    0.00    0.00    0.00    6.19
02:32:12 PM    9   72.92    0.00   17.71    0.00    0.00    0.00    0.00    0.00    0.00    9.38
02:32:12 PM   10   71.88    0.00   18.75    0.00    0.00    0.00    0.00    0.00    0.00    9.38
02:32:12 PM   11   73.40    0.00   17.02    0.00    0.00    0.00    0.00    0.00    0.00    9.57
02:32:12 PM   12   73.40    0.00   18.09    0.00    0.00    0.00    0.00    0.00    0.00    8.51
02:32:12 PM   13   72.63    0.00   18.95    0.00    0.00    0.00    0.00    0.00    0.00    8.42
02:32:12 PM   14   72.63    0.00   17.89    0.00    0.00    0.00    0.00    0.00    0.00    9.47
02:32:12 PM   15   73.40    0.00   17.02    0.00    0.00    0.00    0.00    0.00    0.00    9.57
02:32:12 PM   16   73.68    0.00   16.84    0.00    0.00    0.00    0.00    0.00    0.00    9.47
02:32:12 PM   17   72.92    0.00   17.71    0.00    0.00    0.00    0.00    0.00    0.00    9.38
02:32:12 PM   18   70.53    0.00   20.00    0.00    0.00    0.00    0.00    0.00    0.00    9.47
02:32:12 PM   19   71.88    0.00   17.71    0.00    0.00    0.00    0.00    0.00    0.00   10.42
02:32:12 PM   20   74.23    0.00   17.53    0.00    0.00    0.00    0.00    0.00    0.00    8.25
02:32:12 PM   21   71.58    0.00   18.95    0.00    0.00    0.00    0.00    0.00    0.00    9.47
02:32:12 PM   22   72.63    0.00   18.95    0.00    0.00    0.00    0.00    0.00    0.00    8.42
02:32:12 PM   23   71.28    0.00   19.15    0.00    0.00    0.00    0.00    0.00    0.00    9.57
02:32:12 PM   24   72.92    0.00   19.79    0.00    0.00    0.00    0.00    0.00    0.00    7.29
02:32:12 PM   25   73.40    0.00   18.09    0.00    0.00    0.00    0.00    0.00    0.00    8.51
02:32:12 PM   26   73.68    0.00   17.89    0.00    0.00    0.00    0.00    0.00    0.00    8.42
02:32:12 PM   27   72.34    0.00   20.21    0.00    0.00    0.00    0.00    0.00    0.00    7.45
02:32:12 PM   28   69.79    0.00   20.83    1.04    0.00    0.00    0.00    0.00    0.00    8.33
02:32:12 PM   29   71.28    0.00   20.21    0.00    0.00    0.00    0.00    0.00    0.00    8.51
02:32:12 PM   30   73.40    0.00   18.09    0.00    0.00    0.00    0.00    0.00    0.00    8.51
02:32:12 PM   31   71.88    0.00   19.79    0.00    0.00    0.00    0.00    0.00    0.00    8.33
02:32:12 PM   32   73.96    0.00   17.71    0.00    0.00    0.00    0.00    0.00    0.00    8.33
02:32:12 PM   33   70.10    0.00   20.62    0.00    0.00    0.00    0.00    0.00    0.00    9.28
02:32:12 PM   34   71.88    0.00   19.79    0.00    0.00    0.00    0.00    0.00    0.00    8.33
02:32:12 PM   35   70.21    0.00   20.21    1.06    0.00    0.00    0.00    0.00    0.00    8.51
02:32:12 PM   36   72.92    0.00   17.71    1.04    0.00    0.00    0.00    0.00    0.00    8.33
02:32:12 PM   37   70.10    0.00   19.59    1.03    0.00    0.00    0.00    0.00    0.00    9.28
02:32:12 PM   38   73.96    0.00   17.71    0.00    0.00    0.00    0.00    0.00    0.00    8.33
02:32:12 PM   39   71.88    0.00   18.75    0.00    0.00    0.00    0.00    0.00    0.00    9.38
02:32:12 PM   40   68.75    0.00   19.79    0.00    0.00    0.00    0.00    0.00    0.00   11.46
02:32:12 PM   41   72.63    0.00   17.89    0.00    0.00    0.00    0.00    0.00    0.00    9.47
02:32:12 PM   42   72.34    0.00   18.09    0.00    0.00    0.00    0.00    0.00    0.00    9.57
02:32:12 PM   43   72.63    0.00   17.89    0.00    0.00    0.00    0.00    0.00    0.00    9.47
02:32:12 PM   44   76.60    0.00   14.89    0.00    0.00    0.00    0.00    0.00    0.00    8.51
02:32:12 PM   45   71.88    0.00   17.71    1.04    0.00    0.00    0.00    0.00    0.00    9.38
02:32:12 PM   46   71.88    0.00   18.75    1.04    0.00    0.00    0.00    0.00    0.00    8.33
02:32:12 PM   47   69.79    0.00   20.83    0.00    0.00    0.00    0.00    0.00    0.00    9.38
02:32:12 PM   48   73.20    0.00   18.56    0.00    0.00    0.00    0.00    0.00    0.00    8.25
02:32:12 PM   49   75.79    0.00   15.79    0.00    0.00    0.00    0.00    0.00    0.00    8.42
02:32:12 PM   50   71.88    0.00   18.75    0.00    0.00    0.00    0.00    0.00    0.00    9.38
02:32:12 PM   51   74.47    0.00   17.02    0.00    0.00    0.00    0.00    0.00    0.00    8.51
02:32:12 PM   52   72.63    0.00   17.89    0.00    0.00    0.00    0.00    0.00    0.00    9.47
02:32:12 PM   53   72.16    0.00   18.56    0.00    0.00    0.00    0.00    0.00    0.00    9.28
02:32:12 PM   54   71.58    0.00   18.95    0.00    0.00    0.00    0.00    0.00    0.00    9.47
02:32:12 PM   55   70.53    0.00   21.05    0.00    0.00    0.00    0.00    0.00    0.00    8.42
02:32:12 PM   56   71.58    0.00   17.89    0.00    0.00    0.00    0.00    0.00    0.00   10.53
02:32:12 PM   57   73.20    0.00   16.49    0.00    0.00    0.00    0.00    0.00    0.00   10.31
02:32:12 PM   58   72.92    0.00   17.71    0.00    0.00    0.00    0.00    0.00    0.00    9.38
02:32:12 PM   59   70.83    0.00   18.75    0.00    0.00    0.00    0.00    0.00    0.00   10.42
02:32:12 PM   60   74.74    0.00   16.84    0.00    0.00    0.00    0.00    0.00    0.00    8.42
02:32:12 PM   61   70.53    0.00   20.00    0.00    0.00    0.00    0.00    0.00    0.00    9.47
02:32:12 PM   62   75.53    0.00   15.96    0.00    0.00    0.00    0.00    0.00    0.00    8.51
02:32:12 PM   63   71.88    0.00   18.75    0.00    0.00    0.00    0.00    0.00    0.00    9.38
02:32:12 PM   64   73.96    0.00   16.67    1.04    0.00    0.00    0.00    0.00    0.00    8.33
02:32:12 PM   65   73.40    0.00   17.02    0.00    0.00    0.00    0.00    0.00    0.00    9.57
02:32:12 PM   66   71.88    0.00   17.71    0.00    0.00    0.00    0.00    0.00    0.00   10.42
02:32:12 PM   67   72.92    0.00   17.71    1.04    0.00    0.00    0.00    0.00    0.00    8.33
02:32:12 PM   68   70.53    0.00   20.00    0.00    0.00    0.00    0.00    0.00    0.00    9.47
02:32:12 PM   69   71.13    0.00   18.56    1.03    0.00    0.00    0.00    0.00    0.00    9.28
02:32:12 PM   70   73.40    0.00   19.15    0.00    0.00    0.00    0.00    0.00    0.00    7.45
02:32:12 PM   71   72.34    0.00   18.09    1.06    0.00    0.00    0.00    0.00    0.00    8.51
02:32:12 PM   72   69.47    0.00   20.00    1.05    0.00    0.00    0.00    0.00    0.00    9.47
02:32:12 PM   73   73.40    0.00   18.09    0.00    0.00    0.00    0.00    0.00    0.00    8.51
02:32:12 PM   74   71.28    0.00   20.21    0.00    0.00    0.00    0.00    0.00    0.00    8.51
02:32:12 PM   75   72.92    0.00   18.75    0.00    0.00    0.00    0.00    0.00    0.00    8.33
02:32:12 PM   76   72.63    0.00   18.95    0.00    0.00    0.00    0.00    0.00    0.00    8.42
02:32:12 PM   77   70.83    0.00   19.79    0.00    0.00    0.00    0.00    0.00    0.00    9.38
02:32:12 PM   78   75.79    0.00   15.79    0.00    0.00    0.00    0.00    0.00    0.00    8.42
02:32:12 PM   79   70.53    0.00   21.05    0.00    0.00    0.00    0.00    0.00    0.00    8.42

02:32:21 PM  CPU    %usr   %nice    %sys %iowait    %irq   %soft  %steal  %guest  %gnice   %idle
02:32:22 PM  all   72.05    0.00   18.61    0.17    0.00    0.00    0.00    0.00    0.00    9.17
02:32:22 PM    0   71.43    0.00   19.39    0.00    0.00    0.00    0.00    0.00    0.00    9.18
02:32:22 PM    1   71.88    0.00   18.75    0.00    0.00    0.00    0.00    0.00    0.00    9.38
02:32:22 PM    2   71.13    0.00   19.59    0.00    0.00    0.00    0.00    0.00    0.00    9.28
02:32:22 PM    3   73.20    0.00   16.49    0.00    0.00    0.00    0.00    0.00    0.00   10.31
02:32:22 PM    4   72.34    0.00   18.09    0.00    0.00    0.00    0.00    0.00    0.00    9.57
02:32:22 PM    5   73.96    0.00   16.67    0.00    0.00    0.00    0.00    0.00    0.00    9.38
02:32:22 PM    6   71.58    0.00   18.95    0.00    0.00    0.00    0.00    0.00    0.00    9.47
02:32:22 PM    7   72.63    0.00   17.89    0.00    0.00    0.00    0.00    0.00    0.00    9.47
02:32:22 PM    8   73.96    0.00   16.67    0.00    0.00    0.00    0.00    0.00    0.00    9.38
02:32:22 PM    9   73.40    0.00   17.02    0.00    0.00    0.00    0.00    0.00    0.00    9.57
02:32:22 PM   10   75.53    0.00   14.89    0.00    0.00    0.00    0.00    0.00    0.00    9.57
02:32:22 PM   11   72.16    0.00   18.56    0.00    0.00    0.00    0.00    0.00    0.00    9.28
02:32:22 PM   12   73.96    0.00   16.67    0.00    0.00    0.00    0.00    0.00    0.00    9.38
02:32:22 PM   13   72.34    0.00   18.09    0.00    0.00    0.00    0.00    0.00    0.00    9.57
02:32:22 PM   14   72.63    0.00   17.89    0.00    0.00    0.00    0.00    0.00    0.00    9.47
02:32:22 PM   15   71.58    0.00   18.95    0.00    0.00    0.00    0.00    0.00    0.00    9.47
02:32:22 PM   16   73.12    0.00   17.20    0.00    0.00    0.00    0.00    0.00    0.00    9.68
02:32:22 PM   17   72.92    0.00   17.71    0.00    0.00    0.00    0.00    0.00    0.00    9.38
02:32:22 PM   18   72.92    0.00   17.71    1.04    0.00    0.00    0.00    0.00    0.00    8.33
02:32:22 PM   19   70.97    0.00   19.35    0.00    0.00    0.00    0.00    0.00    0.00    9.68
02:32:22 PM   20   74.47    0.00   15.96    1.06    0.00    0.00    0.00    0.00    0.00    8.51
02:32:22 PM   21   71.88    0.00   19.79    0.00    0.00    0.00    0.00    0.00    0.00    8.33
02:32:22 PM   22   72.63    0.00   17.89    1.05    0.00    0.00    0.00    0.00    0.00    8.42
02:32:22 PM   23   70.83    0.00   20.83    0.00    0.00    0.00    0.00    0.00    0.00    8.33
02:32:22 PM   24   69.15    0.00   21.28    0.00    0.00    0.00    0.00    0.00    0.00    9.57
02:32:22 PM   25   71.28    0.00   19.15    0.00    0.00    0.00    0.00    0.00    0.00    9.57
02:32:22 PM   26   70.53    0.00   20.00    0.00    0.00    0.00    0.00    0.00    0.00    9.47
02:32:22 PM   27   70.53    0.00   20.00    0.00    0.00    0.00    0.00    0.00    0.00    9.47
02:32:22 PM   28   71.28    0.00   20.21    0.00    0.00    0.00    0.00    0.00    0.00    8.51
02:32:22 PM   29   71.28    0.00   20.21    0.00    0.00    0.00    0.00    0.00    0.00    8.51
02:32:22 PM   30   72.16    0.00   18.56    0.00    0.00    0.00    0.00    0.00    0.00    9.28
02:32:22 PM   31   72.63    0.00   17.89    0.00    0.00    0.00    0.00    0.00    0.00    9.47
02:32:22 PM   32   73.40    0.00   17.02    0.00    0.00    0.00    0.00    0.00    0.00    9.57
02:32:22 PM   33   72.04    0.00   18.28    0.00    0.00    0.00    0.00    0.00    0.00    9.68
02:32:22 PM   34   70.97    0.00   20.43    0.00    0.00    0.00    0.00    0.00    0.00    8.60
02:32:22 PM   35   71.58    0.00   18.95    0.00    0.00    0.00    0.00    0.00    0.00    9.47
02:32:22 PM   36   69.47    0.00   21.05    0.00    0.00    0.00    0.00    0.00    0.00    9.47
02:32:22 PM   37   71.28    0.00   19.15    0.00    0.00    0.00    0.00    0.00    0.00    9.57
02:32:22 PM   38   70.10    0.00   20.62    0.00    0.00    0.00    0.00    0.00    0.00    9.28
02:32:22 PM   39   72.34    0.00   19.15    0.00    0.00    0.00    0.00    0.00    0.00    8.51
02:32:22 PM   40   72.34    0.00   18.09    0.00    0.00    0.00    0.00    0.00    0.00    9.57
02:32:22 PM   41   73.68    0.00   17.89    0.00    0.00    0.00    0.00    0.00    0.00    8.42
02:32:22 PM   42   69.79    0.00   19.79    0.00    0.00    0.00    0.00    0.00    0.00   10.42
02:32:22 PM   43   72.63    0.00   17.89    0.00    0.00    0.00    0.00    0.00    0.00    9.47
02:32:22 PM   44   74.23    0.00   16.49    0.00    0.00    0.00    0.00    0.00    0.00    9.28
02:32:22 PM   45   69.47    0.00   21.05    0.00    0.00    0.00    0.00    0.00    0.00    9.47
02:32:22 PM   46   74.19    0.00   17.20    0.00    0.00    0.00    0.00    0.00    0.00    8.60
02:32:22 PM   47   71.88    0.00   17.71    0.00    0.00    0.00    0.00    0.00    0.00   10.42
02:32:22 PM   48   71.88    0.00   18.75    0.00    0.00    0.00    0.00    0.00    0.00    9.38
02:32:22 PM   49   72.63    0.00   16.84    0.00    0.00    0.00    0.00    0.00    0.00   10.53
02:32:22 PM   50   71.58    0.00   18.95    0.00    0.00    0.00    0.00    0.00    0.00    9.47
02:32:22 PM   51   75.00    0.00   14.58    1.04    0.00    0.00    0.00    0.00    0.00    9.38
02:32:22 PM   52   70.21    0.00   20.21    0.00    0.00    0.00    0.00    0.00    0.00    9.57
02:32:22 PM   53   71.28    0.00   18.09    0.00    0.00    0.00    0.00    0.00    0.00   10.64
02:32:22 PM   54   73.96    0.00   16.67    0.00    0.00    0.00    0.00    0.00    0.00    9.38
02:32:22 PM   55   72.16    0.00   17.53    1.03    0.00    0.00    0.00    0.00    0.00    9.28
02:32:22 PM   56   71.88    0.00   18.75    0.00    0.00    0.00    0.00    0.00    0.00    9.38
02:32:22 PM   57   73.40    0.00   15.96    0.00    0.00    0.00    0.00    0.00    0.00   10.64
02:32:22 PM   58   73.40    0.00   17.02    0.00    0.00    0.00    0.00    0.00    0.00    9.57
02:32:22 PM   59   69.79    0.00   20.83    0.00    0.00    0.00    0.00    0.00    0.00    9.38
02:32:22 PM   60   73.68    0.00   18.95    0.00    0.00    0.00    0.00    0.00    0.00    7.37
02:32:22 PM   61   73.68    0.00   16.84    0.00    0.00    0.00    0.00    0.00    0.00    9.47
02:32:22 PM   62   72.45    0.00   18.37    1.02    0.00    0.00    0.00    0.00    0.00    8.16
02:32:22 PM   63   69.47    0.00   22.11    0.00    0.00    0.00    0.00    0.00    0.00    8.42
02:32:22 PM   64   76.29    0.00   19.59    0.00    0.00    0.00    0.00    0.00    0.00    4.12
02:32:22 PM   65   71.28    0.00   19.15    0.00    0.00    0.00    0.00    0.00    0.00    9.57
02:32:22 PM   66   71.58    0.00   18.95    0.00    0.00    0.00    0.00    0.00    0.00    9.47
02:32:22 PM   67   71.58    0.00   18.95    0.00    0.00    0.00    0.00    0.00    0.00    9.47
02:32:22 PM   68   71.58    0.00   18.95    0.00    0.00    0.00    0.00    0.00    0.00    9.47
02:32:22 PM   69   70.97    0.00   19.35    2.15    0.00    0.00    0.00    0.00    0.00    7.53
02:32:22 PM   70   70.97    0.00   19.35    1.08    0.00    0.00    0.00    0.00    0.00    8.60
02:32:22 PM   71   70.53    0.00   21.05    0.00    0.00    0.00    0.00    0.00    0.00    8.42
02:32:22 PM   72   71.28    0.00   19.15    0.00    0.00    0.00    0.00    0.00    0.00    9.57
02:32:22 PM   73   75.53    0.00   14.89    1.06    0.00    0.00    0.00    0.00    0.00    8.51
02:32:22 PM   74   71.28    0.00   20.21    0.00    0.00    0.00    0.00    0.00    0.00    8.51
02:32:22 PM   75   70.21    0.00   20.21    0.00    0.00    0.00    0.00    0.00    0.00    9.57
02:32:22 PM   76   68.42    0.00   22.11    0.00    0.00    0.00    0.00    0.00    0.00    9.47
02:32:22 PM   77   70.83    0.00   19.79    1.04    0.00    0.00    0.00    0.00    0.00    8.33
02:32:22 PM   78   71.88    0.00   18.75    1.04    0.00    0.00    0.00    0.00    0.00    8.33
02:32:22 PM   79   71.74    0.00   18.48    1.09    0.00    0.00    0.00    0.00    0.00    8.70

02:32:31 PM  CPU    %usr   %nice    %sys %iowait    %irq   %soft  %steal  %guest  %gnice   %idle
02:32:32 PM  all   71.40    0.00   17.97    0.30    0.00    0.00    0.00    0.00    0.00   10.33
02:32:32 PM    0   71.88    0.00   17.71    0.00    0.00    0.00    0.00    0.00    0.00   10.42
02:32:32 PM    1   72.34    0.00   15.96    0.00    0.00    0.00    0.00    0.00    0.00   11.70
02:32:32 PM    2   74.47    0.00   14.89    0.00    0.00    0.00    0.00    0.00    0.00   10.64
02:32:32 PM    3   71.58    0.00   17.89    0.00    0.00    0.00    0.00    0.00    0.00   10.53
02:32:32 PM    4   70.21    0.00   19.15    0.00    0.00    0.00    0.00    0.00    0.00   10.64
02:32:32 PM    5   69.47    0.00   17.89    1.05    0.00    0.00    0.00    0.00    0.00   11.58
02:32:32 PM    6   70.21    0.00   19.15    0.00    0.00    0.00    0.00    0.00    0.00   10.64
02:32:32 PM    7   71.58    0.00   17.89    0.00    0.00    0.00    0.00    0.00    0.00   10.53
02:32:32 PM    8   72.04    0.00   17.20    0.00    0.00    0.00    0.00    0.00    0.00   10.75
02:32:32 PM    9   70.53    0.00   17.89    0.00    0.00    0.00    0.00    0.00    0.00   11.58
02:32:32 PM   10   71.88    0.00   16.67    0.00    0.00    0.00    0.00    0.00    0.00   11.46
02:32:32 PM   11   71.13    0.00   16.49    0.00    0.00    0.00    0.00    0.00    0.00   12.37
02:32:32 PM   12   71.58    0.00   17.89    0.00    0.00    0.00    0.00    0.00    0.00   10.53
02:32:32 PM   13   69.47    0.00   17.89    0.00    0.00    0.00    0.00    0.00    0.00   12.63
02:32:32 PM   14   69.79    0.00   18.75    0.00    0.00    0.00    0.00    0.00    0.00   11.46
02:32:32 PM   15   72.34    0.00   17.02    0.00    0.00    0.00    0.00    0.00    0.00   10.64
02:32:32 PM   16   70.83    0.00   17.71    0.00    0.00    0.00    0.00    0.00    0.00   11.46
02:32:32 PM   17   70.83    0.00   18.75    0.00    0.00    0.00    0.00    0.00    0.00   10.42
02:32:32 PM   18   68.75    0.00   19.79    0.00    0.00    0.00    0.00    0.00    0.00   11.46
02:32:32 PM   19   70.41    0.00   18.37    0.00    0.00    0.00    0.00    0.00    0.00   11.22
02:32:32 PM   20   70.21    0.00   19.15    1.06    0.00    0.00    0.00    0.00    0.00    9.57
02:32:32 PM   21   72.34    0.00   17.02    0.00    0.00    0.00    0.00    0.00    0.00   10.64
02:32:32 PM   22   73.20    0.00   18.56    1.03    0.00    0.00    0.00    0.00    0.00    7.22
02:32:32 PM   23   71.43    0.00   18.37    1.02    0.00    0.00    0.00    0.00    0.00    9.18
02:32:32 PM   24   71.28    0.00   20.21    0.00    0.00    0.00    0.00    0.00    0.00    8.51
02:32:32 PM   25   74.47    0.00   17.02    0.00    0.00    0.00    0.00    0.00    0.00    8.51
02:32:32 PM   26   71.13    0.00   18.56    1.03    0.00    0.00    0.00    0.00    0.00    9.28
02:32:32 PM   27   69.47    0.00   18.95    1.05    0.00    0.00    0.00    0.00    0.00   10.53
02:32:32 PM   28   71.58    0.00   17.89    0.00    0.00    0.00    0.00    0.00    0.00   10.53
02:32:32 PM   29   72.63    0.00   16.84    0.00    0.00    0.00    0.00    0.00    0.00   10.53
02:32:32 PM   30   69.79    0.00   19.79    0.00    0.00    0.00    0.00    0.00    0.00   10.42
02:32:32 PM   31   69.79    0.00   18.75    1.04    0.00    0.00    0.00    0.00    0.00   10.42
02:32:32 PM   32   72.16    0.00   17.53    1.03    0.00    0.00    0.00    0.00    0.00    9.28
02:32:32 PM   33   70.53    0.00   20.00    0.00    0.00    0.00    0.00    0.00    0.00    9.47
02:32:32 PM   34   70.21    0.00   20.21    1.06    0.00    0.00    0.00    0.00    0.00    8.51
02:32:32 PM   35   71.58    0.00   18.95    0.00    0.00    0.00    0.00    0.00    0.00    9.47
02:32:32 PM   36   71.58    0.00   17.89    1.05    0.00    0.00    0.00    0.00    0.00    9.47
02:32:32 PM   37   70.83    0.00   18.75    0.00    0.00    0.00    0.00    0.00    0.00   10.42
02:32:32 PM   38   70.53    0.00   18.95    1.05    0.00    0.00    0.00    0.00    0.00    9.47
02:32:32 PM   39   72.16    0.00   17.53    0.00    0.00    0.00    0.00    0.00    0.00   10.31
02:32:32 PM   40   72.63    0.00   16.84    0.00    0.00    0.00    0.00    0.00    0.00   10.53
02:32:32 PM   41   72.63    0.00   15.79    0.00    0.00    0.00    0.00    0.00    0.00   11.58
02:32:32 PM   42   71.88    0.00   16.67    0.00    0.00    0.00    0.00    0.00    0.00   11.46
02:32:32 PM   43   75.53    0.00   13.83    0.00    0.00    0.00    0.00    0.00    0.00   10.64
02:32:32 PM   44   69.89    0.00   19.35    0.00    0.00    0.00    0.00    0.00    0.00   10.75
02:32:32 PM   45   72.92    0.00   15.62    0.00    0.00    0.00    0.00    0.00    0.00   11.46
02:32:32 PM   46   70.10    0.00   18.56    1.03    0.00    0.00    0.00    0.00    0.00   10.31
02:32:32 PM   47   71.88    0.00   16.67    0.00    0.00    0.00    0.00    0.00    0.00   11.46
02:32:32 PM   48   71.58    0.00   16.84    0.00    0.00    0.00    0.00    0.00    0.00   11.58
02:32:32 PM   49   72.04    0.00   17.20    0.00    0.00    0.00    0.00    0.00    0.00   10.75
02:32:32 PM   50   71.43    0.00   17.35    0.00    0.00    0.00    0.00    0.00    0.00   11.22
02:32:32 PM   51   72.45    0.00   16.33    0.00    0.00    0.00    0.00    0.00    0.00   11.22
02:32:32 PM   52   70.53    0.00   17.89    1.05    0.00    0.00    0.00    0.00    0.00   10.53
02:32:32 PM   53   71.88    0.00   17.71    0.00    0.00    0.00    0.00    0.00    0.00   10.42
02:32:32 PM   54   71.28    0.00   18.09    0.00    0.00    0.00    0.00    0.00    0.00   10.64
02:32:32 PM   55   73.96    0.00   15.62    0.00    0.00    0.00    0.00    0.00    0.00   10.42
02:32:32 PM   56   72.92    0.00   17.71    0.00    0.00    0.00    0.00    0.00    0.00    9.38
02:32:32 PM   57   70.21    0.00   18.09    0.00    0.00    0.00    0.00    0.00    0.00   11.70
02:32:32 PM   58   71.28    0.00   18.09    0.00    0.00    0.00    0.00    0.00    0.00   10.64
02:32:32 PM   59   72.34    0.00   18.09    0.00    0.00    0.00    0.00    0.00    0.00    9.57
02:32:32 PM   60   72.92    0.00   15.62    1.04    0.00    0.00    0.00    0.00    0.00   10.42
02:32:32 PM   61   69.47    0.00   20.00    1.05    0.00    0.00    0.00    0.00    0.00    9.47
02:32:32 PM   62   68.75    0.00   20.83    0.00    0.00    0.00    0.00    0.00    0.00   10.42
02:32:32 PM   63   70.10    0.00   18.56    1.03    0.00    0.00    0.00    0.00    0.00   10.31
02:32:32 PM   64   71.88    0.00   17.71    1.04    0.00    0.00    0.00    0.00    0.00    9.38
02:32:32 PM   65   74.49    0.00   17.35    1.02    0.00    0.00    0.00    0.00    0.00    7.14
02:32:32 PM   66   71.28    0.00   18.09    1.06    0.00    0.00    0.00    0.00    0.00    9.57
02:32:32 PM   67   70.53    0.00   18.95    1.05    0.00    0.00    0.00    0.00    0.00    9.47
02:32:32 PM   68   71.58    0.00   17.89    0.00    0.00    0.00    0.00    0.00    0.00   10.53
02:32:32 PM   69   70.83    0.00   18.75    0.00    0.00    0.00    0.00    0.00    0.00   10.42
02:32:32 PM   70   73.96    0.00   15.62    1.04    0.00    0.00    0.00    0.00    0.00    9.38
02:32:32 PM   71   68.09    0.00   22.34    0.00    0.00    0.00    0.00    0.00    0.00    9.57
02:32:32 PM   72   72.34    0.00   18.09    0.00    0.00    0.00    0.00    0.00    0.00    9.57
02:32:32 PM   73   72.16    0.00   18.56    1.03    0.00    0.00    0.00    0.00    0.00    8.25
02:32:32 PM   74   71.88    0.00   17.71    0.00    0.00    0.00    0.00    0.00    0.00   10.42
02:32:32 PM   75   71.13    0.00   18.56    0.00    0.00    0.00    0.00    0.00    0.00   10.31
02:32:32 PM   76   71.58    0.00   17.89    1.05    0.00    0.00    0.00    0.00    0.00    9.47
02:32:32 PM   77   70.83    0.00   17.71    0.00    0.00    0.00    0.00    0.00    0.00   11.46
02:32:32 PM   78   70.21    0.00   19.15    0.00    0.00    0.00    0.00    0.00    0.00   10.64
02:32:32 PM   79   70.53    0.00   20.00    0.00    0.00    0.00    0.00    0.00    0.00    9.47

02:32:41 PM  CPU    %usr   %nice    %sys %iowait    %irq   %soft  %steal  %guest  %gnice   %idle
02:32:42 PM  all   69.91    0.00   17.43    0.29    0.00    0.01    0.00    0.00    0.00   12.36
02:32:42 PM    0   70.10    0.00   16.49    0.00    0.00    0.00    0.00    0.00    0.00   13.40
02:32:42 PM    1   71.58    0.00   15.79    0.00    0.00    0.00    0.00    0.00    0.00   12.63
02:32:42 PM    2   71.13    0.00   15.46    0.00    0.00    0.00    0.00    0.00    0.00   13.40
02:32:42 PM    3   73.12    0.00   15.05    0.00    0.00    0.00    0.00    0.00    0.00   11.83
02:32:42 PM    4   70.83    0.00   17.71    1.04    0.00    0.00    0.00    0.00    0.00   10.42
02:32:42 PM    5   71.13    0.00   16.49    0.00    0.00    0.00    0.00    0.00    0.00   12.37
02:32:42 PM    6   70.97    0.00   17.20    0.00    0.00    0.00    0.00    0.00    0.00   11.83
02:32:42 PM    7   71.58    0.00   15.79    0.00    0.00    0.00    0.00    0.00    0.00   12.63
02:32:42 PM    8   71.88    0.00   15.62    0.00    0.00    0.00    0.00    0.00    0.00   12.50
02:32:42 PM    9   71.13    0.00   16.49    1.03    0.00    0.00    0.00    0.00    0.00   11.34
02:32:42 PM   10   67.37    0.00   20.00    0.00    0.00    0.00    0.00    0.00    0.00   12.63
02:32:42 PM   11   71.28    0.00   15.96    0.00    0.00    0.00    0.00    0.00    0.00   12.77
02:32:42 PM   12   69.07    0.00   17.53    0.00    0.00    0.00    0.00    0.00    0.00   13.40
02:32:42 PM   13   68.75    0.00   17.71    0.00    0.00    0.00    0.00    0.00    0.00   13.54
02:32:42 PM   14   72.92    0.00   14.58    0.00    0.00    0.00    0.00    0.00    0.00   12.50
02:32:42 PM   15   70.10    0.00   17.53    0.00    0.00    0.00    0.00    0.00    0.00   12.37
02:32:42 PM   16   71.88    0.00   15.62    0.00    0.00    0.00    0.00    0.00    0.00   12.50
02:32:42 PM   17   71.58    0.00   15.79    0.00    0.00    0.00    0.00    0.00    0.00   12.63
02:32:42 PM   18   69.47    0.00   17.89    0.00    0.00    0.00    0.00    0.00    0.00   12.63
02:32:42 PM   19   72.92    0.00   14.58    0.00    0.00    0.00    0.00    0.00    0.00   12.50
02:32:42 PM   20   68.48    0.00   18.48    0.00    0.00    0.00    0.00    0.00    0.00   13.04
02:32:42 PM   21   67.37    0.00   20.00    0.00    0.00    0.00    0.00    0.00    0.00   12.63
02:32:42 PM   22   69.79    0.00   16.67    1.04    0.00    0.00    0.00    0.00    0.00   12.50
02:32:42 PM   23   68.09    0.00   19.15    0.00    0.00    0.00    0.00    0.00    0.00   12.77
02:32:42 PM   24   68.09    0.00   18.09    0.00    0.00    0.00    0.00    0.00    0.00   13.83
02:32:42 PM   25   65.62    0.00   20.83    1.04    0.00    0.00    0.00    0.00    0.00   12.50
02:32:42 PM   26   67.02    0.00   20.21    0.00    0.00    0.00    0.00    0.00    0.00   12.77
02:32:42 PM   27   71.88    0.00   15.62    1.04    0.00    0.00    0.00    0.00    0.00   11.46
02:32:42 PM   28   69.15    0.00   18.09    1.06    0.00    0.00    0.00    0.00    0.00   11.70
02:32:42 PM   29   68.42    0.00   18.95    2.11    0.00    0.00    0.00    0.00    0.00   10.53
02:32:42 PM   30   68.75    0.00   17.71    0.00    0.00    0.00    0.00    0.00    0.00   13.54
02:32:42 PM   31   70.53    0.00   16.84    1.05    0.00    0.00    0.00    0.00    0.00   11.58
02:32:42 PM   32   67.39    0.00   19.57    0.00    0.00    0.00    0.00    0.00    0.00   13.04
02:32:42 PM   33   67.74    0.00   19.35    0.00    0.00    0.00    0.00    0.00    0.00   12.90
02:32:42 PM   34   69.79    0.00   17.71    1.04    0.00    0.00    0.00    0.00    0.00   11.46
02:32:42 PM   35   68.42    0.00   18.95    0.00    0.00    0.00    0.00    0.00    0.00   12.63
02:32:42 PM   36   67.71    0.00   18.75    1.04    0.00    0.00    0.00    0.00    0.00   12.50
02:32:42 PM   37   65.62    0.00   20.83    0.00    0.00    0.00    0.00    0.00    0.00   13.54
02:32:42 PM   38   69.47    0.00   16.84    0.00    0.00    1.05    0.00    0.00    0.00   12.63
02:32:42 PM   39   70.21    0.00   17.02    0.00    0.00    0.00    0.00    0.00    0.00   12.77
02:32:42 PM   40   71.58    0.00   15.79    0.00    0.00    0.00    0.00    0.00    0.00   12.63
02:32:42 PM   41   70.83    0.00   16.67    0.00    0.00    0.00    0.00    0.00    0.00   12.50
02:32:42 PM   42   70.53    0.00   16.84    0.00    0.00    0.00    0.00    0.00    0.00   12.63
02:32:42 PM   43   70.10    0.00   16.49    0.00    0.00    0.00    0.00    0.00    0.00   13.40
02:32:42 PM   44   67.37    0.00   20.00    1.05    0.00    0.00    0.00    0.00    0.00   11.58
02:32:42 PM   45   70.83    0.00   17.71    0.00    0.00    0.00    0.00    0.00    0.00   11.46
02:32:42 PM   46   69.07    0.00   18.56    1.03    0.00    0.00    0.00    0.00    0.00   11.34
02:32:42 PM   47   71.28    0.00   15.96    0.00    0.00    0.00    0.00    0.00    0.00   12.77
02:32:42 PM   48   70.83    0.00   16.67    0.00    0.00    0.00    0.00    0.00    0.00   12.50
02:32:42 PM   49   70.53    0.00   16.84    0.00    0.00    0.00    0.00    0.00    0.00   12.63
02:32:42 PM   50   70.53    0.00   16.84    0.00    0.00    0.00    0.00    0.00    0.00   12.63
02:32:42 PM   51   70.41    0.00   17.35    1.02    0.00    0.00    0.00    0.00    0.00   11.22
02:32:42 PM   52   72.92    0.00   14.58    0.00    0.00    0.00    0.00    0.00    0.00   12.50
02:32:42 PM   53   73.20    0.00   14.43    0.00    0.00    0.00    0.00    0.00    0.00   12.37
02:32:42 PM   54   69.07    0.00   17.53    0.00    0.00    0.00    0.00    0.00    0.00   13.40
02:32:42 PM   55   72.63    0.00   14.74    1.05    0.00    0.00    0.00    0.00    0.00   11.58
02:32:42 PM   56   67.71    0.00   19.79    0.00    0.00    0.00    0.00    0.00    0.00   12.50
02:32:42 PM   57   70.53    0.00   16.84    0.00    0.00    0.00    0.00    0.00    0.00   12.63
02:32:42 PM   58   71.13    0.00   16.49    0.00    0.00    0.00    0.00    0.00    0.00   12.37
02:32:42 PM   59   71.28    0.00   17.02    0.00    0.00    0.00    0.00    0.00    0.00   11.70
02:32:42 PM   60   67.71    0.00   18.75    1.04    0.00    0.00    0.00    0.00    0.00   12.50
02:32:42 PM   61   65.59    0.00   20.43    0.00    0.00    0.00    0.00    0.00    0.00   13.98
02:32:42 PM   62   69.47    0.00   18.95    0.00    0.00    0.00    0.00    0.00    0.00   11.58
02:32:42 PM   63   68.09    0.00   19.15    1.06    0.00    0.00    0.00    0.00    0.00   11.70
02:32:42 PM   64   68.82    0.00   19.35    0.00    0.00    0.00    0.00    0.00    0.00   11.83
02:32:42 PM   65   68.82    0.00   18.28    1.08    0.00    0.00    0.00    0.00    0.00   11.83
02:32:42 PM   66   69.15    0.00   17.02    0.00    0.00    0.00    0.00    0.00    0.00   13.83
02:32:42 PM   67   76.53    0.00   16.33    1.02    0.00    0.00    0.00    0.00    0.00    6.12
02:32:42 PM   68   70.21    0.00   17.02    0.00    0.00    0.00    0.00    0.00    0.00   12.77
02:32:42 PM   69   70.53    0.00   15.79    1.05    0.00    0.00    0.00    0.00    0.00   12.63
02:32:42 PM   70   70.53    0.00   16.84    0.00    0.00    0.00    0.00    0.00    0.00   12.63
02:32:42 PM   71   67.37    0.00   20.00    0.00    0.00    0.00    0.00    0.00    0.00   12.63
02:32:42 PM   72   70.21    0.00   17.02    0.00    0.00    0.00    0.00    0.00    0.00   12.77
02:32:42 PM   73   69.15    0.00   19.15    0.00    0.00    0.00    0.00    0.00    0.00   11.70
02:32:42 PM   74   71.28    0.00   17.02    0.00    0.00    0.00    0.00    0.00    0.00   11.70
02:32:42 PM   75   68.42    0.00   18.95    0.00    0.00    0.00    0.00    0.00    0.00   12.63
02:32:42 PM   76   70.53    0.00   16.84    0.00    0.00    0.00    0.00    0.00    0.00   12.63
02:32:42 PM   77   68.42    0.00   18.95    0.00    0.00    0.00    0.00    0.00    0.00   12.63
02:32:42 PM   78   72.92    0.00   14.58    1.04    0.00    0.00    0.00    0.00    0.00   11.46
02:32:42 PM   79   67.74    0.00   18.28    1.08    0.00    0.00    0.00    0.00    0.00   12.90

02:32:51 PM  CPU    %usr   %nice    %sys %iowait    %irq   %soft  %steal  %guest  %gnice   %idle
02:32:52 PM  all   71.95    0.00   17.83    0.22    0.00    0.00    0.00    0.00    0.00   10.00
02:32:52 PM    0   74.47    0.00   13.83    1.06    0.00    0.00    0.00    0.00    0.00   10.64
02:32:52 PM    1   71.88    0.00   17.71    0.00    0.00    0.00    0.00    0.00    0.00   10.42
02:32:52 PM    2   72.92    0.00   16.67    0.00    0.00    0.00    0.00    0.00    0.00   10.42
02:32:52 PM    3   71.58    0.00   16.84    0.00    0.00    0.00    0.00    0.00    0.00   11.58
02:32:52 PM    4   70.83    0.00   19.79    0.00    0.00    0.00    0.00    0.00    0.00    9.38
02:32:52 PM    5   72.92    0.00   16.67    0.00    0.00    0.00    0.00    0.00    0.00   10.42
02:32:52 PM    6   72.92    0.00   17.71    0.00    0.00    0.00    0.00    0.00    0.00    9.38
02:32:52 PM    7   72.63    0.00   15.79    0.00    0.00    0.00    0.00    0.00    0.00   11.58
02:32:52 PM    8   72.04    0.00   17.20    0.00    0.00    0.00    0.00    0.00    0.00   10.75
02:32:52 PM    9   70.21    0.00   18.09    0.00    0.00    0.00    0.00    0.00    0.00   11.70
02:32:52 PM   10   69.79    0.00   19.79    0.00    0.00    0.00    0.00    0.00    0.00   10.42
02:32:52 PM   11   69.47    0.00   20.00    0.00    0.00    0.00    0.00    0.00    0.00   10.53
02:32:52 PM   12   72.16    0.00   17.53    0.00    0.00    0.00    0.00    0.00    0.00   10.31
02:32:52 PM   13   73.12    0.00   17.20    0.00    0.00    0.00    0.00    0.00    0.00    9.68
02:32:52 PM   14   70.53    0.00   18.95    0.00    0.00    0.00    0.00    0.00    0.00   10.53
02:32:52 PM   15   71.58    0.00   17.89    0.00    0.00    0.00    0.00    0.00    0.00   10.53
02:32:52 PM   16   71.58    0.00   16.84    1.05    0.00    0.00    0.00    0.00    0.00   10.53
02:32:52 PM   17   70.21    0.00   19.15    0.00    0.00    0.00    0.00    0.00    0.00   10.64
02:32:52 PM   18   71.88    0.00   17.71    0.00    0.00    0.00    0.00    0.00    0.00   10.42
02:32:52 PM   19   69.79    0.00   19.79    0.00    0.00    0.00    0.00    0.00    0.00   10.42
02:32:52 PM   20   72.34    0.00   18.09    0.00    0.00    0.00    0.00    0.00    0.00    9.57
02:32:52 PM   21   69.47    0.00   21.05    0.00    0.00    0.00    0.00    0.00    0.00    9.47
02:32:52 PM   22   72.63    0.00   16.84    1.05    0.00    0.00    0.00    0.00    0.00    9.47
02:32:52 PM   23   70.83    0.00   18.75    1.04    0.00    0.00    0.00    0.00    0.00    9.38
02:32:52 PM   24   73.40    0.00   17.02    1.06    0.00    0.00    0.00    0.00    0.00    8.51
02:32:52 PM   25   74.47    0.00   15.96    0.00    0.00    0.00    0.00    0.00    0.00    9.57
02:32:52 PM   26   72.04    0.00   18.28    0.00    0.00    0.00    0.00    0.00    0.00    9.68
02:32:52 PM   27   70.21    0.00   20.21    0.00    0.00    0.00    0.00    0.00    0.00    9.57
02:32:52 PM   28   70.21    0.00   20.21    0.00    0.00    0.00    0.00    0.00    0.00    9.57
02:32:52 PM   29   81.05    0.00   10.53    0.00    0.00    0.00    0.00    0.00    0.00    8.42
02:32:52 PM   30   73.12    0.00   16.13    1.08    0.00    0.00    0.00    0.00    0.00    9.68
02:32:52 PM   31   72.34    0.00   18.09    0.00    0.00    0.00    0.00    0.00    0.00    9.57
02:32:52 PM   32   71.28    0.00   18.09    1.06    0.00    0.00    0.00    0.00    0.00    9.57
02:32:52 PM   33   70.83    0.00   19.79    0.00    0.00    0.00    0.00    0.00    0.00    9.38
02:32:52 PM   34   69.79    0.00   19.79    1.04    0.00    0.00    0.00    0.00    0.00    9.38
02:32:52 PM   35   74.74    0.00   15.79    0.00    0.00    0.00    0.00    0.00    0.00    9.47
02:32:52 PM   36   72.04    0.00   18.28    0.00    0.00    0.00    0.00    0.00    0.00    9.68
02:32:52 PM   37   69.89    0.00   19.35    1.08    0.00    0.00    0.00    0.00    0.00    9.68
02:32:52 PM   38   70.53    0.00   18.95    1.05    0.00    0.00    0.00    0.00    0.00    9.47
02:32:52 PM   39   71.58    0.00   17.89    1.05    0.00    0.00    0.00    0.00    0.00    9.47
02:32:52 PM   40   70.83    0.00   17.71    0.00    0.00    0.00    0.00    0.00    0.00   11.46
02:32:52 PM   41   71.13    0.00   17.53    1.03    0.00    0.00    0.00    0.00    0.00   10.31
02:32:52 PM   42   73.68    0.00   15.79    0.00    0.00    0.00    0.00    0.00    0.00   10.53
02:32:52 PM   43   72.63    0.00   16.84    0.00    0.00    0.00    0.00    0.00    0.00   10.53
02:32:52 PM   44   73.96    0.00   15.62    0.00    0.00    0.00    0.00    0.00    0.00   10.42
02:32:52 PM   45   73.96    0.00   15.62    0.00    0.00    0.00    0.00    0.00    0.00   10.42
02:32:52 PM   46   71.13    0.00   18.56    0.00    0.00    0.00    0.00    0.00    0.00   10.31
02:32:52 PM   47   73.68    0.00   15.79    0.00    0.00    0.00    0.00    0.00    0.00   10.53
02:32:52 PM   48   73.68    0.00   15.79    0.00    0.00    0.00    0.00    0.00    0.00   10.53
02:32:52 PM   49   74.47    0.00   15.96    0.00    0.00    0.00    0.00    0.00    0.00    9.57
02:32:52 PM   50   72.16    0.00   17.53    0.00    0.00    0.00    0.00    0.00    0.00   10.31
02:32:52 PM   51   73.40    0.00   15.96    0.00    0.00    0.00    0.00    0.00    0.00   10.64
02:32:52 PM   52   72.34    0.00   18.09    0.00    0.00    0.00    0.00    0.00    0.00    9.57
02:32:52 PM   53   70.53    0.00   18.95    0.00    0.00    0.00    0.00    0.00    0.00   10.53
02:32:52 PM   54   70.83    0.00   17.71    0.00    0.00    0.00    0.00    0.00    0.00   11.46
02:32:52 PM   55   73.12    0.00   17.20    0.00    0.00    0.00    0.00    0.00    0.00    9.68
02:32:52 PM   56   70.83    0.00   17.71    0.00    0.00    0.00    0.00    0.00    0.00   11.46
02:32:52 PM   57   70.53    0.00   18.95    0.00    0.00    0.00    0.00    0.00    0.00   10.53
02:32:52 PM   58   71.28    0.00   19.15    0.00    0.00    0.00    0.00    0.00    0.00    9.57
02:32:52 PM   59   70.21    0.00   19.15    0.00    0.00    0.00    0.00    0.00    0.00   10.64
02:32:52 PM   60   75.79    0.00   14.74    0.00    0.00    0.00    0.00    0.00    0.00    9.47
02:32:52 PM   61   70.53    0.00   18.95    0.00    0.00    0.00    0.00    0.00    0.00   10.53
02:32:52 PM   62   72.34    0.00   17.02    0.00    0.00    0.00    0.00    0.00    0.00   10.64
02:32:52 PM   63   69.79    0.00   19.79    0.00    0.00    0.00    0.00    0.00    0.00   10.42
02:32:52 PM   64   70.97    0.00   18.28    1.08    0.00    0.00    0.00    0.00    0.00    9.68
02:32:52 PM   65   71.28    0.00   19.15    0.00    0.00    0.00    0.00    0.00    0.00    9.57
02:32:52 PM   66   69.89    0.00   20.43    0.00    0.00    0.00    0.00    0.00    0.00    9.68
02:32:52 PM   67   75.27    0.00   16.13    0.00    0.00    0.00    0.00    0.00    0.00    8.60
02:32:52 PM   68   70.21    0.00   19.15    0.00    0.00    0.00    0.00    0.00    0.00   10.64
02:32:52 PM   69   76.04    0.00   18.75    0.00    0.00    0.00    0.00    0.00    0.00    5.21
02:32:52 PM   70   73.40    0.00   18.09    0.00    0.00    0.00    0.00    0.00    0.00    8.51
02:32:52 PM   71   71.58    0.00   17.89    0.00    0.00    0.00    0.00    0.00    0.00   10.53
02:32:52 PM   72   70.53    0.00   18.95    1.05    0.00    0.00    0.00    0.00    0.00    9.47
02:32:52 PM   73   71.58    0.00   17.89    0.00    0.00    0.00    0.00    0.00    0.00   10.53
02:32:52 PM   74   70.97    0.00   19.35    0.00    0.00    0.00    0.00    0.00    0.00    9.68
02:32:52 PM   75   73.40    0.00   17.02    0.00    0.00    0.00    0.00    0.00    0.00    9.57
02:32:52 PM   76   69.79    0.00   18.75    1.04    0.00    0.00    0.00    0.00    0.00   10.42
02:32:52 PM   77   68.82    0.00   20.43    0.00    0.00    0.00    0.00    0.00    0.00   10.75
02:32:52 PM   78   72.63    0.00   15.79    2.11    0.00    0.00    0.00    0.00    0.00    9.47
02:32:52 PM   79   71.43    0.00   19.78    0.00    0.00    0.00    0.00    0.00    0.00    8.79

02:33:01 PM  CPU    %usr   %nice    %sys %iowait    %irq   %soft  %steal  %guest  %gnice   %idle
02:33:02 PM  all   71.49    0.00   17.56    0.31    0.00    0.01    0.00    0.00    0.00   10.62
02:33:02 PM    0   70.83    0.00   17.71    1.04    0.00    0.00    0.00    0.00    0.00   10.42
02:33:02 PM    1   73.96    0.00   15.62    0.00    0.00    0.00    0.00    0.00    0.00   10.42
02:33:02 PM    2   70.41    0.00   18.37    0.00    0.00    0.00    0.00    0.00    0.00   11.22
02:33:02 PM    3   71.58    0.00   16.84    1.05    0.00    0.00    0.00    0.00    0.00   10.53
02:33:02 PM    4   72.63    0.00   16.84    0.00    0.00    0.00    0.00    0.00    0.00   10.53
02:33:02 PM    5   72.92    0.00   16.67    0.00    0.00    0.00    0.00    0.00    0.00   10.42
02:33:02 PM    6   72.92    0.00   17.71    0.00    0.00    0.00    0.00    0.00    0.00    9.38
02:33:02 PM    7   72.92    0.00   16.67    0.00    0.00    0.00    0.00    0.00    0.00   10.42
02:33:02 PM    8   81.25    0.00    9.38    0.00    0.00    0.00    0.00    0.00    0.00    9.38
02:33:02 PM    9   71.43    0.00   18.37    0.00    0.00    0.00    0.00    0.00    0.00   10.20
02:33:02 PM   10   70.53    0.00   17.89    0.00    0.00    0.00    0.00    0.00    0.00   11.58
02:33:02 PM   11   72.34    0.00   17.02    0.00    0.00    0.00    0.00    0.00    0.00   10.64
02:33:02 PM   12   71.28    0.00   19.15    0.00    0.00    0.00    0.00    0.00    0.00    9.57
02:33:02 PM   13   72.63    0.00   15.79    0.00    0.00    0.00    0.00    0.00    0.00   11.58
02:33:02 PM   14   73.96    0.00   15.62    0.00    0.00    0.00    0.00    0.00    0.00   10.42
02:33:02 PM   15   71.88    0.00   17.71    0.00    0.00    0.00    0.00    0.00    0.00   10.42
02:33:02 PM   16   74.23    0.00   15.46    0.00    0.00    0.00    0.00    0.00    0.00   10.31
02:33:02 PM   17   71.88    0.00   17.71    0.00    0.00    0.00    0.00    0.00    0.00   10.42
02:33:02 PM   18   73.40    0.00   15.96    0.00    0.00    0.00    0.00    0.00    0.00   10.64
02:33:02 PM   19   72.63    0.00   15.79    0.00    0.00    0.00    0.00    0.00    0.00   11.58
02:33:02 PM   20   72.63    0.00   15.79    1.05    0.00    0.00    0.00    0.00    0.00   10.53
02:33:02 PM   21   70.53    0.00   18.95    0.00    0.00    0.00    0.00    0.00    0.00   10.53
02:33:02 PM   22   69.47    0.00   18.95    0.00    0.00    0.00    0.00    0.00    0.00   11.58
02:33:02 PM   23   68.75    0.00   19.79    1.04    0.00    0.00    0.00    0.00    0.00   10.42
02:33:02 PM   24   68.75    0.00   20.83    1.04    0.00    0.00    0.00    0.00    0.00    9.38
02:33:02 PM   25   69.15    0.00   19.15    0.00    0.00    0.00    0.00    0.00    0.00   11.70
02:33:02 PM   26   72.34    0.00   17.02    0.00    0.00    0.00    0.00    0.00    0.00   10.64
02:33:02 PM   27   71.58    0.00   16.84    0.00    0.00    0.00    0.00    0.00    0.00   11.58
02:33:02 PM   28   68.75    0.00   18.75    1.04    0.00    0.00    0.00    0.00    0.00   11.46
02:33:02 PM   29   72.63    0.00   15.79    0.00    0.00    0.00    0.00    0.00    0.00   11.58
02:33:02 PM   30   71.28    0.00   17.02    0.00    0.00    0.00    0.00    0.00    0.00   11.70
02:33:02 PM   31   68.42    0.00   21.05    1.05    0.00    0.00    0.00    0.00    0.00    9.47
02:33:02 PM   32   70.53    0.00   18.95    1.05    0.00    0.00    0.00    0.00    0.00    9.47
02:33:02 PM   33   68.75    0.00   19.79    1.04    0.00    0.00    0.00    0.00    0.00   10.42
02:33:02 PM   34   70.53    0.00   17.89    2.11    0.00    0.00    0.00    0.00    0.00    9.47
02:33:02 PM   35   77.08    0.00   16.67    0.00    0.00    0.00    0.00    0.00    0.00    6.25
02:33:02 PM   36   72.04    0.00   16.13    1.08    0.00    0.00    0.00    0.00    0.00   10.75
02:33:02 PM   37   69.15    0.00   19.15    0.00    0.00    0.00    0.00    0.00    0.00   11.70
02:33:02 PM   38   68.42    0.00   20.00    0.00    0.00    0.00    0.00    0.00    0.00   11.58
02:33:02 PM   39   70.21    0.00   18.09    0.00    0.00    0.00    0.00    0.00    0.00   11.70
02:33:02 PM   40   73.40    0.00   15.96    0.00    0.00    0.00    0.00    0.00    0.00   10.64
02:33:02 PM   41   71.88    0.00   17.71    0.00    0.00    0.00    0.00    0.00    0.00   10.42
02:33:02 PM   42   72.45    0.00   16.33    1.02    0.00    0.00    0.00    0.00    0.00   10.20
02:33:02 PM   43   70.83    0.00   17.71    1.04    0.00    0.00    0.00    0.00    0.00   10.42
02:33:02 PM   44   74.47    0.00   14.89    0.00    0.00    0.00    0.00    0.00    0.00   10.64
02:33:02 PM   45   72.92    0.00   16.67    0.00    0.00    0.00    0.00    0.00    0.00   10.42
02:33:02 PM   46   71.88    0.00   16.67    0.00    0.00    0.00    0.00    0.00    0.00   11.46
02:33:02 PM   47   70.10    0.00   18.56    0.00    0.00    0.00    0.00    0.00    0.00   11.34
02:33:02 PM   48   70.83    0.00   17.71    0.00    0.00    0.00    0.00    0.00    0.00   11.46
02:33:02 PM   49   73.40    0.00   15.96    0.00    0.00    0.00    0.00    0.00    0.00   10.64
02:33:02 PM   50   70.10    0.00   18.56    0.00    0.00    0.00    0.00    0.00    0.00   11.34
02:33:02 PM   51   73.68    0.00   15.79    0.00    0.00    0.00    0.00    0.00    0.00   10.53
02:33:02 PM   52   70.53    0.00   18.95    0.00    0.00    0.00    0.00    0.00    0.00   10.53
02:33:02 PM   53   70.83    0.00   17.71    0.00    0.00    0.00    0.00    0.00    0.00   11.46
02:33:02 PM   54   74.49    0.00   15.31    0.00    0.00    0.00    0.00    0.00    0.00   10.20
02:33:02 PM   55   71.58    0.00   17.89    0.00    0.00    0.00    0.00    0.00    0.00   10.53
02:33:02 PM   56   72.63    0.00   16.84    0.00    0.00    0.00    0.00    0.00    0.00   10.53
02:33:02 PM   57   72.16    0.00   16.49    0.00    0.00    0.00    0.00    0.00    0.00   11.34
02:33:02 PM   58   72.16    0.00   16.49    0.00    0.00    0.00    0.00    0.00    0.00   11.34
02:33:02 PM   59   71.58    0.00   16.84    0.00    0.00    0.00    0.00    0.00    0.00   11.58
02:33:02 PM   60   69.47    0.00   18.95    1.05    0.00    0.00    0.00    0.00    0.00   10.53
02:33:02 PM   61   70.53    0.00   17.89    1.05    0.00    0.00    0.00    0.00    0.00   10.53
02:33:02 PM   62   68.09    0.00   20.21    1.06    0.00    0.00    0.00    0.00    0.00   10.64
02:33:02 PM   63   69.79    0.00   18.75    0.00    0.00    0.00    0.00    0.00    0.00   11.46
02:33:02 PM   64   70.53    0.00   16.84    1.05    0.00    0.00    0.00    0.00    0.00   11.58
02:33:02 PM   65   72.63    0.00   16.84    0.00    0.00    0.00    0.00    0.00    0.00   10.53
02:33:02 PM   66   70.83    0.00   18.75    1.04    0.00    0.00    0.00    0.00    0.00    9.38
02:33:02 PM   67   71.58    0.00   17.89    0.00    0.00    0.00    0.00    0.00    0.00   10.53
02:33:02 PM   68   71.58    0.00   17.89    0.00    0.00    0.00    0.00    0.00    0.00   10.53
02:33:02 PM   69   70.21    0.00   20.21    0.00    0.00    0.00    0.00    0.00    0.00    9.57
02:33:02 PM   70   71.28    0.00   17.02    0.00    0.00    0.00    0.00    0.00    0.00   11.70
02:33:02 PM   71   68.09    0.00   22.34    0.00    0.00    0.00    0.00    0.00    0.00    9.57
02:33:02 PM   72   69.79    0.00   18.75    1.04    0.00    0.00    0.00    0.00    0.00   10.42
02:33:02 PM   73   68.04    0.00   19.59    1.03    0.00    0.00    0.00    0.00    0.00   11.34
02:33:02 PM   74   69.47    0.00   18.95    1.05    0.00    0.00    0.00    0.00    0.00   10.53
02:33:02 PM   75   71.58    0.00   17.89    0.00    0.00    0.00    0.00    0.00    0.00   10.53
02:33:02 PM   76   72.92    0.00   15.62    1.04    0.00    0.00    0.00    0.00    0.00   10.42
02:33:02 PM   77   72.34    0.00   18.09    0.00    0.00    0.00    0.00    0.00    0.00    9.57
02:33:02 PM   78   71.58    0.00   17.89    0.00    0.00    1.05    0.00    0.00    0.00    9.47
02:33:02 PM   79   70.53    0.00   16.84    1.05    0.00    0.00    0.00    0.00    0.00   11.58

02:33:11 PM  CPU    %usr   %nice    %sys %iowait    %irq   %soft  %steal  %guest  %gnice   %idle
02:33:12 PM  all   72.12    0.00   17.97    0.18    0.00    0.00    0.00    0.00    0.00    9.72
02:33:12 PM    0   72.92    0.00   15.62    0.00    0.00    0.00    0.00    0.00    0.00   11.46
02:33:12 PM    1   70.83    0.00   18.75    0.00    0.00    0.00    0.00    0.00    0.00   10.42
02:33:12 PM    2   72.34    0.00   17.02    0.00    0.00    0.00    0.00    0.00    0.00   10.64
02:33:12 PM    3   72.92    0.00   16.67    1.04    0.00    0.00    0.00    0.00    0.00    9.38
02:33:12 PM    4   73.40    0.00   17.02    0.00    0.00    0.00    0.00    0.00    0.00    9.57
02:33:12 PM    5   71.58    0.00   17.89    0.00    0.00    0.00    0.00    0.00    0.00   10.53
02:33:12 PM    6   74.19    0.00   16.13    0.00    0.00    0.00    0.00    0.00    0.00    9.68
02:33:12 PM    7   71.88    0.00   17.71    0.00    0.00    0.00    0.00    0.00    0.00   10.42
02:33:12 PM    8   77.32    0.00   15.46    1.03    0.00    0.00    0.00    0.00    0.00    6.19
02:33:12 PM    9   70.53    0.00   18.95    0.00    0.00    0.00    0.00    0.00    0.00   10.53
02:33:12 PM   10   74.74    0.00   14.74    0.00    0.00    0.00    0.00    0.00    0.00   10.53
02:33:12 PM   11   70.21    0.00   19.15    0.00    0.00    0.00    0.00    0.00    0.00   10.64
02:33:12 PM   12   72.34    0.00   17.02    0.00    0.00    0.00    0.00    0.00    0.00   10.64
02:33:12 PM   13   74.47    0.00   14.89    0.00    0.00    0.00    0.00    0.00    0.00   10.64
02:33:12 PM   14   72.92    0.00   16.67    0.00    0.00    0.00    0.00    0.00    0.00   10.42
02:33:12 PM   15   72.16    0.00   16.49    1.03    0.00    0.00    0.00    0.00    0.00   10.31
02:33:12 PM   16   71.58    0.00   17.89    0.00    0.00    0.00    0.00    0.00    0.00   10.53
02:33:12 PM   17   73.20    0.00   16.49    0.00    0.00    0.00    0.00    0.00    0.00   10.31
02:33:12 PM   18   72.63    0.00   16.84    0.00    0.00    0.00    0.00    0.00    0.00   10.53
02:33:12 PM   19   74.47    0.00   15.96    0.00    0.00    0.00    0.00    0.00    0.00    9.57
02:33:12 PM   20   72.63    0.00   17.89    0.00    0.00    0.00    0.00    0.00    0.00    9.47
02:33:12 PM   21   71.58    0.00   18.95    0.00    0.00    0.00    0.00    0.00    0.00    9.47
02:33:12 PM   22   72.04    0.00   18.28    0.00    0.00    0.00    0.00    0.00    0.00    9.68
02:33:12 PM   23   71.28    0.00   19.15    0.00    0.00    0.00    0.00    0.00    0.00    9.57
02:33:12 PM   24   72.04    0.00   18.28    0.00    0.00    0.00    0.00    0.00    0.00    9.68
02:33:12 PM   25   72.92    0.00   17.71    0.00    0.00    0.00    0.00    0.00    0.00    9.38
02:33:12 PM   26   71.28    0.00   19.15    0.00    0.00    0.00    0.00    0.00    0.00    9.57
02:33:12 PM   27   69.89    0.00   20.43    0.00    0.00    0.00    0.00    0.00    0.00    9.68
02:33:12 PM   28   74.19    0.00   18.28    0.00    0.00    0.00    0.00    0.00    0.00    7.53
02:33:12 PM   29   71.28    0.00   19.15    1.06    0.00    0.00    0.00    0.00    0.00    8.51
02:33:12 PM   30   72.34    0.00   18.09    0.00    0.00    0.00    0.00    0.00    0.00    9.57
02:33:12 PM   31   71.88    0.00   18.75    1.04    0.00    0.00    0.00    0.00    0.00    8.33
02:33:12 PM   32   71.88    0.00   19.79    0.00    0.00    0.00    0.00    0.00    0.00    8.33
02:33:12 PM   33   73.63    0.00   17.58    0.00    0.00    0.00    0.00    0.00    0.00    8.79
02:33:12 PM   34   72.34    0.00   18.09    0.00    0.00    0.00    0.00    0.00    0.00    9.57
02:33:12 PM   35   70.21    0.00   20.21    0.00    0.00    0.00    0.00    0.00    0.00    9.57
02:33:12 PM   36   72.34    0.00   18.09    0.00    0.00    0.00    0.00    0.00    0.00    9.57
02:33:12 PM   37   73.40    0.00   17.02    0.00    0.00    0.00    0.00    0.00    0.00    9.57
02:33:12 PM   38   72.63    0.00   17.89    0.00    0.00    0.00    0.00    0.00    0.00    9.47
02:33:12 PM   39   71.88    0.00   19.79    0.00    0.00    0.00    0.00    0.00    0.00    8.33
02:33:12 PM   40   71.28    0.00   19.15    0.00    0.00    0.00    0.00    0.00    0.00    9.57
02:33:12 PM   41   72.92    0.00   16.67    0.00    0.00    0.00    0.00    0.00    0.00   10.42
02:33:12 PM   42   72.92    0.00   17.71    0.00    0.00    0.00    0.00    0.00    0.00    9.38
02:33:12 PM   43   72.63    0.00   17.89    0.00    0.00    0.00    0.00    0.00    0.00    9.47
02:33:12 PM   44   72.34    0.00   18.09    0.00    0.00    0.00    0.00    0.00    0.00    9.57
02:33:12 PM   45   72.34    0.00   17.02    0.00    0.00    0.00    0.00    0.00    0.00   10.64
02:33:12 PM   46   72.16    0.00   17.53    0.00    0.00    0.00    0.00    0.00    0.00   10.31
02:33:12 PM   47   72.63    0.00   15.79    0.00    0.00    0.00    0.00    0.00    0.00   11.58
02:33:12 PM   48   70.53    0.00   18.95    1.05    0.00    0.00    0.00    0.00    0.00    9.47
02:33:12 PM   49   75.26    0.00   16.49    0.00    0.00    0.00    0.00    0.00    0.00    8.25
02:33:12 PM   50   71.58    0.00   17.89    0.00    0.00    0.00    0.00    0.00    0.00   10.53
02:33:12 PM   51   73.40    0.00   15.96    1.06    0.00    0.00    0.00    0.00    0.00    9.57
02:33:12 PM   52   73.40    0.00   17.02    0.00    0.00    0.00    0.00    0.00    0.00    9.57
02:33:12 PM   53   71.88    0.00   17.71    0.00    0.00    0.00    0.00    0.00    0.00   10.42
02:33:12 PM   54   72.34    0.00   17.02    1.06    0.00    0.00    0.00    0.00    0.00    9.57
02:33:12 PM   55   71.88    0.00   18.75    0.00    0.00    0.00    0.00    0.00    0.00    9.38
02:33:12 PM   56   71.58    0.00   16.84    1.05    0.00    0.00    0.00    0.00    0.00   10.53
02:33:12 PM   57   71.58    0.00   17.89    0.00    0.00    0.00    0.00    0.00    0.00   10.53
02:33:12 PM   58   72.34    0.00   18.09    0.00    0.00    0.00    0.00    0.00    0.00    9.57
02:33:12 PM   59   71.28    0.00   18.09    0.00    0.00    0.00    0.00    0.00    0.00   10.64
02:33:12 PM   60   70.53    0.00   18.95    0.00    0.00    0.00    0.00    0.00    0.00   10.53
02:33:12 PM   61   73.40    0.00   17.02    0.00    0.00    0.00    0.00    0.00    0.00    9.57
02:33:12 PM   62   72.34    0.00   18.09    0.00    0.00    0.00    0.00    0.00    0.00    9.57
02:33:12 PM   63   71.28    0.00   18.09    0.00    0.00    0.00    0.00    0.00    0.00   10.64
02:33:12 PM   64   69.89    0.00   19.35    1.08    0.00    0.00    0.00    0.00    0.00    9.68
02:33:12 PM   65   72.63    0.00   17.89    1.05    0.00    0.00    0.00    0.00    0.00    8.42
02:33:12 PM   66   70.97    0.00   18.28    1.08    0.00    0.00    0.00    0.00    0.00    9.68
02:33:12 PM   67   70.53    0.00   18.95    0.00    0.00    0.00    0.00    0.00    0.00   10.53
02:33:12 PM   68   71.58    0.00   18.95    0.00    0.00    0.00    0.00    0.00    0.00    9.47
02:33:12 PM   69   73.40    0.00   18.09    0.00    0.00    0.00    0.00    0.00    0.00    8.51
02:33:12 PM   70   69.15    0.00   20.21    0.00    0.00    0.00    0.00    0.00    0.00   10.64
02:33:12 PM   71   73.40    0.00   17.02    0.00    0.00    0.00    0.00    0.00    0.00    9.57
02:33:12 PM   72   71.58    0.00   18.95    0.00    0.00    0.00    0.00    0.00    0.00    9.47
02:33:12 PM   73   72.34    0.00   18.09    0.00    0.00    0.00    0.00    0.00    0.00    9.57
02:33:12 PM   74   68.09    0.00   22.34    0.00    0.00    0.00    0.00    0.00    0.00    9.57
02:33:12 PM   75   71.88    0.00   18.75    0.00    0.00    0.00    0.00    0.00    0.00    9.38
02:33:12 PM   76   70.10    0.00   19.59    0.00    0.00    0.00    0.00    0.00    0.00   10.31
02:33:12 PM   77   69.47    0.00   21.05    0.00    0.00    0.00    0.00    0.00    0.00    9.47
02:33:12 PM   78   70.21    0.00   19.15    1.06    0.00    0.00    0.00    0.00    0.00    9.57
02:33:12 PM   79   72.16    0.00   18.56    1.03    0.00    0.00    0.00    0.00    0.00    8.25

02:33:21 PM  CPU    %usr   %nice    %sys %iowait    %irq   %soft  %steal  %guest  %gnice   %idle
02:33:22 PM  all   72.44    0.00   17.55    0.28    0.00    0.00    0.00    0.00    0.00    9.72
02:33:22 PM    0   72.16    0.00   16.49    0.00    0.00    0.00    0.00    0.00    0.00   11.34
02:33:22 PM    1   72.92    0.00   16.67    0.00    0.00    0.00    0.00    0.00    0.00   10.42
02:33:22 PM    2   74.19    0.00   15.05    0.00    0.00    0.00    0.00    0.00    0.00   10.75
02:33:22 PM    3   72.16    0.00   17.53    0.00    0.00    0.00    0.00    0.00    0.00   10.31
02:33:22 PM    4   71.58    0.00   17.89    0.00    0.00    0.00    0.00    0.00    0.00   10.53
02:33:22 PM    5   71.58    0.00   17.89    0.00    0.00    0.00    0.00    0.00    0.00   10.53
02:33:22 PM    6   72.34    0.00   18.09    0.00    0.00    0.00    0.00    0.00    0.00    9.57
02:33:22 PM    7   70.83    0.00   17.71    0.00    0.00    0.00    0.00    0.00    0.00   11.46
02:33:22 PM    8   72.63    0.00   16.84    0.00    0.00    0.00    0.00    0.00    0.00   10.53
02:33:22 PM    9   71.58    0.00   17.89    0.00    0.00    0.00    0.00    0.00    0.00   10.53
02:33:22 PM   10   72.34    0.00   15.96    1.06    0.00    0.00    0.00    0.00    0.00   10.64
02:33:22 PM   11   75.27    0.00   15.05    0.00    0.00    0.00    0.00    0.00    0.00    9.68
02:33:22 PM   12   71.88    0.00   16.67    0.00    0.00    0.00    0.00    0.00    0.00   11.46
02:33:22 PM   13   71.28    0.00   17.02    0.00    0.00    0.00    0.00    0.00    0.00   11.70
02:33:22 PM   14   71.88    0.00   16.67    0.00    0.00    0.00    0.00    0.00    0.00   11.46
02:33:22 PM   15   72.16    0.00   16.49    1.03    0.00    0.00    0.00    0.00    0.00   10.31
02:33:22 PM   16   71.58    0.00   17.89    1.05    0.00    0.00    0.00    0.00    0.00    9.47
02:33:22 PM   17   71.88    0.00   18.75    0.00    0.00    0.00    0.00    0.00    0.00    9.38
02:33:22 PM   18   72.34    0.00   17.02    0.00    0.00    0.00    0.00    0.00    0.00   10.64
02:33:22 PM   19   72.92    0.00   16.67    0.00    0.00    0.00    0.00    0.00    0.00   10.42
02:33:22 PM   20   72.92    0.00   16.67    1.04    0.00    0.00    0.00    0.00    0.00    9.38
02:33:22 PM   21   72.63    0.00   17.89    0.00    0.00    0.00    0.00    0.00    0.00    9.47
02:33:22 PM   22   72.63    0.00   18.95    0.00    0.00    0.00    0.00    0.00    0.00    8.42
02:33:22 PM   23   71.13    0.00   19.59    0.00    0.00    0.00    0.00    0.00    0.00    9.28
02:33:22 PM   24   72.83    0.00   18.48    0.00    0.00    0.00    0.00    0.00    0.00    8.70
02:33:22 PM   25   71.58    0.00   17.89    0.00    0.00    0.00    0.00    0.00    0.00   10.53
02:33:22 PM   26   73.68    0.00   18.95    0.00    0.00    0.00    0.00    0.00    0.00    7.37
02:33:22 PM   27   71.28    0.00   18.09    1.06    0.00    0.00    0.00    0.00    0.00    9.57
02:33:22 PM   28   72.63    0.00   17.89    0.00    0.00    0.00    0.00    0.00    0.00    9.47
02:33:22 PM   29   72.34    0.00   18.09    1.06    0.00    0.00    0.00    0.00    0.00    8.51
02:33:22 PM   30   72.53    0.00   18.68    0.00    0.00    0.00    0.00    0.00    0.00    8.79
02:33:22 PM   31   72.92    0.00   17.71    0.00    0.00    0.00    0.00    0.00    0.00    9.38
02:33:22 PM   32   76.04    0.00   17.71    0.00    0.00    0.00    0.00    0.00    0.00    6.25
02:33:22 PM   33   71.88    0.00   19.79    0.00    0.00    0.00    0.00    0.00    0.00    8.33
02:33:22 PM   34   71.88    0.00   18.75    1.04    0.00    0.00    0.00    0.00    0.00    8.33
02:33:22 PM   35   69.47    0.00   21.05    0.00    0.00    0.00    0.00    0.00    0.00    9.47
02:33:22 PM   36   70.83    0.00   18.75    1.04    0.00    0.00    0.00    0.00    0.00    9.38
02:33:22 PM   37   73.96    0.00   15.62    1.04    0.00    0.00    0.00    0.00    0.00    9.38
02:33:22 PM   38   71.88    0.00   18.75    1.04    0.00    0.00    0.00    0.00    0.00    8.33
02:33:22 PM   39   73.96    0.00   15.62    1.04    0.00    0.00    0.00    0.00    0.00    9.38
02:33:22 PM   40   72.63    0.00   17.89    0.00    0.00    0.00    0.00    0.00    0.00    9.47
02:33:22 PM   41   72.34    0.00   15.96    1.06    0.00    0.00    0.00    0.00    0.00   10.64
02:33:22 PM   42   70.21    0.00   18.09    0.00    0.00    0.00    0.00    0.00    0.00   11.70
02:33:22 PM   43   71.58    0.00   16.84    0.00    0.00    0.00    0.00    0.00    0.00   11.58
02:33:22 PM   44   72.34    0.00   17.02    0.00    0.00    0.00    0.00    0.00    0.00   10.64
02:33:22 PM   45   73.12    0.00   17.20    0.00    0.00    0.00    0.00    0.00    0.00    9.68
02:33:22 PM   46   73.20    0.00   15.46    1.03    0.00    0.00    0.00    0.00    0.00   10.31
02:33:22 PM   47   83.16    0.00   13.68    0.00    0.00    0.00    0.00    0.00    0.00    3.16
02:33:22 PM   48   72.04    0.00   18.28    0.00    0.00    0.00    0.00    0.00    0.00    9.68
02:33:22 PM   49   71.58    0.00   17.89    0.00    0.00    0.00    0.00    0.00    0.00   10.53
02:33:22 PM   50   72.63    0.00   16.84    0.00    0.00    0.00    0.00    0.00    0.00   10.53
02:33:22 PM   51   73.20    0.00   15.46    1.03    0.00    0.00    0.00    0.00    0.00   10.31
02:33:22 PM   52   72.04    0.00   17.20    0.00    0.00    0.00    0.00    0.00    0.00   10.75
02:33:22 PM   53   72.63    0.00   16.84    0.00    0.00    0.00    0.00    0.00    0.00   10.53
02:33:22 PM   54   72.34    0.00   17.02    0.00    0.00    0.00    0.00    0.00    0.00   10.64
02:33:22 PM   55   73.96    0.00   15.62    0.00    0.00    0.00    0.00    0.00    0.00   10.42
02:33:22 PM   56   70.83    0.00   18.75    0.00    0.00    0.00    0.00    0.00    0.00   10.42
02:33:22 PM   57   74.47    0.00   14.89    0.00    0.00    0.00    0.00    0.00    0.00   10.64
02:33:22 PM   58   73.68    0.00   15.79    0.00    0.00    0.00    0.00    0.00    0.00   10.53
02:33:22 PM   59   71.58    0.00   17.89    0.00    0.00    0.00    0.00    0.00    0.00   10.53
02:33:22 PM   60   75.00    0.00   15.62    0.00    0.00    0.00    0.00    0.00    0.00    9.38
02:33:22 PM   61   73.68    0.00   16.84    1.05    0.00    0.00    0.00    0.00    0.00    8.42
02:33:22 PM   62   70.10    0.00   19.59    1.03    0.00    0.00    0.00    0.00    0.00    9.28
02:33:22 PM   63   72.63    0.00   17.89    0.00    0.00    0.00    0.00    0.00    0.00    9.47
02:33:22 PM   64   72.34    0.00   19.15    0.00    0.00    0.00    0.00    0.00    0.00    8.51
02:33:22 PM   65   70.83    0.00   18.75    0.00    0.00    0.00    0.00    0.00    0.00   10.42
02:33:22 PM   66   71.58    0.00   18.95    0.00    0.00    0.00    0.00    0.00    0.00    9.47
02:33:22 PM   67   68.75    0.00   19.79    1.04    0.00    0.00    0.00    0.00    0.00   10.42
02:33:22 PM   68   72.92    0.00   16.67    1.04    0.00    0.00    0.00    0.00    0.00    9.38
02:33:22 PM   69   70.53    0.00   20.00    0.00    0.00    0.00    0.00    0.00    0.00    9.47
02:33:22 PM   70   71.88    0.00   18.75    0.00    0.00    0.00    0.00    0.00    0.00    9.38
02:33:22 PM   71   73.91    0.00   17.39    0.00    0.00    0.00    0.00    0.00    0.00    8.70
02:33:22 PM   72   73.96    0.00   16.67    1.04    0.00    0.00    0.00    0.00    0.00    8.33
02:33:22 PM   73   72.34    0.00   18.09    1.06    0.00    0.00    0.00    0.00    0.00    8.51
02:33:22 PM   74   73.68    0.00   16.84    0.00    0.00    0.00    0.00    0.00    0.00    9.47
02:33:22 PM   75   72.34    0.00   18.09    0.00    0.00    0.00    0.00    0.00    0.00    9.57
02:33:22 PM   76   70.53    0.00   18.95    1.05    0.00    0.00    0.00    0.00    0.00    9.47
02:33:22 PM   77   72.34    0.00   18.09    0.00    0.00    0.00    0.00    0.00    0.00    9.57
02:33:22 PM   78   72.34    0.00   18.09    0.00    0.00    0.00    0.00    0.00    0.00    9.57
02:33:22 PM   79   69.89    0.00   20.43    0.00    0.00    0.00    0.00    0.00    0.00    9.68

02:33:31 PM  CPU    %usr   %nice    %sys %iowait    %irq   %soft  %steal  %guest  %gnice   %idle
02:33:32 PM  all   70.45    0.00   16.77    0.42    0.00    0.00    0.00    0.00    0.00   12.36
02:33:32 PM    0   73.47    0.00   14.29    0.00    0.00    0.00    0.00    0.00    0.00   12.24
02:33:32 PM    1   75.26    0.00   14.43    0.00    0.00    0.00    0.00    0.00    0.00   10.31
02:33:32 PM    2   69.07    0.00   17.53    0.00    0.00    0.00    0.00    0.00    0.00   13.40
02:33:32 PM    3   70.10    0.00   16.49    0.00    0.00    0.00    0.00    0.00    0.00   13.40
02:33:32 PM    4   69.47    0.00   16.84    0.00    0.00    0.00    0.00    0.00    0.00   13.68
02:33:32 PM    5   71.88    0.00   14.58    0.00    0.00    0.00    0.00    0.00    0.00   13.54
02:33:32 PM    6   70.53    0.00   15.79    0.00    0.00    0.00    0.00    0.00    0.00   13.68
02:33:32 PM    7   72.92    0.00   15.62    0.00    0.00    0.00    0.00    0.00    0.00   11.46
02:33:32 PM    8   71.88    0.00   15.62    0.00    0.00    0.00    0.00    0.00    0.00   12.50
02:33:32 PM    9   72.16    0.00   14.43    1.03    0.00    0.00    0.00    0.00    0.00   12.37
02:33:32 PM   10   69.15    0.00   18.09    0.00    0.00    0.00    0.00    0.00    0.00   12.77
02:33:32 PM   11   70.83    0.00   15.62    0.00    0.00    0.00    0.00    0.00    0.00   13.54
02:33:32 PM   12   71.28    0.00   14.89    0.00    0.00    0.00    0.00    0.00    0.00   13.83
02:33:32 PM   13   72.34    0.00   15.96    0.00    0.00    0.00    0.00    0.00    0.00   11.70
02:33:32 PM   14   70.83    0.00   17.71    0.00    0.00    0.00    0.00    0.00    0.00   11.46
02:33:32 PM   15   70.53    0.00   16.84    0.00    0.00    0.00    0.00    0.00    0.00   12.63
02:33:32 PM   16   66.67    0.00   19.79    1.04    0.00    0.00    0.00    0.00    0.00   12.50
02:33:32 PM   17   70.10    0.00   17.53    0.00    0.00    0.00    0.00    0.00    0.00   12.37
02:33:32 PM   18   69.07    0.00   17.53    1.03    0.00    0.00    0.00    0.00    0.00   12.37
02:33:32 PM   19   71.58    0.00   15.79    0.00    0.00    0.00    0.00    0.00    0.00   12.63
02:33:32 PM   20   70.83    0.00   16.67    2.08    0.00    0.00    0.00    0.00    0.00   10.42
02:33:32 PM   21   69.47    0.00   17.89    0.00    0.00    0.00    0.00    0.00    0.00   12.63
02:33:32 PM   22   69.15    0.00   17.02    1.06    0.00    0.00    0.00    0.00    0.00   12.77
02:33:32 PM   23   69.79    0.00   16.67    0.00    0.00    0.00    0.00    0.00    0.00   13.54
02:33:32 PM   24   67.71    0.00   18.75    2.08    0.00    0.00    0.00    0.00    0.00   11.46
02:33:32 PM   25   69.89    0.00   17.20    0.00    0.00    0.00    0.00    0.00    0.00   12.90
02:33:32 PM   26   69.47    0.00   16.84    1.05    0.00    0.00    0.00    0.00    0.00   12.63
02:33:32 PM   27   67.74    0.00   19.35    0.00    0.00    0.00    0.00    0.00    0.00   12.90
02:33:32 PM   28   71.28    0.00   15.96    2.13    0.00    0.00    0.00    0.00    0.00   10.64
02:33:32 PM   29   73.40    0.00   14.89    0.00    0.00    0.00    0.00    0.00    0.00   11.70
02:33:32 PM   30   69.15    0.00   18.09    0.00    0.00    0.00    0.00    0.00    0.00   12.77
02:33:32 PM   31   69.39    0.00   18.37    0.00    0.00    0.00    0.00    0.00    0.00   12.24
02:33:32 PM   32   69.07    0.00   17.53    1.03    0.00    0.00    0.00    0.00    0.00   12.37
02:33:32 PM   33   70.21    0.00   15.96    1.06    0.00    0.00    0.00    0.00    0.00   12.77
02:33:32 PM   34   68.42    0.00   16.84    1.05    0.00    0.00    0.00    0.00    0.00   13.68
02:33:32 PM   35   71.28    0.00   15.96    0.00    0.00    0.00    0.00    0.00    0.00   12.77
02:33:32 PM   36   68.09    0.00   17.02    1.06    0.00    0.00    0.00    0.00    0.00   13.83
02:33:32 PM   37   74.47    0.00   15.96    1.06    0.00    0.00    0.00    0.00    0.00    8.51
02:33:32 PM   38   69.47    0.00   17.89    1.05    0.00    0.00    0.00    0.00    0.00   11.58
02:33:32 PM   39   69.15    0.00   18.09    0.00    0.00    0.00    0.00    0.00    0.00   12.77
02:33:32 PM   40   68.75    0.00   18.75    0.00    0.00    0.00    0.00    0.00    0.00   12.50
02:33:32 PM   41   71.88    0.00   15.62    0.00    0.00    0.00    0.00    0.00    0.00   12.50
02:33:32 PM   42   71.58    0.00   16.84    0.00    0.00    0.00    0.00    0.00    0.00   11.58
02:33:32 PM   43   71.58    0.00   15.79    0.00    0.00    0.00    0.00    0.00    0.00   12.63
02:33:32 PM   44   70.53    0.00   15.79    0.00    0.00    0.00    0.00    0.00    0.00   13.68
02:33:32 PM   45   72.63    0.00   14.74    0.00    0.00    0.00    0.00    0.00    0.00   12.63
02:33:32 PM   46   68.42    0.00   20.00    0.00    0.00    0.00    0.00    0.00    0.00   11.58
02:33:32 PM   47   72.63    0.00   14.74    0.00    0.00    0.00    0.00    0.00    0.00   12.63
02:33:32 PM   48   69.79    0.00   17.71    1.04    0.00    0.00    0.00    0.00    0.00   11.46
02:33:32 PM   49   71.58    0.00   15.79    1.05    0.00    0.00    0.00    0.00    0.00   11.58
02:33:32 PM   50   72.34    0.00   14.89    0.00    0.00    0.00    0.00    0.00    0.00   12.77
02:33:32 PM   51   73.96    0.00   13.54    0.00    0.00    0.00    0.00    0.00    0.00   12.50
02:33:32 PM   52   71.88    0.00   15.62    0.00    0.00    0.00    0.00    0.00    0.00   12.50
02:33:32 PM   53   68.75    0.00   17.71    1.04    0.00    0.00    0.00    0.00    0.00   12.50
02:33:32 PM   54   70.83    0.00   16.67    0.00    0.00    0.00    0.00    0.00    0.00   12.50
02:33:32 PM   55   68.75    0.00   17.71    0.00    0.00    0.00    0.00    0.00    0.00   13.54
02:33:32 PM   56   72.92    0.00   14.58    0.00    0.00    0.00    0.00    0.00    0.00   12.50
02:33:32 PM   57   70.21    0.00   18.09    0.00    0.00    0.00    0.00    0.00    0.00   11.70
02:33:32 PM   58   69.39    0.00   18.37    0.00    0.00    0.00    0.00    0.00    0.00   12.24
02:33:32 PM   59   69.47    0.00   16.84    0.00    0.00    0.00    0.00    0.00    0.00   13.68
02:33:32 PM   60   71.28    0.00   14.89    1.06    0.00    0.00    0.00    0.00    0.00   12.77
02:33:32 PM   61   70.53    0.00   17.89    0.00    0.00    0.00    0.00    0.00    0.00   11.58
02:33:32 PM   62   69.89    0.00   17.20    0.00    0.00    0.00    0.00    0.00    0.00   12.90
02:33:32 PM   63   68.75    0.00   17.71    1.04    0.00    0.00    0.00    0.00    0.00   12.50
02:33:32 PM   64   70.53    0.00   15.79    2.11    0.00    0.00    0.00    0.00    0.00   11.58
02:33:32 PM   65   68.09    0.00   18.09    1.06    0.00    0.00    0.00    0.00    0.00   12.77
02:33:32 PM   66   67.74    0.00   19.35    0.00    0.00    0.00    0.00    0.00    0.00   12.90
02:33:32 PM   67   69.15    0.00   17.02    0.00    0.00    0.00    0.00    0.00    0.00   13.83
02:33:32 PM   68   71.58    0.00   14.74    0.00    0.00    0.00    0.00    0.00    0.00   13.68
02:33:32 PM   69   68.42    0.00   18.95    1.05    0.00    0.00    0.00    0.00    0.00   11.58
02:33:32 PM   70   69.79    0.00   17.71    1.04    0.00    0.00    0.00    0.00    0.00   11.46
02:33:32 PM   71   71.88    0.00   16.67    1.04    0.00    0.00    0.00    0.00    0.00   10.42
02:33:32 PM   72   69.39    0.00   16.33    1.02    0.00    0.00    0.00    0.00    0.00   13.27
02:33:32 PM   73   70.97    0.00   18.28    1.08    0.00    0.00    0.00    0.00    0.00    9.68
02:33:32 PM   74   69.47    0.00   17.89    0.00    0.00    0.00    0.00    0.00    0.00   12.63
02:33:32 PM   75   65.96    0.00   19.15    0.00    0.00    0.00    0.00    0.00    0.00   14.89
02:33:32 PM   76   80.41    0.00   13.40    1.03    0.00    0.00    0.00    0.00    0.00    5.15
02:33:32 PM   77   65.62    0.00   19.79    1.04    0.00    0.00    0.00    0.00    0.00   13.54
02:33:32 PM   78   70.97    0.00   16.13    0.00    0.00    0.00    0.00    0.00    0.00   12.90
02:33:32 PM   79   70.83    0.00   16.67    0.00    0.00    0.00    0.00    0.00    0.00   12.50

02:33:41 PM  CPU    %usr   %nice    %sys %iowait    %irq   %soft  %steal  %guest  %gnice   %idle
02:33:42 PM  all   72.75    0.00   17.32    0.28    0.00    0.00    0.00    0.00    0.00    9.65
02:33:42 PM    0   72.34    0.00   17.02    0.00    0.00    0.00    0.00    0.00    0.00   10.64
02:33:42 PM    1   72.34    0.00   18.09    0.00    0.00    0.00    0.00    0.00    0.00    9.57
02:33:42 PM    2   74.74    0.00   15.79    0.00    0.00    0.00    0.00    0.00    0.00    9.47
02:33:42 PM    3   73.68    0.00   15.79    0.00    0.00    0.00    0.00    0.00    0.00   10.53
02:33:42 PM    4   72.34    0.00   18.09    0.00    0.00    0.00    0.00    0.00    0.00    9.57
02:33:42 PM    5   73.68    0.00   16.84    0.00    0.00    0.00    0.00    0.00    0.00    9.47
02:33:42 PM    6   74.19    0.00   17.20    0.00    0.00    0.00    0.00    0.00    0.00    8.60
02:33:42 PM    7   72.92    0.00   17.71    0.00    0.00    0.00    0.00    0.00    0.00    9.38
02:33:42 PM    8   71.13    0.00   18.56    0.00    0.00    0.00    0.00    0.00    0.00   10.31
02:33:42 PM    9   71.58    0.00   18.95    0.00    0.00    0.00    0.00    0.00    0.00    9.47
02:33:42 PM   10   75.00    0.00   14.58    1.04    0.00    0.00    0.00    0.00    0.00    9.38
02:33:42 PM   11   71.13    0.00   18.56    0.00    0.00    0.00    0.00    0.00    0.00   10.31
02:33:42 PM   12   73.68    0.00   16.84    0.00    0.00    0.00    0.00    0.00    0.00    9.47
02:33:42 PM   13   73.20    0.00   17.53    0.00    0.00    0.00    0.00    0.00    0.00    9.28
02:33:42 PM   14   71.13    0.00   17.53    1.03    0.00    0.00    0.00    0.00    0.00   10.31
02:33:42 PM   15   72.34    0.00   18.09    0.00    0.00    0.00    0.00    0.00    0.00    9.57
02:33:42 PM   16   72.92    0.00   17.71    0.00    0.00    0.00    0.00    0.00    0.00    9.38
02:33:42 PM   17   75.53    0.00   15.96    0.00    0.00    0.00    0.00    0.00    0.00    8.51
02:33:42 PM   18   73.40    0.00   17.02    0.00    0.00    0.00    0.00    0.00    0.00    9.57
02:33:42 PM   19   74.74    0.00   15.79    0.00    0.00    0.00    0.00    0.00    0.00    9.47
02:33:42 PM   20   73.96    0.00   15.62    1.04    0.00    0.00    0.00    0.00    0.00    9.38
02:33:42 PM   21   81.05    0.00   14.74    0.00    0.00    0.00    0.00    0.00    0.00    4.21
02:33:42 PM   22   71.74    0.00   17.39    0.00    0.00    0.00    0.00    0.00    0.00   10.87
02:33:42 PM   23   72.83    0.00   17.39    0.00    0.00    0.00    0.00    0.00    0.00    9.78
02:33:42 PM   24   72.34    0.00   17.02    0.00    0.00    0.00    0.00    0.00    0.00   10.64
02:33:42 PM   25   73.40    0.00   17.02    0.00    0.00    0.00    0.00    0.00    0.00    9.57
02:33:42 PM   26   72.04    0.00   17.20    0.00    0.00    0.00    0.00    0.00    0.00   10.75
02:33:42 PM   27   69.47    0.00   21.05    0.00    0.00    0.00    0.00    0.00    0.00    9.47
02:33:42 PM   28   71.28    0.00   18.09    1.06    0.00    0.00    0.00    0.00    0.00    9.57
02:33:42 PM   29   71.58    0.00   17.89    1.05    0.00    0.00    0.00    0.00    0.00    9.47
02:33:42 PM   30   71.88    0.00   17.71    0.00    0.00    0.00    0.00    0.00    0.00   10.42
02:33:42 PM   31   71.28    0.00   19.15    0.00    0.00    0.00    0.00    0.00    0.00    9.57
02:33:42 PM   32   70.83    0.00   18.75    0.00    0.00    0.00    0.00    0.00    0.00   10.42
02:33:42 PM   33   72.04    0.00   18.28    0.00    0.00    0.00    0.00    0.00    0.00    9.68
02:33:42 PM   34   73.40    0.00   18.09    0.00    0.00    0.00    0.00    0.00    0.00    8.51
02:33:42 PM   35   73.40    0.00   15.96    1.06    0.00    0.00    0.00    0.00    0.00    9.57
02:33:42 PM   36   70.53    0.00   18.95    0.00    0.00    0.00    0.00    0.00    0.00   10.53
02:33:42 PM   37   72.34    0.00   17.02    1.06    0.00    0.00    0.00    0.00    0.00    9.57
02:33:42 PM   38   71.28    0.00   19.15    0.00    0.00    0.00    0.00    0.00    0.00    9.57
02:33:42 PM   39   72.63    0.00   16.84    0.00    0.00    0.00    0.00    0.00    0.00   10.53
02:33:42 PM   40   74.74    0.00   16.84    0.00    0.00    0.00    0.00    0.00    0.00    8.42
02:33:42 PM   41   74.23    0.00   15.46    0.00    0.00    0.00    0.00    0.00    0.00   10.31
02:33:42 PM   42   74.47    0.00   14.89    0.00    0.00    0.00    0.00    0.00    0.00   10.64
02:33:42 PM   43   73.68    0.00   16.84    0.00    0.00    0.00    0.00    0.00    0.00    9.47
02:33:42 PM   44   75.53    0.00   14.89    0.00    0.00    0.00    0.00    0.00    0.00    9.57
02:33:42 PM   45   75.53    0.00   15.96    0.00    0.00    0.00    0.00    0.00    0.00    8.51
02:33:42 PM   46   72.63    0.00   16.84    0.00    0.00    0.00    0.00    0.00    0.00   10.53
02:33:42 PM   47   73.40    0.00   15.96    1.06    0.00    0.00    0.00    0.00    0.00    9.57
02:33:42 PM   48   72.16    0.00   16.49    1.03    0.00    0.00    0.00    0.00    0.00   10.31
02:33:42 PM   49   72.16    0.00   16.49    1.03    0.00    0.00    0.00    0.00    0.00   10.31
02:33:42 PM   50   69.15    0.00   20.21    0.00    0.00    0.00    0.00    0.00    0.00   10.64
02:33:42 PM   51   72.92    0.00   15.62    1.04    0.00    0.00    0.00    0.00    0.00   10.42
02:33:42 PM   52   73.68    0.00   15.79    1.05    0.00    0.00    0.00    0.00    0.00    9.47
02:33:42 PM   53   72.63    0.00   17.89    0.00    0.00    0.00    0.00    0.00    0.00    9.47
02:33:42 PM   54   75.79    0.00   14.74    0.00    0.00    0.00    0.00    0.00    0.00    9.47
02:33:42 PM   55   69.15    0.00   19.15    1.06    0.00    0.00    0.00    0.00    0.00   10.64
02:33:42 PM   56   73.40    0.00   17.02    0.00    0.00    0.00    0.00    0.00    0.00    9.57
02:33:42 PM   57   73.68    0.00   15.79    0.00    0.00    0.00    0.00    0.00    0.00   10.53
02:33:42 PM   58   74.74    0.00   15.79    0.00    0.00    0.00    0.00    0.00    0.00    9.47
02:33:42 PM   59   76.60    0.00   14.89    0.00    0.00    0.00    0.00    0.00    0.00    8.51
02:33:42 PM   60   74.47    0.00   15.96    0.00    0.00    0.00    0.00    0.00    0.00    9.57
02:33:42 PM   61   73.12    0.00   17.20    0.00    0.00    0.00    0.00    0.00    0.00    9.68
02:33:42 PM   62   70.21    0.00   20.21    0.00    0.00    0.00    0.00    0.00    0.00    9.57
02:33:42 PM   63   71.28    0.00   20.21    0.00    0.00    0.00    0.00    0.00    0.00    8.51
02:33:42 PM   64   72.63    0.00   16.84    1.05    0.00    0.00    0.00    0.00    0.00    9.47
02:33:42 PM   65   71.28    0.00   19.15    0.00    0.00    0.00    0.00    0.00    0.00    9.57
02:33:42 PM   66   73.12    0.00   16.13    0.00    0.00    0.00    0.00    0.00    0.00   10.75
02:33:42 PM   67   70.21    0.00   19.15    1.06    0.00    0.00    0.00    0.00    0.00    9.57
02:33:42 PM   68   72.04    0.00   18.28    0.00    0.00    0.00    0.00    0.00    0.00    9.68
02:33:42 PM   69   73.40    0.00   15.96    1.06    0.00    0.00    0.00    0.00    0.00    9.57
02:33:42 PM   70   69.47    0.00   20.00    1.05    0.00    0.00    0.00    0.00    0.00    9.47
02:33:42 PM   71   73.96    0.00   16.67    1.04    0.00    0.00    0.00    0.00    0.00    8.33
02:33:42 PM   72   73.68    0.00   15.79    0.00    0.00    0.00    0.00    0.00    0.00   10.53
02:33:42 PM   73   69.15    0.00   20.21    1.06    0.00    0.00    0.00    0.00    0.00    9.57
02:33:42 PM   74   71.88    0.00   18.75    0.00    0.00    0.00    0.00    0.00    0.00    9.38
02:33:42 PM   75   69.79    0.00   19.79    1.04    0.00    0.00    0.00    0.00    0.00    9.38
02:33:42 PM   76   72.04    0.00   18.28    0.00    0.00    0.00    0.00    0.00    0.00    9.68
02:33:42 PM   77   71.58    0.00   18.95    1.05    0.00    0.00    0.00    0.00    0.00    8.42
02:33:42 PM   78   70.53    0.00   17.89    0.00    0.00    0.00    0.00    0.00    0.00   11.58
02:33:42 PM   79   74.47    0.00   15.96    0.00    0.00    0.00    0.00    0.00    0.00    9.57

02:33:51 PM  CPU    %usr   %nice    %sys %iowait    %irq   %soft  %steal  %guest  %gnice   %idle
02:33:52 PM  all   72.38    0.00   17.98    0.20    0.00    0.00    0.00    0.00    0.00    9.44
02:33:52 PM    0   71.88    0.00   17.71    0.00    0.00    0.00    0.00    0.00    0.00   10.42
02:33:52 PM    1   70.53    0.00   20.00    0.00    0.00    0.00    0.00    0.00    0.00    9.47
02:33:52 PM    2   73.40    0.00   17.02    0.00    0.00    0.00    0.00    0.00    0.00    9.57
02:33:52 PM    3   72.92    0.00   17.71    0.00    0.00    0.00    0.00    0.00    0.00    9.38
02:33:52 PM    4   73.20    0.00   16.49    1.03    0.00    0.00    0.00    0.00    0.00    9.28
02:33:52 PM    5   73.40    0.00   15.96    0.00    0.00    0.00    0.00    0.00    0.00   10.64
02:33:52 PM    6   72.63    0.00   17.89    0.00    0.00    0.00    0.00    0.00    0.00    9.47
02:33:52 PM    7   74.47    0.00   15.96    0.00    0.00    0.00    0.00    0.00    0.00    9.57
02:33:52 PM    8   71.58    0.00   17.89    0.00    0.00    0.00    0.00    0.00    0.00   10.53
02:33:52 PM    9   73.68    0.00   16.84    0.00    0.00    0.00    0.00    0.00    0.00    9.47
02:33:52 PM   10   72.34    0.00   18.09    0.00    0.00    0.00    0.00    0.00    0.00    9.57
02:33:52 PM   11   74.74    0.00   15.79    0.00    0.00    0.00    0.00    0.00    0.00    9.47
02:33:52 PM   12   72.92    0.00   16.67    0.00    0.00    0.00    0.00    0.00    0.00   10.42
02:33:52 PM   13   74.47    0.00   15.96    0.00    0.00    0.00    0.00    0.00    0.00    9.57
02:33:52 PM   14   72.92    0.00   17.71    0.00    0.00    0.00    0.00    0.00    0.00    9.38
02:33:52 PM   15   73.96    0.00   16.67    0.00    0.00    0.00    0.00    0.00    0.00    9.38
02:33:52 PM   16   71.88    0.00   18.75    0.00    0.00    0.00    0.00    0.00    0.00    9.38
02:33:52 PM   17   72.63    0.00   16.84    0.00    0.00    0.00    0.00    0.00    0.00   10.53
02:33:52 PM   18   70.53    0.00   18.95    0.00    0.00    0.00    0.00    0.00    0.00   10.53
02:33:52 PM   19   72.92    0.00   18.75    0.00    0.00    0.00    0.00    0.00    0.00    8.33
02:33:52 PM   20   70.53    0.00   20.00    0.00    0.00    0.00    0.00    0.00    0.00    9.47
02:33:52 PM   21   71.58    0.00   17.89    1.05    0.00    0.00    0.00    0.00    0.00    9.47
02:33:52 PM   22   73.12    0.00   17.20    0.00    0.00    0.00    0.00    0.00    0.00    9.68
02:33:52 PM   23   70.53    0.00   20.00    0.00    0.00    0.00    0.00    0.00    0.00    9.47
02:33:52 PM   24   72.34    0.00   18.09    0.00    0.00    0.00    0.00    0.00    0.00    9.57
02:33:52 PM   25   71.28    0.00   18.09    0.00    0.00    0.00    0.00    0.00    0.00   10.64
02:33:52 PM   26   70.21    0.00   20.21    0.00    0.00    0.00    0.00    0.00    0.00    9.57
02:33:52 PM   27   71.28    0.00   19.15    0.00    0.00    0.00    0.00    0.00    0.00    9.57
02:33:52 PM   28   71.58    0.00   18.95    0.00    0.00    0.00    0.00    0.00    0.00    9.47
02:33:52 PM   29   73.68    0.00   16.84    1.05    0.00    0.00    0.00    0.00    0.00    8.42
02:33:52 PM   30   72.63    0.00   17.89    0.00    0.00    0.00    0.00    0.00    0.00    9.47
02:33:52 PM   31   72.63    0.00   16.84    1.05    0.00    0.00    0.00    0.00    0.00    9.47
02:33:52 PM   32   72.63    0.00   17.89    1.05    0.00    0.00    0.00    0.00    0.00    8.42
02:33:52 PM   33   69.57    0.00   19.57    1.09    0.00    0.00    0.00    0.00    0.00    9.78
02:33:52 PM   34   72.63    0.00   17.89    0.00    0.00    0.00    0.00    0.00    0.00    9.47
02:33:52 PM   35   74.19    0.00   17.20    0.00    0.00    0.00    0.00    0.00    0.00    8.60
02:33:52 PM   36   71.28    0.00   18.09    1.06    0.00    0.00    0.00    0.00    0.00    9.57
02:33:52 PM   37   72.63    0.00   20.00    0.00    0.00    0.00    0.00    0.00    0.00    7.37
02:33:52 PM   38   73.96    0.00   15.62    1.04    0.00    0.00    0.00    0.00    0.00    9.38
02:33:52 PM   39   72.92    0.00   17.71    0.00    0.00    0.00    0.00    0.00    0.00    9.38
02:33:52 PM   40   73.68    0.00   16.84    0.00    0.00    0.00    0.00    0.00    0.00    9.47
02:33:52 PM   41   71.88    0.00   18.75    0.00    0.00    0.00    0.00    0.00    0.00    9.38
02:33:52 PM   42   73.96    0.00   15.62    0.00    0.00    0.00    0.00    0.00    0.00   10.42
02:33:52 PM   43   72.04    0.00   18.28    0.00    0.00    0.00    0.00    0.00    0.00    9.68
02:33:52 PM   44   73.96    0.00   16.67    0.00    0.00    0.00    0.00    0.00    0.00    9.38
02:33:52 PM   45   72.34    0.00   18.09    0.00    0.00    0.00    0.00    0.00    0.00    9.57
02:33:52 PM   46   70.53    0.00   18.95    0.00    0.00    0.00    0.00    0.00    0.00   10.53
02:33:52 PM   47   72.34    0.00   18.09    0.00    0.00    0.00    0.00    0.00    0.00    9.57
02:33:52 PM   48   72.63    0.00   18.95    0.00    0.00    0.00    0.00    0.00    0.00    8.42
02:33:52 PM   49   77.32    0.00   13.40    0.00    0.00    0.00    0.00    0.00    0.00    9.28
02:33:52 PM   50   71.88    0.00   17.71    0.00    0.00    0.00    0.00    0.00    0.00   10.42
02:33:52 PM   51   72.34    0.00   18.09    0.00    0.00    0.00    0.00    0.00    0.00    9.57
02:33:52 PM   52   71.58    0.00   17.89    0.00    0.00    0.00    0.00    0.00    0.00   10.53
02:33:52 PM   53   72.34    0.00   19.15    0.00    0.00    0.00    0.00    0.00    0.00    8.51
02:33:52 PM   54   75.00    0.00   15.62    0.00    0.00    0.00    0.00    0.00    0.00    9.38
02:33:52 PM   55   71.88    0.00   18.75    0.00    0.00    0.00    0.00    0.00    0.00    9.38
02:33:52 PM   56   75.53    0.00   14.89    0.00    0.00    0.00    0.00    0.00    0.00    9.57
02:33:52 PM   57   73.68    0.00   15.79    0.00    0.00    0.00    0.00    0.00    0.00   10.53
02:33:52 PM   58   71.88    0.00   18.75    0.00    0.00    0.00    0.00    0.00    0.00    9.38
02:33:52 PM   59   73.40    0.00   17.02    0.00    0.00    0.00    0.00    0.00    0.00    9.57
02:33:52 PM   60   73.96    0.00   16.67    0.00    0.00    0.00    0.00    0.00    0.00    9.38
02:33:52 PM   61   72.34    0.00   19.15    0.00    0.00    0.00    0.00    0.00    0.00    8.51
02:33:52 PM   62   71.88    0.00   17.71    1.04    0.00    0.00    0.00    0.00    0.00    9.38
02:33:52 PM   63   71.58    0.00   17.89    1.05    0.00    0.00    0.00    0.00    0.00    9.47
02:33:52 PM   64   70.97    0.00   19.35    0.00    0.00    0.00    0.00    0.00    0.00    9.68
02:33:52 PM   65   70.21    0.00   20.21    0.00    0.00    0.00    0.00    0.00    0.00    9.57
02:33:52 PM   66   72.04    0.00   18.28    0.00    0.00    0.00    0.00    0.00    0.00    9.68
02:33:52 PM   67   67.71    0.00   20.83    1.04    0.00    0.00    0.00    0.00    0.00   10.42
02:33:52 PM   68   77.66    0.00   17.02    0.00    0.00    0.00    0.00    0.00    0.00    5.32
02:33:52 PM   69   71.28    0.00   19.15    0.00    0.00    0.00    0.00    0.00    0.00    9.57
02:33:52 PM   70   71.28    0.00   18.09    2.13    0.00    0.00    0.00    0.00    0.00    8.51
02:33:52 PM   71   69.57    0.00   20.65    1.09    0.00    0.00    0.00    0.00    0.00    8.70
02:33:52 PM   72   71.88    0.00   18.75    0.00    0.00    0.00    0.00    0.00    0.00    9.38
02:33:52 PM   73   69.47    0.00   21.05    1.05    0.00    0.00    0.00    0.00    0.00    8.42
02:33:52 PM   74   70.53    0.00   20.00    0.00    0.00    0.00    0.00    0.00    0.00    9.47
02:33:52 PM   75   73.12    0.00   18.28    0.00    0.00    0.00    0.00    0.00    0.00    8.60
02:33:52 PM   76   71.88    0.00   18.75    0.00    0.00    0.00    0.00    0.00    0.00    9.38
02:33:52 PM   77   71.58    0.00   18.95    0.00    0.00    0.00    0.00    0.00    0.00    9.47
02:33:52 PM   78   72.63    0.00   17.89    0.00    0.00    0.00    0.00    0.00    0.00    9.47
02:33:52 PM   79   70.53    0.00   20.00    0.00    0.00    0.00    0.00    0.00    0.00    9.47

02:34:01 PM  CPU    %usr   %nice    %sys %iowait    %irq   %soft  %steal  %guest  %gnice   %idle
02:34:02 PM  all   73.45    0.00   18.32    0.12    0.00    0.00    0.00    0.00    0.00    8.12
02:34:02 PM    0   75.79    0.00   15.79    0.00    0.00    0.00    0.00    0.00    0.00    8.42
02:34:02 PM    1   71.58    0.00   20.00    0.00    0.00    0.00    0.00    0.00    0.00    8.42
02:34:02 PM    2   72.63    0.00   18.95    0.00    0.00    0.00    0.00    0.00    0.00    8.42
02:34:02 PM    3   75.00    0.00   16.67    0.00    0.00    0.00    0.00    0.00    0.00    8.33
02:34:02 PM    4   74.47    0.00   17.02    0.00    0.00    0.00    0.00    0.00    0.00    8.51
02:34:02 PM    5   74.47    0.00   18.09    0.00    0.00    0.00    0.00    0.00    0.00    7.45
02:34:02 PM    6   73.40    0.00   18.09    0.00    0.00    0.00    0.00    0.00    0.00    8.51
02:34:02 PM    7   73.68    0.00   17.89    0.00    0.00    0.00    0.00    0.00    0.00    8.42
02:34:02 PM    8   72.92    0.00   18.75    0.00    0.00    0.00    0.00    0.00    0.00    8.33
02:34:02 PM    9   73.40    0.00   18.09    0.00    0.00    0.00    0.00    0.00    0.00    8.51
02:34:02 PM   10   71.88    0.00   18.75    0.00    0.00    0.00    0.00    0.00    0.00    9.38
02:34:02 PM   11   75.79    0.00   15.79    0.00    0.00    0.00    0.00    0.00    0.00    8.42
02:34:02 PM   12   74.47    0.00   18.09    0.00    0.00    0.00    0.00    0.00    0.00    7.45
02:34:02 PM   13   73.20    0.00   18.56    0.00    0.00    0.00    0.00    0.00    0.00    8.25
02:34:02 PM   14   73.40    0.00   18.09    1.06    0.00    0.00    0.00    0.00    0.00    7.45
02:34:02 PM   15   75.53    0.00   17.02    0.00    0.00    0.00    0.00    0.00    0.00    7.45
02:34:02 PM   16   76.84    0.00   14.74    0.00    0.00    0.00    0.00    0.00    0.00    8.42
02:34:02 PM   17   75.00    0.00   17.71    0.00    0.00    0.00    0.00    0.00    0.00    7.29
02:34:02 PM   18   72.92    0.00   18.75    0.00    0.00    0.00    0.00    0.00    0.00    8.33
02:34:02 PM   19   73.68    0.00   17.89    0.00    0.00    0.00    0.00    0.00    0.00    8.42
02:34:02 PM   20   74.74    0.00   16.84    1.05    0.00    0.00    0.00    0.00    0.00    7.37
02:34:02 PM   21   74.74    0.00   17.89    0.00    0.00    0.00    0.00    0.00    0.00    7.37
02:34:02 PM   22   73.40    0.00   19.15    0.00    0.00    0.00    0.00    0.00    0.00    7.45
02:34:02 PM   23   72.63    0.00   18.95    0.00    0.00    0.00    0.00    0.00    0.00    8.42
02:34:02 PM   24   74.19    0.00   17.20    0.00    0.00    0.00    0.00    0.00    0.00    8.60
02:34:02 PM   25   74.47    0.00   18.09    0.00    0.00    0.00    0.00    0.00    0.00    7.45
02:34:02 PM   26   72.63    0.00   17.89    1.05    0.00    0.00    0.00    0.00    0.00    8.42
02:34:02 PM   27   73.40    0.00   18.09    0.00    0.00    0.00    0.00    0.00    0.00    8.51
02:34:02 PM   28   71.58    0.00   18.95    1.05    0.00    0.00    0.00    0.00    0.00    8.42
02:34:02 PM   29   74.47    0.00   17.02    0.00    0.00    0.00    0.00    0.00    0.00    8.51
02:34:02 PM   30   72.92    0.00   18.75    0.00    0.00    0.00    0.00    0.00    0.00    8.33
02:34:02 PM   31   72.34    0.00   20.21    0.00    0.00    0.00    0.00    0.00    0.00    7.45
02:34:02 PM   32   71.28    0.00   20.21    0.00    0.00    0.00    0.00    0.00    0.00    8.51
02:34:02 PM   33   71.58    0.00   18.95    1.05    0.00    0.00    0.00    0.00    0.00    8.42
02:34:02 PM   34   72.34    0.00   20.21    0.00    0.00    0.00    0.00    0.00    0.00    7.45
02:34:02 PM   35   70.83    0.00   20.83    1.04    0.00    0.00    0.00    0.00    0.00    7.29
02:34:02 PM   36   71.58    0.00   20.00    1.05    0.00    0.00    0.00    0.00    0.00    7.37
02:34:02 PM   37   72.63    0.00   18.95    0.00    0.00    0.00    0.00    0.00    0.00    8.42
02:34:02 PM   38   69.79    0.00   21.88    0.00    0.00    0.00    0.00    0.00    0.00    8.33
02:34:02 PM   39   74.19    0.00   18.28    0.00    0.00    0.00    0.00    0.00    0.00    7.53
02:34:02 PM   40   75.00    0.00   16.67    0.00    0.00    0.00    0.00    0.00    0.00    8.33
02:34:02 PM   41   75.00    0.00   16.67    0.00    0.00    0.00    0.00    0.00    0.00    8.33
02:34:02 PM   42   72.63    0.00   17.89    0.00    0.00    0.00    0.00    0.00    0.00    9.47
02:34:02 PM   43   70.21    0.00   22.34    0.00    0.00    0.00    0.00    0.00    0.00    7.45
02:34:02 PM   44   75.00    0.00   16.67    0.00    0.00    0.00    0.00    0.00    0.00    8.33
02:34:02 PM   45   74.74    0.00   16.84    0.00    0.00    0.00    0.00    0.00    0.00    8.42
02:34:02 PM   46   74.47    0.00   17.02    0.00    0.00    0.00    0.00    0.00    0.00    8.51
02:34:02 PM   47   74.74    0.00   16.84    0.00    0.00    0.00    0.00    0.00    0.00    8.42
02:34:02 PM   48   73.40    0.00   18.09    0.00    0.00    0.00    0.00    0.00    0.00    8.51
02:34:02 PM   49   73.40    0.00   18.09    0.00    0.00    0.00    0.00    0.00    0.00    8.51
02:34:02 PM   50   73.68    0.00   17.89    0.00    0.00    0.00    0.00    0.00    0.00    8.42
02:34:02 PM   51   75.79    0.00   16.84    0.00    0.00    0.00    0.00    0.00    0.00    7.37
02:34:02 PM   52   73.47    0.00   18.37    0.00    0.00    0.00    0.00    0.00    0.00    8.16
02:34:02 PM   53   75.79    0.00   15.79    0.00    0.00    0.00    0.00    0.00    0.00    8.42
02:34:02 PM   54   75.00    0.00   16.67    0.00    0.00    0.00    0.00    0.00    0.00    8.33
02:34:02 PM   55   72.92    0.00   18.75    0.00    0.00    0.00    0.00    0.00    0.00    8.33
02:34:02 PM   56   74.47    0.00   18.09    0.00    0.00    0.00    0.00    0.00    0.00    7.45
02:34:02 PM   57   72.16    0.00   18.56    0.00    0.00    0.00    0.00    0.00    0.00    9.28
02:34:02 PM   58   76.84    0.00   14.74    0.00    0.00    0.00    0.00    0.00    0.00    8.42
02:34:02 PM   59   75.53    0.00   15.96    0.00    0.00    0.00    0.00    0.00    0.00    8.51
02:34:02 PM   60   75.53    0.00   17.02    0.00    0.00    0.00    0.00    0.00    0.00    7.45
02:34:02 PM   61   73.40    0.00   19.15    0.00    0.00    0.00    0.00    0.00    0.00    7.45
02:34:02 PM   62   70.97    0.00   21.51    0.00    0.00    0.00    0.00    0.00    0.00    7.53
02:34:02 PM   63   73.12    0.00   19.35    0.00    0.00    0.00    0.00    0.00    0.00    7.53
02:34:02 PM   64   78.57    0.00   17.35    0.00    0.00    0.00    0.00    0.00    0.00    4.08
02:34:02 PM   65   73.91    0.00   17.39    0.00    0.00    0.00    0.00    0.00    0.00    8.70
02:34:02 PM   66   72.63    0.00   20.00    0.00    0.00    0.00    0.00    0.00    0.00    7.37
02:34:02 PM   67   71.58    0.00   20.00    0.00    0.00    0.00    0.00    0.00    0.00    8.42
02:34:02 PM   68   70.83    0.00   19.79    1.04    0.00    0.00    0.00    0.00    0.00    8.33
02:34:02 PM   69   70.97    0.00   20.43    1.08    0.00    0.00    0.00    0.00    0.00    7.53
02:34:02 PM   70   71.88    0.00   19.79    0.00    0.00    0.00    0.00    0.00    0.00    8.33
02:34:02 PM   71   72.63    0.00   18.95    0.00    0.00    0.00    0.00    0.00    0.00    8.42
02:34:02 PM   72   70.21    0.00   21.28    0.00    0.00    0.00    0.00    0.00    0.00    8.51
02:34:02 PM   73   73.68    0.00   17.89    0.00    0.00    0.00    0.00    0.00    0.00    8.42
02:34:02 PM   74   71.58    0.00   20.00    0.00    0.00    0.00    0.00    0.00    0.00    8.42
02:34:02 PM   75   73.68    0.00   17.89    0.00    0.00    0.00    0.00    0.00    0.00    8.42
02:34:02 PM   76   74.19    0.00   18.28    0.00    0.00    0.00    0.00    0.00    0.00    7.53
02:34:02 PM   77   71.13    0.00   19.59    0.00    0.00    0.00    0.00    0.00    0.00    9.28
02:34:02 PM   78   72.34    0.00   19.15    0.00    0.00    0.00    0.00    0.00    0.00    8.51
02:34:02 PM   79   72.92    0.00   18.75    0.00    0.00    0.00    0.00    0.00    0.00    8.33

02:34:11 PM  CPU    %usr   %nice    %sys %iowait    %irq   %soft  %steal  %guest  %gnice   %idle
02:34:12 PM  all   72.91    0.00   18.65    0.13    0.00    0.01    0.00    0.00    0.00    8.29
02:34:12 PM    0   71.88    0.00   19.79    0.00    0.00    0.00    0.00    0.00    0.00    8.33
02:34:12 PM    1   73.68    0.00   17.89    0.00    0.00    0.00    0.00    0.00    0.00    8.42
02:34:12 PM    2   72.92    0.00   17.71    0.00    0.00    1.04    0.00    0.00    0.00    8.33
02:34:12 PM    3   73.20    0.00   18.56    0.00    0.00    0.00    0.00    0.00    0.00    8.25
02:34:12 PM    4   73.68    0.00   16.84    0.00    0.00    0.00    0.00    0.00    0.00    9.47
02:34:12 PM    5   71.88    0.00   19.79    0.00    0.00    0.00    0.00    0.00    0.00    8.33
02:34:12 PM    6   74.74    0.00   15.79    1.05    0.00    0.00    0.00    0.00    0.00    8.42
02:34:12 PM    7   72.92    0.00   17.71    0.00    0.00    0.00    0.00    0.00    0.00    9.38
02:34:12 PM    8   74.74    0.00   17.89    0.00    0.00    0.00    0.00    0.00    0.00    7.37
02:34:12 PM    9   71.43    0.00   20.41    0.00    0.00    0.00    0.00    0.00    0.00    8.16
02:34:12 PM   10   76.04    0.00   15.62    0.00    0.00    0.00    0.00    0.00    0.00    8.33
02:34:12 PM   11   75.79    0.00   15.79    0.00    0.00    0.00    0.00    0.00    0.00    8.42
02:34:12 PM   12   72.63    0.00   18.95    0.00    0.00    0.00    0.00    0.00    0.00    8.42
02:34:12 PM   13   73.68    0.00   17.89    0.00    0.00    0.00    0.00    0.00    0.00    8.42
02:34:12 PM   14   72.34    0.00   19.15    0.00    0.00    0.00    0.00    0.00    0.00    8.51
02:34:12 PM   15   76.04    0.00   15.62    0.00    0.00    0.00    0.00    0.00    0.00    8.33
02:34:12 PM   16   73.40    0.00   18.09    0.00    0.00    0.00    0.00    0.00    0.00    8.51
02:34:12 PM   17   72.63    0.00   18.95    0.00    0.00    0.00    0.00    0.00    0.00    8.42
02:34:12 PM   18   73.68    0.00   17.89    0.00    0.00    0.00    0.00    0.00    0.00    8.42
02:34:12 PM   19   73.96    0.00   18.75    0.00    0.00    0.00    0.00    0.00    0.00    7.29
02:34:12 PM   20   72.63    0.00   18.95    0.00    0.00    0.00    0.00    0.00    0.00    8.42
02:34:12 PM   21   71.58    0.00   20.00    0.00    0.00    0.00    0.00    0.00    0.00    8.42
02:34:12 PM   22   72.34    0.00   19.15    0.00    0.00    0.00    0.00    0.00    0.00    8.51
02:34:12 PM   23   71.28    0.00   20.21    0.00    0.00    0.00    0.00    0.00    0.00    8.51
02:34:12 PM   24   73.12    0.00   18.28    0.00    0.00    0.00    0.00    0.00    0.00    8.60
02:34:12 PM   25   73.68    0.00   17.89    0.00    0.00    0.00    0.00    0.00    0.00    8.42
02:34:12 PM   26   73.12    0.00   18.28    0.00    0.00    0.00    0.00    0.00    0.00    8.60
02:34:12 PM   27   72.63    0.00   20.00    0.00    0.00    0.00    0.00    0.00    0.00    7.37
02:34:12 PM   28   73.12    0.00   17.20    0.00    0.00    0.00    0.00    0.00    0.00    9.68
02:34:12 PM   29   73.12    0.00   18.28    0.00    0.00    0.00    0.00    0.00    0.00    8.60
02:34:12 PM   30   69.15    0.00   21.28    0.00    0.00    0.00    0.00    0.00    0.00    9.57
02:34:12 PM   31   71.88    0.00   18.75    1.04    0.00    0.00    0.00    0.00    0.00    8.33
02:34:12 PM   32   73.68    0.00   18.95    0.00    0.00    0.00    0.00    0.00    0.00    7.37
02:34:12 PM   33   71.88    0.00   19.79    0.00    0.00    0.00    0.00    0.00    0.00    8.33
02:34:12 PM   34   76.04    0.00   18.75    0.00    0.00    0.00    0.00    0.00    0.00    5.21
02:34:12 PM   35   70.83    0.00   18.75    1.04    0.00    0.00    0.00    0.00    0.00    9.38
02:34:12 PM   36   71.88    0.00   18.75    0.00    0.00    0.00    0.00    0.00    0.00    9.38
02:34:12 PM   37   72.16    0.00   19.59    0.00    0.00    0.00    0.00    0.00    0.00    8.25
02:34:12 PM   38   72.04    0.00   19.35    0.00    0.00    0.00    0.00    0.00    0.00    8.60
02:34:12 PM   39   72.16    0.00   19.59    0.00    0.00    0.00    0.00    0.00    0.00    8.25
02:34:12 PM   40   74.47    0.00   17.02    0.00    0.00    0.00    0.00    0.00    0.00    8.51
02:34:12 PM   41   71.58    0.00   18.95    0.00    0.00    0.00    0.00    0.00    0.00    9.47
02:34:12 PM   42   73.96    0.00   17.71    0.00    0.00    0.00    0.00    0.00    0.00    8.33
02:34:12 PM   43   73.68    0.00   17.89    0.00    0.00    0.00    0.00    0.00    0.00    8.42
02:34:12 PM   44   70.83    0.00   20.83    0.00    0.00    0.00    0.00    0.00    0.00    8.33
02:34:12 PM   45   72.92    0.00   18.75    0.00    0.00    0.00    0.00    0.00    0.00    8.33
02:34:12 PM   46   72.16    0.00   19.59    0.00    0.00    0.00    0.00    0.00    0.00    8.25
02:34:12 PM   47   73.96    0.00   17.71    0.00    0.00    0.00    0.00    0.00    0.00    8.33
02:34:12 PM   48   75.00    0.00   16.67    0.00    0.00    0.00    0.00    0.00    0.00    8.33
02:34:12 PM   49   70.83    0.00   19.79    0.00    0.00    0.00    0.00    0.00    0.00    9.38
02:34:12 PM   50   74.74    0.00   15.79    1.05    0.00    0.00    0.00    0.00    0.00    8.42
02:34:12 PM   51   74.23    0.00   17.53    0.00    0.00    0.00    0.00    0.00    0.00    8.25
02:34:12 PM   52   73.12    0.00   18.28    0.00    0.00    0.00    0.00    0.00    0.00    8.60
02:34:12 PM   53   73.40    0.00   18.09    0.00    0.00    0.00    0.00    0.00    0.00    8.51
02:34:12 PM   54   71.58    0.00   20.00    0.00    0.00    0.00    0.00    0.00    0.00    8.42
02:34:12 PM   55   73.68    0.00   17.89    1.05    0.00    0.00    0.00    0.00    0.00    7.37
02:34:12 PM   56   75.79    0.00   16.84    0.00    0.00    0.00    0.00    0.00    0.00    7.37
02:34:12 PM   57   71.58    0.00   18.95    0.00    0.00    0.00    0.00    0.00    0.00    9.47
02:34:12 PM   58   73.40    0.00   18.09    0.00    0.00    0.00    0.00    0.00    0.00    8.51
02:34:12 PM   59   74.47    0.00   17.02    0.00    0.00    0.00    0.00    0.00    0.00    8.51
02:34:12 PM   60   75.00    0.00   17.71    1.04    0.00    0.00    0.00    0.00    0.00    6.25
02:34:12 PM   61   74.47    0.00   17.02    0.00    0.00    0.00    0.00    0.00    0.00    8.51
02:34:12 PM   62   70.53    0.00   20.00    0.00    0.00    0.00    0.00    0.00    0.00    9.47
02:34:12 PM   63   75.79    0.00   16.84    0.00    0.00    0.00    0.00    0.00    0.00    7.37
02:34:12 PM   64   70.21    0.00   21.28    0.00    0.00    0.00    0.00    0.00    0.00    8.51
02:34:12 PM   65   70.21    0.00   22.34    0.00    0.00    0.00    0.00    0.00    0.00    7.45
02:34:12 PM   66   73.96    0.00   18.75    0.00    0.00    0.00    0.00    0.00    0.00    7.29
02:34:12 PM   67   72.63    0.00   17.89    0.00    0.00    0.00    0.00    0.00    0.00    9.47
02:34:12 PM   68   74.19    0.00   16.13    1.08    0.00    0.00    0.00    0.00    0.00    8.60
02:34:12 PM   69   73.68    0.00   18.95    0.00    0.00    0.00    0.00    0.00    0.00    7.37
02:34:12 PM   70   69.79    0.00   20.83    1.04    0.00    0.00    0.00    0.00    0.00    8.33
02:34:12 PM   71   71.28    0.00   21.28    0.00    0.00    0.00    0.00    0.00    0.00    7.45
02:34:12 PM   72   74.47    0.00   17.02    0.00    0.00    0.00    0.00    0.00    0.00    8.51
02:34:12 PM   73   71.13    0.00   20.62    1.03    0.00    0.00    0.00    0.00    0.00    7.22
02:34:12 PM   74   72.63    0.00   18.95    0.00    0.00    0.00    0.00    0.00    0.00    8.42
02:34:12 PM   75   68.75    0.00   23.96    0.00    0.00    0.00    0.00    0.00    0.00    7.29
02:34:12 PM   76   71.58    0.00   20.00    0.00    0.00    0.00    0.00    0.00    0.00    8.42
02:34:12 PM   77   67.71    0.00   23.96    0.00    0.00    0.00    0.00    0.00    0.00    8.33
02:34:12 PM   78   74.19    0.00   17.20    1.08    0.00    0.00    0.00    0.00    0.00    7.53
02:34:12 PM   79   75.53    0.00   17.02    0.00    0.00    0.00    0.00    0.00    0.00    7.45

02:34:21 PM  CPU    %usr   %nice    %sys %iowait    %irq   %soft  %steal  %guest  %gnice   %idle
02:34:22 PM  all   73.45    0.00   18.63    0.10    0.00    0.00    0.00    0.00    0.00    7.81
02:34:22 PM    0   71.88    0.00   18.75    0.00    0.00    0.00    0.00    0.00    0.00    9.38
02:34:22 PM    1   73.96    0.00   17.71    0.00    0.00    0.00    0.00    0.00    0.00    8.33
02:34:22 PM    2   76.84    0.00   15.79    0.00    0.00    0.00    0.00    0.00    0.00    7.37
02:34:22 PM    3   72.34    0.00   19.15    0.00    0.00    0.00    0.00    0.00    0.00    8.51
02:34:22 PM    4   72.63    0.00   18.95    0.00    0.00    0.00    0.00    0.00    0.00    8.42
02:34:22 PM    5   72.34    0.00   19.15    0.00    0.00    0.00    0.00    0.00    0.00    8.51
02:34:22 PM    6   71.58    0.00   18.95    0.00    0.00    0.00    0.00    0.00    0.00    9.47
02:34:22 PM    7   72.63    0.00   18.95    0.00    0.00    0.00    0.00    0.00    0.00    8.42
02:34:22 PM    8   75.53    0.00   15.96    0.00    0.00    0.00    0.00    0.00    0.00    8.51
02:34:22 PM    9   74.23    0.00   17.53    0.00    0.00    0.00    0.00    0.00    0.00    8.25
02:34:22 PM   10   70.41    0.00   21.43    0.00    0.00    0.00    0.00    0.00    0.00    8.16
02:34:22 PM   11   73.12    0.00   18.28    0.00    0.00    0.00    0.00    0.00    0.00    8.60
02:34:22 PM   12   72.63    0.00   18.95    0.00    0.00    0.00    0.00    0.00    0.00    8.42
02:34:22 PM   13   73.96    0.00   16.67    1.04    0.00    0.00    0.00    0.00    0.00    8.33
02:34:22 PM   14   72.34    0.00   19.15    0.00    0.00    0.00    0.00    0.00    0.00    8.51
02:34:22 PM   15   73.68    0.00   17.89    0.00    0.00    0.00    0.00    0.00    0.00    8.42
02:34:22 PM   16   74.74    0.00   16.84    0.00    0.00    0.00    0.00    0.00    0.00    8.42
02:34:22 PM   17   73.20    0.00   17.53    0.00    0.00    0.00    0.00    0.00    0.00    9.28
02:34:22 PM   18   72.63    0.00   18.95    0.00    0.00    0.00    0.00    0.00    0.00    8.42
02:34:22 PM   19   72.63    0.00   18.95    0.00    0.00    0.00    0.00    0.00    0.00    8.42
02:34:22 PM   20   75.00    0.00   16.67    1.04    0.00    0.00    0.00    0.00    0.00    7.29
02:34:22 PM   21   72.63    0.00   21.05    0.00    0.00    0.00    0.00    0.00    0.00    6.32
02:34:22 PM   22   73.96    0.00   18.75    0.00    0.00    0.00    0.00    0.00    0.00    7.29
02:34:22 PM   23   74.19    0.00   18.28    0.00    0.00    0.00    0.00    0.00    0.00    7.53
02:34:22 PM   24   72.92    0.00   19.79    0.00    0.00    0.00    0.00    0.00    0.00    7.29
02:34:22 PM   25   73.20    0.00   18.56    1.03    0.00    0.00    0.00    0.00    0.00    7.22
02:34:22 PM   26   75.53    0.00   17.02    0.00    0.00    0.00    0.00    0.00    0.00    7.45
02:34:22 PM   27   74.74    0.00   17.89    0.00    0.00    0.00    0.00    0.00    0.00    7.37
02:34:22 PM   28   74.74    0.00   17.89    0.00    0.00    0.00    0.00    0.00    0.00    7.37
02:34:22 PM   29   74.23    0.00   18.56    0.00    0.00    0.00    0.00    0.00    0.00    7.22
02:34:22 PM   30   74.47    0.00   18.09    0.00    0.00    0.00    0.00    0.00    0.00    7.45
02:34:22 PM   31   73.68    0.00   18.95    0.00    0.00    0.00    0.00    0.00    0.00    7.37
02:34:22 PM   32   72.16    0.00   20.62    0.00    0.00    0.00    0.00    0.00    0.00    7.22
02:34:22 PM   33   72.83    0.00   19.57    0.00    0.00    0.00    0.00    0.00    0.00    7.61
02:34:22 PM   34   72.92    0.00   19.79    0.00    0.00    0.00    0.00    0.00    0.00    7.29
02:34:22 PM   35   74.23    0.00   19.59    0.00    0.00    0.00    0.00    0.00    0.00    6.19
02:34:22 PM   36   71.58    0.00   21.05    0.00    0.00    0.00    0.00    0.00    0.00    7.37
02:34:22 PM   37   70.83    0.00   21.88    0.00    0.00    0.00    0.00    0.00    0.00    7.29
02:34:22 PM   38   73.20    0.00   18.56    0.00    0.00    0.00    0.00    0.00    0.00    8.25
02:34:22 PM   39   72.04    0.00   19.35    0.00    0.00    0.00    0.00    0.00    0.00    8.60
02:34:22 PM   40   73.40    0.00   19.15    0.00    0.00    0.00    0.00    0.00    0.00    7.45
02:34:22 PM   41   73.96    0.00   17.71    0.00    0.00    0.00    0.00    0.00    0.00    8.33
02:34:22 PM   42   70.21    0.00   22.34    0.00    0.00    0.00    0.00    0.00    0.00    7.45
02:34:22 PM   43   72.63    0.00   18.95    0.00    0.00    0.00    0.00    0.00    0.00    8.42
02:34:22 PM   44   73.40    0.00   18.09    0.00    0.00    0.00    0.00    0.00    0.00    8.51
02:34:22 PM   45   76.04    0.00   15.62    0.00    0.00    0.00    0.00    0.00    0.00    8.33
02:34:22 PM   46   72.63    0.00   18.95    0.00    0.00    0.00    0.00    0.00    0.00    8.42
02:34:22 PM   47   71.13    0.00   20.62    1.03    0.00    0.00    0.00    0.00    0.00    7.22
02:34:22 PM   48   73.68    0.00   17.89    0.00    0.00    0.00    0.00    0.00    0.00    8.42
02:34:22 PM   49   75.00    0.00   16.67    0.00    0.00    0.00    0.00    0.00    0.00    8.33
02:34:22 PM   50   73.68    0.00   17.89    0.00    0.00    0.00    0.00    0.00    0.00    8.42
02:34:22 PM   51   76.04    0.00   16.67    0.00    0.00    0.00    0.00    0.00    0.00    7.29
02:34:22 PM   52   73.40    0.00   18.09    0.00    0.00    0.00    0.00    0.00    0.00    8.51
02:34:22 PM   53   73.20    0.00   18.56    0.00    0.00    0.00    0.00    0.00    0.00    8.25
02:34:22 PM   54   70.10    0.00   20.62    0.00    0.00    0.00    0.00    0.00    0.00    9.28
02:34:22 PM   55   75.26    0.00   17.53    0.00    0.00    0.00    0.00    0.00    0.00    7.22
02:34:22 PM   56   73.20    0.00   18.56    0.00    0.00    0.00    0.00    0.00    0.00    8.25
02:34:22 PM   57   71.88    0.00   19.79    0.00    0.00    0.00    0.00    0.00    0.00    8.33
02:34:22 PM   58   75.79    0.00   16.84    0.00    0.00    0.00    0.00    0.00    0.00    7.37
02:34:22 PM   59   73.40    0.00   17.02    0.00    0.00    0.00    0.00    0.00    0.00    9.57
02:34:22 PM   60   75.79    0.00   15.79    2.11    0.00    0.00    0.00    0.00    0.00    6.32
02:34:22 PM   61   74.23    0.00   18.56    0.00    0.00    0.00    0.00    0.00    0.00    7.22
02:34:22 PM   62   73.68    0.00   18.95    0.00    0.00    0.00    0.00    0.00    0.00    7.37
02:34:22 PM   63   73.40    0.00   19.15    0.00    0.00    0.00    0.00    0.00    0.00    7.45
02:34:22 PM   64   72.92    0.00   20.83    0.00    0.00    0.00    0.00    0.00    0.00    6.25
02:34:22 PM   65   75.53    0.00   17.02    0.00    0.00    0.00    0.00    0.00    0.00    7.45
02:34:22 PM   66   73.40    0.00   18.09    0.00    0.00    0.00    0.00    0.00    0.00    8.51
02:34:22 PM   67   70.83    0.00   20.83    0.00    0.00    0.00    0.00    0.00    0.00    8.33
02:34:22 PM   68   74.74    0.00   18.95    0.00    0.00    0.00    0.00    0.00    0.00    6.32
02:34:22 PM   69   75.26    0.00   19.59    0.00    0.00    0.00    0.00    0.00    0.00    5.15
02:34:22 PM   70   72.92    0.00   18.75    0.00    0.00    0.00    0.00    0.00    0.00    8.33
02:34:22 PM   71   73.40    0.00   19.15    1.06    0.00    0.00    0.00    0.00    0.00    6.38
02:34:22 PM   72   72.63    0.00   18.95    0.00    0.00    0.00    0.00    0.00    0.00    8.42
02:34:22 PM   73   72.16    0.00   19.59    0.00    0.00    0.00    0.00    0.00    0.00    8.25
02:34:22 PM   74   74.47    0.00   18.09    0.00    0.00    0.00    0.00    0.00    0.00    7.45
02:34:22 PM   75   74.23    0.00   18.56    1.03    0.00    0.00    0.00    0.00    0.00    6.19
02:34:22 PM   76   74.74    0.00   17.89    0.00    0.00    0.00    0.00    0.00    0.00    7.37
02:34:22 PM   77   73.96    0.00   18.75    0.00    0.00    0.00    0.00    0.00    0.00    7.29
02:34:22 PM   78   74.74    0.00   17.89    0.00    0.00    0.00    0.00    0.00    0.00    7.37
02:34:22 PM   79   72.63    0.00   20.00    0.00    0.00    0.00    0.00    0.00    0.00    7.37

02:34:31 PM  CPU    %usr   %nice    %sys %iowait    %irq   %soft  %steal  %guest  %gnice   %idle
02:34:32 PM  all   73.28    0.00   18.67    0.09    0.00    0.00    0.00    0.00    0.00    7.96
02:34:32 PM    0   72.16    0.00   18.56    1.03    0.00    0.00    0.00    0.00    0.00    8.25
02:34:32 PM    1   74.23    0.00   17.53    0.00    0.00    0.00    0.00    0.00    0.00    8.25
02:34:32 PM    2   75.79    0.00   16.84    0.00    0.00    0.00    0.00    0.00    0.00    7.37
02:34:32 PM    3   71.43    0.00   19.39    1.02    0.00    0.00    0.00    0.00    0.00    8.16
02:34:32 PM    4   72.45    0.00   19.39    0.00    0.00    0.00    0.00    0.00    0.00    8.16
02:34:32 PM    5   74.74    0.00   17.89    0.00    0.00    0.00    0.00    0.00    0.00    7.37
02:34:32 PM    6   73.20    0.00   17.53    1.03    0.00    0.00    0.00    0.00    0.00    8.25
02:34:32 PM    7   73.96    0.00   18.75    0.00    0.00    0.00    0.00    0.00    0.00    7.29
02:34:32 PM    8   75.53    0.00   17.02    0.00    0.00    0.00    0.00    0.00    0.00    7.45
02:34:32 PM    9   73.68    0.00   18.95    0.00    0.00    0.00    0.00    0.00    0.00    7.37
02:34:32 PM   10   72.63    0.00   18.95    0.00    0.00    0.00    0.00    0.00    0.00    8.42
02:34:32 PM   11   73.68    0.00   17.89    0.00    0.00    0.00    0.00    0.00    0.00    8.42
02:34:32 PM   12   76.04    0.00   15.62    0.00    0.00    0.00    0.00    0.00    0.00    8.33
02:34:32 PM   13   74.74    0.00   17.89    0.00    0.00    0.00    0.00    0.00    0.00    7.37
02:34:32 PM   14   77.66    0.00   15.96    0.00    0.00    0.00    0.00    0.00    0.00    6.38
02:34:32 PM   15   73.20    0.00   18.56    0.00    0.00    0.00    0.00    0.00    0.00    8.25
02:34:32 PM   16   76.04    0.00   15.62    0.00    0.00    0.00    0.00    0.00    0.00    8.33
02:34:32 PM   17   75.79    0.00   15.79    0.00    0.00    0.00    0.00    0.00    0.00    8.42
02:34:32 PM   18   73.68    0.00   18.95    0.00    0.00    0.00    0.00    0.00    0.00    7.37
02:34:32 PM   19   74.74    0.00   16.84    0.00    0.00    0.00    0.00    0.00    0.00    8.42
02:34:32 PM   20   74.23    0.00   17.53    0.00    0.00    0.00    0.00    0.00    0.00    8.25
02:34:32 PM   21   71.58    0.00   20.00    0.00    0.00    0.00    0.00    0.00    0.00    8.42
02:34:32 PM   22   72.34    0.00   20.21    0.00    0.00    0.00    0.00    0.00    0.00    7.45
02:34:32 PM   23   74.47    0.00   18.09    0.00    0.00    0.00    0.00    0.00    0.00    7.45
02:34:32 PM   24   74.74    0.00   18.95    0.00    0.00    0.00    0.00    0.00    0.00    6.32
02:34:32 PM   25   72.04    0.00   19.35    0.00    0.00    0.00    0.00    0.00    0.00    8.60
02:34:32 PM   26   74.19    0.00   17.20    0.00    0.00    0.00    0.00    0.00    0.00    8.60
02:34:32 PM   27   72.63    0.00   18.95    0.00    0.00    0.00    0.00    0.00    0.00    8.42
02:34:32 PM   28   71.58    0.00   21.05    0.00    0.00    0.00    0.00    0.00    0.00    7.37
02:34:32 PM   29   74.47    0.00   18.09    0.00    0.00    0.00    0.00    0.00    0.00    7.45
02:34:32 PM   30   72.63    0.00   18.95    0.00    0.00    0.00    0.00    0.00    0.00    8.42
02:34:32 PM   31   70.53    0.00   21.05    0.00    0.00    0.00    0.00    0.00    0.00    8.42
02:34:32 PM   32   71.28    0.00   20.21    0.00    0.00    0.00    0.00    0.00    0.00    8.51
02:34:32 PM   33   74.19    0.00   17.20    0.00    0.00    0.00    0.00    0.00    0.00    8.60
02:34:32 PM   34   71.28    0.00   20.21    0.00    0.00    0.00    0.00    0.00    0.00    8.51
02:34:32 PM   35   70.21    0.00   20.21    1.06    0.00    0.00    0.00    0.00    0.00    8.51
02:34:32 PM   36   69.47    0.00   21.05    0.00    0.00    0.00    0.00    0.00    0.00    9.47
02:34:32 PM   37   72.92    0.00   18.75    0.00    0.00    0.00    0.00    0.00    0.00    8.33
02:34:32 PM   38   70.83    0.00   20.83    0.00    0.00    0.00    0.00    0.00    0.00    8.33
02:34:32 PM   39   72.34    0.00   19.15    0.00    0.00    0.00    0.00    0.00    0.00    8.51
02:34:32 PM   40   72.92    0.00   18.75    0.00    0.00    0.00    0.00    0.00    0.00    8.33
02:34:32 PM   41   75.00    0.00   16.67    0.00    0.00    0.00    0.00    0.00    0.00    8.33
02:34:32 PM   42   74.47    0.00   18.09    0.00    0.00    0.00    0.00    0.00    0.00    7.45
02:34:32 PM   43   75.79    0.00   16.84    0.00    0.00    0.00    0.00    0.00    0.00    7.37
02:34:32 PM   44   75.26    0.00   17.53    0.00    0.00    0.00    0.00    0.00    0.00    7.22
02:34:32 PM   45   74.49    0.00   17.35    0.00    0.00    0.00    0.00    0.00    0.00    8.16
02:34:32 PM   46   72.63    0.00   20.00    0.00    0.00    0.00    0.00    0.00    0.00    7.37
02:34:32 PM   47   73.96    0.00   17.71    0.00    0.00    0.00    0.00    0.00    0.00    8.33
02:34:32 PM   48   73.68    0.00   17.89    0.00    0.00    0.00    0.00    0.00    0.00    8.42
02:34:32 PM   49   75.00    0.00   16.67    0.00    0.00    0.00    0.00    0.00    0.00    8.33
02:34:32 PM   50   72.92    0.00   18.75    0.00    0.00    0.00    0.00    0.00    0.00    8.33
02:34:32 PM   51   74.47    0.00   18.09    0.00    0.00    0.00    0.00    0.00    0.00    7.45
02:34:32 PM   52   74.74    0.00   16.84    0.00    0.00    0.00    0.00    0.00    0.00    8.42
02:34:32 PM   53   73.96    0.00   18.75    0.00    0.00    0.00    0.00    0.00    0.00    7.29
02:34:32 PM   54   74.23    0.00   16.49    0.00    0.00    0.00    0.00    0.00    0.00    9.28
02:34:32 PM   55   74.47    0.00   18.09    0.00    0.00    0.00    0.00    0.00    0.00    7.45
02:34:32 PM   56   76.04    0.00   17.71    0.00    0.00    0.00    0.00    0.00    0.00    6.25
02:34:32 PM   57   73.20    0.00   18.56    0.00    0.00    0.00    0.00    0.00    0.00    8.25
02:34:32 PM   58   72.34    0.00   19.15    0.00    0.00    0.00    0.00    0.00    0.00    8.51
02:34:32 PM   59   72.92    0.00   18.75    0.00    0.00    0.00    0.00    0.00    0.00    8.33
02:34:32 PM   60   73.96    0.00   18.75    0.00    0.00    0.00    0.00    0.00    0.00    7.29
02:34:32 PM   61   74.74    0.00   17.89    0.00    0.00    0.00    0.00    0.00    0.00    7.37
02:34:32 PM   62   68.42    0.00   22.11    1.05    0.00    0.00    0.00    0.00    0.00    8.42
02:34:32 PM   63   69.79    0.00   21.88    0.00    0.00    0.00    0.00    0.00    0.00    8.33
02:34:32 PM   64   72.92    0.00   19.79    0.00    0.00    0.00    0.00    0.00    0.00    7.29
02:34:32 PM   65   71.88    0.00   20.83    0.00    0.00    0.00    0.00    0.00    0.00    7.29
02:34:32 PM   66   71.58    0.00   20.00    0.00    0.00    0.00    0.00    0.00    0.00    8.42
02:34:32 PM   67   71.28    0.00   20.21    0.00    0.00    0.00    0.00    0.00    0.00    8.51
02:34:32 PM   68   75.00    0.00   18.75    0.00    0.00    0.00    0.00    0.00    0.00    6.25
02:34:32 PM   69   73.40    0.00   19.15    0.00    0.00    0.00    0.00    0.00    0.00    7.45
02:34:32 PM   70   70.21    0.00   20.21    1.06    0.00    0.00    0.00    0.00    0.00    8.51
02:34:32 PM   71   71.58    0.00   20.00    0.00    0.00    0.00    0.00    0.00    0.00    8.42
02:34:32 PM   72   70.97    0.00   20.43    0.00    0.00    0.00    0.00    0.00    0.00    8.60
02:34:32 PM   73   71.88    0.00   20.83    0.00    0.00    0.00    0.00    0.00    0.00    7.29
02:34:32 PM   74   71.58    0.00   21.05    0.00    0.00    0.00    0.00    0.00    0.00    7.37
02:34:32 PM   75   75.00    0.00   17.39    0.00    0.00    0.00    0.00    0.00    0.00    7.61
02:34:32 PM   76   74.74    0.00   17.89    0.00    0.00    0.00    0.00    0.00    0.00    7.37
02:34:32 PM   77   71.88    0.00   18.75    1.04    0.00    0.00    0.00    0.00    0.00    8.33
02:34:32 PM   78   74.19    0.00   18.28    0.00    0.00    0.00    0.00    0.00    0.00    7.53
02:34:32 PM   79   71.58    0.00   20.00    0.00    0.00    0.00    0.00    0.00    0.00    8.42

02:34:41 PM  CPU    %usr   %nice    %sys %iowait    %irq   %soft  %steal  %guest  %gnice   %idle
02:34:42 PM  all   73.12    0.00   18.41    0.16    0.00    0.01    0.00    0.00    0.00    8.30
02:34:42 PM    0   73.68    0.00   17.89    0.00    0.00    0.00    0.00    0.00    0.00    8.42
02:34:42 PM    1   75.79    0.00   15.79    0.00    0.00    0.00    0.00    0.00    0.00    8.42
02:34:42 PM    2   72.16    0.00   18.56    0.00    0.00    0.00    0.00    0.00    0.00    9.28
02:34:42 PM    3   73.40    0.00   18.09    0.00    0.00    0.00    0.00    0.00    0.00    8.51
02:34:42 PM    4   73.40    0.00   18.09    0.00    0.00    0.00    0.00    0.00    0.00    8.51
02:34:42 PM    5   71.58    0.00   18.95    0.00    0.00    0.00    0.00    0.00    0.00    9.47
02:34:42 PM    6   72.63    0.00   17.89    0.00    0.00    0.00    0.00    0.00    0.00    9.47
02:34:42 PM    7   71.58    0.00   20.00    0.00    0.00    0.00    0.00    0.00    0.00    8.42
02:34:42 PM    8   72.63    0.00   16.84    1.05    0.00    0.00    0.00    0.00    0.00    9.47
02:34:42 PM    9   74.49    0.00   16.33    1.02    0.00    0.00    0.00    0.00    0.00    8.16
02:34:42 PM   10   71.58    0.00   18.95    0.00    0.00    0.00    0.00    0.00    0.00    9.47
02:34:42 PM   11   73.40    0.00   19.15    0.00    0.00    0.00    0.00    0.00    0.00    7.45
02:34:42 PM   12   75.79    0.00   15.79    0.00    0.00    0.00    0.00    0.00    0.00    8.42
02:34:42 PM   13   74.74    0.00   15.79    0.00    0.00    0.00    0.00    0.00    0.00    9.47
02:34:42 PM   14   73.40    0.00   18.09    0.00    0.00    0.00    0.00    0.00    0.00    8.51
02:34:42 PM   15   72.16    0.00   18.56    0.00    0.00    0.00    0.00    0.00    0.00    9.28
02:34:42 PM   16   73.96    0.00   16.67    0.00    0.00    0.00    0.00    0.00    0.00    9.38
02:34:42 PM   17   73.68    0.00   16.84    0.00    0.00    0.00    0.00    0.00    0.00    9.47
02:34:42 PM   18   74.74    0.00   16.84    0.00    0.00    0.00    0.00    0.00    0.00    8.42
02:34:42 PM   19   73.96    0.00   17.71    0.00    0.00    0.00    0.00    0.00    0.00    8.33
02:34:42 PM   20   74.19    0.00   18.28    0.00    0.00    0.00    0.00    0.00    0.00    7.53
02:34:42 PM   21   71.58    0.00   20.00    0.00    0.00    0.00    0.00    0.00    0.00    8.42
02:34:42 PM   22   74.19    0.00   18.28    0.00    0.00    0.00    0.00    0.00    0.00    7.53
02:34:42 PM   23   72.16    0.00   18.56    1.03    0.00    0.00    0.00    0.00    0.00    8.25
02:34:42 PM   24   73.68    0.00   20.00    0.00    0.00    0.00    0.00    0.00    0.00    6.32
02:34:42 PM   25   76.34    0.00   16.13    0.00    0.00    0.00    0.00    0.00    0.00    7.53
02:34:42 PM   26   71.28    0.00   21.28    0.00    0.00    0.00    0.00    0.00    0.00    7.45
02:34:42 PM   27   73.68    0.00   17.89    1.05    0.00    0.00    0.00    0.00    0.00    7.37
02:34:42 PM   28   74.23    0.00   18.56    0.00    0.00    0.00    0.00    0.00    0.00    7.22
02:34:42 PM   29   72.92    0.00   19.79    0.00    0.00    0.00    0.00    0.00    0.00    7.29
02:34:42 PM   30   74.23    0.00   17.53    1.03    0.00    0.00    0.00    0.00    0.00    7.22
02:34:42 PM   31   73.96    0.00   18.75    1.04    0.00    0.00    0.00    0.00    0.00    6.25
02:34:42 PM   32   72.34    0.00   19.15    0.00    0.00    0.00    0.00    0.00    0.00    8.51
02:34:42 PM   33   73.91    0.00   18.48    0.00    0.00    0.00    0.00    0.00    0.00    7.61
02:34:42 PM   34   73.68    0.00   18.95    0.00    0.00    0.00    0.00    0.00    0.00    7.37
02:34:42 PM   35   73.68    0.00   18.95    1.05    0.00    0.00    0.00    0.00    0.00    6.32
02:34:42 PM   36   71.58    0.00   21.05    1.05    0.00    0.00    0.00    0.00    0.00    6.32
02:34:42 PM   37   71.88    0.00   20.83    0.00    0.00    0.00    0.00    0.00    0.00    7.29
02:34:42 PM   38   73.68    0.00   18.95    0.00    0.00    0.00    0.00    0.00    0.00    7.37
02:34:42 PM   39   72.63    0.00   18.95    0.00    0.00    0.00    0.00    0.00    0.00    8.42
02:34:42 PM   40   73.40    0.00   17.02    0.00    0.00    0.00    0.00    0.00    0.00    9.57
02:34:42 PM   41   74.74    0.00   15.79    0.00    0.00    0.00    0.00    0.00    0.00    9.47
02:34:42 PM   42   73.12    0.00   17.20    0.00    0.00    0.00    0.00    0.00    0.00    9.68
02:34:42 PM   43   73.68    0.00   16.84    0.00    0.00    0.00    0.00    0.00    0.00    9.47
02:34:42 PM   44   74.74    0.00   16.84    0.00    0.00    0.00    0.00    0.00    0.00    8.42
02:34:42 PM   45   72.63    0.00   18.95    0.00    0.00    0.00    0.00    0.00    0.00    8.42
02:34:42 PM   46   73.40    0.00   18.09    0.00    0.00    0.00    0.00    0.00    0.00    8.51
02:34:42 PM   47   73.20    0.00   17.53    0.00    0.00    0.00    0.00    0.00    0.00    9.28
02:34:42 PM   48   71.28    0.00   19.15    0.00    0.00    0.00    0.00    0.00    0.00    9.57
02:34:42 PM   49   74.23    0.00   17.53    0.00    0.00    0.00    0.00    0.00    0.00    8.25
02:34:42 PM   50   71.13    0.00   18.56    0.00    0.00    1.03    0.00    0.00    0.00    9.28
02:34:42 PM   51   72.92    0.00   17.71    0.00    0.00    0.00    0.00    0.00    0.00    9.38
02:34:42 PM   52   75.79    0.00   16.84    0.00    0.00    0.00    0.00    0.00    0.00    7.37
02:34:42 PM   53   74.23    0.00   16.49    0.00    0.00    0.00    0.00    0.00    0.00    9.28
02:34:42 PM   54   73.68    0.00   17.89    0.00    0.00    0.00    0.00    0.00    0.00    8.42
02:34:42 PM   55   72.92    0.00   17.71    0.00    0.00    0.00    0.00    0.00    0.00    9.38
02:34:42 PM   56   72.34    0.00   19.15    0.00    0.00    0.00    0.00    0.00    0.00    8.51
02:34:42 PM   57   73.68    0.00   16.84    0.00    0.00    0.00    0.00    0.00    0.00    9.47
02:34:42 PM   58   70.83    0.00   19.79    0.00    0.00    0.00    0.00    0.00    0.00    9.38
02:34:42 PM   59   72.16    0.00   18.56    0.00    0.00    0.00    0.00    0.00    0.00    9.28
02:34:42 PM   60   71.13    0.00   20.62    1.03    0.00    0.00    0.00    0.00    0.00    7.22
02:34:42 PM   61   69.47    0.00   21.05    1.05    0.00    0.00    0.00    0.00    0.00    8.42
02:34:42 PM   62   73.96    0.00   17.71    0.00    0.00    0.00    0.00    0.00    0.00    8.33
02:34:42 PM   63   71.88    0.00   19.79    0.00    0.00    0.00    0.00    0.00    0.00    8.33
02:34:42 PM   64   72.34    0.00   20.21    0.00    0.00    0.00    0.00    0.00    0.00    7.45
02:34:42 PM   65   71.58    0.00   20.00    0.00    0.00    0.00    0.00    0.00    0.00    8.42
02:34:42 PM   66   74.19    0.00   17.20    0.00    0.00    0.00    0.00    0.00    0.00    8.60
02:34:42 PM   67   70.53    0.00   21.05    0.00    0.00    0.00    0.00    0.00    0.00    8.42
02:34:42 PM   68   76.04    0.00   15.62    0.00    0.00    0.00    0.00    0.00    0.00    8.33
02:34:42 PM   69   70.21    0.00   21.28    0.00    0.00    0.00    0.00    0.00    0.00    8.51
02:34:42 PM   70   72.92    0.00   17.71    1.04    0.00    0.00    0.00    0.00    0.00    8.33
02:34:42 PM   71   72.34    0.00   19.15    0.00    0.00    0.00    0.00    0.00    0.00    8.51
02:34:42 PM   72   70.71    0.00   21.21    0.00    0.00    0.00    0.00    0.00    0.00    8.08
02:34:42 PM   73   70.83    0.00   20.83    1.04    0.00    0.00    0.00    0.00    0.00    7.29
02:34:42 PM   74   71.88    0.00   20.83    0.00    0.00    0.00    0.00    0.00    0.00    7.29
02:34:42 PM   75   73.40    0.00   19.15    0.00    0.00    0.00    0.00    0.00    0.00    7.45
02:34:42 PM   76   74.19    0.00   18.28    0.00    0.00    0.00    0.00    0.00    0.00    7.53
02:34:42 PM   77   73.40    0.00   18.09    0.00    0.00    0.00    0.00    0.00    0.00    8.51
02:34:42 PM   78   74.74    0.00   17.89    0.00    0.00    0.00    0.00    0.00    0.00    7.37
02:34:42 PM   79   75.00    0.00   17.71    0.00    0.00    0.00    0.00    0.00    0.00    7.29

02:34:51 PM  CPU    %usr   %nice    %sys %iowait    %irq   %soft  %steal  %guest  %gnice   %idle
02:34:52 PM  all   72.54    0.00   18.66    0.12    0.00    0.00    0.00    0.00    0.00    8.69
02:34:52 PM    0   73.96    0.00   17.71    0.00    0.00    0.00    0.00    0.00    0.00    8.33
02:34:52 PM    1   70.83    0.00   18.75    0.00    0.00    0.00    0.00    0.00    0.00   10.42
02:34:52 PM    2   71.28    0.00   19.15    0.00    0.00    0.00    0.00    0.00    0.00    9.57
02:34:52 PM    3   70.53    0.00   20.00    0.00    0.00    0.00    0.00    0.00    0.00    9.47
02:34:52 PM    4   73.68    0.00   16.84    0.00    0.00    0.00    0.00    0.00    0.00    9.47
02:34:52 PM    5   73.96    0.00   16.67    0.00    0.00    0.00    0.00    0.00    0.00    9.38
02:34:52 PM    6   72.92    0.00   18.75    0.00    0.00    0.00    0.00    0.00    0.00    8.33
02:34:52 PM    7   72.92    0.00   17.71    0.00    0.00    0.00    0.00    0.00    0.00    9.38
02:34:52 PM    8   69.79    0.00   20.83    0.00    0.00    0.00    0.00    0.00    0.00    9.38
02:34:52 PM    9   74.23    0.00   17.53    0.00    0.00    0.00    0.00    0.00    0.00    8.25
02:34:52 PM   10   71.58    0.00   18.95    0.00    0.00    0.00    0.00    0.00    0.00    9.47
02:34:52 PM   11   73.96    0.00   16.67    0.00    0.00    0.00    0.00    0.00    0.00    9.38
02:34:52 PM   12   72.63    0.00   17.89    0.00    0.00    0.00    0.00    0.00    0.00    9.47
02:34:52 PM   13   71.28    0.00   19.15    0.00    0.00    0.00    0.00    0.00    0.00    9.57
02:34:52 PM   14   72.34    0.00   19.15    0.00    0.00    0.00    0.00    0.00    0.00    8.51
02:34:52 PM   15   74.47    0.00   15.96    0.00    0.00    0.00    0.00    0.00    0.00    9.57
02:34:52 PM   16   72.16    0.00   19.59    0.00    0.00    0.00    0.00    0.00    0.00    8.25
02:34:52 PM   17   75.00    0.00   16.67    0.00    0.00    0.00    0.00    0.00    0.00    8.33
02:34:52 PM   18   70.83    0.00   19.79    0.00    0.00    0.00    0.00    0.00    0.00    9.38
02:34:52 PM   19   70.41    0.00   20.41    0.00    0.00    0.00    0.00    0.00    0.00    9.18
02:34:52 PM   20   73.40    0.00   18.09    0.00    0.00    0.00    0.00    0.00    0.00    8.51
02:34:52 PM   21   71.43    0.00   19.39    0.00    0.00    0.00    0.00    0.00    0.00    9.18
02:34:52 PM   22   72.34    0.00   19.15    1.06    0.00    0.00    0.00    0.00    0.00    7.45
02:34:52 PM   23   72.92    0.00   17.71    1.04    0.00    0.00    0.00    0.00    0.00    8.33
02:34:52 PM   24   75.79    0.00   16.84    0.00    0.00    0.00    0.00    0.00    0.00    7.37
02:34:52 PM   25   72.04    0.00   19.35    0.00    0.00    0.00    0.00    0.00    0.00    8.60
02:34:52 PM   26   71.28    0.00   20.21    0.00    0.00    0.00    0.00    0.00    0.00    8.51
02:34:52 PM   27   71.88    0.00   19.79    0.00    0.00    0.00    0.00    0.00    0.00    8.33
02:34:52 PM   28   72.63    0.00   18.95    0.00    0.00    0.00    0.00    0.00    0.00    8.42
02:34:52 PM   29   71.28    0.00   20.21    0.00    0.00    0.00    0.00    0.00    0.00    8.51
02:34:52 PM   30   72.63    0.00   18.95    1.05    0.00    0.00    0.00    0.00    0.00    7.37
02:34:52 PM   31   76.29    0.00   17.53    0.00    0.00    0.00    0.00    0.00    0.00    6.19
02:34:52 PM   32   71.28    0.00   19.15    0.00    0.00    0.00    0.00    0.00    0.00    9.57
02:34:52 PM   33   73.12    0.00   19.35    0.00    0.00    0.00    0.00    0.00    0.00    7.53
02:34:52 PM   34   70.53    0.00   20.00    0.00    0.00    0.00    0.00    0.00    0.00    9.47
02:34:52 PM   35   74.74    0.00   16.84    0.00    0.00    0.00    0.00    0.00    0.00    8.42
02:34:52 PM   36   73.12    0.00   19.35    0.00    0.00    0.00    0.00    0.00    0.00    7.53
02:34:52 PM   37   70.10    0.00   19.59    1.03    0.00    0.00    0.00    0.00    0.00    9.28
02:34:52 PM   38   72.63    0.00   17.89    0.00    0.00    0.00    0.00    0.00    0.00    9.47
02:34:52 PM   39   70.10    0.00   20.62    0.00    0.00    0.00    0.00    0.00    0.00    9.28
02:34:52 PM   40   74.47    0.00   15.96    0.00    0.00    0.00    0.00    0.00    0.00    9.57
02:34:52 PM   41   72.92    0.00   18.75    0.00    0.00    0.00    0.00    0.00    0.00    8.33
02:34:52 PM   42   71.13    0.00   19.59    0.00    0.00    0.00    0.00    0.00    0.00    9.28
02:34:52 PM   43   69.15    0.00   21.28    0.00    0.00    0.00    0.00    0.00    0.00    9.57
02:34:52 PM   44   72.92    0.00   17.71    0.00    0.00    0.00    0.00    0.00    0.00    9.38
02:34:52 PM   45   72.63    0.00   18.95    0.00    0.00    0.00    0.00    0.00    0.00    8.42
02:34:52 PM   46   74.19    0.00   17.20    0.00    0.00    0.00    0.00    0.00    0.00    8.60
02:34:52 PM   47   73.20    0.00   18.56    0.00    0.00    0.00    0.00    0.00    0.00    8.25
02:34:52 PM   48   72.92    0.00   17.71    0.00    0.00    0.00    0.00    0.00    0.00    9.38
02:34:52 PM   49   72.92    0.00   18.75    0.00    0.00    0.00    0.00    0.00    0.00    8.33
02:34:52 PM   50   75.00    0.00   15.62    0.00    0.00    0.00    0.00    0.00    0.00    9.38
02:34:52 PM   51   74.47    0.00   17.02    0.00    0.00    0.00    0.00    0.00    0.00    8.51
02:34:52 PM   52   75.00    0.00   16.67    0.00    0.00    0.00    0.00    0.00    0.00    8.33
02:34:52 PM   53   70.83    0.00   19.79    0.00    0.00    0.00    0.00    0.00    0.00    9.38
02:34:52 PM   54   72.63    0.00   17.89    0.00    0.00    0.00    0.00    0.00    0.00    9.47
02:34:52 PM   55   71.13    0.00   20.62    0.00    0.00    0.00    0.00    0.00    0.00    8.25
02:34:52 PM   56   74.74    0.00   16.84    0.00    0.00    0.00    0.00    0.00    0.00    8.42
02:34:52 PM   57   73.96    0.00   16.67    0.00    0.00    0.00    0.00    0.00    0.00    9.38
02:34:52 PM   58   73.96    0.00   16.67    0.00    0.00    0.00    0.00    0.00    0.00    9.38
02:34:52 PM   59   69.47    0.00   21.05    0.00    0.00    0.00    0.00    0.00    0.00    9.47
02:34:52 PM   60   70.83    0.00   20.83    0.00    0.00    0.00    0.00    0.00    0.00    8.33
02:34:52 PM   61   73.40    0.00   19.15    0.00    0.00    0.00    0.00    0.00    0.00    7.45
02:34:52 PM   62   72.63    0.00   18.95    1.05    0.00    0.00    0.00    0.00    0.00    7.37
02:34:52 PM   63   71.28    0.00   20.21    0.00    0.00    0.00    0.00    0.00    0.00    8.51
02:34:52 PM   64   70.97    0.00   20.43    0.00    0.00    0.00    0.00    0.00    0.00    8.60
02:34:52 PM   65   72.45    0.00   19.39    0.00    0.00    0.00    0.00    0.00    0.00    8.16
02:34:52 PM   66   73.96    0.00   17.71    1.04    0.00    0.00    0.00    0.00    0.00    7.29
02:34:52 PM   67   71.13    0.00   19.59    0.00    0.00    0.00    0.00    0.00    0.00    9.28
02:34:52 PM   68   74.19    0.00   17.20    0.00    0.00    0.00    0.00    0.00    0.00    8.60
02:34:52 PM   69   74.47    0.00   17.02    0.00    0.00    0.00    0.00    0.00    0.00    8.51
02:34:52 PM   70   72.92    0.00   18.75    0.00    0.00    0.00    0.00    0.00    0.00    8.33
02:34:52 PM   71   71.58    0.00   18.95    1.05    0.00    0.00    0.00    0.00    0.00    8.42
02:34:52 PM   72   72.92    0.00   17.71    1.04    0.00    0.00    0.00    0.00    0.00    8.33
02:34:52 PM   73   74.23    0.00   17.53    0.00    0.00    0.00    0.00    0.00    0.00    8.25
02:34:52 PM   74   70.83    0.00   20.83    0.00    0.00    0.00    0.00    0.00    0.00    8.33
02:34:52 PM   75   71.74    0.00   19.57    0.00    0.00    0.00    0.00    0.00    0.00    8.70
02:34:52 PM   76   72.04    0.00   19.35    0.00    0.00    0.00    0.00    0.00    0.00    8.60
02:34:52 PM   77   73.68    0.00   17.89    0.00    0.00    0.00    0.00    0.00    0.00    8.42
02:34:52 PM   78   70.83    0.00   19.79    1.04    0.00    0.00    0.00    0.00    0.00    8.33
02:34:52 PM   79   71.28    0.00   21.28    0.00    0.00    0.00    0.00    0.00    0.00    7.45

02:35:01 PM  CPU    %usr   %nice    %sys %iowait    %irq   %soft  %steal  %guest  %gnice   %idle
02:35:02 PM  all   71.94    0.00   18.54    0.26    0.00    0.00    0.00    0.00    0.00    9.26
02:35:02 PM    0   73.12    0.00   17.20    0.00    0.00    0.00    0.00    0.00    0.00    9.68
02:35:02 PM    1   71.58    0.00   17.89    0.00    0.00    0.00    0.00    0.00    0.00   10.53
02:35:02 PM    2   71.88    0.00   18.75    0.00    0.00    0.00    0.00    0.00    0.00    9.38
02:35:02 PM    3   73.20    0.00   16.49    0.00    0.00    0.00    0.00    0.00    0.00   10.31
02:35:02 PM    4   73.40    0.00   15.96    1.06    0.00    0.00    0.00    0.00    0.00    9.57
02:35:02 PM    5   71.58    0.00   17.89    1.05    0.00    0.00    0.00    0.00    0.00    9.47
02:35:02 PM    6   69.15    0.00   20.21    0.00    0.00    0.00    0.00    0.00    0.00   10.64
02:35:02 PM    7   70.53    0.00   20.00    0.00    0.00    0.00    0.00    0.00    0.00    9.47
02:35:02 PM    8   73.40    0.00   17.02    0.00    0.00    0.00    0.00    0.00    0.00    9.57
02:35:02 PM    9   73.40    0.00   17.02    0.00    0.00    0.00    0.00    0.00    0.00    9.57
02:35:02 PM   10   73.68    0.00   16.84    0.00    0.00    0.00    0.00    0.00    0.00    9.47
02:35:02 PM   11   72.92    0.00   17.71    0.00    0.00    0.00    0.00    0.00    0.00    9.38
02:35:02 PM   12   74.74    0.00   15.79    0.00    0.00    0.00    0.00    0.00    0.00    9.47
02:35:02 PM   13   73.96    0.00   16.67    0.00    0.00    0.00    0.00    0.00    0.00    9.38
02:35:02 PM   14   72.92    0.00   16.67    0.00    0.00    0.00    0.00    0.00    0.00   10.42
02:35:02 PM   15   71.58    0.00   18.95    0.00    0.00    0.00    0.00    0.00    0.00    9.47
02:35:02 PM   16   71.28    0.00   19.15    0.00    0.00    0.00    0.00    0.00    0.00    9.57
02:35:02 PM   17   70.53    0.00   18.95    0.00    0.00    0.00    0.00    0.00    0.00   10.53
02:35:02 PM   18   72.04    0.00   18.28    0.00    0.00    0.00    0.00    0.00    0.00    9.68
02:35:02 PM   19   70.83    0.00   18.75    0.00    0.00    0.00    0.00    0.00    0.00   10.42
02:35:02 PM   20   73.96    0.00   16.67    1.04    0.00    0.00    0.00    0.00    0.00    8.33
02:35:02 PM   21   71.28    0.00   20.21    0.00    0.00    0.00    0.00    0.00    0.00    8.51
02:35:02 PM   22   72.34    0.00   19.15    0.00    0.00    0.00    0.00    0.00    0.00    8.51
02:35:02 PM   23   70.83    0.00   19.79    1.04    0.00    0.00    0.00    0.00    0.00    8.33
02:35:02 PM   24   72.63    0.00   16.84    1.05    0.00    0.00    0.00    0.00    0.00    9.47
02:35:02 PM   25   71.58    0.00   18.95    0.00    0.00    0.00    0.00    0.00    0.00    9.47
02:35:02 PM   26   71.88    0.00   19.79    0.00    0.00    0.00    0.00    0.00    0.00    8.33
02:35:02 PM   27   70.53    0.00   18.95    0.00    0.00    0.00    0.00    0.00    0.00   10.53
02:35:02 PM   28   69.79    0.00   19.79    1.04    0.00    0.00    0.00    0.00    0.00    9.38
02:35:02 PM   29   69.89    0.00   19.35    1.08    0.00    0.00    0.00    0.00    0.00    9.68
02:35:02 PM   30   70.83    0.00   18.75    1.04    0.00    0.00    0.00    0.00    0.00    9.38
02:35:02 PM   31   75.53    0.00   19.15    0.00    0.00    0.00    0.00    0.00    0.00    5.32
02:35:02 PM   32   72.63    0.00   17.89    0.00    0.00    0.00    0.00    0.00    0.00    9.47
02:35:02 PM   33   72.92    0.00   17.71    1.04    0.00    0.00    0.00    0.00    0.00    8.33
02:35:02 PM   34   73.12    0.00   18.28    0.00    0.00    0.00    0.00    0.00    0.00    8.60
02:35:02 PM   35   73.68    0.00   17.89    0.00    0.00    0.00    0.00    0.00    0.00    8.42
02:35:02 PM   36   73.40    0.00   17.02    0.00    0.00    0.00    0.00    0.00    0.00    9.57
02:35:02 PM   37   71.13    0.00   19.59    1.03    0.00    0.00    0.00    0.00    0.00    8.25
02:35:02 PM   38   73.40    0.00   18.09    0.00    0.00    0.00    0.00    0.00    0.00    8.51
02:35:02 PM   39   69.79    0.00   20.83    0.00    0.00    0.00    0.00    0.00    0.00    9.38
02:35:02 PM   40   73.68    0.00   16.84    0.00    0.00    0.00    0.00    0.00    0.00    9.47
02:35:02 PM   41   71.88    0.00   17.71    1.04    0.00    0.00    0.00    0.00    0.00    9.38
02:35:02 PM   42   71.88    0.00   17.71    0.00    0.00    0.00    0.00    0.00    0.00   10.42
02:35:02 PM   43   72.63    0.00   16.84    0.00    0.00    0.00    0.00    0.00    0.00   10.53
02:35:02 PM   44   73.68    0.00   16.84    0.00    0.00    0.00    0.00    0.00    0.00    9.47
02:35:02 PM   45   74.19    0.00   17.20    0.00    0.00    0.00    0.00    0.00    0.00    8.60
02:35:02 PM   46   73.20    0.00   16.49    1.03    0.00    0.00    0.00    0.00    0.00    9.28
02:35:02 PM   47   72.34    0.00   18.09    0.00    0.00    0.00    0.00    0.00    0.00    9.57
02:35:02 PM   48   71.58    0.00   18.95    0.00    0.00    0.00    0.00    0.00    0.00    9.47
02:35:02 PM   49   73.20    0.00   16.49    1.03    0.00    0.00    0.00    0.00    0.00    9.28
02:35:02 PM   50   71.28    0.00   18.09    1.06    0.00    0.00    0.00    0.00    0.00    9.57
02:35:02 PM   51   71.13    0.00   18.56    0.00    0.00    0.00    0.00    0.00    0.00   10.31
02:35:02 PM   52   72.92    0.00   17.71    0.00    0.00    0.00    0.00    0.00    0.00    9.38
02:35:02 PM   53   70.83    0.00   18.75    1.04    0.00    0.00    0.00    0.00    0.00    9.38
02:35:02 PM   54   72.34    0.00   18.09    0.00    0.00    0.00    0.00    0.00    0.00    9.57
02:35:02 PM   55   72.34    0.00   18.09    0.00    0.00    0.00    0.00    0.00    0.00    9.57
02:35:02 PM   56   71.58    0.00   18.95    0.00    0.00    0.00    0.00    0.00    0.00    9.47
02:35:02 PM   57   70.83    0.00   19.79    0.00    0.00    0.00    0.00    0.00    0.00    9.38
02:35:02 PM   58   72.63    0.00   17.89    0.00    0.00    0.00    0.00    0.00    0.00    9.47
02:35:02 PM   59   72.63    0.00   17.89    0.00    0.00    0.00    0.00    0.00    0.00    9.47
02:35:02 PM   60   71.28    0.00   19.15    1.06    0.00    0.00    0.00    0.00    0.00    8.51
02:35:02 PM   61   74.47    0.00   17.02    0.00    0.00    0.00    0.00    0.00    0.00    8.51
02:35:02 PM   62   70.21    0.00   20.21    0.00    0.00    0.00    0.00    0.00    0.00    9.57
02:35:02 PM   63   71.28    0.00   19.15    0.00    0.00    0.00    0.00    0.00    0.00    9.57
02:35:02 PM   64   72.34    0.00   19.15    0.00    0.00    0.00    0.00    0.00    0.00    8.51
02:35:02 PM   65   68.42    0.00   22.11    1.05    0.00    0.00    0.00    0.00    0.00    8.42
02:35:02 PM   66   69.15    0.00   21.28    1.06    0.00    0.00    0.00    0.00    0.00    8.51
02:35:02 PM   67   71.88    0.00   19.79    0.00    0.00    0.00    0.00    0.00    0.00    8.33
02:35:02 PM   68   72.63    0.00   17.89    0.00    0.00    0.00    0.00    0.00    0.00    9.47
02:35:02 PM   69   70.53    0.00   21.05    0.00    0.00    0.00    0.00    0.00    0.00    8.42
02:35:02 PM   70   69.79    0.00   19.79    1.04    0.00    0.00    0.00    0.00    0.00    9.38
02:35:02 PM   71   70.21    0.00   20.21    0.00    0.00    0.00    0.00    0.00    0.00    9.57
02:35:02 PM   72   71.88    0.00   20.83    0.00    0.00    0.00    0.00    0.00    0.00    7.29
02:35:02 PM   73   69.47    0.00   20.00    1.05    0.00    0.00    0.00    0.00    0.00    9.47
02:35:02 PM   74   73.40    0.00   18.09    0.00    0.00    0.00    0.00    0.00    0.00    8.51
02:35:02 PM   75   70.21    0.00   20.21    0.00    0.00    0.00    0.00    0.00    0.00    9.57
02:35:02 PM   76   73.12    0.00   18.28    0.00    0.00    0.00    0.00    0.00    0.00    8.60
02:35:02 PM   77   70.53    0.00   20.00    0.00    0.00    0.00    0.00    0.00    0.00    9.47
02:35:02 PM   78   71.58    0.00   20.00    0.00    0.00    0.00    0.00    0.00    0.00    8.42
02:35:02 PM   79   69.47    0.00   21.05    0.00    0.00    0.00    0.00    0.00    0.00    9.47

02:35:11 PM  CPU    %usr   %nice    %sys %iowait    %irq   %soft  %steal  %guest  %gnice   %idle
02:35:12 PM  all   69.03    0.00   17.58    0.39    0.00    0.01    0.00    0.00    0.00   12.98
02:35:12 PM    0   67.37    0.00   18.95    0.00    0.00    0.00    0.00    0.00    0.00   13.68
02:35:12 PM    1   70.53    0.00   15.79    1.05    0.00    0.00    0.00    0.00    0.00   12.63
02:35:12 PM    2   69.79    0.00   15.62    1.04    0.00    0.00    0.00    0.00    0.00   13.54
02:35:12 PM    3   69.47    0.00   17.89    0.00    0.00    0.00    0.00    0.00    0.00   12.63
02:35:12 PM    4   68.09    0.00   18.09    0.00    0.00    0.00    0.00    0.00    0.00   13.83
02:35:12 PM    5   67.71    0.00   17.71    1.04    0.00    0.00    0.00    0.00    0.00   13.54
02:35:12 PM    6   69.47    0.00   17.89    0.00    0.00    0.00    0.00    0.00    0.00   12.63
02:35:12 PM    7   68.75    0.00   16.67    0.00    0.00    0.00    0.00    0.00    0.00   14.58
02:35:12 PM    8   70.53    0.00   14.74    0.00    0.00    0.00    0.00    0.00    0.00   14.74
02:35:12 PM    9   67.71    0.00   17.71    0.00    0.00    0.00    0.00    0.00    0.00   14.58
02:35:12 PM   10   68.75    0.00   16.67    0.00    0.00    0.00    0.00    0.00    0.00   14.58
02:35:12 PM   11   67.37    0.00   18.95    0.00    0.00    0.00    0.00    0.00    0.00   13.68
02:35:12 PM   12   70.21    0.00   15.96    1.06    0.00    0.00    0.00    0.00    0.00   12.77
02:35:12 PM   13   69.47    0.00   16.84    0.00    0.00    0.00    0.00    0.00    0.00   13.68
02:35:12 PM   14   68.42    0.00   15.79    0.00    0.00    0.00    0.00    0.00    0.00   15.79
02:35:12 PM   15   67.37    0.00   17.89    0.00    0.00    0.00    0.00    0.00    0.00   14.74
02:35:12 PM   16   68.75    0.00   17.71    0.00    0.00    0.00    0.00    0.00    0.00   13.54
02:35:12 PM   17   70.83    0.00   15.62    0.00    0.00    0.00    0.00    0.00    0.00   13.54
02:35:12 PM   18   71.13    0.00   15.46    0.00    0.00    0.00    0.00    0.00    0.00   13.40
02:35:12 PM   19   69.79    0.00   16.67    0.00    0.00    0.00    0.00    0.00    0.00   13.54
02:35:12 PM   20   68.37    0.00   18.37    1.02    0.00    0.00    0.00    0.00    0.00   12.24
02:35:12 PM   21   67.37    0.00   20.00    1.05    0.00    0.00    0.00    0.00    0.00   11.58
02:35:12 PM   22   73.96    0.00   14.58    0.00    0.00    0.00    0.00    0.00    0.00   11.46
02:35:12 PM   23   69.47    0.00   18.95    0.00    0.00    0.00    0.00    0.00    0.00   11.58
02:35:12 PM   24   69.79    0.00   17.71    1.04    0.00    0.00    0.00    0.00    0.00   11.46
02:35:12 PM   25   67.02    0.00   20.21    0.00    0.00    0.00    0.00    0.00    0.00   12.77
02:35:12 PM   26   65.59    0.00   21.51    0.00    0.00    0.00    0.00    0.00    0.00   12.90
02:35:12 PM   27   68.09    0.00   19.15    0.00    0.00    0.00    0.00    0.00    0.00   12.77
02:35:12 PM   28   68.42    0.00   16.84    2.11    0.00    0.00    0.00    0.00    0.00   12.63
02:35:12 PM   29   67.02    0.00   20.21    0.00    0.00    0.00    0.00    0.00    0.00   12.77
02:35:12 PM   30   69.07    0.00   18.56    1.03    0.00    0.00    0.00    0.00    0.00   11.34
02:35:12 PM   31   68.75    0.00   17.71    1.04    0.00    0.00    0.00    0.00    0.00   12.50
02:35:12 PM   32   68.04    0.00   18.56    1.03    0.00    0.00    0.00    0.00    0.00   12.37
02:35:12 PM   33   68.09    0.00   19.15    0.00    0.00    0.00    0.00    0.00    0.00   12.77
02:35:12 PM   34   68.42    0.00   18.95    0.00    0.00    0.00    0.00    0.00    0.00   12.63
02:35:12 PM   35   68.42    0.00   18.95    0.00    0.00    0.00    0.00    0.00    0.00   12.63
02:35:12 PM   36   67.37    0.00   18.95    1.05    0.00    0.00    0.00    0.00    0.00   12.63
02:35:12 PM   37   76.29    0.00   17.53    0.00    0.00    0.00    0.00    0.00    0.00    6.19
02:35:12 PM   38   67.71    0.00   17.71    0.00    0.00    0.00    0.00    0.00    0.00   14.58
02:35:12 PM   39   69.79    0.00   17.71    1.04    0.00    0.00    0.00    0.00    0.00   11.46
02:35:12 PM   40   68.37    0.00   18.37    0.00    0.00    0.00    0.00    0.00    0.00   13.27
02:35:12 PM   41   66.67    0.00   20.83    0.00    0.00    0.00    0.00    0.00    0.00   12.50
02:35:12 PM   42   69.47    0.00   16.84    0.00    0.00    0.00    0.00    0.00    0.00   13.68
02:35:12 PM   43   70.83    0.00   15.62    0.00    0.00    0.00    0.00    0.00    0.00   13.54
02:35:12 PM   44   71.58    0.00   14.74    0.00    0.00    0.00    0.00    0.00    0.00   13.68
02:35:12 PM   45   68.37    0.00   17.35    1.02    0.00    0.00    0.00    0.00    0.00   13.27
02:35:12 PM   46   67.37    0.00   18.95    0.00    0.00    0.00    0.00    0.00    0.00   13.68
02:35:12 PM   47   69.47    0.00   16.84    0.00    0.00    0.00    0.00    0.00    0.00   13.68
02:35:12 PM   48   71.43    0.00   14.29    0.00    0.00    0.00    0.00    0.00    0.00   14.29
02:35:12 PM   49   70.83    0.00   15.62    0.00    0.00    0.00    0.00    0.00    0.00   13.54
02:35:12 PM   50   70.83    0.00   15.62    1.04    0.00    0.00    0.00    0.00    0.00   12.50
02:35:12 PM   51   69.15    0.00   18.09    0.00    0.00    0.00    0.00    0.00    0.00   12.77
02:35:12 PM   52   70.53    0.00   14.74    0.00    0.00    0.00    0.00    0.00    0.00   14.74
02:35:12 PM   53   68.75    0.00   16.67    1.04    0.00    0.00    0.00    0.00    0.00   13.54
02:35:12 PM   54   67.37    0.00   18.95    0.00    0.00    0.00    0.00    0.00    0.00   13.68
02:35:12 PM   55   67.71    0.00   18.75    0.00    0.00    0.00    0.00    0.00    0.00   13.54
02:35:12 PM   56   68.75    0.00   16.67    1.04    0.00    0.00    0.00    0.00    0.00   13.54
02:35:12 PM   57   66.32    0.00   20.00    0.00    0.00    0.00    0.00    0.00    0.00   13.68
02:35:12 PM   58   70.53    0.00   15.79    0.00    0.00    0.00    0.00    0.00    0.00   13.68
02:35:12 PM   59   68.09    0.00   18.09    0.00    0.00    0.00    0.00    0.00    0.00   13.83
02:35:12 PM   60   71.58    0.00   15.79    1.05    0.00    0.00    0.00    0.00    0.00   11.58
02:35:12 PM   61   68.04    0.00   18.56    1.03    0.00    0.00    0.00    0.00    0.00   12.37
02:35:12 PM   62   69.15    0.00   19.15    0.00    0.00    0.00    0.00    0.00    0.00   11.70
02:35:12 PM   63   69.47    0.00   15.79    1.05    0.00    0.00    0.00    0.00    0.00   13.68
02:35:12 PM   64   70.21    0.00   17.02    0.00    0.00    0.00    0.00    0.00    0.00   12.77
02:35:12 PM   65   69.47    0.00   17.89    0.00    0.00    0.00    0.00    0.00    0.00   12.63
02:35:12 PM   66   70.21    0.00   15.96    0.00    0.00    0.00    0.00    0.00    0.00   13.83
02:35:12 PM   67   67.37    0.00   18.95    0.00    0.00    0.00    0.00    0.00    0.00   13.68
02:35:12 PM   68   67.71    0.00   17.71    1.04    0.00    0.00    0.00    0.00    0.00   13.54
02:35:12 PM   69   68.75    0.00   17.71    0.00    0.00    0.00    0.00    0.00    0.00   13.54
02:35:12 PM   70   71.58    0.00   15.79    0.00    0.00    0.00    0.00    0.00    0.00   12.63
02:35:12 PM   71   69.79    0.00   16.67    0.00    0.00    0.00    0.00    0.00    0.00   13.54
02:35:12 PM   72   69.79    0.00   16.67    0.00    0.00    0.00    0.00    0.00    0.00   13.54
02:35:12 PM   73   69.07    0.00   17.53    1.03    0.00    0.00    0.00    0.00    0.00   12.37
02:35:12 PM   74   68.42    0.00   18.95    2.11    0.00    0.00    0.00    0.00    0.00   10.53
02:35:12 PM   75   69.79    0.00   16.67    1.04    0.00    0.00    0.00    0.00    0.00   12.50
02:35:12 PM   76   66.32    0.00   20.00    0.00    0.00    1.05    0.00    0.00    0.00   12.63
02:35:12 PM   77   70.10    0.00   18.56    2.06    0.00    0.00    0.00    0.00    0.00    9.28
02:35:12 PM   78   67.71    0.00   18.75    1.04    0.00    0.00    0.00    0.00    0.00   12.50
02:35:12 PM   79   66.67    0.00   19.79    1.04    0.00    0.00    0.00    0.00    0.00   12.50

02:35:21 PM  CPU    %usr   %nice    %sys %iowait    %irq   %soft  %steal  %guest  %gnice   %idle
02:35:22 PM  all   71.77    0.00   18.50    0.17    0.00    0.00    0.00    0.00    0.00    9.56
02:35:22 PM    0   72.63    0.00   16.84    0.00    0.00    0.00    0.00    0.00    0.00   10.53
02:35:22 PM    1   75.26    0.00   15.46    0.00    0.00    0.00    0.00    0.00    0.00    9.28
02:35:22 PM    2   73.68    0.00   17.89    0.00    0.00    0.00    0.00    0.00    0.00    8.42
02:35:22 PM    3   73.96    0.00   16.67    0.00    0.00    0.00    0.00    0.00    0.00    9.38
02:35:22 PM    4   73.20    0.00   16.49    0.00    0.00    0.00    0.00    0.00    0.00   10.31
02:35:22 PM    5   72.63    0.00   16.84    0.00    0.00    0.00    0.00    0.00    0.00   10.53
02:35:22 PM    6   72.63    0.00   16.84    0.00    0.00    0.00    0.00    0.00    0.00   10.53
02:35:22 PM    7   70.21    0.00   20.21    0.00    0.00    0.00    0.00    0.00    0.00    9.57
02:35:22 PM    8   73.91    0.00   17.39    0.00    0.00    0.00    0.00    0.00    0.00    8.70
02:35:22 PM    9   73.96    0.00   16.67    0.00    0.00    0.00    0.00    0.00    0.00    9.38
02:35:22 PM   10   71.88    0.00   19.79    0.00    0.00    0.00    0.00    0.00    0.00    8.33
02:35:22 PM   11   73.68    0.00   16.84    0.00    0.00    0.00    0.00    0.00    0.00    9.47
02:35:22 PM   12   72.34    0.00   18.09    0.00    0.00    0.00    0.00    0.00    0.00    9.57
02:35:22 PM   13   72.34    0.00   18.09    0.00    0.00    0.00    0.00    0.00    0.00    9.57
02:35:22 PM   14   72.92    0.00   16.67    0.00    0.00    0.00    0.00    0.00    0.00   10.42
02:35:22 PM   15   73.40    0.00   15.96    0.00    0.00    0.00    0.00    0.00    0.00   10.64
02:35:22 PM   16   72.04    0.00   18.28    0.00    0.00    0.00    0.00    0.00    0.00    9.68
02:35:22 PM   17   72.92    0.00   16.67    0.00    0.00    0.00    0.00    0.00    0.00   10.42
02:35:22 PM   18   71.43    0.00   18.37    0.00    0.00    0.00    0.00    0.00    0.00   10.20
02:35:22 PM   19   73.40    0.00   17.02    0.00    0.00    0.00    0.00    0.00    0.00    9.57
02:35:22 PM   20   71.88    0.00   17.71    1.04    0.00    0.00    0.00    0.00    0.00    9.38
02:35:22 PM   21   69.15    0.00   20.21    0.00    0.00    0.00    0.00    0.00    0.00   10.64
02:35:22 PM   22   70.21    0.00   20.21    0.00    0.00    0.00    0.00    0.00    0.00    9.57
02:35:22 PM   23   71.58    0.00   18.95    0.00    0.00    0.00    0.00    0.00    0.00    9.47
02:35:22 PM   24   72.34    0.00   18.09    0.00    0.00    0.00    0.00    0.00    0.00    9.57
02:35:22 PM   25   70.53    0.00   20.00    0.00    0.00    0.00    0.00    0.00    0.00    9.47
02:35:22 PM   26   69.47    0.00   20.00    1.05    0.00    0.00    0.00    0.00    0.00    9.47
02:35:22 PM   27   70.83    0.00   19.79    0.00    0.00    0.00    0.00    0.00    0.00    9.38
02:35:22 PM   28   72.63    0.00   17.89    0.00    0.00    0.00    0.00    0.00    0.00    9.47
02:35:22 PM   29   68.37    0.00   19.39    1.02    0.00    0.00    0.00    0.00    0.00   11.22
02:35:22 PM   30   74.47    0.00   18.09    0.00    0.00    0.00    0.00    0.00    0.00    7.45
02:35:22 PM   31   69.89    0.00   20.43    0.00    0.00    0.00    0.00    0.00    0.00    9.68
02:35:22 PM   32   70.65    0.00   19.57    0.00    0.00    0.00    0.00    0.00    0.00    9.78
02:35:22 PM   33   70.53    0.00   20.00    0.00    0.00    0.00    0.00    0.00    0.00    9.47
02:35:22 PM   34   71.28    0.00   19.15    1.06    0.00    0.00    0.00    0.00    0.00    8.51
02:35:22 PM   35   73.20    0.00   16.49    1.03    0.00    0.00    0.00    0.00    0.00    9.28
02:35:22 PM   36   70.21    0.00   19.15    1.06    0.00    0.00    0.00    0.00    0.00    9.57
02:35:22 PM   37   72.34    0.00   18.09    0.00    0.00    0.00    0.00    0.00    0.00    9.57
02:35:22 PM   38   69.89    0.00   19.35    0.00    0.00    0.00    0.00    0.00    0.00   10.75
02:35:22 PM   39   71.58    0.00   18.95    0.00    0.00    0.00    0.00    0.00    0.00    9.47
02:35:22 PM   40   72.92    0.00   17.71    0.00    0.00    0.00    0.00    0.00    0.00    9.38
02:35:22 PM   41   70.83    0.00   18.75    0.00    0.00    0.00    0.00    0.00    0.00   10.42
02:35:22 PM   42   75.79    0.00   14.74    0.00    0.00    0.00    0.00    0.00    0.00    9.47
02:35:22 PM   43   70.83    0.00   19.79    0.00    0.00    0.00    0.00    0.00    0.00    9.38
02:35:22 PM   44   71.28    0.00   19.15    0.00    0.00    0.00    0.00    0.00    0.00    9.57
02:35:22 PM   45   69.47    0.00   21.05    0.00    0.00    0.00    0.00    0.00    0.00    9.47
02:35:22 PM   46   71.88    0.00   17.71    0.00    0.00    0.00    0.00    0.00    0.00   10.42
02:35:22 PM   47   72.16    0.00   18.56    0.00    0.00    0.00    0.00    0.00    0.00    9.28
02:35:22 PM   48   70.83    0.00   19.79    0.00    0.00    0.00    0.00    0.00    0.00    9.38
02:35:22 PM   49   71.58    0.00   18.95    0.00    0.00    0.00    0.00    0.00    0.00    9.47
02:35:22 PM   50   70.53    0.00   20.00    0.00    0.00    0.00    0.00    0.00    0.00    9.47
02:35:22 PM   51   73.20    0.00   17.53    0.00    0.00    0.00    0.00    0.00    0.00    9.28
02:35:22 PM   52   73.96    0.00   16.67    0.00    0.00    0.00    0.00    0.00    0.00    9.38
02:35:22 PM   53   69.79    0.00   18.75    1.04    0.00    0.00    0.00    0.00    0.00   10.42
02:35:22 PM   54   73.68    0.00   16.84    0.00    0.00    0.00    0.00    0.00    0.00    9.47
02:35:22 PM   55   74.23    0.00   16.49    0.00    0.00    0.00    0.00    0.00    0.00    9.28
02:35:22 PM   56   71.88    0.00   17.71    0.00    0.00    0.00    0.00    0.00    0.00   10.42
02:35:22 PM   57   73.20    0.00   17.53    0.00    0.00    0.00    0.00    0.00    0.00    9.28
02:35:22 PM   58   71.88    0.00   17.71    0.00    0.00    0.00    0.00    0.00    0.00   10.42
02:35:22 PM   59   70.53    0.00   20.00    0.00    0.00    0.00    0.00    0.00    0.00    9.47
02:35:22 PM   60   73.40    0.00   17.02    0.00    0.00    0.00    0.00    0.00    0.00    9.57
02:35:22 PM   61   71.28    0.00   19.15    0.00    0.00    0.00    0.00    0.00    0.00    9.57
02:35:22 PM   62   69.47    0.00   21.05    0.00    0.00    0.00    0.00    0.00    0.00    9.47
02:35:22 PM   63   74.19    0.00   16.13    0.00    0.00    0.00    0.00    0.00    0.00    9.68
02:35:22 PM   64   74.74    0.00   16.84    0.00    0.00    0.00    0.00    0.00    0.00    8.42
02:35:22 PM   65   70.21    0.00   21.28    0.00    0.00    0.00    0.00    0.00    0.00    8.51
02:35:22 PM   66   69.79    0.00   19.79    0.00    0.00    0.00    0.00    0.00    0.00   10.42
02:35:22 PM   67   66.67    0.00   22.92    2.08    0.00    0.00    0.00    0.00    0.00    8.33
02:35:22 PM   68   71.88    0.00   18.75    0.00    0.00    0.00    0.00    0.00    0.00    9.38
02:35:22 PM   69   68.42    0.00   22.11    0.00    0.00    0.00    0.00    0.00    0.00    9.47
02:35:22 PM   70   73.68    0.00   20.00    1.05    0.00    0.00    0.00    0.00    0.00    5.26
02:35:22 PM   71   72.63    0.00   17.89    0.00    0.00    0.00    0.00    0.00    0.00    9.47
02:35:22 PM   72   70.97    0.00   19.35    0.00    0.00    0.00    0.00    0.00    0.00    9.68
02:35:22 PM   73   71.28    0.00   17.02    1.06    0.00    0.00    0.00    0.00    0.00   10.64
02:35:22 PM   74   70.83    0.00   19.79    0.00    0.00    0.00    0.00    0.00    0.00    9.38
02:35:22 PM   75   72.34    0.00   18.09    1.06    0.00    0.00    0.00    0.00    0.00    8.51
02:35:22 PM   76   68.42    0.00   21.05    1.05    0.00    0.00    0.00    0.00    0.00    9.47
02:35:22 PM   77   69.79    0.00   19.79    0.00    0.00    0.00    0.00    0.00    0.00   10.42
02:35:22 PM   78   70.53    0.00   18.95    0.00    0.00    0.00    0.00    0.00    0.00   10.53
02:35:22 PM   79   71.28    0.00   19.15    0.00    0.00    0.00    0.00    0.00    0.00    9.57

02:35:31 PM  CPU    %usr   %nice    %sys %iowait    %irq   %soft  %steal  %guest  %gnice   %idle
02:35:32 PM  all   71.15    0.00   18.67    0.22    0.00    0.00    0.00    0.00    0.00    9.95
02:35:32 PM    0   70.21    0.00   20.21    0.00    0.00    0.00    0.00    0.00    0.00    9.57
02:35:32 PM    1   68.42    0.00   21.05    0.00    0.00    0.00    0.00    0.00    0.00   10.53
02:35:32 PM    2   69.79    0.00   18.75    0.00    0.00    0.00    0.00    0.00    0.00   11.46
02:35:32 PM    3   67.37    0.00   22.11    0.00    0.00    0.00    0.00    0.00    0.00   10.53
02:35:32 PM    4   71.43    0.00   18.37    1.02    0.00    0.00    0.00    0.00    0.00    9.18
02:35:32 PM    5   69.47    0.00   20.00    0.00    0.00    0.00    0.00    0.00    0.00   10.53
02:35:32 PM    6   70.53    0.00   18.95    0.00    0.00    0.00    0.00    0.00    0.00   10.53
02:35:32 PM    7   72.63    0.00   16.84    0.00    0.00    0.00    0.00    0.00    0.00   10.53
02:35:32 PM    8   70.53    0.00   18.95    0.00    0.00    0.00    0.00    0.00    0.00   10.53
02:35:32 PM    9   71.58    0.00   17.89    0.00    0.00    0.00    0.00    0.00    0.00   10.53
02:35:32 PM   10   71.88    0.00   17.71    0.00    0.00    0.00    0.00    0.00    0.00   10.42
02:35:32 PM   11   72.34    0.00   17.02    0.00    0.00    0.00    0.00    0.00    0.00   10.64
02:35:32 PM   12   73.68    0.00   16.84    0.00    0.00    0.00    0.00    0.00    0.00    9.47
02:35:32 PM   13   71.28    0.00   18.09    0.00    0.00    0.00    0.00    0.00    0.00   10.64
02:35:32 PM   14   70.53    0.00   18.95    0.00    0.00    0.00    0.00    0.00    0.00   10.53
02:35:32 PM   15   70.10    0.00   18.56    0.00    0.00    0.00    0.00    0.00    0.00   11.34
02:35:32 PM   16   72.63    0.00   16.84    0.00    0.00    0.00    0.00    0.00    0.00   10.53
02:35:32 PM   17   70.10    0.00   19.59    0.00    0.00    0.00    0.00    0.00    0.00   10.31
02:35:32 PM   18   70.10    0.00   18.56    0.00    0.00    0.00    0.00    0.00    0.00   11.34
02:35:32 PM   19   70.10    0.00   18.56    1.03    0.00    0.00    0.00    0.00    0.00   10.31
02:35:32 PM   20   70.83    0.00   19.79    0.00    0.00    0.00    0.00    0.00    0.00    9.38
02:35:32 PM   21   70.83    0.00   18.75    1.04    0.00    0.00    0.00    0.00    0.00    9.38
02:35:32 PM   22   71.58    0.00   18.95    0.00    0.00    0.00    0.00    0.00    0.00    9.47
02:35:32 PM   23   70.21    0.00   20.21    0.00    0.00    0.00    0.00    0.00    0.00    9.57
02:35:32 PM   24   74.74    0.00   16.84    0.00    0.00    0.00    0.00    0.00    0.00    8.42
02:35:32 PM   25   71.88    0.00   18.75    0.00    0.00    0.00    0.00    0.00    0.00    9.38
02:35:32 PM   26   70.97    0.00   19.35    0.00    0.00    0.00    0.00    0.00    0.00    9.68
02:35:32 PM   27   69.79    0.00   19.79    1.04    0.00    0.00    0.00    0.00    0.00    9.38
02:35:32 PM   28   69.15    0.00   20.21    0.00    0.00    0.00    0.00    0.00    0.00   10.64
02:35:32 PM   29   70.53    0.00   20.00    0.00    0.00    0.00    0.00    0.00    0.00    9.47
02:35:32 PM   30   68.42    0.00   21.05    1.05    0.00    0.00    0.00    0.00    0.00    9.47
02:35:32 PM   31   72.04    0.00   18.28    0.00    0.00    0.00    0.00    0.00    0.00    9.68
02:35:32 PM   32   72.16    0.00   19.59    0.00    0.00    0.00    0.00    0.00    0.00    8.25
02:35:32 PM   33   71.88    0.00   17.71    2.08    0.00    0.00    0.00    0.00    0.00    8.33
02:35:32 PM   34   68.42    0.00   22.11    0.00    0.00    0.00    0.00    0.00    0.00    9.47
02:35:32 PM   35   71.88    0.00   16.67    1.04    0.00    0.00    0.00    0.00    0.00   10.42
02:35:32 PM   36   71.58    0.00   20.00    0.00    0.00    0.00    0.00    0.00    0.00    8.42
02:35:32 PM   37   71.13    0.00   19.59    0.00    0.00    0.00    0.00    0.00    0.00    9.28
02:35:32 PM   38   70.21    0.00   20.21    0.00    0.00    0.00    0.00    0.00    0.00    9.57
02:35:32 PM   39   70.21    0.00   20.21    0.00    0.00    0.00    0.00    0.00    0.00    9.57
02:35:32 PM   40   70.53    0.00   17.89    0.00    0.00    0.00    0.00    0.00    0.00   11.58
02:35:32 PM   41   70.83    0.00   18.75    0.00    0.00    0.00    0.00    0.00    0.00   10.42
02:35:32 PM   42   69.07    0.00   19.59    1.03    0.00    0.00    0.00    0.00    0.00   10.31
02:35:32 PM   43   72.63    0.00   17.89    0.00    0.00    0.00    0.00    0.00    0.00    9.47
02:35:32 PM   44   70.83    0.00   18.75    0.00    0.00    0.00    0.00    0.00    0.00   10.42
02:35:32 PM   45   72.63    0.00   15.79    0.00    0.00    0.00    0.00    0.00    0.00   11.58
02:35:32 PM   46   69.79    0.00   18.75    1.04    0.00    0.00    0.00    0.00    0.00   10.42
02:35:32 PM   47   72.92    0.00   16.67    0.00    0.00    0.00    0.00    0.00    0.00   10.42
02:35:32 PM   48   70.21    0.00   19.15    0.00    0.00    0.00    0.00    0.00    0.00   10.64
02:35:32 PM   49   71.88    0.00   16.67    1.04    0.00    0.00    0.00    0.00    0.00   10.42
02:35:32 PM   50   72.92    0.00   16.67    0.00    0.00    0.00    0.00    0.00    0.00   10.42
02:35:32 PM   51   73.40    0.00   17.02    0.00    0.00    0.00    0.00    0.00    0.00    9.57
02:35:32 PM   52   71.13    0.00   18.56    0.00    0.00    0.00    0.00    0.00    0.00   10.31
02:35:32 PM   53   71.58    0.00   17.89    0.00    0.00    0.00    0.00    0.00    0.00   10.53
02:35:32 PM   54   70.10    0.00   19.59    0.00    0.00    0.00    0.00    0.00    0.00   10.31
02:35:32 PM   55   70.53    0.00   18.95    0.00    0.00    0.00    0.00    0.00    0.00   10.53
02:35:32 PM   56   71.88    0.00   17.71    0.00    0.00    0.00    0.00    0.00    0.00   10.42
02:35:32 PM   57   71.13    0.00   18.56    0.00    0.00    0.00    0.00    0.00    0.00   10.31
02:35:32 PM   58   71.28    0.00   17.02    0.00    0.00    0.00    0.00    0.00    0.00   11.70
02:35:32 PM   59   71.88    0.00   16.67    0.00    0.00    0.00    0.00    0.00    0.00   11.46
02:35:32 PM   60   71.28    0.00   19.15    0.00    0.00    0.00    0.00    0.00    0.00    9.57
02:35:32 PM   61   70.21    0.00   20.21    1.06    0.00    0.00    0.00    0.00    0.00    8.51
02:35:32 PM   62   75.79    0.00   16.84    0.00    0.00    0.00    0.00    0.00    0.00    7.37
02:35:32 PM   63   75.00    0.00   16.67    0.00    0.00    0.00    0.00    0.00    0.00    8.33
02:35:32 PM   64   73.91    0.00   16.30    0.00    0.00    0.00    0.00    0.00    0.00    9.78
02:35:32 PM   65   69.79    0.00   19.79    0.00    0.00    0.00    0.00    0.00    0.00   10.42
02:35:32 PM   66   68.04    0.00   21.65    0.00    0.00    0.00    0.00    0.00    0.00   10.31
02:35:32 PM   67   73.40    0.00   17.02    0.00    0.00    0.00    0.00    0.00    0.00    9.57
02:35:32 PM   68   70.83    0.00   18.75    1.04    0.00    0.00    0.00    0.00    0.00    9.38
02:35:32 PM   69   69.79    0.00   18.75    1.04    0.00    0.00    0.00    0.00    0.00   10.42
02:35:32 PM   70   69.47    0.00   20.00    1.05    0.00    0.00    0.00    0.00    0.00    9.47
02:35:32 PM   71   73.68    0.00   16.84    0.00    0.00    0.00    0.00    0.00    0.00    9.47
02:35:32 PM   72   70.83    0.00   18.75    0.00    0.00    0.00    0.00    0.00    0.00   10.42
02:35:32 PM   73   71.28    0.00   19.15    0.00    0.00    0.00    0.00    0.00    0.00    9.57
02:35:32 PM   74   72.34    0.00   18.09    0.00    0.00    0.00    0.00    0.00    0.00    9.57
02:35:32 PM   75   68.82    0.00   21.51    0.00    0.00    0.00    0.00    0.00    0.00    9.68
02:35:32 PM   76   70.41    0.00   19.39    1.02    0.00    0.00    0.00    0.00    0.00    9.18
02:35:32 PM   77   69.47    0.00   20.00    0.00    0.00    0.00    0.00    0.00    0.00   10.53
02:35:32 PM   78   72.34    0.00   17.02    0.00    0.00    0.00    0.00    0.00    0.00   10.64
02:35:32 PM   79   75.26    0.00   17.53    1.03    0.00    0.00    0.00    0.00    0.00    6.19

02:35:41 PM  CPU    %usr   %nice    %sys %iowait    %irq   %soft  %steal  %guest  %gnice   %idle
02:35:42 PM  all   70.92    0.00   18.24    0.21    0.00    0.00    0.00    0.00    0.00   10.63
02:35:42 PM    0   70.83    0.00   18.75    0.00    0.00    0.00    0.00    0.00    0.00   10.42
02:35:42 PM    1   71.58    0.00   17.89    0.00    0.00    0.00    0.00    0.00    0.00   10.53
02:35:42 PM    2   69.79    0.00   19.79    0.00    0.00    0.00    0.00    0.00    0.00   10.42
02:35:42 PM    3   69.15    0.00   20.21    0.00    0.00    0.00    0.00    0.00    0.00   10.64
02:35:42 PM    4   71.58    0.00   17.89    0.00    0.00    0.00    0.00    0.00    0.00   10.53
02:35:42 PM    5   72.63    0.00   15.79    0.00    0.00    0.00    0.00    0.00    0.00   11.58
02:35:42 PM    6   72.63    0.00   15.79    0.00    0.00    0.00    0.00    0.00    0.00   11.58
02:35:42 PM    7   72.63    0.00   16.84    1.05    0.00    0.00    0.00    0.00    0.00    9.47
02:35:42 PM    8   70.83    0.00   16.67    1.04    0.00    0.00    0.00    0.00    0.00   11.46
02:35:42 PM    9   71.58    0.00   17.89    0.00    0.00    0.00    0.00    0.00    0.00   10.53
02:35:42 PM   10   70.83    0.00   17.71    1.04    0.00    0.00    0.00    0.00    0.00   10.42
02:35:42 PM   11   71.28    0.00   17.02    0.00    0.00    0.00    0.00    0.00    0.00   11.70
02:35:42 PM   12   69.47    0.00   20.00    0.00    0.00    0.00    0.00    0.00    0.00   10.53
02:35:42 PM   13   71.88    0.00   16.67    0.00    0.00    0.00    0.00    0.00    0.00   11.46
02:35:42 PM   14   71.58    0.00   17.89    0.00    0.00    0.00    0.00    0.00    0.00   10.53
02:35:42 PM   15   71.88    0.00   17.71    0.00    0.00    0.00    0.00    0.00    0.00   10.42
02:35:42 PM   16   69.15    0.00   19.15    0.00    0.00    0.00    0.00    0.00    0.00   11.70
02:35:42 PM   17   70.83    0.00   17.71    0.00    0.00    0.00    0.00    0.00    0.00   11.46
02:35:42 PM   18   72.63    0.00   16.84    0.00    0.00    0.00    0.00    0.00    0.00   10.53
02:35:42 PM   19   70.83    0.00   17.71    1.04    0.00    0.00    0.00    0.00    0.00   10.42
02:35:42 PM   20   72.34    0.00   17.02    0.00    0.00    0.00    0.00    0.00    0.00   10.64
02:35:42 PM   21   71.28    0.00   17.02    1.06    0.00    0.00    0.00    0.00    0.00   10.64
02:35:42 PM   22   70.21    0.00   18.09    0.00    0.00    0.00    0.00    0.00    0.00   11.70
02:35:42 PM   23   68.75    0.00   19.79    0.00    0.00    0.00    0.00    0.00    0.00   11.46
02:35:42 PM   24   72.34    0.00   17.02    0.00    0.00    0.00    0.00    0.00    0.00   10.64
02:35:42 PM   25   70.21    0.00   18.09    0.00    0.00    0.00    0.00    0.00    0.00   11.70
02:35:42 PM   26   69.47    0.00   17.89    1.05    0.00    0.00    0.00    0.00    0.00   11.58
02:35:42 PM   27   71.58    0.00   16.84    0.00    0.00    0.00    0.00    0.00    0.00   11.58
02:35:42 PM   28   73.12    0.00   17.20    0.00    0.00    0.00    0.00    0.00    0.00    9.68
02:35:42 PM   29   70.65    0.00   19.57    0.00    0.00    0.00    0.00    0.00    0.00    9.78
02:35:42 PM   30   70.53    0.00   17.89    0.00    0.00    0.00    0.00    0.00    0.00   11.58
02:35:42 PM   31   68.09    0.00   21.28    0.00    0.00    0.00    0.00    0.00    0.00   10.64
02:35:42 PM   32   72.83    0.00   18.48    0.00    0.00    0.00    0.00    0.00    0.00    8.70
02:35:42 PM   33   72.63    0.00   18.95    0.00    0.00    0.00    0.00    0.00    0.00    8.42
02:35:42 PM   34   69.47    0.00   18.95    1.05    0.00    0.00    0.00    0.00    0.00   10.53
02:35:42 PM   35   70.97    0.00   18.28    0.00    0.00    0.00    0.00    0.00    0.00   10.75
02:35:42 PM   36   69.15    0.00   20.21    0.00    0.00    0.00    0.00    0.00    0.00   10.64
02:35:42 PM   37   70.53    0.00   18.95    1.05    0.00    0.00    0.00    0.00    0.00    9.47
02:35:42 PM   38   70.97    0.00   17.20    0.00    0.00    0.00    0.00    0.00    0.00   11.83
02:35:42 PM   39   68.09    0.00   22.34    0.00    0.00    0.00    0.00    0.00    0.00    9.57
02:35:42 PM   40   71.28    0.00   17.02    0.00    0.00    0.00    0.00    0.00    0.00   11.70
02:35:42 PM   41   73.68    0.00   15.79    0.00    0.00    0.00    0.00    0.00    0.00   10.53
02:35:42 PM   42   71.58    0.00   17.89    0.00    0.00    0.00    0.00    0.00    0.00   10.53
02:35:42 PM   43   71.88    0.00   16.67    0.00    0.00    0.00    0.00    0.00    0.00   11.46
02:35:42 PM   44   69.79    0.00   18.75    0.00    0.00    0.00    0.00    0.00    0.00   11.46
02:35:42 PM   45   70.21    0.00   18.09    0.00    0.00    0.00    0.00    0.00    0.00   11.70
02:35:42 PM   46   70.83    0.00   17.71    1.04    0.00    0.00    0.00    0.00    0.00   10.42
02:35:42 PM   47   70.83    0.00   18.75    0.00    0.00    0.00    0.00    0.00    0.00   10.42
02:35:42 PM   48   72.63    0.00   16.84    0.00    0.00    0.00    0.00    0.00    0.00   10.53
02:35:42 PM   49   71.58    0.00   17.89    0.00    0.00    0.00    0.00    0.00    0.00   10.53
02:35:42 PM   50   71.58    0.00   18.95    0.00    0.00    0.00    0.00    0.00    0.00    9.47
02:35:42 PM   51   73.68    0.00   16.84    0.00    0.00    0.00    0.00    0.00    0.00    9.47
02:35:42 PM   52   72.92    0.00   16.67    0.00    0.00    0.00    0.00    0.00    0.00   10.42
02:35:42 PM   53   69.47    0.00   20.00    0.00    0.00    0.00    0.00    0.00    0.00   10.53
02:35:42 PM   54   70.10    0.00   19.59    0.00    0.00    0.00    0.00    0.00    0.00   10.31
02:35:42 PM   55   72.63    0.00   16.84    0.00    0.00    0.00    0.00    0.00    0.00   10.53
02:35:42 PM   56   72.16    0.00   17.53    0.00    0.00    0.00    0.00    0.00    0.00   10.31
02:35:42 PM   57   70.10    0.00   18.56    1.03    0.00    0.00    0.00    0.00    0.00   10.31
02:35:42 PM   58   71.58    0.00   17.89    0.00    0.00    0.00    0.00    0.00    0.00   10.53
02:35:42 PM   59   72.63    0.00   16.84    0.00    0.00    0.00    0.00    0.00    0.00   10.53
02:35:42 PM   60   72.34    0.00   17.02    0.00    0.00    0.00    0.00    0.00    0.00   10.64
02:35:42 PM   61   72.04    0.00   16.13    0.00    0.00    0.00    0.00    0.00    0.00   11.83
02:35:42 PM   62   70.53    0.00   17.89    0.00    0.00    0.00    0.00    0.00    0.00   11.58
02:35:42 PM   63   69.89    0.00   19.35    0.00    0.00    0.00    0.00    0.00    0.00   10.75
02:35:42 PM   64   71.74    0.00   17.39    0.00    0.00    0.00    0.00    0.00    0.00   10.87
02:35:42 PM   65   71.58    0.00   18.95    1.05    0.00    0.00    0.00    0.00    0.00    8.42
02:35:42 PM   66   71.58    0.00   16.84    0.00    0.00    0.00    0.00    0.00    0.00   11.58
02:35:42 PM   67   70.53    0.00   17.89    1.05    0.00    0.00    0.00    0.00    0.00   10.53
02:35:42 PM   68   68.42    0.00   21.05    0.00    0.00    0.00    0.00    0.00    0.00   10.53
02:35:42 PM   69   70.21    0.00   19.15    0.00    0.00    0.00    0.00    0.00    0.00   10.64
02:35:42 PM   70   69.47    0.00   18.95    0.00    0.00    0.00    0.00    0.00    0.00   11.58
02:35:42 PM   71   72.04    0.00   17.20    0.00    0.00    0.00    0.00    0.00    0.00   10.75
02:35:42 PM   72   70.83    0.00   19.79    1.04    0.00    0.00    0.00    0.00    0.00    8.33
02:35:42 PM   73   67.71    0.00   22.92    0.00    0.00    0.00    0.00    0.00    0.00    9.38
02:35:42 PM   74   69.15    0.00   19.15    1.06    0.00    0.00    0.00    0.00    0.00   10.64
02:35:42 PM   75   67.74    0.00   20.43    0.00    0.00    0.00    0.00    0.00    0.00   11.83
02:35:42 PM   76   69.89    0.00   19.35    1.08    0.00    0.00    0.00    0.00    0.00    9.68
02:35:42 PM   77   71.28    0.00   18.09    0.00    0.00    0.00    0.00    0.00    0.00   10.64
02:35:42 PM   78   69.79    0.00   19.79    0.00    0.00    0.00    0.00    0.00    0.00   10.42
02:35:42 PM   79   68.75    0.00   19.79    1.04    0.00    0.00    0.00    0.00    0.00   10.42

02:35:51 PM  CPU    %usr   %nice    %sys %iowait    %irq   %soft  %steal  %guest  %gnice   %idle
02:35:52 PM  all   72.41    0.00   18.79    0.16    0.00    0.00    0.00    0.00    0.00    8.64
02:35:52 PM    0   73.96    0.00   16.67    0.00    0.00    0.00    0.00    0.00    0.00    9.38
02:35:52 PM    1   72.63    0.00   18.95    0.00    0.00    0.00    0.00    0.00    0.00    8.42
02:35:52 PM    2   72.16    0.00   19.59    0.00    0.00    0.00    0.00    0.00    0.00    8.25
02:35:52 PM    3   73.47    0.00   17.35    0.00    0.00    0.00    0.00    0.00    0.00    9.18
02:35:52 PM    4   72.63    0.00   18.95    0.00    0.00    0.00    0.00    0.00    0.00    8.42
02:35:52 PM    5   72.92    0.00   18.75    0.00    0.00    0.00    0.00    0.00    0.00    8.33
02:35:52 PM    6   73.40    0.00   18.09    0.00    0.00    0.00    0.00    0.00    0.00    8.51
02:35:52 PM    7   72.16    0.00   18.56    0.00    0.00    0.00    0.00    0.00    0.00    9.28
02:35:52 PM    8   71.88    0.00   18.75    0.00    0.00    0.00    0.00    0.00    0.00    9.38
02:35:52 PM    9   73.68    0.00   17.89    0.00    0.00    0.00    0.00    0.00    0.00    8.42
02:35:52 PM   10   77.66    0.00   14.89    0.00    0.00    0.00    0.00    0.00    0.00    7.45
02:35:52 PM   11   72.63    0.00   18.95    0.00    0.00    0.00    0.00    0.00    0.00    8.42
02:35:52 PM   12   69.79    0.00   21.88    0.00    0.00    0.00    0.00    0.00    0.00    8.33
02:35:52 PM   13   74.23    0.00   17.53    0.00    0.00    0.00    0.00    0.00    0.00    8.25
02:35:52 PM   14   72.92    0.00   18.75    0.00    0.00    0.00    0.00    0.00    0.00    8.33
02:35:52 PM   15   71.88    0.00   18.75    0.00    0.00    0.00    0.00    0.00    0.00    9.38
02:35:52 PM   16   72.16    0.00   18.56    1.03    0.00    0.00    0.00    0.00    0.00    8.25
02:35:52 PM   17   72.63    0.00   17.89    1.05    0.00    0.00    0.00    0.00    0.00    8.42
02:35:52 PM   18   71.88    0.00   18.75    0.00    0.00    0.00    0.00    0.00    0.00    9.38
02:35:52 PM   19   71.88    0.00   17.71    1.04    0.00    0.00    0.00    0.00    0.00    9.38
02:35:52 PM   20   73.96    0.00   18.75    0.00    0.00    0.00    0.00    0.00    0.00    7.29
02:35:52 PM   21   73.40    0.00   18.09    0.00    0.00    0.00    0.00    0.00    0.00    8.51
02:35:52 PM   22   70.83    0.00   19.79    0.00    0.00    0.00    0.00    0.00    0.00    9.38
02:35:52 PM   23   68.42    0.00   22.11    0.00    0.00    0.00    0.00    0.00    0.00    9.47
02:35:52 PM   24   72.63    0.00   17.89    0.00    0.00    0.00    0.00    0.00    0.00    9.47
02:35:52 PM   25   75.53    0.00   15.96    1.06    0.00    0.00    0.00    0.00    0.00    7.45
02:35:52 PM   26   72.92    0.00   17.71    0.00    0.00    0.00    0.00    0.00    0.00    9.38
02:35:52 PM   27   69.79    0.00   20.83    0.00    0.00    0.00    0.00    0.00    0.00    9.38
02:35:52 PM   28   73.68    0.00   17.89    0.00    0.00    0.00    0.00    0.00    0.00    8.42
02:35:52 PM   29   72.34    0.00   19.15    0.00    0.00    0.00    0.00    0.00    0.00    8.51
02:35:52 PM   30   72.63    0.00   17.89    0.00    0.00    0.00    0.00    0.00    0.00    9.47
02:35:52 PM   31   73.68    0.00   17.89    0.00    0.00    0.00    0.00    0.00    0.00    8.42
02:35:52 PM   32   70.21    0.00   20.21    0.00    0.00    0.00    0.00    0.00    0.00    9.57
02:35:52 PM   33   71.58    0.00   20.00    0.00    0.00    0.00    0.00    0.00    0.00    8.42
02:35:52 PM   34   73.40    0.00   17.02    1.06    0.00    0.00    0.00    0.00    0.00    8.51
02:35:52 PM   35   70.83    0.00   19.79    1.04    0.00    0.00    0.00    0.00    0.00    8.33
02:35:52 PM   36   71.28    0.00   19.15    1.06    0.00    0.00    0.00    0.00    0.00    8.51
02:35:52 PM   37   72.34    0.00   18.09    0.00    0.00    0.00    0.00    0.00    0.00    9.57
02:35:52 PM   38   71.58    0.00   18.95    1.05    0.00    0.00    0.00    0.00    0.00    8.42
02:35:52 PM   39   71.58    0.00   20.00    0.00    0.00    0.00    0.00    0.00    0.00    8.42
02:35:52 PM   40   69.47    0.00   21.05    0.00    0.00    0.00    0.00    0.00    0.00    9.47
02:35:52 PM   41   73.68    0.00   17.89    0.00    0.00    0.00    0.00    0.00    0.00    8.42
02:35:52 PM   42   71.43    0.00   19.39    0.00    0.00    0.00    0.00    0.00    0.00    9.18
02:35:52 PM   43   73.20    0.00   19.59    0.00    0.00    0.00    0.00    0.00    0.00    7.22
02:35:52 PM   44   72.92    0.00   18.75    0.00    0.00    0.00    0.00    0.00    0.00    8.33
02:35:52 PM   45   74.23    0.00   17.53    0.00    0.00    0.00    0.00    0.00    0.00    8.25
02:35:52 PM   46   75.53    0.00   15.96    0.00    0.00    0.00    0.00    0.00    0.00    8.51
02:35:52 PM   47   73.68    0.00   17.89    0.00    0.00    0.00    0.00    0.00    0.00    8.42
02:35:52 PM   48   71.43    0.00   20.41    0.00    0.00    0.00    0.00    0.00    0.00    8.16
02:35:52 PM   49   72.63    0.00   18.95    0.00    0.00    0.00    0.00    0.00    0.00    8.42
02:35:52 PM   50   72.45    0.00   18.37    0.00    0.00    0.00    0.00    0.00    0.00    9.18
02:35:52 PM   51   74.47    0.00   17.02    0.00    0.00    0.00    0.00    0.00    0.00    8.51
02:35:52 PM   52   72.92    0.00   17.71    0.00    0.00    0.00    0.00    0.00    0.00    9.38
02:35:52 PM   53   75.26    0.00   17.53    0.00    0.00    0.00    0.00    0.00    0.00    7.22
02:35:52 PM   54   72.63    0.00   18.95    0.00    0.00    0.00    0.00    0.00    0.00    8.42
02:35:52 PM   55   72.34    0.00   19.15    0.00    0.00    0.00    0.00    0.00    0.00    8.51
02:35:52 PM   56   74.74    0.00   17.89    0.00    0.00    0.00    0.00    0.00    0.00    7.37
02:35:52 PM   57   70.83    0.00   19.79    1.04    0.00    0.00    0.00    0.00    0.00    8.33
02:35:52 PM   58   70.97    0.00   20.43    0.00    0.00    0.00    0.00    0.00    0.00    8.60
02:35:52 PM   59   73.68    0.00   17.89    0.00    0.00    0.00    0.00    0.00    0.00    8.42
02:35:52 PM   60   72.92    0.00   17.71    0.00    0.00    0.00    0.00    0.00    0.00    9.38
02:35:52 PM   61   71.88    0.00   19.79    1.04    0.00    0.00    0.00    0.00    0.00    7.29
02:35:52 PM   62   68.42    0.00   23.16    0.00    0.00    0.00    0.00    0.00    0.00    8.42
02:35:52 PM   63   69.89    0.00   20.43    0.00    0.00    0.00    0.00    0.00    0.00    9.68
02:35:52 PM   64   75.53    0.00   18.09    0.00    0.00    0.00    0.00    0.00    0.00    6.38
02:35:52 PM   65   73.68    0.00   17.89    0.00    0.00    0.00    0.00    0.00    0.00    8.42
02:35:52 PM   66   73.68    0.00   16.84    0.00    0.00    0.00    0.00    0.00    0.00    9.47
02:35:52 PM   67   71.43    0.00   18.37    1.02    0.00    0.00    0.00    0.00    0.00    9.18
02:35:52 PM   68   69.47    0.00   21.05    1.05    0.00    0.00    0.00    0.00    0.00    8.42
02:35:52 PM   69   70.53    0.00   20.00    0.00    0.00    0.00    0.00    0.00    0.00    9.47
02:35:52 PM   70   70.97    0.00   19.35    0.00    0.00    0.00    0.00    0.00    0.00    9.68
02:35:52 PM   71   70.53    0.00   20.00    0.00    0.00    0.00    0.00    0.00    0.00    9.47
02:35:52 PM   72   74.19    0.00   18.28    0.00    0.00    0.00    0.00    0.00    0.00    7.53
02:35:52 PM   73   70.83    0.00   19.79    0.00    0.00    0.00    0.00    0.00    0.00    9.38
02:35:52 PM   74   72.04    0.00   18.28    0.00    0.00    0.00    0.00    0.00    0.00    9.68
02:35:52 PM   75   69.47    0.00   21.05    0.00    0.00    0.00    0.00    0.00    0.00    9.47
02:35:52 PM   76   70.83    0.00   20.83    0.00    0.00    0.00    0.00    0.00    0.00    8.33
02:35:52 PM   77   72.34    0.00   19.15    0.00    0.00    0.00    0.00    0.00    0.00    8.51
02:35:52 PM   78   72.63    0.00   18.95    0.00    0.00    0.00    0.00    0.00    0.00    8.42
02:35:52 PM   79   73.68    0.00   17.89    0.00    0.00    0.00    0.00    0.00    0.00    8.42

02:36:01 PM  CPU    %usr   %nice    %sys %iowait    %irq   %soft  %steal  %guest  %gnice   %idle
02:36:02 PM  all   71.84    0.00   18.19    0.26    0.00    0.00    0.00    0.00    0.00    9.71
02:36:02 PM    0   71.58    0.00   18.95    0.00    0.00    0.00    0.00    0.00    0.00    9.47
02:36:02 PM    1   71.13    0.00   17.53    1.03    0.00    0.00    0.00    0.00    0.00   10.31
02:36:02 PM    2   71.88    0.00   17.71    0.00    0.00    0.00    0.00    0.00    0.00   10.42
02:36:02 PM    3   73.68    0.00   15.79    0.00    0.00    0.00    0.00    0.00    0.00   10.53
02:36:02 PM    4   72.04    0.00   18.28    0.00    0.00    0.00    0.00    0.00    0.00    9.68
02:36:02 PM    5   70.53    0.00   18.95    1.05    0.00    0.00    0.00    0.00    0.00    9.47
02:36:02 PM    6   72.92    0.00   16.67    0.00    0.00    0.00    0.00    0.00    0.00   10.42
02:36:02 PM    7   74.47    0.00   15.96    0.00    0.00    0.00    0.00    0.00    0.00    9.57
02:36:02 PM    8   72.92    0.00   18.75    0.00    0.00    0.00    0.00    0.00    0.00    8.33
02:36:02 PM    9   72.92    0.00   16.67    0.00    0.00    0.00    0.00    0.00    0.00   10.42
02:36:02 PM   10   72.16    0.00   18.56    0.00    0.00    0.00    0.00    0.00    0.00    9.28
02:36:02 PM   11   71.88    0.00   18.75    0.00    0.00    0.00    0.00    0.00    0.00    9.38
02:36:02 PM   12   71.13    0.00   17.53    1.03    0.00    0.00    0.00    0.00    0.00   10.31
02:36:02 PM   13   72.63    0.00   16.84    1.05    0.00    0.00    0.00    0.00    0.00    9.47
02:36:02 PM   14   69.07    0.00   19.59    1.03    0.00    0.00    0.00    0.00    0.00   10.31
02:36:02 PM   15   72.34    0.00   18.09    0.00    0.00    0.00    0.00    0.00    0.00    9.57
02:36:02 PM   16   73.96    0.00   15.62    0.00    0.00    0.00    0.00    0.00    0.00   10.42
02:36:02 PM   17   72.34    0.00   18.09    0.00    0.00    0.00    0.00    0.00    0.00    9.57
02:36:02 PM   18   75.00    0.00   14.58    0.00    0.00    0.00    0.00    0.00    0.00   10.42
02:36:02 PM   19   72.63    0.00   17.89    0.00    0.00    0.00    0.00    0.00    0.00    9.47
02:36:02 PM   20   74.74    0.00   15.79    0.00    0.00    0.00    0.00    0.00    0.00    9.47
02:36:02 PM   21   71.28    0.00   17.02    1.06    0.00    0.00    0.00    0.00    0.00   10.64
02:36:02 PM   22   72.16    0.00   17.53    1.03    0.00    0.00    0.00    0.00    0.00    9.28
02:36:02 PM   23   70.97    0.00   18.28    0.00    0.00    0.00    0.00    0.00    0.00   10.75
02:36:02 PM   24   70.21    0.00   20.21    0.00    0.00    0.00    0.00    0.00    0.00    9.57
02:36:02 PM   25   71.58    0.00   18.95    0.00    0.00    0.00    0.00    0.00    0.00    9.47
02:36:02 PM   26   70.83    0.00   18.75    1.04    0.00    0.00    0.00    0.00    0.00    9.38
02:36:02 PM   27   68.42    0.00   21.05    0.00    0.00    0.00    0.00    0.00    0.00   10.53
02:36:02 PM   28   72.92    0.00   17.71    0.00    0.00    0.00    0.00    0.00    0.00    9.38
02:36:02 PM   29   73.68    0.00   17.89    0.00    0.00    0.00    0.00    0.00    0.00    8.42
02:36:02 PM   30   69.89    0.00   20.43    0.00    0.00    0.00    0.00    0.00    0.00    9.68
02:36:02 PM   31   69.79    0.00   18.75    1.04    0.00    0.00    0.00    0.00    0.00   10.42
02:36:02 PM   32   72.04    0.00   18.28    0.00    0.00    0.00    0.00    0.00    0.00    9.68
02:36:02 PM   33   72.34    0.00   18.09    0.00    0.00    0.00    0.00    0.00    0.00    9.57
02:36:02 PM   34   73.96    0.00   19.79    0.00    0.00    0.00    0.00    0.00    0.00    6.25
02:36:02 PM   35   72.04    0.00   19.35    0.00    0.00    0.00    0.00    0.00    0.00    8.60
02:36:02 PM   36   71.28    0.00   19.15    0.00    0.00    0.00    0.00    0.00    0.00    9.57
02:36:02 PM   37   68.82    0.00   20.43    1.08    0.00    0.00    0.00    0.00    0.00    9.68
02:36:02 PM   38   69.15    0.00   21.28    0.00    0.00    0.00    0.00    0.00    0.00    9.57
02:36:02 PM   39   70.21    0.00   19.15    0.00    0.00    0.00    0.00    0.00    0.00   10.64
02:36:02 PM   40   73.68    0.00   15.79    0.00    0.00    0.00    0.00    0.00    0.00   10.53
02:36:02 PM   41   72.63    0.00   16.84    0.00    0.00    0.00    0.00    0.00    0.00   10.53
02:36:02 PM   42   70.83    0.00   18.75    0.00    0.00    0.00    0.00    0.00    0.00   10.42
02:36:02 PM   43   71.13    0.00   19.59    0.00    0.00    0.00    0.00    0.00    0.00    9.28
02:36:02 PM   44   73.68    0.00   16.84    0.00    0.00    0.00    0.00    0.00    0.00    9.47
02:36:02 PM   45   71.58    0.00   17.89    1.05    0.00    0.00    0.00    0.00    0.00    9.47
02:36:02 PM   46   71.58    0.00   17.89    0.00    0.00    0.00    0.00    0.00    0.00   10.53
02:36:02 PM   47   72.92    0.00   16.67    0.00    0.00    0.00    0.00    0.00    0.00   10.42
02:36:02 PM   48   74.47    0.00   15.96    0.00    0.00    0.00    0.00    0.00    0.00    9.57
02:36:02 PM   49   73.20    0.00   18.56    0.00    0.00    0.00    0.00    0.00    0.00    8.25
02:36:02 PM   50   73.12    0.00   17.20    0.00    0.00    0.00    0.00    0.00    0.00    9.68
02:36:02 PM   51   72.92    0.00   17.71    0.00    0.00    0.00    0.00    0.00    0.00    9.38
02:36:02 PM   52   70.83    0.00   18.75    0.00    0.00    0.00    0.00    0.00    0.00   10.42
02:36:02 PM   53   68.75    0.00   19.79    1.04    0.00    0.00    0.00    0.00    0.00   10.42
02:36:02 PM   54   71.13    0.00   19.59    0.00    0.00    0.00    0.00    0.00    0.00    9.28
02:36:02 PM   55   71.88    0.00   17.71    0.00    0.00    0.00    0.00    0.00    0.00   10.42
02:36:02 PM   56   72.92    0.00   16.67    0.00    0.00    0.00    0.00    0.00    0.00   10.42
02:36:02 PM   57   72.34    0.00   17.02    0.00    0.00    0.00    0.00    0.00    0.00   10.64
02:36:02 PM   58   71.13    0.00   17.53    1.03    0.00    0.00    0.00    0.00    0.00   10.31
02:36:02 PM   59   71.88    0.00   18.75    0.00    0.00    0.00    0.00    0.00    0.00    9.38
02:36:02 PM   60   70.21    0.00   20.21    0.00    0.00    0.00    0.00    0.00    0.00    9.57
02:36:02 PM   61   73.12    0.00   17.20    0.00    0.00    0.00    0.00    0.00    0.00    9.68
02:36:02 PM   62   71.28    0.00   19.15    0.00    0.00    0.00    0.00    0.00    0.00    9.57
02:36:02 PM   63   73.40    0.00   17.02    1.06    0.00    0.00    0.00    0.00    0.00    8.51
02:36:02 PM   64   72.04    0.00   18.28    0.00    0.00    0.00    0.00    0.00    0.00    9.68
02:36:02 PM   65   72.34    0.00   18.09    0.00    0.00    0.00    0.00    0.00    0.00    9.57
02:36:02 PM   66   73.96    0.00   16.67    0.00    0.00    0.00    0.00    0.00    0.00    9.38
02:36:02 PM   67   73.40    0.00   17.02    0.00    0.00    0.00    0.00    0.00    0.00    9.57
02:36:02 PM   68   70.53    0.00   18.95    0.00    0.00    0.00    0.00    0.00    0.00   10.53
02:36:02 PM   69   73.40    0.00   15.96    1.06    0.00    0.00    0.00    0.00    0.00    9.57
02:36:02 PM   70   71.28    0.00   19.15    0.00    0.00    0.00    0.00    0.00    0.00    9.57
02:36:02 PM   71   69.89    0.00   20.43    0.00    0.00    0.00    0.00    0.00    0.00    9.68
02:36:02 PM   72   73.40    0.00   18.09    1.06    0.00    0.00    0.00    0.00    0.00    7.45
02:36:02 PM   73   70.65    0.00   19.57    0.00    0.00    0.00    0.00    0.00    0.00    9.78
02:36:02 PM   74   71.88    0.00   16.67    1.04    0.00    0.00    0.00    0.00    0.00   10.42
02:36:02 PM   75   68.82    0.00   20.43    1.08    0.00    0.00    0.00    0.00    0.00    9.68
02:36:02 PM   76   69.47    0.00   20.00    1.05    0.00    0.00    0.00    0.00    0.00    9.47
02:36:02 PM   77   73.40    0.00   17.02    0.00    0.00    0.00    0.00    0.00    0.00    9.57
02:36:02 PM   78   70.53    0.00   20.00    0.00    0.00    0.00    0.00    0.00    0.00    9.47
02:36:02 PM   79   68.09    0.00   21.28    1.06    0.00    0.00    0.00    0.00    0.00    9.57

02:36:11 PM  CPU    %usr   %nice    %sys %iowait    %irq   %soft  %steal  %guest  %gnice   %idle
02:36:12 PM  all   73.79    0.00   18.63    0.13    0.00    0.00    0.00    0.00    0.00    7.45
02:36:12 PM    0   72.92    0.00   19.79    0.00    0.00    0.00    0.00    0.00    0.00    7.29
02:36:12 PM    1   74.47    0.00   18.09    0.00    0.00    0.00    0.00    0.00    0.00    7.45
02:36:12 PM    2   75.79    0.00   16.84    0.00    0.00    0.00    0.00    0.00    0.00    7.37
02:36:12 PM    3   73.68    0.00   17.89    0.00    0.00    0.00    0.00    0.00    0.00    8.42
02:36:12 PM    4   74.74    0.00   17.89    0.00    0.00    0.00    0.00    0.00    0.00    7.37
02:36:12 PM    5   75.00    0.00   17.71    0.00    0.00    0.00    0.00    0.00    0.00    7.29
02:36:12 PM    6   71.88    0.00   20.83    0.00    0.00    0.00    0.00    0.00    0.00    7.29
02:36:12 PM    7   75.00    0.00   17.71    0.00    0.00    0.00    0.00    0.00    0.00    7.29
02:36:12 PM    8   75.53    0.00   17.02    0.00    0.00    0.00    0.00    0.00    0.00    7.45
02:36:12 PM    9   77.08    0.00   15.62    0.00    0.00    0.00    0.00    0.00    0.00    7.29
02:36:12 PM   10   73.40    0.00   19.15    0.00    0.00    0.00    0.00    0.00    0.00    7.45
02:36:12 PM   11   74.19    0.00   18.28    0.00    0.00    0.00    0.00    0.00    0.00    7.53
02:36:12 PM   12   74.19    0.00   19.35    0.00    0.00    0.00    0.00    0.00    0.00    6.45
02:36:12 PM   13   75.00    0.00   17.71    0.00    0.00    0.00    0.00    0.00    0.00    7.29
02:36:12 PM   14   74.49    0.00   17.35    0.00    0.00    0.00    0.00    0.00    0.00    8.16
02:36:12 PM   15   75.00    0.00   17.71    0.00    0.00    0.00    0.00    0.00    0.00    7.29
02:36:12 PM   16   74.23    0.00   18.56    0.00    0.00    0.00    0.00    0.00    0.00    7.22
02:36:12 PM   17   73.20    0.00   18.56    0.00    0.00    0.00    0.00    0.00    0.00    8.25
02:36:12 PM   18   74.47    0.00   18.09    0.00    0.00    0.00    0.00    0.00    0.00    7.45
02:36:12 PM   19   76.04    0.00   16.67    0.00    0.00    0.00    0.00    0.00    0.00    7.29
02:36:12 PM   20   72.16    0.00   20.62    0.00    0.00    0.00    0.00    0.00    0.00    7.22
02:36:12 PM   21   73.40    0.00   19.15    0.00    0.00    0.00    0.00    0.00    0.00    7.45
02:36:12 PM   22   73.20    0.00   18.56    0.00    0.00    0.00    0.00    0.00    0.00    8.25
02:36:12 PM   23   74.47    0.00   19.15    0.00    0.00    0.00    0.00    0.00    0.00    6.38
02:36:12 PM   24   71.58    0.00   21.05    0.00    0.00    0.00    0.00    0.00    0.00    7.37
02:36:12 PM   25   73.40    0.00   19.15    0.00    0.00    0.00    0.00    0.00    0.00    7.45
02:36:12 PM   26   74.74    0.00   17.89    1.05    0.00    0.00    0.00    0.00    0.00    6.32
02:36:12 PM   27   72.92    0.00   19.79    0.00    0.00    0.00    0.00    0.00    0.00    7.29
02:36:12 PM   28   75.79    0.00   15.79    0.00    0.00    0.00    0.00    0.00    0.00    8.42
02:36:12 PM   29   72.92    0.00   18.75    0.00    0.00    0.00    0.00    0.00    0.00    8.33
02:36:12 PM   30   70.21    0.00   21.28    1.06    0.00    0.00    0.00    0.00    0.00    7.45
02:36:12 PM   31   71.88    0.00   19.79    0.00    0.00    0.00    0.00    0.00    0.00    8.33
02:36:12 PM   32   72.34    0.00   21.28    0.00    0.00    0.00    0.00    0.00    0.00    6.38
02:36:12 PM   33   71.88    0.00   20.83    0.00    0.00    0.00    0.00    0.00    0.00    7.29
02:36:12 PM   34   73.40    0.00   19.15    0.00    0.00    0.00    0.00    0.00    0.00    7.45
02:36:12 PM   35   72.16    0.00   20.62    0.00    0.00    0.00    0.00    0.00    0.00    7.22
02:36:12 PM   36   73.68    0.00   18.95    0.00    0.00    0.00    0.00    0.00    0.00    7.37
02:36:12 PM   37   72.63    0.00   18.95    0.00    0.00    0.00    0.00    0.00    0.00    8.42
02:36:12 PM   38   75.53    0.00   17.02    0.00    0.00    0.00    0.00    0.00    0.00    7.45
02:36:12 PM   39   74.47    0.00   18.09    0.00    0.00    0.00    0.00    0.00    0.00    7.45
02:36:12 PM   40   76.34    0.00   16.13    0.00    0.00    0.00    0.00    0.00    0.00    7.53
02:36:12 PM   41   76.84    0.00   15.79    0.00    0.00    0.00    0.00    0.00    0.00    7.37
02:36:12 PM   42   70.41    0.00   21.43    1.02    0.00    0.00    0.00    0.00    0.00    7.14
02:36:12 PM   43   73.68    0.00   18.95    0.00    0.00    0.00    0.00    0.00    0.00    7.37
02:36:12 PM   44   73.96    0.00   17.71    0.00    0.00    0.00    0.00    0.00    0.00    8.33
02:36:12 PM   45   76.04    0.00   16.67    0.00    0.00    0.00    0.00    0.00    0.00    7.29
02:36:12 PM   46   74.47    0.00   18.09    0.00    0.00    0.00    0.00    0.00    0.00    7.45
02:36:12 PM   47   75.26    0.00   17.53    0.00    0.00    0.00    0.00    0.00    0.00    7.22
02:36:12 PM   48   74.74    0.00   17.89    0.00    0.00    0.00    0.00    0.00    0.00    7.37
02:36:12 PM   49   74.74    0.00   16.84    0.00    0.00    0.00    0.00    0.00    0.00    8.42
02:36:12 PM   50   75.79    0.00   17.89    0.00    0.00    0.00    0.00    0.00    0.00    6.32
02:36:12 PM   51   76.04    0.00   16.67    0.00    0.00    0.00    0.00    0.00    0.00    7.29
02:36:12 PM   52   73.68    0.00   18.95    0.00    0.00    0.00    0.00    0.00    0.00    7.37
02:36:12 PM   53   76.84    0.00   14.74    0.00    0.00    0.00    0.00    0.00    0.00    8.42
02:36:12 PM   54   72.92    0.00   19.79    0.00    0.00    0.00    0.00    0.00    0.00    7.29
02:36:12 PM   55   76.34    0.00   16.13    0.00    0.00    0.00    0.00    0.00    0.00    7.53
02:36:12 PM   56   73.96    0.00   17.71    0.00    0.00    0.00    0.00    0.00    0.00    8.33
02:36:12 PM   57   75.79    0.00   16.84    0.00    0.00    0.00    0.00    0.00    0.00    7.37
02:36:12 PM   58   73.68    0.00   17.89    0.00    0.00    0.00    0.00    0.00    0.00    8.42
02:36:12 PM   59   73.20    0.00   17.53    1.03    0.00    0.00    0.00    0.00    0.00    8.25
02:36:12 PM   60   73.96    0.00   17.71    1.04    0.00    0.00    0.00    0.00    0.00    7.29
02:36:12 PM   61   70.53    0.00   21.05    0.00    0.00    0.00    0.00    0.00    0.00    8.42
02:36:12 PM   62   73.91    0.00   18.48    0.00    0.00    0.00    0.00    0.00    0.00    7.61
02:36:12 PM   63   71.58    0.00   20.00    1.05    0.00    0.00    0.00    0.00    0.00    7.37
02:36:12 PM   64   73.68    0.00   17.89    1.05    0.00    0.00    0.00    0.00    0.00    7.37
02:36:12 PM   65   72.63    0.00   18.95    1.05    0.00    0.00    0.00    0.00    0.00    7.37
02:36:12 PM   66   70.97    0.00   21.51    0.00    0.00    0.00    0.00    0.00    0.00    7.53
02:36:12 PM   67   71.58    0.00   21.05    0.00    0.00    0.00    0.00    0.00    0.00    7.37
02:36:12 PM   68   72.92    0.00   19.79    0.00    0.00    0.00    0.00    0.00    0.00    7.29
02:36:12 PM   69   72.92    0.00   19.79    1.04    0.00    0.00    0.00    0.00    0.00    6.25
02:36:12 PM   70   75.27    0.00   17.20    0.00    0.00    0.00    0.00    0.00    0.00    7.53
02:36:12 PM   71   74.19    0.00   18.28    0.00    0.00    0.00    0.00    0.00    0.00    7.53
02:36:12 PM   72   71.13    0.00   20.62    1.03    0.00    0.00    0.00    0.00    0.00    7.22
02:36:12 PM   73   71.58    0.00   21.05    0.00    0.00    0.00    0.00    0.00    0.00    7.37
02:36:12 PM   74   72.63    0.00   21.05    0.00    0.00    0.00    0.00    0.00    0.00    6.32
02:36:12 PM   75   73.96    0.00   18.75    0.00    0.00    0.00    0.00    0.00    0.00    7.29
02:36:12 PM   76   73.12    0.00   20.43    0.00    0.00    0.00    0.00    0.00    0.00    6.45
02:36:12 PM   77   72.63    0.00   20.00    0.00    0.00    0.00    0.00    0.00    0.00    7.37
02:36:12 PM   78   73.91    0.00   18.48    0.00    0.00    0.00    0.00    0.00    0.00    7.61
02:36:12 PM   79   72.63    0.00   20.00    0.00    0.00    0.00    0.00    0.00    0.00    7.37

02:36:21 PM  CPU    %usr   %nice    %sys %iowait    %irq   %soft  %steal  %guest  %gnice   %idle
02:36:22 PM  all   72.47    0.00   18.70    0.17    0.00    0.00    0.00    0.00    0.00    8.66
02:36:22 PM    0   73.20    0.00   17.53    0.00    0.00    0.00    0.00    0.00    0.00    9.28
02:36:22 PM    1   74.23    0.00   16.49    0.00    0.00    0.00    0.00    0.00    0.00    9.28
02:36:22 PM    2   73.68    0.00   16.84    0.00    0.00    0.00    0.00    0.00    0.00    9.47
02:36:22 PM    3   73.68    0.00   17.89    0.00    0.00    0.00    0.00    0.00    0.00    8.42
02:36:22 PM    4   72.34    0.00   19.15    0.00    0.00    0.00    0.00    0.00    0.00    8.51
02:36:22 PM    5   71.58    0.00   20.00    0.00    0.00    0.00    0.00    0.00    0.00    8.42
02:36:22 PM    6   73.40    0.00   18.09    0.00    0.00    0.00    0.00    0.00    0.00    8.51
02:36:22 PM    7   71.58    0.00   18.95    0.00    0.00    0.00    0.00    0.00    0.00    9.47
02:36:22 PM    8   72.63    0.00   17.89    0.00    0.00    0.00    0.00    0.00    0.00    9.47
02:36:22 PM    9   72.63    0.00   18.95    0.00    0.00    0.00    0.00    0.00    0.00    8.42
02:36:22 PM   10   69.47    0.00   21.05    0.00    0.00    0.00    0.00    0.00    0.00    9.47
02:36:22 PM   11   72.63    0.00   17.89    0.00    0.00    0.00    0.00    0.00    0.00    9.47
02:36:22 PM   12   71.13    0.00   18.56    1.03    0.00    0.00    0.00    0.00    0.00    9.28
02:36:22 PM   13   72.63    0.00   17.89    0.00    0.00    0.00    0.00    0.00    0.00    9.47
02:36:22 PM   14   73.12    0.00   18.28    0.00    0.00    0.00    0.00    0.00    0.00    8.60
02:36:22 PM   15   71.58    0.00   18.95    0.00    0.00    0.00    0.00    0.00    0.00    9.47
02:36:22 PM   16   73.20    0.00   17.53    0.00    0.00    0.00    0.00    0.00    0.00    9.28
02:36:22 PM   17   72.63    0.00   17.89    0.00    0.00    0.00    0.00    0.00    0.00    9.47
02:36:22 PM   18   76.29    0.00   15.46    0.00    0.00    0.00    0.00    0.00    0.00    8.25
02:36:22 PM   19   75.26    0.00   15.46    0.00    0.00    0.00    0.00    0.00    0.00    9.28
02:36:22 PM   20   76.84    0.00   15.79    0.00    0.00    0.00    0.00    0.00    0.00    7.37
02:36:22 PM   21   72.63    0.00   18.95    0.00    0.00    0.00    0.00    0.00    0.00    8.42
02:36:22 PM   22   72.92    0.00   17.71    0.00    0.00    0.00    0.00    0.00    0.00    9.38
02:36:22 PM   23   73.96    0.00   17.71    0.00    0.00    0.00    0.00    0.00    0.00    8.33
02:36:22 PM   24   71.58    0.00   20.00    0.00    0.00    0.00    0.00    0.00    0.00    8.42
02:36:22 PM   25   73.68    0.00   20.00    0.00    0.00    0.00    0.00    0.00    0.00    6.32
02:36:22 PM   26   73.68    0.00   17.89    0.00    0.00    0.00    0.00    0.00    0.00    8.42
02:36:22 PM   27   71.58    0.00   18.95    0.00    0.00    0.00    0.00    0.00    0.00    9.47
02:36:22 PM   28   73.68    0.00   17.89    0.00    0.00    0.00    0.00    0.00    0.00    8.42
02:36:22 PM   29   71.88    0.00   18.75    0.00    0.00    0.00    0.00    0.00    0.00    9.38
02:36:22 PM   30   68.75    0.00   20.83    1.04    0.00    0.00    0.00    0.00    0.00    9.38
02:36:22 PM   31   72.34    0.00   19.15    0.00    0.00    0.00    0.00    0.00    0.00    8.51
02:36:22 PM   32   68.42    0.00   23.16    0.00    0.00    0.00    0.00    0.00    0.00    8.42
02:36:22 PM   33   72.45    0.00   19.39    0.00    0.00    0.00    0.00    0.00    0.00    8.16
02:36:22 PM   34   72.34    0.00   20.21    0.00    0.00    0.00    0.00    0.00    0.00    7.45
02:36:22 PM   35   71.58    0.00   21.05    0.00    0.00    0.00    0.00    0.00    0.00    7.37
02:36:22 PM   36   74.19    0.00   17.20    0.00    0.00    0.00    0.00    0.00    0.00    8.60
02:36:22 PM   37   72.92    0.00   19.79    0.00    0.00    0.00    0.00    0.00    0.00    7.29
02:36:22 PM   38   73.12    0.00   18.28    0.00    0.00    0.00    0.00    0.00    0.00    8.60
02:36:22 PM   39   72.04    0.00   20.43    0.00    0.00    0.00    0.00    0.00    0.00    7.53
02:36:22 PM   40   73.68    0.00   16.84    0.00    0.00    0.00    0.00    0.00    0.00    9.47
02:36:22 PM   41   73.68    0.00   16.84    0.00    0.00    0.00    0.00    0.00    0.00    9.47
02:36:22 PM   42   70.83    0.00   19.79    0.00    0.00    0.00    0.00    0.00    0.00    9.38
02:36:22 PM   43   73.96    0.00   16.67    0.00    0.00    0.00    0.00    0.00    0.00    9.38
02:36:22 PM   44   72.92    0.00   17.71    0.00    0.00    0.00    0.00    0.00    0.00    9.38
02:36:22 PM   45   71.58    0.00   20.00    0.00    0.00    0.00    0.00    0.00    0.00    8.42
02:36:22 PM   46   72.92    0.00   17.71    0.00    0.00    0.00    0.00    0.00    0.00    9.38
02:36:22 PM   47   70.71    0.00   19.19    1.01    0.00    0.00    0.00    0.00    0.00    9.09
02:36:22 PM   48   71.13    0.00   19.59    0.00    0.00    0.00    0.00    0.00    0.00    9.28
02:36:22 PM   49   73.68    0.00   16.84    0.00    0.00    0.00    0.00    0.00    0.00    9.47
02:36:22 PM   50   71.58    0.00   18.95    0.00    0.00    0.00    0.00    0.00    0.00    9.47
02:36:22 PM   51   72.92    0.00   18.75    0.00    0.00    0.00    0.00    0.00    0.00    8.33
02:36:22 PM   52   72.63    0.00   18.95    0.00    0.00    0.00    0.00    0.00    0.00    8.42
02:36:22 PM   53   73.96    0.00   16.67    1.04    0.00    0.00    0.00    0.00    0.00    8.33
02:36:22 PM   54   73.96    0.00   17.71    0.00    0.00    0.00    0.00    0.00    0.00    8.33
02:36:22 PM   55   73.68    0.00   16.84    0.00    0.00    0.00    0.00    0.00    0.00    9.47
02:36:22 PM   56   71.43    0.00   18.37    1.02    0.00    0.00    0.00    0.00    0.00    9.18
02:36:22 PM   57   72.16    0.00   18.56    1.03    0.00    0.00    0.00    0.00    0.00    8.25
02:36:22 PM   58   72.92    0.00   18.75    0.00    0.00    0.00    0.00    0.00    0.00    8.33
02:36:22 PM   59   72.92    0.00   17.71    1.04    0.00    0.00    0.00    0.00    0.00    8.33
02:36:22 PM   60   71.13    0.00   19.59    0.00    0.00    0.00    0.00    0.00    0.00    9.28
02:36:22 PM   61   70.53    0.00   21.05    0.00    0.00    0.00    0.00    0.00    0.00    8.42
02:36:22 PM   62   71.88    0.00   18.75    1.04    0.00    0.00    0.00    0.00    0.00    8.33
02:36:22 PM   63   71.13    0.00   19.59    0.00    0.00    0.00    0.00    0.00    0.00    9.28
02:36:22 PM   64   73.40    0.00   18.09    0.00    0.00    0.00    0.00    0.00    0.00    8.51
02:36:22 PM   65   71.88    0.00   20.83    0.00    0.00    0.00    0.00    0.00    0.00    7.29
02:36:22 PM   66   71.58    0.00   18.95    0.00    0.00    0.00    0.00    0.00    0.00    9.47
02:36:22 PM   67   73.68    0.00   17.89    0.00    0.00    0.00    0.00    0.00    0.00    8.42
02:36:22 PM   68   71.58    0.00   20.00    0.00    0.00    0.00    0.00    0.00    0.00    8.42
02:36:22 PM   69   72.63    0.00   18.95    0.00    0.00    0.00    0.00    0.00    0.00    8.42
02:36:22 PM   70   71.58    0.00   20.00    1.05    0.00    0.00    0.00    0.00    0.00    7.37
02:36:22 PM   71   71.58    0.00   20.00    0.00    0.00    0.00    0.00    0.00    0.00    8.42
02:36:22 PM   72   71.88    0.00   18.75    1.04    0.00    0.00    0.00    0.00    0.00    8.33
02:36:22 PM   73   71.58    0.00   20.00    0.00    0.00    0.00    0.00    0.00    0.00    8.42
02:36:22 PM   74   72.63    0.00   18.95    0.00    0.00    0.00    0.00    0.00    0.00    8.42
02:36:22 PM   75   70.53    0.00   21.05    0.00    0.00    0.00    0.00    0.00    0.00    8.42
02:36:22 PM   76   71.88    0.00   18.75    1.04    0.00    0.00    0.00    0.00    0.00    8.33
02:36:22 PM   77   72.16    0.00   18.56    0.00    0.00    0.00    0.00    0.00    0.00    9.28
02:36:22 PM   78   70.41    0.00   21.43    1.02    0.00    0.00    0.00    0.00    0.00    7.14
02:36:22 PM   79   73.47    0.00   18.37    1.02    0.00    0.00    0.00    0.00    0.00    7.14

02:36:31 PM  CPU    %usr   %nice    %sys %iowait    %irq   %soft  %steal  %guest  %gnice   %idle
02:36:32 PM  all   73.12    0.00   18.77    0.21    0.00    0.00    0.00    0.00    0.00    7.90
02:36:32 PM    0   72.34    0.00   19.15    0.00    0.00    0.00    0.00    0.00    0.00    8.51
02:36:32 PM    1   73.68    0.00   16.84    0.00    0.00    0.00    0.00    0.00    0.00    9.47
02:36:32 PM    2   71.13    0.00   20.62    0.00    0.00    0.00    0.00    0.00    0.00    8.25
02:36:32 PM    3   72.63    0.00   18.95    0.00    0.00    0.00    0.00    0.00    0.00    8.42
02:36:32 PM    4   76.84    0.00   15.79    0.00    0.00    0.00    0.00    0.00    0.00    7.37
02:36:32 PM    5   74.47    0.00   17.02    0.00    0.00    0.00    0.00    0.00    0.00    8.51
02:36:32 PM    6   73.12    0.00   18.28    0.00    0.00    0.00    0.00    0.00    0.00    8.60
02:36:32 PM    7   75.00    0.00   17.71    0.00    0.00    0.00    0.00    0.00    0.00    7.29
02:36:32 PM    8   72.63    0.00   17.89    0.00    0.00    0.00    0.00    0.00    0.00    9.47
02:36:32 PM    9   77.08    0.00   14.58    0.00    0.00    0.00    0.00    0.00    0.00    8.33
02:36:32 PM   10   72.63    0.00   18.95    0.00    0.00    0.00    0.00    0.00    0.00    8.42
02:36:32 PM   11   71.88    0.00   18.75    1.04    0.00    0.00    0.00    0.00    0.00    8.33
02:36:32 PM   12   75.26    0.00   16.49    1.03    0.00    0.00    0.00    0.00    0.00    7.22
02:36:32 PM   13   72.63    0.00   18.95    0.00    0.00    0.00    0.00    0.00    0.00    8.42
02:36:32 PM   14   73.68    0.00   18.95    0.00    0.00    0.00    0.00    0.00    0.00    7.37
02:36:32 PM   15   73.40    0.00   18.09    0.00    0.00    0.00    0.00    0.00    0.00    8.51
02:36:32 PM   16   76.53    0.00   19.39    0.00    0.00    0.00    0.00    0.00    0.00    4.08
02:36:32 PM   17   73.96    0.00   17.71    0.00    0.00    0.00    0.00    0.00    0.00    8.33
02:36:32 PM   18   71.58    0.00   20.00    0.00    0.00    0.00    0.00    0.00    0.00    8.42
02:36:32 PM   19   72.63    0.00   18.95    0.00    0.00    0.00    0.00    0.00    0.00    8.42
02:36:32 PM   20   73.96    0.00   18.75    0.00    0.00    0.00    0.00    0.00    0.00    7.29
02:36:32 PM   21   72.63    0.00   18.95    1.05    0.00    0.00    0.00    0.00    0.00    7.37
02:36:32 PM   22   73.96    0.00   17.71    1.04    0.00    0.00    0.00    0.00    0.00    7.29
02:36:32 PM   23   72.63    0.00   20.00    0.00    0.00    0.00    0.00    0.00    0.00    7.37
02:36:32 PM   24   73.96    0.00   17.71    1.04    0.00    0.00    0.00    0.00    0.00    7.29
02:36:32 PM   25   70.10    0.00   21.65    0.00    0.00    0.00    0.00    0.00    0.00    8.25
02:36:32 PM   26   74.74    0.00   16.84    1.05    0.00    0.00    0.00    0.00    0.00    7.37
02:36:32 PM   27   71.88    0.00   20.83    0.00    0.00    0.00    0.00    0.00    0.00    7.29
02:36:32 PM   28   71.88    0.00   19.79    1.04    0.00    0.00    0.00    0.00    0.00    7.29
02:36:32 PM   29   73.12    0.00   18.28    0.00    0.00    0.00    0.00    0.00    0.00    8.60
02:36:32 PM   30   73.12    0.00   19.35    1.08    0.00    0.00    0.00    0.00    0.00    6.45
02:36:32 PM   31   71.88    0.00   19.79    0.00    0.00    0.00    0.00    0.00    0.00    8.33
02:36:32 PM   32   69.47    0.00   22.11    0.00    0.00    0.00    0.00    0.00    0.00    8.42
02:36:32 PM   33   72.63    0.00   20.00    0.00    0.00    0.00    0.00    0.00    0.00    7.37
02:36:32 PM   34   72.92    0.00   18.75    1.04    0.00    0.00    0.00    0.00    0.00    7.29
02:36:32 PM   35   73.40    0.00   18.09    0.00    0.00    0.00    0.00    0.00    0.00    8.51
02:36:32 PM   36   72.63    0.00   18.95    1.05    0.00    0.00    0.00    0.00    0.00    7.37
02:36:32 PM   37   75.00    0.00   17.71    0.00    0.00    0.00    0.00    0.00    0.00    7.29
02:36:32 PM   38   76.60    0.00   15.96    0.00    0.00    0.00    0.00    0.00    0.00    7.45
02:36:32 PM   39   71.58    0.00   20.00    0.00    0.00    0.00    0.00    0.00    0.00    8.42
02:36:32 PM   40   73.68    0.00   17.89    0.00    0.00    0.00    0.00    0.00    0.00    8.42
02:36:32 PM   41   71.88    0.00   19.79    0.00    0.00    0.00    0.00    0.00    0.00    8.33
02:36:32 PM   42   73.20    0.00   18.56    0.00    0.00    0.00    0.00    0.00    0.00    8.25
02:36:32 PM   43   73.68    0.00   17.89    0.00    0.00    0.00    0.00    0.00    0.00    8.42
02:36:32 PM   44   74.49    0.00   16.33    0.00    0.00    0.00    0.00    0.00    0.00    9.18
02:36:32 PM   45   76.04    0.00   16.67    0.00    0.00    0.00    0.00    0.00    0.00    7.29
02:36:32 PM   46   71.88    0.00   19.79    0.00    0.00    0.00    0.00    0.00    0.00    8.33
02:36:32 PM   47   73.68    0.00   17.89    0.00    0.00    0.00    0.00    0.00    0.00    8.42
02:36:32 PM   48   72.34    0.00   19.15    0.00    0.00    0.00    0.00    0.00    0.00    8.51
02:36:32 PM   49   71.88    0.00   19.79    0.00    0.00    0.00    0.00    0.00    0.00    8.33
02:36:32 PM   50   75.00    0.00   16.67    0.00    0.00    0.00    0.00    0.00    0.00    8.33
02:36:32 PM   51   72.63    0.00   18.95    0.00    0.00    0.00    0.00    0.00    0.00    8.42
02:36:32 PM   52   73.68    0.00   16.84    0.00    0.00    0.00    0.00    0.00    0.00    9.47
02:36:32 PM   53   72.63    0.00   18.95    0.00    0.00    0.00    0.00    0.00    0.00    8.42
02:36:32 PM   54   72.63    0.00   20.00    0.00    0.00    0.00    0.00    0.00    0.00    7.37
02:36:32 PM   55   72.63    0.00   18.95    0.00    0.00    0.00    0.00    0.00    0.00    8.42
02:36:32 PM   56   71.88    0.00   18.75    1.04    0.00    0.00    0.00    0.00    0.00    8.33
02:36:32 PM   57   72.92    0.00   19.79    0.00    0.00    0.00    0.00    0.00    0.00    7.29
02:36:32 PM   58   73.68    0.00   18.95    0.00    0.00    0.00    0.00    0.00    0.00    7.37
02:36:32 PM   59   73.96    0.00   17.71    0.00    0.00    0.00    0.00    0.00    0.00    8.33
02:36:32 PM   60   75.26    0.00   16.49    1.03    0.00    0.00    0.00    0.00    0.00    7.22
02:36:32 PM   61   71.88    0.00   20.83    0.00    0.00    0.00    0.00    0.00    0.00    7.29
02:36:32 PM   62   69.79    0.00   21.88    0.00    0.00    0.00    0.00    0.00    0.00    8.33
02:36:32 PM   63   72.92    0.00   18.75    0.00    0.00    0.00    0.00    0.00    0.00    8.33
02:36:32 PM   64   73.96    0.00   19.79    0.00    0.00    0.00    0.00    0.00    0.00    6.25
02:36:32 PM   65   72.04    0.00   20.43    0.00    0.00    0.00    0.00    0.00    0.00    7.53
02:36:32 PM   66   73.40    0.00   18.09    0.00    0.00    0.00    0.00    0.00    0.00    8.51
02:36:32 PM   67   73.96    0.00   18.75    0.00    0.00    0.00    0.00    0.00    0.00    7.29
02:36:32 PM   68   71.88    0.00   19.79    0.00    0.00    0.00    0.00    0.00    0.00    8.33
02:36:32 PM   69   73.68    0.00   17.89    1.05    0.00    0.00    0.00    0.00    0.00    7.37
02:36:32 PM   70   72.34    0.00   19.15    0.00    0.00    0.00    0.00    0.00    0.00    8.51
02:36:32 PM   71   71.28    0.00   21.28    0.00    0.00    0.00    0.00    0.00    0.00    7.45
02:36:32 PM   72   73.40    0.00   19.15    0.00    0.00    0.00    0.00    0.00    0.00    7.45
02:36:32 PM   73   73.20    0.00   17.53    1.03    0.00    0.00    0.00    0.00    0.00    8.25
02:36:32 PM   74   73.96    0.00   17.71    1.04    0.00    0.00    0.00    0.00    0.00    7.29
02:36:32 PM   75   74.47    0.00   18.09    0.00    0.00    0.00    0.00    0.00    0.00    7.45
02:36:32 PM   76   73.68    0.00   18.95    0.00    0.00    0.00    0.00    0.00    0.00    7.37
02:36:32 PM   77   70.83    0.00   20.83    0.00    0.00    0.00    0.00    0.00    0.00    8.33
02:36:32 PM   78   71.58    0.00   21.05    0.00    0.00    0.00    0.00    0.00    0.00    7.37
02:36:32 PM   79   70.10    0.00   21.65    1.03    0.00    0.00    0.00    0.00    0.00    7.22

02:36:41 PM  CPU    %usr   %nice    %sys %iowait    %irq   %soft  %steal  %guest  %gnice   %idle
02:36:42 PM  all   72.56    0.00   18.35    0.26    0.00    0.00    0.00    0.00    0.00    8.83
02:36:42 PM    0   72.63    0.00   17.89    0.00    0.00    0.00    0.00    0.00    0.00    9.47
02:36:42 PM    1   73.96    0.00   15.62    1.04    0.00    0.00    0.00    0.00    0.00    9.38
02:36:42 PM    2   72.16    0.00   17.53    0.00    0.00    0.00    0.00    0.00    0.00   10.31
02:36:42 PM    3   73.68    0.00   17.89    0.00    0.00    0.00    0.00    0.00    0.00    8.42
02:36:42 PM    4   71.88    0.00   17.71    0.00    0.00    0.00    0.00    0.00    0.00   10.42
02:36:42 PM    5   71.13    0.00   19.59    0.00    0.00    0.00    0.00    0.00    0.00    9.28
02:36:42 PM    6   72.63    0.00   16.84    0.00    0.00    0.00    0.00    0.00    0.00   10.53
02:36:42 PM    7   72.92    0.00   17.71    0.00    0.00    0.00    0.00    0.00    0.00    9.38
02:36:42 PM    8   72.92    0.00   17.71    1.04    0.00    0.00    0.00    0.00    0.00    8.33
02:36:42 PM    9   73.68    0.00   16.84    0.00    0.00    0.00    0.00    0.00    0.00    9.47
02:36:42 PM   10   73.20    0.00   17.53    0.00    0.00    0.00    0.00    0.00    0.00    9.28
02:36:42 PM   11   70.83    0.00   18.75    1.04    0.00    0.00    0.00    0.00    0.00    9.38
02:36:42 PM   12   72.34    0.00   19.15    0.00    0.00    0.00    0.00    0.00    0.00    8.51
02:36:42 PM   13   72.34    0.00   19.15    0.00    0.00    0.00    0.00    0.00    0.00    8.51
02:36:42 PM   14   72.34    0.00   18.09    0.00    0.00    0.00    0.00    0.00    0.00    9.57
02:36:42 PM   15   71.88    0.00   18.75    0.00    0.00    0.00    0.00    0.00    0.00    9.38
02:36:42 PM   16   71.58    0.00   18.95    0.00    0.00    0.00    0.00    0.00    0.00    9.47
02:36:42 PM   17   73.68    0.00   16.84    0.00    0.00    0.00    0.00    0.00    0.00    9.47
02:36:42 PM   18   70.53    0.00   20.00    0.00    0.00    0.00    0.00    0.00    0.00    9.47
02:36:42 PM   19   73.20    0.00   19.59    0.00    0.00    0.00    0.00    0.00    0.00    7.22
02:36:42 PM   20   73.68    0.00   17.89    0.00    0.00    0.00    0.00    0.00    0.00    8.42
02:36:42 PM   21   71.28    0.00   19.15    0.00    0.00    0.00    0.00    0.00    0.00    9.57
02:36:42 PM   22   74.74    0.00   16.84    0.00    0.00    0.00    0.00    0.00    0.00    8.42
02:36:42 PM   23   70.53    0.00   20.00    0.00    0.00    0.00    0.00    0.00    0.00    9.47
02:36:42 PM   24   73.96    0.00   16.67    1.04    0.00    0.00    0.00    0.00    0.00    8.33
02:36:42 PM   25   72.34    0.00   19.15    0.00    0.00    0.00    0.00    0.00    0.00    8.51
02:36:42 PM   26   71.58    0.00   18.95    1.05    0.00    0.00    0.00    0.00    0.00    8.42
02:36:42 PM   27   72.16    0.00   18.56    0.00    0.00    0.00    0.00    0.00    0.00    9.28
02:36:42 PM   28   75.00    0.00   18.75    0.00    0.00    0.00    0.00    0.00    0.00    6.25
02:36:42 PM   29   72.34    0.00   19.15    0.00    0.00    0.00    0.00    0.00    0.00    8.51
02:36:42 PM   30   69.47    0.00   21.05    1.05    0.00    0.00    0.00    0.00    0.00    8.42
02:36:42 PM   31   71.88    0.00   17.71    1.04    0.00    0.00    0.00    0.00    0.00    9.38
02:36:42 PM   32   77.08    0.00   17.71    0.00    0.00    0.00    0.00    0.00    0.00    5.21
02:36:42 PM   33   70.53    0.00   20.00    1.05    0.00    0.00    0.00    0.00    0.00    8.42
02:36:42 PM   34   71.28    0.00   19.15    1.06    0.00    0.00    0.00    0.00    0.00    8.51
02:36:42 PM   35   71.28    0.00   19.15    1.06    0.00    0.00    0.00    0.00    0.00    8.51
02:36:42 PM   36   69.79    0.00   20.83    1.04    0.00    0.00    0.00    0.00    0.00    8.33
02:36:42 PM   37   72.92    0.00   17.71    1.04    0.00    0.00    0.00    0.00    0.00    8.33
02:36:42 PM   38   72.34    0.00   19.15    0.00    0.00    0.00    0.00    0.00    0.00    8.51
02:36:42 PM   39   73.96    0.00   17.71    1.04    0.00    0.00    0.00    0.00    0.00    7.29
02:36:42 PM   40   72.92    0.00   17.71    0.00    0.00    0.00    0.00    0.00    0.00    9.38
02:36:42 PM   41   72.16    0.00   17.53    1.03    0.00    0.00    0.00    0.00    0.00    9.28
02:36:42 PM   42   70.53    0.00   20.00    0.00    0.00    0.00    0.00    0.00    0.00    9.47
02:36:42 PM   43   75.26    0.00   16.49    0.00    0.00    0.00    0.00    0.00    0.00    8.25
02:36:42 PM   44   73.68    0.00   16.84    0.00    0.00    0.00    0.00    0.00    0.00    9.47
02:36:42 PM   45   72.63    0.00   17.89    0.00    0.00    0.00    0.00    0.00    0.00    9.47
02:36:42 PM   46   73.96    0.00   16.67    0.00    0.00    0.00    0.00    0.00    0.00    9.38
02:36:42 PM   47   73.20    0.00   17.53    0.00    0.00    0.00    0.00    0.00    0.00    9.28
02:36:42 PM   48   74.23    0.00   17.53    0.00    0.00    0.00    0.00    0.00    0.00    8.25
02:36:42 PM   49   73.96    0.00   16.67    0.00    0.00    0.00    0.00    0.00    0.00    9.38
02:36:42 PM   50   71.88    0.00   18.75    0.00    0.00    0.00    0.00    0.00    0.00    9.38
02:36:42 PM   51   71.58    0.00   18.95    0.00    0.00    0.00    0.00    0.00    0.00    9.47
02:36:42 PM   52   74.19    0.00   17.20    0.00    0.00    0.00    0.00    0.00    0.00    8.60
02:36:42 PM   53   74.47    0.00   15.96    0.00    0.00    0.00    0.00    0.00    0.00    9.57
02:36:42 PM   54   72.34    0.00   17.02    0.00    0.00    0.00    0.00    0.00    0.00   10.64
02:36:42 PM   55   71.58    0.00   18.95    0.00    0.00    0.00    0.00    0.00    0.00    9.47
02:36:42 PM   56   72.63    0.00   17.89    0.00    0.00    0.00    0.00    0.00    0.00    9.47
02:36:42 PM   57   72.92    0.00   17.71    0.00    0.00    0.00    0.00    0.00    0.00    9.38
02:36:42 PM   58   72.92    0.00   16.67    1.04    0.00    0.00    0.00    0.00    0.00    9.38
02:36:42 PM   59   70.53    0.00   20.00    0.00    0.00    0.00    0.00    0.00    0.00    9.47
02:36:42 PM   60   74.19    0.00   17.20    0.00    0.00    0.00    0.00    0.00    0.00    8.60
02:36:42 PM   61   73.40    0.00   18.09    0.00    0.00    0.00    0.00    0.00    0.00    8.51
02:36:42 PM   62   73.96    0.00   17.71    0.00    0.00    0.00    0.00    0.00    0.00    8.33
02:36:42 PM   63   72.34    0.00   19.15    0.00    0.00    0.00    0.00    0.00    0.00    8.51
02:36:42 PM   64   71.28    0.00   20.21    0.00    0.00    0.00    0.00    0.00    0.00    8.51
02:36:42 PM   65   69.47    0.00   21.05    0.00    0.00    0.00    0.00    0.00    0.00    9.47
02:36:42 PM   66   70.97    0.00   20.43    0.00    0.00    0.00    0.00    0.00    0.00    8.60
02:36:42 PM   67   72.63    0.00   17.89    1.05    0.00    0.00    0.00    0.00    0.00    8.42
02:36:42 PM   68   73.40    0.00   17.02    1.06    0.00    0.00    0.00    0.00    0.00    8.51
02:36:42 PM   69   72.34    0.00   19.15    1.06    0.00    0.00    0.00    0.00    0.00    7.45
02:36:42 PM   70   70.21    0.00   21.28    0.00    0.00    0.00    0.00    0.00    0.00    8.51
02:36:42 PM   71   71.74    0.00   19.57    1.09    0.00    0.00    0.00    0.00    0.00    7.61
02:36:42 PM   72   74.23    0.00   17.53    1.03    0.00    0.00    0.00    0.00    0.00    7.22
02:36:42 PM   73   73.68    0.00   17.89    0.00    0.00    0.00    0.00    0.00    0.00    8.42
02:36:42 PM   74   72.92    0.00   17.71    0.00    0.00    0.00    0.00    0.00    0.00    9.38
02:36:42 PM   75   72.63    0.00   20.00    0.00    0.00    0.00    0.00    0.00    0.00    7.37
02:36:42 PM   76   73.68    0.00   17.89    0.00    0.00    0.00    0.00    0.00    0.00    8.42
02:36:42 PM   77   72.34    0.00   19.15    0.00    0.00    0.00    0.00    0.00    0.00    8.51
02:36:42 PM   78   71.58    0.00   18.95    0.00    0.00    0.00    0.00    0.00    0.00    9.47
02:36:42 PM   79   72.63    0.00   18.95    0.00    0.00    0.00    0.00    0.00    0.00    8.42

02:36:51 PM  CPU    %usr   %nice    %sys %iowait    %irq   %soft  %steal  %guest  %gnice   %idle
02:36:52 PM  all   71.91    0.00   18.30    0.25    0.00    0.00    0.00    0.00    0.00    9.54
02:36:52 PM    0   73.20    0.00   17.53    0.00    0.00    0.00    0.00    0.00    0.00    9.28
02:36:52 PM    1   71.88    0.00   18.75    0.00    0.00    0.00    0.00    0.00    0.00    9.38
02:36:52 PM    2   73.68    0.00   17.89    0.00    0.00    0.00    0.00    0.00    0.00    8.42
02:36:52 PM    3   72.63    0.00   17.89    0.00    0.00    0.00    0.00    0.00    0.00    9.47
02:36:52 PM    4   74.49    0.00   16.33    0.00    0.00    0.00    0.00    0.00    0.00    9.18
02:36:52 PM    5   72.92    0.00   17.71    0.00    0.00    0.00    0.00    0.00    0.00    9.38
02:36:52 PM    6   71.58    0.00   17.89    0.00    0.00    0.00    0.00    0.00    0.00   10.53
02:36:52 PM    7   71.28    0.00   19.15    0.00    0.00    0.00    0.00    0.00    0.00    9.57
02:36:52 PM    8   78.12    0.00   14.58    0.00    0.00    0.00    0.00    0.00    0.00    7.29
02:36:52 PM    9   74.23    0.00   16.49    0.00    0.00    0.00    0.00    0.00    0.00    9.28
02:36:52 PM   10   72.16    0.00   18.56    0.00    0.00    0.00    0.00    0.00    0.00    9.28
02:36:52 PM   11   70.10    0.00   19.59    0.00    0.00    0.00    0.00    0.00    0.00   10.31
02:36:52 PM   12   73.96    0.00   16.67    0.00    0.00    0.00    0.00    0.00    0.00    9.38
02:36:52 PM   13   71.13    0.00   18.56    0.00    0.00    0.00    0.00    0.00    0.00   10.31
02:36:52 PM   14   72.63    0.00   16.84    1.05    0.00    0.00    0.00    0.00    0.00    9.47
02:36:52 PM   15   69.89    0.00   20.43    0.00    0.00    0.00    0.00    0.00    0.00    9.68
02:36:52 PM   16   70.10    0.00   19.59    0.00    0.00    0.00    0.00    0.00    0.00   10.31
02:36:52 PM   17   72.63    0.00   17.89    0.00    0.00    0.00    0.00    0.00    0.00    9.47
02:36:52 PM   18   73.68    0.00   16.84    0.00    0.00    0.00    0.00    0.00    0.00    9.47
02:36:52 PM   19   73.68    0.00   16.84    0.00    0.00    0.00    0.00    0.00    0.00    9.47
02:36:52 PM   20   72.04    0.00   18.28    0.00    0.00    0.00    0.00    0.00    0.00    9.68
02:36:52 PM   21   69.89    0.00   19.35    0.00    0.00    0.00    0.00    0.00    0.00   10.75
02:36:52 PM   22   67.71    0.00   21.88    2.08    0.00    0.00    0.00    0.00    0.00    8.33
02:36:52 PM   23   72.16    0.00   17.53    1.03    0.00    0.00    0.00    0.00    0.00    9.28
02:36:52 PM   24   73.40    0.00   15.96    0.00    0.00    0.00    0.00    0.00    0.00   10.64
02:36:52 PM   25   72.16    0.00   18.56    0.00    0.00    0.00    0.00    0.00    0.00    9.28
02:36:52 PM   26   71.28    0.00   18.09    0.00    0.00    0.00    0.00    0.00    0.00   10.64
02:36:52 PM   27   70.21    0.00   19.15    1.06    0.00    0.00    0.00    0.00    0.00    9.57
02:36:52 PM   28   71.88    0.00   19.79    0.00    0.00    0.00    0.00    0.00    0.00    8.33
02:36:52 PM   29   71.28    0.00   18.09    1.06    0.00    0.00    0.00    0.00    0.00    9.57
02:36:52 PM   30   73.40    0.00   17.02    0.00    0.00    0.00    0.00    0.00    0.00    9.57
02:36:52 PM   31   69.15    0.00   20.21    1.06    0.00    0.00    0.00    0.00    0.00    9.57
02:36:52 PM   32   70.83    0.00   19.79    0.00    0.00    0.00    0.00    0.00    0.00    9.38
02:36:52 PM   33   70.21    0.00   20.21    0.00    0.00    0.00    0.00    0.00    0.00    9.57
02:36:52 PM   34   72.92    0.00   18.75    0.00    0.00    0.00    0.00    0.00    0.00    8.33
02:36:52 PM   35   71.13    0.00   17.53    1.03    0.00    0.00    0.00    0.00    0.00   10.31
02:36:52 PM   36   74.47    0.00   15.96    0.00    0.00    0.00    0.00    0.00    0.00    9.57
02:36:52 PM   37   72.63    0.00   17.89    0.00    0.00    0.00    0.00    0.00    0.00    9.47
02:36:52 PM   38   74.74    0.00   15.79    0.00    0.00    0.00    0.00    0.00    0.00    9.47
02:36:52 PM   39   70.53    0.00   18.95    0.00    0.00    0.00    0.00    0.00    0.00   10.53
02:36:52 PM   40   70.83    0.00   18.75    0.00    0.00    0.00    0.00    0.00    0.00   10.42
02:36:52 PM   41   71.88    0.00   18.75    0.00    0.00    0.00    0.00    0.00    0.00    9.38
02:36:52 PM   42   72.92    0.00   16.67    0.00    0.00    0.00    0.00    0.00    0.00   10.42
02:36:52 PM   43   72.16    0.00   18.56    0.00    0.00    0.00    0.00    0.00    0.00    9.28
02:36:52 PM   44   71.88    0.00   17.71    0.00    0.00    0.00    0.00    0.00    0.00   10.42
02:36:52 PM   45   72.92    0.00   17.71    0.00    0.00    0.00    0.00    0.00    0.00    9.38
02:36:52 PM   46   71.88    0.00   18.75    0.00    0.00    0.00    0.00    0.00    0.00    9.38
02:36:52 PM   47   73.40    0.00   17.02    0.00    0.00    0.00    0.00    0.00    0.00    9.57
02:36:52 PM   48   74.74    0.00   15.79    0.00    0.00    0.00    0.00    0.00    0.00    9.47
02:36:52 PM   49   72.63    0.00   17.89    1.05    0.00    0.00    0.00    0.00    0.00    8.42
02:36:52 PM   50   73.96    0.00   16.67    0.00    0.00    0.00    0.00    0.00    0.00    9.38
02:36:52 PM   51   72.16    0.00   18.56    0.00    0.00    0.00    0.00    0.00    0.00    9.28
02:36:52 PM   52   70.41    0.00   18.37    1.02    0.00    0.00    0.00    0.00    0.00   10.20
02:36:52 PM   53   74.74    0.00   15.79    0.00    0.00    0.00    0.00    0.00    0.00    9.47
02:36:52 PM   54   72.92    0.00   17.71    0.00    0.00    0.00    0.00    0.00    0.00    9.38
02:36:52 PM   55   73.20    0.00   17.53    0.00    0.00    0.00    0.00    0.00    0.00    9.28
02:36:52 PM   56   71.28    0.00   18.09    0.00    0.00    0.00    0.00    0.00    0.00   10.64
02:36:52 PM   57   71.88    0.00   17.71    0.00    0.00    0.00    0.00    0.00    0.00   10.42
02:36:52 PM   58   71.88    0.00   18.75    0.00    0.00    0.00    0.00    0.00    0.00    9.38
02:36:52 PM   59   72.92    0.00   17.71    0.00    0.00    0.00    0.00    0.00    0.00    9.38
02:36:52 PM   60   71.88    0.00   17.71    1.04    0.00    0.00    0.00    0.00    0.00    9.38
02:36:52 PM   61   70.83    0.00   19.79    0.00    0.00    0.00    0.00    0.00    0.00    9.38
02:36:52 PM   62   68.42    0.00   22.11    0.00    0.00    0.00    0.00    0.00    0.00    9.47
02:36:52 PM   63   72.34    0.00   18.09    1.06    0.00    0.00    0.00    0.00    0.00    8.51
02:36:52 PM   64   70.97    0.00   19.35    0.00    0.00    0.00    0.00    0.00    0.00    9.68
02:36:52 PM   65   71.58    0.00   17.89    1.05    0.00    0.00    0.00    0.00    0.00    9.47
02:36:52 PM   66   68.75    0.00   20.83    0.00    0.00    0.00    0.00    0.00    0.00   10.42
02:36:52 PM   67   73.40    0.00   17.02    0.00    0.00    0.00    0.00    0.00    0.00    9.57
02:36:52 PM   68   71.88    0.00   20.83    1.04    0.00    0.00    0.00    0.00    0.00    6.25
02:36:52 PM   69   70.83    0.00   18.75    0.00    0.00    0.00    0.00    0.00    0.00   10.42
02:36:52 PM   70   70.83    0.00   18.75    1.04    0.00    0.00    0.00    0.00    0.00    9.38
02:36:52 PM   71   72.04    0.00   18.28    0.00    0.00    0.00    0.00    0.00    0.00    9.68
02:36:52 PM   72   73.68    0.00   15.79    0.00    0.00    0.00    0.00    0.00    0.00   10.53
02:36:52 PM   73   68.75    0.00   20.83    1.04    0.00    0.00    0.00    0.00    0.00    9.38
02:36:52 PM   74   71.28    0.00   19.15    0.00    0.00    0.00    0.00    0.00    0.00    9.57
02:36:52 PM   75   71.58    0.00   17.89    1.05    0.00    0.00    0.00    0.00    0.00    9.47
02:36:52 PM   76   70.97    0.00   19.35    0.00    0.00    0.00    0.00    0.00    0.00    9.68
02:36:52 PM   77   69.07    0.00   20.62    1.03    0.00    0.00    0.00    0.00    0.00    9.28
02:36:52 PM   78   67.71    0.00   20.83    1.04    0.00    0.00    0.00    0.00    0.00   10.42
02:36:52 PM   79   69.47    0.00   21.05    0.00    0.00    0.00    0.00    0.00    0.00    9.47

02:37:01 PM  CPU    %usr   %nice    %sys %iowait    %irq   %soft  %steal  %guest  %gnice   %idle
02:37:02 PM  all   70.76    0.00   18.21    0.38    0.00    0.01    0.00    0.00    0.00   10.64
02:37:02 PM    0   72.34    0.00   17.02    0.00    0.00    0.00    0.00    0.00    0.00   10.64
02:37:02 PM    1   71.88    0.00   17.71    0.00    0.00    0.00    0.00    0.00    0.00   10.42
02:37:02 PM    2   70.83    0.00   17.71    0.00    0.00    0.00    0.00    0.00    0.00   11.46
02:37:02 PM    3   71.13    0.00   18.56    0.00    0.00    0.00    0.00    0.00    0.00   10.31
02:37:02 PM    4   71.88    0.00   18.75    0.00    0.00    0.00    0.00    0.00    0.00    9.38
02:37:02 PM    5   70.83    0.00   18.75    0.00    0.00    0.00    0.00    0.00    0.00   10.42
02:37:02 PM    6   70.10    0.00   18.56    0.00    0.00    0.00    0.00    0.00    0.00   11.34
02:37:02 PM    7   69.79    0.00   19.79    0.00    0.00    0.00    0.00    0.00    0.00   10.42
02:37:02 PM    8   72.45    0.00   16.33    1.02    0.00    0.00    0.00    0.00    0.00   10.20
02:37:02 PM    9   70.83    0.00   18.75    0.00    0.00    0.00    0.00    0.00    0.00   10.42
02:37:02 PM   10   71.58    0.00   16.84    0.00    0.00    0.00    0.00    0.00    0.00   11.58
02:37:02 PM   11   73.96    0.00   15.62    0.00    0.00    0.00    0.00    0.00    0.00   10.42
02:37:02 PM   12   71.58    0.00   17.89    0.00    0.00    0.00    0.00    0.00    0.00   10.53
02:37:02 PM   13   71.58    0.00   17.89    0.00    0.00    0.00    0.00    0.00    0.00   10.53
02:37:02 PM   14   70.83    0.00   18.75    0.00    0.00    0.00    0.00    0.00    0.00   10.42
02:37:02 PM   15   71.58    0.00   18.95    0.00    0.00    0.00    0.00    0.00    0.00    9.47
02:37:02 PM   16   72.63    0.00   16.84    0.00    0.00    0.00    0.00    0.00    0.00   10.53
02:37:02 PM   17   70.83    0.00   17.71    0.00    0.00    0.00    0.00    0.00    0.00   11.46
02:37:02 PM   18   72.92    0.00   16.67    0.00    0.00    0.00    0.00    0.00    0.00   10.42
02:37:02 PM   19   71.28    0.00   18.09    0.00    0.00    0.00    0.00    0.00    0.00   10.64
02:37:02 PM   20   69.79    0.00   18.75    1.04    0.00    0.00    0.00    0.00    0.00   10.42
02:37:02 PM   21   68.04    0.00   20.62    1.03    0.00    0.00    0.00    0.00    0.00   10.31
02:37:02 PM   22   69.15    0.00   19.15    1.06    0.00    0.00    0.00    0.00    0.00   10.64
02:37:02 PM   23   69.15    0.00   19.15    0.00    0.00    0.00    0.00    0.00    0.00   11.70
02:37:02 PM   24   70.53    0.00   16.84    1.05    0.00    0.00    0.00    0.00    0.00   11.58
02:37:02 PM   25   69.47    0.00   18.95    0.00    0.00    0.00    0.00    0.00    0.00   11.58
02:37:02 PM   26   68.42    0.00   20.00    1.05    0.00    0.00    0.00    0.00    0.00   10.53
02:37:02 PM   27   69.15    0.00   19.15    0.00    0.00    0.00    0.00    0.00    0.00   11.70
02:37:02 PM   28   71.28    0.00   18.09    0.00    0.00    0.00    0.00    0.00    0.00   10.64
02:37:02 PM   29   69.79    0.00   18.75    1.04    0.00    0.00    0.00    0.00    0.00   10.42
02:37:02 PM   30   72.63    0.00   16.84    0.00    0.00    0.00    0.00    0.00    0.00   10.53
02:37:02 PM   31   69.47    0.00   17.89    1.05    0.00    0.00    0.00    0.00    0.00   11.58
02:37:02 PM   32   74.74    0.00   15.79    1.05    0.00    0.00    0.00    0.00    0.00    8.42
02:37:02 PM   33   70.83    0.00   17.71    1.04    0.00    0.00    0.00    0.00    0.00   10.42
02:37:02 PM   34   70.21    0.00   19.15    0.00    0.00    0.00    0.00    0.00    0.00   10.64
02:37:02 PM   35   70.53    0.00   17.89    0.00    0.00    0.00    0.00    0.00    0.00   11.58
02:37:02 PM   36   68.75    0.00   19.79    0.00    0.00    0.00    0.00    0.00    0.00   11.46
02:37:02 PM   37   69.47    0.00   20.00    1.05    0.00    0.00    0.00    0.00    0.00    9.47
02:37:02 PM   38   67.71    0.00   19.79    2.08    0.00    0.00    0.00    0.00    0.00   10.42
02:37:02 PM   39   71.28    0.00   17.02    1.06    0.00    0.00    0.00    0.00    0.00   10.64
02:37:02 PM   40   71.88    0.00   16.67    0.00    0.00    0.00    0.00    0.00    0.00   11.46
02:37:02 PM   41   73.96    0.00   15.62    0.00    0.00    0.00    0.00    0.00    0.00   10.42
02:37:02 PM   42   70.53    0.00   18.95    0.00    0.00    0.00    0.00    0.00    0.00   10.53
02:37:02 PM   43   72.34    0.00   17.02    0.00    0.00    0.00    0.00    0.00    0.00   10.64
02:37:02 PM   44   71.13    0.00   19.59    0.00    0.00    0.00    0.00    0.00    0.00    9.28
02:37:02 PM   45   71.13    0.00   17.53    0.00    0.00    0.00    0.00    0.00    0.00   11.34
02:37:02 PM   46   71.88    0.00   16.67    0.00    0.00    0.00    0.00    0.00    0.00   11.46
02:37:02 PM   47   71.58    0.00   18.95    0.00    0.00    0.00    0.00    0.00    0.00    9.47
02:37:02 PM   48   71.28    0.00   18.09    0.00    0.00    0.00    0.00    0.00    0.00   10.64
02:37:02 PM   49   70.71    0.00   16.16    1.01    0.00    1.01    0.00    0.00    0.00   11.11
02:37:02 PM   50   70.83    0.00   18.75    0.00    0.00    0.00    0.00    0.00    0.00   10.42
02:37:02 PM   51   71.58    0.00   17.89    0.00    0.00    0.00    0.00    0.00    0.00   10.53
02:37:02 PM   52   72.16    0.00   16.49    1.03    0.00    0.00    0.00    0.00    0.00   10.31
02:37:02 PM   53   72.34    0.00   17.02    0.00    0.00    0.00    0.00    0.00    0.00   10.64
02:37:02 PM   54   71.13    0.00   17.53    0.00    0.00    0.00    0.00    0.00    0.00   11.34
02:37:02 PM   55   71.58    0.00   17.89    0.00    0.00    0.00    0.00    0.00    0.00   10.53
02:37:02 PM   56   70.83    0.00   18.75    0.00    0.00    0.00    0.00    0.00    0.00   10.42
02:37:02 PM   57   71.13    0.00   18.56    0.00    0.00    0.00    0.00    0.00    0.00   10.31
02:37:02 PM   58   71.28    0.00   18.09    0.00    0.00    0.00    0.00    0.00    0.00   10.64
02:37:02 PM   59   71.88    0.00   16.67    0.00    0.00    0.00    0.00    0.00    0.00   11.46
02:37:02 PM   60   71.58    0.00   17.89    0.00    0.00    0.00    0.00    0.00    0.00   10.53
02:37:02 PM   61   70.83    0.00   17.71    1.04    0.00    0.00    0.00    0.00    0.00   10.42
02:37:02 PM   62   67.71    0.00   19.79    1.04    0.00    0.00    0.00    0.00    0.00   11.46
02:37:02 PM   63   71.58    0.00   16.84    1.05    0.00    0.00    0.00    0.00    0.00   10.53
02:37:02 PM   64   69.47    0.00   18.95    1.05    0.00    0.00    0.00    0.00    0.00   10.53
02:37:02 PM   65   68.04    0.00   20.62    1.03    0.00    0.00    0.00    0.00    0.00   10.31
02:37:02 PM   66   68.75    0.00   18.75    0.00    0.00    0.00    0.00    0.00    0.00   12.50
02:37:02 PM   67   70.97    0.00   17.20    0.00    0.00    0.00    0.00    0.00    0.00   11.83
02:37:02 PM   68   64.89    0.00   23.40    0.00    0.00    0.00    0.00    0.00    0.00   11.70
02:37:02 PM   69   67.71    0.00   19.79    1.04    0.00    0.00    0.00    0.00    0.00   11.46
02:37:02 PM   70   72.92    0.00   16.67    1.04    0.00    0.00    0.00    0.00    0.00    9.38
02:37:02 PM   71   70.83    0.00   17.71    1.04    0.00    0.00    0.00    0.00    0.00   10.42
02:37:02 PM   72   75.00    0.00   17.71    1.04    0.00    0.00    0.00    0.00    0.00    6.25
02:37:02 PM   73   68.75    0.00   19.79    0.00    0.00    0.00    0.00    0.00    0.00   11.46
02:37:02 PM   74   70.21    0.00   18.09    1.06    0.00    0.00    0.00    0.00    0.00   10.64
02:37:02 PM   75   68.75    0.00   19.79    1.04    0.00    0.00    0.00    0.00    0.00   10.42
02:37:02 PM   76   69.47    0.00   20.00    0.00    0.00    0.00    0.00    0.00    0.00   10.53
02:37:02 PM   77   70.83    0.00   17.71    0.00    0.00    0.00    0.00    0.00    0.00   11.46
02:37:02 PM   78   70.53    0.00   17.89    2.11    0.00    0.00    0.00    0.00    0.00    9.47
02:37:02 PM   79   69.47    0.00   18.95    0.00    0.00    0.00    0.00    0.00    0.00   11.58

02:37:11 PM  CPU    %usr   %nice    %sys %iowait    %irq   %soft  %steal  %guest  %gnice   %idle
02:37:12 PM  all   72.51    0.00   18.37    0.20    0.00    0.01    0.00    0.00    0.00    8.92
02:37:12 PM    0   75.79    0.00   16.84    0.00    0.00    0.00    0.00    0.00    0.00    7.37
02:37:12 PM    1   73.20    0.00   17.53    0.00    0.00    0.00    0.00    0.00    0.00    9.28
02:37:12 PM    2   74.23    0.00   17.53    0.00    0.00    0.00    0.00    0.00    0.00    8.25
02:37:12 PM    3   72.63    0.00   17.89    0.00    0.00    0.00    0.00    0.00    0.00    9.47
02:37:12 PM    4   71.88    0.00   18.75    0.00    0.00    0.00    0.00    0.00    0.00    9.38
02:37:12 PM    5   75.00    0.00   15.62    0.00    0.00    0.00    0.00    0.00    0.00    9.38
02:37:12 PM    6   75.00    0.00   15.62    0.00    0.00    0.00    0.00    0.00    0.00    9.38
02:37:12 PM    7   73.96    0.00   16.67    0.00    0.00    0.00    0.00    0.00    0.00    9.38
02:37:12 PM    8   74.49    0.00   16.33    0.00    0.00    0.00    0.00    0.00    0.00    9.18
02:37:12 PM    9   75.00    0.00   15.62    0.00    0.00    0.00    0.00    0.00    0.00    9.38
02:37:12 PM   10   73.20    0.00   17.53    0.00    0.00    0.00    0.00    0.00    0.00    9.28
02:37:12 PM   11   74.74    0.00   16.84    0.00    0.00    0.00    0.00    0.00    0.00    8.42
02:37:12 PM   12   72.92    0.00   18.75    0.00    0.00    0.00    0.00    0.00    0.00    8.33
02:37:12 PM   13   75.27    0.00   16.13    0.00    0.00    0.00    0.00    0.00    0.00    8.60
02:37:12 PM   14   74.47    0.00   17.02    0.00    0.00    0.00    0.00    0.00    0.00    8.51
02:37:12 PM   15   72.63    0.00   17.89    0.00    0.00    0.00    0.00    0.00    0.00    9.47
02:37:12 PM   16   75.00    0.00   15.62    0.00    0.00    0.00    0.00    0.00    0.00    9.38
02:37:12 PM   17   72.92    0.00   17.71    0.00    0.00    0.00    0.00    0.00    0.00    9.38
02:37:12 PM   18   72.34    0.00   19.15    0.00    0.00    0.00    0.00    0.00    0.00    8.51
02:37:12 PM   19   74.74    0.00   15.79    0.00    0.00    0.00    0.00    0.00    0.00    9.47
02:37:12 PM   20   71.88    0.00   18.75    0.00    0.00    0.00    0.00    0.00    0.00    9.38
02:37:12 PM   21   70.53    0.00   20.00    1.05    0.00    0.00    0.00    0.00    0.00    8.42
02:37:12 PM   22   70.53    0.00   20.00    0.00    0.00    0.00    0.00    0.00    0.00    9.47
02:37:12 PM   23   71.28    0.00   19.15    0.00    0.00    0.00    0.00    0.00    0.00    9.57
02:37:12 PM   24   71.58    0.00   18.95    0.00    0.00    0.00    0.00    0.00    0.00    9.47
02:37:12 PM   25   72.63    0.00   17.89    0.00    0.00    0.00    0.00    0.00    0.00    9.47
02:37:12 PM   26   68.42    0.00   21.05    1.05    0.00    0.00    0.00    0.00    0.00    9.47
02:37:12 PM   27   72.63    0.00   17.89    1.05    0.00    0.00    0.00    0.00    0.00    8.42
02:37:12 PM   28   67.71    0.00   21.88    1.04    0.00    0.00    0.00    0.00    0.00    9.38
02:37:12 PM   29   72.63    0.00   18.95    0.00    0.00    0.00    0.00    0.00    0.00    8.42
02:37:12 PM   30   69.15    0.00   21.28    1.06    0.00    0.00    0.00    0.00    0.00    8.51
02:37:12 PM   31   71.28    0.00   19.15    1.06    0.00    0.00    0.00    0.00    0.00    8.51
02:37:12 PM   32   70.10    0.00   20.62    1.03    0.00    0.00    0.00    0.00    0.00    8.25
02:37:12 PM   33   70.97    0.00   20.43    0.00    0.00    0.00    0.00    0.00    0.00    8.60
02:37:12 PM   34   71.58    0.00   20.00    0.00    0.00    0.00    0.00    0.00    0.00    8.42
02:37:12 PM   35   70.21    0.00   20.21    0.00    0.00    0.00    0.00    0.00    0.00    9.57
02:37:12 PM   36   71.28    0.00   19.15    1.06    0.00    0.00    0.00    0.00    0.00    8.51
02:37:12 PM   37   71.58    0.00   17.89    1.05    0.00    0.00    0.00    0.00    0.00    9.47
02:37:12 PM   38   72.16    0.00   17.53    1.03    0.00    0.00    0.00    0.00    0.00    9.28
02:37:12 PM   39   72.63    0.00   18.95    0.00    0.00    0.00    0.00    0.00    0.00    8.42
02:37:12 PM   40   71.88    0.00   18.75    0.00    0.00    0.00    0.00    0.00    0.00    9.38
02:37:12 PM   41   73.96    0.00   16.67    0.00    0.00    0.00    0.00    0.00    0.00    9.38
02:37:12 PM   42   71.88    0.00   18.75    0.00    0.00    0.00    0.00    0.00    0.00    9.38
02:37:12 PM   43   73.96    0.00   16.67    0.00    0.00    0.00    0.00    0.00    0.00    9.38
02:37:12 PM   44   75.79    0.00   15.79    0.00    0.00    0.00    0.00    0.00    0.00    8.42
02:37:12 PM   45   74.23    0.00   16.49    1.03    0.00    0.00    0.00    0.00    0.00    8.25
02:37:12 PM   46   73.68    0.00   17.89    0.00    0.00    0.00    0.00    0.00    0.00    8.42
02:37:12 PM   47   72.92    0.00   18.75    0.00    0.00    0.00    0.00    0.00    0.00    8.33
02:37:12 PM   48   74.47    0.00   17.02    0.00    0.00    0.00    0.00    0.00    0.00    8.51
02:37:12 PM   49   73.96    0.00   16.67    1.04    0.00    0.00    0.00    0.00    0.00    8.33
02:37:12 PM   50   70.53    0.00   20.00    0.00    0.00    0.00    0.00    0.00    0.00    9.47
02:37:12 PM   51   73.20    0.00   17.53    0.00    0.00    1.03    0.00    0.00    0.00    8.25
02:37:12 PM   52   74.74    0.00   16.84    0.00    0.00    0.00    0.00    0.00    0.00    8.42
02:37:12 PM   53   71.58    0.00   20.00    0.00    0.00    0.00    0.00    0.00    0.00    8.42
02:37:12 PM   54   73.20    0.00   17.53    0.00    0.00    0.00    0.00    0.00    0.00    9.28
02:37:12 PM   55   73.68    0.00   16.84    0.00    0.00    0.00    0.00    0.00    0.00    9.47
02:37:12 PM   56   72.63    0.00   17.89    0.00    0.00    0.00    0.00    0.00    0.00    9.47
02:37:12 PM   57   73.20    0.00   17.53    0.00    0.00    0.00    0.00    0.00    0.00    9.28
02:37:12 PM   58   71.88    0.00   18.75    0.00    0.00    0.00    0.00    0.00    0.00    9.38
02:37:12 PM   59   75.27    0.00   16.13    0.00    0.00    0.00    0.00    0.00    0.00    8.60
02:37:12 PM   60   75.00    0.00   17.71    0.00    0.00    0.00    0.00    0.00    0.00    7.29
02:37:12 PM   61   70.53    0.00   20.00    0.00    0.00    0.00    0.00    0.00    0.00    9.47
02:37:12 PM   62   73.40    0.00   18.09    0.00    0.00    0.00    0.00    0.00    0.00    8.51
02:37:12 PM   63   69.15    0.00   20.21    1.06    0.00    0.00    0.00    0.00    0.00    9.57
02:37:12 PM   64   71.58    0.00   21.05    0.00    0.00    0.00    0.00    0.00    0.00    7.37
02:37:12 PM   65   72.04    0.00   19.35    0.00    0.00    0.00    0.00    0.00    0.00    8.60
02:37:12 PM   66   71.58    0.00   18.95    1.05    0.00    0.00    0.00    0.00    0.00    8.42
02:37:12 PM   67   71.58    0.00   18.95    1.05    0.00    0.00    0.00    0.00    0.00    8.42
02:37:12 PM   68   69.47    0.00   21.05    0.00    0.00    0.00    0.00    0.00    0.00    9.47
02:37:12 PM   69   71.74    0.00   19.57    0.00    0.00    0.00    0.00    0.00    0.00    8.70
02:37:12 PM   70   73.68    0.00   16.84    0.00    0.00    0.00    0.00    0.00    0.00    9.47
02:37:12 PM   71   71.58    0.00   18.95    0.00    0.00    0.00    0.00    0.00    0.00    9.47
02:37:12 PM   72   72.63    0.00   18.95    0.00    0.00    0.00    0.00    0.00    0.00    8.42
02:37:12 PM   73   70.83    0.00   19.79    0.00    0.00    0.00    0.00    0.00    0.00    9.38
02:37:12 PM   74   71.58    0.00   20.00    0.00    0.00    0.00    0.00    0.00    0.00    8.42
02:37:12 PM   75   72.34    0.00   20.21    0.00    0.00    0.00    0.00    0.00    0.00    7.45
02:37:12 PM   76   72.34    0.00   18.09    0.00    0.00    0.00    0.00    0.00    0.00    9.57
02:37:12 PM   77   70.83    0.00   19.79    0.00    0.00    0.00    0.00    0.00    0.00    9.38
02:37:12 PM   78   71.28    0.00   19.15    0.00    0.00    0.00    0.00    0.00    0.00    9.57
02:37:12 PM   79   70.21    0.00   20.21    0.00    0.00    0.00    0.00    0.00    0.00    9.57

02:37:21 PM  CPU    %usr   %nice    %sys %iowait    %irq   %soft  %steal  %guest  %gnice   %idle
02:37:22 PM  all   71.18    0.00   18.20    0.25    0.00    0.00    0.00    0.00    0.00   10.37
02:37:22 PM    0   73.20    0.00   16.49    0.00    0.00    0.00    0.00    0.00    0.00   10.31
02:37:22 PM    1   72.34    0.00   18.09    0.00    0.00    0.00    0.00    0.00    0.00    9.57
02:37:22 PM    2   72.63    0.00   15.79    0.00    0.00    0.00    0.00    0.00    0.00   11.58
02:37:22 PM    3   71.58    0.00   17.89    0.00    0.00    0.00    0.00    0.00    0.00   10.53
02:37:22 PM    4   73.40    0.00   17.02    0.00    0.00    0.00    0.00    0.00    0.00    9.57
02:37:22 PM    5   70.53    0.00   18.95    0.00    0.00    0.00    0.00    0.00    0.00   10.53
02:37:22 PM    6   70.10    0.00   18.56    1.03    0.00    0.00    0.00    0.00    0.00   10.31
02:37:22 PM    7   75.00    0.00   15.62    0.00    0.00    0.00    0.00    0.00    0.00    9.38
02:37:22 PM    8   72.63    0.00   16.84    0.00    0.00    0.00    0.00    0.00    0.00   10.53
02:37:22 PM    9   74.74    0.00   15.79    0.00    0.00    0.00    0.00    0.00    0.00    9.47
02:37:22 PM   10   71.88    0.00   17.71    0.00    0.00    0.00    0.00    0.00    0.00   10.42
02:37:22 PM   11   69.07    0.00   20.62    0.00    0.00    0.00    0.00    0.00    0.00   10.31
02:37:22 PM   12   74.23    0.00   15.46    0.00    0.00    0.00    0.00    0.00    0.00   10.31
02:37:22 PM   13   72.16    0.00   18.56    0.00    0.00    0.00    0.00    0.00    0.00    9.28
02:37:22 PM   14   72.34    0.00   17.02    0.00    0.00    0.00    0.00    0.00    0.00   10.64
02:37:22 PM   15   72.63    0.00   16.84    0.00    0.00    0.00    0.00    0.00    0.00   10.53
02:37:22 PM   16   73.68    0.00   16.84    0.00    0.00    0.00    0.00    0.00    0.00    9.47
02:37:22 PM   17   71.88    0.00   17.71    0.00    0.00    0.00    0.00    0.00    0.00   10.42
02:37:22 PM   18   73.68    0.00   16.84    0.00    0.00    0.00    0.00    0.00    0.00    9.47
02:37:22 PM   19   70.97    0.00   18.28    0.00    0.00    0.00    0.00    0.00    0.00   10.75
02:37:22 PM   20   71.88    0.00   17.71    0.00    0.00    0.00    0.00    0.00    0.00   10.42
02:37:22 PM   21   68.04    0.00   20.62    1.03    0.00    0.00    0.00    0.00    0.00   10.31
02:37:22 PM   22   70.53    0.00   17.89    0.00    0.00    0.00    0.00    0.00    0.00   11.58
02:37:22 PM   23   69.15    0.00   19.15    0.00    0.00    0.00    0.00    0.00    0.00   11.70
02:37:22 PM   24   67.37    0.00   21.05    1.05    0.00    0.00    0.00    0.00    0.00   10.53
02:37:22 PM   25   74.47    0.00   19.15    0.00    0.00    0.00    0.00    0.00    0.00    6.38
02:37:22 PM   26   71.58    0.00   17.89    0.00    0.00    0.00    0.00    0.00    0.00   10.53
02:37:22 PM   27   68.42    0.00   20.00    1.05    0.00    0.00    0.00    0.00    0.00   10.53
02:37:22 PM   28   69.47    0.00   18.95    0.00    0.00    0.00    0.00    0.00    0.00   11.58
02:37:22 PM   29   72.04    0.00   18.28    0.00    0.00    0.00    0.00    0.00    0.00    9.68
02:37:22 PM   30   69.79    0.00   19.79    0.00    0.00    0.00    0.00    0.00    0.00   10.42
02:37:22 PM   31   68.82    0.00   19.35    0.00    0.00    0.00    0.00    0.00    0.00   11.83
02:37:22 PM   32   68.75    0.00   18.75    1.04    0.00    0.00    0.00    0.00    0.00   11.46
02:37:22 PM   33   69.47    0.00   20.00    0.00    0.00    0.00    0.00    0.00    0.00   10.53
02:37:22 PM   34   69.47    0.00   18.95    0.00    0.00    0.00    0.00    0.00    0.00   11.58
02:37:22 PM   35   69.23    0.00   21.98    0.00    0.00    0.00    0.00    0.00    0.00    8.79
02:37:22 PM   36   70.53    0.00   20.00    0.00    0.00    0.00    0.00    0.00    0.00    9.47
02:37:22 PM   37   68.42    0.00   20.00    1.05    0.00    0.00    0.00    0.00    0.00   10.53
02:37:22 PM   38   68.42    0.00   18.95    1.05    0.00    0.00    0.00    0.00    0.00   11.58
02:37:22 PM   39   70.53    0.00   20.00    0.00    0.00    0.00    0.00    0.00    0.00    9.47
02:37:22 PM   40   70.83    0.00   18.75    0.00    0.00    0.00    0.00    0.00    0.00   10.42
02:37:22 PM   41   72.92    0.00   16.67    0.00    0.00    0.00    0.00    0.00    0.00   10.42
02:37:22 PM   42   70.53    0.00   18.95    0.00    0.00    0.00    0.00    0.00    0.00   10.53
02:37:22 PM   43   72.92    0.00   17.71    0.00    0.00    0.00    0.00    0.00    0.00    9.38
02:37:22 PM   44   71.13    0.00   18.56    0.00    0.00    0.00    0.00    0.00    0.00   10.31
02:37:22 PM   45   71.88    0.00   17.71    0.00    0.00    0.00    0.00    0.00    0.00   10.42
02:37:22 PM   46   70.83    0.00   17.71    0.00    0.00    0.00    0.00    0.00    0.00   11.46
02:37:22 PM   47   72.63    0.00   16.84    0.00    0.00    0.00    0.00    0.00    0.00   10.53
02:37:22 PM   48   72.92    0.00   16.67    0.00    0.00    0.00    0.00    0.00    0.00   10.42
02:37:22 PM   49   72.63    0.00   16.84    0.00    0.00    0.00    0.00    0.00    0.00   10.53
02:37:22 PM   50   71.13    0.00   17.53    0.00    0.00    0.00    0.00    0.00    0.00   11.34
02:37:22 PM   51   71.43    0.00   17.35    1.02    0.00    0.00    0.00    0.00    0.00   10.20
02:37:22 PM   52   71.13    0.00   17.53    0.00    0.00    0.00    0.00    0.00    0.00   11.34
02:37:22 PM   53   72.16    0.00   16.49    1.03    0.00    0.00    0.00    0.00    0.00   10.31
02:37:22 PM   54   72.63    0.00   16.84    1.05    0.00    0.00    0.00    0.00    0.00    9.47
02:37:22 PM   55   71.88    0.00   16.67    1.04    0.00    0.00    0.00    0.00    0.00   10.42
02:37:22 PM   56   71.58    0.00   17.89    0.00    0.00    0.00    0.00    0.00    0.00   10.53
02:37:22 PM   57   70.83    0.00   18.75    0.00    0.00    0.00    0.00    0.00    0.00   10.42
02:37:22 PM   58   72.92    0.00   17.71    0.00    0.00    0.00    0.00    0.00    0.00    9.38
02:37:22 PM   59   69.07    0.00   19.59    0.00    0.00    0.00    0.00    0.00    0.00   11.34
02:37:22 PM   60   74.47    0.00   15.96    0.00    0.00    0.00    0.00    0.00    0.00    9.57
02:37:22 PM   61   72.04    0.00   17.20    0.00    0.00    0.00    0.00    0.00    0.00   10.75
02:37:22 PM   62   69.89    0.00   19.35    0.00    0.00    0.00    0.00    0.00    0.00   10.75
02:37:22 PM   63   71.88    0.00   17.71    0.00    0.00    0.00    0.00    0.00    0.00   10.42
02:37:22 PM   64   70.10    0.00   17.53    1.03    0.00    0.00    0.00    0.00    0.00   11.34
02:37:22 PM   65   70.53    0.00   18.95    1.05    0.00    0.00    0.00    0.00    0.00    9.47
02:37:22 PM   66   69.79    0.00   18.75    0.00    0.00    0.00    0.00    0.00    0.00   11.46
02:37:22 PM   67   70.21    0.00   18.09    1.06    0.00    0.00    0.00    0.00    0.00   10.64
02:37:22 PM   68   70.83    0.00   17.71    1.04    0.00    0.00    0.00    0.00    0.00   10.42
02:37:22 PM   69   71.28    0.00   19.15    0.00    0.00    0.00    0.00    0.00    0.00    9.57
02:37:22 PM   70   69.15    0.00   19.15    1.06    0.00    0.00    0.00    0.00    0.00   10.64
02:37:22 PM   71   69.89    0.00   19.35    0.00    0.00    0.00    0.00    0.00    0.00   10.75
02:37:22 PM   72   69.89    0.00   19.35    0.00    0.00    0.00    0.00    0.00    0.00   10.75
02:37:22 PM   73   70.65    0.00   18.48    0.00    0.00    0.00    0.00    0.00    0.00   10.87
02:37:22 PM   74   69.89    0.00   18.28    1.08    0.00    0.00    0.00    0.00    0.00   10.75
02:37:22 PM   75   73.40    0.00   15.96    0.00    0.00    0.00    0.00    0.00    0.00   10.64
02:37:22 PM   76   70.10    0.00   19.59    1.03    0.00    0.00    0.00    0.00    0.00    9.28
02:37:22 PM   77   69.47    0.00   20.00    0.00    0.00    0.00    0.00    0.00    0.00   10.53
02:37:22 PM   78   70.65    0.00   19.57    0.00    0.00    0.00    0.00    0.00    0.00    9.78
02:37:22 PM   79   71.28    0.00   18.09    1.06    0.00    0.00    0.00    0.00    0.00    9.57

02:37:31 PM  CPU    %usr   %nice    %sys %iowait    %irq   %soft  %steal  %guest  %gnice   %idle
02:37:32 PM  all   72.85    0.00   18.69    0.12    0.00    0.00    0.00    0.00    0.00    8.34
02:37:32 PM    0   75.00    0.00   15.62    0.00    0.00    0.00    0.00    0.00    0.00    9.38
02:37:32 PM    1   74.74    0.00   16.84    0.00    0.00    0.00    0.00    0.00    0.00    8.42
02:37:32 PM    2   72.92    0.00   17.71    0.00    0.00    0.00    0.00    0.00    0.00    9.38
02:37:32 PM    3   77.08    0.00   14.58    0.00    0.00    0.00    0.00    0.00    0.00    8.33
02:37:32 PM    4   72.92    0.00   18.75    0.00    0.00    0.00    0.00    0.00    0.00    8.33
02:37:32 PM    5   74.23    0.00   17.53    0.00    0.00    0.00    0.00    0.00    0.00    8.25
02:37:32 PM    6   73.96    0.00   17.71    0.00    0.00    0.00    0.00    0.00    0.00    8.33
02:37:32 PM    7   71.13    0.00   18.56    1.03    0.00    0.00    0.00    0.00    0.00    9.28
02:37:32 PM    8   74.74    0.00   16.84    0.00    0.00    0.00    0.00    0.00    0.00    8.42
02:37:32 PM    9   73.96    0.00   17.71    0.00    0.00    0.00    0.00    0.00    0.00    8.33
02:37:32 PM   10   73.96    0.00   17.71    0.00    0.00    0.00    0.00    0.00    0.00    8.33
02:37:32 PM   11   73.96    0.00   17.71    0.00    0.00    0.00    0.00    0.00    0.00    8.33
02:37:32 PM   12   69.47    0.00   22.11    0.00    0.00    0.00    0.00    0.00    0.00    8.42
02:37:32 PM   13   73.68    0.00   17.89    0.00    0.00    0.00    0.00    0.00    0.00    8.42
02:37:32 PM   14   72.34    0.00   18.09    0.00    0.00    0.00    0.00    0.00    0.00    9.57
02:37:32 PM   15   75.00    0.00   17.71    0.00    0.00    0.00    0.00    0.00    0.00    7.29
02:37:32 PM   16   71.88    0.00   19.79    0.00    0.00    0.00    0.00    0.00    0.00    8.33
02:37:32 PM   17   74.47    0.00   18.09    0.00    0.00    0.00    0.00    0.00    0.00    7.45
02:37:32 PM   18   73.68    0.00   17.89    0.00    0.00    0.00    0.00    0.00    0.00    8.42
02:37:32 PM   19   77.08    0.00   14.58    0.00    0.00    0.00    0.00    0.00    0.00    8.33
02:37:32 PM   20   74.23    0.00   16.49    0.00    0.00    0.00    0.00    0.00    0.00    9.28
02:37:32 PM   21   71.58    0.00   20.00    0.00    0.00    0.00    0.00    0.00    0.00    8.42
02:37:32 PM   22   70.53    0.00   21.05    0.00    0.00    0.00    0.00    0.00    0.00    8.42
02:37:32 PM   23   70.97    0.00   20.43    0.00    0.00    0.00    0.00    0.00    0.00    8.60
02:37:32 PM   24   71.88    0.00   19.79    0.00    0.00    0.00    0.00    0.00    0.00    8.33
02:37:32 PM   25   73.68    0.00   18.95    0.00    0.00    0.00    0.00    0.00    0.00    7.37
02:37:32 PM   26   73.68    0.00   18.95    0.00    0.00    0.00    0.00    0.00    0.00    7.37
02:37:32 PM   27   72.34    0.00   19.15    0.00    0.00    0.00    0.00    0.00    0.00    8.51
02:37:32 PM   28   75.79    0.00   16.84    0.00    0.00    0.00    0.00    0.00    0.00    7.37
02:37:32 PM   29   72.63    0.00   20.00    0.00    0.00    0.00    0.00    0.00    0.00    7.37
02:37:32 PM   30   74.23    0.00   18.56    1.03    0.00    0.00    0.00    0.00    0.00    6.19
02:37:32 PM   31   74.47    0.00   18.09    0.00    0.00    0.00    0.00    0.00    0.00    7.45
02:37:32 PM   32   70.53    0.00   21.05    0.00    0.00    0.00    0.00    0.00    0.00    8.42
02:37:32 PM   33   75.27    0.00   16.13    0.00    0.00    0.00    0.00    0.00    0.00    8.60
02:37:32 PM   34   71.58    0.00   20.00    0.00    0.00    0.00    0.00    0.00    0.00    8.42
02:37:32 PM   35   70.53    0.00   21.05    0.00    0.00    0.00    0.00    0.00    0.00    8.42
02:37:32 PM   36   72.63    0.00   18.95    0.00    0.00    0.00    0.00    0.00    0.00    8.42
02:37:32 PM   37   72.16    0.00   18.56    1.03    0.00    0.00    0.00    0.00    0.00    8.25
02:37:32 PM   38   69.79    0.00   21.88    1.04    0.00    0.00    0.00    0.00    0.00    7.29
02:37:32 PM   39   70.83    0.00   19.79    0.00    0.00    0.00    0.00    0.00    0.00    9.38
02:37:32 PM   40   73.96    0.00   17.71    0.00    0.00    0.00    0.00    0.00    0.00    8.33
02:37:32 PM   41   71.58    0.00   20.00    0.00    0.00    0.00    0.00    0.00    0.00    8.42
02:37:32 PM   42   71.28    0.00   19.15    1.06    0.00    0.00    0.00    0.00    0.00    8.51
02:37:32 PM   43   71.88    0.00   19.79    0.00    0.00    0.00    0.00    0.00    0.00    8.33
02:37:32 PM   44   71.58    0.00   20.00    0.00    0.00    0.00    0.00    0.00    0.00    8.42
02:37:32 PM   45   70.83    0.00   20.83    0.00    0.00    0.00    0.00    0.00    0.00    8.33
02:37:32 PM   46   73.47    0.00   17.35    0.00    0.00    0.00    0.00    0.00    0.00    9.18
02:37:32 PM   47   72.34    0.00   20.21    0.00    0.00    0.00    0.00    0.00    0.00    7.45
02:37:32 PM   48   76.29    0.00   14.43    0.00    0.00    0.00    0.00    0.00    0.00    9.28
02:37:32 PM   49   71.88    0.00   19.79    0.00    0.00    0.00    0.00    0.00    0.00    8.33
02:37:32 PM   50   73.12    0.00   18.28    0.00    0.00    0.00    0.00    0.00    0.00    8.60
02:37:32 PM   51   75.00    0.00   15.62    1.04    0.00    0.00    0.00    0.00    0.00    8.33
02:37:32 PM   52   72.63    0.00   18.95    0.00    0.00    0.00    0.00    0.00    0.00    8.42
02:37:32 PM   53   71.43    0.00   18.37    1.02    0.00    0.00    0.00    0.00    0.00    9.18
02:37:32 PM   54   71.88    0.00   18.75    0.00    0.00    0.00    0.00    0.00    0.00    9.38
02:37:32 PM   55   72.45    0.00   19.39    0.00    0.00    0.00    0.00    0.00    0.00    8.16
02:37:32 PM   56   75.00    0.00   16.67    0.00    0.00    0.00    0.00    0.00    0.00    8.33
02:37:32 PM   57   72.34    0.00   19.15    0.00    0.00    0.00    0.00    0.00    0.00    8.51
02:37:32 PM   58   74.74    0.00   16.84    0.00    0.00    0.00    0.00    0.00    0.00    8.42
02:37:32 PM   59   72.63    0.00   18.95    0.00    0.00    0.00    0.00    0.00    0.00    8.42
02:37:32 PM   60   72.92    0.00   18.75    0.00    0.00    0.00    0.00    0.00    0.00    8.33
02:37:32 PM   61   70.21    0.00   20.21    0.00    0.00    0.00    0.00    0.00    0.00    9.57
02:37:32 PM   62   73.68    0.00   17.89    0.00    0.00    0.00    0.00    0.00    0.00    8.42
02:37:32 PM   63   71.58    0.00   18.95    1.05    0.00    0.00    0.00    0.00    0.00    8.42
02:37:32 PM   64   70.53    0.00   22.11    0.00    0.00    0.00    0.00    0.00    0.00    7.37
02:37:32 PM   65   72.34    0.00   19.15    0.00    0.00    0.00    0.00    0.00    0.00    8.51
02:37:32 PM   66   75.79    0.00   16.84    0.00    0.00    0.00    0.00    0.00    0.00    7.37
02:37:32 PM   67   73.40    0.00   18.09    0.00    0.00    0.00    0.00    0.00    0.00    8.51
02:37:32 PM   68   72.92    0.00   19.79    1.04    0.00    0.00    0.00    0.00    0.00    6.25
02:37:32 PM   69   73.40    0.00   18.09    0.00    0.00    0.00    0.00    0.00    0.00    8.51
02:37:32 PM   70   72.63    0.00   18.95    0.00    0.00    0.00    0.00    0.00    0.00    8.42
02:37:32 PM   71   70.53    0.00   21.05    0.00    0.00    0.00    0.00    0.00    0.00    8.42
02:37:32 PM   72   71.58    0.00   20.00    0.00    0.00    0.00    0.00    0.00    0.00    8.42
02:37:32 PM   73   72.16    0.00   19.59    0.00    0.00    0.00    0.00    0.00    0.00    8.25
02:37:32 PM   74   73.12    0.00   18.28    0.00    0.00    0.00    0.00    0.00    0.00    8.60
02:37:32 PM   75   70.21    0.00   21.28    0.00    0.00    0.00    0.00    0.00    0.00    8.51
02:37:32 PM   76   70.83    0.00   20.83    0.00    0.00    0.00    0.00    0.00    0.00    8.33
02:37:32 PM   77   72.16    0.00   19.59    0.00    0.00    0.00    0.00    0.00    0.00    8.25
02:37:32 PM   78   73.68    0.00   17.89    0.00    0.00    0.00    0.00    0.00    0.00    8.42
02:37:32 PM   79   72.63    0.00   18.95    0.00    0.00    0.00    0.00    0.00    0.00    8.42

02:37:41 PM  CPU    %usr   %nice    %sys %iowait    %irq   %soft  %steal  %guest  %gnice   %idle
02:37:42 PM  all   72.49    0.00   18.37    0.24    0.00    0.00    0.00    0.00    0.00    8.90
02:37:42 PM    0   70.83    0.00   19.79    0.00    0.00    0.00    0.00    0.00    0.00    9.38
02:37:42 PM    1   72.92    0.00   17.71    0.00    0.00    0.00    0.00    0.00    0.00    9.38
02:37:42 PM    2   72.04    0.00   18.28    0.00    0.00    0.00    0.00    0.00    0.00    9.68
02:37:42 PM    3   75.53    0.00   14.89    0.00    0.00    0.00    0.00    0.00    0.00    9.57
02:37:42 PM    4   71.88    0.00   18.75    0.00    0.00    0.00    0.00    0.00    0.00    9.38
02:37:42 PM    5   72.92    0.00   17.71    0.00    0.00    0.00    0.00    0.00    0.00    9.38
02:37:42 PM    6   72.04    0.00   18.28    0.00    0.00    0.00    0.00    0.00    0.00    9.68
02:37:42 PM    7   73.68    0.00   16.84    0.00    0.00    0.00    0.00    0.00    0.00    9.47
02:37:42 PM    8   72.63    0.00   17.89    0.00    0.00    0.00    0.00    0.00    0.00    9.47
02:37:42 PM    9   74.74    0.00   15.79    0.00    0.00    0.00    0.00    0.00    0.00    9.47
02:37:42 PM   10   73.20    0.00   17.53    0.00    0.00    0.00    0.00    0.00    0.00    9.28
02:37:42 PM   11   73.68    0.00   16.84    0.00    0.00    0.00    0.00    0.00    0.00    9.47
02:37:42 PM   12   72.34    0.00   18.09    1.06    0.00    0.00    0.00    0.00    0.00    8.51
02:37:42 PM   13   71.88    0.00   18.75    0.00    0.00    0.00    0.00    0.00    0.00    9.38
02:37:42 PM   14   75.53    0.00   15.96    0.00    0.00    0.00    0.00    0.00    0.00    8.51
02:37:42 PM   15   71.88    0.00   18.75    0.00    0.00    0.00    0.00    0.00    0.00    9.38
02:37:42 PM   16   72.63    0.00   17.89    0.00    0.00    0.00    0.00    0.00    0.00    9.47
02:37:42 PM   17   72.63    0.00   17.89    0.00    0.00    0.00    0.00    0.00    0.00    9.47
02:37:42 PM   18   72.63    0.00   17.89    0.00    0.00    0.00    0.00    0.00    0.00    9.47
02:37:42 PM   19   72.63    0.00   17.89    0.00    0.00    0.00    0.00    0.00    0.00    9.47
02:37:42 PM   20   71.88    0.00   18.75    2.08    0.00    0.00    0.00    0.00    0.00    7.29
02:37:42 PM   21   72.04    0.00   19.35    1.08    0.00    0.00    0.00    0.00    0.00    7.53
02:37:42 PM   22   76.60    0.00   15.96    1.06    0.00    0.00    0.00    0.00    0.00    6.38
02:37:42 PM   23   72.34    0.00   19.15    0.00    0.00    0.00    0.00    0.00    0.00    8.51
02:37:42 PM   24   70.53    0.00   20.00    0.00    0.00    0.00    0.00    0.00    0.00    9.47
02:37:42 PM   25   75.79    0.00   15.79    0.00    0.00    0.00    0.00    0.00    0.00    8.42
02:37:42 PM   26   69.15    0.00   21.28    0.00    0.00    0.00    0.00    0.00    0.00    9.57
02:37:42 PM   27   71.28    0.00   19.15    0.00    0.00    0.00    0.00    0.00    0.00    9.57
02:37:42 PM   28   70.97    0.00   19.35    0.00    0.00    0.00    0.00    0.00    0.00    9.68
02:37:42 PM   29   74.74    0.00   17.89    0.00    0.00    0.00    0.00    0.00    0.00    7.37
02:37:42 PM   30   71.88    0.00   17.71    1.04    0.00    0.00    0.00    0.00    0.00    9.38
02:37:42 PM   31   73.12    0.00   18.28    0.00    0.00    0.00    0.00    0.00    0.00    8.60
02:37:42 PM   32   71.13    0.00   19.59    0.00    0.00    0.00    0.00    0.00    0.00    9.28
02:37:42 PM   33   69.47    0.00   21.05    0.00    0.00    0.00    0.00    0.00    0.00    9.47
02:37:42 PM   34   71.28    0.00   19.15    1.06    0.00    0.00    0.00    0.00    0.00    8.51
02:37:42 PM   35   71.58    0.00   20.00    0.00    0.00    0.00    0.00    0.00    0.00    8.42
02:37:42 PM   36   71.28    0.00   20.21    1.06    0.00    0.00    0.00    0.00    0.00    7.45
02:37:42 PM   37   72.34    0.00   19.15    0.00    0.00    0.00    0.00    0.00    0.00    8.51
02:37:42 PM   38   72.92    0.00   17.71    1.04    0.00    0.00    0.00    0.00    0.00    8.33
02:37:42 PM   39   73.12    0.00   18.28    0.00    0.00    0.00    0.00    0.00    0.00    8.60
02:37:42 PM   40   72.34    0.00   18.09    0.00    0.00    0.00    0.00    0.00    0.00    9.57
02:37:42 PM   41   73.96    0.00   16.67    0.00    0.00    0.00    0.00    0.00    0.00    9.38
02:37:42 PM   42   73.96    0.00   16.67    0.00    0.00    0.00    0.00    0.00    0.00    9.38
02:37:42 PM   43   75.79    0.00   13.68    1.05    0.00    0.00    0.00    0.00    0.00    9.47
02:37:42 PM   44   72.34    0.00   17.02    0.00    0.00    0.00    0.00    0.00    0.00   10.64
02:37:42 PM   45   72.63    0.00   17.89    0.00    0.00    0.00    0.00    0.00    0.00    9.47
02:37:42 PM   46   72.63    0.00   17.89    0.00    0.00    0.00    0.00    0.00    0.00    9.47
02:37:42 PM   47   72.63    0.00   17.89    0.00    0.00    0.00    0.00    0.00    0.00    9.47
02:37:42 PM   48   70.83    0.00   19.79    0.00    0.00    0.00    0.00    0.00    0.00    9.38
02:37:42 PM   49   74.47    0.00   15.96    0.00    0.00    0.00    0.00    0.00    0.00    9.57
02:37:42 PM   50   75.27    0.00   16.13    0.00    0.00    0.00    0.00    0.00    0.00    8.60
02:37:42 PM   51   73.40    0.00   17.02    0.00    0.00    0.00    0.00    0.00    0.00    9.57
02:37:42 PM   52   71.58    0.00   18.95    0.00    0.00    0.00    0.00    0.00    0.00    9.47
02:37:42 PM   53   72.63    0.00   17.89    0.00    0.00    0.00    0.00    0.00    0.00    9.47
02:37:42 PM   54   71.58    0.00   18.95    0.00    0.00    0.00    0.00    0.00    0.00    9.47
02:37:42 PM   55   70.53    0.00   20.00    0.00    0.00    0.00    0.00    0.00    0.00    9.47
02:37:42 PM   56   72.92    0.00   17.71    0.00    0.00    0.00    0.00    0.00    0.00    9.38
02:37:42 PM   57   72.34    0.00   18.09    0.00    0.00    0.00    0.00    0.00    0.00    9.57
02:37:42 PM   58   73.68    0.00   16.84    0.00    0.00    0.00    0.00    0.00    0.00    9.47
02:37:42 PM   59   72.04    0.00   18.28    0.00    0.00    0.00    0.00    0.00    0.00    9.68
02:37:42 PM   60   75.27    0.00   17.20    1.08    0.00    0.00    0.00    0.00    0.00    6.45
02:37:42 PM   61   71.58    0.00   18.95    0.00    0.00    0.00    0.00    0.00    0.00    9.47
02:37:42 PM   62   72.04    0.00   19.35    0.00    0.00    0.00    0.00    0.00    0.00    8.60
02:37:42 PM   63   69.79    0.00   19.79    1.04    0.00    0.00    0.00    0.00    0.00    9.38
02:37:42 PM   64   73.40    0.00   18.09    0.00    0.00    0.00    0.00    0.00    0.00    8.51
02:37:42 PM   65   70.21    0.00   21.28    0.00    0.00    0.00    0.00    0.00    0.00    8.51
02:37:42 PM   66   69.47    0.00   22.11    0.00    0.00    0.00    0.00    0.00    0.00    8.42
02:37:42 PM   67   68.42    0.00   22.11    1.05    0.00    0.00    0.00    0.00    0.00    8.42
02:37:42 PM   68   76.53    0.00   19.39    0.00    0.00    0.00    0.00    0.00    0.00    4.08
02:37:42 PM   69   75.00    0.00   15.62    1.04    0.00    0.00    0.00    0.00    0.00    8.33
02:37:42 PM   70   74.74    0.00   16.84    1.05    0.00    0.00    0.00    0.00    0.00    7.37
02:37:42 PM   71   70.53    0.00   21.05    0.00    0.00    0.00    0.00    0.00    0.00    8.42
02:37:42 PM   72   74.19    0.00   17.20    0.00    0.00    0.00    0.00    0.00    0.00    8.60
02:37:42 PM   73   71.74    0.00   20.65    0.00    0.00    0.00    0.00    0.00    0.00    7.61
02:37:42 PM   74   70.83    0.00   19.79    1.04    0.00    0.00    0.00    0.00    0.00    8.33
02:37:42 PM   75   72.92    0.00   18.75    0.00    0.00    0.00    0.00    0.00    0.00    8.33
02:37:42 PM   76   70.21    0.00   19.15    1.06    0.00    0.00    0.00    0.00    0.00    9.57
02:37:42 PM   77   72.34    0.00   19.15    0.00    0.00    0.00    0.00    0.00    0.00    8.51
02:37:42 PM   78   71.88    0.00   18.75    0.00    0.00    0.00    0.00    0.00    0.00    9.38
02:37:42 PM   79   68.75    0.00   21.88    1.04    0.00    0.00    0.00    0.00    0.00    8.33

02:37:51 PM  CPU    %usr   %nice    %sys %iowait    %irq   %soft  %steal  %guest  %gnice   %idle
02:37:52 PM  all   71.40    0.00   18.55    0.28    0.00    0.00    0.00    0.00    0.00    9.77
02:37:52 PM    0   73.96    0.00   15.62    0.00    0.00    0.00    0.00    0.00    0.00   10.42
02:37:52 PM    1   71.88    0.00   17.71    0.00    0.00    0.00    0.00    0.00    0.00   10.42
02:37:52 PM    2   72.63    0.00   17.89    0.00    0.00    0.00    0.00    0.00    0.00    9.47
02:37:52 PM    3   68.75    0.00   20.83    0.00    0.00    0.00    0.00    0.00    0.00   10.42
02:37:52 PM    4   72.34    0.00   18.09    0.00    0.00    0.00    0.00    0.00    0.00    9.57
02:37:52 PM    5   70.97    0.00   19.35    0.00    0.00    0.00    0.00    0.00    0.00    9.68
02:37:52 PM    6   71.28    0.00   18.09    0.00    0.00    0.00    0.00    0.00    0.00   10.64
02:37:52 PM    7   74.23    0.00   14.43    1.03    0.00    0.00    0.00    0.00    0.00   10.31
02:37:52 PM    8   72.63    0.00   16.84    0.00    0.00    0.00    0.00    0.00    0.00   10.53
02:37:52 PM    9   71.58    0.00   17.89    0.00    0.00    0.00    0.00    0.00    0.00   10.53
02:37:52 PM   10   72.92    0.00   17.71    0.00    0.00    0.00    0.00    0.00    0.00    9.38
02:37:52 PM   11   71.88    0.00   18.75    0.00    0.00    0.00    0.00    0.00    0.00    9.38
02:37:52 PM   12   73.40    0.00   17.02    0.00    0.00    0.00    0.00    0.00    0.00    9.57
02:37:52 PM   13   71.13    0.00   17.53    1.03    0.00    0.00    0.00    0.00    0.00   10.31
02:37:52 PM   14   70.53    0.00   18.95    0.00    0.00    0.00    0.00    0.00    0.00   10.53
02:37:52 PM   15   70.10    0.00   19.59    0.00    0.00    0.00    0.00    0.00    0.00   10.31
02:37:52 PM   16   70.53    0.00   17.89    1.05    0.00    0.00    0.00    0.00    0.00   10.53
02:37:52 PM   17   70.83    0.00   19.79    0.00    0.00    0.00    0.00    0.00    0.00    9.38
02:37:52 PM   18   70.83    0.00   18.75    0.00    0.00    0.00    0.00    0.00    0.00   10.42
02:37:52 PM   19   75.00    0.00   14.58    0.00    0.00    0.00    0.00    0.00    0.00   10.42
02:37:52 PM   20   70.53    0.00   20.00    0.00    0.00    0.00    0.00    0.00    0.00    9.47
02:37:52 PM   21   71.58    0.00   18.95    0.00    0.00    0.00    0.00    0.00    0.00    9.47
02:37:52 PM   22   70.21    0.00   19.15    0.00    0.00    0.00    0.00    0.00    0.00   10.64
02:37:52 PM   23   71.28    0.00   19.15    0.00    0.00    0.00    0.00    0.00    0.00    9.57
02:37:52 PM   24   70.53    0.00   21.05    0.00    0.00    0.00    0.00    0.00    0.00    8.42
02:37:52 PM   25   72.34    0.00   19.15    0.00    0.00    0.00    0.00    0.00    0.00    8.51
02:37:52 PM   26   71.58    0.00   18.95    0.00    0.00    0.00    0.00    0.00    0.00    9.47
02:37:52 PM   27   70.21    0.00   20.21    0.00    0.00    0.00    0.00    0.00    0.00    9.57
02:37:52 PM   28   71.58    0.00   18.95    0.00    0.00    0.00    0.00    0.00    0.00    9.47
02:37:52 PM   29   70.53    0.00   20.00    0.00    0.00    0.00    0.00    0.00    0.00    9.47
02:37:52 PM   30   69.47    0.00   18.95    1.05    0.00    0.00    0.00    0.00    0.00   10.53
02:37:52 PM   31   67.37    0.00   22.11    1.05    0.00    0.00    0.00    0.00    0.00    9.47
02:37:52 PM   32   68.75    0.00   19.79    1.04    0.00    0.00    0.00    0.00    0.00   10.42
02:37:52 PM   33   72.04    0.00   18.28    0.00    0.00    0.00    0.00    0.00    0.00    9.68
02:37:52 PM   34   70.21    0.00   19.15    0.00    0.00    0.00    0.00    0.00    0.00   10.64
02:37:52 PM   35   72.34    0.00   19.15    0.00    0.00    0.00    0.00    0.00    0.00    8.51
02:37:52 PM   36   71.88    0.00   18.75    0.00    0.00    0.00    0.00    0.00    0.00    9.38
02:37:52 PM   37   71.13    0.00   18.56    1.03    0.00    0.00    0.00    0.00    0.00    9.28
02:37:52 PM   38   72.34    0.00   19.15    1.06    0.00    0.00    0.00    0.00    0.00    7.45
02:37:52 PM   39   70.53    0.00   17.89    1.05    0.00    0.00    0.00    0.00    0.00   10.53
02:37:52 PM   40   71.28    0.00   18.09    0.00    0.00    0.00    0.00    0.00    0.00   10.64
02:37:52 PM   41   71.13    0.00   18.56    1.03    0.00    0.00    0.00    0.00    0.00    9.28
02:37:52 PM   42   72.63    0.00   16.84    1.05    0.00    0.00    0.00    0.00    0.00    9.47
02:37:52 PM   43   73.20    0.00   16.49    0.00    0.00    0.00    0.00    0.00    0.00   10.31
02:37:52 PM   44   70.83    0.00   18.75    0.00    0.00    0.00    0.00    0.00    0.00   10.42
02:37:52 PM   45   71.58    0.00   17.89    1.05    0.00    0.00    0.00    0.00    0.00    9.47
02:37:52 PM   46   72.34    0.00   18.09    0.00    0.00    0.00    0.00    0.00    0.00    9.57
02:37:52 PM   47   71.88    0.00   17.71    0.00    0.00    0.00    0.00    0.00    0.00   10.42
02:37:52 PM   48   71.58    0.00   16.84    0.00    0.00    0.00    0.00    0.00    0.00   11.58
02:37:52 PM   49   71.58    0.00   17.89    0.00    0.00    0.00    0.00    0.00    0.00   10.53
02:37:52 PM   50   71.58    0.00   18.95    0.00    0.00    0.00    0.00    0.00    0.00    9.47
02:37:52 PM   51   73.40    0.00   15.96    0.00    0.00    0.00    0.00    0.00    0.00   10.64
02:37:52 PM   52   73.96    0.00   16.67    0.00    0.00    0.00    0.00    0.00    0.00    9.38
02:37:52 PM   53   72.92    0.00   17.71    0.00    0.00    0.00    0.00    0.00    0.00    9.38
02:37:52 PM   54   71.58    0.00   17.89    0.00    0.00    0.00    0.00    0.00    0.00   10.53
02:37:52 PM   55   71.88    0.00   18.75    0.00    0.00    0.00    0.00    0.00    0.00    9.38
02:37:52 PM   56   70.83    0.00   18.75    0.00    0.00    0.00    0.00    0.00    0.00   10.42
02:37:52 PM   57   71.13    0.00   17.53    0.00    0.00    0.00    0.00    0.00    0.00   11.34
02:37:52 PM   58   72.63    0.00   15.79    1.05    0.00    0.00    0.00    0.00    0.00   10.53
02:37:52 PM   59   71.28    0.00   18.09    0.00    0.00    0.00    0.00    0.00    0.00   10.64
02:37:52 PM   60   72.34    0.00   18.09    1.06    0.00    0.00    0.00    0.00    0.00    8.51
02:37:52 PM   61   70.83    0.00   18.75    1.04    0.00    0.00    0.00    0.00    0.00    9.38
02:37:52 PM   62   70.53    0.00   18.95    0.00    0.00    0.00    0.00    0.00    0.00   10.53
02:37:52 PM   63   68.09    0.00   20.21    1.06    0.00    0.00    0.00    0.00    0.00   10.64
02:37:52 PM   64   72.63    0.00   18.95    0.00    0.00    0.00    0.00    0.00    0.00    8.42
02:37:52 PM   65   72.04    0.00   18.28    0.00    0.00    0.00    0.00    0.00    0.00    9.68
02:37:52 PM   66   69.47    0.00   20.00    0.00    0.00    0.00    0.00    0.00    0.00   10.53
02:37:52 PM   67   69.47    0.00   21.05    0.00    0.00    0.00    0.00    0.00    0.00    9.47
02:37:52 PM   68   72.63    0.00   16.84    1.05    0.00    0.00    0.00    0.00    0.00    9.47
02:37:52 PM   69   70.97    0.00   19.35    0.00    0.00    0.00    0.00    0.00    0.00    9.68
02:37:52 PM   70   71.58    0.00   20.00    0.00    0.00    0.00    0.00    0.00    0.00    8.42
02:37:52 PM   71   74.19    0.00   18.28    0.00    0.00    0.00    0.00    0.00    0.00    7.53
02:37:52 PM   72   69.15    0.00   21.28    1.06    0.00    0.00    0.00    0.00    0.00    8.51
02:37:52 PM   73   69.79    0.00   19.79    0.00    0.00    0.00    0.00    0.00    0.00   10.42
02:37:52 PM   74   72.34    0.00   19.15    0.00    0.00    0.00    0.00    0.00    0.00    8.51
02:37:52 PM   75   69.07    0.00   19.59    2.06    0.00    0.00    0.00    0.00    0.00    9.28
02:37:52 PM   76   70.53    0.00   17.89    1.05    0.00    0.00    0.00    0.00    0.00   10.53
02:37:52 PM   77   72.63    0.00   18.95    0.00    0.00    0.00    0.00    0.00    0.00    8.42
02:37:52 PM   78   70.53    0.00   20.00    0.00    0.00    0.00    0.00    0.00    0.00    9.47
02:37:52 PM   79   70.21    0.00   21.28    0.00    0.00    0.00    0.00    0.00    0.00    8.51

02:38:01 PM  CPU    %usr   %nice    %sys %iowait    %irq   %soft  %steal  %guest  %gnice   %idle
02:38:02 PM  all   72.90    0.00   19.07    0.12    0.00    0.00    0.00    0.00    0.00    7.91
02:38:02 PM    0   72.92    0.00   19.79    0.00    0.00    0.00    0.00    0.00    0.00    7.29
02:38:02 PM    1   75.00    0.00   17.71    0.00    0.00    0.00    0.00    0.00    0.00    7.29
02:38:02 PM    2   72.63    0.00   18.95    0.00    0.00    0.00    0.00    0.00    0.00    8.42
02:38:02 PM    3   72.92    0.00   18.75    0.00    0.00    0.00    0.00    0.00    0.00    8.33
02:38:02 PM    4   72.63    0.00   18.95    0.00    0.00    0.00    0.00    0.00    0.00    8.42
02:38:02 PM    5   75.53    0.00   15.96    0.00    0.00    0.00    0.00    0.00    0.00    8.51
02:38:02 PM    6   73.68    0.00   17.89    0.00    0.00    0.00    0.00    0.00    0.00    8.42
02:38:02 PM    7   76.04    0.00   16.67    0.00    0.00    0.00    0.00    0.00    0.00    7.29
02:38:02 PM    8   74.47    0.00   18.09    0.00    0.00    0.00    0.00    0.00    0.00    7.45
02:38:02 PM    9   71.58    0.00   20.00    0.00    0.00    0.00    0.00    0.00    0.00    8.42
02:38:02 PM   10   72.63    0.00   20.00    0.00    0.00    0.00    0.00    0.00    0.00    7.37
02:38:02 PM   11   73.96    0.00   17.71    0.00    0.00    0.00    0.00    0.00    0.00    8.33
02:38:02 PM   12   72.92    0.00   18.75    0.00    0.00    0.00    0.00    0.00    0.00    8.33
02:38:02 PM   13   71.28    0.00   20.21    0.00    0.00    0.00    0.00    0.00    0.00    8.51
02:38:02 PM   14   74.47    0.00   18.09    0.00    0.00    0.00    0.00    0.00    0.00    7.45
02:38:02 PM   15   72.92    0.00   19.79    0.00    0.00    0.00    0.00    0.00    0.00    7.29
02:38:02 PM   16   73.12    0.00   18.28    0.00    0.00    0.00    0.00    0.00    0.00    8.60
02:38:02 PM   17   73.68    0.00   18.95    0.00    0.00    0.00    0.00    0.00    0.00    7.37
02:38:02 PM   18   73.20    0.00   19.59    0.00    0.00    0.00    0.00    0.00    0.00    7.22
02:38:02 PM   19   71.58    0.00   21.05    0.00    0.00    0.00    0.00    0.00    0.00    7.37
02:38:02 PM   20   76.34    0.00   16.13    0.00    0.00    0.00    0.00    0.00    0.00    7.53
02:38:02 PM   21   72.34    0.00   19.15    0.00    0.00    0.00    0.00    0.00    0.00    8.51
02:38:02 PM   22   73.40    0.00   19.15    0.00    0.00    0.00    0.00    0.00    0.00    7.45
02:38:02 PM   23   72.34    0.00   20.21    0.00    0.00    0.00    0.00    0.00    0.00    7.45
02:38:02 PM   24   71.28    0.00   20.21    0.00    0.00    0.00    0.00    0.00    0.00    8.51
02:38:02 PM   25   72.16    0.00   19.59    0.00    0.00    0.00    0.00    0.00    0.00    8.25
02:38:02 PM   26   71.88    0.00   19.79    0.00    0.00    0.00    0.00    0.00    0.00    8.33
02:38:02 PM   27   69.79    0.00   20.83    1.04    0.00    0.00    0.00    0.00    0.00    8.33
02:38:02 PM   28   70.53    0.00   21.05    0.00    0.00    0.00    0.00    0.00    0.00    8.42
02:38:02 PM   29   71.28    0.00   20.21    0.00    0.00    0.00    0.00    0.00    0.00    8.51
02:38:02 PM   30   71.88    0.00   19.79    0.00    0.00    0.00    0.00    0.00    0.00    8.33
02:38:02 PM   31   78.12    0.00   17.71    0.00    0.00    0.00    0.00    0.00    0.00    4.17
02:38:02 PM   32   73.12    0.00   18.28    1.08    0.00    0.00    0.00    0.00    0.00    7.53
02:38:02 PM   33   72.34    0.00   19.15    0.00    0.00    0.00    0.00    0.00    0.00    8.51
02:38:02 PM   34   73.68    0.00   17.89    0.00    0.00    0.00    0.00    0.00    0.00    8.42
02:38:02 PM   35   70.83    0.00   20.83    0.00    0.00    0.00    0.00    0.00    0.00    8.33
02:38:02 PM   36   72.04    0.00   19.35    0.00    0.00    0.00    0.00    0.00    0.00    8.60
02:38:02 PM   37   70.53    0.00   20.00    0.00    0.00    0.00    0.00    0.00    0.00    9.47
02:38:02 PM   38   72.92    0.00   18.75    1.04    0.00    0.00    0.00    0.00    0.00    7.29
02:38:02 PM   39   70.53    0.00   21.05    0.00    0.00    0.00    0.00    0.00    0.00    8.42
02:38:02 PM   40   75.79    0.00   16.84    0.00    0.00    0.00    0.00    0.00    0.00    7.37
02:38:02 PM   41   74.74    0.00   16.84    0.00    0.00    0.00    0.00    0.00    0.00    8.42
02:38:02 PM   42   72.45    0.00   19.39    0.00    0.00    0.00    0.00    0.00    0.00    8.16
02:38:02 PM   43   73.68    0.00   17.89    0.00    0.00    0.00    0.00    0.00    0.00    8.42
02:38:02 PM   44   73.68    0.00   18.95    0.00    0.00    0.00    0.00    0.00    0.00    7.37
02:38:02 PM   45   73.20    0.00   18.56    0.00    0.00    0.00    0.00    0.00    0.00    8.25
02:38:02 PM   46   72.92    0.00   19.79    0.00    0.00    0.00    0.00    0.00    0.00    7.29
02:38:02 PM   47   73.40    0.00   18.09    0.00    0.00    0.00    0.00    0.00    0.00    8.51
02:38:02 PM   48   76.04    0.00   16.67    0.00    0.00    0.00    0.00    0.00    0.00    7.29
02:38:02 PM   49   75.79    0.00   16.84    0.00    0.00    0.00    0.00    0.00    0.00    7.37
02:38:02 PM   50   75.00    0.00   17.71    0.00    0.00    0.00    0.00    0.00    0.00    7.29
02:38:02 PM   51   75.79    0.00   16.84    0.00    0.00    0.00    0.00    0.00    0.00    7.37
02:38:02 PM   52   72.92    0.00   19.79    0.00    0.00    0.00    0.00    0.00    0.00    7.29
02:38:02 PM   53   72.16    0.00   19.59    0.00    0.00    0.00    0.00    0.00    0.00    8.25
02:38:02 PM   54   74.47    0.00   17.02    0.00    0.00    0.00    0.00    0.00    0.00    8.51
02:38:02 PM   55   73.68    0.00   17.89    0.00    0.00    0.00    0.00    0.00    0.00    8.42
02:38:02 PM   56   75.27    0.00   17.20    0.00    0.00    0.00    0.00    0.00    0.00    7.53
02:38:02 PM   57   72.63    0.00   18.95    0.00    0.00    0.00    0.00    0.00    0.00    8.42
02:38:02 PM   58   73.96    0.00   18.75    0.00    0.00    0.00    0.00    0.00    0.00    7.29
02:38:02 PM   59   72.92    0.00   18.75    0.00    0.00    0.00    0.00    0.00    0.00    8.33
02:38:02 PM   60   71.88    0.00   19.79    1.04    0.00    0.00    0.00    0.00    0.00    7.29
02:38:02 PM   61   71.28    0.00   20.21    1.06    0.00    0.00    0.00    0.00    0.00    7.45
02:38:02 PM   62   71.88    0.00   19.79    0.00    0.00    0.00    0.00    0.00    0.00    8.33
02:38:02 PM   63   70.97    0.00   20.43    0.00    0.00    0.00    0.00    0.00    0.00    8.60
02:38:02 PM   64   75.27    0.00   17.20    0.00    0.00    0.00    0.00    0.00    0.00    7.53
02:38:02 PM   65   71.88    0.00   20.83    1.04    0.00    0.00    0.00    0.00    0.00    6.25
02:38:02 PM   66   72.34    0.00   19.15    0.00    0.00    0.00    0.00    0.00    0.00    8.51
02:38:02 PM   67   73.40    0.00   19.15    0.00    0.00    0.00    0.00    0.00    0.00    7.45
02:38:02 PM   68   73.40    0.00   18.09    0.00    0.00    0.00    0.00    0.00    0.00    8.51
02:38:02 PM   69   69.79    0.00   21.88    1.04    0.00    0.00    0.00    0.00    0.00    7.29
02:38:02 PM   70   72.04    0.00   19.35    0.00    0.00    0.00    0.00    0.00    0.00    8.60
02:38:02 PM   71   71.28    0.00   19.15    0.00    0.00    0.00    0.00    0.00    0.00    9.57
02:38:02 PM   72   73.40    0.00   19.15    0.00    0.00    0.00    0.00    0.00    0.00    7.45
02:38:02 PM   73   71.58    0.00   20.00    1.05    0.00    0.00    0.00    0.00    0.00    7.37
02:38:02 PM   74   70.53    0.00   21.05    0.00    0.00    0.00    0.00    0.00    0.00    8.42
02:38:02 PM   75   70.97    0.00   20.43    0.00    0.00    0.00    0.00    0.00    0.00    8.60
02:38:02 PM   76   72.34    0.00   20.21    0.00    0.00    0.00    0.00    0.00    0.00    7.45
02:38:02 PM   77   70.21    0.00   21.28    0.00    0.00    0.00    0.00    0.00    0.00    8.51
02:38:02 PM   78   69.47    0.00   22.11    0.00    0.00    0.00    0.00    0.00    0.00    8.42
02:38:02 PM   79   73.40    0.00   19.15    1.06    0.00    0.00    0.00    0.00    0.00    6.38

02:38:11 PM  CPU    %usr   %nice    %sys %iowait    %irq   %soft  %steal  %guest  %gnice   %idle
02:38:12 PM  all   72.69    0.00   18.34    0.13    0.00    0.00    0.00    0.00    0.00    8.83
02:38:12 PM    0   72.16    0.00   19.59    0.00    0.00    0.00    0.00    0.00    0.00    8.25
02:38:12 PM    1   73.47    0.00   17.35    0.00    0.00    0.00    0.00    0.00    0.00    9.18
02:38:12 PM    2   72.92    0.00   17.71    0.00    0.00    0.00    0.00    0.00    0.00    9.38
02:38:12 PM    3   73.96    0.00   16.67    0.00    0.00    0.00    0.00    0.00    0.00    9.38
02:38:12 PM    4   74.19    0.00   17.20    0.00    0.00    0.00    0.00    0.00    0.00    8.60
02:38:12 PM    5   73.96    0.00   17.71    0.00    0.00    0.00    0.00    0.00    0.00    8.33
02:38:12 PM    6   72.63    0.00   17.89    0.00    0.00    0.00    0.00    0.00    0.00    9.47
02:38:12 PM    7   72.63    0.00   16.84    0.00    0.00    0.00    0.00    0.00    0.00   10.53
02:38:12 PM    8   74.74    0.00   15.79    0.00    0.00    0.00    0.00    0.00    0.00    9.47
02:38:12 PM    9   71.88    0.00   18.75    0.00    0.00    0.00    0.00    0.00    0.00    9.38
02:38:12 PM   10   73.68    0.00   16.84    0.00    0.00    0.00    0.00    0.00    0.00    9.47
02:38:12 PM   11   74.47    0.00   17.02    0.00    0.00    0.00    0.00    0.00    0.00    8.51
02:38:12 PM   12   74.74    0.00   16.84    0.00    0.00    0.00    0.00    0.00    0.00    8.42
02:38:12 PM   13   71.88    0.00   18.75    1.04    0.00    0.00    0.00    0.00    0.00    8.33
02:38:12 PM   14   71.88    0.00   18.75    0.00    0.00    0.00    0.00    0.00    0.00    9.38
02:38:12 PM   15   72.16    0.00   18.56    0.00    0.00    0.00    0.00    0.00    0.00    9.28
02:38:12 PM   16   72.34    0.00   19.15    0.00    0.00    0.00    0.00    0.00    0.00    8.51
02:38:12 PM   17   72.34    0.00   18.09    0.00    0.00    0.00    0.00    0.00    0.00    9.57
02:38:12 PM   18   72.92    0.00   17.71    0.00    0.00    0.00    0.00    0.00    0.00    9.38
02:38:12 PM   19   74.74    0.00   15.79    1.05    0.00    0.00    0.00    0.00    0.00    8.42
02:38:12 PM   20   73.68    0.00   17.89    0.00    0.00    0.00    0.00    0.00    0.00    8.42
02:38:12 PM   21   74.19    0.00   17.20    1.08    0.00    0.00    0.00    0.00    0.00    7.53
02:38:12 PM   22   75.00    0.00   20.83    0.00    0.00    0.00    0.00    0.00    0.00    4.17
02:38:12 PM   23   72.83    0.00   19.57    0.00    0.00    0.00    0.00    0.00    0.00    7.61
02:38:12 PM   24   71.28    0.00   20.21    1.06    0.00    0.00    0.00    0.00    0.00    7.45
02:38:12 PM   25   72.34    0.00   19.15    0.00    0.00    0.00    0.00    0.00    0.00    8.51
02:38:12 PM   26   72.04    0.00   20.43    0.00    0.00    0.00    0.00    0.00    0.00    7.53
02:38:12 PM   27   71.28    0.00   20.21    0.00    0.00    0.00    0.00    0.00    0.00    8.51
02:38:12 PM   28   72.63    0.00   18.95    0.00    0.00    0.00    0.00    0.00    0.00    8.42
02:38:12 PM   29   71.88    0.00   19.79    0.00    0.00    0.00    0.00    0.00    0.00    8.33
02:38:12 PM   30   73.40    0.00   18.09    0.00    0.00    0.00    0.00    0.00    0.00    8.51
02:38:12 PM   31   71.58    0.00   17.89    1.05    0.00    0.00    0.00    0.00    0.00    9.47
02:38:12 PM   32   72.34    0.00   18.09    0.00    0.00    0.00    0.00    0.00    0.00    9.57
02:38:12 PM   33   70.53    0.00   20.00    0.00    0.00    0.00    0.00    0.00    0.00    9.47
02:38:12 PM   34   71.88    0.00   19.79    0.00    0.00    0.00    0.00    0.00    0.00    8.33
02:38:12 PM   35   70.83    0.00   19.79    1.04    0.00    0.00    0.00    0.00    0.00    8.33
02:38:12 PM   36   72.34    0.00   19.15    0.00    0.00    0.00    0.00    0.00    0.00    8.51
02:38:12 PM   37   74.47    0.00   17.02    0.00    0.00    0.00    0.00    0.00    0.00    8.51
02:38:12 PM   38   73.12    0.00   17.20    0.00    0.00    0.00    0.00    0.00    0.00    9.68
02:38:12 PM   39   69.79    0.00   19.79    0.00    0.00    0.00    0.00    0.00    0.00   10.42
02:38:12 PM   40   74.23    0.00   17.53    0.00    0.00    0.00    0.00    0.00    0.00    8.25
02:38:12 PM   41   72.63    0.00   18.95    0.00    0.00    0.00    0.00    0.00    0.00    8.42
02:38:12 PM   42   70.83    0.00   19.79    0.00    0.00    0.00    0.00    0.00    0.00    9.38
02:38:12 PM   43   74.47    0.00   15.96    0.00    0.00    0.00    0.00    0.00    0.00    9.57
02:38:12 PM   44   71.28    0.00   20.21    0.00    0.00    0.00    0.00    0.00    0.00    8.51
02:38:12 PM   45   72.92    0.00   17.71    1.04    0.00    0.00    0.00    0.00    0.00    8.33
02:38:12 PM   46   72.63    0.00   18.95    0.00    0.00    0.00    0.00    0.00    0.00    8.42
02:38:12 PM   47   73.68    0.00   16.84    0.00    0.00    0.00    0.00    0.00    0.00    9.47
02:38:12 PM   48   71.58    0.00   18.95    0.00    0.00    0.00    0.00    0.00    0.00    9.47
02:38:12 PM   49   75.79    0.00   14.74    0.00    0.00    0.00    0.00    0.00    0.00    9.47
02:38:12 PM   50   72.92    0.00   16.67    0.00    0.00    0.00    0.00    0.00    0.00   10.42
02:38:12 PM   51   72.92    0.00   17.71    0.00    0.00    0.00    0.00    0.00    0.00    9.38
02:38:12 PM   52   73.96    0.00   16.67    0.00    0.00    0.00    0.00    0.00    0.00    9.38
02:38:12 PM   53   74.47    0.00   17.02    0.00    0.00    0.00    0.00    0.00    0.00    8.51
02:38:12 PM   54   71.58    0.00   18.95    1.05    0.00    0.00    0.00    0.00    0.00    8.42
02:38:12 PM   55   71.88    0.00   18.75    0.00    0.00    0.00    0.00    0.00    0.00    9.38
02:38:12 PM   56   71.88    0.00   18.75    0.00    0.00    0.00    0.00    0.00    0.00    9.38
02:38:12 PM   57   72.16    0.00   17.53    0.00    0.00    0.00    0.00    0.00    0.00   10.31
02:38:12 PM   58   71.88    0.00   18.75    0.00    0.00    0.00    0.00    0.00    0.00    9.38
02:38:12 PM   59   72.63    0.00   17.89    0.00    0.00    0.00    0.00    0.00    0.00    9.47
02:38:12 PM   60   72.34    0.00   19.15    0.00    0.00    0.00    0.00    0.00    0.00    8.51
02:38:12 PM   61   72.63    0.00   17.89    0.00    0.00    0.00    0.00    0.00    0.00    9.47
02:38:12 PM   62   72.63    0.00   18.95    0.00    0.00    0.00    0.00    0.00    0.00    8.42
02:38:12 PM   63   73.40    0.00   18.09    0.00    0.00    0.00    0.00    0.00    0.00    8.51
02:38:12 PM   64   72.92    0.00   17.71    1.04    0.00    0.00    0.00    0.00    0.00    8.33
02:38:12 PM   65   72.63    0.00   18.95    0.00    0.00    0.00    0.00    0.00    0.00    8.42
02:38:12 PM   66   73.68    0.00   17.89    0.00    0.00    0.00    0.00    0.00    0.00    8.42
02:38:12 PM   67   67.37    0.00   23.16    0.00    0.00    0.00    0.00    0.00    0.00    9.47
02:38:12 PM   68   72.63    0.00   17.89    0.00    0.00    0.00    0.00    0.00    0.00    9.47
02:38:12 PM   69   74.19    0.00   17.20    0.00    0.00    0.00    0.00    0.00    0.00    8.60
02:38:12 PM   70   73.68    0.00   17.89    0.00    0.00    0.00    0.00    0.00    0.00    8.42
02:38:12 PM   71   71.28    0.00   20.21    0.00    0.00    0.00    0.00    0.00    0.00    8.51
02:38:12 PM   72   72.63    0.00   17.89    1.05    0.00    0.00    0.00    0.00    0.00    8.42
02:38:12 PM   73   69.79    0.00   20.83    0.00    0.00    0.00    0.00    0.00    0.00    9.38
02:38:12 PM   74   73.40    0.00   18.09    0.00    0.00    0.00    0.00    0.00    0.00    8.51
02:38:12 PM   75   73.68    0.00   17.89    0.00    0.00    0.00    0.00    0.00    0.00    8.42
02:38:12 PM   76   70.97    0.00   20.43    0.00    0.00    0.00    0.00    0.00    0.00    8.60
02:38:12 PM   77   71.58    0.00   18.95    0.00    0.00    0.00    0.00    0.00    0.00    9.47
02:38:12 PM   78   72.63    0.00   18.95    0.00    0.00    0.00    0.00    0.00    0.00    8.42
02:38:12 PM   79   74.19    0.00   17.20    0.00    0.00    0.00    0.00    0.00    0.00    8.60

02:38:21 PM  CPU    %usr   %nice    %sys %iowait    %irq   %soft  %steal  %guest  %gnice   %idle
02:38:22 PM  all   73.15    0.00   18.60    0.17    0.00    0.00    0.00    0.00    0.00    8.09
02:38:22 PM    0   71.13    0.00   19.59    1.03    0.00    0.00    0.00    0.00    0.00    8.25
02:38:22 PM    1   75.00    0.00   16.67    0.00    0.00    0.00    0.00    0.00    0.00    8.33
02:38:22 PM    2   73.96    0.00   17.71    0.00    0.00    0.00    0.00    0.00    0.00    8.33
02:38:22 PM    3   73.96    0.00   17.71    0.00    0.00    0.00    0.00    0.00    0.00    8.33
02:38:22 PM    4   74.19    0.00   17.20    0.00    0.00    0.00    0.00    0.00    0.00    8.60
02:38:22 PM    5   73.20    0.00   18.56    0.00    0.00    0.00    0.00    0.00    0.00    8.25
02:38:22 PM    6   73.68    0.00   18.95    0.00    0.00    0.00    0.00    0.00    0.00    7.37
02:38:22 PM    7   73.96    0.00   17.71    0.00    0.00    0.00    0.00    0.00    0.00    8.33
02:38:22 PM    8   74.23    0.00   16.49    0.00    0.00    0.00    0.00    0.00    0.00    9.28
02:38:22 PM    9   76.04    0.00   15.62    0.00    0.00    0.00    0.00    0.00    0.00    8.33
02:38:22 PM   10   73.96    0.00   18.75    0.00    0.00    0.00    0.00    0.00    0.00    7.29
02:38:22 PM   11   72.92    0.00   18.75    0.00    0.00    0.00    0.00    0.00    0.00    8.33
02:38:22 PM   12   75.53    0.00   15.96    0.00    0.00    0.00    0.00    0.00    0.00    8.51
02:38:22 PM   13   76.04    0.00   15.62    0.00    0.00    0.00    0.00    0.00    0.00    8.33
02:38:22 PM   14   75.26    0.00   17.53    0.00    0.00    0.00    0.00    0.00    0.00    7.22
02:38:22 PM   15   75.79    0.00   15.79    0.00    0.00    0.00    0.00    0.00    0.00    8.42
02:38:22 PM   16   71.58    0.00   20.00    0.00    0.00    0.00    0.00    0.00    0.00    8.42
02:38:22 PM   17   73.96    0.00   16.67    0.00    0.00    0.00    0.00    0.00    0.00    9.38
02:38:22 PM   18   73.68    0.00   18.95    0.00    0.00    0.00    0.00    0.00    0.00    7.37
02:38:22 PM   19   73.96    0.00   17.71    0.00    0.00    0.00    0.00    0.00    0.00    8.33
02:38:22 PM   20   74.74    0.00   17.89    0.00    0.00    0.00    0.00    0.00    0.00    7.37
02:38:22 PM   21   72.63    0.00   18.95    0.00    0.00    0.00    0.00    0.00    0.00    8.42
02:38:22 PM   22   70.53    0.00   20.00    1.05    0.00    0.00    0.00    0.00    0.00    8.42
02:38:22 PM   23   69.47    0.00   22.11    0.00    0.00    0.00    0.00    0.00    0.00    8.42
02:38:22 PM   24   73.12    0.00   19.35    0.00    0.00    0.00    0.00    0.00    0.00    7.53
02:38:22 PM   25   73.40    0.00   18.09    1.06    0.00    0.00    0.00    0.00    0.00    7.45
02:38:22 PM   26   72.92    0.00   18.75    0.00    0.00    0.00    0.00    0.00    0.00    8.33
02:38:22 PM   27   73.20    0.00   18.56    0.00    0.00    0.00    0.00    0.00    0.00    8.25
02:38:22 PM   28   69.79    0.00   20.83    1.04    0.00    0.00    0.00    0.00    0.00    8.33
02:38:22 PM   29   74.47    0.00   19.15    0.00    0.00    0.00    0.00    0.00    0.00    6.38
02:38:22 PM   30   71.58    0.00   20.00    1.05    0.00    0.00    0.00    0.00    0.00    7.37
02:38:22 PM   31   70.97    0.00   20.43    0.00    0.00    0.00    0.00    0.00    0.00    8.60
02:38:22 PM   32   73.12    0.00   19.35    0.00    0.00    0.00    0.00    0.00    0.00    7.53
02:38:22 PM   33   73.12    0.00   19.35    1.08    0.00    0.00    0.00    0.00    0.00    6.45
02:38:22 PM   34   70.53    0.00   22.11    0.00    0.00    0.00    0.00    0.00    0.00    7.37
02:38:22 PM   35   70.83    0.00   20.83    1.04    0.00    0.00    0.00    0.00    0.00    7.29
02:38:22 PM   36   72.63    0.00   17.89    1.05    0.00    0.00    0.00    0.00    0.00    8.42
02:38:22 PM   37   69.79    0.00   20.83    1.04    0.00    0.00    0.00    0.00    0.00    8.33
02:38:22 PM   38   81.25    0.00   12.50    0.00    0.00    0.00    0.00    0.00    0.00    6.25
02:38:22 PM   39   71.88    0.00   19.79    0.00    0.00    0.00    0.00    0.00    0.00    8.33
02:38:22 PM   40   71.13    0.00   20.62    0.00    0.00    0.00    0.00    0.00    0.00    8.25
02:38:22 PM   41   72.63    0.00   18.95    0.00    0.00    0.00    0.00    0.00    0.00    8.42
02:38:22 PM   42   73.12    0.00   17.20    0.00    0.00    0.00    0.00    0.00    0.00    9.68
02:38:22 PM   43   74.74    0.00   16.84    0.00    0.00    0.00    0.00    0.00    0.00    8.42
02:38:22 PM   44   72.63    0.00   18.95    0.00    0.00    0.00    0.00    0.00    0.00    8.42
02:38:22 PM   45   74.19    0.00   18.28    0.00    0.00    0.00    0.00    0.00    0.00    7.53
02:38:22 PM   46   72.34    0.00   20.21    0.00    0.00    0.00    0.00    0.00    0.00    7.45
02:38:22 PM   47   73.96    0.00   16.67    0.00    0.00    0.00    0.00    0.00    0.00    9.38
02:38:22 PM   48   73.96    0.00   17.71    0.00    0.00    0.00    0.00    0.00    0.00    8.33
02:38:22 PM   49   73.96    0.00   18.75    0.00    0.00    0.00    0.00    0.00    0.00    7.29
02:38:22 PM   50   72.92    0.00   17.71    0.00    0.00    0.00    0.00    0.00    0.00    9.38
02:38:22 PM   51   71.28    0.00   20.21    0.00    0.00    0.00    0.00    0.00    0.00    8.51
02:38:22 PM   52   73.96    0.00   17.71    0.00    0.00    0.00    0.00    0.00    0.00    8.33
02:38:22 PM   53   72.63    0.00   18.95    0.00    0.00    0.00    0.00    0.00    0.00    8.42
02:38:22 PM   54   72.92    0.00   18.75    0.00    0.00    0.00    0.00    0.00    0.00    8.33
02:38:22 PM   55   73.96    0.00   17.71    0.00    0.00    0.00    0.00    0.00    0.00    8.33
02:38:22 PM   56   73.20    0.00   18.56    0.00    0.00    0.00    0.00    0.00    0.00    8.25
02:38:22 PM   57   75.00    0.00   17.71    0.00    0.00    0.00    0.00    0.00    0.00    7.29
02:38:22 PM   58   72.63    0.00   18.95    0.00    0.00    0.00    0.00    0.00    0.00    8.42
02:38:22 PM   59   73.96    0.00   16.67    0.00    0.00    0.00    0.00    0.00    0.00    9.38
02:38:22 PM   60   75.00    0.00   16.67    0.00    0.00    0.00    0.00    0.00    0.00    8.33
02:38:22 PM   61   72.92    0.00   17.71    1.04    0.00    0.00    0.00    0.00    0.00    8.33
02:38:22 PM   62   74.19    0.00   17.20    1.08    0.00    0.00    0.00    0.00    0.00    7.53
02:38:22 PM   63   71.28    0.00   20.21    0.00    0.00    0.00    0.00    0.00    0.00    8.51
02:38:22 PM   64   71.58    0.00   18.95    0.00    0.00    0.00    0.00    0.00    0.00    9.47
02:38:22 PM   65   71.13    0.00   20.62    0.00    0.00    0.00    0.00    0.00    0.00    8.25
02:38:22 PM   66   71.58    0.00   20.00    0.00    0.00    0.00    0.00    0.00    0.00    8.42
02:38:22 PM   67   73.40    0.00   18.09    0.00    0.00    0.00    0.00    0.00    0.00    8.51
02:38:22 PM   68   73.68    0.00   17.89    0.00    0.00    0.00    0.00    0.00    0.00    8.42
02:38:22 PM   69   75.79    0.00   17.89    0.00    0.00    0.00    0.00    0.00    0.00    6.32
02:38:22 PM   70   74.74    0.00   17.89    0.00    0.00    0.00    0.00    0.00    0.00    7.37
02:38:22 PM   71   73.91    0.00   18.48    0.00    0.00    0.00    0.00    0.00    0.00    7.61
02:38:22 PM   72   69.47    0.00   22.11    0.00    0.00    0.00    0.00    0.00    0.00    8.42
02:38:22 PM   73   69.47    0.00   22.11    0.00    0.00    0.00    0.00    0.00    0.00    8.42
02:38:22 PM   74   72.63    0.00   20.00    0.00    0.00    0.00    0.00    0.00    0.00    7.37
02:38:22 PM   75   73.68    0.00   18.95    0.00    0.00    0.00    0.00    0.00    0.00    7.37
02:38:22 PM   76   72.16    0.00   19.59    0.00    0.00    0.00    0.00    0.00    0.00    8.25
02:38:22 PM   77   72.34    0.00   20.21    0.00    0.00    0.00    0.00    0.00    0.00    7.45
02:38:22 PM   78   71.58    0.00   18.95    1.05    0.00    0.00    0.00    0.00    0.00    8.42
02:38:22 PM   79   73.96    0.00   18.75    1.04    0.00    0.00    0.00    0.00    0.00    6.25

02:38:31 PM  CPU    %usr   %nice    %sys %iowait    %irq   %soft  %steal  %guest  %gnice   %idle
02:38:32 PM  all   72.95    0.00   18.08    0.18    0.00    0.00    0.00    0.00    0.00    8.79
02:38:32 PM    0   71.58    0.00   17.89    0.00    0.00    0.00    0.00    0.00    0.00   10.53
02:38:32 PM    1   72.83    0.00   17.39    0.00    0.00    0.00    0.00    0.00    0.00    9.78
02:38:32 PM    2   70.53    0.00   18.95    1.05    0.00    0.00    0.00    0.00    0.00    9.47
02:38:32 PM    3   71.58    0.00   17.89    0.00    0.00    0.00    0.00    0.00    0.00   10.53
02:38:32 PM    4   72.04    0.00   17.20    0.00    0.00    0.00    0.00    0.00    0.00   10.75
02:38:32 PM    5   70.97    0.00   18.28    0.00    0.00    0.00    0.00    0.00    0.00   10.75
02:38:32 PM    6   71.58    0.00   17.89    0.00    0.00    0.00    0.00    0.00    0.00   10.53
02:38:32 PM    7   75.53    0.00   14.89    0.00    0.00    0.00    0.00    0.00    0.00    9.57
02:38:32 PM    8   72.63    0.00   16.84    0.00    0.00    0.00    0.00    0.00    0.00   10.53
02:38:32 PM    9   70.21    0.00   20.21    0.00    0.00    0.00    0.00    0.00    0.00    9.57
02:38:32 PM   10   70.83    0.00   18.75    1.04    0.00    0.00    0.00    0.00    0.00    9.38
02:38:32 PM   11   73.68    0.00   16.84    0.00    0.00    0.00    0.00    0.00    0.00    9.47
02:38:32 PM   12   72.34    0.00   18.09    0.00    0.00    0.00    0.00    0.00    0.00    9.57
02:38:32 PM   13   73.40    0.00   15.96    0.00    0.00    0.00    0.00    0.00    0.00   10.64
02:38:32 PM   14   70.53    0.00   17.89    1.05    0.00    0.00    0.00    0.00    0.00   10.53
02:38:32 PM   15   70.97    0.00   18.28    0.00    0.00    0.00    0.00    0.00    0.00   10.75
02:38:32 PM   16   73.68    0.00   15.79    0.00    0.00    0.00    0.00    0.00    0.00   10.53
02:38:32 PM   17   70.97    0.00   17.20    0.00    0.00    0.00    0.00    0.00    0.00   11.83
02:38:32 PM   18   72.63    0.00   16.84    0.00    0.00    0.00    0.00    0.00    0.00   10.53
02:38:32 PM   19   82.65    0.00   11.22    0.00    0.00    0.00    0.00    0.00    0.00    6.12
02:38:32 PM   20   73.68    0.00   17.89    1.05    0.00    0.00    0.00    0.00    0.00    7.37
02:38:32 PM   21   75.79    0.00   16.84    0.00    0.00    0.00    0.00    0.00    0.00    7.37
02:38:32 PM   22   72.63    0.00   21.05    0.00    0.00    0.00    0.00    0.00    0.00    6.32
02:38:32 PM   23   72.34    0.00   21.28    0.00    0.00    0.00    0.00    0.00    0.00    6.38
02:38:32 PM   24   70.53    0.00   21.05    0.00    0.00    0.00    0.00    0.00    0.00    8.42
02:38:32 PM   25   73.40    0.00   19.15    0.00    0.00    0.00    0.00    0.00    0.00    7.45
02:38:32 PM   26   75.79    0.00   16.84    0.00    0.00    0.00    0.00    0.00    0.00    7.37
02:38:32 PM   27   75.27    0.00   17.20    0.00    0.00    0.00    0.00    0.00    0.00    7.53
02:38:32 PM   28   73.20    0.00   18.56    2.06    0.00    0.00    0.00    0.00    0.00    6.19
02:38:32 PM   29   72.16    0.00   19.59    0.00    0.00    0.00    0.00    0.00    0.00    8.25
02:38:32 PM   30   75.53    0.00   18.09    0.00    0.00    0.00    0.00    0.00    0.00    6.38
02:38:32 PM   31   74.74    0.00   17.89    0.00    0.00    0.00    0.00    0.00    0.00    7.37
02:38:32 PM   32   73.68    0.00   18.95    0.00    0.00    0.00    0.00    0.00    0.00    7.37
02:38:32 PM   33   70.83    0.00   19.79    1.04    0.00    0.00    0.00    0.00    0.00    8.33
02:38:32 PM   34   73.68    0.00   18.95    0.00    0.00    0.00    0.00    0.00    0.00    7.37
02:38:32 PM   35   72.92    0.00   18.75    0.00    0.00    0.00    0.00    0.00    0.00    8.33
02:38:32 PM   36   75.00    0.00   17.71    0.00    0.00    0.00    0.00    0.00    0.00    7.29
02:38:32 PM   37   74.23    0.00   18.56    0.00    0.00    0.00    0.00    0.00    0.00    7.22
02:38:32 PM   38   69.79    0.00   20.83    1.04    0.00    0.00    0.00    0.00    0.00    8.33
02:38:32 PM   39   75.00    0.00   17.39    0.00    0.00    0.00    0.00    0.00    0.00    7.61
02:38:32 PM   40   72.34    0.00   17.02    0.00    0.00    0.00    0.00    0.00    0.00   10.64
02:38:32 PM   41   72.04    0.00   16.13    1.08    0.00    0.00    0.00    0.00    0.00   10.75
02:38:32 PM   42   70.53    0.00   20.00    0.00    0.00    0.00    0.00    0.00    0.00    9.47
02:38:32 PM   43   71.28    0.00   19.15    0.00    0.00    0.00    0.00    0.00    0.00    9.57
02:38:32 PM   44   75.53    0.00   14.89    0.00    0.00    0.00    0.00    0.00    0.00    9.57
02:38:32 PM   45   72.04    0.00   18.28    0.00    0.00    0.00    0.00    0.00    0.00    9.68
02:38:32 PM   46   73.40    0.00   17.02    0.00    0.00    0.00    0.00    0.00    0.00    9.57
02:38:32 PM   47   72.04    0.00   17.20    0.00    0.00    0.00    0.00    0.00    0.00   10.75
02:38:32 PM   48   70.21    0.00   20.21    0.00    0.00    0.00    0.00    0.00    0.00    9.57
02:38:32 PM   49   70.53    0.00   20.00    0.00    0.00    0.00    0.00    0.00    0.00    9.47
02:38:32 PM   50   71.28    0.00   18.09    0.00    0.00    0.00    0.00    0.00    0.00   10.64
02:38:32 PM   51   72.04    0.00   18.28    0.00    0.00    0.00    0.00    0.00    0.00    9.68
02:38:32 PM   52   71.58    0.00   17.89    0.00    0.00    0.00    0.00    0.00    0.00   10.53
02:38:32 PM   53   71.58    0.00   17.89    0.00    0.00    0.00    0.00    0.00    0.00   10.53
02:38:32 PM   54   72.34    0.00   18.09    0.00    0.00    0.00    0.00    0.00    0.00    9.57
02:38:32 PM   55   73.96    0.00   15.62    0.00    0.00    0.00    0.00    0.00    0.00   10.42
02:38:32 PM   56   68.75    0.00   19.79    1.04    0.00    0.00    0.00    0.00    0.00   10.42
02:38:32 PM   57   72.34    0.00   17.02    1.06    0.00    0.00    0.00    0.00    0.00    9.57
02:38:32 PM   58   71.28    0.00   18.09    0.00    0.00    0.00    0.00    0.00    0.00   10.64
02:38:32 PM   59   71.28    0.00   18.09    0.00    0.00    0.00    0.00    0.00    0.00   10.64
02:38:32 PM   60   74.74    0.00   17.89    0.00    0.00    0.00    0.00    0.00    0.00    7.37
02:38:32 PM   61   73.96    0.00   17.71    1.04    0.00    0.00    0.00    0.00    0.00    7.29
02:38:32 PM   62   73.96    0.00   18.75    0.00    0.00    0.00    0.00    0.00    0.00    7.29
02:38:32 PM   63   72.04    0.00   20.43    0.00    0.00    0.00    0.00    0.00    0.00    7.53
02:38:32 PM   64   73.20    0.00   18.56    0.00    0.00    0.00    0.00    0.00    0.00    8.25
02:38:32 PM   65   73.40    0.00   19.15    0.00    0.00    0.00    0.00    0.00    0.00    7.45
02:38:32 PM   66   73.96    0.00   17.71    0.00    0.00    0.00    0.00    0.00    0.00    8.33
02:38:32 PM   67   74.47    0.00   18.09    0.00    0.00    0.00    0.00    0.00    0.00    7.45
02:38:32 PM   68   73.68    0.00   17.89    0.00    0.00    0.00    0.00    0.00    0.00    8.42
02:38:32 PM   69   74.74    0.00   16.84    0.00    0.00    0.00    0.00    0.00    0.00    8.42
02:38:32 PM   70   75.00    0.00   17.71    0.00    0.00    0.00    0.00    0.00    0.00    7.29
02:38:32 PM   71   74.49    0.00   16.33    1.02    0.00    0.00    0.00    0.00    0.00    8.16
02:38:32 PM   72   72.92    0.00   19.79    0.00    0.00    0.00    0.00    0.00    0.00    7.29
02:38:32 PM   73   73.96    0.00   18.75    1.04    0.00    0.00    0.00    0.00    0.00    6.25
02:38:32 PM   74   74.47    0.00   18.09    0.00    0.00    0.00    0.00    0.00    0.00    7.45
02:38:32 PM   75   72.63    0.00   20.00    0.00    0.00    0.00    0.00    0.00    0.00    7.37
02:38:32 PM   76   76.29    0.00   16.49    0.00    0.00    0.00    0.00    0.00    0.00    7.22
02:38:32 PM   77   72.16    0.00   19.59    0.00    0.00    0.00    0.00    0.00    0.00    8.25
02:38:32 PM   78   73.68    0.00   18.95    0.00    0.00    0.00    0.00    0.00    0.00    7.37
02:38:32 PM   79   73.68    0.00   17.89    0.00    0.00    0.00    0.00    0.00    0.00    8.42

02:38:41 PM  CPU    %usr   %nice    %sys %iowait    %irq   %soft  %steal  %guest  %gnice   %idle
02:38:42 PM  all   73.80    0.00   17.85    0.18    0.00    0.00    0.00    0.00    0.00    8.16
02:38:42 PM    0   71.88    0.00   19.79    0.00    0.00    0.00    0.00    0.00    0.00    8.33
02:38:42 PM    1   72.34    0.00   18.09    0.00    0.00    0.00    0.00    0.00    0.00    9.57
02:38:42 PM    2   73.68    0.00   17.89    0.00    0.00    0.00    0.00    0.00    0.00    8.42
02:38:42 PM    3   74.47    0.00   15.96    1.06    0.00    0.00    0.00    0.00    0.00    8.51
02:38:42 PM    4   72.34    0.00   18.09    0.00    0.00    0.00    0.00    0.00    0.00    9.57
02:38:42 PM    5   70.83    0.00   19.79    0.00    0.00    0.00    0.00    0.00    0.00    9.38
02:38:42 PM    6   74.74    0.00   16.84    0.00    0.00    0.00    0.00    0.00    0.00    8.42
02:38:42 PM    7   73.40    0.00   18.09    0.00    0.00    0.00    0.00    0.00    0.00    8.51
02:38:42 PM    8   77.08    0.00   15.62    0.00    0.00    0.00    0.00    0.00    0.00    7.29
02:38:42 PM    9   73.96    0.00   17.71    0.00    0.00    0.00    0.00    0.00    0.00    8.33
02:38:42 PM   10   73.40    0.00   17.02    0.00    0.00    0.00    0.00    0.00    0.00    9.57
02:38:42 PM   11   73.91    0.00   16.30    0.00    0.00    0.00    0.00    0.00    0.00    9.78
02:38:42 PM   12   78.95    0.00   13.68    0.00    0.00    0.00    0.00    0.00    0.00    7.37
02:38:42 PM   13   73.68    0.00   17.89    0.00    0.00    0.00    0.00    0.00    0.00    8.42
02:38:42 PM   14   72.34    0.00   19.15    0.00    0.00    0.00    0.00    0.00    0.00    8.51
02:38:42 PM   15   74.74    0.00   16.84    0.00    0.00    0.00    0.00    0.00    0.00    8.42
02:38:42 PM   16   74.19    0.00   16.13    0.00    0.00    0.00    0.00    0.00    0.00    9.68
02:38:42 PM   17   72.63    0.00   17.89    0.00    0.00    0.00    0.00    0.00    0.00    9.47
02:38:42 PM   18   75.79    0.00   16.84    0.00    0.00    0.00    0.00    0.00    0.00    7.37
02:38:42 PM   19   70.71    0.00   20.20    0.00    0.00    0.00    0.00    0.00    0.00    9.09
02:38:42 PM   20   77.66    0.00   14.89    0.00    0.00    0.00    0.00    0.00    0.00    7.45
02:38:42 PM   21   73.40    0.00   18.09    1.06    0.00    0.00    0.00    0.00    0.00    7.45
02:38:42 PM   22   73.20    0.00   19.59    0.00    0.00    0.00    0.00    0.00    0.00    7.22
02:38:42 PM   23   74.74    0.00   17.89    0.00    0.00    0.00    0.00    0.00    0.00    7.37
02:38:42 PM   24   74.19    0.00   18.28    0.00    0.00    0.00    0.00    0.00    0.00    7.53
02:38:42 PM   25   73.68    0.00   17.89    0.00    0.00    0.00    0.00    0.00    0.00    8.42
02:38:42 PM   26   75.00    0.00   17.71    0.00    0.00    0.00    0.00    0.00    0.00    7.29
02:38:42 PM   27   74.47    0.00   17.02    0.00    0.00    0.00    0.00    0.00    0.00    8.51
02:38:42 PM   28   76.29    0.00   15.46    1.03    0.00    0.00    0.00    0.00    0.00    7.22
02:38:42 PM   29   73.68    0.00   18.95    0.00    0.00    0.00    0.00    0.00    0.00    7.37
02:38:42 PM   30   74.47    0.00   18.09    0.00    0.00    0.00    0.00    0.00    0.00    7.45
02:38:42 PM   31   75.79    0.00   17.89    0.00    0.00    0.00    0.00    0.00    0.00    6.32
02:38:42 PM   32   73.68    0.00   17.89    0.00    0.00    0.00    0.00    0.00    0.00    8.42
02:38:42 PM   33   72.16    0.00   18.56    1.03    0.00    0.00    0.00    0.00    0.00    8.25
02:38:42 PM   34   74.47    0.00   18.09    0.00    0.00    0.00    0.00    0.00    0.00    7.45
02:38:42 PM   35   73.96    0.00   17.71    0.00    0.00    0.00    0.00    0.00    0.00    8.33
02:38:42 PM   36   73.68    0.00   17.89    0.00    0.00    0.00    0.00    0.00    0.00    8.42
02:38:42 PM   37   76.84    0.00   15.79    0.00    0.00    0.00    0.00    0.00    0.00    7.37
02:38:42 PM   38   76.34    0.00   17.20    0.00    0.00    0.00    0.00    0.00    0.00    6.45
02:38:42 PM   39   74.47    0.00   17.02    1.06    0.00    0.00    0.00    0.00    0.00    7.45
02:38:42 PM   40   73.40    0.00   17.02    0.00    0.00    0.00    0.00    0.00    0.00    9.57
02:38:42 PM   41   71.58    0.00   17.89    0.00    0.00    0.00    0.00    0.00    0.00   10.53
02:38:42 PM   42   71.58    0.00   17.89    1.05    0.00    0.00    0.00    0.00    0.00    9.47
02:38:42 PM   43   73.68    0.00   15.79    1.05    0.00    0.00    0.00    0.00    0.00    9.47
02:38:42 PM   44   75.53    0.00   15.96    0.00    0.00    0.00    0.00    0.00    0.00    8.51
02:38:42 PM   45   73.68    0.00   16.84    0.00    0.00    0.00    0.00    0.00    0.00    9.47
02:38:42 PM   46   73.20    0.00   17.53    1.03    0.00    0.00    0.00    0.00    0.00    8.25
02:38:42 PM   47   72.63    0.00   18.95    0.00    0.00    0.00    0.00    0.00    0.00    8.42
02:38:42 PM   48   72.63    0.00   17.89    0.00    0.00    0.00    0.00    0.00    0.00    9.47
02:38:42 PM   49   72.34    0.00   19.15    0.00    0.00    0.00    0.00    0.00    0.00    8.51
02:38:42 PM   50   75.79    0.00   15.79    0.00    0.00    0.00    0.00    0.00    0.00    8.42
02:38:42 PM   51   72.92    0.00   16.67    1.04    0.00    0.00    0.00    0.00    0.00    9.38
02:38:42 PM   52   73.12    0.00   18.28    0.00    0.00    0.00    0.00    0.00    0.00    8.60
02:38:42 PM   53   74.47    0.00   17.02    0.00    0.00    0.00    0.00    0.00    0.00    8.51
02:38:42 PM   54   72.04    0.00   19.35    0.00    0.00    0.00    0.00    0.00    0.00    8.60
02:38:42 PM   55   70.83    0.00   19.79    1.04    0.00    0.00    0.00    0.00    0.00    8.33
02:38:42 PM   56   70.53    0.00   20.00    0.00    0.00    0.00    0.00    0.00    0.00    9.47
02:38:42 PM   57   75.53    0.00   18.09    0.00    0.00    0.00    0.00    0.00    0.00    6.38
02:38:42 PM   58   72.63    0.00   18.95    0.00    0.00    0.00    0.00    0.00    0.00    8.42
02:38:42 PM   59   72.92    0.00   18.75    0.00    0.00    0.00    0.00    0.00    0.00    8.33
02:38:42 PM   60   75.79    0.00   16.84    0.00    0.00    0.00    0.00    0.00    0.00    7.37
02:38:42 PM   61   75.27    0.00   17.20    0.00    0.00    0.00    0.00    0.00    0.00    7.53
02:38:42 PM   62   76.29    0.00   16.49    1.03    0.00    0.00    0.00    0.00    0.00    6.19
02:38:42 PM   63   71.88    0.00   20.83    0.00    0.00    0.00    0.00    0.00    0.00    7.29
02:38:42 PM   64   72.92    0.00   19.79    0.00    0.00    0.00    0.00    0.00    0.00    7.29
02:38:42 PM   65   72.63    0.00   18.95    0.00    0.00    0.00    0.00    0.00    0.00    8.42
02:38:42 PM   66   74.19    0.00   17.20    1.08    0.00    0.00    0.00    0.00    0.00    7.53
02:38:42 PM   67   72.92    0.00   18.75    0.00    0.00    0.00    0.00    0.00    0.00    8.33
02:38:42 PM   68   70.83    0.00   19.79    1.04    0.00    0.00    0.00    0.00    0.00    8.33
02:38:42 PM   69   72.92    0.00   19.79    0.00    0.00    0.00    0.00    0.00    0.00    7.29
02:38:42 PM   70   73.68    0.00   18.95    0.00    0.00    0.00    0.00    0.00    0.00    7.37
02:38:42 PM   71   72.63    0.00   18.95    0.00    0.00    0.00    0.00    0.00    0.00    8.42
02:38:42 PM   72   75.51    0.00   16.33    0.00    0.00    0.00    0.00    0.00    0.00    8.16
02:38:42 PM   73   72.92    0.00   19.79    0.00    0.00    0.00    0.00    0.00    0.00    7.29
02:38:42 PM   74   72.34    0.00   20.21    0.00    0.00    0.00    0.00    0.00    0.00    7.45
02:38:42 PM   75   75.53    0.00   17.02    0.00    0.00    0.00    0.00    0.00    0.00    7.45
02:38:42 PM   76   74.47    0.00   18.09    0.00    0.00    0.00    0.00    0.00    0.00    7.45
02:38:42 PM   77   74.74    0.00   17.89    1.05    0.00    0.00    0.00    0.00    0.00    6.32
02:38:42 PM   78   74.74    0.00   17.89    0.00    0.00    0.00    0.00    0.00    0.00    7.37
02:38:42 PM   79   73.68    0.00   17.89    0.00    0.00    0.00    0.00    0.00    0.00    8.42

02:38:51 PM  CPU    %usr   %nice    %sys %iowait    %irq   %soft  %steal  %guest  %gnice   %idle
02:38:52 PM  all   73.36    0.00   17.32    0.20    0.00    0.01    0.00    0.00    0.00    9.10
02:38:52 PM    0   72.63    0.00   17.89    0.00    0.00    0.00    0.00    0.00    0.00    9.47
02:38:52 PM    1   71.28    0.00   18.09    1.06    0.00    0.00    0.00    0.00    0.00    9.57
02:38:52 PM    2   72.34    0.00   18.09    0.00    0.00    0.00    0.00    0.00    0.00    9.57
02:38:52 PM    3   70.83    0.00   17.71    0.00    0.00    0.00    0.00    0.00    0.00   11.46
02:38:52 PM    4   72.63    0.00   15.79    1.05    0.00    0.00    0.00    0.00    0.00   10.53
02:38:52 PM    5   72.63    0.00   17.89    0.00    0.00    0.00    0.00    0.00    0.00    9.47
02:38:52 PM    6   73.91    0.00   16.30    0.00    0.00    0.00    0.00    0.00    0.00    9.78
02:38:52 PM    7   72.34    0.00   17.02    0.00    0.00    0.00    0.00    0.00    0.00   10.64
02:38:52 PM    8   74.47    0.00   15.96    0.00    0.00    0.00    0.00    0.00    0.00    9.57
02:38:52 PM    9   74.74    0.00   14.74    1.05    0.00    0.00    0.00    0.00    0.00    9.47
02:38:52 PM   10   70.53    0.00   18.95    0.00    0.00    0.00    0.00    0.00    0.00   10.53
02:38:52 PM   11   74.19    0.00   16.13    0.00    0.00    0.00    0.00    0.00    0.00    9.68
02:38:52 PM   12   73.12    0.00   17.20    0.00    0.00    0.00    0.00    0.00    0.00    9.68
02:38:52 PM   13   76.04    0.00   17.71    0.00    0.00    0.00    0.00    0.00    0.00    6.25
02:38:52 PM   14   72.92    0.00   16.67    0.00    0.00    0.00    0.00    0.00    0.00   10.42
02:38:52 PM   15   72.04    0.00   18.28    0.00    0.00    0.00    0.00    0.00    0.00    9.68
02:38:52 PM   16   73.68    0.00   16.84    0.00    0.00    0.00    0.00    0.00    0.00    9.47
02:38:52 PM   17   74.74    0.00   15.79    0.00    0.00    0.00    0.00    0.00    0.00    9.47
02:38:52 PM   18   70.97    0.00   18.28    0.00    0.00    0.00    0.00    0.00    0.00   10.75
02:38:52 PM   19   71.58    0.00   17.89    1.05    0.00    0.00    0.00    0.00    0.00    9.47
02:38:52 PM   20   76.04    0.00   15.62    0.00    0.00    0.00    0.00    0.00    0.00    8.33
02:38:52 PM   21   72.92    0.00   17.71    1.04    0.00    0.00    0.00    0.00    0.00    8.33
02:38:52 PM   22   74.74    0.00   15.79    1.05    0.00    0.00    0.00    0.00    0.00    8.42
02:38:52 PM   23   74.19    0.00   17.20    0.00    0.00    0.00    0.00    0.00    0.00    8.60
02:38:52 PM   24   73.96    0.00   17.71    0.00    0.00    0.00    0.00    0.00    0.00    8.33
02:38:52 PM   25   72.63    0.00   18.95    0.00    0.00    0.00    0.00    0.00    0.00    8.42
02:38:52 PM   26   73.96    0.00   16.67    0.00    0.00    0.00    0.00    0.00    0.00    9.38
02:38:52 PM   27   73.96    0.00   17.71    0.00    0.00    0.00    0.00    0.00    0.00    8.33
02:38:52 PM   28   73.68    0.00   18.95    0.00    0.00    0.00    0.00    0.00    0.00    7.37
02:38:52 PM   29   72.63    0.00   17.89    1.05    0.00    0.00    0.00    0.00    0.00    8.42
02:38:52 PM   30   71.58    0.00   20.00    0.00    0.00    0.00    0.00    0.00    0.00    8.42
02:38:52 PM   31   76.34    0.00   16.13    0.00    0.00    0.00    0.00    0.00    0.00    7.53
02:38:52 PM   32   72.63    0.00   18.95    0.00    0.00    0.00    0.00    0.00    0.00    8.42
02:38:52 PM   33   73.40    0.00   18.09    0.00    0.00    0.00    0.00    0.00    0.00    8.51
02:38:52 PM   34   71.58    0.00   20.00    1.05    0.00    0.00    0.00    0.00    0.00    7.37
02:38:52 PM   35   74.74    0.00   17.89    0.00    0.00    0.00    0.00    0.00    0.00    7.37
02:38:52 PM   36   75.53    0.00   17.02    0.00    0.00    0.00    0.00    0.00    0.00    7.45
02:38:52 PM   37   75.00    0.00   16.30    1.09    0.00    0.00    0.00    0.00    0.00    7.61
02:38:52 PM   38   72.04    0.00   19.35    0.00    0.00    0.00    0.00    0.00    0.00    8.60
02:38:52 PM   39   73.96    0.00   17.71    0.00    0.00    0.00    0.00    0.00    0.00    8.33
02:38:52 PM   40   73.96    0.00   15.62    0.00    0.00    0.00    0.00    0.00    0.00   10.42
02:38:52 PM   41   72.04    0.00   17.20    0.00    0.00    0.00    0.00    0.00    0.00   10.75
02:38:52 PM   42   71.28    0.00   18.09    0.00    0.00    0.00    0.00    0.00    0.00   10.64
02:38:52 PM   43   71.88    0.00   17.71    0.00    0.00    0.00    0.00    0.00    0.00   10.42
02:38:52 PM   44   73.40    0.00   17.02    0.00    0.00    0.00    0.00    0.00    0.00    9.57
02:38:52 PM   45   71.28    0.00   19.15    0.00    0.00    0.00    0.00    0.00    0.00    9.57
02:38:52 PM   46   74.47    0.00   14.89    0.00    0.00    0.00    0.00    0.00    0.00   10.64
02:38:52 PM   47   73.96    0.00   16.67    0.00    0.00    0.00    0.00    0.00    0.00    9.38
02:38:52 PM   48   74.19    0.00   16.13    0.00    0.00    0.00    0.00    0.00    0.00    9.68
02:38:52 PM   49   72.63    0.00   16.84    0.00    0.00    0.00    0.00    0.00    0.00   10.53
02:38:52 PM   50   73.96    0.00   14.58    1.04    0.00    0.00    0.00    0.00    0.00   10.42
02:38:52 PM   51   72.34    0.00   17.02    0.00    0.00    0.00    0.00    0.00    0.00   10.64
02:38:52 PM   52   70.21    0.00   18.09    1.06    0.00    0.00    0.00    0.00    0.00   10.64
02:38:52 PM   53   70.21    0.00   20.21    0.00    0.00    0.00    0.00    0.00    0.00    9.57
02:38:52 PM   54   75.00    0.00   16.67    0.00    0.00    1.04    0.00    0.00    0.00    7.29
02:38:52 PM   55   72.63    0.00   17.89    0.00    0.00    0.00    0.00    0.00    0.00    9.47
02:38:52 PM   56   70.21    0.00   19.15    1.06    0.00    0.00    0.00    0.00    0.00    9.57
02:38:52 PM   57   72.04    0.00   18.28    0.00    0.00    0.00    0.00    0.00    0.00    9.68
02:38:52 PM   58   72.63    0.00   16.84    0.00    0.00    0.00    0.00    0.00    0.00   10.53
02:38:52 PM   59   72.34    0.00   18.09    0.00    0.00    0.00    0.00    0.00    0.00    9.57
02:38:52 PM   60   74.47    0.00   17.02    0.00    0.00    0.00    0.00    0.00    0.00    8.51
02:38:52 PM   61   73.68    0.00   17.89    0.00    0.00    0.00    0.00    0.00    0.00    8.42
02:38:52 PM   62   73.96    0.00   16.67    1.04    0.00    0.00    0.00    0.00    0.00    8.33
02:38:52 PM   63   72.63    0.00   18.95    1.05    0.00    0.00    0.00    0.00    0.00    7.37
02:38:52 PM   64   74.19    0.00   17.20    0.00    0.00    0.00    0.00    0.00    0.00    8.60
02:38:52 PM   65   75.79    0.00   15.79    0.00    0.00    0.00    0.00    0.00    0.00    8.42
02:38:52 PM   66   73.40    0.00   18.09    0.00    0.00    0.00    0.00    0.00    0.00    8.51
02:38:52 PM   67   74.74    0.00   16.84    0.00    0.00    0.00    0.00    0.00    0.00    8.42
02:38:52 PM   68   73.40    0.00   17.02    0.00    0.00    0.00    0.00    0.00    0.00    9.57
02:38:52 PM   69   75.79    0.00   14.74    0.00    0.00    0.00    0.00    0.00    0.00    9.47
02:38:52 PM   70   73.96    0.00   17.71    0.00    0.00    0.00    0.00    0.00    0.00    8.33
02:38:52 PM   71   73.12    0.00   17.20    0.00    0.00    0.00    0.00    0.00    0.00    9.68
02:38:52 PM   72   74.74    0.00   16.84    0.00    0.00    0.00    0.00    0.00    0.00    8.42
02:38:52 PM   73   75.00    0.00   15.62    1.04    0.00    0.00    0.00    0.00    0.00    8.33
02:38:52 PM   74   76.60    0.00   17.02    0.00    0.00    0.00    0.00    0.00    0.00    6.38
02:38:52 PM   75   73.68    0.00   16.84    0.00    0.00    0.00    0.00    0.00    0.00    9.47
02:38:52 PM   76   72.92    0.00   18.75    0.00    0.00    0.00    0.00    0.00    0.00    8.33
02:38:52 PM   77   73.68    0.00   17.89    0.00    0.00    0.00    0.00    0.00    0.00    8.42
02:38:52 PM   78   72.92    0.00   17.71    0.00    0.00    0.00    0.00    0.00    0.00    9.38
02:38:52 PM   79   76.34    0.00   15.05    0.00    0.00    0.00    0.00    0.00    0.00    8.60

02:39:01 PM  CPU    %usr   %nice    %sys %iowait    %irq   %soft  %steal  %guest  %gnice   %idle
02:39:02 PM  all   71.26    0.00   17.74    0.26    0.00    0.01    0.00    0.00    0.00   10.73
02:39:02 PM    0   68.04    0.00   20.62    1.03    0.00    0.00    0.00    0.00    0.00   10.31
02:39:02 PM    1   71.58    0.00   17.89    0.00    0.00    0.00    0.00    0.00    0.00   10.53
02:39:02 PM    2   71.58    0.00   17.89    0.00    0.00    0.00    0.00    0.00    0.00   10.53
02:39:02 PM    3   71.28    0.00   17.02    0.00    0.00    0.00    0.00    0.00    0.00   11.70
02:39:02 PM    4   70.53    0.00   17.89    1.05    0.00    0.00    0.00    0.00    0.00   10.53
02:39:02 PM    5   70.41    0.00   18.37    0.00    0.00    0.00    0.00    0.00    0.00   11.22
02:39:02 PM    6   71.28    0.00   17.02    0.00    0.00    0.00    0.00    0.00    0.00   11.70
02:39:02 PM    7   70.53    0.00   17.89    1.05    0.00    0.00    0.00    0.00    0.00   10.53
02:39:02 PM    8   70.97    0.00   17.20    0.00    0.00    0.00    0.00    0.00    0.00   11.83
02:39:02 PM    9   71.28    0.00   18.09    0.00    0.00    0.00    0.00    0.00    0.00   10.64
02:39:02 PM   10   72.63    0.00   15.79    0.00    0.00    0.00    0.00    0.00    0.00   11.58
02:39:02 PM   11   73.96    0.00   15.62    0.00    0.00    0.00    0.00    0.00    0.00   10.42
02:39:02 PM   12   71.88    0.00   17.71    0.00    0.00    0.00    0.00    0.00    0.00   10.42
02:39:02 PM   13   69.79    0.00   17.71    1.04    0.00    0.00    0.00    0.00    0.00   11.46
02:39:02 PM   14   71.58    0.00   16.84    0.00    0.00    0.00    0.00    0.00    0.00   11.58
02:39:02 PM   15   70.83    0.00   19.79    0.00    0.00    0.00    0.00    0.00    0.00    9.38
02:39:02 PM   16   71.13    0.00   16.49    0.00    0.00    1.03    0.00    0.00    0.00   11.34
02:39:02 PM   17   73.40    0.00   15.96    0.00    0.00    0.00    0.00    0.00    0.00   10.64
02:39:02 PM   18   71.58    0.00   16.84    0.00    0.00    0.00    0.00    0.00    0.00   11.58
02:39:02 PM   19   73.40    0.00   15.96    0.00    0.00    0.00    0.00    0.00    0.00   10.64
02:39:02 PM   20   72.63    0.00   16.84    1.05    0.00    0.00    0.00    0.00    0.00    9.47
02:39:02 PM   21   71.58    0.00   17.89    0.00    0.00    0.00    0.00    0.00    0.00   10.53
02:39:02 PM   22   71.58    0.00   17.89    0.00    0.00    0.00    0.00    0.00    0.00   10.53
02:39:02 PM   23   70.21    0.00   18.09    0.00    0.00    0.00    0.00    0.00    0.00   11.70
02:39:02 PM   24   73.12    0.00   16.13    0.00    0.00    0.00    0.00    0.00    0.00   10.75
02:39:02 PM   25   71.28    0.00   18.09    0.00    0.00    0.00    0.00    0.00    0.00   10.64
02:39:02 PM   26   70.53    0.00   17.89    0.00    0.00    0.00    0.00    0.00    0.00   11.58
02:39:02 PM   27   72.34    0.00   17.02    1.06    0.00    0.00    0.00    0.00    0.00    9.57
02:39:02 PM   28   72.34    0.00   18.09    0.00    0.00    0.00    0.00    0.00    0.00    9.57
02:39:02 PM   29   71.28    0.00   18.09    0.00    0.00    0.00    0.00    0.00    0.00   10.64
02:39:02 PM   30   70.97    0.00   18.28    1.08    0.00    0.00    0.00    0.00    0.00    9.68
02:39:02 PM   31   73.20    0.00   16.49    0.00    0.00    0.00    0.00    0.00    0.00   10.31
02:39:02 PM   32   71.28    0.00   18.09    0.00    0.00    0.00    0.00    0.00    0.00   10.64
02:39:02 PM   33   69.15    0.00   18.09    1.06    0.00    0.00    0.00    0.00    0.00   11.70
02:39:02 PM   34   71.13    0.00   17.53    1.03    0.00    0.00    0.00    0.00    0.00   10.31
02:39:02 PM   35   70.53    0.00   17.89    1.05    0.00    0.00    0.00    0.00    0.00   10.53
02:39:02 PM   36   71.28    0.00   18.09    0.00    0.00    0.00    0.00    0.00    0.00   10.64
02:39:02 PM   37   70.53    0.00   17.89    1.05    0.00    0.00    0.00    0.00    0.00   10.53
02:39:02 PM   38   74.19    0.00   15.05    0.00    0.00    0.00    0.00    0.00    0.00   10.75
02:39:02 PM   39   72.92    0.00   16.67    1.04    0.00    0.00    0.00    0.00    0.00    9.38
02:39:02 PM   40   69.79    0.00   18.75    0.00    0.00    0.00    0.00    0.00    0.00   11.46
02:39:02 PM   41   69.47    0.00   20.00    0.00    0.00    0.00    0.00    0.00    0.00   10.53
02:39:02 PM   42   71.28    0.00   19.15    0.00    0.00    0.00    0.00    0.00    0.00    9.57
02:39:02 PM   43   71.88    0.00   16.67    0.00    0.00    0.00    0.00    0.00    0.00   11.46
02:39:02 PM   44   67.71    0.00   20.83    0.00    0.00    0.00    0.00    0.00    0.00   11.46
02:39:02 PM   45   72.34    0.00   17.02    0.00    0.00    0.00    0.00    0.00    0.00   10.64
02:39:02 PM   46   71.58    0.00   15.79    0.00    0.00    0.00    0.00    0.00    0.00   12.63
02:39:02 PM   47   71.28    0.00   18.09    0.00    0.00    0.00    0.00    0.00    0.00   10.64
02:39:02 PM   48   69.47    0.00   18.95    0.00    0.00    0.00    0.00    0.00    0.00   11.58
02:39:02 PM   49   72.63    0.00   16.84    0.00    0.00    0.00    0.00    0.00    0.00   10.53
02:39:02 PM   50   69.47    0.00   18.95    0.00    0.00    0.00    0.00    0.00    0.00   11.58
02:39:02 PM   51   72.83    0.00   15.22    0.00    0.00    0.00    0.00    0.00    0.00   11.96
02:39:02 PM   52   71.58    0.00   17.89    0.00    0.00    0.00    0.00    0.00    0.00   10.53
02:39:02 PM   53   71.28    0.00   18.09    0.00    0.00    0.00    0.00    0.00    0.00   10.64
02:39:02 PM   54   71.58    0.00   18.95    0.00    0.00    0.00    0.00    0.00    0.00    9.47
02:39:02 PM   55   75.26    0.00   17.53    0.00    0.00    0.00    0.00    0.00    0.00    7.22
02:39:02 PM   56   70.83    0.00   18.75    0.00    0.00    0.00    0.00    0.00    0.00   10.42
02:39:02 PM   57   71.58    0.00   16.84    0.00    0.00    0.00    0.00    0.00    0.00   11.58
02:39:02 PM   58   70.53    0.00   18.95    0.00    0.00    0.00    0.00    0.00    0.00   10.53
02:39:02 PM   59   71.58    0.00   17.89    0.00    0.00    0.00    0.00    0.00    0.00   10.53
02:39:02 PM   60   73.12    0.00   16.13    0.00    0.00    0.00    0.00    0.00    0.00   10.75
02:39:02 PM   61   70.83    0.00   17.71    1.04    0.00    0.00    0.00    0.00    0.00   10.42
02:39:02 PM   62   69.79    0.00   18.75    0.00    0.00    0.00    0.00    0.00    0.00   11.46
02:39:02 PM   63   72.34    0.00   15.96    0.00    0.00    0.00    0.00    0.00    0.00   11.70
02:39:02 PM   64   69.79    0.00   18.75    1.04    0.00    0.00    0.00    0.00    0.00   10.42
02:39:02 PM   65   70.10    0.00   17.53    1.03    0.00    0.00    0.00    0.00    0.00   11.34
02:39:02 PM   66   71.88    0.00   17.71    0.00    0.00    0.00    0.00    0.00    0.00   10.42
02:39:02 PM   67   71.28    0.00   18.09    0.00    0.00    0.00    0.00    0.00    0.00   10.64
02:39:02 PM   68   71.58    0.00   17.89    1.05    0.00    0.00    0.00    0.00    0.00    9.47
02:39:02 PM   69   70.53    0.00   18.95    0.00    0.00    0.00    0.00    0.00    0.00   10.53
02:39:02 PM   70   68.42    0.00   20.00    1.05    0.00    0.00    0.00    0.00    0.00   10.53
02:39:02 PM   71   70.83    0.00   17.71    1.04    0.00    0.00    0.00    0.00    0.00   10.42
02:39:02 PM   72   70.53    0.00   18.95    0.00    0.00    0.00    0.00    0.00    0.00   10.53
02:39:02 PM   73   69.07    0.00   18.56    1.03    0.00    0.00    0.00    0.00    0.00   11.34
02:39:02 PM   74   71.28    0.00   18.09    0.00    0.00    0.00    0.00    0.00    0.00   10.64
02:39:02 PM   75   71.28    0.00   18.09    0.00    0.00    0.00    0.00    0.00    0.00   10.64
02:39:02 PM   76   71.58    0.00   16.84    1.05    0.00    0.00    0.00    0.00    0.00   10.53
02:39:02 PM   77   71.28    0.00   18.09    0.00    0.00    0.00    0.00    0.00    0.00   10.64
02:39:02 PM   78   71.13    0.00   17.53    0.00    0.00    0.00    0.00    0.00    0.00   11.34
02:39:02 PM   79   70.53    0.00   17.89    0.00    0.00    0.00    0.00    0.00    0.00   11.58

02:39:11 PM  CPU    %usr   %nice    %sys %iowait    %irq   %soft  %steal  %guest  %gnice   %idle
02:39:12 PM  all   69.98    0.00   17.94    0.32    0.00    0.00    0.00    0.00    0.00   11.77
02:39:12 PM    0   68.37    0.00   18.37    0.00    0.00    0.00    0.00    0.00    0.00   13.27
02:39:12 PM    1   69.79    0.00   16.67    0.00    0.00    0.00    0.00    0.00    0.00   13.54
02:39:12 PM    2   71.58    0.00   16.84    1.05    0.00    0.00    0.00    0.00    0.00   10.53
02:39:12 PM    3   69.79    0.00   17.71    0.00    0.00    0.00    0.00    0.00    0.00   12.50
02:39:12 PM    4   69.79    0.00   17.71    0.00    0.00    0.00    0.00    0.00    0.00   12.50
02:39:12 PM    5   68.09    0.00   20.21    0.00    0.00    0.00    0.00    0.00    0.00   11.70
02:39:12 PM    6   68.75    0.00   16.67    1.04    0.00    0.00    0.00    0.00    0.00   13.54
02:39:12 PM    7   68.75    0.00   18.75    0.00    0.00    0.00    0.00    0.00    0.00   12.50
02:39:12 PM    8   69.15    0.00   18.09    0.00    0.00    0.00    0.00    0.00    0.00   12.77
02:39:12 PM    9   67.71    0.00   19.79    1.04    0.00    0.00    0.00    0.00    0.00   11.46
02:39:12 PM   10   74.23    0.00   16.49    0.00    0.00    0.00    0.00    0.00    0.00    9.28
02:39:12 PM   11   68.75    0.00   18.75    0.00    0.00    0.00    0.00    0.00    0.00   12.50
02:39:12 PM   12   70.53    0.00   17.89    0.00    0.00    0.00    0.00    0.00    0.00   11.58
02:39:12 PM   13   69.15    0.00   18.09    0.00    0.00    0.00    0.00    0.00    0.00   12.77
02:39:12 PM   14   70.97    0.00   17.20    0.00    0.00    0.00    0.00    0.00    0.00   11.83
02:39:12 PM   15   67.71    0.00   18.75    1.04    0.00    0.00    0.00    0.00    0.00   12.50
02:39:12 PM   16   68.42    0.00   18.95    0.00    0.00    0.00    0.00    0.00    0.00   12.63
02:39:12 PM   17   69.79    0.00   17.71    0.00    0.00    0.00    0.00    0.00    0.00   12.50
02:39:12 PM   18   70.53    0.00   15.79    0.00    0.00    0.00    0.00    0.00    0.00   13.68
02:39:12 PM   19   69.15    0.00   17.02    1.06    0.00    0.00    0.00    0.00    0.00   12.77
02:39:12 PM   20   70.83    0.00   17.71    0.00    0.00    0.00    0.00    0.00    0.00   11.46
02:39:12 PM   21   72.04    0.00   16.13    0.00    0.00    0.00    0.00    0.00    0.00   11.83
02:39:12 PM   22   71.88    0.00   15.62    0.00    0.00    0.00    0.00    0.00    0.00   12.50
02:39:12 PM   23   71.28    0.00   18.09    0.00    0.00    0.00    0.00    0.00    0.00   10.64
02:39:12 PM   24   70.97    0.00   18.28    0.00    0.00    0.00    0.00    0.00    0.00   10.75
02:39:12 PM   25   68.09    0.00   21.28    0.00    0.00    0.00    0.00    0.00    0.00   10.64
02:39:12 PM   26   69.47    0.00   18.95    0.00    0.00    0.00    0.00    0.00    0.00   11.58
02:39:12 PM   27   70.83    0.00   16.67    0.00    0.00    0.00    0.00    0.00    0.00   12.50
02:39:12 PM   28   70.21    0.00   17.02    1.06    0.00    0.00    0.00    0.00    0.00   11.70
02:39:12 PM   29   69.79    0.00   18.75    0.00    0.00    0.00    0.00    0.00    0.00   11.46
02:39:12 PM   30   68.04    0.00   19.59    1.03    0.00    0.00    0.00    0.00    0.00   11.34
02:39:12 PM   31   68.82    0.00   19.35    2.15    0.00    0.00    0.00    0.00    0.00    9.68
02:39:12 PM   32   69.47    0.00   18.95    0.00    0.00    0.00    0.00    0.00    0.00   11.58
02:39:12 PM   33   71.58    0.00   16.84    0.00    0.00    0.00    0.00    0.00    0.00   11.58
02:39:12 PM   34   71.58    0.00   16.84    0.00    0.00    0.00    0.00    0.00    0.00   11.58
02:39:12 PM   35   67.71    0.00   19.79    2.08    0.00    0.00    0.00    0.00    0.00   10.42
02:39:12 PM   36   70.21    0.00   18.09    0.00    0.00    0.00    0.00    0.00    0.00   11.70
02:39:12 PM   37   69.47    0.00   18.95    0.00    0.00    0.00    0.00    0.00    0.00   11.58
02:39:12 PM   38   69.79    0.00   18.75    0.00    0.00    0.00    0.00    0.00    0.00   11.46
02:39:12 PM   39   69.79    0.00   18.75    0.00    0.00    0.00    0.00    0.00    0.00   11.46
02:39:12 PM   40   67.71    0.00   18.75    1.04    0.00    0.00    0.00    0.00    0.00   12.50
02:39:12 PM   41   70.53    0.00   16.84    0.00    0.00    0.00    0.00    0.00    0.00   12.63
02:39:12 PM   42   71.58    0.00   15.79    0.00    0.00    0.00    0.00    0.00    0.00   12.63
02:39:12 PM   43   72.16    0.00   15.46    0.00    0.00    0.00    0.00    0.00    0.00   12.37
02:39:12 PM   44   69.47    0.00   17.89    0.00    0.00    0.00    0.00    0.00    0.00   12.63
02:39:12 PM   45   69.47    0.00   17.89    0.00    0.00    0.00    0.00    0.00    0.00   12.63
02:39:12 PM   46   67.71    0.00   18.75    1.04    0.00    0.00    0.00    0.00    0.00   12.50
02:39:12 PM   47   68.75    0.00   18.75    0.00    0.00    0.00    0.00    0.00    0.00   12.50
02:39:12 PM   48   70.53    0.00   17.89    0.00    0.00    0.00    0.00    0.00    0.00   11.58
02:39:12 PM   49   70.97    0.00   16.13    0.00    0.00    0.00    0.00    0.00    0.00   12.90
02:39:12 PM   50   73.96    0.00   17.71    1.04    0.00    0.00    0.00    0.00    0.00    7.29
02:39:12 PM   51   71.28    0.00   15.96    0.00    0.00    0.00    0.00    0.00    0.00   12.77
02:39:12 PM   52   70.10    0.00   17.53    0.00    0.00    0.00    0.00    0.00    0.00   12.37
02:39:12 PM   53   69.79    0.00   17.71    1.04    0.00    0.00    0.00    0.00    0.00   11.46
02:39:12 PM   54   69.79    0.00   17.71    0.00    0.00    0.00    0.00    0.00    0.00   12.50
02:39:12 PM   55   69.15    0.00   18.09    0.00    0.00    0.00    0.00    0.00    0.00   12.77
02:39:12 PM   56   70.97    0.00   17.20    0.00    0.00    0.00    0.00    0.00    0.00   11.83
02:39:12 PM   57   69.47    0.00   17.89    0.00    0.00    0.00    0.00    0.00    0.00   12.63
02:39:12 PM   58   70.97    0.00   17.20    0.00    0.00    0.00    0.00    0.00    0.00   11.83
02:39:12 PM   59   69.47    0.00   16.84    0.00    0.00    0.00    0.00    0.00    0.00   13.68
02:39:12 PM   60   68.75    0.00   18.75    1.04    0.00    0.00    0.00    0.00    0.00   11.46
02:39:12 PM   61   70.10    0.00   18.56    0.00    0.00    0.00    0.00    0.00    0.00   11.34
02:39:12 PM   62   70.83    0.00   16.67    1.04    0.00    0.00    0.00    0.00    0.00   11.46
02:39:12 PM   63   71.58    0.00   16.84    0.00    0.00    0.00    0.00    0.00    0.00   11.58
02:39:12 PM   64   69.47    0.00   18.95    0.00    0.00    0.00    0.00    0.00    0.00   11.58
02:39:12 PM   65   69.47    0.00   18.95    1.05    0.00    0.00    0.00    0.00    0.00   10.53
02:39:12 PM   66   69.47    0.00   18.95    0.00    0.00    0.00    0.00    0.00    0.00   11.58
02:39:12 PM   67   70.83    0.00   17.71    0.00    0.00    0.00    0.00    0.00    0.00   11.46
02:39:12 PM   68   69.79    0.00   17.71    1.04    0.00    0.00    0.00    0.00    0.00   11.46
02:39:12 PM   69   69.15    0.00   19.15    0.00    0.00    0.00    0.00    0.00    0.00   11.70
02:39:12 PM   70   68.75    0.00   19.79    1.04    0.00    0.00    0.00    0.00    0.00   10.42
02:39:12 PM   71   70.10    0.00   18.56    0.00    0.00    0.00    0.00    0.00    0.00   11.34
02:39:12 PM   72   71.58    0.00   16.84    2.11    0.00    0.00    0.00    0.00    0.00    9.47
02:39:12 PM   73   71.58    0.00   16.84    1.05    0.00    0.00    0.00    0.00    0.00   10.53
02:39:12 PM   74   69.79    0.00   17.71    0.00    0.00    0.00    0.00    0.00    0.00   12.50
02:39:12 PM   75   69.15    0.00   18.09    1.06    0.00    0.00    0.00    0.00    0.00   11.70
02:39:12 PM   76   71.28    0.00   18.09    0.00    0.00    0.00    0.00    0.00    0.00   10.64
02:39:12 PM   77   68.09    0.00   21.28    0.00    0.00    0.00    0.00    0.00    0.00   10.64
02:39:12 PM   78   69.79    0.00   18.75    0.00    0.00    0.00    0.00    0.00    0.00   11.46
02:39:12 PM   79   72.04    0.00   17.20    0.00    0.00    0.00    0.00    0.00    0.00   10.75

02:39:21 PM  CPU    %usr   %nice    %sys %iowait    %irq   %soft  %steal  %guest  %gnice   %idle
02:39:22 PM  all   73.27    0.00   18.49    0.12    0.00    0.00    0.00    0.00    0.00    8.12
02:39:22 PM    0   74.47    0.00   17.02    0.00    0.00    0.00    0.00    0.00    0.00    8.51
02:39:22 PM    1   70.97    0.00   20.43    0.00    0.00    0.00    0.00    0.00    0.00    8.60
02:39:22 PM    2   73.91    0.00   17.39    0.00    0.00    0.00    0.00    0.00    0.00    8.70
02:39:22 PM    3   72.34    0.00   19.15    0.00    0.00    0.00    0.00    0.00    0.00    8.51
02:39:22 PM    4   71.58    0.00   20.00    0.00    0.00    0.00    0.00    0.00    0.00    8.42
02:39:22 PM    5   72.34    0.00   18.09    0.00    0.00    0.00    0.00    0.00    0.00    9.57
02:39:22 PM    6   73.96    0.00   16.67    0.00    0.00    0.00    0.00    0.00    0.00    9.38
02:39:22 PM    7   76.60    0.00   14.89    0.00    0.00    0.00    0.00    0.00    0.00    8.51
02:39:22 PM    8   77.08    0.00   14.58    0.00    0.00    0.00    0.00    0.00    0.00    8.33
02:39:22 PM    9   74.75    0.00   20.20    0.00    0.00    0.00    0.00    0.00    0.00    5.05
02:39:22 PM   10   70.83    0.00   20.83    0.00    0.00    0.00    0.00    0.00    0.00    8.33
02:39:22 PM   11   71.88    0.00   19.79    0.00    0.00    0.00    0.00    0.00    0.00    8.33
02:39:22 PM   12   72.16    0.00   18.56    0.00    0.00    0.00    0.00    0.00    0.00    9.28
02:39:22 PM   13   70.21    0.00   19.15    1.06    0.00    0.00    0.00    0.00    0.00    9.57
02:39:22 PM   14   75.27    0.00   16.13    0.00    0.00    0.00    0.00    0.00    0.00    8.60
02:39:22 PM   15   71.74    0.00   19.57    0.00    0.00    0.00    0.00    0.00    0.00    8.70
02:39:22 PM   16   72.34    0.00   19.15    0.00    0.00    0.00    0.00    0.00    0.00    8.51
02:39:22 PM   17   69.15    0.00   22.34    0.00    0.00    0.00    0.00    0.00    0.00    8.51
02:39:22 PM   18   74.47    0.00   15.96    0.00    0.00    0.00    0.00    0.00    0.00    9.57
02:39:22 PM   19   72.92    0.00   18.75    0.00    0.00    0.00    0.00    0.00    0.00    8.33
02:39:22 PM   20   75.53    0.00   15.96    1.06    0.00    0.00    0.00    0.00    0.00    7.45
02:39:22 PM   21   74.74    0.00   17.89    0.00    0.00    0.00    0.00    0.00    0.00    7.37
02:39:22 PM   22   71.13    0.00   19.59    1.03    0.00    0.00    0.00    0.00    0.00    8.25
02:39:22 PM   23   71.58    0.00   21.05    0.00    0.00    0.00    0.00    0.00    0.00    7.37
02:39:22 PM   24   76.60    0.00   15.96    0.00    0.00    0.00    0.00    0.00    0.00    7.45
02:39:22 PM   25   72.34    0.00   20.21    0.00    0.00    0.00    0.00    0.00    0.00    7.45
02:39:22 PM   26   72.92    0.00   18.75    0.00    0.00    0.00    0.00    0.00    0.00    8.33
02:39:22 PM   27   73.68    0.00   18.95    0.00    0.00    0.00    0.00    0.00    0.00    7.37
02:39:22 PM   28   74.74    0.00   17.89    1.05    0.00    0.00    0.00    0.00    0.00    6.32
02:39:22 PM   29   73.12    0.00   19.35    0.00    0.00    0.00    0.00    0.00    0.00    7.53
02:39:22 PM   30   74.74    0.00   17.89    0.00    0.00    0.00    0.00    0.00    0.00    7.37
02:39:22 PM   31   70.53    0.00   22.11    0.00    0.00    0.00    0.00    0.00    0.00    7.37
02:39:22 PM   32   70.83    0.00   20.83    0.00    0.00    0.00    0.00    0.00    0.00    8.33
02:39:22 PM   33   72.63    0.00   20.00    0.00    0.00    0.00    0.00    0.00    0.00    7.37
02:39:22 PM   34   72.63    0.00   18.95    0.00    0.00    0.00    0.00    0.00    0.00    8.42
02:39:22 PM   35   74.74    0.00   16.84    0.00    0.00    0.00    0.00    0.00    0.00    8.42
02:39:22 PM   36   75.53    0.00   17.02    0.00    0.00    0.00    0.00    0.00    0.00    7.45
02:39:22 PM   37   75.27    0.00   18.28    0.00    0.00    0.00    0.00    0.00    0.00    6.45
02:39:22 PM   38   72.63    0.00   20.00    0.00    0.00    0.00    0.00    0.00    0.00    7.37
02:39:22 PM   39   74.47    0.00   18.09    0.00    0.00    0.00    0.00    0.00    0.00    7.45
02:39:22 PM   40   73.96    0.00   15.62    1.04    0.00    0.00    0.00    0.00    0.00    9.38
02:39:22 PM   41   72.63    0.00   18.95    0.00    0.00    0.00    0.00    0.00    0.00    8.42
02:39:22 PM   42   73.68    0.00   16.84    0.00    0.00    0.00    0.00    0.00    0.00    9.47
02:39:22 PM   43   72.63    0.00   18.95    0.00    0.00    0.00    0.00    0.00    0.00    8.42
02:39:22 PM   44   70.65    0.00   20.65    0.00    0.00    0.00    0.00    0.00    0.00    8.70
02:39:22 PM   45   73.12    0.00   18.28    0.00    0.00    0.00    0.00    0.00    0.00    8.60
02:39:22 PM   46   72.34    0.00   19.15    0.00    0.00    0.00    0.00    0.00    0.00    8.51
02:39:22 PM   47   73.91    0.00   17.39    0.00    0.00    0.00    0.00    0.00    0.00    8.70
02:39:22 PM   48   72.63    0.00   17.89    0.00    0.00    0.00    0.00    0.00    0.00    9.47
02:39:22 PM   49   72.04    0.00   19.35    0.00    0.00    0.00    0.00    0.00    0.00    8.60
02:39:22 PM   50   71.28    0.00   19.15    0.00    0.00    0.00    0.00    0.00    0.00    9.57
02:39:22 PM   51   72.34    0.00   18.09    0.00    0.00    0.00    0.00    0.00    0.00    9.57
02:39:22 PM   52   70.97    0.00   20.43    0.00    0.00    0.00    0.00    0.00    0.00    8.60
02:39:22 PM   53   71.58    0.00   18.95    0.00    0.00    0.00    0.00    0.00    0.00    9.47
02:39:22 PM   54   74.23    0.00   16.49    0.00    0.00    0.00    0.00    0.00    0.00    9.28
02:39:22 PM   55   71.28    0.00   20.21    0.00    0.00    0.00    0.00    0.00    0.00    8.51
02:39:22 PM   56   72.63    0.00   17.89    0.00    0.00    0.00    0.00    0.00    0.00    9.47
02:39:22 PM   57   73.47    0.00   18.37    0.00    0.00    0.00    0.00    0.00    0.00    8.16
02:39:22 PM   58   73.40    0.00   18.09    0.00    0.00    0.00    0.00    0.00    0.00    8.51
02:39:22 PM   59   74.74    0.00   15.79    0.00    0.00    0.00    0.00    0.00    0.00    9.47
02:39:22 PM   60   77.08    0.00   15.62    0.00    0.00    0.00    0.00    0.00    0.00    7.29
02:39:22 PM   61   75.27    0.00   17.20    0.00    0.00    0.00    0.00    0.00    0.00    7.53
02:39:22 PM   62   73.96    0.00   18.75    0.00    0.00    0.00    0.00    0.00    0.00    7.29
02:39:22 PM   63   76.04    0.00   16.67    0.00    0.00    0.00    0.00    0.00    0.00    7.29
02:39:22 PM   64   73.47    0.00   18.37    0.00    0.00    0.00    0.00    0.00    0.00    8.16
02:39:22 PM   65   72.92    0.00   18.75    1.04    0.00    0.00    0.00    0.00    0.00    7.29
02:39:22 PM   66   70.10    0.00   21.65    1.03    0.00    0.00    0.00    0.00    0.00    7.22
02:39:22 PM   67   73.40    0.00   19.15    0.00    0.00    0.00    0.00    0.00    0.00    7.45
02:39:22 PM   68   73.68    0.00   17.89    1.05    0.00    0.00    0.00    0.00    0.00    7.37
02:39:22 PM   69   75.26    0.00   17.53    1.03    0.00    0.00    0.00    0.00    0.00    6.19
02:39:22 PM   70   77.42    0.00   16.13    0.00    0.00    0.00    0.00    0.00    0.00    6.45
02:39:22 PM   71   72.63    0.00   20.00    0.00    0.00    0.00    0.00    0.00    0.00    7.37
02:39:22 PM   72   71.88    0.00   20.83    0.00    0.00    0.00    0.00    0.00    0.00    7.29
02:39:22 PM   73   73.96    0.00   17.71    0.00    0.00    0.00    0.00    0.00    0.00    8.33
02:39:22 PM   74   75.53    0.00   17.02    0.00    0.00    0.00    0.00    0.00    0.00    7.45
02:39:22 PM   75   71.58    0.00   21.05    0.00    0.00    0.00    0.00    0.00    0.00    7.37
02:39:22 PM   76   71.88    0.00   19.79    0.00    0.00    0.00    0.00    0.00    0.00    8.33
02:39:22 PM   77   73.68    0.00   18.95    0.00    0.00    0.00    0.00    0.00    0.00    7.37
02:39:22 PM   78   75.00    0.00   17.71    0.00    0.00    0.00    0.00    0.00    0.00    7.29
02:39:22 PM   79   73.68    0.00   17.89    0.00    0.00    0.00    0.00    0.00    0.00    8.42

02:39:31 PM  CPU    %usr   %nice    %sys %iowait    %irq   %soft  %steal  %guest  %gnice   %idle
02:39:32 PM  all   71.73    0.00   18.41    0.21    0.00    0.00    0.00    0.00    0.00    9.65
02:39:32 PM    0   71.88    0.00   17.71    0.00    0.00    0.00    0.00    0.00    0.00   10.42
02:39:32 PM    1   68.09    0.00   21.28    0.00    0.00    0.00    0.00    0.00    0.00   10.64
02:39:32 PM    2   72.63    0.00   17.89    0.00    0.00    0.00    0.00    0.00    0.00    9.47
02:39:32 PM    3   71.13    0.00   19.59    0.00    0.00    0.00    0.00    0.00    0.00    9.28
02:39:32 PM    4   72.34    0.00   18.09    0.00    0.00    0.00    0.00    0.00    0.00    9.57
02:39:32 PM    5   70.83    0.00   18.75    0.00    0.00    0.00    0.00    0.00    0.00   10.42
02:39:32 PM    6   69.07    0.00   19.59    1.03    0.00    0.00    0.00    0.00    0.00   10.31
02:39:32 PM    7   70.53    0.00   18.95    0.00    0.00    0.00    0.00    0.00    0.00   10.53
02:39:32 PM    8   72.04    0.00   18.28    0.00    0.00    0.00    0.00    0.00    0.00    9.68
02:39:32 PM    9   72.34    0.00   17.02    0.00    0.00    0.00    0.00    0.00    0.00   10.64
02:39:32 PM   10   70.97    0.00   18.28    0.00    0.00    0.00    0.00    0.00    0.00   10.75
02:39:32 PM   11   70.53    0.00   18.95    0.00    0.00    0.00    0.00    0.00    0.00   10.53
02:39:32 PM   12   69.47    0.00   20.00    0.00    0.00    0.00    0.00    0.00    0.00   10.53
02:39:32 PM   13   71.58    0.00   17.89    0.00    0.00    0.00    0.00    0.00    0.00   10.53
02:39:32 PM   14   70.83    0.00   17.71    1.04    0.00    0.00    0.00    0.00    0.00   10.42
02:39:32 PM   15   71.58    0.00   18.95    0.00    0.00    0.00    0.00    0.00    0.00    9.47
02:39:32 PM   16   71.58    0.00   18.95    0.00    0.00    0.00    0.00    0.00    0.00    9.47
02:39:32 PM   17   70.53    0.00   18.95    0.00    0.00    0.00    0.00    0.00    0.00   10.53
02:39:32 PM   18   71.58    0.00   16.84    1.05    0.00    0.00    0.00    0.00    0.00   10.53
02:39:32 PM   19   75.00    0.00   15.22    0.00    0.00    0.00    0.00    0.00    0.00    9.78
02:39:32 PM   20   72.63    0.00   17.89    0.00    0.00    0.00    0.00    0.00    0.00    9.47
02:39:32 PM   21   71.88    0.00   18.75    0.00    0.00    0.00    0.00    0.00    0.00    9.38
02:39:32 PM   22   70.83    0.00   19.79    0.00    0.00    0.00    0.00    0.00    0.00    9.38
02:39:32 PM   23   69.47    0.00   20.00    0.00    0.00    0.00    0.00    0.00    0.00   10.53
02:39:32 PM   24   70.53    0.00   18.95    1.05    0.00    0.00    0.00    0.00    0.00    9.47
02:39:32 PM   25   72.34    0.00   18.09    0.00    0.00    0.00    0.00    0.00    0.00    9.57
02:39:32 PM   26   70.53    0.00   18.95    0.00    0.00    0.00    0.00    0.00    0.00   10.53
02:39:32 PM   27   71.58    0.00   20.00    0.00    0.00    0.00    0.00    0.00    0.00    8.42
02:39:32 PM   28   71.58    0.00   18.95    0.00    0.00    0.00    0.00    0.00    0.00    9.47
02:39:32 PM   29   69.47    0.00   20.00    1.05    0.00    0.00    0.00    0.00    0.00    9.47
02:39:32 PM   30   71.28    0.00   19.15    0.00    0.00    0.00    0.00    0.00    0.00    9.57
02:39:32 PM   31   70.21    0.00   20.21    1.06    0.00    0.00    0.00    0.00    0.00    8.51
02:39:32 PM   32   70.83    0.00   18.75    1.04    0.00    0.00    0.00    0.00    0.00    9.38
02:39:32 PM   33   70.83    0.00   18.75    2.08    0.00    0.00    0.00    0.00    0.00    8.33
02:39:32 PM   34   73.96    0.00   18.75    0.00    0.00    0.00    0.00    0.00    0.00    7.29
02:39:32 PM   35   73.40    0.00   17.02    0.00    0.00    0.00    0.00    0.00    0.00    9.57
02:39:32 PM   36   72.63    0.00   17.89    0.00    0.00    0.00    0.00    0.00    0.00    9.47
02:39:32 PM   37   69.47    0.00   18.95    1.05    0.00    0.00    0.00    0.00    0.00   10.53
02:39:32 PM   38   70.83    0.00   19.79    0.00    0.00    0.00    0.00    0.00    0.00    9.38
02:39:32 PM   39   71.88    0.00   18.75    0.00    0.00    0.00    0.00    0.00    0.00    9.38
02:39:32 PM   40   73.40    0.00   17.02    0.00    0.00    0.00    0.00    0.00    0.00    9.57
02:39:32 PM   41   72.92    0.00   16.67    0.00    0.00    0.00    0.00    0.00    0.00   10.42
02:39:32 PM   42   71.58    0.00   17.89    0.00    0.00    0.00    0.00    0.00    0.00   10.53
02:39:32 PM   43   70.21    0.00   18.09    0.00    0.00    0.00    0.00    0.00    0.00   11.70
02:39:32 PM   44   73.40    0.00   15.96    0.00    0.00    0.00    0.00    0.00    0.00   10.64
02:39:32 PM   45   70.83    0.00   17.71    1.04    0.00    0.00    0.00    0.00    0.00   10.42
02:39:32 PM   46   71.58    0.00   17.89    0.00    0.00    0.00    0.00    0.00    0.00   10.53
02:39:32 PM   47   70.83    0.00   18.75    1.04    0.00    0.00    0.00    0.00    0.00    9.38
02:39:32 PM   48   72.16    0.00   17.53    1.03    0.00    0.00    0.00    0.00    0.00    9.28
02:39:32 PM   49   71.88    0.00   17.71    0.00    0.00    0.00    0.00    0.00    0.00   10.42
02:39:32 PM   50   72.63    0.00   18.95    0.00    0.00    0.00    0.00    0.00    0.00    8.42
02:39:32 PM   51   72.34    0.00   18.09    0.00    0.00    0.00    0.00    0.00    0.00    9.57
02:39:32 PM   52   72.34    0.00   18.09    1.06    0.00    0.00    0.00    0.00    0.00    8.51
02:39:32 PM   53   72.34    0.00   18.09    0.00    0.00    0.00    0.00    0.00    0.00    9.57
02:39:32 PM   54   71.58    0.00   17.89    0.00    0.00    0.00    0.00    0.00    0.00   10.53
02:39:32 PM   55   71.58    0.00   18.95    0.00    0.00    0.00    0.00    0.00    0.00    9.47
02:39:32 PM   56   70.53    0.00   18.95    0.00    0.00    0.00    0.00    0.00    0.00   10.53
02:39:32 PM   57   70.83    0.00   19.79    0.00    0.00    0.00    0.00    0.00    0.00    9.38
02:39:32 PM   58   72.63    0.00   17.89    0.00    0.00    0.00    0.00    0.00    0.00    9.47
02:39:32 PM   59   71.58    0.00   17.89    0.00    0.00    0.00    0.00    0.00    0.00   10.53
02:39:32 PM   60   70.83    0.00   19.79    1.04    0.00    0.00    0.00    0.00    0.00    8.33
02:39:32 PM   61   73.68    0.00   16.84    0.00    0.00    0.00    0.00    0.00    0.00    9.47
02:39:32 PM   62   72.34    0.00   17.02    0.00    0.00    0.00    0.00    0.00    0.00   10.64
02:39:32 PM   63   71.28    0.00   19.15    0.00    0.00    0.00    0.00    0.00    0.00    9.57
02:39:32 PM   64   73.40    0.00   17.02    0.00    0.00    0.00    0.00    0.00    0.00    9.57
02:39:32 PM   65   73.40    0.00   17.02    0.00    0.00    0.00    0.00    0.00    0.00    9.57
02:39:32 PM   66   69.15    0.00   21.28    0.00    0.00    0.00    0.00    0.00    0.00    9.57
02:39:32 PM   67   70.83    0.00   19.79    0.00    0.00    0.00    0.00    0.00    0.00    9.38
02:39:32 PM   68   71.58    0.00   20.00    0.00    0.00    0.00    0.00    0.00    0.00    8.42
02:39:32 PM   69   71.88    0.00   18.75    0.00    0.00    0.00    0.00    0.00    0.00    9.38
02:39:32 PM   70   73.40    0.00   17.02    0.00    0.00    0.00    0.00    0.00    0.00    9.57
02:39:32 PM   71   74.74    0.00   16.84    0.00    0.00    0.00    0.00    0.00    0.00    8.42
02:39:32 PM   72   75.27    0.00   16.13    0.00    0.00    0.00    0.00    0.00    0.00    8.60
02:39:32 PM   73   73.68    0.00   17.89    0.00    0.00    0.00    0.00    0.00    0.00    8.42
02:39:32 PM   74   77.08    0.00   15.62    0.00    0.00    0.00    0.00    0.00    0.00    7.29
02:39:32 PM   75   71.28    0.00   19.15    0.00    0.00    0.00    0.00    0.00    0.00    9.57
02:39:32 PM   76   70.21    0.00   20.21    0.00    0.00    0.00    0.00    0.00    0.00    9.57
02:39:32 PM   77   72.92    0.00   17.71    1.04    0.00    0.00    0.00    0.00    0.00    8.33
02:39:32 PM   78   71.28    0.00   19.15    0.00    0.00    0.00    0.00    0.00    0.00    9.57
02:39:32 PM   79   72.63    0.00   17.89    0.00    0.00    0.00    0.00    0.00    0.00    9.47

02:39:41 PM  CPU    %usr   %nice    %sys %iowait    %irq   %soft  %steal  %guest  %gnice   %idle
02:39:42 PM  all   72.13    0.00   18.38    0.20    0.00    0.00    0.00    0.00    0.00    9.30
02:39:42 PM    0   71.58    0.00   18.95    0.00    0.00    0.00    0.00    0.00    0.00    9.47
02:39:42 PM    1   69.47    0.00   20.00    0.00    0.00    0.00    0.00    0.00    0.00   10.53
02:39:42 PM    2   69.89    0.00   19.35    0.00    0.00    0.00    0.00    0.00    0.00   10.75
02:39:42 PM    3   71.88    0.00   18.75    0.00    0.00    0.00    0.00    0.00    0.00    9.38
02:39:42 PM    4   72.45    0.00   17.35    1.02    0.00    0.00    0.00    0.00    0.00    9.18
02:39:42 PM    5   73.40    0.00   18.09    0.00    0.00    0.00    0.00    0.00    0.00    8.51
02:39:42 PM    6   73.40    0.00   17.02    0.00    0.00    0.00    0.00    0.00    0.00    9.57
02:39:42 PM    7   71.88    0.00   17.71    0.00    0.00    0.00    0.00    0.00    0.00   10.42
02:39:42 PM    8   73.68    0.00   16.84    0.00    0.00    0.00    0.00    0.00    0.00    9.47
02:39:42 PM    9   70.83    0.00   18.75    1.04    0.00    0.00    0.00    0.00    0.00    9.38
02:39:42 PM   10   73.40    0.00   17.02    0.00    0.00    0.00    0.00    0.00    0.00    9.57
02:39:42 PM   11   72.04    0.00   18.28    0.00    0.00    0.00    0.00    0.00    0.00    9.68
02:39:42 PM   12   72.92    0.00   16.67    1.04    0.00    0.00    0.00    0.00    0.00    9.38
02:39:42 PM   13   72.92    0.00   17.71    0.00    0.00    0.00    0.00    0.00    0.00    9.38
02:39:42 PM   14   70.53    0.00   20.00    0.00    0.00    0.00    0.00    0.00    0.00    9.47
02:39:42 PM   15   71.58    0.00   17.89    0.00    0.00    0.00    0.00    0.00    0.00   10.53
02:39:42 PM   16   70.53    0.00   20.00    0.00    0.00    0.00    0.00    0.00    0.00    9.47
02:39:42 PM   17   72.04    0.00   17.20    0.00    0.00    0.00    0.00    0.00    0.00   10.75
02:39:42 PM   18   71.28    0.00   19.15    0.00    0.00    0.00    0.00    0.00    0.00    9.57
02:39:42 PM   19   69.47    0.00   20.00    0.00    0.00    0.00    0.00    0.00    0.00   10.53
02:39:42 PM   20   73.12    0.00   18.28    0.00    0.00    0.00    0.00    0.00    0.00    8.60
02:39:42 PM   21   72.63    0.00   18.95    1.05    0.00    0.00    0.00    0.00    0.00    7.37
02:39:42 PM   22   71.28    0.00   20.21    0.00    0.00    0.00    0.00    0.00    0.00    8.51
02:39:42 PM   23   72.63    0.00   17.89    0.00    0.00    0.00    0.00    0.00    0.00    9.47
02:39:42 PM   24   72.92    0.00   16.67    1.04    0.00    0.00    0.00    0.00    0.00    9.38
02:39:42 PM   25   72.16    0.00   18.56    0.00    0.00    0.00    0.00    0.00    0.00    9.28
02:39:42 PM   26   70.53    0.00   21.05    0.00    0.00    0.00    0.00    0.00    0.00    8.42
02:39:42 PM   27   72.63    0.00   18.95    0.00    0.00    0.00    0.00    0.00    0.00    8.42
02:39:42 PM   28   68.75    0.00   20.83    0.00    0.00    0.00    0.00    0.00    0.00   10.42
02:39:42 PM   29   72.63    0.00   18.95    0.00    0.00    0.00    0.00    0.00    0.00    8.42
02:39:42 PM   30   68.42    0.00   21.05    1.05    0.00    0.00    0.00    0.00    0.00    9.47
02:39:42 PM   31   73.96    0.00   16.67    1.04    0.00    0.00    0.00    0.00    0.00    8.33
02:39:42 PM   32   69.79    0.00   20.83    0.00    0.00    0.00    0.00    0.00    0.00    9.38
02:39:42 PM   33   75.27    0.00   16.13    0.00    0.00    0.00    0.00    0.00    0.00    8.60
02:39:42 PM   34   67.37    0.00   23.16    0.00    0.00    0.00    0.00    0.00    0.00    9.47
02:39:42 PM   35   71.58    0.00   18.95    0.00    0.00    0.00    0.00    0.00    0.00    9.47
02:39:42 PM   36   71.58    0.00   17.89    0.00    0.00    0.00    0.00    0.00    0.00   10.53
02:39:42 PM   37   73.40    0.00   18.09    0.00    0.00    0.00    0.00    0.00    0.00    8.51
02:39:42 PM   38   72.92    0.00   17.71    0.00    0.00    0.00    0.00    0.00    0.00    9.38
02:39:42 PM   39   70.21    0.00   20.21    0.00    0.00    0.00    0.00    0.00    0.00    9.57
02:39:42 PM   40   72.34    0.00   18.09    0.00    0.00    0.00    0.00    0.00    0.00    9.57
02:39:42 PM   41   71.58    0.00   18.95    0.00    0.00    0.00    0.00    0.00    0.00    9.47
02:39:42 PM   42   72.34    0.00   17.02    0.00    0.00    0.00    0.00    0.00    0.00   10.64
02:39:42 PM   43   72.63    0.00   16.84    1.05    0.00    0.00    0.00    0.00    0.00    9.47
02:39:42 PM   44   74.47    0.00   15.96    0.00    0.00    0.00    0.00    0.00    0.00    9.57
02:39:42 PM   45   72.92    0.00   16.67    1.04    0.00    0.00    0.00    0.00    0.00    9.38
02:39:42 PM   46   72.63    0.00   16.84    0.00    0.00    0.00    0.00    0.00    0.00   10.53
02:39:42 PM   47   72.63    0.00   17.89    0.00    0.00    0.00    0.00    0.00    0.00    9.47
02:39:42 PM   48   72.16    0.00   18.56    0.00    0.00    0.00    0.00    0.00    0.00    9.28
02:39:42 PM   49   70.83    0.00   18.75    1.04    0.00    0.00    0.00    0.00    0.00    9.38
02:39:42 PM   50   71.88    0.00   17.71    1.04    0.00    0.00    0.00    0.00    0.00    9.38
02:39:42 PM   51   71.88    0.00   18.75    0.00    0.00    0.00    0.00    0.00    0.00    9.38
02:39:42 PM   52   73.40    0.00   17.02    0.00    0.00    0.00    0.00    0.00    0.00    9.57
02:39:42 PM   53   72.16    0.00   18.56    1.03    0.00    0.00    0.00    0.00    0.00    8.25
02:39:42 PM   54   71.58    0.00   18.95    0.00    0.00    0.00    0.00    0.00    0.00    9.47
02:39:42 PM   55   71.58    0.00   18.95    0.00    0.00    0.00    0.00    0.00    0.00    9.47
02:39:42 PM   56   71.28    0.00   19.15    0.00    0.00    0.00    0.00    0.00    0.00    9.57
02:39:42 PM   57   71.28    0.00   19.15    0.00    0.00    0.00    0.00    0.00    0.00    9.57
02:39:42 PM   58   72.92    0.00   17.71    0.00    0.00    0.00    0.00    0.00    0.00    9.38
02:39:42 PM   59   72.63    0.00   17.89    0.00    0.00    0.00    0.00    0.00    0.00    9.47
02:39:42 PM   60   78.35    0.00   17.53    0.00    0.00    0.00    0.00    0.00    0.00    4.12
02:39:42 PM   61   72.34    0.00   19.15    0.00    0.00    0.00    0.00    0.00    0.00    8.51
02:39:42 PM   62   72.92    0.00   17.71    1.04    0.00    0.00    0.00    0.00    0.00    8.33
02:39:42 PM   63   71.88    0.00   18.75    0.00    0.00    0.00    0.00    0.00    0.00    9.38
02:39:42 PM   64   71.88    0.00   18.75    0.00    0.00    0.00    0.00    0.00    0.00    9.38
02:39:42 PM   65   73.96    0.00   16.67    0.00    0.00    0.00    0.00    0.00    0.00    9.38
02:39:42 PM   66   72.63    0.00   17.89    0.00    0.00    0.00    0.00    0.00    0.00    9.47
02:39:42 PM   67   74.23    0.00   16.49    1.03    0.00    0.00    0.00    0.00    0.00    8.25
02:39:42 PM   68   72.16    0.00   18.56    1.03    0.00    0.00    0.00    0.00    0.00    8.25
02:39:42 PM   69   70.83    0.00   18.75    0.00    0.00    0.00    0.00    0.00    0.00   10.42
02:39:42 PM   70   70.97    0.00   20.43    0.00    0.00    0.00    0.00    0.00    0.00    8.60
02:39:42 PM   71   72.16    0.00   18.56    0.00    0.00    0.00    0.00    0.00    0.00    9.28
02:39:42 PM   72   73.40    0.00   17.02    0.00    0.00    0.00    0.00    0.00    0.00    9.57
02:39:42 PM   73   70.83    0.00   20.83    0.00    0.00    0.00    0.00    0.00    0.00    8.33
02:39:42 PM   74   73.68    0.00   16.84    0.00    0.00    0.00    0.00    0.00    0.00    9.47
02:39:42 PM   75   71.58    0.00   18.95    0.00    0.00    0.00    0.00    0.00    0.00    9.47
02:39:42 PM   76   73.68    0.00   16.84    0.00    0.00    0.00    0.00    0.00    0.00    9.47
02:39:42 PM   77   72.92    0.00   17.71    0.00    0.00    0.00    0.00    0.00    0.00    9.38
02:39:42 PM   78   72.92    0.00   17.71    0.00    0.00    0.00    0.00    0.00    0.00    9.38
02:39:42 PM   79   72.63    0.00   17.89    0.00    0.00    0.00    0.00    0.00    0.00    9.47

02:39:51 PM  CPU    %usr   %nice    %sys %iowait    %irq   %soft  %steal  %guest  %gnice   %idle
02:39:52 PM  all   71.64    0.00   18.50    0.21    0.00    0.00    0.00    0.00    0.00    9.65
02:39:52 PM    0   71.88    0.00   17.71    1.04    0.00    0.00    0.00    0.00    0.00    9.38
02:39:52 PM    1   72.34    0.00   17.02    0.00    0.00    0.00    0.00    0.00    0.00   10.64
02:39:52 PM    2   69.47    0.00   20.00    0.00    0.00    0.00    0.00    0.00    0.00   10.53
02:39:52 PM    3   70.21    0.00   19.15    0.00    0.00    0.00    0.00    0.00    0.00   10.64
02:39:52 PM    4   71.28    0.00   19.15    0.00    0.00    0.00    0.00    0.00    0.00    9.57
02:39:52 PM    5   73.12    0.00   17.20    0.00    0.00    0.00    0.00    0.00    0.00    9.68
02:39:52 PM    6   72.63    0.00   17.89    0.00    0.00    0.00    0.00    0.00    0.00    9.47
02:39:52 PM    7   73.40    0.00   15.96    0.00    0.00    0.00    0.00    0.00    0.00   10.64
02:39:52 PM    8   70.53    0.00   18.95    0.00    0.00    0.00    0.00    0.00    0.00   10.53
02:39:52 PM    9   71.88    0.00   17.71    0.00    0.00    0.00    0.00    0.00    0.00   10.42
02:39:52 PM   10   70.21    0.00   19.15    0.00    0.00    0.00    0.00    0.00    0.00   10.64
02:39:52 PM   11   71.58    0.00   17.89    0.00    0.00    0.00    0.00    0.00    0.00   10.53
02:39:52 PM   12   71.58    0.00   18.95    0.00    0.00    0.00    0.00    0.00    0.00    9.47
02:39:52 PM   13   69.39    0.00   19.39    1.02    0.00    0.00    0.00    0.00    0.00   10.20
02:39:52 PM   14   68.82    0.00   21.51    0.00    0.00    0.00    0.00    0.00    0.00    9.68
02:39:52 PM   15   70.65    0.00   19.57    0.00    0.00    0.00    0.00    0.00    0.00    9.78
02:39:52 PM   16   69.47    0.00   20.00    1.05    0.00    0.00    0.00    0.00    0.00    9.47
02:39:52 PM   17   73.40    0.00   17.02    0.00    0.00    0.00    0.00    0.00    0.00    9.57
02:39:52 PM   18   74.74    0.00   14.74    0.00    0.00    0.00    0.00    0.00    0.00   10.53
02:39:52 PM   19   72.34    0.00   17.02    0.00    0.00    0.00    0.00    0.00    0.00   10.64
02:39:52 PM   20   73.47    0.00   16.33    1.02    0.00    0.00    0.00    0.00    0.00    9.18
02:39:52 PM   21   69.07    0.00   20.62    1.03    0.00    0.00    0.00    0.00    0.00    9.28
02:39:52 PM   22   69.47    0.00   21.05    0.00    0.00    0.00    0.00    0.00    0.00    9.47
02:39:52 PM   23   69.07    0.00   20.62    1.03    0.00    0.00    0.00    0.00    0.00    9.28
02:39:52 PM   24   72.92    0.00   17.71    0.00    0.00    0.00    0.00    0.00    0.00    9.38
02:39:52 PM   25   72.34    0.00   18.09    0.00    0.00    0.00    0.00    0.00    0.00    9.57
02:39:52 PM   26   74.74    0.00   15.79    0.00    0.00    0.00    0.00    0.00    0.00    9.47
02:39:52 PM   27   73.20    0.00   18.56    0.00    0.00    0.00    0.00    0.00    0.00    8.25
02:39:52 PM   28   73.96    0.00   16.67    0.00    0.00    0.00    0.00    0.00    0.00    9.38
02:39:52 PM   29   70.83    0.00   18.75    0.00    0.00    0.00    0.00    0.00    0.00   10.42
02:39:52 PM   30   71.28    0.00   20.21    0.00    0.00    0.00    0.00    0.00    0.00    8.51
02:39:52 PM   31   69.47    0.00   21.05    0.00    0.00    0.00    0.00    0.00    0.00    9.47
02:39:52 PM   32   73.40    0.00   17.02    0.00    0.00    0.00    0.00    0.00    0.00    9.57
02:39:52 PM   33   69.47    0.00   20.00    1.05    0.00    0.00    0.00    0.00    0.00    9.47
02:39:52 PM   34   70.83    0.00   18.75    1.04    0.00    0.00    0.00    0.00    0.00    9.38
02:39:52 PM   35   70.10    0.00   19.59    1.03    0.00    0.00    0.00    0.00    0.00    9.28
02:39:52 PM   36   70.83    0.00   18.75    0.00    0.00    0.00    0.00    0.00    0.00   10.42
02:39:52 PM   37   73.12    0.00   17.20    0.00    0.00    0.00    0.00    0.00    0.00    9.68
02:39:52 PM   38   72.63    0.00   17.89    0.00    0.00    0.00    0.00    0.00    0.00    9.47
02:39:52 PM   39   72.16    0.00   17.53    1.03    0.00    0.00    0.00    0.00    0.00    9.28
02:39:52 PM   40   72.63    0.00   16.84    0.00    0.00    0.00    0.00    0.00    0.00   10.53
02:39:52 PM   41   70.83    0.00   18.75    0.00    0.00    0.00    0.00    0.00    0.00   10.42
02:39:52 PM   42   69.15    0.00   20.21    0.00    0.00    0.00    0.00    0.00    0.00   10.64
02:39:52 PM   43   72.34    0.00   18.09    0.00    0.00    0.00    0.00    0.00    0.00    9.57
02:39:52 PM   44   72.63    0.00   16.84    1.05    0.00    0.00    0.00    0.00    0.00    9.47
02:39:52 PM   45   74.47    0.00   14.89    0.00    0.00    0.00    0.00    0.00    0.00   10.64
02:39:52 PM   46   70.83    0.00   18.75    0.00    0.00    0.00    0.00    0.00    0.00   10.42
02:39:52 PM   47   68.42    0.00   21.05    0.00    0.00    0.00    0.00    0.00    0.00   10.53
02:39:52 PM   48   69.15    0.00   19.15    0.00    0.00    0.00    0.00    0.00    0.00   11.70
02:39:52 PM   49   73.20    0.00   16.49    0.00    0.00    0.00    0.00    0.00    0.00   10.31
02:39:52 PM   50   68.09    0.00   21.28    0.00    0.00    0.00    0.00    0.00    0.00   10.64
02:39:52 PM   51   71.13    0.00   18.56    0.00    0.00    0.00    0.00    0.00    0.00   10.31
02:39:52 PM   52   72.63    0.00   16.84    0.00    0.00    0.00    0.00    0.00    0.00   10.53
02:39:52 PM   53   70.53    0.00   17.89    1.05    0.00    0.00    0.00    0.00    0.00   10.53
02:39:52 PM   54   71.88    0.00   18.75    0.00    0.00    0.00    0.00    0.00    0.00    9.38
02:39:52 PM   55   71.43    0.00   17.35    1.02    0.00    0.00    0.00    0.00    0.00   10.20
02:39:52 PM   56   70.53    0.00   20.00    0.00    0.00    0.00    0.00    0.00    0.00    9.47
02:39:52 PM   57   70.83    0.00   18.75    0.00    0.00    0.00    0.00    0.00    0.00   10.42
02:39:52 PM   58   70.53    0.00   21.05    0.00    0.00    0.00    0.00    0.00    0.00    8.42
02:39:52 PM   59   69.07    0.00   20.62    1.03    0.00    0.00    0.00    0.00    0.00    9.28
02:39:52 PM   60   73.68    0.00   16.84    0.00    0.00    0.00    0.00    0.00    0.00    9.47
02:39:52 PM   61   70.10    0.00   18.56    1.03    0.00    0.00    0.00    0.00    0.00   10.31
02:39:52 PM   62   71.58    0.00   17.89    0.00    0.00    0.00    0.00    0.00    0.00   10.53
02:39:52 PM   63   68.75    0.00   20.83    0.00    0.00    0.00    0.00    0.00    0.00   10.42
02:39:52 PM   64   73.68    0.00   16.84    0.00    0.00    0.00    0.00    0.00    0.00    9.47
02:39:52 PM   65   73.20    0.00   17.53    0.00    0.00    0.00    0.00    0.00    0.00    9.28
02:39:52 PM   66   69.47    0.00   20.00    1.05    0.00    0.00    0.00    0.00    0.00    9.47
02:39:52 PM   67   74.74    0.00   18.95    0.00    0.00    0.00    0.00    0.00    0.00    6.32
02:39:52 PM   68   73.12    0.00   18.28    0.00    0.00    0.00    0.00    0.00    0.00    8.60
02:39:52 PM   69   71.13    0.00   19.59    0.00    0.00    0.00    0.00    0.00    0.00    9.28
02:39:52 PM   70   74.19    0.00   17.20    0.00    0.00    0.00    0.00    0.00    0.00    8.60
02:39:52 PM   71   70.83    0.00   18.75    0.00    0.00    0.00    0.00    0.00    0.00   10.42
02:39:52 PM   72   73.12    0.00   18.28    0.00    0.00    0.00    0.00    0.00    0.00    8.60
02:39:52 PM   73   72.63    0.00   18.95    0.00    0.00    0.00    0.00    0.00    0.00    8.42
02:39:52 PM   74   70.83    0.00   19.79    0.00    0.00    0.00    0.00    0.00    0.00    9.38
02:39:52 PM   75   71.13    0.00   19.59    0.00    0.00    0.00    0.00    0.00    0.00    9.28
02:39:52 PM   76   72.63    0.00   17.89    0.00    0.00    0.00    0.00    0.00    0.00    9.47
02:39:52 PM   77   76.04    0.00   19.79    0.00    0.00    0.00    0.00    0.00    0.00    4.17
02:39:52 PM   78   75.79    0.00   15.79    0.00    0.00    0.00    0.00    0.00    0.00    8.42
02:39:52 PM   79   73.40    0.00   18.09    0.00    0.00    0.00    0.00    0.00    0.00    8.51

02:40:01 PM  CPU    %usr   %nice    %sys %iowait    %irq   %soft  %steal  %guest  %gnice   %idle
02:40:02 PM  all   70.91    0.00   18.07    0.26    0.00    0.00    0.00    0.00    0.00   10.76
02:40:02 PM    0   72.34    0.00   18.09    0.00    0.00    0.00    0.00    0.00    0.00    9.57
02:40:02 PM    1   72.16    0.00   16.49    0.00    0.00    0.00    0.00    0.00    0.00   11.34
02:40:02 PM    2   71.58    0.00   16.84    1.05    0.00    0.00    0.00    0.00    0.00   10.53
02:40:02 PM    3   71.28    0.00   17.02    0.00    0.00    0.00    0.00    0.00    0.00   11.70
02:40:02 PM    4   71.58    0.00   16.84    0.00    0.00    0.00    0.00    0.00    0.00   11.58
02:40:02 PM    5   70.83    0.00   18.75    0.00    0.00    0.00    0.00    0.00    0.00   10.42
02:40:02 PM    6   68.75    0.00   20.83    0.00    0.00    0.00    0.00    0.00    0.00   10.42
02:40:02 PM    7   70.53    0.00   17.89    0.00    0.00    0.00    0.00    0.00    0.00   11.58
02:40:02 PM    8   71.88    0.00   16.67    0.00    0.00    0.00    0.00    0.00    0.00   11.46
02:40:02 PM    9   71.13    0.00   17.53    0.00    0.00    0.00    0.00    0.00    0.00   11.34
02:40:02 PM   10   71.74    0.00   16.30    0.00    0.00    0.00    0.00    0.00    0.00   11.96
02:40:02 PM   11   69.79    0.00   18.75    0.00    0.00    0.00    0.00    0.00    0.00   11.46
02:40:02 PM   12   71.58    0.00   17.89    0.00    0.00    0.00    0.00    0.00    0.00   10.53
02:40:02 PM   13   70.10    0.00   17.53    1.03    0.00    0.00    0.00    0.00    0.00   11.34
02:40:02 PM   14   71.58    0.00   17.89    0.00    0.00    0.00    0.00    0.00    0.00   10.53
02:40:02 PM   15   72.04    0.00   16.13    0.00    0.00    0.00    0.00    0.00    0.00   11.83
02:40:02 PM   16   70.53    0.00   16.84    1.05    0.00    0.00    0.00    0.00    0.00   11.58
02:40:02 PM   17   70.53    0.00   17.89    1.05    0.00    0.00    0.00    0.00    0.00   10.53
02:40:02 PM   18   70.83    0.00   17.71    1.04    0.00    0.00    0.00    0.00    0.00   10.42
02:40:02 PM   19   70.65    0.00   18.48    0.00    0.00    0.00    0.00    0.00    0.00   10.87
02:40:02 PM   20   72.63    0.00   15.79    0.00    0.00    0.00    0.00    0.00    0.00   11.58
02:40:02 PM   21   71.58    0.00   17.89    0.00    0.00    0.00    0.00    0.00    0.00   10.53
02:40:02 PM   22   71.58    0.00   18.95    0.00    0.00    0.00    0.00    0.00    0.00    9.47
02:40:02 PM   23   71.28    0.00   18.09    0.00    0.00    0.00    0.00    0.00    0.00   10.64
02:40:02 PM   24   68.75    0.00   19.79    1.04    0.00    0.00    0.00    0.00    0.00   10.42
02:40:02 PM   25   68.75    0.00   19.79    0.00    0.00    0.00    0.00    0.00    0.00   11.46
02:40:02 PM   26   69.15    0.00   19.15    0.00    0.00    0.00    0.00    0.00    0.00   11.70
02:40:02 PM   27   72.63    0.00   16.84    0.00    0.00    0.00    0.00    0.00    0.00   10.53
02:40:02 PM   28   69.15    0.00   20.21    0.00    0.00    0.00    0.00    0.00    0.00   10.64
02:40:02 PM   29   73.40    0.00   18.09    0.00    0.00    0.00    0.00    0.00    0.00    8.51
02:40:02 PM   30   71.28    0.00   17.02    1.06    0.00    0.00    0.00    0.00    0.00   10.64
02:40:02 PM   31   68.09    0.00   21.28    0.00    0.00    0.00    0.00    0.00    0.00   10.64
02:40:02 PM   32   71.58    0.00   17.89    0.00    0.00    0.00    0.00    0.00    0.00   10.53
02:40:02 PM   33   69.15    0.00   19.15    0.00    0.00    0.00    0.00    0.00    0.00   11.70
02:40:02 PM   34   72.63    0.00   16.84    0.00    0.00    0.00    0.00    0.00    0.00   10.53
02:40:02 PM   35   70.21    0.00   19.15    0.00    0.00    0.00    0.00    0.00    0.00   10.64
02:40:02 PM   36   69.89    0.00   18.28    0.00    0.00    0.00    0.00    0.00    0.00   11.83
02:40:02 PM   37   69.39    0.00   19.39    1.02    0.00    0.00    0.00    0.00    0.00   10.20
02:40:02 PM   38   71.58    0.00   17.89    0.00    0.00    0.00    0.00    0.00    0.00   10.53
02:40:02 PM   39   71.88    0.00   17.71    0.00    0.00    0.00    0.00    0.00    0.00   10.42
02:40:02 PM   40   71.28    0.00   17.02    0.00    0.00    0.00    0.00    0.00    0.00   11.70
02:40:02 PM   41   71.58    0.00   17.89    0.00    0.00    0.00    0.00    0.00    0.00   10.53
02:40:02 PM   42   70.53    0.00   18.95    0.00    0.00    0.00    0.00    0.00    0.00   10.53
02:40:02 PM   43   69.07    0.00   18.56    1.03    0.00    0.00    0.00    0.00    0.00   11.34
02:40:02 PM   44   68.75    0.00   19.79    0.00    0.00    0.00    0.00    0.00    0.00   11.46
02:40:02 PM   45   71.28    0.00   17.02    0.00    0.00    0.00    0.00    0.00    0.00   11.70
02:40:02 PM   46   70.83    0.00   18.75    0.00    0.00    0.00    0.00    0.00    0.00   10.42
02:40:02 PM   47   72.92    0.00   15.62    0.00    0.00    0.00    0.00    0.00    0.00   11.46
02:40:02 PM   48   71.58    0.00   16.84    1.05    0.00    0.00    0.00    0.00    0.00   10.53
02:40:02 PM   49   72.16    0.00   16.49    1.03    0.00    0.00    0.00    0.00    0.00   10.31
02:40:02 PM   50   72.16    0.00   16.49    0.00    0.00    0.00    0.00    0.00    0.00   11.34
02:40:02 PM   51   70.21    0.00   19.15    0.00    0.00    0.00    0.00    0.00    0.00   10.64
02:40:02 PM   52   71.88    0.00   17.71    0.00    0.00    0.00    0.00    0.00    0.00   10.42
02:40:02 PM   53   71.58    0.00   18.95    0.00    0.00    0.00    0.00    0.00    0.00    9.47
02:40:02 PM   54   67.71    0.00   20.83    0.00    0.00    0.00    0.00    0.00    0.00   11.46
02:40:02 PM   55   68.42    0.00   21.05    0.00    0.00    0.00    0.00    0.00    0.00   10.53
02:40:02 PM   56   69.47    0.00   18.95    0.00    0.00    0.00    0.00    0.00    0.00   11.58
02:40:02 PM   57   69.47    0.00   20.00    0.00    0.00    0.00    0.00    0.00    0.00   10.53
02:40:02 PM   58   72.63    0.00   16.84    0.00    0.00    0.00    0.00    0.00    0.00   10.53
02:40:02 PM   59   71.28    0.00   18.09    1.06    0.00    0.00    0.00    0.00    0.00    9.57
02:40:02 PM   60   75.26    0.00   14.43    0.00    0.00    0.00    0.00    0.00    0.00   10.31
02:40:02 PM   61   71.58    0.00   16.84    1.05    0.00    0.00    0.00    0.00    0.00   10.53
02:40:02 PM   62   73.68    0.00   14.74    0.00    0.00    0.00    0.00    0.00    0.00   11.58
02:40:02 PM   63   69.89    0.00   18.28    0.00    0.00    0.00    0.00    0.00    0.00   11.83
02:40:02 PM   64   70.97    0.00   18.28    1.08    0.00    0.00    0.00    0.00    0.00    9.68
02:40:02 PM   65   70.21    0.00   19.15    0.00    0.00    0.00    0.00    0.00    0.00   10.64
02:40:02 PM   66   70.21    0.00   19.15    0.00    0.00    0.00    0.00    0.00    0.00   10.64
02:40:02 PM   67   67.74    0.00   21.51    0.00    0.00    0.00    0.00    0.00    0.00   10.75
02:40:02 PM   68   72.63    0.00   14.74    1.05    0.00    0.00    0.00    0.00    0.00   11.58
02:40:02 PM   69   70.53    0.00   17.89    0.00    0.00    0.00    0.00    0.00    0.00   11.58
02:40:02 PM   70   69.47    0.00   18.95    1.05    0.00    0.00    0.00    0.00    0.00   10.53
02:40:02 PM   71   72.63    0.00   16.84    0.00    0.00    0.00    0.00    0.00    0.00   10.53
02:40:02 PM   72   71.28    0.00   17.02    1.06    0.00    0.00    0.00    0.00    0.00   10.64
02:40:02 PM   73   77.89    0.00   17.89    0.00    0.00    0.00    0.00    0.00    0.00    4.21
02:40:02 PM   74   68.75    0.00   18.75    1.04    0.00    0.00    0.00    0.00    0.00   11.46
02:40:02 PM   75   71.28    0.00   17.02    2.13    0.00    0.00    0.00    0.00    0.00    9.57
02:40:02 PM   76   69.89    0.00   18.28    0.00    0.00    0.00    0.00    0.00    0.00   11.83
02:40:02 PM   77   67.71    0.00   20.83    0.00    0.00    0.00    0.00    0.00    0.00   11.46
02:40:02 PM   78   69.15    0.00   19.15    0.00    0.00    0.00    0.00    0.00    0.00   11.70
02:40:02 PM   79   70.97    0.00   19.35    0.00    0.00    0.00    0.00    0.00    0.00    9.68

02:40:11 PM  CPU    %usr   %nice    %sys %iowait    %irq   %soft  %steal  %guest  %gnice   %idle
02:40:12 PM  all   70.15    0.00   18.25    0.26    0.00    0.00    0.00    0.00    0.00   11.33
02:40:12 PM    0   69.79    0.00   17.71    0.00    0.00    0.00    0.00    0.00    0.00   12.50
02:40:12 PM    1   70.21    0.00   18.09    1.06    0.00    0.00    0.00    0.00    0.00   10.64
02:40:12 PM    2   68.75    0.00   19.79    0.00    0.00    0.00    0.00    0.00    0.00   11.46
02:40:12 PM    3   69.07    0.00   19.59    0.00    0.00    0.00    0.00    0.00    0.00   11.34
02:40:12 PM    4   69.47    0.00   21.05    0.00    0.00    0.00    0.00    0.00    0.00    9.47
02:40:12 PM    5   70.10    0.00   18.56    0.00    0.00    0.00    0.00    0.00    0.00   11.34
02:40:12 PM    6   70.21    0.00   17.02    1.06    0.00    0.00    0.00    0.00    0.00   11.70
02:40:12 PM    7   70.10    0.00   18.56    0.00    0.00    0.00    0.00    0.00    0.00   11.34
02:40:12 PM    8   68.42    0.00   20.00    0.00    0.00    0.00    0.00    0.00    0.00   11.58
02:40:12 PM    9   71.58    0.00   16.84    0.00    0.00    0.00    0.00    0.00    0.00   11.58
02:40:12 PM   10   69.15    0.00   19.15    0.00    0.00    0.00    0.00    0.00    0.00   11.70
02:40:12 PM   11   68.75    0.00   17.71    1.04    0.00    0.00    0.00    0.00    0.00   12.50
02:40:12 PM   12   72.92    0.00   16.67    0.00    0.00    0.00    0.00    0.00    0.00   10.42
02:40:12 PM   13   71.58    0.00   15.79    1.05    0.00    0.00    0.00    0.00    0.00   11.58
02:40:12 PM   14   70.21    0.00   18.09    0.00    0.00    0.00    0.00    0.00    0.00   11.70
02:40:12 PM   15   69.47    0.00   20.00    0.00    0.00    0.00    0.00    0.00    0.00   10.53
02:40:12 PM   16   68.75    0.00   18.75    0.00    0.00    0.00    0.00    0.00    0.00   12.50
02:40:12 PM   17   70.83    0.00   16.67    0.00    0.00    0.00    0.00    0.00    0.00   12.50
02:40:12 PM   18   68.75    0.00   19.79    0.00    0.00    0.00    0.00    0.00    0.00   11.46
02:40:12 PM   19   68.75    0.00   18.75    1.04    0.00    0.00    0.00    0.00    0.00   11.46
02:40:12 PM   20   70.97    0.00   17.20    1.08    0.00    0.00    0.00    0.00    0.00   10.75
02:40:12 PM   21   71.88    0.00   17.71    0.00    0.00    0.00    0.00    0.00    0.00   10.42
02:40:12 PM   22   70.21    0.00   18.09    0.00    0.00    0.00    0.00    0.00    0.00   11.70
02:40:12 PM   23   69.47    0.00   18.95    1.05    0.00    0.00    0.00    0.00    0.00   10.53
02:40:12 PM   24   68.42    0.00   20.00    0.00    0.00    0.00    0.00    0.00    0.00   11.58
02:40:12 PM   25   70.83    0.00   18.75    0.00    0.00    0.00    0.00    0.00    0.00   10.42
02:40:12 PM   26   69.79    0.00   18.75    0.00    0.00    0.00    0.00    0.00    0.00   11.46
02:40:12 PM   27   70.10    0.00   17.53    1.03    0.00    0.00    0.00    0.00    0.00   11.34
02:40:12 PM   28   70.41    0.00   18.37    1.02    0.00    0.00    0.00    0.00    0.00   10.20
02:40:12 PM   29   69.89    0.00   19.35    0.00    0.00    0.00    0.00    0.00    0.00   10.75
02:40:12 PM   30   67.71    0.00   20.83    0.00    0.00    0.00    0.00    0.00    0.00   11.46
02:40:12 PM   31   71.43    0.00   17.35    0.00    0.00    0.00    0.00    0.00    0.00   11.22
02:40:12 PM   32   69.79    0.00   17.71    0.00    0.00    0.00    0.00    0.00    0.00   12.50
02:40:12 PM   33   68.42    0.00   18.95    1.05    0.00    0.00    0.00    0.00    0.00   11.58
02:40:12 PM   34   70.83    0.00   17.71    0.00    0.00    0.00    0.00    0.00    0.00   11.46
02:40:12 PM   35   71.88    0.00   16.67    0.00    0.00    0.00    0.00    0.00    0.00   11.46
02:40:12 PM   36   71.58    0.00   16.84    0.00    0.00    0.00    0.00    0.00    0.00   11.58
02:40:12 PM   37   70.83    0.00   17.71    0.00    0.00    0.00    0.00    0.00    0.00   11.46
02:40:12 PM   38   70.53    0.00   16.84    0.00    0.00    0.00    0.00    0.00    0.00   12.63
02:40:12 PM   39   76.29    0.00   16.49    1.03    0.00    0.00    0.00    0.00    0.00    6.19
02:40:12 PM   40   68.09    0.00   19.15    0.00    0.00    0.00    0.00    0.00    0.00   12.77
02:40:12 PM   41   68.42    0.00   20.00    0.00    0.00    0.00    0.00    0.00    0.00   11.58
02:40:12 PM   42   71.88    0.00   15.62    1.04    0.00    0.00    0.00    0.00    0.00   11.46
02:40:12 PM   43   70.53    0.00   17.89    0.00    0.00    0.00    0.00    0.00    0.00   11.58
02:40:12 PM   44   71.88    0.00   15.62    0.00    0.00    0.00    0.00    0.00    0.00   12.50
02:40:12 PM   45   67.37    0.00   21.05    0.00    0.00    0.00    0.00    0.00    0.00   11.58
02:40:12 PM   46   69.47    0.00   20.00    1.05    0.00    0.00    0.00    0.00    0.00    9.47
02:40:12 PM   47   71.88    0.00   16.67    0.00    0.00    0.00    0.00    0.00    0.00   11.46
02:40:12 PM   48   72.63    0.00   15.79    0.00    0.00    0.00    0.00    0.00    0.00   11.58
02:40:12 PM   49   69.79    0.00   18.75    0.00    0.00    0.00    0.00    0.00    0.00   11.46
02:40:12 PM   50   70.10    0.00   18.56    0.00    0.00    0.00    0.00    0.00    0.00   11.34
02:40:12 PM   51   69.15    0.00   18.09    0.00    0.00    0.00    0.00    0.00    0.00   12.77
02:40:12 PM   52   68.09    0.00   21.28    0.00    0.00    0.00    0.00    0.00    0.00   10.64
02:40:12 PM   53   69.79    0.00   18.75    0.00    0.00    0.00    0.00    0.00    0.00   11.46
02:40:12 PM   54   69.47    0.00   18.95    0.00    0.00    0.00    0.00    0.00    0.00   11.58
02:40:12 PM   55   70.83    0.00   16.67    1.04    0.00    0.00    0.00    0.00    0.00   11.46
02:40:12 PM   56   71.58    0.00   16.84    0.00    0.00    0.00    0.00    0.00    0.00   11.58
02:40:12 PM   57   68.75    0.00   18.75    0.00    0.00    0.00    0.00    0.00    0.00   12.50
02:40:12 PM   58   69.79    0.00   18.75    0.00    0.00    0.00    0.00    0.00    0.00   11.46
02:40:12 PM   59   69.07    0.00   18.56    0.00    0.00    0.00    0.00    0.00    0.00   12.37
02:40:12 PM   60   71.88    0.00   17.71    0.00    0.00    0.00    0.00    0.00    0.00   10.42
02:40:12 PM   61   70.53    0.00   17.89    1.05    0.00    0.00    0.00    0.00    0.00   10.53
02:40:12 PM   62   69.47    0.00   18.95    0.00    0.00    0.00    0.00    0.00    0.00   11.58
02:40:12 PM   63   70.83    0.00   17.71    1.04    0.00    0.00    0.00    0.00    0.00   10.42
02:40:12 PM   64   68.04    0.00   19.59    0.00    0.00    0.00    0.00    0.00    0.00   12.37
02:40:12 PM   65   71.58    0.00   16.84    0.00    0.00    0.00    0.00    0.00    0.00   11.58
02:40:12 PM   66   71.58    0.00   17.89    0.00    0.00    0.00    0.00    0.00    0.00   10.53
02:40:12 PM   67   67.74    0.00   20.43    0.00    0.00    0.00    0.00    0.00    0.00   11.83
02:40:12 PM   68   71.13    0.00   16.49    1.03    0.00    0.00    0.00    0.00    0.00   11.34
02:40:12 PM   69   73.40    0.00   15.96    0.00    0.00    0.00    0.00    0.00    0.00   10.64
02:40:12 PM   70   70.53    0.00   17.89    0.00    0.00    0.00    0.00    0.00    0.00   11.58
02:40:12 PM   71   68.75    0.00   19.79    1.04    0.00    0.00    0.00    0.00    0.00   10.42
02:40:12 PM   72   70.21    0.00   18.09    0.00    0.00    0.00    0.00    0.00    0.00   11.70
02:40:12 PM   73   69.47    0.00   18.95    0.00    0.00    0.00    0.00    0.00    0.00   11.58
02:40:12 PM   74   69.07    0.00   19.59    0.00    0.00    0.00    0.00    0.00    0.00   11.34
02:40:12 PM   75   70.53    0.00   17.89    0.00    0.00    0.00    0.00    0.00    0.00   11.58
02:40:12 PM   76   72.63    0.00   15.79    0.00    0.00    0.00    0.00    0.00    0.00   11.58
02:40:12 PM   77   69.47    0.00   18.95    0.00    0.00    0.00    0.00    0.00    0.00   11.58
02:40:12 PM   78   67.35    0.00   20.41    1.02    0.00    0.00    0.00    0.00    0.00   11.22
02:40:12 PM   79   71.13    0.00   17.53    1.03    0.00    0.00    0.00    0.00    0.00   10.31

02:40:21 PM  CPU    %usr   %nice    %sys %iowait    %irq   %soft  %steal  %guest  %gnice   %idle
02:40:22 PM  all   72.72    0.00   18.30    0.14    0.00    0.00    0.00    0.00    0.00    8.84
02:40:22 PM    0   73.12    0.00   17.20    0.00    0.00    0.00    0.00    0.00    0.00    9.68
02:40:22 PM    1   74.47    0.00   17.02    0.00    0.00    0.00    0.00    0.00    0.00    8.51
02:40:22 PM    2   73.20    0.00   17.53    0.00    0.00    0.00    0.00    0.00    0.00    9.28
02:40:22 PM    3   73.40    0.00   18.09    0.00    0.00    0.00    0.00    0.00    0.00    8.51
02:40:22 PM    4   71.88    0.00   18.75    1.04    0.00    0.00    0.00    0.00    0.00    8.33
02:40:22 PM    5   73.96    0.00   17.71    0.00    0.00    0.00    0.00    0.00    0.00    8.33
02:40:22 PM    6   73.40    0.00   17.02    0.00    0.00    0.00    0.00    0.00    0.00    9.57
02:40:22 PM    7   72.63    0.00   17.89    0.00    0.00    0.00    0.00    0.00    0.00    9.47
02:40:22 PM    8   72.04    0.00   18.28    0.00    0.00    0.00    0.00    0.00    0.00    9.68
02:40:22 PM    9   73.12    0.00   17.20    0.00    0.00    0.00    0.00    0.00    0.00    9.68
02:40:22 PM   10   72.92    0.00   17.71    0.00    0.00    0.00    0.00    0.00    0.00    9.38
02:40:22 PM   11   73.40    0.00   18.09    0.00    0.00    0.00    0.00    0.00    0.00    8.51
02:40:22 PM   12   72.92    0.00   17.71    1.04    0.00    0.00    0.00    0.00    0.00    8.33
02:40:22 PM   13   72.34    0.00   18.09    0.00    0.00    0.00    0.00    0.00    0.00    9.57
02:40:22 PM   14   72.34    0.00   18.09    0.00    0.00    0.00    0.00    0.00    0.00    9.57
02:40:22 PM   15   71.58    0.00   18.95    0.00    0.00    0.00    0.00    0.00    0.00    9.47
02:40:22 PM   16   71.58    0.00   18.95    0.00    0.00    0.00    0.00    0.00    0.00    9.47
02:40:22 PM   17   71.58    0.00   17.89    1.05    0.00    0.00    0.00    0.00    0.00    9.47
02:40:22 PM   18   72.92    0.00   17.71    0.00    0.00    0.00    0.00    0.00    0.00    9.38
02:40:22 PM   19   73.20    0.00   17.53    1.03    0.00    0.00    0.00    0.00    0.00    8.25
02:40:22 PM   20   75.00    0.00   15.62    1.04    0.00    0.00    0.00    0.00    0.00    8.33
02:40:22 PM   21   73.40    0.00   18.09    0.00    0.00    0.00    0.00    0.00    0.00    8.51
02:40:22 PM   22   71.88    0.00   18.75    0.00    0.00    0.00    0.00    0.00    0.00    9.38
02:40:22 PM   23   72.34    0.00   18.09    0.00    0.00    0.00    0.00    0.00    0.00    9.57
02:40:22 PM   24   73.40    0.00   18.09    0.00    0.00    0.00    0.00    0.00    0.00    8.51
02:40:22 PM   25   70.53    0.00   21.05    0.00    0.00    0.00    0.00    0.00    0.00    8.42
02:40:22 PM   26   74.74    0.00   16.84    0.00    0.00    0.00    0.00    0.00    0.00    8.42
02:40:22 PM   27   75.00    0.00   16.67    0.00    0.00    0.00    0.00    0.00    0.00    8.33
02:40:22 PM   28   73.96    0.00   17.71    0.00    0.00    0.00    0.00    0.00    0.00    8.33
02:40:22 PM   29   70.83    0.00   19.79    0.00    0.00    0.00    0.00    0.00    0.00    9.38
02:40:22 PM   30   70.97    0.00   20.43    0.00    0.00    0.00    0.00    0.00    0.00    8.60
02:40:22 PM   31   71.58    0.00   18.95    0.00    0.00    0.00    0.00    0.00    0.00    9.47
02:40:22 PM   32   73.68    0.00   16.84    0.00    0.00    0.00    0.00    0.00    0.00    9.47
02:40:22 PM   33   73.68    0.00   17.89    0.00    0.00    0.00    0.00    0.00    0.00    8.42
02:40:22 PM   34   73.40    0.00   17.02    1.06    0.00    0.00    0.00    0.00    0.00    8.51
02:40:22 PM   35   71.58    0.00   20.00    1.05    0.00    0.00    0.00    0.00    0.00    7.37
02:40:22 PM   36   72.34    0.00   19.15    0.00    0.00    0.00    0.00    0.00    0.00    8.51
02:40:22 PM   37   73.40    0.00   17.02    0.00    0.00    0.00    0.00    0.00    0.00    9.57
02:40:22 PM   38   73.68    0.00   17.89    0.00    0.00    0.00    0.00    0.00    0.00    8.42
02:40:22 PM   39   73.68    0.00   17.89    0.00    0.00    0.00    0.00    0.00    0.00    8.42
02:40:22 PM   40   73.68    0.00   18.95    0.00    0.00    0.00    0.00    0.00    0.00    7.37
02:40:22 PM   41   73.96    0.00   16.67    0.00    0.00    0.00    0.00    0.00    0.00    9.38
02:40:22 PM   42   72.63    0.00   17.89    0.00    0.00    0.00    0.00    0.00    0.00    9.47
02:40:22 PM   43   73.40    0.00   18.09    0.00    0.00    0.00    0.00    0.00    0.00    8.51
02:40:22 PM   44   72.34    0.00   19.15    0.00    0.00    0.00    0.00    0.00    0.00    8.51
02:40:22 PM   45   72.63    0.00   17.89    0.00    0.00    0.00    0.00    0.00    0.00    9.47
02:40:22 PM   46   72.63    0.00   18.95    0.00    0.00    0.00    0.00    0.00    0.00    8.42
02:40:22 PM   47   72.34    0.00   18.09    0.00    0.00    0.00    0.00    0.00    0.00    9.57
02:40:22 PM   48   72.16    0.00   17.53    1.03    0.00    0.00    0.00    0.00    0.00    9.28
02:40:22 PM   49   75.00    0.00   15.62    0.00    0.00    0.00    0.00    0.00    0.00    9.38
02:40:22 PM   50   71.13    0.00   19.59    0.00    0.00    0.00    0.00    0.00    0.00    9.28
02:40:22 PM   51   70.53    0.00   21.05    0.00    0.00    0.00    0.00    0.00    0.00    8.42
02:40:22 PM   52   72.92    0.00   17.71    0.00    0.00    0.00    0.00    0.00    0.00    9.38
02:40:22 PM   53   72.34    0.00   19.15    0.00    0.00    0.00    0.00    0.00    0.00    8.51
02:40:22 PM   54   71.88    0.00   17.71    1.04    0.00    0.00    0.00    0.00    0.00    9.38
02:40:22 PM   55   72.34    0.00   19.15    0.00    0.00    0.00    0.00    0.00    0.00    8.51
02:40:22 PM   56   71.28    0.00   19.15    0.00    0.00    0.00    0.00    0.00    0.00    9.57
02:40:22 PM   57   74.74    0.00   16.84    0.00    0.00    0.00    0.00    0.00    0.00    8.42
02:40:22 PM   58   72.34    0.00   18.09    0.00    0.00    0.00    0.00    0.00    0.00    9.57
02:40:22 PM   59   73.40    0.00   17.02    0.00    0.00    0.00    0.00    0.00    0.00    9.57
02:40:22 PM   60   72.63    0.00   18.95    0.00    0.00    0.00    0.00    0.00    0.00    8.42
02:40:22 PM   61   71.88    0.00   18.75    0.00    0.00    0.00    0.00    0.00    0.00    9.38
02:40:22 PM   62   71.28    0.00   20.21    0.00    0.00    0.00    0.00    0.00    0.00    8.51
02:40:22 PM   63   72.04    0.00   19.35    0.00    0.00    0.00    0.00    0.00    0.00    8.60
02:40:22 PM   64   69.15    0.00   22.34    0.00    0.00    0.00    0.00    0.00    0.00    8.51
02:40:22 PM   65   73.68    0.00   17.89    0.00    0.00    0.00    0.00    0.00    0.00    8.42
02:40:22 PM   66   74.47    0.00   15.96    0.00    0.00    0.00    0.00    0.00    0.00    9.57
02:40:22 PM   67   71.28    0.00   18.09    1.06    0.00    0.00    0.00    0.00    0.00    9.57
02:40:22 PM   68   74.19    0.00   17.20    0.00    0.00    0.00    0.00    0.00    0.00    8.60
02:40:22 PM   69   70.83    0.00   20.83    1.04    0.00    0.00    0.00    0.00    0.00    7.29
02:40:22 PM   70   72.63    0.00   18.95    0.00    0.00    0.00    0.00    0.00    0.00    8.42
02:40:22 PM   71   73.96    0.00   17.71    0.00    0.00    0.00    0.00    0.00    0.00    8.33
02:40:22 PM   72   76.29    0.00   18.56    0.00    0.00    0.00    0.00    0.00    0.00    5.15
02:40:22 PM   73   72.63    0.00   17.89    0.00    0.00    0.00    0.00    0.00    0.00    9.47
02:40:22 PM   74   71.58    0.00   20.00    0.00    0.00    0.00    0.00    0.00    0.00    8.42
02:40:22 PM   75   70.41    0.00   20.41    0.00    0.00    0.00    0.00    0.00    0.00    9.18
02:40:22 PM   76   72.92    0.00   18.75    0.00    0.00    0.00    0.00    0.00    0.00    8.33
02:40:22 PM   77   72.34    0.00   19.15    0.00    0.00    0.00    0.00    0.00    0.00    8.51
02:40:22 PM   78   73.68    0.00   17.89    0.00    0.00    0.00    0.00    0.00    0.00    8.42
02:40:22 PM   79   70.53    0.00   20.00    0.00    0.00    0.00    0.00    0.00    0.00    9.47

02:40:31 PM  CPU    %usr   %nice    %sys %iowait    %irq   %soft  %steal  %guest  %gnice   %idle
02:40:32 PM  all   73.06    0.00   18.61    0.12    0.00    0.00    0.00    0.00    0.00    8.21
02:40:32 PM    0   73.40    0.00   19.15    0.00    0.00    0.00    0.00    0.00    0.00    7.45
02:40:32 PM    1   70.83    0.00   19.79    1.04    0.00    0.00    0.00    0.00    0.00    8.33
02:40:32 PM    2   72.92    0.00   18.75    0.00    0.00    0.00    0.00    0.00    0.00    8.33
02:40:32 PM    3   72.92    0.00   18.75    0.00    0.00    0.00    0.00    0.00    0.00    8.33
02:40:32 PM    4   72.16    0.00   19.59    0.00    0.00    0.00    0.00    0.00    0.00    8.25
02:40:32 PM    5   71.88    0.00   19.79    0.00    0.00    0.00    0.00    0.00    0.00    8.33
02:40:32 PM    6   71.58    0.00   20.00    0.00    0.00    0.00    0.00    0.00    0.00    8.42
02:40:32 PM    7   70.83    0.00   19.79    0.00    0.00    0.00    0.00    0.00    0.00    9.38
02:40:32 PM    8   72.92    0.00   18.75    0.00    0.00    0.00    0.00    0.00    0.00    8.33
02:40:32 PM    9   75.79    0.00   16.84    0.00    0.00    0.00    0.00    0.00    0.00    7.37
02:40:32 PM   10   71.58    0.00   20.00    0.00    0.00    0.00    0.00    0.00    0.00    8.42
02:40:32 PM   11   71.88    0.00   18.75    1.04    0.00    0.00    0.00    0.00    0.00    8.33
02:40:32 PM   12   75.00    0.00   16.67    0.00    0.00    0.00    0.00    0.00    0.00    8.33
02:40:32 PM   13   69.79    0.00   20.83    0.00    0.00    0.00    0.00    0.00    0.00    9.38
02:40:32 PM   14   73.40    0.00   19.15    0.00    0.00    0.00    0.00    0.00    0.00    7.45
02:40:32 PM   15   72.16    0.00   19.59    1.03    0.00    0.00    0.00    0.00    0.00    7.22
02:40:32 PM   16   72.63    0.00   18.95    0.00    0.00    0.00    0.00    0.00    0.00    8.42
02:40:32 PM   17   75.27    0.00   17.20    0.00    0.00    0.00    0.00    0.00    0.00    7.53
02:40:32 PM   18   74.47    0.00   18.09    0.00    0.00    0.00    0.00    0.00    0.00    7.45
02:40:32 PM   19   74.23    0.00   18.56    0.00    0.00    0.00    0.00    0.00    0.00    7.22
02:40:32 PM   20   75.79    0.00   15.79    0.00    0.00    0.00    0.00    0.00    0.00    8.42
02:40:32 PM   21   73.40    0.00   17.02    1.06    0.00    0.00    0.00    0.00    0.00    8.51
02:40:32 PM   22   75.79    0.00   15.79    0.00    0.00    0.00    0.00    0.00    0.00    8.42
02:40:32 PM   23   74.47    0.00   17.02    0.00    0.00    0.00    0.00    0.00    0.00    8.51
02:40:32 PM   24   71.28    0.00   20.21    0.00    0.00    0.00    0.00    0.00    0.00    8.51
02:40:32 PM   25   70.83    0.00   19.79    0.00    0.00    0.00    0.00    0.00    0.00    9.38
02:40:32 PM   26   72.34    0.00   19.15    0.00    0.00    0.00    0.00    0.00    0.00    8.51
02:40:32 PM   27   73.68    0.00   17.89    0.00    0.00    0.00    0.00    0.00    0.00    8.42
02:40:32 PM   28   72.92    0.00   18.75    1.04    0.00    0.00    0.00    0.00    0.00    7.29
02:40:32 PM   29   72.92    0.00   19.79    0.00    0.00    0.00    0.00    0.00    0.00    7.29
02:40:32 PM   30   74.74    0.00   17.89    0.00    0.00    0.00    0.00    0.00    0.00    7.37
02:40:32 PM   31   71.58    0.00   20.00    0.00    0.00    0.00    0.00    0.00    0.00    8.42
02:40:32 PM   32   73.20    0.00   19.59    0.00    0.00    0.00    0.00    0.00    0.00    7.22
02:40:32 PM   33   74.19    0.00   17.20    0.00    0.00    0.00    0.00    0.00    0.00    8.60
02:40:32 PM   34   73.40    0.00   18.09    0.00    0.00    0.00    0.00    0.00    0.00    8.51
02:40:32 PM   35   73.68    0.00   17.89    0.00    0.00    0.00    0.00    0.00    0.00    8.42
02:40:32 PM   36   72.04    0.00   19.35    0.00    0.00    0.00    0.00    0.00    0.00    8.60
02:40:32 PM   37   74.47    0.00   17.02    0.00    0.00    0.00    0.00    0.00    0.00    8.51
02:40:32 PM   38   73.20    0.00   17.53    0.00    0.00    0.00    0.00    0.00    0.00    9.28
02:40:32 PM   39   72.04    0.00   19.35    0.00    0.00    0.00    0.00    0.00    0.00    8.60
02:40:32 PM   40   72.83    0.00   18.48    0.00    0.00    0.00    0.00    0.00    0.00    8.70
02:40:32 PM   41   73.96    0.00   17.71    0.00    0.00    0.00    0.00    0.00    0.00    8.33
02:40:32 PM   42   74.74    0.00   17.89    0.00    0.00    0.00    0.00    0.00    0.00    7.37
02:40:32 PM   43   71.88    0.00   18.75    1.04    0.00    0.00    0.00    0.00    0.00    8.33
02:40:32 PM   44   74.74    0.00   17.89    0.00    0.00    0.00    0.00    0.00    0.00    7.37
02:40:32 PM   45   72.63    0.00   18.95    0.00    0.00    0.00    0.00    0.00    0.00    8.42
02:40:32 PM   46   71.58    0.00   20.00    0.00    0.00    0.00    0.00    0.00    0.00    8.42
02:40:32 PM   47   74.74    0.00   17.89    0.00    0.00    0.00    0.00    0.00    0.00    7.37
02:40:32 PM   48   72.92    0.00   19.79    0.00    0.00    0.00    0.00    0.00    0.00    7.29
02:40:32 PM   49   70.83    0.00   20.83    0.00    0.00    0.00    0.00    0.00    0.00    8.33
02:40:32 PM   50   73.40    0.00   18.09    0.00    0.00    0.00    0.00    0.00    0.00    8.51
02:40:32 PM   51   70.53    0.00   21.05    0.00    0.00    0.00    0.00    0.00    0.00    8.42
02:40:32 PM   52   70.83    0.00   19.79    0.00    0.00    0.00    0.00    0.00    0.00    9.38
02:40:32 PM   53   73.96    0.00   17.71    0.00    0.00    0.00    0.00    0.00    0.00    8.33
02:40:32 PM   54   75.79    0.00   16.84    0.00    0.00    0.00    0.00    0.00    0.00    7.37
02:40:32 PM   55   73.20    0.00   17.53    0.00    0.00    0.00    0.00    0.00    0.00    9.28
02:40:32 PM   56   71.88    0.00   19.79    0.00    0.00    0.00    0.00    0.00    0.00    8.33
02:40:32 PM   57   73.47    0.00   18.37    0.00    0.00    0.00    0.00    0.00    0.00    8.16
02:40:32 PM   58   72.92    0.00   18.75    0.00    0.00    0.00    0.00    0.00    0.00    8.33
02:40:32 PM   59   70.83    0.00   19.79    0.00    0.00    0.00    0.00    0.00    0.00    9.38
02:40:32 PM   60   73.68    0.00   18.95    0.00    0.00    0.00    0.00    0.00    0.00    7.37
02:40:32 PM   61   71.88    0.00   20.83    0.00    0.00    0.00    0.00    0.00    0.00    7.29
02:40:32 PM   62   72.34    0.00   19.15    0.00    0.00    0.00    0.00    0.00    0.00    8.51
02:40:32 PM   63   74.47    0.00   17.02    1.06    0.00    0.00    0.00    0.00    0.00    7.45
02:40:32 PM   64   72.16    0.00   18.56    1.03    0.00    0.00    0.00    0.00    0.00    8.25
02:40:32 PM   65   74.74    0.00   16.84    0.00    0.00    0.00    0.00    0.00    0.00    8.42
02:40:32 PM   66   72.34    0.00   19.15    0.00    0.00    0.00    0.00    0.00    0.00    8.51
02:40:32 PM   67   73.96    0.00   17.71    0.00    0.00    0.00    0.00    0.00    0.00    8.33
02:40:32 PM   68   71.88    0.00   18.75    0.00    0.00    0.00    0.00    0.00    0.00    9.38
02:40:32 PM   69   71.58    0.00   20.00    0.00    0.00    0.00    0.00    0.00    0.00    8.42
02:40:32 PM   70   75.27    0.00   17.20    0.00    0.00    0.00    0.00    0.00    0.00    7.53
02:40:32 PM   71   76.60    0.00   15.96    0.00    0.00    0.00    0.00    0.00    0.00    7.45
02:40:32 PM   72   72.34    0.00   19.15    0.00    0.00    0.00    0.00    0.00    0.00    8.51
02:40:32 PM   73   74.47    0.00   17.02    0.00    0.00    0.00    0.00    0.00    0.00    8.51
02:40:32 PM   74   72.34    0.00   18.09    1.06    0.00    0.00    0.00    0.00    0.00    8.51
02:40:32 PM   75   72.34    0.00   19.15    0.00    0.00    0.00    0.00    0.00    0.00    8.51
02:40:32 PM   76   76.60    0.00   17.02    0.00    0.00    0.00    0.00    0.00    0.00    6.38
02:40:32 PM   77   73.96    0.00   18.75    0.00    0.00    0.00    0.00    0.00    0.00    7.29
02:40:32 PM   78   70.97    0.00   20.43    0.00    0.00    0.00    0.00    0.00    0.00    8.60
02:40:32 PM   79   71.88    0.00   18.75    0.00    0.00    0.00    0.00    0.00    0.00    9.38

02:40:41 PM  CPU    %usr   %nice    %sys %iowait    %irq   %soft  %steal  %guest  %gnice   %idle
02:40:42 PM  all   72.36    0.00   18.44    0.21    0.00    0.00    0.00    0.00    0.00    8.98
02:40:42 PM    0   71.58    0.00   18.95    0.00    0.00    0.00    0.00    0.00    0.00    9.47
02:40:42 PM    1   72.04    0.00   18.28    0.00    0.00    0.00    0.00    0.00    0.00    9.68
02:40:42 PM    2   72.34    0.00   19.15    0.00    0.00    0.00    0.00    0.00    0.00    8.51
02:40:42 PM    3   71.13    0.00   18.56    1.03    0.00    0.00    0.00    0.00    0.00    9.28
02:40:42 PM    4   73.40    0.00   18.09    0.00    0.00    0.00    0.00    0.00    0.00    8.51
02:40:42 PM    5   72.92    0.00   17.71    0.00    0.00    0.00    0.00    0.00    0.00    9.38
02:40:42 PM    6   71.58    0.00   18.95    0.00    0.00    0.00    0.00    0.00    0.00    9.47
02:40:42 PM    7   73.40    0.00   18.09    0.00    0.00    0.00    0.00    0.00    0.00    8.51
02:40:42 PM    8   73.68    0.00   16.84    0.00    0.00    0.00    0.00    0.00    0.00    9.47
02:40:42 PM    9   72.63    0.00   17.89    0.00    0.00    0.00    0.00    0.00    0.00    9.47
02:40:42 PM   10   71.28    0.00   19.15    0.00    0.00    0.00    0.00    0.00    0.00    9.57
02:40:42 PM   11   74.23    0.00   18.56    0.00    0.00    0.00    0.00    0.00    0.00    7.22
02:40:42 PM   12   73.96    0.00   16.67    1.04    0.00    0.00    0.00    0.00    0.00    8.33
02:40:42 PM   13   71.58    0.00   20.00    0.00    0.00    0.00    0.00    0.00    0.00    8.42
02:40:42 PM   14   69.15    0.00   21.28    0.00    0.00    0.00    0.00    0.00    0.00    9.57
02:40:42 PM   15   71.58    0.00   18.95    0.00    0.00    0.00    0.00    0.00    0.00    9.47
02:40:42 PM   16   73.40    0.00   18.09    0.00    0.00    0.00    0.00    0.00    0.00    8.51
02:40:42 PM   17   71.58    0.00   18.95    0.00    0.00    0.00    0.00    0.00    0.00    9.47
02:40:42 PM   18   71.58    0.00   20.00    0.00    0.00    0.00    0.00    0.00    0.00    8.42
02:40:42 PM   19   72.92    0.00   16.67    1.04    0.00    0.00    0.00    0.00    0.00    9.38
02:40:42 PM   20   79.17    0.00   16.67    0.00    0.00    0.00    0.00    0.00    0.00    4.17
02:40:42 PM   21   72.04    0.00   18.28    0.00    0.00    0.00    0.00    0.00    0.00    9.68
02:40:42 PM   22   74.74    0.00   15.79    1.05    0.00    0.00    0.00    0.00    0.00    8.42
02:40:42 PM   23   70.83    0.00   19.79    0.00    0.00    0.00    0.00    0.00    0.00    9.38
02:40:42 PM   24   71.58    0.00   17.89    1.05    0.00    0.00    0.00    0.00    0.00    9.47
02:40:42 PM   25   73.12    0.00   18.28    0.00    0.00    0.00    0.00    0.00    0.00    8.60
02:40:42 PM   26   73.68    0.00   17.89    0.00    0.00    0.00    0.00    0.00    0.00    8.42
02:40:42 PM   27   73.68    0.00   16.84    0.00    0.00    0.00    0.00    0.00    0.00    9.47
02:40:42 PM   28   72.34    0.00   18.09    0.00    0.00    0.00    0.00    0.00    0.00    9.57
02:40:42 PM   29   72.16    0.00   17.53    1.03    0.00    0.00    0.00    0.00    0.00    9.28
02:40:42 PM   30   73.63    0.00   18.68    0.00    0.00    0.00    0.00    0.00    0.00    7.69
02:40:42 PM   31   73.68    0.00   16.84    0.00    0.00    0.00    0.00    0.00    0.00    9.47
02:40:42 PM   32   74.19    0.00   17.20    0.00    0.00    0.00    0.00    0.00    0.00    8.60
02:40:42 PM   33   72.63    0.00   18.95    0.00    0.00    0.00    0.00    0.00    0.00    8.42
02:40:42 PM   34   71.58    0.00   18.95    0.00    0.00    0.00    0.00    0.00    0.00    9.47
02:40:42 PM   35   73.40    0.00   18.09    0.00    0.00    0.00    0.00    0.00    0.00    8.51
02:40:42 PM   36   73.40    0.00   18.09    0.00    0.00    0.00    0.00    0.00    0.00    8.51
02:40:42 PM   37   69.47    0.00   20.00    1.05    0.00    0.00    0.00    0.00    0.00    9.47
02:40:42 PM   38   72.34    0.00   18.09    0.00    0.00    0.00    0.00    0.00    0.00    9.57
02:40:42 PM   39   71.88    0.00   19.79    0.00    0.00    0.00    0.00    0.00    0.00    8.33
02:40:42 PM   40   72.63    0.00   17.89    0.00    0.00    0.00    0.00    0.00    0.00    9.47
02:40:42 PM   41   73.12    0.00   17.20    0.00    0.00    0.00    0.00    0.00    0.00    9.68
02:40:42 PM   42   70.21    0.00   20.21    0.00    0.00    0.00    0.00    0.00    0.00    9.57
02:40:42 PM   43   73.40    0.00   18.09    0.00    0.00    0.00    0.00    0.00    0.00    8.51
02:40:42 PM   44   72.92    0.00   17.71    0.00    0.00    0.00    0.00    0.00    0.00    9.38
02:40:42 PM   45   70.83    0.00   18.75    1.04    0.00    0.00    0.00    0.00    0.00    9.38
02:40:42 PM   46   71.88    0.00   18.75    0.00    0.00    0.00    0.00    0.00    0.00    9.38
02:40:42 PM   47   71.58    0.00   20.00    0.00    0.00    0.00    0.00    0.00    0.00    8.42
02:40:42 PM   48   71.28    0.00   19.15    0.00    0.00    0.00    0.00    0.00    0.00    9.57
02:40:42 PM   49   72.63    0.00   17.89    1.05    0.00    0.00    0.00    0.00    0.00    8.42
02:40:42 PM   50   72.63    0.00   17.89    0.00    0.00    0.00    0.00    0.00    0.00    9.47
02:40:42 PM   51   72.92    0.00   16.67    1.04    0.00    0.00    0.00    0.00    0.00    9.38
02:40:42 PM   52   68.09    0.00   21.28    1.06    0.00    0.00    0.00    0.00    0.00    9.57
02:40:42 PM   53   73.68    0.00   16.84    0.00    0.00    0.00    0.00    0.00    0.00    9.47
02:40:42 PM   54   70.53    0.00   20.00    0.00    0.00    0.00    0.00    0.00    0.00    9.47
02:40:42 PM   55   71.88    0.00   17.71    1.04    0.00    0.00    0.00    0.00    0.00    9.38
02:40:42 PM   56   72.63    0.00   16.84    1.05    0.00    0.00    0.00    0.00    0.00    9.47
02:40:42 PM   57   71.28    0.00   18.09    0.00    0.00    0.00    0.00    0.00    0.00   10.64
02:40:42 PM   58   73.68    0.00   17.89    0.00    0.00    0.00    0.00    0.00    0.00    8.42
02:40:42 PM   59   70.83    0.00   18.75    0.00    0.00    0.00    0.00    0.00    0.00   10.42
02:40:42 PM   60   73.12    0.00   18.28    0.00    0.00    0.00    0.00    0.00    0.00    8.60
02:40:42 PM   61   71.13    0.00   18.56    1.03    0.00    0.00    0.00    0.00    0.00    9.28
02:40:42 PM   62   70.53    0.00   20.00    0.00    0.00    0.00    0.00    0.00    0.00    9.47
02:40:42 PM   63   72.34    0.00   18.09    0.00    0.00    0.00    0.00    0.00    0.00    9.57
02:40:42 PM   64   73.96    0.00   17.71    0.00    0.00    0.00    0.00    0.00    0.00    8.33
02:40:42 PM   65   71.28    0.00   20.21    0.00    0.00    0.00    0.00    0.00    0.00    8.51
02:40:42 PM   66   70.53    0.00   20.00    0.00    0.00    0.00    0.00    0.00    0.00    9.47
02:40:42 PM   67   73.40    0.00   18.09    0.00    0.00    0.00    0.00    0.00    0.00    8.51
02:40:42 PM   68   72.63    0.00   20.00    0.00    0.00    0.00    0.00    0.00    0.00    7.37
02:40:42 PM   69   71.28    0.00   19.15    0.00    0.00    0.00    0.00    0.00    0.00    9.57
02:40:42 PM   70   74.47    0.00   17.02    0.00    0.00    0.00    0.00    0.00    0.00    8.51
02:40:42 PM   71   73.40    0.00   18.09    0.00    0.00    0.00    0.00    0.00    0.00    8.51
02:40:42 PM   72   72.04    0.00   18.28    1.08    0.00    0.00    0.00    0.00    0.00    8.60
02:40:42 PM   73   69.89    0.00   21.51    0.00    0.00    0.00    0.00    0.00    0.00    8.60
02:40:42 PM   74   72.34    0.00   19.15    0.00    0.00    0.00    0.00    0.00    0.00    8.51
02:40:42 PM   75   72.16    0.00   17.53    1.03    0.00    0.00    0.00    0.00    0.00    9.28
02:40:42 PM   76   72.34    0.00   18.09    0.00    0.00    0.00    0.00    0.00    0.00    9.57
02:40:42 PM   77   73.12    0.00   18.28    0.00    0.00    0.00    0.00    0.00    0.00    8.60
02:40:42 PM   78   72.16    0.00   18.56    0.00    0.00    0.00    0.00    0.00    0.00    9.28
02:40:42 PM   79   72.63    0.00   18.95    0.00    0.00    0.00    0.00    0.00    0.00    8.42

02:40:51 PM  CPU    %usr   %nice    %sys %iowait    %irq   %soft  %steal  %guest  %gnice   %idle
02:40:52 PM  all   73.33    0.00   18.56    0.11    0.00    0.00    0.00    0.00    0.00    8.01
02:40:52 PM    0   74.74    0.00   16.84    0.00    0.00    0.00    0.00    0.00    0.00    8.42
02:40:52 PM    1   72.63    0.00   17.89    0.00    0.00    0.00    0.00    0.00    0.00    9.47
02:40:52 PM    2   73.91    0.00   17.39    0.00    0.00    0.00    0.00    0.00    0.00    8.70
02:40:52 PM    3   72.92    0.00   18.75    0.00    0.00    0.00    0.00    0.00    0.00    8.33
02:40:52 PM    4   71.28    0.00   20.21    0.00    0.00    0.00    0.00    0.00    0.00    8.51
02:40:52 PM    5   71.88    0.00   19.79    0.00    0.00    0.00    0.00    0.00    0.00    8.33
02:40:52 PM    6   72.34    0.00   18.09    0.00    0.00    0.00    0.00    0.00    0.00    9.57
02:40:52 PM    7   74.47    0.00   17.02    0.00    0.00    0.00    0.00    0.00    0.00    8.51
02:40:52 PM    8   73.68    0.00   17.89    0.00    0.00    0.00    0.00    0.00    0.00    8.42
02:40:52 PM    9   73.68    0.00   18.95    0.00    0.00    0.00    0.00    0.00    0.00    7.37
02:40:52 PM   10   73.40    0.00   18.09    0.00    0.00    0.00    0.00    0.00    0.00    8.51
02:40:52 PM   11   73.40    0.00   18.09    0.00    0.00    0.00    0.00    0.00    0.00    8.51
02:40:52 PM   12   73.68    0.00   16.84    0.00    0.00    0.00    0.00    0.00    0.00    9.47
02:40:52 PM   13   73.68    0.00   17.89    0.00    0.00    0.00    0.00    0.00    0.00    8.42
02:40:52 PM   14   72.16    0.00   19.59    0.00    0.00    0.00    0.00    0.00    0.00    8.25
02:40:52 PM   15   73.40    0.00   18.09    0.00    0.00    0.00    0.00    0.00    0.00    8.51
02:40:52 PM   16   72.16    0.00   19.59    0.00    0.00    0.00    0.00    0.00    0.00    8.25
02:40:52 PM   17   72.63    0.00   18.95    0.00    0.00    0.00    0.00    0.00    0.00    8.42
02:40:52 PM   18   76.04    0.00   16.67    0.00    0.00    0.00    0.00    0.00    0.00    7.29
02:40:52 PM   19   74.74    0.00   16.84    0.00    0.00    0.00    0.00    0.00    0.00    8.42
02:40:52 PM   20   72.92    0.00   19.79    0.00    0.00    0.00    0.00    0.00    0.00    7.29
02:40:52 PM   21   70.53    0.00   21.05    0.00    0.00    0.00    0.00    0.00    0.00    8.42
02:40:52 PM   22   72.92    0.00   19.79    0.00    0.00    0.00    0.00    0.00    0.00    7.29
02:40:52 PM   23   73.40    0.00   19.15    0.00    0.00    0.00    0.00    0.00    0.00    7.45
02:40:52 PM   24   75.79    0.00   16.84    0.00    0.00    0.00    0.00    0.00    0.00    7.37
02:40:52 PM   25   75.79    0.00   16.84    0.00    0.00    0.00    0.00    0.00    0.00    7.37
02:40:52 PM   26   72.92    0.00   18.75    0.00    0.00    0.00    0.00    0.00    0.00    8.33
02:40:52 PM   27   76.84    0.00   15.79    0.00    0.00    0.00    0.00    0.00    0.00    7.37
02:40:52 PM   28   73.68    0.00   18.95    0.00    0.00    0.00    0.00    0.00    0.00    7.37
02:40:52 PM   29   71.28    0.00   21.28    0.00    0.00    0.00    0.00    0.00    0.00    7.45
02:40:52 PM   30   72.63    0.00   18.95    0.00    0.00    0.00    0.00    0.00    0.00    8.42
02:40:52 PM   31   73.96    0.00   18.75    0.00    0.00    0.00    0.00    0.00    0.00    7.29
02:40:52 PM   32   74.74    0.00   16.84    0.00    0.00    0.00    0.00    0.00    0.00    8.42
02:40:52 PM   33   71.28    0.00   21.28    0.00    0.00    0.00    0.00    0.00    0.00    7.45
02:40:52 PM   34   73.96    0.00   18.75    0.00    0.00    0.00    0.00    0.00    0.00    7.29
02:40:52 PM   35   73.40    0.00   18.09    1.06    0.00    0.00    0.00    0.00    0.00    7.45
02:40:52 PM   36   73.68    0.00   17.89    0.00    0.00    0.00    0.00    0.00    0.00    8.42
02:40:52 PM   37   76.84    0.00   16.84    0.00    0.00    0.00    0.00    0.00    0.00    6.32
02:40:52 PM   38   73.96    0.00   18.75    0.00    0.00    0.00    0.00    0.00    0.00    7.29
02:40:52 PM   39   71.43    0.00   20.41    0.00    0.00    0.00    0.00    0.00    0.00    8.16
02:40:52 PM   40   72.63    0.00   18.95    0.00    0.00    0.00    0.00    0.00    0.00    8.42
02:40:52 PM   41   73.96    0.00   16.67    0.00    0.00    0.00    0.00    0.00    0.00    9.38
02:40:52 PM   42   71.28    0.00   20.21    0.00    0.00    0.00    0.00    0.00    0.00    8.51
02:40:52 PM   43   74.74    0.00   16.84    0.00    0.00    0.00    0.00    0.00    0.00    8.42
02:40:52 PM   44   72.63    0.00   18.95    0.00    0.00    0.00    0.00    0.00    0.00    8.42
02:40:52 PM   45   73.40    0.00   19.15    0.00    0.00    0.00    0.00    0.00    0.00    7.45
02:40:52 PM   46   73.96    0.00   17.71    0.00    0.00    0.00    0.00    0.00    0.00    8.33
02:40:52 PM   47   72.92    0.00   17.71    0.00    0.00    0.00    0.00    0.00    0.00    9.38
02:40:52 PM   48   71.28    0.00   20.21    0.00    0.00    0.00    0.00    0.00    0.00    8.51
02:40:52 PM   49   73.96    0.00   16.67    0.00    0.00    0.00    0.00    0.00    0.00    9.38
02:40:52 PM   50   72.63    0.00   18.95    0.00    0.00    0.00    0.00    0.00    0.00    8.42
02:40:52 PM   51   73.96    0.00   18.75    0.00    0.00    0.00    0.00    0.00    0.00    7.29
02:40:52 PM   52   72.92    0.00   17.71    1.04    0.00    0.00    0.00    0.00    0.00    8.33
02:40:52 PM   53   71.58    0.00   18.95    1.05    0.00    0.00    0.00    0.00    0.00    8.42
02:40:52 PM   54   71.13    0.00   19.59    0.00    0.00    0.00    0.00    0.00    0.00    9.28
02:40:52 PM   55   72.63    0.00   18.95    0.00    0.00    0.00    0.00    0.00    0.00    8.42
02:40:52 PM   56   74.74    0.00   17.89    0.00    0.00    0.00    0.00    0.00    0.00    7.37
02:40:52 PM   57   70.83    0.00   19.79    1.04    0.00    0.00    0.00    0.00    0.00    8.33
02:40:52 PM   58   73.20    0.00   18.56    0.00    0.00    0.00    0.00    0.00    0.00    8.25
02:40:52 PM   59   72.63    0.00   20.00    0.00    0.00    0.00    0.00    0.00    0.00    7.37
02:40:52 PM   60   75.79    0.00   16.84    0.00    0.00    0.00    0.00    0.00    0.00    7.37
02:40:52 PM   61   70.97    0.00   21.51    0.00    0.00    0.00    0.00    0.00    0.00    7.53
02:40:52 PM   62   72.34    0.00   19.15    0.00    0.00    0.00    0.00    0.00    0.00    8.51
02:40:52 PM   63   74.47    0.00   17.02    1.06    0.00    0.00    0.00    0.00    0.00    7.45
02:40:52 PM   64   72.63    0.00   20.00    0.00    0.00    0.00    0.00    0.00    0.00    7.37
02:40:52 PM   65   74.74    0.00   16.84    1.05    0.00    0.00    0.00    0.00    0.00    7.37
02:40:52 PM   66   74.74    0.00   17.89    0.00    0.00    0.00    0.00    0.00    0.00    7.37
02:40:52 PM   67   73.68    0.00   18.95    0.00    0.00    0.00    0.00    0.00    0.00    7.37
02:40:52 PM   68   75.27    0.00   16.13    0.00    0.00    0.00    0.00    0.00    0.00    8.60
02:40:52 PM   69   74.47    0.00   18.09    0.00    0.00    0.00    0.00    0.00    0.00    7.45
02:40:52 PM   70   71.58    0.00   20.00    1.05    0.00    0.00    0.00    0.00    0.00    7.37
02:40:52 PM   71   74.47    0.00   17.02    0.00    0.00    0.00    0.00    0.00    0.00    8.51
02:40:52 PM   72   74.47    0.00   18.09    0.00    0.00    0.00    0.00    0.00    0.00    7.45
02:40:52 PM   73   73.96    0.00   17.71    1.04    0.00    0.00    0.00    0.00    0.00    7.29
02:40:52 PM   74   71.58    0.00   21.05    0.00    0.00    0.00    0.00    0.00    0.00    7.37
02:40:52 PM   75   74.74    0.00   17.89    0.00    0.00    0.00    0.00    0.00    0.00    7.37
02:40:52 PM   76   72.63    0.00   20.00    0.00    0.00    0.00    0.00    0.00    0.00    7.37
02:40:52 PM   77   75.26    0.00   19.59    0.00    0.00    0.00    0.00    0.00    0.00    5.15
02:40:52 PM   78   72.16    0.00   19.59    0.00    0.00    0.00    0.00    0.00    0.00    8.25
02:40:52 PM   79   70.53    0.00   21.05    0.00    0.00    0.00    0.00    0.00    0.00    8.42

02:41:01 PM  CPU    %usr   %nice    %sys %iowait    %irq   %soft  %steal  %guest  %gnice   %idle
02:41:02 PM  all   72.59    0.00   18.48    0.18    0.00    0.00    0.00    0.00    0.00    8.75
02:41:02 PM    0   73.96    0.00   16.67    0.00    0.00    0.00    0.00    0.00    0.00    9.38
02:41:02 PM    1   75.26    0.00   16.49    0.00    0.00    0.00    0.00    0.00    0.00    8.25
02:41:02 PM    2   71.58    0.00   18.95    0.00    0.00    0.00    0.00    0.00    0.00    9.47
02:41:02 PM    3   71.13    0.00   18.56    1.03    0.00    0.00    0.00    0.00    0.00    9.28
02:41:02 PM    4   71.28    0.00   19.15    0.00    0.00    0.00    0.00    0.00    0.00    9.57
02:41:02 PM    5   71.58    0.00   18.95    0.00    0.00    0.00    0.00    0.00    0.00    9.47
02:41:02 PM    6   71.28    0.00   19.15    0.00    0.00    0.00    0.00    0.00    0.00    9.57
02:41:02 PM    7   73.12    0.00   17.20    0.00    0.00    0.00    0.00    0.00    0.00    9.68
02:41:02 PM    8   72.63    0.00   18.95    0.00    0.00    0.00    0.00    0.00    0.00    8.42
02:41:02 PM    9   70.10    0.00   19.59    0.00    0.00    0.00    0.00    0.00    0.00   10.31
02:41:02 PM   10   74.74    0.00   16.84    0.00    0.00    0.00    0.00    0.00    0.00    8.42
02:41:02 PM   11   71.13    0.00   19.59    1.03    0.00    0.00    0.00    0.00    0.00    8.25
02:41:02 PM   12   73.68    0.00   16.84    0.00    0.00    0.00    0.00    0.00    0.00    9.47
02:41:02 PM   13   71.88    0.00   18.75    0.00    0.00    0.00    0.00    0.00    0.00    9.38
02:41:02 PM   14   73.40    0.00   17.02    0.00    0.00    0.00    0.00    0.00    0.00    9.57
02:41:02 PM   15   71.88    0.00   18.75    0.00    0.00    0.00    0.00    0.00    0.00    9.38
02:41:02 PM   16   72.83    0.00   18.48    0.00    0.00    0.00    0.00    0.00    0.00    8.70
02:41:02 PM   17   71.88    0.00   18.75    0.00    0.00    0.00    0.00    0.00    0.00    9.38
02:41:02 PM   18   72.63    0.00   17.89    0.00    0.00    0.00    0.00    0.00    0.00    9.47
02:41:02 PM   19   71.58    0.00   18.95    0.00    0.00    0.00    0.00    0.00    0.00    9.47
02:41:02 PM   20   75.53    0.00   15.96    0.00    0.00    0.00    0.00    0.00    0.00    8.51
02:41:02 PM   21   71.88    0.00   19.79    0.00    0.00    0.00    0.00    0.00    0.00    8.33
02:41:02 PM   22   71.58    0.00   21.05    0.00    0.00    0.00    0.00    0.00    0.00    7.37
02:41:02 PM   23   73.68    0.00   16.84    0.00    0.00    0.00    0.00    0.00    0.00    9.47
02:41:02 PM   24   73.40    0.00   18.09    0.00    0.00    0.00    0.00    0.00    0.00    8.51
02:41:02 PM   25   76.29    0.00   19.59    0.00    0.00    0.00    0.00    0.00    0.00    4.12
02:41:02 PM   26   72.92    0.00   18.75    0.00    0.00    0.00    0.00    0.00    0.00    8.33
02:41:02 PM   27   71.88    0.00   18.75    0.00    0.00    0.00    0.00    0.00    0.00    9.38
02:41:02 PM   28   69.79    0.00   20.83    0.00    0.00    0.00    0.00    0.00    0.00    9.38
02:41:02 PM   29   72.34    0.00   19.15    0.00    0.00    0.00    0.00    0.00    0.00    8.51
02:41:02 PM   30   71.58    0.00   20.00    0.00    0.00    0.00    0.00    0.00    0.00    8.42
02:41:02 PM   31   73.40    0.00   19.15    0.00    0.00    0.00    0.00    0.00    0.00    7.45
02:41:02 PM   32   72.63    0.00   18.95    0.00    0.00    0.00    0.00    0.00    0.00    8.42
02:41:02 PM   33   71.58    0.00   20.00    0.00    0.00    0.00    0.00    0.00    0.00    8.42
02:41:02 PM   34   69.15    0.00   22.34    0.00    0.00    0.00    0.00    0.00    0.00    8.51
02:41:02 PM   35   71.28    0.00   20.21    0.00    0.00    0.00    0.00    0.00    0.00    8.51
02:41:02 PM   36   73.40    0.00   17.02    1.06    0.00    0.00    0.00    0.00    0.00    8.51
02:41:02 PM   37   78.72    0.00   14.89    0.00    0.00    0.00    0.00    0.00    0.00    6.38
02:41:02 PM   38   72.92    0.00   19.79    0.00    0.00    0.00    0.00    0.00    0.00    7.29
02:41:02 PM   39   73.96    0.00   17.71    0.00    0.00    0.00    0.00    0.00    0.00    8.33
02:41:02 PM   40   73.96    0.00   16.67    1.04    0.00    0.00    0.00    0.00    0.00    8.33
02:41:02 PM   41   74.47    0.00   15.96    0.00    0.00    0.00    0.00    0.00    0.00    9.57
02:41:02 PM   42   70.53    0.00   18.95    0.00    0.00    0.00    0.00    0.00    0.00   10.53
02:41:02 PM   43   74.47    0.00   17.02    0.00    0.00    0.00    0.00    0.00    0.00    8.51
02:41:02 PM   44   71.28    0.00   19.15    0.00    0.00    0.00    0.00    0.00    0.00    9.57
02:41:02 PM   45   70.53    0.00   18.95    0.00    0.00    0.00    0.00    0.00    0.00   10.53
02:41:02 PM   46   70.53    0.00   20.00    0.00    0.00    0.00    0.00    0.00    0.00    9.47
02:41:02 PM   47   75.53    0.00   13.83    0.00    0.00    0.00    0.00    0.00    0.00   10.64
02:41:02 PM   48   75.00    0.00   14.13    1.09    0.00    0.00    0.00    0.00    0.00    9.78
02:41:02 PM   49   72.04    0.00   18.28    0.00    0.00    0.00    0.00    0.00    0.00    9.68
02:41:02 PM   50   73.12    0.00   18.28    0.00    0.00    0.00    0.00    0.00    0.00    8.60
02:41:02 PM   51   69.07    0.00   20.62    1.03    0.00    0.00    0.00    0.00    0.00    9.28
02:41:02 PM   52   71.13    0.00   18.56    1.03    0.00    0.00    0.00    0.00    0.00    9.28
02:41:02 PM   53   70.21    0.00   20.21    0.00    0.00    0.00    0.00    0.00    0.00    9.57
02:41:02 PM   54   70.21    0.00   20.21    1.06    0.00    0.00    0.00    0.00    0.00    8.51
02:41:02 PM   55   73.12    0.00   17.20    0.00    0.00    0.00    0.00    0.00    0.00    9.68
02:41:02 PM   56   72.63    0.00   17.89    1.05    0.00    0.00    0.00    0.00    0.00    8.42
02:41:02 PM   57   72.63    0.00   17.89    0.00    0.00    0.00    0.00    0.00    0.00    9.47
02:41:02 PM   58   73.40    0.00   18.09    0.00    0.00    0.00    0.00    0.00    0.00    8.51
02:41:02 PM   59   72.63    0.00   18.95    0.00    0.00    0.00    0.00    0.00    0.00    8.42
02:41:02 PM   60   73.20    0.00   18.56    0.00    0.00    0.00    0.00    0.00    0.00    8.25
02:41:02 PM   61   72.04    0.00   19.35    0.00    0.00    0.00    0.00    0.00    0.00    8.60
02:41:02 PM   62   70.83    0.00   19.79    1.04    0.00    0.00    0.00    0.00    0.00    8.33
02:41:02 PM   63   72.63    0.00   17.89    1.05    0.00    0.00    0.00    0.00    0.00    8.42
02:41:02 PM   64   70.83    0.00   20.83    0.00    0.00    0.00    0.00    0.00    0.00    8.33
02:41:02 PM   65   74.74    0.00   16.84    0.00    0.00    0.00    0.00    0.00    0.00    8.42
02:41:02 PM   66   74.19    0.00   17.20    0.00    0.00    0.00    0.00    0.00    0.00    8.60
02:41:02 PM   67   74.74    0.00   16.84    0.00    0.00    0.00    0.00    0.00    0.00    8.42
02:41:02 PM   68   73.12    0.00   17.20    1.08    0.00    0.00    0.00    0.00    0.00    8.60
02:41:02 PM   69   71.28    0.00   20.21    0.00    0.00    0.00    0.00    0.00    0.00    8.51
02:41:02 PM   70   71.13    0.00   19.59    0.00    0.00    0.00    0.00    0.00    0.00    9.28
02:41:02 PM   71   74.23    0.00   17.53    1.03    0.00    0.00    0.00    0.00    0.00    7.22
02:41:02 PM   72   71.28    0.00   19.15    0.00    0.00    0.00    0.00    0.00    0.00    9.57
02:41:02 PM   73   72.63    0.00   18.95    0.00    0.00    0.00    0.00    0.00    0.00    8.42
02:41:02 PM   74   75.00    0.00   16.67    0.00    0.00    0.00    0.00    0.00    0.00    8.33
02:41:02 PM   75   73.20    0.00   19.59    0.00    0.00    0.00    0.00    0.00    0.00    7.22
02:41:02 PM   76   72.34    0.00   19.15    1.06    0.00    0.00    0.00    0.00    0.00    7.45
02:41:02 PM   77   73.40    0.00   18.09    0.00    0.00    0.00    0.00    0.00    0.00    8.51
02:41:02 PM   78   74.47    0.00   18.09    0.00    0.00    0.00    0.00    0.00    0.00    7.45
02:41:02 PM   79   70.21    0.00   21.28    0.00    0.00    0.00    0.00    0.00    0.00    8.51

02:41:11 PM  CPU    %usr   %nice    %sys %iowait    %irq   %soft  %steal  %guest  %gnice   %idle
02:41:12 PM  all   72.64    0.00   18.66    0.16    0.00    0.00    0.00    0.00    0.00    8.54
02:41:12 PM    0   71.88    0.00   17.71    0.00    0.00    0.00    0.00    0.00    0.00   10.42
02:41:12 PM    1   70.97    0.00   20.43    0.00    0.00    0.00    0.00    0.00    0.00    8.60
02:41:12 PM    2   71.13    0.00   19.59    0.00    0.00    0.00    0.00    0.00    0.00    9.28
02:41:12 PM    3   70.83    0.00   18.75    1.04    0.00    0.00    0.00    0.00    0.00    9.38
02:41:12 PM    4   72.34    0.00   19.15    0.00    0.00    0.00    0.00    0.00    0.00    8.51
02:41:12 PM    5   70.53    0.00   21.05    0.00    0.00    0.00    0.00    0.00    0.00    8.42
02:41:12 PM    6   72.92    0.00   16.67    1.04    0.00    0.00    0.00    0.00    0.00    9.38
02:41:12 PM    7   72.16    0.00   18.56    0.00    0.00    0.00    0.00    0.00    0.00    9.28
02:41:12 PM    8   72.63    0.00   17.89    0.00    0.00    0.00    0.00    0.00    0.00    9.47
02:41:12 PM    9   73.40    0.00   17.02    0.00    0.00    0.00    0.00    0.00    0.00    9.57
02:41:12 PM   10   75.00    0.00   16.67    0.00    0.00    0.00    0.00    0.00    0.00    8.33
02:41:12 PM   11   76.34    0.00   15.05    0.00    0.00    0.00    0.00    0.00    0.00    8.60
02:41:12 PM   12   69.15    0.00   22.34    0.00    0.00    0.00    0.00    0.00    0.00    8.51
02:41:12 PM   13   71.88    0.00   19.79    0.00    0.00    0.00    0.00    0.00    0.00    8.33
02:41:12 PM   14   74.47    0.00   17.02    0.00    0.00    0.00    0.00    0.00    0.00    8.51
02:41:12 PM   15   71.88    0.00   20.83    0.00    0.00    0.00    0.00    0.00    0.00    7.29
02:41:12 PM   16   74.47    0.00   17.02    0.00    0.00    0.00    0.00    0.00    0.00    8.51
02:41:12 PM   17   74.74    0.00   16.84    1.05    0.00    0.00    0.00    0.00    0.00    7.37
02:41:12 PM   18   70.83    0.00   18.75    1.04    0.00    0.00    0.00    0.00    0.00    9.38
02:41:12 PM   19   72.63    0.00   18.95    0.00    0.00    0.00    0.00    0.00    0.00    8.42
02:41:12 PM   20   73.96    0.00   17.71    0.00    0.00    0.00    0.00    0.00    0.00    8.33
02:41:12 PM   21   70.53    0.00   20.00    1.05    0.00    0.00    0.00    0.00    0.00    8.42
02:41:12 PM   22   73.12    0.00   18.28    0.00    0.00    0.00    0.00    0.00    0.00    8.60
02:41:12 PM   23   71.28    0.00   19.15    0.00    0.00    0.00    0.00    0.00    0.00    9.57
02:41:12 PM   24   75.27    0.00   16.13    0.00    0.00    0.00    0.00    0.00    0.00    8.60
02:41:12 PM   25   72.34    0.00   19.15    0.00    0.00    0.00    0.00    0.00    0.00    8.51
02:41:12 PM   26   73.12    0.00   18.28    0.00    0.00    0.00    0.00    0.00    0.00    8.60
02:41:12 PM   27   71.58    0.00   20.00    0.00    0.00    0.00    0.00    0.00    0.00    8.42
02:41:12 PM   28   71.58    0.00   20.00    0.00    0.00    0.00    0.00    0.00    0.00    8.42
02:41:12 PM   29   73.68    0.00   17.89    0.00    0.00    0.00    0.00    0.00    0.00    8.42
02:41:12 PM   30   73.40    0.00   18.09    0.00    0.00    0.00    0.00    0.00    0.00    8.51
02:41:12 PM   31   70.21    0.00   21.28    1.06    0.00    0.00    0.00    0.00    0.00    7.45
02:41:12 PM   32   78.12    0.00   18.75    0.00    0.00    0.00    0.00    0.00    0.00    3.12
02:41:12 PM   33   72.63    0.00   18.95    0.00    0.00    0.00    0.00    0.00    0.00    8.42
02:41:12 PM   34   74.19    0.00   17.20    0.00    0.00    0.00    0.00    0.00    0.00    8.60
02:41:12 PM   35   72.04    0.00   19.35    0.00    0.00    0.00    0.00    0.00    0.00    8.60
02:41:12 PM   36   70.53    0.00   20.00    0.00    0.00    0.00    0.00    0.00    0.00    9.47
02:41:12 PM   37   73.96    0.00   17.71    0.00    0.00    0.00    0.00    0.00    0.00    8.33
02:41:12 PM   38   70.53    0.00   18.95    1.05    0.00    0.00    0.00    0.00    0.00    9.47
02:41:12 PM   39   73.40    0.00   17.02    0.00    0.00    0.00    0.00    0.00    0.00    9.57
02:41:12 PM   40   71.88    0.00   18.75    0.00    0.00    0.00    0.00    0.00    0.00    9.38
02:41:12 PM   41   73.40    0.00   17.02    1.06    0.00    0.00    0.00    0.00    0.00    8.51
02:41:12 PM   42   72.16    0.00   17.53    1.03    0.00    0.00    0.00    0.00    0.00    9.28
02:41:12 PM   43   71.28    0.00   19.15    0.00    0.00    0.00    0.00    0.00    0.00    9.57
02:41:12 PM   44   72.92    0.00   18.75    0.00    0.00    0.00    0.00    0.00    0.00    8.33
02:41:12 PM   45   69.79    0.00   20.83    0.00    0.00    0.00    0.00    0.00    0.00    9.38
02:41:12 PM   46   73.20    0.00   18.56    0.00    0.00    0.00    0.00    0.00    0.00    8.25
02:41:12 PM   47   72.92    0.00   18.75    0.00    0.00    0.00    0.00    0.00    0.00    8.33
02:41:12 PM   48   73.68    0.00   17.89    0.00    0.00    0.00    0.00    0.00    0.00    8.42
02:41:12 PM   49   71.58    0.00   20.00    0.00    0.00    0.00    0.00    0.00    0.00    8.42
02:41:12 PM   50   72.34    0.00   19.15    0.00    0.00    0.00    0.00    0.00    0.00    8.51
02:41:12 PM   51   76.34    0.00   16.13    0.00    0.00    0.00    0.00    0.00    0.00    7.53
02:41:12 PM   52   74.74    0.00   16.84    0.00    0.00    0.00    0.00    0.00    0.00    8.42
02:41:12 PM   53   73.40    0.00   18.09    0.00    0.00    0.00    0.00    0.00    0.00    8.51
02:41:12 PM   54   72.63    0.00   18.95    0.00    0.00    0.00    0.00    0.00    0.00    8.42
02:41:12 PM   55   73.40    0.00   19.15    0.00    0.00    0.00    0.00    0.00    0.00    7.45
02:41:12 PM   56   73.20    0.00   17.53    0.00    0.00    0.00    0.00    0.00    0.00    9.28
02:41:12 PM   57   73.40    0.00   18.09    0.00    0.00    0.00    0.00    0.00    0.00    8.51
02:41:12 PM   58   70.83    0.00   19.79    1.04    0.00    0.00    0.00    0.00    0.00    8.33
02:41:12 PM   59   70.53    0.00   21.05    0.00    0.00    0.00    0.00    0.00    0.00    8.42
02:41:12 PM   60   73.12    0.00   18.28    0.00    0.00    0.00    0.00    0.00    0.00    8.60
02:41:12 PM   61   72.34    0.00   19.15    0.00    0.00    0.00    0.00    0.00    0.00    8.51
02:41:12 PM   62   72.34    0.00   19.15    0.00    0.00    0.00    0.00    0.00    0.00    8.51
02:41:12 PM   63   73.68    0.00   17.89    0.00    0.00    0.00    0.00    0.00    0.00    8.42
02:41:12 PM   64   75.53    0.00   17.02    0.00    0.00    0.00    0.00    0.00    0.00    7.45
02:41:12 PM   65   72.92    0.00   18.75    0.00    0.00    0.00    0.00    0.00    0.00    8.33
02:41:12 PM   66   71.28    0.00   19.15    0.00    0.00    0.00    0.00    0.00    0.00    9.57
02:41:12 PM   67   72.92    0.00   18.75    0.00    0.00    0.00    0.00    0.00    0.00    8.33
02:41:12 PM   68   73.12    0.00   19.35    0.00    0.00    0.00    0.00    0.00    0.00    7.53
02:41:12 PM   69   71.28    0.00   20.21    0.00    0.00    0.00    0.00    0.00    0.00    8.51
02:41:12 PM   70   74.47    0.00   17.02    0.00    0.00    0.00    0.00    0.00    0.00    8.51
02:41:12 PM   71   72.34    0.00   19.15    0.00    0.00    0.00    0.00    0.00    0.00    8.51
02:41:12 PM   72   71.58    0.00   20.00    0.00    0.00    0.00    0.00    0.00    0.00    8.42
02:41:12 PM   73   74.47    0.00   17.02    0.00    0.00    0.00    0.00    0.00    0.00    8.51
02:41:12 PM   74   72.34    0.00   18.09    1.06    0.00    0.00    0.00    0.00    0.00    8.51
02:41:12 PM   75   69.15    0.00   21.28    1.06    0.00    0.00    0.00    0.00    0.00    8.51
02:41:12 PM   76   71.58    0.00   20.00    0.00    0.00    0.00    0.00    0.00    0.00    8.42
02:41:12 PM   77   73.91    0.00   17.39    0.00    0.00    0.00    0.00    0.00    0.00    8.70
02:41:12 PM   78   72.34    0.00   18.09    0.00    0.00    0.00    0.00    0.00    0.00    9.57
02:41:12 PM   79   71.28    0.00   21.28    0.00    0.00    0.00    0.00    0.00    0.00    7.45

02:41:21 PM  CPU    %usr   %nice    %sys %iowait    %irq   %soft  %steal  %guest  %gnice   %idle
02:41:22 PM  all   71.32    0.00   18.39    0.21    0.00    0.00    0.00    0.00    0.00   10.08
02:41:22 PM    0   70.53    0.00   17.89    1.05    0.00    0.00    0.00    0.00    0.00   10.53
02:41:22 PM    1   71.28    0.00   18.09    0.00    0.00    0.00    0.00    0.00    0.00   10.64
02:41:22 PM    2   69.89    0.00   19.35    0.00    0.00    0.00    0.00    0.00    0.00   10.75
02:41:22 PM    3   68.75    0.00   19.79    1.04    0.00    0.00    0.00    0.00    0.00   10.42
02:41:22 PM    4   70.21    0.00   19.15    0.00    0.00    0.00    0.00    0.00    0.00   10.64
02:41:22 PM    5   70.53    0.00   18.95    0.00    0.00    0.00    0.00    0.00    0.00   10.53
02:41:22 PM    6   73.40    0.00   15.96    0.00    0.00    0.00    0.00    0.00    0.00   10.64
02:41:22 PM    7   71.28    0.00   18.09    0.00    0.00    0.00    0.00    0.00    0.00   10.64
02:41:22 PM    8   71.58    0.00   17.89    0.00    0.00    0.00    0.00    0.00    0.00   10.53
02:41:22 PM    9   71.58    0.00   17.89    1.05    0.00    0.00    0.00    0.00    0.00    9.47
02:41:22 PM   10   71.28    0.00   18.09    0.00    0.00    0.00    0.00    0.00    0.00   10.64
02:41:22 PM   11   72.34    0.00   17.02    0.00    0.00    0.00    0.00    0.00    0.00   10.64
02:41:22 PM   12   68.75    0.00   20.83    0.00    0.00    0.00    0.00    0.00    0.00   10.42
02:41:22 PM   13   71.28    0.00   19.15    0.00    0.00    0.00    0.00    0.00    0.00    9.57
02:41:22 PM   14   69.47    0.00   21.05    0.00    0.00    0.00    0.00    0.00    0.00    9.47
02:41:22 PM   15   69.47    0.00   20.00    0.00    0.00    0.00    0.00    0.00    0.00   10.53
02:41:22 PM   16   70.97    0.00   18.28    0.00    0.00    0.00    0.00    0.00    0.00   10.75
02:41:22 PM   17   71.88    0.00   17.71    0.00    0.00    0.00    0.00    0.00    0.00   10.42
02:41:22 PM   18   71.13    0.00   18.56    0.00    0.00    0.00    0.00    0.00    0.00   10.31
02:41:22 PM   19   70.21    0.00   19.15    0.00    0.00    0.00    0.00    0.00    0.00   10.64
02:41:22 PM   20   70.53    0.00   18.95    0.00    0.00    0.00    0.00    0.00    0.00   10.53
02:41:22 PM   21   72.63    0.00   16.84    1.05    0.00    0.00    0.00    0.00    0.00    9.47
02:41:22 PM   22   70.21    0.00   20.21    0.00    0.00    0.00    0.00    0.00    0.00    9.57
02:41:22 PM   23   70.53    0.00   18.95    0.00    0.00    0.00    0.00    0.00    0.00   10.53
02:41:22 PM   24   72.92    0.00   17.71    0.00    0.00    0.00    0.00    0.00    0.00    9.38
02:41:22 PM   25   70.97    0.00   19.35    0.00    0.00    0.00    0.00    0.00    0.00    9.68
02:41:22 PM   26   71.58    0.00   18.95    0.00    0.00    0.00    0.00    0.00    0.00    9.47
02:41:22 PM   27   72.34    0.00   17.02    0.00    0.00    0.00    0.00    0.00    0.00   10.64
02:41:22 PM   28   70.53    0.00   17.89    1.05    0.00    0.00    0.00    0.00    0.00   10.53
02:41:22 PM   29   73.68    0.00   16.84    0.00    0.00    0.00    0.00    0.00    0.00    9.47
02:41:22 PM   30   72.63    0.00   17.89    0.00    0.00    0.00    0.00    0.00    0.00    9.47
02:41:22 PM   31   72.34    0.00   18.09    0.00    0.00    0.00    0.00    0.00    0.00    9.57
02:41:22 PM   32   71.88    0.00   20.83    0.00    0.00    0.00    0.00    0.00    0.00    7.29
02:41:22 PM   33   73.40    0.00   15.96    0.00    0.00    0.00    0.00    0.00    0.00   10.64
02:41:22 PM   34   71.88    0.00   18.75    0.00    0.00    0.00    0.00    0.00    0.00    9.38
02:41:22 PM   35   70.53    0.00   18.95    1.05    0.00    0.00    0.00    0.00    0.00    9.47
02:41:22 PM   36   71.88    0.00   17.71    1.04    0.00    0.00    0.00    0.00    0.00    9.38
02:41:22 PM   37   69.47    0.00   20.00    0.00    0.00    0.00    0.00    0.00    0.00   10.53
02:41:22 PM   38   73.40    0.00   15.96    1.06    0.00    0.00    0.00    0.00    0.00    9.57
02:41:22 PM   39   72.34    0.00   18.09    1.06    0.00    0.00    0.00    0.00    0.00    8.51
02:41:22 PM   40   70.83    0.00   17.71    0.00    0.00    0.00    0.00    0.00    0.00   11.46
02:41:22 PM   41   73.20    0.00   15.46    0.00    0.00    0.00    0.00    0.00    0.00   11.34
02:41:22 PM   42   69.15    0.00   19.15    0.00    0.00    0.00    0.00    0.00    0.00   11.70
02:41:22 PM   43   72.63    0.00   17.89    0.00    0.00    0.00    0.00    0.00    0.00    9.47
02:41:22 PM   44   71.58    0.00   17.89    0.00    0.00    0.00    0.00    0.00    0.00   10.53
02:41:22 PM   45   72.16    0.00   17.53    0.00    0.00    0.00    0.00    0.00    0.00   10.31
02:41:22 PM   46   69.79    0.00   19.79    1.04    0.00    0.00    0.00    0.00    0.00    9.38
02:41:22 PM   47   71.58    0.00   17.89    0.00    0.00    0.00    0.00    0.00    0.00   10.53
02:41:22 PM   48   72.34    0.00   18.09    0.00    0.00    0.00    0.00    0.00    0.00    9.57
02:41:22 PM   49   69.70    0.00   20.20    0.00    0.00    0.00    0.00    0.00    0.00   10.10
02:41:22 PM   50   71.58    0.00   17.89    0.00    0.00    0.00    0.00    0.00    0.00   10.53
02:41:22 PM   51   72.92    0.00   16.67    1.04    0.00    0.00    0.00    0.00    0.00    9.38
02:41:22 PM   52   70.21    0.00   19.15    0.00    0.00    0.00    0.00    0.00    0.00   10.64
02:41:22 PM   53   70.10    0.00   18.56    0.00    0.00    0.00    0.00    0.00    0.00   11.34
02:41:22 PM   54   69.47    0.00   18.95    1.05    0.00    0.00    0.00    0.00    0.00   10.53
02:41:22 PM   55   73.12    0.00   16.13    0.00    0.00    0.00    0.00    0.00    0.00   10.75
02:41:22 PM   56   68.75    0.00   19.79    1.04    0.00    0.00    0.00    0.00    0.00   10.42
02:41:22 PM   57   71.28    0.00   19.15    0.00    0.00    0.00    0.00    0.00    0.00    9.57
02:41:22 PM   58   73.12    0.00   16.13    0.00    0.00    0.00    0.00    0.00    0.00   10.75
02:41:22 PM   59   71.28    0.00   18.09    0.00    0.00    0.00    0.00    0.00    0.00   10.64
02:41:22 PM   60   74.74    0.00   16.84    0.00    0.00    0.00    0.00    0.00    0.00    8.42
02:41:22 PM   61   71.28    0.00   18.09    0.00    0.00    0.00    0.00    0.00    0.00   10.64
02:41:22 PM   62   71.58    0.00   18.95    0.00    0.00    0.00    0.00    0.00    0.00    9.47
02:41:22 PM   63   71.74    0.00   18.48    0.00    0.00    0.00    0.00    0.00    0.00    9.78
02:41:22 PM   64   71.88    0.00   17.71    0.00    0.00    0.00    0.00    0.00    0.00   10.42
02:41:22 PM   65   70.53    0.00   18.95    0.00    0.00    0.00    0.00    0.00    0.00   10.53
02:41:22 PM   66   69.47    0.00   18.95    1.05    0.00    0.00    0.00    0.00    0.00   10.53
02:41:22 PM   67   71.28    0.00   18.09    0.00    0.00    0.00    0.00    0.00    0.00   10.64
02:41:22 PM   68   71.58    0.00   17.89    0.00    0.00    0.00    0.00    0.00    0.00   10.53
02:41:22 PM   69   73.12    0.00   17.20    0.00    0.00    0.00    0.00    0.00    0.00    9.68
02:41:22 PM   70   67.71    0.00   21.88    0.00    0.00    0.00    0.00    0.00    0.00   10.42
02:41:22 PM   71   72.04    0.00   18.28    0.00    0.00    0.00    0.00    0.00    0.00    9.68
02:41:22 PM   72   76.29    0.00   17.53    0.00    0.00    0.00    0.00    0.00    0.00    6.19
02:41:22 PM   73   69.15    0.00   21.28    0.00    0.00    0.00    0.00    0.00    0.00    9.57
02:41:22 PM   74   72.04    0.00   18.28    0.00    0.00    0.00    0.00    0.00    0.00    9.68
02:41:22 PM   75   71.88    0.00   16.67    0.00    0.00    0.00    0.00    0.00    0.00   11.46
02:41:22 PM   76   72.63    0.00   16.84    0.00    0.00    0.00    0.00    0.00    0.00   10.53
02:41:22 PM   77   70.21    0.00   18.09    0.00    0.00    0.00    0.00    0.00    0.00   11.70
02:41:22 PM   78   71.58    0.00   18.95    1.05    0.00    0.00    0.00    0.00    0.00    8.42
02:41:22 PM   79   68.75    0.00   21.88    1.04    0.00    0.00    0.00    0.00    0.00    8.33

02:41:31 PM  CPU    %usr   %nice    %sys %iowait    %irq   %soft  %steal  %guest  %gnice   %idle
02:41:32 PM  all   71.46    0.00   18.30    0.22    0.00    0.00    0.00    0.00    0.00   10.02
02:41:32 PM    0   72.34    0.00   17.02    0.00    0.00    0.00    0.00    0.00    0.00   10.64
02:41:32 PM    1   72.83    0.00   16.30    0.00    0.00    0.00    0.00    0.00    0.00   10.87
02:41:32 PM    2   70.53    0.00   18.95    0.00    0.00    0.00    0.00    0.00    0.00   10.53
02:41:32 PM    3   72.63    0.00   16.84    0.00    0.00    0.00    0.00    0.00    0.00   10.53
02:41:32 PM    4   68.42    0.00   20.00    0.00    0.00    0.00    0.00    0.00    0.00   11.58
02:41:32 PM    5   69.79    0.00   18.75    1.04    0.00    0.00    0.00    0.00    0.00   10.42
02:41:32 PM    6   70.21    0.00   19.15    0.00    0.00    0.00    0.00    0.00    0.00   10.64
02:41:32 PM    7   71.28    0.00   18.09    0.00    0.00    0.00    0.00    0.00    0.00   10.64
02:41:32 PM    8   70.83    0.00   18.75    0.00    0.00    0.00    0.00    0.00    0.00   10.42
02:41:32 PM    9   70.53    0.00   18.95    0.00    0.00    0.00    0.00    0.00    0.00   10.53
02:41:32 PM   10   69.79    0.00   18.75    1.04    0.00    0.00    0.00    0.00    0.00   10.42
02:41:32 PM   11   70.10    0.00   18.56    0.00    0.00    0.00    0.00    0.00    0.00   11.34
02:41:32 PM   12   72.63    0.00   16.84    0.00    0.00    0.00    0.00    0.00    0.00   10.53
02:41:32 PM   13   70.53    0.00   18.95    0.00    0.00    0.00    0.00    0.00    0.00   10.53
02:41:32 PM   14   70.53    0.00   18.95    0.00    0.00    0.00    0.00    0.00    0.00   10.53
02:41:32 PM   15   72.63    0.00   16.84    0.00    0.00    0.00    0.00    0.00    0.00   10.53
02:41:32 PM   16   72.63    0.00   17.89    0.00    0.00    0.00    0.00    0.00    0.00    9.47
02:41:32 PM   17   71.88    0.00   16.67    1.04    0.00    0.00    0.00    0.00    0.00   10.42
02:41:32 PM   18   70.53    0.00   17.89    1.05    0.00    0.00    0.00    0.00    0.00   10.53
02:41:32 PM   19   71.88    0.00   16.67    1.04    0.00    0.00    0.00    0.00    0.00   10.42
02:41:32 PM   20   70.83    0.00   18.75    1.04    0.00    0.00    0.00    0.00    0.00    9.38
02:41:32 PM   21   72.63    0.00   17.89    0.00    0.00    0.00    0.00    0.00    0.00    9.47
02:41:32 PM   22   75.00    0.00   16.67    0.00    0.00    0.00    0.00    0.00    0.00    8.33
02:41:32 PM   23   72.92    0.00   17.71    0.00    0.00    0.00    0.00    0.00    0.00    9.38
02:41:32 PM   24   71.88    0.00   16.67    1.04    0.00    0.00    0.00    0.00    0.00   10.42
02:41:32 PM   25   70.41    0.00   19.39    0.00    0.00    0.00    0.00    0.00    0.00   10.20
02:41:32 PM   26   70.21    0.00   20.21    1.06    0.00    0.00    0.00    0.00    0.00    8.51
02:41:32 PM   27   73.96    0.00   15.62    1.04    0.00    0.00    0.00    0.00    0.00    9.38
02:41:32 PM   28   72.63    0.00   17.89    0.00    0.00    0.00    0.00    0.00    0.00    9.47
02:41:32 PM   29   71.88    0.00   18.75    0.00    0.00    0.00    0.00    0.00    0.00    9.38
02:41:32 PM   30   72.16    0.00   17.53    0.00    0.00    0.00    0.00    0.00    0.00   10.31
02:41:32 PM   31   71.28    0.00   18.09    0.00    0.00    0.00    0.00    0.00    0.00   10.64
02:41:32 PM   32   72.04    0.00   18.28    0.00    0.00    0.00    0.00    0.00    0.00    9.68
02:41:32 PM   33   70.83    0.00   19.79    0.00    0.00    0.00    0.00    0.00    0.00    9.38
02:41:32 PM   34   70.97    0.00   18.28    0.00    0.00    0.00    0.00    0.00    0.00   10.75
02:41:32 PM   35   75.53    0.00   15.96    0.00    0.00    0.00    0.00    0.00    0.00    8.51
02:41:32 PM   36   71.28    0.00   18.09    0.00    0.00    0.00    0.00    0.00    0.00   10.64
02:41:32 PM   37   74.23    0.00   16.49    0.00    0.00    0.00    0.00    0.00    0.00    9.28
02:41:32 PM   38   72.34    0.00   18.09    0.00    0.00    0.00    0.00    0.00    0.00    9.57
02:41:32 PM   39   69.47    0.00   21.05    1.05    0.00    0.00    0.00    0.00    0.00    8.42
02:41:32 PM   40   71.88    0.00   17.71    0.00    0.00    0.00    0.00    0.00    0.00   10.42
02:41:32 PM   41   71.88    0.00   18.75    0.00    0.00    0.00    0.00    0.00    0.00    9.38
02:41:32 PM   42   72.63    0.00   16.84    0.00    0.00    0.00    0.00    0.00    0.00   10.53
02:41:32 PM   43   72.63    0.00   16.84    0.00    0.00    0.00    0.00    0.00    0.00   10.53
02:41:32 PM   44   73.96    0.00   14.58    0.00    0.00    0.00    0.00    0.00    0.00   11.46
02:41:32 PM   45   69.79    0.00   18.75    0.00    0.00    0.00    0.00    0.00    0.00   11.46
02:41:32 PM   46   73.68    0.00   16.84    0.00    0.00    0.00    0.00    0.00    0.00    9.47
02:41:32 PM   47   70.21    0.00   19.15    0.00    0.00    0.00    0.00    0.00    0.00   10.64
02:41:32 PM   48   68.82    0.00   20.43    0.00    0.00    0.00    0.00    0.00    0.00   10.75
02:41:32 PM   49   71.28    0.00   18.09    0.00    0.00    0.00    0.00    0.00    0.00   10.64
02:41:32 PM   50   69.47    0.00   18.95    0.00    0.00    0.00    0.00    0.00    0.00   11.58
02:41:32 PM   51   67.74    0.00   21.51    0.00    0.00    0.00    0.00    0.00    0.00   10.75
02:41:32 PM   52   72.63    0.00   17.89    0.00    0.00    0.00    0.00    0.00    0.00    9.47
02:41:32 PM   53   69.79    0.00   18.75    1.04    0.00    0.00    0.00    0.00    0.00   10.42
02:41:32 PM   54   69.15    0.00   20.21    0.00    0.00    0.00    0.00    0.00    0.00   10.64
02:41:32 PM   55   69.47    0.00   18.95    0.00    0.00    0.00    0.00    0.00    0.00   11.58
02:41:32 PM   56   70.53    0.00   17.89    1.05    0.00    0.00    0.00    0.00    0.00   10.53
02:41:32 PM   57   72.34    0.00   18.09    0.00    0.00    0.00    0.00    0.00    0.00    9.57
02:41:32 PM   58   70.10    0.00   19.59    0.00    0.00    0.00    0.00    0.00    0.00   10.31
02:41:32 PM   59   70.21    0.00   19.15    0.00    0.00    0.00    0.00    0.00    0.00   10.64
02:41:32 PM   60   72.92    0.00   16.67    0.00    0.00    0.00    0.00    0.00    0.00   10.42
02:41:32 PM   61   70.53    0.00   18.95    1.05    0.00    0.00    0.00    0.00    0.00    9.47
02:41:32 PM   62   72.16    0.00   18.56    0.00    0.00    0.00    0.00    0.00    0.00    9.28
02:41:32 PM   63   71.58    0.00   18.95    0.00    0.00    0.00    0.00    0.00    0.00    9.47
02:41:32 PM   64   72.34    0.00   18.09    0.00    0.00    0.00    0.00    0.00    0.00    9.57
02:41:32 PM   65   69.15    0.00   21.28    0.00    0.00    0.00    0.00    0.00    0.00    9.57
02:41:32 PM   66   74.74    0.00   17.89    0.00    0.00    0.00    0.00    0.00    0.00    7.37
02:41:32 PM   67   71.58    0.00   17.89    1.05    0.00    0.00    0.00    0.00    0.00    9.47
02:41:32 PM   68   71.88    0.00   18.75    0.00    0.00    0.00    0.00    0.00    0.00    9.38
02:41:32 PM   69   71.28    0.00   19.15    0.00    0.00    0.00    0.00    0.00    0.00    9.57
02:41:32 PM   70   69.89    0.00   20.43    0.00    0.00    0.00    0.00    0.00    0.00    9.68
02:41:32 PM   71   71.28    0.00   19.15    1.06    0.00    0.00    0.00    0.00    0.00    8.51
02:41:32 PM   72   74.74    0.00   15.79    0.00    0.00    0.00    0.00    0.00    0.00    9.47
02:41:32 PM   73   72.16    0.00   18.56    0.00    0.00    0.00    0.00    0.00    0.00    9.28
02:41:32 PM   74   72.34    0.00   17.02    0.00    0.00    0.00    0.00    0.00    0.00   10.64
02:41:32 PM   75   70.53    0.00   21.05    0.00    0.00    0.00    0.00    0.00    0.00    8.42
02:41:32 PM   76   72.63    0.00   16.84    1.05    0.00    0.00    0.00    0.00    0.00    9.47
02:41:32 PM   77   70.83    0.00   19.79    0.00    0.00    0.00    0.00    0.00    0.00    9.38
02:41:32 PM   78   72.92    0.00   17.71    0.00    0.00    0.00    0.00    0.00    0.00    9.38
02:41:32 PM   79   67.71    0.00   20.83    1.04    0.00    0.00    0.00    0.00    0.00   10.42

02:41:41 PM  CPU    %usr   %nice    %sys %iowait    %irq   %soft  %steal  %guest  %gnice   %idle
02:41:42 PM  all   72.57    0.00   18.62    0.13    0.00    0.00    0.00    0.00    0.00    8.68
02:41:42 PM    0   72.34    0.00   19.15    0.00    0.00    0.00    0.00    0.00    0.00    8.51
02:41:42 PM    1   72.34    0.00   19.15    0.00    0.00    0.00    0.00    0.00    0.00    8.51
02:41:42 PM    2   72.16    0.00   18.56    1.03    0.00    0.00    0.00    0.00    0.00    8.25
02:41:42 PM    3   73.20    0.00   17.53    0.00    0.00    0.00    0.00    0.00    0.00    9.28
02:41:42 PM    4   71.58    0.00   18.95    0.00    0.00    0.00    0.00    0.00    0.00    9.47
02:41:42 PM    5   70.83    0.00   18.75    0.00    0.00    0.00    0.00    0.00    0.00   10.42
02:41:42 PM    6   73.68    0.00   16.84    0.00    0.00    0.00    0.00    0.00    0.00    9.47
02:41:42 PM    7   71.28    0.00   19.15    0.00    0.00    0.00    0.00    0.00    0.00    9.57
02:41:42 PM    8   75.53    0.00   15.96    0.00    0.00    0.00    0.00    0.00    0.00    8.51
02:41:42 PM    9   69.79    0.00   19.79    1.04    0.00    0.00    0.00    0.00    0.00    9.38
02:41:42 PM   10   73.68    0.00   16.84    0.00    0.00    0.00    0.00    0.00    0.00    9.47
02:41:42 PM   11   71.58    0.00   17.89    0.00    0.00    0.00    0.00    0.00    0.00   10.53
02:41:42 PM   12   74.19    0.00   17.20    0.00    0.00    0.00    0.00    0.00    0.00    8.60
02:41:42 PM   13   72.63    0.00   17.89    0.00    0.00    0.00    0.00    0.00    0.00    9.47
02:41:42 PM   14   74.19    0.00   17.20    0.00    0.00    0.00    0.00    0.00    0.00    8.60
02:41:42 PM   15   69.47    0.00   21.05    0.00    0.00    0.00    0.00    0.00    0.00    9.47
02:41:42 PM   16   68.42    0.00   21.05    1.05    0.00    0.00    0.00    0.00    0.00    9.47
02:41:42 PM   17   73.68    0.00   17.89    0.00    0.00    0.00    0.00    0.00    0.00    8.42
02:41:42 PM   18   68.04    0.00   22.68    0.00    0.00    0.00    0.00    0.00    0.00    9.28
02:41:42 PM   19   73.12    0.00   18.28    0.00    0.00    0.00    0.00    0.00    0.00    8.60
02:41:42 PM   20   69.79    0.00   20.83    0.00    0.00    0.00    0.00    0.00    0.00    9.38
02:41:42 PM   21   75.53    0.00   17.02    0.00    0.00    0.00    0.00    0.00    0.00    7.45
02:41:42 PM   22   72.34    0.00   18.09    0.00    0.00    0.00    0.00    0.00    0.00    9.57
02:41:42 PM   23   72.92    0.00   18.75    0.00    0.00    0.00    0.00    0.00    0.00    8.33
02:41:42 PM   24   74.47    0.00   17.02    0.00    0.00    0.00    0.00    0.00    0.00    8.51
02:41:42 PM   25   74.47    0.00   17.02    0.00    0.00    0.00    0.00    0.00    0.00    8.51
02:41:42 PM   26   74.74    0.00   15.79    0.00    0.00    0.00    0.00    0.00    0.00    9.47
02:41:42 PM   27   72.34    0.00   20.21    0.00    0.00    0.00    0.00    0.00    0.00    7.45
02:41:42 PM   28   72.92    0.00   18.75    0.00    0.00    0.00    0.00    0.00    0.00    8.33
02:41:42 PM   29   72.34    0.00   19.15    0.00    0.00    0.00    0.00    0.00    0.00    8.51
02:41:42 PM   30   75.53    0.00   15.96    0.00    0.00    0.00    0.00    0.00    0.00    8.51
02:41:42 PM   31   72.34    0.00   19.15    0.00    0.00    0.00    0.00    0.00    0.00    8.51
02:41:42 PM   32   74.47    0.00   17.02    0.00    0.00    0.00    0.00    0.00    0.00    8.51
02:41:42 PM   33   74.74    0.00   17.89    0.00    0.00    0.00    0.00    0.00    0.00    7.37
02:41:42 PM   34   72.63    0.00   18.95    0.00    0.00    0.00    0.00    0.00    0.00    8.42
02:41:42 PM   35   72.34    0.00   19.15    0.00    0.00    0.00    0.00    0.00    0.00    8.51
02:41:42 PM   36   73.68    0.00   17.89    0.00    0.00    0.00    0.00    0.00    0.00    8.42
02:41:42 PM   37   74.47    0.00   18.09    0.00    0.00    0.00    0.00    0.00    0.00    7.45
02:41:42 PM   38   71.28    0.00   20.21    0.00    0.00    0.00    0.00    0.00    0.00    8.51
02:41:42 PM   39   71.58    0.00   20.00    0.00    0.00    0.00    0.00    0.00    0.00    8.42
02:41:42 PM   40   75.53    0.00   15.96    0.00    0.00    0.00    0.00    0.00    0.00    8.51
02:41:42 PM   41   69.47    0.00   21.05    0.00    0.00    0.00    0.00    0.00    0.00    9.47
02:41:42 PM   42   70.97    0.00   19.35    0.00    0.00    0.00    0.00    0.00    0.00    9.68
02:41:42 PM   43   71.88    0.00   18.75    0.00    0.00    0.00    0.00    0.00    0.00    9.38
02:41:42 PM   44   72.34    0.00   18.09    0.00    0.00    0.00    0.00    0.00    0.00    9.57
02:41:42 PM   45   74.47    0.00   17.02    0.00    0.00    0.00    0.00    0.00    0.00    8.51
02:41:42 PM   46   73.68    0.00   16.84    0.00    0.00    0.00    0.00    0.00    0.00    9.47
02:41:42 PM   47   72.34    0.00   18.09    1.06    0.00    0.00    0.00    0.00    0.00    8.51
02:41:42 PM   48   70.83    0.00   19.79    0.00    0.00    0.00    0.00    0.00    0.00    9.38
02:41:42 PM   49   74.74    0.00   16.84    0.00    0.00    0.00    0.00    0.00    0.00    8.42
02:41:42 PM   50   72.63    0.00   17.89    0.00    0.00    0.00    0.00    0.00    0.00    9.47
02:41:42 PM   51   71.13    0.00   19.59    0.00    0.00    0.00    0.00    0.00    0.00    9.28
02:41:42 PM   52   70.83    0.00   19.79    0.00    0.00    0.00    0.00    0.00    0.00    9.38
02:41:42 PM   53   72.92    0.00   18.75    0.00    0.00    0.00    0.00    0.00    0.00    8.33
02:41:42 PM   54   74.47    0.00   17.02    0.00    0.00    0.00    0.00    0.00    0.00    8.51
02:41:42 PM   55   71.88    0.00   18.75    0.00    0.00    0.00    0.00    0.00    0.00    9.38
02:41:42 PM   56   73.20    0.00   17.53    0.00    0.00    0.00    0.00    0.00    0.00    9.28
02:41:42 PM   57   69.47    0.00   20.00    1.05    0.00    0.00    0.00    0.00    0.00    9.47
02:41:42 PM   58   71.58    0.00   18.95    0.00    0.00    0.00    0.00    0.00    0.00    9.47
02:41:42 PM   59   71.88    0.00   18.75    1.04    0.00    0.00    0.00    0.00    0.00    8.33
02:41:42 PM   60   72.34    0.00   20.21    0.00    0.00    0.00    0.00    0.00    0.00    7.45
02:41:42 PM   61   73.96    0.00   17.71    0.00    0.00    0.00    0.00    0.00    0.00    8.33
02:41:42 PM   62   70.83    0.00   20.83    0.00    0.00    0.00    0.00    0.00    0.00    8.33
02:41:42 PM   63   70.83    0.00   19.79    0.00    0.00    0.00    0.00    0.00    0.00    9.38
02:41:42 PM   64   74.19    0.00   17.20    1.08    0.00    0.00    0.00    0.00    0.00    7.53
02:41:42 PM   65   73.96    0.00   18.75    0.00    0.00    0.00    0.00    0.00    0.00    7.29
02:41:42 PM   66   71.88    0.00   18.75    0.00    0.00    0.00    0.00    0.00    0.00    9.38
02:41:42 PM   67   72.16    0.00   19.59    0.00    0.00    0.00    0.00    0.00    0.00    8.25
02:41:42 PM   68   76.04    0.00   19.79    0.00    0.00    0.00    0.00    0.00    0.00    4.17
02:41:42 PM   69   70.83    0.00   20.83    0.00    0.00    0.00    0.00    0.00    0.00    8.33
02:41:42 PM   70   71.28    0.00   20.21    0.00    0.00    0.00    0.00    0.00    0.00    8.51
02:41:42 PM   71   70.53    0.00   20.00    0.00    0.00    0.00    0.00    0.00    0.00    9.47
02:41:42 PM   72   74.47    0.00   18.09    0.00    0.00    0.00    0.00    0.00    0.00    7.45
02:41:42 PM   73   73.68    0.00   17.89    1.05    0.00    0.00    0.00    0.00    0.00    7.37
02:41:42 PM   74   74.19    0.00   17.20    0.00    0.00    0.00    0.00    0.00    0.00    8.60
02:41:42 PM   75   73.68    0.00   16.84    1.05    0.00    0.00    0.00    0.00    0.00    8.42
02:41:42 PM   76   71.28    0.00   21.28    0.00    0.00    0.00    0.00    0.00    0.00    7.45
02:41:42 PM   77   75.27    0.00   16.13    0.00    0.00    0.00    0.00    0.00    0.00    8.60
02:41:42 PM   78   69.89    0.00   21.51    0.00    0.00    0.00    0.00    0.00    0.00    8.60
02:41:42 PM   79   71.58    0.00   18.95    1.05    0.00    0.00    0.00    0.00    0.00    8.42

02:41:51 PM  CPU    %usr   %nice    %sys %iowait    %irq   %soft  %steal  %guest  %gnice   %idle
02:41:52 PM  all   72.08    0.00   18.26    0.18    0.00    0.00    0.00    0.00    0.00    9.47
02:41:52 PM    0   70.53    0.00   18.95    0.00    0.00    0.00    0.00    0.00    0.00   10.53
02:41:52 PM    1   68.37    0.00   20.41    1.02    0.00    0.00    0.00    0.00    0.00   10.20
02:41:52 PM    2   72.92    0.00   16.67    0.00    0.00    0.00    0.00    0.00    0.00   10.42
02:41:52 PM    3   72.92    0.00   16.67    1.04    0.00    0.00    0.00    0.00    0.00    9.38
02:41:52 PM    4   70.53    0.00   18.95    0.00    0.00    0.00    0.00    0.00    0.00   10.53
02:41:52 PM    5   69.47    0.00   20.00    1.05    0.00    0.00    0.00    0.00    0.00    9.47
02:41:52 PM    6   71.13    0.00   18.56    0.00    0.00    0.00    0.00    0.00    0.00   10.31
02:41:52 PM    7   69.70    0.00   20.20    0.00    0.00    0.00    0.00    0.00    0.00   10.10
02:41:52 PM    8   70.83    0.00   19.79    0.00    0.00    0.00    0.00    0.00    0.00    9.38
02:41:52 PM    9   70.53    0.00   18.95    1.05    0.00    0.00    0.00    0.00    0.00    9.47
02:41:52 PM   10   70.21    0.00   19.15    1.06    0.00    0.00    0.00    0.00    0.00    9.57
02:41:52 PM   11   72.34    0.00   18.09    0.00    0.00    0.00    0.00    0.00    0.00    9.57
02:41:52 PM   12   72.16    0.00   17.53    0.00    0.00    0.00    0.00    0.00    0.00   10.31
02:41:52 PM   13   70.10    0.00   19.59    0.00    0.00    0.00    0.00    0.00    0.00   10.31
02:41:52 PM   14   70.53    0.00   18.95    1.05    0.00    0.00    0.00    0.00    0.00    9.47
02:41:52 PM   15   72.34    0.00   18.09    0.00    0.00    0.00    0.00    0.00    0.00    9.57
02:41:52 PM   16   71.28    0.00   19.15    0.00    0.00    0.00    0.00    0.00    0.00    9.57
02:41:52 PM   17   72.34    0.00   18.09    0.00    0.00    0.00    0.00    0.00    0.00    9.57
02:41:52 PM   18   71.58    0.00   17.89    0.00    0.00    0.00    0.00    0.00    0.00   10.53
02:41:52 PM   19   70.53    0.00   20.00    1.05    0.00    0.00    0.00    0.00    0.00    8.42
02:41:52 PM   20   76.84    0.00   13.68    0.00    0.00    0.00    0.00    0.00    0.00    9.47
02:41:52 PM   21   70.83    0.00   19.79    0.00    0.00    0.00    0.00    0.00    0.00    9.38
02:41:52 PM   22   71.58    0.00   18.95    1.05    0.00    0.00    0.00    0.00    0.00    8.42
02:41:52 PM   23   74.47    0.00   17.02    0.00    0.00    0.00    0.00    0.00    0.00    8.51
02:41:52 PM   24   73.68    0.00   16.84    0.00    0.00    0.00    0.00    0.00    0.00    9.47
02:41:52 PM   25   72.63    0.00   17.89    0.00    0.00    0.00    0.00    0.00    0.00    9.47
02:41:52 PM   26   72.92    0.00   16.67    0.00    0.00    0.00    0.00    0.00    0.00   10.42
02:41:52 PM   27   73.68    0.00   15.79    0.00    0.00    0.00    0.00    0.00    0.00   10.53
02:41:52 PM   28   71.58    0.00   20.00    0.00    0.00    0.00    0.00    0.00    0.00    8.42
02:41:52 PM   29   70.65    0.00   19.57    0.00    0.00    0.00    0.00    0.00    0.00    9.78
02:41:52 PM   30   75.27    0.00   15.05    0.00    0.00    0.00    0.00    0.00    0.00    9.68
02:41:52 PM   31   73.96    0.00   16.67    0.00    0.00    0.00    0.00    0.00    0.00    9.38
02:41:52 PM   32   74.47    0.00   15.96    0.00    0.00    0.00    0.00    0.00    0.00    9.57
02:41:52 PM   33   75.79    0.00   17.89    0.00    0.00    0.00    0.00    0.00    0.00    6.32
02:41:52 PM   34   71.28    0.00   19.15    0.00    0.00    0.00    0.00    0.00    0.00    9.57
02:41:52 PM   35   73.12    0.00   17.20    1.08    0.00    0.00    0.00    0.00    0.00    8.60
02:41:52 PM   36   71.58    0.00   18.95    0.00    0.00    0.00    0.00    0.00    0.00    9.47
02:41:52 PM   37   71.58    0.00   20.00    0.00    0.00    0.00    0.00    0.00    0.00    8.42
02:41:52 PM   38   70.97    0.00   19.35    0.00    0.00    0.00    0.00    0.00    0.00    9.68
02:41:52 PM   39   71.28    0.00   19.15    0.00    0.00    0.00    0.00    0.00    0.00    9.57
02:41:52 PM   40   72.34    0.00   18.09    0.00    0.00    0.00    0.00    0.00    0.00    9.57
02:41:52 PM   41   74.47    0.00   15.96    0.00    0.00    0.00    0.00    0.00    0.00    9.57
02:41:52 PM   42   71.13    0.00   18.56    1.03    0.00    0.00    0.00    0.00    0.00    9.28
02:41:52 PM   43   73.12    0.00   16.13    0.00    0.00    0.00    0.00    0.00    0.00   10.75
02:41:52 PM   44   69.47    0.00   18.95    1.05    0.00    0.00    0.00    0.00    0.00   10.53
02:41:52 PM   45   72.16    0.00   16.49    0.00    0.00    0.00    0.00    0.00    0.00   11.34
02:41:52 PM   46   73.40    0.00   15.96    0.00    0.00    0.00    0.00    0.00    0.00   10.64
02:41:52 PM   47   70.83    0.00   19.79    0.00    0.00    0.00    0.00    0.00    0.00    9.38
02:41:52 PM   48   71.88    0.00   18.75    0.00    0.00    0.00    0.00    0.00    0.00    9.38
02:41:52 PM   49   70.83    0.00   18.75    0.00    0.00    0.00    0.00    0.00    0.00   10.42
02:41:52 PM   50   71.88    0.00   17.71    0.00    0.00    0.00    0.00    0.00    0.00   10.42
02:41:52 PM   51   72.63    0.00   16.84    1.05    0.00    0.00    0.00    0.00    0.00    9.47
02:41:52 PM   52   71.88    0.00   17.71    0.00    0.00    0.00    0.00    0.00    0.00   10.42
02:41:52 PM   53   72.16    0.00   17.53    0.00    0.00    0.00    0.00    0.00    0.00   10.31
02:41:52 PM   54   70.53    0.00   18.95    0.00    0.00    0.00    0.00    0.00    0.00   10.53
02:41:52 PM   55   70.21    0.00   20.21    0.00    0.00    0.00    0.00    0.00    0.00    9.57
02:41:52 PM   56   74.47    0.00   15.96    0.00    0.00    0.00    0.00    0.00    0.00    9.57
02:41:52 PM   57   71.28    0.00   18.09    0.00    0.00    0.00    0.00    0.00    0.00   10.64
02:41:52 PM   58   70.53    0.00   20.00    0.00    0.00    0.00    0.00    0.00    0.00    9.47
02:41:52 PM   59   73.68    0.00   16.84    0.00    0.00    0.00    0.00    0.00    0.00    9.47
02:41:52 PM   60   75.79    0.00   15.79    0.00    0.00    0.00    0.00    0.00    0.00    8.42
02:41:52 PM   61   69.47    0.00   21.05    0.00    0.00    0.00    0.00    0.00    0.00    9.47
02:41:52 PM   62   72.16    0.00   17.53    0.00    0.00    0.00    0.00    0.00    0.00   10.31
02:41:52 PM   63   73.96    0.00   17.71    0.00    0.00    0.00    0.00    0.00    0.00    8.33
02:41:52 PM   64   72.92    0.00   17.71    0.00    0.00    0.00    0.00    0.00    0.00    9.38
02:41:52 PM   65   74.19    0.00   18.28    0.00    0.00    0.00    0.00    0.00    0.00    7.53
02:41:52 PM   66   71.88    0.00   18.75    1.04    0.00    0.00    0.00    0.00    0.00    8.33
02:41:52 PM   67   73.40    0.00   18.09    0.00    0.00    0.00    0.00    0.00    0.00    8.51
02:41:52 PM   68   70.21    0.00   20.21    0.00    0.00    0.00    0.00    0.00    0.00    9.57
02:41:52 PM   69   71.28    0.00   18.09    1.06    0.00    0.00    0.00    0.00    0.00    9.57
02:41:52 PM   70   76.04    0.00   17.71    0.00    0.00    0.00    0.00    0.00    0.00    6.25
02:41:52 PM   71   72.63    0.00   18.95    0.00    0.00    0.00    0.00    0.00    0.00    8.42
02:41:52 PM   72   70.53    0.00   20.00    0.00    0.00    0.00    0.00    0.00    0.00    9.47
02:41:52 PM   73   71.28    0.00   20.21    0.00    0.00    0.00    0.00    0.00    0.00    8.51
02:41:52 PM   74   71.28    0.00   19.15    0.00    0.00    0.00    0.00    0.00    0.00    9.57
02:41:52 PM   75   73.40    0.00   18.09    0.00    0.00    0.00    0.00    0.00    0.00    8.51
02:41:52 PM   76   73.40    0.00   17.02    0.00    0.00    0.00    0.00    0.00    0.00    9.57
02:41:52 PM   77   71.88    0.00   18.75    0.00    0.00    0.00    0.00    0.00    0.00    9.38
02:41:52 PM   78   72.63    0.00   18.95    0.00    0.00    0.00    0.00    0.00    0.00    8.42
02:41:52 PM   79   71.28    0.00   20.21    0.00    0.00    0.00    0.00    0.00    0.00    8.51

02:42:01 PM  CPU    %usr   %nice    %sys %iowait    %irq   %soft  %steal  %guest  %gnice   %idle
02:42:02 PM  all   71.84    0.00   18.11    0.24    0.00    0.00    0.00    0.00    0.00    9.82
02:42:02 PM    0   69.15    0.00   19.15    0.00    0.00    0.00    0.00    0.00    0.00   11.70
02:42:02 PM    1   73.47    0.00   17.35    1.02    0.00    0.00    0.00    0.00    0.00    8.16
02:42:02 PM    2   72.34    0.00   17.02    0.00    0.00    0.00    0.00    0.00    0.00   10.64
02:42:02 PM    3   75.00    0.00   15.62    0.00    0.00    0.00    0.00    0.00    0.00    9.38
02:42:02 PM    4   70.97    0.00   19.35    0.00    0.00    0.00    0.00    0.00    0.00    9.68
02:42:02 PM    5   70.97    0.00   19.35    0.00    0.00    0.00    0.00    0.00    0.00    9.68
02:42:02 PM    6   70.97    0.00   18.28    0.00    0.00    0.00    0.00    0.00    0.00   10.75
02:42:02 PM    7   72.34    0.00   17.02    0.00    0.00    0.00    0.00    0.00    0.00   10.64
02:42:02 PM    8   72.63    0.00   16.84    1.05    0.00    0.00    0.00    0.00    0.00    9.47
02:42:02 PM    9   72.34    0.00   17.02    0.00    0.00    0.00    0.00    0.00    0.00   10.64
02:42:02 PM   10   70.21    0.00   19.15    0.00    0.00    0.00    0.00    0.00    0.00   10.64
02:42:02 PM   11   71.13    0.00   17.53    1.03    0.00    0.00    0.00    0.00    0.00   10.31
02:42:02 PM   12   73.40    0.00   15.96    0.00    0.00    0.00    0.00    0.00    0.00   10.64
02:42:02 PM   13   71.58    0.00   17.89    0.00    0.00    0.00    0.00    0.00    0.00   10.53
02:42:02 PM   14   72.34    0.00   17.02    0.00    0.00    0.00    0.00    0.00    0.00   10.64
02:42:02 PM   15   69.15    0.00   20.21    0.00    0.00    0.00    0.00    0.00    0.00   10.64
02:42:02 PM   16   71.13    0.00   17.53    0.00    0.00    0.00    0.00    0.00    0.00   11.34
02:42:02 PM   17   68.82    0.00   21.51    0.00    0.00    0.00    0.00    0.00    0.00    9.68
02:42:02 PM   18   71.58    0.00   18.95    0.00    0.00    0.00    0.00    0.00    0.00    9.47
02:42:02 PM   19   71.58    0.00   17.89    0.00    0.00    0.00    0.00    0.00    0.00   10.53
02:42:02 PM   20   75.00    0.00   16.67    1.04    0.00    0.00    0.00    0.00    0.00    7.29
02:42:02 PM   21   75.00    0.00   15.62    0.00    0.00    0.00    0.00    0.00    0.00    9.38
02:42:02 PM   22   70.83    0.00   18.75    0.00    0.00    0.00    0.00    0.00    0.00   10.42
02:42:02 PM   23   73.68    0.00   16.84    0.00    0.00    0.00    0.00    0.00    0.00    9.47
02:42:02 PM   24   71.58    0.00   17.89    1.05    0.00    0.00    0.00    0.00    0.00    9.47
02:42:02 PM   25   73.68    0.00   16.84    0.00    0.00    0.00    0.00    0.00    0.00    9.47
02:42:02 PM   26   71.58    0.00   18.95    0.00    0.00    0.00    0.00    0.00    0.00    9.47
02:42:02 PM   27   71.58    0.00   18.95    0.00    0.00    0.00    0.00    0.00    0.00    9.47
02:42:02 PM   28   71.88    0.00   17.71    0.00    0.00    0.00    0.00    0.00    0.00   10.42
02:42:02 PM   29   73.40    0.00   17.02    1.06    0.00    0.00    0.00    0.00    0.00    8.51
02:42:02 PM   30   71.28    0.00   19.15    0.00    0.00    0.00    0.00    0.00    0.00    9.57
02:42:02 PM   31   69.79    0.00   19.79    1.04    0.00    0.00    0.00    0.00    0.00    9.38
02:42:02 PM   32   71.58    0.00   17.89    0.00    0.00    0.00    0.00    0.00    0.00   10.53
02:42:02 PM   33   75.00    0.00   15.62    0.00    0.00    0.00    0.00    0.00    0.00    9.38
02:42:02 PM   34   71.58    0.00   17.89    0.00    0.00    0.00    0.00    0.00    0.00   10.53
02:42:02 PM   35   75.00    0.00   17.71    0.00    0.00    0.00    0.00    0.00    0.00    7.29
02:42:02 PM   36   72.34    0.00   18.09    0.00    0.00    0.00    0.00    0.00    0.00    9.57
02:42:02 PM   37   71.58    0.00   17.89    0.00    0.00    0.00    0.00    0.00    0.00   10.53
02:42:02 PM   38   72.16    0.00   16.49    2.06    0.00    0.00    0.00    0.00    0.00    9.28
02:42:02 PM   39   74.23    0.00   16.49    0.00    0.00    0.00    0.00    0.00    0.00    9.28
02:42:02 PM   40   70.53    0.00   18.95    0.00    0.00    0.00    0.00    0.00    0.00   10.53
02:42:02 PM   41   78.12    0.00   16.67    0.00    0.00    0.00    0.00    0.00    0.00    5.21
02:42:02 PM   42   71.28    0.00   18.09    0.00    0.00    0.00    0.00    0.00    0.00   10.64
02:42:02 PM   43   69.47    0.00   20.00    0.00    0.00    0.00    0.00    0.00    0.00   10.53
02:42:02 PM   44   72.04    0.00   17.20    1.08    0.00    0.00    0.00    0.00    0.00    9.68
02:42:02 PM   45   70.21    0.00   19.15    0.00    0.00    0.00    0.00    0.00    0.00   10.64
02:42:02 PM   46   72.63    0.00   16.84    0.00    0.00    0.00    0.00    0.00    0.00   10.53
02:42:02 PM   47   69.47    0.00   20.00    0.00    0.00    0.00    0.00    0.00    0.00   10.53
02:42:02 PM   48   71.58    0.00   17.89    1.05    0.00    0.00    0.00    0.00    0.00    9.47
02:42:02 PM   49   72.34    0.00   18.09    0.00    0.00    0.00    0.00    0.00    0.00    9.57
02:42:02 PM   50   70.83    0.00   17.71    1.04    0.00    0.00    0.00    0.00    0.00   10.42
02:42:02 PM   51   69.79    0.00   18.75    0.00    0.00    0.00    0.00    0.00    0.00   11.46
02:42:02 PM   52   71.58    0.00   16.84    1.05    0.00    0.00    0.00    0.00    0.00   10.53
02:42:02 PM   53   71.28    0.00   18.09    1.06    0.00    0.00    0.00    0.00    0.00    9.57
02:42:02 PM   54   70.53    0.00   20.00    0.00    0.00    0.00    0.00    0.00    0.00    9.47
02:42:02 PM   55   67.02    0.00   23.40    0.00    0.00    0.00    0.00    0.00    0.00    9.57
02:42:02 PM   56   70.53    0.00   17.89    0.00    0.00    0.00    0.00    0.00    0.00   11.58
02:42:02 PM   57   73.96    0.00   14.58    0.00    0.00    0.00    0.00    0.00    0.00   11.46
02:42:02 PM   58   71.58    0.00   17.89    1.05    0.00    0.00    0.00    0.00    0.00    9.47
02:42:02 PM   59   68.75    0.00   18.75    1.04    0.00    0.00    0.00    0.00    0.00   11.46
02:42:02 PM   60   71.88    0.00   18.75    0.00    0.00    0.00    0.00    0.00    0.00    9.38
02:42:02 PM   61   70.83    0.00   18.75    0.00    0.00    0.00    0.00    0.00    0.00   10.42
02:42:02 PM   62   71.58    0.00   17.89    1.05    0.00    0.00    0.00    0.00    0.00    9.47
02:42:02 PM   63   71.58    0.00   20.00    0.00    0.00    0.00    0.00    0.00    0.00    8.42
02:42:02 PM   64   74.74    0.00   18.95    0.00    0.00    0.00    0.00    0.00    0.00    6.32
02:42:02 PM   65   73.68    0.00   16.84    0.00    0.00    0.00    0.00    0.00    0.00    9.47
02:42:02 PM   66   72.63    0.00   16.84    0.00    0.00    0.00    0.00    0.00    0.00   10.53
02:42:02 PM   67   71.58    0.00   18.95    0.00    0.00    0.00    0.00    0.00    0.00    9.47
02:42:02 PM   68   72.63    0.00   16.84    0.00    0.00    0.00    0.00    0.00    0.00   10.53
02:42:02 PM   69   72.92    0.00   17.71    0.00    0.00    0.00    0.00    0.00    0.00    9.38
02:42:02 PM   70   69.47    0.00   21.05    0.00    0.00    0.00    0.00    0.00    0.00    9.47
02:42:02 PM   71   70.53    0.00   20.00    0.00    0.00    0.00    0.00    0.00    0.00    9.47
02:42:02 PM   72   70.83    0.00   18.75    0.00    0.00    0.00    0.00    0.00    0.00   10.42
02:42:02 PM   73   73.40    0.00   17.02    0.00    0.00    0.00    0.00    0.00    0.00    9.57
02:42:02 PM   74   72.34    0.00   18.09    0.00    0.00    0.00    0.00    0.00    0.00    9.57
02:42:02 PM   75   71.58    0.00   17.89    0.00    0.00    0.00    0.00    0.00    0.00   10.53
02:42:02 PM   76   69.47    0.00   21.05    0.00    0.00    0.00    0.00    0.00    0.00    9.47
02:42:02 PM   77   73.40    0.00   15.96    0.00    0.00    0.00    0.00    0.00    0.00   10.64
02:42:02 PM   78   72.34    0.00   18.09    0.00    0.00    0.00    0.00    0.00    0.00    9.57
02:42:02 PM   79   71.88    0.00   19.79    1.04    0.00    0.00    0.00    0.00    0.00    7.29

02:42:11 PM  CPU    %usr   %nice    %sys %iowait    %irq   %soft  %steal  %guest  %gnice   %idle
02:42:12 PM  all   72.20    0.00   18.65    0.22    0.00    0.00    0.00    0.00    0.00    8.93
02:42:12 PM    0   71.88    0.00   18.75    0.00    0.00    0.00    0.00    0.00    0.00    9.38
02:42:12 PM    1   73.68    0.00   16.84    0.00    0.00    0.00    0.00    0.00    0.00    9.47
02:42:12 PM    2   75.53    0.00   14.89    0.00    0.00    0.00    0.00    0.00    0.00    9.57
02:42:12 PM    3   73.96    0.00   16.67    0.00    0.00    0.00    0.00    0.00    0.00    9.38
02:42:12 PM    4   71.58    0.00   20.00    1.05    0.00    0.00    0.00    0.00    0.00    7.37
02:42:12 PM    5   71.28    0.00   20.21    0.00    0.00    0.00    0.00    0.00    0.00    8.51
02:42:12 PM    6   73.40    0.00   17.02    0.00    0.00    0.00    0.00    0.00    0.00    9.57
02:42:12 PM    7   73.40    0.00   18.09    0.00    0.00    0.00    0.00    0.00    0.00    8.51
02:42:12 PM    8   73.68    0.00   16.84    0.00    0.00    0.00    0.00    0.00    0.00    9.47
02:42:12 PM    9   70.83    0.00   19.79    0.00    0.00    0.00    0.00    0.00    0.00    9.38
02:42:12 PM   10   72.34    0.00   18.09    0.00    0.00    0.00    0.00    0.00    0.00    9.57
02:42:12 PM   11   71.58    0.00   20.00    0.00    0.00    0.00    0.00    0.00    0.00    8.42
02:42:12 PM   12   72.04    0.00   18.28    0.00    0.00    0.00    0.00    0.00    0.00    9.68
02:42:12 PM   13   71.88    0.00   19.79    0.00    0.00    0.00    0.00    0.00    0.00    8.33
02:42:12 PM   14   73.96    0.00   17.71    0.00    0.00    0.00    0.00    0.00    0.00    8.33
02:42:12 PM   15   72.92    0.00   17.71    0.00    0.00    0.00    0.00    0.00    0.00    9.38
02:42:12 PM   16   74.47    0.00   17.02    0.00    0.00    0.00    0.00    0.00    0.00    8.51
02:42:12 PM   17   69.79    0.00   20.83    0.00    0.00    0.00    0.00    0.00    0.00    9.38
02:42:12 PM   18   72.92    0.00   18.75    0.00    0.00    0.00    0.00    0.00    0.00    8.33
02:42:12 PM   19   72.16    0.00   17.53    0.00    0.00    0.00    0.00    0.00    0.00   10.31
02:42:12 PM   20   74.74    0.00   20.00    0.00    0.00    0.00    0.00    0.00    0.00    5.26
02:42:12 PM   21   73.96    0.00   17.71    0.00    0.00    0.00    0.00    0.00    0.00    8.33
02:42:12 PM   22   70.10    0.00   20.62    1.03    0.00    0.00    0.00    0.00    0.00    8.25
02:42:12 PM   23   71.88    0.00   18.75    0.00    0.00    0.00    0.00    0.00    0.00    9.38
02:42:12 PM   24   71.28    0.00   19.15    0.00    0.00    0.00    0.00    0.00    0.00    9.57
02:42:12 PM   25   72.92    0.00   17.71    0.00    0.00    0.00    0.00    0.00    0.00    9.38
02:42:12 PM   26   72.34    0.00   18.09    0.00    0.00    0.00    0.00    0.00    0.00    9.57
02:42:12 PM   27   73.40    0.00   17.02    0.00    0.00    0.00    0.00    0.00    0.00    9.57
02:42:12 PM   28   69.07    0.00   20.62    1.03    0.00    0.00    0.00    0.00    0.00    9.28
02:42:12 PM   29   71.28    0.00   19.15    1.06    0.00    0.00    0.00    0.00    0.00    8.51
02:42:12 PM   30   70.83    0.00   19.79    0.00    0.00    0.00    0.00    0.00    0.00    9.38
02:42:12 PM   31   71.28    0.00   20.21    0.00    0.00    0.00    0.00    0.00    0.00    8.51
02:42:12 PM   32   72.16    0.00   18.56    0.00    0.00    0.00    0.00    0.00    0.00    9.28
02:42:12 PM   33   71.58    0.00   20.00    0.00    0.00    0.00    0.00    0.00    0.00    8.42
02:42:12 PM   34   70.53    0.00   20.00    0.00    0.00    0.00    0.00    0.00    0.00    9.47
02:42:12 PM   35   70.83    0.00   20.83    0.00    0.00    0.00    0.00    0.00    0.00    8.33
02:42:12 PM   36   70.65    0.00   19.57    0.00    0.00    0.00    0.00    0.00    0.00    9.78
02:42:12 PM   37   69.15    0.00   21.28    0.00    0.00    0.00    0.00    0.00    0.00    9.57
02:42:12 PM   38   70.97    0.00   20.43    0.00    0.00    0.00    0.00    0.00    0.00    8.60
02:42:12 PM   39   72.34    0.00   17.02    1.06    0.00    0.00    0.00    0.00    0.00    9.57
02:42:12 PM   40   71.88    0.00   18.75    0.00    0.00    0.00    0.00    0.00    0.00    9.38
02:42:12 PM   41   68.42    0.00   21.05    0.00    0.00    0.00    0.00    0.00    0.00   10.53
02:42:12 PM   42   73.68    0.00   17.89    0.00    0.00    0.00    0.00    0.00    0.00    8.42
02:42:12 PM   43   73.68    0.00   16.84    0.00    0.00    0.00    0.00    0.00    0.00    9.47
02:42:12 PM   44   72.92    0.00   16.67    1.04    0.00    0.00    0.00    0.00    0.00    9.38
02:42:12 PM   45   72.63    0.00   17.89    0.00    0.00    0.00    0.00    0.00    0.00    9.47
02:42:12 PM   46   70.21    0.00   20.21    0.00    0.00    0.00    0.00    0.00    0.00    9.57
02:42:12 PM   47   72.92    0.00   16.67    0.00    0.00    0.00    0.00    0.00    0.00   10.42
02:42:12 PM   48   71.13    0.00   19.59    1.03    0.00    0.00    0.00    0.00    0.00    8.25
02:42:12 PM   49   72.34    0.00   18.09    0.00    0.00    0.00    0.00    0.00    0.00    9.57
02:42:12 PM   50   72.63    0.00   18.95    0.00    0.00    0.00    0.00    0.00    0.00    8.42
02:42:12 PM   51   71.58    0.00   18.95    0.00    0.00    0.00    0.00    0.00    0.00    9.47
02:42:12 PM   52   73.96    0.00   16.67    0.00    0.00    0.00    0.00    0.00    0.00    9.38
02:42:12 PM   53   70.53    0.00   18.95    1.05    0.00    0.00    0.00    0.00    0.00    9.47
02:42:12 PM   54   74.23    0.00   16.49    0.00    0.00    0.00    0.00    0.00    0.00    9.28
02:42:12 PM   55   69.79    0.00   20.83    0.00    0.00    0.00    0.00    0.00    0.00    9.38
02:42:12 PM   56   74.23    0.00   16.49    1.03    0.00    0.00    0.00    0.00    0.00    8.25
02:42:12 PM   57   72.92    0.00   18.75    0.00    0.00    0.00    0.00    0.00    0.00    8.33
02:42:12 PM   58   74.47    0.00   15.96    0.00    0.00    0.00    0.00    0.00    0.00    9.57
02:42:12 PM   59   73.40    0.00   18.09    0.00    0.00    0.00    0.00    0.00    0.00    8.51
02:42:12 PM   60   76.04    0.00   17.71    1.04    0.00    0.00    0.00    0.00    0.00    5.21
02:42:12 PM   61   72.63    0.00   17.89    0.00    0.00    0.00    0.00    0.00    0.00    9.47
02:42:12 PM   62   72.34    0.00   19.15    0.00    0.00    0.00    0.00    0.00    0.00    8.51
02:42:12 PM   63   73.12    0.00   18.28    0.00    0.00    0.00    0.00    0.00    0.00    8.60
02:42:12 PM   64   70.10    0.00   20.62    1.03    0.00    0.00    0.00    0.00    0.00    8.25
02:42:12 PM   65   71.88    0.00   18.75    0.00    0.00    0.00    0.00    0.00    0.00    9.38
02:42:12 PM   66   73.40    0.00   18.09    0.00    0.00    0.00    0.00    0.00    0.00    8.51
02:42:12 PM   67   69.47    0.00   22.11    0.00    0.00    0.00    0.00    0.00    0.00    8.42
02:42:12 PM   68   74.47    0.00   17.02    1.06    0.00    0.00    0.00    0.00    0.00    7.45
02:42:12 PM   69   71.88    0.00   18.75    1.04    0.00    0.00    0.00    0.00    0.00    8.33
02:42:12 PM   70   69.79    0.00   20.83    1.04    0.00    0.00    0.00    0.00    0.00    8.33
02:42:12 PM   71   72.34    0.00   19.15    0.00    0.00    0.00    0.00    0.00    0.00    8.51
02:42:12 PM   72   74.23    0.00   15.46    1.03    0.00    0.00    0.00    0.00    0.00    9.28
02:42:12 PM   73   72.63    0.00   18.95    0.00    0.00    0.00    0.00    0.00    0.00    8.42
02:42:12 PM   74   70.83    0.00   19.79    0.00    0.00    0.00    0.00    0.00    0.00    9.38
02:42:12 PM   75   70.83    0.00   19.79    0.00    0.00    0.00    0.00    0.00    0.00    9.38
02:42:12 PM   76   71.58    0.00   18.95    1.05    0.00    0.00    0.00    0.00    0.00    8.42
02:42:12 PM   77   70.53    0.00   20.00    0.00    0.00    0.00    0.00    0.00    0.00    9.47
02:42:12 PM   78   74.23    0.00   16.49    1.03    0.00    0.00    0.00    0.00    0.00    8.25
02:42:12 PM   79   71.58    0.00   18.95    0.00    0.00    0.00    0.00    0.00    0.00    9.47

02:42:21 PM  CPU    %usr   %nice    %sys %iowait    %irq   %soft  %steal  %guest  %gnice   %idle
02:42:22 PM  all   71.97    0.00   18.35    0.25    0.00    0.00    0.00    0.00    0.00    9.43
02:42:22 PM    0   73.40    0.00   17.02    0.00    0.00    0.00    0.00    0.00    0.00    9.57
02:42:22 PM    1   70.83    0.00   19.79    0.00    0.00    0.00    0.00    0.00    0.00    9.38
02:42:22 PM    2   71.88    0.00   17.71    0.00    0.00    0.00    0.00    0.00    0.00   10.42
02:42:22 PM    3   72.04    0.00   17.20    0.00    0.00    0.00    0.00    0.00    0.00   10.75
02:42:22 PM    4   73.68    0.00   15.79    0.00    0.00    0.00    0.00    0.00    0.00   10.53
02:42:22 PM    5   69.79    0.00   19.79    1.04    0.00    0.00    0.00    0.00    0.00    9.38
02:42:22 PM    6   73.40    0.00   18.09    0.00    0.00    0.00    0.00    0.00    0.00    8.51
02:42:22 PM    7   71.28    0.00   17.02    1.06    0.00    0.00    0.00    0.00    0.00   10.64
02:42:22 PM    8   71.28    0.00   18.09    0.00    0.00    0.00    0.00    0.00    0.00   10.64
02:42:22 PM    9   72.92    0.00   17.71    0.00    0.00    0.00    0.00    0.00    0.00    9.38
02:42:22 PM   10   69.47    0.00   20.00    1.05    0.00    0.00    0.00    0.00    0.00    9.47
02:42:22 PM   11   73.12    0.00   17.20    0.00    0.00    0.00    0.00    0.00    0.00    9.68
02:42:22 PM   12   73.68    0.00   16.84    0.00    0.00    0.00    0.00    0.00    0.00    9.47
02:42:22 PM   13   73.40    0.00   18.09    0.00    0.00    0.00    0.00    0.00    0.00    8.51
02:42:22 PM   14   72.92    0.00   16.67    0.00    0.00    0.00    0.00    0.00    0.00   10.42
02:42:22 PM   15   73.40    0.00   17.02    0.00    0.00    0.00    0.00    0.00    0.00    9.57
02:42:22 PM   16   70.53    0.00   18.95    0.00    0.00    0.00    0.00    0.00    0.00   10.53
02:42:22 PM   17   70.21    0.00   20.21    0.00    0.00    0.00    0.00    0.00    0.00    9.57
02:42:22 PM   18   71.74    0.00   18.48    0.00    0.00    0.00    0.00    0.00    0.00    9.78
02:42:22 PM   19   72.34    0.00   17.02    0.00    0.00    0.00    0.00    0.00    0.00   10.64
02:42:22 PM   20   72.63    0.00   17.89    0.00    0.00    0.00    0.00    0.00    0.00    9.47
02:42:22 PM   21   71.28    0.00   20.21    0.00    0.00    0.00    0.00    0.00    0.00    8.51
02:42:22 PM   22   71.88    0.00   18.75    1.04    0.00    0.00    0.00    0.00    0.00    8.33
02:42:22 PM   23   69.79    0.00   19.79    1.04    0.00    0.00    0.00    0.00    0.00    9.38
02:42:22 PM   24   71.13    0.00   17.53    1.03    0.00    0.00    0.00    0.00    0.00   10.31
02:42:22 PM   25   70.53    0.00   20.00    1.05    0.00    0.00    0.00    0.00    0.00    8.42
02:42:22 PM   26   73.40    0.00   17.02    0.00    0.00    0.00    0.00    0.00    0.00    9.57
02:42:22 PM   27   70.83    0.00   19.79    0.00    0.00    0.00    0.00    0.00    0.00    9.38
02:42:22 PM   28   70.53    0.00   21.05    0.00    0.00    0.00    0.00    0.00    0.00    8.42
02:42:22 PM   29   72.92    0.00   17.71    0.00    0.00    0.00    0.00    0.00    0.00    9.38
02:42:22 PM   30   71.88    0.00   18.75    0.00    0.00    0.00    0.00    0.00    0.00    9.38
02:42:22 PM   31   71.88    0.00   18.75    0.00    0.00    0.00    0.00    0.00    0.00    9.38
02:42:22 PM   32   72.63    0.00   17.89    0.00    0.00    0.00    0.00    0.00    0.00    9.47
02:42:22 PM   33   72.34    0.00   19.15    0.00    0.00    0.00    0.00    0.00    0.00    8.51
02:42:22 PM   34   73.40    0.00   17.02    0.00    0.00    0.00    0.00    0.00    0.00    9.57
02:42:22 PM   35   71.13    0.00   19.59    0.00    0.00    0.00    0.00    0.00    0.00    9.28
02:42:22 PM   36   72.34    0.00   18.09    0.00    0.00    0.00    0.00    0.00    0.00    9.57
02:42:22 PM   37   70.53    0.00   18.95    0.00    0.00    0.00    0.00    0.00    0.00   10.53
02:42:22 PM   38   71.58    0.00   18.95    0.00    0.00    0.00    0.00    0.00    0.00    9.47
02:42:22 PM   39   72.63    0.00   17.89    0.00    0.00    0.00    0.00    0.00    0.00    9.47
02:42:22 PM   40   72.63    0.00   16.84    0.00    0.00    0.00    0.00    0.00    0.00   10.53
02:42:22 PM   41   75.79    0.00   14.74    0.00    0.00    0.00    0.00    0.00    0.00    9.47
02:42:22 PM   42   70.21    0.00   20.21    0.00    0.00    0.00    0.00    0.00    0.00    9.57
02:42:22 PM   43   71.28    0.00   18.09    1.06    0.00    0.00    0.00    0.00    0.00    9.57
02:42:22 PM   44   74.47    0.00   15.96    1.06    0.00    0.00    0.00    0.00    0.00    8.51
02:42:22 PM   45   70.21    0.00   19.15    1.06    0.00    0.00    0.00    0.00    0.00    9.57
02:42:22 PM   46   70.83    0.00   19.79    0.00    0.00    0.00    0.00    0.00    0.00    9.38
02:42:22 PM   47   72.63    0.00   17.89    0.00    0.00    0.00    0.00    0.00    0.00    9.47
02:42:22 PM   48   71.88    0.00   18.75    0.00    0.00    0.00    0.00    0.00    0.00    9.38
02:42:22 PM   49   72.34    0.00   17.02    0.00    0.00    0.00    0.00    0.00    0.00   10.64
02:42:22 PM   50   70.83    0.00   18.75    0.00    0.00    0.00    0.00    0.00    0.00   10.42
02:42:22 PM   51   73.12    0.00   18.28    0.00    0.00    0.00    0.00    0.00    0.00    8.60
02:42:22 PM   52   70.21    0.00   18.09    1.06    0.00    0.00    0.00    0.00    0.00   10.64
02:42:22 PM   53   71.88    0.00   18.75    0.00    0.00    0.00    0.00    0.00    0.00    9.38
02:42:22 PM   54   72.63    0.00   16.84    0.00    0.00    0.00    0.00    0.00    0.00   10.53
02:42:22 PM   55   70.53    0.00   18.95    0.00    0.00    0.00    0.00    0.00    0.00   10.53
02:42:22 PM   56   72.92    0.00   17.71    0.00    0.00    0.00    0.00    0.00    0.00    9.38
02:42:22 PM   57   71.28    0.00   18.09    0.00    0.00    0.00    0.00    0.00    0.00   10.64
02:42:22 PM   58   74.74    0.00   15.79    0.00    0.00    0.00    0.00    0.00    0.00    9.47
02:42:22 PM   59   70.97    0.00   18.28    1.08    0.00    0.00    0.00    0.00    0.00    9.68
02:42:22 PM   60   70.83    0.00   19.79    1.04    0.00    0.00    0.00    0.00    0.00    8.33
02:42:22 PM   61   70.41    0.00   20.41    1.02    0.00    0.00    0.00    0.00    0.00    8.16
02:42:22 PM   62   72.45    0.00   18.37    0.00    0.00    0.00    0.00    0.00    0.00    9.18
02:42:22 PM   63   72.34    0.00   18.09    0.00    0.00    0.00    0.00    0.00    0.00    9.57
02:42:22 PM   64   75.26    0.00   19.59    0.00    0.00    0.00    0.00    0.00    0.00    5.15
02:42:22 PM   65   68.75    0.00   20.83    1.04    0.00    0.00    0.00    0.00    0.00    9.38
02:42:22 PM   66   71.13    0.00   18.56    1.03    0.00    0.00    0.00    0.00    0.00    9.28
02:42:22 PM   67   73.68    0.00   18.95    0.00    0.00    0.00    0.00    0.00    0.00    7.37
02:42:22 PM   68   72.92    0.00   18.75    0.00    0.00    0.00    0.00    0.00    0.00    8.33
02:42:22 PM   69   72.04    0.00   18.28    0.00    0.00    0.00    0.00    0.00    0.00    9.68
02:42:22 PM   70   70.53    0.00   20.00    0.00    0.00    0.00    0.00    0.00    0.00    9.47
02:42:22 PM   71   71.58    0.00   20.00    0.00    0.00    0.00    0.00    0.00    0.00    8.42
02:42:22 PM   72   72.63    0.00   17.89    0.00    0.00    0.00    0.00    0.00    0.00    9.47
02:42:22 PM   73   72.63    0.00   17.89    0.00    0.00    0.00    0.00    0.00    0.00    9.47
02:42:22 PM   74   71.13    0.00   18.56    1.03    0.00    0.00    0.00    0.00    0.00    9.28
02:42:22 PM   75   72.92    0.00   17.71    0.00    0.00    0.00    0.00    0.00    0.00    9.38
02:42:22 PM   76   70.53    0.00   18.95    1.05    0.00    0.00    0.00    0.00    0.00    9.47
02:42:22 PM   77   72.45    0.00   17.35    1.02    0.00    0.00    0.00    0.00    0.00    9.18
02:42:22 PM   78   72.63    0.00   18.95    0.00    0.00    0.00    0.00    0.00    0.00    8.42
02:42:22 PM   79   72.92    0.00   17.71    0.00    0.00    0.00    0.00    0.00    0.00    9.38

02:42:31 PM  CPU    %usr   %nice    %sys %iowait    %irq   %soft  %steal  %guest  %gnice   %idle
02:42:32 PM  all   71.17    0.00   18.27    0.25    0.00    0.00    0.00    0.00    0.00   10.30
02:42:32 PM    0   70.53    0.00   18.95    0.00    0.00    0.00    0.00    0.00    0.00   10.53
02:42:32 PM    1   70.10    0.00   17.53    1.03    0.00    0.00    0.00    0.00    0.00   11.34
02:42:32 PM    2   72.45    0.00   16.33    1.02    0.00    0.00    0.00    0.00    0.00   10.20
02:42:32 PM    3   70.53    0.00   18.95    0.00    0.00    0.00    0.00    0.00    0.00   10.53
02:42:32 PM    4   70.53    0.00   17.89    0.00    0.00    0.00    0.00    0.00    0.00   11.58
02:42:32 PM    5   69.79    0.00   19.79    0.00    0.00    0.00    0.00    0.00    0.00   10.42
02:42:32 PM    6   72.34    0.00   15.96    1.06    0.00    0.00    0.00    0.00    0.00   10.64
02:42:32 PM    7   71.58    0.00   17.89    0.00    0.00    0.00    0.00    0.00    0.00   10.53
02:42:32 PM    8   71.88    0.00   17.71    0.00    0.00    0.00    0.00    0.00    0.00   10.42
02:42:32 PM    9   70.53    0.00   18.95    0.00    0.00    0.00    0.00    0.00    0.00   10.53
02:42:32 PM   10   72.63    0.00   16.84    0.00    0.00    0.00    0.00    0.00    0.00   10.53
02:42:32 PM   11   70.97    0.00   17.20    1.08    0.00    0.00    0.00    0.00    0.00   10.75
02:42:32 PM   12   72.63    0.00   16.84    0.00    0.00    0.00    0.00    0.00    0.00   10.53
02:42:32 PM   13   69.89    0.00   19.35    1.08    0.00    0.00    0.00    0.00    0.00    9.68
02:42:32 PM   14   70.33    0.00   19.78    0.00    0.00    0.00    0.00    0.00    0.00    9.89
02:42:32 PM   15   71.28    0.00   18.09    0.00    0.00    0.00    0.00    0.00    0.00   10.64
02:42:32 PM   16   71.58    0.00   16.84    0.00    0.00    0.00    0.00    0.00    0.00   11.58
02:42:32 PM   17   69.47    0.00   18.95    1.05    0.00    0.00    0.00    0.00    0.00   10.53
02:42:32 PM   18   70.97    0.00   18.28    0.00    0.00    0.00    0.00    0.00    0.00   10.75
02:42:32 PM   19   70.53    0.00   18.95    0.00    0.00    0.00    0.00    0.00    0.00   10.53
02:42:32 PM   20   71.58    0.00   17.89    1.05    0.00    0.00    0.00    0.00    0.00    9.47
02:42:32 PM   21   70.53    0.00   17.89    0.00    0.00    0.00    0.00    0.00    0.00   11.58
02:42:32 PM   22   72.04    0.00   17.20    0.00    0.00    0.00    0.00    0.00    0.00   10.75
02:42:32 PM   23   71.58    0.00   17.89    0.00    0.00    0.00    0.00    0.00    0.00   10.53
02:42:32 PM   24   71.13    0.00   18.56    0.00    0.00    0.00    0.00    0.00    0.00   10.31
02:42:32 PM   25   68.42    0.00   21.05    1.05    0.00    0.00    0.00    0.00    0.00    9.47
02:42:32 PM   26   71.13    0.00   18.56    1.03    0.00    0.00    0.00    0.00    0.00    9.28
02:42:32 PM   27   69.07    0.00   19.59    1.03    0.00    0.00    0.00    0.00    0.00   10.31
02:42:32 PM   28   70.97    0.00   17.20    1.08    0.00    0.00    0.00    0.00    0.00   10.75
02:42:32 PM   29   74.23    0.00   16.49    1.03    0.00    0.00    0.00    0.00    0.00    8.25
02:42:32 PM   30   71.88    0.00   17.71    0.00    0.00    0.00    0.00    0.00    0.00   10.42
02:42:32 PM   31   71.88    0.00   17.71    0.00    0.00    0.00    0.00    0.00    0.00   10.42
02:42:32 PM   32   69.39    0.00   19.39    1.02    0.00    0.00    0.00    0.00    0.00   10.20
02:42:32 PM   33   69.47    0.00   21.05    0.00    0.00    0.00    0.00    0.00    0.00    9.47
02:42:32 PM   34   72.63    0.00   17.89    0.00    0.00    0.00    0.00    0.00    0.00    9.47
02:42:32 PM   35   68.75    0.00   20.83    0.00    0.00    0.00    0.00    0.00    0.00   10.42
02:42:32 PM   36   71.88    0.00   17.71    0.00    0.00    0.00    0.00    0.00    0.00   10.42
02:42:32 PM   37   72.92    0.00   16.67    0.00    0.00    0.00    0.00    0.00    0.00   10.42
02:42:32 PM   38   71.13    0.00   18.56    0.00    0.00    0.00    0.00    0.00    0.00   10.31
02:42:32 PM   39   70.21    0.00   19.15    1.06    0.00    0.00    0.00    0.00    0.00    9.57
02:42:32 PM   40   71.28    0.00   18.09    0.00    0.00    0.00    0.00    0.00    0.00   10.64
02:42:32 PM   41   68.82    0.00   20.43    0.00    0.00    0.00    0.00    0.00    0.00   10.75
02:42:32 PM   42   69.79    0.00   18.75    0.00    0.00    0.00    0.00    0.00    0.00   11.46
02:42:32 PM   43   71.58    0.00   18.95    0.00    0.00    0.00    0.00    0.00    0.00    9.47
02:42:32 PM   44   70.21    0.00   18.09    0.00    0.00    0.00    0.00    0.00    0.00   11.70
02:42:32 PM   45   73.12    0.00   17.20    0.00    0.00    0.00    0.00    0.00    0.00    9.68
02:42:32 PM   46   71.74    0.00   18.48    0.00    0.00    0.00    0.00    0.00    0.00    9.78
02:42:32 PM   47   70.53    0.00   17.89    0.00    0.00    0.00    0.00    0.00    0.00   11.58
02:42:32 PM   48   68.42    0.00   20.00    1.05    0.00    0.00    0.00    0.00    0.00   10.53
02:42:32 PM   49   70.53    0.00   17.89    0.00    0.00    0.00    0.00    0.00    0.00   11.58
02:42:32 PM   50   71.28    0.00   18.09    0.00    0.00    0.00    0.00    0.00    0.00   10.64
02:42:32 PM   51   69.15    0.00   20.21    0.00    0.00    0.00    0.00    0.00    0.00   10.64
02:42:32 PM   52   70.71    0.00   18.18    1.01    0.00    0.00    0.00    0.00    0.00   10.10
02:42:32 PM   53   73.12    0.00   17.20    0.00    0.00    0.00    0.00    0.00    0.00    9.68
02:42:32 PM   54   70.83    0.00   18.75    0.00    0.00    0.00    0.00    0.00    0.00   10.42
02:42:32 PM   55   70.21    0.00   19.15    0.00    0.00    0.00    0.00    0.00    0.00   10.64
02:42:32 PM   56   74.23    0.00   15.46    0.00    0.00    0.00    0.00    0.00    0.00   10.31
02:42:32 PM   57   70.83    0.00   19.79    0.00    0.00    0.00    0.00    0.00    0.00    9.38
02:42:32 PM   58   70.53    0.00   20.00    0.00    0.00    0.00    0.00    0.00    0.00    9.47
02:42:32 PM   59   73.40    0.00   15.96    0.00    0.00    0.00    0.00    0.00    0.00   10.64
02:42:32 PM   60   73.68    0.00   15.79    0.00    0.00    0.00    0.00    0.00    0.00   10.53
02:42:32 PM   61   70.41    0.00   18.37    0.00    0.00    0.00    0.00    0.00    0.00   11.22
02:42:32 PM   62   71.88    0.00   16.67    0.00    0.00    0.00    0.00    0.00    0.00   11.46
02:42:32 PM   63   71.28    0.00   18.09    1.06    0.00    0.00    0.00    0.00    0.00    9.57
02:42:32 PM   64   70.21    0.00   19.15    0.00    0.00    0.00    0.00    0.00    0.00   10.64
02:42:32 PM   65   72.34    0.00   18.09    0.00    0.00    0.00    0.00    0.00    0.00    9.57
02:42:32 PM   66   71.28    0.00   18.09    0.00    0.00    0.00    0.00    0.00    0.00   10.64
02:42:32 PM   67   70.10    0.00   19.59    0.00    0.00    0.00    0.00    0.00    0.00   10.31
02:42:32 PM   68   71.28    0.00   19.15    0.00    0.00    0.00    0.00    0.00    0.00    9.57
02:42:32 PM   69   76.84    0.00   17.89    0.00    0.00    0.00    0.00    0.00    0.00    5.26
02:42:32 PM   70   72.63    0.00   16.84    1.05    0.00    0.00    0.00    0.00    0.00    9.47
02:42:32 PM   71   70.21    0.00   19.15    0.00    0.00    0.00    0.00    0.00    0.00   10.64
02:42:32 PM   72   70.53    0.00   20.00    0.00    0.00    0.00    0.00    0.00    0.00    9.47
02:42:32 PM   73   71.58    0.00   17.89    0.00    0.00    0.00    0.00    0.00    0.00   10.53
02:42:32 PM   74   69.15    0.00   20.21    0.00    0.00    0.00    0.00    0.00    0.00   10.64
02:42:32 PM   75   71.28    0.00   18.09    0.00    0.00    0.00    0.00    0.00    0.00   10.64
02:42:32 PM   76   71.88    0.00   17.71    0.00    0.00    0.00    0.00    0.00    0.00   10.42
02:42:32 PM   77   71.58    0.00   17.89    0.00    0.00    0.00    0.00    0.00    0.00   10.53
02:42:32 PM   78   73.40    0.00   15.96    0.00    0.00    0.00    0.00    0.00    0.00   10.64
02:42:32 PM   79   70.83    0.00   18.75    1.04    0.00    0.00    0.00    0.00    0.00    9.38

02:42:41 PM  CPU    %usr   %nice    %sys %iowait    %irq   %soft  %steal  %guest  %gnice   %idle
02:42:42 PM  all   71.46    0.00   18.16    0.28    0.00    0.00    0.00    0.00    0.00   10.11
02:42:42 PM    0   72.92    0.00   16.67    0.00    0.00    0.00    0.00    0.00    0.00   10.42
02:42:42 PM    1   70.53    0.00   18.95    1.05    0.00    0.00    0.00    0.00    0.00    9.47
02:42:42 PM    2   70.21    0.00   20.21    0.00    0.00    0.00    0.00    0.00    0.00    9.57
02:42:42 PM    3   69.79    0.00   19.79    0.00    0.00    0.00    0.00    0.00    0.00   10.42
02:42:42 PM    4   72.16    0.00   17.53    1.03    0.00    0.00    0.00    0.00    0.00    9.28
02:42:42 PM    5   71.13    0.00   17.53    1.03    0.00    0.00    0.00    0.00    0.00   10.31
02:42:42 PM    6   71.58    0.00   17.89    0.00    0.00    0.00    0.00    0.00    0.00   10.53
02:42:42 PM    7   70.83    0.00   17.71    1.04    0.00    0.00    0.00    0.00    0.00   10.42
02:42:42 PM    8   69.07    0.00   20.62    1.03    0.00    0.00    0.00    0.00    0.00    9.28
02:42:42 PM    9   73.96    0.00   15.62    0.00    0.00    0.00    0.00    0.00    0.00   10.42
02:42:42 PM   10   73.40    0.00   15.96    0.00    0.00    0.00    0.00    0.00    0.00   10.64
02:42:42 PM   11   73.20    0.00   17.53    0.00    0.00    0.00    0.00    0.00    0.00    9.28
02:42:42 PM   12   71.58    0.00   17.89    0.00    0.00    0.00    0.00    0.00    0.00   10.53
02:42:42 PM   13   72.63    0.00   16.84    0.00    0.00    0.00    0.00    0.00    0.00   10.53
02:42:42 PM   14   70.83    0.00   18.75    0.00    0.00    0.00    0.00    0.00    0.00   10.42
02:42:42 PM   15   71.58    0.00   17.89    1.05    0.00    0.00    0.00    0.00    0.00    9.47
02:42:42 PM   16   69.07    0.00   20.62    0.00    0.00    0.00    0.00    0.00    0.00   10.31
02:42:42 PM   17   72.63    0.00   15.79    0.00    0.00    0.00    0.00    0.00    0.00   11.58
02:42:42 PM   18   71.28    0.00   18.09    0.00    0.00    0.00    0.00    0.00    0.00   10.64
02:42:42 PM   19   71.88    0.00   17.71    0.00    0.00    0.00    0.00    0.00    0.00   10.42
02:42:42 PM   20   73.68    0.00   16.84    0.00    0.00    0.00    0.00    0.00    0.00    9.47
02:42:42 PM   21   75.00    0.00   18.75    0.00    0.00    0.00    0.00    0.00    0.00    6.25
02:42:42 PM   22   72.34    0.00   18.09    0.00    0.00    0.00    0.00    0.00    0.00    9.57
02:42:42 PM   23   69.47    0.00   20.00    1.05    0.00    0.00    0.00    0.00    0.00    9.47
02:42:42 PM   24   69.47    0.00   20.00    0.00    0.00    0.00    0.00    0.00    0.00   10.53
02:42:42 PM   25   71.13    0.00   17.53    1.03    0.00    0.00    0.00    0.00    0.00   10.31
02:42:42 PM   26   72.92    0.00   16.67    0.00    0.00    0.00    0.00    0.00    0.00   10.42
02:42:42 PM   27   70.65    0.00   18.48    0.00    0.00    0.00    0.00    0.00    0.00   10.87
02:42:42 PM   28   70.53    0.00   18.95    0.00    0.00    0.00    0.00    0.00    0.00   10.53
02:42:42 PM   29   69.15    0.00   20.21    1.06    0.00    0.00    0.00    0.00    0.00    9.57
02:42:42 PM   30   71.58    0.00   17.89    0.00    0.00    0.00    0.00    0.00    0.00   10.53
02:42:42 PM   31   70.97    0.00   19.35    0.00    0.00    0.00    0.00    0.00    0.00    9.68
02:42:42 PM   32   72.04    0.00   18.28    0.00    0.00    0.00    0.00    0.00    0.00    9.68
02:42:42 PM   33   72.63    0.00   17.89    1.05    0.00    0.00    0.00    0.00    0.00    8.42
02:42:42 PM   34   72.63    0.00   16.84    0.00    0.00    0.00    0.00    0.00    0.00   10.53
02:42:42 PM   35   72.63    0.00   16.84    1.05    0.00    0.00    0.00    0.00    0.00    9.47
02:42:42 PM   36   68.75    0.00   21.88    0.00    0.00    0.00    0.00    0.00    0.00    9.38
02:42:42 PM   37   72.92    0.00   16.67    1.04    0.00    0.00    0.00    0.00    0.00    9.38
02:42:42 PM   38   73.40    0.00   17.02    0.00    0.00    0.00    0.00    0.00    0.00    9.57
02:42:42 PM   39   72.04    0.00   18.28    0.00    0.00    0.00    0.00    0.00    0.00    9.68
02:42:42 PM   40   72.63    0.00   16.84    0.00    0.00    0.00    0.00    0.00    0.00   10.53
02:42:42 PM   41   70.53    0.00   18.95    0.00    0.00    0.00    0.00    0.00    0.00   10.53
02:42:42 PM   42   70.10    0.00   19.59    0.00    0.00    0.00    0.00    0.00    0.00   10.31
02:42:42 PM   43   69.70    0.00   18.18    1.01    0.00    0.00    0.00    0.00    0.00   11.11
02:42:42 PM   44   72.63    0.00   16.84    0.00    0.00    0.00    0.00    0.00    0.00   10.53
02:42:42 PM   45   72.04    0.00   17.20    0.00    0.00    0.00    0.00    0.00    0.00   10.75
02:42:42 PM   46   70.21    0.00   19.15    0.00    0.00    0.00    0.00    0.00    0.00   10.64
02:42:42 PM   47   69.79    0.00   18.75    1.04    0.00    0.00    0.00    0.00    0.00   10.42
02:42:42 PM   48   69.15    0.00   18.09    1.06    0.00    0.00    0.00    0.00    0.00   11.70
02:42:42 PM   49   71.88    0.00   18.75    0.00    0.00    0.00    0.00    0.00    0.00    9.38
02:42:42 PM   50   71.28    0.00   19.15    0.00    0.00    0.00    0.00    0.00    0.00    9.57
02:42:42 PM   51   71.58    0.00   17.89    0.00    0.00    0.00    0.00    0.00    0.00   10.53
02:42:42 PM   52   72.34    0.00   17.02    0.00    0.00    0.00    0.00    0.00    0.00   10.64
02:42:42 PM   53   71.58    0.00   17.89    0.00    0.00    0.00    0.00    0.00    0.00   10.53
02:42:42 PM   54   73.68    0.00   15.79    0.00    0.00    0.00    0.00    0.00    0.00   10.53
02:42:42 PM   55   73.20    0.00   16.49    0.00    0.00    0.00    0.00    0.00    0.00   10.31
02:42:42 PM   56   71.28    0.00   18.09    0.00    0.00    0.00    0.00    0.00    0.00   10.64
02:42:42 PM   57   70.53    0.00   17.89    1.05    0.00    0.00    0.00    0.00    0.00   10.53
02:42:42 PM   58   69.79    0.00   19.79    0.00    0.00    0.00    0.00    0.00    0.00   10.42
02:42:42 PM   59   71.58    0.00   17.89    0.00    0.00    0.00    0.00    0.00    0.00   10.53
02:42:42 PM   60   73.68    0.00   15.79    1.05    0.00    0.00    0.00    0.00    0.00    9.47
02:42:42 PM   61   73.68    0.00   18.95    0.00    0.00    0.00    0.00    0.00    0.00    7.37
02:42:42 PM   62   70.83    0.00   18.75    0.00    0.00    0.00    0.00    0.00    0.00   10.42
02:42:42 PM   63   69.47    0.00   20.00    1.05    0.00    0.00    0.00    0.00    0.00    9.47
02:42:42 PM   64   71.88    0.00   17.71    0.00    0.00    0.00    0.00    0.00    0.00   10.42
02:42:42 PM   65   70.21    0.00   19.15    0.00    0.00    0.00    0.00    0.00    0.00   10.64
02:42:42 PM   66   73.68    0.00   15.79    0.00    0.00    0.00    0.00    0.00    0.00   10.53
02:42:42 PM   67   69.07    0.00   20.62    1.03    0.00    0.00    0.00    0.00    0.00    9.28
02:42:42 PM   68   73.68    0.00   16.84    0.00    0.00    0.00    0.00    0.00    0.00    9.47
02:42:42 PM   69   70.53    0.00   18.95    0.00    0.00    0.00    0.00    0.00    0.00   10.53
02:42:42 PM   70   70.21    0.00   18.09    0.00    0.00    0.00    0.00    0.00    0.00   11.70
02:42:42 PM   71   70.21    0.00   20.21    0.00    0.00    0.00    0.00    0.00    0.00    9.57
02:42:42 PM   72   71.13    0.00   18.56    1.03    0.00    0.00    0.00    0.00    0.00    9.28
02:42:42 PM   73   70.21    0.00   18.09    1.06    0.00    0.00    0.00    0.00    0.00   10.64
02:42:42 PM   74   70.83    0.00   18.75    0.00    0.00    0.00    0.00    0.00    0.00   10.42
02:42:42 PM   75   73.68    0.00   16.84    0.00    0.00    0.00    0.00    0.00    0.00    9.47
02:42:42 PM   76   71.28    0.00   18.09    0.00    0.00    0.00    0.00    0.00    0.00   10.64
02:42:42 PM   77   70.21    0.00   19.15    0.00    0.00    0.00    0.00    0.00    0.00   10.64
02:42:42 PM   78   69.89    0.00   19.35    0.00    0.00    0.00    0.00    0.00    0.00   10.75
02:42:42 PM   79   72.63    0.00   16.84    0.00    0.00    0.00    0.00    0.00    0.00   10.53

02:42:51 PM  CPU    %usr   %nice    %sys %iowait    %irq   %soft  %steal  %guest  %gnice   %idle
02:42:52 PM  all   72.08    0.00   17.97    0.16    0.00    0.01    0.00    0.00    0.00    9.78
02:42:52 PM    0   73.40    0.00   17.02    0.00    0.00    0.00    0.00    0.00    0.00    9.57
02:42:52 PM    1   72.16    0.00   18.56    0.00    0.00    0.00    0.00    0.00    0.00    9.28
02:42:52 PM    2   72.92    0.00   16.67    0.00    0.00    0.00    0.00    0.00    0.00   10.42
02:42:52 PM    3   71.58    0.00   17.89    0.00    0.00    0.00    0.00    0.00    0.00   10.53
02:42:52 PM    4   72.16    0.00   16.49    0.00    0.00    0.00    0.00    0.00    0.00   11.34
02:42:52 PM    5   71.58    0.00   17.89    0.00    0.00    0.00    0.00    0.00    0.00   10.53
02:42:52 PM    6   72.63    0.00   17.89    0.00    0.00    0.00    0.00    0.00    0.00    9.47
02:42:52 PM    7   73.40    0.00   18.09    0.00    0.00    0.00    0.00    0.00    0.00    8.51
02:42:52 PM    8   73.68    0.00   16.84    1.05    0.00    0.00    0.00    0.00    0.00    8.42
02:42:52 PM    9   71.58    0.00   17.89    0.00    0.00    1.05    0.00    0.00    0.00    9.47
02:42:52 PM   10   72.63    0.00   17.89    0.00    0.00    0.00    0.00    0.00    0.00    9.47
02:42:52 PM   11   72.16    0.00   18.56    0.00    0.00    0.00    0.00    0.00    0.00    9.28
02:42:52 PM   12   72.92    0.00   16.67    0.00    0.00    0.00    0.00    0.00    0.00   10.42
02:42:52 PM   13   71.58    0.00   18.95    0.00    0.00    0.00    0.00    0.00    0.00    9.47
02:42:52 PM   14   71.58    0.00   18.95    0.00    0.00    0.00    0.00    0.00    0.00    9.47
02:42:52 PM   15   71.88    0.00   18.75    0.00    0.00    0.00    0.00    0.00    0.00    9.38
02:42:52 PM   16   70.83    0.00   19.79    0.00    0.00    0.00    0.00    0.00    0.00    9.38
02:42:52 PM   17   71.28    0.00   18.09    0.00    0.00    0.00    0.00    0.00    0.00   10.64
02:42:52 PM   18   71.88    0.00   16.67    0.00    0.00    0.00    0.00    0.00    0.00   11.46
02:42:52 PM   19   72.92    0.00   16.67    0.00    0.00    0.00    0.00    0.00    0.00   10.42
02:42:52 PM   20   73.96    0.00   15.62    0.00    0.00    0.00    0.00    0.00    0.00   10.42
02:42:52 PM   21   71.28    0.00   19.15    0.00    0.00    0.00    0.00    0.00    0.00    9.57
02:42:52 PM   22   72.92    0.00   16.67    0.00    0.00    0.00    0.00    0.00    0.00   10.42
02:42:52 PM   23   69.79    0.00   19.79    2.08    0.00    0.00    0.00    0.00    0.00    8.33
02:42:52 PM   24   70.83    0.00   18.75    1.04    0.00    0.00    0.00    0.00    0.00    9.38
02:42:52 PM   25   69.79    0.00   19.79    0.00    0.00    0.00    0.00    0.00    0.00   10.42
02:42:52 PM   26   70.21    0.00   19.15    0.00    0.00    0.00    0.00    0.00    0.00   10.64
02:42:52 PM   27   69.79    0.00   18.75    1.04    0.00    0.00    0.00    0.00    0.00   10.42
02:42:52 PM   28   69.79    0.00   19.79    0.00    0.00    0.00    0.00    0.00    0.00   10.42
02:42:52 PM   29   70.21    0.00   20.21    0.00    0.00    0.00    0.00    0.00    0.00    9.57
02:42:52 PM   30   76.53    0.00   15.31    0.00    0.00    0.00    0.00    0.00    0.00    8.16
02:42:52 PM   31   75.00    0.00   16.67    0.00    0.00    0.00    0.00    0.00    0.00    8.33
02:42:52 PM   32   71.58    0.00   17.89    0.00    0.00    0.00    0.00    0.00    0.00   10.53
02:42:52 PM   33   74.74    0.00   18.95    0.00    0.00    0.00    0.00    0.00    0.00    6.32
02:42:52 PM   34   72.63    0.00   17.89    0.00    0.00    0.00    0.00    0.00    0.00    9.47
02:42:52 PM   35   71.58    0.00   17.89    0.00    0.00    0.00    0.00    0.00    0.00   10.53
02:42:52 PM   36   70.21    0.00   19.15    0.00    0.00    0.00    0.00    0.00    0.00   10.64
02:42:52 PM   37   70.83    0.00   19.79    0.00    0.00    0.00    0.00    0.00    0.00    9.38
02:42:52 PM   38   71.58    0.00   18.95    0.00    0.00    0.00    0.00    0.00    0.00    9.47
02:42:52 PM   39   71.28    0.00   19.15    1.06    0.00    0.00    0.00    0.00    0.00    8.51
02:42:52 PM   40   70.10    0.00   18.56    0.00    0.00    0.00    0.00    0.00    0.00   11.34
02:42:52 PM   41   71.13    0.00   19.59    0.00    0.00    0.00    0.00    0.00    0.00    9.28
02:42:52 PM   42   71.88    0.00   17.71    0.00    0.00    0.00    0.00    0.00    0.00   10.42
02:42:52 PM   43   72.63    0.00   17.89    0.00    0.00    0.00    0.00    0.00    0.00    9.47
02:42:52 PM   44   73.40    0.00   18.09    0.00    0.00    0.00    0.00    0.00    0.00    8.51
02:42:52 PM   45   72.92    0.00   15.62    0.00    0.00    0.00    0.00    0.00    0.00   11.46
02:42:52 PM   46   70.83    0.00   18.75    0.00    0.00    0.00    0.00    0.00    0.00   10.42
02:42:52 PM   47   73.68    0.00   16.84    0.00    0.00    0.00    0.00    0.00    0.00    9.47
02:42:52 PM   48   72.63    0.00   17.89    0.00    0.00    0.00    0.00    0.00    0.00    9.47
02:42:52 PM   49   73.96    0.00   16.67    0.00    0.00    0.00    0.00    0.00    0.00    9.38
02:42:52 PM   50   71.58    0.00   18.95    0.00    0.00    0.00    0.00    0.00    0.00    9.47
02:42:52 PM   51   72.92    0.00   16.67    0.00    0.00    0.00    0.00    0.00    0.00   10.42
02:42:52 PM   52   74.47    0.00   15.96    0.00    0.00    0.00    0.00    0.00    0.00    9.57
02:42:52 PM   53   73.96    0.00   16.67    0.00    0.00    0.00    0.00    0.00    0.00    9.38
02:42:52 PM   54   75.79    0.00   14.74    0.00    0.00    0.00    0.00    0.00    0.00    9.47
02:42:52 PM   55   72.92    0.00   16.67    1.04    0.00    0.00    0.00    0.00    0.00    9.38
02:42:52 PM   56   71.88    0.00   17.71    0.00    0.00    0.00    0.00    0.00    0.00   10.42
02:42:52 PM   57   72.63    0.00   17.89    0.00    0.00    0.00    0.00    0.00    0.00    9.47
02:42:52 PM   58   72.92    0.00   16.67    1.04    0.00    0.00    0.00    0.00    0.00    9.38
02:42:52 PM   59   71.58    0.00   18.95    0.00    0.00    0.00    0.00    0.00    0.00    9.47
02:42:52 PM   60   70.83    0.00   18.75    0.00    0.00    0.00    0.00    0.00    0.00   10.42
02:42:52 PM   61   70.83    0.00   18.75    1.04    0.00    0.00    0.00    0.00    0.00    9.38
02:42:52 PM   62   73.40    0.00   15.96    1.06    0.00    0.00    0.00    0.00    0.00    9.57
02:42:52 PM   63   70.97    0.00   18.28    1.08    0.00    0.00    0.00    0.00    0.00    9.68
02:42:52 PM   64   72.63    0.00   17.89    0.00    0.00    0.00    0.00    0.00    0.00    9.47
02:42:52 PM   65   72.63    0.00   16.84    0.00    0.00    0.00    0.00    0.00    0.00   10.53
02:42:52 PM   66   70.53    0.00   20.00    0.00    0.00    0.00    0.00    0.00    0.00    9.47
02:42:52 PM   67   70.21    0.00   20.21    0.00    0.00    0.00    0.00    0.00    0.00    9.57
02:42:52 PM   68   69.79    0.00   19.79    0.00    0.00    0.00    0.00    0.00    0.00   10.42
02:42:52 PM   69   73.68    0.00   16.84    0.00    0.00    0.00    0.00    0.00    0.00    9.47
02:42:52 PM   70   72.92    0.00   16.67    0.00    0.00    0.00    0.00    0.00    0.00   10.42
02:42:52 PM   71   70.53    0.00   18.95    1.05    0.00    0.00    0.00    0.00    0.00    9.47
02:42:52 PM   72   69.79    0.00   19.79    0.00    0.00    0.00    0.00    0.00    0.00   10.42
02:42:52 PM   73   71.13    0.00   19.59    0.00    0.00    0.00    0.00    0.00    0.00    9.28
02:42:52 PM   74   70.83    0.00   17.71    0.00    0.00    0.00    0.00    0.00    0.00   11.46
02:42:52 PM   75   72.34    0.00   18.09    0.00    0.00    0.00    0.00    0.00    0.00    9.57
02:42:52 PM   76   70.83    0.00   18.75    0.00    0.00    0.00    0.00    0.00    0.00   10.42
02:42:52 PM   77   73.68    0.00   16.84    0.00    0.00    0.00    0.00    0.00    0.00    9.47
02:42:52 PM   78   73.40    0.00   15.96    0.00    0.00    0.00    0.00    0.00    0.00   10.64
02:42:52 PM   79   72.34    0.00   18.09    0.00    0.00    0.00    0.00    0.00    0.00    9.57

02:43:01 PM  CPU    %usr   %nice    %sys %iowait    %irq   %soft  %steal  %guest  %gnice   %idle
02:43:02 PM  all   74.74    0.00   18.21    0.10    0.00    0.01    0.00    0.00    0.00    6.93
02:43:02 PM    0   74.23    0.00   18.56    0.00    0.00    0.00    0.00    0.00    0.00    7.22
02:43:02 PM    1   75.00    0.00   18.75    0.00    0.00    0.00    0.00    0.00    0.00    6.25
02:43:02 PM    2   76.29    0.00   18.56    0.00    0.00    0.00    0.00    0.00    0.00    5.15
02:43:02 PM    3   72.16    0.00   20.62    0.00    0.00    0.00    0.00    0.00    0.00    7.22
02:43:02 PM    4   74.23    0.00   18.56    0.00    0.00    0.00    0.00    0.00    0.00    7.22
02:43:02 PM    5   74.47    0.00   18.09    0.00    0.00    0.00    0.00    0.00    0.00    7.45
02:43:02 PM    6   75.26    0.00   17.53    0.00    0.00    0.00    0.00    0.00    0.00    7.22
02:43:02 PM    7   76.84    0.00   16.84    0.00    0.00    0.00    0.00    0.00    0.00    6.32
02:43:02 PM    8   75.00    0.00   17.71    0.00    0.00    0.00    0.00    0.00    0.00    7.29
02:43:02 PM    9   74.74    0.00   17.89    0.00    0.00    0.00    0.00    0.00    0.00    7.37
02:43:02 PM   10   75.53    0.00   17.02    0.00    0.00    0.00    0.00    0.00    0.00    7.45
02:43:02 PM   11   76.29    0.00   17.53    0.00    0.00    0.00    0.00    0.00    0.00    6.19
02:43:02 PM   12   74.23    0.00   18.56    0.00    0.00    0.00    0.00    0.00    0.00    7.22
02:43:02 PM   13   72.63    0.00   18.95    0.00    0.00    0.00    0.00    0.00    0.00    8.42
02:43:02 PM   14   73.96    0.00   18.75    0.00    0.00    0.00    0.00    0.00    0.00    7.29
02:43:02 PM   15   74.47    0.00   18.09    0.00    0.00    0.00    0.00    0.00    0.00    7.45
02:43:02 PM   16   74.23    0.00   18.56    0.00    0.00    0.00    0.00    0.00    0.00    7.22
02:43:02 PM   17   73.12    0.00   20.43    0.00    0.00    0.00    0.00    0.00    0.00    6.45
02:43:02 PM   18   76.34    0.00   17.20    0.00    0.00    0.00    0.00    0.00    0.00    6.45
02:43:02 PM   19   75.27    0.00   17.20    0.00    0.00    0.00    0.00    0.00    0.00    7.53
02:43:02 PM   20   73.40    0.00   19.15    1.06    0.00    0.00    0.00    0.00    0.00    6.38
02:43:02 PM   21   73.68    0.00   18.95    0.00    0.00    0.00    0.00    0.00    0.00    7.37
02:43:02 PM   22   72.92    0.00   19.79    0.00    0.00    0.00    0.00    0.00    0.00    7.29
02:43:02 PM   23   75.79    0.00   17.89    0.00    0.00    0.00    0.00    0.00    0.00    6.32
02:43:02 PM   24   76.04    0.00   17.71    0.00    0.00    0.00    0.00    0.00    0.00    6.25
02:43:02 PM   25   74.23    0.00   17.53    1.03    0.00    0.00    0.00    0.00    0.00    7.22
02:43:02 PM   26   73.20    0.00   18.56    1.03    0.00    0.00    0.00    0.00    0.00    7.22
02:43:02 PM   27   75.00    0.00   18.75    0.00    0.00    0.00    0.00    0.00    0.00    6.25
02:43:02 PM   28   73.96    0.00   18.75    0.00    0.00    0.00    0.00    0.00    0.00    7.29
02:43:02 PM   29   73.96    0.00   17.71    1.04    0.00    0.00    0.00    0.00    0.00    7.29
02:43:02 PM   30   76.84    0.00   15.79    0.00    0.00    0.00    0.00    0.00    0.00    7.37
02:43:02 PM   31   72.34    0.00   21.28    0.00    0.00    0.00    0.00    0.00    0.00    6.38
02:43:02 PM   32   76.04    0.00   16.67    1.04    0.00    0.00    0.00    0.00    0.00    6.25
02:43:02 PM   33   73.12    0.00   19.35    0.00    0.00    0.00    0.00    0.00    0.00    7.53
02:43:02 PM   34   78.12    0.00   15.62    0.00    0.00    0.00    0.00    0.00    0.00    6.25
02:43:02 PM   35   74.23    0.00   18.56    0.00    0.00    0.00    0.00    0.00    0.00    7.22
02:43:02 PM   36   72.63    0.00   21.05    0.00    0.00    0.00    0.00    0.00    0.00    6.32
02:43:02 PM   37   73.68    0.00   20.00    0.00    0.00    0.00    0.00    0.00    0.00    6.32
02:43:02 PM   38   72.16    0.00   19.59    1.03    0.00    0.00    0.00    0.00    0.00    7.22
02:43:02 PM   39   73.68    0.00   18.95    0.00    0.00    0.00    0.00    0.00    0.00    7.37
02:43:02 PM   40   75.00    0.00   17.71    0.00    0.00    0.00    0.00    0.00    0.00    7.29
02:43:02 PM   41   72.92    0.00   19.79    0.00    0.00    0.00    0.00    0.00    0.00    7.29
02:43:02 PM   42   74.47    0.00   19.15    0.00    0.00    0.00    0.00    0.00    0.00    6.38
02:43:02 PM   43   74.47    0.00   18.09    0.00    0.00    0.00    0.00    0.00    0.00    7.45
02:43:02 PM   44   73.68    0.00   18.95    0.00    0.00    0.00    0.00    0.00    0.00    7.37
02:43:02 PM   45   74.47    0.00   19.15    0.00    0.00    0.00    0.00    0.00    0.00    6.38
02:43:02 PM   46   75.26    0.00   16.49    0.00    0.00    0.00    0.00    0.00    0.00    8.25
02:43:02 PM   47   75.53    0.00   17.02    0.00    0.00    1.06    0.00    0.00    0.00    6.38
02:43:02 PM   48   73.68    0.00   18.95    0.00    0.00    0.00    0.00    0.00    0.00    7.37
02:43:02 PM   49   74.74    0.00   17.89    0.00    0.00    0.00    0.00    0.00    0.00    7.37
02:43:02 PM   50   76.29    0.00   16.49    0.00    0.00    0.00    0.00    0.00    0.00    7.22
02:43:02 PM   51   76.84    0.00   16.84    0.00    0.00    0.00    0.00    0.00    0.00    6.32
02:43:02 PM   52   73.96    0.00   18.75    0.00    0.00    0.00    0.00    0.00    0.00    7.29
02:43:02 PM   53   76.60    0.00   17.02    0.00    0.00    0.00    0.00    0.00    0.00    6.38
02:43:02 PM   54   76.34    0.00   16.13    0.00    0.00    0.00    0.00    0.00    0.00    7.53
02:43:02 PM   55   76.29    0.00   17.53    0.00    0.00    0.00    0.00    0.00    0.00    6.19
02:43:02 PM   56   75.53    0.00   17.02    0.00    0.00    0.00    0.00    0.00    0.00    7.45
02:43:02 PM   57   73.68    0.00   18.95    0.00    0.00    0.00    0.00    0.00    0.00    7.37
02:43:02 PM   58   73.47    0.00   19.39    0.00    0.00    0.00    0.00    0.00    0.00    7.14
02:43:02 PM   59   73.40    0.00   19.15    0.00    0.00    0.00    0.00    0.00    0.00    7.45
02:43:02 PM   60   73.68    0.00   18.95    0.00    0.00    0.00    0.00    0.00    0.00    7.37
02:43:02 PM   61   82.29    0.00   13.54    0.00    0.00    0.00    0.00    0.00    0.00    4.17
02:43:02 PM   62   74.23    0.00   18.56    0.00    0.00    0.00    0.00    0.00    0.00    7.22
02:43:02 PM   63   75.00    0.00   17.71    0.00    0.00    0.00    0.00    0.00    0.00    7.29
02:43:02 PM   64   75.53    0.00   17.02    0.00    0.00    0.00    0.00    0.00    0.00    7.45
02:43:02 PM   65   74.74    0.00   17.89    0.00    0.00    0.00    0.00    0.00    0.00    7.37
02:43:02 PM   66   73.68    0.00   20.00    0.00    0.00    0.00    0.00    0.00    0.00    6.32
02:43:02 PM   67   75.27    0.00   18.28    0.00    0.00    0.00    0.00    0.00    0.00    6.45
02:43:02 PM   68   75.53    0.00   17.02    0.00    0.00    0.00    0.00    0.00    0.00    7.45
02:43:02 PM   69   74.19    0.00   18.28    0.00    0.00    0.00    0.00    0.00    0.00    7.53
02:43:02 PM   70   77.08    0.00   16.67    0.00    0.00    0.00    0.00    0.00    0.00    6.25
02:43:02 PM   71   70.65    0.00   21.74    0.00    0.00    0.00    0.00    0.00    0.00    7.61
02:43:02 PM   72   76.84    0.00   17.89    0.00    0.00    0.00    0.00    0.00    0.00    5.26
02:43:02 PM   73   76.04    0.00   16.67    0.00    0.00    0.00    0.00    0.00    0.00    7.29
02:43:02 PM   74   73.68    0.00   18.95    1.05    0.00    0.00    0.00    0.00    0.00    6.32
02:43:02 PM   75   76.84    0.00   16.84    0.00    0.00    0.00    0.00    0.00    0.00    6.32
02:43:02 PM   76   75.79    0.00   16.84    0.00    0.00    0.00    0.00    0.00    0.00    7.37
02:43:02 PM   77   73.20    0.00   18.56    1.03    0.00    0.00    0.00    0.00    0.00    7.22
02:43:02 PM   78   74.47    0.00   19.15    0.00    0.00    0.00    0.00    0.00    0.00    6.38
02:43:02 PM   79   74.74    0.00   18.95    0.00    0.00    0.00    0.00    0.00    0.00    6.32

02:43:11 PM  CPU    %usr   %nice    %sys %iowait    %irq   %soft  %steal  %guest  %gnice   %idle
02:43:12 PM  all   73.25    0.00   17.68    0.12    0.00    0.00    0.00    0.00    0.00    8.96
02:43:12 PM    0   73.68    0.00   17.89    0.00    0.00    0.00    0.00    0.00    0.00    8.42
02:43:12 PM    1   75.00    0.00   16.67    0.00    0.00    0.00    0.00    0.00    0.00    8.33
02:43:12 PM    2   74.74    0.00   16.84    0.00    0.00    0.00    0.00    0.00    0.00    8.42
02:43:12 PM    3   75.00    0.00   16.67    0.00    0.00    0.00    0.00    0.00    0.00    8.33
02:43:12 PM    4   71.58    0.00   18.95    0.00    0.00    0.00    0.00    0.00    0.00    9.47
02:43:12 PM    5   74.74    0.00   16.84    0.00    0.00    0.00    0.00    0.00    0.00    8.42
02:43:12 PM    6   73.68    0.00   16.84    0.00    0.00    0.00    0.00    0.00    0.00    9.47
02:43:12 PM    7   70.21    0.00   20.21    0.00    0.00    0.00    0.00    0.00    0.00    9.57
02:43:12 PM    8   76.29    0.00   16.49    0.00    0.00    0.00    0.00    0.00    0.00    7.22
02:43:12 PM    9   76.84    0.00   16.84    0.00    0.00    0.00    0.00    0.00    0.00    6.32
02:43:12 PM   10   72.34    0.00   18.09    0.00    0.00    0.00    0.00    0.00    0.00    9.57
02:43:12 PM   11   74.47    0.00   17.02    0.00    0.00    0.00    0.00    0.00    0.00    8.51
02:43:12 PM   12   73.20    0.00   17.53    0.00    0.00    0.00    0.00    0.00    0.00    9.28
02:43:12 PM   13   73.20    0.00   16.49    1.03    0.00    0.00    0.00    0.00    0.00    9.28
02:43:12 PM   14   75.79    0.00   15.79    0.00    0.00    0.00    0.00    0.00    0.00    8.42
02:43:12 PM   15   74.47    0.00   18.09    0.00    0.00    0.00    0.00    0.00    0.00    7.45
02:43:12 PM   16   74.47    0.00   17.02    0.00    0.00    0.00    0.00    0.00    0.00    8.51
02:43:12 PM   17   72.63    0.00   18.95    0.00    0.00    0.00    0.00    0.00    0.00    8.42
02:43:12 PM   18   73.96    0.00   16.67    0.00    0.00    0.00    0.00    0.00    0.00    9.38
02:43:12 PM   19   82.11    0.00   11.58    0.00    0.00    0.00    0.00    0.00    0.00    6.32
02:43:12 PM   20   72.63    0.00   17.89    0.00    0.00    0.00    0.00    0.00    0.00    9.47
02:43:12 PM   21   72.63    0.00   17.89    0.00    0.00    0.00    0.00    0.00    0.00    9.47
02:43:12 PM   22   72.04    0.00   18.28    0.00    0.00    0.00    0.00    0.00    0.00    9.68
02:43:12 PM   23   73.20    0.00   16.49    1.03    0.00    0.00    0.00    0.00    0.00    9.28
02:43:12 PM   24   70.21    0.00   20.21    0.00    0.00    0.00    0.00    0.00    0.00    9.57
02:43:12 PM   25   71.58    0.00   17.89    0.00    0.00    0.00    0.00    0.00    0.00   10.53
02:43:12 PM   26   72.34    0.00   17.02    0.00    0.00    0.00    0.00    0.00    0.00   10.64
02:43:12 PM   27   70.53    0.00   18.95    0.00    0.00    0.00    0.00    0.00    0.00   10.53
02:43:12 PM   28   73.40    0.00   17.02    0.00    0.00    0.00    0.00    0.00    0.00    9.57
02:43:12 PM   29   72.63    0.00   16.84    1.05    0.00    0.00    0.00    0.00    0.00    9.47
02:43:12 PM   30   70.97    0.00   19.35    0.00    0.00    0.00    0.00    0.00    0.00    9.68
02:43:12 PM   31   73.68    0.00   17.89    0.00    0.00    0.00    0.00    0.00    0.00    8.42
02:43:12 PM   32   69.89    0.00   20.43    0.00    0.00    0.00    0.00    0.00    0.00    9.68
02:43:12 PM   33   73.12    0.00   17.20    0.00    0.00    0.00    0.00    0.00    0.00    9.68
02:43:12 PM   34   73.68    0.00   15.79    1.05    0.00    0.00    0.00    0.00    0.00    9.47
02:43:12 PM   35   72.92    0.00   18.75    0.00    0.00    0.00    0.00    0.00    0.00    8.33
02:43:12 PM   36   72.34    0.00   17.02    0.00    0.00    0.00    0.00    0.00    0.00   10.64
02:43:12 PM   37   71.28    0.00   18.09    1.06    0.00    0.00    0.00    0.00    0.00    9.57
02:43:12 PM   38   72.34    0.00   19.15    0.00    0.00    0.00    0.00    0.00    0.00    8.51
02:43:12 PM   39   72.04    0.00   18.28    0.00    0.00    0.00    0.00    0.00    0.00    9.68
02:43:12 PM   40   73.68    0.00   17.89    0.00    0.00    0.00    0.00    0.00    0.00    8.42
02:43:12 PM   41   72.92    0.00   17.71    0.00    0.00    0.00    0.00    0.00    0.00    9.38
02:43:12 PM   42   73.68    0.00   16.84    0.00    0.00    0.00    0.00    0.00    0.00    9.47
02:43:12 PM   43   75.00    0.00   16.67    0.00    0.00    0.00    0.00    0.00    0.00    8.33
02:43:12 PM   44   73.68    0.00   17.89    0.00    0.00    0.00    0.00    0.00    0.00    8.42
02:43:12 PM   45   74.74    0.00   15.79    0.00    0.00    0.00    0.00    0.00    0.00    9.47
02:43:12 PM   46   71.43    0.00   19.39    0.00    0.00    0.00    0.00    0.00    0.00    9.18
02:43:12 PM   47   74.74    0.00   16.84    0.00    0.00    0.00    0.00    0.00    0.00    8.42
02:43:12 PM   48   74.19    0.00   17.20    0.00    0.00    0.00    0.00    0.00    0.00    8.60
02:43:12 PM   49   72.92    0.00   17.71    0.00    0.00    0.00    0.00    0.00    0.00    9.38
02:43:12 PM   50   73.40    0.00   18.09    0.00    0.00    0.00    0.00    0.00    0.00    8.51
02:43:12 PM   51   72.63    0.00   18.95    0.00    0.00    0.00    0.00    0.00    0.00    8.42
02:43:12 PM   52   74.74    0.00   16.84    0.00    0.00    0.00    0.00    0.00    0.00    8.42
02:43:12 PM   53   74.74    0.00   16.84    0.00    0.00    0.00    0.00    0.00    0.00    8.42
02:43:12 PM   54   74.47    0.00   18.09    0.00    0.00    0.00    0.00    0.00    0.00    7.45
02:43:12 PM   55   73.96    0.00   17.71    0.00    0.00    0.00    0.00    0.00    0.00    8.33
02:43:12 PM   56   72.92    0.00   17.71    0.00    0.00    0.00    0.00    0.00    0.00    9.38
02:43:12 PM   57   72.92    0.00   18.75    0.00    0.00    0.00    0.00    0.00    0.00    8.33
02:43:12 PM   58   73.96    0.00   17.71    0.00    0.00    0.00    0.00    0.00    0.00    8.33
02:43:12 PM   59   74.47    0.00   17.02    0.00    0.00    0.00    0.00    0.00    0.00    8.51
02:43:12 PM   60   74.23    0.00   16.49    0.00    0.00    0.00    0.00    0.00    0.00    9.28
02:43:12 PM   61   75.26    0.00   17.53    1.03    0.00    0.00    0.00    0.00    0.00    6.19
02:43:12 PM   62   72.04    0.00   18.28    0.00    0.00    0.00    0.00    0.00    0.00    9.68
02:43:12 PM   63   73.12    0.00   17.20    0.00    0.00    0.00    0.00    0.00    0.00    9.68
02:43:12 PM   64   75.00    0.00   16.30    0.00    0.00    0.00    0.00    0.00    0.00    8.70
02:43:12 PM   65   72.63    0.00   16.84    1.05    0.00    0.00    0.00    0.00    0.00    9.47
02:43:12 PM   66   71.74    0.00   19.57    0.00    0.00    0.00    0.00    0.00    0.00    8.70
02:43:12 PM   67   71.28    0.00   20.21    0.00    0.00    0.00    0.00    0.00    0.00    8.51
02:43:12 PM   68   71.28    0.00   18.09    1.06    0.00    0.00    0.00    0.00    0.00    9.57
02:43:12 PM   69   72.34    0.00   17.02    1.06    0.00    0.00    0.00    0.00    0.00    9.57
02:43:12 PM   70   74.47    0.00   15.96    0.00    0.00    0.00    0.00    0.00    0.00    9.57
02:43:12 PM   71   70.21    0.00   20.21    0.00    0.00    0.00    0.00    0.00    0.00    9.57
02:43:12 PM   72   72.63    0.00   17.89    0.00    0.00    0.00    0.00    0.00    0.00    9.47
02:43:12 PM   73   72.34    0.00   19.15    0.00    0.00    0.00    0.00    0.00    0.00    8.51
02:43:12 PM   74   72.04    0.00   18.28    0.00    0.00    0.00    0.00    0.00    0.00    9.68
02:43:12 PM   75   72.63    0.00   17.89    0.00    0.00    0.00    0.00    0.00    0.00    9.47
02:43:12 PM   76   72.16    0.00   18.56    0.00    0.00    0.00    0.00    0.00    0.00    9.28
02:43:12 PM   77   70.97    0.00   19.35    0.00    0.00    0.00    0.00    0.00    0.00    9.68
02:43:12 PM   78   74.19    0.00   16.13    0.00    0.00    0.00    0.00    0.00    0.00    9.68
02:43:12 PM   79   71.58    0.00   20.00    0.00    0.00    0.00    0.00    0.00    0.00    8.42

02:43:21 PM  CPU    %usr   %nice    %sys %iowait    %irq   %soft  %steal  %guest  %gnice   %idle
02:43:22 PM  all   73.64    0.00   17.64    0.14    0.00    0.00    0.00    0.00    0.00    8.58
02:43:22 PM    0   72.63    0.00   17.89    0.00    0.00    0.00    0.00    0.00    0.00    9.47
02:43:22 PM    1   75.00    0.00   16.67    0.00    0.00    0.00    0.00    0.00    0.00    8.33
02:43:22 PM    2   73.68    0.00   17.89    0.00    0.00    0.00    0.00    0.00    0.00    8.42
02:43:22 PM    3   75.26    0.00   17.53    0.00    0.00    0.00    0.00    0.00    0.00    7.22
02:43:22 PM    4   75.53    0.00   17.02    0.00    0.00    0.00    0.00    0.00    0.00    7.45
02:43:22 PM    5   74.19    0.00   17.20    0.00    0.00    0.00    0.00    0.00    0.00    8.60
02:43:22 PM    6   72.92    0.00   17.71    0.00    0.00    0.00    0.00    0.00    0.00    9.38
02:43:22 PM    7   73.12    0.00   18.28    0.00    0.00    0.00    0.00    0.00    0.00    8.60
02:43:22 PM    8   74.74    0.00   16.84    0.00    0.00    0.00    0.00    0.00    0.00    8.42
02:43:22 PM    9   75.00    0.00   16.67    0.00    0.00    0.00    0.00    0.00    0.00    8.33
02:43:22 PM   10   73.12    0.00   17.20    0.00    0.00    0.00    0.00    0.00    0.00    9.68
02:43:22 PM   11   72.63    0.00   17.89    0.00    0.00    0.00    0.00    0.00    0.00    9.47
02:43:22 PM   12   73.68    0.00   16.84    0.00    0.00    0.00    0.00    0.00    0.00    9.47
02:43:22 PM   13   73.40    0.00   17.02    0.00    0.00    0.00    0.00    0.00    0.00    9.57
02:43:22 PM   14   74.47    0.00   17.02    0.00    0.00    0.00    0.00    0.00    0.00    8.51
02:43:22 PM   15   71.88    0.00   19.79    0.00    0.00    0.00    0.00    0.00    0.00    8.33
02:43:22 PM   16   72.34    0.00   17.02    0.00    0.00    0.00    0.00    0.00    0.00   10.64
02:43:22 PM   17   74.19    0.00   17.20    0.00    0.00    0.00    0.00    0.00    0.00    8.60
02:43:22 PM   18   75.79    0.00   15.79    0.00    0.00    0.00    0.00    0.00    0.00    8.42
02:43:22 PM   19   72.63    0.00   17.89    0.00    0.00    0.00    0.00    0.00    0.00    9.47
02:43:22 PM   20   75.79    0.00   16.84    0.00    0.00    0.00    0.00    0.00    0.00    7.37
02:43:22 PM   21   75.53    0.00   15.96    0.00    0.00    0.00    0.00    0.00    0.00    8.51
02:43:22 PM   22   73.68    0.00   17.89    0.00    0.00    0.00    0.00    0.00    0.00    8.42
02:43:22 PM   23   74.74    0.00   16.84    0.00    0.00    0.00    0.00    0.00    0.00    8.42
02:43:22 PM   24   71.58    0.00   18.95    1.05    0.00    0.00    0.00    0.00    0.00    8.42
02:43:22 PM   25   75.79    0.00   15.79    0.00    0.00    0.00    0.00    0.00    0.00    8.42
02:43:22 PM   26   72.63    0.00   18.95    0.00    0.00    0.00    0.00    0.00    0.00    8.42
02:43:22 PM   27   74.47    0.00   15.96    0.00    0.00    0.00    0.00    0.00    0.00    9.57
02:43:22 PM   28   74.19    0.00   17.20    0.00    0.00    0.00    0.00    0.00    0.00    8.60
02:43:22 PM   29   73.40    0.00   18.09    1.06    0.00    0.00    0.00    0.00    0.00    7.45
02:43:22 PM   30   71.88    0.00   19.79    0.00    0.00    0.00    0.00    0.00    0.00    8.33
02:43:22 PM   31   74.47    0.00   17.02    0.00    0.00    0.00    0.00    0.00    0.00    8.51
02:43:22 PM   32   75.00    0.00   16.67    0.00    0.00    0.00    0.00    0.00    0.00    8.33
02:43:22 PM   33   77.89    0.00   16.84    0.00    0.00    0.00    0.00    0.00    0.00    5.26
02:43:22 PM   34   75.27    0.00   17.20    0.00    0.00    0.00    0.00    0.00    0.00    7.53
02:43:22 PM   35   72.83    0.00   19.57    0.00    0.00    0.00    0.00    0.00    0.00    7.61
02:43:22 PM   36   74.74    0.00   16.84    0.00    0.00    0.00    0.00    0.00    0.00    8.42
02:43:22 PM   37   72.63    0.00   18.95    0.00    0.00    0.00    0.00    0.00    0.00    8.42
02:43:22 PM   38   71.13    0.00   18.56    1.03    0.00    0.00    0.00    0.00    0.00    9.28
02:43:22 PM   39   72.63    0.00   17.89    1.05    0.00    0.00    0.00    0.00    0.00    8.42
02:43:22 PM   40   73.96    0.00   16.67    0.00    0.00    0.00    0.00    0.00    0.00    9.38
02:43:22 PM   41   72.63    0.00   17.89    1.05    0.00    0.00    0.00    0.00    0.00    8.42
02:43:22 PM   42   76.84    0.00   13.68    1.05    0.00    0.00    0.00    0.00    0.00    8.42
02:43:22 PM   43   72.34    0.00   18.09    0.00    0.00    0.00    0.00    0.00    0.00    9.57
02:43:22 PM   44   72.16    0.00   19.59    0.00    0.00    0.00    0.00    0.00    0.00    8.25
02:43:22 PM   45   74.47    0.00   17.02    0.00    0.00    0.00    0.00    0.00    0.00    8.51
02:43:22 PM   46   74.23    0.00   16.49    0.00    0.00    0.00    0.00    0.00    0.00    9.28
02:43:22 PM   47   72.63    0.00   17.89    0.00    0.00    0.00    0.00    0.00    0.00    9.47
02:43:22 PM   48   75.00    0.00   16.67    0.00    0.00    0.00    0.00    0.00    0.00    8.33
02:43:22 PM   49   71.58    0.00   20.00    0.00    0.00    0.00    0.00    0.00    0.00    8.42
02:43:22 PM   50   72.92    0.00   17.71    1.04    0.00    0.00    0.00    0.00    0.00    8.33
02:43:22 PM   51   72.16    0.00   19.59    0.00    0.00    0.00    0.00    0.00    0.00    8.25
02:43:22 PM   52   74.19    0.00   17.20    0.00    0.00    0.00    0.00    0.00    0.00    8.60
02:43:22 PM   53   74.47    0.00   17.02    0.00    0.00    0.00    0.00    0.00    0.00    8.51
02:43:22 PM   54   72.63    0.00   18.95    0.00    0.00    0.00    0.00    0.00    0.00    8.42
02:43:22 PM   55   71.13    0.00   19.59    0.00    0.00    0.00    0.00    0.00    0.00    9.28
02:43:22 PM   56   72.45    0.00   16.33    1.02    0.00    0.00    0.00    0.00    0.00   10.20
02:43:22 PM   57   71.58    0.00   18.95    0.00    0.00    0.00    0.00    0.00    0.00    9.47
02:43:22 PM   58   73.68    0.00   16.84    0.00    0.00    0.00    0.00    0.00    0.00    9.47
02:43:22 PM   59   72.04    0.00   18.28    0.00    0.00    0.00    0.00    0.00    0.00    9.68
02:43:22 PM   60   73.96    0.00   17.71    0.00    0.00    0.00    0.00    0.00    0.00    8.33
02:43:22 PM   61   70.83    0.00   19.79    1.04    0.00    0.00    0.00    0.00    0.00    8.33
02:43:22 PM   62   75.00    0.00   16.67    1.04    0.00    0.00    0.00    0.00    0.00    7.29
02:43:22 PM   63   74.47    0.00   17.02    0.00    0.00    0.00    0.00    0.00    0.00    8.51
02:43:22 PM   64   72.63    0.00   18.95    0.00    0.00    0.00    0.00    0.00    0.00    8.42
02:43:22 PM   65   74.74    0.00   16.84    0.00    0.00    0.00    0.00    0.00    0.00    8.42
02:43:22 PM   66   73.96    0.00   17.71    0.00    0.00    0.00    0.00    0.00    0.00    8.33
02:43:22 PM   67   73.96    0.00   17.71    0.00    0.00    0.00    0.00    0.00    0.00    8.33
02:43:22 PM   68   72.92    0.00   17.71    1.04    0.00    0.00    0.00    0.00    0.00    8.33
02:43:22 PM   69   74.47    0.00   17.02    0.00    0.00    0.00    0.00    0.00    0.00    8.51
02:43:22 PM   70   72.92    0.00   18.75    0.00    0.00    0.00    0.00    0.00    0.00    8.33
02:43:22 PM   71   74.47    0.00   17.02    0.00    0.00    0.00    0.00    0.00    0.00    8.51
02:43:22 PM   72   72.83    0.00   18.48    0.00    0.00    0.00    0.00    0.00    0.00    8.70
02:43:22 PM   73   71.58    0.00   18.95    0.00    0.00    0.00    0.00    0.00    0.00    9.47
02:43:22 PM   74   73.96    0.00   17.71    0.00    0.00    0.00    0.00    0.00    0.00    8.33
02:43:22 PM   75   73.40    0.00   18.09    0.00    0.00    0.00    0.00    0.00    0.00    8.51
02:43:22 PM   76   72.04    0.00   19.35    0.00    0.00    0.00    0.00    0.00    0.00    8.60
02:43:22 PM   77   74.47    0.00   17.02    0.00    0.00    0.00    0.00    0.00    0.00    8.51
02:43:22 PM   78   74.19    0.00   17.20    0.00    0.00    0.00    0.00    0.00    0.00    8.60
02:43:22 PM   79   75.00    0.00   17.71    0.00    0.00    0.00    0.00    0.00    0.00    7.29

02:43:31 PM  CPU    %usr   %nice    %sys %iowait    %irq   %soft  %steal  %guest  %gnice   %idle
02:43:32 PM  all   72.16    0.00   18.05    0.18    0.00    0.00    0.00    0.00    0.00    9.61
02:43:32 PM    0   71.58    0.00   18.95    0.00    0.00    0.00    0.00    0.00    0.00    9.47
02:43:32 PM    1   76.04    0.00   18.75    0.00    0.00    0.00    0.00    0.00    0.00    5.21
02:43:32 PM    2   73.20    0.00   16.49    1.03    0.00    0.00    0.00    0.00    0.00    9.28
02:43:32 PM    3   75.53    0.00   14.89    0.00    0.00    0.00    0.00    0.00    0.00    9.57
02:43:32 PM    4   72.92    0.00   16.67    0.00    0.00    0.00    0.00    0.00    0.00   10.42
02:43:32 PM    5   70.21    0.00   19.15    0.00    0.00    0.00    0.00    0.00    0.00   10.64
02:43:32 PM    6   72.63    0.00   17.89    0.00    0.00    0.00    0.00    0.00    0.00    9.47
02:43:32 PM    7   73.96    0.00   16.67    0.00    0.00    0.00    0.00    0.00    0.00    9.38
02:43:32 PM    8   73.40    0.00   17.02    0.00    0.00    0.00    0.00    0.00    0.00    9.57
02:43:32 PM    9   73.40    0.00   17.02    0.00    0.00    0.00    0.00    0.00    0.00    9.57
02:43:32 PM   10   71.28    0.00   18.09    0.00    0.00    0.00    0.00    0.00    0.00   10.64
02:43:32 PM   11   71.58    0.00   17.89    1.05    0.00    0.00    0.00    0.00    0.00    9.47
02:43:32 PM   12   69.79    0.00   18.75    0.00    0.00    0.00    0.00    0.00    0.00   11.46
02:43:32 PM   13   72.63    0.00   17.89    0.00    0.00    0.00    0.00    0.00    0.00    9.47
02:43:32 PM   14   71.58    0.00   17.89    0.00    0.00    0.00    0.00    0.00    0.00   10.53
02:43:32 PM   15   71.58    0.00   17.89    0.00    0.00    0.00    0.00    0.00    0.00   10.53
02:43:32 PM   16   72.34    0.00   17.02    0.00    0.00    0.00    0.00    0.00    0.00   10.64
02:43:32 PM   17   69.47    0.00   18.95    1.05    0.00    0.00    0.00    0.00    0.00   10.53
02:43:32 PM   18   69.07    0.00   20.62    0.00    0.00    0.00    0.00    0.00    0.00   10.31
02:43:32 PM   19   69.47    0.00   18.95    0.00    0.00    0.00    0.00    0.00    0.00   11.58
02:43:32 PM   20   74.74    0.00   16.84    0.00    0.00    0.00    0.00    0.00    0.00    8.42
02:43:32 PM   21   71.58    0.00   20.00    0.00    0.00    0.00    0.00    0.00    0.00    8.42
02:43:32 PM   22   72.16    0.00   17.53    0.00    0.00    0.00    0.00    0.00    0.00   10.31
02:43:32 PM   23   72.92    0.00   17.71    0.00    0.00    0.00    0.00    0.00    0.00    9.38
02:43:32 PM   24   70.83    0.00   19.79    0.00    0.00    0.00    0.00    0.00    0.00    9.38
02:43:32 PM   25   70.83    0.00   19.79    0.00    0.00    0.00    0.00    0.00    0.00    9.38
02:43:32 PM   26   71.58    0.00   18.95    0.00    0.00    0.00    0.00    0.00    0.00    9.47
02:43:32 PM   27   72.16    0.00   17.53    1.03    0.00    0.00    0.00    0.00    0.00    9.28
02:43:32 PM   28   75.00    0.00   15.62    0.00    0.00    0.00    0.00    0.00    0.00    9.38
02:43:32 PM   29   72.92    0.00   18.75    0.00    0.00    0.00    0.00    0.00    0.00    8.33
02:43:32 PM   30   72.63    0.00   18.95    0.00    0.00    0.00    0.00    0.00    0.00    8.42
02:43:32 PM   31   74.74    0.00   16.84    0.00    0.00    0.00    0.00    0.00    0.00    8.42
02:43:32 PM   32   72.34    0.00   18.09    0.00    0.00    0.00    0.00    0.00    0.00    9.57
02:43:32 PM   33   71.88    0.00   18.75    0.00    0.00    0.00    0.00    0.00    0.00    9.38
02:43:32 PM   34   72.63    0.00   17.89    0.00    0.00    0.00    0.00    0.00    0.00    9.47
02:43:32 PM   35   70.53    0.00   20.00    0.00    0.00    0.00    0.00    0.00    0.00    9.47
02:43:32 PM   36   72.92    0.00   17.71    0.00    0.00    0.00    0.00    0.00    0.00    9.38
02:43:32 PM   37   73.40    0.00   17.02    0.00    0.00    0.00    0.00    0.00    0.00    9.57
02:43:32 PM   38   72.16    0.00   18.56    0.00    0.00    0.00    0.00    0.00    0.00    9.28
02:43:32 PM   39   70.83    0.00   19.79    0.00    0.00    0.00    0.00    0.00    0.00    9.38
02:43:32 PM   40   69.79    0.00   19.79    0.00    0.00    0.00    0.00    0.00    0.00   10.42
02:43:32 PM   41   70.21    0.00   18.09    0.00    0.00    0.00    0.00    0.00    0.00   11.70
02:43:32 PM   42   72.34    0.00   18.09    0.00    0.00    0.00    0.00    0.00    0.00    9.57
02:43:32 PM   43   73.12    0.00   18.28    0.00    0.00    0.00    0.00    0.00    0.00    8.60
02:43:32 PM   44   71.13    0.00   17.53    0.00    0.00    0.00    0.00    0.00    0.00   11.34
02:43:32 PM   45   71.88    0.00   18.75    0.00    0.00    0.00    0.00    0.00    0.00    9.38
02:43:32 PM   46   72.34    0.00   17.02    0.00    0.00    0.00    0.00    0.00    0.00   10.64
02:43:32 PM   47   72.92    0.00   16.67    0.00    0.00    0.00    0.00    0.00    0.00   10.42
02:43:32 PM   48   73.40    0.00   17.02    0.00    0.00    0.00    0.00    0.00    0.00    9.57
02:43:32 PM   49   71.58    0.00   16.84    1.05    0.00    0.00    0.00    0.00    0.00   10.53
02:43:32 PM   50   71.58    0.00   17.89    0.00    0.00    0.00    0.00    0.00    0.00   10.53
02:43:32 PM   51   72.63    0.00   16.84    0.00    0.00    0.00    0.00    0.00    0.00   10.53
02:43:32 PM   52   69.79    0.00   18.75    1.04    0.00    0.00    0.00    0.00    0.00   10.42
02:43:32 PM   53   73.40    0.00   15.96    0.00    0.00    0.00    0.00    0.00    0.00   10.64
02:43:32 PM   54   70.83    0.00   17.71    0.00    0.00    0.00    0.00    0.00    0.00   11.46
02:43:32 PM   55   73.40    0.00   17.02    0.00    0.00    0.00    0.00    0.00    0.00    9.57
02:43:32 PM   56   68.09    0.00   20.21    0.00    0.00    0.00    0.00    0.00    0.00   11.70
02:43:32 PM   57   74.74    0.00   15.79    1.05    0.00    0.00    0.00    0.00    0.00    8.42
02:43:32 PM   58   74.19    0.00   16.13    0.00    0.00    0.00    0.00    0.00    0.00    9.68
02:43:32 PM   59   72.63    0.00   16.84    0.00    0.00    0.00    0.00    0.00    0.00   10.53
02:43:32 PM   60   71.88    0.00   18.75    0.00    0.00    0.00    0.00    0.00    0.00    9.38
02:43:32 PM   61   72.92    0.00   18.75    0.00    0.00    0.00    0.00    0.00    0.00    8.33
02:43:32 PM   62   69.39    0.00   20.41    1.02    0.00    0.00    0.00    0.00    0.00    9.18
02:43:32 PM   63   72.63    0.00   17.89    0.00    0.00    0.00    0.00    0.00    0.00    9.47
02:43:32 PM   64   75.00    0.00   14.58    1.04    0.00    0.00    0.00    0.00    0.00    9.38
02:43:32 PM   65   72.92    0.00   17.71    0.00    0.00    0.00    0.00    0.00    0.00    9.38
02:43:32 PM   66   72.63    0.00   17.89    1.05    0.00    0.00    0.00    0.00    0.00    8.42
02:43:32 PM   67   72.92    0.00   18.75    0.00    0.00    0.00    0.00    0.00    0.00    8.33
02:43:32 PM   68   72.92    0.00   17.71    1.04    0.00    0.00    0.00    0.00    0.00    8.33
02:43:32 PM   69   72.63    0.00   17.89    0.00    0.00    0.00    0.00    0.00    0.00    9.47
02:43:32 PM   70   72.63    0.00   18.95    0.00    0.00    0.00    0.00    0.00    0.00    8.42
02:43:32 PM   71   72.16    0.00   17.53    1.03    0.00    0.00    0.00    0.00    0.00    9.28
02:43:32 PM   72   70.83    0.00   19.79    0.00    0.00    0.00    0.00    0.00    0.00    9.38
02:43:32 PM   73   72.16    0.00   17.53    1.03    0.00    0.00    0.00    0.00    0.00    9.28
02:43:32 PM   74   71.88    0.00   18.75    0.00    0.00    0.00    0.00    0.00    0.00    9.38
02:43:32 PM   75   70.53    0.00   20.00    1.05    0.00    0.00    0.00    0.00    0.00    8.42
02:43:32 PM   76   71.88    0.00   18.75    0.00    0.00    0.00    0.00    0.00    0.00    9.38
02:43:32 PM   77   70.83    0.00   19.79    0.00    0.00    0.00    0.00    0.00    0.00    9.38
02:43:32 PM   78   71.88    0.00   18.75    0.00    0.00    0.00    0.00    0.00    0.00    9.38
02:43:32 PM   79   71.88    0.00   18.75    0.00    0.00    0.00    0.00    0.00    0.00    9.38

02:43:41 PM  CPU    %usr   %nice    %sys %iowait    %irq   %soft  %steal  %guest  %gnice   %idle
02:43:42 PM  all   72.56    0.00   18.79    0.21    0.00    0.00    0.00    0.00    0.00    8.44
02:43:42 PM    0   74.47    0.00   17.02    0.00    0.00    0.00    0.00    0.00    0.00    8.51
02:43:42 PM    1   72.63    0.00   17.89    1.05    0.00    0.00    0.00    0.00    0.00    8.42
02:43:42 PM    2   71.58    0.00   20.00    0.00    0.00    0.00    0.00    0.00    0.00    8.42
02:43:42 PM    3   73.40    0.00   17.02    0.00    0.00    0.00    0.00    0.00    0.00    9.57
02:43:42 PM    4   72.63    0.00   17.89    1.05    0.00    0.00    0.00    0.00    0.00    8.42
02:43:42 PM    5   76.04    0.00   15.62    0.00    0.00    0.00    0.00    0.00    0.00    8.33
02:43:42 PM    6   73.68    0.00   17.89    0.00    0.00    0.00    0.00    0.00    0.00    8.42
02:43:42 PM    7   70.21    0.00   20.21    0.00    0.00    0.00    0.00    0.00    0.00    9.57
02:43:42 PM    8   71.88    0.00   19.79    0.00    0.00    0.00    0.00    0.00    0.00    8.33
02:43:42 PM    9   71.58    0.00   20.00    0.00    0.00    0.00    0.00    0.00    0.00    8.42
02:43:42 PM   10   73.68    0.00   17.89    0.00    0.00    0.00    0.00    0.00    0.00    8.42
02:43:42 PM   11   71.28    0.00   20.21    0.00    0.00    0.00    0.00    0.00    0.00    8.51
02:43:42 PM   12   75.00    0.00   16.67    0.00    0.00    0.00    0.00    0.00    0.00    8.33
02:43:42 PM   13   73.20    0.00   17.53    0.00    0.00    0.00    0.00    0.00    0.00    9.28
02:43:42 PM   14   73.68    0.00   17.89    0.00    0.00    0.00    0.00    0.00    0.00    8.42
02:43:42 PM   15   72.63    0.00   18.95    0.00    0.00    0.00    0.00    0.00    0.00    8.42
02:43:42 PM   16   73.40    0.00   18.09    0.00    0.00    0.00    0.00    0.00    0.00    8.51
02:43:42 PM   17   73.40    0.00   19.15    0.00    0.00    0.00    0.00    0.00    0.00    7.45
02:43:42 PM   18   71.88    0.00   18.75    0.00    0.00    0.00    0.00    0.00    0.00    9.38
02:43:42 PM   19   71.13    0.00   19.59    1.03    0.00    0.00    0.00    0.00    0.00    8.25
02:43:42 PM   20   71.88    0.00   18.75    1.04    0.00    0.00    0.00    0.00    0.00    8.33
02:43:42 PM   21   74.74    0.00   16.84    1.05    0.00    0.00    0.00    0.00    0.00    7.37
02:43:42 PM   22   72.04    0.00   19.35    0.00    0.00    0.00    0.00    0.00    0.00    8.60
02:43:42 PM   23   73.12    0.00   18.28    0.00    0.00    0.00    0.00    0.00    0.00    8.60
02:43:42 PM   24   70.83    0.00   19.79    1.04    0.00    0.00    0.00    0.00    0.00    8.33
02:43:42 PM   25   69.79    0.00   20.83    1.04    0.00    0.00    0.00    0.00    0.00    8.33
02:43:42 PM   26   72.63    0.00   17.89    0.00    0.00    0.00    0.00    0.00    0.00    9.47
02:43:42 PM   27   71.88    0.00   18.75    0.00    0.00    0.00    0.00    0.00    0.00    9.38
02:43:42 PM   28   70.10    0.00   20.62    1.03    0.00    0.00    0.00    0.00    0.00    8.25
02:43:42 PM   29   71.58    0.00   20.00    0.00    0.00    0.00    0.00    0.00    0.00    8.42
02:43:42 PM   30   71.88    0.00   19.79    0.00    0.00    0.00    0.00    0.00    0.00    8.33
02:43:42 PM   31   70.21    0.00   21.28    0.00    0.00    0.00    0.00    0.00    0.00    8.51
02:43:42 PM   32   71.88    0.00   19.79    1.04    0.00    0.00    0.00    0.00    0.00    7.29
02:43:42 PM   33   73.12    0.00   18.28    0.00    0.00    0.00    0.00    0.00    0.00    8.60
02:43:42 PM   34   73.74    0.00   17.17    0.00    0.00    0.00    0.00    0.00    0.00    9.09
02:43:42 PM   35   71.88    0.00   19.79    1.04    0.00    0.00    0.00    0.00    0.00    7.29
02:43:42 PM   36   74.23    0.00   20.62    0.00    0.00    0.00    0.00    0.00    0.00    5.15
02:43:42 PM   37   71.58    0.00   20.00    0.00    0.00    0.00    0.00    0.00    0.00    8.42
02:43:42 PM   38   71.58    0.00   20.00    0.00    0.00    0.00    0.00    0.00    0.00    8.42
02:43:42 PM   39   70.53    0.00   21.05    0.00    0.00    0.00    0.00    0.00    0.00    8.42
02:43:42 PM   40   73.96    0.00   18.75    0.00    0.00    0.00    0.00    0.00    0.00    7.29
02:43:42 PM   41   73.12    0.00   18.28    0.00    0.00    0.00    0.00    0.00    0.00    8.60
02:43:42 PM   42   74.74    0.00   16.84    0.00    0.00    0.00    0.00    0.00    0.00    8.42
02:43:42 PM   43   73.68    0.00   17.89    0.00    0.00    0.00    0.00    0.00    0.00    8.42
02:43:42 PM   44   72.04    0.00   19.35    0.00    0.00    0.00    0.00    0.00    0.00    8.60
02:43:42 PM   45   73.40    0.00   18.09    0.00    0.00    0.00    0.00    0.00    0.00    8.51
02:43:42 PM   46   72.04    0.00   19.35    0.00    0.00    0.00    0.00    0.00    0.00    8.60
02:43:42 PM   47   73.96    0.00   17.71    0.00    0.00    0.00    0.00    0.00    0.00    8.33
02:43:42 PM   48   74.74    0.00   16.84    0.00    0.00    0.00    0.00    0.00    0.00    8.42
02:43:42 PM   49   71.88    0.00   18.75    0.00    0.00    0.00    0.00    0.00    0.00    9.38
02:43:42 PM   50   70.10    0.00   21.65    0.00    0.00    0.00    0.00    0.00    0.00    8.25
02:43:42 PM   51   72.45    0.00   18.37    0.00    0.00    0.00    0.00    0.00    0.00    9.18
02:43:42 PM   52   72.34    0.00   19.15    0.00    0.00    0.00    0.00    0.00    0.00    8.51
02:43:42 PM   53   74.47    0.00   17.02    0.00    0.00    0.00    0.00    0.00    0.00    8.51
02:43:42 PM   54   72.34    0.00   19.15    0.00    0.00    0.00    0.00    0.00    0.00    8.51
02:43:42 PM   55   70.53    0.00   21.05    0.00    0.00    0.00    0.00    0.00    0.00    8.42
02:43:42 PM   56   74.47    0.00   17.02    0.00    0.00    0.00    0.00    0.00    0.00    8.51
02:43:42 PM   57   71.43    0.00   19.39    1.02    0.00    0.00    0.00    0.00    0.00    8.16
02:43:42 PM   58   71.88    0.00   18.75    1.04    0.00    0.00    0.00    0.00    0.00    8.33
02:43:42 PM   59   73.68    0.00   16.84    1.05    0.00    0.00    0.00    0.00    0.00    8.42
02:43:42 PM   60   74.47    0.00   18.09    0.00    0.00    0.00    0.00    0.00    0.00    7.45
02:43:42 PM   61   72.16    0.00   19.59    0.00    0.00    0.00    0.00    0.00    0.00    8.25
02:43:42 PM   62   74.74    0.00   16.84    0.00    0.00    0.00    0.00    0.00    0.00    8.42
02:43:42 PM   63   72.63    0.00   18.95    0.00    0.00    0.00    0.00    0.00    0.00    8.42
02:43:42 PM   64   73.68    0.00   17.89    1.05    0.00    0.00    0.00    0.00    0.00    7.37
02:43:42 PM   65   73.40    0.00   18.09    0.00    0.00    0.00    0.00    0.00    0.00    8.51
02:43:42 PM   66   71.88    0.00   18.75    0.00    0.00    0.00    0.00    0.00    0.00    9.38
02:43:42 PM   67   74.47    0.00   17.02    0.00    0.00    0.00    0.00    0.00    0.00    8.51
02:43:42 PM   68   71.28    0.00   20.21    0.00    0.00    0.00    0.00    0.00    0.00    8.51
02:43:42 PM   69   72.63    0.00   18.95    0.00    0.00    0.00    0.00    0.00    0.00    8.42
02:43:42 PM   70   74.74    0.00   16.84    0.00    0.00    0.00    0.00    0.00    0.00    8.42
02:43:42 PM   71   71.43    0.00   19.78    0.00    0.00    0.00    0.00    0.00    0.00    8.79
02:43:42 PM   72   71.28    0.00   20.21    0.00    0.00    0.00    0.00    0.00    0.00    8.51
02:43:42 PM   73   69.89    0.00   19.35    1.08    0.00    0.00    0.00    0.00    0.00    9.68
02:43:42 PM   74   74.19    0.00   17.20    0.00    0.00    0.00    0.00    0.00    0.00    8.60
02:43:42 PM   75   72.34    0.00   20.21    0.00    0.00    0.00    0.00    0.00    0.00    7.45
02:43:42 PM   76   73.20    0.00   18.56    0.00    0.00    0.00    0.00    0.00    0.00    8.25
02:43:42 PM   77   70.21    0.00   20.21    1.06    0.00    0.00    0.00    0.00    0.00    8.51
02:43:42 PM   78   69.89    0.00   20.43    0.00    0.00    0.00    0.00    0.00    0.00    9.68
02:43:42 PM   79   72.63    0.00   18.95    0.00    0.00    0.00    0.00    0.00    0.00    8.42

02:43:51 PM  CPU    %usr   %nice    %sys %iowait    %irq   %soft  %steal  %guest  %gnice   %idle
02:43:52 PM  all   72.08    0.00   18.80    0.28    0.00    0.00    0.00    0.00    0.00    8.84
02:43:52 PM    0   74.47    0.00   15.96    1.06    0.00    0.00    0.00    0.00    0.00    8.51
02:43:52 PM    1   70.83    0.00   20.83    0.00    0.00    0.00    0.00    0.00    0.00    8.33
02:43:52 PM    2   69.15    0.00   21.28    0.00    0.00    0.00    0.00    0.00    0.00    9.57
02:43:52 PM    3   72.63    0.00   17.89    1.05    0.00    0.00    0.00    0.00    0.00    8.42
02:43:52 PM    4   70.97    0.00   19.35    0.00    0.00    0.00    0.00    0.00    0.00    9.68
02:43:52 PM    5   71.28    0.00   19.15    0.00    0.00    0.00    0.00    0.00    0.00    9.57
02:43:52 PM    6   71.88    0.00   18.75    0.00    0.00    0.00    0.00    0.00    0.00    9.38
02:43:52 PM    7   67.37    0.00   22.11    0.00    0.00    0.00    0.00    0.00    0.00   10.53
02:43:52 PM    8   73.68    0.00   16.84    1.05    0.00    0.00    0.00    0.00    0.00    8.42
02:43:52 PM    9   71.13    0.00   19.59    0.00    0.00    0.00    0.00    0.00    0.00    9.28
02:43:52 PM   10   70.53    0.00   20.00    0.00    0.00    0.00    0.00    0.00    0.00    9.47
02:43:52 PM   11   75.79    0.00   15.79    0.00    0.00    0.00    0.00    0.00    0.00    8.42
02:43:52 PM   12   74.74    0.00   16.84    0.00    0.00    0.00    0.00    0.00    0.00    8.42
02:43:52 PM   13   72.63    0.00   18.95    0.00    0.00    0.00    0.00    0.00    0.00    8.42
02:43:52 PM   14   72.34    0.00   19.15    0.00    0.00    0.00    0.00    0.00    0.00    8.51
02:43:52 PM   15   72.63    0.00   18.95    0.00    0.00    0.00    0.00    0.00    0.00    8.42
02:43:52 PM   16   75.00    0.00   15.62    0.00    0.00    0.00    0.00    0.00    0.00    9.38
02:43:52 PM   17   71.13    0.00   18.56    1.03    0.00    0.00    0.00    0.00    0.00    9.28
02:43:52 PM   18   70.10    0.00   19.59    1.03    0.00    0.00    0.00    0.00    0.00    9.28
02:43:52 PM   19   72.63    0.00   16.84    0.00    0.00    0.00    0.00    0.00    0.00   10.53
02:43:52 PM   20   73.68    0.00   17.89    0.00    0.00    0.00    0.00    0.00    0.00    8.42
02:43:52 PM   21   77.08    0.00   18.75    0.00    0.00    0.00    0.00    0.00    0.00    4.17
02:43:52 PM   22   72.63    0.00   17.89    0.00    0.00    0.00    0.00    0.00    0.00    9.47
02:43:52 PM   23   72.92    0.00   17.71    0.00    0.00    0.00    0.00    0.00    0.00    9.38
02:43:52 PM   24   72.63    0.00   18.95    0.00    0.00    0.00    0.00    0.00    0.00    8.42
02:43:52 PM   25   72.34    0.00   18.09    1.06    0.00    0.00    0.00    0.00    0.00    8.51
02:43:52 PM   26   72.34    0.00   19.15    0.00    0.00    0.00    0.00    0.00    0.00    8.51
02:43:52 PM   27   70.53    0.00   20.00    1.05    0.00    0.00    0.00    0.00    0.00    8.42
02:43:52 PM   28   71.88    0.00   19.79    0.00    0.00    0.00    0.00    0.00    0.00    8.33
02:43:52 PM   29   72.34    0.00   18.09    1.06    0.00    0.00    0.00    0.00    0.00    8.51
02:43:52 PM   30   71.58    0.00   20.00    0.00    0.00    0.00    0.00    0.00    0.00    8.42
02:43:52 PM   31   72.92    0.00   18.75    0.00    0.00    0.00    0.00    0.00    0.00    8.33
02:43:52 PM   32   73.68    0.00   17.89    0.00    0.00    0.00    0.00    0.00    0.00    8.42
02:43:52 PM   33   72.63    0.00   18.95    0.00    0.00    0.00    0.00    0.00    0.00    8.42
02:43:52 PM   34   70.83    0.00   19.79    1.04    0.00    0.00    0.00    0.00    0.00    8.33
02:43:52 PM   35   72.63    0.00   17.89    0.00    0.00    0.00    0.00    0.00    0.00    9.47
02:43:52 PM   36   72.92    0.00   18.75    1.04    0.00    0.00    0.00    0.00    0.00    7.29
02:43:52 PM   37   72.63    0.00   17.89    0.00    0.00    0.00    0.00    0.00    0.00    9.47
02:43:52 PM   38   74.19    0.00   17.20    0.00    0.00    0.00    0.00    0.00    0.00    8.60
02:43:52 PM   39   73.12    0.00   18.28    0.00    0.00    0.00    0.00    0.00    0.00    8.60
02:43:52 PM   40   70.83    0.00   18.75    1.04    0.00    0.00    0.00    0.00    0.00    9.38
02:43:52 PM   41   72.83    0.00   18.48    0.00    0.00    0.00    0.00    0.00    0.00    8.70
02:43:52 PM   42   71.58    0.00   18.95    0.00    0.00    0.00    0.00    0.00    0.00    9.47
02:43:52 PM   43   70.53    0.00   20.00    1.05    0.00    0.00    0.00    0.00    0.00    8.42
02:43:52 PM   44   72.34    0.00   19.15    0.00    0.00    0.00    0.00    0.00    0.00    8.51
02:43:52 PM   45   71.28    0.00   19.15    0.00    0.00    0.00    0.00    0.00    0.00    9.57
02:43:52 PM   46   72.34    0.00   18.09    0.00    0.00    0.00    0.00    0.00    0.00    9.57
02:43:52 PM   47   68.75    0.00   20.83    1.04    0.00    0.00    0.00    0.00    0.00    9.38
02:43:52 PM   48   71.58    0.00   18.95    0.00    0.00    0.00    0.00    0.00    0.00    9.47
02:43:52 PM   49   70.53    0.00   20.00    1.05    0.00    0.00    0.00    0.00    0.00    8.42
02:43:52 PM   50   72.04    0.00   18.28    0.00    0.00    0.00    0.00    0.00    0.00    9.68
02:43:52 PM   51   70.53    0.00   20.00    0.00    0.00    0.00    0.00    0.00    0.00    9.47
02:43:52 PM   52   72.16    0.00   18.56    0.00    0.00    0.00    0.00    0.00    0.00    9.28
02:43:52 PM   53   70.53    0.00   20.00    0.00    0.00    0.00    0.00    0.00    0.00    9.47
02:43:52 PM   54   73.12    0.00   17.20    0.00    0.00    0.00    0.00    0.00    0.00    9.68
02:43:52 PM   55   73.12    0.00   16.13    1.08    0.00    0.00    0.00    0.00    0.00    9.68
02:43:52 PM   56   69.79    0.00   20.83    0.00    0.00    0.00    0.00    0.00    0.00    9.38
02:43:52 PM   57   71.88    0.00   18.75    1.04    0.00    0.00    0.00    0.00    0.00    8.33
02:43:52 PM   58   72.63    0.00   17.89    0.00    0.00    0.00    0.00    0.00    0.00    9.47
02:43:52 PM   59   70.83    0.00   19.79    1.04    0.00    0.00    0.00    0.00    0.00    8.33
02:43:52 PM   60   71.88    0.00   19.79    0.00    0.00    0.00    0.00    0.00    0.00    8.33
02:43:52 PM   61   71.13    0.00   19.59    0.00    0.00    0.00    0.00    0.00    0.00    9.28
02:43:52 PM   62   72.34    0.00   19.15    0.00    0.00    0.00    0.00    0.00    0.00    8.51
02:43:52 PM   63   70.83    0.00   19.79    1.04    0.00    0.00    0.00    0.00    0.00    8.33
02:43:52 PM   64   72.63    0.00   17.89    0.00    0.00    0.00    0.00    0.00    0.00    9.47
02:43:52 PM   65   73.40    0.00   17.02    0.00    0.00    0.00    0.00    0.00    0.00    9.57
02:43:52 PM   66   70.53    0.00   20.00    0.00    0.00    0.00    0.00    0.00    0.00    9.47
02:43:52 PM   67   72.92    0.00   18.75    0.00    0.00    0.00    0.00    0.00    0.00    8.33
02:43:52 PM   68   69.89    0.00   21.51    0.00    0.00    0.00    0.00    0.00    0.00    8.60
02:43:52 PM   69   72.63    0.00   20.00    0.00    0.00    0.00    0.00    0.00    0.00    7.37
02:43:52 PM   70   72.63    0.00   18.95    0.00    0.00    0.00    0.00    0.00    0.00    8.42
02:43:52 PM   71   71.88    0.00   18.75    0.00    0.00    0.00    0.00    0.00    0.00    9.38
02:43:52 PM   72   71.88    0.00   19.79    0.00    0.00    0.00    0.00    0.00    0.00    8.33
02:43:52 PM   73   73.40    0.00   18.09    0.00    0.00    0.00    0.00    0.00    0.00    8.51
02:43:52 PM   74   72.63    0.00   17.89    1.05    0.00    0.00    0.00    0.00    0.00    8.42
02:43:52 PM   75   71.58    0.00   18.95    0.00    0.00    0.00    0.00    0.00    0.00    9.47
02:43:52 PM   76   71.88    0.00   17.71    1.04    0.00    0.00    0.00    0.00    0.00    9.38
02:43:52 PM   77   72.63    0.00   18.95    0.00    0.00    0.00    0.00    0.00    0.00    8.42
02:43:52 PM   78   72.34    0.00   19.15    0.00    0.00    0.00    0.00    0.00    0.00    8.51
02:43:52 PM   79   72.16    0.00   18.56    1.03    0.00    0.00    0.00    0.00    0.00    8.25

02:44:01 PM  CPU    %usr   %nice    %sys %iowait    %irq   %soft  %steal  %guest  %gnice   %idle
02:44:02 PM  all   72.93    0.00   18.42    0.20    0.00    0.00    0.00    0.00    0.00    8.45
02:44:02 PM    0   73.68    0.00   17.89    0.00    0.00    0.00    0.00    0.00    0.00    8.42
02:44:02 PM    1   70.53    0.00   21.05    0.00    0.00    0.00    0.00    0.00    0.00    8.42
02:44:02 PM    2   71.43    0.00   19.39    0.00    0.00    0.00    0.00    0.00    0.00    9.18
02:44:02 PM    3   72.63    0.00   18.95    0.00    0.00    0.00    0.00    0.00    0.00    8.42
02:44:02 PM    4   73.20    0.00   17.53    1.03    0.00    0.00    0.00    0.00    0.00    8.25
02:44:02 PM    5   73.40    0.00   18.09    0.00    0.00    0.00    0.00    0.00    0.00    8.51
02:44:02 PM    6   75.79    0.00   15.79    0.00    0.00    0.00    0.00    0.00    0.00    8.42
02:44:02 PM    7   73.68    0.00   17.89    1.05    0.00    0.00    0.00    0.00    0.00    7.37
02:44:02 PM    8   74.23    0.00   17.53    0.00    0.00    0.00    0.00    0.00    0.00    8.25
02:44:02 PM    9   73.68    0.00   17.89    0.00    0.00    0.00    0.00    0.00    0.00    8.42
02:44:02 PM   10   75.00    0.00   16.67    0.00    0.00    0.00    0.00    0.00    0.00    8.33
02:44:02 PM   11   70.83    0.00   21.88    0.00    0.00    0.00    0.00    0.00    0.00    7.29
02:44:02 PM   12   76.84    0.00   14.74    0.00    0.00    0.00    0.00    0.00    0.00    8.42
02:44:02 PM   13   73.12    0.00   19.35    0.00    0.00    0.00    0.00    0.00    0.00    7.53
02:44:02 PM   14   74.47    0.00   17.02    0.00    0.00    0.00    0.00    0.00    0.00    8.51
02:44:02 PM   15   76.60    0.00   14.89    0.00    0.00    0.00    0.00    0.00    0.00    8.51
02:44:02 PM   16   72.63    0.00   18.95    0.00    0.00    0.00    0.00    0.00    0.00    8.42
02:44:02 PM   17   74.74    0.00   15.79    0.00    0.00    0.00    0.00    0.00    0.00    9.47
02:44:02 PM   18   71.88    0.00   19.79    0.00    0.00    0.00    0.00    0.00    0.00    8.33
02:44:02 PM   19   71.58    0.00   18.95    1.05    0.00    0.00    0.00    0.00    0.00    8.42
02:44:02 PM   20   72.92    0.00   18.75    0.00    0.00    0.00    0.00    0.00    0.00    8.33
02:44:02 PM   21   73.96    0.00   17.71    0.00    0.00    0.00    0.00    0.00    0.00    8.33
02:44:02 PM   22   71.13    0.00   19.59    0.00    0.00    0.00    0.00    0.00    0.00    9.28
02:44:02 PM   23   71.13    0.00   19.59    1.03    0.00    0.00    0.00    0.00    0.00    8.25
02:44:02 PM   24   72.04    0.00   19.35    0.00    0.00    0.00    0.00    0.00    0.00    8.60
02:44:02 PM   25   70.83    0.00   19.79    0.00    0.00    0.00    0.00    0.00    0.00    9.38
02:44:02 PM   26   72.63    0.00   18.95    0.00    0.00    0.00    0.00    0.00    0.00    8.42
02:44:02 PM   27   73.47    0.00   17.35    0.00    0.00    0.00    0.00    0.00    0.00    9.18
02:44:02 PM   28   72.63    0.00   18.95    0.00    0.00    0.00    0.00    0.00    0.00    8.42
02:44:02 PM   29   73.68    0.00   16.84    1.05    0.00    0.00    0.00    0.00    0.00    8.42
02:44:02 PM   30   72.63    0.00   17.89    1.05    0.00    0.00    0.00    0.00    0.00    8.42
02:44:02 PM   31   71.58    0.00   20.00    0.00    0.00    0.00    0.00    0.00    0.00    8.42
02:44:02 PM   32   72.34    0.00   19.15    0.00    0.00    0.00    0.00    0.00    0.00    8.51
02:44:02 PM   33   73.91    0.00   18.48    0.00    0.00    0.00    0.00    0.00    0.00    7.61
02:44:02 PM   34   73.68    0.00   17.89    1.05    0.00    0.00    0.00    0.00    0.00    7.37
02:44:02 PM   35   71.28    0.00   20.21    0.00    0.00    0.00    0.00    0.00    0.00    8.51
02:44:02 PM   36   73.40    0.00   18.09    0.00    0.00    0.00    0.00    0.00    0.00    8.51
02:44:02 PM   37   72.92    0.00   17.71    1.04    0.00    0.00    0.00    0.00    0.00    8.33
02:44:02 PM   38   72.04    0.00   18.28    0.00    0.00    0.00    0.00    0.00    0.00    9.68
02:44:02 PM   39   73.40    0.00   17.02    0.00    0.00    0.00    0.00    0.00    0.00    9.57
02:44:02 PM   40   72.04    0.00   19.35    0.00    0.00    0.00    0.00    0.00    0.00    8.60
02:44:02 PM   41   73.96    0.00   17.71    0.00    0.00    0.00    0.00    0.00    0.00    8.33
02:44:02 PM   42   73.12    0.00   18.28    0.00    0.00    0.00    0.00    0.00    0.00    8.60
02:44:02 PM   43   72.92    0.00   18.75    0.00    0.00    0.00    0.00    0.00    0.00    8.33
02:44:02 PM   44   73.40    0.00   19.15    0.00    0.00    0.00    0.00    0.00    0.00    7.45
02:44:02 PM   45   73.12    0.00   18.28    0.00    0.00    0.00    0.00    0.00    0.00    8.60
02:44:02 PM   46   74.74    0.00   16.84    0.00    0.00    0.00    0.00    0.00    0.00    8.42
02:44:02 PM   47   71.13    0.00   20.62    0.00    0.00    0.00    0.00    0.00    0.00    8.25
02:44:02 PM   48   73.40    0.00   17.02    0.00    0.00    0.00    0.00    0.00    0.00    9.57
02:44:02 PM   49   70.41    0.00   20.41    1.02    0.00    0.00    0.00    0.00    0.00    8.16
02:44:02 PM   50   72.16    0.00   18.56    1.03    0.00    0.00    0.00    0.00    0.00    8.25
02:44:02 PM   51   74.23    0.00   17.53    0.00    0.00    0.00    0.00    0.00    0.00    8.25
02:44:02 PM   52   72.16    0.00   18.56    1.03    0.00    0.00    0.00    0.00    0.00    8.25
02:44:02 PM   53   73.96    0.00   16.67    1.04    0.00    0.00    0.00    0.00    0.00    8.33
02:44:02 PM   54   74.74    0.00   16.84    0.00    0.00    0.00    0.00    0.00    0.00    8.42
02:44:02 PM   55   74.47    0.00   17.02    0.00    0.00    0.00    0.00    0.00    0.00    8.51
02:44:02 PM   56   72.04    0.00   19.35    0.00    0.00    0.00    0.00    0.00    0.00    8.60
02:44:02 PM   57   72.34    0.00   19.15    0.00    0.00    0.00    0.00    0.00    0.00    8.51
02:44:02 PM   58   70.10    0.00   20.62    1.03    0.00    0.00    0.00    0.00    0.00    8.25
02:44:02 PM   59   71.58    0.00   18.95    0.00    0.00    0.00    0.00    0.00    0.00    9.47
02:44:02 PM   60   73.96    0.00   17.71    0.00    0.00    0.00    0.00    0.00    0.00    8.33
02:44:02 PM   61   68.82    0.00   21.51    0.00    0.00    0.00    0.00    0.00    0.00    9.68
02:44:02 PM   62   75.79    0.00   18.95    0.00    0.00    0.00    0.00    0.00    0.00    5.26
02:44:02 PM   63   75.79    0.00   15.79    0.00    0.00    0.00    0.00    0.00    0.00    8.42
02:44:02 PM   64   71.58    0.00   18.95    1.05    0.00    0.00    0.00    0.00    0.00    8.42
02:44:02 PM   65   75.53    0.00   15.96    0.00    0.00    0.00    0.00    0.00    0.00    8.51
02:44:02 PM   66   71.58    0.00   20.00    0.00    0.00    0.00    0.00    0.00    0.00    8.42
02:44:02 PM   67   72.63    0.00   18.95    0.00    0.00    0.00    0.00    0.00    0.00    8.42
02:44:02 PM   68   72.63    0.00   18.95    0.00    0.00    0.00    0.00    0.00    0.00    8.42
02:44:02 PM   69   72.63    0.00   18.95    0.00    0.00    0.00    0.00    0.00    0.00    8.42
02:44:02 PM   70   72.92    0.00   17.71    1.04    0.00    0.00    0.00    0.00    0.00    8.33
02:44:02 PM   71   71.28    0.00   19.15    0.00    0.00    0.00    0.00    0.00    0.00    9.57
02:44:02 PM   72   72.92    0.00   17.71    0.00    0.00    0.00    0.00    0.00    0.00    9.38
02:44:02 PM   73   71.28    0.00   20.21    0.00    0.00    0.00    0.00    0.00    0.00    8.51
02:44:02 PM   74   73.40    0.00   18.09    0.00    0.00    0.00    0.00    0.00    0.00    8.51
02:44:02 PM   75   75.79    0.00   17.89    0.00    0.00    0.00    0.00    0.00    0.00    6.32
02:44:02 PM   76   70.83    0.00   20.83    0.00    0.00    0.00    0.00    0.00    0.00    8.33
02:44:02 PM   77   74.47    0.00   17.02    0.00    0.00    0.00    0.00    0.00    0.00    8.51
02:44:02 PM   78   70.21    0.00   19.15    0.00    0.00    0.00    0.00    0.00    0.00   10.64
02:44:02 PM   79   72.63    0.00   18.95    0.00    0.00    0.00    0.00    0.00    0.00    8.42

02:44:11 PM  CPU    %usr   %nice    %sys %iowait    %irq   %soft  %steal  %guest  %gnice   %idle
02:44:12 PM  all   73.34    0.00   18.69    0.16    0.00    0.01    0.00    0.00    0.00    7.81
02:44:12 PM    0   74.74    0.00   16.84    0.00    0.00    0.00    0.00    0.00    0.00    8.42
02:44:12 PM    1   74.74    0.00   17.89    0.00    0.00    0.00    0.00    0.00    0.00    7.37
02:44:12 PM    2   74.74    0.00   15.79    0.00    0.00    0.00    0.00    0.00    0.00    9.47
02:44:12 PM    3   73.96    0.00   17.71    0.00    0.00    0.00    0.00    0.00    0.00    8.33
02:44:12 PM    4   72.04    0.00   19.35    0.00    0.00    0.00    0.00    0.00    0.00    8.60
02:44:12 PM    5   72.92    0.00   18.75    0.00    0.00    0.00    0.00    0.00    0.00    8.33
02:44:12 PM    6   74.74    0.00   16.84    0.00    0.00    0.00    0.00    0.00    0.00    8.42
02:44:12 PM    7   73.40    0.00   18.09    0.00    0.00    0.00    0.00    0.00    0.00    8.51
02:44:12 PM    8   71.58    0.00   20.00    0.00    0.00    1.05    0.00    0.00    0.00    7.37
02:44:12 PM    9   74.47    0.00   17.02    0.00    0.00    0.00    0.00    0.00    0.00    8.51
02:44:12 PM   10   74.74    0.00   16.84    0.00    0.00    0.00    0.00    0.00    0.00    8.42
02:44:12 PM   11   73.68    0.00   17.89    0.00    0.00    0.00    0.00    0.00    0.00    8.42
02:44:12 PM   12   71.88    0.00   18.75    0.00    0.00    0.00    0.00    0.00    0.00    9.38
02:44:12 PM   13   73.40    0.00   18.09    0.00    0.00    0.00    0.00    0.00    0.00    8.51
02:44:12 PM   14   74.47    0.00   17.02    0.00    0.00    0.00    0.00    0.00    0.00    8.51
02:44:12 PM   15   71.88    0.00   19.79    0.00    0.00    0.00    0.00    0.00    0.00    8.33
02:44:12 PM   16   72.16    0.00   18.56    1.03    0.00    0.00    0.00    0.00    0.00    8.25
02:44:12 PM   17   72.16    0.00   19.59    0.00    0.00    0.00    0.00    0.00    0.00    8.25
02:44:12 PM   18   73.96    0.00   16.67    0.00    0.00    0.00    0.00    0.00    0.00    9.38
02:44:12 PM   19   74.47    0.00   17.02    0.00    0.00    0.00    0.00    0.00    0.00    8.51
02:44:12 PM   20   73.96    0.00   18.75    0.00    0.00    0.00    0.00    0.00    0.00    7.29
02:44:12 PM   21   71.58    0.00   21.05    0.00    0.00    0.00    0.00    0.00    0.00    7.37
02:44:12 PM   22   74.47    0.00   19.15    0.00    0.00    0.00    0.00    0.00    0.00    6.38
02:44:12 PM   23   72.92    0.00   19.79    0.00    0.00    0.00    0.00    0.00    0.00    7.29
02:44:12 PM   24   72.63    0.00   20.00    0.00    0.00    0.00    0.00    0.00    0.00    7.37
02:44:12 PM   25   72.45    0.00   20.41    1.02    0.00    0.00    0.00    0.00    0.00    6.12
02:44:12 PM   26   74.74    0.00   17.89    0.00    0.00    0.00    0.00    0.00    0.00    7.37
02:44:12 PM   27   72.63    0.00   20.00    0.00    0.00    0.00    0.00    0.00    0.00    7.37
02:44:12 PM   28   74.74    0.00   16.84    1.05    0.00    0.00    0.00    0.00    0.00    7.37
02:44:12 PM   29   71.43    0.00   21.43    0.00    0.00    0.00    0.00    0.00    0.00    7.14
02:44:12 PM   30   71.28    0.00   21.28    0.00    0.00    0.00    0.00    0.00    0.00    7.45
02:44:12 PM   31   74.47    0.00   18.09    0.00    0.00    0.00    0.00    0.00    0.00    7.45
02:44:12 PM   32   72.16    0.00   19.59    0.00    0.00    0.00    0.00    0.00    0.00    8.25
02:44:12 PM   33   73.20    0.00   18.56    1.03    0.00    0.00    0.00    0.00    0.00    7.22
02:44:12 PM   34   72.34    0.00   20.21    0.00    0.00    0.00    0.00    0.00    0.00    7.45
02:44:12 PM   35   72.63    0.00   18.95    0.00    0.00    0.00    0.00    0.00    0.00    8.42
02:44:12 PM   36   73.68    0.00   20.00    0.00    0.00    0.00    0.00    0.00    0.00    6.32
02:44:12 PM   37   72.63    0.00   20.00    0.00    0.00    0.00    0.00    0.00    0.00    7.37
02:44:12 PM   38   71.28    0.00   22.34    0.00    0.00    0.00    0.00    0.00    0.00    6.38
02:44:12 PM   39   72.63    0.00   21.05    0.00    0.00    0.00    0.00    0.00    0.00    6.32
02:44:12 PM   40   73.68    0.00   18.95    0.00    0.00    0.00    0.00    0.00    0.00    7.37
02:44:12 PM   41   71.58    0.00   20.00    0.00    0.00    0.00    0.00    0.00    0.00    8.42
02:44:12 PM   42   74.74    0.00   17.89    0.00    0.00    0.00    0.00    0.00    0.00    7.37
02:44:12 PM   43   74.47    0.00   17.02    0.00    0.00    0.00    0.00    0.00    0.00    8.51
02:44:12 PM   44   71.88    0.00   19.79    0.00    0.00    0.00    0.00    0.00    0.00    8.33
02:44:12 PM   45   75.53    0.00   15.96    0.00    0.00    0.00    0.00    0.00    0.00    8.51
02:44:12 PM   46   76.04    0.00   15.62    0.00    0.00    0.00    0.00    0.00    0.00    8.33
02:44:12 PM   47   71.88    0.00   19.79    0.00    0.00    0.00    0.00    0.00    0.00    8.33
02:44:12 PM   48   71.88    0.00   19.79    0.00    0.00    0.00    0.00    0.00    0.00    8.33
02:44:12 PM   49   74.47    0.00   15.96    0.00    0.00    0.00    0.00    0.00    0.00    9.57
02:44:12 PM   50   73.20    0.00   17.53    1.03    0.00    0.00    0.00    0.00    0.00    8.25
02:44:12 PM   51   70.83    0.00   19.79    0.00    0.00    0.00    0.00    0.00    0.00    9.38
02:44:12 PM   52   74.47    0.00   17.02    0.00    0.00    0.00    0.00    0.00    0.00    8.51
02:44:12 PM   53   72.63    0.00   18.95    0.00    0.00    0.00    0.00    0.00    0.00    8.42
02:44:12 PM   54   74.47    0.00   17.02    0.00    0.00    0.00    0.00    0.00    0.00    8.51
02:44:12 PM   55   73.20    0.00   17.53    0.00    0.00    0.00    0.00    0.00    0.00    9.28
02:44:12 PM   56   74.47    0.00   17.02    0.00    0.00    0.00    0.00    0.00    0.00    8.51
02:44:12 PM   57   69.79    0.00   21.88    0.00    0.00    0.00    0.00    0.00    0.00    8.33
02:44:12 PM   58   74.74    0.00   15.79    1.05    0.00    0.00    0.00    0.00    0.00    8.42
02:44:12 PM   59   73.68    0.00   16.84    1.05    0.00    0.00    0.00    0.00    0.00    8.42
02:44:12 PM   60   75.00    0.00   17.71    0.00    0.00    0.00    0.00    0.00    0.00    7.29
02:44:12 PM   61   72.63    0.00   17.89    1.05    0.00    0.00    0.00    0.00    0.00    8.42
02:44:12 PM   62   73.20    0.00   18.56    1.03    0.00    0.00    0.00    0.00    0.00    7.22
02:44:12 PM   63   74.74    0.00   18.95    0.00    0.00    0.00    0.00    0.00    0.00    6.32
02:44:12 PM   64   71.58    0.00   20.00    0.00    0.00    0.00    0.00    0.00    0.00    8.42
02:44:12 PM   65   73.12    0.00   19.35    1.08    0.00    0.00    0.00    0.00    0.00    6.45
02:44:12 PM   66   74.47    0.00   18.09    0.00    0.00    0.00    0.00    0.00    0.00    7.45
02:44:12 PM   67   73.40    0.00   19.15    0.00    0.00    0.00    0.00    0.00    0.00    7.45
02:44:12 PM   68   73.68    0.00   18.95    1.05    0.00    0.00    0.00    0.00    0.00    6.32
02:44:12 PM   69   71.88    0.00   19.79    0.00    0.00    0.00    0.00    0.00    0.00    8.33
02:44:12 PM   70   75.79    0.00   18.95    0.00    0.00    0.00    0.00    0.00    0.00    5.26
02:44:12 PM   71   72.63    0.00   20.00    0.00    0.00    0.00    0.00    0.00    0.00    7.37
02:44:12 PM   72   77.89    0.00   17.89    0.00    0.00    0.00    0.00    0.00    0.00    4.21
02:44:12 PM   73   75.79    0.00   16.84    0.00    0.00    0.00    0.00    0.00    0.00    7.37
02:44:12 PM   74   74.47    0.00   19.15    0.00    0.00    0.00    0.00    0.00    0.00    6.38
02:44:12 PM   75   69.89    0.00   21.51    1.08    0.00    0.00    0.00    0.00    0.00    7.53
02:44:12 PM   76   71.88    0.00   20.83    0.00    0.00    0.00    0.00    0.00    0.00    7.29
02:44:12 PM   77   72.63    0.00   20.00    0.00    0.00    0.00    0.00    0.00    0.00    7.37
02:44:12 PM   78   73.40    0.00   19.15    0.00    0.00    0.00    0.00    0.00    0.00    7.45
02:44:12 PM   79   73.68    0.00   17.89    0.00    0.00    0.00    0.00    0.00    0.00    8.42

02:44:21 PM  CPU    %usr   %nice    %sys %iowait    %irq   %soft  %steal  %guest  %gnice   %idle
02:44:22 PM  all   73.19    0.00   18.75    0.14    0.00    0.00    0.00    0.00    0.00    7.91
02:44:22 PM    0   69.15    0.00   22.34    0.00    0.00    0.00    0.00    0.00    0.00    8.51
02:44:22 PM    1   74.74    0.00   17.89    0.00    0.00    0.00    0.00    0.00    0.00    7.37
02:44:22 PM    2   74.74    0.00   16.84    0.00    0.00    0.00    0.00    0.00    0.00    8.42
02:44:22 PM    3   72.63    0.00   18.95    0.00    0.00    0.00    0.00    0.00    0.00    8.42
02:44:22 PM    4   74.74    0.00   16.84    0.00    0.00    0.00    0.00    0.00    0.00    8.42
02:44:22 PM    5   73.68    0.00   17.89    0.00    0.00    0.00    0.00    0.00    0.00    8.42
02:44:22 PM    6   71.88    0.00   19.79    0.00    0.00    0.00    0.00    0.00    0.00    8.33
02:44:22 PM    7   75.00    0.00   16.67    0.00    0.00    0.00    0.00    0.00    0.00    8.33
02:44:22 PM    8   72.63    0.00   18.95    0.00    0.00    0.00    0.00    0.00    0.00    8.42
02:44:22 PM    9   72.63    0.00   20.00    0.00    0.00    0.00    0.00    0.00    0.00    7.37
02:44:22 PM   10   73.20    0.00   18.56    0.00    0.00    0.00    0.00    0.00    0.00    8.25
02:44:22 PM   11   71.58    0.00   20.00    0.00    0.00    0.00    0.00    0.00    0.00    8.42
02:44:22 PM   12   74.47    0.00   18.09    0.00    0.00    0.00    0.00    0.00    0.00    7.45
02:44:22 PM   13   72.63    0.00   18.95    0.00    0.00    0.00    0.00    0.00    0.00    8.42
02:44:22 PM   14   74.47    0.00   17.02    0.00    0.00    0.00    0.00    0.00    0.00    8.51
02:44:22 PM   15   76.60    0.00   15.96    0.00    0.00    0.00    0.00    0.00    0.00    7.45
02:44:22 PM   16   75.27    0.00   17.20    0.00    0.00    0.00    0.00    0.00    0.00    7.53
02:44:22 PM   17   71.58    0.00   20.00    0.00    0.00    0.00    0.00    0.00    0.00    8.42
02:44:22 PM   18   74.74    0.00   16.84    0.00    0.00    0.00    0.00    0.00    0.00    8.42
02:44:22 PM   19   75.51    0.00   16.33    0.00    0.00    0.00    0.00    0.00    0.00    8.16
02:44:22 PM   20   72.34    0.00   20.21    0.00    0.00    0.00    0.00    0.00    0.00    7.45
02:44:22 PM   21   71.13    0.00   19.59    1.03    0.00    0.00    0.00    0.00    0.00    8.25
02:44:22 PM   22   72.92    0.00   18.75    1.04    0.00    0.00    0.00    0.00    0.00    7.29
02:44:22 PM   23   74.23    0.00   19.59    0.00    0.00    0.00    0.00    0.00    0.00    6.19
02:44:22 PM   24   73.96    0.00   17.71    0.00    0.00    0.00    0.00    0.00    0.00    8.33
02:44:22 PM   25   70.53    0.00   21.05    0.00    0.00    0.00    0.00    0.00    0.00    8.42
02:44:22 PM   26   74.47    0.00   18.09    0.00    0.00    0.00    0.00    0.00    0.00    7.45
02:44:22 PM   27   74.74    0.00   16.84    0.00    0.00    0.00    0.00    0.00    0.00    8.42
02:44:22 PM   28   72.63    0.00   18.95    0.00    0.00    0.00    0.00    0.00    0.00    8.42
02:44:22 PM   29   72.63    0.00   18.95    0.00    0.00    0.00    0.00    0.00    0.00    8.42
02:44:22 PM   30   72.16    0.00   19.59    1.03    0.00    0.00    0.00    0.00    0.00    7.22
02:44:22 PM   31   73.40    0.00   18.09    1.06    0.00    0.00    0.00    0.00    0.00    7.45
02:44:22 PM   32   73.96    0.00   17.71    0.00    0.00    0.00    0.00    0.00    0.00    8.33
02:44:22 PM   33   72.34    0.00   19.15    1.06    0.00    0.00    0.00    0.00    0.00    7.45
02:44:22 PM   34   74.74    0.00   17.89    0.00    0.00    0.00    0.00    0.00    0.00    7.37
02:44:22 PM   35   75.00    0.00   16.67    0.00    0.00    0.00    0.00    0.00    0.00    8.33
02:44:22 PM   36   73.96    0.00   18.75    0.00    0.00    0.00    0.00    0.00    0.00    7.29
02:44:22 PM   37   71.58    0.00   20.00    1.05    0.00    0.00    0.00    0.00    0.00    7.37
02:44:22 PM   38   76.34    0.00   16.13    0.00    0.00    0.00    0.00    0.00    0.00    7.53
02:44:22 PM   39   71.58    0.00   20.00    0.00    0.00    0.00    0.00    0.00    0.00    8.42
02:44:22 PM   40   72.63    0.00   18.95    0.00    0.00    0.00    0.00    0.00    0.00    8.42
02:44:22 PM   41   70.83    0.00   20.83    0.00    0.00    0.00    0.00    0.00    0.00    8.33
02:44:22 PM   42   75.53    0.00   18.09    0.00    0.00    0.00    0.00    0.00    0.00    6.38
02:44:22 PM   43   71.88    0.00   19.79    0.00    0.00    0.00    0.00    0.00    0.00    8.33
02:44:22 PM   44   73.96    0.00   17.71    0.00    0.00    0.00    0.00    0.00    0.00    8.33
02:44:22 PM   45   72.16    0.00   19.59    0.00    0.00    0.00    0.00    0.00    0.00    8.25
02:44:22 PM   46   72.63    0.00   20.00    0.00    0.00    0.00    0.00    0.00    0.00    7.37
02:44:22 PM   47   73.40    0.00   19.15    0.00    0.00    0.00    0.00    0.00    0.00    7.45
02:44:22 PM   48   73.96    0.00   17.71    0.00    0.00    0.00    0.00    0.00    0.00    8.33
02:44:22 PM   49   73.40    0.00   18.09    0.00    0.00    0.00    0.00    0.00    0.00    8.51
02:44:22 PM   50   72.92    0.00   19.79    0.00    0.00    0.00    0.00    0.00    0.00    7.29
02:44:22 PM   51   75.00    0.00   16.67    0.00    0.00    0.00    0.00    0.00    0.00    8.33
02:44:22 PM   52   77.08    0.00   15.62    0.00    0.00    0.00    0.00    0.00    0.00    7.29
02:44:22 PM   53   73.96    0.00   17.71    0.00    0.00    0.00    0.00    0.00    0.00    8.33
02:44:22 PM   54   74.74    0.00   16.84    0.00    0.00    0.00    0.00    0.00    0.00    8.42
02:44:22 PM   55   73.20    0.00   18.56    0.00    0.00    0.00    0.00    0.00    0.00    8.25
02:44:22 PM   56   71.88    0.00   20.83    0.00    0.00    0.00    0.00    0.00    0.00    7.29
02:44:22 PM   57   70.10    0.00   20.62    1.03    0.00    0.00    0.00    0.00    0.00    8.25
02:44:22 PM   58   73.68    0.00   17.89    0.00    0.00    0.00    0.00    0.00    0.00    8.42
02:44:22 PM   59   74.74    0.00   17.89    0.00    0.00    0.00    0.00    0.00    0.00    7.37
02:44:22 PM   60   74.74    0.00   17.89    0.00    0.00    0.00    0.00    0.00    0.00    7.37
02:44:22 PM   61   71.28    0.00   20.21    0.00    0.00    0.00    0.00    0.00    0.00    8.51
02:44:22 PM   62   72.92    0.00   18.75    0.00    0.00    0.00    0.00    0.00    0.00    8.33
02:44:22 PM   63   72.92    0.00   18.75    1.04    0.00    0.00    0.00    0.00    0.00    7.29
02:44:22 PM   64   73.68    0.00   18.95    0.00    0.00    0.00    0.00    0.00    0.00    7.37
02:44:22 PM   65   68.75    0.00   22.92    0.00    0.00    0.00    0.00    0.00    0.00    8.33
02:44:22 PM   66   73.96    0.00   18.75    0.00    0.00    0.00    0.00    0.00    0.00    7.29
02:44:22 PM   67   73.12    0.00   19.35    0.00    0.00    0.00    0.00    0.00    0.00    7.53
02:44:22 PM   68   75.00    0.00   17.71    0.00    0.00    0.00    0.00    0.00    0.00    7.29
02:44:22 PM   69   69.15    0.00   22.34    0.00    0.00    0.00    0.00    0.00    0.00    8.51
02:44:22 PM   70   72.63    0.00   20.00    0.00    0.00    0.00    0.00    0.00    0.00    7.37
02:44:22 PM   71   70.53    0.00   21.05    0.00    0.00    0.00    0.00    0.00    0.00    8.42
02:44:22 PM   72   72.63    0.00   18.95    0.00    0.00    0.00    0.00    0.00    0.00    8.42
02:44:22 PM   73   70.53    0.00   20.00    1.05    0.00    0.00    0.00    0.00    0.00    8.42
02:44:22 PM   74   73.40    0.00   19.15    0.00    0.00    0.00    0.00    0.00    0.00    7.45
02:44:22 PM   75   71.28    0.00   20.21    1.06    0.00    0.00    0.00    0.00    0.00    7.45
02:44:22 PM   76   76.34    0.00   16.13    0.00    0.00    0.00    0.00    0.00    0.00    7.53
02:44:22 PM   77   71.88    0.00   19.79    1.04    0.00    0.00    0.00    0.00    0.00    7.29
02:44:22 PM   78   73.68    0.00   18.95    0.00    0.00    0.00    0.00    0.00    0.00    7.37
02:44:22 PM   79   73.12    0.00   19.35    0.00    0.00    0.00    0.00    0.00    0.00    7.53

02:44:31 PM  CPU    %usr   %nice    %sys %iowait    %irq   %soft  %steal  %guest  %gnice   %idle
02:44:32 PM  all   73.17    0.00   18.84    0.13    0.00    0.00    0.00    0.00    0.00    7.85
02:44:32 PM    0   72.34    0.00   19.15    0.00    0.00    0.00    0.00    0.00    0.00    8.51
02:44:32 PM    1   74.47    0.00   18.09    0.00    0.00    0.00    0.00    0.00    0.00    7.45
02:44:32 PM    2   72.63    0.00   18.95    0.00    0.00    0.00    0.00    0.00    0.00    8.42
02:44:32 PM    3   70.21    0.00   21.28    0.00    0.00    0.00    0.00    0.00    0.00    8.51
02:44:32 PM    4   72.16    0.00   19.59    0.00    0.00    0.00    0.00    0.00    0.00    8.25
02:44:32 PM    5   74.74    0.00   16.84    0.00    0.00    0.00    0.00    0.00    0.00    8.42
02:44:32 PM    6   71.58    0.00   20.00    0.00    0.00    0.00    0.00    0.00    0.00    8.42
02:44:32 PM    7   74.74    0.00   17.89    0.00    0.00    0.00    0.00    0.00    0.00    7.37
02:44:32 PM    8   71.88    0.00   18.75    0.00    0.00    0.00    0.00    0.00    0.00    9.38
02:44:32 PM    9   71.58    0.00   20.00    0.00    0.00    0.00    0.00    0.00    0.00    8.42
02:44:32 PM   10   73.40    0.00   19.15    0.00    0.00    0.00    0.00    0.00    0.00    7.45
02:44:32 PM   11   73.96    0.00   18.75    0.00    0.00    0.00    0.00    0.00    0.00    7.29
02:44:32 PM   12   74.19    0.00   18.28    0.00    0.00    0.00    0.00    0.00    0.00    7.53
02:44:32 PM   13   71.88    0.00   20.83    0.00    0.00    0.00    0.00    0.00    0.00    7.29
02:44:32 PM   14   74.74    0.00   16.84    0.00    0.00    0.00    0.00    0.00    0.00    8.42
02:44:32 PM   15   74.23    0.00   17.53    0.00    0.00    0.00    0.00    0.00    0.00    8.25
02:44:32 PM   16   72.92    0.00   18.75    0.00    0.00    0.00    0.00    0.00    0.00    8.33
02:44:32 PM   17   73.40    0.00   19.15    0.00    0.00    0.00    0.00    0.00    0.00    7.45
02:44:32 PM   18   71.58    0.00   20.00    0.00    0.00    0.00    0.00    0.00    0.00    8.42
02:44:32 PM   19   73.68    0.00   18.95    0.00    0.00    0.00    0.00    0.00    0.00    7.37
02:44:32 PM   20   75.79    0.00   16.84    0.00    0.00    0.00    0.00    0.00    0.00    7.37
02:44:32 PM   21   71.28    0.00   21.28    0.00    0.00    0.00    0.00    0.00    0.00    7.45
02:44:32 PM   22   70.83    0.00   20.83    0.00    0.00    0.00    0.00    0.00    0.00    8.33
02:44:32 PM   23   71.88    0.00   19.79    0.00    0.00    0.00    0.00    0.00    0.00    8.33
02:44:32 PM   24   76.04    0.00   17.71    0.00    0.00    0.00    0.00    0.00    0.00    6.25
02:44:32 PM   25   74.74    0.00   16.84    0.00    0.00    0.00    0.00    0.00    0.00    8.42
02:44:32 PM   26   72.92    0.00   19.79    0.00    0.00    0.00    0.00    0.00    0.00    7.29
02:44:32 PM   27   75.53    0.00   17.02    0.00    0.00    0.00    0.00    0.00    0.00    7.45
02:44:32 PM   28   72.34    0.00   19.15    0.00    0.00    0.00    0.00    0.00    0.00    8.51
02:44:32 PM   29   74.47    0.00   18.09    0.00    0.00    0.00    0.00    0.00    0.00    7.45
02:44:32 PM   30   73.68    0.00   18.95    0.00    0.00    0.00    0.00    0.00    0.00    7.37
02:44:32 PM   31   73.96    0.00   16.67    1.04    0.00    0.00    0.00    0.00    0.00    8.33
02:44:32 PM   32   72.63    0.00   20.00    0.00    0.00    0.00    0.00    0.00    0.00    7.37
02:44:32 PM   33   72.34    0.00   20.21    0.00    0.00    0.00    0.00    0.00    0.00    7.45
02:44:32 PM   34   74.47    0.00   18.09    0.00    0.00    0.00    0.00    0.00    0.00    7.45
02:44:32 PM   35   73.68    0.00   18.95    0.00    0.00    0.00    0.00    0.00    0.00    7.37
02:44:32 PM   36   71.58    0.00   21.05    0.00    0.00    0.00    0.00    0.00    0.00    7.37
02:44:32 PM   37   72.34    0.00   20.21    0.00    0.00    0.00    0.00    0.00    0.00    7.45
02:44:32 PM   38   71.58    0.00   18.95    1.05    0.00    0.00    0.00    0.00    0.00    8.42
02:44:32 PM   39   74.74    0.00   17.89    0.00    0.00    0.00    0.00    0.00    0.00    7.37
02:44:32 PM   40   74.74    0.00   17.89    0.00    0.00    0.00    0.00    0.00    0.00    7.37
02:44:32 PM   41   75.00    0.00   15.62    1.04    0.00    0.00    0.00    0.00    0.00    8.33
02:44:32 PM   42   71.28    0.00   20.21    0.00    0.00    0.00    0.00    0.00    0.00    8.51
02:44:32 PM   43   74.47    0.00   17.02    0.00    0.00    0.00    0.00    0.00    0.00    8.51
02:44:32 PM   44   74.23    0.00   18.56    0.00    0.00    0.00    0.00    0.00    0.00    7.22
02:44:32 PM   45   73.12    0.00   19.35    0.00    0.00    0.00    0.00    0.00    0.00    7.53
02:44:32 PM   46   72.63    0.00   17.89    0.00    0.00    0.00    0.00    0.00    0.00    9.47
02:44:32 PM   47   73.96    0.00   17.71    0.00    0.00    0.00    0.00    0.00    0.00    8.33
02:44:32 PM   48   72.63    0.00   20.00    0.00    0.00    0.00    0.00    0.00    0.00    7.37
02:44:32 PM   49   72.92    0.00   18.75    0.00    0.00    0.00    0.00    0.00    0.00    8.33
02:44:32 PM   50   71.58    0.00   21.05    0.00    0.00    0.00    0.00    0.00    0.00    7.37
02:44:32 PM   51   75.26    0.00   16.49    0.00    0.00    0.00    0.00    0.00    0.00    8.25
02:44:32 PM   52   73.40    0.00   18.09    0.00    0.00    0.00    0.00    0.00    0.00    8.51
02:44:32 PM   53   71.88    0.00   18.75    1.04    0.00    0.00    0.00    0.00    0.00    8.33
02:44:32 PM   54   72.63    0.00   18.95    0.00    0.00    0.00    0.00    0.00    0.00    8.42
02:44:32 PM   55   73.12    0.00   18.28    0.00    0.00    0.00    0.00    0.00    0.00    8.60
02:44:32 PM   56   72.16    0.00   19.59    0.00    0.00    0.00    0.00    0.00    0.00    8.25
02:44:32 PM   57   74.74    0.00   17.89    0.00    0.00    0.00    0.00    0.00    0.00    7.37
02:44:32 PM   58   72.63    0.00   20.00    0.00    0.00    0.00    0.00    0.00    0.00    7.37
02:44:32 PM   59   72.16    0.00   19.59    0.00    0.00    0.00    0.00    0.00    0.00    8.25
02:44:32 PM   60   73.68    0.00   18.95    0.00    0.00    0.00    0.00    0.00    0.00    7.37
02:44:32 PM   61   73.40    0.00   19.15    0.00    0.00    0.00    0.00    0.00    0.00    7.45
02:44:32 PM   62   73.12    0.00   18.28    0.00    0.00    0.00    0.00    0.00    0.00    8.60
02:44:32 PM   63   71.13    0.00   19.59    1.03    0.00    0.00    0.00    0.00    0.00    8.25
02:44:32 PM   64   73.96    0.00   19.79    0.00    0.00    0.00    0.00    0.00    0.00    6.25
02:44:32 PM   65   72.34    0.00   20.21    0.00    0.00    0.00    0.00    0.00    0.00    7.45
02:44:32 PM   66   73.20    0.00   19.59    0.00    0.00    0.00    0.00    0.00    0.00    7.22
02:44:32 PM   67   71.58    0.00   21.05    0.00    0.00    0.00    0.00    0.00    0.00    7.37
02:44:32 PM   68   70.10    0.00   20.62    1.03    0.00    0.00    0.00    0.00    0.00    8.25
02:44:32 PM   69   73.68    0.00   17.89    0.00    0.00    0.00    0.00    0.00    0.00    8.42
02:44:32 PM   70   74.19    0.00   17.20    1.08    0.00    0.00    0.00    0.00    0.00    7.53
02:44:32 PM   71   72.16    0.00   18.56    1.03    0.00    0.00    0.00    0.00    0.00    8.25
02:44:32 PM   72   74.19    0.00   19.35    0.00    0.00    0.00    0.00    0.00    0.00    6.45
02:44:32 PM   73   74.47    0.00   18.09    0.00    0.00    0.00    0.00    0.00    0.00    7.45
02:44:32 PM   74   73.40    0.00   18.09    0.00    0.00    0.00    0.00    0.00    0.00    8.51
02:44:32 PM   75   75.79    0.00   15.79    0.00    0.00    0.00    0.00    0.00    0.00    8.42
02:44:32 PM   76   71.58    0.00   20.00    1.05    0.00    0.00    0.00    0.00    0.00    7.37
02:44:32 PM   77   74.19    0.00   18.28    0.00    0.00    0.00    0.00    0.00    0.00    7.53
02:44:32 PM   78   72.63    0.00   20.00    0.00    0.00    0.00    0.00    0.00    0.00    7.37
02:44:32 PM   79   73.68    0.00   17.89    1.05    0.00    0.00    0.00    0.00    0.00    7.37

02:44:41 PM  CPU    %usr   %nice    %sys %iowait    %irq   %soft  %steal  %guest  %gnice   %idle
02:44:42 PM  all   71.69    0.00   18.72    0.18    0.00    0.00    0.00    0.00    0.00    9.40
02:44:42 PM    0   70.53    0.00   18.95    1.05    0.00    0.00    0.00    0.00    0.00    9.47
02:44:42 PM    1   70.83    0.00   19.79    0.00    0.00    0.00    0.00    0.00    0.00    9.38
02:44:42 PM    2   71.58    0.00   18.95    0.00    0.00    0.00    0.00    0.00    0.00    9.47
02:44:42 PM    3   72.34    0.00   18.09    0.00    0.00    0.00    0.00    0.00    0.00    9.57
02:44:42 PM    4   71.58    0.00   17.89    0.00    0.00    0.00    0.00    0.00    0.00   10.53
02:44:42 PM    5   69.79    0.00   20.83    0.00    0.00    0.00    0.00    0.00    0.00    9.38
02:44:42 PM    6   71.28    0.00   19.15    0.00    0.00    0.00    0.00    0.00    0.00    9.57
02:44:42 PM    7   72.92    0.00   16.67    0.00    0.00    0.00    0.00    0.00    0.00   10.42
02:44:42 PM    8   73.40    0.00   17.02    0.00    0.00    0.00    0.00    0.00    0.00    9.57
02:44:42 PM    9   70.53    0.00   18.95    0.00    0.00    0.00    0.00    0.00    0.00   10.53
02:44:42 PM   10   73.12    0.00   18.28    0.00    0.00    0.00    0.00    0.00    0.00    8.60
02:44:42 PM   11   71.58    0.00   20.00    0.00    0.00    0.00    0.00    0.00    0.00    8.42
02:44:42 PM   12   71.88    0.00   19.79    0.00    0.00    0.00    0.00    0.00    0.00    8.33
02:44:42 PM   13   71.88    0.00   17.71    0.00    0.00    0.00    0.00    0.00    0.00   10.42
02:44:42 PM   14   70.41    0.00   18.37    1.02    0.00    0.00    0.00    0.00    0.00   10.20
02:44:42 PM   15   71.28    0.00   18.09    0.00    0.00    0.00    0.00    0.00    0.00   10.64
02:44:42 PM   16   72.63    0.00   16.84    0.00    0.00    0.00    0.00    0.00    0.00   10.53
02:44:42 PM   17   71.58    0.00   17.89    0.00    0.00    0.00    0.00    0.00    0.00   10.53
02:44:42 PM   18   69.89    0.00   19.35    0.00    0.00    0.00    0.00    0.00    0.00   10.75
02:44:42 PM   19   71.58    0.00   18.95    0.00    0.00    0.00    0.00    0.00    0.00    9.47
02:44:42 PM   20   74.74    0.00   16.84    0.00    0.00    0.00    0.00    0.00    0.00    8.42
02:44:42 PM   21   73.96    0.00   17.71    0.00    0.00    0.00    0.00    0.00    0.00    8.33
02:44:42 PM   22   74.23    0.00   16.49    0.00    0.00    0.00    0.00    0.00    0.00    9.28
02:44:42 PM   23   69.15    0.00   21.28    0.00    0.00    0.00    0.00    0.00    0.00    9.57
02:44:42 PM   24   68.42    0.00   22.11    0.00    0.00    0.00    0.00    0.00    0.00    9.47
02:44:42 PM   25   72.63    0.00   17.89    0.00    0.00    0.00    0.00    0.00    0.00    9.47
02:44:42 PM   26   71.88    0.00   18.75    0.00    0.00    0.00    0.00    0.00    0.00    9.38
02:44:42 PM   27   70.53    0.00   21.05    0.00    0.00    0.00    0.00    0.00    0.00    8.42
02:44:42 PM   28   71.88    0.00   17.71    0.00    0.00    0.00    0.00    0.00    0.00   10.42
02:44:42 PM   29   71.58    0.00   18.95    0.00    0.00    0.00    0.00    0.00    0.00    9.47
02:44:42 PM   30   69.79    0.00   20.83    0.00    0.00    0.00    0.00    0.00    0.00    9.38
02:44:42 PM   31   74.23    0.00   16.49    1.03    0.00    0.00    0.00    0.00    0.00    8.25
02:44:42 PM   32   69.47    0.00   18.95    1.05    0.00    0.00    0.00    0.00    0.00   10.53
02:44:42 PM   33   71.58    0.00   18.95    0.00    0.00    0.00    0.00    0.00    0.00    9.47
02:44:42 PM   34   74.47    0.00   17.02    0.00    0.00    0.00    0.00    0.00    0.00    8.51
02:44:42 PM   35   72.04    0.00   19.35    0.00    0.00    0.00    0.00    0.00    0.00    8.60
02:44:42 PM   36   71.88    0.00   17.71    1.04    0.00    0.00    0.00    0.00    0.00    9.38
02:44:42 PM   37   72.63    0.00   17.89    0.00    0.00    0.00    0.00    0.00    0.00    9.47
02:44:42 PM   38   67.01    0.00   22.68    0.00    0.00    0.00    0.00    0.00    0.00   10.31
02:44:42 PM   39   76.04    0.00   15.62    0.00    0.00    0.00    0.00    0.00    0.00    8.33
02:44:42 PM   40   73.20    0.00   16.49    0.00    0.00    0.00    0.00    0.00    0.00   10.31
02:44:42 PM   41   71.13    0.00   18.56    0.00    0.00    0.00    0.00    0.00    0.00   10.31
02:44:42 PM   42   70.53    0.00   18.95    0.00    0.00    0.00    0.00    0.00    0.00   10.53
02:44:42 PM   43   70.21    0.00   19.15    1.06    0.00    0.00    0.00    0.00    0.00    9.57
02:44:42 PM   44   70.83    0.00   18.75    0.00    0.00    0.00    0.00    0.00    0.00   10.42
02:44:42 PM   45   70.10    0.00   19.59    0.00    0.00    0.00    0.00    0.00    0.00   10.31
02:44:42 PM   46   71.58    0.00   17.89    0.00    0.00    0.00    0.00    0.00    0.00   10.53
02:44:42 PM   47   73.96    0.00   16.67    0.00    0.00    0.00    0.00    0.00    0.00    9.38
02:44:42 PM   48   74.47    0.00   15.96    0.00    0.00    0.00    0.00    0.00    0.00    9.57
02:44:42 PM   49   73.20    0.00   17.53    0.00    0.00    0.00    0.00    0.00    0.00    9.28
02:44:42 PM   50   71.88    0.00   17.71    0.00    0.00    0.00    0.00    0.00    0.00   10.42
02:44:42 PM   51   71.28    0.00   19.15    1.06    0.00    0.00    0.00    0.00    0.00    8.51
02:44:42 PM   52   71.58    0.00   18.95    0.00    0.00    0.00    0.00    0.00    0.00    9.47
02:44:42 PM   53   69.47    0.00   20.00    1.05    0.00    0.00    0.00    0.00    0.00    9.47
02:44:42 PM   54   70.21    0.00   20.21    0.00    0.00    0.00    0.00    0.00    0.00    9.57
02:44:42 PM   55   71.58    0.00   18.95    0.00    0.00    0.00    0.00    0.00    0.00    9.47
02:44:42 PM   56   70.53    0.00   20.00    0.00    0.00    0.00    0.00    0.00    0.00    9.47
02:44:42 PM   57   71.58    0.00   18.95    0.00    0.00    0.00    0.00    0.00    0.00    9.47
02:44:42 PM   58   72.63    0.00   16.84    0.00    0.00    0.00    0.00    0.00    0.00   10.53
02:44:42 PM   59   70.53    0.00   20.00    0.00    0.00    0.00    0.00    0.00    0.00    9.47
02:44:42 PM   60   73.40    0.00   18.09    0.00    0.00    0.00    0.00    0.00    0.00    8.51
02:44:42 PM   61   71.43    0.00   18.37    1.02    0.00    0.00    0.00    0.00    0.00    9.18
02:44:42 PM   62   70.97    0.00   20.43    0.00    0.00    0.00    0.00    0.00    0.00    8.60
02:44:42 PM   63   70.83    0.00   20.83    0.00    0.00    0.00    0.00    0.00    0.00    8.33
02:44:42 PM   64   71.58    0.00   18.95    0.00    0.00    0.00    0.00    0.00    0.00    9.47
02:44:42 PM   65   71.88    0.00   18.75    0.00    0.00    0.00    0.00    0.00    0.00    9.38
02:44:42 PM   66   73.68    0.00   16.84    0.00    0.00    0.00    0.00    0.00    0.00    9.47
02:44:42 PM   67   71.43    0.00   19.39    2.04    0.00    0.00    0.00    0.00    0.00    7.14
02:44:42 PM   68   71.58    0.00   20.00    0.00    0.00    0.00    0.00    0.00    0.00    8.42
02:44:42 PM   69   72.63    0.00   17.89    0.00    0.00    0.00    0.00    0.00    0.00    9.47
02:44:42 PM   70   73.40    0.00   18.09    0.00    0.00    0.00    0.00    0.00    0.00    8.51
02:44:42 PM   71   71.13    0.00   18.56    1.03    0.00    0.00    0.00    0.00    0.00    9.28
02:44:42 PM   72   70.10    0.00   19.59    1.03    0.00    0.00    0.00    0.00    0.00    9.28
02:44:42 PM   73   72.04    0.00   18.28    0.00    0.00    0.00    0.00    0.00    0.00    9.68
02:44:42 PM   74   71.28    0.00   19.15    1.06    0.00    0.00    0.00    0.00    0.00    8.51
02:44:42 PM   75   74.74    0.00   17.89    0.00    0.00    0.00    0.00    0.00    0.00    7.37
02:44:42 PM   76   68.42    0.00   22.11    0.00    0.00    0.00    0.00    0.00    0.00    9.47
02:44:42 PM   77   72.04    0.00   19.35    0.00    0.00    0.00    0.00    0.00    0.00    8.60
02:44:42 PM   78   73.40    0.00   19.15    0.00    0.00    0.00    0.00    0.00    0.00    7.45
02:44:42 PM   79   70.53    0.00   20.00    0.00    0.00    0.00    0.00    0.00    0.00    9.47

02:44:51 PM  CPU    %usr   %nice    %sys %iowait    %irq   %soft  %steal  %guest  %gnice   %idle
02:44:52 PM  all   71.40    0.00   18.38    0.25    0.00    0.00    0.00    0.00    0.00    9.97
02:44:52 PM    0   70.83    0.00   18.75    1.04    0.00    0.00    0.00    0.00    0.00    9.38
02:44:52 PM    1   70.53    0.00   18.95    0.00    0.00    0.00    0.00    0.00    0.00   10.53
02:44:52 PM    2   72.34    0.00   18.09    0.00    0.00    0.00    0.00    0.00    0.00    9.57
02:44:52 PM    3   68.75    0.00   20.83    0.00    0.00    0.00    0.00    0.00    0.00   10.42
02:44:52 PM    4   71.58    0.00   17.89    0.00    0.00    0.00    0.00    0.00    0.00   10.53
02:44:52 PM    5   69.15    0.00   21.28    0.00    0.00    0.00    0.00    0.00    0.00    9.57
02:44:52 PM    6   71.13    0.00   17.53    0.00    0.00    0.00    0.00    0.00    0.00   11.34
02:44:52 PM    7   70.21    0.00   19.15    1.06    0.00    0.00    0.00    0.00    0.00    9.57
02:44:52 PM    8   70.53    0.00   18.95    0.00    0.00    0.00    0.00    0.00    0.00   10.53
02:44:52 PM    9   75.00    0.00   15.62    0.00    0.00    0.00    0.00    0.00    0.00    9.38
02:44:52 PM   10   73.40    0.00   15.96    0.00    0.00    0.00    0.00    0.00    0.00   10.64
02:44:52 PM   11   71.88    0.00   18.75    0.00    0.00    0.00    0.00    0.00    0.00    9.38
02:44:52 PM   12   72.63    0.00   16.84    0.00    0.00    0.00    0.00    0.00    0.00   10.53
02:44:52 PM   13   70.10    0.00   19.59    0.00    0.00    0.00    0.00    0.00    0.00   10.31
02:44:52 PM   14   71.88    0.00   17.71    0.00    0.00    0.00    0.00    0.00    0.00   10.42
02:44:52 PM   15   72.63    0.00   17.89    0.00    0.00    0.00    0.00    0.00    0.00    9.47
02:44:52 PM   16   71.88    0.00   17.71    0.00    0.00    0.00    0.00    0.00    0.00   10.42
02:44:52 PM   17   69.79    0.00   19.79    0.00    0.00    0.00    0.00    0.00    0.00   10.42
02:44:52 PM   18   71.88    0.00   17.71    0.00    0.00    0.00    0.00    0.00    0.00   10.42
02:44:52 PM   19   73.68    0.00   16.84    0.00    0.00    0.00    0.00    0.00    0.00    9.47
02:44:52 PM   20   72.16    0.00   17.53    1.03    0.00    0.00    0.00    0.00    0.00    9.28
02:44:52 PM   21   73.12    0.00   17.20    0.00    0.00    0.00    0.00    0.00    0.00    9.68
02:44:52 PM   22   71.58    0.00   18.95    0.00    0.00    0.00    0.00    0.00    0.00    9.47
02:44:52 PM   23   70.83    0.00   19.79    0.00    0.00    0.00    0.00    0.00    0.00    9.38
02:44:52 PM   24   71.13    0.00   18.56    1.03    0.00    0.00    0.00    0.00    0.00    9.28
02:44:52 PM   25   68.42    0.00   21.05    1.05    0.00    0.00    0.00    0.00    0.00    9.47
02:44:52 PM   26   71.58    0.00   18.95    0.00    0.00    0.00    0.00    0.00    0.00    9.47
02:44:52 PM   27   71.58    0.00   18.95    0.00    0.00    0.00    0.00    0.00    0.00    9.47
02:44:52 PM   28   73.96    0.00   15.62    1.04    0.00    0.00    0.00    0.00    0.00    9.38
02:44:52 PM   29   69.47    0.00   20.00    0.00    0.00    0.00    0.00    0.00    0.00   10.53
02:44:52 PM   30   71.58    0.00   16.84    1.05    0.00    0.00    0.00    0.00    0.00   10.53
02:44:52 PM   31   71.58    0.00   17.89    0.00    0.00    0.00    0.00    0.00    0.00   10.53
02:44:52 PM   32   69.79    0.00   20.83    0.00    0.00    0.00    0.00    0.00    0.00    9.38
02:44:52 PM   33   73.40    0.00   15.96    1.06    0.00    0.00    0.00    0.00    0.00    9.57
02:44:52 PM   34   71.13    0.00   18.56    1.03    0.00    0.00    0.00    0.00    0.00    9.28
02:44:52 PM   35   68.09    0.00   22.34    0.00    0.00    0.00    0.00    0.00    0.00    9.57
02:44:52 PM   36   72.92    0.00   16.67    0.00    0.00    0.00    0.00    0.00    0.00   10.42
02:44:52 PM   37   72.34    0.00   17.02    1.06    0.00    0.00    0.00    0.00    0.00    9.57
02:44:52 PM   38   73.96    0.00   16.67    0.00    0.00    0.00    0.00    0.00    0.00    9.38
02:44:52 PM   39   71.58    0.00   18.95    0.00    0.00    0.00    0.00    0.00    0.00    9.47
02:44:52 PM   40   72.63    0.00   17.89    0.00    0.00    0.00    0.00    0.00    0.00    9.47
02:44:52 PM   41   70.53    0.00   17.89    0.00    0.00    0.00    0.00    0.00    0.00   11.58
02:44:52 PM   42   69.15    0.00   21.28    0.00    0.00    0.00    0.00    0.00    0.00    9.57
02:44:52 PM   43   70.83    0.00   19.79    0.00    0.00    0.00    0.00    0.00    0.00    9.38
02:44:52 PM   44   72.34    0.00   17.02    0.00    0.00    0.00    0.00    0.00    0.00   10.64
02:44:52 PM   45   72.04    0.00   19.35    0.00    0.00    0.00    0.00    0.00    0.00    8.60
02:44:52 PM   46   74.19    0.00   16.13    0.00    0.00    0.00    0.00    0.00    0.00    9.68
02:44:52 PM   47   72.92    0.00   16.67    0.00    0.00    0.00    0.00    0.00    0.00   10.42
02:44:52 PM   48   70.83    0.00   17.71    0.00    0.00    0.00    0.00    0.00    0.00   11.46
02:44:52 PM   49   73.40    0.00   18.09    0.00    0.00    0.00    0.00    0.00    0.00    8.51
02:44:52 PM   50   70.21    0.00   19.15    0.00    0.00    0.00    0.00    0.00    0.00   10.64
02:44:52 PM   51   71.58    0.00   17.89    0.00    0.00    0.00    0.00    0.00    0.00   10.53
02:44:52 PM   52   71.88    0.00   17.71    0.00    0.00    0.00    0.00    0.00    0.00   10.42
02:44:52 PM   53   72.63    0.00   16.84    1.05    0.00    0.00    0.00    0.00    0.00    9.47
02:44:52 PM   54   71.13    0.00   18.56    0.00    0.00    0.00    0.00    0.00    0.00   10.31
02:44:52 PM   55   70.10    0.00   17.53    1.03    0.00    0.00    0.00    0.00    0.00   11.34
02:44:52 PM   56   70.53    0.00   18.95    0.00    0.00    0.00    0.00    0.00    0.00   10.53
02:44:52 PM   57   71.13    0.00   17.53    1.03    0.00    0.00    0.00    0.00    0.00   10.31
02:44:52 PM   58   70.53    0.00   18.95    0.00    0.00    0.00    0.00    0.00    0.00   10.53
02:44:52 PM   59   70.21    0.00   19.15    0.00    0.00    0.00    0.00    0.00    0.00   10.64
02:44:52 PM   60   73.68    0.00   17.89    0.00    0.00    0.00    0.00    0.00    0.00    8.42
02:44:52 PM   61   71.58    0.00   17.89    0.00    0.00    0.00    0.00    0.00    0.00   10.53
02:44:52 PM   62   70.10    0.00   19.59    1.03    0.00    0.00    0.00    0.00    0.00    9.28
02:44:52 PM   63   70.83    0.00   18.75    1.04    0.00    0.00    0.00    0.00    0.00    9.38
02:44:52 PM   64   69.07    0.00   20.62    0.00    0.00    0.00    0.00    0.00    0.00   10.31
02:44:52 PM   65   68.82    0.00   19.35    0.00    0.00    0.00    0.00    0.00    0.00   11.83
02:44:52 PM   66   68.42    0.00   21.05    0.00    0.00    0.00    0.00    0.00    0.00   10.53
02:44:52 PM   67   71.88    0.00   16.67    0.00    0.00    0.00    0.00    0.00    0.00   11.46
02:44:52 PM   68   69.79    0.00   18.75    1.04    0.00    0.00    0.00    0.00    0.00   10.42
02:44:52 PM   69   71.28    0.00   17.02    0.00    0.00    0.00    0.00    0.00    0.00   11.70
02:44:52 PM   70   73.68    0.00   16.84    0.00    0.00    0.00    0.00    0.00    0.00    9.47
02:44:52 PM   71   70.21    0.00   19.15    1.06    0.00    0.00    0.00    0.00    0.00    9.57
02:44:52 PM   72   71.58    0.00   17.89    0.00    0.00    0.00    0.00    0.00    0.00   10.53
02:44:52 PM   73   70.83    0.00   18.75    0.00    0.00    0.00    0.00    0.00    0.00   10.42
02:44:52 PM   74   69.07    0.00   19.59    1.03    0.00    0.00    0.00    0.00    0.00   10.31
02:44:52 PM   75   72.34    0.00   19.15    0.00    0.00    0.00    0.00    0.00    0.00    8.51
02:44:52 PM   76   72.92    0.00   16.67    0.00    0.00    0.00    0.00    0.00    0.00   10.42
02:44:52 PM   77   69.15    0.00   19.15    1.06    0.00    0.00    0.00    0.00    0.00   10.64
02:44:52 PM   78   70.83    0.00   19.79    0.00    0.00    0.00    0.00    0.00    0.00    9.38
02:44:52 PM   79   77.32    0.00   17.53    0.00    0.00    0.00    0.00    0.00    0.00    5.15

02:45:01 PM  CPU    %usr   %nice    %sys %iowait    %irq   %soft  %steal  %guest  %gnice   %idle
02:45:02 PM  all   72.50    0.00   18.31    0.14    0.00    0.00    0.00    0.00    0.00    9.05
02:45:02 PM    0   73.68    0.00   16.84    0.00    0.00    0.00    0.00    0.00    0.00    9.47
02:45:02 PM    1   74.74    0.00   16.84    0.00    0.00    0.00    0.00    0.00    0.00    8.42
02:45:02 PM    2   73.68    0.00   17.89    0.00    0.00    0.00    0.00    0.00    0.00    8.42
02:45:02 PM    3   73.96    0.00   15.62    1.04    0.00    0.00    0.00    0.00    0.00    9.38
02:45:02 PM    4   74.47    0.00   17.02    0.00    0.00    0.00    0.00    0.00    0.00    8.51
02:45:02 PM    5   72.63    0.00   17.89    0.00    0.00    0.00    0.00    0.00    0.00    9.47
02:45:02 PM    6   72.92    0.00   18.75    0.00    0.00    0.00    0.00    0.00    0.00    8.33
02:45:02 PM    7   73.68    0.00   16.84    0.00    0.00    0.00    0.00    0.00    0.00    9.47
02:45:02 PM    8   72.63    0.00   17.89    0.00    0.00    0.00    0.00    0.00    0.00    9.47
02:45:02 PM    9   71.88    0.00   17.71    0.00    0.00    0.00    0.00    0.00    0.00   10.42
02:45:02 PM   10   72.16    0.00   18.56    0.00    0.00    0.00    0.00    0.00    0.00    9.28
02:45:02 PM   11   73.40    0.00   17.02    0.00    0.00    0.00    0.00    0.00    0.00    9.57
02:45:02 PM   12   73.96    0.00   16.67    0.00    0.00    0.00    0.00    0.00    0.00    9.38
02:45:02 PM   13   73.40    0.00   17.02    0.00    0.00    0.00    0.00    0.00    0.00    9.57
02:45:02 PM   14   75.27    0.00   16.13    0.00    0.00    0.00    0.00    0.00    0.00    8.60
02:45:02 PM   15   70.83    0.00   19.79    0.00    0.00    0.00    0.00    0.00    0.00    9.38
02:45:02 PM   16   70.21    0.00   21.28    0.00    0.00    0.00    0.00    0.00    0.00    8.51
02:45:02 PM   17   72.63    0.00   16.84    0.00    0.00    0.00    0.00    0.00    0.00   10.53
02:45:02 PM   18   72.34    0.00   17.02    0.00    0.00    0.00    0.00    0.00    0.00   10.64
02:45:02 PM   19   70.83    0.00   18.75    0.00    0.00    0.00    0.00    0.00    0.00   10.42
02:45:02 PM   20   73.68    0.00   17.89    0.00    0.00    0.00    0.00    0.00    0.00    8.42
02:45:02 PM   21   74.47    0.00   17.02    0.00    0.00    0.00    0.00    0.00    0.00    8.51
02:45:02 PM   22   72.63    0.00   18.95    0.00    0.00    0.00    0.00    0.00    0.00    8.42
02:45:02 PM   23   72.63    0.00   20.00    0.00    0.00    0.00    0.00    0.00    0.00    7.37
02:45:02 PM   24   72.92    0.00   18.75    0.00    0.00    0.00    0.00    0.00    0.00    8.33
02:45:02 PM   25   74.19    0.00   17.20    0.00    0.00    0.00    0.00    0.00    0.00    8.60
02:45:02 PM   26   75.79    0.00   15.79    0.00    0.00    0.00    0.00    0.00    0.00    8.42
02:45:02 PM   27   69.79    0.00   19.79    1.04    0.00    0.00    0.00    0.00    0.00    9.38
02:45:02 PM   28   74.74    0.00   18.95    0.00    0.00    0.00    0.00    0.00    0.00    6.32
02:45:02 PM   29   70.53    0.00   20.00    1.05    0.00    0.00    0.00    0.00    0.00    8.42
02:45:02 PM   30   73.96    0.00   17.71    1.04    0.00    0.00    0.00    0.00    0.00    7.29
02:45:02 PM   31   73.96    0.00   17.71    0.00    0.00    0.00    0.00    0.00    0.00    8.33
02:45:02 PM   32   73.68    0.00   17.89    0.00    0.00    0.00    0.00    0.00    0.00    8.42
02:45:02 PM   33   72.16    0.00   18.56    1.03    0.00    0.00    0.00    0.00    0.00    8.25
02:45:02 PM   34   71.58    0.00   20.00    0.00    0.00    0.00    0.00    0.00    0.00    8.42
02:45:02 PM   35   73.12    0.00   18.28    0.00    0.00    0.00    0.00    0.00    0.00    8.60
02:45:02 PM   36   70.21    0.00   19.15    1.06    0.00    0.00    0.00    0.00    0.00    9.57
02:45:02 PM   37   72.63    0.00   17.89    0.00    0.00    0.00    0.00    0.00    0.00    9.47
02:45:02 PM   38   73.68    0.00   18.95    0.00    0.00    0.00    0.00    0.00    0.00    7.37
02:45:02 PM   39   71.74    0.00   19.57    0.00    0.00    0.00    0.00    0.00    0.00    8.70
02:45:02 PM   40   73.68    0.00   17.89    0.00    0.00    0.00    0.00    0.00    0.00    8.42
02:45:02 PM   41   72.04    0.00   18.28    0.00    0.00    0.00    0.00    0.00    0.00    9.68
02:45:02 PM   42   72.34    0.00   18.09    0.00    0.00    0.00    0.00    0.00    0.00    9.57
02:45:02 PM   43   71.88    0.00   18.75    0.00    0.00    0.00    0.00    0.00    0.00    9.38
02:45:02 PM   44   71.13    0.00   18.56    0.00    0.00    0.00    0.00    0.00    0.00   10.31
02:45:02 PM   45   72.34    0.00   17.02    0.00    0.00    0.00    0.00    0.00    0.00   10.64
02:45:02 PM   46   72.04    0.00   18.28    0.00    0.00    0.00    0.00    0.00    0.00    9.68
02:45:02 PM   47   70.53    0.00   18.95    0.00    0.00    0.00    0.00    0.00    0.00   10.53
02:45:02 PM   48   71.58    0.00   17.89    0.00    0.00    0.00    0.00    0.00    0.00   10.53
02:45:02 PM   49   72.63    0.00   16.84    0.00    0.00    0.00    0.00    0.00    0.00   10.53
02:45:02 PM   50   71.28    0.00   19.15    0.00    0.00    0.00    0.00    0.00    0.00    9.57
02:45:02 PM   51   70.10    0.00   18.56    1.03    0.00    0.00    0.00    0.00    0.00   10.31
02:45:02 PM   52   74.74    0.00   15.79    0.00    0.00    0.00    0.00    0.00    0.00    9.47
02:45:02 PM   53   72.83    0.00   17.39    0.00    0.00    0.00    0.00    0.00    0.00    9.78
02:45:02 PM   54   69.47    0.00   21.05    1.05    0.00    0.00    0.00    0.00    0.00    8.42
02:45:02 PM   55   72.04    0.00   18.28    0.00    0.00    0.00    0.00    0.00    0.00    9.68
02:45:02 PM   56   73.96    0.00   16.67    0.00    0.00    0.00    0.00    0.00    0.00    9.38
02:45:02 PM   57   72.92    0.00   17.71    0.00    0.00    0.00    0.00    0.00    0.00    9.38
02:45:02 PM   58   74.19    0.00   17.20    0.00    0.00    0.00    0.00    0.00    0.00    8.60
02:45:02 PM   59   70.83    0.00   18.75    0.00    0.00    0.00    0.00    0.00    0.00   10.42
02:45:02 PM   60   72.92    0.00   17.71    0.00    0.00    0.00    0.00    0.00    0.00    9.38
02:45:02 PM   61   73.40    0.00   17.02    0.00    0.00    0.00    0.00    0.00    0.00    9.57
02:45:02 PM   62   70.83    0.00   19.79    0.00    0.00    0.00    0.00    0.00    0.00    9.38
02:45:02 PM   63   71.58    0.00   20.00    0.00    0.00    0.00    0.00    0.00    0.00    8.42
02:45:02 PM   64   69.39    0.00   21.43    0.00    0.00    0.00    0.00    0.00    0.00    9.18
02:45:02 PM   65   71.58    0.00   18.95    0.00    0.00    0.00    0.00    0.00    0.00    9.47
02:45:02 PM   66   72.34    0.00   18.09    0.00    0.00    0.00    0.00    0.00    0.00    9.57
02:45:02 PM   67   71.88    0.00   19.79    0.00    0.00    0.00    0.00    0.00    0.00    8.33
02:45:02 PM   68   75.53    0.00   17.02    0.00    0.00    0.00    0.00    0.00    0.00    7.45
02:45:02 PM   69   72.83    0.00   19.57    0.00    0.00    0.00    0.00    0.00    0.00    7.61
02:45:02 PM   70   71.58    0.00   18.95    0.00    0.00    0.00    0.00    0.00    0.00    9.47
02:45:02 PM   71   70.83    0.00   19.79    0.00    0.00    0.00    0.00    0.00    0.00    9.38
02:45:02 PM   72   73.40    0.00   18.09    0.00    0.00    0.00    0.00    0.00    0.00    8.51
02:45:02 PM   73   70.83    0.00   19.79    1.04    0.00    0.00    0.00    0.00    0.00    8.33
02:45:02 PM   74   74.19    0.00   18.28    0.00    0.00    0.00    0.00    0.00    0.00    7.53
02:45:02 PM   75   72.63    0.00   17.89    0.00    0.00    0.00    0.00    0.00    0.00    9.47
02:45:02 PM   76   71.28    0.00   20.21    0.00    0.00    0.00    0.00    0.00    0.00    8.51
02:45:02 PM   77   71.88    0.00   18.75    0.00    0.00    0.00    0.00    0.00    0.00    9.38
02:45:02 PM   78   72.34    0.00   19.15    1.06    0.00    0.00    0.00    0.00    0.00    7.45
02:45:02 PM   79   69.07    0.00   20.62    1.03    0.00    0.00    0.00    0.00    0.00    9.28

02:45:11 PM  CPU    %usr   %nice    %sys %iowait    %irq   %soft  %steal  %guest  %gnice   %idle
02:45:12 PM  all   71.55    0.00   18.52    0.26    0.00    0.00    0.00    0.00    0.00    9.66
02:45:12 PM    0   70.83    0.00   18.75    1.04    0.00    0.00    0.00    0.00    0.00    9.38
02:45:12 PM    1   74.19    0.00   15.05    0.00    0.00    0.00    0.00    0.00    0.00   10.75
02:45:12 PM    2   70.21    0.00   19.15    0.00    0.00    0.00    0.00    0.00    0.00   10.64
02:45:12 PM    3   69.89    0.00   18.28    0.00    0.00    0.00    0.00    0.00    0.00   11.83
02:45:12 PM    4   75.00    0.00   13.54    1.04    0.00    0.00    0.00    0.00    0.00   10.42
02:45:12 PM    5   71.58    0.00   17.89    0.00    0.00    0.00    0.00    0.00    0.00   10.53
02:45:12 PM    6   70.10    0.00   19.59    1.03    0.00    0.00    0.00    0.00    0.00    9.28
02:45:12 PM    7   70.53    0.00   18.95    0.00    0.00    0.00    0.00    0.00    0.00   10.53
02:45:12 PM    8   72.16    0.00   17.53    0.00    0.00    0.00    0.00    0.00    0.00   10.31
02:45:12 PM    9   71.58    0.00   17.89    0.00    0.00    0.00    0.00    0.00    0.00   10.53
02:45:12 PM   10   71.88    0.00   17.71    0.00    0.00    0.00    0.00    0.00    0.00   10.42
02:45:12 PM   11   71.88    0.00   17.71    0.00    0.00    0.00    0.00    0.00    0.00   10.42
02:45:12 PM   12   71.88    0.00   18.75    0.00    0.00    0.00    0.00    0.00    0.00    9.38
02:45:12 PM   13   72.04    0.00   17.20    0.00    0.00    0.00    0.00    0.00    0.00   10.75
02:45:12 PM   14   71.58    0.00   17.89    1.05    0.00    0.00    0.00    0.00    0.00    9.47
02:45:12 PM   15   73.40    0.00   17.02    0.00    0.00    0.00    0.00    0.00    0.00    9.57
02:45:12 PM   16   72.63    0.00   17.89    0.00    0.00    0.00    0.00    0.00    0.00    9.47
02:45:12 PM   17   71.88    0.00   17.71    1.04    0.00    0.00    0.00    0.00    0.00    9.38
02:45:12 PM   18   73.68    0.00   15.79    0.00    0.00    0.00    0.00    0.00    0.00   10.53
02:45:12 PM   19   72.92    0.00   16.67    1.04    0.00    0.00    0.00    0.00    0.00    9.38
02:45:12 PM   20   71.28    0.00   19.15    0.00    0.00    0.00    0.00    0.00    0.00    9.57
02:45:12 PM   21   70.53    0.00   17.89    1.05    0.00    0.00    0.00    0.00    0.00   10.53
02:45:12 PM   22   69.89    0.00   20.43    0.00    0.00    0.00    0.00    0.00    0.00    9.68
02:45:12 PM   23   70.21    0.00   20.21    0.00    0.00    0.00    0.00    0.00    0.00    9.57
02:45:12 PM   24   71.58    0.00   17.89    0.00    0.00    0.00    0.00    0.00    0.00   10.53
02:45:12 PM   25   70.83    0.00   18.75    0.00    0.00    0.00    0.00    0.00    0.00   10.42
02:45:12 PM   26   71.58    0.00   18.95    1.05    0.00    0.00    0.00    0.00    0.00    8.42
02:45:12 PM   27   70.83    0.00   18.75    1.04    0.00    0.00    0.00    0.00    0.00    9.38
02:45:12 PM   28   69.47    0.00   20.00    1.05    0.00    0.00    0.00    0.00    0.00    9.47
02:45:12 PM   29   71.58    0.00   18.95    0.00    0.00    0.00    0.00    0.00    0.00    9.47
02:45:12 PM   30   70.53    0.00   20.00    0.00    0.00    0.00    0.00    0.00    0.00    9.47
02:45:12 PM   31   71.13    0.00   19.59    0.00    0.00    0.00    0.00    0.00    0.00    9.28
02:45:12 PM   32   72.92    0.00   19.79    0.00    0.00    0.00    0.00    0.00    0.00    7.29
02:45:12 PM   33   71.28    0.00   19.15    0.00    0.00    0.00    0.00    0.00    0.00    9.57
02:45:12 PM   34   72.34    0.00   18.09    0.00    0.00    0.00    0.00    0.00    0.00    9.57
02:45:12 PM   35   70.10    0.00   19.59    1.03    0.00    0.00    0.00    0.00    0.00    9.28
02:45:12 PM   36   69.79    0.00   19.79    0.00    0.00    0.00    0.00    0.00    0.00   10.42
02:45:12 PM   37   74.23    0.00   16.49    0.00    0.00    0.00    0.00    0.00    0.00    9.28
02:45:12 PM   38   70.53    0.00   17.89    1.05    0.00    0.00    0.00    0.00    0.00   10.53
02:45:12 PM   39   72.16    0.00   17.53    1.03    0.00    0.00    0.00    0.00    0.00    9.28
02:45:12 PM   40   72.04    0.00   18.28    0.00    0.00    0.00    0.00    0.00    0.00    9.68
02:45:12 PM   41   68.04    0.00   20.62    1.03    0.00    0.00    0.00    0.00    0.00   10.31
02:45:12 PM   42   74.19    0.00   16.13    0.00    0.00    0.00    0.00    0.00    0.00    9.68
02:45:12 PM   43   70.10    0.00   19.59    0.00    0.00    0.00    0.00    0.00    0.00   10.31
02:45:12 PM   44   71.28    0.00   19.15    0.00    0.00    0.00    0.00    0.00    0.00    9.57
02:45:12 PM   45   71.88    0.00   17.71    0.00    0.00    0.00    0.00    0.00    0.00   10.42
02:45:12 PM   46   73.20    0.00   18.56    0.00    0.00    0.00    0.00    0.00    0.00    8.25
02:45:12 PM   47   68.09    0.00   21.28    0.00    0.00    0.00    0.00    0.00    0.00   10.64
02:45:12 PM   48   73.40    0.00   18.09    0.00    0.00    0.00    0.00    0.00    0.00    8.51
02:45:12 PM   49   71.88    0.00   18.75    0.00    0.00    0.00    0.00    0.00    0.00    9.38
02:45:12 PM   50   69.79    0.00   19.79    1.04    0.00    0.00    0.00    0.00    0.00    9.38
02:45:12 PM   51   73.68    0.00   15.79    0.00    0.00    0.00    0.00    0.00    0.00   10.53
02:45:12 PM   52   69.79    0.00   19.79    0.00    0.00    0.00    0.00    0.00    0.00   10.42
02:45:12 PM   53   69.47    0.00   18.95    1.05    0.00    0.00    0.00    0.00    0.00   10.53
02:45:12 PM   54   70.53    0.00   20.00    0.00    0.00    0.00    0.00    0.00    0.00    9.47
02:45:12 PM   55   73.96    0.00   18.75    0.00    0.00    0.00    0.00    0.00    0.00    7.29
02:45:12 PM   56   72.63    0.00   17.89    0.00    0.00    0.00    0.00    0.00    0.00    9.47
02:45:12 PM   57   73.96    0.00   17.71    0.00    0.00    0.00    0.00    0.00    0.00    8.33
02:45:12 PM   58   72.34    0.00   17.02    1.06    0.00    0.00    0.00    0.00    0.00    9.57
02:45:12 PM   59   70.53    0.00   20.00    0.00    0.00    0.00    0.00    0.00    0.00    9.47
02:45:12 PM   60   74.74    0.00   15.79    0.00    0.00    0.00    0.00    0.00    0.00    9.47
02:45:12 PM   61   69.89    0.00   19.35    0.00    0.00    0.00    0.00    0.00    0.00   10.75
02:45:12 PM   62   74.74    0.00   18.95    0.00    0.00    0.00    0.00    0.00    0.00    6.32
02:45:12 PM   63   71.58    0.00   17.89    0.00    0.00    0.00    0.00    0.00    0.00   10.53
02:45:12 PM   64   69.79    0.00   18.75    1.04    0.00    0.00    0.00    0.00    0.00   10.42
02:45:12 PM   65   72.63    0.00   17.89    0.00    0.00    0.00    0.00    0.00    0.00    9.47
02:45:12 PM   66   71.88    0.00   18.75    0.00    0.00    0.00    0.00    0.00    0.00    9.38
02:45:12 PM   67   70.83    0.00   19.79    0.00    0.00    0.00    0.00    0.00    0.00    9.38
02:45:12 PM   68   70.83    0.00   19.79    0.00    0.00    0.00    0.00    0.00    0.00    9.38
02:45:12 PM   69   70.21    0.00   19.15    0.00    0.00    0.00    0.00    0.00    0.00   10.64
02:45:12 PM   70   72.34    0.00   18.09    0.00    0.00    0.00    0.00    0.00    0.00    9.57
02:45:12 PM   71   70.21    0.00   20.21    0.00    0.00    0.00    0.00    0.00    0.00    9.57
02:45:12 PM   72   73.68    0.00   16.84    0.00    0.00    0.00    0.00    0.00    0.00    9.47
02:45:12 PM   73   70.53    0.00   18.95    0.00    0.00    0.00    0.00    0.00    0.00   10.53
02:45:12 PM   74   71.58    0.00   18.95    0.00    0.00    0.00    0.00    0.00    0.00    9.47
02:45:12 PM   75   71.58    0.00   18.95    0.00    0.00    0.00    0.00    0.00    0.00    9.47
02:45:12 PM   76   71.13    0.00   18.56    1.03    0.00    0.00    0.00    0.00    0.00    9.28
02:45:12 PM   77   70.10    0.00   20.62    1.03    0.00    0.00    0.00    0.00    0.00    8.25
02:45:12 PM   78   71.58    0.00   21.05    0.00    0.00    0.00    0.00    0.00    0.00    7.37
02:45:12 PM   79   70.83    0.00   19.79    0.00    0.00    0.00    0.00    0.00    0.00    9.38

02:45:21 PM  CPU    %usr   %nice    %sys %iowait    %irq   %soft  %steal  %guest  %gnice   %idle
02:45:22 PM  all   70.49    0.00   18.17    0.32    0.00    0.00    0.00    0.00    0.00   11.02
02:45:22 PM    0   69.39    0.00   19.39    1.02    0.00    0.00    0.00    0.00    0.00   10.20
02:45:22 PM    1   70.53    0.00   17.89    0.00    0.00    0.00    0.00    0.00    0.00   11.58
02:45:22 PM    2   69.47    0.00   18.95    0.00    0.00    0.00    0.00    0.00    0.00   11.58
02:45:22 PM    3   68.42    0.00   21.05    0.00    0.00    0.00    0.00    0.00    0.00   10.53
02:45:22 PM    4   70.53    0.00   18.95    0.00    0.00    0.00    0.00    0.00    0.00   10.53
02:45:22 PM    5   72.34    0.00   17.02    0.00    0.00    0.00    0.00    0.00    0.00   10.64
02:45:22 PM    6   71.88    0.00   16.67    0.00    0.00    0.00    0.00    0.00    0.00   11.46
02:45:22 PM    7   72.16    0.00   17.53    0.00    0.00    0.00    0.00    0.00    0.00   10.31
02:45:22 PM    8   72.92    0.00   15.62    0.00    0.00    0.00    0.00    0.00    0.00   11.46
02:45:22 PM    9   68.09    0.00   19.15    1.06    0.00    0.00    0.00    0.00    0.00   11.70
02:45:22 PM   10   69.79    0.00   17.71    1.04    0.00    0.00    0.00    0.00    0.00   11.46
02:45:22 PM   11   70.97    0.00   18.28    0.00    0.00    0.00    0.00    0.00    0.00   10.75
02:45:22 PM   12   71.58    0.00   17.89    0.00    0.00    0.00    0.00    0.00    0.00   10.53
02:45:22 PM   13   71.58    0.00   16.84    0.00    0.00    0.00    0.00    0.00    0.00   11.58
02:45:22 PM   14   70.53    0.00   17.89    0.00    0.00    0.00    0.00    0.00    0.00   11.58
02:45:22 PM   15   70.53    0.00   17.89    0.00    0.00    0.00    0.00    0.00    0.00   11.58
02:45:22 PM   16   70.21    0.00   18.09    0.00    0.00    0.00    0.00    0.00    0.00   11.70
02:45:22 PM   17   70.97    0.00   17.20    0.00    0.00    0.00    0.00    0.00    0.00   11.83
02:45:22 PM   18   72.34    0.00   17.02    0.00    0.00    0.00    0.00    0.00    0.00   10.64
02:45:22 PM   19   71.88    0.00   16.67    0.00    0.00    0.00    0.00    0.00    0.00   11.46
02:45:22 PM   20   70.21    0.00   19.15    0.00    0.00    0.00    0.00    0.00    0.00   10.64
02:45:22 PM   21   65.98    0.00   21.65    1.03    0.00    0.00    0.00    0.00    0.00   11.34
02:45:22 PM   22   70.10    0.00   18.56    1.03    0.00    0.00    0.00    0.00    0.00   10.31
02:45:22 PM   23   69.07    0.00   19.59    0.00    0.00    0.00    0.00    0.00    0.00   11.34
02:45:22 PM   24   70.53    0.00   17.89    0.00    0.00    0.00    0.00    0.00    0.00   11.58
02:45:22 PM   25   75.26    0.00   18.56    0.00    0.00    0.00    0.00    0.00    0.00    6.19
02:45:22 PM   26   72.63    0.00   15.79    0.00    0.00    0.00    0.00    0.00    0.00   11.58
02:45:22 PM   27   67.71    0.00   19.79    1.04    0.00    0.00    0.00    0.00    0.00   11.46
02:45:22 PM   28   68.37    0.00   19.39    1.02    0.00    0.00    0.00    0.00    0.00   11.22
02:45:22 PM   29   72.04    0.00   17.20    0.00    0.00    0.00    0.00    0.00    0.00   10.75
02:45:22 PM   30   71.28    0.00   17.02    1.06    0.00    0.00    0.00    0.00    0.00   10.64
02:45:22 PM   31   68.42    0.00   18.95    1.05    0.00    0.00    0.00    0.00    0.00   11.58
02:45:22 PM   32   71.58    0.00   17.89    0.00    0.00    0.00    0.00    0.00    0.00   10.53
02:45:22 PM   33   69.89    0.00   18.28    0.00    0.00    0.00    0.00    0.00    0.00   11.83
02:45:22 PM   34   70.21    0.00   18.09    1.06    0.00    0.00    0.00    0.00    0.00   10.64
02:45:22 PM   35   69.15    0.00   19.15    0.00    0.00    0.00    0.00    0.00    0.00   11.70
02:45:22 PM   36   68.42    0.00   18.95    1.05    0.00    0.00    0.00    0.00    0.00   11.58
02:45:22 PM   37   70.83    0.00   17.71    1.04    0.00    0.00    0.00    0.00    0.00   10.42
02:45:22 PM   38   70.53    0.00   16.84    0.00    0.00    0.00    0.00    0.00    0.00   12.63
02:45:22 PM   39   70.21    0.00   18.09    0.00    0.00    0.00    0.00    0.00    0.00   11.70
02:45:22 PM   40   71.13    0.00   17.53    1.03    0.00    0.00    0.00    0.00    0.00   10.31
02:45:22 PM   41   71.58    0.00   17.89    0.00    0.00    0.00    0.00    0.00    0.00   10.53
02:45:22 PM   42   72.16    0.00   15.46    1.03    0.00    0.00    0.00    0.00    0.00   11.34
02:45:22 PM   43   68.75    0.00   19.79    0.00    0.00    0.00    0.00    0.00    0.00   11.46
02:45:22 PM   44   71.28    0.00   17.02    0.00    0.00    0.00    0.00    0.00    0.00   11.70
02:45:22 PM   45   69.39    0.00   18.37    1.02    0.00    0.00    0.00    0.00    0.00   11.22
02:45:22 PM   46   70.53    0.00   17.89    0.00    0.00    0.00    0.00    0.00    0.00   11.58
02:45:22 PM   47   72.04    0.00   17.20    0.00    0.00    0.00    0.00    0.00    0.00   10.75
02:45:22 PM   48   68.75    0.00   18.75    1.04    0.00    0.00    0.00    0.00    0.00   11.46
02:45:22 PM   49   74.23    0.00   14.43    0.00    0.00    0.00    0.00    0.00    0.00   11.34
02:45:22 PM   50   68.42    0.00   18.95    1.05    0.00    0.00    0.00    0.00    0.00   11.58
02:45:22 PM   51   71.88    0.00   17.71    0.00    0.00    0.00    0.00    0.00    0.00   10.42
02:45:22 PM   52   70.21    0.00   19.15    0.00    0.00    0.00    0.00    0.00    0.00   10.64
02:45:22 PM   53   70.83    0.00   17.71    0.00    0.00    0.00    0.00    0.00    0.00   11.46
02:45:22 PM   54   72.92    0.00   15.62    0.00    0.00    0.00    0.00    0.00    0.00   11.46
02:45:22 PM   55   69.47    0.00   20.00    0.00    0.00    0.00    0.00    0.00    0.00   10.53
02:45:22 PM   56   68.09    0.00   21.28    0.00    0.00    0.00    0.00    0.00    0.00   10.64
02:45:22 PM   57   70.53    0.00   17.89    0.00    0.00    0.00    0.00    0.00    0.00   11.58
02:45:22 PM   58   72.04    0.00   16.13    0.00    0.00    0.00    0.00    0.00    0.00   11.83
02:45:22 PM   59   71.58    0.00   17.89    0.00    0.00    0.00    0.00    0.00    0.00   10.53
02:45:22 PM   60   70.21    0.00   18.09    1.06    0.00    0.00    0.00    0.00    0.00   10.64
02:45:22 PM   61   71.28    0.00   18.09    0.00    0.00    0.00    0.00    0.00    0.00   10.64
02:45:22 PM   62   70.10    0.00   17.53    1.03    0.00    0.00    0.00    0.00    0.00   11.34
02:45:22 PM   63   71.13    0.00   17.53    1.03    0.00    0.00    0.00    0.00    0.00   10.31
02:45:22 PM   64   70.21    0.00   20.21    0.00    0.00    0.00    0.00    0.00    0.00    9.57
02:45:22 PM   65   70.53    0.00   18.95    0.00    0.00    0.00    0.00    0.00    0.00   10.53
02:45:22 PM   66   70.53    0.00   17.89    1.05    0.00    0.00    0.00    0.00    0.00   10.53
02:45:22 PM   67   69.47    0.00   18.95    0.00    0.00    0.00    0.00    0.00    0.00   11.58
02:45:22 PM   68   68.75    0.00   19.79    1.04    0.00    0.00    0.00    0.00    0.00   10.42
02:45:22 PM   69   72.34    0.00   15.96    0.00    0.00    0.00    0.00    0.00    0.00   11.70
02:45:22 PM   70   68.42    0.00   20.00    1.05    0.00    0.00    0.00    0.00    0.00   10.53
02:45:22 PM   71   70.83    0.00   17.71    0.00    0.00    0.00    0.00    0.00    0.00   11.46
02:45:22 PM   72   71.28    0.00   18.09    0.00    0.00    0.00    0.00    0.00    0.00   10.64
02:45:22 PM   73   70.83    0.00   17.71    0.00    0.00    0.00    0.00    0.00    0.00   11.46
02:45:22 PM   74   66.67    0.00   22.92    0.00    0.00    0.00    0.00    0.00    0.00   10.42
02:45:22 PM   75   70.97    0.00   17.20    0.00    0.00    0.00    0.00    0.00    0.00   11.83
02:45:22 PM   76   71.28    0.00   18.09    0.00    0.00    0.00    0.00    0.00    0.00   10.64
02:45:22 PM   77   70.10    0.00   18.56    1.03    0.00    0.00    0.00    0.00    0.00   10.31
02:45:22 PM   78   69.47    0.00   18.95    0.00    0.00    0.00    0.00    0.00    0.00   11.58
02:45:22 PM   79   70.83    0.00   18.75    0.00    0.00    0.00    0.00    0.00    0.00   10.42

