Linux 6.8.0-60-generic (beast-node4.tp.int.percona.com) 	09/08/2026 	_x86_64_	(80 CPU)

06:27:56 PM  CPU    %usr   %nice    %sys %iowait    %irq   %soft  %steal  %guest  %gnice   %idle
06:27:57 PM  all   10.02    0.00   13.31    2.18    0.00    0.00    0.00    0.00    0.00   74.49
06:27:57 PM    0    9.38    0.00   13.54    1.04    0.00    0.00    0.00    0.00    0.00   76.04
06:27:57 PM    1   10.31    0.00   12.37    2.06    0.00    0.00    0.00    0.00    0.00   75.26
06:27:57 PM    2   11.46    0.00   15.62    8.33    0.00    0.00    0.00    0.00    0.00   64.58
06:27:57 PM    3    9.28    0.00   13.40    4.12    0.00    0.00    0.00    0.00    0.00   73.20
06:27:57 PM    4   13.27    0.00   11.22    2.04    0.00    0.00    0.00    0.00    0.00   73.47
06:27:57 PM    5   14.74    0.00   15.79   25.26    0.00    0.00    0.00    0.00    0.00   44.21
06:27:57 PM    6   10.53    0.00   12.63    2.11    0.00    0.00    0.00    0.00    0.00   74.74
06:27:57 PM    7   13.54    0.00   16.67   37.50    0.00    0.00    0.00    0.00    0.00   32.29
06:27:57 PM    8   15.62    0.00   14.58    1.04    0.00    0.00    0.00    0.00    0.00   68.75
06:27:57 PM    9    9.38    0.00   13.54    4.17    0.00    0.00    0.00    0.00    0.00   72.92
06:27:57 PM   10   10.42    0.00   12.50    1.04    0.00    0.00    0.00    0.00    0.00   76.04
06:27:57 PM   11    9.38    0.00   12.50    2.08    0.00    0.00    0.00    0.00    0.00   76.04
06:27:57 PM   12   11.46    0.00   11.46    2.08    0.00    0.00    0.00    0.00    0.00   75.00
06:27:57 PM   13   13.68    0.00   12.63    3.16    0.00    0.00    0.00    0.00    0.00   70.53
06:27:57 PM   14   10.31    0.00   12.37    0.00    0.00    0.00    0.00    0.00    0.00   77.32
06:27:57 PM   15    8.25    0.00   12.37    2.06    0.00    0.00    0.00    0.00    0.00   77.32
06:27:57 PM   16   10.42    0.00   13.54    2.08    0.00    0.00    0.00    0.00    0.00   73.96
06:27:57 PM   17    9.28    0.00   12.37    1.03    0.00    0.00    0.00    0.00    0.00   77.32
06:27:57 PM   18    8.42    0.00   12.63    2.11    0.00    0.00    0.00    0.00    0.00   76.84
06:27:57 PM   19    9.57    0.00   12.77    1.06    0.00    0.00    0.00    0.00    0.00   76.60
06:27:57 PM   20    9.28    0.00   13.40    0.00    0.00    0.00    0.00    0.00    0.00   77.32
06:27:57 PM   21   11.34    0.00   13.40    0.00    0.00    0.00    0.00    0.00    0.00   75.26
06:27:57 PM   22    9.38    0.00   13.54    0.00    0.00    0.00    0.00    0.00    0.00   77.08
06:27:57 PM   23    9.38    0.00   13.54    0.00    0.00    0.00    0.00    0.00    0.00   77.08
06:27:57 PM   24   15.46    0.00   13.40    0.00    0.00    0.00    0.00    0.00    0.00   71.13
06:27:57 PM   25   10.42    0.00   14.58    0.00    0.00    0.00    0.00    0.00    0.00   75.00
06:27:57 PM   26   14.58    0.00   16.67    0.00    0.00    0.00    0.00    0.00    0.00   68.75
06:27:57 PM   27   10.31    0.00   17.53    0.00    0.00    0.00    0.00    0.00    0.00   72.16
06:27:57 PM   28   10.20    0.00   16.33    0.00    0.00    0.00    0.00    0.00    0.00   73.47
06:27:57 PM   29   10.31    0.00   14.43    0.00    0.00    0.00    0.00    0.00    0.00   75.26
06:27:57 PM   30    7.45    0.00   17.02    0.00    0.00    0.00    0.00    0.00    0.00   75.53
06:27:57 PM   31    8.16    0.00   15.31    0.00    0.00    0.00    0.00    0.00    0.00   76.53
06:27:57 PM   32    9.28    0.00   12.37    0.00    0.00    0.00    0.00    0.00    0.00   78.35
06:27:57 PM   33    9.47    0.00   14.74    0.00    0.00    0.00    0.00    0.00    0.00   75.79
06:27:57 PM   34    9.28    0.00   15.46    0.00    0.00    0.00    0.00    0.00    0.00   75.26
06:27:57 PM   35   10.31    0.00   13.40    0.00    0.00    0.00    0.00    0.00    0.00   76.29
06:27:57 PM   36    8.42    0.00   13.68    0.00    0.00    0.00    0.00    0.00    0.00   77.89
06:27:57 PM   37   19.59    0.00   15.46    0.00    0.00    0.00    0.00    0.00    0.00   64.95
06:27:57 PM   38   14.43    0.00   15.46    0.00    0.00    0.00    0.00    0.00    0.00   70.10
06:27:57 PM   39    9.28    0.00   15.46    0.00    0.00    0.00    0.00    0.00    0.00   75.26
06:27:57 PM   40    9.47    0.00   12.63    1.05    0.00    0.00    0.00    0.00    0.00   76.84
06:27:57 PM   41    9.38    0.00   10.42   10.42    0.00    0.00    0.00    0.00    0.00   69.79
06:27:57 PM   42   11.46    0.00   14.58   23.96    0.00    0.00    0.00    0.00    0.00   50.00
06:27:57 PM   43    8.33    0.00   11.46    4.17    0.00    0.00    0.00    0.00    0.00   76.04
06:27:57 PM   44   10.42    0.00   11.46    3.12    0.00    0.00    0.00    0.00    0.00   75.00
06:27:57 PM   45   12.37    0.00   13.40    2.06    0.00    0.00    0.00    0.00    0.00   72.16
06:27:57 PM   46   10.42    0.00   13.54    2.08    0.00    0.00    0.00    0.00    0.00   73.96
06:27:57 PM   47    8.42    0.00   12.63    2.11    0.00    0.00    0.00    0.00    0.00   76.84
06:27:57 PM   48   10.31    0.00    8.25    3.09    0.00    0.00    0.00    0.00    0.00   78.35
06:27:57 PM   49    7.29    0.00   12.50    3.12    0.00    0.00    0.00    0.00    0.00   77.08
06:27:57 PM   50    7.37    0.00   10.53    0.00    0.00    0.00    0.00    0.00    0.00   82.11
06:27:57 PM   51    9.28    0.00   13.40    1.03    0.00    0.00    0.00    0.00    0.00   76.29
06:27:57 PM   52   11.22    0.00   11.22    2.04    0.00    0.00    0.00    0.00    0.00   75.51
06:27:57 PM   53   16.49    0.00   15.46    2.06    0.00    0.00    0.00    0.00    0.00   65.98
06:27:57 PM   54   10.20    0.00   10.20    1.02    0.00    0.00    0.00    0.00    0.00   78.57
06:27:57 PM   55    9.28    0.00   10.31    3.09    0.00    0.00    0.00    0.00    0.00   77.32
06:27:57 PM   56    8.33    0.00   12.50    1.04    0.00    0.00    0.00    0.00    0.00   78.12
06:27:57 PM   57    8.33    0.00   11.46    1.04    0.00    0.00    0.00    0.00    0.00   79.17
06:27:57 PM   58    8.16    0.00   12.24    2.04    0.00    0.00    0.00    0.00    0.00   77.55
06:27:57 PM   59    9.47    0.00   10.53    2.11    0.00    0.00    0.00    0.00    0.00   77.89
06:27:57 PM   60    8.25    0.00   14.43    0.00    0.00    0.00    0.00    0.00    0.00   77.32
06:27:57 PM   61    7.29    0.00   13.54    0.00    0.00    0.00    0.00    0.00    0.00   79.17
06:27:57 PM   62    9.28    0.00   14.43    0.00    0.00    0.00    0.00    0.00    0.00   76.29
06:27:57 PM   63    8.42    0.00   12.63    0.00    0.00    0.00    0.00    0.00    0.00   78.95
06:27:57 PM   64    9.28    0.00   14.43    0.00    0.00    0.00    0.00    0.00    0.00   76.29
06:27:57 PM   65    9.57    0.00   12.77    0.00    0.00    0.00    0.00    0.00    0.00   77.66
06:27:57 PM   66    7.29    0.00   11.46    0.00    0.00    0.00    0.00    0.00    0.00   81.25
06:27:57 PM   67    8.25    0.00   13.40    0.00    0.00    0.00    0.00    0.00    0.00   78.35
06:27:57 PM   68    7.45    0.00   12.77    0.00    0.00    0.00    0.00    0.00    0.00   79.79
06:27:57 PM   69    8.33    0.00   13.54    0.00    0.00    0.00    0.00    0.00    0.00   78.12
06:27:57 PM   70    9.38    0.00   12.50    0.00    0.00    0.00    0.00    0.00    0.00   78.12
06:27:57 PM   71    8.16    0.00   15.31    0.00    0.00    0.00    0.00    0.00    0.00   76.53
06:27:57 PM   72    8.42    0.00   14.74    0.00    0.00    0.00    0.00    0.00    0.00   76.84
06:27:57 PM   73    8.42    0.00   10.53    0.00    0.00    0.00    0.00    0.00    0.00   81.05
06:27:57 PM   74   10.31    0.00   14.43    0.00    0.00    0.00    0.00    0.00    0.00   75.26
06:27:57 PM   75   10.10    0.00   13.13    0.00    0.00    0.00    0.00    0.00    0.00   76.77
06:27:57 PM   76    7.37    0.00   13.68    0.00    0.00    0.00    0.00    0.00    0.00   78.95
06:27:57 PM   77    9.38    0.00   12.50    0.00    0.00    0.00    0.00    0.00    0.00   78.12
06:27:57 PM   78    8.25    0.00   12.37    0.00    0.00    0.00    0.00    0.00    0.00   79.38
06:27:57 PM   79    7.29    0.00   13.54    0.00    0.00    0.00    0.00    0.00    0.00   79.17

06:28:06 PM  CPU    %usr   %nice    %sys %iowait    %irq   %soft  %steal  %guest  %gnice   %idle
06:28:07 PM  all   33.14    0.00   44.67    0.34    0.00    0.00    0.00    0.00    0.00   21.85
06:28:07 PM    0   32.26    0.00   45.16    1.08    0.00    0.00    0.00    0.00    0.00   21.51
06:28:07 PM    1   32.99    0.00   44.33    0.00    0.00    0.00    0.00    0.00    0.00   22.68
06:28:07 PM    2   31.91    0.00   44.68    0.00    0.00    0.00    0.00    0.00    0.00   23.40
06:28:07 PM    3   32.98    0.00   44.68    0.00    0.00    0.00    0.00    0.00    0.00   22.34
06:28:07 PM    4   33.33    0.00   43.75    0.00    0.00    0.00    0.00    0.00    0.00   22.92
06:28:07 PM    5   30.53    0.00   46.32    1.05    0.00    0.00    0.00    0.00    0.00   22.11
06:28:07 PM    6   35.42    0.00   41.67    1.04    0.00    0.00    0.00    0.00    0.00   21.88
06:28:07 PM    7   32.61    0.00   44.57    0.00    0.00    0.00    0.00    0.00    0.00   22.83
06:28:07 PM    8   31.52    0.00   45.65    0.00    0.00    0.00    0.00    0.00    0.00   22.83
06:28:07 PM    9   29.47    0.00   48.42    0.00    0.00    0.00    0.00    0.00    0.00   22.11
06:28:07 PM   10   32.63    0.00   44.21    1.05    0.00    0.00    0.00    0.00    0.00   22.11
06:28:07 PM   11   32.63    0.00   44.21    1.05    0.00    0.00    0.00    0.00    0.00   22.11
06:28:07 PM   12   32.63    0.00   44.21    1.05    0.00    0.00    0.00    0.00    0.00   22.11
06:28:07 PM   13   34.02    0.00   44.33    0.00    0.00    0.00    0.00    0.00    0.00   21.65
06:28:07 PM   14   32.29    0.00   45.83    0.00    0.00    0.00    0.00    0.00    0.00   21.88
06:28:07 PM   15   32.63    0.00   46.32    0.00    0.00    0.00    0.00    0.00    0.00   21.05
06:28:07 PM   16   31.25    0.00   45.83    1.04    0.00    0.00    0.00    0.00    0.00   21.88
06:28:07 PM   17   30.53    0.00   46.32    1.05    0.00    0.00    0.00    0.00    0.00   22.11
06:28:07 PM   18   32.63    0.00   45.26    0.00    0.00    0.00    0.00    0.00    0.00   22.11
06:28:07 PM   19   34.04    0.00   43.62    0.00    0.00    0.00    0.00    0.00    0.00   22.34
06:28:07 PM   20   35.11    0.00   43.62    0.00    0.00    0.00    0.00    0.00    0.00   21.28
06:28:07 PM   21   30.85    0.00   46.81    1.06    0.00    0.00    0.00    0.00    0.00   21.28
06:28:07 PM   22   32.29    0.00   45.83    0.00    0.00    0.00    0.00    0.00    0.00   21.88
06:28:07 PM   23   31.91    0.00   45.74    0.00    0.00    0.00    0.00    0.00    0.00   22.34
06:28:07 PM   24   31.25    0.00   46.88    0.00    0.00    0.00    0.00    0.00    0.00   21.88
06:28:07 PM   25   34.04    0.00   44.68    0.00    0.00    0.00    0.00    0.00    0.00   21.28
06:28:07 PM   26   33.68    0.00   44.21    1.05    0.00    0.00    0.00    0.00    0.00   21.05
06:28:07 PM   27   32.63    0.00   46.32    0.00    0.00    0.00    0.00    0.00    0.00   21.05
06:28:07 PM   28   34.38    0.00   43.75    0.00    0.00    0.00    0.00    0.00    0.00   21.88
06:28:07 PM   29   34.02    0.00   44.33    0.00    0.00    0.00    0.00    0.00    0.00   21.65
06:28:07 PM   30   32.98    0.00   45.74    0.00    0.00    0.00    0.00    0.00    0.00   21.28
06:28:07 PM   31   34.02    0.00   43.30    1.03    0.00    0.00    0.00    0.00    0.00   21.65
06:28:07 PM   32   33.33    0.00   45.16    0.00    0.00    0.00    0.00    0.00    0.00   21.51
06:28:07 PM   33   35.11    0.00   42.55    0.00    0.00    0.00    0.00    0.00    0.00   22.34
06:28:07 PM   34   36.84    0.00   42.11    0.00    0.00    0.00    0.00    0.00    0.00   21.05
06:28:07 PM   35   33.68    0.00   45.26    0.00    0.00    0.00    0.00    0.00    0.00   21.05
06:28:07 PM   36   31.58    0.00   45.26    1.05    0.00    0.00    0.00    0.00    0.00   22.11
06:28:07 PM   37   32.98    0.00   45.74    0.00    0.00    0.00    0.00    0.00    0.00   21.28
06:28:07 PM   38   35.48    0.00   43.01    0.00    0.00    0.00    0.00    0.00    0.00   21.51
06:28:07 PM   39   33.67    0.00   43.88    1.02    0.00    0.00    0.00    0.00    0.00   21.43
06:28:07 PM   40   33.33    0.00   43.75    0.00    0.00    0.00    0.00    0.00    0.00   22.92
06:28:07 PM   41   34.74    0.00   43.16    0.00    0.00    0.00    0.00    0.00    0.00   22.11
06:28:07 PM   42   31.25    0.00   46.88    1.04    0.00    0.00    0.00    0.00    0.00   20.83
06:28:07 PM   43   30.85    0.00   46.81    0.00    0.00    0.00    0.00    0.00    0.00   22.34
06:28:07 PM   44   31.18    0.00   46.24    0.00    0.00    0.00    0.00    0.00    0.00   22.58
06:28:07 PM   45   32.29    0.00   45.83    0.00    0.00    0.00    0.00    0.00    0.00   21.88
06:28:07 PM   46   30.53    0.00   47.37    0.00    0.00    0.00    0.00    0.00    0.00   22.11
06:28:07 PM   47   34.38    0.00   43.75    0.00    0.00    0.00    0.00    0.00    0.00   21.88
06:28:07 PM   48   31.96    0.00   45.36    1.03    0.00    0.00    0.00    0.00    0.00   21.65
06:28:07 PM   49   33.33    0.00   44.79    0.00    0.00    0.00    0.00    0.00    0.00   21.88
06:28:07 PM   50   31.91    0.00   45.74    0.00    0.00    0.00    0.00    0.00    0.00   22.34
06:28:07 PM   51   32.26    0.00   45.16    1.08    0.00    0.00    0.00    0.00    0.00   21.51
06:28:07 PM   52   31.25    0.00   45.83    0.00    0.00    0.00    0.00    0.00    0.00   22.92
06:28:07 PM   53   34.04    0.00   43.62    0.00    0.00    0.00    0.00    0.00    0.00   22.34
06:28:07 PM   54   34.02    0.00   44.33    0.00    0.00    0.00    0.00    0.00    0.00   21.65
06:28:07 PM   55   33.68    0.00   44.21    0.00    0.00    0.00    0.00    0.00    0.00   22.11
06:28:07 PM   56   30.77    0.00   47.25    0.00    0.00    0.00    0.00    0.00    0.00   21.98
06:28:07 PM   57   32.63    0.00   44.21    1.05    0.00    0.00    0.00    0.00    0.00   22.11
06:28:07 PM   58   34.38    0.00   43.75    0.00    0.00    0.00    0.00    0.00    0.00   21.88
06:28:07 PM   59   30.85    0.00   46.81    0.00    0.00    0.00    0.00    0.00    0.00   22.34
06:28:07 PM   60   33.33    0.00   44.79    0.00    0.00    0.00    0.00    0.00    0.00   21.88
06:28:07 PM   61   35.11    0.00   43.62    0.00    0.00    0.00    0.00    0.00    0.00   21.28
06:28:07 PM   62   36.08    0.00   42.27    1.03    0.00    0.00    0.00    0.00    0.00   20.62
06:28:07 PM   63   35.42    0.00   42.71    0.00    0.00    0.00    0.00    0.00    0.00   21.88
06:28:07 PM   64   35.42    0.00   42.71    1.04    0.00    0.00    0.00    0.00    0.00   20.83
06:28:07 PM   65   35.42    0.00   41.67    1.04    0.00    0.00    0.00    0.00    0.00   21.88
06:28:07 PM   66   38.54    0.00   40.62    1.04    0.00    0.00    0.00    0.00    0.00   19.79
06:28:07 PM   67   34.04    0.00   43.62    0.00    0.00    0.00    0.00    0.00    0.00   22.34
06:28:07 PM   68   32.65    0.00   45.92    0.00    0.00    0.00    0.00    0.00    0.00   21.43
06:28:07 PM   69   34.41    0.00   44.09    0.00    0.00    0.00    0.00    0.00    0.00   21.51
06:28:07 PM   70   34.02    0.00   43.30    1.03    0.00    0.00    0.00    0.00    0.00   21.65
06:28:07 PM   71   36.46    0.00   41.67    0.00    0.00    0.00    0.00    0.00    0.00   21.88
06:28:07 PM   72   32.98    0.00   44.68    0.00    0.00    0.00    0.00    0.00    0.00   22.34
06:28:07 PM   73   35.42    0.00   41.67    1.04    0.00    0.00    0.00    0.00    0.00   21.88
06:28:07 PM   74   35.11    0.00   42.55    0.00    0.00    0.00    0.00    0.00    0.00   22.34
06:28:07 PM   75   30.85    0.00   46.81    0.00    0.00    0.00    0.00    0.00    0.00   22.34
06:28:07 PM   76   32.29    0.00   44.79    1.04    0.00    0.00    0.00    0.00    0.00   21.88
06:28:07 PM   77   32.26    0.00   46.24    0.00    0.00    0.00    0.00    0.00    0.00   21.51
06:28:07 PM   78   32.63    0.00   45.26    1.05    0.00    0.00    0.00    0.00    0.00   21.05
06:28:07 PM   79   30.21    0.00   46.88    1.04    0.00    0.00    0.00    0.00    0.00   21.88

06:28:16 PM  CPU    %usr   %nice    %sys %iowait    %irq   %soft  %steal  %guest  %gnice   %idle
06:28:17 PM  all   31.85    0.00   38.28    0.57    0.00    0.00    0.00    0.00    0.00   29.31
06:28:17 PM    0   31.18    0.00   39.78    1.08    0.00    0.00    0.00    0.00    0.00   27.96
06:28:17 PM    1   31.91    0.00   38.30    1.06    0.00    0.00    0.00    0.00    0.00   28.72
06:28:17 PM    2   34.04    0.00   37.23    0.00    0.00    0.00    0.00    0.00    0.00   28.72
06:28:17 PM    3   32.29    0.00   37.50    1.04    0.00    0.00    0.00    0.00    0.00   29.17
06:28:17 PM    4   34.74    0.00   36.84    1.05    0.00    0.00    0.00    0.00    0.00   27.37
06:28:17 PM    5   31.58    0.00   37.89    1.05    0.00    0.00    0.00    0.00    0.00   29.47
06:28:17 PM    6   28.72    0.00   40.43    0.00    0.00    0.00    0.00    0.00    0.00   30.85
06:28:17 PM    7   30.11    0.00   39.78    1.08    0.00    0.00    0.00    0.00    0.00   29.03
06:28:17 PM    8   32.29    0.00   38.54    1.04    0.00    0.00    0.00    0.00    0.00   28.12
06:28:17 PM    9   34.41    0.00   36.56    0.00    0.00    0.00    0.00    0.00    0.00   29.03
06:28:17 PM   10   31.18    0.00   38.71    1.08    0.00    0.00    0.00    0.00    0.00   29.03
06:28:17 PM   11   28.72    0.00   42.55    0.00    0.00    0.00    0.00    0.00    0.00   28.72
06:28:17 PM   12   30.85    0.00   38.30    1.06    0.00    0.00    0.00    0.00    0.00   29.79
06:28:17 PM   13   33.68    0.00   35.79    0.00    0.00    0.00    0.00    0.00    0.00   30.53
06:28:17 PM   14   27.96    0.00   41.94    1.08    0.00    0.00    0.00    0.00    0.00   29.03
06:28:17 PM   15   29.79    0.00   39.36    0.00    0.00    0.00    0.00    0.00    0.00   30.85
06:28:17 PM   16   29.47    0.00   41.05    1.05    0.00    0.00    0.00    0.00    0.00   28.42
06:28:17 PM   17   30.21    0.00   39.58    0.00    0.00    0.00    0.00    0.00    0.00   30.21
06:28:17 PM   18   30.85    0.00   38.30    1.06    0.00    0.00    0.00    0.00    0.00   29.79
06:28:17 PM   19   31.25    0.00   38.54    1.04    0.00    0.00    0.00    0.00    0.00   29.17
06:28:17 PM   20   31.25    0.00   38.54    0.00    0.00    0.00    0.00    0.00    0.00   30.21
06:28:17 PM   21   31.91    0.00   38.30    0.00    0.00    0.00    0.00    0.00    0.00   29.79
06:28:17 PM   22   34.78    0.00   35.87    0.00    0.00    0.00    0.00    0.00    0.00   29.35
06:28:17 PM   23   32.99    0.00   38.14    1.03    0.00    0.00    0.00    0.00    0.00   27.84
06:28:17 PM   24   30.21    0.00   38.54    1.04    0.00    0.00    0.00    0.00    0.00   30.21
06:28:17 PM   25   34.41    0.00   36.56    0.00    0.00    0.00    0.00    0.00    0.00   29.03
06:28:17 PM   26   31.96    0.00   39.18    0.00    0.00    0.00    0.00    0.00    0.00   28.87
06:28:17 PM   27   32.63    0.00   37.89    1.05    0.00    0.00    0.00    0.00    0.00   28.42
06:28:17 PM   28   33.70    0.00   38.04    0.00    0.00    0.00    0.00    0.00    0.00   28.26
06:28:17 PM   29   30.85    0.00   38.30    1.06    0.00    0.00    0.00    0.00    0.00   29.79
06:28:17 PM   30   31.63    0.00   37.76    1.02    0.00    0.00    0.00    0.00    0.00   29.59
06:28:17 PM   31   34.41    0.00   35.48    0.00    0.00    0.00    0.00    0.00    0.00   30.11
06:28:17 PM   32   32.63    0.00   36.84    0.00    0.00    0.00    0.00    0.00    0.00   30.53
06:28:17 PM   33   30.21    0.00   39.58    1.04    0.00    0.00    0.00    0.00    0.00   29.17
06:28:17 PM   34   31.91    0.00   38.30    0.00    0.00    0.00    0.00    0.00    0.00   29.79
06:28:17 PM   35   31.58    0.00   38.95    0.00    0.00    0.00    0.00    0.00    0.00   29.47
06:28:17 PM   36   31.52    0.00   40.22    0.00    0.00    0.00    0.00    0.00    0.00   28.26
06:28:17 PM   37   33.68    0.00   36.84    1.05    0.00    0.00    0.00    0.00    0.00   28.42
06:28:17 PM   38   31.91    0.00   39.36    0.00    0.00    0.00    0.00    0.00    0.00   28.72
06:28:17 PM   39   31.18    0.00   39.78    1.08    0.00    0.00    0.00    0.00    0.00   27.96
06:28:17 PM   40   32.63    0.00   36.84    0.00    0.00    0.00    0.00    0.00    0.00   30.53
06:28:17 PM   41   28.57    0.00   40.66    0.00    0.00    0.00    0.00    0.00    0.00   30.77
06:28:17 PM   42   33.33    0.00   37.63    0.00    0.00    0.00    0.00    0.00    0.00   29.03
06:28:17 PM   43   28.72    0.00   39.36    1.06    0.00    0.00    0.00    0.00    0.00   30.85
06:28:17 PM   44   29.79    0.00   39.36    1.06    0.00    0.00    0.00    0.00    0.00   29.79
06:28:17 PM   45   31.91    0.00   37.23    0.00    0.00    0.00    0.00    0.00    0.00   30.85
06:28:17 PM   46   32.26    0.00   37.63    0.00    0.00    0.00    0.00    0.00    0.00   30.11
06:28:17 PM   47   30.53    0.00   37.89    1.05    0.00    0.00    0.00    0.00    0.00   30.53
06:28:17 PM   48   32.61    0.00   38.04    1.09    0.00    0.00    0.00    0.00    0.00   28.26
06:28:17 PM   49   31.18    0.00   38.71    0.00    0.00    0.00    0.00    0.00    0.00   30.11
06:28:17 PM   50   29.79    0.00   39.36    0.00    0.00    0.00    0.00    0.00    0.00   30.85
06:28:17 PM   51   28.72    0.00   40.43    1.06    0.00    0.00    0.00    0.00    0.00   29.79
06:28:17 PM   52   30.85    0.00   38.30    0.00    0.00    0.00    0.00    0.00    0.00   30.85
06:28:17 PM   53   29.47    0.00   40.00    1.05    0.00    0.00    0.00    0.00    0.00   29.47
06:28:17 PM   54   31.91    0.00   38.30    0.00    0.00    0.00    0.00    0.00    0.00   29.79
06:28:17 PM   55   35.79    0.00   34.74    0.00    0.00    0.00    0.00    0.00    0.00   29.47
06:28:17 PM   56   32.63    0.00   37.89    1.05    0.00    0.00    0.00    0.00    0.00   28.42
06:28:17 PM   57   31.91    0.00   39.36    1.06    0.00    0.00    0.00    0.00    0.00   27.66
06:28:17 PM   58   33.68    0.00   37.89    0.00    0.00    0.00    0.00    0.00    0.00   28.42
06:28:17 PM   59   33.33    0.00   36.56    1.08    0.00    0.00    0.00    0.00    0.00   29.03
06:28:17 PM   60   32.63    0.00   37.89    1.05    0.00    0.00    0.00    0.00    0.00   28.42
06:28:17 PM   61   34.07    0.00   38.46    0.00    0.00    0.00    0.00    0.00    0.00   27.47
06:28:17 PM   62   32.29    0.00   37.50    0.00    0.00    0.00    0.00    0.00    0.00   30.21
06:28:17 PM   63   34.04    0.00   36.17    0.00    0.00    0.00    0.00    0.00    0.00   29.79
06:28:17 PM   64   32.32    0.00   37.37    1.01    0.00    0.00    0.00    0.00    0.00   29.29
06:28:17 PM   65   33.67    0.00   36.73    1.02    0.00    0.00    0.00    0.00    0.00   28.57
06:28:17 PM   66   32.61    0.00   38.04    0.00    0.00    0.00    0.00    0.00    0.00   29.35
06:28:17 PM   67   33.68    0.00   35.79    1.05    0.00    0.00    0.00    0.00    0.00   29.47
06:28:17 PM   68   31.63    0.00   37.76    1.02    0.00    0.00    0.00    0.00    0.00   29.59
06:28:17 PM   69   29.47    0.00   41.05    0.00    0.00    0.00    0.00    0.00    0.00   29.47
06:28:17 PM   70   31.63    0.00   38.78    0.00    0.00    0.00    0.00    0.00    0.00   29.59
06:28:17 PM   71   31.58    0.00   38.95    0.00    0.00    0.00    0.00    0.00    0.00   29.47
06:28:17 PM   72   34.02    0.00   36.08    1.03    0.00    0.00    0.00    0.00    0.00   28.87
06:28:17 PM   73   30.93    0.00   39.18    1.03    0.00    0.00    0.00    0.00    0.00   28.87
06:28:17 PM   74   31.18    0.00   39.78    1.08    0.00    0.00    0.00    0.00    0.00   27.96
06:28:17 PM   75   31.96    0.00   37.11    1.03    0.00    0.00    0.00    0.00    0.00   29.90
06:28:17 PM   76   33.33    0.00   36.46    1.04    0.00    0.00    0.00    0.00    0.00   29.17
06:28:17 PM   77   31.58    0.00   37.89    1.05    0.00    0.00    0.00    0.00    0.00   29.47
06:28:17 PM   78   31.63    0.00   38.78    1.02    0.00    0.00    0.00    0.00    0.00   28.57
06:28:17 PM   79   32.99    0.00   37.11    1.03    0.00    0.00    0.00    0.00    0.00   28.87

06:28:26 PM  CPU    %usr   %nice    %sys %iowait    %irq   %soft  %steal  %guest  %gnice   %idle
06:28:27 PM  all   31.31    0.00   41.82    0.71    0.00    0.00    0.00    0.00    0.00   26.17
06:28:27 PM    0   29.03    0.00   44.09    0.00    0.00    0.00    0.00    0.00    0.00   26.88
06:28:27 PM    1   30.85    0.00   41.49    0.00    0.00    0.00    0.00    0.00    0.00   27.66
06:28:27 PM    2   33.33    0.00   40.62    0.00    0.00    0.00    0.00    0.00    0.00   26.04
06:28:27 PM    3   32.63    0.00   38.95    1.05    0.00    0.00    0.00    0.00    0.00   27.37
06:28:27 PM    4   29.03    0.00   43.01    0.00    0.00    0.00    0.00    0.00    0.00   27.96
06:28:27 PM    5   31.25    0.00   40.62    1.04    0.00    0.00    0.00    0.00    0.00   27.08
06:28:27 PM    6   32.99    0.00   39.18    1.03    0.00    0.00    0.00    0.00    0.00   26.80
06:28:27 PM    7   31.25    0.00   40.62    1.04    0.00    0.00    0.00    0.00    0.00   27.08
06:28:27 PM    8   29.79    0.00   42.55    0.00    0.00    0.00    0.00    0.00    0.00   27.66
06:28:27 PM    9   28.87    0.00   42.27    1.03    0.00    0.00    0.00    0.00    0.00   27.84
06:28:27 PM   10   31.58    0.00   40.00    1.05    0.00    0.00    0.00    0.00    0.00   27.37
06:28:27 PM   11   30.11    0.00   41.94    1.08    0.00    0.00    0.00    0.00    0.00   26.88
06:28:27 PM   12   32.63    0.00   38.95    1.05    0.00    0.00    0.00    0.00    0.00   27.37
06:28:27 PM   13   28.42    0.00   43.16    1.05    0.00    0.00    0.00    0.00    0.00   27.37
06:28:27 PM   14   30.53    0.00   43.16    1.05    0.00    0.00    0.00    0.00    0.00   25.26
06:28:27 PM   15   31.18    0.00   40.86    1.08    0.00    0.00    0.00    0.00    0.00   26.88
06:28:27 PM   16   29.59    0.00   42.86    1.02    0.00    0.00    0.00    0.00    0.00   26.53
06:28:27 PM   17   28.12    0.00   42.71    1.04    0.00    0.00    0.00    0.00    0.00   28.12
06:28:27 PM   18   30.85    0.00   43.62    0.00    0.00    0.00    0.00    0.00    0.00   25.53
06:28:27 PM   19   29.90    0.00   41.24    1.03    0.00    0.00    0.00    0.00    0.00   27.84
06:28:27 PM   20   31.91    0.00   42.55    0.00    0.00    0.00    0.00    0.00    0.00   25.53
06:28:27 PM   21   31.91    0.00   42.55    0.00    0.00    0.00    0.00    0.00    0.00   25.53
06:28:27 PM   22   31.25    0.00   42.71    1.04    0.00    0.00    0.00    0.00    0.00   25.00
06:28:27 PM   23   33.33    0.00   39.58    1.04    0.00    0.00    0.00    0.00    0.00   26.04
06:28:27 PM   24   33.67    0.00   39.80    1.02    0.00    0.00    0.00    0.00    0.00   25.51
06:28:27 PM   25   29.79    0.00   44.68    0.00    0.00    0.00    0.00    0.00    0.00   25.53
06:28:27 PM   26   30.21    0.00   41.67    1.04    0.00    0.00    0.00    0.00    0.00   27.08
06:28:27 PM   27   33.68    0.00   41.05    0.00    0.00    0.00    0.00    0.00    0.00   25.26
06:28:27 PM   28   29.79    0.00   43.62    0.00    0.00    0.00    0.00    0.00    0.00   26.60
06:28:27 PM   29   30.21    0.00   41.67    1.04    0.00    0.00    0.00    0.00    0.00   27.08
06:28:27 PM   30   35.05    0.00   39.18    0.00    0.00    0.00    0.00    0.00    0.00   25.77
06:28:27 PM   31   32.32    0.00   41.41    1.01    0.00    0.00    0.00    0.00    0.00   25.25
06:28:27 PM   32   31.96    0.00   41.24    1.03    0.00    0.00    0.00    0.00    0.00   25.77
06:28:27 PM   33   31.91    0.00   41.49    0.00    0.00    0.00    0.00    0.00    0.00   26.60
06:28:27 PM   34   34.74    0.00   40.00    0.00    0.00    0.00    0.00    0.00    0.00   25.26
06:28:27 PM   35   33.33    0.00   40.62    1.04    0.00    0.00    0.00    0.00    0.00   25.00
06:28:27 PM   36   32.99    0.00   41.24    1.03    0.00    0.00    0.00    0.00    0.00   24.74
06:28:27 PM   37   30.85    0.00   42.55    1.06    0.00    0.00    0.00    0.00    0.00   25.53
06:28:27 PM   38   31.96    0.00   42.27    1.03    0.00    0.00    0.00    0.00    0.00   24.74
06:28:27 PM   39   31.52    0.00   42.39    0.00    0.00    0.00    0.00    0.00    0.00   26.09
06:28:27 PM   40   30.93    0.00   41.24    1.03    0.00    0.00    0.00    0.00    0.00   26.80
06:28:27 PM   41   31.58    0.00   41.05    1.05    0.00    0.00    0.00    0.00    0.00   26.32
06:28:27 PM   42   29.90    0.00   41.24    1.03    0.00    0.00    0.00    0.00    0.00   27.84
06:28:27 PM   43   29.59    0.00   41.84    1.02    0.00    0.00    0.00    0.00    0.00   27.55
06:28:27 PM   44   30.11    0.00   44.09    0.00    0.00    0.00    0.00    0.00    0.00   25.81
06:28:27 PM   45   31.25    0.00   40.62    1.04    0.00    0.00    0.00    0.00    0.00   27.08
06:28:27 PM   46   32.63    0.00   41.05    1.05    0.00    0.00    0.00    0.00    0.00   25.26
06:28:27 PM   47   30.93    0.00   41.24    1.03    0.00    0.00    0.00    0.00    0.00   26.80
06:28:27 PM   48   32.26    0.00   41.94    0.00    0.00    0.00    0.00    0.00    0.00   25.81
06:28:27 PM   49   29.79    0.00   42.55    0.00    0.00    0.00    0.00    0.00    0.00   27.66
06:28:27 PM   50   31.25    0.00   41.67    1.04    0.00    0.00    0.00    0.00    0.00   26.04
06:28:27 PM   51   31.25    0.00   41.67    1.04    0.00    0.00    0.00    0.00    0.00   26.04
06:28:27 PM   52   29.90    0.00   41.24    1.03    0.00    0.00    0.00    0.00    0.00   27.84
06:28:27 PM   53   30.93    0.00   40.21    1.03    0.00    0.00    0.00    0.00    0.00   27.84
06:28:27 PM   54   28.12    0.00   42.71    1.04    0.00    0.00    0.00    0.00    0.00   28.12
06:28:27 PM   55   31.63    0.00   39.80    1.02    0.00    0.00    0.00    0.00    0.00   27.55
06:28:27 PM   56   28.72    0.00   45.74    1.06    0.00    0.00    0.00    0.00    0.00   24.47
06:28:27 PM   57   31.63    0.00   42.86    1.02    0.00    0.00    0.00    0.00    0.00   24.49
06:28:27 PM   58   30.53    0.00   42.11    1.05    0.00    0.00    0.00    0.00    0.00   26.32
06:28:27 PM   59   31.18    0.00   43.01    0.00    0.00    0.00    0.00    0.00    0.00   25.81
06:28:27 PM   60   33.33    0.00   40.86    0.00    0.00    0.00    0.00    0.00    0.00   25.81
06:28:27 PM   61   31.91    0.00   43.62    0.00    0.00    0.00    0.00    0.00    0.00   24.47
06:28:27 PM   62   32.26    0.00   40.86    1.08    0.00    0.00    0.00    0.00    0.00   25.81
06:28:27 PM   63   32.99    0.00   41.24    1.03    0.00    0.00    0.00    0.00    0.00   24.74
06:28:27 PM   64   32.98    0.00   40.43    1.06    0.00    0.00    0.00    0.00    0.00   25.53
06:28:27 PM   65   30.11    0.00   44.09    1.08    0.00    0.00    0.00    0.00    0.00   24.73
06:28:27 PM   66   34.74    0.00   40.00    0.00    0.00    0.00    0.00    0.00    0.00   25.26
06:28:27 PM   67   31.25    0.00   42.71    0.00    0.00    0.00    0.00    0.00    0.00   26.04
06:28:27 PM   68   32.29    0.00   41.67    0.00    0.00    0.00    0.00    0.00    0.00   26.04
06:28:27 PM   69   30.11    0.00   45.16    0.00    0.00    0.00    0.00    0.00    0.00   24.73
06:28:27 PM   70   28.87    0.00   44.33    1.03    0.00    0.00    0.00    0.00    0.00   25.77
06:28:27 PM   71   29.47    0.00   44.21    1.05    0.00    0.00    0.00    0.00    0.00   25.26
06:28:27 PM   72   34.74    0.00   38.95    1.05    0.00    0.00    0.00    0.00    0.00   25.26
06:28:27 PM   73   33.33    0.00   40.62    1.04    0.00    0.00    0.00    0.00    0.00   25.00
06:28:27 PM   74   32.63    0.00   42.11    1.05    0.00    0.00    0.00    0.00    0.00   24.21
06:28:27 PM   75   31.58    0.00   42.11    1.05    0.00    0.00    0.00    0.00    0.00   25.26
06:28:27 PM   76   29.79    0.00   43.62    1.06    0.00    0.00    0.00    0.00    0.00   25.53
06:28:27 PM   77   30.85    0.00   42.55    0.00    0.00    0.00    0.00    0.00    0.00   26.60
06:28:27 PM   78   29.79    0.00   43.62    1.06    0.00    0.00    0.00    0.00    0.00   25.53
06:28:27 PM   79   32.99    0.00   41.24    1.03    0.00    0.00    0.00    0.00    0.00   24.74

06:28:36 PM  CPU    %usr   %nice    %sys %iowait    %irq   %soft  %steal  %guest  %gnice   %idle
06:28:37 PM  all   30.23    0.00   43.26    0.71    0.00    0.00    0.00    0.00    0.00   25.81
06:28:37 PM    0   28.42    0.00   45.26    1.05    0.00    0.00    0.00    0.00    0.00   25.26
06:28:37 PM    1   27.96    0.00   44.09    0.00    0.00    0.00    0.00    0.00    0.00   27.96
06:28:37 PM    2   28.57    0.00   44.90    1.02    0.00    0.00    0.00    0.00    0.00   25.51
06:28:37 PM    3   31.25    0.00   40.62    1.04    0.00    0.00    0.00    0.00    0.00   27.08
06:28:37 PM    4   29.79    0.00   43.62    0.00    0.00    0.00    0.00    0.00    0.00   26.60
06:28:37 PM    5   29.90    0.00   41.24    1.03    0.00    0.00    0.00    0.00    0.00   27.84
06:28:37 PM    6   28.87    0.00   42.27    1.03    0.00    0.00    0.00    0.00    0.00   27.84
06:28:37 PM    7   27.66    0.00   44.68    1.06    0.00    0.00    0.00    0.00    0.00   26.60
06:28:37 PM    8   30.93    0.00   41.24    0.00    0.00    0.00    0.00    0.00    0.00   27.84
06:28:37 PM    9   27.55    0.00   44.90    1.02    0.00    0.00    0.00    0.00    0.00   26.53
06:28:37 PM   10   31.96    0.00   40.21    0.00    0.00    0.00    0.00    0.00    0.00   27.84
06:28:37 PM   11   30.85    0.00   40.43    1.06    0.00    0.00    0.00    0.00    0.00   27.66
06:28:37 PM   12   29.47    0.00   45.26    0.00    0.00    0.00    0.00    0.00    0.00   25.26
06:28:37 PM   13   31.25    0.00   41.67    1.04    0.00    0.00    0.00    0.00    0.00   26.04
06:28:37 PM   14   30.11    0.00   43.01    0.00    0.00    0.00    0.00    0.00    0.00   26.88
06:28:37 PM   15   28.12    0.00   46.88    1.04    0.00    0.00    0.00    0.00    0.00   23.96
06:28:37 PM   16   30.53    0.00   42.11    0.00    0.00    0.00    0.00    0.00    0.00   27.37
06:28:37 PM   17   28.87    0.00   42.27    1.03    0.00    0.00    0.00    0.00    0.00   27.84
06:28:37 PM   18   28.12    0.00   44.79    1.04    0.00    0.00    0.00    0.00    0.00   26.04
06:28:37 PM   19   28.72    0.00   43.62    0.00    0.00    0.00    0.00    0.00    0.00   27.66
06:28:37 PM   20   29.47    0.00   44.21    1.05    0.00    0.00    0.00    0.00    0.00   25.26
06:28:37 PM   21   31.91    0.00   43.62    0.00    0.00    0.00    0.00    0.00    0.00   24.47
06:28:37 PM   22   29.79    0.00   44.68    0.00    0.00    0.00    0.00    0.00    0.00   25.53
06:28:37 PM   23   29.59    0.00   43.88    1.02    0.00    0.00    0.00    0.00    0.00   25.51
06:28:37 PM   24   30.93    0.00   43.30    1.03    0.00    0.00    0.00    0.00    0.00   24.74
06:28:37 PM   25   30.21    0.00   44.79    0.00    0.00    0.00    0.00    0.00    0.00   25.00
06:28:37 PM   26   34.69    0.00   39.80    0.00    0.00    0.00    0.00    0.00    0.00   25.51
06:28:37 PM   27   31.58    0.00   43.16    1.05    0.00    0.00    0.00    0.00    0.00   24.21
06:28:37 PM   28   32.98    0.00   42.55    0.00    0.00    0.00    0.00    0.00    0.00   24.47
06:28:37 PM   29   30.93    0.00   42.27    1.03    0.00    0.00    0.00    0.00    0.00   25.77
06:28:37 PM   30   32.29    0.00   42.71    0.00    0.00    0.00    0.00    0.00    0.00   25.00
06:28:37 PM   31   28.87    0.00   45.36    1.03    0.00    0.00    0.00    0.00    0.00   24.74
06:28:37 PM   32   32.29    0.00   40.62    1.04    0.00    0.00    0.00    0.00    0.00   26.04
06:28:37 PM   33   33.33    0.00   41.67    1.04    0.00    0.00    0.00    0.00    0.00   23.96
06:28:37 PM   34   28.26    0.00   46.74    1.09    0.00    0.00    0.00    0.00    0.00   23.91
06:28:37 PM   35   31.25    0.00   41.67    1.04    0.00    0.00    0.00    0.00    0.00   26.04
06:28:37 PM   36   30.85    0.00   43.62    1.06    0.00    0.00    0.00    0.00    0.00   24.47
06:28:37 PM   37   32.26    0.00   43.01    1.08    0.00    0.00    0.00    0.00    0.00   23.66
06:28:37 PM   38   30.85    0.00   43.62    1.06    0.00    0.00    0.00    0.00    0.00   24.47
06:28:37 PM   39   32.29    0.00   42.71    0.00    0.00    0.00    0.00    0.00    0.00   25.00
06:28:37 PM   40   30.85    0.00   40.43    0.00    0.00    0.00    0.00    0.00    0.00   28.72
06:28:37 PM   41   29.17    0.00   41.67    1.04    0.00    0.00    0.00    0.00    0.00   28.12
06:28:37 PM   42   30.21    0.00   42.71    0.00    0.00    0.00    0.00    0.00    0.00   27.08
06:28:37 PM   43   28.42    0.00   43.16    1.05    0.00    0.00    0.00    0.00    0.00   27.37
06:28:37 PM   44   29.79    0.00   43.62    1.06    0.00    0.00    0.00    0.00    0.00   25.53
06:28:37 PM   45   29.17    0.00   42.71    1.04    0.00    0.00    0.00    0.00    0.00   27.08
06:28:37 PM   46   33.68    0.00   42.11    0.00    0.00    0.00    0.00    0.00    0.00   24.21
06:28:37 PM   47   31.25    0.00   40.62    1.04    0.00    0.00    0.00    0.00    0.00   27.08
06:28:37 PM   48   30.43    0.00   43.48    0.00    0.00    0.00    0.00    0.00    0.00   26.09
06:28:37 PM   49   29.47    0.00   43.16    0.00    0.00    0.00    0.00    0.00    0.00   27.37
06:28:37 PM   50   30.53    0.00   41.05    1.05    0.00    0.00    0.00    0.00    0.00   27.37
06:28:37 PM   51   28.42    0.00   44.21    1.05    0.00    0.00    0.00    0.00    0.00   26.32
06:28:37 PM   52   29.17    0.00   42.71    1.04    0.00    0.00    0.00    0.00    0.00   27.08
06:28:37 PM   53   30.21    0.00   41.67    0.00    0.00    0.00    0.00    0.00    0.00   28.12
06:28:37 PM   54   30.53    0.00   41.05    0.00    0.00    0.00    0.00    0.00    0.00   28.42
06:28:37 PM   55   29.17    0.00   42.71    0.00    0.00    0.00    0.00    0.00    0.00   28.12
06:28:37 PM   56   28.72    0.00   44.68    1.06    0.00    0.00    0.00    0.00    0.00   25.53
06:28:37 PM   57   30.11    0.00   44.09    1.08    0.00    0.00    0.00    0.00    0.00   24.73
06:28:37 PM   58   28.42    0.00   43.16    1.05    0.00    0.00    0.00    0.00    0.00   27.37
06:28:37 PM   59   29.03    0.00   44.09    1.08    0.00    0.00    0.00    0.00    0.00   25.81
06:28:37 PM   60   29.17    0.00   45.83    1.04    0.00    0.00    0.00    0.00    0.00   23.96
06:28:37 PM   61   29.03    0.00   47.31    1.08    0.00    0.00    0.00    0.00    0.00   22.58
06:28:37 PM   62   29.47    0.00   45.26    1.05    0.00    0.00    0.00    0.00    0.00   24.21
06:28:37 PM   63   28.42    0.00   46.32    1.05    0.00    0.00    0.00    0.00    0.00   24.21
06:28:37 PM   64   29.90    0.00   44.33    1.03    0.00    0.00    0.00    0.00    0.00   24.74
06:28:37 PM   65   29.90    0.00   45.36    1.03    0.00    0.00    0.00    0.00    0.00   23.71
06:28:37 PM   66   30.53    0.00   44.21    0.00    0.00    0.00    0.00    0.00    0.00   25.26
06:28:37 PM   67   30.93    0.00   43.30    1.03    0.00    0.00    0.00    0.00    0.00   24.74
06:28:37 PM   68   30.85    0.00   43.62    0.00    0.00    0.00    0.00    0.00    0.00   25.53
06:28:37 PM   69   32.29    0.00   41.67    1.04    0.00    0.00    0.00    0.00    0.00   25.00
06:28:37 PM   70   31.58    0.00   43.16    2.11    0.00    0.00    0.00    0.00    0.00   23.16
06:28:37 PM   71   32.63    0.00   41.05    1.05    0.00    0.00    0.00    0.00    0.00   25.26
06:28:37 PM   72   30.21    0.00   44.79    1.04    0.00    0.00    0.00    0.00    0.00   23.96
06:28:37 PM   73   29.17    0.00   44.79    1.04    0.00    0.00    0.00    0.00    0.00   25.00
06:28:37 PM   74   31.25    0.00   43.75    0.00    0.00    0.00    0.00    0.00    0.00   25.00
06:28:37 PM   75   29.79    0.00   44.68    0.00    0.00    0.00    0.00    0.00    0.00   25.53
06:28:37 PM   76   28.72    0.00   44.68    1.06    0.00    0.00    0.00    0.00    0.00   25.53
06:28:37 PM   77   30.53    0.00   42.11    1.05    0.00    0.00    0.00    0.00    0.00   26.32
06:28:37 PM   78   33.68    0.00   41.05    1.05    0.00    0.00    0.00    0.00    0.00   24.21
06:28:37 PM   79   29.79    0.00   43.62    1.06    0.00    0.00    0.00    0.00    0.00   25.53

06:28:46 PM  CPU    %usr   %nice    %sys %iowait    %irq   %soft  %steal  %guest  %gnice   %idle
06:28:47 PM  all   30.44    0.00   43.17    0.60    0.00    0.00    0.00    0.00    0.00   25.79
06:28:47 PM    0   29.67    0.00   42.86    1.10    0.00    0.00    0.00    0.00    0.00   26.37
06:28:47 PM    1   32.63    0.00   41.05    1.05    0.00    0.00    0.00    0.00    0.00   25.26
06:28:47 PM    2   31.18    0.00   43.01    0.00    0.00    0.00    0.00    0.00    0.00   25.81
06:28:47 PM    3   30.21    0.00   42.71    1.04    0.00    0.00    0.00    0.00    0.00   26.04
06:28:47 PM    4   28.26    0.00   44.57    1.09    0.00    0.00    0.00    0.00    0.00   26.09
06:28:47 PM    5   28.72    0.00   43.62    1.06    0.00    0.00    0.00    0.00    0.00   26.60
06:28:47 PM    6   31.91    0.00   41.49    0.00    0.00    0.00    0.00    0.00    0.00   26.60
06:28:47 PM    7   29.59    0.00   43.88    1.02    0.00    0.00    0.00    0.00    0.00   25.51
06:28:47 PM    8   32.26    0.00   39.78    0.00    0.00    0.00    0.00    0.00    0.00   27.96
06:28:47 PM    9   28.87    0.00   42.27    1.03    0.00    0.00    0.00    0.00    0.00   27.84
06:28:47 PM   10   30.11    0.00   41.94    1.08    0.00    0.00    0.00    0.00    0.00   26.88
06:28:47 PM   11   29.03    0.00   43.01    1.08    0.00    0.00    0.00    0.00    0.00   26.88
06:28:47 PM   12   31.25    0.00   41.67    1.04    0.00    0.00    0.00    0.00    0.00   26.04
06:28:47 PM   13   29.79    0.00   44.68    0.00    0.00    0.00    0.00    0.00    0.00   25.53
06:28:47 PM   14   32.29    0.00   41.67    0.00    0.00    0.00    0.00    0.00    0.00   26.04
06:28:47 PM   15   29.79    0.00   42.55    1.06    0.00    0.00    0.00    0.00    0.00   26.60
06:28:47 PM   16   30.11    0.00   43.01    1.08    0.00    0.00    0.00    0.00    0.00   25.81
06:28:47 PM   17   28.12    0.00   44.79    0.00    0.00    0.00    0.00    0.00    0.00   27.08
06:28:47 PM   18   32.61    0.00   40.22    0.00    0.00    0.00    0.00    0.00    0.00   27.17
06:28:47 PM   19   30.11    0.00   41.94    1.08    0.00    0.00    0.00    0.00    0.00   26.88
06:28:47 PM   20   29.67    0.00   45.05    0.00    0.00    0.00    0.00    0.00    0.00   25.27
06:28:47 PM   21   30.11    0.00   43.01    1.08    0.00    0.00    0.00    0.00    0.00   25.81
06:28:47 PM   22   31.58    0.00   42.11    0.00    0.00    0.00    0.00    0.00    0.00   26.32
06:28:47 PM   23   31.87    0.00   41.76    0.00    0.00    0.00    0.00    0.00    0.00   26.37
06:28:47 PM   24   29.67    0.00   43.96    0.00    0.00    0.00    0.00    0.00    0.00   26.37
06:28:47 PM   25   28.12    0.00   44.79    1.04    0.00    0.00    0.00    0.00    0.00   26.04
06:28:47 PM   26   31.91    0.00   41.49    1.06    0.00    0.00    0.00    0.00    0.00   25.53
06:28:47 PM   27   32.98    0.00   42.55    0.00    0.00    0.00    0.00    0.00    0.00   24.47
06:28:47 PM   28   30.53    0.00   44.21    1.05    0.00    0.00    0.00    0.00    0.00   24.21
06:28:47 PM   29   31.25    0.00   43.75    0.00    0.00    0.00    0.00    0.00    0.00   25.00
06:28:47 PM   30   29.47    0.00   45.26    0.00    0.00    0.00    0.00    0.00    0.00   25.26
06:28:47 PM   31   33.70    0.00   41.30    0.00    0.00    0.00    0.00    0.00    0.00   25.00
06:28:47 PM   32   30.85    0.00   43.62    0.00    0.00    0.00    0.00    0.00    0.00   25.53
06:28:47 PM   33   27.96    0.00   46.24    0.00    0.00    0.00    0.00    0.00    0.00   25.81
06:28:47 PM   34   32.22    0.00   43.33    0.00    0.00    0.00    0.00    0.00    0.00   24.44
06:28:47 PM   35   30.53    0.00   44.21    1.05    0.00    0.00    0.00    0.00    0.00   24.21
06:28:47 PM   36   30.21    0.00   43.75    1.04    0.00    0.00    0.00    0.00    0.00   25.00
06:28:47 PM   37   30.85    0.00   43.62    1.06    0.00    0.00    0.00    0.00    0.00   24.47
06:28:47 PM   38   32.26    0.00   41.94    0.00    0.00    0.00    0.00    0.00    0.00   25.81
06:28:47 PM   39   33.70    0.00   41.30    0.00    0.00    0.00    0.00    0.00    0.00   25.00
06:28:47 PM   40   30.21    0.00   41.67    1.04    0.00    0.00    0.00    0.00    0.00   27.08
06:28:47 PM   41   27.66    0.00   44.68    1.06    0.00    0.00    0.00    0.00    0.00   26.60
06:28:47 PM   42   28.12    0.00   44.79    0.00    0.00    0.00    0.00    0.00    0.00   27.08
06:28:47 PM   43   29.03    0.00   43.01    0.00    0.00    0.00    0.00    0.00    0.00   27.96
06:28:47 PM   44   27.96    0.00   44.09    1.08    0.00    0.00    0.00    0.00    0.00   26.88
06:28:47 PM   45   26.60    0.00   45.74    0.00    0.00    0.00    0.00    0.00    0.00   27.66
06:28:47 PM   46   30.85    0.00   42.55    1.06    0.00    0.00    0.00    0.00    0.00   25.53
06:28:47 PM   47   29.79    0.00   44.68    0.00    0.00    0.00    0.00    0.00    0.00   25.53
06:28:47 PM   48   32.29    0.00   41.67    1.04    0.00    0.00    0.00    0.00    0.00   25.00
06:28:47 PM   49   26.32    0.00   48.42    0.00    0.00    0.00    0.00    0.00    0.00   25.26
06:28:47 PM   50   29.79    0.00   43.62    0.00    0.00    0.00    0.00    0.00    0.00   26.60
06:28:47 PM   51   28.72    0.00   44.68    0.00    0.00    0.00    0.00    0.00    0.00   26.60
06:28:47 PM   52   30.93    0.00   42.27    1.03    0.00    0.00    0.00    0.00    0.00   25.77
06:28:47 PM   53   27.37    0.00   44.21    1.05    0.00    0.00    0.00    0.00    0.00   27.37
06:28:47 PM   54   29.17    0.00   43.75    1.04    0.00    0.00    0.00    0.00    0.00   26.04
06:28:47 PM   55   28.72    0.00   43.62    1.06    0.00    0.00    0.00    0.00    0.00   26.60
06:28:47 PM   56   30.53    0.00   43.16    1.05    0.00    0.00    0.00    0.00    0.00   25.26
06:28:47 PM   57   31.18    0.00   41.94    1.08    0.00    0.00    0.00    0.00    0.00   25.81
06:28:47 PM   58   30.11    0.00   43.01    0.00    0.00    0.00    0.00    0.00    0.00   26.88
06:28:47 PM   59   29.79    0.00   43.62    1.06    0.00    0.00    0.00    0.00    0.00   25.53
06:28:47 PM   60   31.52    0.00   42.39    0.00    0.00    0.00    0.00    0.00    0.00   26.09
06:28:47 PM   61   30.85    0.00   42.55    1.06    0.00    0.00    0.00    0.00    0.00   25.53
06:28:47 PM   62   29.47    0.00   44.21    1.05    0.00    0.00    0.00    0.00    0.00   25.26
06:28:47 PM   63   32.26    0.00   41.94    1.08    0.00    0.00    0.00    0.00    0.00   24.73
06:28:47 PM   64   29.79    0.00   43.62    1.06    0.00    0.00    0.00    0.00    0.00   25.53
06:28:47 PM   65   31.52    0.00   43.48    0.00    0.00    0.00    0.00    0.00    0.00   25.00
06:28:47 PM   66   31.58    0.00   43.16    1.05    0.00    0.00    0.00    0.00    0.00   24.21
06:28:47 PM   67   32.26    0.00   41.94    1.08    0.00    0.00    0.00    0.00    0.00   24.73
06:28:47 PM   68   33.33    0.00   42.71    0.00    0.00    0.00    0.00    0.00    0.00   23.96
06:28:47 PM   69   32.98    0.00   40.43    1.06    0.00    0.00    0.00    0.00    0.00   25.53
06:28:47 PM   70   33.33    0.00   41.94    0.00    0.00    0.00    0.00    0.00    0.00   24.73
06:28:47 PM   71   29.47    0.00   44.21    1.05    0.00    0.00    0.00    0.00    0.00   25.26
06:28:47 PM   72   30.85    0.00   44.68    0.00    0.00    0.00    0.00    0.00    0.00   24.47
06:28:47 PM   73   30.21    0.00   43.75    1.04    0.00    0.00    0.00    0.00    0.00   25.00
06:28:47 PM   74   31.58    0.00   43.16    1.05    0.00    0.00    0.00    0.00    0.00   24.21
06:28:47 PM   75   30.11    0.00   44.09    0.00    0.00    0.00    0.00    0.00    0.00   25.81
06:28:47 PM   76   29.67    0.00   42.86    1.10    0.00    0.00    0.00    0.00    0.00   26.37
06:28:47 PM   77   32.63    0.00   42.11    1.05    0.00    0.00    0.00    0.00    0.00   24.21
06:28:47 PM   78   31.91    0.00   41.49    1.06    0.00    0.00    0.00    0.00    0.00   25.53
06:28:47 PM   79   29.47    0.00   45.26    0.00    0.00    0.00    0.00    0.00    0.00   25.26

06:28:56 PM  CPU    %usr   %nice    %sys %iowait    %irq   %soft  %steal  %guest  %gnice   %idle
06:28:57 PM  all   31.77    0.00   45.35    0.24    0.00    0.00    0.00    0.00    0.00   22.64
06:28:57 PM    0   32.63    0.00   45.26    0.00    0.00    0.00    0.00    0.00    0.00   22.11
06:28:57 PM    1   30.11    0.00   47.31    0.00    0.00    0.00    0.00    0.00    0.00   22.58
06:28:57 PM    2   32.98    0.00   44.68    0.00    0.00    0.00    0.00    0.00    0.00   22.34
06:28:57 PM    3   34.04    0.00   42.55    0.00    0.00    0.00    0.00    0.00    0.00   23.40
06:28:57 PM    4   30.43    0.00   47.83    0.00    0.00    0.00    0.00    0.00    0.00   21.74
06:28:57 PM    5   31.91    0.00   44.68    1.06    0.00    0.00    0.00    0.00    0.00   22.34
06:28:57 PM    6   29.79    0.00   47.87    1.06    0.00    0.00    0.00    0.00    0.00   21.28
06:28:57 PM    7   33.33    0.00   44.09    0.00    0.00    0.00    0.00    0.00    0.00   22.58
06:28:57 PM    8   30.85    0.00   45.74    0.00    0.00    0.00    0.00    0.00    0.00   23.40
06:28:57 PM    9   31.58    0.00   44.21    0.00    0.00    0.00    0.00    0.00    0.00   24.21
06:28:57 PM   10   30.11    0.00   46.24    0.00    0.00    0.00    0.00    0.00    0.00   23.66
06:28:57 PM   11   31.18    0.00   46.24    0.00    0.00    0.00    0.00    0.00    0.00   22.58
06:28:57 PM   12   33.70    0.00   43.48    0.00    0.00    0.00    0.00    0.00    0.00   22.83
06:28:57 PM   13   31.25    0.00   44.79    1.04    0.00    0.00    0.00    0.00    0.00   22.92
06:28:57 PM   14   34.44    0.00   42.22    0.00    0.00    0.00    0.00    0.00    0.00   23.33
06:28:57 PM   15   30.53    0.00   47.37    0.00    0.00    0.00    0.00    0.00    0.00   22.11
06:28:57 PM   16   30.11    0.00   47.31    0.00    0.00    0.00    0.00    0.00    0.00   22.58
06:28:57 PM   17   31.58    0.00   44.21    1.05    0.00    0.00    0.00    0.00    0.00   23.16
06:28:57 PM   18   32.61    0.00   44.57    0.00    0.00    0.00    0.00    0.00    0.00   22.83
06:28:57 PM   19   29.67    0.00   48.35    0.00    0.00    0.00    0.00    0.00    0.00   21.98
06:28:57 PM   20   32.63    0.00   45.26    0.00    0.00    0.00    0.00    0.00    0.00   22.11
06:28:57 PM   21   30.85    0.00   45.74    1.06    0.00    0.00    0.00    0.00    0.00   22.34
06:28:57 PM   22   33.33    0.00   44.09    0.00    0.00    0.00    0.00    0.00    0.00   22.58
06:28:57 PM   23   31.87    0.00   46.15    0.00    0.00    0.00    0.00    0.00    0.00   21.98
06:28:57 PM   24   32.61    0.00   44.57    0.00    0.00    0.00    0.00    0.00    0.00   22.83
06:28:57 PM   25   33.70    0.00   43.48    0.00    0.00    0.00    0.00    0.00    0.00   22.83
06:28:57 PM   26   31.52    0.00   45.65    0.00    0.00    0.00    0.00    0.00    0.00   22.83
06:28:57 PM   27   31.91    0.00   45.74    0.00    0.00    0.00    0.00    0.00    0.00   22.34
06:28:57 PM   28   30.77    0.00   47.25    0.00    0.00    0.00    0.00    0.00    0.00   21.98
06:28:57 PM   29   31.91    0.00   44.68    1.06    0.00    0.00    0.00    0.00    0.00   22.34
06:28:57 PM   30   31.58    0.00   45.26    1.05    0.00    0.00    0.00    0.00    0.00   22.11
06:28:57 PM   31   30.85    0.00   46.81    0.00    0.00    0.00    0.00    0.00    0.00   22.34
06:28:57 PM   32   31.18    0.00   46.24    0.00    0.00    0.00    0.00    0.00    0.00   22.58
06:28:57 PM   33   31.52    0.00   45.65    0.00    0.00    0.00    0.00    0.00    0.00   22.83
06:28:57 PM   34   32.26    0.00   45.16    0.00    0.00    0.00    0.00    0.00    0.00   22.58
06:28:57 PM   35   32.61    0.00   45.65    0.00    0.00    0.00    0.00    0.00    0.00   21.74
06:28:57 PM   36   29.79    0.00   46.81    1.06    0.00    0.00    0.00    0.00    0.00   22.34
06:28:57 PM   37   32.26    0.00   45.16    0.00    0.00    0.00    0.00    0.00    0.00   22.58
06:28:57 PM   38   32.98    0.00   44.68    0.00    0.00    0.00    0.00    0.00    0.00   22.34
06:28:57 PM   39   29.79    0.00   46.81    1.06    0.00    0.00    0.00    0.00    0.00   22.34
06:28:57 PM   40   29.79    0.00   46.81    0.00    0.00    0.00    0.00    0.00    0.00   23.40
06:28:57 PM   41   31.58    0.00   46.32    0.00    0.00    0.00    0.00    0.00    0.00   22.11
06:28:57 PM   42   31.91    0.00   44.68    0.00    0.00    0.00    0.00    0.00    0.00   23.40
06:28:57 PM   43   33.33    0.00   42.71    1.04    0.00    0.00    0.00    0.00    0.00   22.92
06:28:57 PM   44   30.85    0.00   45.74    1.06    0.00    0.00    0.00    0.00    0.00   22.34
06:28:57 PM   45   32.29    0.00   43.75    1.04    0.00    0.00    0.00    0.00    0.00   22.92
06:28:57 PM   46   31.52    0.00   45.65    0.00    0.00    0.00    0.00    0.00    0.00   22.83
06:28:57 PM   47   32.97    0.00   43.96    0.00    0.00    0.00    0.00    0.00    0.00   23.08
06:28:57 PM   48   34.04    0.00   42.55    1.06    0.00    0.00    0.00    0.00    0.00   22.34
06:28:57 PM   49   31.52    0.00   46.74    0.00    0.00    0.00    0.00    0.00    0.00   21.74
06:28:57 PM   50   33.33    0.00   43.01    0.00    0.00    0.00    0.00    0.00    0.00   23.66
06:28:57 PM   51   32.26    0.00   44.09    0.00    0.00    0.00    0.00    0.00    0.00   23.66
06:28:57 PM   52   33.33    0.00   44.09    0.00    0.00    0.00    0.00    0.00    0.00   22.58
06:28:57 PM   53   29.47    0.00   47.37    0.00    0.00    0.00    0.00    0.00    0.00   23.16
06:28:57 PM   54   29.79    0.00   45.74    1.06    0.00    0.00    0.00    0.00    0.00   23.40
06:28:57 PM   55   30.85    0.00   45.74    0.00    0.00    0.00    0.00    0.00    0.00   23.40
06:28:57 PM   56   31.91    0.00   45.74    0.00    0.00    0.00    0.00    0.00    0.00   22.34
06:28:57 PM   57   30.43    0.00   46.74    0.00    0.00    0.00    0.00    0.00    0.00   22.83
06:28:57 PM   58   32.29    0.00   43.75    1.04    0.00    0.00    0.00    0.00    0.00   22.92
06:28:57 PM   59   30.53    0.00   46.32    0.00    0.00    0.00    0.00    0.00    0.00   23.16
06:28:57 PM   60   30.93    0.00   46.39    0.00    0.00    0.00    0.00    0.00    0.00   22.68
06:28:57 PM   61   32.26    0.00   45.16    0.00    0.00    0.00    0.00    0.00    0.00   22.58
06:28:57 PM   62   36.17    0.00   41.49    0.00    0.00    0.00    0.00    0.00    0.00   22.34
06:28:57 PM   63   31.91    0.00   45.74    0.00    0.00    0.00    0.00    0.00    0.00   22.34
06:28:57 PM   64   31.52    0.00   45.65    0.00    0.00    0.00    0.00    0.00    0.00   22.83
06:28:57 PM   65   29.47    0.00   48.42    0.00    0.00    0.00    0.00    0.00    0.00   22.11
06:28:57 PM   66   31.18    0.00   46.24    0.00    0.00    0.00    0.00    0.00    0.00   22.58
06:28:57 PM   67   32.61    0.00   45.65    0.00    0.00    0.00    0.00    0.00    0.00   21.74
06:28:57 PM   68   33.33    0.00   43.75    0.00    0.00    0.00    0.00    0.00    0.00   22.92
06:28:57 PM   69   32.63    0.00   44.21    0.00    0.00    0.00    0.00    0.00    0.00   23.16
06:28:57 PM   70   30.21    0.00   45.83    1.04    0.00    0.00    0.00    0.00    0.00   22.92
06:28:57 PM   71   32.26    0.00   45.16    0.00    0.00    0.00    0.00    0.00    0.00   22.58
06:28:57 PM   72   32.63    0.00   44.21    1.05    0.00    0.00    0.00    0.00    0.00   22.11
06:28:57 PM   73   32.26    0.00   45.16    0.00    0.00    0.00    0.00    0.00    0.00   22.58
06:28:57 PM   74   32.98    0.00   44.68    0.00    0.00    0.00    0.00    0.00    0.00   22.34
06:28:57 PM   75   31.25    0.00   46.88    0.00    0.00    0.00    0.00    0.00    0.00   21.88
06:28:57 PM   76   29.03    0.00   48.39    0.00    0.00    0.00    0.00    0.00    0.00   22.58
06:28:57 PM   77   30.21    0.00   45.83    1.04    0.00    0.00    0.00    0.00    0.00   22.92
06:28:57 PM   78   33.33    0.00   44.09    0.00    0.00    0.00    0.00    0.00    0.00   22.58
06:28:57 PM   79   32.98    0.00   43.62    0.00    0.00    0.00    0.00    0.00    0.00   23.40

06:29:06 PM  CPU    %usr   %nice    %sys %iowait    %irq   %soft  %steal  %guest  %gnice   %idle
06:29:07 PM  all   34.54    0.00   42.35    0.33    0.00    0.00    0.00    0.00    0.00   22.78
06:29:07 PM    0   33.68    0.00   43.16    0.00    0.00    0.00    0.00    0.00    0.00   23.16
06:29:07 PM    1   32.63    0.00   43.16    0.00    0.00    0.00    0.00    0.00    0.00   24.21
06:29:07 PM    2   30.53    0.00   44.21    1.05    0.00    0.00    0.00    0.00    0.00   24.21
06:29:07 PM    3   32.26    0.00   40.86    1.08    0.00    0.00    0.00    0.00    0.00   25.81
06:29:07 PM    4   32.61    0.00   43.48    0.00    0.00    0.00    0.00    0.00    0.00   23.91
06:29:07 PM    5   31.18    0.00   44.09    0.00    0.00    0.00    0.00    0.00    0.00   24.73
06:29:07 PM    6   33.33    0.00   42.71    1.04    0.00    0.00    0.00    0.00    0.00   22.92
06:29:07 PM    7   31.58    0.00   43.16    0.00    0.00    0.00    0.00    0.00    0.00   25.26
06:29:07 PM    8   31.18    0.00   45.16    0.00    0.00    0.00    0.00    0.00    0.00   23.66
06:29:07 PM    9   33.33    0.00   41.67    1.04    0.00    0.00    0.00    0.00    0.00   23.96
06:29:07 PM   10   33.68    0.00   42.11    0.00    0.00    0.00    0.00    0.00    0.00   24.21
06:29:07 PM   11   29.79    0.00   46.81    0.00    0.00    0.00    0.00    0.00    0.00   23.40
06:29:07 PM   12   31.52    0.00   44.57    0.00    0.00    0.00    0.00    0.00    0.00   23.91
06:29:07 PM   13   36.17    0.00   40.43    0.00    0.00    0.00    0.00    0.00    0.00   23.40
06:29:07 PM   14   31.52    0.00   44.57    0.00    0.00    0.00    0.00    0.00    0.00   23.91
06:29:07 PM   15   32.98    0.00   43.62    1.06    0.00    0.00    0.00    0.00    0.00   22.34
06:29:07 PM   16   32.26    0.00   44.09    0.00    0.00    0.00    0.00    0.00    0.00   23.66
06:29:07 PM   17   32.98    0.00   42.55    0.00    0.00    0.00    0.00    0.00    0.00   24.47
06:29:07 PM   18   31.87    0.00   43.96    0.00    0.00    0.00    0.00    0.00    0.00   24.18
06:29:07 PM   19   34.04    0.00   42.55    0.00    0.00    0.00    0.00    0.00    0.00   23.40
06:29:07 PM   20   36.17    0.00   42.55    0.00    0.00    0.00    0.00    0.00    0.00   21.28
06:29:07 PM   21   32.98    0.00   44.68    0.00    0.00    0.00    0.00    0.00    0.00   22.34
06:29:07 PM   22   31.18    0.00   46.24    0.00    0.00    0.00    0.00    0.00    0.00   22.58
06:29:07 PM   23   34.04    0.00   42.55    1.06    0.00    0.00    0.00    0.00    0.00   22.34
06:29:07 PM   24   33.70    0.00   43.48    0.00    0.00    0.00    0.00    0.00    0.00   22.83
06:29:07 PM   25   34.04    0.00   41.49    1.06    0.00    0.00    0.00    0.00    0.00   23.40
06:29:07 PM   26   33.68    0.00   42.11    0.00    0.00    0.00    0.00    0.00    0.00   24.21
06:29:07 PM   27   32.63    0.00   43.16    1.05    0.00    0.00    0.00    0.00    0.00   23.16
06:29:07 PM   28   36.17    0.00   41.49    1.06    0.00    0.00    0.00    0.00    0.00   21.28
06:29:07 PM   29   35.11    0.00   43.62    0.00    0.00    0.00    0.00    0.00    0.00   21.28
06:29:07 PM   30   34.04    0.00   43.62    0.00    0.00    0.00    0.00    0.00    0.00   22.34
06:29:07 PM   31   32.98    0.00   44.68    0.00    0.00    0.00    0.00    0.00    0.00   22.34
06:29:07 PM   32   32.63    0.00   44.21    1.05    0.00    0.00    0.00    0.00    0.00   22.11
06:29:07 PM   33   35.48    0.00   41.94    0.00    0.00    0.00    0.00    0.00    0.00   22.58
06:29:07 PM   34   37.89    0.00   41.05    0.00    0.00    0.00    0.00    0.00    0.00   21.05
06:29:07 PM   35   34.41    0.00   44.09    0.00    0.00    0.00    0.00    0.00    0.00   21.51
06:29:07 PM   36   36.08    0.00   41.24    1.03    0.00    0.00    0.00    0.00    0.00   21.65
06:29:07 PM   37   35.11    0.00   42.55    0.00    0.00    0.00    0.00    0.00    0.00   22.34
06:29:07 PM   38   34.04    0.00   43.62    0.00    0.00    0.00    0.00    0.00    0.00   22.34
06:29:07 PM   39   34.38    0.00   43.75    1.04    0.00    0.00    0.00    0.00    0.00   20.83
06:29:07 PM   40   32.61    0.00   42.39    0.00    0.00    0.00    0.00    0.00    0.00   25.00
06:29:07 PM   41   31.91    0.00   44.68    0.00    0.00    0.00    0.00    0.00    0.00   23.40
06:29:07 PM   42   33.33    0.00   42.71    0.00    0.00    0.00    0.00    0.00    0.00   23.96
06:29:07 PM   43   98.00    0.00    2.00    0.00    0.00    0.00    0.00    0.00    0.00    0.00
06:29:07 PM   44   35.11    0.00   40.43    1.06    0.00    0.00    0.00    0.00    0.00   23.40
06:29:07 PM   45   32.98    0.00   42.55    0.00    0.00    0.00    0.00    0.00    0.00   24.47
06:29:07 PM   46   31.91    0.00   44.68    0.00    0.00    0.00    0.00    0.00    0.00   23.40
06:29:07 PM   47   30.43    0.00   44.57    1.09    0.00    0.00    0.00    0.00    0.00   23.91
06:29:07 PM   48   34.74    0.00   41.05    1.05    0.00    0.00    0.00    0.00    0.00   23.16
06:29:07 PM   49   33.68    0.00   43.16    1.05    0.00    0.00    0.00    0.00    0.00   22.11
06:29:07 PM   50   34.02    0.00   42.27    0.00    0.00    0.00    0.00    0.00    0.00   23.71
06:29:07 PM   51   34.74    0.00   41.05    1.05    0.00    0.00    0.00    0.00    0.00   23.16
06:29:07 PM   52   31.91    0.00   44.68    0.00    0.00    0.00    0.00    0.00    0.00   23.40
06:29:07 PM   53   34.02    0.00   40.21    1.03    0.00    0.00    0.00    0.00    0.00   24.74
06:29:07 PM   54   31.25    0.00   42.71    1.04    0.00    0.00    0.00    0.00    0.00   25.00
06:29:07 PM   55   33.33    0.00   41.94    1.08    0.00    0.00    0.00    0.00    0.00   23.66
06:29:07 PM   56   33.33    0.00   43.01    0.00    0.00    0.00    0.00    0.00    0.00   23.66
06:29:07 PM   57   34.74    0.00   42.11    0.00    0.00    0.00    0.00    0.00    0.00   23.16
06:29:07 PM   58   32.97    0.00   42.86    0.00    0.00    0.00    0.00    0.00    0.00   24.18
06:29:07 PM   59   34.04    0.00   41.49    0.00    0.00    0.00    0.00    0.00    0.00   24.47
06:29:07 PM   60   35.42    0.00   40.62    1.04    0.00    0.00    0.00    0.00    0.00   22.92
06:29:07 PM   61   34.41    0.00   43.01    0.00    0.00    0.00    0.00    0.00    0.00   22.58
06:29:07 PM   62   32.98    0.00   44.68    0.00    0.00    0.00    0.00    0.00    0.00   22.34
06:29:07 PM   63   33.68    0.00   44.21    0.00    0.00    0.00    0.00    0.00    0.00   22.11
06:29:07 PM   64   33.33    0.00   43.01    1.08    0.00    0.00    0.00    0.00    0.00   22.58
06:29:07 PM   65   37.11    0.00   39.18    1.03    0.00    0.00    0.00    0.00    0.00   22.68
06:29:07 PM   66   36.17    0.00   41.49    0.00    0.00    0.00    0.00    0.00    0.00   22.34
06:29:07 PM   67   34.41    0.00   43.01    0.00    0.00    0.00    0.00    0.00    0.00   22.58
06:29:07 PM   68   32.98    0.00   44.68    0.00    0.00    0.00    0.00    0.00    0.00   22.34
06:29:07 PM   69   35.16    0.00   41.76    0.00    0.00    0.00    0.00    0.00    0.00   23.08
06:29:07 PM   70   35.87    0.00   41.30    0.00    0.00    0.00    0.00    0.00    0.00   22.83
06:29:07 PM   71   34.41    0.00   43.01    0.00    0.00    0.00    0.00    0.00    0.00   22.58
06:29:07 PM   72   35.42    0.00   42.71    1.04    0.00    0.00    0.00    0.00    0.00   20.83
06:29:07 PM   73   33.70    0.00   43.48    0.00    0.00    0.00    0.00    0.00    0.00   22.83
06:29:07 PM   74   34.74    0.00   43.16    0.00    0.00    0.00    0.00    0.00    0.00   22.11
06:29:07 PM   75   37.50    0.00   39.58    1.04    0.00    0.00    0.00    0.00    0.00   21.88
06:29:07 PM   76   32.63    0.00   45.26    0.00    0.00    0.00    0.00    0.00    0.00   22.11
06:29:07 PM   77   31.91    0.00   44.68    0.00    0.00    0.00    0.00    0.00    0.00   23.40
06:29:07 PM   78   35.79    0.00   42.11    0.00    0.00    0.00    0.00    0.00    0.00   22.11
06:29:07 PM   79   35.79    0.00   41.05    0.00    0.00    0.00    0.00    0.00    0.00   23.16

06:29:16 PM  CPU    %usr   %nice    %sys %iowait    %irq   %soft  %steal  %guest  %gnice   %idle
06:29:17 PM  all   33.87    0.00   41.99    0.27    0.00    0.00    0.00    0.00    0.00   23.87
06:29:17 PM    0   31.18    0.00   44.09    1.08    0.00    0.00    0.00    0.00    0.00   23.66
06:29:17 PM    1   30.34    0.00   43.82    0.00    0.00    0.00    0.00    0.00    0.00   25.84
06:29:17 PM    2   35.11    0.00   41.49    0.00    0.00    0.00    0.00    0.00    0.00   23.40
06:29:17 PM    3   32.63    0.00   42.11    1.05    0.00    0.00    0.00    0.00    0.00   24.21
06:29:17 PM    4   31.46    0.00   43.82    0.00    0.00    0.00    0.00    0.00    0.00   24.72
06:29:17 PM    5   32.22    0.00   42.22    1.11    0.00    0.00    0.00    0.00    0.00   24.44
06:29:17 PM    6   35.11    0.00   39.36    1.06    0.00    0.00    0.00    0.00    0.00   24.47
06:29:17 PM    7   35.56    0.00   40.00    0.00    0.00    0.00    0.00    0.00    0.00   24.44
06:29:17 PM    8   35.16    0.00   40.66    0.00    0.00    0.00    0.00    0.00    0.00   24.18
06:29:17 PM    9   34.07    0.00   40.66    0.00    0.00    0.00    0.00    0.00    0.00   25.27
06:29:17 PM   10   31.87    0.00   43.96    0.00    0.00    0.00    0.00    0.00    0.00   24.18
06:29:17 PM   11   31.87    0.00   42.86    1.10    0.00    0.00    0.00    0.00    0.00   24.18
06:29:17 PM   12   34.83    0.00   40.45    0.00    0.00    0.00    0.00    0.00    0.00   24.72
06:29:17 PM   13   31.87    0.00   43.96    0.00    0.00    0.00    0.00    0.00    0.00   24.18
06:29:17 PM   14   31.18    0.00   43.01    1.08    0.00    0.00    0.00    0.00    0.00   24.73
06:29:17 PM   15   32.22    0.00   43.33    0.00    0.00    0.00    0.00    0.00    0.00   24.44
06:29:17 PM   16   32.58    0.00   41.57    1.12    0.00    0.00    0.00    0.00    0.00   24.72
06:29:17 PM   17   33.33    0.00   41.11    0.00    0.00    0.00    0.00    0.00    0.00   25.56
06:29:17 PM   18   30.43    0.00   43.48    1.09    0.00    0.00    0.00    0.00    0.00   25.00
06:29:17 PM   19   32.58    0.00   42.70    0.00    0.00    0.00    0.00    0.00    0.00   24.72
06:29:17 PM   20   35.87    0.00   41.30    0.00    0.00    0.00    0.00    0.00    0.00   22.83
06:29:17 PM   21   36.56    0.00   40.86    0.00    0.00    0.00    0.00    0.00    0.00   22.58
06:29:17 PM   22   34.44    0.00   42.22    0.00    0.00    0.00    0.00    0.00    0.00   23.33
06:29:17 PM   23   36.26    0.00   40.66    0.00    0.00    0.00    0.00    0.00    0.00   23.08
06:29:17 PM   24   35.16    0.00   41.76    0.00    0.00    0.00    0.00    0.00    0.00   23.08
06:29:17 PM   25   36.26    0.00   40.66    0.00    0.00    0.00    0.00    0.00    0.00   23.08
06:29:17 PM   26   33.33    0.00   41.94    1.08    0.00    0.00    0.00    0.00    0.00   23.66
06:29:17 PM   27   34.41    0.00   43.01    0.00    0.00    0.00    0.00    0.00    0.00   22.58
06:29:17 PM   28   33.33    0.00   43.33    0.00    0.00    0.00    0.00    0.00    0.00   23.33
06:29:17 PM   29   35.96    0.00   40.45    0.00    0.00    0.00    0.00    0.00    0.00   23.60
06:29:17 PM   30   33.33    0.00   41.94    1.08    0.00    0.00    0.00    0.00    0.00   23.66
06:29:17 PM   31   34.07    0.00   41.76    0.00    0.00    0.00    0.00    0.00    0.00   24.18
06:29:17 PM   32   33.70    0.00   42.39    1.09    0.00    0.00    0.00    0.00    0.00   22.83
06:29:17 PM   33   37.36    0.00   39.56    0.00    0.00    0.00    0.00    0.00    0.00   23.08
06:29:17 PM   34   34.07    0.00   42.86    0.00    0.00    0.00    0.00    0.00    0.00   23.08
06:29:17 PM   35   32.97    0.00   43.96    0.00    0.00    0.00    0.00    0.00    0.00   23.08
06:29:17 PM   36   33.33    0.00   43.01    0.00    0.00    0.00    0.00    0.00    0.00   23.66
06:29:17 PM   37   35.23    0.00   40.91    0.00    0.00    0.00    0.00    0.00    0.00   23.86
06:29:17 PM   38   34.78    0.00   42.39    0.00    0.00    0.00    0.00    0.00    0.00   22.83
06:29:17 PM   39   34.41    0.00   43.01    0.00    0.00    0.00    0.00    0.00    0.00   22.58
06:29:17 PM   40   35.56    0.00   38.89    1.11    0.00    0.00    0.00    0.00    0.00   24.44
06:29:17 PM   41   32.97    0.00   42.86    0.00    0.00    0.00    0.00    0.00    0.00   24.18
06:29:17 PM   42   33.70    0.00   42.39    0.00    0.00    0.00    0.00    0.00    0.00   23.91
06:29:17 PM   43   34.07    0.00   41.76    0.00    0.00    0.00    0.00    0.00    0.00   24.18
06:29:17 PM   44   30.77    0.00   43.96    0.00    0.00    0.00    0.00    0.00    0.00   25.27
06:29:17 PM   45   36.67    0.00   38.89    0.00    0.00    0.00    0.00    0.00    0.00   24.44
06:29:17 PM   46   34.07    0.00   41.76    0.00    0.00    0.00    0.00    0.00    0.00   24.18
06:29:17 PM   47   32.97    0.00   42.86    0.00    0.00    0.00    0.00    0.00    0.00   24.18
06:29:17 PM   48   30.68    0.00   43.18    0.00    0.00    0.00    0.00    0.00    0.00   26.14
06:29:17 PM   49   32.61    0.00   42.39    0.00    0.00    0.00    0.00    0.00    0.00   25.00
06:29:17 PM   50   34.07    0.00   40.66    0.00    0.00    0.00    0.00    0.00    0.00   25.27
06:29:17 PM   51   31.11    0.00   44.44    0.00    0.00    0.00    0.00    0.00    0.00   24.44
06:29:17 PM   52   35.48    0.00   39.78    1.08    0.00    0.00    0.00    0.00    0.00   23.66
06:29:17 PM   53   34.41    0.00   40.86    0.00    0.00    0.00    0.00    0.00    0.00   24.73
06:29:17 PM   54   31.87    0.00   42.86    1.10    0.00    0.00    0.00    0.00    0.00   24.18
06:29:17 PM   55   34.41    0.00   40.86    0.00    0.00    0.00    0.00    0.00    0.00   24.73
06:29:17 PM   56   32.97    0.00   41.76    1.10    0.00    0.00    0.00    0.00    0.00   24.18
06:29:17 PM   57   31.91    0.00   42.55    1.06    0.00    0.00    0.00    0.00    0.00   24.47
06:29:17 PM   58   34.78    0.00   41.30    0.00    0.00    0.00    0.00    0.00    0.00   23.91
06:29:17 PM   59   34.44    0.00   41.11    0.00    0.00    0.00    0.00    0.00    0.00   24.44
06:29:17 PM   60   31.87    0.00   43.96    0.00    0.00    0.00    0.00    0.00    0.00   24.18
06:29:17 PM   61   34.07    0.00   41.76    1.10    0.00    0.00    0.00    0.00    0.00   23.08
06:29:17 PM   62   35.87    0.00   41.30    0.00    0.00    0.00    0.00    0.00    0.00   22.83
06:29:17 PM   63   38.46    0.00   38.46    0.00    0.00    0.00    0.00    0.00    0.00   23.08
06:29:17 PM   64   32.61    0.00   43.48    1.09    0.00    0.00    0.00    0.00    0.00   22.83
06:29:17 PM   65   34.78    0.00   42.39    0.00    0.00    0.00    0.00    0.00    0.00   22.83
06:29:17 PM   66   35.56    0.00   41.11    0.00    0.00    0.00    0.00    0.00    0.00   23.33
06:29:17 PM   67   35.48    0.00   41.94    0.00    0.00    0.00    0.00    0.00    0.00   22.58
06:29:17 PM   68   33.33    0.00   43.01    1.08    0.00    0.00    0.00    0.00    0.00   22.58
06:29:17 PM   69   34.07    0.00   41.76    0.00    0.00    0.00    0.00    0.00    0.00   24.18
06:29:17 PM   70   32.97    0.00   43.96    0.00    0.00    0.00    0.00    0.00    0.00   23.08
06:29:17 PM   71   35.48    0.00   40.86    0.00    0.00    0.00    0.00    0.00    0.00   23.66
06:29:17 PM   72   32.97    0.00   42.86    0.00    0.00    0.00    0.00    0.00    0.00   24.18
06:29:17 PM   73   32.61    0.00   43.48    0.00    0.00    0.00    0.00    0.00    0.00   23.91
06:29:17 PM   74   35.48    0.00   40.86    0.00    0.00    0.00    0.00    0.00    0.00   23.66
06:29:17 PM   75   36.17    0.00   41.49    0.00    0.00    0.00    0.00    0.00    0.00   22.34
06:29:17 PM   76   33.70    0.00   43.48    0.00    0.00    0.00    0.00    0.00    0.00   22.83
06:29:17 PM   77   34.41    0.00   41.94    1.08    0.00    0.00    0.00    0.00    0.00   22.58
06:29:17 PM   78   34.44    0.00   42.22    0.00    0.00    0.00    0.00    0.00    0.00   23.33
06:29:17 PM   79   34.78    0.00   41.30    0.00    0.00    0.00    0.00    0.00    0.00   23.91

06:29:26 PM  CPU    %usr   %nice    %sys %iowait    %irq   %soft  %steal  %guest  %gnice   %idle
06:29:27 PM  all   30.13    0.00   43.39    0.37    0.00    0.00    0.00    0.00    0.00   26.11
06:29:27 PM    0   31.18    0.00   41.94    0.00    0.00    0.00    0.00    0.00    0.00   26.88
06:29:27 PM    1   27.17    0.00   45.65    0.00    0.00    0.00    0.00    0.00    0.00   27.17
06:29:27 PM    2   30.53    0.00   42.11    1.05    0.00    0.00    0.00    0.00    0.00   26.32
06:29:27 PM    3   29.47    0.00   44.21    0.00    0.00    0.00    0.00    0.00    0.00   26.32
06:29:27 PM    4   28.42    0.00   44.21    0.00    0.00    0.00    0.00    0.00    0.00   27.37
06:29:27 PM    5   29.03    0.00   41.94    0.00    0.00    0.00    0.00    0.00    0.00   29.03
06:29:27 PM    6   28.42    0.00   45.26    0.00    0.00    0.00    0.00    0.00    0.00   26.32
06:29:27 PM    7   27.37    0.00   45.26    1.05    0.00    0.00    0.00    0.00    0.00   26.32
06:29:27 PM    8   29.79    0.00   43.62    1.06    0.00    0.00    0.00    0.00    0.00   25.53
06:29:27 PM    9   30.85    0.00   42.55    0.00    0.00    0.00    0.00    0.00    0.00   26.60
06:29:27 PM   10   29.17    0.00   42.71    1.04    0.00    0.00    0.00    0.00    0.00   27.08
06:29:27 PM   11   31.18    0.00   43.01    1.08    0.00    0.00    0.00    0.00    0.00   24.73
06:29:27 PM   12   29.47    0.00   42.11    1.05    0.00    0.00    0.00    0.00    0.00   27.37
06:29:27 PM   13   28.72    0.00   44.68    0.00    0.00    0.00    0.00    0.00    0.00   26.60
06:29:27 PM   14   28.72    0.00   43.62    0.00    0.00    0.00    0.00    0.00    0.00   27.66
06:29:27 PM   15   29.79    0.00   42.55    0.00    0.00    0.00    0.00    0.00    0.00   27.66
06:29:27 PM   16   29.35    0.00   43.48    0.00    0.00    0.00    0.00    0.00    0.00   27.17
06:29:27 PM   17   30.43    0.00   42.39    0.00    0.00    0.00    0.00    0.00    0.00   27.17
06:29:27 PM   18   29.35    0.00   44.57    0.00    0.00    0.00    0.00    0.00    0.00   26.09
06:29:27 PM   19   29.47    0.00   43.16    0.00    0.00    0.00    0.00    0.00    0.00   27.37
06:29:27 PM   20   28.72    0.00   44.68    1.06    0.00    0.00    0.00    0.00    0.00   25.53
06:29:27 PM   21   31.18    0.00   43.01    0.00    0.00    0.00    0.00    0.00    0.00   25.81
06:29:27 PM   22   29.79    0.00   43.62    0.00    0.00    0.00    0.00    0.00    0.00   26.60
06:29:27 PM   23   30.43    0.00   44.57    0.00    0.00    0.00    0.00    0.00    0.00   25.00
06:29:27 PM   24   31.58    0.00   42.11    1.05    0.00    0.00    0.00    0.00    0.00   25.26
06:29:27 PM   25   30.85    0.00   42.55    1.06    0.00    0.00    0.00    0.00    0.00   25.53
06:29:27 PM   26   29.79    0.00   44.68    1.06    0.00    0.00    0.00    0.00    0.00   24.47
06:29:27 PM   27   31.58    0.00   43.16    0.00    0.00    0.00    0.00    0.00    0.00   25.26
06:29:27 PM   28   31.25    0.00   42.71    0.00    0.00    0.00    0.00    0.00    0.00   26.04
06:29:27 PM   29   29.79    0.00   45.74    0.00    0.00    0.00    0.00    0.00    0.00   24.47
06:29:27 PM   30   31.25    0.00   42.71    1.04    0.00    0.00    0.00    0.00    0.00   25.00
06:29:27 PM   31   31.96    0.00   42.27    1.03    0.00    0.00    0.00    0.00    0.00   24.74
06:29:27 PM   32   31.25    0.00   42.71    1.04    0.00    0.00    0.00    0.00    0.00   25.00
06:29:27 PM   33   32.29    0.00   42.71    0.00    0.00    0.00    0.00    0.00    0.00   25.00
06:29:27 PM   34   31.91    0.00   42.55    0.00    0.00    0.00    0.00    0.00    0.00   25.53
06:29:27 PM   35   31.58    0.00   42.11    0.00    0.00    0.00    0.00    0.00    0.00   26.32
06:29:27 PM   36   31.91    0.00   42.55    0.00    0.00    0.00    0.00    0.00    0.00   25.53
06:29:27 PM   37   31.58    0.00   43.16    1.05    0.00    0.00    0.00    0.00    0.00   24.21
06:29:27 PM   38   32.29    0.00   42.71    0.00    0.00    0.00    0.00    0.00    0.00   25.00
06:29:27 PM   39   31.58    0.00   43.16    1.05    0.00    0.00    0.00    0.00    0.00   24.21
06:29:27 PM   40   27.96    0.00   44.09    1.08    0.00    0.00    0.00    0.00    0.00   26.88
06:29:27 PM   41   27.66    0.00   44.68    0.00    0.00    0.00    0.00    0.00    0.00   27.66
06:29:27 PM   42   29.17    0.00   43.75    0.00    0.00    0.00    0.00    0.00    0.00   27.08
06:29:27 PM   43   28.42    0.00   44.21    0.00    0.00    0.00    0.00    0.00    0.00   27.37
06:29:27 PM   44   30.11    0.00   43.01    0.00    0.00    0.00    0.00    0.00    0.00   26.88
06:29:27 PM   45   32.26    0.00   41.94    0.00    0.00    0.00    0.00    0.00    0.00   25.81
06:29:27 PM   46   29.35    0.00   44.57    0.00    0.00    0.00    0.00    0.00    0.00   26.09
06:29:27 PM   47   29.67    0.00   42.86    0.00    0.00    0.00    0.00    0.00    0.00   27.47
06:29:27 PM   48   30.11    0.00   44.09    0.00    0.00    0.00    0.00    0.00    0.00   25.81
06:29:27 PM   49   28.42    0.00   44.21    1.05    0.00    0.00    0.00    0.00    0.00   26.32
06:29:27 PM   50   32.63    0.00   41.05    0.00    0.00    0.00    0.00    0.00    0.00   26.32
06:29:27 PM   51   30.43    0.00   42.39    0.00    0.00    0.00    0.00    0.00    0.00   27.17
06:29:27 PM   52   26.60    0.00   46.81    0.00    0.00    0.00    0.00    0.00    0.00   26.60
06:29:27 PM   53   28.72    0.00   43.62    1.06    0.00    0.00    0.00    0.00    0.00   26.60
06:29:27 PM   54   27.96    0.00   43.01    0.00    0.00    0.00    0.00    0.00    0.00   29.03
06:29:27 PM   55   27.96    0.00   44.09    1.08    0.00    0.00    0.00    0.00    0.00   26.88
06:29:27 PM   56   26.04    0.00   45.83    1.04    0.00    0.00    0.00    0.00    0.00   27.08
06:29:27 PM   57   30.85    0.00   42.55    0.00    0.00    0.00    0.00    0.00    0.00   26.60
06:29:27 PM   58   29.47    0.00   43.16    1.05    0.00    0.00    0.00    0.00    0.00   26.32
06:29:27 PM   59   30.11    0.00   43.01    0.00    0.00    0.00    0.00    0.00    0.00   26.88
06:29:27 PM   60   29.03    0.00   44.09    1.08    0.00    0.00    0.00    0.00    0.00   25.81
06:29:27 PM   61   28.72    0.00   44.68    1.06    0.00    0.00    0.00    0.00    0.00   25.53
06:29:27 PM   62   31.18    0.00   43.01    0.00    0.00    0.00    0.00    0.00    0.00   25.81
06:29:27 PM   63   32.63    0.00   41.05    0.00    0.00    0.00    0.00    0.00    0.00   26.32
06:29:27 PM   64   32.26    0.00   41.94    0.00    0.00    0.00    0.00    0.00    0.00   25.81
06:29:27 PM   65   32.29    0.00   41.67    0.00    0.00    0.00    0.00    0.00    0.00   26.04
06:29:27 PM   66   32.29    0.00   41.67    0.00    0.00    0.00    0.00    0.00    0.00   26.04
06:29:27 PM   67   30.53    0.00   44.21    0.00    0.00    0.00    0.00    0.00    0.00   25.26
06:29:27 PM   68   30.21    0.00   43.75    1.04    0.00    0.00    0.00    0.00    0.00   25.00
06:29:27 PM   69   31.91    0.00   42.55    0.00    0.00    0.00    0.00    0.00    0.00   25.53
06:29:27 PM   70   29.90    0.00   43.30    1.03    0.00    0.00    0.00    0.00    0.00   25.77
06:29:27 PM   71   31.25    0.00   43.75    0.00    0.00    0.00    0.00    0.00    0.00   25.00
06:29:27 PM   72   31.18    0.00   43.01    0.00    0.00    0.00    0.00    0.00    0.00   25.81
06:29:27 PM   73   30.61    0.00   44.90    0.00    0.00    0.00    0.00    0.00    0.00   24.49
06:29:27 PM   74   30.11    0.00   44.09    1.08    0.00    0.00    0.00    0.00    0.00   24.73
06:29:27 PM   75   27.37    0.00   46.32    0.00    0.00    0.00    0.00    0.00    0.00   26.32
06:29:27 PM   76   31.25    0.00   42.71    0.00    0.00    0.00    0.00    0.00    0.00   26.04
06:29:27 PM   77   28.42    0.00   45.26    1.05    0.00    0.00    0.00    0.00    0.00   25.26
06:29:27 PM   78   33.33    0.00   40.86    0.00    0.00    0.00    0.00    0.00    0.00   25.81
06:29:27 PM   79   31.25    0.00   42.71    1.04    0.00    0.00    0.00    0.00    0.00   25.00

06:29:36 PM  CPU    %usr   %nice    %sys %iowait    %irq   %soft  %steal  %guest  %gnice   %idle
06:29:37 PM  all   30.73    0.00   43.79    0.55    0.00    0.00    0.00    0.00    0.00   24.93
06:29:37 PM    0   28.72    0.00   44.68    1.06    0.00    0.00    0.00    0.00    0.00   25.53
06:29:37 PM    1   27.08    0.00   46.88    1.04    0.00    0.00    0.00    0.00    0.00   25.00
06:29:37 PM    2   30.21    0.00   44.79    1.04    0.00    0.00    0.00    0.00    0.00   23.96
06:29:37 PM    3   30.53    0.00   43.16    1.05    0.00    0.00    0.00    0.00    0.00   25.26
06:29:37 PM    4   29.47    0.00   44.21    1.05    0.00    0.00    0.00    0.00    0.00   25.26
06:29:37 PM    5   29.17    0.00   43.75    1.04    0.00    0.00    0.00    0.00    0.00   26.04
06:29:37 PM    6   31.58    0.00   42.11    1.05    0.00    0.00    0.00    0.00    0.00   25.26
06:29:37 PM    7   29.79    0.00   43.62    1.06    0.00    0.00    0.00    0.00    0.00   25.53
06:29:37 PM    8   31.58    0.00   43.16    0.00    0.00    0.00    0.00    0.00    0.00   25.26
06:29:37 PM    9   25.81    0.00   47.31    1.08    0.00    0.00    0.00    0.00    0.00   25.81
06:29:37 PM   10   29.79    0.00   43.62    1.06    0.00    0.00    0.00    0.00    0.00   25.53
06:29:37 PM   11   29.47    0.00   44.21    1.05    0.00    0.00    0.00    0.00    0.00   25.26
06:29:37 PM   12   31.58    0.00   44.21    0.00    0.00    0.00    0.00    0.00    0.00   24.21
06:29:37 PM   13   31.91    0.00   41.49    0.00    0.00    0.00    0.00    0.00    0.00   26.60
06:29:37 PM   14   29.47    0.00   43.16    1.05    0.00    0.00    0.00    0.00    0.00   26.32
06:29:37 PM   15   31.25    0.00   42.71    1.04    0.00    0.00    0.00    0.00    0.00   25.00
06:29:37 PM   16   30.53    0.00   43.16    0.00    0.00    0.00    0.00    0.00    0.00   26.32
06:29:37 PM   17   29.79    0.00   43.62    0.00    0.00    0.00    0.00    0.00    0.00   26.60
06:29:37 PM   18   29.79    0.00   43.62    0.00    0.00    0.00    0.00    0.00    0.00   26.60
06:29:37 PM   19   29.17    0.00   43.75    0.00    0.00    0.00    0.00    0.00    0.00   27.08
06:29:37 PM   20   29.17    0.00   44.79    1.04    0.00    0.00    0.00    0.00    0.00   25.00
06:29:37 PM   21   31.25    0.00   43.75    0.00    0.00    0.00    0.00    0.00    0.00   25.00
06:29:37 PM   22   29.47    0.00   46.32    1.05    0.00    0.00    0.00    0.00    0.00   23.16
06:29:37 PM   23   30.53    0.00   45.26    1.05    0.00    0.00    0.00    0.00    0.00   23.16
06:29:37 PM   24   29.17    0.00   44.79    1.04    0.00    0.00    0.00    0.00    0.00   25.00
06:29:37 PM   25   31.25    0.00   43.75    1.04    0.00    0.00    0.00    0.00    0.00   23.96
06:29:37 PM   26   31.91    0.00   43.62    0.00    0.00    0.00    0.00    0.00    0.00   24.47
06:29:37 PM   27   28.57    0.00   46.94    1.02    0.00    0.00    0.00    0.00    0.00   23.47
06:29:37 PM   28   30.85    0.00   44.68    1.06    0.00    0.00    0.00    0.00    0.00   23.40
06:29:37 PM   29   30.53    0.00   45.26    0.00    0.00    0.00    0.00    0.00    0.00   24.21
06:29:37 PM   30   34.04    0.00   41.49    2.13    0.00    0.00    0.00    0.00    0.00   22.34
06:29:37 PM   31   32.26    0.00   41.94    1.08    0.00    0.00    0.00    0.00    0.00   24.73
06:29:37 PM   32   31.18    0.00   44.09    0.00    0.00    0.00    0.00    0.00    0.00   24.73
06:29:37 PM   33   31.25    0.00   44.79    0.00    0.00    0.00    0.00    0.00    0.00   23.96
06:29:37 PM   34   31.58    0.00   44.21    0.00    0.00    0.00    0.00    0.00    0.00   24.21
06:29:37 PM   35   32.26    0.00   43.01    0.00    0.00    0.00    0.00    0.00    0.00   24.73
06:29:37 PM   36   30.53    0.00   44.21    0.00    0.00    0.00    0.00    0.00    0.00   25.26
06:29:37 PM   37   29.17    0.00   44.79    1.04    0.00    0.00    0.00    0.00    0.00   25.00
06:29:37 PM   38   31.25    0.00   44.79    0.00    0.00    0.00    0.00    0.00    0.00   23.96
06:29:37 PM   39   31.58    0.00   43.16    1.05    0.00    0.00    0.00    0.00    0.00   24.21
06:29:37 PM   40   31.25    0.00   42.71    1.04    0.00    0.00    0.00    0.00    0.00   25.00
06:29:37 PM   41   28.72    0.00   44.68    0.00    0.00    0.00    0.00    0.00    0.00   26.60
06:29:37 PM   42   31.18    0.00   41.94    1.08    0.00    0.00    0.00    0.00    0.00   25.81
06:29:37 PM   43   31.96    0.00   42.27    0.00    0.00    0.00    0.00    0.00    0.00   25.77
06:29:37 PM   44   31.91    0.00   42.55    0.00    0.00    0.00    0.00    0.00    0.00   25.53
06:29:37 PM   45   29.47    0.00   43.16    1.05    0.00    0.00    0.00    0.00    0.00   26.32
06:29:37 PM   46   29.47    0.00   44.21    0.00    0.00    0.00    0.00    0.00    0.00   26.32
06:29:37 PM   47   29.47    0.00   44.21    0.00    0.00    0.00    0.00    0.00    0.00   26.32
06:29:37 PM   48   31.58    0.00   42.11    1.05    0.00    0.00    0.00    0.00    0.00   25.26
06:29:37 PM   49   31.25    0.00   42.71    0.00    0.00    0.00    0.00    0.00    0.00   26.04
06:29:37 PM   50   31.25    0.00   42.71    0.00    0.00    0.00    0.00    0.00    0.00   26.04
06:29:37 PM   51   29.90    0.00   43.30    1.03    0.00    0.00    0.00    0.00    0.00   25.77
06:29:37 PM   52   28.12    0.00   45.83    0.00    0.00    0.00    0.00    0.00    0.00   26.04
06:29:37 PM   53   30.85    0.00   43.62    0.00    0.00    0.00    0.00    0.00    0.00   25.53
06:29:37 PM   54   28.42    0.00   45.26    1.05    0.00    0.00    0.00    0.00    0.00   25.26
06:29:37 PM   55   29.17    0.00   44.79    0.00    0.00    0.00    0.00    0.00    0.00   26.04
06:29:37 PM   56   30.21    0.00   43.75    1.04    0.00    0.00    0.00    0.00    0.00   25.00
06:29:37 PM   57   31.58    0.00   43.16    0.00    0.00    0.00    0.00    0.00    0.00   25.26
06:29:37 PM   58   30.85    0.00   43.62    0.00    0.00    0.00    0.00    0.00    0.00   25.53
06:29:37 PM   59   31.18    0.00   43.01    0.00    0.00    0.00    0.00    0.00    0.00   25.81
06:29:37 PM   60   32.98    0.00   42.55    0.00    0.00    0.00    0.00    0.00    0.00   24.47
06:29:37 PM   61   29.47    0.00   46.32    1.05    0.00    0.00    0.00    0.00    0.00   23.16
06:29:37 PM   62   34.38    0.00   41.67    1.04    0.00    0.00    0.00    0.00    0.00   22.92
06:29:37 PM   63   31.58    0.00   44.21    0.00    0.00    0.00    0.00    0.00    0.00   24.21
06:29:37 PM   64   31.58    0.00   42.11    1.05    0.00    0.00    0.00    0.00    0.00   25.26
06:29:37 PM   65   30.53    0.00   43.16    1.05    0.00    0.00    0.00    0.00    0.00   25.26
06:29:37 PM   66   31.91    0.00   43.62    1.06    0.00    0.00    0.00    0.00    0.00   23.40
06:29:37 PM   67   31.25    0.00   43.75    1.04    0.00    0.00    0.00    0.00    0.00   23.96
06:29:37 PM   68   31.25    0.00   42.71    1.04    0.00    0.00    0.00    0.00    0.00   25.00
06:29:37 PM   69   31.52    0.00   44.57    0.00    0.00    0.00    0.00    0.00    0.00   23.91
06:29:37 PM   70   32.29    0.00   43.75    1.04    0.00    0.00    0.00    0.00    0.00   22.92
06:29:37 PM   71   35.05    0.00   40.21    0.00    0.00    0.00    0.00    0.00    0.00   24.74
06:29:37 PM   72   32.63    0.00   43.16    0.00    0.00    0.00    0.00    0.00    0.00   24.21
06:29:37 PM   73   31.25    0.00   44.79    0.00    0.00    0.00    0.00    0.00    0.00   23.96
06:29:37 PM   74   31.18    0.00   43.01    0.00    0.00    0.00    0.00    0.00    0.00   25.81
06:29:37 PM   75   31.91    0.00   42.55    1.06    0.00    0.00    0.00    0.00    0.00   24.47
06:29:37 PM   76   31.91    0.00   43.62    0.00    0.00    0.00    0.00    0.00    0.00   24.47
06:29:37 PM   77   32.98    0.00   43.62    0.00    0.00    0.00    0.00    0.00    0.00   23.40
06:29:37 PM   78   29.79    0.00   45.74    1.06    0.00    0.00    0.00    0.00    0.00   23.40
06:29:37 PM   79   30.53    0.00   45.26    0.00    0.00    0.00    0.00    0.00    0.00   24.21

06:29:46 PM  CPU    %usr   %nice    %sys %iowait    %irq   %soft  %steal  %guest  %gnice   %idle
06:29:47 PM  all   32.73    0.00   43.91    0.23    0.00    0.01    0.00    0.00    0.00   23.13
06:29:47 PM    0   32.61    0.00   43.48    0.00    0.00    0.00    0.00    0.00    0.00   23.91
06:29:47 PM    1   31.11    0.00   44.44    0.00    0.00    0.00    0.00    0.00    0.00   24.44
06:29:47 PM    2   31.52    0.00   44.57    1.09    0.00    0.00    0.00    0.00    0.00   22.83
06:29:47 PM    3   33.70    0.00   41.30    1.09    0.00    0.00    0.00    0.00    0.00   23.91
06:29:47 PM    4   30.85    0.00   45.74    0.00    0.00    0.00    0.00    0.00    0.00   23.40
06:29:47 PM    5   33.33    0.00   43.01    1.08    0.00    0.00    0.00    0.00    0.00   22.58
06:29:47 PM    6   32.98    0.00   43.62    0.00    0.00    0.00    0.00    0.00    0.00   23.40
06:29:47 PM    7   31.58    0.00   44.21    1.05    0.00    0.00    0.00    0.00    0.00   23.16
06:29:47 PM    8   31.52    0.00   43.48    1.09    0.00    0.00    0.00    0.00    0.00   23.91
06:29:47 PM    9   32.98    0.00   44.68    0.00    0.00    0.00    0.00    0.00    0.00   22.34
06:29:47 PM   10   33.70    0.00   42.39    0.00    0.00    0.00    0.00    0.00    0.00   23.91
06:29:47 PM   11   34.04    0.00   42.55    0.00    0.00    0.00    0.00    0.00    0.00   23.40
06:29:47 PM   12   32.26    0.00   44.09    1.08    0.00    0.00    0.00    0.00    0.00   22.58
06:29:47 PM   13   33.68    0.00   41.05    0.00    0.00    0.00    0.00    0.00    0.00   25.26
06:29:47 PM   14   32.26    0.00   44.09    0.00    0.00    0.00    0.00    0.00    0.00   23.66
06:29:47 PM   15   31.58    0.00   43.16    1.05    0.00    1.05    0.00    0.00    0.00   23.16
06:29:47 PM   16   28.72    0.00   46.81    0.00    0.00    0.00    0.00    0.00    0.00   24.47
06:29:47 PM   17   28.57    0.00   47.25    0.00    0.00    0.00    0.00    0.00    0.00   24.18
06:29:47 PM   18   31.91    0.00   44.68    0.00    0.00    0.00    0.00    0.00    0.00   23.40
06:29:47 PM   19   32.26    0.00   44.09    0.00    0.00    0.00    0.00    0.00    0.00   23.66
06:29:47 PM   20   30.85    0.00   45.74    0.00    0.00    0.00    0.00    0.00    0.00   23.40
06:29:47 PM   21   34.41    0.00   41.94    0.00    0.00    0.00    0.00    0.00    0.00   23.66
06:29:47 PM   22   33.70    0.00   43.48    0.00    0.00    0.00    0.00    0.00    0.00   22.83
06:29:47 PM   23   32.98    0.00   43.62    1.06    0.00    0.00    0.00    0.00    0.00   22.34
06:29:47 PM   24   32.61    0.00   43.48    0.00    0.00    0.00    0.00    0.00    0.00   23.91
06:29:47 PM   25   34.04    0.00   42.55    0.00    0.00    0.00    0.00    0.00    0.00   23.40
06:29:47 PM   26   33.70    0.00   43.48    0.00    0.00    0.00    0.00    0.00    0.00   22.83
06:29:47 PM   27   34.41    0.00   43.01    0.00    0.00    0.00    0.00    0.00    0.00   22.58
06:29:47 PM   28   33.33    0.00   44.09    0.00    0.00    0.00    0.00    0.00    0.00   22.58
06:29:47 PM   29   35.87    0.00   41.30    0.00    0.00    0.00    0.00    0.00    0.00   22.83
06:29:47 PM   30   32.26    0.00   45.16    0.00    0.00    0.00    0.00    0.00    0.00   22.58
06:29:47 PM   31   33.33    0.00   44.09    0.00    0.00    0.00    0.00    0.00    0.00   22.58
06:29:47 PM   32   34.41    0.00   44.09    0.00    0.00    0.00    0.00    0.00    0.00   21.51
06:29:47 PM   33   32.61    0.00   44.57    1.09    0.00    0.00    0.00    0.00    0.00   21.74
06:29:47 PM   34   32.98    0.00   44.68    0.00    0.00    0.00    0.00    0.00    0.00   22.34
06:29:47 PM   35   33.70    0.00   43.48    0.00    0.00    0.00    0.00    0.00    0.00   22.83
06:29:47 PM   36   33.68    0.00   44.21    0.00    0.00    0.00    0.00    0.00    0.00   22.11
06:29:47 PM   37   31.91    0.00   45.74    0.00    0.00    0.00    0.00    0.00    0.00   22.34
06:29:47 PM   38   35.16    0.00   41.76    0.00    0.00    0.00    0.00    0.00    0.00   23.08
06:29:47 PM   39   32.98    0.00   44.68    0.00    0.00    0.00    0.00    0.00    0.00   22.34
06:29:47 PM   40   32.61    0.00   43.48    0.00    0.00    0.00    0.00    0.00    0.00   23.91
06:29:47 PM   41   31.91    0.00   44.68    0.00    0.00    0.00    0.00    0.00    0.00   23.40
06:29:47 PM   42   30.85    0.00   44.68    0.00    0.00    0.00    0.00    0.00    0.00   24.47
06:29:47 PM   43   31.18    0.00   45.16    0.00    0.00    0.00    0.00    0.00    0.00   23.66
06:29:47 PM   44   30.85    0.00   43.62    1.06    0.00    0.00    0.00    0.00    0.00   24.47
06:29:47 PM   45   34.78    0.00   41.30    0.00    0.00    0.00    0.00    0.00    0.00   23.91
06:29:47 PM   46   31.58    0.00   45.26    0.00    0.00    0.00    0.00    0.00    0.00   23.16
06:29:47 PM   47   32.61    0.00   43.48    0.00    0.00    0.00    0.00    0.00    0.00   23.91
06:29:47 PM   48   32.63    0.00   44.21    0.00    0.00    0.00    0.00    0.00    0.00   23.16
06:29:47 PM   49   31.91    0.00   43.62    1.06    0.00    0.00    0.00    0.00    0.00   23.40
06:29:47 PM   50   33.68    0.00   41.05    1.05    0.00    0.00    0.00    0.00    0.00   24.21
06:29:47 PM   51   30.85    0.00   44.68    1.06    0.00    0.00    0.00    0.00    0.00   23.40
06:29:47 PM   52   31.91    0.00   43.62    0.00    0.00    0.00    0.00    0.00    0.00   24.47
06:29:47 PM   53   30.43    0.00   45.65    0.00    0.00    0.00    0.00    0.00    0.00   23.91
06:29:47 PM   54   34.41    0.00   41.94    0.00    0.00    0.00    0.00    0.00    0.00   23.66
06:29:47 PM   55   33.33    0.00   43.75    0.00    0.00    0.00    0.00    0.00    0.00   22.92
06:29:47 PM   56   31.11    0.00   44.44    0.00    0.00    0.00    0.00    0.00    0.00   24.44
06:29:47 PM   57   31.91    0.00   43.62    1.06    0.00    0.00    0.00    0.00    0.00   23.40
06:29:47 PM   58   31.52    0.00   44.57    0.00    0.00    0.00    0.00    0.00    0.00   23.91
06:29:47 PM   59   31.18    0.00   46.24    0.00    0.00    0.00    0.00    0.00    0.00   22.58
06:29:47 PM   60   34.74    0.00   43.16    0.00    0.00    0.00    0.00    0.00    0.00   22.11
06:29:47 PM   61   32.63    0.00   45.26    0.00    0.00    0.00    0.00    0.00    0.00   22.11
06:29:47 PM   62   34.41    0.00   43.01    0.00    0.00    0.00    0.00    0.00    0.00   22.58
06:29:47 PM   63   35.48    0.00   40.86    1.08    0.00    0.00    0.00    0.00    0.00   22.58
06:29:47 PM   64   35.48    0.00   41.94    0.00    0.00    0.00    0.00    0.00    0.00   22.58
06:29:47 PM   65   31.87    0.00   45.05    0.00    0.00    0.00    0.00    0.00    0.00   23.08
06:29:47 PM   66   32.26    0.00   45.16    0.00    0.00    0.00    0.00    0.00    0.00   22.58
06:29:47 PM   67   33.33    0.00   44.09    0.00    0.00    0.00    0.00    0.00    0.00   22.58
06:29:47 PM   68   34.04    0.00   42.55    0.00    0.00    0.00    0.00    0.00    0.00   23.40
06:29:47 PM   69   33.33    0.00   44.09    0.00    0.00    0.00    0.00    0.00    0.00   22.58
06:29:47 PM   70   33.33    0.00   45.16    0.00    0.00    0.00    0.00    0.00    0.00   21.51
06:29:47 PM   71   31.52    0.00   45.65    0.00    0.00    0.00    0.00    0.00    0.00   22.83
06:29:47 PM   72   32.63    0.00   44.21    1.05    0.00    0.00    0.00    0.00    0.00   22.11
06:29:47 PM   73   34.41    0.00   41.94    0.00    0.00    0.00    0.00    0.00    0.00   23.66
06:29:47 PM   74   35.11    0.00   42.55    0.00    0.00    0.00    0.00    0.00    0.00   22.34
06:29:47 PM   75   31.91    0.00   45.74    0.00    0.00    0.00    0.00    0.00    0.00   22.34
06:29:47 PM   76   32.98    0.00   44.68    0.00    0.00    0.00    0.00    0.00    0.00   22.34
06:29:47 PM   77   34.04    0.00   42.55    1.06    0.00    0.00    0.00    0.00    0.00   22.34
06:29:47 PM   78   32.26    0.00   45.16    0.00    0.00    0.00    0.00    0.00    0.00   22.58
06:29:47 PM   79   30.85    0.00   46.81    0.00    0.00    0.00    0.00    0.00    0.00   22.34

06:29:56 PM  CPU    %usr   %nice    %sys %iowait    %irq   %soft  %steal  %guest  %gnice   %idle
06:29:57 PM  all   32.13    0.00   43.72    0.48    0.00    0.00    0.00    0.00    0.00   23.67
06:29:57 PM    0   35.11    0.00   41.49    0.00    0.00    0.00    0.00    0.00    0.00   23.40
06:29:57 PM    1   32.29    0.00   42.71    1.04    0.00    0.00    0.00    0.00    0.00   23.96
06:29:57 PM    2   31.58    0.00   45.26    0.00    0.00    0.00    0.00    0.00    0.00   23.16
06:29:57 PM    3   30.43    0.00   45.65    0.00    0.00    0.00    0.00    0.00    0.00   23.91
06:29:57 PM    4   33.70    0.00   43.48    0.00    0.00    0.00    0.00    0.00    0.00   22.83
06:29:57 PM    5   29.79    0.00   46.81    0.00    0.00    0.00    0.00    0.00    0.00   23.40
06:29:57 PM    6   31.58    0.00   45.26    0.00    0.00    0.00    0.00    0.00    0.00   23.16
06:29:57 PM    7   31.58    0.00   44.21    1.05    0.00    0.00    0.00    0.00    0.00   23.16
06:29:57 PM    8   32.63    0.00   43.16    1.05    0.00    0.00    0.00    0.00    0.00   23.16
06:29:57 PM    9   32.63    0.00   44.21    0.00    0.00    0.00    0.00    0.00    0.00   23.16
06:29:57 PM   10   30.53    0.00   44.21    1.05    0.00    0.00    0.00    0.00    0.00   24.21
06:29:57 PM   11   29.79    0.00   45.74    1.06    0.00    0.00    0.00    0.00    0.00   23.40
06:29:57 PM   12   33.68    0.00   42.11    1.05    0.00    0.00    0.00    0.00    0.00   23.16
06:29:57 PM   13   32.63    0.00   43.16    0.00    0.00    0.00    0.00    0.00    0.00   24.21
06:29:57 PM   14   30.77    0.00   45.05    1.10    0.00    0.00    0.00    0.00    0.00   23.08
06:29:57 PM   15   31.18    0.00   44.09    0.00    0.00    0.00    0.00    0.00    0.00   24.73
06:29:57 PM   16   30.21    0.00   44.79    1.04    0.00    0.00    0.00    0.00    0.00   23.96
06:29:57 PM   17   30.85    0.00   44.68    1.06    0.00    0.00    0.00    0.00    0.00   23.40
06:29:57 PM   18   32.29    0.00   42.71    0.00    0.00    0.00    0.00    0.00    0.00   25.00
06:29:57 PM   19   31.63    0.00   42.86    1.02    0.00    0.00    0.00    0.00    0.00   24.49
06:29:57 PM   20   34.04    0.00   42.55    0.00    0.00    0.00    0.00    0.00    0.00   23.40
06:29:57 PM   21   31.18    0.00   44.09    0.00    0.00    0.00    0.00    0.00    0.00   24.73
06:29:57 PM   22   31.18    0.00   44.09    1.08    0.00    0.00    0.00    0.00    0.00   23.66
06:29:57 PM   23   32.26    0.00   41.94    1.08    0.00    0.00    0.00    0.00    0.00   24.73
06:29:57 PM   24   29.79    0.00   45.74    1.06    0.00    0.00    0.00    0.00    0.00   23.40
06:29:57 PM   25   34.04    0.00   42.55    0.00    0.00    0.00    0.00    0.00    0.00   23.40
06:29:57 PM   26   35.11    0.00   42.55    0.00    0.00    0.00    0.00    0.00    0.00   22.34
06:29:57 PM   27   34.44    0.00   42.22    0.00    0.00    0.00    0.00    0.00    0.00   23.33
06:29:57 PM   28   34.04    0.00   41.49    1.06    0.00    0.00    0.00    0.00    0.00   23.40
06:29:57 PM   29   30.85    0.00   45.74    0.00    0.00    0.00    0.00    0.00    0.00   23.40
06:29:57 PM   30   34.04    0.00   42.55    0.00    0.00    0.00    0.00    0.00    0.00   23.40
06:29:57 PM   31   30.85    0.00   44.68    1.06    0.00    0.00    0.00    0.00    0.00   23.40
06:29:57 PM   32   31.18    0.00   45.16    0.00    0.00    0.00    0.00    0.00    0.00   23.66
06:29:57 PM   33   32.63    0.00   44.21    0.00    0.00    0.00    0.00    0.00    0.00   23.16
06:29:57 PM   34   33.33    0.00   43.01    0.00    0.00    0.00    0.00    0.00    0.00   23.66
06:29:57 PM   35   34.41    0.00   40.86    0.00    0.00    0.00    0.00    0.00    0.00   24.73
06:29:57 PM   36   33.68    0.00   44.21    0.00    0.00    0.00    0.00    0.00    0.00   22.11
06:29:57 PM   37   34.04    0.00   42.55    0.00    0.00    0.00    0.00    0.00    0.00   23.40
06:29:57 PM   38   32.63    0.00   43.16    1.05    0.00    0.00    0.00    0.00    0.00   23.16
06:29:57 PM   39   29.79    0.00   46.81    0.00    0.00    0.00    0.00    0.00    0.00   23.40
06:29:57 PM   40   32.98    0.00   42.55    1.06    0.00    0.00    0.00    0.00    0.00   23.40
06:29:57 PM   41   32.99    0.00   42.27    1.03    0.00    0.00    0.00    0.00    0.00   23.71
06:29:57 PM   42   32.63    0.00   42.11    1.05    0.00    0.00    0.00    0.00    0.00   24.21
06:29:57 PM   43   33.33    0.00   41.94    0.00    0.00    0.00    0.00    0.00    0.00   24.73
06:29:57 PM   44   29.47    0.00   44.21    1.05    0.00    0.00    0.00    0.00    0.00   25.26
06:29:57 PM   45   31.18    0.00   44.09    0.00    0.00    0.00    0.00    0.00    0.00   24.73
06:29:57 PM   46   32.29    0.00   42.71    1.04    0.00    0.00    0.00    0.00    0.00   23.96
06:29:57 PM   47   31.58    0.00   45.26    0.00    0.00    0.00    0.00    0.00    0.00   23.16
06:29:57 PM   48   32.32    0.00   42.42    1.01    0.00    0.00    0.00    0.00    0.00   24.24
06:29:57 PM   49   32.61    0.00   43.48    0.00    0.00    0.00    0.00    0.00    0.00   23.91
06:29:57 PM   50   31.91    0.00   43.62    1.06    0.00    0.00    0.00    0.00    0.00   23.40
06:29:57 PM   51   32.63    0.00   42.11    1.05    0.00    0.00    0.00    0.00    0.00   24.21
06:29:57 PM   52   28.72    0.00   46.81    0.00    0.00    0.00    0.00    0.00    0.00   24.47
06:29:57 PM   53   31.58    0.00   44.21    1.05    0.00    0.00    0.00    0.00    0.00   23.16
06:29:57 PM   54   30.85    0.00   44.68    0.00    0.00    0.00    0.00    0.00    0.00   24.47
06:29:57 PM   55   32.26    0.00   45.16    0.00    0.00    0.00    0.00    0.00    0.00   22.58
06:29:57 PM   56   30.85    0.00   43.62    1.06    0.00    0.00    0.00    0.00    0.00   24.47
06:29:57 PM   57   30.85    0.00   44.68    1.06    0.00    0.00    0.00    0.00    0.00   23.40
06:29:57 PM   58   32.63    0.00   44.21    0.00    0.00    0.00    0.00    0.00    0.00   23.16
06:29:57 PM   59   30.53    0.00   44.21    0.00    0.00    0.00    0.00    0.00    0.00   25.26
06:29:57 PM   60   35.79    0.00   41.05    0.00    0.00    0.00    0.00    0.00    0.00   23.16
06:29:57 PM   61   32.98    0.00   42.55    1.06    0.00    0.00    0.00    0.00    0.00   23.40
06:29:57 PM   62   33.33    0.00   42.71    0.00    0.00    0.00    0.00    0.00    0.00   23.96
06:29:57 PM   63   32.29    0.00   42.71    1.04    0.00    0.00    0.00    0.00    0.00   23.96
06:29:57 PM   64   34.04    0.00   42.55    0.00    0.00    0.00    0.00    0.00    0.00   23.40
06:29:57 PM   65   32.98    0.00   42.55    0.00    0.00    0.00    0.00    0.00    0.00   24.47
06:29:57 PM   66   33.68    0.00   42.11    1.05    0.00    0.00    0.00    0.00    0.00   23.16
06:29:57 PM   67   29.47    0.00   46.32    1.05    0.00    0.00    0.00    0.00    0.00   23.16
06:29:57 PM   68   31.25    0.00   44.79    0.00    0.00    0.00    0.00    0.00    0.00   23.96
06:29:57 PM   69   31.52    0.00   44.57    0.00    0.00    0.00    0.00    0.00    0.00   23.91
06:29:57 PM   70   30.85    0.00   44.68    0.00    0.00    0.00    0.00    0.00    0.00   24.47
06:29:57 PM   71   30.85    0.00   44.68    1.06    0.00    0.00    0.00    0.00    0.00   23.40
06:29:57 PM   72   32.26    0.00   44.09    0.00    0.00    0.00    0.00    0.00    0.00   23.66
06:29:57 PM   73   32.29    0.00   43.75    1.04    0.00    0.00    0.00    0.00    0.00   22.92
06:29:57 PM   74   31.58    0.00   44.21    1.05    0.00    0.00    0.00    0.00    0.00   23.16
06:29:57 PM   75   32.63    0.00   43.16    0.00    0.00    0.00    0.00    0.00    0.00   24.21
06:29:57 PM   76   34.02    0.00   43.30    0.00    0.00    0.00    0.00    0.00    0.00   22.68
06:29:57 PM   77   31.87    0.00   43.96    0.00    0.00    0.00    0.00    0.00    0.00   24.18
06:29:57 PM   78   31.52    0.00   44.57    1.09    0.00    0.00    0.00    0.00    0.00   22.83
06:29:57 PM   79   32.29    0.00   43.75    1.04    0.00    0.00    0.00    0.00    0.00   22.92

06:30:06 PM  CPU    %usr   %nice    %sys %iowait    %irq   %soft  %steal  %guest  %gnice   %idle
06:30:07 PM  all   33.56    0.00   41.80    0.29    0.00    0.00    0.00    0.00    0.00   24.35
06:30:07 PM    0   33.68    0.00   40.00    1.05    0.00    0.00    0.00    0.00    0.00   25.26
06:30:07 PM    1   31.91    0.00   42.55    0.00    0.00    0.00    0.00    0.00    0.00   25.53
06:30:07 PM    2   29.79    0.00   44.68    1.06    0.00    0.00    0.00    0.00    0.00   24.47
06:30:07 PM    3   34.41    0.00   39.78    0.00    0.00    0.00    0.00    0.00    0.00   25.81
06:30:07 PM    4   29.03    0.00   46.24    0.00    0.00    0.00    0.00    0.00    0.00   24.73
06:30:07 PM    5   34.07    0.00   40.66    0.00    0.00    0.00    0.00    0.00    0.00   25.27
06:30:07 PM    6   33.33    0.00   40.86    0.00    0.00    0.00    0.00    0.00    0.00   25.81
06:30:07 PM    7   35.48    0.00   39.78    0.00    0.00    0.00    0.00    0.00    0.00   24.73
06:30:07 PM    8   30.43    0.00   44.57    0.00    0.00    0.00    0.00    0.00    0.00   25.00
06:30:07 PM    9   33.33    0.00   40.86    0.00    0.00    0.00    0.00    0.00    0.00   25.81
06:30:07 PM   10   33.68    0.00   40.00    1.05    0.00    0.00    0.00    0.00    0.00   25.26
06:30:07 PM   11   33.33    0.00   40.62    1.04    0.00    0.00    0.00    0.00    0.00   25.00
06:30:07 PM   12   34.41    0.00   39.78    0.00    0.00    0.00    0.00    0.00    0.00   25.81
06:30:07 PM   13   33.70    0.00   41.30    0.00    0.00    0.00    0.00    0.00    0.00   25.00
06:30:07 PM   14   32.98    0.00   42.55    0.00    0.00    0.00    0.00    0.00    0.00   24.47
06:30:07 PM   15   31.25    0.00   43.75    0.00    0.00    0.00    0.00    0.00    0.00   25.00
06:30:07 PM   16   30.43    0.00   43.48    0.00    0.00    0.00    0.00    0.00    0.00   26.09
06:30:07 PM   17   35.48    0.00   39.78    0.00    0.00    0.00    0.00    0.00    0.00   24.73
06:30:07 PM   18   34.02    0.00   40.21    1.03    0.00    0.00    0.00    0.00    0.00   24.74
06:30:07 PM   19   33.33    0.00   41.94    0.00    0.00    0.00    0.00    0.00    0.00   24.73
06:30:07 PM   20   35.79    0.00   40.00    1.05    0.00    0.00    0.00    0.00    0.00   23.16
06:30:07 PM   21   35.11    0.00   41.49    0.00    0.00    0.00    0.00    0.00    0.00   23.40
06:30:07 PM   22   36.56    0.00   39.78    0.00    0.00    0.00    0.00    0.00    0.00   23.66
06:30:07 PM   23   33.70    0.00   40.22    1.09    0.00    0.00    0.00    0.00    0.00   25.00
06:30:07 PM   24   32.26    0.00   44.09    0.00    0.00    0.00    0.00    0.00    0.00   23.66
06:30:07 PM   25   32.63    0.00   42.11    1.05    0.00    0.00    0.00    0.00    0.00   24.21
06:30:07 PM   26   34.38    0.00   40.62    1.04    0.00    0.00    0.00    0.00    0.00   23.96
06:30:07 PM   27   31.58    0.00   44.21    1.05    0.00    0.00    0.00    0.00    0.00   23.16
06:30:07 PM   28   35.48    0.00   40.86    0.00    0.00    0.00    0.00    0.00    0.00   23.66
06:30:07 PM   29   35.79    0.00   40.00    1.05    0.00    0.00    0.00    0.00    0.00   23.16
06:30:07 PM   30   31.18    0.00   45.16    0.00    0.00    0.00    0.00    0.00    0.00   23.66
06:30:07 PM   31   33.70    0.00   42.39    0.00    0.00    0.00    0.00    0.00    0.00   23.91
06:30:07 PM   32   33.33    0.00   41.94    1.08    0.00    0.00    0.00    0.00    0.00   23.66
06:30:07 PM   33   35.48    0.00   40.86    0.00    0.00    0.00    0.00    0.00    0.00   23.66
06:30:07 PM   34   32.63    0.00   44.21    0.00    0.00    0.00    0.00    0.00    0.00   23.16
06:30:07 PM   35   37.23    0.00   39.36    0.00    0.00    0.00    0.00    0.00    0.00   23.40
06:30:07 PM   36   34.04    0.00   41.49    0.00    0.00    0.00    0.00    0.00    0.00   24.47
06:30:07 PM   37   36.96    0.00   39.13    0.00    0.00    0.00    0.00    0.00    0.00   23.91
06:30:07 PM   38   32.98    0.00   42.55    1.06    0.00    0.00    0.00    0.00    0.00   23.40
06:30:07 PM   39   33.70    0.00   43.48    0.00    0.00    0.00    0.00    0.00    0.00   22.83
06:30:07 PM   40   33.70    0.00   41.30    0.00    0.00    0.00    0.00    0.00    0.00   25.00
06:30:07 PM   41   33.68    0.00   41.05    0.00    0.00    0.00    0.00    0.00    0.00   25.26
06:30:07 PM   42   32.26    0.00   43.01    0.00    0.00    0.00    0.00    0.00    0.00   24.73
06:30:07 PM   43   34.41    0.00   40.86    0.00    0.00    0.00    0.00    0.00    0.00   24.73
06:30:07 PM   44   32.29    0.00   41.67    0.00    0.00    0.00    0.00    0.00    0.00   26.04
06:30:07 PM   45   30.85    0.00   44.68    0.00    0.00    0.00    0.00    0.00    0.00   24.47
06:30:07 PM   46   33.70    0.00   41.30    0.00    0.00    0.00    0.00    0.00    0.00   25.00
06:30:07 PM   47   32.61    0.00   42.39    0.00    0.00    0.00    0.00    0.00    0.00   25.00
06:30:07 PM   48   31.52    0.00   43.48    0.00    0.00    0.00    0.00    0.00    0.00   25.00
06:30:07 PM   49   34.41    0.00   40.86    1.08    0.00    0.00    0.00    0.00    0.00   23.66
06:30:07 PM   50   31.91    0.00   42.55    1.06    0.00    0.00    0.00    0.00    0.00   24.47
06:30:07 PM   51   32.29    0.00   42.71    0.00    0.00    0.00    0.00    0.00    0.00   25.00
06:30:07 PM   52   34.78    0.00   40.22    0.00    0.00    0.00    0.00    0.00    0.00   25.00
06:30:07 PM   53   32.61    0.00   42.39    0.00    0.00    0.00    0.00    0.00    0.00   25.00
06:30:07 PM   54   30.11    0.00   44.09    1.08    0.00    0.00    0.00    0.00    0.00   24.73
06:30:07 PM   55   32.63    0.00   42.11    1.05    0.00    0.00    0.00    0.00    0.00   24.21
06:30:07 PM   56   35.48    0.00   39.78    0.00    0.00    0.00    0.00    0.00    0.00   24.73
06:30:07 PM   57   31.91    0.00   43.62    0.00    0.00    0.00    0.00    0.00    0.00   24.47
06:30:07 PM   58   32.97    0.00   41.76    0.00    0.00    0.00    0.00    0.00    0.00   25.27
06:30:07 PM   59   32.29    0.00   40.62    1.04    0.00    0.00    0.00    0.00    0.00   26.04
06:30:07 PM   60   36.08    0.00   40.21    1.03    0.00    0.00    0.00    0.00    0.00   22.68
06:30:07 PM   61   35.79    0.00   41.05    0.00    0.00    0.00    0.00    0.00    0.00   23.16
06:30:07 PM   62   35.87    0.00   40.22    0.00    0.00    0.00    0.00    0.00    0.00   23.91
06:30:07 PM   63   32.98    0.00   42.55    0.00    0.00    0.00    0.00    0.00    0.00   24.47
06:30:07 PM   64   35.11    0.00   40.43    0.00    0.00    0.00    0.00    0.00    0.00   24.47
06:30:07 PM   65   33.70    0.00   41.30    1.09    0.00    0.00    0.00    0.00    0.00   23.91
06:30:07 PM   66   36.26    0.00   39.56    0.00    0.00    0.00    0.00    0.00    0.00   24.18
06:30:07 PM   67   36.46    0.00   39.58    0.00    0.00    0.00    0.00    0.00    0.00   23.96
06:30:07 PM   68   34.04    0.00   42.55    0.00    0.00    0.00    0.00    0.00    0.00   23.40
06:30:07 PM   69   34.04    0.00   41.49    0.00    0.00    0.00    0.00    0.00    0.00   24.47
06:30:07 PM   70   33.68    0.00   43.16    0.00    0.00    0.00    0.00    0.00    0.00   23.16
06:30:07 PM   71   33.33    0.00   43.01    0.00    0.00    0.00    0.00    0.00    0.00   23.66
06:30:07 PM   72   32.63    0.00   43.16    1.05    0.00    0.00    0.00    0.00    0.00   23.16
06:30:07 PM   73   32.61    0.00   43.48    0.00    0.00    0.00    0.00    0.00    0.00   23.91
06:30:07 PM   74   32.61    0.00   43.48    0.00    0.00    0.00    0.00    0.00    0.00   23.91
06:30:07 PM   75   32.98    0.00   42.55    1.06    0.00    0.00    0.00    0.00    0.00   23.40
06:30:07 PM   76   34.41    0.00   41.94    0.00    0.00    0.00    0.00    0.00    0.00   23.66
06:30:07 PM   77   32.61    0.00   43.48    0.00    0.00    0.00    0.00    0.00    0.00   23.91
06:30:07 PM   78   33.68    0.00   43.16    0.00    0.00    0.00    0.00    0.00    0.00   23.16
06:30:07 PM   79   36.84    0.00   40.00    0.00    0.00    0.00    0.00    0.00    0.00   23.16

06:30:16 PM  CPU    %usr   %nice    %sys %iowait    %irq   %soft  %steal  %guest  %gnice   %idle
06:30:17 PM  all   32.45    0.00   44.62    0.29    0.00    0.00    0.00    0.00    0.00   22.64
06:30:17 PM    0   30.85    0.00   45.74    1.06    0.00    0.00    0.00    0.00    0.00   22.34
06:30:17 PM    1   30.85    0.00   45.74    0.00    0.00    0.00    0.00    0.00    0.00   23.40
06:30:17 PM    2   30.77    0.00   46.15    0.00    0.00    0.00    0.00    0.00    0.00   23.08
06:30:17 PM    3   34.44    0.00   41.11    0.00    0.00    0.00    0.00    0.00    0.00   24.44
06:30:17 PM    4   32.61    0.00   43.48    1.09    0.00    0.00    0.00    0.00    0.00   22.83
06:30:17 PM    5   29.79    0.00   46.81    1.06    0.00    0.00    0.00    0.00    0.00   22.34
06:30:17 PM    6   32.63    0.00   44.21    0.00    0.00    0.00    0.00    0.00    0.00   23.16
06:30:17 PM    7   30.43    0.00   46.74    0.00    0.00    0.00    0.00    0.00    0.00   22.83
06:30:17 PM    8   31.58    0.00   45.26    0.00    0.00    0.00    0.00    0.00    0.00   23.16
06:30:17 PM    9   33.33    0.00   44.09    1.08    0.00    0.00    0.00    0.00    0.00   21.51
06:30:17 PM   10   28.72    0.00   45.74    1.06    0.00    0.00    0.00    0.00    0.00   24.47
06:30:17 PM   11   31.58    0.00   44.21    1.05    0.00    0.00    0.00    0.00    0.00   23.16
06:30:17 PM   12   30.11    0.00   47.31    0.00    0.00    0.00    0.00    0.00    0.00   22.58
06:30:17 PM   13   30.43    0.00   46.74    0.00    0.00    0.00    0.00    0.00    0.00   22.83
06:30:17 PM   14   31.91    0.00   44.68    1.06    0.00    0.00    0.00    0.00    0.00   22.34
06:30:17 PM   15   34.74    0.00   42.11    0.00    0.00    0.00    0.00    0.00    0.00   23.16
06:30:17 PM   16   31.58    0.00   45.26    0.00    0.00    0.00    0.00    0.00    0.00   23.16
06:30:17 PM   17   31.58    0.00   46.32    0.00    0.00    0.00    0.00    0.00    0.00   22.11
06:30:17 PM   18   30.85    0.00   44.68    1.06    0.00    0.00    0.00    0.00    0.00   23.40
06:30:17 PM   19   31.18    0.00   45.16    1.08    0.00    0.00    0.00    0.00    0.00   22.58
06:30:17 PM   20   32.26    0.00   45.16    0.00    0.00    0.00    0.00    0.00    0.00   22.58
06:30:17 PM   21   29.67    0.00   47.25    0.00    0.00    0.00    0.00    0.00    0.00   23.08
06:30:17 PM   22   32.26    0.00   45.16    0.00    0.00    0.00    0.00    0.00    0.00   22.58
06:30:17 PM   23   32.97    0.00   43.96    0.00    0.00    0.00    0.00    0.00    0.00   23.08
06:30:17 PM   24   31.18    0.00   46.24    0.00    0.00    0.00    0.00    0.00    0.00   22.58
06:30:17 PM   25   31.18    0.00   46.24    0.00    0.00    0.00    0.00    0.00    0.00   22.58
06:30:17 PM   26   35.48    0.00   43.01    0.00    0.00    0.00    0.00    0.00    0.00   21.51
06:30:17 PM   27   31.18    0.00   46.24    1.08    0.00    0.00    0.00    0.00    0.00   21.51
06:30:17 PM   28   31.58    0.00   46.32    0.00    0.00    0.00    0.00    0.00    0.00   22.11
06:30:17 PM   29   31.91    0.00   44.68    1.06    0.00    0.00    0.00    0.00    0.00   22.34
06:30:17 PM   30   34.04    0.00   43.62    0.00    0.00    0.00    0.00    0.00    0.00   22.34
06:30:17 PM   31   32.26    0.00   45.16    1.08    0.00    0.00    0.00    0.00    0.00   21.51
06:30:17 PM   32   32.97    0.00   43.96    0.00    0.00    0.00    0.00    0.00    0.00   23.08
06:30:17 PM   33   34.38    0.00   43.75    0.00    0.00    0.00    0.00    0.00    0.00   21.88
06:30:17 PM   34   36.17    0.00   41.49    0.00    0.00    0.00    0.00    0.00    0.00   22.34
06:30:17 PM   35   32.63    0.00   44.21    1.05    0.00    0.00    0.00    0.00    0.00   22.11
06:30:17 PM   36   33.33    0.00   45.16    0.00    0.00    0.00    0.00    0.00    0.00   21.51
06:30:17 PM   37   32.61    0.00   45.65    0.00    0.00    0.00    0.00    0.00    0.00   21.74
06:30:17 PM   38   33.33    0.00   44.09    0.00    0.00    0.00    0.00    0.00    0.00   22.58
06:30:17 PM   39   31.91    0.00   45.74    1.06    0.00    0.00    0.00    0.00    0.00   21.28
06:30:17 PM   40   33.68    0.00   43.16    0.00    0.00    0.00    0.00    0.00    0.00   23.16
06:30:17 PM   41   33.33    0.00   43.01    0.00    0.00    0.00    0.00    0.00    0.00   23.66
06:30:17 PM   42   34.41    0.00   43.01    0.00    0.00    0.00    0.00    0.00    0.00   22.58
06:30:17 PM   43   31.52    0.00   45.65    0.00    0.00    0.00    0.00    0.00    0.00   22.83
06:30:17 PM   44   31.87    0.00   46.15    0.00    0.00    0.00    0.00    0.00    0.00   21.98
06:30:17 PM   45   30.85    0.00   45.74    1.06    0.00    0.00    0.00    0.00    0.00   22.34
06:30:17 PM   46   34.04    0.00   43.62    0.00    0.00    0.00    0.00    0.00    0.00   22.34
06:30:17 PM   47   33.33    0.00   43.01    0.00    0.00    0.00    0.00    0.00    0.00   23.66
06:30:17 PM   48   32.26    0.00   45.16    0.00    0.00    0.00    0.00    0.00    0.00   22.58
06:30:17 PM   49   34.04    0.00   42.55    0.00    0.00    0.00    0.00    0.00    0.00   23.40
06:30:17 PM   50   33.68    0.00   43.16    0.00    0.00    0.00    0.00    0.00    0.00   23.16
06:30:17 PM   51   31.91    0.00   44.68    0.00    0.00    0.00    0.00    0.00    0.00   23.40
06:30:17 PM   52   31.91    0.00   44.68    0.00    0.00    0.00    0.00    0.00    0.00   23.40
06:30:17 PM   53   32.26    0.00   45.16    0.00    0.00    0.00    0.00    0.00    0.00   22.58
06:30:17 PM   54   34.04    0.00   42.55    1.06    0.00    0.00    0.00    0.00    0.00   22.34
06:30:17 PM   55   34.07    0.00   42.86    0.00    0.00    0.00    0.00    0.00    0.00   23.08
06:30:17 PM   56   30.85    0.00   46.81    0.00    0.00    0.00    0.00    0.00    0.00   22.34
06:30:17 PM   57   30.77    0.00   46.15    0.00    0.00    0.00    0.00    0.00    0.00   23.08
06:30:17 PM   58   31.91    0.00   45.74    0.00    0.00    0.00    0.00    0.00    0.00   22.34
06:30:17 PM   59   33.33    0.00   43.01    0.00    0.00    0.00    0.00    0.00    0.00   23.66
06:30:17 PM   60   33.33    0.00   44.09    0.00    0.00    0.00    0.00    0.00    0.00   22.58
06:30:17 PM   61   33.33    0.00   44.09    0.00    0.00    0.00    0.00    0.00    0.00   22.58
06:30:17 PM   62   31.91    0.00   44.68    1.06    0.00    0.00    0.00    0.00    0.00   22.34
06:30:17 PM   63   34.04    0.00   43.62    1.06    0.00    0.00    0.00    0.00    0.00   21.28
06:30:17 PM   64   34.04    0.00   43.62    0.00    0.00    0.00    0.00    0.00    0.00   22.34
06:30:17 PM   65   32.98    0.00   43.62    1.06    0.00    0.00    0.00    0.00    0.00   22.34
06:30:17 PM   66   31.18    0.00   45.16    0.00    0.00    0.00    0.00    0.00    0.00   23.66
06:30:17 PM   67   32.63    0.00   43.16    1.05    0.00    0.00    0.00    0.00    0.00   23.16
06:30:17 PM   68   33.33    0.00   43.75    1.04    0.00    0.00    0.00    0.00    0.00   21.88
06:30:17 PM   69   32.61    0.00   44.57    0.00    0.00    0.00    0.00    0.00    0.00   22.83
06:30:17 PM   70   33.68    0.00   43.16    0.00    0.00    0.00    0.00    0.00    0.00   23.16
06:30:17 PM   71   31.52    0.00   45.65    0.00    0.00    0.00    0.00    0.00    0.00   22.83
06:30:17 PM   72   32.61    0.00   44.57    0.00    0.00    0.00    0.00    0.00    0.00   22.83
06:30:17 PM   73   31.18    0.00   46.24    0.00    0.00    0.00    0.00    0.00    0.00   22.58
06:30:17 PM   74   32.97    0.00   45.05    0.00    0.00    0.00    0.00    0.00    0.00   21.98
06:30:17 PM   75   36.17    0.00   40.43    1.06    0.00    0.00    0.00    0.00    0.00   22.34
06:30:17 PM   76   32.61    0.00   44.57    0.00    0.00    0.00    0.00    0.00    0.00   22.83
06:30:17 PM   77   31.91    0.00   45.74    0.00    0.00    0.00    0.00    0.00    0.00   22.34
06:30:17 PM   78   34.41    0.00   43.01    0.00    0.00    0.00    0.00    0.00    0.00   22.58
06:30:17 PM   79   31.58    0.00   46.32    0.00    0.00    0.00    0.00    0.00    0.00   22.11

06:30:26 PM  CPU    %usr   %nice    %sys %iowait    %irq   %soft  %steal  %guest  %gnice   %idle
06:30:27 PM  all   31.81    0.00   43.31    0.56    0.00    0.00    0.00    0.00    0.00   24.32
06:30:27 PM    0   31.18    0.00   43.01    1.08    0.00    0.00    0.00    0.00    0.00   24.73
06:30:27 PM    1   31.58    0.00   43.16    1.05    0.00    0.00    0.00    0.00    0.00   24.21
06:30:27 PM    2   29.47    0.00   44.21    1.05    0.00    0.00    0.00    0.00    0.00   25.26
06:30:27 PM    3   32.61    0.00   42.39    0.00    0.00    0.00    0.00    0.00    0.00   25.00
06:30:27 PM    4   27.96    0.00   46.24    1.08    0.00    0.00    0.00    0.00    0.00   24.73
06:30:27 PM    5   30.85    0.00   43.62    1.06    0.00    0.00    0.00    0.00    0.00   24.47
06:30:27 PM    6   30.53    0.00   44.21    1.05    0.00    0.00    0.00    0.00    0.00   24.21
06:30:27 PM    7   33.33    0.00   41.94    0.00    0.00    0.00    0.00    0.00    0.00   24.73
06:30:27 PM    8   31.52    0.00   42.39    1.09    0.00    0.00    0.00    0.00    0.00   25.00
06:30:27 PM    9   31.18    0.00   44.09    0.00    0.00    0.00    0.00    0.00    0.00   24.73
06:30:27 PM   10   28.72    0.00   46.81    0.00    0.00    0.00    0.00    0.00    0.00   24.47
06:30:27 PM   11   31.91    0.00   43.62    0.00    0.00    0.00    0.00    0.00    0.00   24.47
06:30:27 PM   12   33.33    0.00   40.86    1.08    0.00    0.00    0.00    0.00    0.00   24.73
06:30:27 PM   13   30.85    0.00   44.68    0.00    0.00    0.00    0.00    0.00    0.00   24.47
06:30:27 PM   14   30.85    0.00   44.68    0.00    0.00    0.00    0.00    0.00    0.00   24.47
06:30:27 PM   15   29.47    0.00   43.16    1.05    0.00    0.00    0.00    0.00    0.00   26.32
06:30:27 PM   16   32.26    0.00   41.94    0.00    0.00    0.00    0.00    0.00    0.00   25.81
06:30:27 PM   17   32.63    0.00   42.11    0.00    0.00    0.00    0.00    0.00    0.00   25.26
06:30:27 PM   18   30.43    0.00   43.48    0.00    0.00    0.00    0.00    0.00    0.00   26.09
06:30:27 PM   19   29.47    0.00   45.26    1.05    0.00    0.00    0.00    0.00    0.00   24.21
06:30:27 PM   20   32.98    0.00   43.62    1.06    0.00    0.00    0.00    0.00    0.00   22.34
06:30:27 PM   21   34.04    0.00   42.55    0.00    0.00    0.00    0.00    0.00    0.00   23.40
06:30:27 PM   22   32.98    0.00   42.55    0.00    0.00    0.00    0.00    0.00    0.00   24.47
06:30:27 PM   23   32.98    0.00   43.62    0.00    0.00    0.00    0.00    0.00    0.00   23.40
06:30:27 PM   24   32.26    0.00   41.94    1.08    0.00    0.00    0.00    0.00    0.00   24.73
06:30:27 PM   25   36.17    0.00   40.43    0.00    0.00    0.00    0.00    0.00    0.00   23.40
06:30:27 PM   26   32.98    0.00   42.55    0.00    0.00    0.00    0.00    0.00    0.00   24.47
06:30:27 PM   27   34.02    0.00   41.24    1.03    0.00    0.00    0.00    0.00    0.00   23.71
06:30:27 PM   28   32.98    0.00   42.55    0.00    0.00    0.00    0.00    0.00    0.00   24.47
06:30:27 PM   29   31.58    0.00   44.21    1.05    0.00    0.00    0.00    0.00    0.00   23.16
06:30:27 PM   30   31.91    0.00   44.68    1.06    0.00    0.00    0.00    0.00    0.00   22.34
06:30:27 PM   31   34.41    0.00   41.94    0.00    0.00    0.00    0.00    0.00    0.00   23.66
06:30:27 PM   32   33.70    0.00   42.39    0.00    0.00    0.00    0.00    0.00    0.00   23.91
06:30:27 PM   33   32.98    0.00   42.55    1.06    0.00    0.00    0.00    0.00    0.00   23.40
06:30:27 PM   34   33.33    0.00   41.94    1.08    0.00    0.00    0.00    0.00    0.00   23.66
06:30:27 PM   35   31.25    0.00   43.75    1.04    0.00    0.00    0.00    0.00    0.00   23.96
06:30:27 PM   36   33.33    0.00   41.94    1.08    0.00    0.00    0.00    0.00    0.00   23.66
06:30:27 PM   37   33.33    0.00   43.01    0.00    0.00    0.00    0.00    0.00    0.00   23.66
06:30:27 PM   38   34.41    0.00   40.86    1.08    0.00    0.00    0.00    0.00    0.00   23.66
06:30:27 PM   39   34.04    0.00   41.49    0.00    0.00    0.00    0.00    0.00    0.00   24.47
06:30:27 PM   40   29.03    0.00   45.16    0.00    0.00    0.00    0.00    0.00    0.00   25.81
06:30:27 PM   41   28.72    0.00   45.74    1.06    0.00    0.00    0.00    0.00    0.00   24.47
06:30:27 PM   42   28.89    0.00   45.56    0.00    0.00    0.00    0.00    0.00    0.00   25.56
06:30:27 PM   43   28.42    0.00   46.32    1.05    0.00    0.00    0.00    0.00    0.00   24.21
06:30:27 PM   44   31.58    0.00   44.21    0.00    0.00    0.00    0.00    0.00    0.00   24.21
06:30:27 PM   45   30.53    0.00   43.16    1.05    0.00    0.00    0.00    0.00    0.00   25.26
06:30:27 PM   46   28.72    0.00   45.74    1.06    0.00    0.00    0.00    0.00    0.00   24.47
06:30:27 PM   47   32.98    0.00   41.49    1.06    0.00    0.00    0.00    0.00    0.00   24.47
06:30:27 PM   48   31.58    0.00   43.16    0.00    0.00    0.00    0.00    0.00    0.00   25.26
06:30:27 PM   49   31.58    0.00   42.11    1.05    0.00    0.00    0.00    0.00    0.00   25.26
06:30:27 PM   50   30.11    0.00   44.09    0.00    0.00    0.00    0.00    0.00    0.00   25.81
06:30:27 PM   51   33.33    0.00   40.62    1.04    0.00    0.00    0.00    0.00    0.00   25.00
06:30:27 PM   52   29.35    0.00   45.65    0.00    0.00    0.00    0.00    0.00    0.00   25.00
06:30:27 PM   53   32.98    0.00   41.49    0.00    0.00    0.00    0.00    0.00    0.00   25.53
06:30:27 PM   54   33.33    0.00   40.86    0.00    0.00    0.00    0.00    0.00    0.00   25.81
06:30:27 PM   55   29.03    0.00   45.16    1.08    0.00    0.00    0.00    0.00    0.00   24.73
06:30:27 PM   56   31.18    0.00   43.01    0.00    0.00    0.00    0.00    0.00    0.00   25.81
06:30:27 PM   57   29.67    0.00   45.05    0.00    0.00    0.00    0.00    0.00    0.00   25.27
06:30:27 PM   58   33.68    0.00   42.11    0.00    0.00    0.00    0.00    0.00    0.00   24.21
06:30:27 PM   59   30.11    0.00   45.16    0.00    0.00    0.00    0.00    0.00    0.00   24.73
06:30:27 PM   60   32.63    0.00   42.11    1.05    0.00    0.00    0.00    0.00    0.00   24.21
06:30:27 PM   61   30.85    0.00   44.68    1.06    0.00    0.00    0.00    0.00    0.00   23.40
06:30:27 PM   62   30.43    0.00   44.57    1.09    0.00    0.00    0.00    0.00    0.00   23.91
06:30:27 PM   63   31.87    0.00   42.86    1.10    0.00    0.00    0.00    0.00    0.00   24.18
06:30:27 PM   64   34.04    0.00   41.49    1.06    0.00    0.00    0.00    0.00    0.00   23.40
06:30:27 PM   65   33.33    0.00   42.71    1.04    0.00    0.00    0.00    0.00    0.00   22.92
06:30:27 PM   66   31.91    0.00   43.62    0.00    0.00    0.00    0.00    0.00    0.00   24.47
06:30:27 PM   67   31.18    0.00   44.09    0.00    0.00    0.00    0.00    0.00    0.00   24.73
06:30:27 PM   68   32.26    0.00   43.01    1.08    0.00    0.00    0.00    0.00    0.00   23.66
06:30:27 PM   69   31.91    0.00   43.62    0.00    0.00    0.00    0.00    0.00    0.00   24.47
06:30:27 PM   70   32.63    0.00   43.16    0.00    0.00    0.00    0.00    0.00    0.00   24.21
06:30:27 PM   71   31.96    0.00   44.33    1.03    0.00    0.00    0.00    0.00    0.00   22.68
06:30:27 PM   72   32.26    0.00   43.01    1.08    0.00    0.00    0.00    0.00    0.00   23.66
06:30:27 PM   73   32.26    0.00   41.94    1.08    0.00    0.00    0.00    0.00    0.00   24.73
06:30:27 PM   74   31.25    0.00   44.79    1.04    0.00    0.00    0.00    0.00    0.00   22.92
06:30:27 PM   75   34.38    0.00   41.67    1.04    0.00    0.00    0.00    0.00    0.00   22.92
06:30:27 PM   76   30.85    0.00   44.68    1.06    0.00    0.00    0.00    0.00    0.00   23.40
06:30:27 PM   77   33.33    0.00   43.01    1.08    0.00    0.00    0.00    0.00    0.00   22.58
06:30:27 PM   78   32.29    0.00   44.79    0.00    0.00    0.00    0.00    0.00    0.00   22.92
06:30:27 PM   79   32.26    0.00   43.01    0.00    0.00    0.00    0.00    0.00    0.00   24.73

06:30:36 PM  CPU    %usr   %nice    %sys %iowait    %irq   %soft  %steal  %guest  %gnice   %idle
06:30:37 PM  all   31.01    0.00   42.68    0.55    0.00    0.00    0.00    0.00    0.00   25.76
06:30:37 PM    0   31.96    0.00   41.24    1.03    0.00    0.00    0.00    0.00    0.00   25.77
06:30:37 PM    1   32.63    0.00   40.00    1.05    0.00    0.00    0.00    0.00    0.00   26.32
06:30:37 PM    2   30.93    0.00   41.24    0.00    0.00    0.00    0.00    0.00    0.00   27.84
06:30:37 PM    3   29.17    0.00   42.71    1.04    0.00    0.00    0.00    0.00    0.00   27.08
06:30:37 PM    4   29.17    0.00   42.71    1.04    0.00    0.00    0.00    0.00    0.00   27.08
06:30:37 PM    5   30.21    0.00   41.67    1.04    0.00    0.00    0.00    0.00    0.00   27.08
06:30:37 PM    6   30.21    0.00   42.71    0.00    0.00    0.00    0.00    0.00    0.00   27.08
06:30:37 PM    7   30.21    0.00   42.71    0.00    0.00    0.00    0.00    0.00    0.00   27.08
06:30:37 PM    8   29.90    0.00   42.27    0.00    0.00    0.00    0.00    0.00    0.00   27.84
06:30:37 PM    9   29.79    0.00   42.55    1.06    0.00    0.00    0.00    0.00    0.00   26.60
06:30:37 PM   10   30.53    0.00   42.11    1.05    0.00    0.00    0.00    0.00    0.00   26.32
06:30:37 PM   11   30.21    0.00   42.71    0.00    0.00    0.00    0.00    0.00    0.00   27.08
06:30:37 PM   12   31.58    0.00   40.00    1.05    0.00    0.00    0.00    0.00    0.00   27.37
06:30:37 PM   13   30.53    0.00   43.16    0.00    0.00    0.00    0.00    0.00    0.00   26.32
06:30:37 PM   14   30.21    0.00   42.71    0.00    0.00    0.00    0.00    0.00    0.00   27.08
06:30:37 PM   15   30.53    0.00   43.16    1.05    0.00    0.00    0.00    0.00    0.00   25.26
06:30:37 PM   16   30.53    0.00   42.11    0.00    0.00    0.00    0.00    0.00    0.00   27.37
06:30:37 PM   17   30.93    0.00   42.27    1.03    0.00    0.00    0.00    0.00    0.00   25.77
06:30:37 PM   18   29.17    0.00   42.71    1.04    0.00    0.00    0.00    0.00    0.00   27.08
06:30:37 PM   19   31.63    0.00   40.82    1.02    0.00    0.00    0.00    0.00    0.00   26.53
06:30:37 PM   20   30.21    0.00   43.75    1.04    0.00    0.00    0.00    0.00    0.00   25.00
06:30:37 PM   21   33.68    0.00   42.11    0.00    0.00    0.00    0.00    0.00    0.00   24.21
06:30:37 PM   22   29.90    0.00   44.33    1.03    0.00    0.00    0.00    0.00    0.00   24.74
06:30:37 PM   23   35.79    0.00   41.05    0.00    0.00    0.00    0.00    0.00    0.00   23.16
06:30:37 PM   24   32.63    0.00   42.11    0.00    0.00    0.00    0.00    0.00    0.00   25.26
06:30:37 PM   25   31.91    0.00   41.49    1.06    0.00    0.00    0.00    0.00    0.00   25.53
06:30:37 PM   26   29.47    0.00   44.21    1.05    0.00    0.00    0.00    0.00    0.00   25.26
06:30:37 PM   27   29.79    0.00   44.68    0.00    0.00    0.00    0.00    0.00    0.00   25.53
06:30:37 PM   28   30.21    0.00   44.79    0.00    0.00    0.00    0.00    0.00    0.00   25.00
06:30:37 PM   29   31.25    0.00   42.71    1.04    0.00    0.00    0.00    0.00    0.00   25.00
06:30:37 PM   30   31.58    0.00   43.16    1.05    0.00    0.00    0.00    0.00    0.00   24.21
06:30:37 PM   31   31.63    0.00   41.84    1.02    0.00    0.00    0.00    0.00    0.00   25.51
06:30:37 PM   32   31.25    0.00   43.75    1.04    0.00    0.00    0.00    0.00    0.00   23.96
06:30:37 PM   33   32.63    0.00   42.11    0.00    0.00    0.00    0.00    0.00    0.00   25.26
06:30:37 PM   34   32.26    0.00   41.94    1.08    0.00    0.00    0.00    0.00    0.00   24.73
06:30:37 PM   35   31.96    0.00   42.27    1.03    0.00    0.00    0.00    0.00    0.00   24.74
06:30:37 PM   36   31.58    0.00   42.11    1.05    0.00    0.00    0.00    0.00    0.00   25.26
06:30:37 PM   37   29.47    0.00   45.26    1.05    0.00    0.00    0.00    0.00    0.00   24.21
06:30:37 PM   38   31.58    0.00   42.11    1.05    0.00    0.00    0.00    0.00    0.00   25.26
06:30:37 PM   39   28.72    0.00   45.74    0.00    0.00    0.00    0.00    0.00    0.00   25.53
06:30:37 PM   40   31.91    0.00   42.55    0.00    0.00    0.00    0.00    0.00    0.00   25.53
06:30:37 PM   41   28.87    0.00   42.27    1.03    0.00    0.00    0.00    0.00    0.00   27.84
06:30:37 PM   42   31.18    0.00   43.01    0.00    0.00    0.00    0.00    0.00    0.00   25.81
06:30:37 PM   43   30.21    0.00   41.67    1.04    0.00    0.00    0.00    0.00    0.00   27.08
06:30:37 PM   44   30.53    0.00   43.16    0.00    0.00    0.00    0.00    0.00    0.00   26.32
06:30:37 PM   45   31.25    0.00   41.67    0.00    0.00    0.00    0.00    0.00    0.00   27.08
06:30:37 PM   46   28.87    0.00   43.30    1.03    0.00    0.00    0.00    0.00    0.00   26.80
06:30:37 PM   47   31.18    0.00   43.01    0.00    0.00    0.00    0.00    0.00    0.00   25.81
06:30:37 PM   48   31.58    0.00   42.11    0.00    0.00    0.00    0.00    0.00    0.00   26.32
06:30:37 PM   49   31.58    0.00   41.05    1.05    0.00    0.00    0.00    0.00    0.00   26.32
06:30:37 PM   50   30.43    0.00   43.48    0.00    0.00    0.00    0.00    0.00    0.00   26.09
06:30:37 PM   51   31.18    0.00   41.94    1.08    0.00    0.00    0.00    0.00    0.00   25.81
06:30:37 PM   52   33.33    0.00   42.71    0.00    0.00    0.00    0.00    0.00    0.00   23.96
06:30:37 PM   53   31.58    0.00   42.11    0.00    0.00    0.00    0.00    0.00    0.00   26.32
06:30:37 PM   54   30.53    0.00   42.11    1.05    0.00    0.00    0.00    0.00    0.00   26.32
06:30:37 PM   55   31.25    0.00   41.67    0.00    0.00    0.00    0.00    0.00    0.00   27.08
06:30:37 PM   56   30.93    0.00   42.27    1.03    0.00    0.00    0.00    0.00    0.00   25.77
06:30:37 PM   57   28.42    0.00   43.16    1.05    0.00    0.00    0.00    0.00    0.00   27.37
06:30:37 PM   58   30.53    0.00   43.16    0.00    0.00    0.00    0.00    0.00    0.00   26.32
06:30:37 PM   59   29.17    0.00   44.79    0.00    0.00    0.00    0.00    0.00    0.00   26.04
06:30:37 PM   60   29.17    0.00   43.75    1.04    0.00    0.00    0.00    0.00    0.00   26.04
06:30:37 PM   61   29.79    0.00   45.74    0.00    0.00    0.00    0.00    0.00    0.00   24.47
06:30:37 PM   62   31.58    0.00   43.16    0.00    0.00    0.00    0.00    0.00    0.00   25.26
06:30:37 PM   63   29.79    0.00   44.68    1.06    0.00    0.00    0.00    0.00    0.00   24.47
06:30:37 PM   64   32.98    0.00   42.55    0.00    0.00    0.00    0.00    0.00    0.00   24.47
06:30:37 PM   65   32.63    0.00   42.11    1.05    0.00    0.00    0.00    0.00    0.00   24.21
06:30:37 PM   66   31.58    0.00   43.16    0.00    0.00    0.00    0.00    0.00    0.00   25.26
06:30:37 PM   67   31.25    0.00   42.71    1.04    0.00    0.00    0.00    0.00    0.00   25.00
06:30:37 PM   68   32.63    0.00   41.05    0.00    0.00    0.00    0.00    0.00    0.00   26.32
06:30:37 PM   69   30.53    0.00   45.26    0.00    0.00    0.00    0.00    0.00    0.00   24.21
06:30:37 PM   70   34.78    0.00   38.04    0.00    0.00    0.00    0.00    0.00    0.00   27.17
06:30:37 PM   71   32.63    0.00   40.00    1.05    0.00    0.00    0.00    0.00    0.00   26.32
06:30:37 PM   72   32.26    0.00   43.01    0.00    0.00    0.00    0.00    0.00    0.00   24.73
06:30:37 PM   73   30.85    0.00   43.62    0.00    0.00    0.00    0.00    0.00    0.00   25.53
06:30:37 PM   74   29.79    0.00   45.74    1.06    0.00    0.00    0.00    0.00    0.00   23.40
06:30:37 PM   75   31.25    0.00   43.75    0.00    0.00    0.00    0.00    0.00    0.00   25.00
06:30:37 PM   76   30.21    0.00   43.75    1.04    0.00    0.00    0.00    0.00    0.00   25.00
06:30:37 PM   77   34.02    0.00   40.21    1.03    0.00    0.00    0.00    0.00    0.00   24.74
06:30:37 PM   78   30.53    0.00   43.16    1.05    0.00    0.00    0.00    0.00    0.00   25.26
06:30:37 PM   79   30.85    0.00   44.68    0.00    0.00    0.00    0.00    0.00    0.00   24.47

06:30:46 PM  CPU    %usr   %nice    %sys %iowait    %irq   %soft  %steal  %guest  %gnice   %idle
06:30:47 PM  all   32.72    0.00   42.70    0.58    0.00    0.00    0.00    0.00    0.00   24.00
06:30:47 PM    0   32.63    0.00   41.05    1.05    0.00    0.00    0.00    0.00    0.00   25.26
06:30:47 PM    1   31.58    0.00   42.11    1.05    0.00    0.00    0.00    0.00    0.00   25.26
06:30:47 PM    2   33.33    0.00   39.58    1.04    0.00    0.00    0.00    0.00    0.00   26.04
06:30:47 PM    3   29.90    0.00   43.30    1.03    0.00    0.00    0.00    0.00    0.00   25.77
06:30:47 PM    4   33.33    0.00   39.78    0.00    0.00    0.00    0.00    0.00    0.00   26.88
06:30:47 PM    5   32.98    0.00   41.49    0.00    0.00    0.00    0.00    0.00    0.00   25.53
06:30:47 PM    6   29.17    0.00   43.75    1.04    0.00    0.00    0.00    0.00    0.00   26.04
06:30:47 PM    7   32.61    0.00   41.30    0.00    0.00    0.00    0.00    0.00    0.00   26.09
06:30:47 PM    8   31.18    0.00   40.86    1.08    0.00    0.00    0.00    0.00    0.00   26.88
06:30:47 PM    9   32.26    0.00   41.94    0.00    0.00    0.00    0.00    0.00    0.00   25.81
06:30:47 PM   10   30.53    0.00   43.16    1.05    0.00    0.00    0.00    0.00    0.00   25.26
06:30:47 PM   11   31.31    0.00   42.42    1.01    0.00    0.00    0.00    0.00    0.00   25.25
06:30:47 PM   12   31.58    0.00   41.05    1.05    0.00    0.00    0.00    0.00    0.00   26.32
06:30:47 PM   13   32.26    0.00   41.94    0.00    0.00    0.00    0.00    0.00    0.00   25.81
06:30:47 PM   14   28.42    0.00   45.26    1.05    0.00    0.00    0.00    0.00    0.00   25.26
06:30:47 PM   15   31.52    0.00   43.48    1.09    0.00    0.00    0.00    0.00    0.00   23.91
06:30:47 PM   16   32.98    0.00   41.49    0.00    0.00    0.00    0.00    0.00    0.00   25.53
06:30:47 PM   17   32.29    0.00   41.67    1.04    0.00    0.00    0.00    0.00    0.00   25.00
06:30:47 PM   18   30.85    0.00   43.62    0.00    0.00    0.00    0.00    0.00    0.00   25.53
06:30:47 PM   19   33.68    0.00   41.05    0.00    0.00    0.00    0.00    0.00    0.00   25.26
06:30:47 PM   20   32.61    0.00   44.57    0.00    0.00    0.00    0.00    0.00    0.00   22.83
06:30:47 PM   21   34.78    0.00   41.30    0.00    0.00    0.00    0.00    0.00    0.00   23.91
06:30:47 PM   22   34.04    0.00   42.55    1.06    0.00    0.00    0.00    0.00    0.00   22.34
06:30:47 PM   23   34.04    0.00   40.43    1.06    0.00    0.00    0.00    0.00    0.00   24.47
06:30:47 PM   24   32.61    0.00   43.48    0.00    0.00    0.00    0.00    0.00    0.00   23.91
06:30:47 PM   25   33.33    0.00   41.94    1.08    0.00    0.00    0.00    0.00    0.00   23.66
06:30:47 PM   26   30.43    0.00   46.74    0.00    0.00    0.00    0.00    0.00    0.00   22.83
06:30:47 PM   27   31.91    0.00   44.68    0.00    0.00    0.00    0.00    0.00    0.00   23.40
06:30:47 PM   28   33.68    0.00   43.16    1.05    0.00    0.00    0.00    0.00    0.00   22.11
06:30:47 PM   29   34.41    0.00   41.94    1.08    0.00    0.00    0.00    0.00    0.00   22.58
06:30:47 PM   30   33.70    0.00   42.39    0.00    0.00    0.00    0.00    0.00    0.00   23.91
06:30:47 PM   31   35.87    0.00   40.22    1.09    0.00    0.00    0.00    0.00    0.00   22.83
06:30:47 PM   32   32.97    0.00   43.96    0.00    0.00    0.00    0.00    0.00    0.00   23.08
06:30:47 PM   33   35.42    0.00   41.67    1.04    0.00    0.00    0.00    0.00    0.00   21.88
06:30:47 PM   34   35.87    0.00   41.30    0.00    0.00    0.00    0.00    0.00    0.00   22.83
06:30:47 PM   35   32.26    0.00   45.16    0.00    0.00    0.00    0.00    0.00    0.00   22.58
06:30:47 PM   36   32.29    0.00   43.75    1.04    0.00    0.00    0.00    0.00    0.00   22.92
06:30:47 PM   37   31.87    0.00   45.05    0.00    0.00    0.00    0.00    0.00    0.00   23.08
06:30:47 PM   38   33.33    0.00   44.09    0.00    0.00    0.00    0.00    0.00    0.00   22.58
06:30:47 PM   39   31.58    0.00   44.21    1.05    0.00    0.00    0.00    0.00    0.00   23.16
06:30:47 PM   40   33.70    0.00   42.39    1.09    0.00    0.00    0.00    0.00    0.00   22.83
06:30:47 PM   41   31.18    0.00   41.94    0.00    0.00    0.00    0.00    0.00    0.00   26.88
06:30:47 PM   42   31.18    0.00   45.16    1.08    0.00    0.00    0.00    0.00    0.00   22.58
06:30:47 PM   43   31.91    0.00   40.43    1.06    0.00    0.00    0.00    0.00    0.00   26.60
06:30:47 PM   44   34.41    0.00   41.94    0.00    0.00    0.00    0.00    0.00    0.00   23.66
06:30:47 PM   45   29.79    0.00   44.68    0.00    0.00    0.00    0.00    0.00    0.00   25.53
06:30:47 PM   46   31.58    0.00   42.11    1.05    0.00    0.00    0.00    0.00    0.00   25.26
06:30:47 PM   47   31.52    0.00   43.48    1.09    0.00    0.00    0.00    0.00    0.00   23.91
06:30:47 PM   48   33.70    0.00   42.39    1.09    0.00    0.00    0.00    0.00    0.00   22.83
06:30:47 PM   49   31.52    0.00   44.57    0.00    0.00    0.00    0.00    0.00    0.00   23.91
06:30:47 PM   50   31.87    0.00   43.96    0.00    0.00    0.00    0.00    0.00    0.00   24.18
06:30:47 PM   51   32.97    0.00   42.86    0.00    0.00    0.00    0.00    0.00    0.00   24.18
06:30:47 PM   52   31.18    0.00   44.09    1.08    0.00    0.00    0.00    0.00    0.00   23.66
06:30:47 PM   53   30.53    0.00   43.16    1.05    0.00    0.00    0.00    0.00    0.00   25.26
06:30:47 PM   54   32.26    0.00   43.01    0.00    0.00    0.00    0.00    0.00    0.00   24.73
06:30:47 PM   55   33.33    0.00   39.78    0.00    0.00    0.00    0.00    0.00    0.00   26.88
06:30:47 PM   56   33.33    0.00   40.86    0.00    0.00    0.00    0.00    0.00    0.00   25.81
06:30:47 PM   57   34.04    0.00   41.49    1.06    0.00    0.00    0.00    0.00    0.00   23.40
06:30:47 PM   58   31.18    0.00   43.01    1.08    0.00    0.00    0.00    0.00    0.00   24.73
06:30:47 PM   59   33.33    0.00   41.67    0.00    0.00    0.00    0.00    0.00    0.00   25.00
06:30:47 PM   60   31.91    0.00   43.62    1.06    0.00    0.00    0.00    0.00    0.00   23.40
06:30:47 PM   61   32.97    0.00   42.86    0.00    0.00    0.00    0.00    0.00    0.00   24.18
06:30:47 PM   62   34.78    0.00   41.30    1.09    0.00    0.00    0.00    0.00    0.00   22.83
06:30:47 PM   63   35.48    0.00   41.94    0.00    0.00    0.00    0.00    0.00    0.00   22.58
06:30:47 PM   64   32.97    0.00   43.96    0.00    0.00    0.00    0.00    0.00    0.00   23.08
06:30:47 PM   65   35.16    0.00   42.86    1.10    0.00    0.00    0.00    0.00    0.00   20.88
06:30:47 PM   66   31.91    0.00   44.68    1.06    0.00    0.00    0.00    0.00    0.00   22.34
06:30:47 PM   67   32.26    0.00   44.09    1.08    0.00    0.00    0.00    0.00    0.00   22.58
06:30:47 PM   68   31.87    0.00   42.86    1.10    0.00    0.00    0.00    0.00    0.00   24.18
06:30:47 PM   69   33.33    0.00   43.01    1.08    0.00    0.00    0.00    0.00    0.00   22.58
06:30:47 PM   70   34.04    0.00   42.55    1.06    0.00    0.00    0.00    0.00    0.00   22.34
06:30:47 PM   71   30.85    0.00   44.68    1.06    0.00    0.00    0.00    0.00    0.00   23.40
06:30:47 PM   72   33.33    0.00   44.09    0.00    0.00    0.00    0.00    0.00    0.00   22.58
06:30:47 PM   73   34.04    0.00   43.62    1.06    0.00    0.00    0.00    0.00    0.00   21.28
06:30:47 PM   74   35.16    0.00   42.86    0.00    0.00    0.00    0.00    0.00    0.00   21.98
06:30:47 PM   75   36.17    0.00   40.43    1.06    0.00    0.00    0.00    0.00    0.00   22.34
06:30:47 PM   76   35.79    0.00   41.05    0.00    0.00    0.00    0.00    0.00    0.00   23.16
06:30:47 PM   77   34.04    0.00   42.55    0.00    0.00    0.00    0.00    0.00    0.00   23.40
06:30:47 PM   78   32.98    0.00   43.62    0.00    0.00    0.00    0.00    0.00    0.00   23.40
06:30:47 PM   79   33.33    0.00   43.75    1.04    0.00    0.00    0.00    0.00    0.00   21.88

06:30:56 PM  CPU    %usr   %nice    %sys %iowait    %irq   %soft  %steal  %guest  %gnice   %idle
06:30:57 PM  all   32.36    0.00   43.48    0.35    0.00    0.00    0.00    0.00    0.00   23.81
06:30:57 PM    0   32.63    0.00   42.11    0.00    0.00    0.00    0.00    0.00    0.00   25.26
06:30:57 PM    1   30.53    0.00   46.32    0.00    0.00    0.00    0.00    0.00    0.00   23.16
06:30:57 PM    2   30.85    0.00   42.55    1.06    0.00    0.00    0.00    0.00    0.00   25.53
06:30:57 PM    3   30.85    0.00   43.62    0.00    0.00    0.00    0.00    0.00    0.00   25.53
06:30:57 PM    4   30.85    0.00   41.49    1.06    0.00    0.00    0.00    0.00    0.00   26.60
06:30:57 PM    5   32.63    0.00   41.05    0.00    0.00    0.00    0.00    0.00    0.00   26.32
06:30:57 PM    6   32.99    0.00   40.21    1.03    0.00    0.00    0.00    0.00    0.00   25.77
06:30:57 PM    7   31.18    0.00   43.01    0.00    0.00    0.00    0.00    0.00    0.00   25.81
06:30:57 PM    8   31.58    0.00   41.05    1.05    0.00    0.00    0.00    0.00    0.00   26.32
06:30:57 PM    9   31.91    0.00   43.62    0.00    0.00    0.00    0.00    0.00    0.00   24.47
06:30:57 PM   10   31.58    0.00   42.11    0.00    0.00    0.00    0.00    0.00    0.00   26.32
06:30:57 PM   11   30.53    0.00   44.21    0.00    0.00    0.00    0.00    0.00    0.00   25.26
06:30:57 PM   12   32.98    0.00   40.43    1.06    0.00    0.00    0.00    0.00    0.00   25.53
06:30:57 PM   13   30.53    0.00   43.16    1.05    0.00    0.00    0.00    0.00    0.00   25.26
06:30:57 PM   14   30.93    0.00   43.30    1.03    0.00    0.00    0.00    0.00    0.00   24.74
06:30:57 PM   15   33.70    0.00   42.39    0.00    0.00    0.00    0.00    0.00    0.00   23.91
06:30:57 PM   16   31.25    0.00   42.71    1.04    0.00    0.00    0.00    0.00    0.00   25.00
06:30:57 PM   17   32.98    0.00   41.49    0.00    0.00    0.00    0.00    0.00    0.00   25.53
06:30:57 PM   18   31.91    0.00   42.55    0.00    0.00    0.00    0.00    0.00    0.00   25.53
06:30:57 PM   19   31.87    0.00   42.86    0.00    0.00    0.00    0.00    0.00    0.00   25.27
06:30:57 PM   20   33.70    0.00   43.48    0.00    0.00    0.00    0.00    0.00    0.00   22.83
06:30:57 PM   21   35.11    0.00   41.49    0.00    0.00    0.00    0.00    0.00    0.00   23.40
06:30:57 PM   22   32.29    0.00   43.75    1.04    0.00    0.00    0.00    0.00    0.00   22.92
06:30:57 PM   23   32.98    0.00   43.62    0.00    0.00    0.00    0.00    0.00    0.00   23.40
06:30:57 PM   24   30.85    0.00   45.74    0.00    0.00    0.00    0.00    0.00    0.00   23.40
06:30:57 PM   25   34.41    0.00   41.94    0.00    0.00    0.00    0.00    0.00    0.00   23.66
06:30:57 PM   26   34.41    0.00   44.09    0.00    0.00    0.00    0.00    0.00    0.00   21.51
06:30:57 PM   27   31.18    0.00   45.16    0.00    0.00    0.00    0.00    0.00    0.00   23.66
06:30:57 PM   28   33.33    0.00   44.09    0.00    0.00    0.00    0.00    0.00    0.00   22.58
06:30:57 PM   29   33.33    0.00   43.01    1.08    0.00    0.00    0.00    0.00    0.00   22.58
06:30:57 PM   30   34.04    0.00   43.62    0.00    0.00    0.00    0.00    0.00    0.00   22.34
06:30:57 PM   31   32.61    0.00   44.57    0.00    0.00    0.00    0.00    0.00    0.00   22.83
06:30:57 PM   32   33.33    0.00   44.09    0.00    0.00    0.00    0.00    0.00    0.00   22.58
06:30:57 PM   33   32.98    0.00   42.55    1.06    0.00    0.00    0.00    0.00    0.00   23.40
06:30:57 PM   34   35.16    0.00   41.76    0.00    0.00    0.00    0.00    0.00    0.00   23.08
06:30:57 PM   35   32.98    0.00   43.62    0.00    0.00    0.00    0.00    0.00    0.00   23.40
06:30:57 PM   36   34.04    0.00   42.55    0.00    0.00    0.00    0.00    0.00    0.00   23.40
06:30:57 PM   37   34.07    0.00   42.86    0.00    0.00    0.00    0.00    0.00    0.00   23.08
06:30:57 PM   38   33.33    0.00   44.09    0.00    0.00    0.00    0.00    0.00    0.00   22.58
06:30:57 PM   39   33.33    0.00   44.09    0.00    0.00    0.00    0.00    0.00    0.00   22.58
06:30:57 PM   40   31.52    0.00   44.57    0.00    0.00    0.00    0.00    0.00    0.00   23.91
06:30:57 PM   41   31.58    0.00   43.16    0.00    0.00    0.00    0.00    0.00    0.00   25.26
06:30:57 PM   42   31.18    0.00   45.16    0.00    0.00    0.00    0.00    0.00    0.00   23.66
06:30:57 PM   43   31.58    0.00   43.16    1.05    0.00    0.00    0.00    0.00    0.00   24.21
06:30:57 PM   44   31.52    0.00   44.57    0.00    0.00    0.00    0.00    0.00    0.00   23.91
06:30:57 PM   45   30.11    0.00   45.16    0.00    0.00    0.00    0.00    0.00    0.00   24.73
06:30:57 PM   46   31.25    0.00   44.79    0.00    0.00    0.00    0.00    0.00    0.00   23.96
06:30:57 PM   47   30.00    0.00   45.56    1.11    0.00    0.00    0.00    0.00    0.00   23.33
06:30:57 PM   48   30.68    0.00   45.45    0.00    0.00    0.00    0.00    0.00    0.00   23.86
06:30:57 PM   49   33.68    0.00   43.16    0.00    0.00    0.00    0.00    0.00    0.00   23.16
06:30:57 PM   50   33.70    0.00   43.48    0.00    0.00    0.00    0.00    0.00    0.00   22.83
06:30:57 PM   51   30.85    0.00   44.68    1.06    0.00    0.00    0.00    0.00    0.00   23.40
06:30:57 PM   52   31.52    0.00   45.65    0.00    0.00    0.00    0.00    0.00    0.00   22.83
06:30:57 PM   53   30.53    0.00   44.21    1.05    0.00    0.00    0.00    0.00    0.00   24.21
06:30:57 PM   54   30.53    0.00   44.21    1.05    0.00    0.00    0.00    0.00    0.00   24.21
06:30:57 PM   55   33.33    0.00   40.62    1.04    0.00    0.00    0.00    0.00    0.00   25.00
06:30:57 PM   56   33.68    0.00   41.05    1.05    0.00    0.00    0.00    0.00    0.00   24.21
06:30:57 PM   57   30.53    0.00   45.26    1.05    0.00    0.00    0.00    0.00    0.00   23.16
06:30:57 PM   58   30.85    0.00   42.55    1.06    0.00    0.00    0.00    0.00    0.00   25.53
06:30:57 PM   59   31.58    0.00   43.16    0.00    0.00    0.00    0.00    0.00    0.00   25.26
06:30:57 PM   60   33.33    0.00   42.71    1.04    0.00    0.00    0.00    0.00    0.00   22.92
06:30:57 PM   61   33.68    0.00   44.21    1.05    0.00    0.00    0.00    0.00    0.00   21.05
06:30:57 PM   62   32.98    0.00   44.68    1.06    0.00    0.00    0.00    0.00    0.00   21.28
06:30:57 PM   63   33.70    0.00   43.48    0.00    0.00    0.00    0.00    0.00    0.00   22.83
06:30:57 PM   64   33.70    0.00   43.48    0.00    0.00    0.00    0.00    0.00    0.00   22.83
06:30:57 PM   65   32.26    0.00   44.09    0.00    0.00    0.00    0.00    0.00    0.00   23.66
06:30:57 PM   66   33.33    0.00   43.75    0.00    0.00    0.00    0.00    0.00    0.00   22.92
06:30:57 PM   67   34.04    0.00   42.55    0.00    0.00    0.00    0.00    0.00    0.00   23.40
06:30:57 PM   68   33.33    0.00   43.01    1.08    0.00    0.00    0.00    0.00    0.00   22.58
06:30:57 PM   69   33.33    0.00   42.71    1.04    0.00    0.00    0.00    0.00    0.00   22.92
06:30:57 PM   70   31.52    0.00   44.57    0.00    0.00    0.00    0.00    0.00    0.00   23.91
06:30:57 PM   71   32.63    0.00   44.21    0.00    0.00    0.00    0.00    0.00    0.00   23.16
06:30:57 PM   72   31.91    0.00   44.68    1.06    0.00    0.00    0.00    0.00    0.00   22.34
06:30:57 PM   73   32.98    0.00   43.62    0.00    0.00    0.00    0.00    0.00    0.00   23.40
06:30:57 PM   74   32.98    0.00   44.68    0.00    0.00    0.00    0.00    0.00    0.00   22.34
06:30:57 PM   75   30.11    0.00   46.24    0.00    0.00    0.00    0.00    0.00    0.00   23.66
06:30:57 PM   76   32.98    0.00   43.62    0.00    0.00    0.00    0.00    0.00    0.00   23.40
06:30:57 PM   77   32.26    0.00   45.16    0.00    0.00    0.00    0.00    0.00    0.00   22.58
06:30:57 PM   78   32.63    0.00   44.21    0.00    0.00    0.00    0.00    0.00    0.00   23.16
06:30:57 PM   79   32.98    0.00   43.62    0.00    0.00    0.00    0.00    0.00    0.00   23.40

06:31:06 PM  CPU    %usr   %nice    %sys %iowait    %irq   %soft  %steal  %guest  %gnice   %idle
06:31:07 PM  all   30.18    0.00   44.42    0.54    0.00    0.00    0.00    0.00    0.00   24.86
06:31:07 PM    0   30.11    0.00   43.01    0.00    0.00    0.00    0.00    0.00    0.00   26.88
06:31:07 PM    1   29.47    0.00   45.26    1.05    0.00    0.00    0.00    0.00    0.00   24.21
06:31:07 PM    2   31.25    0.00   42.71    1.04    0.00    0.00    0.00    0.00    0.00   25.00
06:31:07 PM    3   30.93    0.00   42.27    1.03    0.00    0.00    0.00    0.00    0.00   25.77
06:31:07 PM    4   29.79    0.00   43.62    0.00    0.00    0.00    0.00    0.00    0.00   26.60
06:31:07 PM    5   30.21    0.00   43.75    0.00    0.00    0.00    0.00    0.00    0.00   26.04
06:31:07 PM    6   31.31    0.00   42.42    0.00    0.00    0.00    0.00    0.00    0.00   26.26
06:31:07 PM    7   29.35    0.00   44.57    1.09    0.00    0.00    0.00    0.00    0.00   25.00
06:31:07 PM    8   30.53    0.00   43.16    0.00    0.00    0.00    0.00    0.00    0.00   26.32
06:31:07 PM    9   31.58    0.00   43.16    0.00    0.00    0.00    0.00    0.00    0.00   25.26
06:31:07 PM   10   30.21    0.00   43.75    0.00    0.00    0.00    0.00    0.00    0.00   26.04
06:31:07 PM   11   27.08    0.00   45.83    1.04    0.00    0.00    0.00    0.00    0.00   26.04
06:31:07 PM   12   29.79    0.00   43.62    0.00    0.00    0.00    0.00    0.00    0.00   26.60
06:31:07 PM   13   28.12    0.00   45.83    1.04    0.00    0.00    0.00    0.00    0.00   25.00
06:31:07 PM   14   29.17    0.00   43.75    1.04    0.00    0.00    0.00    0.00    0.00   26.04
06:31:07 PM   15   28.72    0.00   44.68    1.06    0.00    0.00    0.00    0.00    0.00   25.53
06:31:07 PM   16   29.47    0.00   43.16    0.00    0.00    0.00    0.00    0.00    0.00   27.37
06:31:07 PM   17   30.85    0.00   42.55    0.00    0.00    0.00    0.00    0.00    0.00   26.60
06:31:07 PM   18   29.17    0.00   44.79    0.00    0.00    0.00    0.00    0.00    0.00   26.04
06:31:07 PM   19   28.72    0.00   45.74    1.06    0.00    0.00    0.00    0.00    0.00   24.47
06:31:07 PM   20   29.47    0.00   47.37    1.05    0.00    0.00    0.00    0.00    0.00   22.11
06:31:07 PM   21   29.90    0.00   45.36    1.03    0.00    0.00    0.00    0.00    0.00   23.71
06:31:07 PM   22   30.21    0.00   45.83    1.04    0.00    0.00    0.00    0.00    0.00   22.92
06:31:07 PM   23   29.03    0.00   45.16    1.08    0.00    0.00    0.00    0.00    0.00   24.73
06:31:07 PM   24   31.25    0.00   44.79    1.04    0.00    0.00    0.00    0.00    0.00   22.92
06:31:07 PM   25   27.37    0.00   48.42    1.05    0.00    0.00    0.00    0.00    0.00   23.16
06:31:07 PM   26   32.29    0.00   42.71    1.04    0.00    0.00    0.00    0.00    0.00   23.96
06:31:07 PM   27   28.42    0.00   46.32    1.05    0.00    0.00    0.00    0.00    0.00   24.21
06:31:07 PM   28   30.21    0.00   45.83    0.00    0.00    0.00    0.00    0.00    0.00   23.96
06:31:07 PM   29   28.12    0.00   46.88    1.04    0.00    0.00    0.00    0.00    0.00   23.96
06:31:07 PM   30   30.21    0.00   44.79    0.00    0.00    0.00    0.00    0.00    0.00   25.00
06:31:07 PM   31   31.18    0.00   44.09    0.00    0.00    0.00    0.00    0.00    0.00   24.73
06:31:07 PM   32   29.79    0.00   43.62    1.06    0.00    0.00    0.00    0.00    0.00   25.53
06:31:07 PM   33   32.63    0.00   43.16    0.00    0.00    0.00    0.00    0.00    0.00   24.21
06:31:07 PM   34   34.78    0.00   40.22    0.00    0.00    0.00    0.00    0.00    0.00   25.00
06:31:07 PM   35   31.25    0.00   44.79    0.00    0.00    0.00    0.00    0.00    0.00   23.96
06:31:07 PM   36   29.79    0.00   44.68    0.00    0.00    0.00    0.00    0.00    0.00   25.53
06:31:07 PM   37   31.18    0.00   44.09    0.00    0.00    0.00    0.00    0.00    0.00   24.73
06:31:07 PM   38   29.79    0.00   44.68    1.06    0.00    0.00    0.00    0.00    0.00   24.47
06:31:07 PM   39   28.42    0.00   47.37    0.00    0.00    0.00    0.00    0.00    0.00   24.21
06:31:07 PM   40   31.58    0.00   43.16    0.00    0.00    0.00    0.00    0.00    0.00   25.26
06:31:07 PM   41   29.17    0.00   44.79    0.00    0.00    0.00    0.00    0.00    0.00   26.04
06:31:07 PM   42   31.58    0.00   42.11    1.05    0.00    0.00    0.00    0.00    0.00   25.26
06:31:07 PM   43   29.79    0.00   44.68    0.00    0.00    0.00    0.00    0.00    0.00   25.53
06:31:07 PM   44   27.17    0.00   46.74    0.00    0.00    0.00    0.00    0.00    0.00   26.09
06:31:07 PM   45   30.21    0.00   43.75    0.00    0.00    0.00    0.00    0.00    0.00   26.04
06:31:07 PM   46   29.03    0.00   46.24    0.00    0.00    0.00    0.00    0.00    0.00   24.73
06:31:07 PM   47   29.03    0.00   45.16    0.00    0.00    0.00    0.00    0.00    0.00   25.81
06:31:07 PM   48   29.79    0.00   43.62    1.06    0.00    0.00    0.00    0.00    0.00   25.53
06:31:07 PM   49   29.79    0.00   43.62    1.06    0.00    0.00    0.00    0.00    0.00   25.53
06:31:07 PM   50   30.21    0.00   43.75    1.04    0.00    0.00    0.00    0.00    0.00   25.00
06:31:07 PM   51   28.12    0.00   45.83    1.04    0.00    0.00    0.00    0.00    0.00   25.00
06:31:07 PM   52   29.79    0.00   44.68    0.00    0.00    0.00    0.00    0.00    0.00   25.53
06:31:07 PM   53   29.47    0.00   43.16    1.05    0.00    0.00    0.00    0.00    0.00   26.32
06:31:07 PM   54   28.72    0.00   45.74    0.00    0.00    0.00    0.00    0.00    0.00   25.53
06:31:07 PM   55   30.21    0.00   43.75    0.00    0.00    0.00    0.00    0.00    0.00   26.04
06:31:07 PM   56   29.79    0.00   44.68    1.06    0.00    0.00    0.00    0.00    0.00   24.47
06:31:07 PM   57   30.21    0.00   44.79    0.00    0.00    0.00    0.00    0.00    0.00   25.00
06:31:07 PM   58   28.12    0.00   45.83    1.04    0.00    0.00    0.00    0.00    0.00   25.00
06:31:07 PM   59   28.12    0.00   44.79    1.04    0.00    0.00    0.00    0.00    0.00   26.04
06:31:07 PM   60   33.68    0.00   42.11    0.00    0.00    0.00    0.00    0.00    0.00   24.21
06:31:07 PM   61   31.25    0.00   44.79    1.04    0.00    0.00    0.00    0.00    0.00   22.92
06:31:07 PM   62   29.47    0.00   45.26    1.05    0.00    0.00    0.00    0.00    0.00   24.21
06:31:07 PM   63   31.91    0.00   44.68    0.00    0.00    0.00    0.00    0.00    0.00   23.40
06:31:07 PM   64   32.63    0.00   43.16    1.05    0.00    0.00    0.00    0.00    0.00   23.16
06:31:07 PM   65   31.18    0.00   44.09    1.08    0.00    0.00    0.00    0.00    0.00   23.66
06:31:07 PM   66   31.25    0.00   42.71    1.04    0.00    0.00    0.00    0.00    0.00   25.00
06:31:07 PM   67   28.72    0.00   46.81    1.06    0.00    0.00    0.00    0.00    0.00   23.40
06:31:07 PM   68   32.63    0.00   43.16    1.05    0.00    0.00    0.00    0.00    0.00   23.16
06:31:07 PM   69   30.53    0.00   45.26    0.00    0.00    0.00    0.00    0.00    0.00   24.21
06:31:07 PM   70   32.63    0.00   43.16    0.00    0.00    0.00    0.00    0.00    0.00   24.21
06:31:07 PM   71   31.58    0.00   43.16    1.05    0.00    0.00    0.00    0.00    0.00   24.21
06:31:07 PM   72   33.33    0.00   42.71    1.04    0.00    0.00    0.00    0.00    0.00   22.92
06:31:07 PM   73   31.91    0.00   42.55    1.06    0.00    0.00    0.00    0.00    0.00   24.47
06:31:07 PM   74   29.90    0.00   45.36    1.03    0.00    0.00    0.00    0.00    0.00   23.71
06:31:07 PM   75   29.79    0.00   44.68    0.00    0.00    0.00    0.00    0.00    0.00   25.53
06:31:07 PM   76   31.25    0.00   43.75    0.00    0.00    0.00    0.00    0.00    0.00   25.00
06:31:07 PM   77   29.47    0.00   46.32    0.00    0.00    0.00    0.00    0.00    0.00   24.21
06:31:07 PM   78   29.79    0.00   45.74    1.06    0.00    0.00    0.00    0.00    0.00   23.40
06:31:07 PM   79   30.53    0.00   45.26    0.00    0.00    0.00    0.00    0.00    0.00   24.21

06:31:16 PM  CPU    %usr   %nice    %sys %iowait    %irq   %soft  %steal  %guest  %gnice   %idle
06:31:17 PM  all   31.01    0.00   44.08    0.35    0.00    0.00    0.00    0.00    0.00   24.55
06:31:17 PM    0   30.21    0.00   43.75    0.00    0.00    0.00    0.00    0.00    0.00   26.04
06:31:17 PM    1   30.85    0.00   41.49    1.06    0.00    0.00    0.00    0.00    0.00   26.60
06:31:17 PM    2   29.03    0.00   46.24    0.00    0.00    0.00    0.00    0.00    0.00   24.73
06:31:17 PM    3   29.47    0.00   44.21    0.00    0.00    0.00    0.00    0.00    0.00   26.32
06:31:17 PM    4   30.21    0.00   43.75    1.04    0.00    0.00    0.00    0.00    0.00   25.00
06:31:17 PM    5   28.26    0.00   46.74    0.00    0.00    0.00    0.00    0.00    0.00   25.00
06:31:17 PM    6   31.58    0.00   43.16    0.00    0.00    0.00    0.00    0.00    0.00   25.26
06:31:17 PM    7   30.85    0.00   43.62    0.00    0.00    0.00    0.00    0.00    0.00   25.53
06:31:17 PM    8   31.58    0.00   43.16    1.05    0.00    0.00    0.00    0.00    0.00   24.21
06:31:17 PM    9   31.25    0.00   44.79    0.00    0.00    0.00    0.00    0.00    0.00   23.96
06:31:17 PM   10   31.52    0.00   43.48    0.00    0.00    0.00    0.00    0.00    0.00   25.00
06:31:17 PM   11   30.21    0.00   44.79    0.00    0.00    0.00    0.00    0.00    0.00   25.00
06:31:17 PM   12   30.53    0.00   42.11    1.05    0.00    0.00    0.00    0.00    0.00   26.32
06:31:17 PM   13   31.91    0.00   43.62    0.00    0.00    0.00    0.00    0.00    0.00   24.47
06:31:17 PM   14   28.87    0.00   44.33    1.03    0.00    0.00    0.00    0.00    0.00   25.77
06:31:17 PM   15   29.59    0.00   43.88    1.02    0.00    0.00    0.00    0.00    0.00   25.51
06:31:17 PM   16   30.93    0.00   42.27    1.03    0.00    0.00    0.00    0.00    0.00   25.77
06:31:17 PM   17   30.21    0.00   44.79    0.00    0.00    0.00    0.00    0.00    0.00   25.00
06:31:17 PM   18   31.18    0.00   44.09    0.00    0.00    0.00    0.00    0.00    0.00   24.73
06:31:17 PM   19   31.25    0.00   44.79    0.00    0.00    0.00    0.00    0.00    0.00   23.96
06:31:17 PM   20   30.11    0.00   45.16    0.00    0.00    0.00    0.00    0.00    0.00   24.73
06:31:17 PM   21   32.29    0.00   42.71    0.00    0.00    0.00    0.00    0.00    0.00   25.00
06:31:17 PM   22   30.53    0.00   45.26    0.00    0.00    0.00    0.00    0.00    0.00   24.21
06:31:17 PM   23   34.38    0.00   41.67    0.00    0.00    0.00    0.00    0.00    0.00   23.96
06:31:17 PM   24   30.85    0.00   44.68    0.00    0.00    0.00    0.00    0.00    0.00   24.47
06:31:17 PM   25   32.29    0.00   43.75    0.00    0.00    0.00    0.00    0.00    0.00   23.96
06:31:17 PM   26   31.58    0.00   43.16    1.05    0.00    0.00    0.00    0.00    0.00   24.21
06:31:17 PM   27   30.21    0.00   44.79    1.04    0.00    0.00    0.00    0.00    0.00   23.96
06:31:17 PM   28   32.63    0.00   43.16    0.00    0.00    0.00    0.00    0.00    0.00   24.21
06:31:17 PM   29   31.58    0.00   44.21    0.00    0.00    0.00    0.00    0.00    0.00   24.21
06:31:17 PM   30   30.53    0.00   45.26    0.00    0.00    0.00    0.00    0.00    0.00   24.21
06:31:17 PM   31   31.25    0.00   44.79    0.00    0.00    0.00    0.00    0.00    0.00   23.96
06:31:17 PM   32   30.85    0.00   44.68    0.00    0.00    0.00    0.00    0.00    0.00   24.47
06:31:17 PM   33   32.99    0.00   42.27    1.03    0.00    0.00    0.00    0.00    0.00   23.71
06:31:17 PM   34   32.63    0.00   43.16    0.00    0.00    0.00    0.00    0.00    0.00   24.21
06:31:17 PM   35   30.85    0.00   43.62    1.06    0.00    0.00    0.00    0.00    0.00   24.47
06:31:17 PM   36   32.99    0.00   42.27    0.00    0.00    0.00    0.00    0.00    0.00   24.74
06:31:17 PM   37   32.29    0.00   43.75    1.04    0.00    0.00    0.00    0.00    0.00   22.92
06:31:17 PM   38   32.63    0.00   43.16    1.05    0.00    0.00    0.00    0.00    0.00   23.16
06:31:17 PM   39   30.93    0.00   44.33    1.03    0.00    0.00    0.00    0.00    0.00   23.71
06:31:17 PM   40   33.68    0.00   41.05    0.00    0.00    0.00    0.00    0.00    0.00   25.26
06:31:17 PM   41   28.12    0.00   45.83    0.00    0.00    0.00    0.00    0.00    0.00   26.04
06:31:17 PM   42   28.87    0.00   45.36    0.00    0.00    0.00    0.00    0.00    0.00   25.77
06:31:17 PM   43   31.58    0.00   43.16    0.00    0.00    0.00    0.00    0.00    0.00   25.26
06:31:17 PM   44   30.53    0.00   44.21    0.00    0.00    0.00    0.00    0.00    0.00   25.26
06:31:17 PM   45   30.43    0.00   43.48    0.00    0.00    0.00    0.00    0.00    0.00   26.09
06:31:17 PM   46   30.21    0.00   43.75    1.04    0.00    0.00    0.00    0.00    0.00   25.00
06:31:17 PM   47   30.11    0.00   45.16    0.00    0.00    0.00    0.00    0.00    0.00   24.73
06:31:17 PM   48   31.58    0.00   43.16    0.00    0.00    0.00    0.00    0.00    0.00   25.26
06:31:17 PM   49   30.53    0.00   44.21    0.00    0.00    0.00    0.00    0.00    0.00   25.26
06:31:17 PM   50   31.25    0.00   43.75    1.04    0.00    0.00    0.00    0.00    0.00   23.96
06:31:17 PM   51   30.43    0.00   43.48    0.00    0.00    0.00    0.00    0.00    0.00   26.09
06:31:17 PM   52   29.90    0.00   45.36    0.00    0.00    0.00    0.00    0.00    0.00   24.74
06:31:17 PM   53   28.42    0.00   45.26    1.05    0.00    0.00    0.00    0.00    0.00   25.26
06:31:17 PM   54   29.17    0.00   44.79    0.00    0.00    0.00    0.00    0.00    0.00   26.04
06:31:17 PM   55   29.90    0.00   45.36    0.00    0.00    0.00    0.00    0.00    0.00   24.74
06:31:17 PM   56   31.31    0.00   43.43    1.01    0.00    0.00    0.00    0.00    0.00   24.24
06:31:17 PM   57   29.47    0.00   45.26    1.05    0.00    0.00    0.00    0.00    0.00   24.21
06:31:17 PM   58   31.25    0.00   41.67    1.04    0.00    0.00    0.00    0.00    0.00   26.04
06:31:17 PM   59   26.32    0.00   46.32    1.05    0.00    0.00    0.00    0.00    0.00   26.32
06:31:17 PM   60   29.17    0.00   45.83    1.04    0.00    0.00    0.00    0.00    0.00   23.96
06:31:17 PM   61   31.18    0.00   45.16    0.00    0.00    0.00    0.00    0.00    0.00   23.66
06:31:17 PM   62   30.21    0.00   45.83    1.04    0.00    0.00    0.00    0.00    0.00   22.92
06:31:17 PM   63   32.26    0.00   44.09    0.00    0.00    0.00    0.00    0.00    0.00   23.66
06:31:17 PM   64   31.91    0.00   44.68    0.00    0.00    0.00    0.00    0.00    0.00   23.40
06:31:17 PM   65   31.58    0.00   45.26    0.00    0.00    0.00    0.00    0.00    0.00   23.16
06:31:17 PM   66   30.61    0.00   44.90    0.00    0.00    0.00    0.00    0.00    0.00   24.49
06:31:17 PM   67   30.93    0.00   45.36    0.00    0.00    0.00    0.00    0.00    0.00   23.71
06:31:17 PM   68   29.47    0.00   45.26    0.00    0.00    0.00    0.00    0.00    0.00   25.26
06:31:17 PM   69   34.04    0.00   42.55    0.00    0.00    0.00    0.00    0.00    0.00   23.40
06:31:17 PM   70   34.69    0.00   41.84    1.02    0.00    0.00    0.00    0.00    0.00   22.45
06:31:17 PM   71   34.38    0.00   42.71    0.00    0.00    0.00    0.00    0.00    0.00   22.92
06:31:17 PM   72   29.59    0.00   45.92    1.02    0.00    0.00    0.00    0.00    0.00   23.47
06:31:17 PM   73   32.99    0.00   43.30    0.00    0.00    0.00    0.00    0.00    0.00   23.71
06:31:17 PM   74   30.93    0.00   44.33    1.03    0.00    0.00    0.00    0.00    0.00   23.71
06:31:17 PM   75   32.63    0.00   43.16    1.05    0.00    0.00    0.00    0.00    0.00   23.16
06:31:17 PM   76   31.96    0.00   44.33    0.00    0.00    0.00    0.00    0.00    0.00   23.71
06:31:17 PM   77   29.17    0.00   46.88    0.00    0.00    0.00    0.00    0.00    0.00   23.96
06:31:17 PM   78   31.58    0.00   44.21    0.00    0.00    0.00    0.00    0.00    0.00   24.21
06:31:17 PM   79   34.69    0.00   41.84    0.00    0.00    0.00    0.00    0.00    0.00   23.47

06:31:26 PM  CPU    %usr   %nice    %sys %iowait    %irq   %soft  %steal  %guest  %gnice   %idle
06:31:27 PM  all   32.88    0.00   42.95    0.42    0.00    0.00    0.00    0.00    0.00   23.76
06:31:27 PM    0   30.85    0.00   42.55    1.06    0.00    0.00    0.00    0.00    0.00   25.53
06:31:27 PM    1   30.11    0.00   44.09    0.00    0.00    0.00    0.00    0.00    0.00   25.81
06:31:27 PM    2   30.43    0.00   44.57    1.09    0.00    0.00    0.00    0.00    0.00   23.91
06:31:27 PM    3   31.91    0.00   42.55    1.06    0.00    0.00    0.00    0.00    0.00   24.47
06:31:27 PM    4   32.98    0.00   42.55    1.06    0.00    0.00    0.00    0.00    0.00   23.40
06:31:27 PM    5   34.41    0.00   40.86    1.08    0.00    0.00    0.00    0.00    0.00   23.66
06:31:27 PM    6   31.87    0.00   43.96    0.00    0.00    0.00    0.00    0.00    0.00   24.18
06:31:27 PM    7   35.87    0.00   39.13    1.09    0.00    0.00    0.00    0.00    0.00   23.91
06:31:27 PM    8   32.61    0.00   42.39    0.00    0.00    0.00    0.00    0.00    0.00   25.00
06:31:27 PM    9   30.77    0.00   43.96    0.00    0.00    0.00    0.00    0.00    0.00   25.27
06:31:27 PM   10   32.98    0.00   41.49    1.06    0.00    0.00    0.00    0.00    0.00   24.47
06:31:27 PM   11   34.07    0.00   41.76    0.00    0.00    0.00    0.00    0.00    0.00   24.18
06:31:27 PM   12   33.33    0.00   41.11    0.00    0.00    0.00    0.00    0.00    0.00   25.56
06:31:27 PM   13   31.87    0.00   45.05    0.00    0.00    0.00    0.00    0.00    0.00   23.08
06:31:27 PM   14   32.26    0.00   41.94    1.08    0.00    0.00    0.00    0.00    0.00   24.73
06:31:27 PM   15   33.70    0.00   40.22    0.00    0.00    0.00    0.00    0.00    0.00   26.09
06:31:27 PM   16   31.87    0.00   42.86    0.00    0.00    0.00    0.00    0.00    0.00   25.27
06:31:27 PM   17   35.48    0.00   39.78    0.00    0.00    0.00    0.00    0.00    0.00   24.73
06:31:27 PM   18   31.52    0.00   43.48    0.00    0.00    0.00    0.00    0.00    0.00   25.00
06:31:27 PM   19   32.61    0.00   41.30    0.00    0.00    0.00    0.00    0.00    0.00   26.09
06:31:27 PM   20   29.79    0.00   45.74    1.06    0.00    0.00    0.00    0.00    0.00   23.40
06:31:27 PM   21   34.04    0.00   42.55    0.00    0.00    0.00    0.00    0.00    0.00   23.40
06:31:27 PM   22   34.41    0.00   43.01    0.00    0.00    0.00    0.00    0.00    0.00   22.58
06:31:27 PM   23   34.38    0.00   42.71    1.04    0.00    0.00    0.00    0.00    0.00   21.88
06:31:27 PM   24   35.48    0.00   41.94    0.00    0.00    0.00    0.00    0.00    0.00   22.58
06:31:27 PM   25   36.96    0.00   40.22    1.09    0.00    0.00    0.00    0.00    0.00   21.74
06:31:27 PM   26   32.98    0.00   43.62    0.00    0.00    0.00    0.00    0.00    0.00   23.40
06:31:27 PM   27   33.33    0.00   44.09    1.08    0.00    0.00    0.00    0.00    0.00   21.51
06:31:27 PM   28   31.87    0.00   45.05    0.00    0.00    0.00    0.00    0.00    0.00   23.08
06:31:27 PM   29   34.78    0.00   42.39    0.00    0.00    0.00    0.00    0.00    0.00   22.83
06:31:27 PM   30   32.97    0.00   42.86    0.00    0.00    0.00    0.00    0.00    0.00   24.18
06:31:27 PM   31   32.26    0.00   45.16    0.00    0.00    0.00    0.00    0.00    0.00   22.58
06:31:27 PM   32   36.17    0.00   41.49    0.00    0.00    0.00    0.00    0.00    0.00   22.34
06:31:27 PM   33   35.11    0.00   41.49    1.06    0.00    0.00    0.00    0.00    0.00   22.34
06:31:27 PM   34   33.33    0.00   43.01    1.08    0.00    0.00    0.00    0.00    0.00   22.58
06:31:27 PM   35   32.61    0.00   43.48    0.00    0.00    0.00    0.00    0.00    0.00   23.91
06:31:27 PM   36   35.11    0.00   40.43    1.06    0.00    0.00    0.00    0.00    0.00   23.40
06:31:27 PM   37   34.78    0.00   42.39    0.00    0.00    0.00    0.00    0.00    0.00   22.83
06:31:27 PM   38   34.07    0.00   42.86    0.00    0.00    0.00    0.00    0.00    0.00   23.08
06:31:27 PM   39   34.74    0.00   42.11    0.00    0.00    0.00    0.00    0.00    0.00   23.16
06:31:27 PM   40   33.68    0.00   41.05    0.00    0.00    0.00    0.00    0.00    0.00   25.26
06:31:27 PM   41   31.18    0.00   41.94    1.08    0.00    0.00    0.00    0.00    0.00   25.81
06:31:27 PM   42   32.61    0.00   41.30    0.00    0.00    0.00    0.00    0.00    0.00   26.09
06:31:27 PM   43   31.87    0.00   42.86    1.10    0.00    0.00    0.00    0.00    0.00   24.18
06:31:27 PM   44   31.87    0.00   43.96    0.00    0.00    0.00    0.00    0.00    0.00   24.18
06:31:27 PM   45   31.52    0.00   43.48    1.09    0.00    0.00    0.00    0.00    0.00   23.91
06:31:27 PM   46   31.11    0.00   44.44    0.00    0.00    0.00    0.00    0.00    0.00   24.44
06:31:27 PM   47   32.97    0.00   41.76    1.10    0.00    0.00    0.00    0.00    0.00   24.18
06:31:27 PM   48   33.70    0.00   41.30    0.00    0.00    0.00    0.00    0.00    0.00   25.00
06:31:27 PM   49   30.43    0.00   45.65    0.00    0.00    0.00    0.00    0.00    0.00   23.91
06:31:27 PM   50   34.41    0.00   39.78    1.08    0.00    0.00    0.00    0.00    0.00   24.73
06:31:27 PM   51   32.97    0.00   41.76    0.00    0.00    0.00    0.00    0.00    0.00   25.27
06:31:27 PM   52   30.77    0.00   45.05    1.10    0.00    0.00    0.00    0.00    0.00   23.08
06:31:27 PM   53   31.91    0.00   43.62    1.06    0.00    0.00    0.00    0.00    0.00   23.40
06:31:27 PM   54   32.63    0.00   42.11    0.00    0.00    0.00    0.00    0.00    0.00   25.26
06:31:27 PM   55   33.33    0.00   41.94    0.00    0.00    0.00    0.00    0.00    0.00   24.73
06:31:27 PM   56   32.26    0.00   43.01    1.08    0.00    0.00    0.00    0.00    0.00   23.66
06:31:27 PM   57   29.35    0.00   45.65    0.00    0.00    0.00    0.00    0.00    0.00   25.00
06:31:27 PM   58   31.11    0.00   43.33    0.00    0.00    0.00    0.00    0.00    0.00   25.56
06:31:27 PM   59   31.18    0.00   44.09    0.00    0.00    0.00    0.00    0.00    0.00   24.73
06:31:27 PM   60   34.41    0.00   41.94    1.08    0.00    0.00    0.00    0.00    0.00   22.58
06:31:27 PM   61   34.04    0.00   42.55    1.06    0.00    0.00    0.00    0.00    0.00   22.34
06:31:27 PM   62   33.33    0.00   43.33    0.00    0.00    0.00    0.00    0.00    0.00   23.33
06:31:27 PM   63   34.78    0.00   42.39    0.00    0.00    0.00    0.00    0.00    0.00   22.83
06:31:27 PM   64   34.44    0.00   42.22    0.00    0.00    0.00    0.00    0.00    0.00   23.33
06:31:27 PM   65   34.04    0.00   42.55    1.06    0.00    0.00    0.00    0.00    0.00   22.34
06:31:27 PM   66   31.58    0.00   44.21    1.05    0.00    0.00    0.00    0.00    0.00   23.16
06:31:27 PM   67   31.87    0.00   45.05    1.10    0.00    0.00    0.00    0.00    0.00   21.98
06:31:27 PM   68   31.52    0.00   44.57    0.00    0.00    0.00    0.00    0.00    0.00   23.91
06:31:27 PM   69   33.70    0.00   43.48    0.00    0.00    0.00    0.00    0.00    0.00   22.83
06:31:27 PM   70   30.11    0.00   47.31    0.00    0.00    0.00    0.00    0.00    0.00   22.58
06:31:27 PM   71   31.87    0.00   45.05    0.00    0.00    0.00    0.00    0.00    0.00   23.08
06:31:27 PM   72   32.61    0.00   43.48    0.00    0.00    0.00    0.00    0.00    0.00   23.91
06:31:27 PM   73   33.70    0.00   43.48    0.00    0.00    0.00    0.00    0.00    0.00   22.83
06:31:27 PM   74   33.70    0.00   43.48    0.00    0.00    0.00    0.00    0.00    0.00   22.83
06:31:27 PM   75   32.97    0.00   43.96    0.00    0.00    0.00    0.00    0.00    0.00   23.08
06:31:27 PM   76   31.25    0.00   45.83    1.04    0.00    0.00    0.00    0.00    0.00   21.88
06:31:27 PM   77   33.33    0.00   42.71    1.04    0.00    0.00    0.00    0.00    0.00   22.92
06:31:27 PM   78   34.78    0.00   41.30    1.09    0.00    0.00    0.00    0.00    0.00   22.83
06:31:27 PM   79   30.43    0.00   46.74    0.00    0.00    0.00    0.00    0.00    0.00   22.83

06:31:36 PM  CPU    %usr   %nice    %sys %iowait    %irq   %soft  %steal  %guest  %gnice   %idle
06:31:37 PM  all   33.61    0.00   43.29    0.32    0.00    0.00    0.00    0.00    0.00   22.78
06:31:37 PM    0   33.68    0.00   43.16    0.00    0.00    0.00    0.00    0.00    0.00   23.16
06:31:37 PM    1   33.70    0.00   42.39    0.00    0.00    0.00    0.00    0.00    0.00   23.91
06:31:37 PM    2   31.11    0.00   45.56    0.00    0.00    0.00    0.00    0.00    0.00   23.33
06:31:37 PM    3   33.33    0.00   44.09    0.00    0.00    0.00    0.00    0.00    0.00   22.58
06:31:37 PM    4   35.48    0.00   41.94    0.00    0.00    0.00    0.00    0.00    0.00   22.58
06:31:37 PM    5   32.26    0.00   45.16    0.00    0.00    0.00    0.00    0.00    0.00   22.58
06:31:37 PM    6   31.18    0.00   46.24    0.00    0.00    0.00    0.00    0.00    0.00   22.58
06:31:37 PM    7   32.98    0.00   43.62    0.00    0.00    0.00    0.00    0.00    0.00   23.40
06:31:37 PM    8   34.07    0.00   42.86    0.00    0.00    0.00    0.00    0.00    0.00   23.08
06:31:37 PM    9   32.98    0.00   44.68    0.00    0.00    0.00    0.00    0.00    0.00   22.34
06:31:37 PM   10   32.61    0.00   44.57    0.00    0.00    0.00    0.00    0.00    0.00   22.83
06:31:37 PM   11   31.25    0.00   45.83    1.04    0.00    0.00    0.00    0.00    0.00   21.88
06:31:37 PM   12   32.98    0.00   43.62    0.00    0.00    0.00    0.00    0.00    0.00   23.40
06:31:37 PM   13   34.07    0.00   42.86    0.00    0.00    0.00    0.00    0.00    0.00   23.08
06:31:37 PM   14   30.85    0.00   44.68    0.00    0.00    0.00    0.00    0.00    0.00   24.47
06:31:37 PM   15   34.74    0.00   42.11    0.00    0.00    0.00    0.00    0.00    0.00   23.16
06:31:37 PM   16   35.87    0.00   40.22    1.09    0.00    0.00    0.00    0.00    0.00   22.83
06:31:37 PM   17   31.52    0.00   44.57    1.09    0.00    0.00    0.00    0.00    0.00   22.83
06:31:37 PM   18   35.48    0.00   41.94    0.00    0.00    0.00    0.00    0.00    0.00   22.58
06:31:37 PM   19   34.04    0.00   41.49    1.06    0.00    0.00    0.00    0.00    0.00   23.40
06:31:37 PM   20   32.63    0.00   44.21    1.05    0.00    0.00    0.00    0.00    0.00   22.11
06:31:37 PM   21   34.04    0.00   42.55    0.00    0.00    0.00    0.00    0.00    0.00   23.40
06:31:37 PM   22   33.68    0.00   43.16    1.05    0.00    0.00    0.00    0.00    0.00   22.11
06:31:37 PM   23   36.17    0.00   42.55    0.00    0.00    0.00    0.00    0.00    0.00   21.28
06:31:37 PM   24   34.04    0.00   42.55    0.00    0.00    0.00    0.00    0.00    0.00   23.40
06:31:37 PM   25   33.33    0.00   43.01    1.08    0.00    0.00    0.00    0.00    0.00   22.58
06:31:37 PM   26   33.33    0.00   44.09    0.00    0.00    0.00    0.00    0.00    0.00   22.58
06:31:37 PM   27   35.05    0.00   43.30    0.00    0.00    0.00    0.00    0.00    0.00   21.65
06:31:37 PM   28   31.18    0.00   45.16    1.08    0.00    0.00    0.00    0.00    0.00   22.58
06:31:37 PM   29   36.46    0.00   39.58    1.04    0.00    0.00    0.00    0.00    0.00   22.92
06:31:37 PM   30   34.74    0.00   42.11    0.00    0.00    0.00    0.00    0.00    0.00   23.16
06:31:37 PM   31   31.91    0.00   44.68    1.06    0.00    0.00    0.00    0.00    0.00   22.34
06:31:37 PM   32   32.61    0.00   45.65    0.00    0.00    0.00    0.00    0.00    0.00   21.74
06:31:37 PM   33   35.11    0.00   41.49    0.00    0.00    0.00    0.00    0.00    0.00   23.40
06:31:37 PM   34   34.38    0.00   42.71    1.04    0.00    0.00    0.00    0.00    0.00   21.88
06:31:37 PM   35   34.74    0.00   42.11    1.05    0.00    0.00    0.00    0.00    0.00   22.11
06:31:37 PM   36   32.63    0.00   44.21    0.00    0.00    0.00    0.00    0.00    0.00   23.16
06:31:37 PM   37   32.26    0.00   45.16    0.00    0.00    0.00    0.00    0.00    0.00   22.58
06:31:37 PM   38   33.70    0.00   43.48    0.00    0.00    0.00    0.00    0.00    0.00   22.83
06:31:37 PM   39   35.87    0.00   41.30    0.00    0.00    0.00    0.00    0.00    0.00   22.83
06:31:37 PM   40   35.11    0.00   39.36    0.00    0.00    0.00    0.00    0.00    0.00   25.53
06:31:37 PM   41   34.41    0.00   41.94    0.00    0.00    0.00    0.00    0.00    0.00   23.66
06:31:37 PM   42   33.33    0.00   43.01    0.00    0.00    0.00    0.00    0.00    0.00   23.66
06:31:37 PM   43   31.87    0.00   45.05    0.00    0.00    0.00    0.00    0.00    0.00   23.08
06:31:37 PM   44   31.52    0.00   44.57    1.09    0.00    0.00    0.00    0.00    0.00   22.83
06:31:37 PM   45   33.68    0.00   43.16    0.00    0.00    0.00    0.00    0.00    0.00   23.16
06:31:37 PM   46   31.18    0.00   45.16    1.08    0.00    0.00    0.00    0.00    0.00   22.58
06:31:37 PM   47   35.16    0.00   41.76    0.00    0.00    0.00    0.00    0.00    0.00   23.08
06:31:37 PM   48   34.78    0.00   42.39    0.00    0.00    0.00    0.00    0.00    0.00   22.83
06:31:37 PM   49   31.18    0.00   45.16    0.00    0.00    0.00    0.00    0.00    0.00   23.66
06:31:37 PM   50   34.04    0.00   42.55    1.06    0.00    0.00    0.00    0.00    0.00   22.34
06:31:37 PM   51   33.33    0.00   44.09    0.00    0.00    0.00    0.00    0.00    0.00   22.58
06:31:37 PM   52   33.33    0.00   43.01    0.00    0.00    0.00    0.00    0.00    0.00   23.66
06:31:37 PM   53   32.98    0.00   44.68    0.00    0.00    0.00    0.00    0.00    0.00   22.34
06:31:37 PM   54   33.33    0.00   41.67    1.04    0.00    0.00    0.00    0.00    0.00   23.96
06:31:37 PM   55   35.48    0.00   40.86    0.00    0.00    0.00    0.00    0.00    0.00   23.66
06:31:37 PM   56   32.63    0.00   45.26    0.00    0.00    0.00    0.00    0.00    0.00   22.11
06:31:37 PM   57   33.33    0.00   43.01    1.08    0.00    0.00    0.00    0.00    0.00   22.58
06:31:37 PM   58   31.52    0.00   45.65    0.00    0.00    0.00    0.00    0.00    0.00   22.83
06:31:37 PM   59   32.63    0.00   45.26    0.00    0.00    0.00    0.00    0.00    0.00   22.11
06:31:37 PM   60   32.63    0.00   45.26    0.00    0.00    0.00    0.00    0.00    0.00   22.11
06:31:37 PM   61   30.77    0.00   46.15    0.00    0.00    0.00    0.00    0.00    0.00   23.08
06:31:37 PM   62   34.44    0.00   42.22    0.00    0.00    0.00    0.00    0.00    0.00   23.33
06:31:37 PM   63   34.41    0.00   41.94    1.08    0.00    0.00    0.00    0.00    0.00   22.58
06:31:37 PM   64   33.33    0.00   44.09    0.00    0.00    0.00    0.00    0.00    0.00   22.58
06:31:37 PM   65   34.04    0.00   42.55    1.06    0.00    0.00    0.00    0.00    0.00   22.34
06:31:37 PM   66   34.04    0.00   42.55    0.00    0.00    0.00    0.00    0.00    0.00   23.40
06:31:37 PM   67   33.33    0.00   44.09    0.00    0.00    0.00    0.00    0.00    0.00   22.58
06:31:37 PM   68   32.26    0.00   44.09    0.00    0.00    0.00    0.00    0.00    0.00   23.66
06:31:37 PM   69   36.17    0.00   42.55    0.00    0.00    0.00    0.00    0.00    0.00   21.28
06:31:37 PM   70   35.11    0.00   41.49    1.06    0.00    0.00    0.00    0.00    0.00   22.34
06:31:37 PM   71   37.63    0.00   40.86    0.00    0.00    0.00    0.00    0.00    0.00   21.51
06:31:37 PM   72   33.33    0.00   43.01    1.08    0.00    0.00    0.00    0.00    0.00   22.58
06:31:37 PM   73   32.63    0.00   44.21    0.00    0.00    0.00    0.00    0.00    0.00   23.16
06:31:37 PM   74   34.04    0.00   43.62    0.00    0.00    0.00    0.00    0.00    0.00   22.34
06:31:37 PM   75   34.07    0.00   42.86    0.00    0.00    0.00    0.00    0.00    0.00   23.08
06:31:37 PM   76   35.11    0.00   42.55    0.00    0.00    0.00    0.00    0.00    0.00   22.34
06:31:37 PM   77   33.33    0.00   44.09    1.08    0.00    0.00    0.00    0.00    0.00   21.51
06:31:37 PM   78   34.74    0.00   42.11    1.05    0.00    0.00    0.00    0.00    0.00   22.11
06:31:37 PM   79   36.46    0.00   40.62    1.04    0.00    0.00    0.00    0.00    0.00   21.88

06:31:46 PM  CPU    %usr   %nice    %sys %iowait    %irq   %soft  %steal  %guest  %gnice   %idle
06:31:47 PM  all   29.83    0.00   42.11    0.64    0.00    0.00    0.00    0.00    0.00   27.42
06:31:47 PM    0   30.77    0.00   40.66    1.10    0.00    0.00    0.00    0.00    0.00   27.47
06:31:47 PM    1   29.79    0.00   42.55    1.06    0.00    0.00    0.00    0.00    0.00   26.60
06:31:47 PM    2   30.11    0.00   41.94    1.08    0.00    0.00    0.00    0.00    0.00   26.88
06:31:47 PM    3   27.17    0.00   44.57    1.09    0.00    0.00    0.00    0.00    0.00   27.17
06:31:47 PM    4   29.35    0.00   41.30    1.09    0.00    0.00    0.00    0.00    0.00   28.26
06:31:47 PM    5   28.89    0.00   42.22    0.00    0.00    0.00    0.00    0.00    0.00   28.89
06:31:47 PM    6   27.47    0.00   42.86    1.10    0.00    0.00    0.00    0.00    0.00   28.57
06:31:47 PM    7   30.11    0.00   40.86    0.00    0.00    0.00    0.00    0.00    0.00   29.03
06:31:47 PM    8   31.87    0.00   40.66    0.00    0.00    0.00    0.00    0.00    0.00   27.47
06:31:47 PM    9   29.35    0.00   42.39    1.09    0.00    0.00    0.00    0.00    0.00   27.17
06:31:47 PM   10   31.52    0.00   40.22    0.00    0.00    0.00    0.00    0.00    0.00   28.26
06:31:47 PM   11   29.67    0.00   42.86    0.00    0.00    0.00    0.00    0.00    0.00   27.47
06:31:47 PM   12   29.35    0.00   42.39    2.17    0.00    0.00    0.00    0.00    0.00   26.09
06:31:47 PM   13   31.18    0.00   41.94    1.08    0.00    0.00    0.00    0.00    0.00   25.81
06:31:47 PM   14   29.79    0.00   42.55    1.06    0.00    0.00    0.00    0.00    0.00   26.60
06:31:47 PM   15   30.11    0.00   40.86    0.00    0.00    0.00    0.00    0.00    0.00   29.03
06:31:47 PM   16   30.85    0.00   42.55    1.06    0.00    0.00    0.00    0.00    0.00   25.53
06:31:47 PM   17   31.52    0.00   40.22    1.09    0.00    0.00    0.00    0.00    0.00   27.17
06:31:47 PM   18   30.11    0.00   41.94    0.00    0.00    0.00    0.00    0.00    0.00   27.96
06:31:47 PM   19   30.85    0.00   39.36    1.06    0.00    0.00    0.00    0.00    0.00   28.72
06:31:47 PM   20   27.96    0.00   44.09    1.08    0.00    0.00    0.00    0.00    0.00   26.88
06:31:47 PM   21   30.11    0.00   41.94    1.08    0.00    0.00    0.00    0.00    0.00   26.88
06:31:47 PM   22   29.03    0.00   43.01    1.08    0.00    0.00    0.00    0.00    0.00   26.88
06:31:47 PM   23   30.43    0.00   42.39    0.00    0.00    0.00    0.00    0.00    0.00   27.17
06:31:47 PM   24   30.43    0.00   41.30    1.09    0.00    0.00    0.00    0.00    0.00   27.17
06:31:47 PM   25   31.52    0.00   42.39    0.00    0.00    0.00    0.00    0.00    0.00   26.09
06:31:47 PM   26   28.26    0.00   42.39    1.09    0.00    0.00    0.00    0.00    0.00   28.26
06:31:47 PM   27   29.67    0.00   43.96    0.00    0.00    0.00    0.00    0.00    0.00   26.37
06:31:47 PM   28   30.77    0.00   41.76    0.00    0.00    0.00    0.00    0.00    0.00   27.47
06:31:47 PM   29   30.43    0.00   42.39    1.09    0.00    0.00    0.00    0.00    0.00   26.09
06:31:47 PM   30   30.85    0.00   42.55    0.00    0.00    0.00    0.00    0.00    0.00   26.60
06:31:47 PM   31   28.89    0.00   43.33    0.00    0.00    0.00    0.00    0.00    0.00   27.78
06:31:47 PM   32   30.11    0.00   43.01    1.08    0.00    0.00    0.00    0.00    0.00   25.81
06:31:47 PM   33   30.53    0.00   41.05    1.05    0.00    0.00    0.00    0.00    0.00   27.37
06:31:47 PM   34   30.85    0.00   40.43    1.06    0.00    0.00    0.00    0.00    0.00   27.66
06:31:47 PM   35   27.66    0.00   44.68    0.00    0.00    0.00    0.00    0.00    0.00   27.66
06:31:47 PM   36   28.57    0.00   42.86    0.00    0.00    0.00    0.00    0.00    0.00   28.57
06:31:47 PM   37   30.11    0.00   43.01    0.00    0.00    0.00    0.00    0.00    0.00   26.88
06:31:47 PM   38   31.18    0.00   41.94    0.00    0.00    0.00    0.00    0.00    0.00   26.88
06:31:47 PM   39   31.91    0.00   40.43    1.06    0.00    0.00    0.00    0.00    0.00   26.60
06:31:47 PM   40   29.03    0.00   40.86    0.00    0.00    0.00    0.00    0.00    0.00   30.11
06:31:47 PM   41   29.03    0.00   41.94    0.00    0.00    0.00    0.00    0.00    0.00   29.03
06:31:47 PM   42   29.03    0.00   43.01    0.00    0.00    0.00    0.00    0.00    0.00   27.96
06:31:47 PM   43   28.57    0.00   42.86    0.00    0.00    0.00    0.00    0.00    0.00   28.57
06:31:47 PM   44   29.67    0.00   41.76    1.10    0.00    0.00    0.00    0.00    0.00   27.47
06:31:47 PM   45   27.66    0.00   42.55    1.06    0.00    0.00    0.00    0.00    0.00   28.72
06:31:47 PM   46   28.89    0.00   42.22    0.00    0.00    0.00    0.00    0.00    0.00   28.89
06:31:47 PM   47   29.03    0.00   40.86    1.08    0.00    0.00    0.00    0.00    0.00   29.03
06:31:47 PM   48   28.26    0.00   43.48    0.00    0.00    0.00    0.00    0.00    0.00   28.26
06:31:47 PM   49   27.66    0.00   44.68    1.06    0.00    0.00    0.00    0.00    0.00   26.60
06:31:47 PM   50   30.11    0.00   41.94    1.08    0.00    0.00    0.00    0.00    0.00   26.88
06:31:47 PM   51   28.57    0.00   42.86    1.10    0.00    0.00    0.00    0.00    0.00   27.47
06:31:47 PM   52   27.66    0.00   43.62    1.06    0.00    0.00    0.00    0.00    0.00   27.66
06:31:47 PM   53   31.18    0.00   40.86    1.08    0.00    0.00    0.00    0.00    0.00   26.88
06:31:47 PM   54   28.72    0.00   42.55    1.06    0.00    0.00    0.00    0.00    0.00   27.66
06:31:47 PM   55   28.26    0.00   42.39    1.09    0.00    0.00    0.00    0.00    0.00   28.26
06:31:47 PM   56   28.26    0.00   42.39    1.09    0.00    0.00    0.00    0.00    0.00   28.26
06:31:47 PM   57   29.21    0.00   41.57    1.12    0.00    0.00    0.00    0.00    0.00   28.09
06:31:47 PM   58   27.17    0.00   43.48    1.09    0.00    0.00    0.00    0.00    0.00   28.26
06:31:47 PM   59   30.00    0.00   42.22    0.00    0.00    0.00    0.00    0.00    0.00   27.78
06:31:47 PM   60   31.52    0.00   42.39    0.00    0.00    0.00    0.00    0.00    0.00   26.09
06:31:47 PM   61   31.18    0.00   41.94    0.00    0.00    0.00    0.00    0.00    0.00   26.88
06:31:47 PM   62   31.91    0.00   40.43    0.00    0.00    0.00    0.00    0.00    0.00   27.66
06:31:47 PM   63   31.58    0.00   41.05    1.05    0.00    0.00    0.00    0.00    0.00   26.32
06:31:47 PM   64   28.26    0.00   44.57    0.00    0.00    0.00    0.00    0.00    0.00   27.17
06:31:47 PM   65   31.82    0.00   40.91    0.00    0.00    0.00    0.00    0.00    0.00   27.27
06:31:47 PM   66   30.11    0.00   41.94    0.00    0.00    0.00    0.00    0.00    0.00   27.96
06:31:47 PM   67   28.26    0.00   43.48    1.09    0.00    0.00    0.00    0.00    0.00   27.17
06:31:47 PM   68   34.41    0.00   38.71    1.08    0.00    0.00    0.00    0.00    0.00   25.81
06:31:47 PM   69   32.98    0.00   40.43    0.00    0.00    0.00    0.00    0.00    0.00   26.60
06:31:47 PM   70   29.79    0.00   43.62    0.00    0.00    0.00    0.00    0.00    0.00   26.60
06:31:47 PM   71   29.35    0.00   42.39    1.09    0.00    0.00    0.00    0.00    0.00   27.17
06:31:47 PM   72   28.57    0.00   42.86    0.00    0.00    0.00    0.00    0.00    0.00   28.57
06:31:47 PM   73   32.26    0.00   38.71    1.08    0.00    0.00    0.00    0.00    0.00   27.96
06:31:47 PM   74   31.52    0.00   40.22    1.09    0.00    0.00    0.00    0.00    0.00   27.17
06:31:47 PM   75   26.88    0.00   44.09    1.08    0.00    0.00    0.00    0.00    0.00   27.96
06:31:47 PM   76   30.43    0.00   42.39    0.00    0.00    0.00    0.00    0.00    0.00   27.17
06:31:47 PM   77   28.72    0.00   43.62    1.06    0.00    0.00    0.00    0.00    0.00   26.60
06:31:47 PM   78   30.43    0.00   41.30    1.09    0.00    0.00    0.00    0.00    0.00   27.17
06:31:47 PM   79   31.18    0.00   41.94    1.08    0.00    0.00    0.00    0.00    0.00   25.81

06:31:56 PM  CPU    %usr   %nice    %sys %iowait    %irq   %soft  %steal  %guest  %gnice   %idle
06:31:57 PM  all   30.53    0.00   43.49    0.47    0.00    0.00    0.00    0.00    0.00   25.50
06:31:57 PM    0   30.11    0.00   44.09    0.00    0.00    0.00    0.00    0.00    0.00   25.81
06:31:57 PM    1   30.43    0.00   42.39    1.09    0.00    0.00    0.00    0.00    0.00   26.09
06:31:57 PM    2   31.18    0.00   43.01    0.00    0.00    0.00    0.00    0.00    0.00   25.81
06:31:57 PM    3   31.18    0.00   43.01    0.00    0.00    0.00    0.00    0.00    0.00   25.81
06:31:57 PM    4   31.18    0.00   43.01    0.00    0.00    0.00    0.00    0.00    0.00   25.81
06:31:57 PM    5   28.57    0.00   45.05    0.00    0.00    0.00    0.00    0.00    0.00   26.37
06:31:57 PM    6   31.87    0.00   41.76    0.00    0.00    0.00    0.00    0.00    0.00   26.37
06:31:57 PM    7   27.17    0.00   44.57    1.09    0.00    0.00    0.00    0.00    0.00   27.17
06:31:57 PM    8   29.79    0.00   44.68    0.00    0.00    0.00    0.00    0.00    0.00   25.53
06:31:57 PM    9   28.72    0.00   44.68    1.06    0.00    0.00    0.00    0.00    0.00   25.53
06:31:57 PM   10   29.03    0.00   44.09    0.00    0.00    0.00    0.00    0.00    0.00   26.88
06:31:57 PM   11   30.11    0.00   44.09    1.08    0.00    0.00    0.00    0.00    0.00   24.73
06:31:57 PM   12   31.18    0.00   43.01    0.00    0.00    0.00    0.00    0.00    0.00   25.81
06:31:57 PM   13   30.43    0.00   42.39    1.09    0.00    0.00    0.00    0.00    0.00   26.09
06:31:57 PM   14   30.00    0.00   43.33    0.00    0.00    0.00    0.00    0.00    0.00   26.67
06:31:57 PM   15   30.11    0.00   41.94    1.08    0.00    0.00    0.00    0.00    0.00   26.88
06:31:57 PM   16   30.77    0.00   42.86    0.00    0.00    0.00    0.00    0.00    0.00   26.37
06:31:57 PM   17   29.67    0.00   42.86    1.10    0.00    0.00    0.00    0.00    0.00   26.37
06:31:57 PM   18   28.72    0.00   44.68    1.06    0.00    0.00    0.00    0.00    0.00   25.53
06:31:57 PM   19   30.11    0.00   43.01    0.00    0.00    0.00    0.00    0.00    0.00   26.88
06:31:57 PM   20   29.03    0.00   44.09    1.08    0.00    0.00    0.00    0.00    0.00   25.81
06:31:57 PM   21   30.43    0.00   43.48    0.00    0.00    0.00    0.00    0.00    0.00   26.09
06:31:57 PM   22   29.79    0.00   44.68    1.06    0.00    0.00    0.00    0.00    0.00   24.47
06:31:57 PM   23   29.35    0.00   45.65    0.00    0.00    0.00    0.00    0.00    0.00   25.00
06:31:57 PM   24   30.11    0.00   44.09    0.00    0.00    0.00    0.00    0.00    0.00   25.81
06:31:57 PM   25   29.67    0.00   45.05    0.00    0.00    0.00    0.00    0.00    0.00   25.27
06:31:57 PM   26   30.43    0.00   43.48    0.00    0.00    0.00    0.00    0.00    0.00   26.09
06:31:57 PM   27   31.18    0.00   43.01    0.00    0.00    0.00    0.00    0.00    0.00   25.81
06:31:57 PM   28   27.96    0.00   46.24    1.08    0.00    0.00    0.00    0.00    0.00   24.73
06:31:57 PM   29   32.26    0.00   43.01    0.00    0.00    0.00    0.00    0.00    0.00   24.73
06:31:57 PM   30   34.07    0.00   40.66    0.00    0.00    0.00    0.00    0.00    0.00   25.27
06:31:57 PM   31   31.52    0.00   42.39    1.09    0.00    0.00    0.00    0.00    0.00   25.00
06:31:57 PM   32   30.43    0.00   44.57    0.00    0.00    0.00    0.00    0.00    0.00   25.00
06:31:57 PM   33   30.43    0.00   43.48    0.00    0.00    0.00    0.00    0.00    0.00   26.09
06:31:57 PM   34   31.52    0.00   43.48    0.00    0.00    0.00    0.00    0.00    0.00   25.00
06:31:57 PM   35   30.43    0.00   44.57    0.00    0.00    0.00    0.00    0.00    0.00   25.00
06:31:57 PM   36   30.43    0.00   44.57    0.00    0.00    0.00    0.00    0.00    0.00   25.00
06:31:57 PM   37   31.52    0.00   42.39    1.09    0.00    0.00    0.00    0.00    0.00   25.00
06:31:57 PM   38   34.41    0.00   40.86    0.00    0.00    0.00    0.00    0.00    0.00   24.73
06:31:57 PM   39   32.26    0.00   41.94    0.00    0.00    0.00    0.00    0.00    0.00   25.81
06:31:57 PM   40   29.67    0.00   42.86    0.00    0.00    0.00    0.00    0.00    0.00   27.47
06:31:57 PM   41   29.35    0.00   45.65    0.00    0.00    0.00    0.00    0.00    0.00   25.00
06:31:57 PM   42   29.03    0.00   43.01    1.08    0.00    0.00    0.00    0.00    0.00   26.88
06:31:57 PM   43   28.42    0.00   46.32    1.05    0.00    0.00    0.00    0.00    0.00   24.21
06:31:57 PM   44   31.91    0.00   41.49    1.06    0.00    0.00    0.00    0.00    0.00   25.53
06:31:57 PM   45   29.35    0.00   43.48    0.00    0.00    0.00    0.00    0.00    0.00   27.17
06:31:57 PM   46   28.57    0.00   45.05    0.00    0.00    0.00    0.00    0.00    0.00   26.37
06:31:57 PM   47   30.43    0.00   43.48    0.00    0.00    0.00    0.00    0.00    0.00   26.09
06:31:57 PM   48   30.11    0.00   43.01    1.08    0.00    0.00    0.00    0.00    0.00   25.81
06:31:57 PM   49   28.26    0.00   44.57    0.00    0.00    0.00    0.00    0.00    0.00   27.17
06:31:57 PM   50   27.96    0.00   45.16    1.08    0.00    0.00    0.00    0.00    0.00   25.81
06:31:57 PM   51   29.35    0.00   44.57    1.09    0.00    0.00    0.00    0.00    0.00   25.00
06:31:57 PM   52   30.43    0.00   42.39    0.00    0.00    0.00    0.00    0.00    0.00   27.17
06:31:57 PM   53   28.89    0.00   43.33    1.11    0.00    0.00    0.00    0.00    0.00   26.67
06:31:57 PM   54   32.63    0.00   41.05    0.00    0.00    0.00    0.00    0.00    0.00   26.32
06:31:57 PM   55   30.43    0.00   43.48    0.00    0.00    0.00    0.00    0.00    0.00   26.09
06:31:57 PM   56   30.11    0.00   44.09    0.00    0.00    0.00    0.00    0.00    0.00   25.81
06:31:57 PM   57   29.67    0.00   46.15    0.00    0.00    0.00    0.00    0.00    0.00   24.18
06:31:57 PM   58   30.85    0.00   43.62    1.06    0.00    0.00    0.00    0.00    0.00   24.47
06:31:57 PM   59   29.35    0.00   43.48    1.09    0.00    0.00    0.00    0.00    0.00   26.09
06:31:57 PM   60   31.18    0.00   44.09    1.08    0.00    0.00    0.00    0.00    0.00   23.66
06:31:57 PM   61   31.52    0.00   43.48    0.00    0.00    0.00    0.00    0.00    0.00   25.00
06:31:57 PM   62   30.43    0.00   43.48    1.09    0.00    0.00    0.00    0.00    0.00   25.00
06:31:57 PM   63   33.33    0.00   41.94    0.00    0.00    0.00    0.00    0.00    0.00   24.73
06:31:57 PM   64   30.11    0.00   45.16    1.08    0.00    0.00    0.00    0.00    0.00   23.66
06:31:57 PM   65   30.00    0.00   43.33    1.11    0.00    0.00    0.00    0.00    0.00   25.56
06:31:57 PM   66   31.87    0.00   42.86    0.00    0.00    0.00    0.00    0.00    0.00   25.27
06:31:57 PM   67   32.26    0.00   41.94    0.00    0.00    0.00    0.00    0.00    0.00   25.81
06:31:57 PM   68   33.33    0.00   40.86    1.08    0.00    0.00    0.00    0.00    0.00   24.73
06:31:57 PM   69   29.03    0.00   46.24    0.00    0.00    0.00    0.00    0.00    0.00   24.73
06:31:57 PM   70   31.58    0.00   43.16    0.00    0.00    0.00    0.00    0.00    0.00   25.26
06:31:57 PM   71   31.18    0.00   44.09    1.08    0.00    0.00    0.00    0.00    0.00   23.66
06:31:57 PM   72   30.85    0.00   43.62    1.06    0.00    0.00    0.00    0.00    0.00   24.47
06:31:57 PM   73   32.26    0.00   41.94    1.08    0.00    0.00    0.00    0.00    0.00   24.73
06:31:57 PM   74   33.70    0.00   41.30    1.09    0.00    0.00    0.00    0.00    0.00   23.91
06:31:57 PM   75   31.18    0.00   43.01    1.08    0.00    0.00    0.00    0.00    0.00   24.73
06:31:57 PM   76   31.87    0.00   42.86    1.10    0.00    0.00    0.00    0.00    0.00   24.18
06:31:57 PM   77   31.58    0.00   42.11    1.05    0.00    0.00    0.00    0.00    0.00   25.26
06:31:57 PM   78   31.18    0.00   43.01    1.08    0.00    0.00    0.00    0.00    0.00   24.73
06:31:57 PM   79   31.52    0.00   44.57    0.00    0.00    0.00    0.00    0.00    0.00   23.91

06:32:06 PM  CPU    %usr   %nice    %sys %iowait    %irq   %soft  %steal  %guest  %gnice   %idle
06:32:07 PM  all   30.18    0.00   44.82    0.47    0.00    0.00    0.00    0.00    0.00   24.53
06:32:07 PM    0   30.93    0.00   44.33    0.00    0.00    0.00    0.00    0.00    0.00   24.74
06:32:07 PM    1   28.12    0.00   45.83    1.04    0.00    0.00    0.00    0.00    0.00   25.00
06:32:07 PM    2   30.21    0.00   44.79    0.00    0.00    0.00    0.00    0.00    0.00   25.00
06:32:07 PM    3   30.93    0.00   44.33    1.03    0.00    0.00    0.00    0.00    0.00   23.71
06:32:07 PM    4   27.08    0.00   44.79    1.04    0.00    0.00    0.00    0.00    0.00   27.08
06:32:07 PM    5   30.21    0.00   43.75    0.00    0.00    0.00    0.00    0.00    0.00   26.04
06:32:07 PM    6   27.37    0.00   47.37    0.00    0.00    0.00    0.00    0.00    0.00   25.26
06:32:07 PM    7   27.37    0.00   46.32    1.05    0.00    0.00    0.00    0.00    0.00   25.26
06:32:07 PM    8   28.12    0.00   44.79    1.04    0.00    0.00    0.00    0.00    0.00   26.04
06:32:07 PM    9   29.29    0.00   45.45    1.01    0.00    0.00    0.00    0.00    0.00   24.24
06:32:07 PM   10   29.79    0.00   44.68    0.00    0.00    0.00    0.00    0.00    0.00   25.53
06:32:07 PM   11   29.79    0.00   44.68    0.00    0.00    0.00    0.00    0.00    0.00   25.53
06:32:07 PM   12   29.17    0.00   44.79    1.04    0.00    0.00    0.00    0.00    0.00   25.00
06:32:07 PM   13   31.58    0.00   42.11    0.00    0.00    0.00    0.00    0.00    0.00   26.32
06:32:07 PM   14   28.87    0.00   44.33    0.00    0.00    0.00    0.00    0.00    0.00   26.80
06:32:07 PM   15   29.90    0.00   44.33    1.03    0.00    0.00    0.00    0.00    0.00   24.74
06:32:07 PM   16   30.53    0.00   44.21    0.00    0.00    0.00    0.00    0.00    0.00   25.26
06:32:07 PM   17   29.47    0.00   45.26    1.05    0.00    0.00    0.00    0.00    0.00   24.21
06:32:07 PM   18   29.29    0.00   46.46    1.01    0.00    0.00    0.00    0.00    0.00   23.23
06:32:07 PM   19   28.87    0.00   45.36    1.03    0.00    0.00    0.00    0.00    0.00   24.74
06:32:07 PM   20   29.90    0.00   45.36    1.03    0.00    0.00    0.00    0.00    0.00   23.71
06:32:07 PM   21   29.90    0.00   46.39    1.03    0.00    0.00    0.00    0.00    0.00   22.68
06:32:07 PM   22   30.93    0.00   43.30    1.03    0.00    0.00    0.00    0.00    0.00   24.74
06:32:07 PM   23   34.02    0.00   42.27    0.00    0.00    0.00    0.00    0.00    0.00   23.71
06:32:07 PM   24   30.53    0.00   45.26    0.00    0.00    0.00    0.00    0.00    0.00   24.21
06:32:07 PM   25   32.99    0.00   42.27    0.00    0.00    0.00    0.00    0.00    0.00   24.74
06:32:07 PM   26   29.90    0.00   45.36    1.03    0.00    0.00    0.00    0.00    0.00   23.71
06:32:07 PM   27   31.58    0.00   44.21    0.00    0.00    0.00    0.00    0.00    0.00   24.21
06:32:07 PM   28   29.17    0.00   46.88    0.00    0.00    0.00    0.00    0.00    0.00   23.96
06:32:07 PM   29   30.53    0.00   44.21    1.05    0.00    0.00    0.00    0.00    0.00   24.21
06:32:07 PM   30   30.93    0.00   45.36    0.00    0.00    0.00    0.00    0.00    0.00   23.71
06:32:07 PM   31   28.12    0.00   46.88    1.04    0.00    0.00    0.00    0.00    0.00   23.96
06:32:07 PM   32   32.29    0.00   42.71    1.04    0.00    0.00    0.00    0.00    0.00   23.96
06:32:07 PM   33   32.32    0.00   44.44    0.00    0.00    0.00    0.00    0.00    0.00   23.23
06:32:07 PM   34   30.21    0.00   45.83    0.00    0.00    0.00    0.00    0.00    0.00   23.96
06:32:07 PM   35   30.21    0.00   44.79    0.00    0.00    0.00    0.00    0.00    0.00   25.00
06:32:07 PM   36   29.59    0.00   45.92    1.02    0.00    0.00    0.00    0.00    0.00   23.47
06:32:07 PM   37   31.25    0.00   43.75    0.00    0.00    0.00    0.00    0.00    0.00   25.00
06:32:07 PM   38   30.21    0.00   45.83    0.00    0.00    0.00    0.00    0.00    0.00   23.96
06:32:07 PM   39   32.29    0.00   43.75    0.00    0.00    0.00    0.00    0.00    0.00   23.96
06:32:07 PM   40   29.90    0.00   45.36    0.00    0.00    0.00    0.00    0.00    0.00   24.74
06:32:07 PM   41   30.21    0.00   44.79    0.00    0.00    0.00    0.00    0.00    0.00   25.00
06:32:07 PM   42   31.25    0.00   42.71    1.04    0.00    0.00    0.00    0.00    0.00   25.00
06:32:07 PM   43   29.47    0.00   43.16    1.05    0.00    0.00    0.00    0.00    0.00   26.32
06:32:07 PM   44   28.42    0.00   46.32    0.00    0.00    0.00    0.00    0.00    0.00   25.26
06:32:07 PM   45   28.87    0.00   45.36    1.03    0.00    0.00    0.00    0.00    0.00   24.74
06:32:07 PM   46   27.84    0.00   46.39    0.00    0.00    0.00    0.00    0.00    0.00   25.77
06:32:07 PM   47   29.47    0.00   45.26    0.00    0.00    0.00    0.00    0.00    0.00   25.26
06:32:07 PM   48   30.53    0.00   44.21    0.00    0.00    0.00    0.00    0.00    0.00   25.26
06:32:07 PM   49   29.90    0.00   44.33    1.03    0.00    0.00    0.00    0.00    0.00   24.74
06:32:07 PM   50   28.12    0.00   46.88    1.04    0.00    0.00    0.00    0.00    0.00   23.96
06:32:07 PM   51   30.53    0.00   43.16    0.00    0.00    0.00    0.00    0.00    0.00   26.32
06:32:07 PM   52   29.90    0.00   43.30    1.03    0.00    0.00    0.00    0.00    0.00   25.77
06:32:07 PM   53   30.93    0.00   44.33    0.00    0.00    0.00    0.00    0.00    0.00   24.74
06:32:07 PM   54   30.53    0.00   46.32    0.00    0.00    0.00    0.00    0.00    0.00   23.16
06:32:07 PM   55   31.25    0.00   43.75    0.00    0.00    0.00    0.00    0.00    0.00   25.00
06:32:07 PM   56   29.47    0.00   44.21    1.05    0.00    0.00    0.00    0.00    0.00   25.26
06:32:07 PM   57   29.47    0.00   45.26    0.00    0.00    0.00    0.00    0.00    0.00   25.26
06:32:07 PM   58   30.21    0.00   43.75    1.04    0.00    0.00    0.00    0.00    0.00   25.00
06:32:07 PM   59   29.90    0.00   45.36    0.00    0.00    0.00    0.00    0.00    0.00   24.74
06:32:07 PM   60   30.93    0.00   43.30    1.03    0.00    0.00    0.00    0.00    0.00   24.74
06:32:07 PM   61   31.00    0.00   45.00    1.00    0.00    0.00    0.00    0.00    0.00   23.00
06:32:07 PM   62   32.63    0.00   43.16    1.05    0.00    0.00    0.00    0.00    0.00   23.16
06:32:07 PM   63   29.59    0.00   45.92    1.02    0.00    0.00    0.00    0.00    0.00   23.47
06:32:07 PM   64   29.90    0.00   45.36    1.03    0.00    0.00    0.00    0.00    0.00   23.71
06:32:07 PM   65   31.18    0.00   45.16    0.00    0.00    0.00    0.00    0.00    0.00   23.66
06:32:07 PM   66   29.17    0.00   46.88    0.00    0.00    0.00    0.00    0.00    0.00   23.96
06:32:07 PM   67   31.25    0.00   44.79    1.04    0.00    0.00    0.00    0.00    0.00   22.92
06:32:07 PM   68   28.12    0.00   47.92    0.00    0.00    0.00    0.00    0.00    0.00   23.96
06:32:07 PM   69   32.98    0.00   42.55    0.00    0.00    0.00    0.00    0.00    0.00   24.47
06:32:07 PM   70   31.25    0.00   44.79    0.00    0.00    0.00    0.00    0.00    0.00   23.96
06:32:07 PM   71   31.58    0.00   44.21    1.05    0.00    0.00    0.00    0.00    0.00   23.16
06:32:07 PM   72   30.21    0.00   44.79    1.04    0.00    0.00    0.00    0.00    0.00   23.96
06:32:07 PM   73   31.25    0.00   44.79    0.00    0.00    0.00    0.00    0.00    0.00   23.96
06:32:07 PM   74   28.87    0.00   46.39    0.00    0.00    0.00    0.00    0.00    0.00   24.74
06:32:07 PM   75   29.90    0.00   45.36    0.00    0.00    0.00    0.00    0.00    0.00   24.74
06:32:07 PM   76   31.58    0.00   44.21    0.00    0.00    0.00    0.00    0.00    0.00   24.21
06:32:07 PM   77   33.33    0.00   42.71    0.00    0.00    0.00    0.00    0.00    0.00   23.96
06:32:07 PM   78   29.59    0.00   44.90    1.02    0.00    0.00    0.00    0.00    0.00   24.49
06:32:07 PM   79   30.61    0.00   45.92    0.00    0.00    0.00    0.00    0.00    0.00   23.47

06:32:16 PM  CPU    %usr   %nice    %sys %iowait    %irq   %soft  %steal  %guest  %gnice   %idle
06:32:17 PM  all   30.67    0.00   43.97    0.25    0.00    0.00    0.00    0.00    0.00   25.11
06:32:17 PM    0   29.47    0.00   44.21    0.00    0.00    0.00    0.00    0.00    0.00   26.32
06:32:17 PM    1   28.72    0.00   45.74    0.00    0.00    0.00    0.00    0.00    0.00   25.53
06:32:17 PM    2   30.11    0.00   44.09    0.00    0.00    0.00    0.00    0.00    0.00   25.81
06:32:17 PM    3   31.25    0.00   41.67    1.04    0.00    0.00    0.00    0.00    0.00   26.04
06:32:17 PM    4   29.47    0.00   44.21    0.00    0.00    0.00    0.00    0.00    0.00   26.32
06:32:17 PM    5   28.57    0.00   43.88    1.02    0.00    0.00    0.00    0.00    0.00   26.53
06:32:17 PM    6   29.17    0.00   43.75    0.00    0.00    0.00    0.00    0.00    0.00   27.08
06:32:17 PM    7   27.84    0.00   45.36    1.03    0.00    0.00    0.00    0.00    0.00   25.77
06:32:17 PM    8   31.58    0.00   42.11    1.05    0.00    0.00    0.00    0.00    0.00   25.26
06:32:17 PM    9   30.53    0.00   42.11    0.00    0.00    0.00    0.00    0.00    0.00   27.37
06:32:17 PM   10   31.18    0.00   41.94    0.00    0.00    0.00    0.00    0.00    0.00   26.88
06:32:17 PM   11   29.17    0.00   44.79    0.00    0.00    0.00    0.00    0.00    0.00   26.04
06:32:17 PM   12   31.58    0.00   43.16    1.05    0.00    0.00    0.00    0.00    0.00   24.21
06:32:17 PM   13   30.85    0.00   43.62    0.00    0.00    0.00    0.00    0.00    0.00   25.53
06:32:17 PM   14   31.25    0.00   41.67    1.04    0.00    0.00    0.00    0.00    0.00   26.04
06:32:17 PM   15   30.43    0.00   43.48    0.00    0.00    0.00    0.00    0.00    0.00   26.09
06:32:17 PM   16   30.21    0.00   43.75    0.00    0.00    0.00    0.00    0.00    0.00   26.04
06:32:17 PM   17   30.85    0.00   42.55    1.06    0.00    0.00    0.00    0.00    0.00   25.53
06:32:17 PM   18   29.17    0.00   41.67    1.04    0.00    0.00    0.00    0.00    0.00   28.12
06:32:17 PM   19   31.58    0.00   44.21    0.00    0.00    0.00    0.00    0.00    0.00   24.21
06:32:17 PM   20   30.43    0.00   45.65    0.00    0.00    0.00    0.00    0.00    0.00   23.91
06:32:17 PM   21   31.58    0.00   44.21    0.00    0.00    0.00    0.00    0.00    0.00   24.21
06:32:17 PM   22   32.26    0.00   43.01    0.00    0.00    0.00    0.00    0.00    0.00   24.73
06:32:17 PM   23   29.47    0.00   46.32    0.00    0.00    0.00    0.00    0.00    0.00   24.21
06:32:17 PM   24   29.79    0.00   45.74    0.00    0.00    0.00    0.00    0.00    0.00   24.47
06:32:17 PM   25   32.98    0.00   42.55    0.00    0.00    0.00    0.00    0.00    0.00   24.47
06:32:17 PM   26   30.21    0.00   44.79    0.00    0.00    0.00    0.00    0.00    0.00   25.00
06:32:17 PM   27   32.98    0.00   42.55    0.00    0.00    0.00    0.00    0.00    0.00   24.47
06:32:17 PM   28   29.79    0.00   45.74    0.00    0.00    0.00    0.00    0.00    0.00   24.47
06:32:17 PM   29   31.58    0.00   44.21    0.00    0.00    0.00    0.00    0.00    0.00   24.21
06:32:17 PM   30   30.21    0.00   45.83    0.00    0.00    0.00    0.00    0.00    0.00   23.96
06:32:17 PM   31   30.21    0.00   44.79    0.00    0.00    0.00    0.00    0.00    0.00   25.00
06:32:17 PM   32   30.53    0.00   44.21    0.00    0.00    0.00    0.00    0.00    0.00   25.26
06:32:17 PM   33   31.58    0.00   44.21    0.00    0.00    0.00    0.00    0.00    0.00   24.21
06:32:17 PM   34   35.11    0.00   42.55    0.00    0.00    0.00    0.00    0.00    0.00   22.34
06:32:17 PM   35   31.52    0.00   44.57    0.00    0.00    0.00    0.00    0.00    0.00   23.91
06:32:17 PM   36   31.25    0.00   43.75    1.04    0.00    0.00    0.00    0.00    0.00   23.96
06:32:17 PM   37   31.96    0.00   43.30    0.00    0.00    0.00    0.00    0.00    0.00   24.74
06:32:17 PM   38   31.18    0.00   44.09    0.00    0.00    0.00    0.00    0.00    0.00   24.73
06:32:17 PM   39   33.68    0.00   42.11    0.00    0.00    0.00    0.00    0.00    0.00   24.21
06:32:17 PM   40   30.21    0.00   43.75    0.00    0.00    0.00    0.00    0.00    0.00   26.04
06:32:17 PM   41   29.17    0.00   44.79    0.00    0.00    0.00    0.00    0.00    0.00   26.04
06:32:17 PM   42   30.21    0.00   42.71    0.00    0.00    0.00    0.00    0.00    0.00   27.08
06:32:17 PM   43   30.93    0.00   42.27    1.03    0.00    0.00    0.00    0.00    0.00   25.77
06:32:17 PM   44   29.90    0.00   44.33    0.00    0.00    0.00    0.00    0.00    0.00   25.77
06:32:17 PM   45   28.72    0.00   45.74    0.00    0.00    0.00    0.00    0.00    0.00   25.53
06:32:17 PM   46   29.47    0.00   44.21    1.05    0.00    0.00    0.00    0.00    0.00   25.26
06:32:17 PM   47   30.53    0.00   43.16    0.00    0.00    0.00    0.00    0.00    0.00   26.32
06:32:17 PM   48   30.21    0.00   42.71    1.04    0.00    0.00    0.00    0.00    0.00   26.04
06:32:17 PM   49   29.79    0.00   45.74    0.00    0.00    0.00    0.00    0.00    0.00   24.47
06:32:17 PM   50   30.85    0.00   43.62    0.00    0.00    0.00    0.00    0.00    0.00   25.53
06:32:17 PM   51   30.61    0.00   42.86    1.02    0.00    0.00    0.00    0.00    0.00   25.51
06:32:17 PM   52   29.79    0.00   43.62    0.00    0.00    0.00    0.00    0.00    0.00   26.60
06:32:17 PM   53   29.79    0.00   44.68    0.00    0.00    0.00    0.00    0.00    0.00   25.53
06:32:17 PM   54   30.85    0.00   41.49    1.06    0.00    0.00    0.00    0.00    0.00   26.60
06:32:17 PM   55   29.47    0.00   44.21    0.00    0.00    0.00    0.00    0.00    0.00   26.32
06:32:17 PM   56   31.96    0.00   42.27    1.03    0.00    0.00    0.00    0.00    0.00   24.74
06:32:17 PM   57   29.47    0.00   43.16    1.05    0.00    0.00    0.00    0.00    0.00   26.32
06:32:17 PM   58   29.79    0.00   44.68    0.00    0.00    0.00    0.00    0.00    0.00   25.53
06:32:17 PM   59   28.12    0.00   44.79    1.04    0.00    0.00    0.00    0.00    0.00   26.04
06:32:17 PM   60   30.21    0.00   43.75    1.04    0.00    0.00    0.00    0.00    0.00   25.00
06:32:17 PM   61   32.29    0.00   42.71    0.00    0.00    0.00    0.00    0.00    0.00   25.00
06:32:17 PM   62   30.85    0.00   44.68    0.00    0.00    0.00    0.00    0.00    0.00   24.47
06:32:17 PM   63   30.85    0.00   44.68    0.00    0.00    0.00    0.00    0.00    0.00   24.47
06:32:17 PM   64   30.43    0.00   45.65    0.00    0.00    0.00    0.00    0.00    0.00   23.91
06:32:17 PM   65   31.63    0.00   44.90    0.00    0.00    0.00    0.00    0.00    0.00   23.47
06:32:17 PM   66   35.42    0.00   42.71    0.00    0.00    0.00    0.00    0.00    0.00   21.88
06:32:17 PM   67   32.98    0.00   42.55    0.00    0.00    0.00    0.00    0.00    0.00   24.47
06:32:17 PM   68   29.17    0.00   45.83    0.00    0.00    0.00    0.00    0.00    0.00   25.00
06:32:17 PM   69   29.79    0.00   45.74    0.00    0.00    0.00    0.00    0.00    0.00   24.47
06:32:17 PM   70   31.25    0.00   43.75    1.04    0.00    0.00    0.00    0.00    0.00   23.96
06:32:17 PM   71   29.79    0.00   44.68    0.00    0.00    0.00    0.00    0.00    0.00   25.53
06:32:17 PM   72   30.21    0.00   45.83    0.00    0.00    0.00    0.00    0.00    0.00   23.96
06:32:17 PM   73   30.21    0.00   45.83    0.00    0.00    0.00    0.00    0.00    0.00   23.96
06:32:17 PM   74   31.52    0.00   44.57    0.00    0.00    0.00    0.00    0.00    0.00   23.91
06:32:17 PM   75   30.85    0.00   44.68    0.00    0.00    0.00    0.00    0.00    0.00   24.47
06:32:17 PM   76   31.58    0.00   44.21    0.00    0.00    0.00    0.00    0.00    0.00   24.21
06:32:17 PM   77   32.63    0.00   43.16    0.00    0.00    0.00    0.00    0.00    0.00   24.21
06:32:17 PM   78   30.21    0.00   45.83    0.00    0.00    0.00    0.00    0.00    0.00   23.96
06:32:17 PM   79   30.53    0.00   45.26    0.00    0.00    0.00    0.00    0.00    0.00   24.21

06:32:26 PM  CPU    %usr   %nice    %sys %iowait    %irq   %soft  %steal  %guest  %gnice   %idle
06:32:27 PM  all   32.40    0.00   44.17    0.32    0.00    0.00    0.00    0.00    0.00   23.10
06:32:27 PM    0   29.79    0.00   46.81    0.00    0.00    0.00    0.00    0.00    0.00   23.40
06:32:27 PM    1   31.91    0.00   44.68    0.00    0.00    0.00    0.00    0.00    0.00   23.40
06:32:27 PM    2   29.47    0.00   47.37    0.00    0.00    0.00    0.00    0.00    0.00   23.16
06:32:27 PM    3   31.91    0.00   44.68    0.00    0.00    0.00    0.00    0.00    0.00   23.40
06:32:27 PM    4   32.61    0.00   43.48    0.00    0.00    0.00    0.00    0.00    0.00   23.91
06:32:27 PM    5   32.97    0.00   42.86    0.00    0.00    0.00    0.00    0.00    0.00   24.18
06:32:27 PM    6   30.53    0.00   44.21    1.05    0.00    0.00    0.00    0.00    0.00   24.21
06:32:27 PM    7   32.26    0.00   44.09    0.00    0.00    0.00    0.00    0.00    0.00   23.66
06:32:27 PM    8   30.53    0.00   45.26    1.05    0.00    0.00    0.00    0.00    0.00   23.16
06:32:27 PM    9   32.98    0.00   42.55    0.00    0.00    0.00    0.00    0.00    0.00   24.47
06:32:27 PM   10   30.43    0.00   45.65    0.00    0.00    0.00    0.00    0.00    0.00   23.91
06:32:27 PM   11   31.58    0.00   44.21    1.05    0.00    0.00    0.00    0.00    0.00   23.16
06:32:27 PM   12   32.26    0.00   44.09    1.08    0.00    0.00    0.00    0.00    0.00   22.58
06:32:27 PM   13   33.33    0.00   43.33    0.00    0.00    0.00    0.00    0.00    0.00   23.33
06:32:27 PM   14   34.78    0.00   42.39    0.00    0.00    0.00    0.00    0.00    0.00   22.83
06:32:27 PM   15   32.61    0.00   43.48    0.00    0.00    0.00    0.00    0.00    0.00   23.91
06:32:27 PM   16   32.61    0.00   43.48    0.00    0.00    0.00    0.00    0.00    0.00   23.91
06:32:27 PM   17   31.91    0.00   43.62    1.06    0.00    0.00    0.00    0.00    0.00   23.40
06:32:27 PM   18   32.63    0.00   41.05    1.05    0.00    0.00    0.00    0.00    0.00   25.26
06:32:27 PM   19   34.04    0.00   43.62    0.00    0.00    0.00    0.00    0.00    0.00   22.34
06:32:27 PM   20   32.26    0.00   45.16    1.08    0.00    0.00    0.00    0.00    0.00   21.51
06:32:27 PM   21   31.87    0.00   45.05    0.00    0.00    0.00    0.00    0.00    0.00   23.08
06:32:27 PM   22   31.87    0.00   45.05    0.00    0.00    0.00    0.00    0.00    0.00   23.08
06:32:27 PM   23   32.61    0.00   44.57    0.00    0.00    0.00    0.00    0.00    0.00   22.83
06:32:27 PM   24   32.61    0.00   45.65    0.00    0.00    0.00    0.00    0.00    0.00   21.74
06:32:27 PM   25   33.33    0.00   44.09    0.00    0.00    0.00    0.00    0.00    0.00   22.58
06:32:27 PM   26   34.78    0.00   42.39    0.00    0.00    0.00    0.00    0.00    0.00   22.83
06:32:27 PM   27   33.33    0.00   43.01    1.08    0.00    0.00    0.00    0.00    0.00   22.58
06:32:27 PM   28   30.11    0.00   46.24    1.08    0.00    0.00    0.00    0.00    0.00   22.58
06:32:27 PM   29   31.91    0.00   45.74    0.00    0.00    0.00    0.00    0.00    0.00   22.34
06:32:27 PM   30   35.48    0.00   40.86    0.00    0.00    0.00    0.00    0.00    0.00   23.66
06:32:27 PM   31   31.91    0.00   44.68    0.00    0.00    0.00    0.00    0.00    0.00   23.40
06:32:27 PM   32   32.61    0.00   44.57    0.00    0.00    0.00    0.00    0.00    0.00   22.83
06:32:27 PM   33   32.61    0.00   43.48    0.00    0.00    0.00    0.00    0.00    0.00   23.91
06:32:27 PM   34   30.43    0.00   46.74    0.00    0.00    0.00    0.00    0.00    0.00   22.83
06:32:27 PM   35   35.16    0.00   41.76    1.10    0.00    0.00    0.00    0.00    0.00   21.98
06:32:27 PM   36   31.58    0.00   44.21    1.05    0.00    0.00    0.00    0.00    0.00   23.16
06:32:27 PM   37   30.85    0.00   45.74    0.00    0.00    0.00    0.00    0.00    0.00   23.40
06:32:27 PM   38   33.70    0.00   43.48    0.00    0.00    0.00    0.00    0.00    0.00   22.83
06:32:27 PM   39   34.07    0.00   42.86    0.00    0.00    0.00    0.00    0.00    0.00   23.08
06:32:27 PM   40   31.58    0.00   44.21    1.05    0.00    0.00    0.00    0.00    0.00   23.16
06:32:27 PM   41   30.21    0.00   45.83    1.04    0.00    0.00    0.00    0.00    0.00   22.92
06:32:27 PM   42   31.58    0.00   43.16    1.05    0.00    0.00    0.00    0.00    0.00   24.21
06:32:27 PM   43   31.11    0.00   45.56    0.00    0.00    0.00    0.00    0.00    0.00   23.33
06:32:27 PM   44   33.33    0.00   43.01    0.00    0.00    0.00    0.00    0.00    0.00   23.66
06:32:27 PM   45   32.97    0.00   43.96    0.00    0.00    0.00    0.00    0.00    0.00   23.08
06:32:27 PM   46   30.21    0.00   45.83    1.04    0.00    0.00    0.00    0.00    0.00   22.92
06:32:27 PM   47   32.63    0.00   43.16    1.05    0.00    0.00    0.00    0.00    0.00   23.16
06:32:27 PM   48   33.33    0.00   43.01    0.00    0.00    0.00    0.00    0.00    0.00   23.66
06:32:27 PM   49   31.18    0.00   46.24    0.00    0.00    0.00    0.00    0.00    0.00   22.58
06:32:27 PM   50   34.04    0.00   41.49    1.06    0.00    0.00    0.00    0.00    0.00   23.40
06:32:27 PM   51   32.26    0.00   43.01    1.08    0.00    0.00    0.00    0.00    0.00   23.66
06:32:27 PM   52   30.53    0.00   46.32    0.00    0.00    0.00    0.00    0.00    0.00   23.16
06:32:27 PM   53   32.98    0.00   42.55    1.06    0.00    0.00    0.00    0.00    0.00   23.40
06:32:27 PM   54   30.85    0.00   44.68    1.06    0.00    0.00    0.00    0.00    0.00   23.40
06:32:27 PM   55   32.26    0.00   43.01    1.08    0.00    0.00    0.00    0.00    0.00   23.66
06:32:27 PM   56   33.70    0.00   43.48    0.00    0.00    0.00    0.00    0.00    0.00   22.83
06:32:27 PM   57   31.18    0.00   45.16    0.00    0.00    0.00    0.00    0.00    0.00   23.66
06:32:27 PM   58   30.77    0.00   46.15    0.00    0.00    0.00    0.00    0.00    0.00   23.08
06:32:27 PM   59   33.70    0.00   42.39    0.00    0.00    0.00    0.00    0.00    0.00   23.91
06:32:27 PM   60   32.63    0.00   43.16    1.05    0.00    0.00    0.00    0.00    0.00   23.16
06:32:27 PM   61   31.18    0.00   46.24    0.00    0.00    0.00    0.00    0.00    0.00   22.58
06:32:27 PM   62   31.87    0.00   46.15    0.00    0.00    0.00    0.00    0.00    0.00   21.98
06:32:27 PM   63   34.78    0.00   42.39    0.00    0.00    0.00    0.00    0.00    0.00   22.83
06:32:27 PM   64   34.07    0.00   43.96    0.00    0.00    0.00    0.00    0.00    0.00   21.98
06:32:27 PM   65   34.41    0.00   44.09    0.00    0.00    0.00    0.00    0.00    0.00   21.51
06:32:27 PM   66   34.41    0.00   43.01    0.00    0.00    0.00    0.00    0.00    0.00   22.58
06:32:27 PM   67   30.85    0.00   46.81    0.00    0.00    0.00    0.00    0.00    0.00   22.34
06:32:27 PM   68   35.05    0.00   41.24    1.03    0.00    0.00    0.00    0.00    0.00   22.68
06:32:27 PM   69   31.52    0.00   45.65    0.00    0.00    0.00    0.00    0.00    0.00   22.83
06:32:27 PM   70   33.33    0.00   44.09    0.00    0.00    0.00    0.00    0.00    0.00   22.58
06:32:27 PM   71   31.18    0.00   46.24    0.00    0.00    0.00    0.00    0.00    0.00   22.58
06:32:27 PM   72   31.58    0.00   45.26    0.00    0.00    0.00    0.00    0.00    0.00   23.16
06:32:27 PM   73   31.52    0.00   45.65    0.00    0.00    0.00    0.00    0.00    0.00   22.83
06:32:27 PM   74   34.07    0.00   41.76    1.10    0.00    0.00    0.00    0.00    0.00   23.08
06:32:27 PM   75   34.07    0.00   41.76    0.00    0.00    0.00    0.00    0.00    0.00   24.18
06:32:27 PM   76   31.18    0.00   46.24    0.00    0.00    0.00    0.00    0.00    0.00   22.58
06:32:27 PM   77   33.33    0.00   44.09    0.00    0.00    0.00    0.00    0.00    0.00   22.58
06:32:27 PM   78   32.61    0.00   44.57    0.00    0.00    0.00    0.00    0.00    0.00   22.83
06:32:27 PM   79   34.41    0.00   43.01    0.00    0.00    0.00    0.00    0.00    0.00   22.58

06:32:36 PM  CPU    %usr   %nice    %sys %iowait    %irq   %soft  %steal  %guest  %gnice   %idle
06:32:37 PM  all   33.77    0.00   39.19    0.70    0.00    0.00    0.00    0.00    0.00   26.34
06:32:37 PM    0   33.70    0.00   40.22    1.09    0.00    0.00    0.00    0.00    0.00   25.00
06:32:37 PM    1   35.48    0.00   38.71    0.00    0.00    0.00    0.00    0.00    0.00   25.81
06:32:37 PM    2   33.70    0.00   40.22    1.09    0.00    0.00    0.00    0.00    0.00   25.00
06:32:37 PM    3   31.18    0.00   43.01    0.00    0.00    0.00    0.00    0.00    0.00   25.81
06:32:37 PM    4   34.78    0.00   38.04    1.09    0.00    0.00    0.00    0.00    0.00   26.09
06:32:37 PM    5   36.17    0.00   37.23    0.00    0.00    0.00    0.00    0.00    0.00   26.60
06:32:37 PM    6   31.91    0.00   39.36    1.06    0.00    0.00    0.00    0.00    0.00   27.66
06:32:37 PM    7   32.98    0.00   39.36    1.06    0.00    0.00    0.00    0.00    0.00   26.60
06:32:37 PM    8   34.38    0.00   38.54    1.04    0.00    0.00    0.00    0.00    0.00   26.04
06:32:37 PM    9   35.11    0.00   38.30    1.06    0.00    0.00    0.00    0.00    0.00   25.53
06:32:37 PM   10   33.33    0.00   41.11    0.00    0.00    0.00    0.00    0.00    0.00   25.56
06:32:37 PM   11   33.68    0.00   37.89    1.05    0.00    0.00    0.00    0.00    0.00   27.37
06:32:37 PM   12   34.07    0.00   40.66    0.00    0.00    0.00    0.00    0.00    0.00   25.27
06:32:37 PM   13   34.04    0.00   39.36    1.06    0.00    0.00    0.00    0.00    0.00   25.53
06:32:37 PM   14   32.61    0.00   41.30    0.00    0.00    0.00    0.00    0.00    0.00   26.09
06:32:37 PM   15   35.11    0.00   37.23    1.06    0.00    0.00    0.00    0.00    0.00   26.60
06:32:37 PM   16   34.41    0.00   38.71    1.08    0.00    0.00    0.00    0.00    0.00   25.81
06:32:37 PM   17   31.11    0.00   42.22    0.00    0.00    0.00    0.00    0.00    0.00   26.67
06:32:37 PM   18   34.74    0.00   36.84    1.05    0.00    0.00    0.00    0.00    0.00   27.37
06:32:37 PM   19   32.61    0.00   41.30    1.09    0.00    0.00    0.00    0.00    0.00   25.00
06:32:37 PM   20   34.41    0.00   37.63    1.08    0.00    0.00    0.00    0.00    0.00   26.88
06:32:37 PM   21   34.38    0.00   39.58    1.04    0.00    0.00    0.00    0.00    0.00   25.00
06:32:37 PM   22   34.38    0.00   38.54    0.00    0.00    0.00    0.00    0.00    0.00   27.08
06:32:37 PM   23   33.70    0.00   39.13    1.09    0.00    0.00    0.00    0.00    0.00   26.09
06:32:37 PM   24   33.70    0.00   40.22    1.09    0.00    0.00    0.00    0.00    0.00   25.00
06:32:37 PM   25   34.07    0.00   38.46    1.10    0.00    0.00    0.00    0.00    0.00   26.37
06:32:37 PM   26   32.26    0.00   39.78    1.08    0.00    0.00    0.00    0.00    0.00   26.88
06:32:37 PM   27   34.41    0.00   38.71    0.00    0.00    0.00    0.00    0.00    0.00   26.88
06:32:37 PM   28   32.61    0.00   40.22    0.00    0.00    0.00    0.00    0.00    0.00   27.17
06:32:37 PM   29   34.41    0.00   37.63    0.00    0.00    0.00    0.00    0.00    0.00   27.96
06:32:37 PM   30   33.70    0.00   39.13    0.00    0.00    0.00    0.00    0.00    0.00   27.17
06:32:37 PM   31   35.42    0.00   36.46    1.04    0.00    0.00    0.00    0.00    0.00   27.08
06:32:37 PM   32   32.98    0.00   40.43    0.00    0.00    0.00    0.00    0.00    0.00   26.60
06:32:37 PM   33   34.04    0.00   38.30    1.06    0.00    0.00    0.00    0.00    0.00   26.60
06:32:37 PM   34   32.98    0.00   40.43    1.06    0.00    0.00    0.00    0.00    0.00   25.53
06:32:37 PM   35   32.97    0.00   39.56    1.10    0.00    0.00    0.00    0.00    0.00   26.37
06:32:37 PM   36   33.70    0.00   40.22    0.00    0.00    0.00    0.00    0.00    0.00   26.09
06:32:37 PM   37   33.70    0.00   38.04    0.00    0.00    0.00    0.00    0.00    0.00   28.26
06:32:37 PM   38   34.78    0.00   38.04    0.00    0.00    0.00    0.00    0.00    0.00   27.17
06:32:37 PM   39   33.33    0.00   39.78    0.00    0.00    0.00    0.00    0.00    0.00   26.88
06:32:37 PM   40   35.79    0.00   37.89    0.00    0.00    0.00    0.00    0.00    0.00   26.32
06:32:37 PM   41   35.87    0.00   36.96    0.00    0.00    0.00    0.00    0.00    0.00   27.17
06:32:37 PM   42   32.26    0.00   40.86    1.08    0.00    0.00    0.00    0.00    0.00   25.81
06:32:37 PM   43   32.97    0.00   40.66    0.00    0.00    0.00    0.00    0.00    0.00   26.37
06:32:37 PM   44   32.98    0.00   40.43    1.06    0.00    0.00    0.00    0.00    0.00   25.53
06:32:37 PM   45   35.87    0.00   38.04    1.09    0.00    0.00    0.00    0.00    0.00   25.00
06:32:37 PM   46   32.29    0.00   41.67    1.04    0.00    0.00    0.00    0.00    0.00   25.00
06:32:37 PM   47   34.41    0.00   37.63    1.08    0.00    0.00    0.00    0.00    0.00   26.88
06:32:37 PM   48   35.79    0.00   37.89    1.05    0.00    0.00    0.00    0.00    0.00   25.26
06:32:37 PM   49   32.26    0.00   41.94    0.00    0.00    0.00    0.00    0.00    0.00   25.81
06:32:37 PM   50   33.33    0.00   39.78    1.08    0.00    0.00    0.00    0.00    0.00   25.81
06:32:37 PM   51   34.41    0.00   39.78    0.00    0.00    0.00    0.00    0.00    0.00   25.81
06:32:37 PM   52   34.83    0.00   37.08    1.12    0.00    0.00    0.00    0.00    0.00   26.97
06:32:37 PM   53   34.04    0.00   39.36    1.06    0.00    0.00    0.00    0.00    0.00   25.53
06:32:37 PM   54   32.63    0.00   40.00    1.05    0.00    0.00    0.00    0.00    0.00   26.32
06:32:37 PM   55   33.68    0.00   41.05    0.00    0.00    0.00    0.00    0.00    0.00   25.26
06:32:37 PM   56   32.98    0.00   41.49    1.06    0.00    0.00    0.00    0.00    0.00   24.47
06:32:37 PM   57   35.79    0.00   37.89    1.05    0.00    0.00    0.00    0.00    0.00   25.26
06:32:37 PM   58   31.96    0.00   42.27    1.03    0.00    0.00    0.00    0.00    0.00   24.74
06:32:37 PM   59   34.38    0.00   38.54    1.04    0.00    0.00    0.00    0.00    0.00   26.04
06:32:37 PM   60   34.74    0.00   38.95    1.05    0.00    0.00    0.00    0.00    0.00   25.26
06:32:37 PM   61   35.48    0.00   36.56    1.08    0.00    0.00    0.00    0.00    0.00   26.88
06:32:37 PM   62   33.68    0.00   38.95    1.05    0.00    0.00    0.00    0.00    0.00   26.32
06:32:37 PM   63   32.26    0.00   40.86    1.08    0.00    0.00    0.00    0.00    0.00   25.81
06:32:37 PM   64   34.04    0.00   38.30    1.06    0.00    0.00    0.00    0.00    0.00   26.60
06:32:37 PM   65   32.61    0.00   40.22    0.00    0.00    0.00    0.00    0.00    0.00   27.17
06:32:37 PM   66   30.77    0.00   40.66    1.10    0.00    0.00    0.00    0.00    0.00   27.47
06:32:37 PM   67   35.16    0.00   38.46    0.00    0.00    0.00    0.00    0.00    0.00   26.37
06:32:37 PM   68   34.04    0.00   36.17    1.06    0.00    0.00    0.00    0.00    0.00   28.72
06:32:37 PM   69   32.26    0.00   40.86    1.08    0.00    0.00    0.00    0.00    0.00   25.81
06:32:37 PM   70   33.68    0.00   37.89    1.05    0.00    0.00    0.00    0.00    0.00   27.37
06:32:37 PM   71   32.29    0.00   38.54    1.04    0.00    0.00    0.00    0.00    0.00   28.12
06:32:37 PM   72   34.41    0.00   36.56    1.08    0.00    0.00    0.00    0.00    0.00   27.96
06:32:37 PM   73   27.96    0.00   44.09    1.08    0.00    0.00    0.00    0.00    0.00   26.88
06:32:37 PM   74   35.11    0.00   37.23    0.00    0.00    0.00    0.00    0.00    0.00   27.66
06:32:37 PM   75   34.78    0.00   38.04    0.00    0.00    0.00    0.00    0.00    0.00   27.17
06:32:37 PM   76   34.07    0.00   38.46    1.10    0.00    0.00    0.00    0.00    0.00   26.37
06:32:37 PM   77   34.78    0.00   38.04    0.00    0.00    0.00    0.00    0.00    0.00   27.17
06:32:37 PM   78   33.70    0.00   39.13    1.09    0.00    0.00    0.00    0.00    0.00   26.09
06:32:37 PM   79   36.17    0.00   36.17    1.06    0.00    0.00    0.00    0.00    0.00   26.60

06:32:46 PM  CPU    %usr   %nice    %sys %iowait    %irq   %soft  %steal  %guest  %gnice   %idle
06:32:47 PM  all   30.74    0.00   39.58    0.75    0.00    0.00    0.00    0.00    0.00   28.93
06:32:47 PM    0   31.52    0.00   39.13    1.09    0.00    0.00    0.00    0.00    0.00   28.26
06:32:47 PM    1   30.43    0.00   41.30    1.09    0.00    0.00    0.00    0.00    0.00   27.17
06:32:47 PM    2   30.43    0.00   40.22    0.00    0.00    0.00    0.00    0.00    0.00   29.35
06:32:47 PM    3   29.35    0.00   40.22    1.09    0.00    0.00    0.00    0.00    0.00   29.35
06:32:47 PM    4   31.46    0.00   39.33    0.00    0.00    0.00    0.00    0.00    0.00   29.21
06:32:47 PM    5   30.11    0.00   41.94    0.00    0.00    0.00    0.00    0.00    0.00   27.96
06:32:47 PM    6   30.77    0.00   39.56    0.00    0.00    0.00    0.00    0.00    0.00   29.67
06:32:47 PM    7   31.18    0.00   40.86    1.08    0.00    0.00    0.00    0.00    0.00   26.88
06:32:47 PM    8   31.18    0.00   38.71    1.08    0.00    0.00    0.00    0.00    0.00   29.03
06:32:47 PM    9   31.52    0.00   39.13    0.00    0.00    0.00    0.00    0.00    0.00   29.35
06:32:47 PM   10   32.26    0.00   38.71    1.08    0.00    0.00    0.00    0.00    0.00   27.96
06:32:47 PM   11   30.43    0.00   40.22    0.00    0.00    0.00    0.00    0.00    0.00   29.35
06:32:47 PM   12   31.91    0.00   39.36    1.06    0.00    0.00    0.00    0.00    0.00   27.66
06:32:47 PM   13   33.33    0.00   37.63    1.08    0.00    0.00    0.00    0.00    0.00   27.96
06:32:47 PM   14   30.11    0.00   41.94    1.08    0.00    0.00    0.00    0.00    0.00   26.88
06:32:47 PM   15   32.98    0.00   39.36    0.00    0.00    0.00    0.00    0.00    0.00   27.66
06:32:47 PM   16   30.85    0.00   41.49    0.00    0.00    0.00    0.00    0.00    0.00   27.66
06:32:47 PM   17   31.18    0.00   41.94    1.08    0.00    0.00    0.00    0.00    0.00   25.81
06:32:47 PM   18   31.58    0.00   38.95    1.05    0.00    0.00    0.00    0.00    0.00   28.42
06:32:47 PM   19   29.35    0.00   42.39    0.00    0.00    0.00    0.00    0.00    0.00   28.26
06:32:47 PM   20   30.11    0.00   40.86    1.08    0.00    0.00    0.00    0.00    0.00   27.96
06:32:47 PM   21   33.33    0.00   37.63    1.08    0.00    0.00    0.00    0.00    0.00   27.96
06:32:47 PM   22   31.52    0.00   39.13    0.00    0.00    0.00    0.00    0.00    0.00   29.35
06:32:47 PM   23   30.85    0.00   39.36    1.06    0.00    0.00    0.00    0.00    0.00   28.72
06:32:47 PM   24   29.67    0.00   40.66    0.00    0.00    0.00    0.00    0.00    0.00   29.67
06:32:47 PM   25   30.11    0.00   38.71    1.08    0.00    0.00    0.00    0.00    0.00   30.11
06:32:47 PM   26   31.52    0.00   38.04    1.09    0.00    0.00    0.00    0.00    0.00   29.35
06:32:47 PM   27   30.11    0.00   40.86    0.00    0.00    0.00    0.00    0.00    0.00   29.03
06:32:47 PM   28   31.58    0.00   37.89    1.05    0.00    0.00    0.00    0.00    0.00   29.47
06:32:47 PM   29   29.79    0.00   38.30    1.06    0.00    0.00    0.00    0.00    0.00   30.85
06:32:47 PM   30   29.03    0.00   40.86    0.00    0.00    0.00    0.00    0.00    0.00   30.11
06:32:47 PM   31   28.26    0.00   41.30    1.09    0.00    0.00    0.00    0.00    0.00   29.35
06:32:47 PM   32   31.11    0.00   38.89    0.00    0.00    0.00    0.00    0.00    0.00   30.00
06:32:47 PM   33   29.79    0.00   39.36    1.06    0.00    0.00    0.00    0.00    0.00   29.79
06:32:47 PM   34   28.42    0.00   41.05    1.05    0.00    0.00    0.00    0.00    0.00   29.47
06:32:47 PM   35   29.79    0.00   39.36    1.06    0.00    0.00    0.00    0.00    0.00   29.79
06:32:47 PM   36   31.11    0.00   38.89    0.00    0.00    0.00    0.00    0.00    0.00   30.00
06:32:47 PM   37   29.35    0.00   40.22    1.09    0.00    0.00    0.00    0.00    0.00   29.35
06:32:47 PM   38   29.79    0.00   39.36    1.06    0.00    0.00    0.00    0.00    0.00   29.79
06:32:47 PM   39   31.18    0.00   37.63    1.08    0.00    0.00    0.00    0.00    0.00   30.11
06:32:47 PM   40   31.91    0.00   40.43    0.00    0.00    0.00    0.00    0.00    0.00   27.66
06:32:47 PM   41   29.79    0.00   40.43    1.06    0.00    0.00    0.00    0.00    0.00   28.72
06:32:47 PM   42   30.85    0.00   40.43    1.06    0.00    0.00    0.00    0.00    0.00   27.66
06:32:47 PM   43   33.70    0.00   38.04    1.09    0.00    0.00    0.00    0.00    0.00   27.17
06:32:47 PM   44   31.18    0.00   39.78    1.08    0.00    0.00    0.00    0.00    0.00   27.96
06:32:47 PM   45   30.43    0.00   40.22    1.09    0.00    0.00    0.00    0.00    0.00   28.26
06:32:47 PM   46   31.18    0.00   39.78    2.15    0.00    0.00    0.00    0.00    0.00   26.88
06:32:47 PM   47   32.61    0.00   39.13    1.09    0.00    0.00    0.00    0.00    0.00   27.17
06:32:47 PM   48   32.61    0.00   39.13    1.09    0.00    0.00    0.00    0.00    0.00   27.17
06:32:47 PM   49   32.26    0.00   39.78    0.00    0.00    0.00    0.00    0.00    0.00   27.96
06:32:47 PM   50   31.18    0.00   38.71    1.08    0.00    0.00    0.00    0.00    0.00   29.03
06:32:47 PM   51   29.67    0.00   42.86    0.00    0.00    0.00    0.00    0.00    0.00   27.47
06:32:47 PM   52   32.26    0.00   39.78    1.08    0.00    0.00    0.00    0.00    0.00   26.88
06:32:47 PM   53   32.98    0.00   38.30    1.06    0.00    0.00    0.00    0.00    0.00   27.66
06:32:47 PM   54   29.79    0.00   41.49    2.13    0.00    0.00    0.00    0.00    0.00   26.60
06:32:47 PM   55   30.77    0.00   40.66    0.00    0.00    0.00    0.00    0.00    0.00   28.57
06:32:47 PM   56   31.18    0.00   38.71    1.08    0.00    0.00    0.00    0.00    0.00   29.03
06:32:47 PM   57   30.85    0.00   39.36    1.06    0.00    0.00    0.00    0.00    0.00   28.72
06:32:47 PM   58   29.47    0.00   41.05    1.05    0.00    0.00    0.00    0.00    0.00   28.42
06:32:47 PM   59   29.47    0.00   41.05    1.05    0.00    0.00    0.00    0.00    0.00   28.42
06:32:47 PM   60   30.85    0.00   38.30    1.06    0.00    0.00    0.00    0.00    0.00   29.79
06:32:47 PM   61   31.58    0.00   37.89    1.05    0.00    0.00    0.00    0.00    0.00   29.47
06:32:47 PM   62   31.18    0.00   38.71    0.00    0.00    0.00    0.00    0.00    0.00   30.11
06:32:47 PM   63   30.11    0.00   40.86    0.00    0.00    0.00    0.00    0.00    0.00   29.03
06:32:47 PM   64   32.26    0.00   38.71    0.00    0.00    0.00    0.00    0.00    0.00   29.03
06:32:47 PM   65   29.35    0.00   40.22    0.00    0.00    0.00    0.00    0.00    0.00   30.43
06:32:47 PM   66   31.52    0.00   36.96    1.09    0.00    0.00    0.00    0.00    0.00   30.43
06:32:47 PM   67   30.11    0.00   39.78    0.00    0.00    0.00    0.00    0.00    0.00   30.11
06:32:47 PM   68   29.03    0.00   38.71    1.08    0.00    0.00    0.00    0.00    0.00   31.18
06:32:47 PM   69   26.60    0.00   41.49    1.06    0.00    0.00    0.00    0.00    0.00   30.85
06:32:47 PM   70   32.29    0.00   36.46    1.04    0.00    0.00    0.00    0.00    0.00   30.21
06:32:47 PM   71   31.96    0.00   38.14    1.03    0.00    0.00    0.00    0.00    0.00   28.87
06:32:47 PM   72   30.43    0.00   38.04    1.09    0.00    0.00    0.00    0.00    0.00   30.43
06:32:47 PM   73   31.91    0.00   37.23    1.06    0.00    0.00    0.00    0.00    0.00   29.79
06:32:47 PM   74   28.87    0.00   40.21    1.03    0.00    0.00    0.00    0.00    0.00   29.90
06:32:47 PM   75   30.11    0.00   37.63    1.08    0.00    0.00    0.00    0.00    0.00   31.18
06:32:47 PM   76   31.11    0.00   37.78    0.00    0.00    0.00    0.00    0.00    0.00   31.11
06:32:47 PM   77   30.11    0.00   38.71    1.08    0.00    0.00    0.00    0.00    0.00   30.11
06:32:47 PM   78   28.57    0.00   39.56    0.00    0.00    0.00    0.00    0.00    0.00   31.87
06:32:47 PM   79   29.03    0.00   40.86    1.08    0.00    0.00    0.00    0.00    0.00   29.03

06:32:56 PM  CPU    %usr   %nice    %sys %iowait    %irq   %soft  %steal  %guest  %gnice   %idle
06:32:57 PM  all   32.31    0.00   45.32    0.21    0.00    0.00    0.00    0.00    0.00   22.15
06:32:57 PM    0   37.11    0.00   40.21    0.00    0.00    0.00    0.00    0.00    0.00   22.68
06:32:57 PM    1   29.79    0.00   46.81    0.00    0.00    0.00    0.00    0.00    0.00   23.40
06:32:57 PM    2   31.18    0.00   46.24    0.00    0.00    0.00    0.00    0.00    0.00   22.58
06:32:57 PM    3   30.85    0.00   45.74    0.00    0.00    0.00    0.00    0.00    0.00   23.40
06:32:57 PM    4   31.58    0.00   46.32    0.00    0.00    0.00    0.00    0.00    0.00   22.11
06:32:57 PM    5   31.52    0.00   44.57    0.00    0.00    0.00    0.00    0.00    0.00   23.91
06:32:57 PM    6   30.53    0.00   46.32    1.05    0.00    0.00    0.00    0.00    0.00   22.11
06:32:57 PM    7   34.41    0.00   43.01    0.00    0.00    0.00    0.00    0.00    0.00   22.58
06:32:57 PM    8   30.85    0.00   46.81    1.06    0.00    0.00    0.00    0.00    0.00   21.28
06:32:57 PM    9   33.68    0.00   44.21    0.00    0.00    0.00    0.00    0.00    0.00   22.11
06:32:57 PM   10   29.47    0.00   45.26    1.05    0.00    0.00    0.00    0.00    0.00   24.21
06:32:57 PM   11   35.11    0.00   41.49    0.00    0.00    0.00    0.00    0.00    0.00   23.40
06:32:57 PM   12   30.21    0.00   46.88    0.00    0.00    0.00    0.00    0.00    0.00   22.92
06:32:57 PM   13   29.79    0.00   47.87    0.00    0.00    0.00    0.00    0.00    0.00   22.34
06:32:57 PM   14   29.47    0.00   47.37    0.00    0.00    0.00    0.00    0.00    0.00   23.16
06:32:57 PM   15   32.26    0.00   45.16    0.00    0.00    0.00    0.00    0.00    0.00   22.58
06:32:57 PM   16   33.70    0.00   43.48    0.00    0.00    0.00    0.00    0.00    0.00   22.83
06:32:57 PM   17   32.29    0.00   43.75    1.04    0.00    0.00    0.00    0.00    0.00   22.92
06:32:57 PM   18   29.90    0.00   45.36    1.03    0.00    0.00    0.00    0.00    0.00   23.71
06:32:57 PM   19   33.68    0.00   43.16    1.05    0.00    0.00    0.00    0.00    0.00   22.11
06:32:57 PM   20   29.79    0.00   50.00    0.00    0.00    0.00    0.00    0.00    0.00   20.21
06:32:57 PM   21   33.33    0.00   44.09    0.00    0.00    0.00    0.00    0.00    0.00   22.58
06:32:57 PM   22   28.72    0.00   48.94    0.00    0.00    0.00    0.00    0.00    0.00   22.34
06:32:57 PM   23   33.33    0.00   45.16    0.00    0.00    0.00    0.00    0.00    0.00   21.51
06:32:57 PM   24   33.33    0.00   44.09    1.08    0.00    0.00    0.00    0.00    0.00   21.51
06:32:57 PM   25   33.68    0.00   43.16    0.00    0.00    0.00    0.00    0.00    0.00   23.16
06:32:57 PM   26   34.04    0.00   44.68    0.00    0.00    0.00    0.00    0.00    0.00   21.28
06:32:57 PM   27   31.91    0.00   46.81    0.00    0.00    0.00    0.00    0.00    0.00   21.28
06:32:57 PM   28   31.91    0.00   46.81    0.00    0.00    0.00    0.00    0.00    0.00   21.28
06:32:57 PM   29   30.11    0.00   48.39    0.00    0.00    0.00    0.00    0.00    0.00   21.51
06:32:57 PM   30   32.26    0.00   47.31    0.00    0.00    0.00    0.00    0.00    0.00   20.43
06:32:57 PM   31   34.78    0.00   44.57    0.00    0.00    0.00    0.00    0.00    0.00   20.65
06:32:57 PM   32   34.02    0.00   44.33    0.00    0.00    0.00    0.00    0.00    0.00   21.65
06:32:57 PM   33   30.77    0.00   47.25    0.00    0.00    0.00    0.00    0.00    0.00   21.98
06:32:57 PM   34   31.58    0.00   46.32    0.00    0.00    0.00    0.00    0.00    0.00   22.11
06:32:57 PM   35   35.11    0.00   43.62    0.00    0.00    0.00    0.00    0.00    0.00   21.28
06:32:57 PM   36   33.68    0.00   44.21    1.05    0.00    0.00    0.00    0.00    0.00   21.05
06:32:57 PM   37   33.68    0.00   44.21    1.05    0.00    0.00    0.00    0.00    0.00   21.05
06:32:57 PM   38   36.17    0.00   42.55    0.00    0.00    0.00    0.00    0.00    0.00   21.28
06:32:57 PM   39   35.79    0.00   44.21    0.00    0.00    0.00    0.00    0.00    0.00   20.00
06:32:57 PM   40   31.96    0.00   44.33    0.00    0.00    0.00    0.00    0.00    0.00   23.71
06:32:57 PM   41   34.04    0.00   43.62    0.00    0.00    0.00    0.00    0.00    0.00   22.34
06:32:57 PM   42   29.03    0.00   47.31    0.00    0.00    0.00    0.00    0.00    0.00   23.66
06:32:57 PM   43   32.63    0.00   43.16    0.00    0.00    0.00    0.00    0.00    0.00   24.21
06:32:57 PM   44   33.33    0.00   43.75    0.00    0.00    0.00    0.00    0.00    0.00   22.92
06:32:57 PM   45   29.17    0.00   47.92    0.00    0.00    0.00    0.00    0.00    0.00   22.92
06:32:57 PM   46   31.18    0.00   46.24    0.00    0.00    0.00    0.00    0.00    0.00   22.58
06:32:57 PM   47   30.21    0.00   47.92    0.00    0.00    0.00    0.00    0.00    0.00   21.88
06:32:57 PM   48   30.53    0.00   46.32    0.00    0.00    0.00    0.00    0.00    0.00   23.16
06:32:57 PM   49   33.33    0.00   44.09    0.00    0.00    0.00    0.00    0.00    0.00   22.58
06:32:57 PM   50   31.18    0.00   46.24    0.00    0.00    0.00    0.00    0.00    0.00   22.58
06:32:57 PM   51   35.48    0.00   41.94    0.00    0.00    0.00    0.00    0.00    0.00   22.58
06:32:57 PM   52   32.29    0.00   44.79    0.00    0.00    0.00    0.00    0.00    0.00   22.92
06:32:57 PM   53   33.33    0.00   44.09    0.00    0.00    0.00    0.00    0.00    0.00   22.58
06:32:57 PM   54   31.25    0.00   44.79    0.00    0.00    0.00    0.00    0.00    0.00   23.96
06:32:57 PM   55   32.26    0.00   45.16    0.00    0.00    0.00    0.00    0.00    0.00   22.58
06:32:57 PM   56   29.47    0.00   47.37    0.00    0.00    0.00    0.00    0.00    0.00   23.16
06:32:57 PM   57   31.52    0.00   46.74    0.00    0.00    0.00    0.00    0.00    0.00   21.74
06:32:57 PM   58   31.25    0.00   44.79    1.04    0.00    0.00    0.00    0.00    0.00   22.92
06:32:57 PM   59   30.85    0.00   44.68    0.00    0.00    0.00    0.00    0.00    0.00   24.47
06:32:57 PM   60   32.98    0.00   45.74    0.00    0.00    0.00    0.00    0.00    0.00   21.28
06:32:57 PM   61   33.33    0.00   45.16    0.00    0.00    0.00    0.00    0.00    0.00   21.51
06:32:57 PM   62   32.98    0.00   45.74    0.00    0.00    0.00    0.00    0.00    0.00   21.28
06:32:57 PM   63   34.38    0.00   43.75    0.00    0.00    0.00    0.00    0.00    0.00   21.88
06:32:57 PM   64   31.18    0.00   46.24    0.00    0.00    0.00    0.00    0.00    0.00   22.58
06:32:57 PM   65   34.41    0.00   45.16    0.00    0.00    0.00    0.00    0.00    0.00   20.43
06:32:57 PM   66   32.98    0.00   44.68    1.06    0.00    0.00    0.00    0.00    0.00   21.28
06:32:57 PM   67   31.91    0.00   46.81    0.00    0.00    0.00    0.00    0.00    0.00   21.28
06:32:57 PM   68   33.33    0.00   44.79    1.04    0.00    0.00    0.00    0.00    0.00   20.83
06:32:57 PM   69   29.47    0.00   48.42    1.05    0.00    0.00    0.00    0.00    0.00   21.05
06:32:57 PM   70   34.41    0.00   43.01    1.08    0.00    0.00    0.00    0.00    0.00   21.51
06:32:57 PM   71   33.33    0.00   44.79    0.00    0.00    0.00    0.00    0.00    0.00   21.88
06:32:57 PM   72   32.26    0.00   44.09    0.00    0.00    0.00    0.00    0.00    0.00   23.66
06:32:57 PM   73   30.85    0.00   47.87    0.00    0.00    0.00    0.00    0.00    0.00   21.28
06:32:57 PM   74   35.11    0.00   43.62    0.00    0.00    0.00    0.00    0.00    0.00   21.28
06:32:57 PM   75   34.41    0.00   44.09    0.00    0.00    0.00    0.00    0.00    0.00   21.51
06:32:57 PM   76   32.61    0.00   45.65    1.09    0.00    0.00    0.00    0.00    0.00   20.65
06:32:57 PM   77   32.29    0.00   46.88    0.00    0.00    0.00    0.00    0.00    0.00   20.83
06:32:57 PM   78   30.21    0.00   47.92    1.04    0.00    0.00    0.00    0.00    0.00   20.83
06:32:57 PM   79   32.98    0.00   45.74    0.00    0.00    0.00    0.00    0.00    0.00   21.28

06:33:06 PM  CPU    %usr   %nice    %sys %iowait    %irq   %soft  %steal  %guest  %gnice   %idle
06:33:07 PM  all   30.25    0.00   44.00    0.61    0.00    0.00    0.00    0.00    0.00   25.14
06:33:07 PM    0   28.72    0.00   45.74    1.06    0.00    0.00    0.00    0.00    0.00   24.47
06:33:07 PM    1   28.72    0.00   44.68    1.06    0.00    0.00    0.00    0.00    0.00   25.53
06:33:07 PM    2   29.03    0.00   44.09    1.08    0.00    0.00    0.00    0.00    0.00   25.81
06:33:07 PM    3   29.03    0.00   44.09    1.08    0.00    0.00    0.00    0.00    0.00   25.81
06:33:07 PM    4   27.66    0.00   46.81    1.06    0.00    0.00    0.00    0.00    0.00   24.47
06:33:07 PM    5   29.03    0.00   44.09    1.08    0.00    0.00    0.00    0.00    0.00   25.81
06:33:07 PM    6   30.85    0.00   43.62    0.00    0.00    0.00    0.00    0.00    0.00   25.53
06:33:07 PM    7   28.57    0.00   45.05    0.00    0.00    0.00    0.00    0.00    0.00   26.37
06:33:07 PM    8   28.72    0.00   45.74    1.06    0.00    0.00    0.00    0.00    0.00   24.47
06:33:07 PM    9   28.57    0.00   45.05    0.00    0.00    0.00    0.00    0.00    0.00   26.37
06:33:07 PM   10   29.79    0.00   44.68    1.06    0.00    0.00    0.00    0.00    0.00   24.47
06:33:07 PM   11   28.42    0.00   46.32    1.05    0.00    0.00    0.00    0.00    0.00   24.21
06:33:07 PM   12   29.47    0.00   44.21    1.05    0.00    0.00    0.00    0.00    0.00   25.26
06:33:07 PM   13   29.79    0.00   44.68    0.00    0.00    0.00    0.00    0.00    0.00   25.53
06:33:07 PM   14   31.58    0.00   42.11    1.05    0.00    0.00    0.00    0.00    0.00   25.26
06:33:07 PM   15   30.85    0.00   42.55    1.06    0.00    0.00    0.00    0.00    0.00   25.53
06:33:07 PM   16   27.66    0.00   45.74    1.06    0.00    0.00    0.00    0.00    0.00   25.53
06:33:07 PM   17   29.47    0.00   43.16    0.00    0.00    0.00    0.00    0.00    0.00   27.37
06:33:07 PM   18   29.79    0.00   44.68    0.00    0.00    0.00    0.00    0.00    0.00   25.53
06:33:07 PM   19   30.85    0.00   44.68    0.00    0.00    0.00    0.00    0.00    0.00   24.47
06:33:07 PM   20   31.91    0.00   42.55    1.06    0.00    0.00    0.00    0.00    0.00   24.47
06:33:07 PM   21   27.17    0.00   46.74    0.00    0.00    0.00    0.00    0.00    0.00   26.09
06:33:07 PM   22   29.03    0.00   44.09    1.08    0.00    0.00    0.00    0.00    0.00   25.81
06:33:07 PM   23   28.89    0.00   45.56    0.00    0.00    0.00    0.00    0.00    0.00   25.56
06:33:07 PM   24   30.43    0.00   44.57    0.00    0.00    0.00    0.00    0.00    0.00   25.00
06:33:07 PM   25   29.67    0.00   43.96    0.00    0.00    0.00    0.00    0.00    0.00   26.37
06:33:07 PM   26   32.63    0.00   42.11    1.05    0.00    0.00    0.00    0.00    0.00   24.21
06:33:07 PM   27   30.11    0.00   45.16    0.00    0.00    0.00    0.00    0.00    0.00   24.73
06:33:07 PM   28   29.03    0.00   46.24    1.08    0.00    0.00    0.00    0.00    0.00   23.66
06:33:07 PM   29   32.61    0.00   41.30    1.09    0.00    0.00    0.00    0.00    0.00   25.00
06:33:07 PM   30   31.18    0.00   44.09    0.00    0.00    0.00    0.00    0.00    0.00   24.73
06:33:07 PM   31   31.18    0.00   44.09    0.00    0.00    0.00    0.00    0.00    0.00   24.73
06:33:07 PM   32   33.33    0.00   40.86    1.08    0.00    0.00    0.00    0.00    0.00   24.73
06:33:07 PM   33   31.91    0.00   42.55    1.06    0.00    0.00    0.00    0.00    0.00   24.47
06:33:07 PM   34   32.98    0.00   42.55    0.00    0.00    0.00    0.00    0.00    0.00   24.47
06:33:07 PM   35   32.63    0.00   42.11    1.05    0.00    0.00    0.00    0.00    0.00   24.21
06:33:07 PM   36   32.26    0.00   43.01    0.00    0.00    0.00    0.00    0.00    0.00   24.73
06:33:07 PM   37   28.42    0.00   46.32    1.05    0.00    0.00    0.00    0.00    0.00   24.21
06:33:07 PM   38   31.91    0.00   42.55    1.06    0.00    0.00    0.00    0.00    0.00   24.47
06:33:07 PM   39   30.93    0.00   43.30    1.03    0.00    0.00    0.00    0.00    0.00   24.74
06:33:07 PM   40   31.18    0.00   41.94    1.08    0.00    0.00    0.00    0.00    0.00   25.81
06:33:07 PM   41   31.18    0.00   41.94    1.08    0.00    0.00    0.00    0.00    0.00   25.81
06:33:07 PM   42   31.58    0.00   42.11    1.05    0.00    0.00    0.00    0.00    0.00   25.26
06:33:07 PM   43   28.42    0.00   44.21    1.05    0.00    0.00    0.00    0.00    0.00   26.32
06:33:07 PM   44   31.58    0.00   43.16    0.00    0.00    0.00    0.00    0.00    0.00   25.26
06:33:07 PM   45   26.60    0.00   46.81    0.00    0.00    0.00    0.00    0.00    0.00   26.60
06:33:07 PM   46   28.26    0.00   44.57    1.09    0.00    0.00    0.00    0.00    0.00   26.09
06:33:07 PM   47   30.77    0.00   43.96    0.00    0.00    0.00    0.00    0.00    0.00   25.27
06:33:07 PM   48   30.85    0.00   42.55    1.06    0.00    0.00    0.00    0.00    0.00   25.53
06:33:07 PM   49   31.91    0.00   42.55    0.00    0.00    0.00    0.00    0.00    0.00   25.53
06:33:07 PM   50   30.11    0.00   43.01    1.08    0.00    0.00    0.00    0.00    0.00   25.81
06:33:07 PM   51   30.11    0.00   44.09    0.00    0.00    0.00    0.00    0.00    0.00   25.81
06:33:07 PM   52   31.25    0.00   42.71    1.04    0.00    0.00    0.00    0.00    0.00   25.00
06:33:07 PM   53   29.03    0.00   44.09    1.08    0.00    0.00    0.00    0.00    0.00   25.81
06:33:07 PM   54   28.42    0.00   45.26    1.05    0.00    0.00    0.00    0.00    0.00   25.26
06:33:07 PM   55   27.47    0.00   47.25    0.00    0.00    0.00    0.00    0.00    0.00   25.27
06:33:07 PM   56   28.12    0.00   44.79    1.04    0.00    0.00    0.00    0.00    0.00   26.04
06:33:07 PM   57   31.52    0.00   43.48    0.00    0.00    0.00    0.00    0.00    0.00   25.00
06:33:07 PM   58   30.53    0.00   43.16    1.05    0.00    0.00    0.00    0.00    0.00   25.26
06:33:07 PM   59   30.43    0.00   42.39    0.00    0.00    0.00    0.00    0.00    0.00   27.17
06:33:07 PM   60   30.53    0.00   44.21    0.00    0.00    0.00    0.00    0.00    0.00   25.26
06:33:07 PM   61   31.91    0.00   42.55    1.06    0.00    0.00    0.00    0.00    0.00   24.47
06:33:07 PM   62   31.52    0.00   43.48    0.00    0.00    0.00    0.00    0.00    0.00   25.00
06:33:07 PM   63   30.85    0.00   44.68    0.00    0.00    0.00    0.00    0.00    0.00   24.47
06:33:07 PM   64   31.58    0.00   45.26    0.00    0.00    0.00    0.00    0.00    0.00   23.16
06:33:07 PM   65   28.72    0.00   46.81    1.06    0.00    0.00    0.00    0.00    0.00   23.40
06:33:07 PM   66   30.77    0.00   45.05    0.00    0.00    0.00    0.00    0.00    0.00   24.18
06:33:07 PM   67   30.85    0.00   43.62    1.06    0.00    0.00    0.00    0.00    0.00   24.47
06:33:07 PM   68   30.85    0.00   42.55    1.06    0.00    0.00    0.00    0.00    0.00   25.53
06:33:07 PM   69   31.52    0.00   43.48    0.00    0.00    0.00    0.00    0.00    0.00   25.00
06:33:07 PM   70   31.91    0.00   43.62    0.00    0.00    0.00    0.00    0.00    0.00   24.47
06:33:07 PM   71   31.91    0.00   42.55    1.06    0.00    0.00    0.00    0.00    0.00   24.47
06:33:07 PM   72   30.43    0.00   44.57    0.00    0.00    0.00    0.00    0.00    0.00   25.00
06:33:07 PM   73   30.43    0.00   43.48    1.09    0.00    0.00    0.00    0.00    0.00   25.00
06:33:07 PM   74   31.58    0.00   43.16    1.05    0.00    0.00    0.00    0.00    0.00   24.21
06:33:07 PM   75   30.85    0.00   43.62    0.00    0.00    0.00    0.00    0.00    0.00   25.53
06:33:07 PM   76   30.53    0.00   44.21    0.00    0.00    0.00    0.00    0.00    0.00   25.26
06:33:07 PM   77   28.42    0.00   46.32    1.05    0.00    0.00    0.00    0.00    0.00   24.21
06:33:07 PM   78   29.79    0.00   43.62    1.06    0.00    0.00    0.00    0.00    0.00   25.53
06:33:07 PM   79   30.85    0.00   43.62    1.06    0.00    0.00    0.00    0.00    0.00   24.47

06:33:16 PM  CPU    %usr   %nice    %sys %iowait    %irq   %soft  %steal  %guest  %gnice   %idle
06:33:17 PM  all   31.31    0.00   42.73    0.49    0.00    0.00    0.00    0.00    0.00   25.47
06:33:17 PM    0   33.33    0.00   39.58    1.04    0.00    0.00    0.00    0.00    0.00   26.04
06:33:17 PM    1   29.17    0.00   44.79    1.04    0.00    0.00    0.00    0.00    0.00   25.00
06:33:17 PM    2   32.29    0.00   41.67    1.04    0.00    0.00    0.00    0.00    0.00   25.00
06:33:17 PM    3   29.90    0.00   44.33    1.03    0.00    0.00    0.00    0.00    0.00   24.74
06:33:17 PM    4   30.85    0.00   42.55    0.00    0.00    0.00    0.00    0.00    0.00   26.60
06:33:17 PM    5   29.47    0.00   43.16    1.05    0.00    0.00    0.00    0.00    0.00   26.32
06:33:17 PM    6   31.91    0.00   41.49    0.00    0.00    0.00    0.00    0.00    0.00   26.60
06:33:17 PM    7   30.85    0.00   42.55    0.00    0.00    0.00    0.00    0.00    0.00   26.60
06:33:17 PM    8   28.72    0.00   44.68    0.00    0.00    0.00    0.00    0.00    0.00   26.60
06:33:17 PM    9   32.29    0.00   40.62    1.04    0.00    0.00    0.00    0.00    0.00   26.04
06:33:17 PM   10   30.53    0.00   43.16    0.00    0.00    0.00    0.00    0.00    0.00   26.32
06:33:17 PM   11   27.96    0.00   44.09    0.00    0.00    0.00    0.00    0.00    0.00   27.96
06:33:17 PM   12   30.85    0.00   42.55    0.00    0.00    0.00    0.00    0.00    0.00   26.60
06:33:17 PM   13   31.25    0.00   42.71    1.04    0.00    0.00    0.00    0.00    0.00   25.00
06:33:17 PM   14   30.21    0.00   41.67    1.04    0.00    0.00    0.00    0.00    0.00   27.08
06:33:17 PM   15   29.47    0.00   42.11    1.05    0.00    0.00    0.00    0.00    0.00   27.37
06:33:17 PM   16   31.25    0.00   42.71    0.00    0.00    0.00    0.00    0.00    0.00   26.04
06:33:17 PM   17   29.17    0.00   43.75    1.04    0.00    0.00    0.00    0.00    0.00   26.04
06:33:17 PM   18   29.47    0.00   43.16    1.05    0.00    0.00    0.00    0.00    0.00   26.32
06:33:17 PM   19   29.17    0.00   44.79    0.00    0.00    0.00    0.00    0.00    0.00   26.04
06:33:17 PM   20   31.96    0.00   42.27    1.03    0.00    0.00    0.00    0.00    0.00   24.74
06:33:17 PM   21   32.29    0.00   42.71    1.04    0.00    0.00    0.00    0.00    0.00   23.96
06:33:17 PM   22   31.25    0.00   43.75    2.08    0.00    0.00    0.00    0.00    0.00   22.92
06:33:17 PM   23   31.58    0.00   43.16    1.05    0.00    0.00    0.00    0.00    0.00   24.21
06:33:17 PM   24   32.99    0.00   42.27    1.03    0.00    0.00    0.00    0.00    0.00   23.71
06:33:17 PM   25   30.11    0.00   44.09    0.00    0.00    0.00    0.00    0.00    0.00   25.81
06:33:17 PM   26   32.29    0.00   42.71    0.00    0.00    0.00    0.00    0.00    0.00   25.00
06:33:17 PM   27   32.29    0.00   42.71    0.00    0.00    0.00    0.00    0.00    0.00   25.00
06:33:17 PM   28   33.33    0.00   41.67    1.04    0.00    0.00    0.00    0.00    0.00   23.96
06:33:17 PM   29   32.63    0.00   41.05    1.05    0.00    0.00    0.00    0.00    0.00   25.26
06:33:17 PM   30   32.63    0.00   43.16    0.00    0.00    0.00    0.00    0.00    0.00   24.21
06:33:17 PM   31   32.61    0.00   42.39    0.00    0.00    0.00    0.00    0.00    0.00   25.00
06:33:17 PM   32   32.99    0.00   42.27    1.03    0.00    0.00    0.00    0.00    0.00   23.71
06:33:17 PM   33   30.53    0.00   44.21    0.00    0.00    0.00    0.00    0.00    0.00   25.26
06:33:17 PM   34   33.33    0.00   40.62    1.04    0.00    0.00    0.00    0.00    0.00   25.00
06:33:17 PM   35   30.21    0.00   44.79    0.00    0.00    0.00    0.00    0.00    0.00   25.00
06:33:17 PM   36   30.53    0.00   43.16    1.05    0.00    0.00    0.00    0.00    0.00   25.26
06:33:17 PM   37   34.04    0.00   40.43    1.06    0.00    0.00    0.00    0.00    0.00   24.47
06:33:17 PM   38   33.68    0.00   41.05    0.00    0.00    0.00    0.00    0.00    0.00   25.26
06:33:17 PM   39   32.98    0.00   42.55    0.00    0.00    0.00    0.00    0.00    0.00   24.47
06:33:17 PM   40   30.11    0.00   44.09    0.00    0.00    0.00    0.00    0.00    0.00   25.81
06:33:17 PM   41   31.18    0.00   41.94    1.08    0.00    0.00    0.00    0.00    0.00   25.81
06:33:17 PM   42   31.91    0.00   41.49    0.00    0.00    0.00    0.00    0.00    0.00   26.60
06:33:17 PM   43   29.90    0.00   44.33    1.03    0.00    0.00    0.00    0.00    0.00   24.74
06:33:17 PM   44   30.53    0.00   42.11    1.05    0.00    0.00    0.00    0.00    0.00   26.32
06:33:17 PM   45   30.53    0.00   43.16    0.00    0.00    0.00    0.00    0.00    0.00   26.32
06:33:17 PM   46   30.85    0.00   42.55    1.06    0.00    0.00    0.00    0.00    0.00   25.53
06:33:17 PM   47   28.42    0.00   45.26    0.00    0.00    0.00    0.00    0.00    0.00   26.32
06:33:17 PM   48   30.53    0.00   43.16    0.00    0.00    0.00    0.00    0.00    0.00   26.32
06:33:17 PM   49   31.91    0.00   41.49    1.06    0.00    0.00    0.00    0.00    0.00   25.53
06:33:17 PM   50   29.17    0.00   43.75    0.00    0.00    0.00    0.00    0.00    0.00   27.08
06:33:17 PM   51   30.85    0.00   41.49    0.00    0.00    0.00    0.00    0.00    0.00   27.66
06:33:17 PM   52   31.25    0.00   42.71    1.04    0.00    0.00    0.00    0.00    0.00   25.00
06:33:17 PM   53   31.58    0.00   41.05    0.00    0.00    0.00    0.00    0.00    0.00   27.37
06:33:17 PM   54   29.47    0.00   43.16    0.00    0.00    0.00    0.00    0.00    0.00   27.37
06:33:17 PM   55   31.96    0.00   40.21    1.03    0.00    0.00    0.00    0.00    0.00   26.80
06:33:17 PM   56   29.47    0.00   44.21    1.05    0.00    0.00    0.00    0.00    0.00   25.26
06:33:17 PM   57   30.53    0.00   43.16    0.00    0.00    0.00    0.00    0.00    0.00   26.32
06:33:17 PM   58   27.66    0.00   45.74    0.00    0.00    0.00    0.00    0.00    0.00   26.60
06:33:17 PM   59   34.38    0.00   39.58    0.00    0.00    0.00    0.00    0.00    0.00   26.04
06:33:17 PM   60   30.21    0.00   43.75    1.04    0.00    0.00    0.00    0.00    0.00   25.00
06:33:17 PM   61   30.53    0.00   44.21    0.00    0.00    0.00    0.00    0.00    0.00   25.26
06:33:17 PM   62   30.21    0.00   43.75    0.00    0.00    0.00    0.00    0.00    0.00   26.04
06:33:17 PM   63   30.93    0.00   43.30    0.00    0.00    0.00    0.00    0.00    0.00   25.77
06:33:17 PM   64   32.63    0.00   42.11    0.00    0.00    0.00    0.00    0.00    0.00   25.26
06:33:17 PM   65   34.02    0.00   41.24    1.03    0.00    0.00    0.00    0.00    0.00   23.71
06:33:17 PM   66   32.63    0.00   42.11    0.00    0.00    0.00    0.00    0.00    0.00   25.26
06:33:17 PM   67   35.79    0.00   40.00    1.05    0.00    0.00    0.00    0.00    0.00   23.16
06:33:17 PM   68   31.58    0.00   43.16    0.00    0.00    0.00    0.00    0.00    0.00   25.26
06:33:17 PM   69   31.25    0.00   43.75    0.00    0.00    0.00    0.00    0.00    0.00   25.00
06:33:17 PM   70   31.58    0.00   43.16    1.05    0.00    0.00    0.00    0.00    0.00   24.21
06:33:17 PM   71   32.29    0.00   42.71    0.00    0.00    0.00    0.00    0.00    0.00   25.00
06:33:17 PM   72   30.53    0.00   44.21    0.00    0.00    0.00    0.00    0.00    0.00   25.26
06:33:17 PM   73   31.25    0.00   44.79    0.00    0.00    0.00    0.00    0.00    0.00   23.96
06:33:17 PM   74   31.91    0.00   43.62    0.00    0.00    0.00    0.00    0.00    0.00   24.47
06:33:17 PM   75   33.70    0.00   41.30    0.00    0.00    0.00    0.00    0.00    0.00   25.00
06:33:17 PM   76   35.42    0.00   39.58    1.04    0.00    0.00    0.00    0.00    0.00   23.96
06:33:17 PM   77   31.91    0.00   43.62    0.00    0.00    0.00    0.00    0.00    0.00   24.47
06:33:17 PM   78   30.85    0.00   43.62    0.00    0.00    0.00    0.00    0.00    0.00   25.53
06:33:17 PM   79   31.25    0.00   42.71    1.04    0.00    0.00    0.00    0.00    0.00   25.00

06:33:26 PM  CPU    %usr   %nice    %sys %iowait    %irq   %soft  %steal  %guest  %gnice   %idle
06:33:27 PM  all   31.24    0.00   42.82    0.29    0.00    0.00    0.00    0.00    0.00   25.64
06:33:27 PM    0   31.91    0.00   41.49    0.00    0.00    0.00    0.00    0.00    0.00   26.60
06:33:27 PM    1   31.52    0.00   42.39    0.00    0.00    0.00    0.00    0.00    0.00   26.09
06:33:27 PM    2   29.79    0.00   43.62    0.00    0.00    0.00    0.00    0.00    0.00   26.60
06:33:27 PM    3   29.03    0.00   44.09    0.00    0.00    0.00    0.00    0.00    0.00   26.88
06:33:27 PM    4   32.98    0.00   41.49    0.00    0.00    0.00    0.00    0.00    0.00   25.53
06:33:27 PM    5   31.91    0.00   41.49    0.00    0.00    0.00    0.00    0.00    0.00   26.60
06:33:27 PM    6   31.52    0.00   41.30    0.00    0.00    0.00    0.00    0.00    0.00   27.17
06:33:27 PM    7   28.72    0.00   44.68    0.00    0.00    0.00    0.00    0.00    0.00   26.60
06:33:27 PM    8   31.58    0.00   41.05    1.05    0.00    0.00    0.00    0.00    0.00   26.32
06:33:27 PM    9   29.03    0.00   45.16    0.00    0.00    0.00    0.00    0.00    0.00   25.81
06:33:27 PM   10   30.43    0.00   42.39    1.09    0.00    0.00    0.00    0.00    0.00   26.09
06:33:27 PM   11   32.26    0.00   43.01    0.00    0.00    0.00    0.00    0.00    0.00   24.73
06:33:27 PM   12   30.85    0.00   42.55    0.00    0.00    0.00    0.00    0.00    0.00   26.60
06:33:27 PM   13   31.18    0.00   43.01    0.00    0.00    0.00    0.00    0.00    0.00   25.81
06:33:27 PM   14   30.85    0.00   42.55    1.06    0.00    0.00    0.00    0.00    0.00   25.53
06:33:27 PM   15   29.35    0.00   44.57    0.00    0.00    0.00    0.00    0.00    0.00   26.09
06:33:27 PM   16   32.26    0.00   41.94    0.00    0.00    0.00    0.00    0.00    0.00   25.81
06:33:27 PM   17   29.67    0.00   43.96    0.00    0.00    0.00    0.00    0.00    0.00   26.37
06:33:27 PM   18   30.11    0.00   43.01    1.08    0.00    0.00    0.00    0.00    0.00   25.81
06:33:27 PM   19   30.43    0.00   43.48    0.00    0.00    0.00    0.00    0.00    0.00   26.09
06:33:27 PM   20   31.52    0.00   43.48    0.00    0.00    0.00    0.00    0.00    0.00   25.00
06:33:27 PM   21   32.61    0.00   42.39    0.00    0.00    0.00    0.00    0.00    0.00   25.00
06:33:27 PM   22   31.18    0.00   43.01    1.08    0.00    0.00    0.00    0.00    0.00   24.73
06:33:27 PM   23   32.26    0.00   43.01    0.00    0.00    0.00    0.00    0.00    0.00   24.73
06:33:27 PM   24   33.33    0.00   41.94    0.00    0.00    0.00    0.00    0.00    0.00   24.73
06:33:27 PM   25   31.52    0.00   42.39    0.00    0.00    0.00    0.00    0.00    0.00   26.09
06:33:27 PM   26   28.57    0.00   45.05    0.00    0.00    0.00    0.00    0.00    0.00   26.37
06:33:27 PM   27   30.85    0.00   43.62    1.06    0.00    0.00    0.00    0.00    0.00   24.47
06:33:27 PM   28   31.25    0.00   42.71    1.04    0.00    0.00    0.00    0.00    0.00   25.00
06:33:27 PM   29   32.29    0.00   42.71    0.00    0.00    0.00    0.00    0.00    0.00   25.00
06:33:27 PM   30   32.26    0.00   41.94    0.00    0.00    0.00    0.00    0.00    0.00   25.81
06:33:27 PM   31   30.21    0.00   43.75    1.04    0.00    0.00    0.00    0.00    0.00   25.00
06:33:27 PM   32   29.79    0.00   44.68    0.00    0.00    0.00    0.00    0.00    0.00   25.53
06:33:27 PM   33   33.70    0.00   41.30    0.00    0.00    0.00    0.00    0.00    0.00   25.00
06:33:27 PM   34   30.77    0.00   43.96    0.00    0.00    0.00    0.00    0.00    0.00   25.27
06:33:27 PM   35   32.63    0.00   42.11    1.05    0.00    0.00    0.00    0.00    0.00   24.21
06:33:27 PM   36   31.18    0.00   43.01    1.08    0.00    0.00    0.00    0.00    0.00   24.73
06:33:27 PM   37   32.26    0.00   43.01    0.00    0.00    0.00    0.00    0.00    0.00   24.73
06:33:27 PM   38   30.85    0.00   43.62    0.00    0.00    0.00    0.00    0.00    0.00   25.53
06:33:27 PM   39   32.26    0.00   43.01    0.00    0.00    0.00    0.00    0.00    0.00   24.73
06:33:27 PM   40   31.18    0.00   43.01    0.00    0.00    0.00    0.00    0.00    0.00   25.81
06:33:27 PM   41   31.58    0.00   43.16    0.00    0.00    0.00    0.00    0.00    0.00   25.26
06:33:27 PM   42   31.52    0.00   42.39    0.00    0.00    0.00    0.00    0.00    0.00   26.09
06:33:27 PM   43   27.96    0.00   45.16    1.08    0.00    0.00    0.00    0.00    0.00   25.81
06:33:27 PM   44   29.47    0.00   44.21    0.00    0.00    0.00    0.00    0.00    0.00   26.32
06:33:27 PM   45   30.11    0.00   41.94    1.08    0.00    0.00    0.00    0.00    0.00   26.88
06:33:27 PM   46   30.85    0.00   41.49    1.06    0.00    0.00    0.00    0.00    0.00   26.60
06:33:27 PM   47   33.70    0.00   40.22    0.00    0.00    0.00    0.00    0.00    0.00   26.09
06:33:27 PM   48   31.18    0.00   41.94    1.08    0.00    0.00    0.00    0.00    0.00   25.81
06:33:27 PM   49   28.87    0.00   45.36    0.00    0.00    0.00    0.00    0.00    0.00   25.77
06:33:27 PM   50   30.53    0.00   43.16    1.05    0.00    0.00    0.00    0.00    0.00   25.26
06:33:27 PM   51   30.53    0.00   43.16    1.05    0.00    0.00    0.00    0.00    0.00   25.26
06:33:27 PM   52   31.11    0.00   42.22    0.00    0.00    0.00    0.00    0.00    0.00   26.67
06:33:27 PM   53   31.18    0.00   40.86    1.08    0.00    0.00    0.00    0.00    0.00   26.88
06:33:27 PM   54   31.18    0.00   41.94    0.00    0.00    0.00    0.00    0.00    0.00   26.88
06:33:27 PM   55   30.11    0.00   43.01    0.00    0.00    0.00    0.00    0.00    0.00   26.88
06:33:27 PM   56   30.85    0.00   42.55    0.00    0.00    0.00    0.00    0.00    0.00   26.60
06:33:27 PM   57   30.53    0.00   43.16    1.05    0.00    0.00    0.00    0.00    0.00   25.26
06:33:27 PM   58   32.97    0.00   41.76    0.00    0.00    0.00    0.00    0.00    0.00   25.27
06:33:27 PM   59   31.18    0.00   43.01    0.00    0.00    0.00    0.00    0.00    0.00   25.81
06:33:27 PM   60   33.33    0.00   41.94    0.00    0.00    0.00    0.00    0.00    0.00   24.73
06:33:27 PM   61   30.77    0.00   42.86    0.00    0.00    0.00    0.00    0.00    0.00   26.37
06:33:27 PM   62   29.79    0.00   45.74    0.00    0.00    0.00    0.00    0.00    0.00   24.47
06:33:27 PM   63   31.58    0.00   43.16    0.00    0.00    0.00    0.00    0.00    0.00   25.26
06:33:27 PM   64   31.25    0.00   41.67    1.04    0.00    0.00    0.00    0.00    0.00   26.04
06:33:27 PM   65   30.53    0.00   44.21    0.00    0.00    0.00    0.00    0.00    0.00   25.26
06:33:27 PM   66   33.33    0.00   41.94    0.00    0.00    0.00    0.00    0.00    0.00   24.73
06:33:27 PM   67   32.98    0.00   42.55    0.00    0.00    0.00    0.00    0.00    0.00   24.47
06:33:27 PM   68   30.93    0.00   43.30    0.00    0.00    0.00    0.00    0.00    0.00   25.77
06:33:27 PM   69   32.26    0.00   43.01    0.00    0.00    0.00    0.00    0.00    0.00   24.73
06:33:27 PM   70   29.35    0.00   44.57    1.09    0.00    0.00    0.00    0.00    0.00   25.00
06:33:27 PM   71   33.33    0.00   41.67    0.00    0.00    0.00    0.00    0.00    0.00   25.00
06:33:27 PM   72   31.91    0.00   41.49    1.06    0.00    0.00    0.00    0.00    0.00   25.53
06:33:27 PM   73   33.33    0.00   40.86    0.00    0.00    0.00    0.00    0.00    0.00   25.81
06:33:27 PM   74   33.70    0.00   40.22    0.00    0.00    0.00    0.00    0.00    0.00   26.09
06:33:27 PM   75   31.91    0.00   42.55    0.00    0.00    0.00    0.00    0.00    0.00   25.53
06:33:27 PM   76   31.18    0.00   44.09    0.00    0.00    0.00    0.00    0.00    0.00   24.73
06:33:27 PM   77   30.53    0.00   43.16    1.05    0.00    0.00    0.00    0.00    0.00   25.26
06:33:27 PM   78   29.79    0.00   44.68    0.00    0.00    0.00    0.00    0.00    0.00   25.53
06:33:27 PM   79   34.38    0.00   40.62    0.00    0.00    0.00    0.00    0.00    0.00   25.00

06:33:36 PM  CPU    %usr   %nice    %sys %iowait    %irq   %soft  %steal  %guest  %gnice   %idle
06:33:37 PM  all   31.63    0.00   42.95    0.42    0.00    0.00    0.00    0.00    0.00   25.00
06:33:37 PM    0   31.11    0.00   42.22    1.11    0.00    0.00    0.00    0.00    0.00   25.56
06:33:37 PM    1   28.57    0.00   46.15    0.00    0.00    0.00    0.00    0.00    0.00   25.27
06:33:37 PM    2   30.11    0.00   43.01    1.08    0.00    0.00    0.00    0.00    0.00   25.81
06:33:37 PM    3   32.97    0.00   41.76    0.00    0.00    0.00    0.00    0.00    0.00   25.27
06:33:37 PM    4   31.52    0.00   43.48    0.00    0.00    0.00    0.00    0.00    0.00   25.00
06:33:37 PM    5   31.46    0.00   43.82    0.00    0.00    0.00    0.00    0.00    0.00   24.72
06:33:37 PM    6   33.33    0.00   40.00    0.00    0.00    0.00    0.00    0.00    0.00   26.67
06:33:37 PM    7   31.91    0.00   41.49    0.00    0.00    0.00    0.00    0.00    0.00   26.60
06:33:37 PM    8   31.87    0.00   42.86    1.10    0.00    0.00    0.00    0.00    0.00   24.18
06:33:37 PM    9   30.85    0.00   42.55    1.06    0.00    0.00    0.00    0.00    0.00   25.53
06:33:37 PM   10   29.35    0.00   44.57    1.09    0.00    0.00    0.00    0.00    0.00   25.00
06:33:37 PM   11   31.18    0.00   44.09    1.08    0.00    0.00    0.00    0.00    0.00   23.66
06:33:37 PM   12   30.11    0.00   43.01    1.08    0.00    0.00    0.00    0.00    0.00   25.81
06:33:37 PM   13   31.52    0.00   43.48    1.09    0.00    0.00    0.00    0.00    0.00   23.91
06:33:37 PM   14   30.85    0.00   43.62    1.06    0.00    0.00    0.00    0.00    0.00   24.47
06:33:37 PM   15   27.96    0.00   46.24    1.08    0.00    0.00    0.00    0.00    0.00   24.73
06:33:37 PM   16   29.79    0.00   44.68    0.00    0.00    0.00    0.00    0.00    0.00   25.53
06:33:37 PM   17   31.18    0.00   43.01    1.08    0.00    0.00    0.00    0.00    0.00   24.73
06:33:37 PM   18   33.33    0.00   41.94    0.00    0.00    0.00    0.00    0.00    0.00   24.73
06:33:37 PM   19   30.85    0.00   42.55    1.06    0.00    0.00    0.00    0.00    0.00   25.53
06:33:37 PM   20   32.22    0.00   42.22    0.00    0.00    0.00    0.00    0.00    0.00   25.56
06:33:37 PM   21   31.91    0.00   42.55    0.00    0.00    0.00    0.00    0.00    0.00   25.53
06:33:37 PM   22   30.77    0.00   43.96    0.00    0.00    0.00    0.00    0.00    0.00   25.27
06:33:37 PM   23   32.98    0.00   42.55    0.00    0.00    0.00    0.00    0.00    0.00   24.47
06:33:37 PM   24   30.77    0.00   45.05    0.00    0.00    0.00    0.00    0.00    0.00   24.18
06:33:37 PM   25   30.43    0.00   42.39    1.09    0.00    0.00    0.00    0.00    0.00   26.09
06:33:37 PM   26   31.87    0.00   43.96    0.00    0.00    0.00    0.00    0.00    0.00   24.18
06:33:37 PM   27   32.26    0.00   43.01    0.00    0.00    0.00    0.00    0.00    0.00   24.73
06:33:37 PM   28   30.00    0.00   45.56    0.00    0.00    0.00    0.00    0.00    0.00   24.44
06:33:37 PM   29   32.22    0.00   43.33    1.11    0.00    0.00    0.00    0.00    0.00   23.33
06:33:37 PM   30   33.33    0.00   42.22    0.00    0.00    0.00    0.00    0.00    0.00   24.44
06:33:37 PM   31   30.77    0.00   43.96    1.10    0.00    0.00    0.00    0.00    0.00   24.18
06:33:37 PM   32   33.70    0.00   42.39    1.09    0.00    0.00    0.00    0.00    0.00   22.83
06:33:37 PM   33   31.52    0.00   42.39    0.00    0.00    0.00    0.00    0.00    0.00   26.09
06:33:37 PM   34   31.18    0.00   43.01    1.08    0.00    0.00    0.00    0.00    0.00   24.73
06:33:37 PM   35   33.33    0.00   43.01    0.00    0.00    0.00    0.00    0.00    0.00   23.66
06:33:37 PM   36   30.00    0.00   45.56    0.00    0.00    0.00    0.00    0.00    0.00   24.44
06:33:37 PM   37   35.16    0.00   40.66    0.00    0.00    0.00    0.00    0.00    0.00   24.18
06:33:37 PM   38   31.52    0.00   44.57    0.00    0.00    0.00    0.00    0.00    0.00   23.91
06:33:37 PM   39   32.97    0.00   42.86    0.00    0.00    0.00    0.00    0.00    0.00   24.18
06:33:37 PM   40   31.91    0.00   42.55    0.00    0.00    0.00    0.00    0.00    0.00   25.53
06:33:37 PM   41   32.26    0.00   40.86    1.08    0.00    0.00    0.00    0.00    0.00   25.81
06:33:37 PM   42   31.52    0.00   42.39    0.00    0.00    0.00    0.00    0.00    0.00   26.09
06:33:37 PM   43   30.85    0.00   42.55    1.06    0.00    0.00    0.00    0.00    0.00   25.53
06:33:37 PM   44   31.11    0.00   43.33    0.00    0.00    0.00    0.00    0.00    0.00   25.56
06:33:37 PM   45   28.42    0.00   44.21    1.05    0.00    0.00    0.00    0.00    0.00   26.32
06:33:37 PM   46   31.18    0.00   44.09    0.00    0.00    0.00    0.00    0.00    0.00   24.73
06:33:37 PM   47   31.58    0.00   41.05    1.05    0.00    0.00    0.00    0.00    0.00   26.32
06:33:37 PM   48   31.18    0.00   41.94    0.00    0.00    0.00    0.00    0.00    0.00   26.88
06:33:37 PM   49   32.26    0.00   40.86    1.08    0.00    0.00    0.00    0.00    0.00   25.81
06:33:37 PM   50   32.61    0.00   41.30    0.00    0.00    0.00    0.00    0.00    0.00   26.09
06:33:37 PM   51   30.85    0.00   43.62    0.00    0.00    0.00    0.00    0.00    0.00   25.53
06:33:37 PM   52   31.91    0.00   42.55    0.00    0.00    0.00    0.00    0.00    0.00   25.53
06:33:37 PM   53   29.35    0.00   44.57    0.00    0.00    0.00    0.00    0.00    0.00   26.09
06:33:37 PM   54   30.43    0.00   42.39    0.00    0.00    0.00    0.00    0.00    0.00   27.17
06:33:37 PM   55   29.67    0.00   43.96    0.00    0.00    0.00    0.00    0.00    0.00   26.37
06:33:37 PM   56   32.22    0.00   42.22    0.00    0.00    0.00    0.00    0.00    0.00   25.56
06:33:37 PM   57   32.26    0.00   41.94    0.00    0.00    0.00    0.00    0.00    0.00   25.81
06:33:37 PM   58   31.91    0.00   42.55    0.00    0.00    0.00    0.00    0.00    0.00   25.53
06:33:37 PM   59   31.52    0.00   43.48    0.00    0.00    0.00    0.00    0.00    0.00   25.00
06:33:37 PM   60   34.69    0.00   40.82    0.00    0.00    0.00    0.00    0.00    0.00   24.49
06:33:37 PM   61   31.91    0.00   43.62    0.00    0.00    0.00    0.00    0.00    0.00   24.47
06:33:37 PM   62   33.70    0.00   40.22    0.00    0.00    0.00    0.00    0.00    0.00   26.09
06:33:37 PM   63   33.33    0.00   40.62    1.04    0.00    0.00    0.00    0.00    0.00   25.00
06:33:37 PM   64   30.11    0.00   45.16    0.00    0.00    0.00    0.00    0.00    0.00   24.73
06:33:37 PM   65   34.41    0.00   41.94    0.00    0.00    0.00    0.00    0.00    0.00   23.66
06:33:37 PM   66   30.34    0.00   46.07    0.00    0.00    0.00    0.00    0.00    0.00   23.60
06:33:37 PM   67   31.52    0.00   43.48    1.09    0.00    0.00    0.00    0.00    0.00   23.91
06:33:37 PM   68   31.52    0.00   42.39    1.09    0.00    0.00    0.00    0.00    0.00   25.00
06:33:37 PM   69   32.98    0.00   41.49    1.06    0.00    0.00    0.00    0.00    0.00   24.47
06:33:37 PM   70   32.26    0.00   43.01    0.00    0.00    0.00    0.00    0.00    0.00   24.73
06:33:37 PM   71   30.43    0.00   44.57    1.09    0.00    0.00    0.00    0.00    0.00   23.91
06:33:37 PM   72   33.33    0.00   41.67    0.00    0.00    0.00    0.00    0.00    0.00   25.00
06:33:37 PM   73   30.11    0.00   45.16    1.08    0.00    0.00    0.00    0.00    0.00   23.66
06:33:37 PM   74   34.07    0.00   40.66    0.00    0.00    0.00    0.00    0.00    0.00   25.27
06:33:37 PM   75   33.33    0.00   42.22    0.00    0.00    0.00    0.00    0.00    0.00   24.44
06:33:37 PM   76   29.67    0.00   46.15    1.10    0.00    0.00    0.00    0.00    0.00   23.08
06:33:37 PM   77   32.26    0.00   41.94    0.00    0.00    0.00    0.00    0.00    0.00   25.81
06:33:37 PM   78   33.33    0.00   40.86    1.08    0.00    0.00    0.00    0.00    0.00   24.73
06:33:37 PM   79   32.99    0.00   42.27    1.03    0.00    0.00    0.00    0.00    0.00   23.71

06:33:46 PM  CPU    %usr   %nice    %sys %iowait    %irq   %soft  %steal  %guest  %gnice   %idle
06:33:47 PM  all   31.51    0.00   44.50    0.43    0.00    0.00    0.00    0.00    0.00   23.57
06:33:47 PM    0   31.18    0.00   44.09    0.00    0.00    0.00    0.00    0.00    0.00   24.73
06:33:47 PM    1   31.52    0.00   44.57    0.00    0.00    0.00    0.00    0.00    0.00   23.91
06:33:47 PM    2   31.91    0.00   44.68    0.00    0.00    0.00    0.00    0.00    0.00   23.40
06:33:47 PM    3   31.87    0.00   43.96    0.00    0.00    0.00    0.00    0.00    0.00   24.18
06:33:47 PM    4   33.33    0.00   42.71    1.04    0.00    0.00    0.00    0.00    0.00   22.92
06:33:47 PM    5   31.87    0.00   43.96    0.00    0.00    0.00    0.00    0.00    0.00   24.18
06:33:47 PM    6   30.11    0.00   45.16    1.08    0.00    0.00    0.00    0.00    0.00   23.66
06:33:47 PM    7   31.91    0.00   43.62    0.00    0.00    0.00    0.00    0.00    0.00   24.47
06:33:47 PM    8   30.77    0.00   46.15    0.00    0.00    0.00    0.00    0.00    0.00   23.08
06:33:47 PM    9   33.68    0.00   41.05    1.05    0.00    0.00    0.00    0.00    0.00   24.21
06:33:47 PM   10   30.43    0.00   45.65    0.00    0.00    0.00    0.00    0.00    0.00   23.91
06:33:47 PM   11   30.43    0.00   46.74    0.00    0.00    0.00    0.00    0.00    0.00   22.83
06:33:47 PM   12   28.72    0.00   46.81    1.06    0.00    0.00    0.00    0.00    0.00   23.40
06:33:47 PM   13   29.03    0.00   45.16    1.08    0.00    0.00    0.00    0.00    0.00   24.73
06:33:47 PM   14   31.18    0.00   45.16    1.08    0.00    0.00    0.00    0.00    0.00   22.58
06:33:47 PM   15   31.18    0.00   44.09    1.08    0.00    0.00    0.00    0.00    0.00   23.66
06:33:47 PM   16   28.12    0.00   47.92    1.04    0.00    0.00    0.00    0.00    0.00   22.92
06:33:47 PM   17   30.11    0.00   46.24    0.00    0.00    0.00    0.00    0.00    0.00   23.66
06:33:47 PM   18   31.18    0.00   45.16    0.00    0.00    0.00    0.00    0.00    0.00   23.66
06:33:47 PM   19   31.58    0.00   43.16    1.05    0.00    0.00    0.00    0.00    0.00   24.21
06:33:47 PM   20   31.52    0.00   46.74    0.00    0.00    0.00    0.00    0.00    0.00   21.74
06:33:47 PM   21   30.93    0.00   45.36    1.03    0.00    0.00    0.00    0.00    0.00   22.68
06:33:47 PM   22   31.52    0.00   45.65    0.00    0.00    0.00    0.00    0.00    0.00   22.83
06:33:47 PM   23   31.25    0.00   44.79    1.04    0.00    0.00    0.00    0.00    0.00   22.92
06:33:47 PM   24   31.18    0.00   45.16    0.00    0.00    0.00    0.00    0.00    0.00   23.66
06:33:47 PM   25   33.68    0.00   42.11    1.05    0.00    0.00    0.00    0.00    0.00   23.16
06:33:47 PM   26   31.25    0.00   45.83    1.04    0.00    0.00    0.00    0.00    0.00   21.88
06:33:47 PM   27   32.98    0.00   43.62    0.00    0.00    0.00    0.00    0.00    0.00   23.40
06:33:47 PM   28   30.85    0.00   44.68    1.06    0.00    0.00    0.00    0.00    0.00   23.40
06:33:47 PM   29   31.18    0.00   44.09    1.08    0.00    0.00    0.00    0.00    0.00   23.66
06:33:47 PM   30   33.33    0.00   43.01    1.08    0.00    0.00    0.00    0.00    0.00   22.58
06:33:47 PM   31   35.48    0.00   40.86    1.08    0.00    0.00    0.00    0.00    0.00   22.58
06:33:47 PM   32   33.33    0.00   44.09    0.00    0.00    0.00    0.00    0.00    0.00   22.58
06:33:47 PM   33   31.58    0.00   44.21    0.00    0.00    0.00    0.00    0.00    0.00   24.21
06:33:47 PM   34   30.85    0.00   45.74    0.00    0.00    0.00    0.00    0.00    0.00   23.40
06:33:47 PM   35   32.26    0.00   44.09    0.00    0.00    0.00    0.00    0.00    0.00   23.66
06:33:47 PM   36   33.33    0.00   43.01    0.00    0.00    0.00    0.00    0.00    0.00   23.66
06:33:47 PM   37   30.85    0.00   46.81    0.00    0.00    0.00    0.00    0.00    0.00   22.34
06:33:47 PM   38   34.41    0.00   43.01    0.00    0.00    0.00    0.00    0.00    0.00   22.58
06:33:47 PM   39   31.52    0.00   44.57    1.09    0.00    0.00    0.00    0.00    0.00   22.83
06:33:47 PM   40   29.47    0.00   46.32    1.05    0.00    0.00    0.00    0.00    0.00   23.16
06:33:47 PM   41   31.91    0.00   43.62    1.06    0.00    0.00    0.00    0.00    0.00   23.40
06:33:47 PM   42   31.25    0.00   43.75    1.04    0.00    0.00    0.00    0.00    0.00   23.96
06:33:47 PM   43   29.35    0.00   45.65    1.09    0.00    0.00    0.00    0.00    0.00   23.91
06:33:47 PM   44   28.26    0.00   46.74    0.00    0.00    0.00    0.00    0.00    0.00   25.00
06:33:47 PM   45   32.26    0.00   43.01    0.00    0.00    0.00    0.00    0.00    0.00   24.73
06:33:47 PM   46   30.85    0.00   45.74    0.00    0.00    0.00    0.00    0.00    0.00   23.40
06:33:47 PM   47   34.04    0.00   40.43    1.06    0.00    0.00    0.00    0.00    0.00   24.47
06:33:47 PM   48   31.18    0.00   44.09    0.00    0.00    0.00    0.00    0.00    0.00   24.73
06:33:47 PM   49   27.66    0.00   46.81    1.06    0.00    0.00    0.00    0.00    0.00   24.47
06:33:47 PM   50   31.18    0.00   43.01    1.08    0.00    0.00    0.00    0.00    0.00   24.73
06:33:47 PM   51   30.85    0.00   44.68    0.00    0.00    0.00    0.00    0.00    0.00   24.47
06:33:47 PM   52   33.33    0.00   43.01    0.00    0.00    0.00    0.00    0.00    0.00   23.66
06:33:47 PM   53   30.85    0.00   44.68    0.00    0.00    0.00    0.00    0.00    0.00   24.47
06:33:47 PM   54   31.52    0.00   43.48    0.00    0.00    0.00    0.00    0.00    0.00   25.00
06:33:47 PM   55   27.66    0.00   47.87    0.00    0.00    0.00    0.00    0.00    0.00   24.47
06:33:47 PM   56   30.85    0.00   43.62    0.00    0.00    0.00    0.00    0.00    0.00   25.53
06:33:47 PM   57   28.57    0.00   47.25    0.00    0.00    0.00    0.00    0.00    0.00   24.18
06:33:47 PM   58   30.43    0.00   44.57    0.00    0.00    0.00    0.00    0.00    0.00   25.00
06:33:47 PM   59   30.43    0.00   45.65    0.00    0.00    0.00    0.00    0.00    0.00   23.91
06:33:47 PM   60   34.38    0.00   41.67    1.04    0.00    0.00    0.00    0.00    0.00   22.92
06:33:47 PM   61   32.61    0.00   44.57    0.00    0.00    0.00    0.00    0.00    0.00   22.83
06:33:47 PM   62   33.68    0.00   42.11    0.00    0.00    0.00    0.00    0.00    0.00   24.21
06:33:47 PM   63   30.85    0.00   44.68    1.06    0.00    0.00    0.00    0.00    0.00   23.40
06:33:47 PM   64   32.98    0.00   43.62    0.00    0.00    0.00    0.00    0.00    0.00   23.40
06:33:47 PM   65   34.04    0.00   43.62    0.00    0.00    0.00    0.00    0.00    0.00   22.34
06:33:47 PM   66   32.61    0.00   44.57    0.00    0.00    0.00    0.00    0.00    0.00   22.83
06:33:47 PM   67   30.85    0.00   45.74    1.06    0.00    0.00    0.00    0.00    0.00   22.34
06:33:47 PM   68   30.11    0.00   46.24    0.00    0.00    0.00    0.00    0.00    0.00   23.66
06:33:47 PM   69   32.26    0.00   44.09    0.00    0.00    0.00    0.00    0.00    0.00   23.66
06:33:47 PM   70   29.79    0.00   46.81    0.00    0.00    0.00    0.00    0.00    0.00   23.40
06:33:47 PM   71   33.33    0.00   43.01    1.08    0.00    0.00    0.00    0.00    0.00   22.58
06:33:47 PM   72   33.33    0.00   41.94    0.00    0.00    0.00    0.00    0.00    0.00   24.73
06:33:47 PM   73   32.26    0.00   44.09    0.00    0.00    0.00    0.00    0.00    0.00   23.66
06:33:47 PM   74   31.18    0.00   45.16    0.00    0.00    0.00    0.00    0.00    0.00   23.66
06:33:47 PM   75   28.72    0.00   47.87    0.00    0.00    0.00    0.00    0.00    0.00   23.40
06:33:47 PM   76   38.04    0.00   40.22    1.09    0.00    0.00    0.00    0.00    0.00   20.65
06:33:47 PM   77   31.18    0.00   44.09    1.08    0.00    0.00    0.00    0.00    0.00   23.66
06:33:47 PM   78   30.85    0.00   43.62    1.06    0.00    0.00    0.00    0.00    0.00   24.47
06:33:47 PM   79   32.29    0.00   44.79    0.00    0.00    0.00    0.00    0.00    0.00   22.92

06:33:56 PM  CPU    %usr   %nice    %sys %iowait    %irq   %soft  %steal  %guest  %gnice   %idle
06:33:57 PM  all   29.91    0.00   44.15    0.64    0.00    0.00    0.00    0.00    0.00   25.30
06:33:57 PM    0   30.85    0.00   42.55    1.06    0.00    0.00    0.00    0.00    0.00   25.53
06:33:57 PM    1   28.42    0.00   45.26    1.05    0.00    0.00    0.00    0.00    0.00   25.26
06:33:57 PM    2   29.90    0.00   43.30    1.03    0.00    0.00    0.00    0.00    0.00   25.77
06:33:57 PM    3   29.47    0.00   44.21    1.05    0.00    0.00    0.00    0.00    0.00   25.26
06:33:57 PM    4   27.08    0.00   45.83    1.04    0.00    0.00    0.00    0.00    0.00   26.04
06:33:57 PM    5   30.21    0.00   43.75    1.04    0.00    0.00    0.00    0.00    0.00   25.00
06:33:57 PM    6   28.42    0.00   45.26    0.00    0.00    0.00    0.00    0.00    0.00   26.32
06:33:57 PM    7   29.47    0.00   44.21    1.05    0.00    0.00    0.00    0.00    0.00   25.26
06:33:57 PM    8   27.96    0.00   46.24    0.00    0.00    0.00    0.00    0.00    0.00   25.81
06:33:57 PM    9   30.11    0.00   43.01    0.00    0.00    0.00    0.00    0.00    0.00   26.88
06:33:57 PM   10   29.79    0.00   43.62    0.00    0.00    0.00    0.00    0.00    0.00   26.60
06:33:57 PM   11   29.17    0.00   44.79    1.04    0.00    0.00    0.00    0.00    0.00   25.00
06:33:57 PM   12   28.72    0.00   45.74    0.00    0.00    0.00    0.00    0.00    0.00   25.53
06:33:57 PM   13   28.42    0.00   45.26    0.00    0.00    0.00    0.00    0.00    0.00   26.32
06:33:57 PM   14   31.25    0.00   44.79    0.00    0.00    0.00    0.00    0.00    0.00   23.96
06:33:57 PM   15   29.17    0.00   44.79    0.00    0.00    0.00    0.00    0.00    0.00   26.04
06:33:57 PM   16   29.90    0.00   44.33    1.03    0.00    0.00    0.00    0.00    0.00   24.74
06:33:57 PM   17   28.72    0.00   45.74    0.00    0.00    0.00    0.00    0.00    0.00   25.53
06:33:57 PM   18   28.72    0.00   44.68    1.06    0.00    0.00    0.00    0.00    0.00   25.53
06:33:57 PM   19   31.63    0.00   41.84    1.02    0.00    0.00    0.00    0.00    0.00   25.51
06:33:57 PM   20   31.58    0.00   43.16    1.05    0.00    0.00    0.00    0.00    0.00   24.21
06:33:57 PM   21   29.17    0.00   43.75    1.04    0.00    0.00    0.00    0.00    0.00   26.04
06:33:57 PM   22   30.21    0.00   43.75    0.00    0.00    0.00    0.00    0.00    0.00   26.04
06:33:57 PM   23   31.25    0.00   42.71    1.04    0.00    0.00    0.00    0.00    0.00   25.00
06:33:57 PM   24   30.21    0.00   44.79    1.04    0.00    0.00    0.00    0.00    0.00   23.96
06:33:57 PM   25   28.87    0.00   45.36    1.03    0.00    0.00    0.00    0.00    0.00   24.74
06:33:57 PM   26   30.85    0.00   42.55    0.00    0.00    0.00    0.00    0.00    0.00   26.60
06:33:57 PM   27   29.79    0.00   44.68    0.00    0.00    0.00    0.00    0.00    0.00   25.53
06:33:57 PM   28   31.25    0.00   41.67    1.04    0.00    0.00    0.00    0.00    0.00   26.04
06:33:57 PM   29   30.53    0.00   44.21    0.00    0.00    0.00    0.00    0.00    0.00   25.26
06:33:57 PM   30   29.47    0.00   45.26    0.00    0.00    0.00    0.00    0.00    0.00   25.26
06:33:57 PM   31   29.47    0.00   44.21    1.05    0.00    0.00    0.00    0.00    0.00   25.26
06:33:57 PM   32   29.17    0.00   44.79    2.08    0.00    0.00    0.00    0.00    0.00   23.96
06:33:57 PM   33   32.98    0.00   41.49    0.00    0.00    0.00    0.00    0.00    0.00   25.53
06:33:57 PM   34   29.90    0.00   44.33    1.03    0.00    0.00    0.00    0.00    0.00   24.74
06:33:57 PM   35   28.12    0.00   45.83    1.04    0.00    0.00    0.00    0.00    0.00   25.00
06:33:57 PM   36   34.38    0.00   40.62    0.00    0.00    0.00    0.00    0.00    0.00   25.00
06:33:57 PM   37   32.65    0.00   40.82    1.02    0.00    0.00    0.00    0.00    0.00   25.51
06:33:57 PM   38   29.79    0.00   44.68    0.00    0.00    0.00    0.00    0.00    0.00   25.53
06:33:57 PM   39   30.21    0.00   44.79    1.04    0.00    0.00    0.00    0.00    0.00   23.96
06:33:57 PM   40   30.21    0.00   44.79    0.00    0.00    0.00    0.00    0.00    0.00   25.00
06:33:57 PM   41   27.84    0.00   45.36    1.03    0.00    0.00    0.00    0.00    0.00   25.77
06:33:57 PM   42   30.21    0.00   42.71    1.04    0.00    0.00    0.00    0.00    0.00   26.04
06:33:57 PM   43   29.17    0.00   44.79    1.04    0.00    0.00    0.00    0.00    0.00   25.00
06:33:57 PM   44   28.42    0.00   45.26    1.05    0.00    0.00    0.00    0.00    0.00   25.26
06:33:57 PM   45   28.72    0.00   43.62    1.06    0.00    0.00    0.00    0.00    0.00   26.60
06:33:57 PM   46   29.17    0.00   44.79    1.04    0.00    0.00    0.00    0.00    0.00   25.00
06:33:57 PM   47   29.47    0.00   44.21    0.00    0.00    0.00    0.00    0.00    0.00   26.32
06:33:57 PM   48   27.55    0.00   45.92    1.02    0.00    0.00    0.00    0.00    0.00   25.51
06:33:57 PM   49   31.25    0.00   42.71    1.04    0.00    0.00    0.00    0.00    0.00   25.00
06:33:57 PM   50   29.47    0.00   44.21    1.05    0.00    0.00    0.00    0.00    0.00   25.26
06:33:57 PM   51   30.21    0.00   44.79    0.00    0.00    0.00    0.00    0.00    0.00   25.00
06:33:57 PM   52   30.21    0.00   43.75    0.00    0.00    0.00    0.00    0.00    0.00   26.04
06:33:57 PM   53   28.87    0.00   44.33    1.03    0.00    0.00    0.00    0.00    0.00   25.77
06:33:57 PM   54   29.90    0.00   43.30    1.03    0.00    0.00    0.00    0.00    0.00   25.77
06:33:57 PM   55   28.12    0.00   46.88    1.04    0.00    0.00    0.00    0.00    0.00   23.96
06:33:57 PM   56   31.58    0.00   42.11    1.05    0.00    0.00    0.00    0.00    0.00   25.26
06:33:57 PM   57   30.53    0.00   44.21    0.00    0.00    0.00    0.00    0.00    0.00   25.26
06:33:57 PM   58   30.21    0.00   44.79    0.00    0.00    0.00    0.00    0.00    0.00   25.00
06:33:57 PM   59   29.59    0.00   43.88    1.02    0.00    0.00    0.00    0.00    0.00   25.51
06:33:57 PM   60   31.58    0.00   43.16    0.00    0.00    0.00    0.00    0.00    0.00   25.26
06:33:57 PM   61   28.42    0.00   46.32    1.05    0.00    0.00    0.00    0.00    0.00   24.21
06:33:57 PM   62   29.03    0.00   45.16    1.08    0.00    0.00    0.00    0.00    0.00   24.73
06:33:57 PM   63   31.18    0.00   43.01    1.08    0.00    0.00    0.00    0.00    0.00   24.73
06:33:57 PM   64   28.42    0.00   45.26    1.05    0.00    0.00    0.00    0.00    0.00   25.26
06:33:57 PM   65   28.57    0.00   45.05    1.10    0.00    0.00    0.00    0.00    0.00   25.27
06:33:57 PM   66   32.63    0.00   42.11    0.00    0.00    0.00    0.00    0.00    0.00   25.26
06:33:57 PM   67   30.21    0.00   43.75    1.04    0.00    0.00    0.00    0.00    0.00   25.00
06:33:57 PM   68   32.98    0.00   41.49    0.00    0.00    0.00    0.00    0.00    0.00   25.53
06:33:57 PM   69   30.53    0.00   44.21    1.05    0.00    0.00    0.00    0.00    0.00   24.21
06:33:57 PM   70   28.26    0.00   45.65    1.09    0.00    0.00    0.00    0.00    0.00   25.00
06:33:57 PM   71   30.53    0.00   45.26    1.05    0.00    0.00    0.00    0.00    0.00   23.16
06:33:57 PM   72   29.79    0.00   44.68    0.00    0.00    0.00    0.00    0.00    0.00   25.53
06:33:57 PM   73   30.85    0.00   43.62    0.00    0.00    0.00    0.00    0.00    0.00   25.53
06:33:57 PM   74   28.72    0.00   45.74    1.06    0.00    0.00    0.00    0.00    0.00   24.47
06:33:57 PM   75   31.25    0.00   42.71    0.00    0.00    0.00    0.00    0.00    0.00   26.04
06:33:57 PM   76   30.53    0.00   44.21    0.00    0.00    0.00    0.00    0.00    0.00   25.26
06:33:57 PM   77   30.53    0.00   43.16    0.00    0.00    0.00    0.00    0.00    0.00   26.32
06:33:57 PM   78   31.25    0.00   43.75    0.00    0.00    0.00    0.00    0.00    0.00   25.00
06:33:57 PM   79   29.59    0.00   44.90    1.02    0.00    0.00    0.00    0.00    0.00   24.49

06:34:06 PM  CPU    %usr   %nice    %sys %iowait    %irq   %soft  %steal  %guest  %gnice   %idle
06:34:07 PM  all   30.45    0.00   41.69    0.92    0.00    0.00    0.00    0.00    0.00   26.94
06:34:07 PM    0   28.72    0.00   43.62    1.06    0.00    0.00    0.00    0.00    0.00   26.60
06:34:07 PM    1   29.47    0.00   42.11    1.05    0.00    0.00    0.00    0.00    0.00   27.37
06:34:07 PM    2   27.66    0.00   42.55    2.13    0.00    0.00    0.00    0.00    0.00   27.66
06:34:07 PM    3   29.79    0.00   42.55    1.06    0.00    0.00    0.00    0.00    0.00   26.60
06:34:07 PM    4   29.59    0.00   42.86    0.00    0.00    0.00    0.00    0.00    0.00   27.55
06:34:07 PM    5   34.38    0.00   38.54    1.04    0.00    0.00    0.00    0.00    0.00   26.04
06:34:07 PM    6   29.67    0.00   41.76    1.10    0.00    0.00    0.00    0.00    0.00   27.47
06:34:07 PM    7   28.12    0.00   43.75    1.04    0.00    0.00    0.00    0.00    0.00   27.08
06:34:07 PM    8   30.21    0.00   40.62    1.04    0.00    0.00    0.00    0.00    0.00   28.12
06:34:07 PM    9   29.47    0.00   41.05    1.05    0.00    0.00    0.00    0.00    0.00   28.42
06:34:07 PM   10   30.11    0.00   41.94    1.08    0.00    0.00    0.00    0.00    0.00   26.88
06:34:07 PM   11   31.91    0.00   40.43    1.06    0.00    0.00    0.00    0.00    0.00   26.60
06:34:07 PM   12   31.58    0.00   40.00    0.00    0.00    0.00    0.00    0.00    0.00   28.42
06:34:07 PM   13   30.93    0.00   42.27    1.03    0.00    0.00    0.00    0.00    0.00   25.77
06:34:07 PM   14   30.61    0.00   41.84    0.00    0.00    0.00    0.00    0.00    0.00   27.55
06:34:07 PM   15   29.90    0.00   40.21    1.03    0.00    0.00    0.00    0.00    0.00   28.87
06:34:07 PM   16   32.99    0.00   39.18    1.03    0.00    0.00    0.00    0.00    0.00   26.80
06:34:07 PM   17   31.25    0.00   40.62    1.04    0.00    0.00    0.00    0.00    0.00   27.08
06:34:07 PM   18   30.93    0.00   41.24    0.00    0.00    0.00    0.00    0.00    0.00   27.84
06:34:07 PM   19   31.58    0.00   38.95    1.05    0.00    0.00    0.00    0.00    0.00   28.42
06:34:07 PM   20   29.79    0.00   44.68    1.06    0.00    0.00    0.00    0.00    0.00   24.47
06:34:07 PM   21   31.58    0.00   42.11    1.05    0.00    0.00    0.00    0.00    0.00   25.26
06:34:07 PM   22   29.47    0.00   44.21    1.05    0.00    0.00    0.00    0.00    0.00   25.26
06:34:07 PM   23   29.59    0.00   42.86    1.02    0.00    0.00    0.00    0.00    0.00   26.53
06:34:07 PM   24   31.58    0.00   40.00    1.05    0.00    0.00    0.00    0.00    0.00   27.37
06:34:07 PM   25   28.12    0.00   43.75    1.04    0.00    0.00    0.00    0.00    0.00   27.08
06:34:07 PM   26   30.53    0.00   41.05    0.00    0.00    0.00    0.00    0.00    0.00   28.42
06:34:07 PM   27   29.79    0.00   43.62    0.00    0.00    0.00    0.00    0.00    0.00   26.60
06:34:07 PM   28   30.93    0.00   40.21    2.06    0.00    0.00    0.00    0.00    0.00   26.80
06:34:07 PM   29   32.26    0.00   40.86    0.00    0.00    0.00    0.00    0.00    0.00   26.88
06:34:07 PM   30   31.25    0.00   41.67    1.04    0.00    0.00    0.00    0.00    0.00   26.04
06:34:07 PM   31   29.47    0.00   43.16    1.05    0.00    0.00    0.00    0.00    0.00   26.32
06:34:07 PM   32   31.63    0.00   40.82    2.04    0.00    0.00    0.00    0.00    0.00   25.51
06:34:07 PM   33   30.85    0.00   41.49    1.06    0.00    0.00    0.00    0.00    0.00   26.60
06:34:07 PM   34   30.93    0.00   41.24    1.03    0.00    0.00    0.00    0.00    0.00   26.80
06:34:07 PM   35   30.21    0.00   41.67    1.04    0.00    0.00    0.00    0.00    0.00   27.08
06:34:07 PM   36   30.93    0.00   40.21    1.03    0.00    0.00    0.00    0.00    0.00   27.84
06:34:07 PM   37   32.63    0.00   40.00    1.05    0.00    0.00    0.00    0.00    0.00   26.32
06:34:07 PM   38   29.79    0.00   42.55    1.06    0.00    0.00    0.00    0.00    0.00   26.60
06:34:07 PM   39   31.25    0.00   41.67    1.04    0.00    0.00    0.00    0.00    0.00   26.04
06:34:07 PM   40   30.85    0.00   40.43    1.06    0.00    0.00    0.00    0.00    0.00   27.66
06:34:07 PM   41   27.37    0.00   43.16    1.05    0.00    0.00    0.00    0.00    0.00   28.42
06:34:07 PM   42   30.21    0.00   40.62    1.04    0.00    0.00    0.00    0.00    0.00   28.12
06:34:07 PM   43   28.42    0.00   43.16    1.05    0.00    0.00    0.00    0.00    0.00   27.37
06:34:07 PM   44   33.33    0.00   38.54    1.04    0.00    0.00    0.00    0.00    0.00   27.08
06:34:07 PM   45   29.47    0.00   43.16    1.05    0.00    0.00    0.00    0.00    0.00   26.32
06:34:07 PM   46   28.12    0.00   43.75    1.04    0.00    0.00    0.00    0.00    0.00   27.08
06:34:07 PM   47   28.72    0.00   42.55    1.06    0.00    0.00    0.00    0.00    0.00   27.66
06:34:07 PM   48   29.47    0.00   42.11    2.11    0.00    0.00    0.00    0.00    0.00   26.32
06:34:07 PM   49   30.53    0.00   41.05    1.05    0.00    0.00    0.00    0.00    0.00   27.37
06:34:07 PM   50   30.93    0.00   41.24    1.03    0.00    0.00    0.00    0.00    0.00   26.80
06:34:07 PM   51   29.47    0.00   43.16    1.05    0.00    0.00    0.00    0.00    0.00   26.32
06:34:07 PM   52   29.17    0.00   42.71    1.04    0.00    0.00    0.00    0.00    0.00   27.08
06:34:07 PM   53   30.21    0.00   41.67    1.04    0.00    0.00    0.00    0.00    0.00   27.08
06:34:07 PM   54   30.53    0.00   42.11    0.00    0.00    0.00    0.00    0.00    0.00   27.37
06:34:07 PM   55   31.18    0.00   40.86    0.00    0.00    0.00    0.00    0.00    0.00   27.96
06:34:07 PM   56   32.26    0.00   39.78    0.00    0.00    0.00    0.00    0.00    0.00   27.96
06:34:07 PM   57   31.58    0.00   40.00    1.05    0.00    0.00    0.00    0.00    0.00   27.37
06:34:07 PM   58   32.29    0.00   40.62    1.04    0.00    0.00    0.00    0.00    0.00   26.04
06:34:07 PM   59   27.37    0.00   44.21    2.11    0.00    0.00    0.00    0.00    0.00   26.32
06:34:07 PM   60   31.58    0.00   41.05    1.05    0.00    0.00    0.00    0.00    0.00   26.32
06:34:07 PM   61   28.12    0.00   44.79    1.04    0.00    0.00    0.00    0.00    0.00   26.04
06:34:07 PM   62   30.53    0.00   43.16    0.00    0.00    0.00    0.00    0.00    0.00   26.32
06:34:07 PM   63   32.63    0.00   37.89    1.05    0.00    0.00    0.00    0.00    0.00   28.42
06:34:07 PM   64   32.29    0.00   39.58    1.04    0.00    0.00    0.00    0.00    0.00   27.08
06:34:07 PM   65   28.12    0.00   44.79    1.04    0.00    0.00    0.00    0.00    0.00   26.04
06:34:07 PM   66   31.25    0.00   40.62    1.04    0.00    0.00    0.00    0.00    0.00   27.08
06:34:07 PM   67   30.21    0.00   42.71    0.00    0.00    0.00    0.00    0.00    0.00   27.08
06:34:07 PM   68   30.21    0.00   41.67    1.04    0.00    0.00    0.00    0.00    0.00   27.08
06:34:07 PM   69   30.53    0.00   42.11    0.00    0.00    0.00    0.00    0.00    0.00   27.37
06:34:07 PM   70   28.42    0.00   44.21    1.05    0.00    0.00    0.00    0.00    0.00   26.32
06:34:07 PM   71   31.58    0.00   42.11    1.05    0.00    0.00    0.00    0.00    0.00   25.26
06:34:07 PM   72   31.91    0.00   40.43    0.00    0.00    0.00    0.00    0.00    0.00   27.66
06:34:07 PM   73   28.42    0.00   44.21    1.05    0.00    0.00    0.00    0.00    0.00   26.32
06:34:07 PM   74   29.17    0.00   43.75    1.04    0.00    0.00    0.00    0.00    0.00   26.04
06:34:07 PM   75   31.63    0.00   39.80    1.02    0.00    0.00    0.00    0.00    0.00   27.55
06:34:07 PM   76   32.99    0.00   40.21    2.06    0.00    0.00    0.00    0.00    0.00   24.74
06:34:07 PM   77   29.90    0.00   43.30    1.03    0.00    0.00    0.00    0.00    0.00   25.77
06:34:07 PM   78   32.61    0.00   39.13    0.00    0.00    0.00    0.00    0.00    0.00   28.26
06:34:07 PM   79   31.25    0.00   40.62    0.00    0.00    0.00    0.00    0.00    0.00   28.12

06:34:16 PM  CPU    %usr   %nice    %sys %iowait    %irq   %soft  %steal  %guest  %gnice   %idle
06:34:17 PM  all   32.96    0.00   44.56    0.20    0.00    0.01    0.00    0.00    0.00   22.27
06:34:17 PM    0   31.52    0.00   46.74    0.00    0.00    0.00    0.00    0.00    0.00   21.74
06:34:17 PM    1   34.07    0.00   42.86    0.00    0.00    0.00    0.00    0.00    0.00   23.08
06:34:17 PM    2   31.52    0.00   45.65    0.00    0.00    0.00    0.00    0.00    0.00   22.83
06:34:17 PM    3   32.61    0.00   45.65    0.00    0.00    0.00    0.00    0.00    0.00   21.74
06:34:17 PM    4   32.26    0.00   45.16    0.00    0.00    0.00    0.00    0.00    0.00   22.58
06:34:17 PM    5   32.98    0.00   43.62    1.06    0.00    0.00    0.00    0.00    0.00   22.34
06:34:17 PM    6   31.58    0.00   45.26    1.05    0.00    0.00    0.00    0.00    0.00   22.11
06:34:17 PM    7   34.04    0.00   44.68    0.00    0.00    0.00    0.00    0.00    0.00   21.28
06:34:17 PM    8   34.41    0.00   44.09    0.00    0.00    0.00    0.00    0.00    0.00   21.51
06:34:17 PM    9   34.04    0.00   43.62    0.00    0.00    0.00    0.00    0.00    0.00   22.34
06:34:17 PM   10   32.26    0.00   45.16    1.08    0.00    0.00    0.00    0.00    0.00   21.51
06:34:17 PM   11   33.70    0.00   44.57    0.00    0.00    0.00    0.00    0.00    0.00   21.74
06:34:17 PM   12   32.26    0.00   45.16    0.00    0.00    0.00    0.00    0.00    0.00   22.58
06:34:17 PM   13   34.07    0.00   43.96    0.00    0.00    0.00    0.00    0.00    0.00   21.98
06:34:17 PM   14   34.04    0.00   43.62    0.00    0.00    0.00    0.00    0.00    0.00   22.34
06:34:17 PM   15   30.43    0.00   47.83    0.00    0.00    0.00    0.00    0.00    0.00   21.74
06:34:17 PM   16   32.61    0.00   44.57    0.00    0.00    0.00    0.00    0.00    0.00   22.83
06:34:17 PM   17   33.70    0.00   43.48    0.00    0.00    0.00    0.00    0.00    0.00   22.83
06:34:17 PM   18   32.61    0.00   44.57    0.00    0.00    0.00    0.00    0.00    0.00   22.83
06:34:17 PM   19   31.87    0.00   46.15    0.00    0.00    0.00    0.00    0.00    0.00   21.98
06:34:17 PM   20   35.56    0.00   42.22    0.00    0.00    0.00    0.00    0.00    0.00   22.22
06:34:17 PM   21   31.87    0.00   43.96    1.10    0.00    0.00    0.00    0.00    0.00   23.08
06:34:17 PM   22   36.56    0.00   41.94    0.00    0.00    0.00    0.00    0.00    0.00   21.51
06:34:17 PM   23   32.98    0.00   44.68    0.00    0.00    0.00    0.00    0.00    0.00   22.34
06:34:17 PM   24   32.98    0.00   44.68    0.00    0.00    0.00    0.00    0.00    0.00   22.34
06:34:17 PM   25   31.91    0.00   45.74    0.00    0.00    0.00    0.00    0.00    0.00   22.34
06:34:17 PM   26   33.33    0.00   44.09    0.00    0.00    0.00    0.00    0.00    0.00   22.58
06:34:17 PM   27   32.98    0.00   43.62    1.06    0.00    0.00    0.00    0.00    0.00   22.34
06:34:17 PM   28   32.61    0.00   44.57    0.00    0.00    0.00    0.00    0.00    0.00   22.83
06:34:17 PM   29   33.70    0.00   44.57    0.00    0.00    0.00    0.00    0.00    0.00   21.74
06:34:17 PM   30   35.48    0.00   41.94    0.00    0.00    0.00    0.00    0.00    0.00   22.58
06:34:17 PM   31   31.58    0.00   46.32    0.00    0.00    0.00    0.00    0.00    0.00   22.11
06:34:17 PM   32   31.18    0.00   47.31    0.00    0.00    0.00    0.00    0.00    0.00   21.51
06:34:17 PM   33   34.07    0.00   42.86    0.00    0.00    0.00    0.00    0.00    0.00   23.08
06:34:17 PM   34   31.87    0.00   46.15    0.00    0.00    0.00    0.00    0.00    0.00   21.98
06:34:17 PM   35   32.99    0.00   44.33    1.03    0.00    0.00    0.00    0.00    0.00   21.65
06:34:17 PM   36   35.11    0.00   42.55    0.00    0.00    0.00    0.00    0.00    0.00   22.34
06:34:17 PM   37   34.74    0.00   42.11    1.05    0.00    0.00    0.00    0.00    0.00   22.11
06:34:17 PM   38   32.26    0.00   45.16    0.00    0.00    0.00    0.00    0.00    0.00   22.58
06:34:17 PM   39   32.26    0.00   45.16    0.00    0.00    0.00    0.00    0.00    0.00   22.58
06:34:17 PM   40   31.52    0.00   45.65    0.00    0.00    0.00    0.00    0.00    0.00   22.83
06:34:17 PM   41   32.98    0.00   44.68    0.00    0.00    0.00    0.00    0.00    0.00   22.34
06:34:17 PM   42   30.85    0.00   46.81    0.00    0.00    0.00    0.00    0.00    0.00   22.34
06:34:17 PM   43   32.61    0.00   44.57    0.00    0.00    0.00    0.00    0.00    0.00   22.83
06:34:17 PM   44   33.33    0.00   43.75    1.04    0.00    0.00    0.00    0.00    0.00   21.88
06:34:17 PM   45   33.33    0.00   45.16    0.00    0.00    0.00    0.00    0.00    0.00   21.51
06:34:17 PM   46   33.68    0.00   44.21    0.00    0.00    0.00    0.00    0.00    0.00   22.11
06:34:17 PM   47   32.63    0.00   45.26    0.00    0.00    0.00    0.00    0.00    0.00   22.11
06:34:17 PM   48   31.18    0.00   46.24    0.00    0.00    0.00    0.00    0.00    0.00   22.58
06:34:17 PM   49   31.52    0.00   45.65    0.00    0.00    0.00    0.00    0.00    0.00   22.83
06:34:17 PM   50   34.41    0.00   43.01    0.00    0.00    0.00    0.00    0.00    0.00   22.58
06:34:17 PM   51   34.41    0.00   43.01    0.00    0.00    0.00    0.00    0.00    0.00   22.58
06:34:17 PM   52   33.68    0.00   44.21    0.00    0.00    0.00    0.00    0.00    0.00   22.11
06:34:17 PM   53   34.41    0.00   43.01    0.00    0.00    0.00    0.00    0.00    0.00   22.58
06:34:17 PM   54   33.70    0.00   44.57    0.00    0.00    0.00    0.00    0.00    0.00   21.74
06:34:17 PM   55   32.26    0.00   46.24    0.00    0.00    0.00    0.00    0.00    0.00   21.51
06:34:17 PM   56   31.58    0.00   45.26    1.05    0.00    1.05    0.00    0.00    0.00   21.05
06:34:17 PM   57   30.77    0.00   46.15    0.00    0.00    0.00    0.00    0.00    0.00   23.08
06:34:17 PM   58   31.91    0.00   45.74    0.00    0.00    0.00    0.00    0.00    0.00   22.34
06:34:17 PM   59   34.04    0.00   42.55    1.06    0.00    0.00    0.00    0.00    0.00   22.34
06:34:17 PM   60   30.93    0.00   45.36    1.03    0.00    0.00    0.00    0.00    0.00   22.68
06:34:17 PM   61   31.87    0.00   46.15    0.00    0.00    0.00    0.00    0.00    0.00   21.98
06:34:17 PM   62   32.61    0.00   44.57    0.00    0.00    0.00    0.00    0.00    0.00   22.83
06:34:17 PM   63   34.41    0.00   43.01    0.00    0.00    0.00    0.00    0.00    0.00   22.58
06:34:17 PM   64   35.11    0.00   42.55    0.00    0.00    0.00    0.00    0.00    0.00   22.34
06:34:17 PM   65   34.04    0.00   43.62    0.00    0.00    0.00    0.00    0.00    0.00   22.34
06:34:17 PM   66   32.26    0.00   45.16    0.00    0.00    0.00    0.00    0.00    0.00   22.58
06:34:17 PM   67   32.26    0.00   45.16    0.00    0.00    0.00    0.00    0.00    0.00   22.58
06:34:17 PM   68   34.04    0.00   43.62    0.00    0.00    0.00    0.00    0.00    0.00   22.34
06:34:17 PM   69   33.33    0.00   44.09    0.00    0.00    0.00    0.00    0.00    0.00   22.58
06:34:17 PM   70   30.85    0.00   46.81    0.00    0.00    0.00    0.00    0.00    0.00   22.34
06:34:17 PM   71   34.04    0.00   43.62    0.00    0.00    0.00    0.00    0.00    0.00   22.34
06:34:17 PM   72   31.91    0.00   44.68    1.06    0.00    0.00    0.00    0.00    0.00   22.34
06:34:17 PM   73   34.38    0.00   43.75    0.00    0.00    0.00    0.00    0.00    0.00   21.88
06:34:17 PM   74   34.41    0.00   44.09    0.00    0.00    0.00    0.00    0.00    0.00   21.51
06:34:17 PM   75   32.98    0.00   44.68    0.00    0.00    0.00    0.00    0.00    0.00   22.34
06:34:17 PM   76   32.98    0.00   43.62    1.06    0.00    0.00    0.00    0.00    0.00   22.34
06:34:17 PM   77   33.70    0.00   43.48    0.00    0.00    0.00    0.00    0.00    0.00   22.83
06:34:17 PM   78   30.11    0.00   46.24    1.08    0.00    0.00    0.00    0.00    0.00   22.58
06:34:17 PM   79   32.98    0.00   44.68    1.06    0.00    0.00    0.00    0.00    0.00   21.28

06:34:26 PM  CPU    %usr   %nice    %sys %iowait    %irq   %soft  %steal  %guest  %gnice   %idle
06:34:27 PM  all   34.75    0.00   40.70    0.43    0.00    0.00    0.00    0.00    0.00   24.13
06:34:27 PM    0   35.11    0.00   40.43    1.06    0.00    0.00    0.00    0.00    0.00   23.40
06:34:27 PM    1   32.29    0.00   41.67    1.04    0.00    0.00    0.00    0.00    0.00   25.00
06:34:27 PM    2   35.48    0.00   39.78    1.08    0.00    0.00    0.00    0.00    0.00   23.66
06:34:27 PM    3   32.98    0.00   42.55    0.00    0.00    0.00    0.00    0.00    0.00   24.47
06:34:27 PM    4   33.33    0.00   43.01    0.00    0.00    0.00    0.00    0.00    0.00   23.66
06:34:27 PM    5   35.48    0.00   39.78    0.00    0.00    0.00    0.00    0.00    0.00   24.73
06:34:27 PM    6   34.38    0.00   40.62    1.04    0.00    0.00    0.00    0.00    0.00   23.96
06:34:27 PM    7   32.63    0.00   43.16    0.00    0.00    0.00    0.00    0.00    0.00   24.21
06:34:27 PM    8   33.68    0.00   42.11    1.05    0.00    0.00    0.00    0.00    0.00   23.16
06:34:27 PM    9   34.04    0.00   40.43    1.06    0.00    0.00    0.00    0.00    0.00   24.47
06:34:27 PM   10   36.56    0.00   38.71    0.00    0.00    0.00    0.00    0.00    0.00   24.73
06:34:27 PM   11   33.33    0.00   41.94    0.00    0.00    0.00    0.00    0.00    0.00   24.73
06:34:27 PM   12   36.17    0.00   40.43    0.00    0.00    0.00    0.00    0.00    0.00   23.40
06:34:27 PM   13   33.70    0.00   41.30    0.00    0.00    0.00    0.00    0.00    0.00   25.00
06:34:27 PM   14   35.05    0.00   40.21    1.03    0.00    0.00    0.00    0.00    0.00   23.71
06:34:27 PM   15   34.41    0.00   41.94    0.00    0.00    0.00    0.00    0.00    0.00   23.66
06:34:27 PM   16   36.17    0.00   40.43    0.00    0.00    0.00    0.00    0.00    0.00   23.40
06:34:27 PM   17   35.48    0.00   40.86    0.00    0.00    0.00    0.00    0.00    0.00   23.66
06:34:27 PM   18   35.48    0.00   40.86    0.00    0.00    0.00    0.00    0.00    0.00   23.66
06:34:27 PM   19   34.78    0.00   39.13    1.09    0.00    0.00    0.00    0.00    0.00   25.00
06:34:27 PM   20   35.11    0.00   40.43    0.00    0.00    0.00    0.00    0.00    0.00   24.47
06:34:27 PM   21   34.04    0.00   41.49    1.06    0.00    0.00    0.00    0.00    0.00   23.40
06:34:27 PM   22   34.41    0.00   40.86    1.08    0.00    0.00    0.00    0.00    0.00   23.66
06:34:27 PM   23   34.38    0.00   41.67    0.00    0.00    0.00    0.00    0.00    0.00   23.96
06:34:27 PM   24   35.05    0.00   40.21    1.03    0.00    0.00    0.00    0.00    0.00   23.71
06:34:27 PM   25   33.33    0.00   40.86    0.00    0.00    0.00    0.00    0.00    0.00   25.81
06:34:27 PM   26   34.74    0.00   42.11    0.00    0.00    0.00    0.00    0.00    0.00   23.16
06:34:27 PM   27   34.41    0.00   39.78    1.08    0.00    0.00    0.00    0.00    0.00   24.73
06:34:27 PM   28   35.48    0.00   39.78    0.00    0.00    0.00    0.00    0.00    0.00   24.73
06:34:27 PM   29   34.74    0.00   40.00    1.05    0.00    0.00    0.00    0.00    0.00   24.21
06:34:27 PM   30   35.79    0.00   40.00    1.05    0.00    0.00    0.00    0.00    0.00   23.16
06:34:27 PM   31   35.42    0.00   40.62    0.00    0.00    0.00    0.00    0.00    0.00   23.96
06:34:27 PM   32   33.70    0.00   42.39    1.09    0.00    0.00    0.00    0.00    0.00   22.83
06:34:27 PM   33   34.41    0.00   40.86    0.00    0.00    0.00    0.00    0.00    0.00   24.73
06:34:27 PM   34   34.74    0.00   41.05    0.00    0.00    0.00    0.00    0.00    0.00   24.21
06:34:27 PM   35   36.17    0.00   39.36    0.00    0.00    0.00    0.00    0.00    0.00   24.47
06:34:27 PM   36   33.33    0.00   42.71    0.00    0.00    0.00    0.00    0.00    0.00   23.96
06:34:27 PM   37   37.23    0.00   39.36    0.00    0.00    0.00    0.00    0.00    0.00   23.40
06:34:27 PM   38   34.04    0.00   42.55    0.00    0.00    0.00    0.00    0.00    0.00   23.40
06:34:27 PM   39   37.50    0.00   38.54    0.00    0.00    0.00    0.00    0.00    0.00   23.96
06:34:27 PM   40   34.41    0.00   40.86    0.00    0.00    0.00    0.00    0.00    0.00   24.73
06:34:27 PM   41   31.91    0.00   43.62    1.06    0.00    0.00    0.00    0.00    0.00   23.40
06:34:27 PM   42   34.38    0.00   40.62    1.04    0.00    0.00    0.00    0.00    0.00   23.96
06:34:27 PM   43   32.26    0.00   43.01    0.00    0.00    0.00    0.00    0.00    0.00   24.73
06:34:27 PM   44   34.74    0.00   41.05    0.00    0.00    0.00    0.00    0.00    0.00   24.21
06:34:27 PM   45   33.33    0.00   41.67    1.04    0.00    0.00    0.00    0.00    0.00   23.96
06:34:27 PM   46   34.41    0.00   40.86    0.00    0.00    0.00    0.00    0.00    0.00   24.73
06:34:27 PM   47   31.91    0.00   43.62    0.00    0.00    0.00    0.00    0.00    0.00   24.47
06:34:27 PM   48   35.11    0.00   40.43    1.06    0.00    0.00    0.00    0.00    0.00   23.40
06:34:27 PM   49   34.04    0.00   41.49    0.00    0.00    0.00    0.00    0.00    0.00   24.47
06:34:27 PM   50   34.74    0.00   41.05    0.00    0.00    0.00    0.00    0.00    0.00   24.21
06:34:27 PM   51   34.41    0.00   40.86    1.08    0.00    0.00    0.00    0.00    0.00   23.66
06:34:27 PM   52   36.84    0.00   37.89    0.00    0.00    0.00    0.00    0.00    0.00   25.26
06:34:27 PM   53   33.33    0.00   40.86    1.08    0.00    0.00    0.00    0.00    0.00   24.73
06:34:27 PM   54   35.11    0.00   40.43    0.00    0.00    0.00    0.00    0.00    0.00   24.47
06:34:27 PM   55   34.78    0.00   41.30    0.00    0.00    0.00    0.00    0.00    0.00   23.91
06:34:27 PM   56   34.07    0.00   40.66    1.10    0.00    0.00    0.00    0.00    0.00   24.18
06:34:27 PM   57   34.74    0.00   40.00    1.05    0.00    0.00    0.00    0.00    0.00   24.21
06:34:27 PM   58   35.87    0.00   40.22    0.00    0.00    0.00    0.00    0.00    0.00   23.91
06:34:27 PM   59   35.48    0.00   39.78    0.00    0.00    0.00    0.00    0.00    0.00   24.73
06:34:27 PM   60   35.11    0.00   40.43    1.06    0.00    0.00    0.00    0.00    0.00   23.40
06:34:27 PM   61   33.70    0.00   41.30    0.00    0.00    0.00    0.00    0.00    0.00   25.00
06:34:27 PM   62   35.79    0.00   40.00    0.00    0.00    0.00    0.00    0.00    0.00   24.21
06:34:27 PM   63   35.11    0.00   40.43    0.00    0.00    0.00    0.00    0.00    0.00   24.47
06:34:27 PM   64   32.63    0.00   43.16    0.00    0.00    0.00    0.00    0.00    0.00   24.21
06:34:27 PM   65   36.56    0.00   40.86    0.00    0.00    0.00    0.00    0.00    0.00   22.58
06:34:27 PM   66   35.11    0.00   40.43    1.06    0.00    0.00    0.00    0.00    0.00   23.40
06:34:27 PM   67   34.78    0.00   40.22    0.00    0.00    0.00    0.00    0.00    0.00   25.00
06:34:27 PM   68   36.84    0.00   38.95    1.05    0.00    0.00    0.00    0.00    0.00   23.16
06:34:27 PM   69   35.11    0.00   39.36    1.06    0.00    0.00    0.00    0.00    0.00   24.47
06:34:27 PM   70   35.42    0.00   39.58    1.04    0.00    0.00    0.00    0.00    0.00   23.96
06:34:27 PM   71   36.84    0.00   37.89    1.05    0.00    0.00    0.00    0.00    0.00   24.21
06:34:27 PM   72   35.11    0.00   40.43    0.00    0.00    0.00    0.00    0.00    0.00   24.47
06:34:27 PM   73   36.17    0.00   39.36    0.00    0.00    0.00    0.00    0.00    0.00   24.47
06:34:27 PM   74   34.41    0.00   40.86    0.00    0.00    0.00    0.00    0.00    0.00   24.73
06:34:27 PM   75   34.74    0.00   41.05    0.00    0.00    0.00    0.00    0.00    0.00   24.21
06:34:27 PM   76   33.33    0.00   41.67    1.04    0.00    0.00    0.00    0.00    0.00   23.96
06:34:27 PM   77   37.23    0.00   37.23    1.06    0.00    0.00    0.00    0.00    0.00   24.47
06:34:27 PM   78   36.56    0.00   37.63    1.08    0.00    0.00    0.00    0.00    0.00   24.73
06:34:27 PM   79   34.74    0.00   41.05    0.00    0.00    0.00    0.00    0.00    0.00   24.21

06:34:36 PM  CPU    %usr   %nice    %sys %iowait    %irq   %soft  %steal  %guest  %gnice   %idle
06:34:37 PM  all   32.02    0.00   44.29    0.43    0.00    0.00    0.00    0.00    0.00   23.27
06:34:37 PM    0   32.63    0.00   45.26    0.00    0.00    0.00    0.00    0.00    0.00   22.11
06:34:37 PM    1   32.98    0.00   43.62    0.00    0.00    0.00    0.00    0.00    0.00   23.40
06:34:37 PM    2   31.52    0.00   44.57    1.09    0.00    0.00    0.00    0.00    0.00   22.83
06:34:37 PM    3   33.33    0.00   44.09    0.00    0.00    0.00    0.00    0.00    0.00   22.58
06:34:37 PM    4   31.91    0.00   43.62    1.06    0.00    0.00    0.00    0.00    0.00   23.40
06:34:37 PM    5   32.26    0.00   45.16    0.00    0.00    0.00    0.00    0.00    0.00   22.58
06:34:37 PM    6   33.70    0.00   43.48    0.00    0.00    0.00    0.00    0.00    0.00   22.83
06:34:37 PM    7   33.33    0.00   44.09    0.00    0.00    0.00    0.00    0.00    0.00   22.58
06:34:37 PM    8   31.52    0.00   46.74    0.00    0.00    0.00    0.00    0.00    0.00   21.74
06:34:37 PM    9   31.18    0.00   46.24    0.00    0.00    0.00    0.00    0.00    0.00   22.58
06:34:37 PM   10   31.91    0.00   45.74    0.00    0.00    0.00    0.00    0.00    0.00   22.34
06:34:37 PM   11   32.63    0.00   43.16    1.05    0.00    0.00    0.00    0.00    0.00   23.16
06:34:37 PM   12   34.04    0.00   43.62    0.00    0.00    0.00    0.00    0.00    0.00   22.34
06:34:37 PM   13   34.04    0.00   43.62    0.00    0.00    0.00    0.00    0.00    0.00   22.34
06:34:37 PM   14   33.33    0.00   43.01    0.00    0.00    0.00    0.00    0.00    0.00   23.66
06:34:37 PM   15   34.04    0.00   43.62    0.00    0.00    0.00    0.00    0.00    0.00   22.34
06:34:37 PM   16   31.18    0.00   45.16    1.08    0.00    0.00    0.00    0.00    0.00   22.58
06:34:37 PM   17   31.91    0.00   45.74    0.00    0.00    0.00    0.00    0.00    0.00   22.34
06:34:37 PM   18   28.87    0.00   48.45    0.00    0.00    0.00    0.00    0.00    0.00   22.68
06:34:37 PM   19   32.29    0.00   43.75    1.04    0.00    0.00    0.00    0.00    0.00   22.92
06:34:37 PM   20   34.41    0.00   40.86    1.08    0.00    0.00    0.00    0.00    0.00   23.66
06:34:37 PM   21   31.52    0.00   45.65    0.00    0.00    0.00    0.00    0.00    0.00   22.83
06:34:37 PM   22   31.58    0.00   43.16    1.05    0.00    0.00    0.00    0.00    0.00   24.21
06:34:37 PM   23   31.87    0.00   43.96    0.00    0.00    0.00    0.00    0.00    0.00   24.18
06:34:37 PM   24   32.98    0.00   41.49    1.06    0.00    0.00    0.00    0.00    0.00   24.47
06:34:37 PM   25   31.52    0.00   43.48    0.00    0.00    0.00    0.00    0.00    0.00   25.00
06:34:37 PM   26   33.33    0.00   41.67    1.04    0.00    0.00    0.00    0.00    0.00   23.96
06:34:37 PM   27   30.85    0.00   44.68    0.00    0.00    0.00    0.00    0.00    0.00   24.47
06:34:37 PM   28   32.98    0.00   42.55    1.06    0.00    0.00    0.00    0.00    0.00   23.40
06:34:37 PM   29   31.18    0.00   45.16    0.00    0.00    0.00    0.00    0.00    0.00   23.66
06:34:37 PM   30   31.91    0.00   42.55    1.06    0.00    0.00    0.00    0.00    0.00   24.47
06:34:37 PM   31   29.90    0.00   45.36    1.03    0.00    0.00    0.00    0.00    0.00   23.71
06:34:37 PM   32   32.63    0.00   42.11    1.05    0.00    0.00    0.00    0.00    0.00   24.21
06:34:37 PM   33   30.77    0.00   43.96    1.10    0.00    0.00    0.00    0.00    0.00   24.18
06:34:37 PM   34   31.91    0.00   43.62    1.06    0.00    0.00    0.00    0.00    0.00   23.40
06:34:37 PM   35   29.35    0.00   46.74    0.00    0.00    0.00    0.00    0.00    0.00   23.91
06:34:37 PM   36   32.26    0.00   45.16    0.00    0.00    0.00    0.00    0.00    0.00   22.58
06:34:37 PM   37   31.52    0.00   44.57    0.00    0.00    0.00    0.00    0.00    0.00   23.91
06:34:37 PM   38   30.43    0.00   45.65    0.00    0.00    0.00    0.00    0.00    0.00   23.91
06:34:37 PM   39   31.58    0.00   44.21    1.05    0.00    0.00    0.00    0.00    0.00   23.16
06:34:37 PM   40   30.11    0.00   45.16    1.08    0.00    0.00    0.00    0.00    0.00   23.66
06:34:37 PM   41   30.85    0.00   45.74    1.06    0.00    0.00    0.00    0.00    0.00   22.34
06:34:37 PM   42   31.91    0.00   45.74    0.00    0.00    0.00    0.00    0.00    0.00   22.34
06:34:37 PM   43   30.85    0.00   46.81    0.00    0.00    0.00    0.00    0.00    0.00   22.34
06:34:37 PM   44   32.98    0.00   43.62    0.00    0.00    0.00    0.00    0.00    0.00   23.40
06:34:37 PM   45   33.33    0.00   44.09    0.00    0.00    0.00    0.00    0.00    0.00   22.58
06:34:37 PM   46   31.58    0.00   45.26    1.05    0.00    0.00    0.00    0.00    0.00   22.11
06:34:37 PM   47   31.58    0.00   44.21    1.05    0.00    0.00    0.00    0.00    0.00   23.16
06:34:37 PM   48   32.98    0.00   43.62    1.06    0.00    0.00    0.00    0.00    0.00   22.34
06:34:37 PM   49   30.85    0.00   44.68    1.06    0.00    0.00    0.00    0.00    0.00   23.40
06:34:37 PM   50   33.68    0.00   44.21    0.00    0.00    0.00    0.00    0.00    0.00   22.11
06:34:37 PM   51   33.33    0.00   44.09    0.00    0.00    0.00    0.00    0.00    0.00   22.58
06:34:37 PM   52   31.91    0.00   44.68    0.00    0.00    0.00    0.00    0.00    0.00   23.40
06:34:37 PM   53   34.04    0.00   42.55    0.00    0.00    0.00    0.00    0.00    0.00   23.40
06:34:37 PM   54   33.33    0.00   42.71    1.04    0.00    0.00    0.00    0.00    0.00   22.92
06:34:37 PM   55   30.53    0.00   46.32    0.00    0.00    0.00    0.00    0.00    0.00   23.16
06:34:37 PM   56   32.61    0.00   45.65    0.00    0.00    0.00    0.00    0.00    0.00   21.74
06:34:37 PM   57   29.79    0.00   47.87    0.00    0.00    0.00    0.00    0.00    0.00   22.34
06:34:37 PM   58   31.91    0.00   44.68    0.00    0.00    0.00    0.00    0.00    0.00   23.40
06:34:37 PM   59   32.26    0.00   46.24    0.00    0.00    0.00    0.00    0.00    0.00   21.51
06:34:37 PM   60   32.26    0.00   44.09    0.00    0.00    0.00    0.00    0.00    0.00   23.66
06:34:37 PM   61   30.85    0.00   44.68    1.06    0.00    0.00    0.00    0.00    0.00   23.40
06:34:37 PM   62   32.98    0.00   43.62    0.00    0.00    0.00    0.00    0.00    0.00   23.40
06:34:37 PM   63   31.91    0.00   44.68    0.00    0.00    0.00    0.00    0.00    0.00   23.40
06:34:37 PM   64   32.26    0.00   44.09    0.00    0.00    0.00    0.00    0.00    0.00   23.66
06:34:37 PM   65   31.87    0.00   43.96    0.00    0.00    0.00    0.00    0.00    0.00   24.18
06:34:37 PM   66   32.26    0.00   41.94    1.08    0.00    0.00    0.00    0.00    0.00   24.73
06:34:37 PM   67   32.98    0.00   42.55    1.06    0.00    0.00    0.00    0.00    0.00   23.40
06:34:37 PM   68   32.61    0.00   43.48    1.09    0.00    0.00    0.00    0.00    0.00   22.83
06:34:37 PM   69   32.97    0.00   42.86    0.00    0.00    0.00    0.00    0.00    0.00   24.18
06:34:37 PM   70   34.04    0.00   42.55    0.00    0.00    0.00    0.00    0.00    0.00   23.40
06:34:37 PM   71   31.91    0.00   44.68    0.00    0.00    0.00    0.00    0.00    0.00   23.40
06:34:37 PM   72   28.42    0.00   45.26    1.05    0.00    0.00    0.00    0.00    0.00   25.26
06:34:37 PM   73   30.53    0.00   44.21    1.05    0.00    0.00    0.00    0.00    0.00   24.21
06:34:37 PM   74   31.11    0.00   44.44    0.00    0.00    0.00    0.00    0.00    0.00   24.44
06:34:37 PM   75   32.29    0.00   42.71    1.04    0.00    0.00    0.00    0.00    0.00   23.96
06:34:37 PM   76   32.29    0.00   42.71    1.04    0.00    0.00    0.00    0.00    0.00   23.96
06:34:37 PM   77   31.91    0.00   44.68    0.00    0.00    0.00    0.00    0.00    0.00   23.40
06:34:37 PM   78   31.91    0.00   44.68    0.00    0.00    0.00    0.00    0.00    0.00   23.40
06:34:37 PM   79   30.53    0.00   44.21    1.05    0.00    0.00    0.00    0.00    0.00   24.21

06:34:46 PM  CPU    %usr   %nice    %sys %iowait    %irq   %soft  %steal  %guest  %gnice   %idle
06:34:47 PM  all   30.45    0.00   43.90    0.45    0.00    0.00    0.00    0.00    0.00   25.20
06:34:47 PM    0   30.85    0.00   45.74    0.00    0.00    0.00    0.00    0.00    0.00   23.40
06:34:47 PM    1   34.02    0.00   41.24    0.00    0.00    0.00    0.00    0.00    0.00   24.74
06:34:47 PM    2   31.18    0.00   44.09    0.00    0.00    0.00    0.00    0.00    0.00   24.73
06:34:47 PM    3   29.79    0.00   45.74    0.00    0.00    0.00    0.00    0.00    0.00   24.47
06:34:47 PM    4   30.53    0.00   44.21    1.05    0.00    0.00    0.00    0.00    0.00   24.21
06:34:47 PM    5   31.91    0.00   42.55    1.06    0.00    0.00    0.00    0.00    0.00   24.47
06:34:47 PM    6   29.90    0.00   45.36    1.03    0.00    0.00    0.00    0.00    0.00   23.71
06:34:47 PM    7   28.42    0.00   47.37    0.00    0.00    0.00    0.00    0.00    0.00   24.21
06:34:47 PM    8   30.21    0.00   44.79    0.00    0.00    0.00    0.00    0.00    0.00   25.00
06:34:47 PM    9   31.25    0.00   43.75    1.04    0.00    0.00    0.00    0.00    0.00   23.96
06:34:47 PM   10   32.63    0.00   43.16    0.00    0.00    0.00    0.00    0.00    0.00   24.21
06:34:47 PM   11   29.90    0.00   45.36    1.03    0.00    0.00    0.00    0.00    0.00   23.71
06:34:47 PM   12   29.47    0.00   46.32    1.05    0.00    0.00    0.00    0.00    0.00   23.16
06:34:47 PM   13   32.98    0.00   42.55    0.00    0.00    0.00    0.00    0.00    0.00   24.47
06:34:47 PM   14   32.32    0.00   43.43    1.01    0.00    0.00    0.00    0.00    0.00   23.23
06:34:47 PM   15   29.79    0.00   45.74    0.00    0.00    0.00    0.00    0.00    0.00   24.47
06:34:47 PM   16   31.58    0.00   43.16    0.00    0.00    0.00    0.00    0.00    0.00   25.26
06:34:47 PM   17   30.21    0.00   44.79    0.00    0.00    0.00    0.00    0.00    0.00   25.00
06:34:47 PM   18   31.25    0.00   43.75    0.00    0.00    0.00    0.00    0.00    0.00   25.00
06:34:47 PM   19   30.85    0.00   45.74    0.00    0.00    0.00    0.00    0.00    0.00   23.40
06:34:47 PM   20   29.47    0.00   44.21    0.00    0.00    0.00    0.00    0.00    0.00   26.32
06:34:47 PM   21   28.12    0.00   44.79    1.04    0.00    0.00    0.00    0.00    0.00   26.04
06:34:47 PM   22   28.42    0.00   45.26    0.00    0.00    0.00    0.00    0.00    0.00   26.32
06:34:47 PM   23   30.21    0.00   42.71    1.04    0.00    0.00    0.00    0.00    0.00   26.04
06:34:47 PM   24   29.35    0.00   45.65    0.00    0.00    0.00    0.00    0.00    0.00   25.00
06:34:47 PM   25   27.37    0.00   46.32    0.00    0.00    0.00    0.00    0.00    0.00   26.32
06:34:47 PM   26   30.21    0.00   42.71    1.04    0.00    0.00    0.00    0.00    0.00   26.04
06:34:47 PM   27   29.17    0.00   43.75    1.04    0.00    0.00    0.00    0.00    0.00   26.04
06:34:47 PM   28   29.47    0.00   43.16    1.05    0.00    0.00    0.00    0.00    0.00   26.32
06:34:47 PM   29   29.47    0.00   44.21    0.00    0.00    0.00    0.00    0.00    0.00   26.32
06:34:47 PM   30   29.79    0.00   41.49    1.06    0.00    0.00    0.00    0.00    0.00   27.66
06:34:47 PM   31   29.79    0.00   42.55    0.00    0.00    0.00    0.00    0.00    0.00   27.66
06:34:47 PM   32   31.91    0.00   41.49    0.00    0.00    0.00    0.00    0.00    0.00   26.60
06:34:47 PM   33   33.33    0.00   40.86    0.00    0.00    0.00    0.00    0.00    0.00   25.81
06:34:47 PM   34   30.85    0.00   42.55    0.00    0.00    0.00    0.00    0.00    0.00   26.60
06:34:47 PM   35   31.25    0.00   41.67    1.04    0.00    0.00    0.00    0.00    0.00   26.04
06:34:47 PM   36   30.21    0.00   42.71    1.04    0.00    0.00    0.00    0.00    0.00   26.04
06:34:47 PM   37   30.85    0.00   42.55    0.00    0.00    0.00    0.00    0.00    0.00   26.60
06:34:47 PM   38   29.90    0.00   42.27    1.03    0.00    0.00    0.00    0.00    0.00   26.80
06:34:47 PM   39   32.26    0.00   40.86    0.00    0.00    0.00    0.00    0.00    0.00   26.88
06:34:47 PM   40   29.79    0.00   45.74    0.00    0.00    0.00    0.00    0.00    0.00   24.47
06:34:47 PM   41   29.79    0.00   45.74    0.00    0.00    0.00    0.00    0.00    0.00   24.47
06:34:47 PM   42   28.42    0.00   45.26    1.05    0.00    0.00    0.00    0.00    0.00   25.26
06:34:47 PM   43   31.96    0.00   43.30    0.00    0.00    0.00    0.00    0.00    0.00   24.74
06:34:47 PM   44   31.25    0.00   43.75    1.04    0.00    0.00    0.00    0.00    0.00   23.96
06:34:47 PM   45   32.63    0.00   43.16    0.00    0.00    0.00    0.00    0.00    0.00   24.21
06:34:47 PM   46   30.93    0.00   44.33    0.00    0.00    0.00    0.00    0.00    0.00   24.74
06:34:47 PM   47   31.25    0.00   43.75    1.04    0.00    0.00    0.00    0.00    0.00   23.96
06:34:47 PM   48   29.47    0.00   46.32    0.00    0.00    0.00    0.00    0.00    0.00   24.21
06:34:47 PM   49   28.72    0.00   45.74    1.06    0.00    0.00    0.00    0.00    0.00   24.47
06:34:47 PM   50   30.53    0.00   45.26    0.00    0.00    0.00    0.00    0.00    0.00   24.21
06:34:47 PM   51   30.93    0.00   44.33    1.03    0.00    0.00    0.00    0.00    0.00   23.71
06:34:47 PM   52   30.93    0.00   44.33    1.03    0.00    0.00    0.00    0.00    0.00   23.71
06:34:47 PM   53   31.58    0.00   44.21    0.00    0.00    0.00    0.00    0.00    0.00   24.21
06:34:47 PM   54   32.29    0.00   42.71    1.04    0.00    0.00    0.00    0.00    0.00   23.96
06:34:47 PM   55   29.90    0.00   45.36    0.00    0.00    0.00    0.00    0.00    0.00   24.74
06:34:47 PM   56   34.38    0.00   42.71    0.00    0.00    0.00    0.00    0.00    0.00   22.92
06:34:47 PM   57   31.18    0.00   44.09    0.00    0.00    0.00    0.00    0.00    0.00   24.73
06:34:47 PM   58   31.96    0.00   43.30    1.03    0.00    0.00    0.00    0.00    0.00   23.71
06:34:47 PM   59   30.93    0.00   45.36    0.00    0.00    0.00    0.00    0.00    0.00   23.71
06:34:47 PM   60   31.58    0.00   43.16    1.05    0.00    0.00    0.00    0.00    0.00   24.21
06:34:47 PM   61   30.93    0.00   41.24    1.03    0.00    0.00    0.00    0.00    0.00   26.80
06:34:47 PM   62   29.47    0.00   45.26    0.00    0.00    0.00    0.00    0.00    0.00   25.26
06:34:47 PM   63   30.21    0.00   43.75    0.00    0.00    0.00    0.00    0.00    0.00   26.04
06:34:47 PM   64   29.90    0.00   43.30    1.03    0.00    0.00    0.00    0.00    0.00   25.77
06:34:47 PM   65   27.96    0.00   45.16    1.08    0.00    0.00    0.00    0.00    0.00   25.81
06:34:47 PM   66   29.03    0.00   45.16    0.00    0.00    0.00    0.00    0.00    0.00   25.81
06:34:47 PM   67   30.85    0.00   43.62    0.00    0.00    0.00    0.00    0.00    0.00   25.53
06:34:47 PM   68   30.85    0.00   43.62    0.00    0.00    0.00    0.00    0.00    0.00   25.53
06:34:47 PM   69   30.11    0.00   44.09    0.00    0.00    0.00    0.00    0.00    0.00   25.81
06:34:47 PM   70   30.53    0.00   43.16    0.00    0.00    0.00    0.00    0.00    0.00   26.32
06:34:47 PM   71   26.32    0.00   47.37    1.05    0.00    0.00    0.00    0.00    0.00   25.26
06:34:47 PM   72   28.12    0.00   45.83    1.04    0.00    0.00    0.00    0.00    0.00   25.00
06:34:47 PM   73   29.03    0.00   43.01    0.00    0.00    0.00    0.00    0.00    0.00   27.96
06:34:47 PM   74   31.91    0.00   42.55    0.00    0.00    0.00    0.00    0.00    0.00   25.53
06:34:47 PM   75   31.25    0.00   41.67    1.04    0.00    0.00    0.00    0.00    0.00   26.04
06:34:47 PM   76   27.96    0.00   43.01    1.08    0.00    0.00    0.00    0.00    0.00   27.96
06:34:47 PM   77   30.53    0.00   42.11    1.05    0.00    0.00    0.00    0.00    0.00   26.32
06:34:47 PM   78   30.53    0.00   43.16    0.00    0.00    0.00    0.00    0.00    0.00   26.32
06:34:47 PM   79   29.79    0.00   42.55    1.06    0.00    0.00    0.00    0.00    0.00   26.60

06:34:56 PM  CPU    %usr   %nice    %sys %iowait    %irq   %soft  %steal  %guest  %gnice   %idle
06:34:57 PM  all   32.27    0.00   44.48    0.25    0.00    0.00    0.00    0.00    0.00   23.00
06:34:57 PM    0   32.29    0.00   44.79    1.04    0.00    0.00    0.00    0.00    0.00   21.88
06:34:57 PM    1   32.63    0.00   44.21    0.00    0.00    0.00    0.00    0.00    0.00   23.16
06:34:57 PM    2   35.16    0.00   42.86    0.00    0.00    0.00    0.00    0.00    0.00   21.98
06:34:57 PM    3   34.04    0.00   43.62    0.00    0.00    0.00    0.00    0.00    0.00   22.34
06:34:57 PM    4   30.85    0.00   46.81    0.00    0.00    0.00    0.00    0.00    0.00   22.34
06:34:57 PM    5   31.91    0.00   45.74    0.00    0.00    0.00    0.00    0.00    0.00   22.34
06:34:57 PM    6   35.48    0.00   41.94    0.00    0.00    0.00    0.00    0.00    0.00   22.58
06:34:57 PM    7   31.91    0.00   46.81    0.00    0.00    0.00    0.00    0.00    0.00   21.28
06:34:57 PM    8   30.85    0.00   47.87    0.00    0.00    0.00    0.00    0.00    0.00   21.28
06:34:57 PM    9   30.85    0.00   46.81    0.00    0.00    0.00    0.00    0.00    0.00   22.34
06:34:57 PM   10   31.58    0.00   47.37    0.00    0.00    0.00    0.00    0.00    0.00   21.05
06:34:57 PM   11   33.33    0.00   44.09    1.08    0.00    0.00    0.00    0.00    0.00   21.51
06:34:57 PM   12   31.25    0.00   45.83    1.04    0.00    0.00    0.00    0.00    0.00   21.88
06:34:57 PM   13   33.33    0.00   44.79    0.00    0.00    0.00    0.00    0.00    0.00   21.88
06:34:57 PM   14   31.25    0.00   47.92    0.00    0.00    0.00    0.00    0.00    0.00   20.83
06:34:57 PM   15   32.29    0.00   44.79    0.00    0.00    0.00    0.00    0.00    0.00   22.92
06:34:57 PM   16   32.97    0.00   43.96    0.00    0.00    0.00    0.00    0.00    0.00   23.08
06:34:57 PM   17   31.58    0.00   46.32    0.00    0.00    0.00    0.00    0.00    0.00   22.11
06:34:57 PM   18   31.91    0.00   45.74    0.00    0.00    0.00    0.00    0.00    0.00   22.34
06:34:57 PM   19   30.53    0.00   47.37    0.00    0.00    0.00    0.00    0.00    0.00   22.11
06:34:57 PM   20   30.11    0.00   45.16    0.00    0.00    0.00    0.00    0.00    0.00   24.73
06:34:57 PM   21   32.63    0.00   43.16    1.05    0.00    0.00    0.00    0.00    0.00   23.16
06:34:57 PM   22   33.33    0.00   43.01    0.00    0.00    0.00    0.00    0.00    0.00   23.66
06:34:57 PM   23   31.91    0.00   43.62    1.06    0.00    0.00    0.00    0.00    0.00   23.40
06:34:57 PM   24   29.79    0.00   45.74    1.06    0.00    0.00    0.00    0.00    0.00   23.40
06:34:57 PM   25   31.18    0.00   44.09    0.00    0.00    0.00    0.00    0.00    0.00   24.73
06:34:57 PM   26   33.33    0.00   42.71    1.04    0.00    0.00    0.00    0.00    0.00   22.92
06:34:57 PM   27   30.11    0.00   45.16    0.00    0.00    0.00    0.00    0.00    0.00   24.73
06:34:57 PM   28   31.91    0.00   44.68    0.00    0.00    0.00    0.00    0.00    0.00   23.40
06:34:57 PM   29   31.52    0.00   45.65    0.00    0.00    0.00    0.00    0.00    0.00   22.83
06:34:57 PM   30   34.41    0.00   41.94    0.00    0.00    0.00    0.00    0.00    0.00   23.66
06:34:57 PM   31   32.63    0.00   44.21    0.00    0.00    0.00    0.00    0.00    0.00   23.16
06:34:57 PM   32   30.85    0.00   45.74    0.00    0.00    0.00    0.00    0.00    0.00   23.40
06:34:57 PM   33   35.79    0.00   41.05    0.00    0.00    0.00    0.00    0.00    0.00   23.16
06:34:57 PM   34   32.97    0.00   42.86    0.00    0.00    0.00    0.00    0.00    0.00   24.18
06:34:57 PM   35   34.04    0.00   42.55    0.00    0.00    0.00    0.00    0.00    0.00   23.40
06:34:57 PM   36   30.53    0.00   44.21    1.05    0.00    0.00    0.00    0.00    0.00   24.21
06:34:57 PM   37   31.18    0.00   44.09    0.00    0.00    0.00    0.00    0.00    0.00   24.73
06:34:57 PM   38   30.85    0.00   44.68    0.00    0.00    0.00    0.00    0.00    0.00   24.47
06:34:57 PM   39   30.93    0.00   43.30    1.03    0.00    0.00    0.00    0.00    0.00   24.74
06:34:57 PM   40   33.33    0.00   43.75    1.04    0.00    0.00    0.00    0.00    0.00   21.88
06:34:57 PM   41   32.63    0.00   45.26    1.05    0.00    0.00    0.00    0.00    0.00   21.05
06:34:57 PM   42   34.74    0.00   42.11    0.00    0.00    0.00    0.00    0.00    0.00   23.16
06:34:57 PM   43   32.98    0.00   43.62    1.06    0.00    0.00    0.00    0.00    0.00   22.34
06:34:57 PM   44   32.26    0.00   45.16    0.00    0.00    0.00    0.00    0.00    0.00   22.58
06:34:57 PM   45   31.52    0.00   46.74    0.00    0.00    0.00    0.00    0.00    0.00   21.74
06:34:57 PM   46   35.11    0.00   43.62    0.00    0.00    0.00    0.00    0.00    0.00   21.28
06:34:57 PM   47   32.22    0.00   45.56    0.00    0.00    0.00    0.00    0.00    0.00   22.22
06:34:57 PM   48   32.26    0.00   45.16    0.00    0.00    0.00    0.00    0.00    0.00   22.58
06:34:57 PM   49   31.91    0.00   44.68    0.00    0.00    0.00    0.00    0.00    0.00   23.40
06:34:57 PM   50   31.18    0.00   46.24    0.00    0.00    0.00    0.00    0.00    0.00   22.58
06:34:57 PM   51   31.91    0.00   45.74    1.06    0.00    0.00    0.00    0.00    0.00   21.28
06:34:57 PM   52   31.91    0.00   44.68    0.00    0.00    0.00    0.00    0.00    0.00   23.40
06:34:57 PM   53   32.98    0.00   44.68    0.00    0.00    0.00    0.00    0.00    0.00   22.34
06:34:57 PM   54   32.26    0.00   45.16    0.00    0.00    0.00    0.00    0.00    0.00   22.58
06:34:57 PM   55   32.26    0.00   45.16    0.00    0.00    0.00    0.00    0.00    0.00   22.58
06:34:57 PM   56   31.91    0.00   44.68    0.00    0.00    0.00    0.00    0.00    0.00   23.40
06:34:57 PM   57   31.91    0.00   45.74    0.00    0.00    0.00    0.00    0.00    0.00   22.34
06:34:57 PM   58   30.11    0.00   47.31    0.00    0.00    0.00    0.00    0.00    0.00   22.58
06:34:57 PM   59   34.38    0.00   43.75    0.00    0.00    0.00    0.00    0.00    0.00   21.88
06:34:57 PM   60   32.22    0.00   43.33    0.00    0.00    0.00    0.00    0.00    0.00   24.44
06:34:57 PM   61   31.91    0.00   43.62    0.00    0.00    0.00    0.00    0.00    0.00   24.47
06:34:57 PM   62   33.33    0.00   41.94    1.08    0.00    0.00    0.00    0.00    0.00   23.66
06:34:57 PM   63   32.97    0.00   41.76    0.00    0.00    0.00    0.00    0.00    0.00   25.27
06:34:57 PM   64   32.26    0.00   44.09    0.00    0.00    0.00    0.00    0.00    0.00   23.66
06:34:57 PM   65   32.26    0.00   43.01    0.00    0.00    0.00    0.00    0.00    0.00   24.73
06:34:57 PM   66   31.52    0.00   44.57    0.00    0.00    0.00    0.00    0.00    0.00   23.91
06:34:57 PM   67   31.91    0.00   44.68    1.06    0.00    0.00    0.00    0.00    0.00   22.34
06:34:57 PM   68   32.63    0.00   44.21    0.00    0.00    0.00    0.00    0.00    0.00   23.16
06:34:57 PM   69   34.38    0.00   41.67    1.04    0.00    0.00    0.00    0.00    0.00   22.92
06:34:57 PM   70   32.98    0.00   42.55    1.06    0.00    0.00    0.00    0.00    0.00   23.40
06:34:57 PM   71   32.26    0.00   44.09    0.00    0.00    0.00    0.00    0.00    0.00   23.66
06:34:57 PM   72   29.35    0.00   46.74    0.00    0.00    0.00    0.00    0.00    0.00   23.91
06:34:57 PM   73   32.98    0.00   43.62    0.00    0.00    0.00    0.00    0.00    0.00   23.40
06:34:57 PM   74   34.74    0.00   42.11    0.00    0.00    0.00    0.00    0.00    0.00   23.16
06:34:57 PM   75   30.85    0.00   43.62    1.06    0.00    0.00    0.00    0.00    0.00   24.47
06:34:57 PM   76   31.58    0.00   44.21    0.00    0.00    0.00    0.00    0.00    0.00   24.21
06:34:57 PM   77   30.43    0.00   45.65    0.00    0.00    0.00    0.00    0.00    0.00   23.91
06:34:57 PM   78   31.91    0.00   44.68    0.00    0.00    0.00    0.00    0.00    0.00   23.40
06:34:57 PM   79   33.33    0.00   41.94    1.08    0.00    0.00    0.00    0.00    0.00   23.66

06:35:06 PM  CPU    %usr   %nice    %sys %iowait    %irq   %soft  %steal  %guest  %gnice   %idle
06:35:07 PM  all   29.58    0.00   42.68    0.47    0.00    0.01    0.00    0.00    0.00   27.26
06:35:07 PM    0   31.87    0.00   41.76    0.00    0.00    0.00    0.00    0.00    0.00   26.37
06:35:07 PM    1   31.52    0.00   41.30    0.00    0.00    0.00    0.00    0.00    0.00   27.17
06:35:07 PM    2   31.46    0.00   41.57    0.00    0.00    0.00    0.00    0.00    0.00   26.97
06:35:07 PM    3   29.35    0.00   43.48    0.00    0.00    1.09    0.00    0.00    0.00   26.09
06:35:07 PM    4   31.87    0.00   41.76    0.00    0.00    0.00    0.00    0.00    0.00   26.37
06:35:07 PM    5   30.11    0.00   43.01    0.00    0.00    0.00    0.00    0.00    0.00   26.88
06:35:07 PM    6   31.18    0.00   41.94    1.08    0.00    0.00    0.00    0.00    0.00   25.81
06:35:07 PM    7   30.11    0.00   43.01    1.08    0.00    0.00    0.00    0.00    0.00   25.81
06:35:07 PM    8   30.43    0.00   41.30    1.09    0.00    0.00    0.00    0.00    0.00   27.17
06:35:07 PM    9   30.43    0.00   43.48    0.00    0.00    0.00    0.00    0.00    0.00   26.09
06:35:07 PM   10   29.03    0.00   44.09    1.08    0.00    0.00    0.00    0.00    0.00   25.81
06:35:07 PM   11   30.77    0.00   42.86    0.00    0.00    0.00    0.00    0.00    0.00   26.37
06:35:07 PM   12   29.35    0.00   43.48    1.09    0.00    0.00    0.00    0.00    0.00   26.09
06:35:07 PM   13   30.11    0.00   43.01    0.00    0.00    0.00    0.00    0.00    0.00   26.88
06:35:07 PM   14   31.52    0.00   42.39    0.00    0.00    0.00    0.00    0.00    0.00   26.09
06:35:07 PM   15   31.18    0.00   43.01    0.00    0.00    0.00    0.00    0.00    0.00   25.81
06:35:07 PM   16   29.03    0.00   43.01    1.08    0.00    0.00    0.00    0.00    0.00   26.88
06:35:07 PM   17   30.11    0.00   43.01    0.00    0.00    0.00    0.00    0.00    0.00   26.88
06:35:07 PM   18   29.67    0.00   43.96    1.10    0.00    0.00    0.00    0.00    0.00   25.27
06:35:07 PM   19   28.42    0.00   44.21    1.05    0.00    0.00    0.00    0.00    0.00   26.32
06:35:07 PM   20   28.26    0.00   43.48    0.00    0.00    0.00    0.00    0.00    0.00   28.26
06:35:07 PM   21   28.26    0.00   42.39    0.00    0.00    0.00    0.00    0.00    0.00   29.35
06:35:07 PM   22   28.72    0.00   42.55    1.06    0.00    0.00    0.00    0.00    0.00   27.66
06:35:07 PM   23   28.26    0.00   44.57    0.00    0.00    0.00    0.00    0.00    0.00   27.17
06:35:07 PM   24   29.35    0.00   41.30    1.09    0.00    0.00    0.00    0.00    0.00   28.26
06:35:07 PM   25   30.43    0.00   41.30    0.00    0.00    0.00    0.00    0.00    0.00   28.26
06:35:07 PM   26   30.11    0.00   41.94    0.00    0.00    0.00    0.00    0.00    0.00   27.96
06:35:07 PM   27   30.34    0.00   41.57    0.00    0.00    0.00    0.00    0.00    0.00   28.09
06:35:07 PM   28   29.21    0.00   42.70    0.00    0.00    0.00    0.00    0.00    0.00   28.09
06:35:07 PM   29   30.43    0.00   41.30    0.00    0.00    0.00    0.00    0.00    0.00   28.26
06:35:07 PM   30   29.03    0.00   41.94    1.08    0.00    0.00    0.00    0.00    0.00   27.96
06:35:07 PM   31   29.35    0.00   41.30    1.09    0.00    0.00    0.00    0.00    0.00   28.26
06:35:07 PM   32   28.57    0.00   43.96    0.00    0.00    0.00    0.00    0.00    0.00   27.47
06:35:07 PM   33   27.17    0.00   43.48    1.09    0.00    0.00    0.00    0.00    0.00   28.26
06:35:07 PM   34   26.67    0.00   44.44    1.11    0.00    0.00    0.00    0.00    0.00   27.78
06:35:07 PM   35   31.91    0.00   39.36    0.00    0.00    0.00    0.00    0.00    0.00   28.72
06:35:07 PM   36   27.17    0.00   43.48    1.09    0.00    0.00    0.00    0.00    0.00   28.26
06:35:07 PM   37   26.88    0.00   44.09    1.08    0.00    0.00    0.00    0.00    0.00   27.96
06:35:07 PM   38   30.77    0.00   40.66    0.00    0.00    0.00    0.00    0.00    0.00   28.57
06:35:07 PM   39   30.43    0.00   41.30    0.00    0.00    0.00    0.00    0.00    0.00   28.26
06:35:07 PM   40   30.11    0.00   43.01    0.00    0.00    0.00    0.00    0.00    0.00   26.88
06:35:07 PM   41   30.43    0.00   42.39    1.09    0.00    0.00    0.00    0.00    0.00   26.09
06:35:07 PM   42   30.43    0.00   42.39    0.00    0.00    0.00    0.00    0.00    0.00   27.17
06:35:07 PM   43   28.72    0.00   44.68    0.00    0.00    0.00    0.00    0.00    0.00   26.60
06:35:07 PM   44   29.35    0.00   44.57    0.00    0.00    0.00    0.00    0.00    0.00   26.09
06:35:07 PM   45   29.67    0.00   43.96    0.00    0.00    0.00    0.00    0.00    0.00   26.37
06:35:07 PM   46   29.79    0.00   43.62    1.06    0.00    0.00    0.00    0.00    0.00   25.53
06:35:07 PM   47   30.11    0.00   43.01    1.08    0.00    0.00    0.00    0.00    0.00   25.81
06:35:07 PM   48   30.43    0.00   42.39    0.00    0.00    0.00    0.00    0.00    0.00   27.17
06:35:07 PM   49   29.35    0.00   43.48    0.00    0.00    0.00    0.00    0.00    0.00   27.17
06:35:07 PM   50   29.35    0.00   43.48    0.00    0.00    0.00    0.00    0.00    0.00   27.17
06:35:07 PM   51   31.18    0.00   40.86    1.08    0.00    0.00    0.00    0.00    0.00   26.88
06:35:07 PM   52   27.96    0.00   44.09    1.08    0.00    0.00    0.00    0.00    0.00   26.88
06:35:07 PM   53   29.03    0.00   43.01    1.08    0.00    0.00    0.00    0.00    0.00   26.88
06:35:07 PM   54   28.26    0.00   44.57    0.00    0.00    0.00    0.00    0.00    0.00   27.17
06:35:07 PM   55   29.03    0.00   44.09    1.08    0.00    0.00    0.00    0.00    0.00   25.81
06:35:07 PM   56   28.57    0.00   46.15    0.00    0.00    0.00    0.00    0.00    0.00   25.27
06:35:07 PM   57   32.98    0.00   40.43    1.06    0.00    0.00    0.00    0.00    0.00   25.53
06:35:07 PM   58   32.26    0.00   40.86    0.00    0.00    0.00    0.00    0.00    0.00   26.88
06:35:07 PM   59   27.47    0.00   46.15    0.00    0.00    0.00    0.00    0.00    0.00   26.37
06:35:07 PM   60   30.43    0.00   41.30    1.09    0.00    0.00    0.00    0.00    0.00   27.17
06:35:07 PM   61   26.60    0.00   43.62    1.06    0.00    0.00    0.00    0.00    0.00   28.72
06:35:07 PM   62   28.42    0.00   42.11    1.05    0.00    0.00    0.00    0.00    0.00   28.42
06:35:07 PM   63   30.77    0.00   40.66    0.00    0.00    0.00    0.00    0.00    0.00   28.57
06:35:07 PM   64   27.47    0.00   43.96    0.00    0.00    0.00    0.00    0.00    0.00   28.57
06:35:07 PM   65   31.87    0.00   39.56    0.00    0.00    0.00    0.00    0.00    0.00   28.57
06:35:07 PM   66   29.21    0.00   41.57    0.00    0.00    0.00    0.00    0.00    0.00   29.21
06:35:07 PM   67   28.26    0.00   42.39    1.09    0.00    0.00    0.00    0.00    0.00   28.26
06:35:07 PM   68   30.43    0.00   41.30    1.09    0.00    0.00    0.00    0.00    0.00   27.17
06:35:07 PM   69   30.11    0.00   40.86    1.08    0.00    0.00    0.00    0.00    0.00   27.96
06:35:07 PM   70   30.11    0.00   43.01    0.00    0.00    0.00    0.00    0.00    0.00   26.88
06:35:07 PM   71   29.35    0.00   43.48    0.00    0.00    0.00    0.00    0.00    0.00   27.17
06:35:07 PM   72   28.72    0.00   43.62    0.00    0.00    0.00    0.00    0.00    0.00   27.66
06:35:07 PM   73   27.78    0.00   42.22    1.11    0.00    0.00    0.00    0.00    0.00   28.89
06:35:07 PM   74   29.79    0.00   41.49    1.06    0.00    0.00    0.00    0.00    0.00   27.66
06:35:07 PM   75   28.26    0.00   42.39    1.09    0.00    0.00    0.00    0.00    0.00   28.26
06:35:07 PM   76   27.96    0.00   44.09    1.08    0.00    0.00    0.00    0.00    0.00   26.88
06:35:07 PM   77   31.87    0.00   40.66    0.00    0.00    0.00    0.00    0.00    0.00   27.47
06:35:07 PM   78   28.89    0.00   42.22    0.00    0.00    0.00    0.00    0.00    0.00   28.89
06:35:07 PM   79   26.37    0.00   43.96    1.10    0.00    0.00    0.00    0.00    0.00   28.57

06:35:16 PM  CPU    %usr   %nice    %sys %iowait    %irq   %soft  %steal  %guest  %gnice   %idle
06:35:17 PM  all   29.27    0.00   44.52    0.34    0.00    0.00    0.00    0.00    0.00   25.88
06:35:17 PM    0   31.25    0.00   41.67    1.04    0.00    0.00    0.00    0.00    0.00   26.04
06:35:17 PM    1   28.72    0.00   44.68    0.00    0.00    0.00    0.00    0.00    0.00   26.60
06:35:17 PM    2   25.26    0.00   47.37    1.05    0.00    0.00    0.00    0.00    0.00   26.32
06:35:17 PM    3   27.37    0.00   46.32    0.00    0.00    0.00    0.00    0.00    0.00   26.32
06:35:17 PM    4   29.47    0.00   42.11    1.05    0.00    0.00    0.00    0.00    0.00   27.37
06:35:17 PM    5   29.79    0.00   44.68    0.00    0.00    0.00    0.00    0.00    0.00   25.53
06:35:17 PM    6   31.25    0.00   42.71    1.04    0.00    0.00    0.00    0.00    0.00   25.00
06:35:17 PM    7   29.59    0.00   43.88    1.02    0.00    0.00    0.00    0.00    0.00   25.51
06:35:17 PM    8   30.53    0.00   43.16    0.00    0.00    0.00    0.00    0.00    0.00   26.32
06:35:17 PM    9   28.42    0.00   44.21    1.05    0.00    0.00    0.00    0.00    0.00   26.32
06:35:17 PM   10   26.04    0.00   45.83    1.04    0.00    0.00    0.00    0.00    0.00   27.08
06:35:17 PM   11   28.87    0.00   44.33    1.03    0.00    0.00    0.00    0.00    0.00   25.77
06:35:17 PM   12   29.90    0.00   43.30    0.00    0.00    0.00    0.00    0.00    0.00   26.80
06:35:17 PM   13   29.79    0.00   44.68    0.00    0.00    0.00    0.00    0.00    0.00   25.53
06:35:17 PM   14   28.72    0.00   43.62    0.00    0.00    0.00    0.00    0.00    0.00   27.66
06:35:17 PM   15   28.12    0.00   45.83    0.00    0.00    0.00    0.00    0.00    0.00   26.04
06:35:17 PM   16   28.42    0.00   43.16    1.05    0.00    0.00    0.00    0.00    0.00   27.37
06:35:17 PM   17   28.12    0.00   44.79    1.04    0.00    0.00    0.00    0.00    0.00   26.04
06:35:17 PM   18   27.37    0.00   46.32    0.00    0.00    0.00    0.00    0.00    0.00   26.32
06:35:17 PM   19   27.84    0.00   44.33    1.03    0.00    0.00    0.00    0.00    0.00   26.80
06:35:17 PM   20   31.58    0.00   43.16    0.00    0.00    0.00    0.00    0.00    0.00   25.26
06:35:17 PM   21   30.21    0.00   43.75    0.00    0.00    0.00    0.00    0.00    0.00   26.04
06:35:17 PM   22   28.42    0.00   45.26    0.00    0.00    0.00    0.00    0.00    0.00   26.32
06:35:17 PM   23   28.12    0.00   45.83    0.00    0.00    0.00    0.00    0.00    0.00   26.04
06:35:17 PM   24   29.47    0.00   45.26    0.00    0.00    0.00    0.00    0.00    0.00   25.26
06:35:17 PM   25   30.21    0.00   43.75    0.00    0.00    0.00    0.00    0.00    0.00   26.04
06:35:17 PM   26   28.87    0.00   45.36    1.03    0.00    0.00    0.00    0.00    0.00   24.74
06:35:17 PM   27   30.21    0.00   43.75    0.00    0.00    0.00    0.00    0.00    0.00   26.04
06:35:17 PM   28   27.37    0.00   47.37    0.00    0.00    0.00    0.00    0.00    0.00   25.26
06:35:17 PM   29   27.08    0.00   47.92    0.00    0.00    0.00    0.00    0.00    0.00   25.00
06:35:17 PM   30   30.21    0.00   44.79    0.00    0.00    0.00    0.00    0.00    0.00   25.00
06:35:17 PM   31   29.17    0.00   45.83    0.00    0.00    0.00    0.00    0.00    0.00   25.00
06:35:17 PM   32   30.85    0.00   43.62    0.00    0.00    0.00    0.00    0.00    0.00   25.53
06:35:17 PM   33   31.58    0.00   43.16    0.00    0.00    0.00    0.00    0.00    0.00   25.26
06:35:17 PM   34   30.85    0.00   43.62    0.00    0.00    0.00    0.00    0.00    0.00   25.53
06:35:17 PM   35   29.90    0.00   44.33    0.00    0.00    0.00    0.00    0.00    0.00   25.77
06:35:17 PM   36   31.96    0.00   42.27    1.03    0.00    0.00    0.00    0.00    0.00   24.74
06:35:17 PM   37   30.53    0.00   43.16    1.05    0.00    0.00    0.00    0.00    0.00   25.26
06:35:17 PM   38   28.72    0.00   45.74    0.00    0.00    0.00    0.00    0.00    0.00   25.53
06:35:17 PM   39   31.96    0.00   42.27    0.00    0.00    0.00    0.00    0.00    0.00   25.77
06:35:17 PM   40   30.53    0.00   43.16    0.00    0.00    0.00    0.00    0.00    0.00   26.32
06:35:17 PM   41   29.59    0.00   43.88    1.02    0.00    0.00    0.00    0.00    0.00   25.51
06:35:17 PM   42   28.57    0.00   44.90    1.02    0.00    0.00    0.00    0.00    0.00   25.51
06:35:17 PM   43   28.12    0.00   44.79    1.04    0.00    0.00    0.00    0.00    0.00   26.04
06:35:17 PM   44   28.12    0.00   44.79    1.04    0.00    0.00    0.00    0.00    0.00   26.04
06:35:17 PM   45   28.12    0.00   45.83    0.00    0.00    0.00    0.00    0.00    0.00   26.04
06:35:17 PM   46   27.96    0.00   46.24    0.00    0.00    0.00    0.00    0.00    0.00   25.81
06:35:17 PM   47   28.42    0.00   45.26    0.00    0.00    0.00    0.00    0.00    0.00   26.32
06:35:17 PM   48   27.37    0.00   46.32    1.05    0.00    0.00    0.00    0.00    0.00   25.26
06:35:17 PM   49   29.17    0.00   43.75    1.04    0.00    0.00    0.00    0.00    0.00   26.04
06:35:17 PM   50   28.87    0.00   44.33    0.00    0.00    0.00    0.00    0.00    0.00   26.80
06:35:17 PM   51   27.37    0.00   46.32    0.00    0.00    0.00    0.00    0.00    0.00   26.32
06:35:17 PM   52   27.08    0.00   45.83    0.00    0.00    0.00    0.00    0.00    0.00   27.08
06:35:17 PM   53   27.08    0.00   46.88    0.00    0.00    0.00    0.00    0.00    0.00   26.04
06:35:17 PM   54   27.96    0.00   45.16    0.00    0.00    0.00    0.00    0.00    0.00   26.88
06:35:17 PM   55   27.37    0.00   46.32    0.00    0.00    0.00    0.00    0.00    0.00   26.32
06:35:17 PM   56   29.47    0.00   43.16    1.05    0.00    0.00    0.00    0.00    0.00   26.32
06:35:17 PM   57   29.47    0.00   44.21    0.00    0.00    0.00    0.00    0.00    0.00   26.32
06:35:17 PM   58   28.87    0.00   45.36    0.00    0.00    0.00    0.00    0.00    0.00   25.77
06:35:17 PM   59   27.84    0.00   45.36    0.00    0.00    0.00    0.00    0.00    0.00   26.80
06:35:17 PM   60   29.47    0.00   44.21    0.00    0.00    0.00    0.00    0.00    0.00   26.32
06:35:17 PM   61   28.57    0.00   44.90    1.02    0.00    0.00    0.00    0.00    0.00   25.51
06:35:17 PM   62   30.53    0.00   44.21    0.00    0.00    0.00    0.00    0.00    0.00   25.26
06:35:17 PM   63   27.96    0.00   46.24    0.00    0.00    0.00    0.00    0.00    0.00   25.81
06:35:17 PM   64   29.03    0.00   44.09    0.00    0.00    0.00    0.00    0.00    0.00   26.88
06:35:17 PM   65   29.47    0.00   45.26    0.00    0.00    0.00    0.00    0.00    0.00   25.26
06:35:17 PM   66   31.58    0.00   42.11    0.00    0.00    0.00    0.00    0.00    0.00   26.32
06:35:17 PM   67   31.91    0.00   42.55    0.00    0.00    0.00    0.00    0.00    0.00   25.53
06:35:17 PM   68   30.93    0.00   43.30    0.00    0.00    0.00    0.00    0.00    0.00   25.77
06:35:17 PM   69   32.63    0.00   41.05    0.00    0.00    0.00    0.00    0.00    0.00   26.32
06:35:17 PM   70   30.61    0.00   42.86    1.02    0.00    0.00    0.00    0.00    0.00   25.51
06:35:17 PM   71   29.17    0.00   44.79    1.04    0.00    0.00    0.00    0.00    0.00   25.00
06:35:17 PM   72   32.63    0.00   42.11    0.00    0.00    0.00    0.00    0.00    0.00   25.26
06:35:17 PM   73   29.17    0.00   45.83    0.00    0.00    0.00    0.00    0.00    0.00   25.00
06:35:17 PM   74   34.02    0.00   42.27    0.00    0.00    0.00    0.00    0.00    0.00   23.71
06:35:17 PM   75   26.60    0.00   47.87    0.00    0.00    0.00    0.00    0.00    0.00   25.53
06:35:17 PM   76   30.53    0.00   43.16    1.05    0.00    0.00    0.00    0.00    0.00   25.26
06:35:17 PM   77   28.72    0.00   45.74    0.00    0.00    0.00    0.00    0.00    0.00   25.53
06:35:17 PM   78   28.42    0.00   45.26    1.05    0.00    0.00    0.00    0.00    0.00   25.26
06:35:17 PM   79   29.79    0.00   44.68    0.00    0.00    0.00    0.00    0.00    0.00   25.53

06:35:26 PM  CPU    %usr   %nice    %sys %iowait    %irq   %soft  %steal  %guest  %gnice   %idle
06:35:27 PM  all   30.31    0.00   43.03    0.82    0.00    0.00    0.00    0.00    0.00   25.84
06:35:27 PM    0   30.21    0.00   43.75    1.04    0.00    0.00    0.00    0.00    0.00   25.00
06:35:27 PM    1   31.58    0.00   43.16    1.05    0.00    0.00    0.00    0.00    0.00   24.21
06:35:27 PM    2   31.25    0.00   41.67    1.04    0.00    0.00    0.00    0.00    0.00   26.04
06:35:27 PM    3   31.96    0.00   42.27    0.00    0.00    0.00    0.00    0.00    0.00   25.77
06:35:27 PM    4   29.79    0.00   43.62    1.06    0.00    0.00    0.00    0.00    0.00   25.53
06:35:27 PM    5   27.84    0.00   44.33    1.03    0.00    0.00    0.00    0.00    0.00   26.80
06:35:27 PM    6   31.58    0.00   42.11    1.05    0.00    0.00    0.00    0.00    0.00   25.26
06:35:27 PM    7   31.58    0.00   42.11    1.05    0.00    0.00    0.00    0.00    0.00   25.26
06:35:27 PM    8   31.18    0.00   41.94    1.08    0.00    0.00    0.00    0.00    0.00   25.81
06:35:27 PM    9   29.47    0.00   44.21    1.05    0.00    0.00    0.00    0.00    0.00   25.26
06:35:27 PM   10   32.29    0.00   41.67    0.00    0.00    0.00    0.00    0.00    0.00   26.04
06:35:27 PM   11   31.58    0.00   42.11    1.05    0.00    0.00    0.00    0.00    0.00   25.26
06:35:27 PM   12   31.25    0.00   42.71    0.00    0.00    0.00    0.00    0.00    0.00   26.04
06:35:27 PM   13   32.32    0.00   41.41    1.01    0.00    0.00    0.00    0.00    0.00   25.25
06:35:27 PM   14   29.90    0.00   42.27    1.03    0.00    0.00    0.00    0.00    0.00   26.80
06:35:27 PM   15   30.53    0.00   43.16    1.05    0.00    0.00    0.00    0.00    0.00   25.26
06:35:27 PM   16   27.08    0.00   45.83    1.04    0.00    0.00    0.00    0.00    0.00   26.04
06:35:27 PM   17   32.99    0.00   40.21    1.03    0.00    0.00    0.00    0.00    0.00   25.77
06:35:27 PM   18   31.58    0.00   42.11    0.00    0.00    0.00    0.00    0.00    0.00   26.32
06:35:27 PM   19   30.53    0.00   42.11    1.05    0.00    0.00    0.00    0.00    0.00   26.32
06:35:27 PM   20   30.21    0.00   42.71    1.04    0.00    0.00    0.00    0.00    0.00   26.04
06:35:27 PM   21   31.18    0.00   41.94    1.08    0.00    0.00    0.00    0.00    0.00   25.81
06:35:27 PM   22   28.72    0.00   44.68    1.06    0.00    0.00    0.00    0.00    0.00   25.53
06:35:27 PM   23   30.53    0.00   42.11    1.05    0.00    0.00    0.00    0.00    0.00   26.32
06:35:27 PM   24   30.53    0.00   42.11    1.05    0.00    0.00    0.00    0.00    0.00   26.32
06:35:27 PM   25   29.17    0.00   44.79    0.00    0.00    0.00    0.00    0.00    0.00   26.04
06:35:27 PM   26   30.30    0.00   43.43    1.01    0.00    0.00    0.00    0.00    0.00   25.25
06:35:27 PM   27   28.42    0.00   44.21    2.11    0.00    0.00    0.00    0.00    0.00   25.26
06:35:27 PM   28   32.29    0.00   41.67    0.00    0.00    0.00    0.00    0.00    0.00   26.04
06:35:27 PM   29   30.53    0.00   43.16    0.00    0.00    0.00    0.00    0.00    0.00   26.32
06:35:27 PM   30   28.72    0.00   45.74    0.00    0.00    0.00    0.00    0.00    0.00   25.53
06:35:27 PM   31   32.29    0.00   40.62    1.04    0.00    0.00    0.00    0.00    0.00   26.04
06:35:27 PM   32   29.47    0.00   44.21    1.05    0.00    0.00    0.00    0.00    0.00   25.26
06:35:27 PM   33   30.93    0.00   42.27    1.03    0.00    0.00    0.00    0.00    0.00   25.77
06:35:27 PM   34   30.61    0.00   42.86    1.02    0.00    0.00    0.00    0.00    0.00   25.51
06:35:27 PM   35   29.90    0.00   43.30    1.03    0.00    0.00    0.00    0.00    0.00   25.77
06:35:27 PM   36   29.47    0.00   44.21    1.05    0.00    0.00    0.00    0.00    0.00   25.26
06:35:27 PM   37   30.93    0.00   41.24    1.03    0.00    0.00    0.00    0.00    0.00   26.80
06:35:27 PM   38   29.90    0.00   44.33    1.03    0.00    0.00    0.00    0.00    0.00   24.74
06:35:27 PM   39   30.21    0.00   43.75    1.04    0.00    0.00    0.00    0.00    0.00   25.00
06:35:27 PM   40   29.90    0.00   43.30    1.03    0.00    0.00    0.00    0.00    0.00   25.77
06:35:27 PM   41   27.66    0.00   44.68    1.06    0.00    0.00    0.00    0.00    0.00   26.60
06:35:27 PM   42   30.53    0.00   42.11    1.05    0.00    0.00    0.00    0.00    0.00   26.32
06:35:27 PM   43   27.84    0.00   45.36    1.03    0.00    0.00    0.00    0.00    0.00   25.77
06:35:27 PM   44   28.87    0.00   44.33    1.03    0.00    0.00    0.00    0.00    0.00   25.77
06:35:27 PM   45   30.53    0.00   43.16    1.05    0.00    0.00    0.00    0.00    0.00   25.26
06:35:27 PM   46   31.25    0.00   41.67    0.00    0.00    0.00    0.00    0.00    0.00   27.08
06:35:27 PM   47   30.53    0.00   43.16    0.00    0.00    0.00    0.00    0.00    0.00   26.32
06:35:27 PM   48   28.12    0.00   44.79    1.04    0.00    0.00    0.00    0.00    0.00   26.04
06:35:27 PM   49   30.53    0.00   42.11    1.05    0.00    0.00    0.00    0.00    0.00   26.32
06:35:27 PM   50   28.42    0.00   45.26    1.05    0.00    0.00    0.00    0.00    0.00   25.26
06:35:27 PM   51   30.85    0.00   41.49    1.06    0.00    0.00    0.00    0.00    0.00   26.60
06:35:27 PM   52   29.17    0.00   43.75    1.04    0.00    0.00    0.00    0.00    0.00   26.04
06:35:27 PM   53   31.96    0.00   40.21    1.03    0.00    0.00    0.00    0.00    0.00   26.80
06:35:27 PM   54   29.47    0.00   43.16    1.05    0.00    0.00    0.00    0.00    0.00   26.32
06:35:27 PM   55   29.17    0.00   44.79    1.04    0.00    0.00    0.00    0.00    0.00   25.00
06:35:27 PM   56   28.57    0.00   44.90    1.02    0.00    0.00    0.00    0.00    0.00   25.51
06:35:27 PM   57   29.90    0.00   42.27    1.03    0.00    0.00    0.00    0.00    0.00   26.80
06:35:27 PM   58   31.96    0.00   40.21    1.03    0.00    0.00    0.00    0.00    0.00   26.80
06:35:27 PM   59   28.87    0.00   45.36    0.00    0.00    0.00    0.00    0.00    0.00   25.77
06:35:27 PM   60   29.47    0.00   43.16    1.05    0.00    0.00    0.00    0.00    0.00   26.32
06:35:27 PM   61   30.21    0.00   43.75    1.04    0.00    0.00    0.00    0.00    0.00   25.00
06:35:27 PM   62   28.12    0.00   44.79    1.04    0.00    0.00    0.00    0.00    0.00   26.04
06:35:27 PM   63   29.17    0.00   44.79    1.04    0.00    0.00    0.00    0.00    0.00   25.00
06:35:27 PM   64   31.63    0.00   40.82    1.02    0.00    0.00    0.00    0.00    0.00   26.53
06:35:27 PM   65   30.43    0.00   42.39    0.00    0.00    0.00    0.00    0.00    0.00   27.17
06:35:27 PM   66   28.72    0.00   45.74    0.00    0.00    0.00    0.00    0.00    0.00   25.53
06:35:27 PM   67   31.96    0.00   42.27    1.03    0.00    0.00    0.00    0.00    0.00   24.74
06:35:27 PM   68   28.12    0.00   45.83    0.00    0.00    0.00    0.00    0.00    0.00   26.04
06:35:27 PM   69   29.79    0.00   43.62    0.00    0.00    0.00    0.00    0.00    0.00   26.60
06:35:27 PM   70   30.21    0.00   43.75    1.04    0.00    0.00    0.00    0.00    0.00   25.00
06:35:27 PM   71   30.61    0.00   42.86    1.02    0.00    0.00    0.00    0.00    0.00   25.51
06:35:27 PM   72   31.63    0.00   41.84    1.02    0.00    0.00    0.00    0.00    0.00   25.51
06:35:27 PM   73   31.58    0.00   41.05    0.00    0.00    0.00    0.00    0.00    0.00   27.37
06:35:27 PM   74   31.25    0.00   43.75    1.04    0.00    0.00    0.00    0.00    0.00   23.96
06:35:27 PM   75   31.96    0.00   42.27    1.03    0.00    0.00    0.00    0.00    0.00   24.74
06:35:27 PM   76   32.99    0.00   41.24    1.03    0.00    0.00    0.00    0.00    0.00   24.74
06:35:27 PM   77   30.85    0.00   42.55    0.00    0.00    0.00    0.00    0.00    0.00   26.60
06:35:27 PM   78   31.25    0.00   41.67    1.04    0.00    0.00    0.00    0.00    0.00   26.04
06:35:27 PM   79   29.79    0.00   42.55    0.00    0.00    0.00    0.00    0.00    0.00   27.66

06:35:36 PM  CPU    %usr   %nice    %sys %iowait    %irq   %soft  %steal  %guest  %gnice   %idle
06:35:37 PM  all   33.64    0.00   42.01    0.33    0.00    0.00    0.00    0.00    0.00   24.03
06:35:37 PM    0   31.18    0.00   45.16    0.00    0.00    0.00    0.00    0.00    0.00   23.66
06:35:37 PM    1   34.07    0.00   42.86    0.00    0.00    0.00    0.00    0.00    0.00   23.08
06:35:37 PM    2   35.87    0.00   39.13    1.09    0.00    0.00    0.00    0.00    0.00   23.91
06:35:37 PM    3   34.44    0.00   42.22    0.00    0.00    0.00    0.00    0.00    0.00   23.33
06:35:37 PM    4   32.61    0.00   42.39    1.09    0.00    0.00    0.00    0.00    0.00   23.91
06:35:37 PM    5   34.44    0.00   41.11    0.00    0.00    0.00    0.00    0.00    0.00   24.44
06:35:37 PM    6   35.56    0.00   40.00    0.00    0.00    0.00    0.00    0.00    0.00   24.44
06:35:37 PM    7   32.98    0.00   42.55    1.06    0.00    0.00    0.00    0.00    0.00   23.40
06:35:37 PM    8   34.78    0.00   40.22    0.00    0.00    0.00    0.00    0.00    0.00   25.00
06:35:37 PM    9   32.61    0.00   42.39    1.09    0.00    0.00    0.00    0.00    0.00   23.91
06:35:37 PM   10   33.70    0.00   42.39    0.00    0.00    0.00    0.00    0.00    0.00   23.91
06:35:37 PM   11   36.56    0.00   38.71    1.08    0.00    0.00    0.00    0.00    0.00   23.66
06:35:37 PM   12   33.33    0.00   43.01    0.00    0.00    0.00    0.00    0.00    0.00   23.66
06:35:37 PM   13   34.78    0.00   40.22    0.00    0.00    0.00    0.00    0.00    0.00   25.00
06:35:37 PM   14   32.97    0.00   43.96    0.00    0.00    0.00    0.00    0.00    0.00   23.08
06:35:37 PM   15   31.40    0.00   44.19    0.00    0.00    0.00    0.00    0.00    0.00   24.42
06:35:37 PM   16   35.87    0.00   41.30    0.00    0.00    0.00    0.00    0.00    0.00   22.83
06:35:37 PM   17   31.87    0.00   45.05    0.00    0.00    0.00    0.00    0.00    0.00   23.08
06:35:37 PM   18   32.22    0.00   43.33    0.00    0.00    0.00    0.00    0.00    0.00   24.44
06:35:37 PM   19   32.58    0.00   43.82    0.00    0.00    0.00    0.00    0.00    0.00   23.60
06:35:37 PM   20   35.16    0.00   39.56    0.00    0.00    0.00    0.00    0.00    0.00   25.27
06:35:37 PM   21   36.26    0.00   39.56    0.00    0.00    0.00    0.00    0.00    0.00   24.18
06:35:37 PM   22   33.33    0.00   41.94    1.08    0.00    0.00    0.00    0.00    0.00   23.66
06:35:37 PM   23   30.77    0.00   45.05    0.00    0.00    0.00    0.00    0.00    0.00   24.18
06:35:37 PM   24   32.97    0.00   41.76    0.00    0.00    0.00    0.00    0.00    0.00   25.27
06:35:37 PM   25   32.61    0.00   43.48    0.00    0.00    0.00    0.00    0.00    0.00   23.91
06:35:37 PM   26   37.63    0.00   37.63    0.00    0.00    0.00    0.00    0.00    0.00   24.73
06:35:37 PM   27   33.70    0.00   42.39    0.00    0.00    0.00    0.00    0.00    0.00   23.91
06:35:37 PM   28   33.71    0.00   40.45    0.00    0.00    0.00    0.00    0.00    0.00   25.84
06:35:37 PM   29   34.41    0.00   41.94    0.00    0.00    0.00    0.00    0.00    0.00   23.66
06:35:37 PM   30   34.41    0.00   41.94    0.00    0.00    0.00    0.00    0.00    0.00   23.66
06:35:37 PM   31   31.87    0.00   43.96    1.10    0.00    0.00    0.00    0.00    0.00   23.08
06:35:37 PM   32   33.71    0.00   41.57    0.00    0.00    0.00    0.00    0.00    0.00   24.72
06:35:37 PM   33   33.33    0.00   42.22    0.00    0.00    0.00    0.00    0.00    0.00   24.44
06:35:37 PM   34   32.97    0.00   42.86    0.00    0.00    0.00    0.00    0.00    0.00   24.18
06:35:37 PM   35   35.16    0.00   40.66    0.00    0.00    0.00    0.00    0.00    0.00   24.18
06:35:37 PM   36   34.78    0.00   41.30    0.00    0.00    0.00    0.00    0.00    0.00   23.91
06:35:37 PM   37   34.44    0.00   41.11    0.00    0.00    0.00    0.00    0.00    0.00   24.44
06:35:37 PM   38   35.87    0.00   40.22    0.00    0.00    0.00    0.00    0.00    0.00   23.91
06:35:37 PM   39   33.71    0.00   42.70    0.00    0.00    0.00    0.00    0.00    0.00   23.60
06:35:37 PM   40   32.97    0.00   41.76    1.10    0.00    0.00    0.00    0.00    0.00   24.18
06:35:37 PM   41   32.58    0.00   42.70    0.00    0.00    0.00    0.00    0.00    0.00   24.72
06:35:37 PM   42   35.48    0.00   40.86    0.00    0.00    0.00    0.00    0.00    0.00   23.66
06:35:37 PM   43   32.22    0.00   43.33    0.00    0.00    0.00    0.00    0.00    0.00   24.44
06:35:37 PM   44   34.74    0.00   41.05    1.05    0.00    0.00    0.00    0.00    0.00   23.16
06:35:37 PM   45   34.04    0.00   42.55    0.00    0.00    0.00    0.00    0.00    0.00   23.40
06:35:37 PM   46   33.71    0.00   42.70    0.00    0.00    0.00    0.00    0.00    0.00   23.60
06:35:37 PM   47   34.78    0.00   41.30    0.00    0.00    0.00    0.00    0.00    0.00   23.91
06:35:37 PM   48   33.71    0.00   42.70    0.00    0.00    0.00    0.00    0.00    0.00   23.60
06:35:37 PM   49   34.41    0.00   40.86    1.08    0.00    0.00    0.00    0.00    0.00   23.66
06:35:37 PM   50   32.61    0.00   44.57    0.00    0.00    0.00    0.00    0.00    0.00   22.83
06:35:37 PM   51   33.71    0.00   42.70    0.00    0.00    0.00    0.00    0.00    0.00   23.60
06:35:37 PM   52   31.87    0.00   42.86    1.10    0.00    0.00    0.00    0.00    0.00   24.18
06:35:37 PM   53   28.42    0.00   48.42    0.00    0.00    0.00    0.00    0.00    0.00   23.16
06:35:37 PM   54   33.33    0.00   40.86    1.08    0.00    0.00    0.00    0.00    0.00   24.73
06:35:37 PM   55   34.04    0.00   42.55    1.06    0.00    0.00    0.00    0.00    0.00   22.34
06:35:37 PM   56   33.71    0.00   41.57    0.00    0.00    0.00    0.00    0.00    0.00   24.72
06:35:37 PM   57   32.95    0.00   43.18    0.00    0.00    0.00    0.00    0.00    0.00   23.86
06:35:37 PM   58   32.97    0.00   42.86    0.00    0.00    0.00    0.00    0.00    0.00   24.18
06:35:37 PM   59   32.61    0.00   42.39    1.09    0.00    0.00    0.00    0.00    0.00   23.91
06:35:37 PM   60   34.07    0.00   40.66    1.10    0.00    0.00    0.00    0.00    0.00   24.18
06:35:37 PM   61   34.78    0.00   41.30    0.00    0.00    0.00    0.00    0.00    0.00   23.91
06:35:37 PM   62   34.07    0.00   41.76    0.00    0.00    0.00    0.00    0.00    0.00   24.18
06:35:37 PM   63   33.33    0.00   42.22    1.11    0.00    0.00    0.00    0.00    0.00   23.33
06:35:37 PM   64   32.97    0.00   42.86    0.00    0.00    0.00    0.00    0.00    0.00   24.18
06:35:37 PM   65   34.78    0.00   41.30    1.09    0.00    0.00    0.00    0.00    0.00   22.83
06:35:37 PM   66   33.33    0.00   43.33    0.00    0.00    0.00    0.00    0.00    0.00   23.33
06:35:37 PM   67   32.26    0.00   41.94    1.08    0.00    0.00    0.00    0.00    0.00   24.73
06:35:37 PM   68   35.48    0.00   39.78    0.00    0.00    0.00    0.00    0.00    0.00   24.73
06:35:37 PM   69   33.33    0.00   42.22    0.00    0.00    0.00    0.00    0.00    0.00   24.44
06:35:37 PM   70   32.61    0.00   42.39    1.09    0.00    0.00    0.00    0.00    0.00   23.91
06:35:37 PM   71   34.04    0.00   40.43    1.06    0.00    0.00    0.00    0.00    0.00   24.47
06:35:37 PM   72   32.97    0.00   41.76    1.10    0.00    0.00    0.00    0.00    0.00   24.18
06:35:37 PM   73   36.56    0.00   39.78    1.08    0.00    0.00    0.00    0.00    0.00   22.58
06:35:37 PM   74   32.63    0.00   41.05    1.05    0.00    0.00    0.00    0.00    0.00   25.26
06:35:37 PM   75   34.78    0.00   40.22    0.00    0.00    0.00    0.00    0.00    0.00   25.00
06:35:37 PM   76   31.87    0.00   43.96    0.00    0.00    0.00    0.00    0.00    0.00   24.18
06:35:37 PM   77   32.61    0.00   42.39    0.00    0.00    0.00    0.00    0.00    0.00   25.00
06:35:37 PM   78   32.26    0.00   40.86    1.08    0.00    0.00    0.00    0.00    0.00   25.81
06:35:37 PM   79   32.58    0.00   42.70    0.00    0.00    0.00    0.00    0.00    0.00   24.72

06:35:46 PM  CPU    %usr   %nice    %sys %iowait    %irq   %soft  %steal  %guest  %gnice   %idle
06:35:47 PM  all   33.73    0.00   42.65    0.34    0.00    0.00    0.00    0.00    0.00   23.28
06:35:47 PM    0   35.48    0.00   40.86    1.08    0.00    0.00    0.00    0.00    0.00   22.58
06:35:47 PM    1   32.63    0.00   43.16    1.05    0.00    0.00    0.00    0.00    0.00   23.16
06:35:47 PM    2   34.41    0.00   41.94    0.00    0.00    0.00    0.00    0.00    0.00   23.66
06:35:47 PM    3   32.61    0.00   44.57    0.00    0.00    0.00    0.00    0.00    0.00   22.83
06:35:47 PM    4   36.17    0.00   41.49    0.00    0.00    0.00    0.00    0.00    0.00   22.34
06:35:47 PM    5   33.68    0.00   43.16    1.05    0.00    0.00    0.00    0.00    0.00   22.11
06:35:47 PM    6   33.68    0.00   43.16    0.00    0.00    0.00    0.00    0.00    0.00   23.16
06:35:47 PM    7   32.63    0.00   44.21    0.00    0.00    0.00    0.00    0.00    0.00   23.16
06:35:47 PM    8   35.79    0.00   42.11    0.00    0.00    0.00    0.00    0.00    0.00   22.11
06:35:47 PM    9   32.26    0.00   43.01    1.08    0.00    0.00    0.00    0.00    0.00   23.66
06:35:47 PM   10   30.43    0.00   45.65    1.09    0.00    0.00    0.00    0.00    0.00   22.83
06:35:47 PM   11   35.11    0.00   41.49    1.06    0.00    0.00    0.00    0.00    0.00   22.34
06:35:47 PM   12   31.58    0.00   45.26    0.00    0.00    0.00    0.00    0.00    0.00   23.16
06:35:47 PM   13   35.56    0.00   41.11    0.00    0.00    0.00    0.00    0.00    0.00   23.33
06:35:47 PM   14   31.52    0.00   45.65    0.00    0.00    0.00    0.00    0.00    0.00   22.83
06:35:47 PM   15   34.04    0.00   42.55    0.00    0.00    0.00    0.00    0.00    0.00   23.40
06:35:47 PM   16   32.26    0.00   45.16    0.00    0.00    0.00    0.00    0.00    0.00   22.58
06:35:47 PM   17   34.41    0.00   43.01    0.00    0.00    0.00    0.00    0.00    0.00   22.58
06:35:47 PM   18   33.68    0.00   42.11    1.05    0.00    0.00    0.00    0.00    0.00   23.16
06:35:47 PM   19   35.87    0.00   41.30    0.00    0.00    0.00    0.00    0.00    0.00   22.83
06:35:47 PM   20   32.61    0.00   44.57    0.00    0.00    0.00    0.00    0.00    0.00   22.83
06:35:47 PM   21   33.68    0.00   42.11    1.05    0.00    0.00    0.00    0.00    0.00   23.16
06:35:47 PM   22   32.29    0.00   43.75    0.00    0.00    0.00    0.00    0.00    0.00   23.96
06:35:47 PM   23   31.87    0.00   43.96    0.00    0.00    0.00    0.00    0.00    0.00   24.18
06:35:47 PM   24   32.99    0.00   42.27    1.03    0.00    0.00    0.00    0.00    0.00   23.71
06:35:47 PM   25   35.11    0.00   40.43    1.06    0.00    0.00    0.00    0.00    0.00   23.40
06:35:47 PM   26   35.48    0.00   40.86    0.00    0.00    0.00    0.00    0.00    0.00   23.66
06:35:47 PM   27   34.04    0.00   42.55    0.00    0.00    0.00    0.00    0.00    0.00   23.40
06:35:47 PM   28   35.87    0.00   41.30    0.00    0.00    0.00    0.00    0.00    0.00   22.83
06:35:47 PM   29   35.11    0.00   40.43    1.06    0.00    0.00    0.00    0.00    0.00   23.40
06:35:47 PM   30   32.97    0.00   43.96    0.00    0.00    0.00    0.00    0.00    0.00   23.08
06:35:47 PM   31   32.97    0.00   42.86    0.00    0.00    0.00    0.00    0.00    0.00   24.18
06:35:47 PM   32   32.26    0.00   43.01    1.08    0.00    0.00    0.00    0.00    0.00   23.66
06:35:47 PM   33   34.78    0.00   41.30    0.00    0.00    0.00    0.00    0.00    0.00   23.91
06:35:47 PM   34   32.97    0.00   42.86    0.00    0.00    0.00    0.00    0.00    0.00   24.18
06:35:47 PM   35   34.07    0.00   41.76    0.00    0.00    0.00    0.00    0.00    0.00   24.18
06:35:47 PM   36   34.78    0.00   41.30    1.09    0.00    0.00    0.00    0.00    0.00   22.83
06:35:47 PM   37   34.04    0.00   42.55    0.00    0.00    0.00    0.00    0.00    0.00   23.40
06:35:47 PM   38   31.91    0.00   44.68    0.00    0.00    0.00    0.00    0.00    0.00   23.40
06:35:47 PM   39   34.04    0.00   42.55    0.00    0.00    0.00    0.00    0.00    0.00   23.40
06:35:47 PM   40   35.16    0.00   41.76    0.00    0.00    0.00    0.00    0.00    0.00   23.08
06:35:47 PM   41   31.87    0.00   43.96    0.00    0.00    0.00    0.00    0.00    0.00   24.18
06:35:47 PM   42   35.11    0.00   41.49    0.00    0.00    0.00    0.00    0.00    0.00   23.40
06:35:47 PM   43   32.29    0.00   43.75    1.04    0.00    0.00    0.00    0.00    0.00   22.92
06:35:47 PM   44   32.98    0.00   43.62    0.00    0.00    0.00    0.00    0.00    0.00   23.40
06:35:47 PM   45   31.91    0.00   43.62    1.06    0.00    0.00    0.00    0.00    0.00   23.40
06:35:47 PM   46   35.87    0.00   41.30    0.00    0.00    0.00    0.00    0.00    0.00   22.83
06:35:47 PM   47   30.43    0.00   46.74    0.00    0.00    0.00    0.00    0.00    0.00   22.83
06:35:47 PM   48   35.16    0.00   41.76    0.00    0.00    0.00    0.00    0.00    0.00   23.08
06:35:47 PM   49   35.48    0.00   40.86    0.00    0.00    0.00    0.00    0.00    0.00   23.66
06:35:47 PM   50   32.63    0.00   44.21    1.05    0.00    0.00    0.00    0.00    0.00   22.11
06:35:47 PM   51   35.11    0.00   42.55    0.00    0.00    0.00    0.00    0.00    0.00   22.34
06:35:47 PM   52   35.48    0.00   41.94    0.00    0.00    0.00    0.00    0.00    0.00   22.58
06:35:47 PM   53   33.33    0.00   43.01    1.08    0.00    0.00    0.00    0.00    0.00   22.58
06:35:47 PM   54   33.68    0.00   42.11    1.05    0.00    0.00    0.00    0.00    0.00   23.16
06:35:47 PM   55   35.48    0.00   41.94    0.00    0.00    0.00    0.00    0.00    0.00   22.58
06:35:47 PM   56   33.33    0.00   41.94    1.08    0.00    0.00    0.00    0.00    0.00   23.66
06:35:47 PM   57   36.17    0.00   41.49    0.00    0.00    0.00    0.00    0.00    0.00   22.34
06:35:47 PM   58   36.17    0.00   41.49    0.00    0.00    0.00    0.00    0.00    0.00   22.34
06:35:47 PM   59   36.17    0.00   41.49    0.00    0.00    0.00    0.00    0.00    0.00   22.34
06:35:47 PM   60   33.70    0.00   43.48    0.00    0.00    0.00    0.00    0.00    0.00   22.83
06:35:47 PM   61   35.48    0.00   39.78    0.00    0.00    0.00    0.00    0.00    0.00   24.73
06:35:47 PM   62   32.26    0.00   43.01    1.08    0.00    0.00    0.00    0.00    0.00   23.66
06:35:47 PM   63   32.61    0.00   42.39    1.09    0.00    0.00    0.00    0.00    0.00   23.91
06:35:47 PM   64   32.63    0.00   43.16    1.05    0.00    0.00    0.00    0.00    0.00   23.16
06:35:47 PM   65   32.97    0.00   42.86    0.00    0.00    0.00    0.00    0.00    0.00   24.18
06:35:47 PM   66   34.78    0.00   42.39    0.00    0.00    0.00    0.00    0.00    0.00   22.83
06:35:47 PM   67   32.26    0.00   44.09    0.00    0.00    0.00    0.00    0.00    0.00   23.66
06:35:47 PM   68   32.98    0.00   43.62    0.00    0.00    0.00    0.00    0.00    0.00   23.40
06:35:47 PM   69   35.11    0.00   41.49    0.00    0.00    0.00    0.00    0.00    0.00   23.40
06:35:47 PM   70   32.26    0.00   44.09    0.00    0.00    0.00    0.00    0.00    0.00   23.66
06:35:47 PM   71   32.61    0.00   43.48    0.00    0.00    0.00    0.00    0.00    0.00   23.91
06:35:47 PM   72   34.04    0.00   42.55    0.00    0.00    0.00    0.00    0.00    0.00   23.40
06:35:47 PM   73   34.04    0.00   42.55    0.00    0.00    0.00    0.00    0.00    0.00   23.40
06:35:47 PM   74   33.33    0.00   41.94    0.00    0.00    0.00    0.00    0.00    0.00   24.73
06:35:47 PM   75   31.91    0.00   42.55    1.06    0.00    0.00    0.00    0.00    0.00   24.47
06:35:47 PM   76   33.33    0.00   41.94    1.08    0.00    0.00    0.00    0.00    0.00   23.66
06:35:47 PM   77   33.70    0.00   42.39    0.00    0.00    0.00    0.00    0.00    0.00   23.91
06:35:47 PM   78   32.63    0.00   42.11    1.05    0.00    0.00    0.00    0.00    0.00   24.21
06:35:47 PM   79   34.44    0.00   41.11    0.00    0.00    0.00    0.00    0.00    0.00   24.44

06:35:56 PM  CPU    %usr   %nice    %sys %iowait    %irq   %soft  %steal  %guest  %gnice   %idle
06:35:57 PM  all   29.17    0.00   44.91    0.56    0.00    0.00    0.00    0.00    0.00   25.37
06:35:57 PM    0   26.32    0.00   48.42    1.05    0.00    0.00    0.00    0.00    0.00   24.21
06:35:57 PM    1   28.87    0.00   45.36    1.03    0.00    0.00    0.00    0.00    0.00   24.74
06:35:57 PM    2   27.66    0.00   46.81    0.00    0.00    0.00    0.00    0.00    0.00   25.53
06:35:57 PM    3   29.79    0.00   43.62    1.06    0.00    0.00    0.00    0.00    0.00   25.53
06:35:57 PM    4   29.47    0.00   43.16    1.05    0.00    0.00    0.00    0.00    0.00   26.32
06:35:57 PM    5   27.66    0.00   46.81    1.06    0.00    0.00    0.00    0.00    0.00   24.47
06:35:57 PM    6   28.72    0.00   45.74    0.00    0.00    0.00    0.00    0.00    0.00   25.53
06:35:57 PM    7   28.42    0.00   44.21    1.05    0.00    0.00    0.00    0.00    0.00   26.32
06:35:57 PM    8   28.26    0.00   45.65    0.00    0.00    0.00    0.00    0.00    0.00   26.09
06:35:57 PM    9   27.66    0.00   46.81    0.00    0.00    0.00    0.00    0.00    0.00   25.53
06:35:57 PM   10   29.03    0.00   43.01    1.08    0.00    0.00    0.00    0.00    0.00   26.88
06:35:57 PM   11   27.17    0.00   45.65    0.00    0.00    0.00    0.00    0.00    0.00   27.17
06:35:57 PM   12   29.47    0.00   44.21    1.05    0.00    0.00    0.00    0.00    0.00   25.26
06:35:57 PM   13   26.88    0.00   47.31    0.00    0.00    0.00    0.00    0.00    0.00   25.81
06:35:57 PM   14   31.18    0.00   44.09    0.00    0.00    0.00    0.00    0.00    0.00   24.73
06:35:57 PM   15   29.90    0.00   44.33    1.03    0.00    0.00    0.00    0.00    0.00   24.74
06:35:57 PM   16   26.60    0.00   48.94    0.00    0.00    0.00    0.00    0.00    0.00   24.47
06:35:57 PM   17   27.08    0.00   46.88    1.04    0.00    0.00    0.00    0.00    0.00   25.00
06:35:57 PM   18   29.03    0.00   45.16    1.08    0.00    0.00    0.00    0.00    0.00   24.73
06:35:57 PM   19   30.53    0.00   43.16    0.00    0.00    0.00    0.00    0.00    0.00   26.32
06:35:57 PM   20   29.35    0.00   44.57    0.00    0.00    0.00    0.00    0.00    0.00   26.09
06:35:57 PM   21   28.26    0.00   45.65    0.00    0.00    0.00    0.00    0.00    0.00   26.09
06:35:57 PM   22   30.85    0.00   42.55    1.06    0.00    0.00    0.00    0.00    0.00   25.53
06:35:57 PM   23   29.90    0.00   45.36    1.03    0.00    0.00    0.00    0.00    0.00   23.71
06:35:57 PM   24   30.85    0.00   43.62    1.06    0.00    0.00    0.00    0.00    0.00   24.47
06:35:57 PM   25   27.96    0.00   45.16    1.08    0.00    0.00    0.00    0.00    0.00   25.81
06:35:57 PM   26   30.43    0.00   44.57    0.00    0.00    0.00    0.00    0.00    0.00   25.00
06:35:57 PM   27   31.52    0.00   42.39    0.00    0.00    0.00    0.00    0.00    0.00   26.09
06:35:57 PM   28   26.88    0.00   48.39    0.00    0.00    0.00    0.00    0.00    0.00   24.73
06:35:57 PM   29   31.46    0.00   43.82    0.00    0.00    0.00    0.00    0.00    0.00   24.72
06:35:57 PM   30   31.58    0.00   43.16    0.00    0.00    0.00    0.00    0.00    0.00   25.26
06:35:57 PM   31   28.72    0.00   44.68    1.06    0.00    0.00    0.00    0.00    0.00   25.53
06:35:57 PM   32   28.72    0.00   45.74    0.00    0.00    0.00    0.00    0.00    0.00   25.53
06:35:57 PM   33   28.89    0.00   45.56    0.00    0.00    0.00    0.00    0.00    0.00   25.56
06:35:57 PM   34   30.11    0.00   44.09    1.08    0.00    0.00    0.00    0.00    0.00   24.73
06:35:57 PM   35   29.90    0.00   43.30    0.00    0.00    0.00    0.00    0.00    0.00   26.80
06:35:57 PM   36   30.85    0.00   43.62    0.00    0.00    0.00    0.00    0.00    0.00   25.53
06:35:57 PM   37   28.42    0.00   45.26    1.05    0.00    0.00    0.00    0.00    0.00   25.26
06:35:57 PM   38   28.72    0.00   45.74    1.06    0.00    0.00    0.00    0.00    0.00   24.47
06:35:57 PM   39   30.11    0.00   43.01    1.08    0.00    0.00    0.00    0.00    0.00   25.81
06:35:57 PM   40   28.42    0.00   45.26    1.05    0.00    0.00    0.00    0.00    0.00   25.26
06:35:57 PM   41   30.53    0.00   43.16    1.05    0.00    0.00    0.00    0.00    0.00   25.26
06:35:57 PM   42   29.03    0.00   44.09    1.08    0.00    0.00    0.00    0.00    0.00   25.81
06:35:57 PM   43   29.59    0.00   44.90    1.02    0.00    0.00    0.00    0.00    0.00   24.49
06:35:57 PM   44   28.12    0.00   44.79    1.04    0.00    0.00    0.00    0.00    0.00   26.04
06:35:57 PM   45   30.77    0.00   43.96    0.00    0.00    0.00    0.00    0.00    0.00   25.27
06:35:57 PM   46   29.03    0.00   45.16    0.00    0.00    0.00    0.00    0.00    0.00   25.81
06:35:57 PM   47   27.37    0.00   45.26    1.05    0.00    0.00    0.00    0.00    0.00   26.32
06:35:57 PM   48   30.21    0.00   43.75    0.00    0.00    0.00    0.00    0.00    0.00   26.04
06:35:57 PM   49   29.79    0.00   44.68    0.00    0.00    0.00    0.00    0.00    0.00   25.53
06:35:57 PM   50   29.79    0.00   44.68    0.00    0.00    0.00    0.00    0.00    0.00   25.53
06:35:57 PM   51   29.47    0.00   44.21    0.00    0.00    0.00    0.00    0.00    0.00   26.32
06:35:57 PM   52   30.21    0.00   43.75    1.04    0.00    0.00    0.00    0.00    0.00   25.00
06:35:57 PM   53   31.58    0.00   43.16    0.00    0.00    0.00    0.00    0.00    0.00   25.26
06:35:57 PM   54   29.90    0.00   44.33    1.03    0.00    0.00    0.00    0.00    0.00   24.74
06:35:57 PM   55   26.60    0.00   47.87    0.00    0.00    0.00    0.00    0.00    0.00   25.53
06:35:57 PM   56   29.67    0.00   45.05    0.00    0.00    0.00    0.00    0.00    0.00   25.27
06:35:57 PM   57   27.37    0.00   46.32    0.00    0.00    0.00    0.00    0.00    0.00   26.32
06:35:57 PM   58   31.58    0.00   43.16    1.05    0.00    0.00    0.00    0.00    0.00   24.21
06:35:57 PM   59   29.79    0.00   44.68    1.06    0.00    0.00    0.00    0.00    0.00   24.47
06:35:57 PM   60   28.42    0.00   45.26    1.05    0.00    0.00    0.00    0.00    0.00   25.26
06:35:57 PM   61   29.47    0.00   44.21    1.05    0.00    0.00    0.00    0.00    0.00   25.26
06:35:57 PM   62   29.79    0.00   44.68    0.00    0.00    0.00    0.00    0.00    0.00   25.53
06:35:57 PM   63   28.72    0.00   45.74    0.00    0.00    0.00    0.00    0.00    0.00   25.53
06:35:57 PM   64   28.72    0.00   44.68    1.06    0.00    0.00    0.00    0.00    0.00   25.53
06:35:57 PM   65   27.37    0.00   47.37    1.05    0.00    0.00    0.00    0.00    0.00   24.21
06:35:57 PM   66   28.26    0.00   45.65    1.09    0.00    0.00    0.00    0.00    0.00   25.00
06:35:57 PM   67   29.03    0.00   45.16    1.08    0.00    0.00    0.00    0.00    0.00   24.73
06:35:57 PM   68   27.66    0.00   46.81    0.00    0.00    0.00    0.00    0.00    0.00   25.53
06:35:57 PM   69   30.53    0.00   43.16    1.05    0.00    0.00    0.00    0.00    0.00   25.26
06:35:57 PM   70   29.79    0.00   43.62    2.13    0.00    0.00    0.00    0.00    0.00   24.47
06:35:57 PM   71   29.47    0.00   44.21    1.05    0.00    0.00    0.00    0.00    0.00   25.26
06:35:57 PM   72   29.79    0.00   44.68    0.00    0.00    0.00    0.00    0.00    0.00   25.53
06:35:57 PM   73   29.17    0.00   45.83    0.00    0.00    0.00    0.00    0.00    0.00   25.00
06:35:57 PM   74   28.42    0.00   45.26    0.00    0.00    0.00    0.00    0.00    0.00   26.32
06:35:57 PM   75   29.47    0.00   44.21    1.05    0.00    0.00    0.00    0.00    0.00   25.26
06:35:57 PM   76   30.21    0.00   43.75    0.00    0.00    0.00    0.00    0.00    0.00   26.04
06:35:57 PM   77   29.17    0.00   45.83    1.04    0.00    0.00    0.00    0.00    0.00   23.96
06:35:57 PM   78   29.03    0.00   45.16    0.00    0.00    0.00    0.00    0.00    0.00   25.81
06:35:57 PM   79   28.72    0.00   45.74    0.00    0.00    0.00    0.00    0.00    0.00   25.53

06:36:06 PM  CPU    %usr   %nice    %sys %iowait    %irq   %soft  %steal  %guest  %gnice   %idle
06:36:07 PM  all   29.78    0.00   42.97    0.52    0.00    0.00    0.00    0.00    0.00   26.72
06:36:07 PM    0   27.47    0.00   45.05    0.00    0.00    0.00    0.00    0.00    0.00   27.47
06:36:07 PM    1   27.66    0.00   44.68    1.06    0.00    0.00    0.00    0.00    0.00   26.60
06:36:07 PM    2   28.72    0.00   42.55    1.06    0.00    0.00    0.00    0.00    0.00   27.66
06:36:07 PM    3   29.35    0.00   42.39    1.09    0.00    0.00    0.00    0.00    0.00   27.17
06:36:07 PM    4   30.85    0.00   41.49    1.06    0.00    0.00    0.00    0.00    0.00   26.60
06:36:07 PM    5   29.03    0.00   44.09    0.00    0.00    0.00    0.00    0.00    0.00   26.88
06:36:07 PM    6   27.96    0.00   44.09    0.00    0.00    0.00    0.00    0.00    0.00   27.96
06:36:07 PM    7   31.91    0.00   41.49    0.00    0.00    0.00    0.00    0.00    0.00   26.60
06:36:07 PM    8   27.17    0.00   44.57    0.00    0.00    0.00    0.00    0.00    0.00   28.26
06:36:07 PM    9   28.42    0.00   43.16    1.05    0.00    0.00    0.00    0.00    0.00   27.37
06:36:07 PM   10   30.11    0.00   41.94    1.08    0.00    0.00    0.00    0.00    0.00   26.88
06:36:07 PM   11   29.79    0.00   42.55    1.06    0.00    0.00    0.00    0.00    0.00   26.60
06:36:07 PM   12   30.85    0.00   40.43    1.06    0.00    0.00    0.00    0.00    0.00   27.66
06:36:07 PM   13   30.85    0.00   42.55    0.00    0.00    0.00    0.00    0.00    0.00   26.60
06:36:07 PM   14   28.72    0.00   42.55    1.06    0.00    0.00    0.00    0.00    0.00   27.66
06:36:07 PM   15   30.85    0.00   41.49    0.00    0.00    0.00    0.00    0.00    0.00   27.66
06:36:07 PM   16   29.35    0.00   41.30    0.00    0.00    0.00    0.00    0.00    0.00   29.35
06:36:07 PM   17   28.72    0.00   42.55    1.06    0.00    0.00    0.00    0.00    0.00   27.66
06:36:07 PM   18   30.21    0.00   42.71    1.04    0.00    0.00    0.00    0.00    0.00   26.04
06:36:07 PM   19   27.96    0.00   43.01    0.00    0.00    0.00    0.00    0.00    0.00   29.03
06:36:07 PM   20   30.11    0.00   44.09    0.00    0.00    0.00    0.00    0.00    0.00   25.81
06:36:07 PM   21   30.85    0.00   41.49    1.06    0.00    0.00    0.00    0.00    0.00   26.60
06:36:07 PM   22   28.89    0.00   45.56    0.00    0.00    0.00    0.00    0.00    0.00   25.56
06:36:07 PM   23   29.79    0.00   43.62    0.00    0.00    0.00    0.00    0.00    0.00   26.60
06:36:07 PM   24   30.53    0.00   44.21    0.00    0.00    0.00    0.00    0.00    0.00   25.26
06:36:07 PM   25   31.52    0.00   41.30    0.00    0.00    0.00    0.00    0.00    0.00   27.17
06:36:07 PM   26   31.52    0.00   41.30    1.09    0.00    0.00    0.00    0.00    0.00   26.09
06:36:07 PM   27   29.47    0.00   44.21    0.00    0.00    0.00    0.00    0.00    0.00   26.32
06:36:07 PM   28   30.85    0.00   43.62    0.00    0.00    0.00    0.00    0.00    0.00   25.53
06:36:07 PM   29   28.72    0.00   44.68    0.00    0.00    0.00    0.00    0.00    0.00   26.60
06:36:07 PM   30   31.52    0.00   42.39    1.09    0.00    0.00    0.00    0.00    0.00   25.00
06:36:07 PM   31   30.85    0.00   42.55    1.06    0.00    0.00    0.00    0.00    0.00   25.53
06:36:07 PM   32   29.79    0.00   43.62    1.06    0.00    0.00    0.00    0.00    0.00   25.53
06:36:07 PM   33   30.53    0.00   42.11    1.05    0.00    0.00    0.00    0.00    0.00   26.32
06:36:07 PM   34   30.11    0.00   44.09    0.00    0.00    0.00    0.00    0.00    0.00   25.81
06:36:07 PM   35   30.85    0.00   42.55    0.00    0.00    0.00    0.00    0.00    0.00   26.60
06:36:07 PM   36   31.18    0.00   43.01    0.00    0.00    0.00    0.00    0.00    0.00   25.81
06:36:07 PM   37   30.85    0.00   42.55    1.06    0.00    0.00    0.00    0.00    0.00   25.53
06:36:07 PM   38   31.58    0.00   42.11    0.00    0.00    0.00    0.00    0.00    0.00   26.32
06:36:07 PM   39   30.21    0.00   42.71    1.04    0.00    0.00    0.00    0.00    0.00   26.04
06:36:07 PM   40   29.35    0.00   42.39    0.00    0.00    0.00    0.00    0.00    0.00   28.26
06:36:07 PM   41   27.96    0.00   44.09    1.08    0.00    0.00    0.00    0.00    0.00   26.88
06:36:07 PM   42   30.77    0.00   40.66    0.00    0.00    0.00    0.00    0.00    0.00   28.57
06:36:07 PM   43   28.42    0.00   43.16    1.05    0.00    0.00    0.00    0.00    0.00   27.37
06:36:07 PM   44   29.79    0.00   42.55    1.06    0.00    0.00    0.00    0.00    0.00   26.60
06:36:07 PM   45   30.43    0.00   42.39    0.00    0.00    0.00    0.00    0.00    0.00   27.17
06:36:07 PM   46   27.66    0.00   44.68    1.06    0.00    0.00    0.00    0.00    0.00   26.60
06:36:07 PM   47   30.11    0.00   41.94    1.08    0.00    0.00    0.00    0.00    0.00   26.88
06:36:07 PM   48   29.03    0.00   43.01    1.08    0.00    0.00    0.00    0.00    0.00   26.88
06:36:07 PM   49   27.66    0.00   44.68    0.00    0.00    0.00    0.00    0.00    0.00   27.66
06:36:07 PM   50   29.47    0.00   43.16    0.00    0.00    0.00    0.00    0.00    0.00   27.37
06:36:07 PM   51   25.00    0.00   46.74    0.00    0.00    0.00    0.00    0.00    0.00   28.26
06:36:07 PM   52   30.85    0.00   40.43    0.00    0.00    0.00    0.00    0.00    0.00   28.72
06:36:07 PM   53   30.11    0.00   40.86    1.08    0.00    0.00    0.00    0.00    0.00   27.96
06:36:07 PM   54   28.72    0.00   42.55    0.00    0.00    0.00    0.00    0.00    0.00   28.72
06:36:07 PM   55   27.96    0.00   43.01    1.08    0.00    0.00    0.00    0.00    0.00   27.96
06:36:07 PM   56   30.53    0.00   41.05    1.05    0.00    0.00    0.00    0.00    0.00   27.37
06:36:07 PM   57   27.47    0.00   45.05    0.00    0.00    0.00    0.00    0.00    0.00   27.47
06:36:07 PM   58   28.57    0.00   43.96    0.00    0.00    0.00    0.00    0.00    0.00   27.47
06:36:07 PM   59   26.09    0.00   45.65    0.00    0.00    0.00    0.00    0.00    0.00   28.26
06:36:07 PM   60   29.79    0.00   42.55    1.06    0.00    0.00    0.00    0.00    0.00   26.60
06:36:07 PM   61   28.42    0.00   44.21    1.05    0.00    0.00    0.00    0.00    0.00   26.32
06:36:07 PM   62   30.11    0.00   43.01    0.00    0.00    0.00    0.00    0.00    0.00   26.88
06:36:07 PM   63   29.67    0.00   45.05    0.00    0.00    0.00    0.00    0.00    0.00   25.27
06:36:07 PM   64   33.33    0.00   40.62    1.04    0.00    0.00    0.00    0.00    0.00   25.00
06:36:07 PM   65   32.98    0.00   40.43    1.06    0.00    0.00    0.00    0.00    0.00   25.53
06:36:07 PM   66   31.58    0.00   43.16    0.00    0.00    0.00    0.00    0.00    0.00   25.26
06:36:07 PM   67   30.11    0.00   44.09    0.00    0.00    0.00    0.00    0.00    0.00   25.81
06:36:07 PM   68   32.26    0.00   39.78    1.08    0.00    0.00    0.00    0.00    0.00   26.88
06:36:07 PM   69   29.79    0.00   43.62    0.00    0.00    0.00    0.00    0.00    0.00   26.60
06:36:07 PM   70   30.93    0.00   42.27    1.03    0.00    0.00    0.00    0.00    0.00   25.77
06:36:07 PM   71   30.85    0.00   42.55    0.00    0.00    0.00    0.00    0.00    0.00   26.60
06:36:07 PM   72   30.85    0.00   43.62    1.06    0.00    0.00    0.00    0.00    0.00   24.47
06:36:07 PM   73   29.47    0.00   44.21    1.05    0.00    0.00    0.00    0.00    0.00   25.26
06:36:07 PM   74   31.87    0.00   40.66    0.00    0.00    0.00    0.00    0.00    0.00   27.47
06:36:07 PM   75   29.21    0.00   43.82    0.00    0.00    0.00    0.00    0.00    0.00   26.97
06:36:07 PM   76   30.11    0.00   44.09    1.08    0.00    0.00    0.00    0.00    0.00   24.73
06:36:07 PM   77   29.79    0.00   43.62    1.06    0.00    0.00    0.00    0.00    0.00   25.53
06:36:07 PM   78   29.47    0.00   44.21    1.05    0.00    0.00    0.00    0.00    0.00   25.26
06:36:07 PM   79   30.11    0.00   44.09    0.00    0.00    0.00    0.00    0.00    0.00   25.81

06:36:16 PM  CPU    %usr   %nice    %sys %iowait    %irq   %soft  %steal  %guest  %gnice   %idle
06:36:17 PM  all   30.13    0.00   43.93    0.46    0.00    0.00    0.00    0.00    0.00   25.47
06:36:17 PM    0   29.79    0.00   44.68    1.06    0.00    0.00    0.00    0.00    0.00   24.47
06:36:17 PM    1   29.79    0.00   44.68    1.06    0.00    0.00    0.00    0.00    0.00   24.47
06:36:17 PM    2   30.93    0.00   42.27    1.03    0.00    0.00    0.00    0.00    0.00   25.77
06:36:17 PM    3   31.18    0.00   44.09    0.00    0.00    0.00    0.00    0.00    0.00   24.73
06:36:17 PM    4   30.85    0.00   44.68    0.00    0.00    0.00    0.00    0.00    0.00   24.47
06:36:17 PM    5   31.91    0.00   43.62    0.00    0.00    0.00    0.00    0.00    0.00   24.47
06:36:17 PM    6   31.18    0.00   44.09    0.00    0.00    0.00    0.00    0.00    0.00   24.73
06:36:17 PM    7   26.09    0.00   47.83    0.00    0.00    0.00    0.00    0.00    0.00   26.09
06:36:17 PM    8   30.21    0.00   43.75    1.04    0.00    0.00    0.00    0.00    0.00   25.00
06:36:17 PM    9   30.21    0.00   44.79    0.00    0.00    0.00    0.00    0.00    0.00   25.00
06:36:17 PM   10   32.63    0.00   42.11    0.00    0.00    0.00    0.00    0.00    0.00   25.26
06:36:17 PM   11   30.93    0.00   45.36    0.00    0.00    0.00    0.00    0.00    0.00   23.71
06:36:17 PM   12   30.21    0.00   43.75    1.04    0.00    0.00    0.00    0.00    0.00   25.00
06:36:17 PM   13   31.96    0.00   43.30    0.00    0.00    0.00    0.00    0.00    0.00   24.74
06:36:17 PM   14   33.33    0.00   41.67    0.00    0.00    0.00    0.00    0.00    0.00   25.00
06:36:17 PM   15   30.53    0.00   44.21    0.00    0.00    0.00    0.00    0.00    0.00   25.26
06:36:17 PM   16   32.29    0.00   42.71    1.04    0.00    0.00    0.00    0.00    0.00   23.96
06:36:17 PM   17   26.32    0.00   48.42    1.05    0.00    0.00    0.00    0.00    0.00   24.21
06:36:17 PM   18   32.29    0.00   41.67    1.04    0.00    0.00    0.00    0.00    0.00   25.00
06:36:17 PM   19   32.29    0.00   42.71    0.00    0.00    0.00    0.00    0.00    0.00   25.00
06:36:17 PM   20   30.43    0.00   42.39    0.00    0.00    0.00    0.00    0.00    0.00   27.17
06:36:17 PM   21   28.42    0.00   44.21    1.05    0.00    0.00    0.00    0.00    0.00   26.32
06:36:17 PM   22   28.72    0.00   43.62    1.06    0.00    0.00    0.00    0.00    0.00   26.60
06:36:17 PM   23   30.11    0.00   43.01    1.08    0.00    0.00    0.00    0.00    0.00   25.81
06:36:17 PM   24   29.17    0.00   43.75    1.04    0.00    0.00    0.00    0.00    0.00   26.04
06:36:17 PM   25   28.42    0.00   45.26    0.00    0.00    0.00    0.00    0.00    0.00   26.32
06:36:17 PM   26   30.53    0.00   42.11    0.00    0.00    0.00    0.00    0.00    0.00   27.37
06:36:17 PM   27   29.17    0.00   42.71    1.04    0.00    0.00    0.00    0.00    0.00   27.08
06:36:17 PM   28   31.58    0.00   42.11    0.00    0.00    0.00    0.00    0.00    0.00   26.32
06:36:17 PM   29   30.11    0.00   43.01    1.08    0.00    0.00    0.00    0.00    0.00   25.81
06:36:17 PM   30   29.79    0.00   43.62    1.06    0.00    0.00    0.00    0.00    0.00   25.53
06:36:17 PM   31   29.79    0.00   44.68    1.06    0.00    0.00    0.00    0.00    0.00   24.47
06:36:17 PM   32   32.26    0.00   39.78    1.08    0.00    0.00    0.00    0.00    0.00   26.88
06:36:17 PM   33   32.61    0.00   41.30    0.00    0.00    0.00    0.00    0.00    0.00   26.09
06:36:17 PM   34   27.17    0.00   45.65    1.09    0.00    0.00    0.00    0.00    0.00   26.09
06:36:17 PM   35   29.79    0.00   43.62    1.06    0.00    0.00    0.00    0.00    0.00   25.53
06:36:17 PM   36   30.11    0.00   43.01    0.00    0.00    0.00    0.00    0.00    0.00   26.88
06:36:17 PM   37   30.85    0.00   41.49    0.00    0.00    0.00    0.00    0.00    0.00   27.66
06:36:17 PM   38   29.03    0.00   43.01    1.08    0.00    0.00    0.00    0.00    0.00   26.88
06:36:17 PM   39   30.85    0.00   42.55    1.06    0.00    0.00    0.00    0.00    0.00   25.53
06:36:17 PM   40   31.18    0.00   44.09    0.00    0.00    0.00    0.00    0.00    0.00   24.73
06:36:17 PM   41   31.58    0.00   43.16    0.00    0.00    0.00    0.00    0.00    0.00   25.26
06:36:17 PM   42   33.68    0.00   43.16    0.00    0.00    0.00    0.00    0.00    0.00   23.16
06:36:17 PM   43   31.58    0.00   43.16    0.00    0.00    0.00    0.00    0.00    0.00   25.26
06:36:17 PM   44   29.17    0.00   45.83    1.04    0.00    0.00    0.00    0.00    0.00   23.96
06:36:17 PM   45   29.79    0.00   45.74    0.00    0.00    0.00    0.00    0.00    0.00   24.47
06:36:17 PM   46   28.72    0.00   45.74    1.06    0.00    0.00    0.00    0.00    0.00   24.47
06:36:17 PM   47   29.67    0.00   45.05    0.00    0.00    0.00    0.00    0.00    0.00   25.27
06:36:17 PM   48   31.25    0.00   44.79    0.00    0.00    0.00    0.00    0.00    0.00   23.96
06:36:17 PM   49   29.79    0.00   45.74    0.00    0.00    0.00    0.00    0.00    0.00   24.47
06:36:17 PM   50   30.21    0.00   45.83    0.00    0.00    0.00    0.00    0.00    0.00   23.96
06:36:17 PM   51   32.61    0.00   42.39    0.00    0.00    0.00    0.00    0.00    0.00   25.00
06:36:17 PM   52   27.37    0.00   46.32    1.05    0.00    0.00    0.00    0.00    0.00   25.26
06:36:17 PM   53   28.42    0.00   46.32    1.05    0.00    0.00    0.00    0.00    0.00   24.21
06:36:17 PM   54   29.47    0.00   45.26    0.00    0.00    0.00    0.00    0.00    0.00   25.26
06:36:17 PM   55   28.12    0.00   46.88    1.04    0.00    0.00    0.00    0.00    0.00   23.96
06:36:17 PM   56   30.93    0.00   44.33    0.00    0.00    0.00    0.00    0.00    0.00   24.74
06:36:17 PM   57   30.93    0.00   44.33    1.03    0.00    0.00    0.00    0.00    0.00   23.71
06:36:17 PM   58   28.12    0.00   46.88    0.00    0.00    0.00    0.00    0.00    0.00   25.00
06:36:17 PM   59   32.63    0.00   43.16    1.05    0.00    0.00    0.00    0.00    0.00   23.16
06:36:17 PM   60   27.37    0.00   45.26    1.05    0.00    0.00    0.00    0.00    0.00   26.32
06:36:17 PM   61   32.29    0.00   41.67    0.00    0.00    0.00    0.00    0.00    0.00   26.04
06:36:17 PM   62   30.11    0.00   43.01    0.00    0.00    0.00    0.00    0.00    0.00   26.88
06:36:17 PM   63   29.47    0.00   43.16    1.05    0.00    0.00    0.00    0.00    0.00   26.32
06:36:17 PM   64   29.79    0.00   43.62    0.00    0.00    0.00    0.00    0.00    0.00   26.60
06:36:17 PM   65   30.53    0.00   42.11    1.05    0.00    0.00    0.00    0.00    0.00   26.32
06:36:17 PM   66   30.11    0.00   43.01    1.08    0.00    0.00    0.00    0.00    0.00   25.81
06:36:17 PM   67   30.43    0.00   43.48    0.00    0.00    0.00    0.00    0.00    0.00   26.09
06:36:17 PM   68   27.66    0.00   45.74    0.00    0.00    0.00    0.00    0.00    0.00   26.60
06:36:17 PM   69   30.53    0.00   43.16    0.00    0.00    0.00    0.00    0.00    0.00   26.32
06:36:17 PM   70   29.03    0.00   44.09    0.00    0.00    0.00    0.00    0.00    0.00   26.88
06:36:17 PM   71   30.53    0.00   43.16    0.00    0.00    0.00    0.00    0.00    0.00   26.32
06:36:17 PM   72   27.96    0.00   45.16    0.00    0.00    0.00    0.00    0.00    0.00   26.88
06:36:17 PM   73   27.96    0.00   45.16    0.00    0.00    0.00    0.00    0.00    0.00   26.88
06:36:17 PM   74   28.42    0.00   45.26    0.00    0.00    0.00    0.00    0.00    0.00   26.32
06:36:17 PM   75   31.18    0.00   41.94    1.08    0.00    0.00    0.00    0.00    0.00   25.81
06:36:17 PM   76   30.11    0.00   43.01    0.00    0.00    0.00    0.00    0.00    0.00   26.88
06:36:17 PM   77   30.21    0.00   42.71    1.04    0.00    0.00    0.00    0.00    0.00   26.04
06:36:17 PM   78   29.79    0.00   44.68    0.00    0.00    0.00    0.00    0.00    0.00   25.53
06:36:17 PM   79   27.66    0.00   45.74    1.06    0.00    0.00    0.00    0.00    0.00   25.53

06:36:26 PM  CPU    %usr   %nice    %sys %iowait    %irq   %soft  %steal  %guest  %gnice   %idle
06:36:27 PM  all   29.99    0.00   44.36    0.56    0.00    0.00    0.00    0.00    0.00   25.09
06:36:27 PM    0   30.53    0.00   46.32    1.05    0.00    0.00    0.00    0.00    0.00   22.11
06:36:27 PM    1   29.79    0.00   46.81    0.00    0.00    0.00    0.00    0.00    0.00   23.40
06:36:27 PM    2   28.12    0.00   46.88    1.04    0.00    0.00    0.00    0.00    0.00   23.96
06:36:27 PM    3   30.53    0.00   44.21    1.05    0.00    0.00    0.00    0.00    0.00   24.21
06:36:27 PM    4   31.25    0.00   43.75    0.00    0.00    0.00    0.00    0.00    0.00   25.00
06:36:27 PM    5   30.93    0.00   43.30    1.03    0.00    0.00    0.00    0.00    0.00   24.74
06:36:27 PM    6   27.37    0.00   48.42    0.00    0.00    0.00    0.00    0.00    0.00   24.21
06:36:27 PM    7   30.93    0.00   43.30    1.03    0.00    0.00    0.00    0.00    0.00   24.74
06:36:27 PM    8   31.25    0.00   44.79    0.00    0.00    0.00    0.00    0.00    0.00   23.96
06:36:27 PM    9   32.32    0.00   42.42    1.01    0.00    0.00    0.00    0.00    0.00   24.24
06:36:27 PM   10   32.29    0.00   43.75    0.00    0.00    0.00    0.00    0.00    0.00   23.96
06:36:27 PM   11   30.93    0.00   45.36    0.00    0.00    0.00    0.00    0.00    0.00   23.71
06:36:27 PM   12   28.57    0.00   44.90    1.02    0.00    0.00    0.00    0.00    0.00   25.51
06:36:27 PM   13   32.98    0.00   42.55    1.06    0.00    0.00    0.00    0.00    0.00   23.40
06:36:27 PM   14   30.93    0.00   43.30    1.03    0.00    0.00    0.00    0.00    0.00   24.74
06:36:27 PM   15   30.11    0.00   44.09    1.08    0.00    0.00    0.00    0.00    0.00   24.73
06:36:27 PM   16   29.90    0.00   45.36    0.00    0.00    0.00    0.00    0.00    0.00   24.74
06:36:27 PM   17   30.53    0.00   44.21    1.05    0.00    0.00    0.00    0.00    0.00   24.21
06:36:27 PM   18   30.53    0.00   44.21    0.00    0.00    0.00    0.00    0.00    0.00   25.26
06:36:27 PM   19   29.59    0.00   45.92    0.00    0.00    0.00    0.00    0.00    0.00   24.49
06:36:27 PM   20   27.96    0.00   47.31    0.00    0.00    0.00    0.00    0.00    0.00   24.73
06:36:27 PM   21   29.47    0.00   44.21    0.00    0.00    0.00    0.00    0.00    0.00   26.32
06:36:27 PM   22   28.72    0.00   44.68    0.00    0.00    0.00    0.00    0.00    0.00   26.60
06:36:27 PM   23   30.53    0.00   43.16    1.05    0.00    0.00    0.00    0.00    0.00   25.26
06:36:27 PM   24   29.03    0.00   45.16    0.00    0.00    0.00    0.00    0.00    0.00   25.81
06:36:27 PM   25   28.87    0.00   44.33    1.03    0.00    0.00    0.00    0.00    0.00   25.77
06:36:27 PM   26   27.08    0.00   45.83    1.04    0.00    0.00    0.00    0.00    0.00   26.04
06:36:27 PM   27   28.12    0.00   44.79    1.04    0.00    0.00    0.00    0.00    0.00   26.04
06:36:27 PM   28   29.03    0.00   43.01    1.08    0.00    0.00    0.00    0.00    0.00   26.88
06:36:27 PM   29   28.42    0.00   46.32    0.00    0.00    0.00    0.00    0.00    0.00   25.26
06:36:27 PM   30   29.79    0.00   44.68    0.00    0.00    0.00    0.00    0.00    0.00   25.53
06:36:27 PM   31   29.79    0.00   43.62    0.00    0.00    0.00    0.00    0.00    0.00   26.60
06:36:27 PM   32   31.58    0.00   42.11    0.00    0.00    0.00    0.00    0.00    0.00   26.32
06:36:27 PM   33   28.12    0.00   44.79    1.04    0.00    0.00    0.00    0.00    0.00   26.04
06:36:27 PM   34   30.21    0.00   42.71    1.04    0.00    0.00    0.00    0.00    0.00   26.04
06:36:27 PM   35   30.21    0.00   41.67    1.04    0.00    0.00    0.00    0.00    0.00   27.08
06:36:27 PM   36   28.72    0.00   43.62    0.00    0.00    0.00    0.00    0.00    0.00   27.66
06:36:27 PM   37   30.11    0.00   43.01    0.00    0.00    0.00    0.00    0.00    0.00   26.88
06:36:27 PM   38   30.21    0.00   42.71    1.04    0.00    0.00    0.00    0.00    0.00   26.04
06:36:27 PM   39   28.42    0.00   44.21    1.05    0.00    0.00    0.00    0.00    0.00   26.32
06:36:27 PM   40   34.02    0.00   41.24    0.00    0.00    0.00    0.00    0.00    0.00   24.74
06:36:27 PM   41   31.25    0.00   43.75    0.00    0.00    0.00    0.00    0.00    0.00   25.00
06:36:27 PM   42   29.59    0.00   45.92    0.00    0.00    0.00    0.00    0.00    0.00   24.49
06:36:27 PM   43   30.21    0.00   44.79    0.00    0.00    0.00    0.00    0.00    0.00   25.00
06:36:27 PM   44   28.87    0.00   46.39    1.03    0.00    0.00    0.00    0.00    0.00   23.71
06:36:27 PM   45   30.85    0.00   45.74    0.00    0.00    0.00    0.00    0.00    0.00   23.40
06:36:27 PM   46   30.53    0.00   43.16    1.05    0.00    0.00    0.00    0.00    0.00   25.26
06:36:27 PM   47   29.90    0.00   45.36    1.03    0.00    0.00    0.00    0.00    0.00   23.71
06:36:27 PM   48   32.29    0.00   42.71    1.04    0.00    0.00    0.00    0.00    0.00   23.96
06:36:27 PM   49   29.79    0.00   44.68    0.00    0.00    0.00    0.00    0.00    0.00   25.53
06:36:27 PM   50   31.25    0.00   44.79    0.00    0.00    0.00    0.00    0.00    0.00   23.96
06:36:27 PM   51   30.93    0.00   43.30    1.03    0.00    0.00    0.00    0.00    0.00   24.74
06:36:27 PM   52   32.29    0.00   42.71    1.04    0.00    0.00    0.00    0.00    0.00   23.96
06:36:27 PM   53   30.21    0.00   44.79    0.00    0.00    0.00    0.00    0.00    0.00   25.00
06:36:27 PM   54   29.03    0.00   46.24    0.00    0.00    0.00    0.00    0.00    0.00   24.73
06:36:27 PM   55   31.58    0.00   44.21    0.00    0.00    0.00    0.00    0.00    0.00   24.21
06:36:27 PM   56   29.17    0.00   45.83    1.04    0.00    0.00    0.00    0.00    0.00   23.96
06:36:27 PM   57   31.31    0.00   43.43    1.01    0.00    0.00    0.00    0.00    0.00   24.24
06:36:27 PM   58   30.53    0.00   45.26    1.05    0.00    0.00    0.00    0.00    0.00   23.16
06:36:27 PM   59   28.87    0.00   45.36    1.03    0.00    0.00    0.00    0.00    0.00   24.74
06:36:27 PM   60   28.87    0.00   44.33    1.03    0.00    0.00    0.00    0.00    0.00   25.77
06:36:27 PM   61   29.79    0.00   42.55    1.06    0.00    0.00    0.00    0.00    0.00   26.60
06:36:27 PM   62   30.53    0.00   44.21    0.00    0.00    0.00    0.00    0.00    0.00   25.26
06:36:27 PM   63   27.66    0.00   46.81    0.00    0.00    0.00    0.00    0.00    0.00   25.53
06:36:27 PM   64   30.61    0.00   42.86    1.02    0.00    0.00    0.00    0.00    0.00   25.51
06:36:27 PM   65   30.53    0.00   43.16    1.05    0.00    0.00    0.00    0.00    0.00   25.26
06:36:27 PM   66   30.21    0.00   43.75    0.00    0.00    0.00    0.00    0.00    0.00   26.04
06:36:27 PM   67   27.08    0.00   45.83    1.04    0.00    0.00    0.00    0.00    0.00   26.04
06:36:27 PM   68   29.79    0.00   44.68    0.00    0.00    0.00    0.00    0.00    0.00   25.53
06:36:27 PM   69   28.72    0.00   45.74    0.00    0.00    0.00    0.00    0.00    0.00   25.53
06:36:27 PM   70   28.72    0.00   44.68    1.06    0.00    0.00    0.00    0.00    0.00   25.53
06:36:27 PM   71   28.57    0.00   44.90    1.02    0.00    0.00    0.00    0.00    0.00   25.51
06:36:27 PM   72   32.98    0.00   41.49    0.00    0.00    0.00    0.00    0.00    0.00   25.53
06:36:27 PM   73   30.21    0.00   44.79    1.04    0.00    0.00    0.00    0.00    0.00   23.96
06:36:27 PM   74   29.47    0.00   44.21    0.00    0.00    0.00    0.00    0.00    0.00   26.32
06:36:27 PM   75   28.87    0.00   45.36    1.03    0.00    0.00    0.00    0.00    0.00   24.74
06:36:27 PM   76   29.47    0.00   43.16    1.05    0.00    0.00    0.00    0.00    0.00   26.32
06:36:27 PM   77   30.11    0.00   43.01    1.08    0.00    0.00    0.00    0.00    0.00   25.81
06:36:27 PM   78   29.47    0.00   45.26    1.05    0.00    0.00    0.00    0.00    0.00   24.21
06:36:27 PM   79   31.25    0.00   42.71    0.00    0.00    0.00    0.00    0.00    0.00   26.04

06:36:36 PM  CPU    %usr   %nice    %sys %iowait    %irq   %soft  %steal  %guest  %gnice   %idle
06:36:37 PM  all   29.58    0.00   44.60    0.59    0.00    0.00    0.00    0.00    0.00   25.23
06:36:37 PM    0   29.17    0.00   45.83    1.04    0.00    0.00    0.00    0.00    0.00   23.96
06:36:37 PM    1   27.08    0.00   47.92    0.00    0.00    0.00    0.00    0.00    0.00   25.00
06:36:37 PM    2   30.43    0.00   44.57    1.09    0.00    0.00    0.00    0.00    0.00   23.91
06:36:37 PM    3   30.53    0.00   43.16    1.05    0.00    0.00    0.00    0.00    0.00   25.26
06:36:37 PM    4   28.12    0.00   45.83    0.00    0.00    0.00    0.00    0.00    0.00   26.04
06:36:37 PM    5   30.30    0.00   44.44    1.01    0.00    0.00    0.00    0.00    0.00   24.24
06:36:37 PM    6   28.57    0.00   46.94    0.00    0.00    0.00    0.00    0.00    0.00   24.49
06:36:37 PM    7   30.85    0.00   43.62    0.00    0.00    0.00    0.00    0.00    0.00   25.53
06:36:37 PM    8   30.85    0.00   44.68    1.06    0.00    0.00    0.00    0.00    0.00   23.40
06:36:37 PM    9   29.79    0.00   45.74    0.00    0.00    0.00    0.00    0.00    0.00   24.47
06:36:37 PM   10   30.53    0.00   44.21    1.05    0.00    0.00    0.00    0.00    0.00   24.21
06:36:37 PM   11   34.38    0.00   41.67    1.04    0.00    0.00    0.00    0.00    0.00   22.92
06:36:37 PM   12   28.42    0.00   46.32    0.00    0.00    0.00    0.00    0.00    0.00   25.26
06:36:37 PM   13   29.17    0.00   44.79    1.04    0.00    0.00    0.00    0.00    0.00   25.00
06:36:37 PM   14   29.47    0.00   44.21    1.05    0.00    0.00    0.00    0.00    0.00   25.26
06:36:37 PM   15   28.42    0.00   46.32    1.05    0.00    0.00    0.00    0.00    0.00   24.21
06:36:37 PM   16   31.25    0.00   42.71    1.04    0.00    0.00    0.00    0.00    0.00   25.00
06:36:37 PM   17   31.25    0.00   42.71    1.04    0.00    0.00    0.00    0.00    0.00   25.00
06:36:37 PM   18   26.60    0.00   47.87    1.06    0.00    0.00    0.00    0.00    0.00   24.47
06:36:37 PM   19   30.93    0.00   43.30    1.03    0.00    0.00    0.00    0.00    0.00   24.74
06:36:37 PM   20   29.90    0.00   42.27    1.03    0.00    0.00    0.00    0.00    0.00   26.80
06:36:37 PM   21   30.53    0.00   43.16    0.00    0.00    0.00    0.00    0.00    0.00   26.32
06:36:37 PM   22   28.12    0.00   44.79    1.04    0.00    0.00    0.00    0.00    0.00   26.04
06:36:37 PM   23   30.61    0.00   42.86    1.02    0.00    0.00    0.00    0.00    0.00   25.51
06:36:37 PM   24   28.72    0.00   44.68    0.00    0.00    0.00    0.00    0.00    0.00   26.60
06:36:37 PM   25   31.25    0.00   42.71    1.04    0.00    0.00    0.00    0.00    0.00   25.00
06:36:37 PM   26   30.53    0.00   44.21    1.05    0.00    0.00    0.00    0.00    0.00   24.21
06:36:37 PM   27   29.47    0.00   44.21    1.05    0.00    0.00    0.00    0.00    0.00   25.26
06:36:37 PM   28   29.17    0.00   44.79    0.00    0.00    0.00    0.00    0.00    0.00   26.04
06:36:37 PM   29   26.32    0.00   48.42    0.00    0.00    0.00    0.00    0.00    0.00   25.26
06:36:37 PM   30   29.17    0.00   43.75    1.04    0.00    0.00    0.00    0.00    0.00   26.04
06:36:37 PM   31   29.17    0.00   43.75    1.04    0.00    0.00    0.00    0.00    0.00   26.04
06:36:37 PM   32   28.72    0.00   44.68    0.00    0.00    0.00    0.00    0.00    0.00   26.60
06:36:37 PM   33   29.79    0.00   43.62    1.06    0.00    0.00    0.00    0.00    0.00   25.53
06:36:37 PM   34   29.03    0.00   45.16    1.08    0.00    0.00    0.00    0.00    0.00   24.73
06:36:37 PM   35   29.79    0.00   43.62    0.00    0.00    0.00    0.00    0.00    0.00   26.60
06:36:37 PM   36   29.79    0.00   44.68    0.00    0.00    0.00    0.00    0.00    0.00   25.53
06:36:37 PM   37   29.90    0.00   43.30    0.00    0.00    0.00    0.00    0.00    0.00   26.80
06:36:37 PM   38   27.37    0.00   46.32    1.05    0.00    0.00    0.00    0.00    0.00   25.26
06:36:37 PM   39   30.93    0.00   43.30    0.00    0.00    0.00    0.00    0.00    0.00   25.77
06:36:37 PM   40   29.79    0.00   44.68    0.00    0.00    0.00    0.00    0.00    0.00   25.53
06:36:37 PM   41   29.59    0.00   45.92    1.02    0.00    0.00    0.00    0.00    0.00   23.47
06:36:37 PM   42   29.90    0.00   45.36    1.03    0.00    0.00    0.00    0.00    0.00   23.71
06:36:37 PM   43   29.47    0.00   45.26    1.05    0.00    0.00    0.00    0.00    0.00   24.21
06:36:37 PM   44   31.25    0.00   43.75    1.04    0.00    0.00    0.00    0.00    0.00   23.96
06:36:37 PM   45   29.47    0.00   44.21    1.05    0.00    0.00    0.00    0.00    0.00   25.26
06:36:37 PM   46   29.17    0.00   45.83    0.00    0.00    0.00    0.00    0.00    0.00   25.00
06:36:37 PM   47   29.47    0.00   45.26    0.00    0.00    0.00    0.00    0.00    0.00   25.26
06:36:37 PM   48   29.17    0.00   44.79    1.04    0.00    0.00    0.00    0.00    0.00   25.00
06:36:37 PM   49   31.58    0.00   44.21    1.05    0.00    0.00    0.00    0.00    0.00   23.16
06:36:37 PM   50   28.57    0.00   46.94    1.02    0.00    0.00    0.00    0.00    0.00   23.47
06:36:37 PM   51   28.42    0.00   45.26    0.00    0.00    0.00    0.00    0.00    0.00   26.32
06:36:37 PM   52   29.79    0.00   44.68    1.06    0.00    0.00    0.00    0.00    0.00   24.47
06:36:37 PM   53   31.25    0.00   43.75    0.00    0.00    0.00    0.00    0.00    0.00   25.00
06:36:37 PM   54   28.72    0.00   46.81    1.06    0.00    0.00    0.00    0.00    0.00   23.40
06:36:37 PM   55   30.85    0.00   43.62    0.00    0.00    0.00    0.00    0.00    0.00   25.53
06:36:37 PM   56   28.42    0.00   45.26    0.00    0.00    0.00    0.00    0.00    0.00   26.32
06:36:37 PM   57   29.90    0.00   45.36    0.00    0.00    0.00    0.00    0.00    0.00   24.74
06:36:37 PM   58   31.91    0.00   42.55    1.06    0.00    0.00    0.00    0.00    0.00   24.47
06:36:37 PM   59   28.12    0.00   46.88    0.00    0.00    0.00    0.00    0.00    0.00   25.00
06:36:37 PM   60   28.12    0.00   44.79    0.00    0.00    0.00    0.00    0.00    0.00   27.08
06:36:37 PM   61   32.98    0.00   41.49    0.00    0.00    0.00    0.00    0.00    0.00   25.53
06:36:37 PM   62   30.21    0.00   42.71    1.04    0.00    0.00    0.00    0.00    0.00   26.04
06:36:37 PM   63   28.57    0.00   46.15    0.00    0.00    0.00    0.00    0.00    0.00   25.27
06:36:37 PM   64   31.58    0.00   42.11    1.05    0.00    0.00    0.00    0.00    0.00   25.26
06:36:37 PM   65   30.85    0.00   42.55    0.00    0.00    0.00    0.00    0.00    0.00   26.60
06:36:37 PM   66   28.87    0.00   44.33    1.03    0.00    0.00    0.00    0.00    0.00   25.77
06:36:37 PM   67   28.72    0.00   44.68    0.00    0.00    0.00    0.00    0.00    0.00   26.60
06:36:37 PM   68   28.72    0.00   45.74    0.00    0.00    0.00    0.00    0.00    0.00   25.53
06:36:37 PM   69   29.03    0.00   44.09    0.00    0.00    0.00    0.00    0.00    0.00   26.88
06:36:37 PM   70   30.21    0.00   43.75    0.00    0.00    0.00    0.00    0.00    0.00   26.04
06:36:37 PM   71   28.72    0.00   44.68    1.06    0.00    0.00    0.00    0.00    0.00   25.53
06:36:37 PM   72   27.84    0.00   44.33    1.03    0.00    0.00    0.00    0.00    0.00   26.80
06:36:37 PM   73   30.53    0.00   43.16    1.05    0.00    0.00    0.00    0.00    0.00   25.26
06:36:37 PM   74   28.72    0.00   45.74    0.00    0.00    0.00    0.00    0.00    0.00   25.53
06:36:37 PM   75   28.42    0.00   45.26    0.00    0.00    0.00    0.00    0.00    0.00   26.32
06:36:37 PM   76   28.12    0.00   45.83    1.04    0.00    0.00    0.00    0.00    0.00   25.00
06:36:37 PM   77   29.47    0.00   45.26    0.00    0.00    0.00    0.00    0.00    0.00   25.26
06:36:37 PM   78   29.03    0.00   45.16    1.08    0.00    0.00    0.00    0.00    0.00   24.73
06:36:37 PM   79   28.72    0.00   44.68    1.06    0.00    0.00    0.00    0.00    0.00   25.53

06:36:46 PM  CPU    %usr   %nice    %sys %iowait    %irq   %soft  %steal  %guest  %gnice   %idle
06:36:47 PM  all   30.84    0.00   43.65    0.52    0.00    0.00    0.00    0.00    0.00   25.00
06:36:47 PM    0   30.85    0.00   42.55    2.13    0.00    0.00    0.00    0.00    0.00   24.47
06:36:47 PM    1   32.26    0.00   43.01    0.00    0.00    0.00    0.00    0.00    0.00   24.73
06:36:47 PM    2   31.18    0.00   43.01    1.08    0.00    0.00    0.00    0.00    0.00   24.73
06:36:47 PM    3   29.79    0.00   43.62    1.06    0.00    0.00    0.00    0.00    0.00   25.53
06:36:47 PM    4   30.85    0.00   42.55    1.06    0.00    0.00    0.00    0.00    0.00   25.53
06:36:47 PM    5   30.85    0.00   43.62    0.00    0.00    0.00    0.00    0.00    0.00   25.53
06:36:47 PM    6   31.18    0.00   43.01    0.00    0.00    0.00    0.00    0.00    0.00   25.81
06:36:47 PM    7   28.72    0.00   45.74    0.00    0.00    0.00    0.00    0.00    0.00   25.53
06:36:47 PM    8   29.79    0.00   44.68    1.06    0.00    0.00    0.00    0.00    0.00   24.47
06:36:47 PM    9   29.79    0.00   44.68    0.00    0.00    0.00    0.00    0.00    0.00   25.53
06:36:47 PM   10   30.43    0.00   44.57    0.00    0.00    0.00    0.00    0.00    0.00   25.00
06:36:47 PM   11   28.72    0.00   44.68    1.06    0.00    0.00    0.00    0.00    0.00   25.53
06:36:47 PM   12   32.63    0.00   42.11    0.00    0.00    0.00    0.00    0.00    0.00   25.26
06:36:47 PM   13   29.35    0.00   45.65    0.00    0.00    0.00    0.00    0.00    0.00   25.00
06:36:47 PM   14   28.42    0.00   46.32    1.05    0.00    0.00    0.00    0.00    0.00   24.21
06:36:47 PM   15   28.42    0.00   46.32    1.05    0.00    0.00    0.00    0.00    0.00   24.21
06:36:47 PM   16   28.42    0.00   44.21    1.05    0.00    0.00    0.00    0.00    0.00   26.32
06:36:47 PM   17   30.43    0.00   43.48    0.00    0.00    0.00    0.00    0.00    0.00   26.09
06:36:47 PM   18   30.53    0.00   43.16    1.05    0.00    0.00    0.00    0.00    0.00   25.26
06:36:47 PM   19   31.18    0.00   44.09    0.00    0.00    0.00    0.00    0.00    0.00   24.73
06:36:47 PM   20   31.58    0.00   44.21    1.05    0.00    0.00    0.00    0.00    0.00   23.16
06:36:47 PM   21   31.25    0.00   43.75    1.04    0.00    0.00    0.00    0.00    0.00   23.96
06:36:47 PM   22   32.29    0.00   42.71    1.04    0.00    0.00    0.00    0.00    0.00   23.96
06:36:47 PM   23   31.18    0.00   44.09    0.00    0.00    0.00    0.00    0.00    0.00   24.73
06:36:47 PM   24   32.29    0.00   43.75    0.00    0.00    0.00    0.00    0.00    0.00   23.96
06:36:47 PM   25   32.26    0.00   41.94    1.08    0.00    0.00    0.00    0.00    0.00   24.73
06:36:47 PM   26   31.18    0.00   44.09    0.00    0.00    0.00    0.00    0.00    0.00   24.73
06:36:47 PM   27   29.03    0.00   46.24    1.08    0.00    0.00    0.00    0.00    0.00   23.66
06:36:47 PM   28   30.85    0.00   44.68    0.00    0.00    0.00    0.00    0.00    0.00   24.47
06:36:47 PM   29   31.18    0.00   44.09    0.00    0.00    0.00    0.00    0.00    0.00   24.73
06:36:47 PM   30   29.79    0.00   44.68    1.06    0.00    0.00    0.00    0.00    0.00   24.47
06:36:47 PM   31   31.63    0.00   42.86    1.02    0.00    0.00    0.00    0.00    0.00   24.49
06:36:47 PM   32   30.11    0.00   44.09    1.08    0.00    0.00    0.00    0.00    0.00   24.73
06:36:47 PM   33   31.58    0.00   43.16    0.00    0.00    0.00    0.00    0.00    0.00   25.26
06:36:47 PM   34   29.79    0.00   44.68    0.00    0.00    0.00    0.00    0.00    0.00   25.53
06:36:47 PM   35   29.79    0.00   44.68    0.00    0.00    0.00    0.00    0.00    0.00   25.53
06:36:47 PM   36   30.21    0.00   44.79    1.04    0.00    0.00    0.00    0.00    0.00   23.96
06:36:47 PM   37   30.53    0.00   44.21    0.00    0.00    0.00    0.00    0.00    0.00   25.26
06:36:47 PM   38   30.85    0.00   43.62    0.00    0.00    0.00    0.00    0.00    0.00   25.53
06:36:47 PM   39   30.53    0.00   45.26    0.00    0.00    0.00    0.00    0.00    0.00   24.21
06:36:47 PM   40   29.47    0.00   46.32    0.00    0.00    0.00    0.00    0.00    0.00   24.21
06:36:47 PM   41   31.18    0.00   43.01    0.00    0.00    0.00    0.00    0.00    0.00   25.81
06:36:47 PM   42   30.11    0.00   44.09    0.00    0.00    0.00    0.00    0.00    0.00   25.81
06:36:47 PM   43   30.85    0.00   42.55    0.00    0.00    0.00    0.00    0.00    0.00   26.60
06:36:47 PM   44   30.11    0.00   44.09    0.00    0.00    0.00    0.00    0.00    0.00   25.81
06:36:47 PM   45   30.53    0.00   44.21    0.00    0.00    0.00    0.00    0.00    0.00   25.26
06:36:47 PM   46   29.03    0.00   44.09    1.08    0.00    0.00    0.00    0.00    0.00   25.81
06:36:47 PM   47   31.58    0.00   43.16    1.05    0.00    0.00    0.00    0.00    0.00   24.21
06:36:47 PM   48   30.53    0.00   42.11    1.05    0.00    0.00    0.00    0.00    0.00   26.32
06:36:47 PM   49   29.79    0.00   42.55    1.06    0.00    0.00    0.00    0.00    0.00   26.60
06:36:47 PM   50   30.11    0.00   41.94    1.08    0.00    0.00    0.00    0.00    0.00   26.88
06:36:47 PM   51   30.53    0.00   43.16    0.00    0.00    0.00    0.00    0.00    0.00   26.32
06:36:47 PM   52   31.25    0.00   42.71    2.08    0.00    0.00    0.00    0.00    0.00   23.96
06:36:47 PM   53   29.47    0.00   44.21    1.05    0.00    0.00    0.00    0.00    0.00   25.26
06:36:47 PM   54   33.33    0.00   40.86    1.08    0.00    0.00    0.00    0.00    0.00   24.73
06:36:47 PM   55   32.26    0.00   41.94    1.08    0.00    0.00    0.00    0.00    0.00   24.73
06:36:47 PM   56   29.79    0.00   43.62    0.00    0.00    0.00    0.00    0.00    0.00   26.60
06:36:47 PM   57   28.72    0.00   45.74    0.00    0.00    0.00    0.00    0.00    0.00   25.53
06:36:47 PM   58   32.98    0.00   40.43    0.00    0.00    0.00    0.00    0.00    0.00   26.60
06:36:47 PM   59   30.43    0.00   44.57    0.00    0.00    0.00    0.00    0.00    0.00   25.00
06:36:47 PM   60   28.72    0.00   45.74    0.00    0.00    0.00    0.00    0.00    0.00   25.53
06:36:47 PM   61   31.25    0.00   43.75    0.00    0.00    0.00    0.00    0.00    0.00   25.00
06:36:47 PM   62   33.33    0.00   40.62    1.04    0.00    0.00    0.00    0.00    0.00   25.00
06:36:47 PM   63   32.00    0.00   42.00    1.00    0.00    0.00    0.00    0.00    0.00   25.00
06:36:47 PM   64   32.29    0.00   41.67    0.00    0.00    0.00    0.00    0.00    0.00   26.04
06:36:47 PM   65   33.68    0.00   42.11    0.00    0.00    0.00    0.00    0.00    0.00   24.21
06:36:47 PM   66   32.29    0.00   42.71    0.00    0.00    0.00    0.00    0.00    0.00   25.00
06:36:47 PM   67   32.63    0.00   43.16    1.05    0.00    0.00    0.00    0.00    0.00   23.16
06:36:47 PM   68   30.53    0.00   43.16    1.05    0.00    0.00    0.00    0.00    0.00   25.26
06:36:47 PM   69   32.63    0.00   42.11    1.05    0.00    0.00    0.00    0.00    0.00   24.21
06:36:47 PM   70   31.58    0.00   43.16    1.05    0.00    0.00    0.00    0.00    0.00   24.21
06:36:47 PM   71   32.29    0.00   42.71    0.00    0.00    0.00    0.00    0.00    0.00   25.00
06:36:47 PM   72   31.58    0.00   43.16    0.00    0.00    0.00    0.00    0.00    0.00   25.26
06:36:47 PM   73   31.58    0.00   44.21    1.05    0.00    0.00    0.00    0.00    0.00   23.16
06:36:47 PM   74   31.96    0.00   43.30    0.00    0.00    0.00    0.00    0.00    0.00   24.74
06:36:47 PM   75   31.58    0.00   44.21    1.05    0.00    0.00    0.00    0.00    0.00   23.16
06:36:47 PM   76   29.90    0.00   45.36    0.00    0.00    0.00    0.00    0.00    0.00   24.74
06:36:47 PM   77   30.85    0.00   44.68    0.00    0.00    0.00    0.00    0.00    0.00   24.47
06:36:47 PM   78   31.58    0.00   43.16    1.05    0.00    0.00    0.00    0.00    0.00   24.21
06:36:47 PM   79   30.53    0.00   43.16    0.00    0.00    0.00    0.00    0.00    0.00   26.32

06:36:56 PM  CPU    %usr   %nice    %sys %iowait    %irq   %soft  %steal  %guest  %gnice   %idle
06:36:57 PM  all   30.84    0.00   43.73    0.64    0.00    0.00    0.00    0.00    0.00   24.79
06:36:57 PM    0   29.03    0.00   44.09    1.08    0.00    0.00    0.00    0.00    0.00   25.81
06:36:57 PM    1   30.85    0.00   42.55    1.06    0.00    0.00    0.00    0.00    0.00   25.53
06:36:57 PM    2   30.53    0.00   43.16    1.05    0.00    0.00    0.00    0.00    0.00   25.26
06:36:57 PM    3   31.52    0.00   43.48    0.00    0.00    0.00    0.00    0.00    0.00   25.00
06:36:57 PM    4   30.53    0.00   44.21    1.05    0.00    0.00    0.00    0.00    0.00   24.21
06:36:57 PM    5   30.43    0.00   43.48    0.00    0.00    0.00    0.00    0.00    0.00   26.09
06:36:57 PM    6   32.29    0.00   42.71    0.00    0.00    0.00    0.00    0.00    0.00   25.00
06:36:57 PM    7   30.85    0.00   44.68    0.00    0.00    0.00    0.00    0.00    0.00   24.47
06:36:57 PM    8   30.85    0.00   42.55    1.06    0.00    0.00    0.00    0.00    0.00   25.53
06:36:57 PM    9   31.96    0.00   43.30    1.03    0.00    0.00    0.00    0.00    0.00   23.71
06:36:57 PM   10   30.21    0.00   43.75    1.04    0.00    0.00    0.00    0.00    0.00   25.00
06:36:57 PM   11   31.91    0.00   42.55    0.00    0.00    0.00    0.00    0.00    0.00   25.53
06:36:57 PM   12   30.53    0.00   43.16    1.05    0.00    0.00    0.00    0.00    0.00   25.26
06:36:57 PM   13   27.17    0.00   46.74    1.09    0.00    0.00    0.00    0.00    0.00   25.00
06:36:57 PM   14   29.79    0.00   44.68    0.00    0.00    0.00    0.00    0.00    0.00   25.53
06:36:57 PM   15   29.47    0.00   44.21    1.05    0.00    0.00    0.00    0.00    0.00   25.26
06:36:57 PM   16   28.12    0.00   47.92    0.00    0.00    0.00    0.00    0.00    0.00   23.96
06:36:57 PM   17   32.26    0.00   41.94    0.00    0.00    0.00    0.00    0.00    0.00   25.81
06:36:57 PM   18   29.79    0.00   43.62    1.06    0.00    0.00    0.00    0.00    0.00   25.53
06:36:57 PM   19   30.77    0.00   43.96    0.00    0.00    0.00    0.00    0.00    0.00   25.27
06:36:57 PM   20   30.11    0.00   45.16    1.08    0.00    0.00    0.00    0.00    0.00   23.66
06:36:57 PM   21   29.47    0.00   45.26    1.05    0.00    0.00    0.00    0.00    0.00   24.21
06:36:57 PM   22   32.63    0.00   41.05    1.05    0.00    0.00    0.00    0.00    0.00   25.26
06:36:57 PM   23   31.91    0.00   43.62    1.06    0.00    0.00    0.00    0.00    0.00   23.40
06:36:57 PM   24   32.26    0.00   43.01    0.00    0.00    0.00    0.00    0.00    0.00   24.73
06:36:57 PM   25   30.11    0.00   44.09    0.00    0.00    0.00    0.00    0.00    0.00   25.81
06:36:57 PM   26   31.18    0.00   44.09    0.00    0.00    0.00    0.00    0.00    0.00   24.73
06:36:57 PM   27   29.79    0.00   44.68    1.06    0.00    0.00    0.00    0.00    0.00   24.47
06:36:57 PM   28   29.03    0.00   45.16    1.08    0.00    0.00    0.00    0.00    0.00   24.73
06:36:57 PM   29   33.70    0.00   42.39    0.00    0.00    0.00    0.00    0.00    0.00   23.91
06:36:57 PM   30   30.43    0.00   43.48    1.09    0.00    0.00    0.00    0.00    0.00   25.00
06:36:57 PM   31   29.03    0.00   46.24    0.00    0.00    0.00    0.00    0.00    0.00   24.73
06:36:57 PM   32   29.79    0.00   44.68    1.06    0.00    0.00    0.00    0.00    0.00   24.47
06:36:57 PM   33   32.29    0.00   41.67    1.04    0.00    0.00    0.00    0.00    0.00   25.00
06:36:57 PM   34   30.11    0.00   45.16    0.00    0.00    0.00    0.00    0.00    0.00   24.73
06:36:57 PM   35   30.85    0.00   44.68    0.00    0.00    0.00    0.00    0.00    0.00   24.47
06:36:57 PM   36   31.52    0.00   43.48    0.00    0.00    0.00    0.00    0.00    0.00   25.00
06:36:57 PM   37   33.68    0.00   41.05    1.05    0.00    0.00    0.00    0.00    0.00   24.21
06:36:57 PM   38   33.68    0.00   40.00    1.05    0.00    0.00    0.00    0.00    0.00   25.26
06:36:57 PM   39   32.98    0.00   42.55    1.06    0.00    0.00    0.00    0.00    0.00   23.40
06:36:57 PM   40   31.96    0.00   42.27    1.03    0.00    0.00    0.00    0.00    0.00   24.74
06:36:57 PM   41   30.21    0.00   43.75    1.04    0.00    0.00    0.00    0.00    0.00   25.00
06:36:57 PM   42   30.21    0.00   43.75    1.04    0.00    0.00    0.00    0.00    0.00   25.00
06:36:57 PM   43   30.85    0.00   43.62    0.00    0.00    0.00    0.00    0.00    0.00   25.53
06:36:57 PM   44   30.11    0.00   44.09    1.08    0.00    0.00    0.00    0.00    0.00   24.73
06:36:57 PM   45   29.79    0.00   44.68    0.00    0.00    0.00    0.00    0.00    0.00   25.53
06:36:57 PM   46   30.85    0.00   43.62    0.00    0.00    0.00    0.00    0.00    0.00   25.53
06:36:57 PM   47   30.85    0.00   43.62    0.00    0.00    0.00    0.00    0.00    0.00   25.53
06:36:57 PM   48   28.42    0.00   45.26    1.05    0.00    0.00    0.00    0.00    0.00   25.26
06:36:57 PM   49   30.53    0.00   43.16    1.05    0.00    0.00    0.00    0.00    0.00   25.26
06:36:57 PM   50   29.47    0.00   45.26    1.05    0.00    0.00    0.00    0.00    0.00   24.21
06:36:57 PM   51   29.03    0.00   45.16    0.00    0.00    0.00    0.00    0.00    0.00   25.81
06:36:57 PM   52   29.47    0.00   44.21    1.05    0.00    0.00    0.00    0.00    0.00   25.26
06:36:57 PM   53   29.79    0.00   44.68    1.06    0.00    0.00    0.00    0.00    0.00   24.47
06:36:57 PM   54   32.98    0.00   41.49    1.06    0.00    0.00    0.00    0.00    0.00   24.47
06:36:57 PM   55   32.98    0.00   42.55    1.06    0.00    0.00    0.00    0.00    0.00   23.40
06:36:57 PM   56   30.21    0.00   44.79    1.04    0.00    0.00    0.00    0.00    0.00   23.96
06:36:57 PM   57   31.58    0.00   42.11    1.05    0.00    0.00    0.00    0.00    0.00   25.26
06:36:57 PM   58   29.47    0.00   44.21    1.05    0.00    0.00    0.00    0.00    0.00   25.26
06:36:57 PM   59   32.61    0.00   41.30    1.09    0.00    0.00    0.00    0.00    0.00   25.00
06:36:57 PM   60   32.26    0.00   41.94    1.08    0.00    0.00    0.00    0.00    0.00   24.73
06:36:57 PM   61   29.47    0.00   45.26    1.05    0.00    0.00    0.00    0.00    0.00   24.21
06:36:57 PM   62   32.63    0.00   43.16    0.00    0.00    0.00    0.00    0.00    0.00   24.21
06:36:57 PM   63   33.33    0.00   40.62    1.04    0.00    0.00    0.00    0.00    0.00   25.00
06:36:57 PM   64   31.91    0.00   42.55    0.00    0.00    0.00    0.00    0.00    0.00   25.53
06:36:57 PM   65   31.18    0.00   44.09    0.00    0.00    0.00    0.00    0.00    0.00   24.73
06:36:57 PM   66   32.26    0.00   43.01    0.00    0.00    0.00    0.00    0.00    0.00   24.73
06:36:57 PM   67   30.53    0.00   44.21    1.05    0.00    0.00    0.00    0.00    0.00   24.21
06:36:57 PM   68   30.53    0.00   44.21    1.05    0.00    0.00    0.00    0.00    0.00   24.21
06:36:57 PM   69   29.79    0.00   45.74    0.00    0.00    0.00    0.00    0.00    0.00   24.47
06:36:57 PM   70   32.63    0.00   42.11    1.05    0.00    0.00    0.00    0.00    0.00   24.21
06:36:57 PM   71   29.79    0.00   45.74    0.00    0.00    0.00    0.00    0.00    0.00   24.47
06:36:57 PM   72   31.91    0.00   43.62    0.00    0.00    0.00    0.00    0.00    0.00   24.47
06:36:57 PM   73   31.52    0.00   42.39    1.09    0.00    0.00    0.00    0.00    0.00   25.00
06:36:57 PM   74   27.96    0.00   46.24    1.08    0.00    0.00    0.00    0.00    0.00   24.73
06:36:57 PM   75   29.79    0.00   46.81    0.00    0.00    0.00    0.00    0.00    0.00   23.40
06:36:57 PM   76   32.26    0.00   43.01    0.00    0.00    0.00    0.00    0.00    0.00   24.73
06:36:57 PM   77   31.58    0.00   43.16    0.00    0.00    0.00    0.00    0.00    0.00   25.26
06:36:57 PM   78   31.91    0.00   42.55    1.06    0.00    0.00    0.00    0.00    0.00   24.47
06:36:57 PM   79   29.03    0.00   46.24    1.08    0.00    0.00    0.00    0.00    0.00   23.66

06:37:06 PM  CPU    %usr   %nice    %sys %iowait    %irq   %soft  %steal  %guest  %gnice   %idle
06:37:07 PM  all   31.44    0.00   44.77    0.36    0.00    0.00    0.00    0.00    0.00   23.43
06:37:07 PM    0   31.18    0.00   44.09    1.08    0.00    0.00    0.00    0.00    0.00   23.66
06:37:07 PM    1   32.98    0.00   43.62    0.00    0.00    0.00    0.00    0.00    0.00   23.40
06:37:07 PM    2   32.29    0.00   44.79    1.04    0.00    0.00    0.00    0.00    0.00   21.88
06:37:07 PM    3   29.79    0.00   45.74    1.06    0.00    0.00    0.00    0.00    0.00   23.40
06:37:07 PM    4   30.43    0.00   46.74    1.09    0.00    0.00    0.00    0.00    0.00   21.74
06:37:07 PM    5   29.67    0.00   46.15    1.10    0.00    0.00    0.00    0.00    0.00   23.08
06:37:07 PM    6   30.77    0.00   46.15    0.00    0.00    0.00    0.00    0.00    0.00   23.08
06:37:07 PM    7   32.26    0.00   44.09    0.00    0.00    0.00    0.00    0.00    0.00   23.66
06:37:07 PM    8   29.79    0.00   45.74    0.00    0.00    0.00    0.00    0.00    0.00   24.47
06:37:07 PM    9   29.79    0.00   45.74    1.06    0.00    0.00    0.00    0.00    0.00   23.40
06:37:07 PM   10   33.33    0.00   44.09    0.00    0.00    0.00    0.00    0.00    0.00   22.58
06:37:07 PM   11   33.33    0.00   43.01    0.00    0.00    0.00    0.00    0.00    0.00   23.66
06:37:07 PM   12   30.85    0.00   44.68    1.06    0.00    0.00    0.00    0.00    0.00   23.40
06:37:07 PM   13   31.52    0.00   44.57    0.00    0.00    0.00    0.00    0.00    0.00   23.91
06:37:07 PM   14   30.11    0.00   45.16    0.00    0.00    0.00    0.00    0.00    0.00   24.73
06:37:07 PM   15   30.53    0.00   45.26    0.00    0.00    0.00    0.00    0.00    0.00   24.21
06:37:07 PM   16   31.87    0.00   45.05    0.00    0.00    0.00    0.00    0.00    0.00   23.08
06:37:07 PM   17   31.91    0.00   43.62    1.06    0.00    0.00    0.00    0.00    0.00   23.40
06:37:07 PM   18   29.79    0.00   45.74    0.00    0.00    0.00    0.00    0.00    0.00   24.47
06:37:07 PM   19   27.17    0.00   47.83    0.00    0.00    0.00    0.00    0.00    0.00   25.00
06:37:07 PM   20   31.87    0.00   43.96    0.00    0.00    0.00    0.00    0.00    0.00   24.18
06:37:07 PM   21   30.43    0.00   46.74    0.00    0.00    0.00    0.00    0.00    0.00   22.83
06:37:07 PM   22   35.11    0.00   39.36    1.06    0.00    0.00    0.00    0.00    0.00   24.47
06:37:07 PM   23   30.85    0.00   45.74    0.00    0.00    0.00    0.00    0.00    0.00   23.40
06:37:07 PM   24   30.11    0.00   47.31    0.00    0.00    0.00    0.00    0.00    0.00   22.58
06:37:07 PM   25   32.97    0.00   43.96    0.00    0.00    0.00    0.00    0.00    0.00   23.08
06:37:07 PM   26   35.48    0.00   41.94    0.00    0.00    0.00    0.00    0.00    0.00   22.58
06:37:07 PM   27   30.53    0.00   45.26    1.05    0.00    0.00    0.00    0.00    0.00   23.16
06:37:07 PM   28   30.85    0.00   45.74    0.00    0.00    0.00    0.00    0.00    0.00   23.40
06:37:07 PM   29   31.25    0.00   43.75    1.04    0.00    0.00    0.00    0.00    0.00   23.96
06:37:07 PM   30   33.70    0.00   42.39    0.00    0.00    0.00    0.00    0.00    0.00   23.91
06:37:07 PM   31   31.18    0.00   45.16    1.08    0.00    0.00    0.00    0.00    0.00   22.58
06:37:07 PM   32   34.78    0.00   42.39    0.00    0.00    0.00    0.00    0.00    0.00   22.83
06:37:07 PM   33   31.58    0.00   44.21    1.05    0.00    0.00    0.00    0.00    0.00   23.16
06:37:07 PM   34   32.99    0.00   43.30    1.03    0.00    0.00    0.00    0.00    0.00   22.68
06:37:07 PM   35   32.26    0.00   44.09    1.08    0.00    0.00    0.00    0.00    0.00   22.58
06:37:07 PM   36   30.11    0.00   45.16    1.08    0.00    0.00    0.00    0.00    0.00   23.66
06:37:07 PM   37   29.79    0.00   46.81    0.00    0.00    0.00    0.00    0.00    0.00   23.40
06:37:07 PM   38   31.52    0.00   44.57    0.00    0.00    0.00    0.00    0.00    0.00   23.91
06:37:07 PM   39   30.43    0.00   44.57    1.09    0.00    0.00    0.00    0.00    0.00   23.91
06:37:07 PM   40   30.34    0.00   44.94    0.00    0.00    0.00    0.00    0.00    0.00   24.72
06:37:07 PM   41   33.33    0.00   41.94    0.00    0.00    0.00    0.00    0.00    0.00   24.73
06:37:07 PM   42   26.88    0.00   48.39    0.00    0.00    0.00    0.00    0.00    0.00   24.73
06:37:07 PM   43   30.43    0.00   45.65    0.00    0.00    0.00    0.00    0.00    0.00   23.91
06:37:07 PM   44   32.26    0.00   44.09    0.00    0.00    0.00    0.00    0.00    0.00   23.66
06:37:07 PM   45   30.85    0.00   44.68    0.00    0.00    0.00    0.00    0.00    0.00   24.47
06:37:07 PM   46   32.98    0.00   43.62    0.00    0.00    0.00    0.00    0.00    0.00   23.40
06:37:07 PM   47   30.93    0.00   45.36    0.00    0.00    0.00    0.00    0.00    0.00   23.71
06:37:07 PM   48   32.61    0.00   43.48    0.00    0.00    0.00    0.00    0.00    0.00   23.91
06:37:07 PM   49   29.35    0.00   47.83    0.00    0.00    0.00    0.00    0.00    0.00   22.83
06:37:07 PM   50   30.43    0.00   45.65    0.00    0.00    0.00    0.00    0.00    0.00   23.91
06:37:07 PM   51   34.07    0.00   41.76    0.00    0.00    0.00    0.00    0.00    0.00   24.18
06:37:07 PM   52   30.11    0.00   46.24    0.00    0.00    0.00    0.00    0.00    0.00   23.66
06:37:07 PM   53   31.91    0.00   44.68    0.00    0.00    0.00    0.00    0.00    0.00   23.40
06:37:07 PM   54   32.98    0.00   42.55    1.06    0.00    0.00    0.00    0.00    0.00   23.40
06:37:07 PM   55   30.43    0.00   46.74    0.00    0.00    0.00    0.00    0.00    0.00   22.83
06:37:07 PM   56   29.79    0.00   46.81    0.00    0.00    0.00    0.00    0.00    0.00   23.40
06:37:07 PM   57   30.11    0.00   47.31    0.00    0.00    0.00    0.00    0.00    0.00   22.58
06:37:07 PM   58   31.52    0.00   44.57    0.00    0.00    0.00    0.00    0.00    0.00   23.91
06:37:07 PM   59   29.47    0.00   46.32    1.05    0.00    0.00    0.00    0.00    0.00   23.16
06:37:07 PM   60   32.26    0.00   44.09    0.00    0.00    0.00    0.00    0.00    0.00   23.66
06:37:07 PM   61   29.17    0.00   47.92    0.00    0.00    0.00    0.00    0.00    0.00   22.92
06:37:07 PM   62   33.33    0.00   44.09    0.00    0.00    0.00    0.00    0.00    0.00   22.58
06:37:07 PM   63   30.85    0.00   44.68    1.06    0.00    0.00    0.00    0.00    0.00   23.40
06:37:07 PM   64   32.97    0.00   42.86    0.00    0.00    0.00    0.00    0.00    0.00   24.18
06:37:07 PM   65   32.63    0.00   44.21    0.00    0.00    0.00    0.00    0.00    0.00   23.16
06:37:07 PM   66   29.35    0.00   46.74    0.00    0.00    0.00    0.00    0.00    0.00   23.91
06:37:07 PM   67   31.18    0.00   44.09    1.08    0.00    0.00    0.00    0.00    0.00   23.66
06:37:07 PM   68   29.47    0.00   46.32    1.05    0.00    0.00    0.00    0.00    0.00   23.16
06:37:07 PM   69   30.77    0.00   46.15    0.00    0.00    0.00    0.00    0.00    0.00   23.08
06:37:07 PM   70   33.70    0.00   42.39    1.09    0.00    0.00    0.00    0.00    0.00   22.83
06:37:07 PM   71   31.18    0.00   45.16    1.08    0.00    0.00    0.00    0.00    0.00   22.58
06:37:07 PM   72   33.33    0.00   44.09    0.00    0.00    0.00    0.00    0.00    0.00   22.58
06:37:07 PM   73   34.74    0.00   42.11    1.05    0.00    0.00    0.00    0.00    0.00   22.11
06:37:07 PM   74   31.52    0.00   43.48    1.09    0.00    0.00    0.00    0.00    0.00   23.91
06:37:07 PM   75   32.63    0.00   44.21    0.00    0.00    0.00    0.00    0.00    0.00   23.16
06:37:07 PM   76   31.87    0.00   45.05    0.00    0.00    0.00    0.00    0.00    0.00   23.08
06:37:07 PM   77   31.91    0.00   44.68    1.06    0.00    0.00    0.00    0.00    0.00   22.34
06:37:07 PM   78   30.85    0.00   45.74    0.00    0.00    0.00    0.00    0.00    0.00   23.40
06:37:07 PM   79   33.70    0.00   42.39    0.00    0.00    0.00    0.00    0.00    0.00   23.91

06:37:16 PM  CPU    %usr   %nice    %sys %iowait    %irq   %soft  %steal  %guest  %gnice   %idle
06:37:17 PM  all   33.90    0.00   42.87    0.33    0.00    0.00    0.00    0.00    0.00   22.89
06:37:17 PM    0   31.91    0.00   45.74    0.00    0.00    0.00    0.00    0.00    0.00   22.34
06:37:17 PM    1   32.98    0.00   43.62    1.06    0.00    0.00    0.00    0.00    0.00   22.34
06:37:17 PM    2   31.25    0.00   44.79    1.04    0.00    0.00    0.00    0.00    0.00   22.92
06:37:17 PM    3   31.58    0.00   46.32    0.00    0.00    0.00    0.00    0.00    0.00   22.11
06:37:17 PM    4   32.61    0.00   44.57    0.00    0.00    0.00    0.00    0.00    0.00   22.83
06:37:17 PM    5   34.04    0.00   43.62    0.00    0.00    0.00    0.00    0.00    0.00   22.34
06:37:17 PM    6   34.38    0.00   41.67    1.04    0.00    0.00    0.00    0.00    0.00   22.92
06:37:17 PM    7   35.56    0.00   42.22    0.00    0.00    0.00    0.00    0.00    0.00   22.22
06:37:17 PM    8   32.26    0.00   45.16    0.00    0.00    0.00    0.00    0.00    0.00   22.58
06:37:17 PM    9   31.91    0.00   43.62    1.06    0.00    0.00    0.00    0.00    0.00   23.40
06:37:17 PM   10   34.78    0.00   42.39    0.00    0.00    0.00    0.00    0.00    0.00   22.83
06:37:17 PM   11   33.33    0.00   44.09    0.00    0.00    0.00    0.00    0.00    0.00   22.58
06:37:17 PM   12   34.78    0.00   42.39    0.00    0.00    0.00    0.00    0.00    0.00   22.83
06:37:17 PM   13   34.04    0.00   42.55    1.06    0.00    0.00    0.00    0.00    0.00   22.34
06:37:17 PM   14   33.33    0.00   44.09    0.00    0.00    0.00    0.00    0.00    0.00   22.58
06:37:17 PM   15   32.26    0.00   45.16    0.00    0.00    0.00    0.00    0.00    0.00   22.58
06:37:17 PM   16   31.58    0.00   45.26    1.05    0.00    0.00    0.00    0.00    0.00   22.11
06:37:17 PM   17   34.74    0.00   42.11    0.00    0.00    0.00    0.00    0.00    0.00   23.16
06:37:17 PM   18   33.68    0.00   43.16    0.00    0.00    0.00    0.00    0.00    0.00   23.16
06:37:17 PM   19   34.78    0.00   42.39    0.00    0.00    0.00    0.00    0.00    0.00   22.83
06:37:17 PM   20   37.23    0.00   39.36    0.00    0.00    0.00    0.00    0.00    0.00   23.40
06:37:17 PM   21   34.04    0.00   42.55    0.00    0.00    0.00    0.00    0.00    0.00   23.40
06:37:17 PM   22   34.04    0.00   42.55    0.00    0.00    0.00    0.00    0.00    0.00   23.40
06:37:17 PM   23   32.98    0.00   43.62    1.06    0.00    0.00    0.00    0.00    0.00   22.34
06:37:17 PM   24   33.68    0.00   42.11    1.05    0.00    0.00    0.00    0.00    0.00   23.16
06:37:17 PM   25   35.87    0.00   40.22    0.00    0.00    0.00    0.00    0.00    0.00   23.91
06:37:17 PM   26   34.04    0.00   42.55    1.06    0.00    0.00    0.00    0.00    0.00   22.34
06:37:17 PM   27   31.18    0.00   45.16    0.00    0.00    0.00    0.00    0.00    0.00   23.66
06:37:17 PM   28   34.41    0.00   41.94    0.00    0.00    0.00    0.00    0.00    0.00   23.66
06:37:17 PM   29   32.26    0.00   44.09    0.00    0.00    0.00    0.00    0.00    0.00   23.66
06:37:17 PM   30   35.87    0.00   41.30    0.00    0.00    0.00    0.00    0.00    0.00   22.83
06:37:17 PM   31   31.91    0.00   43.62    1.06    0.00    0.00    0.00    0.00    0.00   23.40
06:37:17 PM   32   34.78    0.00   42.39    0.00    0.00    0.00    0.00    0.00    0.00   22.83
06:37:17 PM   33   35.79    0.00   40.00    0.00    0.00    0.00    0.00    0.00    0.00   24.21
06:37:17 PM   34   35.16    0.00   41.76    0.00    0.00    0.00    0.00    0.00    0.00   23.08
06:37:17 PM   35   33.33    0.00   41.94    1.08    0.00    0.00    0.00    0.00    0.00   23.66
06:37:17 PM   36   33.68    0.00   43.16    0.00    0.00    0.00    0.00    0.00    0.00   23.16
06:37:17 PM   37   35.11    0.00   40.43    1.06    0.00    0.00    0.00    0.00    0.00   23.40
06:37:17 PM   38   31.87    0.00   45.05    0.00    0.00    0.00    0.00    0.00    0.00   23.08
06:37:17 PM   39   34.41    0.00   43.01    0.00    0.00    0.00    0.00    0.00    0.00   22.58
06:37:17 PM   40   35.48    0.00   40.86    1.08    0.00    0.00    0.00    0.00    0.00   22.58
06:37:17 PM   41   33.33    0.00   43.01    1.08    0.00    0.00    0.00    0.00    0.00   22.58
06:37:17 PM   42   34.41    0.00   41.94    0.00    0.00    0.00    0.00    0.00    0.00   23.66
06:37:17 PM   43   35.48    0.00   40.86    0.00    0.00    0.00    0.00    0.00    0.00   23.66
06:37:17 PM   44   32.98    0.00   44.68    0.00    0.00    0.00    0.00    0.00    0.00   22.34
06:37:17 PM   45   32.26    0.00   43.01    1.08    0.00    0.00    0.00    0.00    0.00   23.66
06:37:17 PM   46   32.63    0.00   43.16    1.05    0.00    0.00    0.00    0.00    0.00   23.16
06:37:17 PM   47   34.04    0.00   41.49    1.06    0.00    0.00    0.00    0.00    0.00   23.40
06:37:17 PM   48   35.11    0.00   42.55    0.00    0.00    0.00    0.00    0.00    0.00   22.34
06:37:17 PM   49   32.98    0.00   44.68    0.00    0.00    0.00    0.00    0.00    0.00   22.34
06:37:17 PM   50   34.41    0.00   43.01    0.00    0.00    0.00    0.00    0.00    0.00   22.58
06:37:17 PM   51   34.78    0.00   42.39    0.00    0.00    0.00    0.00    0.00    0.00   22.83
06:37:17 PM   52   32.63    0.00   45.26    0.00    0.00    0.00    0.00    0.00    0.00   22.11
06:37:17 PM   53   32.98    0.00   43.62    1.06    0.00    0.00    0.00    0.00    0.00   22.34
06:37:17 PM   54   32.26    0.00   45.16    0.00    0.00    0.00    0.00    0.00    0.00   22.58
06:37:17 PM   55   32.61    0.00   44.57    0.00    0.00    0.00    0.00    0.00    0.00   22.83
06:37:17 PM   56   34.41    0.00   43.01    0.00    0.00    0.00    0.00    0.00    0.00   22.58
06:37:17 PM   57   34.74    0.00   43.16    0.00    0.00    0.00    0.00    0.00    0.00   22.11
06:37:17 PM   58   33.70    0.00   42.39    0.00    0.00    0.00    0.00    0.00    0.00   23.91
06:37:17 PM   59   35.48    0.00   41.94    0.00    0.00    0.00    0.00    0.00    0.00   22.58
06:37:17 PM   60   34.78    0.00   41.30    0.00    0.00    0.00    0.00    0.00    0.00   23.91
06:37:17 PM   61   36.56    0.00   39.78    0.00    0.00    0.00    0.00    0.00    0.00   23.66
06:37:17 PM   62   32.98    0.00   44.68    0.00    0.00    0.00    0.00    0.00    0.00   22.34
06:37:17 PM   63   34.41    0.00   43.01    0.00    0.00    0.00    0.00    0.00    0.00   22.58
06:37:17 PM   64   32.97    0.00   43.96    0.00    0.00    0.00    0.00    0.00    0.00   23.08
06:37:17 PM   65   35.48    0.00   43.01    0.00    0.00    0.00    0.00    0.00    0.00   21.51
06:37:17 PM   66   33.70    0.00   43.48    0.00    0.00    0.00    0.00    0.00    0.00   22.83
06:37:17 PM   67   36.46    0.00   39.58    1.04    0.00    0.00    0.00    0.00    0.00   22.92
06:37:17 PM   68   35.48    0.00   41.94    0.00    0.00    0.00    0.00    0.00    0.00   22.58
06:37:17 PM   69   35.48    0.00   41.94    0.00    0.00    0.00    0.00    0.00    0.00   22.58
06:37:17 PM   70   33.33    0.00   43.01    1.08    0.00    0.00    0.00    0.00    0.00   22.58
06:37:17 PM   71   32.98    0.00   43.62    0.00    0.00    0.00    0.00    0.00    0.00   23.40
06:37:17 PM   72   33.33    0.00   43.01    1.08    0.00    0.00    0.00    0.00    0.00   22.58
06:37:17 PM   73   32.98    0.00   43.62    1.06    0.00    0.00    0.00    0.00    0.00   22.34
06:37:17 PM   74   34.78    0.00   42.39    0.00    0.00    0.00    0.00    0.00    0.00   22.83
06:37:17 PM   75   34.41    0.00   41.94    1.08    0.00    0.00    0.00    0.00    0.00   22.58
06:37:17 PM   76   32.61    0.00   42.39    1.09    0.00    0.00    0.00    0.00    0.00   23.91
06:37:17 PM   77   34.07    0.00   42.86    0.00    0.00    0.00    0.00    0.00    0.00   23.08
06:37:17 PM   78   36.56    0.00   40.86    0.00    0.00    0.00    0.00    0.00    0.00   22.58
06:37:17 PM   79   34.74    0.00   41.05    1.05    0.00    0.00    0.00    0.00    0.00   23.16

06:37:26 PM  CPU    %usr   %nice    %sys %iowait    %irq   %soft  %steal  %guest  %gnice   %idle
06:37:27 PM  all   34.26    0.00   42.13    0.36    0.00    0.00    0.00    0.00    0.00   23.25
06:37:27 PM    0   33.33    0.00   43.01    0.00    0.00    0.00    0.00    0.00    0.00   23.66
06:37:27 PM    1   32.29    0.00   44.79    0.00    0.00    0.00    0.00    0.00    0.00   22.92
06:37:27 PM    2   35.16    0.00   41.76    0.00    0.00    0.00    0.00    0.00    0.00   23.08
06:37:27 PM    3   36.46    0.00   40.62    0.00    0.00    0.00    0.00    0.00    0.00   22.92
06:37:27 PM    4   34.04    0.00   41.49    1.06    0.00    0.00    0.00    0.00    0.00   23.40
06:37:27 PM    5   35.48    0.00   40.86    0.00    0.00    0.00    0.00    0.00    0.00   23.66
06:37:27 PM    6   35.11    0.00   41.49    0.00    0.00    0.00    0.00    0.00    0.00   23.40
06:37:27 PM    7   32.65    0.00   43.88    1.02    0.00    0.00    0.00    0.00    0.00   22.45
06:37:27 PM    8   34.74    0.00   41.05    1.05    0.00    0.00    0.00    0.00    0.00   23.16
06:37:27 PM    9   31.91    0.00   45.74    0.00    0.00    0.00    0.00    0.00    0.00   22.34
06:37:27 PM   10   33.33    0.00   42.71    1.04    0.00    0.00    0.00    0.00    0.00   22.92
06:37:27 PM   11   36.56    0.00   38.71    1.08    0.00    0.00    0.00    0.00    0.00   23.66
06:37:27 PM   12   34.04    0.00   43.62    0.00    0.00    0.00    0.00    0.00    0.00   22.34
06:37:27 PM   13   32.98    0.00   44.68    0.00    0.00    0.00    0.00    0.00    0.00   22.34
06:37:27 PM   14   35.48    0.00   40.86    0.00    0.00    0.00    0.00    0.00    0.00   23.66
06:37:27 PM   15   32.26    0.00   45.16    0.00    0.00    0.00    0.00    0.00    0.00   22.58
06:37:27 PM   16   35.42    0.00   42.71    0.00    0.00    0.00    0.00    0.00    0.00   21.88
06:37:27 PM   17   32.98    0.00   44.68    0.00    0.00    0.00    0.00    0.00    0.00   22.34
06:37:27 PM   18   32.98    0.00   43.62    0.00    0.00    0.00    0.00    0.00    0.00   23.40
06:37:27 PM   19   33.33    0.00   43.75    0.00    0.00    0.00    0.00    0.00    0.00   22.92
06:37:27 PM   20   32.98    0.00   43.62    0.00    0.00    0.00    0.00    0.00    0.00   23.40
06:37:27 PM   21   32.98    0.00   43.62    0.00    0.00    0.00    0.00    0.00    0.00   23.40
06:37:27 PM   22   34.74    0.00   41.05    0.00    0.00    0.00    0.00    0.00    0.00   24.21
06:37:27 PM   23   36.84    0.00   40.00    0.00    0.00    0.00    0.00    0.00    0.00   23.16
06:37:27 PM   24   32.61    0.00   42.39    0.00    0.00    0.00    0.00    0.00    0.00   25.00
06:37:27 PM   25   32.98    0.00   43.62    0.00    0.00    0.00    0.00    0.00    0.00   23.40
06:37:27 PM   26   35.11    0.00   41.49    0.00    0.00    0.00    0.00    0.00    0.00   23.40
06:37:27 PM   27   31.25    0.00   44.79    1.04    0.00    0.00    0.00    0.00    0.00   22.92
06:37:27 PM   28   35.79    0.00   40.00    0.00    0.00    0.00    0.00    0.00    0.00   24.21
06:37:27 PM   29   37.63    0.00   38.71    0.00    0.00    0.00    0.00    0.00    0.00   23.66
06:37:27 PM   30   32.63    0.00   43.16    1.05    0.00    0.00    0.00    0.00    0.00   23.16
06:37:27 PM   31   36.84    0.00   38.95    1.05    0.00    0.00    0.00    0.00    0.00   23.16
06:37:27 PM   32   33.33    0.00   43.01    0.00    0.00    0.00    0.00    0.00    0.00   23.66
06:37:27 PM   33   34.74    0.00   41.05    0.00    0.00    0.00    0.00    0.00    0.00   24.21
06:37:27 PM   34   33.33    0.00   42.22    0.00    0.00    0.00    0.00    0.00    0.00   24.44
06:37:27 PM   35   33.68    0.00   42.11    1.05    0.00    0.00    0.00    0.00    0.00   23.16
06:37:27 PM   36   36.46    0.00   40.62    0.00    0.00    0.00    0.00    0.00    0.00   22.92
06:37:27 PM   37   32.61    0.00   43.48    1.09    0.00    0.00    0.00    0.00    0.00   22.83
06:37:27 PM   38   31.91    0.00   43.62    0.00    0.00    0.00    0.00    0.00    0.00   24.47
06:37:27 PM   39   31.52    0.00   45.65    0.00    0.00    0.00    0.00    0.00    0.00   22.83
06:37:27 PM   40   32.63    0.00   43.16    1.05    0.00    0.00    0.00    0.00    0.00   23.16
06:37:27 PM   41   37.89    0.00   38.95    0.00    0.00    0.00    0.00    0.00    0.00   23.16
06:37:27 PM   42   34.02    0.00   42.27    1.03    0.00    0.00    0.00    0.00    0.00   22.68
06:37:27 PM   43   33.70    0.00   43.48    0.00    0.00    0.00    0.00    0.00    0.00   22.83
06:37:27 PM   44   33.33    0.00   42.71    1.04    0.00    0.00    0.00    0.00    0.00   22.92
06:37:27 PM   45   35.79    0.00   40.00    1.05    0.00    0.00    0.00    0.00    0.00   23.16
06:37:27 PM   46   35.11    0.00   41.49    0.00    0.00    0.00    0.00    0.00    0.00   23.40
06:37:27 PM   47   33.33    0.00   43.01    0.00    0.00    0.00    0.00    0.00    0.00   23.66
06:37:27 PM   48   34.38    0.00   41.67    1.04    0.00    0.00    0.00    0.00    0.00   22.92
06:37:27 PM   49   36.96    0.00   39.13    0.00    0.00    0.00    0.00    0.00    0.00   23.91
06:37:27 PM   50   33.33    0.00   43.01    0.00    0.00    0.00    0.00    0.00    0.00   23.66
06:37:27 PM   51   34.04    0.00   43.62    0.00    0.00    0.00    0.00    0.00    0.00   22.34
06:37:27 PM   52   33.68    0.00   43.16    0.00    0.00    0.00    0.00    0.00    0.00   23.16
06:37:27 PM   53   32.26    0.00   44.09    0.00    0.00    0.00    0.00    0.00    0.00   23.66
06:37:27 PM   54   34.74    0.00   42.11    0.00    0.00    0.00    0.00    0.00    0.00   23.16
06:37:27 PM   55   34.74    0.00   41.05    1.05    0.00    0.00    0.00    0.00    0.00   23.16
06:37:27 PM   56   34.07    0.00   41.76    0.00    0.00    0.00    0.00    0.00    0.00   24.18
06:37:27 PM   57   35.79    0.00   41.05    0.00    0.00    0.00    0.00    0.00    0.00   23.16
06:37:27 PM   58   35.79    0.00   41.05    0.00    0.00    0.00    0.00    0.00    0.00   23.16
06:37:27 PM   59   35.79    0.00   41.05    0.00    0.00    0.00    0.00    0.00    0.00   23.16
06:37:27 PM   60   35.48    0.00   39.78    1.08    0.00    0.00    0.00    0.00    0.00   23.66
06:37:27 PM   61   34.38    0.00   41.67    1.04    0.00    0.00    0.00    0.00    0.00   22.92
06:37:27 PM   62   35.42    0.00   41.67    1.04    0.00    0.00    0.00    0.00    0.00   21.88
06:37:27 PM   63   34.38    0.00   42.71    0.00    0.00    0.00    0.00    0.00    0.00   22.92
06:37:27 PM   64   32.98    0.00   42.55    1.06    0.00    0.00    0.00    0.00    0.00   23.40
06:37:27 PM   65   36.17    0.00   39.36    1.06    0.00    0.00    0.00    0.00    0.00   23.40
06:37:27 PM   66   33.70    0.00   43.48    0.00    0.00    0.00    0.00    0.00    0.00   22.83
06:37:27 PM   67   34.74    0.00   41.05    1.05    0.00    0.00    0.00    0.00    0.00   23.16
06:37:27 PM   68   33.33    0.00   43.01    0.00    0.00    0.00    0.00    0.00    0.00   23.66
06:37:27 PM   69   32.98    0.00   42.55    1.06    0.00    0.00    0.00    0.00    0.00   23.40
06:37:27 PM   70   35.48    0.00   40.86    0.00    0.00    0.00    0.00    0.00    0.00   23.66
06:37:27 PM   71   36.17    0.00   40.43    1.06    0.00    0.00    0.00    0.00    0.00   22.34
06:37:27 PM   72   35.11    0.00   40.43    1.06    0.00    0.00    0.00    0.00    0.00   23.40
06:37:27 PM   73   34.38    0.00   41.67    1.04    0.00    0.00    0.00    0.00    0.00   22.92
06:37:27 PM   74   32.26    0.00   43.01    0.00    0.00    0.00    0.00    0.00    0.00   24.73
06:37:27 PM   75   34.41    0.00   41.94    0.00    0.00    0.00    0.00    0.00    0.00   23.66
06:37:27 PM   76   31.52    0.00   44.57    0.00    0.00    0.00    0.00    0.00    0.00   23.91
06:37:27 PM   77   32.98    0.00   44.68    0.00    0.00    0.00    0.00    0.00    0.00   22.34
06:37:27 PM   78   36.56    0.00   39.78    0.00    0.00    0.00    0.00    0.00    0.00   23.66
06:37:27 PM   79   36.17    0.00   39.36    1.06    0.00    0.00    0.00    0.00    0.00   23.40

06:37:36 PM  CPU    %usr   %nice    %sys %iowait    %irq   %soft  %steal  %guest  %gnice   %idle
06:37:37 PM  all   33.87    0.00   42.21    0.33    0.00    0.00    0.00    0.00    0.00   23.59
06:37:37 PM    0   34.07    0.00   42.86    0.00    0.00    0.00    0.00    0.00    0.00   23.08
06:37:37 PM    1   34.41    0.00   41.94    0.00    0.00    0.00    0.00    0.00    0.00   23.66
06:37:37 PM    2   35.56    0.00   40.00    0.00    0.00    0.00    0.00    0.00    0.00   24.44
06:37:37 PM    3   29.67    0.00   46.15    0.00    0.00    0.00    0.00    0.00    0.00   24.18
06:37:37 PM    4   33.70    0.00   41.30    1.09    0.00    0.00    0.00    0.00    0.00   23.91
06:37:37 PM    5   33.70    0.00   42.39    1.09    0.00    0.00    0.00    0.00    0.00   22.83
06:37:37 PM    6   34.41    0.00   43.01    0.00    0.00    0.00    0.00    0.00    0.00   22.58
06:37:37 PM    7   33.33    0.00   43.01    0.00    0.00    0.00    0.00    0.00    0.00   23.66
06:37:37 PM    8   32.97    0.00   42.86    0.00    0.00    0.00    0.00    0.00    0.00   24.18
06:37:37 PM    9   34.83    0.00   41.57    0.00    0.00    0.00    0.00    0.00    0.00   23.60
06:37:37 PM   10   32.61    0.00   42.39    1.09    0.00    0.00    0.00    0.00    0.00   23.91
06:37:37 PM   11   33.33    0.00   43.33    0.00    0.00    0.00    0.00    0.00    0.00   23.33
06:37:37 PM   12   33.70    0.00   42.39    0.00    0.00    0.00    0.00    0.00    0.00   23.91
06:37:37 PM   13   34.44    0.00   42.22    0.00    0.00    0.00    0.00    0.00    0.00   23.33
06:37:37 PM   14   35.16    0.00   39.56    1.10    0.00    0.00    0.00    0.00    0.00   24.18
06:37:37 PM   15   33.70    0.00   42.39    1.09    0.00    0.00    0.00    0.00    0.00   22.83
06:37:37 PM   16   34.78    0.00   42.39    0.00    0.00    0.00    0.00    0.00    0.00   22.83
06:37:37 PM   17   35.48    0.00   41.94    0.00    0.00    0.00    0.00    0.00    0.00   22.58
06:37:37 PM   18   33.70    0.00   43.48    0.00    0.00    0.00    0.00    0.00    0.00   22.83
06:37:37 PM   19   34.44    0.00   42.22    0.00    0.00    0.00    0.00    0.00    0.00   23.33
06:37:37 PM   20   34.44    0.00   41.11    1.11    0.00    0.00    0.00    0.00    0.00   23.33
06:37:37 PM   21   34.44    0.00   41.11    0.00    0.00    0.00    0.00    0.00    0.00   24.44
06:37:37 PM   22   36.67    0.00   38.89    0.00    0.00    0.00    0.00    0.00    0.00   24.44
06:37:37 PM   23   37.78    0.00   38.89    1.11    0.00    0.00    0.00    0.00    0.00   22.22
06:37:37 PM   24   34.41    0.00   40.86    1.08    0.00    0.00    0.00    0.00    0.00   23.66
06:37:37 PM   25   32.97    0.00   42.86    0.00    0.00    0.00    0.00    0.00    0.00   24.18
06:37:37 PM   26   33.71    0.00   42.70    0.00    0.00    0.00    0.00    0.00    0.00   23.60
06:37:37 PM   27   33.33    0.00   43.01    0.00    0.00    0.00    0.00    0.00    0.00   23.66
06:37:37 PM   28   33.33    0.00   43.33    0.00    0.00    0.00    0.00    0.00    0.00   23.33
06:37:37 PM   29   32.95    0.00   43.18    0.00    0.00    0.00    0.00    0.00    0.00   23.86
06:37:37 PM   30   34.78    0.00   41.30    0.00    0.00    0.00    0.00    0.00    0.00   23.91
06:37:37 PM   31   35.16    0.00   41.76    0.00    0.00    0.00    0.00    0.00    0.00   23.08
06:37:37 PM   32   34.44    0.00   42.22    0.00    0.00    0.00    0.00    0.00    0.00   23.33
06:37:37 PM   33   34.09    0.00   42.05    0.00    0.00    0.00    0.00    0.00    0.00   23.86
06:37:37 PM   34   29.35    0.00   45.65    1.09    0.00    0.00    0.00    0.00    0.00   23.91
06:37:37 PM   35   31.52    0.00   43.48    1.09    0.00    0.00    0.00    0.00    0.00   23.91
06:37:37 PM   36   32.98    0.00   42.55    1.06    0.00    0.00    0.00    0.00    0.00   23.40
06:37:37 PM   37   31.87    0.00   45.05    0.00    0.00    0.00    0.00    0.00    0.00   23.08
06:37:37 PM   38   32.61    0.00   42.39    1.09    0.00    0.00    0.00    0.00    0.00   23.91
06:37:37 PM   39   34.78    0.00   41.30    0.00    0.00    0.00    0.00    0.00    0.00   23.91
06:37:37 PM   40   33.68    0.00   43.16    0.00    0.00    0.00    0.00    0.00    0.00   23.16
06:37:37 PM   41   34.44    0.00   41.11    0.00    0.00    0.00    0.00    0.00    0.00   24.44
06:37:37 PM   42   34.04    0.00   41.49    1.06    0.00    0.00    0.00    0.00    0.00   23.40
06:37:37 PM   43   32.61    0.00   44.57    0.00    0.00    0.00    0.00    0.00    0.00   22.83
06:37:37 PM   44   32.61    0.00   43.48    1.09    0.00    0.00    0.00    0.00    0.00   22.83
06:37:37 PM   45   35.48    0.00   40.86    0.00    0.00    0.00    0.00    0.00    0.00   23.66
06:37:37 PM   46   32.58    0.00   43.82    0.00    0.00    0.00    0.00    0.00    0.00   23.60
06:37:37 PM   47   32.61    0.00   43.48    0.00    0.00    0.00    0.00    0.00    0.00   23.91
06:37:37 PM   48   34.04    0.00   42.55    0.00    0.00    0.00    0.00    0.00    0.00   23.40
06:37:37 PM   49   34.41    0.00   43.01    0.00    0.00    0.00    0.00    0.00    0.00   22.58
06:37:37 PM   50   36.84    0.00   40.00    0.00    0.00    0.00    0.00    0.00    0.00   23.16
06:37:37 PM   51   31.58    0.00   44.21    1.05    0.00    0.00    0.00    0.00    0.00   23.16
06:37:37 PM   52   34.41    0.00   40.86    1.08    0.00    0.00    0.00    0.00    0.00   23.66
06:37:37 PM   53   34.07    0.00   41.76    0.00    0.00    0.00    0.00    0.00    0.00   24.18
06:37:37 PM   54   35.11    0.00   40.43    1.06    0.00    0.00    0.00    0.00    0.00   23.40
06:37:37 PM   55   33.70    0.00   43.48    0.00    0.00    0.00    0.00    0.00    0.00   22.83
06:37:37 PM   56   33.70    0.00   43.48    0.00    0.00    0.00    0.00    0.00    0.00   22.83
06:37:37 PM   57   34.44    0.00   42.22    0.00    0.00    0.00    0.00    0.00    0.00   23.33
06:37:37 PM   58   33.33    0.00   43.01    1.08    0.00    0.00    0.00    0.00    0.00   22.58
06:37:37 PM   59   34.41    0.00   41.94    1.08    0.00    0.00    0.00    0.00    0.00   22.58
06:37:37 PM   60   35.11    0.00   40.43    1.06    0.00    0.00    0.00    0.00    0.00   23.40
06:37:37 PM   61   35.16    0.00   40.66    0.00    0.00    0.00    0.00    0.00    0.00   24.18
06:37:37 PM   62   31.87    0.00   42.86    1.10    0.00    0.00    0.00    0.00    0.00   24.18
06:37:37 PM   63   32.61    0.00   43.48    0.00    0.00    0.00    0.00    0.00    0.00   23.91
06:37:37 PM   64   32.97    0.00   42.86    0.00    0.00    0.00    0.00    0.00    0.00   24.18
06:37:37 PM   65   31.87    0.00   43.96    0.00    0.00    0.00    0.00    0.00    0.00   24.18
06:37:37 PM   66   32.61    0.00   43.48    0.00    0.00    0.00    0.00    0.00    0.00   23.91
06:37:37 PM   67   34.78    0.00   41.30    0.00    0.00    0.00    0.00    0.00    0.00   23.91
06:37:37 PM   68   33.33    0.00   43.33    0.00    0.00    0.00    0.00    0.00    0.00   23.33
06:37:37 PM   69   34.44    0.00   42.22    0.00    0.00    0.00    0.00    0.00    0.00   23.33
06:37:37 PM   70   32.22    0.00   43.33    0.00    0.00    0.00    0.00    0.00    0.00   24.44
06:37:37 PM   71   34.07    0.00   41.76    0.00    0.00    0.00    0.00    0.00    0.00   24.18
06:37:37 PM   72   31.82    0.00   43.18    0.00    0.00    0.00    0.00    0.00    0.00   25.00
06:37:37 PM   73   35.87    0.00   39.13    1.09    0.00    0.00    0.00    0.00    0.00   23.91
06:37:37 PM   74   34.41    0.00   41.94    0.00    0.00    0.00    0.00    0.00    0.00   23.66
06:37:37 PM   75   34.78    0.00   40.22    1.09    0.00    0.00    0.00    0.00    0.00   23.91
06:37:37 PM   76   35.56    0.00   41.11    0.00    0.00    0.00    0.00    0.00    0.00   23.33
06:37:37 PM   77   35.16    0.00   40.66    0.00    0.00    0.00    0.00    0.00    0.00   24.18
06:37:37 PM   78   34.41    0.00   39.78    1.08    0.00    0.00    0.00    0.00    0.00   24.73
06:37:37 PM   79   34.78    0.00   41.30    0.00    0.00    0.00    0.00    0.00    0.00   23.91

06:37:46 PM  CPU    %usr   %nice    %sys %iowait    %irq   %soft  %steal  %guest  %gnice   %idle
06:37:47 PM  all   30.65    0.00   43.56    0.66    0.00    0.00    0.00    0.00    0.00   25.13
06:37:47 PM    0   30.43    0.00   43.48    0.00    0.00    0.00    0.00    0.00    0.00   26.09
06:37:47 PM    1   29.79    0.00   44.68    0.00    0.00    0.00    0.00    0.00    0.00   25.53
06:37:47 PM    2   30.11    0.00   44.09    0.00    0.00    0.00    0.00    0.00    0.00   25.81
06:37:47 PM    3   34.04    0.00   38.30    1.06    0.00    0.00    0.00    0.00    0.00   26.60
06:37:47 PM    4   30.11    0.00   43.01    1.08    0.00    0.00    0.00    0.00    0.00   25.81
06:37:47 PM    5   31.91    0.00   42.55    0.00    0.00    0.00    0.00    0.00    0.00   25.53
06:37:47 PM    6   29.67    0.00   45.05    0.00    0.00    0.00    0.00    0.00    0.00   25.27
06:37:47 PM    7   30.43    0.00   43.48    1.09    0.00    0.00    0.00    0.00    0.00   25.00
06:37:47 PM    8   30.53    0.00   43.16    1.05    0.00    0.00    0.00    0.00    0.00   25.26
06:37:47 PM    9   30.11    0.00   44.09    1.08    0.00    0.00    0.00    0.00    0.00   24.73
06:37:47 PM   10   29.35    0.00   44.57    1.09    0.00    0.00    0.00    0.00    0.00   25.00
06:37:47 PM   11   30.85    0.00   41.49    1.06    0.00    0.00    0.00    0.00    0.00   26.60
06:37:47 PM   12   27.37    0.00   46.32    1.05    0.00    0.00    0.00    0.00    0.00   25.26
06:37:47 PM   13   29.03    0.00   45.16    0.00    0.00    0.00    0.00    0.00    0.00   25.81
06:37:47 PM   14   30.11    0.00   43.01    1.08    0.00    0.00    0.00    0.00    0.00   25.81
06:37:47 PM   15   31.18    0.00   43.01    0.00    0.00    0.00    0.00    0.00    0.00   25.81
06:37:47 PM   16   31.58    0.00   42.11    1.05    0.00    0.00    0.00    0.00    0.00   25.26
06:37:47 PM   17   30.11    0.00   44.09    0.00    0.00    0.00    0.00    0.00    0.00   25.81
06:37:47 PM   18   32.98    0.00   41.49    1.06    0.00    0.00    0.00    0.00    0.00   24.47
06:37:47 PM   19   31.58    0.00   42.11    1.05    0.00    0.00    0.00    0.00    0.00   25.26
06:37:47 PM   20   31.91    0.00   41.49    1.06    0.00    0.00    0.00    0.00    0.00   25.53
06:37:47 PM   21   30.11    0.00   44.09    1.08    0.00    0.00    0.00    0.00    0.00   24.73
06:37:47 PM   22   30.43    0.00   44.57    0.00    0.00    0.00    0.00    0.00    0.00   25.00
06:37:47 PM   23   30.11    0.00   43.01    1.08    0.00    0.00    0.00    0.00    0.00   25.81
06:37:47 PM   24   29.79    0.00   44.68    1.06    0.00    0.00    0.00    0.00    0.00   24.47
06:37:47 PM   25   30.85    0.00   43.62    0.00    0.00    0.00    0.00    0.00    0.00   25.53
06:37:47 PM   26   29.03    0.00   45.16    0.00    0.00    0.00    0.00    0.00    0.00   25.81
06:37:47 PM   27   32.98    0.00   42.55    0.00    0.00    0.00    0.00    0.00    0.00   24.47
06:37:47 PM   28   31.91    0.00   41.49    1.06    0.00    0.00    0.00    0.00    0.00   25.53
06:37:47 PM   29   32.26    0.00   41.94    1.08    0.00    0.00    0.00    0.00    0.00   24.73
06:37:47 PM   30   30.43    0.00   44.57    0.00    0.00    0.00    0.00    0.00    0.00   25.00
06:37:47 PM   31   31.91    0.00   41.49    1.06    0.00    0.00    0.00    0.00    0.00   25.53
06:37:47 PM   32   29.79    0.00   43.62    1.06    0.00    0.00    0.00    0.00    0.00   25.53
06:37:47 PM   33   31.87    0.00   42.86    0.00    0.00    0.00    0.00    0.00    0.00   25.27
06:37:47 PM   34   30.11    0.00   44.09    0.00    0.00    0.00    0.00    0.00    0.00   25.81
06:37:47 PM   35   31.91    0.00   42.55    0.00    0.00    0.00    0.00    0.00    0.00   25.53
06:37:47 PM   36   30.43    0.00   45.65    0.00    0.00    0.00    0.00    0.00    0.00   23.91
06:37:47 PM   37   30.85    0.00   43.62    1.06    0.00    0.00    0.00    0.00    0.00   24.47
06:37:47 PM   38   28.89    0.00   44.44    1.11    0.00    0.00    0.00    0.00    0.00   25.56
06:37:47 PM   39   32.98    0.00   40.43    1.06    0.00    0.00    0.00    0.00    0.00   25.53
06:37:47 PM   40   29.47    0.00   44.21    1.05    0.00    0.00    0.00    0.00    0.00   25.26
06:37:47 PM   41   29.47    0.00   45.26    1.05    0.00    0.00    0.00    0.00    0.00   24.21
06:37:47 PM   42   31.18    0.00   44.09    0.00    0.00    0.00    0.00    0.00    0.00   24.73
06:37:47 PM   43   30.11    0.00   45.16    0.00    0.00    0.00    0.00    0.00    0.00   24.73
06:37:47 PM   44   31.52    0.00   42.39    0.00    0.00    0.00    0.00    0.00    0.00   26.09
06:37:47 PM   45   31.18    0.00   45.16    0.00    0.00    0.00    0.00    0.00    0.00   23.66
06:37:47 PM   46   32.63    0.00   41.05    1.05    0.00    0.00    0.00    0.00    0.00   25.26
06:37:47 PM   47   27.96    0.00   46.24    1.08    0.00    0.00    0.00    0.00    0.00   24.73
06:37:47 PM   48   34.04    0.00   41.49    1.06    0.00    0.00    0.00    0.00    0.00   23.40
06:37:47 PM   49   30.11    0.00   43.01    1.08    0.00    0.00    0.00    0.00    0.00   25.81
06:37:47 PM   50   30.11    0.00   44.09    0.00    0.00    0.00    0.00    0.00    0.00   25.81
06:37:47 PM   51   30.77    0.00   43.96    0.00    0.00    0.00    0.00    0.00    0.00   25.27
06:37:47 PM   52   31.52    0.00   42.39    1.09    0.00    0.00    0.00    0.00    0.00   25.00
06:37:47 PM   53   28.72    0.00   44.68    1.06    0.00    0.00    0.00    0.00    0.00   25.53
06:37:47 PM   54   30.77    0.00   43.96    0.00    0.00    0.00    0.00    0.00    0.00   25.27
06:37:47 PM   55   30.77    0.00   42.86    1.10    0.00    0.00    0.00    0.00    0.00   25.27
06:37:47 PM   56   30.53    0.00   45.26    0.00    0.00    0.00    0.00    0.00    0.00   24.21
06:37:47 PM   57   30.53    0.00   44.21    0.00    0.00    0.00    0.00    0.00    0.00   25.26
06:37:47 PM   58   29.79    0.00   44.68    1.06    0.00    0.00    0.00    0.00    0.00   24.47
06:37:47 PM   59   31.58    0.00   43.16    1.05    0.00    0.00    0.00    0.00    0.00   24.21
06:37:47 PM   60   31.52    0.00   43.48    1.09    0.00    0.00    0.00    0.00    0.00   23.91
06:37:47 PM   61   31.18    0.00   43.01    0.00    0.00    0.00    0.00    0.00    0.00   25.81
06:37:47 PM   62   28.89    0.00   45.56    0.00    0.00    0.00    0.00    0.00    0.00   25.56
06:37:47 PM   63   31.18    0.00   43.01    0.00    0.00    0.00    0.00    0.00    0.00   25.81
06:37:47 PM   64   31.18    0.00   43.01    1.08    0.00    0.00    0.00    0.00    0.00   24.73
06:37:47 PM   65   30.21    0.00   44.79    1.04    0.00    0.00    0.00    0.00    0.00   23.96
06:37:47 PM   66   30.85    0.00   43.62    1.06    0.00    0.00    0.00    0.00    0.00   24.47
06:37:47 PM   67   29.67    0.00   43.96    1.10    0.00    0.00    0.00    0.00    0.00   25.27
06:37:47 PM   68   31.18    0.00   41.94    1.08    0.00    0.00    0.00    0.00    0.00   25.81
06:37:47 PM   69   30.85    0.00   43.62    1.06    0.00    0.00    0.00    0.00    0.00   24.47
06:37:47 PM   70   31.58    0.00   43.16    0.00    0.00    0.00    0.00    0.00    0.00   25.26
06:37:47 PM   71   28.57    0.00   43.96    1.10    0.00    0.00    0.00    0.00    0.00   26.37
06:37:47 PM   72   29.03    0.00   46.24    0.00    0.00    0.00    0.00    0.00    0.00   24.73
06:37:47 PM   73   31.52    0.00   43.48    1.09    0.00    0.00    0.00    0.00    0.00   23.91
06:37:47 PM   74   30.11    0.00   44.09    1.08    0.00    0.00    0.00    0.00    0.00   24.73
06:37:47 PM   75   32.61    0.00   42.39    1.09    0.00    0.00    0.00    0.00    0.00   23.91
06:37:47 PM   76   27.96    0.00   46.24    1.08    0.00    0.00    0.00    0.00    0.00   24.73
06:37:47 PM   77   29.79    0.00   44.68    1.06    0.00    0.00    0.00    0.00    0.00   24.47
06:37:47 PM   78   31.91    0.00   41.49    1.06    0.00    0.00    0.00    0.00    0.00   25.53
06:37:47 PM   79   29.03    0.00   45.16    1.08    0.00    0.00    0.00    0.00    0.00   24.73

06:37:56 PM  CPU    %usr   %nice    %sys %iowait    %irq   %soft  %steal  %guest  %gnice   %idle
06:37:57 PM  all   30.27    0.00   44.67    0.42    0.00    0.00    0.00    0.00    0.00   24.64
06:37:57 PM    0   30.53    0.00   45.26    0.00    0.00    0.00    0.00    0.00    0.00   24.21
06:37:57 PM    1   25.00    0.00   48.96    1.04    0.00    0.00    0.00    0.00    0.00   25.00
06:37:57 PM    2   28.72    0.00   46.81    0.00    0.00    0.00    0.00    0.00    0.00   24.47
06:37:57 PM    3   27.96    0.00   46.24    0.00    0.00    0.00    0.00    0.00    0.00   25.81
06:37:57 PM    4   29.03    0.00   45.16    0.00    0.00    0.00    0.00    0.00    0.00   25.81
06:37:57 PM    5   28.42    0.00   45.26    1.05    0.00    0.00    0.00    0.00    0.00   25.26
06:37:57 PM    6   30.53    0.00   44.21    1.05    0.00    0.00    0.00    0.00    0.00   24.21
06:37:57 PM    7   29.47    0.00   46.32    0.00    0.00    0.00    0.00    0.00    0.00   24.21
06:37:57 PM    8   31.25    0.00   42.71    0.00    0.00    0.00    0.00    0.00    0.00   26.04
06:37:57 PM    9   29.17    0.00   43.75    1.04    0.00    0.00    0.00    0.00    0.00   26.04
06:37:57 PM   10   31.96    0.00   42.27    1.03    0.00    0.00    0.00    0.00    0.00   24.74
06:37:57 PM   11   28.72    0.00   44.68    0.00    0.00    0.00    0.00    0.00    0.00   26.60
06:37:57 PM   12   30.53    0.00   44.21    0.00    0.00    0.00    0.00    0.00    0.00   25.26
06:37:57 PM   13   30.21    0.00   44.79    0.00    0.00    0.00    0.00    0.00    0.00   25.00
06:37:57 PM   14   29.79    0.00   45.74    0.00    0.00    0.00    0.00    0.00    0.00   24.47
06:37:57 PM   15   30.85    0.00   43.62    0.00    0.00    0.00    0.00    0.00    0.00   25.53
06:37:57 PM   16   32.63    0.00   42.11    0.00    0.00    0.00    0.00    0.00    0.00   25.26
06:37:57 PM   17   28.42    0.00   45.26    1.05    0.00    0.00    0.00    0.00    0.00   25.26
06:37:57 PM   18   29.03    0.00   45.16    0.00    0.00    0.00    0.00    0.00    0.00   25.81
06:37:57 PM   19   31.25    0.00   43.75    1.04    0.00    0.00    0.00    0.00    0.00   23.96
06:37:57 PM   20   30.11    0.00   45.16    1.08    0.00    0.00    0.00    0.00    0.00   23.66
06:37:57 PM   21   28.87    0.00   46.39    1.03    0.00    0.00    0.00    0.00    0.00   23.71
06:37:57 PM   22   30.21    0.00   43.75    1.04    0.00    0.00    0.00    0.00    0.00   25.00
06:37:57 PM   23   31.58    0.00   43.16    0.00    0.00    0.00    0.00    0.00    0.00   25.26
06:37:57 PM   24   30.85    0.00   44.68    1.06    0.00    0.00    0.00    0.00    0.00   23.40
06:37:57 PM   25   31.58    0.00   43.16    0.00    0.00    0.00    0.00    0.00    0.00   25.26
06:37:57 PM   26   32.63    0.00   43.16    0.00    0.00    0.00    0.00    0.00    0.00   24.21
06:37:57 PM   27   30.21    0.00   44.79    1.04    0.00    0.00    0.00    0.00    0.00   23.96
06:37:57 PM   28   31.58    0.00   44.21    0.00    0.00    0.00    0.00    0.00    0.00   24.21
06:37:57 PM   29   27.37    0.00   46.32    1.05    0.00    0.00    0.00    0.00    0.00   25.26
06:37:57 PM   30   28.72    0.00   46.81    0.00    0.00    0.00    0.00    0.00    0.00   24.47
06:37:57 PM   31   32.26    0.00   41.94    0.00    0.00    0.00    0.00    0.00    0.00   25.81
06:37:57 PM   32   29.17    0.00   45.83    1.04    0.00    0.00    0.00    0.00    0.00   23.96
06:37:57 PM   33   29.90    0.00   46.39    0.00    0.00    0.00    0.00    0.00    0.00   23.71
06:37:57 PM   34   31.25    0.00   43.75    1.04    0.00    0.00    0.00    0.00    0.00   23.96
06:37:57 PM   35   31.91    0.00   43.62    1.06    0.00    0.00    0.00    0.00    0.00   23.40
06:37:57 PM   36   31.25    0.00   43.75    1.04    0.00    0.00    0.00    0.00    0.00   23.96
06:37:57 PM   37   32.99    0.00   42.27    1.03    0.00    0.00    0.00    0.00    0.00   23.71
06:37:57 PM   38   29.47    0.00   46.32    0.00    0.00    0.00    0.00    0.00    0.00   24.21
06:37:57 PM   39   29.47    0.00   45.26    1.05    0.00    0.00    0.00    0.00    0.00   24.21
06:37:57 PM   40   31.52    0.00   42.39    1.09    0.00    0.00    0.00    0.00    0.00   25.00
06:37:57 PM   41   27.84    0.00   46.39    1.03    0.00    0.00    0.00    0.00    0.00   24.74
06:37:57 PM   42   31.18    0.00   44.09    0.00    0.00    0.00    0.00    0.00    0.00   24.73
06:37:57 PM   43   30.11    0.00   45.16    0.00    0.00    0.00    0.00    0.00    0.00   24.73
06:37:57 PM   44   31.18    0.00   43.01    1.08    0.00    0.00    0.00    0.00    0.00   24.73
06:37:57 PM   45   29.47    0.00   46.32    0.00    0.00    0.00    0.00    0.00    0.00   24.21
06:37:57 PM   46   28.12    0.00   46.88    1.04    0.00    0.00    0.00    0.00    0.00   23.96
06:37:57 PM   47   30.11    0.00   45.16    0.00    0.00    0.00    0.00    0.00    0.00   24.73
06:37:57 PM   48   33.68    0.00   41.05    0.00    0.00    0.00    0.00    0.00    0.00   25.26
06:37:57 PM   49   31.58    0.00   44.21    0.00    0.00    0.00    0.00    0.00    0.00   24.21
06:37:57 PM   50   28.72    0.00   45.74    1.06    0.00    0.00    0.00    0.00    0.00   24.47
06:37:57 PM   51   30.53    0.00   44.21    0.00    0.00    0.00    0.00    0.00    0.00   25.26
06:37:57 PM   52   33.68    0.00   42.11    0.00    0.00    0.00    0.00    0.00    0.00   24.21
06:37:57 PM   53   30.93    0.00   44.33    1.03    0.00    0.00    0.00    0.00    0.00   23.71
06:37:57 PM   54   29.79    0.00   45.74    0.00    0.00    0.00    0.00    0.00    0.00   24.47
06:37:57 PM   55   31.25    0.00   44.79    0.00    0.00    0.00    0.00    0.00    0.00   23.96
06:37:57 PM   56   30.93    0.00   43.30    1.03    0.00    0.00    0.00    0.00    0.00   24.74
06:37:57 PM   57   29.03    0.00   46.24    0.00    0.00    0.00    0.00    0.00    0.00   24.73
06:37:57 PM   58   29.47    0.00   44.21    0.00    0.00    0.00    0.00    0.00    0.00   26.32
06:37:57 PM   59   27.08    0.00   47.92    1.04    0.00    0.00    0.00    0.00    0.00   23.96
06:37:57 PM   60   31.25    0.00   43.75    1.04    0.00    0.00    0.00    0.00    0.00   23.96
06:37:57 PM   61   31.58    0.00   43.16    0.00    0.00    0.00    0.00    0.00    0.00   25.26
06:37:57 PM   62   30.53    0.00   44.21    0.00    0.00    0.00    0.00    0.00    0.00   25.26
06:37:57 PM   63   29.79    0.00   44.68    0.00    0.00    0.00    0.00    0.00    0.00   25.53
06:37:57 PM   64   31.58    0.00   44.21    0.00    0.00    0.00    0.00    0.00    0.00   24.21
06:37:57 PM   65   30.61    0.00   44.90    0.00    0.00    0.00    0.00    0.00    0.00   24.49
06:37:57 PM   66   28.12    0.00   46.88    0.00    0.00    0.00    0.00    0.00    0.00   25.00
06:37:57 PM   67   32.26    0.00   43.01    0.00    0.00    0.00    0.00    0.00    0.00   24.73
06:37:57 PM   68   30.21    0.00   44.79    0.00    0.00    0.00    0.00    0.00    0.00   25.00
06:37:57 PM   69   29.90    0.00   44.33    1.03    0.00    0.00    0.00    0.00    0.00   24.74
06:37:57 PM   70   30.85    0.00   44.68    0.00    0.00    0.00    0.00    0.00    0.00   24.47
06:37:57 PM   71   31.91    0.00   43.62    0.00    0.00    0.00    0.00    0.00    0.00   24.47
06:37:57 PM   72   32.98    0.00   42.55    1.06    0.00    0.00    0.00    0.00    0.00   23.40
06:37:57 PM   73   29.59    0.00   44.90    0.00    0.00    0.00    0.00    0.00    0.00   25.51
06:37:57 PM   74   31.96    0.00   44.33    1.03    0.00    0.00    0.00    0.00    0.00   22.68
06:37:57 PM   75   31.58    0.00   44.21    0.00    0.00    0.00    0.00    0.00    0.00   24.21
06:37:57 PM   76   29.47    0.00   46.32    0.00    0.00    0.00    0.00    0.00    0.00   24.21
06:37:57 PM   77   28.42    0.00   46.32    0.00    0.00    0.00    0.00    0.00    0.00   25.26
06:37:57 PM   78   28.42    0.00   46.32    1.05    0.00    0.00    0.00    0.00    0.00   24.21
06:37:57 PM   79   29.59    0.00   45.92    0.00    0.00    0.00    0.00    0.00    0.00   24.49

06:38:06 PM  CPU    %usr   %nice    %sys %iowait    %irq   %soft  %steal  %guest  %gnice   %idle
06:38:07 PM  all   32.27    0.00   43.25    0.54    0.00    0.00    0.00    0.00    0.00   23.94
06:38:07 PM    0   30.11    0.00   46.24    1.08    0.00    0.00    0.00    0.00    0.00   22.58
06:38:07 PM    1   33.33    0.00   43.33    0.00    0.00    0.00    0.00    0.00    0.00   23.33
06:38:07 PM    2   31.87    0.00   42.86    1.10    0.00    0.00    0.00    0.00    0.00   24.18
06:38:07 PM    3   35.48    0.00   40.86    1.08    0.00    0.00    0.00    0.00    0.00   22.58
06:38:07 PM    4   36.26    0.00   38.46    1.10    0.00    0.00    0.00    0.00    0.00   24.18
06:38:07 PM    5   32.98    0.00   42.55    1.06    0.00    0.00    0.00    0.00    0.00   23.40
06:38:07 PM    6   29.67    0.00   46.15    0.00    0.00    0.00    0.00    0.00    0.00   24.18
06:38:07 PM    7   32.98    0.00   42.55    1.06    0.00    0.00    0.00    0.00    0.00   23.40
06:38:07 PM    8   32.26    0.00   43.01    0.00    0.00    0.00    0.00    0.00    0.00   24.73
06:38:07 PM    9   31.52    0.00   43.48    1.09    0.00    0.00    0.00    0.00    0.00   23.91
06:38:07 PM   10   34.07    0.00   41.76    1.10    0.00    0.00    0.00    0.00    0.00   23.08
06:38:07 PM   11   31.52    0.00   43.48    1.09    0.00    0.00    0.00    0.00    0.00   23.91
06:38:07 PM   12   33.70    0.00   42.39    0.00    0.00    0.00    0.00    0.00    0.00   23.91
06:38:07 PM   13   32.63    0.00   43.16    1.05    0.00    0.00    0.00    0.00    0.00   23.16
06:38:07 PM   14   31.18    0.00   45.16    0.00    0.00    0.00    0.00    0.00    0.00   23.66
06:38:07 PM   15   32.98    0.00   42.55    1.06    0.00    0.00    0.00    0.00    0.00   23.40
06:38:07 PM   16   32.26    0.00   43.01    1.08    0.00    0.00    0.00    0.00    0.00   23.66
06:38:07 PM   17   32.61    0.00   42.39    1.09    0.00    0.00    0.00    0.00    0.00   23.91
06:38:07 PM   18   29.67    0.00   46.15    0.00    0.00    0.00    0.00    0.00    0.00   24.18
06:38:07 PM   19   29.67    0.00   46.15    0.00    0.00    0.00    0.00    0.00    0.00   24.18
06:38:07 PM   20   33.33    0.00   41.94    0.00    0.00    0.00    0.00    0.00    0.00   24.73
06:38:07 PM   21   32.61    0.00   42.39    1.09    0.00    0.00    0.00    0.00    0.00   23.91
06:38:07 PM   22   31.87    0.00   42.86    1.10    0.00    0.00    0.00    0.00    0.00   24.18
06:38:07 PM   23   32.97    0.00   42.86    0.00    0.00    0.00    0.00    0.00    0.00   24.18
06:38:07 PM   24   30.85    0.00   44.68    1.06    0.00    0.00    0.00    0.00    0.00   23.40
06:38:07 PM   25   30.00    0.00   44.44    0.00    0.00    0.00    0.00    0.00    0.00   25.56
06:38:07 PM   26   31.52    0.00   43.48    1.09    0.00    0.00    0.00    0.00    0.00   23.91
06:38:07 PM   27   33.33    0.00   42.22    0.00    0.00    0.00    0.00    0.00    0.00   24.44
06:38:07 PM   28   30.43    0.00   46.74    0.00    0.00    0.00    0.00    0.00    0.00   22.83
06:38:07 PM   29   32.97    0.00   42.86    0.00    0.00    0.00    0.00    0.00    0.00   24.18
06:38:07 PM   30   31.18    0.00   44.09    1.08    0.00    0.00    0.00    0.00    0.00   23.66
06:38:07 PM   31   33.33    0.00   42.22    0.00    0.00    0.00    0.00    0.00    0.00   24.44
06:38:07 PM   32   31.18    0.00   44.09    1.08    0.00    0.00    0.00    0.00    0.00   23.66
06:38:07 PM   33   34.44    0.00   42.22    0.00    0.00    0.00    0.00    0.00    0.00   23.33
06:38:07 PM   34   31.52    0.00   43.48    1.09    0.00    0.00    0.00    0.00    0.00   23.91
06:38:07 PM   35   29.67    0.00   46.15    0.00    0.00    0.00    0.00    0.00    0.00   24.18
06:38:07 PM   36   31.87    0.00   42.86    1.10    0.00    0.00    0.00    0.00    0.00   24.18
06:38:07 PM   37   30.77    0.00   45.05    0.00    0.00    0.00    0.00    0.00    0.00   24.18
06:38:07 PM   38   30.11    0.00   45.16    1.08    0.00    0.00    0.00    0.00    0.00   23.66
06:38:07 PM   39   35.48    0.00   39.78    1.08    0.00    0.00    0.00    0.00    0.00   23.66
06:38:07 PM   40   34.78    0.00   42.39    0.00    0.00    0.00    0.00    0.00    0.00   22.83
06:38:07 PM   41   34.78    0.00   41.30    0.00    0.00    0.00    0.00    0.00    0.00   23.91
06:38:07 PM   42   28.57    0.00   46.15    1.10    0.00    0.00    0.00    0.00    0.00   24.18
06:38:07 PM   43   31.87    0.00   43.96    0.00    0.00    0.00    0.00    0.00    0.00   24.18
06:38:07 PM   44   33.70    0.00   41.30    0.00    0.00    0.00    0.00    0.00    0.00   25.00
06:38:07 PM   45   29.67    0.00   45.05    1.10    0.00    0.00    0.00    0.00    0.00   24.18
06:38:07 PM   46   32.61    0.00   42.39    1.09    0.00    0.00    0.00    0.00    0.00   23.91
06:38:07 PM   47   32.61    0.00   41.30    1.09    0.00    0.00    0.00    0.00    0.00   25.00
06:38:07 PM   48   32.61    0.00   42.39    0.00    0.00    0.00    0.00    0.00    0.00   25.00
06:38:07 PM   49   31.87    0.00   43.96    0.00    0.00    0.00    0.00    0.00    0.00   24.18
06:38:07 PM   50   33.33    0.00   43.01    0.00    0.00    0.00    0.00    0.00    0.00   23.66
06:38:07 PM   51   32.61    0.00   43.48    0.00    0.00    0.00    0.00    0.00    0.00   23.91
06:38:07 PM   52   30.11    0.00   45.16    1.08    0.00    0.00    0.00    0.00    0.00   23.66
06:38:07 PM   53   31.52    0.00   44.57    0.00    0.00    0.00    0.00    0.00    0.00   23.91
06:38:07 PM   54   31.52    0.00   44.57    1.09    0.00    0.00    0.00    0.00    0.00   22.83
06:38:07 PM   55   30.53    0.00   44.21    1.05    0.00    0.00    0.00    0.00    0.00   24.21
06:38:07 PM   56   29.03    0.00   46.24    1.08    0.00    0.00    0.00    0.00    0.00   23.66
06:38:07 PM   57   30.43    0.00   45.65    1.09    0.00    0.00    0.00    0.00    0.00   22.83
06:38:07 PM   58   30.77    0.00   45.05    1.10    0.00    0.00    0.00    0.00    0.00   23.08
06:38:07 PM   59   35.87    0.00   41.30    0.00    0.00    0.00    0.00    0.00    0.00   22.83
06:38:07 PM   60   34.41    0.00   39.78    1.08    0.00    0.00    0.00    0.00    0.00   24.73
06:38:07 PM   61   34.07    0.00   40.66    0.00    0.00    0.00    0.00    0.00    0.00   25.27
06:38:07 PM   62   32.22    0.00   43.33    0.00    0.00    0.00    0.00    0.00    0.00   24.44
06:38:07 PM   63   32.58    0.00   42.70    0.00    0.00    0.00    0.00    0.00    0.00   24.72
06:38:07 PM   64   32.97    0.00   42.86    0.00    0.00    0.00    0.00    0.00    0.00   24.18
06:38:07 PM   65   31.87    0.00   43.96    0.00    0.00    0.00    0.00    0.00    0.00   24.18
06:38:07 PM   66   32.97    0.00   42.86    0.00    0.00    0.00    0.00    0.00    0.00   24.18
06:38:07 PM   67   34.04    0.00   41.49    1.06    0.00    0.00    0.00    0.00    0.00   23.40
06:38:07 PM   68   31.52    0.00   44.57    0.00    0.00    0.00    0.00    0.00    0.00   23.91
06:38:07 PM   69   32.26    0.00   44.09    0.00    0.00    0.00    0.00    0.00    0.00   23.66
06:38:07 PM   70   33.70    0.00   42.39    0.00    0.00    0.00    0.00    0.00    0.00   23.91
06:38:07 PM   71   32.61    0.00   43.48    0.00    0.00    0.00    0.00    0.00    0.00   23.91
06:38:07 PM   72   32.61    0.00   43.48    0.00    0.00    0.00    0.00    0.00    0.00   23.91
06:38:07 PM   73   32.26    0.00   41.94    1.08    0.00    0.00    0.00    0.00    0.00   24.73
06:38:07 PM   74   30.43    0.00   43.48    1.09    0.00    0.00    0.00    0.00    0.00   25.00
06:38:07 PM   75   34.04    0.00   41.49    1.06    0.00    0.00    0.00    0.00    0.00   23.40
06:38:07 PM   76   32.97    0.00   41.76    1.10    0.00    0.00    0.00    0.00    0.00   24.18
06:38:07 PM   77   32.97    0.00   42.86    0.00    0.00    0.00    0.00    0.00    0.00   24.18
06:38:07 PM   78   31.91    0.00   42.55    1.06    0.00    0.00    0.00    0.00    0.00   24.47
06:38:07 PM   79   34.07    0.00   41.76    0.00    0.00    0.00    0.00    0.00    0.00   24.18

06:38:16 PM  CPU    %usr   %nice    %sys %iowait    %irq   %soft  %steal  %guest  %gnice   %idle
06:38:17 PM  all   33.66    0.00   40.91    0.42    0.00    0.00    0.00    0.00    0.00   25.00
06:38:17 PM    0   34.41    0.00   40.86    0.00    0.00    0.00    0.00    0.00    0.00   24.73
06:38:17 PM    1   31.03    0.00   42.53    0.00    0.00    0.00    0.00    0.00    0.00   26.44
06:38:17 PM    2   37.08    0.00   38.20    0.00    0.00    0.00    0.00    0.00    0.00   24.72
06:38:17 PM    3   32.61    0.00   41.30    1.09    0.00    0.00    0.00    0.00    0.00   25.00
06:38:17 PM    4   33.71    0.00   40.45    0.00    0.00    0.00    0.00    0.00    0.00   25.84
06:38:17 PM    5   35.48    0.00   39.78    0.00    0.00    0.00    0.00    0.00    0.00   24.73
06:38:17 PM    6   32.61    0.00   42.39    0.00    0.00    0.00    0.00    0.00    0.00   25.00
06:38:17 PM    7   33.70    0.00   42.39    0.00    0.00    0.00    0.00    0.00    0.00   23.91
06:38:17 PM    8   31.58    0.00   43.16    1.05    0.00    0.00    0.00    0.00    0.00   24.21
06:38:17 PM    9   31.87    0.00   41.76    1.10    0.00    0.00    0.00    0.00    0.00   25.27
06:38:17 PM   10   34.07    0.00   40.66    1.10    0.00    0.00    0.00    0.00    0.00   24.18
06:38:17 PM   11   32.26    0.00   41.94    1.08    0.00    0.00    0.00    0.00    0.00   24.73
06:38:17 PM   12   35.48    0.00   38.71    1.08    0.00    0.00    0.00    0.00    0.00   24.73
06:38:17 PM   13   30.34    0.00   43.82    1.12    0.00    0.00    0.00    0.00    0.00   24.72
06:38:17 PM   14   30.77    0.00   43.96    0.00    0.00    0.00    0.00    0.00    0.00   25.27
06:38:17 PM   15   36.26    0.00   38.46    1.10    0.00    0.00    0.00    0.00    0.00   24.18
06:38:17 PM   16   31.18    0.00   41.94    1.08    0.00    0.00    0.00    0.00    0.00   25.81
06:38:17 PM   17   33.33    0.00   41.11    0.00    0.00    0.00    0.00    0.00    0.00   25.56
06:38:17 PM   18   34.41    0.00   38.71    1.08    0.00    0.00    0.00    0.00    0.00   25.81
06:38:17 PM   19   34.44    0.00   41.11    0.00    0.00    0.00    0.00    0.00    0.00   24.44
06:38:17 PM   20   32.61    0.00   41.30    1.09    0.00    0.00    0.00    0.00    0.00   25.00
06:38:17 PM   21   34.44    0.00   41.11    0.00    0.00    0.00    0.00    0.00    0.00   24.44
06:38:17 PM   22   36.26    0.00   37.36    1.10    0.00    0.00    0.00    0.00    0.00   25.27
06:38:17 PM   23   34.04    0.00   41.49    0.00    0.00    0.00    0.00    0.00    0.00   24.47
06:38:17 PM   24   31.46    0.00   42.70    0.00    0.00    0.00    0.00    0.00    0.00   25.84
06:38:17 PM   25   35.11    0.00   40.43    0.00    0.00    0.00    0.00    0.00    0.00   24.47
06:38:17 PM   26   34.41    0.00   40.86    1.08    0.00    0.00    0.00    0.00    0.00   23.66
06:38:17 PM   27   33.70    0.00   41.30    0.00    0.00    0.00    0.00    0.00    0.00   25.00
06:38:17 PM   28   32.97    0.00   41.76    1.10    0.00    0.00    0.00    0.00    0.00   24.18
06:38:17 PM   29   34.07    0.00   41.76    0.00    0.00    0.00    0.00    0.00    0.00   24.18
06:38:17 PM   30   35.96    0.00   39.33    0.00    0.00    0.00    0.00    0.00    0.00   24.72
06:38:17 PM   31   32.97    0.00   41.76    1.10    0.00    0.00    0.00    0.00    0.00   24.18
06:38:17 PM   32   30.43    0.00   43.48    1.09    0.00    0.00    0.00    0.00    0.00   25.00
06:38:17 PM   33   34.07    0.00   41.76    0.00    0.00    0.00    0.00    0.00    0.00   24.18
06:38:17 PM   34   31.11    0.00   44.44    0.00    0.00    0.00    0.00    0.00    0.00   24.44
06:38:17 PM   35   32.61    0.00   42.39    0.00    0.00    0.00    0.00    0.00    0.00   25.00
06:38:17 PM   36   34.78    0.00   39.13    0.00    0.00    0.00    0.00    0.00    0.00   26.09
06:38:17 PM   37   34.07    0.00   39.56    1.10    0.00    0.00    0.00    0.00    0.00   25.27
06:38:17 PM   38   36.26    0.00   38.46    0.00    0.00    0.00    0.00    0.00    0.00   25.27
06:38:17 PM   39   33.70    0.00   41.30    0.00    0.00    0.00    0.00    0.00    0.00   25.00
06:38:17 PM   40   33.70    0.00   40.22    1.09    0.00    0.00    0.00    0.00    0.00   25.00
06:38:17 PM   41   32.22    0.00   42.22    0.00    0.00    0.00    0.00    0.00    0.00   25.56
06:38:17 PM   42   35.56    0.00   40.00    0.00    0.00    0.00    0.00    0.00    0.00   24.44
06:38:17 PM   43   35.56    0.00   40.00    0.00    0.00    0.00    0.00    0.00    0.00   24.44
06:38:17 PM   44   32.22    0.00   42.22    0.00    0.00    0.00    0.00    0.00    0.00   25.56
06:38:17 PM   45   34.78    0.00   41.30    0.00    0.00    0.00    0.00    0.00    0.00   23.91
06:38:17 PM   46   32.22    0.00   42.22    1.11    0.00    0.00    0.00    0.00    0.00   24.44
06:38:17 PM   47   34.07    0.00   40.66    0.00    0.00    0.00    0.00    0.00    0.00   25.27
06:38:17 PM   48   32.26    0.00   40.86    1.08    0.00    0.00    0.00    0.00    0.00   25.81
06:38:17 PM   49   33.70    0.00   41.30    0.00    0.00    0.00    0.00    0.00    0.00   25.00
06:38:17 PM   50   32.22    0.00   43.33    0.00    0.00    0.00    0.00    0.00    0.00   24.44
06:38:17 PM   51   31.87    0.00   41.76    0.00    0.00    0.00    0.00    0.00    0.00   26.37
06:38:17 PM   52   34.78    0.00   39.13    1.09    0.00    0.00    0.00    0.00    0.00   25.00
06:38:17 PM   53   35.87    0.00   39.13    0.00    0.00    0.00    0.00    0.00    0.00   25.00
06:38:17 PM   54   34.78    0.00   39.13    1.09    0.00    0.00    0.00    0.00    0.00   25.00
06:38:17 PM   55   32.98    0.00   40.43    0.00    0.00    0.00    0.00    0.00    0.00   26.60
06:38:17 PM   56   35.16    0.00   39.56    0.00    0.00    0.00    0.00    0.00    0.00   25.27
06:38:17 PM   57   32.61    0.00   42.39    1.09    0.00    0.00    0.00    0.00    0.00   23.91
06:38:17 PM   58   34.44    0.00   40.00    0.00    0.00    0.00    0.00    0.00    0.00   25.56
06:38:17 PM   59   33.71    0.00   39.33    1.12    0.00    0.00    0.00    0.00    0.00   25.84
06:38:17 PM   60   34.09    0.00   39.77    1.14    0.00    0.00    0.00    0.00    0.00   25.00
06:38:17 PM   61   34.07    0.00   40.66    0.00    0.00    0.00    0.00    0.00    0.00   25.27
06:38:17 PM   62   32.22    0.00   41.11    1.11    0.00    0.00    0.00    0.00    0.00   25.56
06:38:17 PM   63   31.87    0.00   41.76    0.00    0.00    0.00    0.00    0.00    0.00   26.37
06:38:17 PM   64   32.97    0.00   42.86    0.00    0.00    0.00    0.00    0.00    0.00   24.18
06:38:17 PM   65   32.97    0.00   41.76    0.00    0.00    0.00    0.00    0.00    0.00   25.27
06:38:17 PM   66   32.26    0.00   40.86    1.08    0.00    0.00    0.00    0.00    0.00   25.81
06:38:17 PM   67   32.22    0.00   42.22    0.00    0.00    0.00    0.00    0.00    0.00   25.56
06:38:17 PM   68   34.07    0.00   41.76    0.00    0.00    0.00    0.00    0.00    0.00   24.18
06:38:17 PM   69   36.26    0.00   39.56    0.00    0.00    0.00    0.00    0.00    0.00   24.18
06:38:17 PM   70   32.61    0.00   41.30    1.09    0.00    0.00    0.00    0.00    0.00   25.00
06:38:17 PM   71   35.16    0.00   39.56    0.00    0.00    0.00    0.00    0.00    0.00   25.27
06:38:17 PM   72   34.78    0.00   39.13    0.00    0.00    0.00    0.00    0.00    0.00   26.09
06:38:17 PM   73   36.26    0.00   38.46    0.00    0.00    0.00    0.00    0.00    0.00   25.27
06:38:17 PM   74   34.78    0.00   41.30    0.00    0.00    0.00    0.00    0.00    0.00   23.91
06:38:17 PM   75   32.97    0.00   41.76    0.00    0.00    0.00    0.00    0.00    0.00   25.27
06:38:17 PM   76   34.44    0.00   40.00    1.11    0.00    0.00    0.00    0.00    0.00   24.44
06:38:17 PM   77   32.26    0.00   39.78    1.08    0.00    0.00    0.00    0.00    0.00   26.88
06:38:17 PM   78   34.78    0.00   40.22    0.00    0.00    0.00    0.00    0.00    0.00   25.00
06:38:17 PM   79   35.11    0.00   39.36    1.06    0.00    0.00    0.00    0.00    0.00   24.47

06:38:26 PM  CPU    %usr   %nice    %sys %iowait    %irq   %soft  %steal  %guest  %gnice   %idle
06:38:27 PM  all   32.02    0.00   40.70    0.80    0.00    0.00    0.00    0.00    0.00   26.49
06:38:27 PM    0   30.11    0.00   43.01    1.08    0.00    0.00    0.00    0.00    0.00   25.81
06:38:27 PM    1   30.11    0.00   40.86    1.08    0.00    0.00    0.00    0.00    0.00   27.96
06:38:27 PM    2   31.91    0.00   40.43    1.06    0.00    0.00    0.00    0.00    0.00   26.60
06:38:27 PM    3   31.91    0.00   40.43    2.13    0.00    0.00    0.00    0.00    0.00   25.53
06:38:27 PM    4   31.52    0.00   40.22    1.09    0.00    0.00    0.00    0.00    0.00   27.17
06:38:27 PM    5   32.61    0.00   39.13    1.09    0.00    0.00    0.00    0.00    0.00   27.17
06:38:27 PM    6   32.61    0.00   40.22    0.00    0.00    0.00    0.00    0.00    0.00   27.17
06:38:27 PM    7   33.70    0.00   39.13    1.09    0.00    0.00    0.00    0.00    0.00   26.09
06:38:27 PM    8   32.61    0.00   40.22    1.09    0.00    0.00    0.00    0.00    0.00   26.09
06:38:27 PM    9   33.70    0.00   39.13    1.09    0.00    0.00    0.00    0.00    0.00   26.09
06:38:27 PM   10   33.70    0.00   40.22    1.09    0.00    0.00    0.00    0.00    0.00   25.00
06:38:27 PM   11   28.72    0.00   43.62    1.06    0.00    0.00    0.00    0.00    0.00   26.60
06:38:27 PM   12   29.79    0.00   42.55    1.06    0.00    0.00    0.00    0.00    0.00   26.60
06:38:27 PM   13   29.35    0.00   42.39    1.09    0.00    0.00    0.00    0.00    0.00   27.17
06:38:27 PM   14   30.43    0.00   41.30    1.09    0.00    0.00    0.00    0.00    0.00   27.17
06:38:27 PM   15   32.61    0.00   41.30    1.09    0.00    0.00    0.00    0.00    0.00   25.00
06:38:27 PM   16   27.96    0.00   43.01    1.08    0.00    0.00    0.00    0.00    0.00   27.96
06:38:27 PM   17   29.03    0.00   43.01    1.08    0.00    0.00    0.00    0.00    0.00   26.88
06:38:27 PM   18   31.87    0.00   40.66    1.10    0.00    0.00    0.00    0.00    0.00   26.37
06:38:27 PM   19   31.18    0.00   41.94    0.00    0.00    0.00    0.00    0.00    0.00   26.88
06:38:27 PM   20   31.87    0.00   41.76    0.00    0.00    0.00    0.00    0.00    0.00   26.37
06:38:27 PM   21   35.16    0.00   38.46    1.10    0.00    0.00    0.00    0.00    0.00   25.27
06:38:27 PM   22   30.21    0.00   41.67    1.04    0.00    0.00    0.00    0.00    0.00   27.08
06:38:27 PM   23   30.77    0.00   40.66    1.10    0.00    0.00    0.00    0.00    0.00   27.47
06:38:27 PM   24   31.18    0.00   40.86    0.00    0.00    0.00    0.00    0.00    0.00   27.96
06:38:27 PM   25   30.11    0.00   41.94    0.00    0.00    0.00    0.00    0.00    0.00   27.96
06:38:27 PM   26   31.87    0.00   40.66    0.00    0.00    0.00    0.00    0.00    0.00   27.47
06:38:27 PM   27   34.04    0.00   39.36    1.06    0.00    0.00    0.00    0.00    0.00   25.53
06:38:27 PM   28   35.48    0.00   37.63    1.08    0.00    0.00    0.00    0.00    0.00   25.81
06:38:27 PM   29   33.33    0.00   39.78    1.08    0.00    0.00    0.00    0.00    0.00   25.81
06:38:27 PM   30   33.70    0.00   39.13    1.09    0.00    0.00    0.00    0.00    0.00   26.09
06:38:27 PM   31   34.74    0.00   38.95    1.05    0.00    0.00    0.00    0.00    0.00   25.26
06:38:27 PM   32   27.78    0.00   44.44    0.00    0.00    0.00    0.00    0.00    0.00   27.78
06:38:27 PM   33   31.91    0.00   41.49    1.06    0.00    0.00    0.00    0.00    0.00   25.53
06:38:27 PM   34   34.04    0.00   39.36    0.00    0.00    0.00    0.00    0.00    0.00   26.60
06:38:27 PM   35   34.04    0.00   39.36    1.06    0.00    0.00    0.00    0.00    0.00   25.53
06:38:27 PM   36   32.97    0.00   39.56    1.10    0.00    0.00    0.00    0.00    0.00   26.37
06:38:27 PM   37   33.70    0.00   40.22    0.00    0.00    0.00    0.00    0.00    0.00   26.09
06:38:27 PM   38   32.26    0.00   40.86    1.08    0.00    0.00    0.00    0.00    0.00   25.81
06:38:27 PM   39   33.70    0.00   38.04    1.09    0.00    0.00    0.00    0.00    0.00   27.17
06:38:27 PM   40   32.26    0.00   39.78    1.08    0.00    0.00    0.00    0.00    0.00   26.88
06:38:27 PM   41   33.33    0.00   39.78    1.08    0.00    0.00    0.00    0.00    0.00   25.81
06:38:27 PM   42   31.91    0.00   40.43    1.06    0.00    0.00    0.00    0.00    0.00   26.60
06:38:27 PM   43   31.25    0.00   41.67    1.04    0.00    0.00    0.00    0.00    0.00   26.04
06:38:27 PM   44   29.79    0.00   42.55    1.06    0.00    0.00    0.00    0.00    0.00   26.60
06:38:27 PM   45   30.43    0.00   42.39    0.00    0.00    0.00    0.00    0.00    0.00   27.17
06:38:27 PM   46   29.03    0.00   43.01    1.08    0.00    0.00    0.00    0.00    0.00   26.88
06:38:27 PM   47   31.18    0.00   40.86    1.08    0.00    0.00    0.00    0.00    0.00   26.88
06:38:27 PM   48   31.18    0.00   40.86    1.08    0.00    0.00    0.00    0.00    0.00   26.88
06:38:27 PM   49   34.78    0.00   39.13    1.09    0.00    0.00    0.00    0.00    0.00   25.00
06:38:27 PM   50   31.52    0.00   41.30    0.00    0.00    0.00    0.00    0.00    0.00   27.17
06:38:27 PM   51   31.18    0.00   41.94    1.08    0.00    0.00    0.00    0.00    0.00   25.81
06:38:27 PM   52   31.91    0.00   41.49    1.06    0.00    0.00    0.00    0.00    0.00   25.53
06:38:27 PM   53   28.57    0.00   43.96    1.10    0.00    0.00    0.00    0.00    0.00   26.37
06:38:27 PM   54   32.22    0.00   40.00    0.00    0.00    0.00    0.00    0.00    0.00   27.78
06:38:27 PM   55   32.22    0.00   40.00    1.11    0.00    0.00    0.00    0.00    0.00   26.67
06:38:27 PM   56   32.98    0.00   41.49    1.06    0.00    0.00    0.00    0.00    0.00   24.47
06:38:27 PM   57   33.33    0.00   39.78    1.08    0.00    0.00    0.00    0.00    0.00   25.81
06:38:27 PM   58   31.87    0.00   41.76    1.10    0.00    0.00    0.00    0.00    0.00   25.27
06:38:27 PM   59   30.11    0.00   40.86    1.08    0.00    0.00    0.00    0.00    0.00   27.96
06:38:27 PM   60   31.87    0.00   40.66    0.00    0.00    0.00    0.00    0.00    0.00   27.47
06:38:27 PM   61   34.78    0.00   36.96    1.09    0.00    0.00    0.00    0.00    0.00   27.17
06:38:27 PM   62   33.70    0.00   40.22    0.00    0.00    0.00    0.00    0.00    0.00   26.09
06:38:27 PM   63   32.61    0.00   40.22    0.00    0.00    0.00    0.00    0.00    0.00   27.17
06:38:27 PM   64   33.70    0.00   39.13    1.09    0.00    0.00    0.00    0.00    0.00   26.09
06:38:27 PM   65   33.33    0.00   39.58    1.04    0.00    0.00    0.00    0.00    0.00   26.04
06:38:27 PM   66   31.18    0.00   40.86    0.00    0.00    0.00    0.00    0.00    0.00   27.96
06:38:27 PM   67   32.63    0.00   40.00    1.05    0.00    0.00    0.00    0.00    0.00   26.32
06:38:27 PM   68   30.85    0.00   42.55    0.00    0.00    0.00    0.00    0.00    0.00   26.60
06:38:27 PM   69   32.26    0.00   40.86    1.08    0.00    0.00    0.00    0.00    0.00   25.81
06:38:27 PM   70   31.52    0.00   41.30    0.00    0.00    0.00    0.00    0.00    0.00   27.17
06:38:27 PM   71   32.61    0.00   40.22    0.00    0.00    0.00    0.00    0.00    0.00   27.17
06:38:27 PM   72   32.63    0.00   41.05    1.05    0.00    0.00    0.00    0.00    0.00   25.26
06:38:27 PM   73   31.52    0.00   40.22    0.00    0.00    0.00    0.00    0.00    0.00   28.26
06:38:27 PM   74   34.44    0.00   40.00    0.00    0.00    0.00    0.00    0.00    0.00   25.56
06:38:27 PM   75   33.33    0.00   37.63    1.08    0.00    0.00    0.00    0.00    0.00   27.96
06:38:27 PM   76   31.18    0.00   41.94    1.08    0.00    0.00    0.00    0.00    0.00   25.81
06:38:27 PM   77   32.26    0.00   40.86    1.08    0.00    0.00    0.00    0.00    0.00   25.81
06:38:27 PM   78   31.87    0.00   41.76    1.10    0.00    0.00    0.00    0.00    0.00   25.27
06:38:27 PM   79   34.07    0.00   39.56    0.00    0.00    0.00    0.00    0.00    0.00   26.37

06:38:36 PM  CPU    %usr   %nice    %sys %iowait    %irq   %soft  %steal  %guest  %gnice   %idle
06:38:37 PM  all   31.03    0.00   42.44    1.01    0.00    0.00    0.00    0.00    0.00   25.52
06:38:37 PM    0   29.79    0.00   43.62    1.06    0.00    0.00    0.00    0.00    0.00   25.53
06:38:37 PM    1   30.85    0.00   41.49    1.06    0.00    0.00    0.00    0.00    0.00   26.60
06:38:37 PM    2   30.53    0.00   42.11    1.05    0.00    0.00    0.00    0.00    0.00   26.32
06:38:37 PM    3   32.98    0.00   39.36    1.06    0.00    0.00    0.00    0.00    0.00   26.60
06:38:37 PM    4   33.33    0.00   39.78    1.08    0.00    0.00    0.00    0.00    0.00   25.81
06:38:37 PM    5   31.25    0.00   40.62    1.04    0.00    0.00    0.00    0.00    0.00   27.08
06:38:37 PM    6   31.25    0.00   41.67    1.04    0.00    0.00    0.00    0.00    0.00   26.04
06:38:37 PM    7   30.53    0.00   42.11    1.05    0.00    0.00    0.00    0.00    0.00   26.32
06:38:37 PM    8   30.85    0.00   42.55    2.13    0.00    0.00    0.00    0.00    0.00   24.47
06:38:37 PM    9   28.72    0.00   44.68    0.00    0.00    0.00    0.00    0.00    0.00   26.60
06:38:37 PM   10   29.47    0.00   44.21    1.05    0.00    0.00    0.00    0.00    0.00   25.26
06:38:37 PM   11   31.58    0.00   42.11    2.11    0.00    0.00    0.00    0.00    0.00   24.21
06:38:37 PM   12   28.26    0.00   44.57    0.00    0.00    0.00    0.00    0.00    0.00   27.17
06:38:37 PM   13   31.58    0.00   41.05    1.05    0.00    0.00    0.00    0.00    0.00   26.32
06:38:37 PM   14   28.57    0.00   43.88    1.02    0.00    0.00    0.00    0.00    0.00   26.53
06:38:37 PM   15   30.85    0.00   42.55    2.13    0.00    0.00    0.00    0.00    0.00   24.47
06:38:37 PM   16   33.70    0.00   40.22    0.00    0.00    0.00    0.00    0.00    0.00   26.09
06:38:37 PM   17   29.17    0.00   42.71    1.04    0.00    0.00    0.00    0.00    0.00   27.08
06:38:37 PM   18   31.58    0.00   41.05    0.00    0.00    0.00    0.00    0.00    0.00   27.37
06:38:37 PM   19   30.53    0.00   42.11    1.05    0.00    0.00    0.00    0.00    0.00   26.32
06:38:37 PM   20   30.11    0.00   41.94    2.15    0.00    0.00    0.00    0.00    0.00   25.81
06:38:37 PM   21   30.53    0.00   43.16    1.05    0.00    0.00    0.00    0.00    0.00   25.26
06:38:37 PM   22   28.72    0.00   44.68    2.13    0.00    0.00    0.00    0.00    0.00   24.47
06:38:37 PM   23   29.79    0.00   43.62    1.06    0.00    0.00    0.00    0.00    0.00   25.53
06:38:37 PM   24   29.47    0.00   44.21    1.05    0.00    0.00    0.00    0.00    0.00   25.26
06:38:37 PM   25   31.91    0.00   42.55    0.00    0.00    0.00    0.00    0.00    0.00   25.53
06:38:37 PM   26   31.58    0.00   42.11    0.00    0.00    0.00    0.00    0.00    0.00   26.32
06:38:37 PM   27   28.89    0.00   45.56    1.11    0.00    0.00    0.00    0.00    0.00   24.44
06:38:37 PM   28   29.35    0.00   45.65    0.00    0.00    0.00    0.00    0.00    0.00   25.00
06:38:37 PM   29   31.91    0.00   42.55    1.06    0.00    0.00    0.00    0.00    0.00   24.47
06:38:37 PM   30   33.33    0.00   40.86    1.08    0.00    0.00    0.00    0.00    0.00   24.73
06:38:37 PM   31   33.33    0.00   39.78    2.15    0.00    0.00    0.00    0.00    0.00   24.73
06:38:37 PM   32   32.26    0.00   41.94    1.08    0.00    0.00    0.00    0.00    0.00   24.73
06:38:37 PM   33   33.68    0.00   40.00    1.05    0.00    0.00    0.00    0.00    0.00   25.26
06:38:37 PM   34   30.21    0.00   43.75    2.08    0.00    0.00    0.00    0.00    0.00   23.96
06:38:37 PM   35   29.47    0.00   44.21    1.05    0.00    0.00    0.00    0.00    0.00   25.26
06:38:37 PM   36   31.58    0.00   42.11    1.05    0.00    0.00    0.00    0.00    0.00   25.26
06:38:37 PM   37   30.85    0.00   44.68    0.00    0.00    0.00    0.00    0.00    0.00   24.47
06:38:37 PM   38   28.72    0.00   44.68    1.06    0.00    0.00    0.00    0.00    0.00   25.53
06:38:37 PM   39   30.11    0.00   43.01    1.08    0.00    0.00    0.00    0.00    0.00   25.81
06:38:37 PM   40   30.85    0.00   41.49    2.13    0.00    0.00    0.00    0.00    0.00   25.53
06:38:37 PM   41   33.33    0.00   39.78    1.08    0.00    0.00    0.00    0.00    0.00   25.81
06:38:37 PM   42   30.11    0.00   44.09    0.00    0.00    0.00    0.00    0.00    0.00   25.81
06:38:37 PM   43   28.72    0.00   43.62    1.06    0.00    0.00    0.00    0.00    0.00   26.60
06:38:37 PM   44   30.53    0.00   43.16    1.05    0.00    0.00    0.00    0.00    0.00   25.26
06:38:37 PM   45   29.35    0.00   44.57    0.00    0.00    0.00    0.00    0.00    0.00   26.09
06:38:37 PM   46   30.53    0.00   42.11    2.11    0.00    0.00    0.00    0.00    0.00   25.26
06:38:37 PM   47   34.04    0.00   39.36    1.06    0.00    0.00    0.00    0.00    0.00   25.53
06:38:37 PM   48   29.17    0.00   43.75    1.04    0.00    0.00    0.00    0.00    0.00   26.04
06:38:37 PM   49   31.52    0.00   41.30    1.09    0.00    0.00    0.00    0.00    0.00   26.09
06:38:37 PM   50   31.58    0.00   41.05    1.05    0.00    0.00    0.00    0.00    0.00   26.32
06:38:37 PM   51   31.18    0.00   43.01    1.08    0.00    0.00    0.00    0.00    0.00   24.73
06:38:37 PM   52   30.85    0.00   42.55    1.06    0.00    0.00    0.00    0.00    0.00   25.53
06:38:37 PM   53   31.18    0.00   43.01    0.00    0.00    0.00    0.00    0.00    0.00   25.81
06:38:37 PM   54   31.58    0.00   42.11    1.05    0.00    0.00    0.00    0.00    0.00   25.26
06:38:37 PM   55   31.52    0.00   41.30    0.00    0.00    0.00    0.00    0.00    0.00   27.17
06:38:37 PM   56   29.47    0.00   41.05    2.11    0.00    0.00    0.00    0.00    0.00   27.37
06:38:37 PM   57   32.26    0.00   40.86    1.08    0.00    0.00    0.00    0.00    0.00   25.81
06:38:37 PM   58   31.52    0.00   42.39    1.09    0.00    0.00    0.00    0.00    0.00   25.00
06:38:37 PM   59   31.91    0.00   41.49    1.06    0.00    0.00    0.00    0.00    0.00   25.53
06:38:37 PM   60   31.91    0.00   42.55    1.06    0.00    0.00    0.00    0.00    0.00   24.47
06:38:37 PM   61   30.21    0.00   44.79    1.04    0.00    0.00    0.00    0.00    0.00   23.96
06:38:37 PM   62   31.25    0.00   41.67    2.08    0.00    0.00    0.00    0.00    0.00   25.00
06:38:37 PM   63   30.43    0.00   44.57    0.00    0.00    0.00    0.00    0.00    0.00   25.00
06:38:37 PM   64   31.18    0.00   41.94    1.08    0.00    0.00    0.00    0.00    0.00   25.81
06:38:37 PM   65   33.33    0.00   39.78    1.08    0.00    0.00    0.00    0.00    0.00   25.81
06:38:37 PM   66   29.79    0.00   43.62    2.13    0.00    0.00    0.00    0.00    0.00   24.47
06:38:37 PM   67   31.91    0.00   41.49    2.13    0.00    0.00    0.00    0.00    0.00   24.47
06:38:37 PM   68   35.11    0.00   40.43    1.06    0.00    0.00    0.00    0.00    0.00   23.40
06:38:37 PM   69   32.97    0.00   40.66    1.10    0.00    0.00    0.00    0.00    0.00   25.27
06:38:37 PM   70   31.91    0.00   42.55    1.06    0.00    0.00    0.00    0.00    0.00   24.47
06:38:37 PM   71   29.79    0.00   44.68    0.00    0.00    0.00    0.00    0.00    0.00   25.53
06:38:37 PM   72   29.17    0.00   44.79    1.04    0.00    0.00    0.00    0.00    0.00   25.00
06:38:37 PM   73   32.29    0.00   41.67    1.04    0.00    0.00    0.00    0.00    0.00   25.00
06:38:37 PM   74   32.29    0.00   41.67    1.04    0.00    0.00    0.00    0.00    0.00   25.00
06:38:37 PM   75   31.91    0.00   42.55    0.00    0.00    0.00    0.00    0.00    0.00   25.53
06:38:37 PM   76   31.18    0.00   41.94    1.08    0.00    0.00    0.00    0.00    0.00   25.81
06:38:37 PM   77   31.91    0.00   41.49    1.06    0.00    0.00    0.00    0.00    0.00   25.53
06:38:37 PM   78   31.91    0.00   42.55    0.00    0.00    0.00    0.00    0.00    0.00   25.53
06:38:37 PM   79   30.11    0.00   44.09    0.00    0.00    0.00    0.00    0.00    0.00   25.81

06:38:46 PM  CPU    %usr   %nice    %sys %iowait    %irq   %soft  %steal  %guest  %gnice   %idle
06:38:47 PM  all   31.57    0.00   44.66    0.46    0.00    0.00    0.00    0.00    0.00   23.31
06:38:47 PM    0   31.58    0.00   44.21    1.05    0.00    0.00    0.00    0.00    0.00   23.16
06:38:47 PM    1   31.58    0.00   44.21    0.00    0.00    0.00    0.00    0.00    0.00   24.21
06:38:47 PM    2   32.29    0.00   43.75    1.04    0.00    0.00    0.00    0.00    0.00   22.92
06:38:47 PM    3   32.29    0.00   41.67    1.04    0.00    0.00    0.00    0.00    0.00   25.00
06:38:47 PM    4   32.29    0.00   43.75    1.04    0.00    0.00    0.00    0.00    0.00   22.92
06:38:47 PM    5   29.79    0.00   45.74    0.00    0.00    0.00    0.00    0.00    0.00   24.47
06:38:47 PM    6   30.85    0.00   44.68    0.00    0.00    0.00    0.00    0.00    0.00   24.47
06:38:47 PM    7   32.63    0.00   43.16    1.05    0.00    0.00    0.00    0.00    0.00   23.16
06:38:47 PM    8   30.21    0.00   45.83    1.04    0.00    0.00    0.00    0.00    0.00   22.92
06:38:47 PM    9   33.70    0.00   43.48    0.00    0.00    0.00    0.00    0.00    0.00   22.83
06:38:47 PM   10   29.79    0.00   45.74    1.06    0.00    0.00    0.00    0.00    0.00   23.40
06:38:47 PM   11   29.03    0.00   46.24    1.08    0.00    0.00    0.00    0.00    0.00   23.66
06:38:47 PM   12   31.58    0.00   44.21    1.05    0.00    0.00    0.00    0.00    0.00   23.16
06:38:47 PM   13   29.79    0.00   46.81    0.00    0.00    0.00    0.00    0.00    0.00   23.40
06:38:47 PM   14   31.18    0.00   44.09    0.00    0.00    0.00    0.00    0.00    0.00   24.73
06:38:47 PM   15   31.91    0.00   43.62    1.06    0.00    0.00    0.00    0.00    0.00   23.40
06:38:47 PM   16   29.17    0.00   46.88    1.04    0.00    0.00    0.00    0.00    0.00   22.92
06:38:47 PM   17   31.58    0.00   45.26    0.00    0.00    0.00    0.00    0.00    0.00   23.16
06:38:47 PM   18   31.52    0.00   44.57    0.00    0.00    0.00    0.00    0.00    0.00   23.91
06:38:47 PM   19   32.26    0.00   44.09    0.00    0.00    0.00    0.00    0.00    0.00   23.66
06:38:47 PM   20   33.68    0.00   43.16    0.00    0.00    0.00    0.00    0.00    0.00   23.16
06:38:47 PM   21   33.33    0.00   43.75    1.04    0.00    0.00    0.00    0.00    0.00   21.88
06:38:47 PM   22   30.85    0.00   45.74    0.00    0.00    0.00    0.00    0.00    0.00   23.40
06:38:47 PM   23   34.38    0.00   41.67    1.04    0.00    0.00    0.00    0.00    0.00   22.92
06:38:47 PM   24   30.85    0.00   44.68    1.06    0.00    0.00    0.00    0.00    0.00   23.40
06:38:47 PM   25   29.47    0.00   46.32    1.05    0.00    0.00    0.00    0.00    0.00   23.16
06:38:47 PM   26   31.58    0.00   44.21    1.05    0.00    0.00    0.00    0.00    0.00   23.16
06:38:47 PM   27   32.63    0.00   45.26    0.00    0.00    0.00    0.00    0.00    0.00   22.11
06:38:47 PM   28   30.85    0.00   45.74    1.06    0.00    0.00    0.00    0.00    0.00   22.34
06:38:47 PM   29   33.33    0.00   42.71    1.04    0.00    0.00    0.00    0.00    0.00   22.92
06:38:47 PM   30   33.33    0.00   44.09    0.00    0.00    0.00    0.00    0.00    0.00   22.58
06:38:47 PM   31   32.98    0.00   44.68    0.00    0.00    0.00    0.00    0.00    0.00   22.34
06:38:47 PM   32   33.68    0.00   43.16    0.00    0.00    0.00    0.00    0.00    0.00   23.16
06:38:47 PM   33   31.52    0.00   45.65    0.00    0.00    0.00    0.00    0.00    0.00   22.83
06:38:47 PM   34   33.68    0.00   42.11    1.05    0.00    0.00    0.00    0.00    0.00   23.16
06:38:47 PM   35   30.85    0.00   45.74    1.06    0.00    0.00    0.00    0.00    0.00   22.34
06:38:47 PM   36   32.99    0.00   44.33    0.00    0.00    0.00    0.00    0.00    0.00   22.68
06:38:47 PM   37   30.11    0.00   46.24    0.00    0.00    0.00    0.00    0.00    0.00   23.66
06:38:47 PM   38   31.91    0.00   44.68    0.00    0.00    0.00    0.00    0.00    0.00   23.40
06:38:47 PM   39   33.33    0.00   43.75    0.00    0.00    0.00    0.00    0.00    0.00   22.92
06:38:47 PM   40   34.04    0.00   42.55    0.00    0.00    0.00    0.00    0.00    0.00   23.40
06:38:47 PM   41   31.58    0.00   44.21    0.00    0.00    0.00    0.00    0.00    0.00   24.21
06:38:47 PM   42   28.12    0.00   46.88    1.04    0.00    0.00    0.00    0.00    0.00   23.96
06:38:47 PM   43   30.21    0.00   45.83    0.00    0.00    0.00    0.00    0.00    0.00   23.96
06:38:47 PM   44   29.47    0.00   46.32    0.00    0.00    0.00    0.00    0.00    0.00   24.21
06:38:47 PM   45   31.58    0.00   45.26    0.00    0.00    0.00    0.00    0.00    0.00   23.16
06:38:47 PM   46   31.91    0.00   43.62    0.00    0.00    0.00    0.00    0.00    0.00   24.47
06:38:47 PM   47   30.00    0.00   45.56    0.00    0.00    0.00    0.00    0.00    0.00   24.44
06:38:47 PM   48   32.98    0.00   43.62    0.00    0.00    0.00    0.00    0.00    0.00   23.40
06:38:47 PM   49   29.47    0.00   46.32    1.05    0.00    0.00    0.00    0.00    0.00   23.16
06:38:47 PM   50   32.29    0.00   43.75    0.00    0.00    0.00    0.00    0.00    0.00   23.96
06:38:47 PM   51   32.63    0.00   43.16    0.00    0.00    0.00    0.00    0.00    0.00   24.21
06:38:47 PM   52   31.58    0.00   44.21    1.05    0.00    0.00    0.00    0.00    0.00   23.16
06:38:47 PM   53   30.53    0.00   45.26    1.05    0.00    0.00    0.00    0.00    0.00   23.16
06:38:47 PM   54   27.37    0.00   48.42    1.05    0.00    0.00    0.00    0.00    0.00   23.16
06:38:47 PM   55   28.72    0.00   47.87    0.00    0.00    0.00    0.00    0.00    0.00   23.40
06:38:47 PM   56   31.58    0.00   44.21    0.00    0.00    0.00    0.00    0.00    0.00   24.21
06:38:47 PM   57   29.90    0.00   45.36    1.03    0.00    0.00    0.00    0.00    0.00   23.71
06:38:47 PM   58   32.61    0.00   42.39    0.00    0.00    0.00    0.00    0.00    0.00   25.00
06:38:47 PM   59   30.53    0.00   45.26    1.05    0.00    0.00    0.00    0.00    0.00   23.16
06:38:47 PM   60   32.98    0.00   43.62    1.06    0.00    0.00    0.00    0.00    0.00   22.34
06:38:47 PM   61   31.91    0.00   45.74    0.00    0.00    0.00    0.00    0.00    0.00   22.34
06:38:47 PM   62   32.99    0.00   44.33    0.00    0.00    0.00    0.00    0.00    0.00   22.68
06:38:47 PM   63   29.79    0.00   46.81    0.00    0.00    0.00    0.00    0.00    0.00   23.40
06:38:47 PM   64   33.68    0.00   44.21    0.00    0.00    0.00    0.00    0.00    0.00   22.11
06:38:47 PM   65   33.67    0.00   41.84    1.02    0.00    0.00    0.00    0.00    0.00   23.47
06:38:47 PM   66   32.29    0.00   43.75    0.00    0.00    0.00    0.00    0.00    0.00   23.96
06:38:47 PM   67   32.29    0.00   44.79    0.00    0.00    0.00    0.00    0.00    0.00   22.92
06:38:47 PM   68   30.93    0.00   46.39    0.00    0.00    0.00    0.00    0.00    0.00   22.68
06:38:47 PM   69   31.91    0.00   44.68    0.00    0.00    0.00    0.00    0.00    0.00   23.40
06:38:47 PM   70   29.47    0.00   47.37    1.05    0.00    0.00    0.00    0.00    0.00   22.11
06:38:47 PM   71   33.68    0.00   42.11    0.00    0.00    0.00    0.00    0.00    0.00   24.21
06:38:47 PM   72   28.12    0.00   46.88    1.04    0.00    0.00    0.00    0.00    0.00   23.96
06:38:47 PM   73   32.29    0.00   43.75    0.00    0.00    0.00    0.00    0.00    0.00   23.96
06:38:47 PM   74   31.91    0.00   44.68    1.06    0.00    0.00    0.00    0.00    0.00   22.34
06:38:47 PM   75   31.91    0.00   44.68    0.00    0.00    0.00    0.00    0.00    0.00   23.40
06:38:47 PM   76   29.90    0.00   47.42    1.03    0.00    0.00    0.00    0.00    0.00   21.65
06:38:47 PM   77   32.63    0.00   42.11    1.05    0.00    0.00    0.00    0.00    0.00   24.21
06:38:47 PM   78   32.63    0.00   44.21    1.05    0.00    0.00    0.00    0.00    0.00   22.11
06:38:47 PM   79   32.63    0.00   44.21    0.00    0.00    0.00    0.00    0.00    0.00   23.16

06:38:56 PM  CPU    %usr   %nice    %sys %iowait    %irq   %soft  %steal  %guest  %gnice   %idle
06:38:57 PM  all   33.55    0.00   43.08    0.29    0.00    0.01    0.00    0.00    0.00   23.06
06:38:57 PM    0   34.38    0.00   42.71    1.04    0.00    0.00    0.00    0.00    0.00   21.88
06:38:57 PM    1   36.84    0.00   42.11    0.00    0.00    0.00    0.00    0.00    0.00   21.05
06:38:57 PM    2   32.26    0.00   45.16    0.00    0.00    0.00    0.00    0.00    0.00   22.58
06:38:57 PM    3   33.68    0.00   43.16    0.00    0.00    0.00    0.00    0.00    0.00   23.16
06:38:57 PM    4   33.68    0.00   42.11    1.05    0.00    0.00    0.00    0.00    0.00   23.16
06:38:57 PM    5   31.52    0.00   45.65    0.00    0.00    0.00    0.00    0.00    0.00   22.83
06:38:57 PM    6   30.93    0.00   45.36    1.03    0.00    0.00    0.00    0.00    0.00   22.68
06:38:57 PM    7   34.04    0.00   41.49    1.06    0.00    0.00    0.00    0.00    0.00   23.40
06:38:57 PM    8   34.04    0.00   42.55    0.00    0.00    0.00    0.00    0.00    0.00   23.40
06:38:57 PM    9   32.29    0.00   44.79    1.04    0.00    0.00    0.00    0.00    0.00   21.88
06:38:57 PM   10   32.26    0.00   45.16    0.00    0.00    0.00    0.00    0.00    0.00   22.58
06:38:57 PM   11   34.04    0.00   42.55    0.00    0.00    0.00    0.00    0.00    0.00   23.40
06:38:57 PM   12   34.38    0.00   41.67    0.00    0.00    1.04    0.00    0.00    0.00   22.92
06:38:57 PM   13   33.68    0.00   42.11    1.05    0.00    0.00    0.00    0.00    0.00   23.16
06:38:57 PM   14   35.05    0.00   41.24    1.03    0.00    0.00    0.00    0.00    0.00   22.68
06:38:57 PM   15   32.63    0.00   44.21    0.00    0.00    0.00    0.00    0.00    0.00   23.16
06:38:57 PM   16   35.79    0.00   41.05    1.05    0.00    0.00    0.00    0.00    0.00   22.11
06:38:57 PM   17   35.42    0.00   41.67    0.00    0.00    0.00    0.00    0.00    0.00   22.92
06:38:57 PM   18   34.04    0.00   42.55    0.00    0.00    0.00    0.00    0.00    0.00   23.40
06:38:57 PM   19   32.61    0.00   44.57    0.00    0.00    0.00    0.00    0.00    0.00   22.83
06:38:57 PM   20   30.43    0.00   45.65    0.00    0.00    0.00    0.00    0.00    0.00   23.91
06:38:57 PM   21   31.87    0.00   45.05    0.00    0.00    0.00    0.00    0.00    0.00   23.08
06:38:57 PM   22   34.04    0.00   42.55    0.00    0.00    0.00    0.00    0.00    0.00   23.40
06:38:57 PM   23   33.33    0.00   43.01    0.00    0.00    0.00    0.00    0.00    0.00   23.66
06:38:57 PM   24   32.98    0.00   43.62    0.00    0.00    0.00    0.00    0.00    0.00   23.40
06:38:57 PM   25   33.33    0.00   43.01    0.00    0.00    0.00    0.00    0.00    0.00   23.66
06:38:57 PM   26   33.33    0.00   42.71    0.00    0.00    0.00    0.00    0.00    0.00   23.96
06:38:57 PM   27   32.26    0.00   44.09    0.00    0.00    0.00    0.00    0.00    0.00   23.66
06:38:57 PM   28   33.33    0.00   43.01    0.00    0.00    0.00    0.00    0.00    0.00   23.66
06:38:57 PM   29   34.04    0.00   42.55    0.00    0.00    0.00    0.00    0.00    0.00   23.40
06:38:57 PM   30   34.04    0.00   41.49    1.06    0.00    0.00    0.00    0.00    0.00   23.40
06:38:57 PM   31   34.74    0.00   41.05    0.00    0.00    0.00    0.00    0.00    0.00   24.21
06:38:57 PM   32   31.18    0.00   45.16    0.00    0.00    0.00    0.00    0.00    0.00   23.66
06:38:57 PM   33   31.91    0.00   44.68    0.00    0.00    0.00    0.00    0.00    0.00   23.40
06:38:57 PM   34   30.85    0.00   44.68    0.00    0.00    0.00    0.00    0.00    0.00   24.47
06:38:57 PM   35   33.33    0.00   43.01    0.00    0.00    0.00    0.00    0.00    0.00   23.66
06:38:57 PM   36   34.07    0.00   41.76    0.00    0.00    0.00    0.00    0.00    0.00   24.18
06:38:57 PM   37   32.63    0.00   45.26    0.00    0.00    0.00    0.00    0.00    0.00   22.11
06:38:57 PM   38   32.63    0.00   44.21    1.05    0.00    0.00    0.00    0.00    0.00   22.11
06:38:57 PM   39   32.26    0.00   45.16    0.00    0.00    0.00    0.00    0.00    0.00   22.58
06:38:57 PM   40   32.98    0.00   43.62    0.00    0.00    0.00    0.00    0.00    0.00   23.40
06:38:57 PM   41   35.48    0.00   40.86    0.00    0.00    0.00    0.00    0.00    0.00   23.66
06:38:57 PM   42   33.33    0.00   44.79    0.00    0.00    0.00    0.00    0.00    0.00   21.88
06:38:57 PM   43   34.74    0.00   43.16    0.00    0.00    0.00    0.00    0.00    0.00   22.11
06:38:57 PM   44   31.58    0.00   45.26    0.00    0.00    0.00    0.00    0.00    0.00   23.16
06:38:57 PM   45   31.91    0.00   44.68    0.00    0.00    0.00    0.00    0.00    0.00   23.40
06:38:57 PM   46   35.87    0.00   41.30    0.00    0.00    0.00    0.00    0.00    0.00   22.83
06:38:57 PM   47   33.33    0.00   44.79    0.00    0.00    0.00    0.00    0.00    0.00   21.88
06:38:57 PM   48   32.29    0.00   44.79    1.04    0.00    0.00    0.00    0.00    0.00   21.88
06:38:57 PM   49   34.41    0.00   43.01    0.00    0.00    0.00    0.00    0.00    0.00   22.58
06:38:57 PM   50   33.33    0.00   43.75    1.04    0.00    0.00    0.00    0.00    0.00   21.88
06:38:57 PM   51   35.05    0.00   42.27    1.03    0.00    0.00    0.00    0.00    0.00   21.65
06:38:57 PM   52   35.11    0.00   42.55    0.00    0.00    0.00    0.00    0.00    0.00   22.34
06:38:57 PM   53   32.29    0.00   43.75    1.04    0.00    0.00    0.00    0.00    0.00   22.92
06:38:57 PM   54   34.74    0.00   43.16    0.00    0.00    0.00    0.00    0.00    0.00   22.11
06:38:57 PM   55   34.41    0.00   44.09    0.00    0.00    0.00    0.00    0.00    0.00   21.51
06:38:57 PM   56   31.18    0.00   46.24    0.00    0.00    0.00    0.00    0.00    0.00   22.58
06:38:57 PM   57   35.79    0.00   42.11    0.00    0.00    0.00    0.00    0.00    0.00   22.11
06:38:57 PM   58   35.79    0.00   42.11    0.00    0.00    0.00    0.00    0.00    0.00   22.11
06:38:57 PM   59   32.61    0.00   45.65    0.00    0.00    0.00    0.00    0.00    0.00   21.74
06:38:57 PM   60   35.16    0.00   40.66    0.00    0.00    0.00    0.00    0.00    0.00   24.18
06:38:57 PM   61   34.04    0.00   41.49    1.06    0.00    0.00    0.00    0.00    0.00   23.40
06:38:57 PM   62   33.33    0.00   42.71    1.04    0.00    0.00    0.00    0.00    0.00   22.92
06:38:57 PM   63   34.41    0.00   41.94    0.00    0.00    0.00    0.00    0.00    0.00   23.66
06:38:57 PM   64   34.04    0.00   42.55    0.00    0.00    0.00    0.00    0.00    0.00   23.40
06:38:57 PM   65   31.91    0.00   43.62    0.00    0.00    0.00    0.00    0.00    0.00   24.47
06:38:57 PM   66   34.02    0.00   42.27    0.00    0.00    0.00    0.00    0.00    0.00   23.71
06:38:57 PM   67   34.41    0.00   40.86    0.00    0.00    0.00    0.00    0.00    0.00   24.73
06:38:57 PM   68   34.38    0.00   41.67    1.04    0.00    0.00    0.00    0.00    0.00   22.92
06:38:57 PM   69   35.11    0.00   41.49    0.00    0.00    0.00    0.00    0.00    0.00   23.40
06:38:57 PM   70   33.68    0.00   41.05    1.05    0.00    0.00    0.00    0.00    0.00   24.21
06:38:57 PM   71   34.74    0.00   41.05    0.00    0.00    0.00    0.00    0.00    0.00   24.21
06:38:57 PM   72   34.04    0.00   42.55    0.00    0.00    0.00    0.00    0.00    0.00   23.40
06:38:57 PM   73   35.48    0.00   39.78    1.08    0.00    0.00    0.00    0.00    0.00   23.66
06:38:57 PM   74   32.26    0.00   44.09    0.00    0.00    0.00    0.00    0.00    0.00   23.66
06:38:57 PM   75   32.26    0.00   44.09    0.00    0.00    0.00    0.00    0.00    0.00   23.66
06:38:57 PM   76   32.26    0.00   45.16    0.00    0.00    0.00    0.00    0.00    0.00   22.58
06:38:57 PM   77   33.33    0.00   41.67    1.04    0.00    0.00    0.00    0.00    0.00   23.96
06:38:57 PM   78   36.08    0.00   40.21    1.03    0.00    0.00    0.00    0.00    0.00   22.68
06:38:57 PM   79   32.63    0.00   42.11    1.05    0.00    0.00    0.00    0.00    0.00   24.21

06:39:06 PM  CPU    %usr   %nice    %sys %iowait    %irq   %soft  %steal  %guest  %gnice   %idle
06:39:07 PM  all   32.89    0.00   42.48    0.40    0.00    0.00    0.00    0.00    0.00   24.23
06:39:07 PM    0   31.87    0.00   43.96    1.10    0.00    0.00    0.00    0.00    0.00   23.08
06:39:07 PM    1   30.43    0.00   44.57    1.09    0.00    0.00    0.00    0.00    0.00   23.91
06:39:07 PM    2   31.52    0.00   43.48    1.09    0.00    0.00    0.00    0.00    0.00   23.91
06:39:07 PM    3   29.21    0.00   46.07    0.00    0.00    0.00    0.00    0.00    0.00   24.72
06:39:07 PM    4   32.26    0.00   41.94    1.08    0.00    0.00    0.00    0.00    0.00   24.73
06:39:07 PM    5   30.77    0.00   45.05    0.00    0.00    0.00    0.00    0.00    0.00   24.18
06:39:07 PM    6   33.70    0.00   42.39    0.00    0.00    0.00    0.00    0.00    0.00   23.91
06:39:07 PM    7   33.33    0.00   41.94    0.00    0.00    0.00    0.00    0.00    0.00   24.73
06:39:07 PM    8   35.16    0.00   40.66    0.00    0.00    0.00    0.00    0.00    0.00   24.18
06:39:07 PM    9   31.87    0.00   43.96    0.00    0.00    0.00    0.00    0.00    0.00   24.18
06:39:07 PM   10   31.87    0.00   42.86    1.10    0.00    0.00    0.00    0.00    0.00   24.18
06:39:07 PM   11   33.70    0.00   41.30    0.00    0.00    0.00    0.00    0.00    0.00   25.00
06:39:07 PM   12   31.11    0.00   43.33    0.00    0.00    0.00    0.00    0.00    0.00   25.56
06:39:07 PM   13   31.87    0.00   43.96    0.00    0.00    0.00    0.00    0.00    0.00   24.18
06:39:07 PM   14   33.70    0.00   42.39    0.00    0.00    0.00    0.00    0.00    0.00   23.91
06:39:07 PM   15   31.18    0.00   45.16    0.00    0.00    0.00    0.00    0.00    0.00   23.66
06:39:07 PM   16   34.41    0.00   41.94    1.08    0.00    0.00    0.00    0.00    0.00   22.58
06:39:07 PM   17   33.33    0.00   41.11    0.00    0.00    0.00    0.00    0.00    0.00   25.56
06:39:07 PM   18   33.70    0.00   41.30    0.00    0.00    0.00    0.00    0.00    0.00   25.00
06:39:07 PM   19   33.33    0.00   41.11    0.00    0.00    0.00    0.00    0.00    0.00   25.56
06:39:07 PM   20   31.91    0.00   42.55    1.06    0.00    0.00    0.00    0.00    0.00   24.47
06:39:07 PM   21   31.82    0.00   43.18    0.00    0.00    0.00    0.00    0.00    0.00   25.00
06:39:07 PM   22   33.70    0.00   41.30    1.09    0.00    0.00    0.00    0.00    0.00   23.91
06:39:07 PM   23   32.58    0.00   43.82    1.12    0.00    0.00    0.00    0.00    0.00   22.47
06:39:07 PM   24   31.87    0.00   43.96    0.00    0.00    0.00    0.00    0.00    0.00   24.18
06:39:07 PM   25   32.58    0.00   43.82    0.00    0.00    0.00    0.00    0.00    0.00   23.60
06:39:07 PM   26   31.96    0.00   43.30    1.03    0.00    0.00    0.00    0.00    0.00   23.71
06:39:07 PM   27   31.46    0.00   42.70    1.12    0.00    0.00    0.00    0.00    0.00   24.72
06:39:07 PM   28   33.33    0.00   43.01    0.00    0.00    0.00    0.00    0.00    0.00   23.66
06:39:07 PM   29   35.56    0.00   40.00    0.00    0.00    0.00    0.00    0.00    0.00   24.44
06:39:07 PM   30   32.61    0.00   44.57    0.00    0.00    0.00    0.00    0.00    0.00   22.83
06:39:07 PM   31   31.52    0.00   43.48    0.00    0.00    0.00    0.00    0.00    0.00   25.00
06:39:07 PM   32   33.33    0.00   41.94    1.08    0.00    0.00    0.00    0.00    0.00   23.66
06:39:07 PM   33   32.61    0.00   42.39    1.09    0.00    0.00    0.00    0.00    0.00   23.91
06:39:07 PM   34   33.70    0.00   42.39    0.00    0.00    0.00    0.00    0.00    0.00   23.91
06:39:07 PM   35   32.97    0.00   42.86    0.00    0.00    0.00    0.00    0.00    0.00   24.18
06:39:07 PM   36   34.44    0.00   42.22    0.00    0.00    0.00    0.00    0.00    0.00   23.33
06:39:07 PM   37   33.33    0.00   42.22    1.11    0.00    0.00    0.00    0.00    0.00   23.33
06:39:07 PM   38   34.41    0.00   41.94    0.00    0.00    0.00    0.00    0.00    0.00   23.66
06:39:07 PM   39   33.33    0.00   41.94    1.08    0.00    0.00    0.00    0.00    0.00   23.66
06:39:07 PM   40   31.87    0.00   43.96    0.00    0.00    0.00    0.00    0.00    0.00   24.18
06:39:07 PM   41   30.85    0.00   43.62    1.06    0.00    0.00    0.00    0.00    0.00   24.47
06:39:07 PM   42   32.61    0.00   41.30    1.09    0.00    0.00    0.00    0.00    0.00   25.00
06:39:07 PM   43   32.97    0.00   42.86    0.00    0.00    0.00    0.00    0.00    0.00   24.18
06:39:07 PM   44   31.91    0.00   44.68    1.06    0.00    0.00    0.00    0.00    0.00   22.34
06:39:07 PM   45   33.70    0.00   42.39    0.00    0.00    0.00    0.00    0.00    0.00   23.91
06:39:07 PM   46   33.70    0.00   42.39    0.00    0.00    0.00    0.00    0.00    0.00   23.91
06:39:07 PM   47   32.58    0.00   42.70    0.00    0.00    0.00    0.00    0.00    0.00   24.72
06:39:07 PM   48   32.26    0.00   44.09    0.00    0.00    0.00    0.00    0.00    0.00   23.66
06:39:07 PM   49   30.77    0.00   43.96    1.10    0.00    0.00    0.00    0.00    0.00   24.18
06:39:07 PM   50   32.26    0.00   43.01    0.00    0.00    0.00    0.00    0.00    0.00   24.73
06:39:07 PM   51   32.61    0.00   42.39    0.00    0.00    0.00    0.00    0.00    0.00   25.00
06:39:07 PM   52   31.11    0.00   44.44    0.00    0.00    0.00    0.00    0.00    0.00   24.44
06:39:07 PM   53   33.70    0.00   41.30    1.09    0.00    0.00    0.00    0.00    0.00   23.91
06:39:07 PM   54   34.78    0.00   40.22    0.00    0.00    0.00    0.00    0.00    0.00   25.00
06:39:07 PM   55   32.26    0.00   41.94    1.08    0.00    0.00    0.00    0.00    0.00   24.73
06:39:07 PM   56   35.56    0.00   38.89    0.00    0.00    0.00    0.00    0.00    0.00   25.56
06:39:07 PM   57   32.97    0.00   42.86    0.00    0.00    0.00    0.00    0.00    0.00   24.18
06:39:07 PM   58   33.70    0.00   40.22    1.09    0.00    0.00    0.00    0.00    0.00   25.00
06:39:07 PM   59   33.70    0.00   41.30    0.00    0.00    0.00    0.00    0.00    0.00   25.00
06:39:07 PM   60   34.41    0.00   40.86    1.08    0.00    0.00    0.00    0.00    0.00   23.66
06:39:07 PM   61   33.33    0.00   41.94    0.00    0.00    0.00    0.00    0.00    0.00   24.73
06:39:07 PM   62   32.97    0.00   41.76    1.10    0.00    0.00    0.00    0.00    0.00   24.18
06:39:07 PM   63   32.26    0.00   41.94    1.08    0.00    0.00    0.00    0.00    0.00   24.73
06:39:07 PM   64   34.41    0.00   40.86    0.00    0.00    0.00    0.00    0.00    0.00   24.73
06:39:07 PM   65   32.61    0.00   42.39    0.00    0.00    0.00    0.00    0.00    0.00   25.00
06:39:07 PM   66   31.52    0.00   43.48    1.09    0.00    0.00    0.00    0.00    0.00   23.91
06:39:07 PM   67   32.98    0.00   41.49    0.00    0.00    0.00    0.00    0.00    0.00   25.53
06:39:07 PM   68   32.61    0.00   42.39    0.00    0.00    0.00    0.00    0.00    0.00   25.00
06:39:07 PM   69   32.61    0.00   42.39    0.00    0.00    0.00    0.00    0.00    0.00   25.00
06:39:07 PM   70   35.16    0.00   40.66    0.00    0.00    0.00    0.00    0.00    0.00   24.18
06:39:07 PM   71   33.70    0.00   42.39    0.00    0.00    0.00    0.00    0.00    0.00   23.91
06:39:07 PM   72   33.33    0.00   43.01    0.00    0.00    0.00    0.00    0.00    0.00   23.66
06:39:07 PM   73   32.61    0.00   42.39    1.09    0.00    0.00    0.00    0.00    0.00   23.91
06:39:07 PM   74   31.18    0.00   44.09    1.08    0.00    0.00    0.00    0.00    0.00   23.66
06:39:07 PM   75   35.16    0.00   40.66    0.00    0.00    0.00    0.00    0.00    0.00   24.18
06:39:07 PM   76   33.70    0.00   41.30    1.09    0.00    0.00    0.00    0.00    0.00   23.91
06:39:07 PM   77   34.44    0.00   41.11    0.00    0.00    0.00    0.00    0.00    0.00   24.44
06:39:07 PM   78   34.78    0.00   41.30    0.00    0.00    0.00    0.00    0.00    0.00   23.91
06:39:07 PM   79   34.07    0.00   41.76    0.00    0.00    0.00    0.00    0.00    0.00   24.18

06:39:16 PM  CPU    %usr   %nice    %sys %iowait    %irq   %soft  %steal  %guest  %gnice   %idle
06:39:17 PM  all   30.73    0.00   42.98    0.44    0.00    0.00    0.00    0.00    0.00   25.85
06:39:17 PM    0   31.63    0.00   42.86    1.02    0.00    0.00    0.00    0.00    0.00   24.49
06:39:17 PM    1   31.58    0.00   41.05    1.05    0.00    0.00    0.00    0.00    0.00   26.32
06:39:17 PM    2   31.58    0.00   42.11    1.05    0.00    0.00    0.00    0.00    0.00   25.26
06:39:17 PM    3   31.25    0.00   42.71    1.04    0.00    0.00    0.00    0.00    0.00   25.00
06:39:17 PM    4   31.58    0.00   41.05    1.05    0.00    0.00    0.00    0.00    0.00   26.32
06:39:17 PM    5   32.26    0.00   41.94    0.00    0.00    0.00    0.00    0.00    0.00   25.81
06:39:17 PM    6   29.79    0.00   43.62    1.06    0.00    0.00    0.00    0.00    0.00   25.53
06:39:17 PM    7   31.91    0.00   42.55    0.00    0.00    0.00    0.00    0.00    0.00   25.53
06:39:17 PM    8   28.42    0.00   45.26    1.05    0.00    0.00    0.00    0.00    0.00   25.26
06:39:17 PM    9   32.61    0.00   41.30    0.00    0.00    0.00    0.00    0.00    0.00   26.09
06:39:17 PM   10   30.85    0.00   43.62    0.00    0.00    0.00    0.00    0.00    0.00   25.53
06:39:17 PM   11   30.11    0.00   44.09    0.00    0.00    0.00    0.00    0.00    0.00   25.81
06:39:17 PM   12   30.21    0.00   42.71    1.04    0.00    0.00    0.00    0.00    0.00   26.04
06:39:17 PM   13   32.63    0.00   41.05    0.00    0.00    0.00    0.00    0.00    0.00   26.32
06:39:17 PM   14   31.25    0.00   42.71    0.00    0.00    0.00    0.00    0.00    0.00   26.04
06:39:17 PM   15   31.91    0.00   42.55    0.00    0.00    0.00    0.00    0.00    0.00   25.53
06:39:17 PM   16   31.91    0.00   42.55    2.13    0.00    0.00    0.00    0.00    0.00   23.40
06:39:17 PM   17   29.67    0.00   43.96    0.00    0.00    0.00    0.00    0.00    0.00   26.37
06:39:17 PM   18   31.18    0.00   43.01    0.00    0.00    0.00    0.00    0.00    0.00   25.81
06:39:17 PM   19   32.26    0.00   40.86    0.00    0.00    0.00    0.00    0.00    0.00   26.88
06:39:17 PM   20   30.85    0.00   43.62    1.06    0.00    0.00    0.00    0.00    0.00   24.47
06:39:17 PM   21   32.26    0.00   40.86    1.08    0.00    0.00    0.00    0.00    0.00   25.81
06:39:17 PM   22   31.58    0.00   42.11    1.05    0.00    0.00    0.00    0.00    0.00   25.26
06:39:17 PM   23   31.52    0.00   42.39    0.00    0.00    0.00    0.00    0.00    0.00   26.09
06:39:17 PM   24   31.52    0.00   42.39    0.00    0.00    0.00    0.00    0.00    0.00   26.09
06:39:17 PM   25   32.98    0.00   41.49    0.00    0.00    0.00    0.00    0.00    0.00   25.53
06:39:17 PM   26   31.18    0.00   41.94    0.00    0.00    0.00    0.00    0.00    0.00   26.88
06:39:17 PM   27   29.79    0.00   43.62    1.06    0.00    0.00    0.00    0.00    0.00   25.53
06:39:17 PM   28   31.25    0.00   42.71    0.00    0.00    0.00    0.00    0.00    0.00   26.04
06:39:17 PM   29   31.18    0.00   43.01    0.00    0.00    0.00    0.00    0.00    0.00   25.81
06:39:17 PM   30   32.26    0.00   43.01    0.00    0.00    0.00    0.00    0.00    0.00   24.73
06:39:17 PM   31   29.17    0.00   43.75    1.04    0.00    0.00    0.00    0.00    0.00   26.04
06:39:17 PM   32   29.79    0.00   43.62    0.00    0.00    0.00    0.00    0.00    0.00   26.60
06:39:17 PM   33   29.79    0.00   42.55    0.00    0.00    0.00    0.00    0.00    0.00   27.66
06:39:17 PM   34   28.42    0.00   45.26    0.00    0.00    0.00    0.00    0.00    0.00   26.32
06:39:17 PM   35   30.11    0.00   44.09    0.00    0.00    0.00    0.00    0.00    0.00   25.81
06:39:17 PM   36   31.91    0.00   42.55    0.00    0.00    0.00    0.00    0.00    0.00   25.53
06:39:17 PM   37   30.85    0.00   42.55    0.00    0.00    0.00    0.00    0.00    0.00   26.60
06:39:17 PM   38   29.79    0.00   43.62    0.00    0.00    0.00    0.00    0.00    0.00   26.60
06:39:17 PM   39   30.21    0.00   42.71    1.04    0.00    0.00    0.00    0.00    0.00   26.04
06:39:17 PM   40   30.11    0.00   43.01    0.00    0.00    0.00    0.00    0.00    0.00   26.88
06:39:17 PM   41   28.26    0.00   44.57    0.00    0.00    0.00    0.00    0.00    0.00   27.17
06:39:17 PM   42   28.26    0.00   45.65    1.09    0.00    0.00    0.00    0.00    0.00   25.00
06:39:17 PM   43   30.21    0.00   42.71    1.04    0.00    0.00    0.00    0.00    0.00   26.04
06:39:17 PM   44   30.11    0.00   44.09    1.08    0.00    0.00    0.00    0.00    0.00   24.73
06:39:17 PM   45   30.53    0.00   43.16    1.05    0.00    0.00    0.00    0.00    0.00   25.26
06:39:17 PM   46   30.85    0.00   42.55    1.06    0.00    0.00    0.00    0.00    0.00   25.53
06:39:17 PM   47   32.26    0.00   41.94    0.00    0.00    0.00    0.00    0.00    0.00   25.81
06:39:17 PM   48   31.18    0.00   43.01    0.00    0.00    0.00    0.00    0.00    0.00   25.81
06:39:17 PM   49   29.79    0.00   43.62    0.00    0.00    0.00    0.00    0.00    0.00   26.60
06:39:17 PM   50   30.85    0.00   43.62    0.00    0.00    0.00    0.00    0.00    0.00   25.53
06:39:17 PM   51   32.29    0.00   40.62    1.04    0.00    0.00    0.00    0.00    0.00   26.04
06:39:17 PM   52   29.03    0.00   45.16    0.00    0.00    0.00    0.00    0.00    0.00   25.81
06:39:17 PM   53   31.18    0.00   44.09    0.00    0.00    0.00    0.00    0.00    0.00   24.73
06:39:17 PM   54   29.79    0.00   44.68    0.00    0.00    0.00    0.00    0.00    0.00   25.53
06:39:17 PM   55   31.91    0.00   41.49    0.00    0.00    0.00    0.00    0.00    0.00   26.60
06:39:17 PM   56   30.11    0.00   43.01    1.08    0.00    0.00    0.00    0.00    0.00   25.81
06:39:17 PM   57   30.11    0.00   44.09    1.08    0.00    0.00    0.00    0.00    0.00   24.73
06:39:17 PM   58   29.03    0.00   44.09    0.00    0.00    0.00    0.00    0.00    0.00   26.88
06:39:17 PM   59   30.53    0.00   43.16    1.05    0.00    0.00    0.00    0.00    0.00   25.26
06:39:17 PM   60   29.79    0.00   43.62    1.06    0.00    0.00    0.00    0.00    0.00   25.53
06:39:17 PM   61   29.79    0.00   43.62    0.00    0.00    0.00    0.00    0.00    0.00   26.60
06:39:17 PM   62   33.70    0.00   40.22    0.00    0.00    0.00    0.00    0.00    0.00   26.09
06:39:17 PM   63   31.91    0.00   42.55    0.00    0.00    0.00    0.00    0.00    0.00   25.53
06:39:17 PM   64   32.98    0.00   39.36    1.06    0.00    0.00    0.00    0.00    0.00   26.60
06:39:17 PM   65   30.43    0.00   42.39    0.00    0.00    0.00    0.00    0.00    0.00   27.17
06:39:17 PM   66   29.35    0.00   43.48    1.09    0.00    0.00    0.00    0.00    0.00   26.09
06:39:17 PM   67   31.25    0.00   43.75    0.00    0.00    0.00    0.00    0.00    0.00   25.00
06:39:17 PM   68   31.18    0.00   43.01    1.08    0.00    0.00    0.00    0.00    0.00   24.73
06:39:17 PM   69   28.12    0.00   45.83    0.00    0.00    0.00    0.00    0.00    0.00   26.04
06:39:17 PM   70   32.99    0.00   40.21    1.03    0.00    0.00    0.00    0.00    0.00   25.77
06:39:17 PM   71   28.72    0.00   44.68    1.06    0.00    0.00    0.00    0.00    0.00   25.53
06:39:17 PM   72   28.12    0.00   45.83    1.04    0.00    0.00    0.00    0.00    0.00   25.00
06:39:17 PM   73   31.18    0.00   43.01    0.00    0.00    0.00    0.00    0.00    0.00   25.81
06:39:17 PM   74   30.43    0.00   43.48    0.00    0.00    0.00    0.00    0.00    0.00   26.09
06:39:17 PM   75   29.79    0.00   43.62    1.06    0.00    0.00    0.00    0.00    0.00   25.53
06:39:17 PM   76   30.53    0.00   43.16    0.00    0.00    0.00    0.00    0.00    0.00   26.32
06:39:17 PM   77   30.85    0.00   42.55    0.00    0.00    0.00    0.00    0.00    0.00   26.60
06:39:17 PM   78   31.52    0.00   41.30    0.00    0.00    0.00    0.00    0.00    0.00   27.17
06:39:17 PM   79   28.57    0.00   45.05    0.00    0.00    0.00    0.00    0.00    0.00   26.37

06:39:26 PM  CPU    %usr   %nice    %sys %iowait    %irq   %soft  %steal  %guest  %gnice   %idle
06:39:27 PM  all   31.17    0.00   42.04    0.57    0.00    0.00    0.00    0.00    0.00   26.22
06:39:27 PM    0   29.03    0.00   44.09    1.08    0.00    0.00    0.00    0.00    0.00   25.81
06:39:27 PM    1   30.53    0.00   43.16    0.00    0.00    0.00    0.00    0.00    0.00   26.32
06:39:27 PM    2   31.25    0.00   42.71    0.00    0.00    0.00    0.00    0.00    0.00   26.04
06:39:27 PM    3   29.79    0.00   43.62    1.06    0.00    0.00    0.00    0.00    0.00   25.53
06:39:27 PM    4   31.52    0.00   41.30    0.00    0.00    0.00    0.00    0.00    0.00   27.17
06:39:27 PM    5   29.79    0.00   42.55    1.06    0.00    0.00    0.00    0.00    0.00   26.60
06:39:27 PM    6   31.58    0.00   41.05    0.00    0.00    0.00    0.00    0.00    0.00   27.37
06:39:27 PM    7   29.47    0.00   43.16    0.00    0.00    0.00    0.00    0.00    0.00   27.37
06:39:27 PM    8   31.91    0.00   41.49    1.06    0.00    0.00    0.00    0.00    0.00   25.53
06:39:27 PM    9   32.61    0.00   40.22    0.00    0.00    0.00    0.00    0.00    0.00   27.17
06:39:27 PM   10   30.43    0.00   42.39    1.09    0.00    0.00    0.00    0.00    0.00   26.09
06:39:27 PM   11   29.79    0.00   42.55    0.00    0.00    0.00    0.00    0.00    0.00   27.66
06:39:27 PM   12   29.79    0.00   42.55    1.06    0.00    0.00    0.00    0.00    0.00   26.60
06:39:27 PM   13   31.52    0.00   40.22    1.09    0.00    0.00    0.00    0.00    0.00   27.17
06:39:27 PM   14   30.11    0.00   41.94    1.08    0.00    0.00    0.00    0.00    0.00   26.88
06:39:27 PM   15   31.91    0.00   40.43    1.06    0.00    0.00    0.00    0.00    0.00   26.60
06:39:27 PM   16   31.18    0.00   40.86    1.08    0.00    0.00    0.00    0.00    0.00   26.88
06:39:27 PM   17   29.67    0.00   42.86    0.00    0.00    0.00    0.00    0.00    0.00   27.47
06:39:27 PM   18   31.52    0.00   41.30    0.00    0.00    0.00    0.00    0.00    0.00   27.17
06:39:27 PM   19   29.35    0.00   42.39    1.09    0.00    0.00    0.00    0.00    0.00   27.17
06:39:27 PM   20   32.26    0.00   40.86    1.08    0.00    0.00    0.00    0.00    0.00   25.81
06:39:27 PM   21   31.58    0.00   42.11    1.05    0.00    0.00    0.00    0.00    0.00   25.26
06:39:27 PM   22   29.90    0.00   43.30    1.03    0.00    0.00    0.00    0.00    0.00   25.77
06:39:27 PM   23   31.18    0.00   40.86    1.08    0.00    0.00    0.00    0.00    0.00   26.88
06:39:27 PM   24   32.63    0.00   41.05    1.05    0.00    0.00    0.00    0.00    0.00   25.26
06:39:27 PM   25   32.99    0.00   41.24    1.03    0.00    0.00    0.00    0.00    0.00   24.74
06:39:27 PM   26   30.53    0.00   43.16    1.05    0.00    0.00    0.00    0.00    0.00   25.26
06:39:27 PM   27   31.52    0.00   43.48    0.00    0.00    0.00    0.00    0.00    0.00   25.00
06:39:27 PM   28   30.85    0.00   41.49    1.06    0.00    0.00    0.00    0.00    0.00   26.60
06:39:27 PM   29   33.33    0.00   40.86    1.08    0.00    0.00    0.00    0.00    0.00   24.73
06:39:27 PM   30   30.85    0.00   42.55    1.06    0.00    0.00    0.00    0.00    0.00   25.53
06:39:27 PM   31   30.77    0.00   42.86    0.00    0.00    0.00    0.00    0.00    0.00   26.37
06:39:27 PM   32   32.98    0.00   41.49    0.00    0.00    0.00    0.00    0.00    0.00   25.53
06:39:27 PM   33   30.43    0.00   43.48    0.00    0.00    0.00    0.00    0.00    0.00   26.09
06:39:27 PM   34   29.47    0.00   43.16    1.05    0.00    0.00    0.00    0.00    0.00   26.32
06:39:27 PM   35   31.91    0.00   41.49    0.00    0.00    0.00    0.00    0.00    0.00   26.60
06:39:27 PM   36   34.04    0.00   40.43    0.00    0.00    0.00    0.00    0.00    0.00   25.53
06:39:27 PM   37   27.66    0.00   44.68    1.06    0.00    0.00    0.00    0.00    0.00   26.60
06:39:27 PM   38   30.43    0.00   43.48    0.00    0.00    0.00    0.00    0.00    0.00   26.09
06:39:27 PM   39   33.33    0.00   40.86    0.00    0.00    0.00    0.00    0.00    0.00   25.81
06:39:27 PM   40   31.63    0.00   40.82    1.02    0.00    0.00    0.00    0.00    0.00   26.53
06:39:27 PM   41   32.26    0.00   41.94    0.00    0.00    0.00    0.00    0.00    0.00   25.81
06:39:27 PM   42   31.18    0.00   41.94    1.08    0.00    0.00    0.00    0.00    0.00   25.81
06:39:27 PM   43   30.43    0.00   42.39    0.00    0.00    0.00    0.00    0.00    0.00   27.17
06:39:27 PM   44   27.96    0.00   45.16    0.00    0.00    0.00    0.00    0.00    0.00   26.88
06:39:27 PM   45   31.18    0.00   41.94    0.00    0.00    0.00    0.00    0.00    0.00   26.88
06:39:27 PM   46   32.26    0.00   40.86    0.00    0.00    0.00    0.00    0.00    0.00   26.88
06:39:27 PM   47   30.85    0.00   42.55    0.00    0.00    0.00    0.00    0.00    0.00   26.60
06:39:27 PM   48   30.53    0.00   42.11    1.05    0.00    0.00    0.00    0.00    0.00   26.32
06:39:27 PM   49   30.77    0.00   41.76    1.10    0.00    0.00    0.00    0.00    0.00   26.37
06:39:27 PM   50   32.98    0.00   41.49    0.00    0.00    0.00    0.00    0.00    0.00   25.53
06:39:27 PM   51   29.79    0.00   42.55    1.06    0.00    0.00    0.00    0.00    0.00   26.60
06:39:27 PM   52   30.53    0.00   42.11    1.05    0.00    0.00    0.00    0.00    0.00   26.32
06:39:27 PM   53   31.25    0.00   41.67    1.04    0.00    0.00    0.00    0.00    0.00   26.04
06:39:27 PM   54   30.53    0.00   43.16    0.00    0.00    0.00    0.00    0.00    0.00   26.32
06:39:27 PM   55   31.52    0.00   41.30    0.00    0.00    0.00    0.00    0.00    0.00   27.17
06:39:27 PM   56   31.18    0.00   41.94    0.00    0.00    0.00    0.00    0.00    0.00   26.88
06:39:27 PM   57   29.79    0.00   42.55    1.06    0.00    0.00    0.00    0.00    0.00   26.60
06:39:27 PM   58   31.91    0.00   40.43    1.06    0.00    0.00    0.00    0.00    0.00   26.60
06:39:27 PM   59   29.17    0.00   42.71    1.04    0.00    0.00    0.00    0.00    0.00   27.08
06:39:27 PM   60   30.53    0.00   42.11    1.05    0.00    0.00    0.00    0.00    0.00   26.32
06:39:27 PM   61   34.04    0.00   39.36    0.00    0.00    0.00    0.00    0.00    0.00   26.60
06:39:27 PM   62   31.52    0.00   43.48    0.00    0.00    0.00    0.00    0.00    0.00   25.00
06:39:27 PM   63   30.11    0.00   43.01    1.08    0.00    0.00    0.00    0.00    0.00   25.81
06:39:27 PM   64   32.63    0.00   42.11    1.05    0.00    0.00    0.00    0.00    0.00   24.21
06:39:27 PM   65   31.91    0.00   41.49    0.00    0.00    0.00    0.00    0.00    0.00   26.60
06:39:27 PM   66   32.98    0.00   39.36    1.06    0.00    0.00    0.00    0.00    0.00   26.60
06:39:27 PM   67   33.33    0.00   40.86    0.00    0.00    0.00    0.00    0.00    0.00   25.81
06:39:27 PM   68   33.33    0.00   40.86    0.00    0.00    0.00    0.00    0.00    0.00   25.81
06:39:27 PM   69   31.58    0.00   42.11    1.05    0.00    0.00    0.00    0.00    0.00   25.26
06:39:27 PM   70   33.33    0.00   38.71    1.08    0.00    0.00    0.00    0.00    0.00   26.88
06:39:27 PM   71   29.79    0.00   44.68    0.00    0.00    0.00    0.00    0.00    0.00   25.53
06:39:27 PM   72   31.18    0.00   41.94    0.00    0.00    0.00    0.00    0.00    0.00   26.88
06:39:27 PM   73   30.85    0.00   42.55    0.00    0.00    0.00    0.00    0.00    0.00   26.60
06:39:27 PM   74   31.25    0.00   43.75    1.04    0.00    0.00    0.00    0.00    0.00   23.96
06:39:27 PM   75   30.53    0.00   42.11    1.05    0.00    0.00    0.00    0.00    0.00   26.32
06:39:27 PM   76   31.91    0.00   42.55    1.06    0.00    0.00    0.00    0.00    0.00   24.47
06:39:27 PM   77   32.63    0.00   40.00    1.05    0.00    0.00    0.00    0.00    0.00   26.32
06:39:27 PM   78   28.72    0.00   44.68    0.00    0.00    0.00    0.00    0.00    0.00   26.60
06:39:27 PM   79   31.91    0.00   42.55    0.00    0.00    0.00    0.00    0.00    0.00   25.53

06:39:36 PM  CPU    %usr   %nice    %sys %iowait    %irq   %soft  %steal  %guest  %gnice   %idle
06:39:37 PM  all   31.93    0.00   45.23    0.32    0.00    0.00    0.00    0.00    0.00   22.52
06:39:37 PM    0   32.26    0.00   45.16    0.00    0.00    0.00    0.00    0.00    0.00   22.58
06:39:37 PM    1   29.03    0.00   48.39    0.00    0.00    0.00    0.00    0.00    0.00   22.58
06:39:37 PM    2   30.21    0.00   47.92    0.00    0.00    0.00    0.00    0.00    0.00   21.88
06:39:37 PM    3   31.91    0.00   45.74    0.00    0.00    0.00    0.00    0.00    0.00   22.34
06:39:37 PM    4   32.61    0.00   44.57    0.00    0.00    0.00    0.00    0.00    0.00   22.83
06:39:37 PM    5   31.91    0.00   46.81    0.00    0.00    0.00    0.00    0.00    0.00   21.28
06:39:37 PM    6   33.33    0.00   44.79    0.00    0.00    0.00    0.00    0.00    0.00   21.88
06:39:37 PM    7   36.84    0.00   41.05    0.00    0.00    0.00    0.00    0.00    0.00   22.11
06:39:37 PM    8   32.29    0.00   45.83    0.00    0.00    0.00    0.00    0.00    0.00   21.88
06:39:37 PM    9   33.33    0.00   43.01    0.00    0.00    0.00    0.00    0.00    0.00   23.66
06:39:37 PM   10   34.04    0.00   44.68    0.00    0.00    0.00    0.00    0.00    0.00   21.28
06:39:37 PM   11   32.26    0.00   45.16    0.00    0.00    0.00    0.00    0.00    0.00   22.58
06:39:37 PM   12   31.52    0.00   46.74    0.00    0.00    0.00    0.00    0.00    0.00   21.74
06:39:37 PM   13   28.72    0.00   48.94    0.00    0.00    0.00    0.00    0.00    0.00   22.34
06:39:37 PM   14   31.58    0.00   46.32    0.00    0.00    0.00    0.00    0.00    0.00   22.11
06:39:37 PM   15   30.11    0.00   47.31    0.00    0.00    0.00    0.00    0.00    0.00   22.58
06:39:37 PM   16   32.98    0.00   44.68    0.00    0.00    0.00    0.00    0.00    0.00   22.34
06:39:37 PM   17   30.85    0.00   46.81    0.00    0.00    0.00    0.00    0.00    0.00   22.34
06:39:37 PM   18   32.29    0.00   45.83    0.00    0.00    0.00    0.00    0.00    0.00   21.88
06:39:37 PM   19   31.58    0.00   45.26    1.05    0.00    0.00    0.00    0.00    0.00   22.11
06:39:37 PM   20   30.85    0.00   45.74    1.06    0.00    0.00    0.00    0.00    0.00   22.34
06:39:37 PM   21   31.91    0.00   45.74    0.00    0.00    0.00    0.00    0.00    0.00   22.34
06:39:37 PM   22   30.21    0.00   46.88    0.00    0.00    0.00    0.00    0.00    0.00   22.92
06:39:37 PM   23   34.04    0.00   42.55    0.00    0.00    0.00    0.00    0.00    0.00   23.40
06:39:37 PM   24   29.79    0.00   46.81    0.00    0.00    0.00    0.00    0.00    0.00   23.40
06:39:37 PM   25   32.63    0.00   44.21    1.05    0.00    0.00    0.00    0.00    0.00   22.11
06:39:37 PM   26   33.70    0.00   43.48    0.00    0.00    0.00    0.00    0.00    0.00   22.83
06:39:37 PM   27   32.99    0.00   43.30    1.03    0.00    0.00    0.00    0.00    0.00   22.68
06:39:37 PM   28   28.12    0.00   48.96    0.00    0.00    0.00    0.00    0.00    0.00   22.92
06:39:37 PM   29   32.63    0.00   44.21    0.00    0.00    0.00    0.00    0.00    0.00   23.16
06:39:37 PM   30   30.53    0.00   47.37    0.00    0.00    0.00    0.00    0.00    0.00   22.11
06:39:37 PM   31   32.98    0.00   43.62    0.00    0.00    0.00    0.00    0.00    0.00   23.40
06:39:37 PM   32   31.91    0.00   44.68    0.00    0.00    0.00    0.00    0.00    0.00   23.40
06:39:37 PM   33   30.43    0.00   46.74    0.00    0.00    0.00    0.00    0.00    0.00   22.83
06:39:37 PM   34   30.85    0.00   44.68    1.06    0.00    0.00    0.00    0.00    0.00   23.40
06:39:37 PM   35   34.04    0.00   43.62    0.00    0.00    0.00    0.00    0.00    0.00   22.34
06:39:37 PM   36   31.25    0.00   44.79    1.04    0.00    0.00    0.00    0.00    0.00   22.92
06:39:37 PM   37   32.63    0.00   44.21    1.05    0.00    0.00    0.00    0.00    0.00   22.11
06:39:37 PM   38   31.52    0.00   45.65    0.00    0.00    0.00    0.00    0.00    0.00   22.83
06:39:37 PM   39   33.68    0.00   43.16    1.05    0.00    0.00    0.00    0.00    0.00   22.11
06:39:37 PM   40   32.63    0.00   45.26    0.00    0.00    0.00    0.00    0.00    0.00   22.11
06:39:37 PM   41   32.98    0.00   44.68    0.00    0.00    0.00    0.00    0.00    0.00   22.34
06:39:37 PM   42   33.68    0.00   42.11    1.05    0.00    0.00    0.00    0.00    0.00   23.16
06:39:37 PM   43   29.47    0.00   48.42    0.00    0.00    0.00    0.00    0.00    0.00   22.11
06:39:37 PM   44   30.53    0.00   47.37    0.00    0.00    0.00    0.00    0.00    0.00   22.11
06:39:37 PM   45   32.98    0.00   44.68    0.00    0.00    0.00    0.00    0.00    0.00   22.34
06:39:37 PM   46   30.93    0.00   46.39    1.03    0.00    0.00    0.00    0.00    0.00   21.65
06:39:37 PM   47   29.47    0.00   46.32    1.05    0.00    0.00    0.00    0.00    0.00   23.16
06:39:37 PM   48   32.63    0.00   44.21    1.05    0.00    0.00    0.00    0.00    0.00   22.11
06:39:37 PM   49   29.79    0.00   46.81    1.06    0.00    0.00    0.00    0.00    0.00   22.34
06:39:37 PM   50   31.52    0.00   46.74    0.00    0.00    0.00    0.00    0.00    0.00   21.74
06:39:37 PM   51   29.47    0.00   48.42    0.00    0.00    0.00    0.00    0.00    0.00   22.11
06:39:37 PM   52   32.98    0.00   44.68    0.00    0.00    0.00    0.00    0.00    0.00   22.34
06:39:37 PM   53   32.63    0.00   45.26    0.00    0.00    0.00    0.00    0.00    0.00   22.11
06:39:37 PM   54   33.33    0.00   44.79    0.00    0.00    0.00    0.00    0.00    0.00   21.88
06:39:37 PM   55   32.98    0.00   44.68    0.00    0.00    0.00    0.00    0.00    0.00   22.34
06:39:37 PM   56   32.98    0.00   43.62    1.06    0.00    0.00    0.00    0.00    0.00   22.34
06:39:37 PM   57   32.29    0.00   44.79    1.04    0.00    0.00    0.00    0.00    0.00   21.88
06:39:37 PM   58   31.58    0.00   46.32    0.00    0.00    0.00    0.00    0.00    0.00   22.11
06:39:37 PM   59   32.26    0.00   45.16    0.00    0.00    0.00    0.00    0.00    0.00   22.58
06:39:37 PM   60   33.33    0.00   44.09    0.00    0.00    0.00    0.00    0.00    0.00   22.58
06:39:37 PM   61   32.63    0.00   45.26    0.00    0.00    0.00    0.00    0.00    0.00   22.11
06:39:37 PM   62   32.63    0.00   44.21    1.05    0.00    0.00    0.00    0.00    0.00   22.11
06:39:37 PM   63   33.70    0.00   43.48    0.00    0.00    0.00    0.00    0.00    0.00   22.83
06:39:37 PM   64   32.63    0.00   44.21    0.00    0.00    0.00    0.00    0.00    0.00   23.16
06:39:37 PM   65   28.12    0.00   47.92    1.04    0.00    0.00    0.00    0.00    0.00   22.92
06:39:37 PM   66   34.04    0.00   43.62    0.00    0.00    0.00    0.00    0.00    0.00   22.34
06:39:37 PM   67   31.87    0.00   45.05    0.00    0.00    0.00    0.00    0.00    0.00   23.08
06:39:37 PM   68   34.04    0.00   43.62    0.00    0.00    0.00    0.00    0.00    0.00   22.34
06:39:37 PM   69   31.96    0.00   44.33    1.03    0.00    0.00    0.00    0.00    0.00   22.68
06:39:37 PM   70   32.63    0.00   43.16    1.05    0.00    0.00    0.00    0.00    0.00   23.16
06:39:37 PM   71   29.79    0.00   46.81    0.00    0.00    0.00    0.00    0.00    0.00   23.40
06:39:37 PM   72   29.79    0.00   45.74    1.06    0.00    0.00    0.00    0.00    0.00   23.40
06:39:37 PM   73   31.58    0.00   45.26    1.05    0.00    0.00    0.00    0.00    0.00   22.11
06:39:37 PM   74   32.29    0.00   43.75    1.04    0.00    0.00    0.00    0.00    0.00   22.92
06:39:37 PM   75   33.33    0.00   43.01    0.00    0.00    0.00    0.00    0.00    0.00   23.66
06:39:37 PM   76   32.29    0.00   43.75    1.04    0.00    0.00    0.00    0.00    0.00   22.92
06:39:37 PM   77   30.85    0.00   44.68    1.06    0.00    0.00    0.00    0.00    0.00   23.40
06:39:37 PM   78   32.26    0.00   44.09    0.00    0.00    0.00    0.00    0.00    0.00   23.66
06:39:37 PM   79   31.58    0.00   46.32    0.00    0.00    0.00    0.00    0.00    0.00   22.11

06:39:46 PM  CPU    %usr   %nice    %sys %iowait    %irq   %soft  %steal  %guest  %gnice   %idle
06:39:47 PM  all   33.71    0.00   43.59    0.21    0.00    0.00    0.00    0.00    0.00   22.49
06:39:47 PM    0   31.96    0.00   44.33    1.03    0.00    0.00    0.00    0.00    0.00   22.68
06:39:47 PM    1   35.11    0.00   42.55    0.00    0.00    0.00    0.00    0.00    0.00   22.34
06:39:47 PM    2   32.98    0.00   43.62    1.06    0.00    0.00    0.00    0.00    0.00   22.34
06:39:47 PM    3   33.70    0.00   44.57    0.00    0.00    0.00    0.00    0.00    0.00   21.74
06:39:47 PM    4   31.25    0.00   45.83    1.04    0.00    0.00    0.00    0.00    0.00   21.88
06:39:47 PM    5   34.41    0.00   44.09    0.00    0.00    0.00    0.00    0.00    0.00   21.51
06:39:47 PM    6   33.68    0.00   44.21    0.00    0.00    0.00    0.00    0.00    0.00   22.11
06:39:47 PM    7   34.04    0.00   43.62    0.00    0.00    0.00    0.00    0.00    0.00   22.34
06:39:47 PM    8   32.98    0.00   44.68    0.00    0.00    0.00    0.00    0.00    0.00   22.34
06:39:47 PM    9   33.33    0.00   42.71    1.04    0.00    0.00    0.00    0.00    0.00   22.92
06:39:47 PM   10   33.33    0.00   44.09    0.00    0.00    0.00    0.00    0.00    0.00   22.58
06:39:47 PM   11   32.98    0.00   44.68    0.00    0.00    0.00    0.00    0.00    0.00   22.34
06:39:47 PM   12   33.33    0.00   44.79    0.00    0.00    0.00    0.00    0.00    0.00   21.88
06:39:47 PM   13   33.33    0.00   44.09    0.00    0.00    0.00    0.00    0.00    0.00   22.58
06:39:47 PM   14   33.33    0.00   44.09    0.00    0.00    0.00    0.00    0.00    0.00   22.58
06:39:47 PM   15   35.11    0.00   42.55    0.00    0.00    0.00    0.00    0.00    0.00   22.34
06:39:47 PM   16   32.98    0.00   44.68    0.00    0.00    0.00    0.00    0.00    0.00   22.34
06:39:47 PM   17   34.74    0.00   43.16    0.00    0.00    0.00    0.00    0.00    0.00   22.11
06:39:47 PM   18   34.74    0.00   43.16    1.05    0.00    0.00    0.00    0.00    0.00   21.05
06:39:47 PM   19   33.33    0.00   43.75    0.00    0.00    0.00    0.00    0.00    0.00   22.92
06:39:47 PM   20   35.11    0.00   42.55    0.00    0.00    0.00    0.00    0.00    0.00   22.34
06:39:47 PM   21   33.33    0.00   44.09    0.00    0.00    0.00    0.00    0.00    0.00   22.58
06:39:47 PM   22   33.33    0.00   43.01    0.00    0.00    0.00    0.00    0.00    0.00   23.66
06:39:47 PM   23   32.98    0.00   44.68    0.00    0.00    0.00    0.00    0.00    0.00   22.34
06:39:47 PM   24   35.11    0.00   42.55    0.00    0.00    0.00    0.00    0.00    0.00   22.34
06:39:47 PM   25   32.26    0.00   45.16    0.00    0.00    0.00    0.00    0.00    0.00   22.58
06:39:47 PM   26   33.70    0.00   43.48    0.00    0.00    0.00    0.00    0.00    0.00   22.83
06:39:47 PM   27   34.69    0.00   41.84    1.02    0.00    0.00    0.00    0.00    0.00   22.45
06:39:47 PM   28   34.74    0.00   42.11    1.05    0.00    0.00    0.00    0.00    0.00   22.11
06:39:47 PM   29   34.04    0.00   42.55    0.00    0.00    0.00    0.00    0.00    0.00   23.40
06:39:47 PM   30   33.68    0.00   43.16    1.05    0.00    0.00    0.00    0.00    0.00   22.11
06:39:47 PM   31   32.98    0.00   43.62    0.00    0.00    0.00    0.00    0.00    0.00   23.40
06:39:47 PM   32   32.98    0.00   44.68    0.00    0.00    0.00    0.00    0.00    0.00   22.34
06:39:47 PM   33   34.78    0.00   42.39    0.00    0.00    0.00    0.00    0.00    0.00   22.83
06:39:47 PM   34   34.78    0.00   42.39    0.00    0.00    0.00    0.00    0.00    0.00   22.83
06:39:47 PM   35   32.98    0.00   44.68    0.00    0.00    0.00    0.00    0.00    0.00   22.34
06:39:47 PM   36   32.98    0.00   44.68    0.00    0.00    0.00    0.00    0.00    0.00   22.34
06:39:47 PM   37   34.78    0.00   43.48    0.00    0.00    0.00    0.00    0.00    0.00   21.74
06:39:47 PM   38   32.63    0.00   45.26    0.00    0.00    0.00    0.00    0.00    0.00   22.11
06:39:47 PM   39   31.18    0.00   46.24    0.00    0.00    0.00    0.00    0.00    0.00   22.58
06:39:47 PM   40   34.74    0.00   42.11    1.05    0.00    0.00    0.00    0.00    0.00   22.11
06:39:47 PM   41   32.26    0.00   45.16    0.00    0.00    0.00    0.00    0.00    0.00   22.58
06:39:47 PM   42   32.98    0.00   44.68    0.00    0.00    0.00    0.00    0.00    0.00   22.34
06:39:47 PM   43   34.04    0.00   42.55    0.00    0.00    0.00    0.00    0.00    0.00   23.40
06:39:47 PM   44   34.78    0.00   42.39    0.00    0.00    0.00    0.00    0.00    0.00   22.83
06:39:47 PM   45   30.85    0.00   46.81    0.00    0.00    0.00    0.00    0.00    0.00   22.34
06:39:47 PM   46   32.99    0.00   44.33    0.00    0.00    0.00    0.00    0.00    0.00   22.68
06:39:47 PM   47   34.74    0.00   42.11    0.00    0.00    0.00    0.00    0.00    0.00   23.16
06:39:47 PM   48   33.33    0.00   44.09    0.00    0.00    0.00    0.00    0.00    0.00   22.58
06:39:47 PM   49   32.63    0.00   44.21    1.05    0.00    0.00    0.00    0.00    0.00   22.11
06:39:47 PM   50   33.70    0.00   43.48    0.00    0.00    0.00    0.00    0.00    0.00   22.83
06:39:47 PM   51   31.91    0.00   44.68    1.06    0.00    0.00    0.00    0.00    0.00   22.34
06:39:47 PM   52   32.26    0.00   44.09    1.08    0.00    0.00    0.00    0.00    0.00   22.58
06:39:47 PM   53   35.11    0.00   43.62    0.00    0.00    0.00    0.00    0.00    0.00   21.28
06:39:47 PM   54   34.41    0.00   43.01    0.00    0.00    0.00    0.00    0.00    0.00   22.58
06:39:47 PM   55   34.74    0.00   42.11    0.00    0.00    0.00    0.00    0.00    0.00   23.16
06:39:47 PM   56   35.79    0.00   42.11    0.00    0.00    0.00    0.00    0.00    0.00   22.11
06:39:47 PM   57   34.02    0.00   44.33    0.00    0.00    0.00    0.00    0.00    0.00   21.65
06:39:47 PM   58   32.61    0.00   44.57    0.00    0.00    0.00    0.00    0.00    0.00   22.83
06:39:47 PM   59   33.33    0.00   45.16    0.00    0.00    0.00    0.00    0.00    0.00   21.51
06:39:47 PM   60   31.11    0.00   45.56    0.00    0.00    0.00    0.00    0.00    0.00   23.33
06:39:47 PM   61   34.04    0.00   42.55    0.00    0.00    0.00    0.00    0.00    0.00   23.40
06:39:47 PM   62   32.98    0.00   43.62    0.00    0.00    0.00    0.00    0.00    0.00   23.40
06:39:47 PM   63   31.52    0.00   44.57    1.09    0.00    0.00    0.00    0.00    0.00   22.83
06:39:47 PM   64   35.11    0.00   41.49    1.06    0.00    0.00    0.00    0.00    0.00   22.34
06:39:47 PM   65   35.79    0.00   42.11    0.00    0.00    0.00    0.00    0.00    0.00   22.11
06:39:47 PM   66   34.04    0.00   43.62    0.00    0.00    0.00    0.00    0.00    0.00   22.34
06:39:47 PM   67   34.78    0.00   42.39    0.00    0.00    0.00    0.00    0.00    0.00   22.83
06:39:47 PM   68   34.04    0.00   43.62    0.00    0.00    0.00    0.00    0.00    0.00   22.34
06:39:47 PM   69   34.38    0.00   41.67    1.04    0.00    0.00    0.00    0.00    0.00   22.92
06:39:47 PM   70   35.79    0.00   41.05    0.00    0.00    0.00    0.00    0.00    0.00   23.16
06:39:47 PM   71   32.63    0.00   44.21    1.05    0.00    0.00    0.00    0.00    0.00   22.11
06:39:47 PM   72   34.04    0.00   43.62    0.00    0.00    0.00    0.00    0.00    0.00   22.34
06:39:47 PM   73   35.11    0.00   42.55    0.00    0.00    0.00    0.00    0.00    0.00   22.34
06:39:47 PM   74   31.58    0.00   45.26    0.00    0.00    0.00    0.00    0.00    0.00   23.16
06:39:47 PM   75   33.68    0.00   43.16    0.00    0.00    0.00    0.00    0.00    0.00   23.16
06:39:47 PM   76   33.33    0.00   45.16    0.00    0.00    0.00    0.00    0.00    0.00   21.51
06:39:47 PM   77   36.36    0.00   41.41    0.00    0.00    0.00    0.00    0.00    0.00   22.22
06:39:47 PM   78   35.48    0.00   41.94    0.00    0.00    0.00    0.00    0.00    0.00   22.58
06:39:47 PM   79   36.17    0.00   40.43    0.00    0.00    0.00    0.00    0.00    0.00   23.40

06:39:56 PM  CPU    %usr   %nice    %sys %iowait    %irq   %soft  %steal  %guest  %gnice   %idle
06:39:57 PM  all   32.09    0.00   45.49    0.21    0.00    0.00    0.00    0.00    0.00   22.21
06:39:57 PM    0   32.26    0.00   46.24    0.00    0.00    0.00    0.00    0.00    0.00   21.51
06:39:57 PM    1   30.77    0.00   47.25    0.00    0.00    0.00    0.00    0.00    0.00   21.98
06:39:57 PM    2   30.11    0.00   46.24    1.08    0.00    0.00    0.00    0.00    0.00   22.58
06:39:57 PM    3   33.33    0.00   44.09    0.00    0.00    0.00    0.00    0.00    0.00   22.58
06:39:57 PM    4   33.70    0.00   44.57    0.00    0.00    0.00    0.00    0.00    0.00   21.74
06:39:57 PM    5   32.98    0.00   44.68    0.00    0.00    0.00    0.00    0.00    0.00   22.34
06:39:57 PM    6   31.58    0.00   47.37    0.00    0.00    0.00    0.00    0.00    0.00   21.05
06:39:57 PM    7   34.04    0.00   44.68    0.00    0.00    0.00    0.00    0.00    0.00   21.28
06:39:57 PM    8   30.85    0.00   46.81    1.06    0.00    0.00    0.00    0.00    0.00   21.28
06:39:57 PM    9   31.91    0.00   46.81    0.00    0.00    0.00    0.00    0.00    0.00   21.28
06:39:57 PM   10   32.26    0.00   46.24    0.00    0.00    0.00    0.00    0.00    0.00   21.51
06:39:57 PM   11   34.04    0.00   44.68    0.00    0.00    0.00    0.00    0.00    0.00   21.28
06:39:57 PM   12   31.91    0.00   46.81    0.00    0.00    0.00    0.00    0.00    0.00   21.28
06:39:57 PM   13   31.91    0.00   45.74    0.00    0.00    0.00    0.00    0.00    0.00   22.34
06:39:57 PM   14   34.41    0.00   43.01    0.00    0.00    0.00    0.00    0.00    0.00   22.58
06:39:57 PM   15   30.85    0.00   46.81    1.06    0.00    0.00    0.00    0.00    0.00   21.28
06:39:57 PM   16   32.26    0.00   46.24    0.00    0.00    0.00    0.00    0.00    0.00   21.51
06:39:57 PM   17   31.58    0.00   45.26    1.05    0.00    0.00    0.00    0.00    0.00   22.11
06:39:57 PM   18   32.63    0.00   44.21    1.05    0.00    0.00    0.00    0.00    0.00   22.11
06:39:57 PM   19   32.26    0.00   45.16    0.00    0.00    0.00    0.00    0.00    0.00   22.58
06:39:57 PM   20   30.85    0.00   46.81    0.00    0.00    0.00    0.00    0.00    0.00   22.34
06:39:57 PM   21   29.03    0.00   48.39    0.00    0.00    0.00    0.00    0.00    0.00   22.58
06:39:57 PM   22   32.98    0.00   44.68    0.00    0.00    0.00    0.00    0.00    0.00   22.34
06:39:57 PM   23   34.04    0.00   43.62    0.00    0.00    0.00    0.00    0.00    0.00   22.34
06:39:57 PM   24   30.77    0.00   46.15    0.00    0.00    0.00    0.00    0.00    0.00   23.08
06:39:57 PM   25   31.52    0.00   45.65    0.00    0.00    0.00    0.00    0.00    0.00   22.83
06:39:57 PM   26   29.79    0.00   47.87    0.00    0.00    0.00    0.00    0.00    0.00   22.34
06:39:57 PM   27   32.61    0.00   45.65    0.00    0.00    0.00    0.00    0.00    0.00   21.74
06:39:57 PM   28   32.63    0.00   45.26    0.00    0.00    0.00    0.00    0.00    0.00   22.11
06:39:57 PM   29   30.85    0.00   46.81    0.00    0.00    0.00    0.00    0.00    0.00   22.34
06:39:57 PM   30   33.33    0.00   44.09    0.00    0.00    0.00    0.00    0.00    0.00   22.58
06:39:57 PM   31   32.61    0.00   44.57    0.00    0.00    0.00    0.00    0.00    0.00   22.83
06:39:57 PM   32   33.70    0.00   43.48    0.00    0.00    0.00    0.00    0.00    0.00   22.83
06:39:57 PM   33   33.70    0.00   43.48    0.00    0.00    0.00    0.00    0.00    0.00   22.83
06:39:57 PM   34   32.61    0.00   43.48    0.00    0.00    0.00    0.00    0.00    0.00   23.91
06:39:57 PM   35   33.68    0.00   44.21    0.00    0.00    0.00    0.00    0.00    0.00   22.11
06:39:57 PM   36   31.58    0.00   46.32    0.00    0.00    0.00    0.00    0.00    0.00   22.11
06:39:57 PM   37   31.91    0.00   45.74    0.00    0.00    0.00    0.00    0.00    0.00   22.34
06:39:57 PM   38   34.41    0.00   43.01    0.00    0.00    0.00    0.00    0.00    0.00   22.58
06:39:57 PM   39   32.63    0.00   45.26    0.00    0.00    0.00    0.00    0.00    0.00   22.11
06:39:57 PM   40   31.91    0.00   44.68    0.00    0.00    0.00    0.00    0.00    0.00   23.40
06:39:57 PM   41   33.33    0.00   44.09    0.00    0.00    0.00    0.00    0.00    0.00   22.58
06:39:57 PM   42   32.26    0.00   46.24    0.00    0.00    0.00    0.00    0.00    0.00   21.51
06:39:57 PM   43   30.43    0.00   46.74    1.09    0.00    0.00    0.00    0.00    0.00   21.74
06:39:57 PM   44   31.52    0.00   45.65    0.00    0.00    0.00    0.00    0.00    0.00   22.83
06:39:57 PM   45   30.85    0.00   46.81    0.00    0.00    0.00    0.00    0.00    0.00   22.34
06:39:57 PM   46   31.58    0.00   46.32    0.00    0.00    0.00    0.00    0.00    0.00   22.11
06:39:57 PM   47   31.91    0.00   45.74    0.00    0.00    0.00    0.00    0.00    0.00   22.34
06:39:57 PM   48   31.18    0.00   47.31    0.00    0.00    0.00    0.00    0.00    0.00   21.51
06:39:57 PM   49   30.85    0.00   46.81    1.06    0.00    0.00    0.00    0.00    0.00   21.28
06:39:57 PM   50   30.85    0.00   45.74    1.06    0.00    0.00    0.00    0.00    0.00   22.34
06:39:57 PM   51   31.87    0.00   46.15    0.00    0.00    0.00    0.00    0.00    0.00   21.98
06:39:57 PM   52   33.70    0.00   44.57    0.00    0.00    0.00    0.00    0.00    0.00   21.74
06:39:57 PM   53   29.47    0.00   47.37    1.05    0.00    0.00    0.00    0.00    0.00   22.11
06:39:57 PM   54   32.98    0.00   44.68    1.06    0.00    0.00    0.00    0.00    0.00   21.28
06:39:57 PM   55   31.18    0.00   46.24    1.08    0.00    0.00    0.00    0.00    0.00   21.51
06:39:57 PM   56   34.74    0.00   44.21    0.00    0.00    0.00    0.00    0.00    0.00   21.05
06:39:57 PM   57   32.26    0.00   45.16    0.00    0.00    0.00    0.00    0.00    0.00   22.58
06:39:57 PM   58   32.98    0.00   44.68    0.00    0.00    0.00    0.00    0.00    0.00   22.34
06:39:57 PM   59   32.29    0.00   45.83    1.04    0.00    0.00    0.00    0.00    0.00   20.83
06:39:57 PM   60   32.97    0.00   42.86    1.10    0.00    0.00    0.00    0.00    0.00   23.08
06:39:57 PM   61   32.26    0.00   45.16    0.00    0.00    0.00    0.00    0.00    0.00   22.58
06:39:57 PM   62   31.91    0.00   44.68    0.00    0.00    0.00    0.00    0.00    0.00   23.40
06:39:57 PM   63   31.91    0.00   45.74    0.00    0.00    0.00    0.00    0.00    0.00   22.34
06:39:57 PM   64   33.33    0.00   43.01    1.08    0.00    0.00    0.00    0.00    0.00   22.58
06:39:57 PM   65   32.26    0.00   44.09    0.00    0.00    0.00    0.00    0.00    0.00   23.66
06:39:57 PM   66   30.11    0.00   47.31    0.00    0.00    0.00    0.00    0.00    0.00   22.58
06:39:57 PM   67   31.58    0.00   46.32    0.00    0.00    0.00    0.00    0.00    0.00   22.11
06:39:57 PM   68   31.58    0.00   46.32    0.00    0.00    0.00    0.00    0.00    0.00   22.11
06:39:57 PM   69   32.26    0.00   45.16    0.00    0.00    0.00    0.00    0.00    0.00   22.58
06:39:57 PM   70   30.85    0.00   46.81    0.00    0.00    0.00    0.00    0.00    0.00   22.34
06:39:57 PM   71   31.52    0.00   45.65    0.00    0.00    0.00    0.00    0.00    0.00   22.83
06:39:57 PM   72   32.29    0.00   44.79    1.04    0.00    0.00    0.00    0.00    0.00   21.88
06:39:57 PM   73   32.98    0.00   43.62    1.06    0.00    0.00    0.00    0.00    0.00   22.34
06:39:57 PM   74   29.35    0.00   47.83    0.00    0.00    0.00    0.00    0.00    0.00   22.83
06:39:57 PM   75   31.52    0.00   45.65    0.00    0.00    0.00    0.00    0.00    0.00   22.83
06:39:57 PM   76   32.61    0.00   45.65    0.00    0.00    0.00    0.00    0.00    0.00   21.74
06:39:57 PM   77   33.33    0.00   44.09    0.00    0.00    0.00    0.00    0.00    0.00   22.58
06:39:57 PM   78   30.53    0.00   46.32    0.00    0.00    0.00    0.00    0.00    0.00   23.16
06:39:57 PM   79   32.63    0.00   45.26    0.00    0.00    0.00    0.00    0.00    0.00   22.11

06:40:06 PM  CPU    %usr   %nice    %sys %iowait    %irq   %soft  %steal  %guest  %gnice   %idle
06:40:07 PM  all   29.96    0.00   43.82    0.66    0.00    0.00    0.00    0.00    0.00   25.56
06:40:07 PM    0   30.11    0.00   43.01    1.08    0.00    0.00    0.00    0.00    0.00   25.81
06:40:07 PM    1   31.96    0.00   41.24    1.03    0.00    0.00    0.00    0.00    0.00   25.77
06:40:07 PM    2   30.21    0.00   43.75    0.00    0.00    0.00    0.00    0.00    0.00   26.04
06:40:07 PM    3   29.47    0.00   44.21    1.05    0.00    0.00    0.00    0.00    0.00   25.26
06:40:07 PM    4   29.79    0.00   43.62    0.00    0.00    0.00    0.00    0.00    0.00   26.60
06:40:07 PM    5   29.47    0.00   44.21    1.05    0.00    0.00    0.00    0.00    0.00   25.26
06:40:07 PM    6   30.11    0.00   44.09    1.08    0.00    0.00    0.00    0.00    0.00   24.73
06:40:07 PM    7   29.47    0.00   44.21    1.05    0.00    0.00    0.00    0.00    0.00   25.26
06:40:07 PM    8   29.47    0.00   43.16    1.05    0.00    0.00    0.00    0.00    0.00   26.32
06:40:07 PM    9   29.79    0.00   43.62    0.00    0.00    0.00    0.00    0.00    0.00   26.60
06:40:07 PM   10   27.66    0.00   43.62    1.06    0.00    0.00    0.00    0.00    0.00   27.66
06:40:07 PM   11   30.43    0.00   43.48    0.00    0.00    0.00    0.00    0.00    0.00   26.09
06:40:07 PM   12   30.11    0.00   44.09    0.00    0.00    0.00    0.00    0.00    0.00   25.81
06:40:07 PM   13   31.58    0.00   42.11    1.05    0.00    0.00    0.00    0.00    0.00   25.26
06:40:07 PM   14   29.47    0.00   43.16    1.05    0.00    0.00    0.00    0.00    0.00   26.32
06:40:07 PM   15   30.85    0.00   43.62    0.00    0.00    0.00    0.00    0.00    0.00   25.53
06:40:07 PM   16   29.79    0.00   42.55    0.00    0.00    0.00    0.00    0.00    0.00   27.66
06:40:07 PM   17   29.79    0.00   42.55    1.06    0.00    0.00    0.00    0.00    0.00   26.60
06:40:07 PM   18   30.11    0.00   43.01    1.08    0.00    0.00    0.00    0.00    0.00   25.81
06:40:07 PM   19   30.21    0.00   43.75    1.04    0.00    0.00    0.00    0.00    0.00   25.00
06:40:07 PM   20   29.17    0.00   44.79    1.04    0.00    0.00    0.00    0.00    0.00   25.00
06:40:07 PM   21   32.26    0.00   41.94    0.00    0.00    0.00    0.00    0.00    0.00   25.81
06:40:07 PM   22   30.11    0.00   43.01    1.08    0.00    0.00    0.00    0.00    0.00   25.81
06:40:07 PM   23   30.85    0.00   42.55    1.06    0.00    0.00    0.00    0.00    0.00   25.53
06:40:07 PM   24   29.35    0.00   44.57    0.00    0.00    0.00    0.00    0.00    0.00   26.09
06:40:07 PM   25   28.72    0.00   44.68    1.06    0.00    0.00    0.00    0.00    0.00   25.53
06:40:07 PM   26   31.25    0.00   41.67    1.04    0.00    0.00    0.00    0.00    0.00   26.04
06:40:07 PM   27   30.53    0.00   44.21    0.00    0.00    0.00    0.00    0.00    0.00   25.26
06:40:07 PM   28   31.18    0.00   43.01    0.00    0.00    0.00    0.00    0.00    0.00   25.81
06:40:07 PM   29   30.85    0.00   42.55    1.06    0.00    0.00    0.00    0.00    0.00   25.53
06:40:07 PM   30   31.25    0.00   42.71    1.04    0.00    0.00    0.00    0.00    0.00   25.00
06:40:07 PM   31   30.21    0.00   44.79    1.04    0.00    0.00    0.00    0.00    0.00   23.96
06:40:07 PM   32   31.63    0.00   42.86    1.02    0.00    0.00    0.00    0.00    0.00   24.49
06:40:07 PM   33   30.85    0.00   43.62    0.00    0.00    0.00    0.00    0.00    0.00   25.53
06:40:07 PM   34   30.85    0.00   43.62    1.06    0.00    0.00    0.00    0.00    0.00   24.47
06:40:07 PM   35   27.66    0.00   46.81    0.00    0.00    0.00    0.00    0.00    0.00   25.53
06:40:07 PM   36   28.87    0.00   45.36    1.03    0.00    0.00    0.00    0.00    0.00   24.74
06:40:07 PM   37   32.63    0.00   42.11    0.00    0.00    0.00    0.00    0.00    0.00   25.26
06:40:07 PM   38   29.67    0.00   43.96    0.00    0.00    0.00    0.00    0.00    0.00   26.37
06:40:07 PM   39   28.72    0.00   44.68    1.06    0.00    0.00    0.00    0.00    0.00   25.53
06:40:07 PM   40   27.08    0.00   46.88    1.04    0.00    0.00    0.00    0.00    0.00   25.00
06:40:07 PM   41   28.87    0.00   45.36    0.00    0.00    0.00    0.00    0.00    0.00   25.77
06:40:07 PM   42   29.79    0.00   44.68    0.00    0.00    0.00    0.00    0.00    0.00   25.53
06:40:07 PM   43   29.17    0.00   44.79    1.04    0.00    0.00    0.00    0.00    0.00   25.00
06:40:07 PM   44   29.47    0.00   43.16    2.11    0.00    0.00    0.00    0.00    0.00   25.26
06:40:07 PM   45   32.29    0.00   41.67    1.04    0.00    0.00    0.00    0.00    0.00   25.00
06:40:07 PM   46   30.21    0.00   44.79    1.04    0.00    0.00    0.00    0.00    0.00   23.96
06:40:07 PM   47   28.72    0.00   44.68    0.00    0.00    0.00    0.00    0.00    0.00   26.60
06:40:07 PM   48   27.66    0.00   45.74    1.06    0.00    0.00    0.00    0.00    0.00   25.53
06:40:07 PM   49   27.66    0.00   44.68    0.00    0.00    0.00    0.00    0.00    0.00   27.66
06:40:07 PM   50   30.85    0.00   43.62    1.06    0.00    0.00    0.00    0.00    0.00   24.47
06:40:07 PM   51   29.35    0.00   44.57    0.00    0.00    0.00    0.00    0.00    0.00   26.09
06:40:07 PM   52   28.72    0.00   44.68    1.06    0.00    0.00    0.00    0.00    0.00   25.53
06:40:07 PM   53   27.66    0.00   45.74    1.06    0.00    0.00    0.00    0.00    0.00   25.53
06:40:07 PM   54   28.87    0.00   45.36    0.00    0.00    0.00    0.00    0.00    0.00   25.77
06:40:07 PM   55   25.77    0.00   47.42    1.03    0.00    0.00    0.00    0.00    0.00   25.77
06:40:07 PM   56   29.47    0.00   45.26    0.00    0.00    0.00    0.00    0.00    0.00   25.26
06:40:07 PM   57   29.17    0.00   44.79    1.04    0.00    0.00    0.00    0.00    0.00   25.00
06:40:07 PM   58   30.43    0.00   43.48    0.00    0.00    0.00    0.00    0.00    0.00   26.09
06:40:07 PM   59   30.21    0.00   44.79    0.00    0.00    0.00    0.00    0.00    0.00   25.00
06:40:07 PM   60   32.63    0.00   41.05    0.00    0.00    0.00    0.00    0.00    0.00   26.32
06:40:07 PM   61   31.91    0.00   41.49    1.06    0.00    0.00    0.00    0.00    0.00   25.53
06:40:07 PM   62   28.42    0.00   44.21    1.05    0.00    0.00    0.00    0.00    0.00   26.32
06:40:07 PM   63   28.72    0.00   43.62    1.06    0.00    0.00    0.00    0.00    0.00   26.60
06:40:07 PM   64   31.91    0.00   42.55    1.06    0.00    0.00    0.00    0.00    0.00   24.47
06:40:07 PM   65   31.25    0.00   43.75    1.04    0.00    0.00    0.00    0.00    0.00   23.96
06:40:07 PM   66   29.03    0.00   45.16    1.08    0.00    0.00    0.00    0.00    0.00   24.73
06:40:07 PM   67   30.85    0.00   43.62    0.00    0.00    0.00    0.00    0.00    0.00   25.53
06:40:07 PM   68   31.58    0.00   43.16    0.00    0.00    0.00    0.00    0.00    0.00   25.26
06:40:07 PM   69   31.18    0.00   43.01    0.00    0.00    0.00    0.00    0.00    0.00   25.81
06:40:07 PM   70   29.79    0.00   43.62    1.06    0.00    0.00    0.00    0.00    0.00   25.53
06:40:07 PM   71   28.72    0.00   45.74    1.06    0.00    0.00    0.00    0.00    0.00   24.47
06:40:07 PM   72   29.79    0.00   43.62    1.06    0.00    0.00    0.00    0.00    0.00   25.53
06:40:07 PM   73   30.85    0.00   42.55    0.00    0.00    0.00    0.00    0.00    0.00   26.60
06:40:07 PM   74   30.53    0.00   43.16    1.05    0.00    0.00    0.00    0.00    0.00   25.26
06:40:07 PM   75   30.11    0.00   44.09    1.08    0.00    0.00    0.00    0.00    0.00   24.73
06:40:07 PM   76   31.25    0.00   42.71    1.04    0.00    0.00    0.00    0.00    0.00   25.00
06:40:07 PM   77   31.52    0.00   42.39    1.09    0.00    0.00    0.00    0.00    0.00   25.00
06:40:07 PM   78   28.12    0.00   45.83    0.00    0.00    0.00    0.00    0.00    0.00   26.04
06:40:07 PM   79   30.43    0.00   43.48    0.00    0.00    0.00    0.00    0.00    0.00   26.09

06:40:16 PM  CPU    %usr   %nice    %sys %iowait    %irq   %soft  %steal  %guest  %gnice   %idle
06:40:17 PM  all   31.12    0.00   43.11    0.49    0.00    0.00    0.00    0.00    0.00   25.27
06:40:17 PM    0   31.52    0.00   42.39    1.09    0.00    0.00    0.00    0.00    0.00   25.00
06:40:17 PM    1   30.21    0.00   42.71    1.04    0.00    0.00    0.00    0.00    0.00   26.04
06:40:17 PM    2   28.42    0.00   44.21    1.05    0.00    0.00    0.00    0.00    0.00   26.32
06:40:17 PM    3   29.79    0.00   43.62    0.00    0.00    0.00    0.00    0.00    0.00   26.60
06:40:17 PM    4   30.85    0.00   41.49    1.06    0.00    0.00    0.00    0.00    0.00   26.60
06:40:17 PM    5   30.85    0.00   42.55    0.00    0.00    0.00    0.00    0.00    0.00   26.60
06:40:17 PM    6   30.43    0.00   42.39    0.00    0.00    0.00    0.00    0.00    0.00   27.17
06:40:17 PM    7   30.85    0.00   41.49    1.06    0.00    0.00    0.00    0.00    0.00   26.60
06:40:17 PM    8   32.98    0.00   40.43    0.00    0.00    0.00    0.00    0.00    0.00   26.60
06:40:17 PM    9   27.96    0.00   46.24    0.00    0.00    0.00    0.00    0.00    0.00   25.81
06:40:17 PM   10   29.17    0.00   42.71    1.04    0.00    0.00    0.00    0.00    0.00   27.08
06:40:17 PM   11   30.11    0.00   45.16    0.00    0.00    0.00    0.00    0.00    0.00   24.73
06:40:17 PM   12   28.26    0.00   45.65    0.00    0.00    0.00    0.00    0.00    0.00   26.09
06:40:17 PM   13   32.29    0.00   41.67    1.04    0.00    0.00    0.00    0.00    0.00   25.00
06:40:17 PM   14   30.53    0.00   44.21    1.05    0.00    0.00    0.00    0.00    0.00   24.21
06:40:17 PM   15   31.58    0.00   42.11    0.00    0.00    0.00    0.00    0.00    0.00   26.32
06:40:17 PM   16   30.53    0.00   43.16    1.05    0.00    0.00    0.00    0.00    0.00   25.26
06:40:17 PM   17   28.26    0.00   44.57    0.00    0.00    0.00    0.00    0.00    0.00   27.17
06:40:17 PM   18   28.72    0.00   44.68    0.00    0.00    0.00    0.00    0.00    0.00   26.60
06:40:17 PM   19   31.18    0.00   43.01    0.00    0.00    0.00    0.00    0.00    0.00   25.81
06:40:17 PM   20   29.79    0.00   44.68    1.06    0.00    0.00    0.00    0.00    0.00   24.47
06:40:17 PM   21   31.52    0.00   43.48    0.00    0.00    0.00    0.00    0.00    0.00   25.00
06:40:17 PM   22   31.52    0.00   43.48    0.00    0.00    0.00    0.00    0.00    0.00   25.00
06:40:17 PM   23   32.26    0.00   43.01    0.00    0.00    0.00    0.00    0.00    0.00   24.73
06:40:17 PM   24   32.26    0.00   41.94    1.08    0.00    0.00    0.00    0.00    0.00   24.73
06:40:17 PM   25   32.26    0.00   43.01    0.00    0.00    0.00    0.00    0.00    0.00   24.73
06:40:17 PM   26   29.03    0.00   46.24    1.08    0.00    0.00    0.00    0.00    0.00   23.66
06:40:17 PM   27   29.03    0.00   46.24    1.08    0.00    0.00    0.00    0.00    0.00   23.66
06:40:17 PM   28   31.58    0.00   43.16    1.05    0.00    0.00    0.00    0.00    0.00   24.21
06:40:17 PM   29   30.00    0.00   43.33    1.11    0.00    0.00    0.00    0.00    0.00   25.56
06:40:17 PM   30   28.72    0.00   46.81    0.00    0.00    0.00    0.00    0.00    0.00   24.47
06:40:17 PM   31   30.85    0.00   43.62    1.06    0.00    0.00    0.00    0.00    0.00   24.47
06:40:17 PM   32   32.98    0.00   42.55    0.00    0.00    0.00    0.00    0.00    0.00   24.47
06:40:17 PM   33   33.70    0.00   41.30    1.09    0.00    0.00    0.00    0.00    0.00   23.91
06:40:17 PM   34   28.26    0.00   45.65    0.00    0.00    0.00    0.00    0.00    0.00   26.09
06:40:17 PM   35   32.26    0.00   43.01    0.00    0.00    0.00    0.00    0.00    0.00   24.73
06:40:17 PM   36   32.26    0.00   43.01    0.00    0.00    0.00    0.00    0.00    0.00   24.73
06:40:17 PM   37   30.53    0.00   45.26    0.00    0.00    0.00    0.00    0.00    0.00   24.21
06:40:17 PM   38   30.85    0.00   44.68    1.06    0.00    0.00    0.00    0.00    0.00   23.40
06:40:17 PM   39   31.91    0.00   42.55    0.00    0.00    0.00    0.00    0.00    0.00   25.53
06:40:17 PM   40   30.85    0.00   42.55    1.06    0.00    0.00    0.00    0.00    0.00   25.53
06:40:17 PM   41   31.91    0.00   41.49    1.06    0.00    0.00    0.00    0.00    0.00   25.53
06:40:17 PM   42   31.18    0.00   43.01    0.00    0.00    0.00    0.00    0.00    0.00   25.81
06:40:17 PM   43   31.18    0.00   43.01    1.08    0.00    0.00    0.00    0.00    0.00   24.73
06:40:17 PM   44   30.53    0.00   43.16    1.05    0.00    0.00    0.00    0.00    0.00   25.26
06:40:17 PM   45   31.25    0.00   42.71    1.04    0.00    0.00    0.00    0.00    0.00   25.00
06:40:17 PM   46   28.42    0.00   44.21    1.05    0.00    0.00    0.00    0.00    0.00   26.32
06:40:17 PM   47   31.52    0.00   42.39    1.09    0.00    0.00    0.00    0.00    0.00   25.00
06:40:17 PM   48   31.52    0.00   42.39    0.00    0.00    0.00    0.00    0.00    0.00   26.09
06:40:17 PM   49   30.21    0.00   43.75    0.00    0.00    0.00    0.00    0.00    0.00   26.04
06:40:17 PM   50   28.72    0.00   44.68    0.00    0.00    0.00    0.00    0.00    0.00   26.60
06:40:17 PM   51   32.26    0.00   41.94    0.00    0.00    0.00    0.00    0.00    0.00   25.81
06:40:17 PM   52   31.25    0.00   41.67    1.04    0.00    0.00    0.00    0.00    0.00   26.04
06:40:17 PM   53   32.61    0.00   41.30    0.00    0.00    0.00    0.00    0.00    0.00   26.09
06:40:17 PM   54   28.72    0.00   44.68    1.06    0.00    0.00    0.00    0.00    0.00   25.53
06:40:17 PM   55   30.53    0.00   43.16    1.05    0.00    0.00    0.00    0.00    0.00   25.26
06:40:17 PM   56   30.21    0.00   43.75    1.04    0.00    0.00    0.00    0.00    0.00   25.00
06:40:17 PM   57   30.43    0.00   43.48    0.00    0.00    0.00    0.00    0.00    0.00   26.09
06:40:17 PM   58   30.43    0.00   43.48    0.00    0.00    0.00    0.00    0.00    0.00   26.09
06:40:17 PM   59   31.91    0.00   42.55    1.06    0.00    0.00    0.00    0.00    0.00   24.47
06:40:17 PM   60   33.33    0.00   40.86    0.00    0.00    0.00    0.00    0.00    0.00   25.81
06:40:17 PM   61   31.91    0.00   42.55    0.00    0.00    0.00    0.00    0.00    0.00   25.53
06:40:17 PM   62   32.26    0.00   41.94    1.08    0.00    0.00    0.00    0.00    0.00   24.73
06:40:17 PM   63   33.33    0.00   41.94    0.00    0.00    0.00    0.00    0.00    0.00   24.73
06:40:17 PM   64   33.33    0.00   43.01    0.00    0.00    0.00    0.00    0.00    0.00   23.66
06:40:17 PM   65   31.52    0.00   42.39    1.09    0.00    0.00    0.00    0.00    0.00   25.00
06:40:17 PM   66   30.93    0.00   44.33    1.03    0.00    0.00    0.00    0.00    0.00   23.71
06:40:17 PM   67   32.26    0.00   43.01    0.00    0.00    0.00    0.00    0.00    0.00   24.73
06:40:17 PM   68   30.77    0.00   43.96    0.00    0.00    0.00    0.00    0.00    0.00   25.27
06:40:17 PM   69   30.00    0.00   43.33    0.00    0.00    0.00    0.00    0.00    0.00   26.67
06:40:17 PM   70   30.53    0.00   44.21    0.00    0.00    0.00    0.00    0.00    0.00   25.26
06:40:17 PM   71   31.18    0.00   43.01    0.00    0.00    0.00    0.00    0.00    0.00   25.81
06:40:17 PM   72   31.91    0.00   42.55    1.06    0.00    0.00    0.00    0.00    0.00   24.47
06:40:17 PM   73   34.04    0.00   40.43    0.00    0.00    0.00    0.00    0.00    0.00   25.53
06:40:17 PM   74   31.91    0.00   42.55    1.06    0.00    0.00    0.00    0.00    0.00   24.47
06:40:17 PM   75   32.61    0.00   42.39    0.00    0.00    0.00    0.00    0.00    0.00   25.00
06:40:17 PM   76   33.70    0.00   41.30    0.00    0.00    0.00    0.00    0.00    0.00   25.00
06:40:17 PM   77   35.79    0.00   41.05    0.00    0.00    0.00    0.00    0.00    0.00   23.16
06:40:17 PM   78   34.41    0.00   40.86    1.08    0.00    0.00    0.00    0.00    0.00   23.66
06:40:17 PM   79   32.29    0.00   42.71    1.04    0.00    0.00    0.00    0.00    0.00   23.96

06:40:26 PM  CPU    %usr   %nice    %sys %iowait    %irq   %soft  %steal  %guest  %gnice   %idle
06:40:27 PM  all   31.95    0.00   44.48    0.38    0.00    0.00    0.00    0.00    0.00   23.18
06:40:27 PM    0   31.91    0.00   45.74    0.00    0.00    0.00    0.00    0.00    0.00   22.34
06:40:27 PM    1   31.91    0.00   43.62    1.06    0.00    0.00    0.00    0.00    0.00   23.40
06:40:27 PM    2   31.18    0.00   46.24    0.00    0.00    0.00    0.00    0.00    0.00   22.58
06:40:27 PM    3   31.58    0.00   44.21    1.05    0.00    0.00    0.00    0.00    0.00   23.16
06:40:27 PM    4   34.02    0.00   43.30    0.00    0.00    0.00    0.00    0.00    0.00   22.68
06:40:27 PM    5   32.26    0.00   45.16    0.00    0.00    0.00    0.00    0.00    0.00   22.58
06:40:27 PM    6   32.98    0.00   44.68    0.00    0.00    0.00    0.00    0.00    0.00   22.34
06:40:27 PM    7   31.96    0.00   45.36    1.03    0.00    0.00    0.00    0.00    0.00   21.65
06:40:27 PM    8   32.98    0.00   43.62    1.06    0.00    0.00    0.00    0.00    0.00   22.34
06:40:27 PM    9   37.50    0.00   41.67    0.00    0.00    0.00    0.00    0.00    0.00   20.83
06:40:27 PM   10   29.47    0.00   46.32    1.05    0.00    0.00    0.00    0.00    0.00   23.16
06:40:27 PM   11   30.53    0.00   46.32    1.05    0.00    0.00    0.00    0.00    0.00   22.11
06:40:27 PM   12   32.63    0.00   45.26    0.00    0.00    0.00    0.00    0.00    0.00   22.11
06:40:27 PM   13   32.63    0.00   43.16    0.00    0.00    0.00    0.00    0.00    0.00   24.21
06:40:27 PM   14   31.25    0.00   44.79    1.04    0.00    0.00    0.00    0.00    0.00   22.92
06:40:27 PM   15   30.53    0.00   46.32    0.00    0.00    0.00    0.00    0.00    0.00   23.16
06:40:27 PM   16   31.25    0.00   44.79    1.04    0.00    0.00    0.00    0.00    0.00   22.92
06:40:27 PM   17   32.99    0.00   44.33    0.00    0.00    0.00    0.00    0.00    0.00   22.68
06:40:27 PM   18   32.26    0.00   45.16    0.00    0.00    0.00    0.00    0.00    0.00   22.58
06:40:27 PM   19   30.21    0.00   45.83    1.04    0.00    0.00    0.00    0.00    0.00   22.92
06:40:27 PM   20   32.63    0.00   44.21    0.00    0.00    0.00    0.00    0.00    0.00   23.16
06:40:27 PM   21   32.26    0.00   44.09    0.00    0.00    0.00    0.00    0.00    0.00   23.66
06:40:27 PM   22   30.85    0.00   44.68    1.06    0.00    0.00    0.00    0.00    0.00   23.40
06:40:27 PM   23   29.35    0.00   45.65    0.00    0.00    0.00    0.00    0.00    0.00   25.00
06:40:27 PM   24   31.91    0.00   43.62    0.00    0.00    0.00    0.00    0.00    0.00   24.47
06:40:27 PM   25   32.26    0.00   43.01    0.00    0.00    0.00    0.00    0.00    0.00   24.73
06:40:27 PM   26   31.91    0.00   43.62    1.06    0.00    0.00    0.00    0.00    0.00   23.40
06:40:27 PM   27   30.85    0.00   45.74    0.00    0.00    0.00    0.00    0.00    0.00   23.40
06:40:27 PM   28   30.77    0.00   45.05    0.00    0.00    0.00    0.00    0.00    0.00   24.18
06:40:27 PM   29   30.43    0.00   44.57    1.09    0.00    0.00    0.00    0.00    0.00   23.91
06:40:27 PM   30   30.21    0.00   45.83    0.00    0.00    0.00    0.00    0.00    0.00   23.96
06:40:27 PM   31   29.03    0.00   45.16    1.08    0.00    0.00    0.00    0.00    0.00   24.73
06:40:27 PM   32   28.42    0.00   48.42    0.00    0.00    0.00    0.00    0.00    0.00   23.16
06:40:27 PM   33   30.11    0.00   45.16    0.00    0.00    0.00    0.00    0.00    0.00   24.73
06:40:27 PM   34   30.21    0.00   45.83    1.04    0.00    0.00    0.00    0.00    0.00   22.92
06:40:27 PM   35   31.91    0.00   44.68    0.00    0.00    0.00    0.00    0.00    0.00   23.40
06:40:27 PM   36   32.61    0.00   44.57    0.00    0.00    0.00    0.00    0.00    0.00   22.83
06:40:27 PM   37   32.26    0.00   44.09    0.00    0.00    0.00    0.00    0.00    0.00   23.66
06:40:27 PM   38   32.61    0.00   42.39    1.09    0.00    0.00    0.00    0.00    0.00   23.91
06:40:27 PM   39   32.29    0.00   42.71    1.04    0.00    0.00    0.00    0.00    0.00   23.96
06:40:27 PM   40   32.63    0.00   45.26    0.00    0.00    0.00    0.00    0.00    0.00   22.11
06:40:27 PM   41   33.70    0.00   44.57    0.00    0.00    0.00    0.00    0.00    0.00   21.74
06:40:27 PM   42   33.70    0.00   43.48    0.00    0.00    0.00    0.00    0.00    0.00   22.83
06:40:27 PM   43   34.38    0.00   43.75    0.00    0.00    0.00    0.00    0.00    0.00   21.88
06:40:27 PM   44   32.63    0.00   45.26    0.00    0.00    0.00    0.00    0.00    0.00   22.11
06:40:27 PM   45   33.70    0.00   43.48    1.09    0.00    0.00    0.00    0.00    0.00   21.74
06:40:27 PM   46   32.98    0.00   44.68    0.00    0.00    0.00    0.00    0.00    0.00   22.34
06:40:27 PM   47   34.02    0.00   44.33    0.00    0.00    0.00    0.00    0.00    0.00   21.65
06:40:27 PM   48   32.98    0.00   44.68    1.06    0.00    0.00    0.00    0.00    0.00   21.28
06:40:27 PM   49   30.11    0.00   47.31    0.00    0.00    0.00    0.00    0.00    0.00   22.58
06:40:27 PM   50   30.85    0.00   46.81    0.00    0.00    0.00    0.00    0.00    0.00   22.34
06:40:27 PM   51   33.33    0.00   44.09    0.00    0.00    0.00    0.00    0.00    0.00   22.58
06:40:27 PM   52   32.63    0.00   44.21    1.05    0.00    0.00    0.00    0.00    0.00   22.11
06:40:27 PM   53   32.29    0.00   43.75    1.04    0.00    0.00    0.00    0.00    0.00   22.92
06:40:27 PM   54   30.85    0.00   45.74    0.00    0.00    0.00    0.00    0.00    0.00   23.40
06:40:27 PM   55   32.63    0.00   44.21    1.05    0.00    0.00    0.00    0.00    0.00   22.11
06:40:27 PM   56   31.87    0.00   45.05    0.00    0.00    0.00    0.00    0.00    0.00   23.08
06:40:27 PM   57   33.33    0.00   44.09    0.00    0.00    0.00    0.00    0.00    0.00   22.58
06:40:27 PM   58   32.98    0.00   43.62    0.00    0.00    0.00    0.00    0.00    0.00   23.40
06:40:27 PM   59   34.07    0.00   42.86    0.00    0.00    0.00    0.00    0.00    0.00   23.08
06:40:27 PM   60   31.52    0.00   44.57    0.00    0.00    0.00    0.00    0.00    0.00   23.91
06:40:27 PM   61   31.91    0.00   43.62    0.00    0.00    0.00    0.00    0.00    0.00   24.47
06:40:27 PM   62   33.67    0.00   41.84    1.02    0.00    0.00    0.00    0.00    0.00   23.47
06:40:27 PM   63   31.58    0.00   44.21    0.00    0.00    0.00    0.00    0.00    0.00   24.21
06:40:27 PM   64   32.63    0.00   42.11    0.00    0.00    0.00    0.00    0.00    0.00   25.26
06:40:27 PM   65   30.11    0.00   46.24    0.00    0.00    0.00    0.00    0.00    0.00   23.66
06:40:27 PM   66   31.18    0.00   45.16    0.00    0.00    0.00    0.00    0.00    0.00   23.66
06:40:27 PM   67   29.90    0.00   45.36    1.03    0.00    0.00    0.00    0.00    0.00   23.71
06:40:27 PM   68   33.33    0.00   43.75    1.04    0.00    0.00    0.00    0.00    0.00   21.88
06:40:27 PM   69   31.18    0.00   45.16    0.00    0.00    0.00    0.00    0.00    0.00   23.66
06:40:27 PM   70   33.33    0.00   41.94    0.00    0.00    0.00    0.00    0.00    0.00   24.73
06:40:27 PM   71   29.47    0.00   46.32    0.00    0.00    0.00    0.00    0.00    0.00   24.21
06:40:27 PM   72   32.26    0.00   43.01    0.00    0.00    0.00    0.00    0.00    0.00   24.73
06:40:27 PM   73   31.18    0.00   44.09    1.08    0.00    0.00    0.00    0.00    0.00   23.66
06:40:27 PM   74   32.26    0.00   43.01    1.08    0.00    0.00    0.00    0.00    0.00   23.66
06:40:27 PM   75   31.25    0.00   44.79    1.04    0.00    0.00    0.00    0.00    0.00   22.92
06:40:27 PM   76   30.85    0.00   43.62    1.06    0.00    0.00    0.00    0.00    0.00   24.47
06:40:27 PM   77   33.68    0.00   42.11    0.00    0.00    0.00    0.00    0.00    0.00   24.21
06:40:27 PM   78   30.21    0.00   44.79    1.04    0.00    0.00    0.00    0.00    0.00   23.96
06:40:27 PM   79   34.04    0.00   42.55    0.00    0.00    0.00    0.00    0.00    0.00   23.40

06:40:36 PM  CPU    %usr   %nice    %sys %iowait    %irq   %soft  %steal  %guest  %gnice   %idle
06:40:37 PM  all   31.36    0.00   42.32    0.53    0.00    0.00    0.00    0.00    0.00   25.79
06:40:37 PM    0   31.52    0.00   43.48    0.00    0.00    0.00    0.00    0.00    0.00   25.00
06:40:37 PM    1   30.85    0.00   43.62    0.00    0.00    0.00    0.00    0.00    0.00   25.53
06:40:37 PM    2   33.33    0.00   40.86    1.08    0.00    0.00    0.00    0.00    0.00   24.73
06:40:37 PM    3   32.97    0.00   40.66    1.10    0.00    0.00    0.00    0.00    0.00   25.27
06:40:37 PM    4   32.97    0.00   41.76    0.00    0.00    0.00    0.00    0.00    0.00   25.27
06:40:37 PM    5   33.70    0.00   41.30    0.00    0.00    0.00    0.00    0.00    0.00   25.00
06:40:37 PM    6   34.41    0.00   40.86    0.00    0.00    0.00    0.00    0.00    0.00   24.73
06:40:37 PM    7   30.77    0.00   42.86    1.10    0.00    0.00    0.00    0.00    0.00   25.27
06:40:37 PM    8   30.11    0.00   45.16    0.00    0.00    0.00    0.00    0.00    0.00   24.73
06:40:37 PM    9   32.26    0.00   43.01    0.00    0.00    0.00    0.00    0.00    0.00   24.73
06:40:37 PM   10   31.52    0.00   42.39    1.09    0.00    0.00    0.00    0.00    0.00   25.00
06:40:37 PM   11   33.70    0.00   41.30    1.09    0.00    0.00    0.00    0.00    0.00   23.91
06:40:37 PM   12   29.35    0.00   45.65    0.00    0.00    0.00    0.00    0.00    0.00   25.00
06:40:37 PM   13   32.22    0.00   42.22    0.00    0.00    0.00    0.00    0.00    0.00   25.56
06:40:37 PM   14   32.26    0.00   43.01    1.08    0.00    0.00    0.00    0.00    0.00   23.66
06:40:37 PM   15   31.11    0.00   43.33    0.00    0.00    0.00    0.00    0.00    0.00   25.56
06:40:37 PM   16   32.26    0.00   43.01    0.00    0.00    0.00    0.00    0.00    0.00   24.73
06:40:37 PM   17   29.35    0.00   45.65    1.09    0.00    0.00    0.00    0.00    0.00   23.91
06:40:37 PM   18   31.18    0.00   43.01    1.08    0.00    0.00    0.00    0.00    0.00   24.73
06:40:37 PM   19   32.26    0.00   41.94    1.08    0.00    0.00    0.00    0.00    0.00   24.73
06:40:37 PM   20   31.58    0.00   41.05    1.05    0.00    0.00    0.00    0.00    0.00   26.32
06:40:37 PM   21   30.43    0.00   41.30    1.09    0.00    0.00    0.00    0.00    0.00   27.17
06:40:37 PM   22   30.43    0.00   42.39    0.00    0.00    0.00    0.00    0.00    0.00   27.17
06:40:37 PM   23   30.00    0.00   42.22    0.00    0.00    0.00    0.00    0.00    0.00   27.78
06:40:37 PM   24   30.11    0.00   41.94    0.00    0.00    0.00    0.00    0.00    0.00   27.96
06:40:37 PM   25   31.18    0.00   41.94    0.00    0.00    0.00    0.00    0.00    0.00   26.88
06:40:37 PM   26   31.18    0.00   39.78    1.08    0.00    0.00    0.00    0.00    0.00   27.96
06:40:37 PM   27   30.43    0.00   42.39    0.00    0.00    0.00    0.00    0.00    0.00   27.17
06:40:37 PM   28   31.87    0.00   41.76    0.00    0.00    0.00    0.00    0.00    0.00   26.37
06:40:37 PM   29   30.11    0.00   43.01    1.08    0.00    0.00    0.00    0.00    0.00   25.81
06:40:37 PM   30   30.77    0.00   41.76    0.00    0.00    0.00    0.00    0.00    0.00   27.47
06:40:37 PM   31   30.34    0.00   42.70    0.00    0.00    0.00    0.00    0.00    0.00   26.97
06:40:37 PM   32   31.18    0.00   41.94    0.00    0.00    0.00    0.00    0.00    0.00   26.88
06:40:37 PM   33   30.00    0.00   42.22    0.00    0.00    0.00    0.00    0.00    0.00   27.78
06:40:37 PM   34   31.52    0.00   41.30    1.09    0.00    0.00    0.00    0.00    0.00   26.09
06:40:37 PM   35   32.61    0.00   40.22    1.09    0.00    0.00    0.00    0.00    0.00   26.09
06:40:37 PM   36   31.87    0.00   41.76    0.00    0.00    0.00    0.00    0.00    0.00   26.37
06:40:37 PM   37   34.78    0.00   38.04    1.09    0.00    0.00    0.00    0.00    0.00   26.09
06:40:37 PM   38   34.04    0.00   39.36    0.00    0.00    0.00    0.00    0.00    0.00   26.60
06:40:37 PM   39   30.43    0.00   42.39    1.09    0.00    0.00    0.00    0.00    0.00   26.09
06:40:37 PM   40   31.11    0.00   43.33    0.00    0.00    0.00    0.00    0.00    0.00   25.56
06:40:37 PM   41   30.43    0.00   44.57    1.09    0.00    0.00    0.00    0.00    0.00   23.91
06:40:37 PM   42   31.58    0.00   42.11    1.05    0.00    0.00    0.00    0.00    0.00   25.26
06:40:37 PM   43   32.61    0.00   42.39    1.09    0.00    0.00    0.00    0.00    0.00   23.91
06:40:37 PM   44   32.26    0.00   41.94    1.08    0.00    0.00    0.00    0.00    0.00   24.73
06:40:37 PM   45   32.63    0.00   42.11    1.05    0.00    0.00    0.00    0.00    0.00   24.21
06:40:37 PM   46   31.18    0.00   43.01    1.08    0.00    0.00    0.00    0.00    0.00   24.73
06:40:37 PM   47   31.52    0.00   43.48    0.00    0.00    0.00    0.00    0.00    0.00   25.00
06:40:37 PM   48   32.26    0.00   41.94    1.08    0.00    0.00    0.00    0.00    0.00   24.73
06:40:37 PM   49   31.18    0.00   41.94    1.08    0.00    0.00    0.00    0.00    0.00   25.81
06:40:37 PM   50   32.97    0.00   41.76    1.10    0.00    0.00    0.00    0.00    0.00   24.18
06:40:37 PM   51   32.63    0.00   42.11    1.05    0.00    0.00    0.00    0.00    0.00   24.21
06:40:37 PM   52   29.03    0.00   46.24    0.00    0.00    0.00    0.00    0.00    0.00   24.73
06:40:37 PM   53   31.18    0.00   44.09    0.00    0.00    0.00    0.00    0.00    0.00   24.73
06:40:37 PM   54   30.00    0.00   44.44    0.00    0.00    0.00    0.00    0.00    0.00   25.56
06:40:37 PM   55   33.33    0.00   42.22    0.00    0.00    0.00    0.00    0.00    0.00   24.44
06:40:37 PM   56   31.87    0.00   42.86    1.10    0.00    0.00    0.00    0.00    0.00   24.18
06:40:37 PM   57   30.11    0.00   44.09    1.08    0.00    0.00    0.00    0.00    0.00   24.73
06:40:37 PM   58   31.52    0.00   43.48    0.00    0.00    0.00    0.00    0.00    0.00   25.00
06:40:37 PM   59   30.43    0.00   44.57    0.00    0.00    0.00    0.00    0.00    0.00   25.00
06:40:37 PM   60   31.18    0.00   43.01    0.00    0.00    0.00    0.00    0.00    0.00   25.81
06:40:37 PM   61   31.87    0.00   40.66    0.00    0.00    0.00    0.00    0.00    0.00   27.47
06:40:37 PM   62   31.58    0.00   41.05    1.05    0.00    0.00    0.00    0.00    0.00   26.32
06:40:37 PM   63   31.18    0.00   41.94    1.08    0.00    0.00    0.00    0.00    0.00   25.81
06:40:37 PM   64   30.43    0.00   41.30    1.09    0.00    0.00    0.00    0.00    0.00   27.17
06:40:37 PM   65   30.77    0.00   41.76    1.10    0.00    0.00    0.00    0.00    0.00   26.37
06:40:37 PM   66   32.26    0.00   40.86    1.08    0.00    0.00    0.00    0.00    0.00   25.81
06:40:37 PM   67   30.11    0.00   43.01    0.00    0.00    0.00    0.00    0.00    0.00   26.88
06:40:37 PM   68   31.18    0.00   41.94    1.08    0.00    0.00    0.00    0.00    0.00   25.81
06:40:37 PM   69   31.52    0.00   41.30    0.00    0.00    0.00    0.00    0.00    0.00   27.17
06:40:37 PM   70   29.79    0.00   42.55    1.06    0.00    0.00    0.00    0.00    0.00   26.60
06:40:37 PM   71   29.35    0.00   42.39    1.09    0.00    0.00    0.00    0.00    0.00   27.17
06:40:37 PM   72   31.52    0.00   41.30    0.00    0.00    0.00    0.00    0.00    0.00   27.17
06:40:37 PM   73   34.41    0.00   38.71    1.08    0.00    0.00    0.00    0.00    0.00   25.81
06:40:37 PM   74   30.00    0.00   43.33    0.00    0.00    0.00    0.00    0.00    0.00   26.67
06:40:37 PM   75   28.89    0.00   43.33    0.00    0.00    0.00    0.00    0.00    0.00   27.78
06:40:37 PM   76   28.26    0.00   44.57    0.00    0.00    0.00    0.00    0.00    0.00   27.17
06:40:37 PM   77   29.67    0.00   41.76    1.10    0.00    0.00    0.00    0.00    0.00   27.47
06:40:37 PM   78   31.18    0.00   41.94    0.00    0.00    0.00    0.00    0.00    0.00   26.88
06:40:37 PM   79   30.77    0.00   41.76    0.00    0.00    0.00    0.00    0.00    0.00   27.47

06:40:46 PM  CPU    %usr   %nice    %sys %iowait    %irq   %soft  %steal  %guest  %gnice   %idle
06:40:47 PM  all   29.53    0.00   44.36    0.41    0.00    0.00    0.00    0.00    0.00   25.70
06:40:47 PM    0   29.17    0.00   43.75    1.04    0.00    0.00    0.00    0.00    0.00   26.04
06:40:47 PM    1   26.88    0.00   47.31    0.00    0.00    0.00    0.00    0.00    0.00   25.81
06:40:47 PM    2   28.42    0.00   46.32    1.05    0.00    0.00    0.00    0.00    0.00   24.21
06:40:47 PM    3   29.90    0.00   45.36    0.00    0.00    0.00    0.00    0.00    0.00   24.74
06:40:47 PM    4   30.21    0.00   44.79    0.00    0.00    0.00    0.00    0.00    0.00   25.00
06:40:47 PM    5   28.12    0.00   45.83    0.00    0.00    0.00    0.00    0.00    0.00   26.04
06:40:47 PM    6   28.87    0.00   46.39    0.00    0.00    0.00    0.00    0.00    0.00   24.74
06:40:47 PM    7   29.29    0.00   44.44    1.01    0.00    0.00    0.00    0.00    0.00   25.25
06:40:47 PM    8   30.21    0.00   44.79    0.00    0.00    0.00    0.00    0.00    0.00   25.00
06:40:47 PM    9   28.12    0.00   45.83    0.00    0.00    0.00    0.00    0.00    0.00   26.04
06:40:47 PM   10   30.21    0.00   44.79    0.00    0.00    0.00    0.00    0.00    0.00   25.00
06:40:47 PM   11   27.84    0.00   46.39    1.03    0.00    0.00    0.00    0.00    0.00   24.74
06:40:47 PM   12   28.12    0.00   46.88    0.00    0.00    0.00    0.00    0.00    0.00   25.00
06:40:47 PM   13   31.58    0.00   43.16    0.00    0.00    0.00    0.00    0.00    0.00   25.26
06:40:47 PM   14   30.11    0.00   44.09    0.00    0.00    0.00    0.00    0.00    0.00   25.81
06:40:47 PM   15   27.84    0.00   46.39    1.03    0.00    0.00    0.00    0.00    0.00   24.74
06:40:47 PM   16   30.53    0.00   44.21    0.00    0.00    0.00    0.00    0.00    0.00   25.26
06:40:47 PM   17   31.58    0.00   43.16    0.00    0.00    0.00    0.00    0.00    0.00   25.26
06:40:47 PM   18   30.93    0.00   43.30    1.03    0.00    0.00    0.00    0.00    0.00   24.74
06:40:47 PM   19   28.72    0.00   45.74    0.00    0.00    0.00    0.00    0.00    0.00   25.53
06:40:47 PM   20   31.25    0.00   42.71    1.04    0.00    0.00    0.00    0.00    0.00   25.00
06:40:47 PM   21   29.79    0.00   44.68    0.00    0.00    0.00    0.00    0.00    0.00   25.53
06:40:47 PM   22   29.47    0.00   43.16    0.00    0.00    0.00    0.00    0.00    0.00   27.37
06:40:47 PM   23   30.53    0.00   42.11    0.00    0.00    0.00    0.00    0.00    0.00   27.37
06:40:47 PM   24   30.11    0.00   43.01    0.00    0.00    0.00    0.00    0.00    0.00   26.88
06:40:47 PM   25   30.61    0.00   42.86    1.02    0.00    0.00    0.00    0.00    0.00   25.51
06:40:47 PM   26   31.25    0.00   41.67    1.04    0.00    0.00    0.00    0.00    0.00   26.04
06:40:47 PM   27   29.79    0.00   42.55    0.00    0.00    0.00    0.00    0.00    0.00   27.66
06:40:47 PM   28   30.93    0.00   42.27    1.03    0.00    0.00    0.00    0.00    0.00   25.77
06:40:47 PM   29   30.53    0.00   43.16    0.00    0.00    0.00    0.00    0.00    0.00   26.32
06:40:47 PM   30   28.12    0.00   44.79    0.00    0.00    0.00    0.00    0.00    0.00   27.08
06:40:47 PM   31   31.18    0.00   43.01    0.00    0.00    0.00    0.00    0.00    0.00   25.81
06:40:47 PM   32   31.58    0.00   42.11    0.00    0.00    0.00    0.00    0.00    0.00   26.32
06:40:47 PM   33   31.25    0.00   42.71    1.04    0.00    0.00    0.00    0.00    0.00   25.00
06:40:47 PM   34   27.84    0.00   45.36    1.03    0.00    0.00    0.00    0.00    0.00   25.77
06:40:47 PM   35   29.03    0.00   45.16    0.00    0.00    0.00    0.00    0.00    0.00   25.81
06:40:47 PM   36   29.47    0.00   44.21    0.00    0.00    0.00    0.00    0.00    0.00   26.32
06:40:47 PM   37   30.85    0.00   42.55    0.00    0.00    0.00    0.00    0.00    0.00   26.60
06:40:47 PM   38   28.72    0.00   43.62    1.06    0.00    0.00    0.00    0.00    0.00   26.60
06:40:47 PM   39   29.79    0.00   43.62    0.00    0.00    0.00    0.00    0.00    0.00   26.60
06:40:47 PM   40   29.17    0.00   44.79    1.04    0.00    0.00    0.00    0.00    0.00   25.00
06:40:47 PM   41   30.53    0.00   44.21    1.05    0.00    0.00    0.00    0.00    0.00   24.21
06:40:47 PM   42   29.17    0.00   44.79    0.00    0.00    0.00    0.00    0.00    0.00   26.04
06:40:47 PM   43   30.21    0.00   43.75    1.04    0.00    0.00    0.00    0.00    0.00   25.00
06:40:47 PM   44   29.79    0.00   44.68    0.00    0.00    0.00    0.00    0.00    0.00   25.53
06:40:47 PM   45   28.42    0.00   46.32    0.00    0.00    0.00    0.00    0.00    0.00   25.26
06:40:47 PM   46   30.93    0.00   43.30    1.03    0.00    0.00    0.00    0.00    0.00   24.74
06:40:47 PM   47   28.42    0.00   46.32    1.05    0.00    0.00    0.00    0.00    0.00   24.21
06:40:47 PM   48   29.47    0.00   44.21    1.05    0.00    0.00    0.00    0.00    0.00   25.26
06:40:47 PM   49   29.90    0.00   44.33    0.00    0.00    0.00    0.00    0.00    0.00   25.77
06:40:47 PM   50   31.58    0.00   44.21    0.00    0.00    0.00    0.00    0.00    0.00   24.21
06:40:47 PM   51   26.60    0.00   47.87    0.00    0.00    0.00    0.00    0.00    0.00   25.53
06:40:47 PM   52   29.90    0.00   43.30    1.03    0.00    0.00    0.00    0.00    0.00   25.77
06:40:47 PM   53   29.47    0.00   46.32    1.05    0.00    0.00    0.00    0.00    0.00   23.16
06:40:47 PM   54   30.53    0.00   43.16    1.05    0.00    0.00    0.00    0.00    0.00   25.26
06:40:47 PM   55   31.58    0.00   43.16    1.05    0.00    0.00    0.00    0.00    0.00   24.21
06:40:47 PM   56   29.90    0.00   45.36    0.00    0.00    0.00    0.00    0.00    0.00   24.74
06:40:47 PM   57   27.37    0.00   47.37    0.00    0.00    0.00    0.00    0.00    0.00   25.26
06:40:47 PM   58   28.42    0.00   46.32    0.00    0.00    0.00    0.00    0.00    0.00   25.26
06:40:47 PM   59   31.58    0.00   43.16    0.00    0.00    0.00    0.00    0.00    0.00   25.26
06:40:47 PM   60   31.25    0.00   42.71    0.00    0.00    0.00    0.00    0.00    0.00   26.04
06:40:47 PM   61   30.85    0.00   43.62    0.00    0.00    0.00    0.00    0.00    0.00   25.53
06:40:47 PM   62   27.37    0.00   47.37    0.00    0.00    0.00    0.00    0.00    0.00   25.26
06:40:47 PM   63   27.84    0.00   44.33    1.03    0.00    0.00    0.00    0.00    0.00   26.80
06:40:47 PM   64   27.37    0.00   45.26    1.05    0.00    0.00    0.00    0.00    0.00   26.32
06:40:47 PM   65   31.18    0.00   41.94    1.08    0.00    0.00    0.00    0.00    0.00   25.81
06:40:47 PM   66   28.42    0.00   44.21    0.00    0.00    0.00    0.00    0.00    0.00   27.37
06:40:47 PM   67   29.79    0.00   43.62    1.06    0.00    0.00    0.00    0.00    0.00   25.53
06:40:47 PM   68   28.72    0.00   42.55    1.06    0.00    0.00    0.00    0.00    0.00   27.66
06:40:47 PM   69   28.12    0.00   44.79    0.00    0.00    0.00    0.00    0.00    0.00   27.08
06:40:47 PM   70   29.90    0.00   43.30    1.03    0.00    0.00    0.00    0.00    0.00   25.77
06:40:47 PM   71   24.74    0.00   48.45    0.00    0.00    0.00    0.00    0.00    0.00   26.80
06:40:47 PM   72   29.17    0.00   43.75    1.04    0.00    0.00    0.00    0.00    0.00   26.04
06:40:47 PM   73   29.03    0.00   44.09    0.00    0.00    0.00    0.00    0.00    0.00   26.88
06:40:47 PM   74   31.58    0.00   42.11    0.00    0.00    0.00    0.00    0.00    0.00   26.32
06:40:47 PM   75   29.47    0.00   44.21    0.00    0.00    0.00    0.00    0.00    0.00   26.32
06:40:47 PM   76   28.72    0.00   43.62    0.00    0.00    0.00    0.00    0.00    0.00   27.66
06:40:47 PM   77   32.29    0.00   42.71    1.04    0.00    0.00    0.00    0.00    0.00   23.96
06:40:47 PM   78   27.37    0.00   45.26    0.00    0.00    0.00    0.00    0.00    0.00   27.37
06:40:47 PM   79   27.66    0.00   45.74    0.00    0.00    0.00    0.00    0.00    0.00   26.60

06:40:56 PM  CPU    %usr   %nice    %sys %iowait    %irq   %soft  %steal  %guest  %gnice   %idle
06:40:57 PM  all   30.54    0.00   42.59    0.87    0.00    0.00    0.00    0.00    0.00   26.01
06:40:57 PM    0   31.58    0.00   42.11    1.05    0.00    0.00    0.00    0.00    0.00   25.26
06:40:57 PM    1   27.96    0.00   45.16    1.08    0.00    0.00    0.00    0.00    0.00   25.81
06:40:57 PM    2   31.91    0.00   42.55    1.06    0.00    0.00    0.00    0.00    0.00   24.47
06:40:57 PM    3   31.18    0.00   41.94    1.08    0.00    0.00    0.00    0.00    0.00   25.81
06:40:57 PM    4   29.03    0.00   44.09    2.15    0.00    0.00    0.00    0.00    0.00   24.73
06:40:57 PM    5   29.79    0.00   43.62    1.06    0.00    0.00    0.00    0.00    0.00   25.53
06:40:57 PM    6   27.96    0.00   44.09    1.08    0.00    0.00    0.00    0.00    0.00   26.88
06:40:57 PM    7   29.03    0.00   44.09    0.00    0.00    0.00    0.00    0.00    0.00   26.88
06:40:57 PM    8   31.91    0.00   41.49    1.06    0.00    0.00    0.00    0.00    0.00   25.53
06:40:57 PM    9   30.53    0.00   43.16    1.05    0.00    0.00    0.00    0.00    0.00   25.26
06:40:57 PM   10   31.58    0.00   42.11    1.05    0.00    0.00    0.00    0.00    0.00   25.26
06:40:57 PM   11   30.85    0.00   41.49    1.06    0.00    0.00    0.00    0.00    0.00   26.60
06:40:57 PM   12   29.79    0.00   43.62    1.06    0.00    0.00    0.00    0.00    0.00   25.53
06:40:57 PM   13   30.77    0.00   43.96    0.00    0.00    0.00    0.00    0.00    0.00   25.27
06:40:57 PM   14   29.79    0.00   43.62    1.06    0.00    0.00    0.00    0.00    0.00   25.53
06:40:57 PM   15   30.21    0.00   43.75    1.04    0.00    0.00    0.00    0.00    0.00   25.00
06:40:57 PM   16   28.72    0.00   43.62    1.06    0.00    0.00    0.00    0.00    0.00   26.60
06:40:57 PM   17   30.11    0.00   43.01    1.08    0.00    0.00    0.00    0.00    0.00   25.81
06:40:57 PM   18   32.61    0.00   41.30    1.09    0.00    0.00    0.00    0.00    0.00   25.00
06:40:57 PM   19   31.18    0.00   41.94    1.08    0.00    0.00    0.00    0.00    0.00   25.81
06:40:57 PM   20   32.29    0.00   40.62    1.04    0.00    0.00    0.00    0.00    0.00   26.04
06:40:57 PM   21   30.11    0.00   41.94    1.08    0.00    0.00    0.00    0.00    0.00   26.88
06:40:57 PM   22   29.03    0.00   43.01    1.08    0.00    0.00    0.00    0.00    0.00   26.88
06:40:57 PM   23   31.91    0.00   40.43    0.00    0.00    0.00    0.00    0.00    0.00   27.66
06:40:57 PM   24   29.79    0.00   43.62    0.00    0.00    0.00    0.00    0.00    0.00   26.60
06:40:57 PM   25   30.85    0.00   41.49    1.06    0.00    0.00    0.00    0.00    0.00   26.60
06:40:57 PM   26   30.85    0.00   42.55    1.06    0.00    0.00    0.00    0.00    0.00   25.53
06:40:57 PM   27   30.11    0.00   43.01    1.08    0.00    0.00    0.00    0.00    0.00   25.81
06:40:57 PM   28   28.87    0.00   43.30    1.03    0.00    0.00    0.00    0.00    0.00   26.80
06:40:57 PM   29   32.26    0.00   40.86    0.00    0.00    0.00    0.00    0.00    0.00   26.88
06:40:57 PM   30   28.72    0.00   43.62    1.06    0.00    0.00    0.00    0.00    0.00   26.60
06:40:57 PM   31   29.35    0.00   43.48    0.00    0.00    0.00    0.00    0.00    0.00   27.17
06:40:57 PM   32   28.26    0.00   43.48    1.09    0.00    0.00    0.00    0.00    0.00   27.17
06:40:57 PM   33   30.85    0.00   42.55    1.06    0.00    0.00    0.00    0.00    0.00   25.53
06:40:57 PM   34   30.43    0.00   41.30    2.17    0.00    0.00    0.00    0.00    0.00   26.09
06:40:57 PM   35   29.35    0.00   43.48    0.00    0.00    0.00    0.00    0.00    0.00   27.17
06:40:57 PM   36   30.77    0.00   42.86    1.10    0.00    0.00    0.00    0.00    0.00   25.27
06:40:57 PM   37   33.68    0.00   38.95    2.11    0.00    0.00    0.00    0.00    0.00   25.26
06:40:57 PM   38   30.11    0.00   43.01    0.00    0.00    0.00    0.00    0.00    0.00   26.88
06:40:57 PM   39   31.52    0.00   40.22    2.17    0.00    0.00    0.00    0.00    0.00   26.09
06:40:57 PM   40   30.11    0.00   43.01    0.00    0.00    0.00    0.00    0.00    0.00   26.88
06:40:57 PM   41   28.72    0.00   44.68    1.06    0.00    0.00    0.00    0.00    0.00   25.53
06:40:57 PM   42   28.72    0.00   44.68    1.06    0.00    0.00    0.00    0.00    0.00   25.53
06:40:57 PM   43   30.85    0.00   42.55    1.06    0.00    0.00    0.00    0.00    0.00   25.53
06:40:57 PM   44   32.26    0.00   40.86    1.08    0.00    0.00    0.00    0.00    0.00   25.81
06:40:57 PM   45   30.53    0.00   43.16    1.05    0.00    0.00    0.00    0.00    0.00   25.26
06:40:57 PM   46   31.58    0.00   42.11    1.05    0.00    0.00    0.00    0.00    0.00   25.26
06:40:57 PM   47   33.68    0.00   41.05    0.00    0.00    0.00    0.00    0.00    0.00   25.26
06:40:57 PM   48   32.26    0.00   41.94    1.08    0.00    0.00    0.00    0.00    0.00   24.73
06:40:57 PM   49   34.04    0.00   40.43    1.06    0.00    0.00    0.00    0.00    0.00   24.47
06:40:57 PM   50   31.91    0.00   40.43    1.06    0.00    0.00    0.00    0.00    0.00   26.60
06:40:57 PM   51   30.00    0.00   44.44    0.00    0.00    0.00    0.00    0.00    0.00   25.56
06:40:57 PM   52   28.72    0.00   44.68    1.06    0.00    0.00    0.00    0.00    0.00   25.53
06:40:57 PM   53   27.17    0.00   45.65    1.09    0.00    0.00    0.00    0.00    0.00   26.09
06:40:57 PM   54   30.21    0.00   43.75    1.04    0.00    0.00    0.00    0.00    0.00   25.00
06:40:57 PM   55   33.33    0.00   40.86    0.00    0.00    0.00    0.00    0.00    0.00   25.81
06:40:57 PM   56   31.18    0.00   41.94    0.00    0.00    0.00    0.00    0.00    0.00   26.88
06:40:57 PM   57   30.53    0.00   43.16    1.05    0.00    0.00    0.00    0.00    0.00   25.26
06:40:57 PM   58   31.58    0.00   42.11    0.00    0.00    0.00    0.00    0.00    0.00   26.32
06:40:57 PM   59   30.85    0.00   43.62    1.06    0.00    0.00    0.00    0.00    0.00   24.47
06:40:57 PM   60   31.52    0.00   41.30    1.09    0.00    0.00    0.00    0.00    0.00   26.09
06:40:57 PM   61   30.11    0.00   41.94    1.08    0.00    0.00    0.00    0.00    0.00   26.88
06:40:57 PM   62   29.35    0.00   43.48    0.00    0.00    0.00    0.00    0.00    0.00   27.17
06:40:57 PM   63   29.47    0.00   43.16    1.05    0.00    0.00    0.00    0.00    0.00   26.32
06:40:57 PM   64   30.43    0.00   42.39    1.09    0.00    0.00    0.00    0.00    0.00   26.09
06:40:57 PM   65   29.35    0.00   43.48    1.09    0.00    0.00    0.00    0.00    0.00   26.09
06:40:57 PM   66   31.58    0.00   43.16    1.05    0.00    0.00    0.00    0.00    0.00   24.21
06:40:57 PM   67   28.72    0.00   44.68    0.00    0.00    0.00    0.00    0.00    0.00   26.60
06:40:57 PM   68   30.11    0.00   41.94    1.08    0.00    0.00    0.00    0.00    0.00   26.88
06:40:57 PM   69   30.53    0.00   42.11    1.05    0.00    0.00    0.00    0.00    0.00   26.32
06:40:57 PM   70   32.26    0.00   40.86    1.08    0.00    0.00    0.00    0.00    0.00   25.81
06:40:57 PM   71   30.53    0.00   41.05    1.05    0.00    0.00    0.00    0.00    0.00   27.37
06:40:57 PM   72   30.53    0.00   43.16    1.05    0.00    0.00    0.00    0.00    0.00   25.26
06:40:57 PM   73   30.53    0.00   43.16    1.05    0.00    0.00    0.00    0.00    0.00   25.26
06:40:57 PM   74   30.11    0.00   43.01    0.00    0.00    0.00    0.00    0.00    0.00   26.88
06:40:57 PM   75   29.67    0.00   42.86    0.00    0.00    0.00    0.00    0.00    0.00   27.47
06:40:57 PM   76   31.58    0.00   41.05    0.00    0.00    0.00    0.00    0.00    0.00   27.37
06:40:57 PM   77   30.85    0.00   42.55    1.06    0.00    0.00    0.00    0.00    0.00   25.53
06:40:57 PM   78   30.21    0.00   41.67    1.04    0.00    0.00    0.00    0.00    0.00   27.08
06:40:57 PM   79   31.25    0.00   40.62    1.04    0.00    0.00    0.00    0.00    0.00   27.08

06:41:06 PM  CPU    %usr   %nice    %sys %iowait    %irq   %soft  %steal  %guest  %gnice   %idle
06:41:07 PM  all   29.93    0.00   44.62    0.57    0.00    0.00    0.00    0.00    0.00   24.88
06:41:07 PM    0   29.90    0.00   45.36    1.03    0.00    0.00    0.00    0.00    0.00   23.71
06:41:07 PM    1   30.85    0.00   44.68    0.00    0.00    0.00    0.00    0.00    0.00   24.47
06:41:07 PM    2   28.87    0.00   46.39    1.03    0.00    0.00    0.00    0.00    0.00   23.71
06:41:07 PM    3   30.53    0.00   44.21    1.05    0.00    0.00    0.00    0.00    0.00   24.21
06:41:07 PM    4   29.47    0.00   45.26    1.05    0.00    0.00    0.00    0.00    0.00   24.21
06:41:07 PM    5   31.25    0.00   44.79    0.00    0.00    0.00    0.00    0.00    0.00   23.96
06:41:07 PM    6   32.29    0.00   42.71    1.04    0.00    0.00    0.00    0.00    0.00   23.96
06:41:07 PM    7   29.47    0.00   45.26    0.00    0.00    0.00    0.00    0.00    0.00   25.26
06:41:07 PM    8   31.58    0.00   42.11    1.05    0.00    0.00    0.00    0.00    0.00   25.26
06:41:07 PM    9   31.52    0.00   43.48    0.00    0.00    0.00    0.00    0.00    0.00   25.00
06:41:07 PM   10   30.85    0.00   44.68    0.00    0.00    0.00    0.00    0.00    0.00   24.47
06:41:07 PM   11   29.79    0.00   45.74    0.00    0.00    0.00    0.00    0.00    0.00   24.47
06:41:07 PM   12   30.53    0.00   45.26    0.00    0.00    0.00    0.00    0.00    0.00   24.21
06:41:07 PM   13   31.25    0.00   43.75    1.04    0.00    0.00    0.00    0.00    0.00   23.96
06:41:07 PM   14   29.47    0.00   45.26    1.05    0.00    0.00    0.00    0.00    0.00   24.21
06:41:07 PM   15   30.85    0.00   43.62    1.06    0.00    0.00    0.00    0.00    0.00   24.47
06:41:07 PM   16   30.85    0.00   43.62    1.06    0.00    0.00    0.00    0.00    0.00   24.47
06:41:07 PM   17   29.79    0.00   45.74    0.00    0.00    0.00    0.00    0.00    0.00   24.47
06:41:07 PM   18   29.47    0.00   45.26    1.05    0.00    0.00    0.00    0.00    0.00   24.21
06:41:07 PM   19   31.87    0.00   43.96    0.00    0.00    0.00    0.00    0.00    0.00   24.18
06:41:07 PM   20   28.72    0.00   45.74    0.00    0.00    0.00    0.00    0.00    0.00   25.53
06:41:07 PM   21   29.79    0.00   44.68    0.00    0.00    0.00    0.00    0.00    0.00   25.53
06:41:07 PM   22   28.72    0.00   44.68    1.06    0.00    0.00    0.00    0.00    0.00   25.53
06:41:07 PM   23   31.25    0.00   42.71    1.04    0.00    0.00    0.00    0.00    0.00   25.00
06:41:07 PM   24   30.85    0.00   43.62    0.00    0.00    0.00    0.00    0.00    0.00   25.53
06:41:07 PM   25   28.12    0.00   44.79    1.04    0.00    0.00    0.00    0.00    0.00   26.04
06:41:07 PM   26   29.03    0.00   44.09    1.08    0.00    0.00    0.00    0.00    0.00   25.81
06:41:07 PM   27   28.72    0.00   43.62    1.06    0.00    0.00    0.00    0.00    0.00   26.60
06:41:07 PM   28   30.53    0.00   43.16    1.05    0.00    0.00    0.00    0.00    0.00   25.26
06:41:07 PM   29   31.52    0.00   43.48    0.00    0.00    0.00    0.00    0.00    0.00   25.00
06:41:07 PM   30   28.72    0.00   45.74    0.00    0.00    0.00    0.00    0.00    0.00   25.53
06:41:07 PM   31   27.47    0.00   46.15    0.00    0.00    0.00    0.00    0.00    0.00   26.37
06:41:07 PM   32   28.72    0.00   44.68    1.06    0.00    0.00    0.00    0.00    0.00   25.53
06:41:07 PM   33   29.17    0.00   45.83    1.04    0.00    0.00    0.00    0.00    0.00   23.96
06:41:07 PM   34   31.91    0.00   41.49    1.06    0.00    0.00    0.00    0.00    0.00   25.53
06:41:07 PM   35   28.42    0.00   47.37    0.00    0.00    0.00    0.00    0.00    0.00   24.21
06:41:07 PM   36   31.58    0.00   43.16    0.00    0.00    0.00    0.00    0.00    0.00   25.26
06:41:07 PM   37   30.53    0.00   43.16    0.00    0.00    0.00    0.00    0.00    0.00   26.32
06:41:07 PM   38   28.72    0.00   45.74    0.00    0.00    0.00    0.00    0.00    0.00   25.53
06:41:07 PM   39   30.53    0.00   43.16    1.05    0.00    0.00    0.00    0.00    0.00   25.26
06:41:07 PM   40   30.53    0.00   45.26    0.00    0.00    0.00    0.00    0.00    0.00   24.21
06:41:07 PM   41   29.90    0.00   45.36    1.03    0.00    0.00    0.00    0.00    0.00   23.71
06:41:07 PM   42   28.42    0.00   46.32    1.05    0.00    0.00    0.00    0.00    0.00   24.21
06:41:07 PM   43   29.17    0.00   45.83    1.04    0.00    0.00    0.00    0.00    0.00   23.96
06:41:07 PM   44   30.21    0.00   45.83    0.00    0.00    0.00    0.00    0.00    0.00   23.96
06:41:07 PM   45   32.29    0.00   43.75    0.00    0.00    0.00    0.00    0.00    0.00   23.96
06:41:07 PM   46   30.53    0.00   44.21    1.05    0.00    0.00    0.00    0.00    0.00   24.21
06:41:07 PM   47   30.85    0.00   44.68    1.06    0.00    0.00    0.00    0.00    0.00   23.40
06:41:07 PM   48   32.98    0.00   42.55    1.06    0.00    0.00    0.00    0.00    0.00   23.40
06:41:07 PM   49   31.25    0.00   44.79    0.00    0.00    0.00    0.00    0.00    0.00   23.96
06:41:07 PM   50   30.21    0.00   44.79    0.00    0.00    0.00    0.00    0.00    0.00   25.00
06:41:07 PM   51   30.21    0.00   44.79    1.04    0.00    0.00    0.00    0.00    0.00   23.96
06:41:07 PM   52   29.47    0.00   46.32    0.00    0.00    0.00    0.00    0.00    0.00   24.21
06:41:07 PM   53   31.58    0.00   44.21    0.00    0.00    0.00    0.00    0.00    0.00   24.21
06:41:07 PM   54   30.11    0.00   45.16    0.00    0.00    0.00    0.00    0.00    0.00   24.73
06:41:07 PM   55   29.79    0.00   45.74    1.06    0.00    0.00    0.00    0.00    0.00   23.40
06:41:07 PM   56   29.79    0.00   44.68    0.00    0.00    0.00    0.00    0.00    0.00   25.53
06:41:07 PM   57   30.85    0.00   45.74    0.00    0.00    0.00    0.00    0.00    0.00   23.40
06:41:07 PM   58   31.58    0.00   45.26    0.00    0.00    0.00    0.00    0.00    0.00   23.16
06:41:07 PM   59   30.53    0.00   45.26    0.00    0.00    0.00    0.00    0.00    0.00   24.21
06:41:07 PM   60   26.32    0.00   47.37    1.05    0.00    0.00    0.00    0.00    0.00   25.26
06:41:07 PM   61   27.08    0.00   45.83    1.04    0.00    0.00    0.00    0.00    0.00   26.04
06:41:07 PM   62   29.79    0.00   43.62    1.06    0.00    0.00    0.00    0.00    0.00   25.53
06:41:07 PM   63   29.59    0.00   43.88    1.02    0.00    0.00    0.00    0.00    0.00   25.51
06:41:07 PM   64   29.79    0.00   44.68    0.00    0.00    0.00    0.00    0.00    0.00   25.53
06:41:07 PM   65   29.47    0.00   44.21    1.05    0.00    0.00    0.00    0.00    0.00   25.26
06:41:07 PM   66   28.72    0.00   45.74    0.00    0.00    0.00    0.00    0.00    0.00   25.53
06:41:07 PM   67   30.53    0.00   43.16    1.05    0.00    0.00    0.00    0.00    0.00   25.26
06:41:07 PM   68   28.72    0.00   43.62    1.06    0.00    0.00    0.00    0.00    0.00   26.60
06:41:07 PM   69   28.72    0.00   44.68    1.06    0.00    0.00    0.00    0.00    0.00   25.53
06:41:07 PM   70   27.37    0.00   46.32    1.05    0.00    0.00    0.00    0.00    0.00   25.26
06:41:07 PM   71   30.21    0.00   42.71    1.04    0.00    0.00    0.00    0.00    0.00   26.04
06:41:07 PM   72   29.03    0.00   45.16    1.08    0.00    0.00    0.00    0.00    0.00   24.73
06:41:07 PM   73   28.72    0.00   44.68    0.00    0.00    0.00    0.00    0.00    0.00   26.60
06:41:07 PM   74   29.35    0.00   44.57    0.00    0.00    0.00    0.00    0.00    0.00   26.09
06:41:07 PM   75   27.96    0.00   45.16    0.00    0.00    0.00    0.00    0.00    0.00   26.88
06:41:07 PM   76   30.85    0.00   42.55    0.00    0.00    0.00    0.00    0.00    0.00   26.60
06:41:07 PM   77   29.47    0.00   44.21    1.05    0.00    0.00    0.00    0.00    0.00   25.26
06:41:07 PM   78   29.90    0.00   43.30    1.03    0.00    0.00    0.00    0.00    0.00   25.77
06:41:07 PM   79   28.72    0.00   45.74    1.06    0.00    0.00    0.00    0.00    0.00   24.47

06:41:16 PM  CPU    %usr   %nice    %sys %iowait    %irq   %soft  %steal  %guest  %gnice   %idle
06:41:17 PM  all   32.84    0.00   44.37    0.28    0.00    0.00    0.00    0.00    0.00   22.51
06:41:17 PM    0   32.61    0.00   44.57    0.00    0.00    0.00    0.00    0.00    0.00   22.83
06:41:17 PM    1   33.33    0.00   44.09    0.00    0.00    0.00    0.00    0.00    0.00   22.58
06:41:17 PM    2   34.78    0.00   42.39    0.00    0.00    0.00    0.00    0.00    0.00   22.83
06:41:17 PM    3   35.11    0.00   42.55    0.00    0.00    0.00    0.00    0.00    0.00   22.34
06:41:17 PM    4   31.18    0.00   46.24    0.00    0.00    0.00    0.00    0.00    0.00   22.58
06:41:17 PM    5   32.63    0.00   45.26    0.00    0.00    0.00    0.00    0.00    0.00   22.11
06:41:17 PM    6   35.48    0.00   43.01    0.00    0.00    0.00    0.00    0.00    0.00   21.51
06:41:17 PM    7   33.70    0.00   43.48    0.00    0.00    0.00    0.00    0.00    0.00   22.83
06:41:17 PM    8   31.25    0.00   46.88    0.00    0.00    0.00    0.00    0.00    0.00   21.88
06:41:17 PM    9   33.70    0.00   44.57    0.00    0.00    0.00    0.00    0.00    0.00   21.74
06:41:17 PM   10   32.29    0.00   45.83    0.00    0.00    0.00    0.00    0.00    0.00   21.88
06:41:17 PM   11   33.33    0.00   44.09    0.00    0.00    0.00    0.00    0.00    0.00   22.58
06:41:17 PM   12   32.98    0.00   44.68    1.06    0.00    0.00    0.00    0.00    0.00   21.28
06:41:17 PM   13   33.33    0.00   44.09    1.08    0.00    0.00    0.00    0.00    0.00   21.51
06:41:17 PM   14   35.48    0.00   43.01    0.00    0.00    0.00    0.00    0.00    0.00   21.51
06:41:17 PM   15   31.58    0.00   47.37    0.00    0.00    0.00    0.00    0.00    0.00   21.05
06:41:17 PM   16   37.23    0.00   42.55    0.00    0.00    0.00    0.00    0.00    0.00   20.21
06:41:17 PM   17   32.61    0.00   45.65    0.00    0.00    0.00    0.00    0.00    0.00   21.74
06:41:17 PM   18   32.98    0.00   45.74    0.00    0.00    0.00    0.00    0.00    0.00   21.28
06:41:17 PM   19   35.11    0.00   42.55    1.06    0.00    0.00    0.00    0.00    0.00   21.28
06:41:17 PM   20   31.11    0.00   45.56    0.00    0.00    0.00    0.00    0.00    0.00   23.33
06:41:17 PM   21   31.52    0.00   43.48    1.09    0.00    0.00    0.00    0.00    0.00   23.91
06:41:17 PM   22   32.26    0.00   44.09    0.00    0.00    0.00    0.00    0.00    0.00   23.66
06:41:17 PM   23   32.26    0.00   44.09    0.00    0.00    0.00    0.00    0.00    0.00   23.66
06:41:17 PM   24   31.87    0.00   45.05    0.00    0.00    0.00    0.00    0.00    0.00   23.08
06:41:17 PM   25   31.18    0.00   45.16    0.00    0.00    0.00    0.00    0.00    0.00   23.66
06:41:17 PM   26   33.33    0.00   44.09    0.00    0.00    0.00    0.00    0.00    0.00   22.58
06:41:17 PM   27   35.87    0.00   41.30    0.00    0.00    0.00    0.00    0.00    0.00   22.83
06:41:17 PM   28   32.26    0.00   44.09    1.08    0.00    0.00    0.00    0.00    0.00   22.58
06:41:17 PM   29   32.61    0.00   43.48    1.09    0.00    0.00    0.00    0.00    0.00   22.83
06:41:17 PM   30   33.33    0.00   43.33    0.00    0.00    0.00    0.00    0.00    0.00   23.33
06:41:17 PM   31   30.85    0.00   46.81    0.00    0.00    0.00    0.00    0.00    0.00   22.34
06:41:17 PM   32   30.85    0.00   45.74    0.00    0.00    0.00    0.00    0.00    0.00   23.40
06:41:17 PM   33   32.61    0.00   43.48    1.09    0.00    0.00    0.00    0.00    0.00   22.83
06:41:17 PM   34   33.70    0.00   43.48    0.00    0.00    0.00    0.00    0.00    0.00   22.83
06:41:17 PM   35   31.18    0.00   45.16    1.08    0.00    0.00    0.00    0.00    0.00   22.58
06:41:17 PM   36   31.87    0.00   45.05    0.00    0.00    0.00    0.00    0.00    0.00   23.08
06:41:17 PM   37   31.91    0.00   44.68    1.06    0.00    0.00    0.00    0.00    0.00   22.34
06:41:17 PM   38   31.52    0.00   45.65    0.00    0.00    0.00    0.00    0.00    0.00   22.83
06:41:17 PM   39   30.85    0.00   45.74    1.06    0.00    0.00    0.00    0.00    0.00   22.34
06:41:17 PM   40   32.61    0.00   44.57    1.09    0.00    0.00    0.00    0.00    0.00   21.74
06:41:17 PM   41   32.61    0.00   45.65    0.00    0.00    0.00    0.00    0.00    0.00   21.74
06:41:17 PM   42   32.26    0.00   45.16    0.00    0.00    0.00    0.00    0.00    0.00   22.58
06:41:17 PM   43   32.26    0.00   46.24    0.00    0.00    0.00    0.00    0.00    0.00   21.51
06:41:17 PM   44   33.68    0.00   43.16    1.05    0.00    0.00    0.00    0.00    0.00   22.11
06:41:17 PM   45   31.18    0.00   47.31    0.00    0.00    0.00    0.00    0.00    0.00   21.51
06:41:17 PM   46   32.26    0.00   46.24    0.00    0.00    0.00    0.00    0.00    0.00   21.51
06:41:17 PM   47   30.53    0.00   47.37    1.05    0.00    0.00    0.00    0.00    0.00   21.05
06:41:17 PM   48   30.85    0.00   46.81    0.00    0.00    0.00    0.00    0.00    0.00   22.34
06:41:17 PM   49   33.68    0.00   44.21    0.00    0.00    0.00    0.00    0.00    0.00   22.11
06:41:17 PM   50   29.79    0.00   47.87    0.00    0.00    0.00    0.00    0.00    0.00   22.34
06:41:17 PM   51   33.70    0.00   44.57    0.00    0.00    0.00    0.00    0.00    0.00   21.74
06:41:17 PM   52   33.33    0.00   44.09    1.08    0.00    0.00    0.00    0.00    0.00   21.51
06:41:17 PM   53   32.99    0.00   44.33    0.00    0.00    0.00    0.00    0.00    0.00   22.68
06:41:17 PM   54   36.56    0.00   41.94    1.08    0.00    0.00    0.00    0.00    0.00   20.43
06:41:17 PM   55   32.26    0.00   45.16    1.08    0.00    0.00    0.00    0.00    0.00   21.51
06:41:17 PM   56   35.11    0.00   43.62    0.00    0.00    0.00    0.00    0.00    0.00   21.28
06:41:17 PM   57   32.26    0.00   45.16    0.00    0.00    0.00    0.00    0.00    0.00   22.58
06:41:17 PM   58   36.56    0.00   40.86    0.00    0.00    0.00    0.00    0.00    0.00   22.58
06:41:17 PM   59   33.70    0.00   44.57    0.00    0.00    0.00    0.00    0.00    0.00   21.74
06:41:17 PM   60   32.61    0.00   44.57    0.00    0.00    0.00    0.00    0.00    0.00   22.83
06:41:17 PM   61   32.97    0.00   43.96    0.00    0.00    0.00    0.00    0.00    0.00   23.08
06:41:17 PM   62   35.48    0.00   41.94    0.00    0.00    0.00    0.00    0.00    0.00   22.58
06:41:17 PM   63   32.26    0.00   44.09    0.00    0.00    0.00    0.00    0.00    0.00   23.66
06:41:17 PM   64   31.87    0.00   45.05    0.00    0.00    0.00    0.00    0.00    0.00   23.08
06:41:17 PM   65   32.26    0.00   44.09    1.08    0.00    0.00    0.00    0.00    0.00   22.58
06:41:17 PM   66   31.91    0.00   43.62    1.06    0.00    0.00    0.00    0.00    0.00   23.40
06:41:17 PM   67   33.70    0.00   42.39    1.09    0.00    0.00    0.00    0.00    0.00   22.83
06:41:17 PM   68   32.61    0.00   43.48    0.00    0.00    0.00    0.00    0.00    0.00   23.91
06:41:17 PM   69   33.33    0.00   43.01    0.00    0.00    0.00    0.00    0.00    0.00   23.66
06:41:17 PM   70   32.22    0.00   44.44    0.00    0.00    0.00    0.00    0.00    0.00   23.33
06:41:17 PM   71   33.33    0.00   41.94    1.08    0.00    0.00    0.00    0.00    0.00   23.66
06:41:17 PM   72   31.11    0.00   45.56    0.00    0.00    0.00    0.00    0.00    0.00   23.33
06:41:17 PM   73   34.78    0.00   41.30    1.09    0.00    0.00    0.00    0.00    0.00   22.83
06:41:17 PM   74   34.04    0.00   42.55    0.00    0.00    0.00    0.00    0.00    0.00   23.40
06:41:17 PM   75   32.97    0.00   43.96    0.00    0.00    0.00    0.00    0.00    0.00   23.08
06:41:17 PM   76   30.34    0.00   44.94    0.00    0.00    0.00    0.00    0.00    0.00   24.72
06:41:17 PM   77   31.52    0.00   44.57    0.00    0.00    0.00    0.00    0.00    0.00   23.91
06:41:17 PM   78   31.87    0.00   43.96    0.00    0.00    0.00    0.00    0.00    0.00   24.18
06:41:17 PM   79   34.04    0.00   42.55    0.00    0.00    0.00    0.00    0.00    0.00   23.40

06:41:26 PM  CPU    %usr   %nice    %sys %iowait    %irq   %soft  %steal  %guest  %gnice   %idle
06:41:27 PM  all   32.01    0.00   40.53    0.59    0.00    0.00    0.00    0.00    0.00   26.86
06:41:27 PM    0   31.52    0.00   42.39    1.09    0.00    0.00    0.00    0.00    0.00   25.00
06:41:27 PM    1   33.70    0.00   41.30    1.09    0.00    0.00    0.00    0.00    0.00   23.91
06:41:27 PM    2   34.74    0.00   37.89    1.05    0.00    0.00    0.00    0.00    0.00   26.32
06:41:27 PM    3   30.43    0.00   42.39    1.09    0.00    0.00    0.00    0.00    0.00   26.09
06:41:27 PM    4   33.70    0.00   39.13    1.09    0.00    0.00    0.00    0.00    0.00   26.09
06:41:27 PM    5   32.61    0.00   42.39    0.00    0.00    0.00    0.00    0.00    0.00   25.00
06:41:27 PM    6   33.70    0.00   39.13    1.09    0.00    0.00    0.00    0.00    0.00   26.09
06:41:27 PM    7   30.11    0.00   41.94    0.00    0.00    0.00    0.00    0.00    0.00   27.96
06:41:27 PM    8   32.61    0.00   40.22    1.09    0.00    0.00    0.00    0.00    0.00   26.09
06:41:27 PM    9   31.18    0.00   43.01    1.08    0.00    0.00    0.00    0.00    0.00   24.73
06:41:27 PM   10   33.70    0.00   40.22    0.00    0.00    0.00    0.00    0.00    0.00   26.09
06:41:27 PM   11   35.48    0.00   38.71    0.00    0.00    0.00    0.00    0.00    0.00   25.81
06:41:27 PM   12   33.70    0.00   40.22    0.00    0.00    0.00    0.00    0.00    0.00   26.09
06:41:27 PM   13   33.68    0.00   40.00    1.05    0.00    0.00    0.00    0.00    0.00   25.26
06:41:27 PM   14   32.26    0.00   41.94    0.00    0.00    0.00    0.00    0.00    0.00   25.81
06:41:27 PM   15   30.43    0.00   43.48    0.00    0.00    0.00    0.00    0.00    0.00   26.09
06:41:27 PM   16   33.70    0.00   41.30    0.00    0.00    0.00    0.00    0.00    0.00   25.00
06:41:27 PM   17   32.98    0.00   41.49    0.00    0.00    0.00    0.00    0.00    0.00   25.53
06:41:27 PM   18   30.77    0.00   43.96    1.10    0.00    0.00    0.00    0.00    0.00   24.18
06:41:27 PM   19   31.91    0.00   41.49    1.06    0.00    0.00    0.00    0.00    0.00   25.53
06:41:27 PM   20   29.35    0.00   43.48    1.09    0.00    0.00    0.00    0.00    0.00   26.09
06:41:27 PM   21   31.58    0.00   40.00    1.05    0.00    0.00    0.00    0.00    0.00   27.37
06:41:27 PM   22   32.98    0.00   39.36    1.06    0.00    0.00    0.00    0.00    0.00   26.60
06:41:27 PM   23   31.46    0.00   40.45    0.00    0.00    0.00    0.00    0.00    0.00   28.09
06:41:27 PM   24   31.11    0.00   40.00    0.00    0.00    0.00    0.00    0.00    0.00   28.89
06:41:27 PM   25   33.70    0.00   38.04    1.09    0.00    0.00    0.00    0.00    0.00   27.17
06:41:27 PM   26   31.87    0.00   38.46    1.10    0.00    0.00    0.00    0.00    0.00   28.57
06:41:27 PM   27   30.53    0.00   38.95    1.05    0.00    0.00    0.00    0.00    0.00   29.47
06:41:27 PM   28   30.77    0.00   41.76    0.00    0.00    0.00    0.00    0.00    0.00   27.47
06:41:27 PM   29   32.97    0.00   37.36    2.20    0.00    0.00    0.00    0.00    0.00   27.47
06:41:27 PM   30   32.61    0.00   39.13    1.09    0.00    0.00    0.00    0.00    0.00   27.17
06:41:27 PM   31   31.91    0.00   39.36    1.06    0.00    0.00    0.00    0.00    0.00   27.66
06:41:27 PM   32   32.98    0.00   38.30    0.00    0.00    0.00    0.00    0.00    0.00   28.72
06:41:27 PM   33   31.52    0.00   39.13    1.09    0.00    0.00    0.00    0.00    0.00   28.26
06:41:27 PM   34   32.98    0.00   38.30    0.00    0.00    0.00    0.00    0.00    0.00   28.72
06:41:27 PM   35   33.70    0.00   39.13    0.00    0.00    0.00    0.00    0.00    0.00   27.17
06:41:27 PM   36   29.67    0.00   41.76    1.10    0.00    0.00    0.00    0.00    0.00   27.47
06:41:27 PM   37   31.87    0.00   39.56    1.10    0.00    0.00    0.00    0.00    0.00   27.47
06:41:27 PM   38   32.26    0.00   40.86    0.00    0.00    0.00    0.00    0.00    0.00   26.88
06:41:27 PM   39   31.52    0.00   40.22    0.00    0.00    0.00    0.00    0.00    0.00   28.26
06:41:27 PM   40   32.98    0.00   40.43    1.06    0.00    0.00    0.00    0.00    0.00   25.53
06:41:27 PM   41   29.03    0.00   44.09    1.08    0.00    0.00    0.00    0.00    0.00   25.81
06:41:27 PM   42   31.91    0.00   42.55    0.00    0.00    0.00    0.00    0.00    0.00   25.53
06:41:27 PM   43   30.85    0.00   41.49    1.06    0.00    0.00    0.00    0.00    0.00   26.60
06:41:27 PM   44   34.78    0.00   39.13    0.00    0.00    0.00    0.00    0.00    0.00   26.09
06:41:27 PM   45   32.98    0.00   40.43    1.06    0.00    0.00    0.00    0.00    0.00   25.53
06:41:27 PM   46   32.26    0.00   40.86    1.08    0.00    0.00    0.00    0.00    0.00   25.81
06:41:27 PM   47   32.61    0.00   41.30    0.00    0.00    0.00    0.00    0.00    0.00   26.09
06:41:27 PM   48   31.91    0.00   42.55    0.00    0.00    0.00    0.00    0.00    0.00   25.53
06:41:27 PM   49   31.91    0.00   41.49    1.06    0.00    0.00    0.00    0.00    0.00   25.53
06:41:27 PM   50   33.68    0.00   40.00    0.00    0.00    0.00    0.00    0.00    0.00   26.32
06:41:27 PM   51   29.35    0.00   44.57    0.00    0.00    0.00    0.00    0.00    0.00   26.09
06:41:27 PM   52   32.98    0.00   40.43    1.06    0.00    0.00    0.00    0.00    0.00   25.53
06:41:27 PM   53   30.85    0.00   42.55    1.06    0.00    0.00    0.00    0.00    0.00   25.53
06:41:27 PM   54   30.43    0.00   42.39    1.09    0.00    0.00    0.00    0.00    0.00   26.09
06:41:27 PM   55   33.33    0.00   41.11    0.00    0.00    0.00    0.00    0.00    0.00   25.56
06:41:27 PM   56   30.68    0.00   42.05    0.00    0.00    0.00    0.00    0.00    0.00   27.27
06:41:27 PM   57   32.63    0.00   40.00    1.05    0.00    0.00    0.00    0.00    0.00   26.32
06:41:27 PM   58   30.11    0.00   41.94    1.08    0.00    0.00    0.00    0.00    0.00   26.88
06:41:27 PM   59   34.41    0.00   38.71    1.08    0.00    0.00    0.00    0.00    0.00   25.81
06:41:27 PM   60   28.72    0.00   40.43    1.06    0.00    0.00    0.00    0.00    0.00   29.79
06:41:27 PM   61   30.85    0.00   40.43    1.06    0.00    0.00    0.00    0.00    0.00   27.66
06:41:27 PM   62   29.67    0.00   41.76    0.00    0.00    0.00    0.00    0.00    0.00   28.57
06:41:27 PM   63   29.79    0.00   41.49    0.00    0.00    0.00    0.00    0.00    0.00   28.72
06:41:27 PM   64   31.87    0.00   40.66    0.00    0.00    0.00    0.00    0.00    0.00   27.47
06:41:27 PM   65   32.26    0.00   38.71    0.00    0.00    0.00    0.00    0.00    0.00   29.03
06:41:27 PM   66   32.97    0.00   39.56    0.00    0.00    0.00    0.00    0.00    0.00   27.47
06:41:27 PM   67   34.04    0.00   38.30    1.06    0.00    0.00    0.00    0.00    0.00   26.60
06:41:27 PM   68   30.85    0.00   39.36    1.06    0.00    0.00    0.00    0.00    0.00   28.72
06:41:27 PM   69   31.87    0.00   39.56    1.10    0.00    0.00    0.00    0.00    0.00   27.47
06:41:27 PM   70   33.33    0.00   37.63    0.00    0.00    0.00    0.00    0.00    0.00   29.03
06:41:27 PM   71   32.97    0.00   39.56    0.00    0.00    0.00    0.00    0.00    0.00   27.47
06:41:27 PM   72   31.91    0.00   39.36    1.06    0.00    0.00    0.00    0.00    0.00   27.66
06:41:27 PM   73   28.57    0.00   42.86    0.00    0.00    0.00    0.00    0.00    0.00   28.57
06:41:27 PM   74   31.18    0.00   40.86    1.08    0.00    0.00    0.00    0.00    0.00   26.88
06:41:27 PM   75   31.11    0.00   40.00    1.11    0.00    0.00    0.00    0.00    0.00   27.78
06:41:27 PM   76   32.22    0.00   40.00    0.00    0.00    0.00    0.00    0.00    0.00   27.78
06:41:27 PM   77   29.67    0.00   41.76    0.00    0.00    0.00    0.00    0.00    0.00   28.57
06:41:27 PM   78   32.98    0.00   38.30    0.00    0.00    0.00    0.00    0.00    0.00   28.72
06:41:27 PM   79   33.70    0.00   38.04    0.00    0.00    0.00    0.00    0.00    0.00   28.26

06:41:36 PM  CPU    %usr   %nice    %sys %iowait    %irq   %soft  %steal  %guest  %gnice   %idle
06:41:37 PM  all   31.21    0.00   45.59    0.28    0.00    0.00    0.00    0.00    0.00   22.92
06:41:37 PM    0   32.63    0.00   45.26    0.00    0.00    0.00    0.00    0.00    0.00   22.11
06:41:37 PM    1   31.91    0.00   46.81    0.00    0.00    0.00    0.00    0.00    0.00   21.28
06:41:37 PM    2   32.26    0.00   45.16    0.00    0.00    0.00    0.00    0.00    0.00   22.58
06:41:37 PM    3   31.58    0.00   46.32    0.00    0.00    0.00    0.00    0.00    0.00   22.11
06:41:37 PM    4   31.58    0.00   46.32    0.00    0.00    0.00    0.00    0.00    0.00   22.11
06:41:37 PM    5   28.72    0.00   48.94    0.00    0.00    0.00    0.00    0.00    0.00   22.34
06:41:37 PM    6   32.98    0.00   44.68    0.00    0.00    0.00    0.00    0.00    0.00   22.34
06:41:37 PM    7   29.17    0.00   48.96    0.00    0.00    0.00    0.00    0.00    0.00   21.88
06:41:37 PM    8   31.58    0.00   46.32    1.05    0.00    0.00    0.00    0.00    0.00   21.05
06:41:37 PM    9   34.41    0.00   44.09    0.00    0.00    0.00    0.00    0.00    0.00   21.51
06:41:37 PM   10   29.47    0.00   48.42    0.00    0.00    0.00    0.00    0.00    0.00   22.11
06:41:37 PM   11   31.91    0.00   44.68    0.00    0.00    0.00    0.00    0.00    0.00   23.40
06:41:37 PM   12   31.18    0.00   46.24    0.00    0.00    0.00    0.00    0.00    0.00   22.58
06:41:37 PM   13   30.85    0.00   46.81    0.00    0.00    0.00    0.00    0.00    0.00   22.34
06:41:37 PM   14   30.43    0.00   47.83    0.00    0.00    0.00    0.00    0.00    0.00   21.74
06:41:37 PM   15   31.96    0.00   45.36    0.00    0.00    0.00    0.00    0.00    0.00   22.68
06:41:37 PM   16   29.79    0.00   47.87    0.00    0.00    0.00    0.00    0.00    0.00   22.34
06:41:37 PM   17   31.91    0.00   45.74    0.00    0.00    0.00    0.00    0.00    0.00   22.34
06:41:37 PM   18   30.77    0.00   46.15    0.00    0.00    0.00    0.00    0.00    0.00   23.08
06:41:37 PM   19   32.26    0.00   44.09    0.00    0.00    0.00    0.00    0.00    0.00   23.66
06:41:37 PM   20   30.11    0.00   46.24    0.00    0.00    0.00    0.00    0.00    0.00   23.66
06:41:37 PM   21   28.12    0.00   46.88    0.00    0.00    0.00    0.00    0.00    0.00   25.00
06:41:37 PM   22   31.52    0.00   44.57    0.00    0.00    0.00    0.00    0.00    0.00   23.91
06:41:37 PM   23   30.85    0.00   43.62    1.06    0.00    0.00    0.00    0.00    0.00   24.47
06:41:37 PM   24   30.11    0.00   47.31    0.00    0.00    0.00    0.00    0.00    0.00   22.58
06:41:37 PM   25   31.91    0.00   44.68    0.00    0.00    0.00    0.00    0.00    0.00   23.40
06:41:37 PM   26   29.79    0.00   45.74    1.06    0.00    0.00    0.00    0.00    0.00   23.40
06:41:37 PM   27   29.79    0.00   45.74    0.00    0.00    0.00    0.00    0.00    0.00   24.47
06:41:37 PM   28   31.96    0.00   43.30    1.03    0.00    0.00    0.00    0.00    0.00   23.71
06:41:37 PM   29   30.11    0.00   46.24    0.00    0.00    0.00    0.00    0.00    0.00   23.66
06:41:37 PM   30   29.79    0.00   46.81    0.00    0.00    0.00    0.00    0.00    0.00   23.40
06:41:37 PM   31   30.43    0.00   46.74    0.00    0.00    0.00    0.00    0.00    0.00   22.83
06:41:37 PM   32   29.79    0.00   45.74    1.06    0.00    0.00    0.00    0.00    0.00   23.40
06:41:37 PM   33   30.53    0.00   45.26    0.00    0.00    0.00    0.00    0.00    0.00   24.21
06:41:37 PM   34   30.53    0.00   45.26    0.00    0.00    0.00    0.00    0.00    0.00   24.21
06:41:37 PM   35   31.91    0.00   43.62    1.06    0.00    0.00    0.00    0.00    0.00   23.40
06:41:37 PM   36   32.29    0.00   42.71    1.04    0.00    0.00    0.00    0.00    0.00   23.96
06:41:37 PM   37   31.58    0.00   44.21    0.00    0.00    0.00    0.00    0.00    0.00   24.21
06:41:37 PM   38   30.53    0.00   45.26    1.05    0.00    0.00    0.00    0.00    0.00   23.16
06:41:37 PM   39   30.85    0.00   45.74    0.00    0.00    0.00    0.00    0.00    0.00   23.40
06:41:37 PM   40   31.18    0.00   45.16    1.08    0.00    0.00    0.00    0.00    0.00   22.58
06:41:37 PM   41   30.53    0.00   46.32    1.05    0.00    0.00    0.00    0.00    0.00   22.11
06:41:37 PM   42   31.96    0.00   46.39    0.00    0.00    0.00    0.00    0.00    0.00   21.65
06:41:37 PM   43   32.29    0.00   44.79    0.00    0.00    0.00    0.00    0.00    0.00   22.92
06:41:37 PM   44   31.91    0.00   46.81    0.00    0.00    0.00    0.00    0.00    0.00   21.28
06:41:37 PM   45   29.47    0.00   48.42    1.05    0.00    0.00    0.00    0.00    0.00   21.05
06:41:37 PM   46   31.58    0.00   46.32    0.00    0.00    0.00    0.00    0.00    0.00   22.11
06:41:37 PM   47   32.29    0.00   45.83    0.00    0.00    0.00    0.00    0.00    0.00   21.88
06:41:37 PM   48   34.04    0.00   43.62    0.00    0.00    0.00    0.00    0.00    0.00   22.34
06:41:37 PM   49   30.85    0.00   46.81    1.06    0.00    0.00    0.00    0.00    0.00   21.28
06:41:37 PM   50   31.91    0.00   45.74    1.06    0.00    0.00    0.00    0.00    0.00   21.28
06:41:37 PM   51   30.53    0.00   47.37    0.00    0.00    0.00    0.00    0.00    0.00   22.11
06:41:37 PM   52   31.96    0.00   46.39    0.00    0.00    0.00    0.00    0.00    0.00   21.65
06:41:37 PM   53   29.03    0.00   48.39    0.00    0.00    0.00    0.00    0.00    0.00   22.58
06:41:37 PM   54   31.91    0.00   43.62    1.06    0.00    0.00    0.00    0.00    0.00   23.40
06:41:37 PM   55   33.33    0.00   44.09    0.00    0.00    0.00    0.00    0.00    0.00   22.58
06:41:37 PM   56   32.63    0.00   44.21    0.00    0.00    0.00    0.00    0.00    0.00   23.16
06:41:37 PM   57   31.58    0.00   45.26    1.05    0.00    0.00    0.00    0.00    0.00   22.11
06:41:37 PM   58   33.33    0.00   44.79    0.00    0.00    0.00    0.00    0.00    0.00   21.88
06:41:37 PM   59   31.96    0.00   46.39    0.00    0.00    0.00    0.00    0.00    0.00   21.65
06:41:37 PM   60   30.53    0.00   43.16    1.05    0.00    0.00    0.00    0.00    0.00   25.26
06:41:37 PM   61   30.53    0.00   45.26    0.00    0.00    0.00    0.00    0.00    0.00   24.21
06:41:37 PM   62   32.29    0.00   42.71    1.04    0.00    0.00    0.00    0.00    0.00   23.96
06:41:37 PM   63   31.25    0.00   45.83    0.00    0.00    0.00    0.00    0.00    0.00   22.92
06:41:37 PM   64   30.21    0.00   45.83    1.04    0.00    0.00    0.00    0.00    0.00   22.92
06:41:37 PM   65   30.11    0.00   45.16    0.00    0.00    0.00    0.00    0.00    0.00   24.73
06:41:37 PM   66   29.03    0.00   47.31    0.00    0.00    0.00    0.00    0.00    0.00   23.66
06:41:37 PM   67   31.91    0.00   45.74    0.00    0.00    0.00    0.00    0.00    0.00   22.34
06:41:37 PM   68   31.58    0.00   44.21    0.00    0.00    0.00    0.00    0.00    0.00   24.21
06:41:37 PM   69   29.79    0.00   46.81    1.06    0.00    0.00    0.00    0.00    0.00   22.34
06:41:37 PM   70   31.96    0.00   43.30    1.03    0.00    0.00    0.00    0.00    0.00   23.71
06:41:37 PM   71   30.53    0.00   46.32    0.00    0.00    0.00    0.00    0.00    0.00   23.16
06:41:37 PM   72   32.98    0.00   43.62    0.00    0.00    0.00    0.00    0.00    0.00   23.40
06:41:37 PM   73   30.85    0.00   45.74    0.00    0.00    0.00    0.00    0.00    0.00   23.40
06:41:37 PM   74   31.91    0.00   44.68    0.00    0.00    0.00    0.00    0.00    0.00   23.40
06:41:37 PM   75   31.52    0.00   45.65    0.00    0.00    0.00    0.00    0.00    0.00   22.83
06:41:37 PM   76   32.98    0.00   41.49    0.00    0.00    0.00    0.00    0.00    0.00   25.53
06:41:37 PM   77   29.79    0.00   47.87    0.00    0.00    0.00    0.00    0.00    0.00   22.34
06:41:37 PM   78   30.21    0.00   44.79    1.04    0.00    0.00    0.00    0.00    0.00   23.96
06:41:37 PM   79   32.29    0.00   43.75    0.00    0.00    0.00    0.00    0.00    0.00   23.96

06:41:46 PM  CPU    %usr   %nice    %sys %iowait    %irq   %soft  %steal  %guest  %gnice   %idle
06:41:47 PM  all   30.33    0.00   43.13    0.52    0.00    0.01    0.00    0.00    0.00   26.01
06:41:47 PM    0   31.91    0.00   43.62    1.06    0.00    0.00    0.00    0.00    0.00   23.40
06:41:47 PM    1   29.47    0.00   45.26    0.00    0.00    0.00    0.00    0.00    0.00   25.26
06:41:47 PM    2   29.79    0.00   44.68    1.06    0.00    0.00    0.00    0.00    0.00   24.47
06:41:47 PM    3   30.53    0.00   43.16    1.05    0.00    0.00    0.00    0.00    0.00   25.26
06:41:47 PM    4   31.58    0.00   42.11    0.00    0.00    0.00    0.00    0.00    0.00   26.32
06:41:47 PM    5   30.11    0.00   45.16    0.00    0.00    0.00    0.00    0.00    0.00   24.73
06:41:47 PM    6   28.87    0.00   45.36    1.03    0.00    0.00    0.00    0.00    0.00   24.74
06:41:47 PM    7   29.47    0.00   45.26    0.00    0.00    0.00    0.00    0.00    0.00   25.26
06:41:47 PM    8   30.85    0.00   43.62    0.00    0.00    0.00    0.00    0.00    0.00   25.53
06:41:47 PM    9   28.42    0.00   45.26    1.05    0.00    0.00    0.00    0.00    0.00   25.26
06:41:47 PM   10   31.58    0.00   42.11    1.05    0.00    0.00    0.00    0.00    0.00   25.26
06:41:47 PM   11   29.47    0.00   45.26    1.05    0.00    0.00    0.00    0.00    0.00   24.21
06:41:47 PM   12   29.79    0.00   44.68    0.00    0.00    0.00    0.00    0.00    0.00   25.53
06:41:47 PM   13   31.18    0.00   43.01    1.08    0.00    0.00    0.00    0.00    0.00   24.73
06:41:47 PM   14   30.53    0.00   43.16    1.05    0.00    0.00    0.00    0.00    0.00   25.26
06:41:47 PM   15   29.47    0.00   44.21    1.05    0.00    0.00    0.00    0.00    0.00   25.26
06:41:47 PM   16   31.52    0.00   43.48    0.00    0.00    0.00    0.00    0.00    0.00   25.00
06:41:47 PM   17   31.58    0.00   43.16    0.00    0.00    0.00    0.00    0.00    0.00   25.26
06:41:47 PM   18   32.98    0.00   40.43    1.06    0.00    0.00    0.00    0.00    0.00   25.53
06:41:47 PM   19   31.91    0.00   42.55    0.00    0.00    0.00    0.00    0.00    0.00   25.53
06:41:47 PM   20   29.90    0.00   43.30    1.03    0.00    0.00    0.00    0.00    0.00   25.77
06:41:47 PM   21   33.68    0.00   40.00    0.00    0.00    0.00    0.00    0.00    0.00   26.32
06:41:47 PM   22   27.37    0.00   44.21    1.05    0.00    0.00    0.00    0.00    0.00   27.37
06:41:47 PM   23   29.47    0.00   43.16    0.00    0.00    0.00    0.00    0.00    0.00   27.37
06:41:47 PM   24   28.72    0.00   43.62    1.06    0.00    0.00    0.00    0.00    0.00   26.60
06:41:47 PM   25   27.66    0.00   44.68    0.00    0.00    0.00    0.00    0.00    0.00   27.66
06:41:47 PM   26   28.12    0.00   43.75    1.04    0.00    0.00    0.00    0.00    0.00   27.08
06:41:47 PM   27   30.53    0.00   42.11    1.05    0.00    0.00    0.00    0.00    0.00   26.32
06:41:47 PM   28   31.25    0.00   40.62    1.04    0.00    0.00    0.00    0.00    0.00   27.08
06:41:47 PM   29   29.79    0.00   42.55    1.06    0.00    0.00    0.00    0.00    0.00   26.60
06:41:47 PM   30   32.26    0.00   41.94    0.00    0.00    0.00    0.00    0.00    0.00   25.81
06:41:47 PM   31   30.11    0.00   43.01    0.00    0.00    0.00    0.00    0.00    0.00   26.88
06:41:47 PM   32   31.58    0.00   40.00    1.05    0.00    0.00    0.00    0.00    0.00   27.37
06:41:47 PM   33   30.53    0.00   42.11    0.00    0.00    0.00    0.00    0.00    0.00   27.37
06:41:47 PM   34   28.57    0.00   42.86    0.00    0.00    0.00    0.00    0.00    0.00   28.57
06:41:47 PM   35   28.42    0.00   45.26    1.05    0.00    0.00    0.00    0.00    0.00   25.26
06:41:47 PM   36   31.58    0.00   42.11    0.00    0.00    0.00    0.00    0.00    0.00   26.32
06:41:47 PM   37   29.17    0.00   43.75    0.00    0.00    0.00    0.00    0.00    0.00   27.08
06:41:47 PM   38   28.72    0.00   43.62    1.06    0.00    0.00    0.00    0.00    0.00   26.60
06:41:47 PM   39   28.42    0.00   44.21    0.00    0.00    0.00    0.00    0.00    0.00   27.37
06:41:47 PM   40   31.18    0.00   43.01    0.00    0.00    0.00    0.00    0.00    0.00   25.81
06:41:47 PM   41   30.53    0.00   43.16    1.05    0.00    0.00    0.00    0.00    0.00   25.26
06:41:47 PM   42   30.85    0.00   43.62    0.00    0.00    0.00    0.00    0.00    0.00   25.53
06:41:47 PM   43   29.35    0.00   43.48    1.09    0.00    0.00    0.00    0.00    0.00   26.09
06:41:47 PM   44   30.85    0.00   43.62    0.00    0.00    0.00    0.00    0.00    0.00   25.53
06:41:47 PM   45   29.79    0.00   44.68    0.00    0.00    0.00    0.00    0.00    0.00   25.53
06:41:47 PM   46   31.58    0.00   43.16    0.00    0.00    0.00    0.00    0.00    0.00   25.26
06:41:47 PM   47   29.90    0.00   44.33    1.03    0.00    0.00    0.00    0.00    0.00   24.74
06:41:47 PM   48   30.11    0.00   44.09    0.00    0.00    0.00    0.00    0.00    0.00   25.81
06:41:47 PM   49   31.58    0.00   43.16    0.00    0.00    0.00    0.00    0.00    0.00   25.26
06:41:47 PM   50   34.41    0.00   39.78    0.00    0.00    0.00    0.00    0.00    0.00   25.81
06:41:47 PM   51   31.18    0.00   41.94    1.08    0.00    0.00    0.00    0.00    0.00   25.81
06:41:47 PM   52   30.61    0.00   41.84    1.02    0.00    1.02    0.00    0.00    0.00   25.51
06:41:47 PM   53   30.21    0.00   43.75    1.04    0.00    0.00    0.00    0.00    0.00   25.00
06:41:47 PM   54   30.43    0.00   43.48    0.00    0.00    0.00    0.00    0.00    0.00   26.09
06:41:47 PM   55   32.26    0.00   43.01    0.00    0.00    0.00    0.00    0.00    0.00   24.73
06:41:47 PM   56   29.35    0.00   44.57    1.09    0.00    0.00    0.00    0.00    0.00   25.00
06:41:47 PM   57   29.79    0.00   45.74    0.00    0.00    0.00    0.00    0.00    0.00   24.47
06:41:47 PM   58   30.11    0.00   44.09    0.00    0.00    0.00    0.00    0.00    0.00   25.81
06:41:47 PM   59   29.79    0.00   44.68    0.00    0.00    0.00    0.00    0.00    0.00   25.53
06:41:47 PM   60   31.91    0.00   40.43    1.06    0.00    0.00    0.00    0.00    0.00   26.60
06:41:47 PM   61   29.03    0.00   44.09    0.00    0.00    0.00    0.00    0.00    0.00   26.88
06:41:47 PM   62   29.03    0.00   44.09    1.08    0.00    0.00    0.00    0.00    0.00   25.81
06:41:47 PM   63   32.26    0.00   40.86    0.00    0.00    0.00    0.00    0.00    0.00   26.88
06:41:47 PM   64   28.72    0.00   43.62    0.00    0.00    0.00    0.00    0.00    0.00   27.66
06:41:47 PM   65   28.57    0.00   43.88    1.02    0.00    0.00    0.00    0.00    0.00   26.53
06:41:47 PM   66   28.72    0.00   44.68    0.00    0.00    0.00    0.00    0.00    0.00   26.60
06:41:47 PM   67   30.43    0.00   42.39    1.09    0.00    0.00    0.00    0.00    0.00   26.09
06:41:47 PM   68   29.90    0.00   42.27    1.03    0.00    0.00    0.00    0.00    0.00   26.80
06:41:47 PM   69   31.52    0.00   42.39    0.00    0.00    0.00    0.00    0.00    0.00   26.09
06:41:47 PM   70   30.53    0.00   41.05    0.00    0.00    0.00    0.00    0.00    0.00   28.42
06:41:47 PM   71   30.85    0.00   42.55    0.00    0.00    0.00    0.00    0.00    0.00   26.60
06:41:47 PM   72   30.85    0.00   41.49    1.06    0.00    0.00    0.00    0.00    0.00   26.60
06:41:47 PM   73   27.17    0.00   45.65    0.00    0.00    0.00    0.00    0.00    0.00   27.17
06:41:47 PM   74   30.85    0.00   40.43    1.06    0.00    0.00    0.00    0.00    0.00   27.66
06:41:47 PM   75   30.21    0.00   43.75    0.00    0.00    0.00    0.00    0.00    0.00   26.04
06:41:47 PM   76   31.58    0.00   41.05    1.05    0.00    0.00    0.00    0.00    0.00   26.32
06:41:47 PM   77   31.58    0.00   40.00    1.05    0.00    0.00    0.00    0.00    0.00   27.37
06:41:47 PM   78   31.58    0.00   42.11    1.05    0.00    0.00    0.00    0.00    0.00   25.26
06:41:47 PM   79   30.53    0.00   42.11    1.05    0.00    0.00    0.00    0.00    0.00   26.32

06:41:56 PM  CPU    %usr   %nice    %sys %iowait    %irq   %soft  %steal  %guest  %gnice   %idle
06:41:57 PM  all   30.53    0.00   43.15    0.76    0.00    0.00    0.00    0.00    0.00   25.56
06:41:57 PM    0   31.25    0.00   42.71    1.04    0.00    0.00    0.00    0.00    0.00   25.00
06:41:57 PM    1   31.25    0.00   43.75    1.04    0.00    0.00    0.00    0.00    0.00   23.96
06:41:57 PM    2   30.85    0.00   43.62    0.00    0.00    0.00    0.00    0.00    0.00   25.53
06:41:57 PM    3   32.32    0.00   41.41    1.01    0.00    0.00    0.00    0.00    0.00   25.25
06:41:57 PM    4   30.53    0.00   44.21    0.00    0.00    0.00    0.00    0.00    0.00   25.26
06:41:57 PM    5   35.42    0.00   40.62    1.04    0.00    0.00    0.00    0.00    0.00   22.92
06:41:57 PM    6   31.25    0.00   43.75    1.04    0.00    0.00    0.00    0.00    0.00   23.96
06:41:57 PM    7   28.72    0.00   45.74    1.06    0.00    0.00    0.00    0.00    0.00   24.47
06:41:57 PM    8   31.58    0.00   42.11    1.05    0.00    0.00    0.00    0.00    0.00   25.26
06:41:57 PM    9   31.58    0.00   43.16    1.05    0.00    0.00    0.00    0.00    0.00   24.21
06:41:57 PM   10   32.29    0.00   42.71    1.04    0.00    0.00    0.00    0.00    0.00   23.96
06:41:57 PM   11   31.58    0.00   42.11    0.00    0.00    0.00    0.00    0.00    0.00   26.32
06:41:57 PM   12   28.12    0.00   46.88    1.04    0.00    0.00    0.00    0.00    0.00   23.96
06:41:57 PM   13   31.58    0.00   42.11    1.05    0.00    0.00    0.00    0.00    0.00   25.26
06:41:57 PM   14   32.29    0.00   42.71    1.04    0.00    0.00    0.00    0.00    0.00   23.96
06:41:57 PM   15   31.91    0.00   42.55    1.06    0.00    0.00    0.00    0.00    0.00   24.47
06:41:57 PM   16   30.85    0.00   44.68    0.00    0.00    0.00    0.00    0.00    0.00   24.47
06:41:57 PM   17   30.21    0.00   43.75    1.04    0.00    0.00    0.00    0.00    0.00   25.00
06:41:57 PM   18   29.79    0.00   43.62    1.06    0.00    0.00    0.00    0.00    0.00   25.53
06:41:57 PM   19   30.21    0.00   43.75    1.04    0.00    0.00    0.00    0.00    0.00   25.00
06:41:57 PM   20   29.90    0.00   43.30    1.03    0.00    0.00    0.00    0.00    0.00   25.77
06:41:57 PM   21   31.25    0.00   41.67    1.04    0.00    0.00    0.00    0.00    0.00   26.04
06:41:57 PM   22   29.47    0.00   42.11    0.00    0.00    0.00    0.00    0.00    0.00   28.42
06:41:57 PM   23   30.85    0.00   41.49    0.00    0.00    0.00    0.00    0.00    0.00   27.66
06:41:57 PM   24   29.17    0.00   43.75    1.04    0.00    0.00    0.00    0.00    0.00   26.04
06:41:57 PM   25   29.29    0.00   43.43    1.01    0.00    0.00    0.00    0.00    0.00   26.26
06:41:57 PM   26   31.25    0.00   41.67    1.04    0.00    0.00    0.00    0.00    0.00   26.04
06:41:57 PM   27   27.84    0.00   44.33    1.03    0.00    0.00    0.00    0.00    0.00   26.80
06:41:57 PM   28   29.03    0.00   44.09    1.08    0.00    0.00    0.00    0.00    0.00   25.81
06:41:57 PM   29   28.12    0.00   43.75    1.04    0.00    0.00    0.00    0.00    0.00   27.08
06:41:57 PM   30   31.91    0.00   41.49    0.00    0.00    0.00    0.00    0.00    0.00   26.60
06:41:57 PM   31   28.72    0.00   44.68    0.00    0.00    0.00    0.00    0.00    0.00   26.60
06:41:57 PM   32   29.17    0.00   43.75    0.00    0.00    0.00    0.00    0.00    0.00   27.08
06:41:57 PM   33   29.17    0.00   42.71    1.04    0.00    0.00    0.00    0.00    0.00   27.08
06:41:57 PM   34   29.03    0.00   44.09    1.08    0.00    0.00    0.00    0.00    0.00   25.81
06:41:57 PM   35   31.58    0.00   42.11    1.05    0.00    0.00    0.00    0.00    0.00   25.26
06:41:57 PM   36   29.17    0.00   43.75    1.04    0.00    0.00    0.00    0.00    0.00   26.04
06:41:57 PM   37   28.42    0.00   44.21    1.05    0.00    0.00    0.00    0.00    0.00   26.32
06:41:57 PM   38   29.47    0.00   44.21    1.05    0.00    0.00    0.00    0.00    0.00   25.26
06:41:57 PM   39   30.53    0.00   42.11    0.00    0.00    0.00    0.00    0.00    0.00   27.37
06:41:57 PM   40   30.53    0.00   44.21    0.00    0.00    0.00    0.00    0.00    0.00   25.26
06:41:57 PM   41   30.93    0.00   43.30    0.00    0.00    0.00    0.00    0.00    0.00   25.77
06:41:57 PM   42   29.47    0.00   45.26    0.00    0.00    0.00    0.00    0.00    0.00   25.26
06:41:57 PM   43   30.53    0.00   44.21    1.05    0.00    0.00    0.00    0.00    0.00   24.21
06:41:57 PM   44   31.25    0.00   42.71    1.04    0.00    0.00    0.00    0.00    0.00   25.00
06:41:57 PM   45   29.79    0.00   44.68    1.06    0.00    0.00    0.00    0.00    0.00   24.47
06:41:57 PM   46   32.99    0.00   42.27    1.03    0.00    0.00    0.00    0.00    0.00   23.71
06:41:57 PM   47   32.63    0.00   42.11    1.05    0.00    0.00    0.00    0.00    0.00   24.21
06:41:57 PM   48   32.63    0.00   42.11    1.05    0.00    0.00    0.00    0.00    0.00   24.21
06:41:57 PM   49   32.99    0.00   41.24    1.03    0.00    0.00    0.00    0.00    0.00   24.74
06:41:57 PM   50   31.91    0.00   43.62    0.00    0.00    0.00    0.00    0.00    0.00   24.47
06:41:57 PM   51   31.25    0.00   44.79    0.00    0.00    0.00    0.00    0.00    0.00   23.96
06:41:57 PM   52   32.63    0.00   42.11    1.05    0.00    0.00    0.00    0.00    0.00   24.21
06:41:57 PM   53   33.33    0.00   41.67    1.04    0.00    0.00    0.00    0.00    0.00   23.96
06:41:57 PM   54   32.99    0.00   41.24    1.03    0.00    0.00    0.00    0.00    0.00   24.74
06:41:57 PM   55   32.63    0.00   42.11    1.05    0.00    0.00    0.00    0.00    0.00   24.21
06:41:57 PM   56   30.93    0.00   43.30    1.03    0.00    0.00    0.00    0.00    0.00   24.74
06:41:57 PM   57   31.58    0.00   43.16    0.00    0.00    0.00    0.00    0.00    0.00   25.26
06:41:57 PM   58   30.61    0.00   43.88    1.02    0.00    0.00    0.00    0.00    0.00   24.49
06:41:57 PM   59   31.96    0.00   43.30    1.03    0.00    0.00    0.00    0.00    0.00   23.71
06:41:57 PM   60   29.79    0.00   42.55    0.00    0.00    0.00    0.00    0.00    0.00   27.66
06:41:57 PM   61   29.79    0.00   42.55    0.00    0.00    0.00    0.00    0.00    0.00   27.66
06:41:57 PM   62   30.53    0.00   42.11    0.00    0.00    0.00    0.00    0.00    0.00   27.37
06:41:57 PM   63   30.53    0.00   44.21    1.05    0.00    0.00    0.00    0.00    0.00   24.21
06:41:57 PM   64   29.47    0.00   42.11    1.05    0.00    0.00    0.00    0.00    0.00   27.37
06:41:57 PM   65   30.53    0.00   42.11    0.00    0.00    0.00    0.00    0.00    0.00   27.37
06:41:57 PM   66   30.21    0.00   42.71    1.04    0.00    0.00    0.00    0.00    0.00   26.04
06:41:57 PM   67   30.53    0.00   42.11    1.05    0.00    0.00    0.00    0.00    0.00   26.32
06:41:57 PM   68   29.17    0.00   43.75    1.04    0.00    0.00    0.00    0.00    0.00   26.04
06:41:57 PM   69   29.03    0.00   44.09    1.08    0.00    0.00    0.00    0.00    0.00   25.81
06:41:57 PM   70   29.47    0.00   42.11    1.05    0.00    0.00    0.00    0.00    0.00   27.37
06:41:57 PM   71   29.79    0.00   43.62    1.06    0.00    0.00    0.00    0.00    0.00   25.53
06:41:57 PM   72   27.96    0.00   45.16    0.00    0.00    0.00    0.00    0.00    0.00   26.88
06:41:57 PM   73   29.17    0.00   43.75    1.04    0.00    0.00    0.00    0.00    0.00   26.04
06:41:57 PM   74   28.72    0.00   43.62    0.00    0.00    0.00    0.00    0.00    0.00   27.66
06:41:57 PM   75   29.17    0.00   43.75    1.04    0.00    0.00    0.00    0.00    0.00   26.04
06:41:57 PM   76   30.21    0.00   42.71    1.04    0.00    0.00    0.00    0.00    0.00   26.04
06:41:57 PM   77   30.21    0.00   42.71    1.04    0.00    0.00    0.00    0.00    0.00   26.04
06:41:57 PM   78   30.21    0.00   41.67    1.04    0.00    0.00    0.00    0.00    0.00   27.08
06:41:57 PM   79   26.80    0.00   45.36    1.03    0.00    0.00    0.00    0.00    0.00   26.80

06:42:06 PM  CPU    %usr   %nice    %sys %iowait    %irq   %soft  %steal  %guest  %gnice   %idle
06:42:07 PM  all   29.82    0.00   41.57    0.47    0.00    0.00    0.00    0.00    0.00   28.14
06:42:07 PM    0   32.63    0.00   43.16    1.05    0.00    0.00    0.00    0.00    0.00   23.16
06:42:07 PM    1   30.11    0.00   43.01    0.00    0.00    0.00    0.00    0.00    0.00   26.88
06:42:07 PM    2   32.61    0.00   40.22    0.00    0.00    0.00    0.00    0.00    0.00   27.17
06:42:07 PM    3   30.53    0.00   42.11    1.05    0.00    0.00    0.00    0.00    0.00   26.32
06:42:07 PM    4   29.35    0.00   43.48    0.00    0.00    0.00    0.00    0.00    0.00   27.17
06:42:07 PM    5   29.35    0.00   43.48    0.00    0.00    0.00    0.00    0.00    0.00   27.17
06:42:07 PM    6   29.79    0.00   42.55    0.00    0.00    0.00    0.00    0.00    0.00   27.66
06:42:07 PM    7   28.72    0.00   42.55    1.06    0.00    0.00    0.00    0.00    0.00   27.66
06:42:07 PM    8   29.35    0.00   42.39    0.00    0.00    0.00    0.00    0.00    0.00   28.26
06:42:07 PM    9   30.53    0.00   41.05    1.05    0.00    0.00    0.00    0.00    0.00   27.37
06:42:07 PM   10   30.11    0.00   41.94    0.00    0.00    0.00    0.00    0.00    0.00   27.96
06:42:07 PM   11   31.25    0.00   40.62    0.00    0.00    0.00    0.00    0.00    0.00   28.12
06:42:07 PM   12   28.42    0.00   43.16    1.05    0.00    0.00    0.00    0.00    0.00   27.37
06:42:07 PM   13   29.59    0.00   41.84    1.02    0.00    0.00    0.00    0.00    0.00   27.55
06:42:07 PM   14   29.79    0.00   41.49    1.06    0.00    0.00    0.00    0.00    0.00   27.66
06:42:07 PM   15   30.85    0.00   41.49    0.00    0.00    0.00    0.00    0.00    0.00   27.66
06:42:07 PM   16   31.58    0.00   40.00    1.05    0.00    0.00    0.00    0.00    0.00   27.37
06:42:07 PM   17   30.85    0.00   41.49    1.06    0.00    0.00    0.00    0.00    0.00   26.60
06:42:07 PM   18   27.66    0.00   44.68    0.00    0.00    0.00    0.00    0.00    0.00   27.66
06:42:07 PM   19   29.35    0.00   43.48    0.00    0.00    0.00    0.00    0.00    0.00   27.17
06:42:07 PM   20   27.96    0.00   41.94    1.08    0.00    0.00    0.00    0.00    0.00   29.03
06:42:07 PM   21   29.35    0.00   42.39    0.00    0.00    0.00    0.00    0.00    0.00   28.26
06:42:07 PM   22   25.81    0.00   44.09    0.00    0.00    0.00    0.00    0.00    0.00   30.11
06:42:07 PM   23   29.79    0.00   39.36    1.06    0.00    0.00    0.00    0.00    0.00   29.79
06:42:07 PM   24   30.11    0.00   40.86    1.08    0.00    0.00    0.00    0.00    0.00   27.96
06:42:07 PM   25   29.03    0.00   41.94    0.00    0.00    0.00    0.00    0.00    0.00   29.03
06:42:07 PM   26   29.79    0.00   41.49    0.00    0.00    0.00    0.00    0.00    0.00   28.72
06:42:07 PM   27   29.47    0.00   40.00    1.05    0.00    0.00    0.00    0.00    0.00   29.47
06:42:07 PM   28   31.91    0.00   38.30    0.00    0.00    0.00    0.00    0.00    0.00   29.79
06:42:07 PM   29   27.96    0.00   41.94    1.08    0.00    0.00    0.00    0.00    0.00   29.03
06:42:07 PM   30   26.60    0.00   43.62    1.06    0.00    0.00    0.00    0.00    0.00   28.72
06:42:07 PM   31   29.03    0.00   41.94    0.00    0.00    0.00    0.00    0.00    0.00   29.03
06:42:07 PM   32   27.17    0.00   42.39    1.09    0.00    0.00    0.00    0.00    0.00   29.35
06:42:07 PM   33   28.72    0.00   40.43    1.06    0.00    0.00    0.00    0.00    0.00   29.79
06:42:07 PM   34   29.79    0.00   40.43    0.00    0.00    0.00    0.00    0.00    0.00   29.79
06:42:07 PM   35   31.52    0.00   40.22    0.00    0.00    0.00    0.00    0.00    0.00   28.26
06:42:07 PM   36   29.03    0.00   41.94    1.08    0.00    0.00    0.00    0.00    0.00   27.96
06:42:07 PM   37   30.85    0.00   39.36    1.06    0.00    0.00    0.00    0.00    0.00   28.72
06:42:07 PM   38   28.26    0.00   42.39    0.00    0.00    0.00    0.00    0.00    0.00   29.35
06:42:07 PM   39   30.85    0.00   39.36    0.00    0.00    0.00    0.00    0.00    0.00   29.79
06:42:07 PM   40   32.29    0.00   39.58    1.04    0.00    0.00    0.00    0.00    0.00   27.08
06:42:07 PM   41   29.79    0.00   42.55    0.00    0.00    0.00    0.00    0.00    0.00   27.66
06:42:07 PM   42   27.66    0.00   44.68    0.00    0.00    0.00    0.00    0.00    0.00   27.66
06:42:07 PM   43   29.79    0.00   42.55    0.00    0.00    0.00    0.00    0.00    0.00   27.66
06:42:07 PM   44   29.90    0.00   41.24    1.03    0.00    0.00    0.00    0.00    0.00   27.84
06:42:07 PM   45   29.03    0.00   43.01    0.00    0.00    0.00    0.00    0.00    0.00   27.96
06:42:07 PM   46   31.96    0.00   40.21    0.00    0.00    0.00    0.00    0.00    0.00   27.84
06:42:07 PM   47   31.25    0.00   40.62    1.04    0.00    0.00    0.00    0.00    0.00   27.08
06:42:07 PM   48   30.11    0.00   41.94    0.00    0.00    0.00    0.00    0.00    0.00   27.96
06:42:07 PM   49   28.72    0.00   42.55    1.06    0.00    0.00    0.00    0.00    0.00   27.66
06:42:07 PM   50   29.03    0.00   44.09    0.00    0.00    0.00    0.00    0.00    0.00   26.88
06:42:07 PM   51   33.33    0.00   39.58    0.00    0.00    0.00    0.00    0.00    0.00   27.08
06:42:07 PM   52   32.63    0.00   40.00    1.05    0.00    0.00    0.00    0.00    0.00   26.32
06:42:07 PM   53   33.33    0.00   39.78    0.00    0.00    0.00    0.00    0.00    0.00   26.88
06:42:07 PM   54   31.18    0.00   41.94    0.00    0.00    0.00    0.00    0.00    0.00   26.88
06:42:07 PM   55   30.85    0.00   41.49    0.00    0.00    0.00    0.00    0.00    0.00   27.66
06:42:07 PM   56   29.79    0.00   42.55    1.06    0.00    0.00    0.00    0.00    0.00   26.60
06:42:07 PM   57   29.47    0.00   43.16    1.05    0.00    0.00    0.00    0.00    0.00   26.32
06:42:07 PM   58   30.53    0.00   42.11    1.05    0.00    0.00    0.00    0.00    0.00   26.32
06:42:07 PM   59   30.53    0.00   42.11    0.00    0.00    0.00    0.00    0.00    0.00   27.37
06:42:07 PM   60   30.85    0.00   40.43    0.00    0.00    0.00    0.00    0.00    0.00   28.72
06:42:07 PM   61   30.11    0.00   39.78    1.08    0.00    0.00    0.00    0.00    0.00   29.03
06:42:07 PM   62   27.37    0.00   42.11    1.05    0.00    0.00    0.00    0.00    0.00   29.47
06:42:07 PM   63   30.43    0.00   40.22    0.00    0.00    0.00    0.00    0.00    0.00   29.35
06:42:07 PM   64   31.91    0.00   40.43    0.00    0.00    0.00    0.00    0.00    0.00   27.66
06:42:07 PM   65   26.37    0.00   42.86    1.10    0.00    0.00    0.00    0.00    0.00   29.67
06:42:07 PM   66   31.58    0.00   40.00    0.00    0.00    0.00    0.00    0.00    0.00   28.42
06:42:07 PM   67   27.66    0.00   42.55    1.06    0.00    0.00    0.00    0.00    0.00   28.72
06:42:07 PM   68   29.17    0.00   40.62    1.04    0.00    0.00    0.00    0.00    0.00   29.17
06:42:07 PM   69   29.03    0.00   40.86    0.00    0.00    0.00    0.00    0.00    0.00   30.11
06:42:07 PM   70   28.72    0.00   40.43    1.06    0.00    0.00    0.00    0.00    0.00   29.79
06:42:07 PM   71   28.26    0.00   42.39    0.00    0.00    0.00    0.00    0.00    0.00   29.35
06:42:07 PM   72   30.43    0.00   39.13    0.00    0.00    0.00    0.00    0.00    0.00   30.43
06:42:07 PM   73   29.35    0.00   41.30    0.00    0.00    0.00    0.00    0.00    0.00   29.35
06:42:07 PM   74   30.53    0.00   41.05    0.00    0.00    0.00    0.00    0.00    0.00   28.42
06:42:07 PM   75   30.85    0.00   40.43    0.00    0.00    0.00    0.00    0.00    0.00   28.72
06:42:07 PM   76   29.17    0.00   41.67    0.00    0.00    0.00    0.00    0.00    0.00   29.17
06:42:07 PM   77   29.03    0.00   40.86    1.08    0.00    0.00    0.00    0.00    0.00   29.03
06:42:07 PM   78   26.09    0.00   45.65    0.00    0.00    0.00    0.00    0.00    0.00   28.26
06:42:07 PM   79   31.52    0.00   39.13    1.09    0.00    0.00    0.00    0.00    0.00   28.26

06:42:16 PM  CPU    %usr   %nice    %sys %iowait    %irq   %soft  %steal  %guest  %gnice   %idle
06:42:17 PM  all   30.87    0.00   43.69    0.28    0.00    0.00    0.00    0.00    0.00   25.15
06:42:17 PM    0   29.03    0.00   45.16    1.08    0.00    0.00    0.00    0.00    0.00   24.73
06:42:17 PM    1   32.26    0.00   43.01    0.00    0.00    0.00    0.00    0.00    0.00   24.73
06:42:17 PM    2   34.04    0.00   41.49    0.00    0.00    0.00    0.00    0.00    0.00   24.47
06:42:17 PM    3   32.61    0.00   43.48    0.00    0.00    0.00    0.00    0.00    0.00   23.91
06:42:17 PM    4   33.68    0.00   42.11    0.00    0.00    0.00    0.00    0.00    0.00   24.21
06:42:17 PM    5   30.11    0.00   46.24    0.00    0.00    0.00    0.00    0.00    0.00   23.66
06:42:17 PM    6   32.26    0.00   41.94    1.08    0.00    0.00    0.00    0.00    0.00   24.73
06:42:17 PM    7   31.52    0.00   43.48    0.00    0.00    0.00    0.00    0.00    0.00   25.00
06:42:17 PM    8   31.52    0.00   43.48    0.00    0.00    0.00    0.00    0.00    0.00   25.00
06:42:17 PM    9   30.43    0.00   44.57    0.00    0.00    0.00    0.00    0.00    0.00   25.00
06:42:17 PM   10   28.72    0.00   45.74    1.06    0.00    0.00    0.00    0.00    0.00   24.47
06:42:17 PM   11   30.53    0.00   45.26    0.00    0.00    0.00    0.00    0.00    0.00   24.21
06:42:17 PM   12   30.43    0.00   45.65    0.00    0.00    0.00    0.00    0.00    0.00   23.91
06:42:17 PM   13   30.53    0.00   45.26    0.00    0.00    0.00    0.00    0.00    0.00   24.21
06:42:17 PM   14   31.91    0.00   44.68    0.00    0.00    0.00    0.00    0.00    0.00   23.40
06:42:17 PM   15   27.66    0.00   47.87    0.00    0.00    0.00    0.00    0.00    0.00   24.47
06:42:17 PM   16   32.63    0.00   42.11    1.05    0.00    0.00    0.00    0.00    0.00   24.21
06:42:17 PM   17   33.33    0.00   43.01    0.00    0.00    0.00    0.00    0.00    0.00   23.66
06:42:17 PM   18   27.96    0.00   47.31    1.08    0.00    0.00    0.00    0.00    0.00   23.66
06:42:17 PM   19   28.57    0.00   47.25    0.00    0.00    0.00    0.00    0.00    0.00   24.18
06:42:17 PM   20   30.43    0.00   43.48    0.00    0.00    0.00    0.00    0.00    0.00   26.09
06:42:17 PM   21   29.67    0.00   43.96    0.00    0.00    0.00    0.00    0.00    0.00   26.37
06:42:17 PM   22   30.85    0.00   41.49    1.06    0.00    0.00    0.00    0.00    0.00   26.60
06:42:17 PM   23   30.11    0.00   44.09    0.00    0.00    0.00    0.00    0.00    0.00   25.81
06:42:17 PM   24   28.72    0.00   45.74    0.00    0.00    0.00    0.00    0.00    0.00   25.53
06:42:17 PM   25   30.43    0.00   42.39    0.00    0.00    0.00    0.00    0.00    0.00   27.17
06:42:17 PM   26   29.35    0.00   43.48    0.00    0.00    0.00    0.00    0.00    0.00   27.17
06:42:17 PM   27   31.58    0.00   41.05    1.05    0.00    0.00    0.00    0.00    0.00   26.32
06:42:17 PM   28   29.35    0.00   44.57    1.09    0.00    0.00    0.00    0.00    0.00   25.00
06:42:17 PM   29   30.11    0.00   43.01    1.08    0.00    0.00    0.00    0.00    0.00   25.81
06:42:17 PM   30   29.35    0.00   45.65    0.00    0.00    0.00    0.00    0.00    0.00   25.00
06:42:17 PM   31   29.35    0.00   43.48    1.09    0.00    0.00    0.00    0.00    0.00   26.09
06:42:17 PM   32   32.26    0.00   41.94    0.00    0.00    0.00    0.00    0.00    0.00   25.81
06:42:17 PM   33   32.97    0.00   41.76    0.00    0.00    0.00    0.00    0.00    0.00   25.27
06:42:17 PM   34   31.18    0.00   41.94    1.08    0.00    0.00    0.00    0.00    0.00   25.81
06:42:17 PM   35   29.03    0.00   44.09    1.08    0.00    0.00    0.00    0.00    0.00   25.81
06:42:17 PM   36   28.72    0.00   44.68    1.06    0.00    0.00    0.00    0.00    0.00   25.53
06:42:17 PM   37   29.03    0.00   45.16    0.00    0.00    0.00    0.00    0.00    0.00   25.81
06:42:17 PM   38   30.85    0.00   42.55    1.06    0.00    0.00    0.00    0.00    0.00   25.53
06:42:17 PM   39   31.52    0.00   42.39    0.00    0.00    0.00    0.00    0.00    0.00   26.09
06:42:17 PM   40   30.43    0.00   43.48    0.00    0.00    0.00    0.00    0.00    0.00   26.09
06:42:17 PM   41   31.52    0.00   43.48    1.09    0.00    0.00    0.00    0.00    0.00   23.91
06:42:17 PM   42   30.85    0.00   44.68    0.00    0.00    0.00    0.00    0.00    0.00   24.47
06:42:17 PM   43   32.26    0.00   43.01    0.00    0.00    0.00    0.00    0.00    0.00   24.73
06:42:17 PM   44   34.41    0.00   40.86    0.00    0.00    0.00    0.00    0.00    0.00   24.73
06:42:17 PM   45   32.26    0.00   43.01    0.00    0.00    0.00    0.00    0.00    0.00   24.73
06:42:17 PM   46   32.98    0.00   41.49    0.00    0.00    0.00    0.00    0.00    0.00   25.53
06:42:17 PM   47   32.26    0.00   43.01    1.08    0.00    0.00    0.00    0.00    0.00   23.66
06:42:17 PM   48   31.18    0.00   45.16    0.00    0.00    0.00    0.00    0.00    0.00   23.66
06:42:17 PM   49   32.26    0.00   44.09    0.00    0.00    0.00    0.00    0.00    0.00   23.66
06:42:17 PM   50   32.98    0.00   43.62    0.00    0.00    0.00    0.00    0.00    0.00   23.40
06:42:17 PM   51   31.18    0.00   44.09    0.00    0.00    0.00    0.00    0.00    0.00   24.73
06:42:17 PM   52   29.79    0.00   44.68    1.06    0.00    0.00    0.00    0.00    0.00   24.47
06:42:17 PM   53   32.61    0.00   43.48    0.00    0.00    0.00    0.00    0.00    0.00   23.91
06:42:17 PM   54   32.61    0.00   43.48    0.00    0.00    0.00    0.00    0.00    0.00   23.91
06:42:17 PM   55   32.29    0.00   43.75    0.00    0.00    0.00    0.00    0.00    0.00   23.96
06:42:17 PM   56   31.18    0.00   44.09    0.00    0.00    0.00    0.00    0.00    0.00   24.73
06:42:17 PM   57   33.68    0.00   43.16    0.00    0.00    0.00    0.00    0.00    0.00   23.16
06:42:17 PM   58   32.61    0.00   43.48    0.00    0.00    0.00    0.00    0.00    0.00   23.91
06:42:17 PM   59   30.85    0.00   43.62    1.06    0.00    0.00    0.00    0.00    0.00   24.47
06:42:17 PM   60   33.33    0.00   40.86    0.00    0.00    0.00    0.00    0.00    0.00   25.81
06:42:17 PM   61   27.96    0.00   45.16    1.08    0.00    0.00    0.00    0.00    0.00   25.81
06:42:17 PM   62   28.89    0.00   45.56    0.00    0.00    0.00    0.00    0.00    0.00   25.56
06:42:17 PM   63   30.77    0.00   42.86    0.00    0.00    0.00    0.00    0.00    0.00   26.37
06:42:17 PM   64   30.85    0.00   42.55    0.00    0.00    0.00    0.00    0.00    0.00   26.60
06:42:17 PM   65   29.03    0.00   45.16    0.00    0.00    0.00    0.00    0.00    0.00   25.81
06:42:17 PM   66   28.26    0.00   45.65    0.00    0.00    0.00    0.00    0.00    0.00   26.09
06:42:17 PM   67   28.72    0.00   44.68    0.00    0.00    0.00    0.00    0.00    0.00   26.60
06:42:17 PM   68   30.11    0.00   43.01    0.00    0.00    0.00    0.00    0.00    0.00   26.88
06:42:17 PM   69   30.11    0.00   43.01    0.00    0.00    0.00    0.00    0.00    0.00   26.88
06:42:17 PM   70   30.21    0.00   43.75    0.00    0.00    0.00    0.00    0.00    0.00   26.04
06:42:17 PM   71   32.61    0.00   41.30    0.00    0.00    0.00    0.00    0.00    0.00   26.09
06:42:17 PM   72   28.57    0.00   46.15    0.00    0.00    0.00    0.00    0.00    0.00   25.27
06:42:17 PM   73   30.11    0.00   43.01    1.08    0.00    0.00    0.00    0.00    0.00   25.81
06:42:17 PM   74   32.61    0.00   41.30    0.00    0.00    0.00    0.00    0.00    0.00   26.09
06:42:17 PM   75   29.79    0.00   42.55    1.06    0.00    0.00    0.00    0.00    0.00   26.60
06:42:17 PM   76   31.18    0.00   43.01    0.00    0.00    0.00    0.00    0.00    0.00   25.81
06:42:17 PM   77   32.98    0.00   41.49    0.00    0.00    0.00    0.00    0.00    0.00   25.53
06:42:17 PM   78   29.47    0.00   44.21    0.00    0.00    0.00    0.00    0.00    0.00   26.32
06:42:17 PM   79   29.35    0.00   44.57    0.00    0.00    0.00    0.00    0.00    0.00   26.09

06:42:26 PM  CPU    %usr   %nice    %sys %iowait    %irq   %soft  %steal  %guest  %gnice   %idle
06:42:27 PM  all   35.82    0.00   37.47    0.93    0.00    0.00    0.00    0.00    0.00   25.78
06:42:27 PM    0   35.87    0.00   38.04    1.09    0.00    0.00    0.00    0.00    0.00   25.00
06:42:27 PM    1   37.08    0.00   38.20    1.12    0.00    0.00    0.00    0.00    0.00   23.60
06:42:27 PM    2   36.17    0.00   38.30    0.00    0.00    0.00    0.00    0.00    0.00   25.53
06:42:27 PM    3   38.71    0.00   35.48    0.00    0.00    0.00    0.00    0.00    0.00   25.81
06:42:27 PM    4   36.17    0.00   37.23    2.13    0.00    0.00    0.00    0.00    0.00   24.47
06:42:27 PM    5   37.63    0.00   36.56    1.08    0.00    0.00    0.00    0.00    0.00   24.73
06:42:27 PM    6   36.56    0.00   36.56    2.15    0.00    0.00    0.00    0.00    0.00   24.73
06:42:27 PM    7   36.46    0.00   38.54    1.04    0.00    0.00    0.00    0.00    0.00   23.96
06:42:27 PM    8   35.87    0.00   36.96    1.09    0.00    0.00    0.00    0.00    0.00   26.09
06:42:27 PM    9   37.36    0.00   36.26    2.20    0.00    0.00    0.00    0.00    0.00   24.18
06:42:27 PM   10   34.41    0.00   39.78    1.08    0.00    0.00    0.00    0.00    0.00   24.73
06:42:27 PM   11   37.63    0.00   36.56    1.08    0.00    0.00    0.00    0.00    0.00   24.73
06:42:27 PM   12   36.17    0.00   37.23    1.06    0.00    0.00    0.00    0.00    0.00   25.53
06:42:27 PM   13   38.30    0.00   36.17    2.13    0.00    0.00    0.00    0.00    0.00   23.40
06:42:27 PM   14   36.56    0.00   37.63    1.08    0.00    0.00    0.00    0.00    0.00   24.73
06:42:27 PM   15   34.41    0.00   37.63    1.08    0.00    0.00    0.00    0.00    0.00   26.88
06:42:27 PM   16   36.84    0.00   36.84    1.05    0.00    0.00    0.00    0.00    0.00   25.26
06:42:27 PM   17   38.71    0.00   36.56    1.08    0.00    0.00    0.00    0.00    0.00   23.66
06:42:27 PM   18   36.56    0.00   38.71    0.00    0.00    0.00    0.00    0.00    0.00   24.73
06:42:27 PM   19   36.84    0.00   36.84    1.05    0.00    0.00    0.00    0.00    0.00   25.26
06:42:27 PM   20   35.11    0.00   38.30    1.06    0.00    0.00    0.00    0.00    0.00   25.53
06:42:27 PM   21   36.17    0.00   37.23    1.06    0.00    0.00    0.00    0.00    0.00   25.53
06:42:27 PM   22   34.78    0.00   35.87    1.09    0.00    0.00    0.00    0.00    0.00   28.26
06:42:27 PM   23   33.33    0.00   38.71    1.08    0.00    0.00    0.00    0.00    0.00   26.88
06:42:27 PM   24   34.41    0.00   38.71    1.08    0.00    0.00    0.00    0.00    0.00   25.81
06:42:27 PM   25   34.41    0.00   37.63    1.08    0.00    0.00    0.00    0.00    0.00   26.88
06:42:27 PM   26   33.33    0.00   38.71    0.00    0.00    0.00    0.00    0.00    0.00   27.96
06:42:27 PM   27   36.96    0.00   34.78    1.09    0.00    0.00    0.00    0.00    0.00   27.17
06:42:27 PM   28   34.78    0.00   36.96    1.09    0.00    0.00    0.00    0.00    0.00   27.17
06:42:27 PM   29   31.96    0.00   41.24    2.06    0.00    0.00    0.00    0.00    0.00   24.74
06:42:27 PM   30   35.16    0.00   36.26    0.00    0.00    0.00    0.00    0.00    0.00   28.57
06:42:27 PM   31   36.26    0.00   35.16    0.00    0.00    0.00    0.00    0.00    0.00   28.57
06:42:27 PM   32   35.48    0.00   37.63    1.08    0.00    0.00    0.00    0.00    0.00   25.81
06:42:27 PM   33   40.66    0.00   35.16    0.00    0.00    0.00    0.00    0.00    0.00   24.18
06:42:27 PM   34   35.16    0.00   37.36    2.20    0.00    0.00    0.00    0.00    0.00   25.27
06:42:27 PM   35   36.56    0.00   36.56    1.08    0.00    0.00    0.00    0.00    0.00   25.81
06:42:27 PM   36   35.16    0.00   38.46    2.20    0.00    0.00    0.00    0.00    0.00   24.18
06:42:27 PM   37   34.78    0.00   38.04    1.09    0.00    0.00    0.00    0.00    0.00   26.09
06:42:27 PM   38   34.41    0.00   37.63    1.08    0.00    0.00    0.00    0.00    0.00   26.88
06:42:27 PM   39   32.26    0.00   39.78    1.08    0.00    0.00    0.00    0.00    0.00   26.88
06:42:27 PM   40   36.56    0.00   36.56    1.08    0.00    0.00    0.00    0.00    0.00   25.81
06:42:27 PM   41   36.67    0.00   37.78    0.00    0.00    0.00    0.00    0.00    0.00   25.56
06:42:27 PM   42   36.56    0.00   38.71    1.08    0.00    0.00    0.00    0.00    0.00   23.66
06:42:27 PM   43   34.78    0.00   39.13    0.00    0.00    0.00    0.00    0.00    0.00   26.09
06:42:27 PM   44   36.17    0.00   36.17    1.06    0.00    0.00    0.00    0.00    0.00   26.60
06:42:27 PM   45   36.17    0.00   38.30    0.00    0.00    0.00    0.00    0.00    0.00   25.53
06:42:27 PM   46   35.48    0.00   37.63    1.08    0.00    0.00    0.00    0.00    0.00   25.81
06:42:27 PM   47   37.78    0.00   36.67    1.11    0.00    0.00    0.00    0.00    0.00   24.44
06:42:27 PM   48   37.89    0.00   35.79    1.05    0.00    0.00    0.00    0.00    0.00   25.26
06:42:27 PM   49   35.56    0.00   38.89    0.00    0.00    0.00    0.00    0.00    0.00   25.56
06:42:27 PM   50   34.07    0.00   39.56    0.00    0.00    0.00    0.00    0.00    0.00   26.37
06:42:27 PM   51   35.11    0.00   38.30    1.06    0.00    0.00    0.00    0.00    0.00   25.53
06:42:27 PM   52   35.48    0.00   38.71    1.08    0.00    0.00    0.00    0.00    0.00   24.73
06:42:27 PM   53   39.36    0.00   36.17    1.06    0.00    0.00    0.00    0.00    0.00   23.40
06:42:27 PM   54   37.23    0.00   36.17    1.06    0.00    0.00    0.00    0.00    0.00   25.53
06:42:27 PM   55   36.56    0.00   39.78    0.00    0.00    0.00    0.00    0.00    0.00   23.66
06:42:27 PM   56   34.41    0.00   39.78    1.08    0.00    0.00    0.00    0.00    0.00   24.73
06:42:27 PM   57   37.63    0.00   37.63    1.08    0.00    0.00    0.00    0.00    0.00   23.66
06:42:27 PM   58   37.63    0.00   36.56    0.00    0.00    0.00    0.00    0.00    0.00   25.81
06:42:27 PM   59   34.41    0.00   38.71    1.08    0.00    0.00    0.00    0.00    0.00   25.81
06:42:27 PM   60   38.04    0.00   34.78    2.17    0.00    0.00    0.00    0.00    0.00   25.00
06:42:27 PM   61   34.74    0.00   36.84    1.05    0.00    0.00    0.00    0.00    0.00   27.37
06:42:27 PM   62   36.67    0.00   36.67    0.00    0.00    0.00    0.00    0.00    0.00   26.67
06:42:27 PM   63   35.11    0.00   37.23    1.06    0.00    0.00    0.00    0.00    0.00   26.60
06:42:27 PM   64   36.96    0.00   36.96    2.17    0.00    0.00    0.00    0.00    0.00   23.91
06:42:27 PM   65   31.11    0.00   40.00    1.11    0.00    0.00    0.00    0.00    0.00   27.78
06:42:27 PM   66   33.33    0.00   39.78    0.00    0.00    0.00    0.00    0.00    0.00   26.88
06:42:27 PM   67   35.48    0.00   36.56    1.08    0.00    0.00    0.00    0.00    0.00   26.88
06:42:27 PM   68   36.96    0.00   35.87    1.09    0.00    0.00    0.00    0.00    0.00   26.09
06:42:27 PM   69   36.56    0.00   36.56    0.00    0.00    0.00    0.00    0.00    0.00   26.88
06:42:27 PM   70   37.78    0.00   34.44    0.00    0.00    0.00    0.00    0.00    0.00   27.78
06:42:27 PM   71   32.98    0.00   39.36    1.06    0.00    0.00    0.00    0.00    0.00   26.60
06:42:27 PM   72   34.41    0.00   38.71    0.00    0.00    0.00    0.00    0.00    0.00   26.88
06:42:27 PM   73   33.70    0.00   38.04    1.09    0.00    0.00    0.00    0.00    0.00   27.17
06:42:27 PM   74   37.89    0.00   34.74    1.05    0.00    0.00    0.00    0.00    0.00   26.32
06:42:27 PM   75   37.36    0.00   35.16    1.10    0.00    0.00    0.00    0.00    0.00   26.37
06:42:27 PM   76   33.71    0.00   38.20    1.12    0.00    0.00    0.00    0.00    0.00   26.97
06:42:27 PM   77   33.33    0.00   38.71    1.08    0.00    0.00    0.00    0.00    0.00   26.88
06:42:27 PM   78   32.97    0.00   39.56    0.00    0.00    0.00    0.00    0.00    0.00   27.47
06:42:27 PM   79   35.16    0.00   36.26    1.10    0.00    0.00    0.00    0.00    0.00   27.47

06:42:36 PM  CPU    %usr   %nice    %sys %iowait    %irq   %soft  %steal  %guest  %gnice   %idle
06:42:37 PM  all   31.71    0.00   44.30    0.30    0.00    0.00    0.00    0.00    0.00   23.68
06:42:37 PM    0   30.53    0.00   44.21    0.00    0.00    0.00    0.00    0.00    0.00   25.26
06:42:37 PM    1   31.91    0.00   44.68    0.00    0.00    0.00    0.00    0.00    0.00   23.40
06:42:37 PM    2   31.91    0.00   43.62    1.06    0.00    0.00    0.00    0.00    0.00   23.40
06:42:37 PM    3   29.79    0.00   46.81    0.00    0.00    0.00    0.00    0.00    0.00   23.40
06:42:37 PM    4   31.58    0.00   45.26    1.05    0.00    0.00    0.00    0.00    0.00   22.11
06:42:37 PM    5   33.68    0.00   43.16    0.00    0.00    0.00    0.00    0.00    0.00   23.16
06:42:37 PM    6   31.91    0.00   44.68    0.00    0.00    0.00    0.00    0.00    0.00   23.40
06:42:37 PM    7   34.38    0.00   41.67    0.00    0.00    0.00    0.00    0.00    0.00   23.96
06:42:37 PM    8   31.25    0.00   44.79    1.04    0.00    0.00    0.00    0.00    0.00   22.92
06:42:37 PM    9   32.29    0.00   44.79    0.00    0.00    0.00    0.00    0.00    0.00   22.92
06:42:37 PM   10   32.98    0.00   43.62    0.00    0.00    0.00    0.00    0.00    0.00   23.40
06:42:37 PM   11   34.74    0.00   42.11    0.00    0.00    0.00    0.00    0.00    0.00   23.16
06:42:37 PM   12   30.53    0.00   45.26    1.05    0.00    0.00    0.00    0.00    0.00   23.16
06:42:37 PM   13   32.98    0.00   43.62    0.00    0.00    0.00    0.00    0.00    0.00   23.40
06:42:37 PM   14   30.53    0.00   45.26    1.05    0.00    0.00    0.00    0.00    0.00   23.16
06:42:37 PM   15   30.53    0.00   45.26    1.05    0.00    0.00    0.00    0.00    0.00   23.16
06:42:37 PM   16   30.11    0.00   46.24    0.00    0.00    0.00    0.00    0.00    0.00   23.66
06:42:37 PM   17   30.85    0.00   46.81    0.00    0.00    0.00    0.00    0.00    0.00   22.34
06:42:37 PM   18   34.38    0.00   41.67    1.04    0.00    0.00    0.00    0.00    0.00   22.92
06:42:37 PM   19   31.91    0.00   44.68    0.00    0.00    0.00    0.00    0.00    0.00   23.40
06:42:37 PM   20   31.91    0.00   43.62    0.00    0.00    0.00    0.00    0.00    0.00   24.47
06:42:37 PM   21   31.91    0.00   44.68    0.00    0.00    0.00    0.00    0.00    0.00   23.40
06:42:37 PM   22   29.47    0.00   46.32    0.00    0.00    0.00    0.00    0.00    0.00   24.21
06:42:37 PM   23   31.91    0.00   43.62    0.00    0.00    0.00    0.00    0.00    0.00   24.47
06:42:37 PM   24   30.85    0.00   44.68    0.00    0.00    0.00    0.00    0.00    0.00   24.47
06:42:37 PM   25   30.93    0.00   45.36    1.03    0.00    0.00    0.00    0.00    0.00   22.68
06:42:37 PM   26   29.35    0.00   45.65    0.00    0.00    0.00    0.00    0.00    0.00   25.00
06:42:37 PM   27   31.91    0.00   43.62    0.00    0.00    0.00    0.00    0.00    0.00   24.47
06:42:37 PM   28   32.61    0.00   43.48    0.00    0.00    0.00    0.00    0.00    0.00   23.91
06:42:37 PM   29   29.79    0.00   45.74    0.00    0.00    0.00    0.00    0.00    0.00   24.47
06:42:37 PM   30   31.18    0.00   44.09    0.00    0.00    0.00    0.00    0.00    0.00   24.73
06:42:37 PM   31   31.25    0.00   44.79    0.00    0.00    0.00    0.00    0.00    0.00   23.96
06:42:37 PM   32   33.33    0.00   42.71    1.04    0.00    0.00    0.00    0.00    0.00   22.92
06:42:37 PM   33   34.41    0.00   41.94    0.00    0.00    0.00    0.00    0.00    0.00   23.66
06:42:37 PM   34   31.52    0.00   43.48    1.09    0.00    0.00    0.00    0.00    0.00   23.91
06:42:37 PM   35   34.04    0.00   41.49    1.06    0.00    0.00    0.00    0.00    0.00   23.40
06:42:37 PM   36   29.79    0.00   44.68    1.06    0.00    0.00    0.00    0.00    0.00   24.47
06:42:37 PM   37   31.52    0.00   43.48    1.09    0.00    0.00    0.00    0.00    0.00   23.91
06:42:37 PM   38   29.17    0.00   45.83    1.04    0.00    0.00    0.00    0.00    0.00   23.96
06:42:37 PM   39   29.79    0.00   45.74    0.00    0.00    0.00    0.00    0.00    0.00   24.47
06:42:37 PM   40   32.26    0.00   44.09    0.00    0.00    0.00    0.00    0.00    0.00   23.66
06:42:37 PM   41   31.25    0.00   45.83    0.00    0.00    0.00    0.00    0.00    0.00   22.92
06:42:37 PM   42   31.91    0.00   44.68    0.00    0.00    0.00    0.00    0.00    0.00   23.40
06:42:37 PM   43   30.85    0.00   45.74    0.00    0.00    0.00    0.00    0.00    0.00   23.40
06:42:37 PM   44   32.26    0.00   45.16    0.00    0.00    0.00    0.00    0.00    0.00   22.58
06:42:37 PM   45   30.53    0.00   45.26    1.05    0.00    0.00    0.00    0.00    0.00   23.16
06:42:37 PM   46   31.58    0.00   45.26    0.00    0.00    0.00    0.00    0.00    0.00   23.16
06:42:37 PM   47   32.29    0.00   44.79    0.00    0.00    0.00    0.00    0.00    0.00   22.92
06:42:37 PM   48   34.02    0.00   42.27    1.03    0.00    0.00    0.00    0.00    0.00   22.68
06:42:37 PM   49   34.38    0.00   41.67    1.04    0.00    0.00    0.00    0.00    0.00   22.92
06:42:37 PM   50   33.33    0.00   44.09    0.00    0.00    0.00    0.00    0.00    0.00   22.58
06:42:37 PM   51   32.63    0.00   44.21    0.00    0.00    0.00    0.00    0.00    0.00   23.16
06:42:37 PM   52   31.58    0.00   45.26    0.00    0.00    0.00    0.00    0.00    0.00   23.16
06:42:37 PM   53   30.53    0.00   45.26    1.05    0.00    0.00    0.00    0.00    0.00   23.16
06:42:37 PM   54   30.53    0.00   46.32    0.00    0.00    0.00    0.00    0.00    0.00   23.16
06:42:37 PM   55   31.58    0.00   46.32    0.00    0.00    0.00    0.00    0.00    0.00   22.11
06:42:37 PM   56   32.65    0.00   43.88    1.02    0.00    0.00    0.00    0.00    0.00   22.45
06:42:37 PM   57   29.79    0.00   46.81    0.00    0.00    0.00    0.00    0.00    0.00   23.40
06:42:37 PM   58   31.91    0.00   44.68    0.00    0.00    0.00    0.00    0.00    0.00   23.40
06:42:37 PM   59   30.85    0.00   45.74    0.00    0.00    0.00    0.00    0.00    0.00   23.40
06:42:37 PM   60   33.68    0.00   42.11    0.00    0.00    0.00    0.00    0.00    0.00   24.21
06:42:37 PM   61   30.53    0.00   45.26    0.00    0.00    0.00    0.00    0.00    0.00   24.21
06:42:37 PM   62   33.33    0.00   41.94    0.00    0.00    0.00    0.00    0.00    0.00   24.73
06:42:37 PM   63   29.35    0.00   44.57    0.00    0.00    0.00    0.00    0.00    0.00   26.09
06:42:37 PM   64   34.04    0.00   42.55    0.00    0.00    0.00    0.00    0.00    0.00   23.40
06:42:37 PM   65   31.91    0.00   44.68    0.00    0.00    0.00    0.00    0.00    0.00   23.40
06:42:37 PM   66   31.52    0.00   43.48    0.00    0.00    0.00    0.00    0.00    0.00   25.00
06:42:37 PM   67   31.18    0.00   44.09    0.00    0.00    0.00    0.00    0.00    0.00   24.73
06:42:37 PM   68   34.04    0.00   41.49    0.00    0.00    0.00    0.00    0.00    0.00   24.47
06:42:37 PM   69   31.91    0.00   42.55    0.00    0.00    0.00    0.00    0.00    0.00   25.53
06:42:37 PM   70   31.58    0.00   44.21    0.00    0.00    0.00    0.00    0.00    0.00   24.21
06:42:37 PM   71   28.42    0.00   47.37    1.05    0.00    0.00    0.00    0.00    0.00   23.16
06:42:37 PM   72   30.11    0.00   44.09    1.08    0.00    0.00    0.00    0.00    0.00   24.73
06:42:37 PM   73   32.63    0.00   42.11    1.05    0.00    0.00    0.00    0.00    0.00   24.21
06:42:37 PM   74   32.98    0.00   43.62    0.00    0.00    0.00    0.00    0.00    0.00   23.40
06:42:37 PM   75   29.35    0.00   45.65    0.00    0.00    0.00    0.00    0.00    0.00   25.00
06:42:37 PM   76   33.68    0.00   42.11    1.05    0.00    0.00    0.00    0.00    0.00   23.16
06:42:37 PM   77   30.53    0.00   44.21    0.00    0.00    0.00    0.00    0.00    0.00   25.26
06:42:37 PM   78   34.41    0.00   41.94    0.00    0.00    0.00    0.00    0.00    0.00   23.66
06:42:37 PM   79   29.35    0.00   45.65    0.00    0.00    0.00    0.00    0.00    0.00   25.00

06:42:46 PM  CPU    %usr   %nice    %sys %iowait    %irq   %soft  %steal  %guest  %gnice   %idle
06:42:47 PM  all   30.48    0.00   43.24    0.38    0.00    0.01    0.00    0.00    0.00   25.88
06:42:47 PM    0   31.25    0.00   43.75    0.00    0.00    0.00    0.00    0.00    0.00   25.00
06:42:47 PM    1   30.53    0.00   43.16    1.05    0.00    0.00    0.00    0.00    0.00   25.26
06:42:47 PM    2   31.58    0.00   43.16    0.00    0.00    0.00    0.00    0.00    0.00   25.26
06:42:47 PM    3   28.72    0.00   44.68    1.06    0.00    0.00    0.00    0.00    0.00   25.53
06:42:47 PM    4   29.79    0.00   43.62    0.00    0.00    0.00    0.00    0.00    0.00   26.60
06:42:47 PM    5   31.58    0.00   42.11    1.05    0.00    0.00    0.00    0.00    0.00   25.26
06:42:47 PM    6   29.17    0.00   45.83    0.00    0.00    0.00    0.00    0.00    0.00   25.00
06:42:47 PM    7   30.53    0.00   44.21    0.00    0.00    0.00    0.00    0.00    0.00   25.26
06:42:47 PM    8   33.33    0.00   41.94    0.00    0.00    0.00    0.00    0.00    0.00   24.73
06:42:47 PM    9   34.04    0.00   40.43    0.00    0.00    0.00    0.00    0.00    0.00   25.53
06:42:47 PM   10   31.58    0.00   43.16    0.00    0.00    0.00    0.00    0.00    0.00   25.26
06:42:47 PM   11   29.47    0.00   44.21    1.05    0.00    0.00    0.00    0.00    0.00   25.26
06:42:47 PM   12   28.26    0.00   45.65    0.00    0.00    0.00    0.00    0.00    0.00   26.09
06:42:47 PM   13   30.11    0.00   44.09    0.00    0.00    0.00    0.00    0.00    0.00   25.81
06:42:47 PM   14   30.11    0.00   44.09    1.08    0.00    0.00    0.00    0.00    0.00   24.73
06:42:47 PM   15   28.12    0.00   44.79    1.04    0.00    0.00    0.00    0.00    0.00   26.04
06:42:47 PM   16   30.21    0.00   43.75    1.04    0.00    0.00    0.00    0.00    0.00   25.00
06:42:47 PM   17   29.47    0.00   44.21    1.05    0.00    0.00    0.00    0.00    0.00   25.26
06:42:47 PM   18   30.11    0.00   44.09    0.00    0.00    0.00    0.00    0.00    0.00   25.81
06:42:47 PM   19   30.85    0.00   43.62    0.00    0.00    0.00    0.00    0.00    0.00   25.53
06:42:47 PM   20   31.91    0.00   40.43    1.06    0.00    0.00    0.00    0.00    0.00   26.60
06:42:47 PM   21   30.53    0.00   43.16    1.05    0.00    0.00    0.00    0.00    0.00   25.26
06:42:47 PM   22   31.58    0.00   42.11    0.00    0.00    0.00    0.00    0.00    0.00   26.32
06:42:47 PM   23   30.53    0.00   43.16    0.00    0.00    0.00    0.00    0.00    0.00   26.32
06:42:47 PM   24   28.42    0.00   43.16    1.05    0.00    0.00    0.00    0.00    0.00   27.37
06:42:47 PM   25   30.61    0.00   43.88    0.00    0.00    0.00    0.00    0.00    0.00   25.51
06:42:47 PM   26   29.47    0.00   43.16    0.00    0.00    0.00    0.00    0.00    0.00   27.37
06:42:47 PM   27   31.25    0.00   41.67    0.00    0.00    0.00    0.00    0.00    0.00   27.08
06:42:47 PM   28   29.03    0.00   44.09    1.08    0.00    0.00    0.00    0.00    0.00   25.81
06:42:47 PM   29   28.42    0.00   44.21    1.05    0.00    0.00    0.00    0.00    0.00   26.32
06:42:47 PM   30   27.96    0.00   45.16    0.00    0.00    0.00    0.00    0.00    0.00   26.88
06:42:47 PM   31   35.48    0.00   39.78    0.00    0.00    0.00    0.00    0.00    0.00   24.73
06:42:47 PM   32   29.79    0.00   42.55    0.00    0.00    0.00    0.00    0.00    0.00   27.66
06:42:47 PM   33   29.90    0.00   42.27    1.03    0.00    0.00    0.00    0.00    0.00   26.80
06:42:47 PM   34   32.98    0.00   40.43    0.00    0.00    0.00    0.00    0.00    0.00   26.60
06:42:47 PM   35   27.66    0.00   44.68    1.06    0.00    0.00    0.00    0.00    0.00   26.60
06:42:47 PM   36   30.11    0.00   44.09    0.00    0.00    0.00    0.00    0.00    0.00   25.81
06:42:47 PM   37   30.11    0.00   43.01    0.00    0.00    0.00    0.00    0.00    0.00   26.88
06:42:47 PM   38   32.63    0.00   40.00    0.00    0.00    0.00    0.00    0.00    0.00   27.37
06:42:47 PM   39   28.72    0.00   43.62    0.00    0.00    0.00    0.00    0.00    0.00   27.66
06:42:47 PM   40   30.53    0.00   43.16    1.05    0.00    0.00    0.00    0.00    0.00   25.26
06:42:47 PM   41   30.11    0.00   44.09    1.08    0.00    0.00    0.00    0.00    0.00   24.73
06:42:47 PM   42   34.02    0.00   39.18    1.03    0.00    1.03    0.00    0.00    0.00   24.74
06:42:47 PM   43   29.03    0.00   46.24    0.00    0.00    0.00    0.00    0.00    0.00   24.73
06:42:47 PM   44   30.53    0.00   45.26    0.00    0.00    0.00    0.00    0.00    0.00   24.21
06:42:47 PM   45   31.52    0.00   42.39    0.00    0.00    0.00    0.00    0.00    0.00   26.09
06:42:47 PM   46   32.98    0.00   41.49    0.00    0.00    0.00    0.00    0.00    0.00   25.53
06:42:47 PM   47   30.53    0.00   44.21    0.00    0.00    0.00    0.00    0.00    0.00   25.26
06:42:47 PM   48   30.11    0.00   45.16    0.00    0.00    0.00    0.00    0.00    0.00   24.73
06:42:47 PM   49   33.68    0.00   41.05    1.05    0.00    0.00    0.00    0.00    0.00   24.21
06:42:47 PM   50   26.32    0.00   48.42    0.00    0.00    0.00    0.00    0.00    0.00   25.26
06:42:47 PM   51   30.93    0.00   44.33    1.03    0.00    0.00    0.00    0.00    0.00   23.71
06:42:47 PM   52   30.85    0.00   43.62    1.06    0.00    0.00    0.00    0.00    0.00   24.47
06:42:47 PM   53   30.53    0.00   44.21    0.00    0.00    0.00    0.00    0.00    0.00   25.26
06:42:47 PM   54   35.11    0.00   40.43    0.00    0.00    0.00    0.00    0.00    0.00   24.47
06:42:47 PM   55   31.58    0.00   43.16    0.00    0.00    0.00    0.00    0.00    0.00   25.26
06:42:47 PM   56   31.25    0.00   42.71    0.00    0.00    0.00    0.00    0.00    0.00   26.04
06:42:47 PM   57   31.52    0.00   43.48    0.00    0.00    0.00    0.00    0.00    0.00   25.00
06:42:47 PM   58   32.29    0.00   40.62    1.04    0.00    0.00    0.00    0.00    0.00   26.04
06:42:47 PM   59   30.21    0.00   44.79    0.00    0.00    0.00    0.00    0.00    0.00   25.00
06:42:47 PM   60   29.90    0.00   43.30    1.03    0.00    0.00    0.00    0.00    0.00   25.77
06:42:47 PM   61   29.03    0.00   44.09    0.00    0.00    0.00    0.00    0.00    0.00   26.88
06:42:47 PM   62   28.42    0.00   44.21    0.00    0.00    0.00    0.00    0.00    0.00   27.37
06:42:47 PM   63   29.79    0.00   43.62    0.00    0.00    0.00    0.00    0.00    0.00   26.60
06:42:47 PM   64   29.03    0.00   44.09    0.00    0.00    0.00    0.00    0.00    0.00   26.88
06:42:47 PM   65   30.85    0.00   41.49    1.06    0.00    0.00    0.00    0.00    0.00   26.60
06:42:47 PM   66   28.72    0.00   44.68    0.00    0.00    0.00    0.00    0.00    0.00   26.60
06:42:47 PM   67   31.25    0.00   41.67    1.04    0.00    0.00    0.00    0.00    0.00   26.04
06:42:47 PM   68   29.03    0.00   44.09    0.00    0.00    0.00    0.00    0.00    0.00   26.88
06:42:47 PM   69   30.11    0.00   44.09    0.00    0.00    0.00    0.00    0.00    0.00   25.81
06:42:47 PM   70   29.17    0.00   43.75    1.04    0.00    0.00    0.00    0.00    0.00   26.04
06:42:47 PM   71   30.85    0.00   41.49    1.06    0.00    0.00    0.00    0.00    0.00   26.60
06:42:47 PM   72   29.79    0.00   43.62    0.00    0.00    0.00    0.00    0.00    0.00   26.60
06:42:47 PM   73   31.18    0.00   43.01    0.00    0.00    0.00    0.00    0.00    0.00   25.81
06:42:47 PM   74   30.85    0.00   41.49    1.06    0.00    0.00    0.00    0.00    0.00   26.60
06:42:47 PM   75   30.93    0.00   42.27    0.00    0.00    0.00    0.00    0.00    0.00   26.80
06:42:47 PM   76   29.17    0.00   44.79    0.00    0.00    0.00    0.00    0.00    0.00   26.04
06:42:47 PM   77   30.85    0.00   41.49    0.00    0.00    0.00    0.00    0.00    0.00   27.66
06:42:47 PM   78   29.79    0.00   42.55    1.06    0.00    0.00    0.00    0.00    0.00   26.60
06:42:47 PM   79   30.43    0.00   42.39    0.00    0.00    0.00    0.00    0.00    0.00   27.17

06:42:56 PM  CPU    %usr   %nice    %sys %iowait    %irq   %soft  %steal  %guest  %gnice   %idle
06:42:57 PM  all   30.33    0.00   43.01    0.60    0.00    0.00    0.00    0.00    0.00   26.06
06:42:57 PM    0   29.03    0.00   43.01    1.08    0.00    0.00    0.00    0.00    0.00   26.88
06:42:57 PM    1   30.77    0.00   41.76    0.00    0.00    0.00    0.00    0.00    0.00   27.47
06:42:57 PM    2   30.85    0.00   42.55    0.00    0.00    0.00    0.00    0.00    0.00   26.60
06:42:57 PM    3   29.17    0.00   43.75    0.00    0.00    0.00    0.00    0.00    0.00   27.08
06:42:57 PM    4   28.72    0.00   44.68    0.00    0.00    0.00    0.00    0.00    0.00   26.60
06:42:57 PM    5   28.42    0.00   45.26    0.00    0.00    0.00    0.00    0.00    0.00   26.32
06:42:57 PM    6   30.11    0.00   41.94    1.08    0.00    0.00    0.00    0.00    0.00   26.88
06:42:57 PM    7   30.11    0.00   44.09    0.00    0.00    0.00    0.00    0.00    0.00   25.81
06:42:57 PM    8   27.96    0.00   46.24    0.00    0.00    0.00    0.00    0.00    0.00   25.81
06:42:57 PM    9   28.72    0.00   43.62    1.06    0.00    0.00    0.00    0.00    0.00   26.60
06:42:57 PM   10   30.85    0.00   41.49    1.06    0.00    0.00    0.00    0.00    0.00   26.60
06:42:57 PM   11   28.89    0.00   43.33    1.11    0.00    0.00    0.00    0.00    0.00   26.67
06:42:57 PM   12   30.11    0.00   44.09    0.00    0.00    0.00    0.00    0.00    0.00   25.81
06:42:57 PM   13   28.26    0.00   44.57    1.09    0.00    0.00    0.00    0.00    0.00   26.09
06:42:57 PM   14   32.26    0.00   40.86    1.08    0.00    0.00    0.00    0.00    0.00   25.81
06:42:57 PM   15   32.98    0.00   40.43    1.06    0.00    0.00    0.00    0.00    0.00   25.53
06:42:57 PM   16   30.85    0.00   42.55    0.00    0.00    0.00    0.00    0.00    0.00   26.60
06:42:57 PM   17   31.11    0.00   41.11    0.00    0.00    0.00    0.00    0.00    0.00   27.78
06:42:57 PM   18   30.11    0.00   43.01    1.08    0.00    0.00    0.00    0.00    0.00   25.81
06:42:57 PM   19   30.11    0.00   43.01    1.08    0.00    0.00    0.00    0.00    0.00   25.81
06:42:57 PM   20   29.79    0.00   44.68    1.06    0.00    0.00    0.00    0.00    0.00   24.47
06:42:57 PM   21   29.35    0.00   43.48    0.00    0.00    0.00    0.00    0.00    0.00   27.17
06:42:57 PM   22   29.79    0.00   43.62    0.00    0.00    0.00    0.00    0.00    0.00   26.60
06:42:57 PM   23   30.11    0.00   43.01    0.00    0.00    0.00    0.00    0.00    0.00   26.88
06:42:57 PM   24   34.04    0.00   40.43    0.00    0.00    0.00    0.00    0.00    0.00   25.53
06:42:57 PM   25   27.66    0.00   45.74    0.00    0.00    0.00    0.00    0.00    0.00   26.60
06:42:57 PM   26   30.43    0.00   42.39    1.09    0.00    0.00    0.00    0.00    0.00   26.09
06:42:57 PM   27   30.53    0.00   42.11    2.11    0.00    0.00    0.00    0.00    0.00   25.26
06:42:57 PM   28   32.98    0.00   40.43    1.06    0.00    0.00    0.00    0.00    0.00   25.53
06:42:57 PM   29   30.85    0.00   43.62    1.06    0.00    0.00    0.00    0.00    0.00   24.47
06:42:57 PM   30   29.03    0.00   45.16    1.08    0.00    0.00    0.00    0.00    0.00   24.73
06:42:57 PM   31   29.47    0.00   43.16    1.05    0.00    0.00    0.00    0.00    0.00   26.32
06:42:57 PM   32   31.52    0.00   41.30    0.00    0.00    0.00    0.00    0.00    0.00   27.17
06:42:57 PM   33   30.43    0.00   42.39    1.09    0.00    0.00    0.00    0.00    0.00   26.09
06:42:57 PM   34   32.61    0.00   41.30    0.00    0.00    0.00    0.00    0.00    0.00   26.09
06:42:57 PM   35   30.11    0.00   43.01    1.08    0.00    0.00    0.00    0.00    0.00   25.81
06:42:57 PM   36   32.29    0.00   40.62    1.04    0.00    0.00    0.00    0.00    0.00   26.04
06:42:57 PM   37   30.85    0.00   42.55    0.00    0.00    0.00    0.00    0.00    0.00   26.60
06:42:57 PM   38   29.47    0.00   45.26    0.00    0.00    0.00    0.00    0.00    0.00   25.26
06:42:57 PM   39   30.53    0.00   42.11    1.05    0.00    0.00    0.00    0.00    0.00   26.32
06:42:57 PM   40   30.11    0.00   43.01    1.08    0.00    0.00    0.00    0.00    0.00   25.81
06:42:57 PM   41   29.35    0.00   44.57    1.09    0.00    0.00    0.00    0.00    0.00   25.00
06:42:57 PM   42   29.47    0.00   44.21    1.05    0.00    0.00    0.00    0.00    0.00   25.26
06:42:57 PM   43   26.32    0.00   46.32    1.05    0.00    0.00    0.00    0.00    0.00   26.32
06:42:57 PM   44   29.17    0.00   43.75    1.04    0.00    0.00    0.00    0.00    0.00   26.04
06:42:57 PM   45   30.85    0.00   43.62    0.00    0.00    0.00    0.00    0.00    0.00   25.53
06:42:57 PM   46   28.72    0.00   43.62    1.06    0.00    0.00    0.00    0.00    0.00   26.60
06:42:57 PM   47   29.79    0.00   43.62    0.00    0.00    0.00    0.00    0.00    0.00   26.60
06:42:57 PM   48   29.03    0.00   44.09    1.08    0.00    0.00    0.00    0.00    0.00   25.81
06:42:57 PM   49   30.43    0.00   42.39    1.09    0.00    0.00    0.00    0.00    0.00   26.09
06:42:57 PM   50   29.03    0.00   45.16    0.00    0.00    0.00    0.00    0.00    0.00   25.81
06:42:57 PM   51   31.52    0.00   41.30    1.09    0.00    0.00    0.00    0.00    0.00   26.09
06:42:57 PM   52   29.03    0.00   45.16    0.00    0.00    0.00    0.00    0.00    0.00   25.81
06:42:57 PM   53   31.52    0.00   42.39    0.00    0.00    0.00    0.00    0.00    0.00   26.09
06:42:57 PM   54   30.53    0.00   43.16    1.05    0.00    0.00    0.00    0.00    0.00   25.26
06:42:57 PM   55   30.11    0.00   44.09    0.00    0.00    0.00    0.00    0.00    0.00   25.81
06:42:57 PM   56   33.33    0.00   40.86    0.00    0.00    0.00    0.00    0.00    0.00   25.81
06:42:57 PM   57   28.42    0.00   45.26    1.05    0.00    0.00    0.00    0.00    0.00   25.26
06:42:57 PM   58   29.17    0.00   44.79    0.00    0.00    0.00    0.00    0.00    0.00   26.04
06:42:57 PM   59   28.72    0.00   44.68    1.06    0.00    0.00    0.00    0.00    0.00   25.53
06:42:57 PM   60   31.91    0.00   40.43    1.06    0.00    0.00    0.00    0.00    0.00   26.60
06:42:57 PM   61   32.26    0.00   40.86    1.08    0.00    0.00    0.00    0.00    0.00   25.81
06:42:57 PM   62   31.52    0.00   41.30    1.09    0.00    0.00    0.00    0.00    0.00   26.09
06:42:57 PM   63   30.43    0.00   42.39    1.09    0.00    0.00    0.00    0.00    0.00   26.09
06:42:57 PM   64   30.85    0.00   43.62    0.00    0.00    0.00    0.00    0.00    0.00   25.53
06:42:57 PM   65   29.35    0.00   44.57    0.00    0.00    0.00    0.00    0.00    0.00   26.09
06:42:57 PM   66   29.79    0.00   43.62    0.00    0.00    0.00    0.00    0.00    0.00   26.60
06:42:57 PM   67   31.52    0.00   42.39    0.00    0.00    0.00    0.00    0.00    0.00   26.09
06:42:57 PM   68   29.79    0.00   43.62    0.00    0.00    0.00    0.00    0.00    0.00   26.60
06:42:57 PM   69   32.61    0.00   42.39    1.09    0.00    0.00    0.00    0.00    0.00   23.91
06:42:57 PM   70   31.25    0.00   41.67    1.04    0.00    0.00    0.00    0.00    0.00   26.04
06:42:57 PM   71   30.43    0.00   41.30    1.09    0.00    0.00    0.00    0.00    0.00   27.17
06:42:57 PM   72   31.91    0.00   42.55    0.00    0.00    0.00    0.00    0.00    0.00   25.53
06:42:57 PM   73   29.03    0.00   43.01    1.08    0.00    0.00    0.00    0.00    0.00   26.88
06:42:57 PM   74   30.85    0.00   42.55    0.00    0.00    0.00    0.00    0.00    0.00   26.60
06:42:57 PM   75   34.07    0.00   39.56    0.00    0.00    0.00    0.00    0.00    0.00   26.37
06:42:57 PM   76   31.18    0.00   43.01    1.08    0.00    0.00    0.00    0.00    0.00   24.73
06:42:57 PM   77   29.47    0.00   43.16    1.05    0.00    0.00    0.00    0.00    0.00   26.32
06:42:57 PM   78   29.35    0.00   43.48    0.00    0.00    0.00    0.00    0.00    0.00   27.17
06:42:57 PM   79   32.98    0.00   41.49    1.06    0.00    0.00    0.00    0.00    0.00   24.47

06:43:06 PM  CPU    %usr   %nice    %sys %iowait    %irq   %soft  %steal  %guest  %gnice   %idle
06:43:07 PM  all   33.18    0.00   43.74    0.28    0.00    0.00    0.00    0.00    0.00   22.81
06:43:07 PM    0   35.11    0.00   41.49    0.00    0.00    0.00    0.00    0.00    0.00   23.40
06:43:07 PM    1   34.38    0.00   42.71    0.00    0.00    0.00    0.00    0.00    0.00   22.92
06:43:07 PM    2   35.11    0.00   42.55    1.06    0.00    0.00    0.00    0.00    0.00   21.28
06:43:07 PM    3   34.02    0.00   41.24    1.03    0.00    0.00    0.00    0.00    0.00   23.71
06:43:07 PM    4   34.38    0.00   41.67    0.00    0.00    0.00    0.00    0.00    0.00   23.96
06:43:07 PM    5   32.98    0.00   45.74    0.00    0.00    0.00    0.00    0.00    0.00   21.28
06:43:07 PM    6   34.74    0.00   42.11    0.00    0.00    0.00    0.00    0.00    0.00   23.16
06:43:07 PM    7   35.05    0.00   41.24    1.03    0.00    0.00    0.00    0.00    0.00   22.68
06:43:07 PM    8   32.61    0.00   45.65    0.00    0.00    0.00    0.00    0.00    0.00   21.74
06:43:07 PM    9   34.41    0.00   43.01    0.00    0.00    0.00    0.00    0.00    0.00   22.58
06:43:07 PM   10   33.68    0.00   43.16    0.00    0.00    0.00    0.00    0.00    0.00   23.16
06:43:07 PM   11   31.91    0.00   45.74    0.00    0.00    0.00    0.00    0.00    0.00   22.34
06:43:07 PM   12   32.99    0.00   43.30    1.03    0.00    0.00    0.00    0.00    0.00   22.68
06:43:07 PM   13   31.58    0.00   44.21    0.00    0.00    0.00    0.00    0.00    0.00   24.21
06:43:07 PM   14   32.26    0.00   44.09    0.00    0.00    0.00    0.00    0.00    0.00   23.66
06:43:07 PM   15   30.85    0.00   44.68    1.06    0.00    0.00    0.00    0.00    0.00   23.40
06:43:07 PM   16   34.74    0.00   41.05    1.05    0.00    0.00    0.00    0.00    0.00   23.16
06:43:07 PM   17   33.68    0.00   42.11    0.00    0.00    0.00    0.00    0.00    0.00   24.21
06:43:07 PM   18   32.63    0.00   43.16    0.00    0.00    0.00    0.00    0.00    0.00   24.21
06:43:07 PM   19   32.26    0.00   44.09    1.08    0.00    0.00    0.00    0.00    0.00   22.58
06:43:07 PM   20   35.11    0.00   42.55    1.06    0.00    0.00    0.00    0.00    0.00   21.28
06:43:07 PM   21   31.58    0.00   46.32    0.00    0.00    0.00    0.00    0.00    0.00   22.11
06:43:07 PM   22   33.33    0.00   44.09    0.00    0.00    0.00    0.00    0.00    0.00   22.58
06:43:07 PM   23   32.63    0.00   43.16    0.00    0.00    0.00    0.00    0.00    0.00   24.21
06:43:07 PM   24   35.42    0.00   41.67    0.00    0.00    0.00    0.00    0.00    0.00   22.92
06:43:07 PM   25   33.33    0.00   43.75    0.00    0.00    0.00    0.00    0.00    0.00   22.92
06:43:07 PM   26   36.17    0.00   41.49    0.00    0.00    0.00    0.00    0.00    0.00   22.34
06:43:07 PM   27   35.11    0.00   43.62    0.00    0.00    0.00    0.00    0.00    0.00   21.28
06:43:07 PM   28   32.26    0.00   45.16    0.00    0.00    0.00    0.00    0.00    0.00   22.58
06:43:07 PM   29   32.63    0.00   43.16    0.00    0.00    0.00    0.00    0.00    0.00   24.21
06:43:07 PM   30   33.33    0.00   45.16    0.00    0.00    0.00    0.00    0.00    0.00   21.51
06:43:07 PM   31   32.63    0.00   45.26    1.05    0.00    0.00    0.00    0.00    0.00   21.05
06:43:07 PM   32   34.02    0.00   43.30    0.00    0.00    0.00    0.00    0.00    0.00   22.68
06:43:07 PM   33   34.04    0.00   42.55    1.06    0.00    0.00    0.00    0.00    0.00   22.34
06:43:07 PM   34   36.96    0.00   41.30    0.00    0.00    0.00    0.00    0.00    0.00   21.74
06:43:07 PM   35   33.33    0.00   44.09    0.00    0.00    0.00    0.00    0.00    0.00   22.58
06:43:07 PM   36   35.79    0.00   42.11    0.00    0.00    0.00    0.00    0.00    0.00   22.11
06:43:07 PM   37   32.26    0.00   45.16    0.00    0.00    0.00    0.00    0.00    0.00   22.58
06:43:07 PM   38   35.87    0.00   41.30    0.00    0.00    0.00    0.00    0.00    0.00   22.83
06:43:07 PM   39   34.07    0.00   42.86    0.00    0.00    0.00    0.00    0.00    0.00   23.08
06:43:07 PM   40   34.38    0.00   42.71    0.00    0.00    0.00    0.00    0.00    0.00   22.92
06:43:07 PM   41   31.58    0.00   47.37    0.00    0.00    0.00    0.00    0.00    0.00   21.05
06:43:07 PM   42   32.61    0.00   44.57    0.00    0.00    0.00    0.00    0.00    0.00   22.83
06:43:07 PM   43   34.04    0.00   43.62    0.00    0.00    0.00    0.00    0.00    0.00   22.34
06:43:07 PM   44   34.78    0.00   41.30    0.00    0.00    0.00    0.00    0.00    0.00   23.91
06:43:07 PM   45   31.96    0.00   43.30    0.00    0.00    0.00    0.00    0.00    0.00   24.74
06:43:07 PM   46   30.21    0.00   46.88    1.04    0.00    0.00    0.00    0.00    0.00   21.88
06:43:07 PM   47   32.29    0.00   43.75    1.04    0.00    0.00    0.00    0.00    0.00   22.92
06:43:07 PM   48   30.21    0.00   44.79    1.04    0.00    0.00    0.00    0.00    0.00   23.96
06:43:07 PM   49   32.61    0.00   43.48    0.00    0.00    0.00    0.00    0.00    0.00   23.91
06:43:07 PM   50   32.63    0.00   44.21    1.05    0.00    0.00    0.00    0.00    0.00   22.11
06:43:07 PM   51   31.58    0.00   44.21    1.05    0.00    0.00    0.00    0.00    0.00   23.16
06:43:07 PM   52   34.04    0.00   43.62    0.00    0.00    0.00    0.00    0.00    0.00   22.34
06:43:07 PM   53   31.18    0.00   47.31    0.00    0.00    0.00    0.00    0.00    0.00   21.51
06:43:07 PM   54   32.26    0.00   44.09    0.00    0.00    0.00    0.00    0.00    0.00   23.66
06:43:07 PM   55   31.25    0.00   44.79    0.00    0.00    0.00    0.00    0.00    0.00   23.96
06:43:07 PM   56   34.41    0.00   44.09    0.00    0.00    0.00    0.00    0.00    0.00   21.51
06:43:07 PM   57   35.11    0.00   42.55    0.00    0.00    0.00    0.00    0.00    0.00   22.34
06:43:07 PM   58   34.02    0.00   42.27    1.03    0.00    0.00    0.00    0.00    0.00   22.68
06:43:07 PM   59   31.25    0.00   44.79    0.00    0.00    0.00    0.00    0.00    0.00   23.96
06:43:07 PM   60   35.11    0.00   41.49    0.00    0.00    0.00    0.00    0.00    0.00   23.40
06:43:07 PM   61   33.33    0.00   44.09    0.00    0.00    0.00    0.00    0.00    0.00   22.58
06:43:07 PM   62   31.25    0.00   44.79    1.04    0.00    0.00    0.00    0.00    0.00   22.92
06:43:07 PM   63   33.33    0.00   43.01    0.00    0.00    0.00    0.00    0.00    0.00   23.66
06:43:07 PM   64   31.18    0.00   46.24    0.00    0.00    0.00    0.00    0.00    0.00   22.58
06:43:07 PM   65   30.85    0.00   45.74    0.00    0.00    0.00    0.00    0.00    0.00   23.40
06:43:07 PM   66   30.93    0.00   45.36    0.00    0.00    0.00    0.00    0.00    0.00   23.71
06:43:07 PM   67   34.04    0.00   43.62    0.00    0.00    0.00    0.00    0.00    0.00   22.34
06:43:07 PM   68   34.04    0.00   43.62    0.00    0.00    0.00    0.00    0.00    0.00   22.34
06:43:07 PM   69   33.33    0.00   44.09    0.00    0.00    0.00    0.00    0.00    0.00   22.58
06:43:07 PM   70   32.98    0.00   44.68    0.00    0.00    0.00    0.00    0.00    0.00   22.34
06:43:07 PM   71   30.30    0.00   46.46    1.01    0.00    0.00    0.00    0.00    0.00   22.22
06:43:07 PM   72   35.42    0.00   40.62    0.00    0.00    0.00    0.00    0.00    0.00   23.96
06:43:07 PM   73   30.53    0.00   45.26    1.05    0.00    0.00    0.00    0.00    0.00   23.16
06:43:07 PM   74   34.74    0.00   42.11    0.00    0.00    0.00    0.00    0.00    0.00   23.16
06:43:07 PM   75   32.61    0.00   44.57    0.00    0.00    0.00    0.00    0.00    0.00   22.83
06:43:07 PM   76   32.63    0.00   45.26    0.00    0.00    0.00    0.00    0.00    0.00   22.11
06:43:07 PM   77   31.58    0.00   44.21    1.05    0.00    0.00    0.00    0.00    0.00   23.16
06:43:07 PM   78   32.63    0.00   45.26    0.00    0.00    0.00    0.00    0.00    0.00   22.11
06:43:07 PM   79   32.29    0.00   43.75    1.04    0.00    0.00    0.00    0.00    0.00   22.92

