timestamp,adaptive_hash_pages_added,adaptive_hash_pages_removed,adaptive_hash_rows_added,adaptive_hash_rows_deleted_no_hash_entry,adaptive_hash_rows_removed,adaptive_hash_rows_updated,adaptive_hash_searches,adaptive_hash_searches_btree,buffer_data_reads,buffer_data_written,buffer_flush_adaptive,buffer_flush_adaptive_avg_pass,buffer_flush_adaptive_avg_time_est,buffer_flush_adaptive_avg_time_slot,buffer_flush_adaptive_avg_time_thread,buffer_flush_adaptive_pages,buffer_flush_adaptive_total_pages,buffer_flush_avg_page_rate,buffer_flush_avg_pass,buffer_flush_avg_time,buffer_flush_background,buffer_flush_background_pages,buffer_flush_background_total_pages,buffer_flush_batches,buffer_flush_batch_num_scan,buffer_flush_batch_pages,buffer_flush_batch_scanned,buffer_flush_batch_scanned_per_call,buffer_flush_batch_total_pages,buffer_flush_lsn_avg_rate,buffer_flush_neighbor,buffer_flush_neighbor_pages,buffer_flush_neighbor_total_pages,buffer_flush_n_to_flush_by_age,buffer_flush_n_to_flush_by_dirty_page,buffer_flush_n_to_flush_requested,buffer_flush_pct_for_dirty,buffer_flush_pct_for_lsn,buffer_flush_sync,buffer_flush_sync_pages,buffer_flush_sync_total_pages,buffer_flush_sync_waits,buffer_LRU_batches_evict,buffer_LRU_batches_flush,buffer_LRU_batch_evict_pages,buffer_LRU_batch_evict_total_pages,buffer_LRU_batch_flush_avg_pass,buffer_LRU_batch_flush_avg_time_est,buffer_LRU_batch_flush_avg_time_slot,buffer_LRU_batch_flush_avg_time_thread,buffer_LRU_batch_flush_pages,buffer_LRU_batch_flush_total_pages,buffer_LRU_batch_num_scan,buffer_LRU_batch_scanned,buffer_LRU_batch_scanned_per_call,buffer_LRU_get_free_loops,buffer_LRU_get_free_search,buffer_LRU_get_free_waits,buffer_LRU_search_num_scan,buffer_LRU_search_scanned,buffer_LRU_search_scanned_per_call,buffer_LRU_single_flush_failure_count,buffer_LRU_single_flush_num_scan,buffer_LRU_single_flush_scanned,buffer_LRU_single_flush_scanned_per_call,buffer_LRU_unzip_search_num_scan,buffer_LRU_unzip_search_scanned,buffer_LRU_unzip_search_scanned_per_call,buffer_pages_created,buffer_pages_read,buffer_pages_written,buffer_page_read_blob,buffer_page_read_fsp_hdr,buffer_page_read_ibuf_bitmap,buffer_page_read_ibuf_free_list,buffer_page_read_index_ibuf_leaf,buffer_page_read_index_ibuf_non_leaf,buffer_page_read_index_inode,buffer_page_read_index_leaf,buffer_page_read_index_non_leaf,buffer_page_read_other,buffer_page_read_rseg_array,buffer_page_read_system_page,buffer_page_read_trx_system,buffer_page_read_undo_log,buffer_page_read_xdes,buffer_page_read_zblob,buffer_page_read_zblob2,buffer_page_written_blob,buffer_page_written_fsp_hdr,buffer_page_written_ibuf_bitmap,buffer_page_written_ibuf_free_list,buffer_page_written_index_ibuf_leaf,buffer_page_written_index_ibuf_non_leaf,buffer_page_written_index_inode,buffer_page_written_index_leaf,buffer_page_written_index_non_leaf,buffer_page_written_on_log_no_waits,buffer_page_written_on_log_waits,buffer_page_written_on_log_wait_loops,buffer_page_written_other,buffer_page_written_rseg_array,buffer_page_written_system_page,buffer_page_written_trx_system,buffer_page_written_undo_log,buffer_page_written_xdes,buffer_page_written_zblob,buffer_page_written_zblob2,buffer_pool_bytes_data,buffer_pool_bytes_dirty,buffer_pool_pages_data,buffer_pool_pages_dirty,buffer_pool_pages_free,buffer_pool_pages_misc,buffer_pool_pages_total,buffer_pool_reads,buffer_pool_read_ahead,buffer_pool_read_ahead_evicted,buffer_pool_read_requests,buffer_pool_size,buffer_pool_wait_free,buffer_pool_write_requests,compression_pad_decrements,compression_pad_increments,compress_pages_compressed,compress_pages_decompressed,cpu_n,cpu_stime_abs,cpu_stime_pct,cpu_utime_abs,cpu_utime_pct,dblwr_async_requests,dblwr_flush_requests,dblwr_flush_wait_events,dblwr_sync_requests,ddl_background_drop_tables,ddl_log_file_alter_table,ddl_online_create_index,ddl_pending_alter_table,ddl_sort_file_alter_table,dml_deletes,dml_inserts,dml_reads,dml_system_deletes,dml_system_inserts,dml_system_reads,dml_system_updates,dml_updates,file_num_open_files,ibuf_merges,ibuf_merges_delete,ibuf_merges_delete_mark,ibuf_merges_discard_delete,ibuf_merges_discard_delete_mark,ibuf_merges_discard_insert,ibuf_merges_insert,ibuf_size,icp_attempts,icp_match,icp_no_match,icp_out_of_range,index_page_discards,index_page_merge_attempts,index_page_merge_successful,index_page_reorg_attempts,index_page_reorg_successful,index_page_splits,innodb_activity_count,innodb_background_drop_table_usec,innodb_dblwr_pages_written,innodb_dblwr_writes,innodb_dict_lru_count,innodb_dict_lru_usec,innodb_ibuf_merge_usec,innodb_master_active_loops,innodb_master_idle_loops,innodb_master_purge_usec,innodb_master_thread_sleeps,innodb_mem_validate_usec,innodb_page_size,innodb_rwlock_sx_os_waits,innodb_rwlock_sx_spin_rounds,innodb_rwlock_sx_spin_waits,innodb_rwlock_s_os_waits,innodb_rwlock_s_spin_rounds,innodb_rwlock_s_spin_waits,innodb_rwlock_x_os_waits,innodb_rwlock_x_spin_rounds,innodb_rwlock_x_spin_waits,lock_deadlocks,lock_deadlock_false_positives,lock_deadlock_rounds,lock_rec_grant_attempts,lock_rec_locks,lock_rec_lock_created,lock_rec_lock_removed,lock_rec_lock_requests,lock_rec_lock_waits,lock_rec_release_attempts,lock_row_lock_current_waits,lock_row_lock_time,lock_row_lock_time_avg,lock_row_lock_time_max,lock_row_lock_waits,lock_schedule_refreshes,lock_table_locks,lock_table_lock_created,lock_table_lock_removed,lock_table_lock_waits,lock_threads_waiting,lock_timeouts,log_checkpoints,log_concurrency_margin,log_flusher_no_waits,log_flusher_waits,log_flusher_wait_loops,log_flush_avg_time,log_flush_lsn_avg_rate,log_flush_max_time,log_flush_notifier_no_waits,log_flush_notifier_waits,log_flush_notifier_wait_loops,log_flush_total_time,log_free_space,log_full_block_writes,log_lsn_archived,log_lsn_buf_dirty_pages_added,log_lsn_buf_pool_oldest_approx,log_lsn_buf_pool_oldest_lwm,log_lsn_checkpoint_age,log_lsn_current,log_lsn_last_checkpoint,log_lsn_last_flush,log_max_modified_age_async,log_max_modified_age_sync,log_next_file,log_on_buffer_space_no_waits,log_on_buffer_space_waits,log_on_buffer_space_wait_loops,log_on_file_space_no_waits,log_on_file_space_waits,log_on_file_space_wait_loops,log_on_flush_no_waits,log_on_flush_waits,log_on_flush_wait_loops,log_on_recent_closed_wait_loops,log_on_recent_written_wait_loops,log_on_write_no_waits,log_on_write_waits,log_on_write_wait_loops,log_padded,log_partial_block_writes,log_waits,log_writer_no_waits,log_writer_on_archiver_waits,log_writer_on_file_space_waits,log_writer_waits,log_writer_wait_loops,log_writes,log_write_notifier_no_waits,log_write_notifier_waits,log_write_notifier_wait_loops,log_write_requests,log_write_to_file_requests_interval,metadata_table_handles_closed,metadata_table_handles_opened,metadata_table_reference_count,module_cpu,module_dblwr,module_page_track,os_data_fsyncs,os_data_reads,os_data_writes,os_log_bytes_written,os_log_fsyncs,os_log_pending_fsyncs,os_log_pending_writes,os_pending_reads,os_pending_writes,page_track_checkpoint_partial_flush_request,page_track_full_block_writes,page_track_partial_block_writes,page_track_resets,purge_del_mark_records,purge_dml_delay_usec,purge_invoked,purge_resume_count,purge_stop_count,purge_truncate_history_count,purge_truncate_history_usec,purge_undo_log_pages,purge_upd_exist_or_extern_records,sampled_pages_read,sampled_pages_skipped,trx_active_transactions,trx_allocations,trx_commits_insert_update,trx_nl_ro_commits,trx_on_log_no_waits,trx_on_log_waits,trx_on_log_wait_loops,trx_rollbacks,trx_rollbacks_savepoint,trx_rollback_active,trx_ro_commits,trx_rseg_current_size,trx_rseg_history_len,trx_rw_commits,trx_undo_slots_cached,trx_undo_slots_used,undo_truncate_count,undo_truncate_usec
1788888584.436,0,0,0,0,0,0,0,724814322,3609151109632,1736205000704,0,0,0,0,0,0,0,0,0,0,0,0,0,0,0,0,0,0,0,0,0,0,0,0,0,0,0,0,0,0,0,0,0,0,0,0,0,0,0,0,0,0,0,0,0,0,0,0,0,0,0,0,0,0,0,0,0,0,977811,220407582,94745208,0,0,0,0,0,0,0,0,0,0,0,0,0,0,0,0,0,0,0,0,0,0,0,0,0,0,0,0,0,0,0,0,0,0,0,0,0,12883771392,4024025088,786363,245607,0,69,786432,219621206,0,0,3533345723,12884901888,93247645,410318789,0,0,0,0,0,0,0,0,0,0,0,0,0,0,0,0,0,0,23181668,23181864,0,97,97,6268,329,46363258,35,0,0,0,0,0,0,0,1,0,0,0,0,0,0,0,0,0,0,26067981,0,57180987,491847,0,0,0,0,0,0,0,0,16384,0,0,0,0,0,0,0,0,0,0,0,3692,610,0,0,0,0,0,70470368,0,271,0,6,610,3692,0,0,0,0,0,0,0,0,0,0,0,0,0,0,0,0,0,0,0,0,0,0,0,0,0,0,0,0,0,0,0,0,0,0,0,0,0,0,0,0,0,0,0,0,0,0,0,0,0,0,0,0,0,300272744,0,0,0,349187817,0,0,0,0,0,0,0,102068541,220302195,432351479,155567368704,56408364,0,0,0,0,0,0,0,0,0,0,0,0,0,0,0,0,0,0,0,0,0,0,0,0,0,0,0,0,0,0,0,250747827,0,0,0,0,0
1788888585.460,0,0,0,0,0,0,0,724852524,3609491700224,1736459372032,0,0,0,0,0,0,0,0,0,0,0,0,0,0,0,0,0,0,0,0,0,0,0,0,0,0,0,0,0,0,0,0,0,0,0,0,0,0,0,0,0,0,0,0,0,0,0,0,0,0,0,0,0,0,0,0,0,0,977867,220428390,94760467,0,0,0,0,0,0,0,0,0,0,0,0,0,0,0,0,0,0,0,0,0,0,0,0,0,0,0,0,0,0,0,0,0,0,0,0,0,12883148800,3930472448,786325,239897,0,108,786432,219641964,0,0,3533540901,12884901888,93266085,410339897,0,0,0,0,0,0,0,0,0,0,0,0,0,0,0,0,0,0,23182500,23182692,0,97,97,6268,329,46364955,35,0,0,0,0,0,0,0,1,0,0,0,0,0,0,0,0,0,0,26068913,0,57191317,491930,0,0,0,0,0,0,0,0,16384,0,0,0,0,0,0,0,0,0,0,0,3693,610,0,0,0,0,0,70472878,0,271,0,6,610,3693,0,0,0,0,0,0,0,0,0,0,0,0,0,0,0,0,0,0,0,0,0,0,0,0,0,0,0,0,0,0,0,0,0,0,0,0,0,0,0,0,0,0,0,0,0,0,0,0,0,0,0,0,0,300277209,0,0,0,349204813,0,0,0,0,0,0,0,102077637,220322990,432376226,155570545152,56410887,0,0,0,0,0,0,0,0,0,0,0,0,0,0,0,0,0,0,0,0,0,0,0,0,0,0,0,0,0,0,0,250748654,0,0,0,0,0
1788888586.486,0,0,0,0,0,0,0,724942592,3610216462848,1736730331648,0,0,0,0,0,0,0,0,0,0,0,0,0,0,0,0,0,0,0,0,0,0,0,0,0,0,0,0,0,0,0,0,0,0,0,0,0,0,0,0,0,0,0,0,0,0,0,0,0,0,0,0,0,0,0,0,0,0,977870,220472702,94775492,0,0,0,0,0,0,0,0,0,0,0,0,0,0,0,0,0,0,0,0,0,0,0,0,0,0,0,0,0,0,0,0,0,0,0,0,0,12882919424,3949510656,786311,241058,0,121,786432,219686141,0,0,3533988561,12884901888,93305500,410386914,0,0,0,0,0,0,0,0,0,0,0,0,0,0,0,0,0,0,23185492,23185675,0,97,97,6268,329,46370934,35,0,0,0,0,0,0,0,1,0,0,0,0,0,0,0,0,0,0,26072269,0,57195842,491969,0,0,0,0,0,0,0,0,16384,0,0,0,0,0,0,0,0,0,0,0,3694,610,0,0,0,0,0,70481940,0,271,0,6,610,3694,0,0,0,0,0,0,0,0,0,0,0,0,0,0,0,0,0,0,0,0,0,0,0,0,0,0,0,0,0,0,0,0,0,0,0,0,0,0,0,0,0,0,0,0,0,0,0,0,0,0,0,0,0,300319401,0,0,0,349246978,0,0,0,0,0,0,0,102105086,220367223,432443835,155592196096,56427316,0,0,0,0,0,0,0,0,0,0,0,0,0,0,0,0,0,0,0,0,0,0,0,0,0,0,0,0,0,0,0,250751638,0,0,0,0,0
1788888587.514,0,0,0,0,0,0,0,725017550,3610810579456,1736903405056,0,0,0,0,0,0,0,0,0,0,0,0,0,0,0,0,0,0,0,0,0,0,0,0,0,0,0,0,0,0,0,0,0,0,0,0,0,0,0,0,0,0,0,0,0,0,0,0,0,0,0,0,0,0,0,0,0,0,977935,220509029,94784773,0,0,0,0,0,0,0,0,0,0,0,0,0,0,0,0,0,0,0,0,0,0,0,0,0,0,0,0,0,0,0,0,0,0,0,0,0,12882984960,4018077696,786315,245244,0,117,786432,219722386,0,0,3534359138,12884901888,93340810,410425906,0,0,0,0,0,0,0,0,0,0,0,0,0,0,0,0,0,0,23187980,23188171,0,97,97,6268,329,46375913,35,0,0,0,0,0,0,0,1,0,0,0,0,0,0,0,0,0,0,26075076,0,57195970,491970,0,0,0,0,0,0,0,0,16384,0,0,0,0,0,0,0,0,0,0,0,3695,610,0,0,0,0,0,70489525,0,271,0,6,610,3695,0,0,0,0,0,0,0,0,0,0,0,0,0,0,0,0,0,0,0,0,0,0,0,0,0,0,0,0,0,0,0,0,0,0,0,0,0,0,0,0,0,0,0,0,0,0,0,0,0,0,0,0,0,300354584,0,0,0,349282049,0,0,0,0,0,0,0,102131843,220403498,432497397,155610265600,56444939,0,0,0,0,0,0,0,0,0,0,0,0,0,0,0,0,0,0,0,0,0,0,0,0,0,0,0,0,0,0,0,250754134,0,0,0,0,0
1788888588.541,0,0,0,0,0,0,0,725098350,3611455568384,1737146085376,0,0,0,0,0,0,0,0,0,0,0,0,0,0,0,0,0,0,0,0,0,0,0,0,0,0,0,0,0,0,0,0,0,0,0,0,0,0,0,0,0,0,0,0,0,0,0,0,0,0,0,0,0,0,0,0,0,0,977939,220548413,94798202,0,0,0,0,0,0,0,0,0,0,0,0,0,0,0,0,0,0,0,0,0,0,0,0,0,0,0,0,0,0,0,0,0,0,0,0,0,12883689472,4033691648,786360,246197,0,72,786432,219761669,0,0,3534758705,12884901888,93377465,410467674,0,0,0,0,0,0,0,0,0,0,0,0,0,0,0,0,0,0,23190641,23190830,0,97,97,6268,329,46381231,35,0,0,0,0,0,0,0,1,0,0,0,0,0,0,0,0,0,0,26078065,0,57199950,492002,0,0,0,0,0,0,0,0,16384,0,0,0,0,0,0,0,0,0,0,0,3696,610,0,0,0,0,0,70497597,0,271,0,6,610,3696,0,0,0,0,0,0,0,0,0,0,0,0,0,0,0,0,0,0,0,0,0,0,0,0,0,0,0,0,0,0,0,0,0,0,0,0,0,0,0,0,0,0,0,0,0,0,0,0,0,0,0,0,0,300392452,0,0,0,349319694,0,0,0,0,0,0,0,102157676,220442920,432558188,155629718528,56460887,1,0,0,0,0,0,0,0,0,0,0,0,0,0,0,0,0,0,0,0,0,0,0,0,0,0,0,0,0,0,0,250756790,0,0,0,0,0
1788888589.568,0,0,0,0,0,0,0,725190132,3612190505472,1737515222528,0,0,0,0,0,0,0,0,0,0,0,0,0,0,0,0,0,0,0,0,0,0,0,0,0,0,0,0,0,0,0,0,0,0,0,0,0,0,0,0,0,0,0,0,0,0,0,0,0,0,0,0,0,0,0,0,0,0,977944,220593447,94819208,0,0,0,0,0,0,0,0,0,0,0,0,0,0,0,0,0,0,0,0,0,0,0,0,0,0,0,0,0,0,0,0,0,0,0,0,0,12883148800,3960356864,786325,241721,0,107,786432,219806584,0,0,3535217243,12884901888,93418085,410516242,0,0,0,0,0,0,0,0,0,0,0,0,0,0,0,0,0,0,23193670,23193857,0,97,97,6268,329,46387297,35,0,0,0,0,0,0,0,1,0,0,0,0,0,0,0,0,0,0,26081472,0,57201285,492014,0,0,0,0,0,0,0,0,16384,0,0,0,0,0,0,0,0,0,0,0,3697,610,0,0,0,0,0,70506800,0,271,0,6,610,3697,0,0,0,0,0,0,0,0,0,0,0,0,0,0,0,0,0,0,0,0,0,0,0,0,0,0,0,0,0,0,0,0,0,0,0,0,0,0,0,0,0,0,0,0,0,0,0,0,0,0,0,0,0,300435461,0,0,0,349362603,0,0,0,0,0,0,0,102194819,220487813,432641578,155651885568,56478307,0,0,0,0,0,0,0,0,0,0,0,0,0,0,0,0,0,0,0,0,0,0,0,0,0,0,0,0,0,0,0,250759820,0,0,0,0,0
1788888590.595,0,0,0,0,0,0,0,725267148,3612796107264,1737947985920,0,0,0,0,0,0,0,0,0,0,0,0,0,0,0,0,0,0,0,0,0,0,0,0,0,0,0,0,0,0,0,0,0,0,0,0,0,0,0,0,0,0,0,0,0,0,0,0,0,0,0,0,0,0,0,0,0,0,977946,220630476,94844360,0,0,0,0,0,0,0,0,0,0,0,0,0,0,0,0,0,0,0,0,0,0,0,0,0,0,0,0,0,0,0,0,0,0,0,0,0,12882886656,3776200704,786309,230481,0,123,786432,219843544,0,0,3535596410,12884901888,93451525,410556071,0,0,0,0,0,0,0,0,0,0,0,0,0,0,0,0,0,0,23196217,23196408,0,97,97,6268,329,46392380,35,0,0,0,0,0,0,0,1,0,0,0,0,0,0,0,0,0,0,26084340,0,57206522,492058,0,0,0,0,0,0,0,0,16384,0,0,0,0,0,0,0,0,0,0,0,3698,610,0,0,0,0,0,70514547,0,271,0,6,610,3698,0,0,0,0,0,0,0,0,0,0,0,0,0,0,0,0,0,0,0,0,0,0,0,0,0,0,0,0,0,0,0,0,0,0,0,0,0,0,0,0,0,0,0,0,0,0,0,0,0,0,0,0,0,300471949,0,0,0,349398644,0,0,0,0,0,0,0,102230415,220524782,432722948,155670614528,56493504,0,0,0,0,0,0,0,0,0,0,0,0,0,0,0,0,0,0,0,0,0,0,0,0,0,0,0,0,0,0,0,250762371,0,0,0,0,0
1788888591.622,0,0,0,0,0,0,0,725340040,3613364386304,1738299000832,0,0,0,0,0,0,0,0,0,0,0,0,0,0,0,0,0,0,0,0,0,0,0,0,0,0,0,0,0,0,0,0,0,0,0,0,0,0,0,0,0,0,0,0,0,0,0,0,0,0,0,0,0,0,0,0,0,0,978052,220665221,94864560,0,0,0,0,0,0,0,0,0,0,0,0,0,0,0,0,0,0,0,0,0,0,0,0,0,0,0,0,0,0,0,0,0,0,0,0,0,12883181568,3662069760,786326,223515,0,106,786432,219878220,0,0,3535957518,12884901888,93485128,410593767,0,0,0,0,0,0,0,0,0,0,0,0,0,0,0,0,0,0,23198636,23198825,0,97,97,6268,329,46397232,35,0,0,0,0,0,0,0,1,0,0,0,0,0,0,0,0,0,0,26087059,0,57206778,492060,0,0,0,0,0,0,0,0,16384,0,0,0,0,0,0,0,0,0,0,0,3699,610,0,0,0,0,0,70521892,0,271,0,6,610,3699,0,0,0,0,0,0,0,0,0,0,0,0,0,0,0,0,0,0,0,0,0,0,0,0,0,0,0,0,0,0,0,0,0,0,0,0,0,0,0,0,0,0,0,0,0,0,0,0,0,0,0,0,0,300506195,0,0,0,349432704,0,0,0,0,0,0,0,102267341,220559496,432797183,155688205312,56510544,1,0,0,0,0,0,0,0,0,0,0,0,0,0,0,0,0,0,0,0,0,0,0,0,0,0,0,0,0,0,0,250764787,0,0,0,0,0
1788888592.649,0,0,0,0,0,0,0,725438310,3614118951424,1738651017216,0,0,0,0,0,0,0,0,0,0,0,0,0,0,0,0,0,0,0,0,0,0,0,0,0,0,0,0,0,0,0,0,0,0,0,0,0,0,0,0,0,0,0,0,0,0,0,0,0,0,0,0,0,0,0,0,0,0,978234,220711367,94884416,0,0,0,0,0,0,0,0,0,0,0,0,0,0,0,0,0,0,0,0,0,0,0,0,0,0,0,0,0,0,0,0,0,0,0,0,0,12882952192,3634233344,786313,221816,0,119,786432,219924229,0,0,3536443425,12884901888,93527058,410644955,0,0,0,0,0,0,0,0,0,0,0,0,0,0,0,0,0,0,23201896,23202081,0,97,97,6268,329,46403734,35,0,0,0,0,0,0,0,1,0,0,0,0,0,0,0,0,0,0,26090721,0,57211588,492099,0,0,0,0,0,0,0,0,16384,0,0,0,0,0,0,0,0,0,0,0,3700,610,0,0,0,0,0,70531768,0,271,0,6,610,3700,0,0,0,0,0,0,0,0,0,0,0,0,0,0,0,0,0,0,0,0,0,0,0,0,0,0,0,0,0,0,0,0,0,0,0,0,0,0,0,0,0,0,0,0,0,0,0,0,0,0,0,0,0,300552461,0,0,0,349478631,0,0,0,0,0,0,0,102298707,220605579,432878166,155711960064,56526417,0,0,0,0,0,0,0,0,0,0,0,0,0,0,0,0,0,0,0,0,0,0,0,0,0,0,0,0,0,0,0,250768042,0,0,0,0,0
1788888593.676,0,0,0,0,0,0,0,725516267,3614713739776,1738839979520,0,0,0,0,0,0,0,0,0,0,0,0,0,0,0,0,0,0,0,0,0,0,0,0,0,0,0,0,0,0,0,0,0,0,0,0,0,0,0,0,0,0,0,0,0,0,0,0,0,0,0,0,0,0,0,0,0,0,978358,220747740,94894627,0,0,0,0,0,0,0,0,0,0,0,0,0,0,0,0,0,0,0,0,0,0,0,0,0,0,0,0,0,0,0,0,0,0,0,0,0,12883001344,3699572736,786316,225804,0,116,786432,219960531,0,0,3536826742,12884901888,93562446,410685190,0,0,0,0,0,0,0,0,0,0,0,0,0,0,0,0,0,0,23204471,23204658,0,97,97,6268,329,46408888,35,0,0,0,0,0,0,0,1,0,0,0,0,0,0,0,0,0,0,26093615,0,57211716,492100,0,0,0,0,0,0,0,0,16384,0,0,0,0,0,0,0,0,0,0,0,3701,610,0,0,0,0,0,70539598,0,271,0,6,610,3701,0,0,0,0,0,0,0,0,0,0,0,0,0,0,0,0,0,0,0,0,0,0,0,0,0,0,0,0,0,0,0,0,0,0,0,0,0,0,0,0,0,0,0,0,0,0,0,0,0,0,0,0,0,300588965,0,0,0,349514997,0,0,0,0,0,0,0,102325566,220641914,432934885,155730685952,56543203,1,0,0,0,0,0,0,0,0,0,0,0,0,0,0,0,0,0,0,0,0,0,0,0,0,0,0,0,0,0,0,250770616,0,0,0,0,0
1788888594.703,0,0,0,0,0,0,0,725617808,3615490456064,1739145517568,0,0,0,0,0,0,0,0,0,0,0,0,0,0,0,0,0,0,0,0,0,0,0,0,0,0,0,0,0,0,0,0,0,0,0,0,0,0,0,0,0,0,0,0,0,0,0,0,0,0,0,0,0,0,0,0,0,0,978550,220795245,94911553,0,0,0,0,0,0,0,0,0,0,0,0,0,0,0,0,0,0,0,0,0,0,0,0,0,0,0,0,0,0,0,0,0,0,0,0,0,12883083264,3727867904,786321,227531,0,111,786432,220007892,0,0,3537328508,12884901888,93605342,410738274,0,0,0,0,0,0,0,0,0,0,0,0,0,0,0,0,0,0,23207845,23208032,0,97,97,6268,329,46415643,35,0,0,0,0,0,0,0,1,0,0,0,0,0,0,0,0,0,0,26097413,0,57216090,492138,0,0,0,0,0,0,0,0,16384,0,0,0,0,0,0,0,0,0,0,0,3702,610,0,0,0,0,0,70549854,0,271,0,6,610,3702,0,0,0,0,0,0,0,0,0,0,0,0,0,0,0,0,0,0,0,0,0,0,0,0,0,0,0,0,0,0,0,0,0,0,0,0,0,0,0,0,0,0,0,0,0,0,0,0,0,0,0,0,0,300636954,0,0,0,349562610,0,0,0,0,0,0,0,102353982,220689330,433012204,155755345408,56558658,1,1,0,0,0,0,0,0,0,0,0,0,0,0,0,0,0,0,0,0,0,0,0,0,0,0,0,0,0,0,0,250773993,0,0,0,0,0
1788888595.730,0,0,0,0,0,0,0,725701229,3616133593600,1739348058624,0,0,0,0,0,0,0,0,0,0,0,0,0,0,0,0,0,0,0,0,0,0,0,0,0,0,0,0,0,0,0,0,0,0,0,0,0,0,0,0,0,0,0,0,0,0,0,0,0,0,0,0,0,0,0,0,0,0,978730,220834567,94922509,0,0,0,0,0,0,0,0,0,0,0,0,0,0,0,0,0,0,0,0,0,0,0,0,0,0,0,0,0,0,0,0,0,0,0,0,0,12883001344,3800367104,786316,231956,0,116,786432,220047134,0,0,3537740670,12884901888,93643610,410781906,0,0,0,0,0,0,0,0,0,0,0,0,0,0,0,0,0,0,23210585,23210772,0,97,97,6268,329,46421130,35,0,0,0,0,0,0,0,1,0,0,0,0,0,0,0,0,0,0,26100495,0,57216218,492139,0,0,0,0,0,0,0,0,16384,0,0,0,0,0,0,0,0,0,0,0,3703,610,0,0,0,0,0,70558209,0,271,0,6,610,3703,0,0,0,0,0,0,0,0,0,0,0,0,0,0,0,0,0,0,0,0,0,0,0,0,0,0,0,0,0,0,0,0,0,0,0,0,0,0,0,0,0,0,0,0,0,0,0,0,0,0,0,0,0,300675668,0,0,0,349601477,0,0,0,0,0,0,0,102383174,220728592,433072601,155775259136,56577046,0,0,0,0,0,0,0,0,0,0,0,0,0,0,0,0,0,0,0,0,0,0,0,0,0,0,0,0,0,0,0,250776735,0,0,0,0,0
1788888596.757,0,0,0,0,0,0,0,725787396,3616796654080,1739619678208,0,0,0,0,0,0,0,0,0,0,0,0,0,0,0,0,0,0,0,0,0,0,0,0,0,0,0,0,0,0,0,0,0,0,0,0,0,0,0,0,0,0,0,0,0,0,0,0,0,0,0,0,0,0,0,0,0,0,978794,220875105,94937637,0,0,0,0,0,0,0,0,0,0,0,0,0,0,0,0,0,0,0,0,0,0,0,0,0,0,0,0,0,0,0,0,0,0,0,0,0,12883165184,3810148352,786327,232553,0,105,786432,220087574,0,0,3538166456,12884901888,93679565,410826544,0,0,0,0,0,0,0,0,0,0,0,0,0,0,0,0,0,0,23213431,23213620,0,97,97,6268,329,46426814,35,0,0,0,0,0,0,0,1,0,0,0,0,0,0,0,0,0,0,26103699,0,57220575,492177,0,0,0,0,0,0,0,0,16384,0,0,0,0,0,0,0,0,0,0,0,3704,610,0,0,0,0,0,70566867,0,271,0,6,610,3704,0,0,0,0,0,0,0,0,0,0,0,0,0,0,0,0,0,0,0,0,0,0,0,0,0,0,0,0,0,0,0,0,0,0,0,0,0,0,0,0,0,0,0,0,0,0,0,0,0,0,0,0,0,300716240,0,0,0,349641804,0,0,0,0,0,0,0,102411366,220769067,433138970,155796081152,56593961,1,1,0,0,0,0,0,0,0,0,0,0,0,0,0,0,0,0,0,0,0,0,0,0,0,0,0,0,0,0,0,250779583,0,0,0,0,0
1788888597.785,0,0,0,0,0,0,0,725872963,3617453783552,1739830323200,0,0,0,0,0,0,0,0,0,0,0,0,0,0,0,0,0,0,0,0,0,0,0,0,0,0,0,0,0,0,0,0,0,0,0,0,0,0,0,0,0,0,0,0,0,0,0,0,0,0,0,0,0,0,0,0,0,0,978802,220915300,94949040,0,0,0,0,0,0,0,0,0,0,0,0,0,0,0,0,0,0,0,0,0,0,0,0,0,0,0,0,0,0,0,0,0,0,0,0,0,12882952192,3878305792,786313,236713,0,119,786432,220127675,0,0,3538589892,12884901888,93718546,410871560,0,0,0,0,0,0,0,0,0,0,0,0,0,0,0,0,0,0,23216258,23216445,0,97,97,6268,329,46432477,35,0,0,0,0,0,0,0,1,0,0,0,0,0,0,0,0,0,0,26106877,0,57220703,492178,0,0,0,0,0,0,0,0,16384,0,0,0,0,0,0,0,0,0,0,0,3705,610,0,0,0,0,0,70575472,0,271,0,6,610,3705,0,0,0,0,0,0,0,0,0,0,0,0,0,0,0,0,0,0,0,0,0,0,0,0,0,0,0,0,0,0,0,0,0,0,0,0,0,0,0,0,0,0,0,0,0,0,0,0,0,0,0,0,0,300756121,0,0,0,349681832,0,0,0,0,0,0,0,102441448,220809199,433201423,155816624128,56612799,1,0,0,0,0,0,0,0,0,0,0,0,0,0,0,0,0,0,0,0,0,0,0,0,0,0,0,0,0,0,0,250782408,0,0,0,0,0
1788888598.811,0,0,0,0,0,0,0,725963307,3618151135744,1740117665280,0,0,0,0,0,0,0,0,0,0,0,0,0,0,0,0,0,0,0,0,0,0,0,0,0,0,0,0,0,0,0,0,0,0,0,0,0,0,0,0,0,0,0,0,0,0,0,0,0,0,0,0,0,0,0,0,0,0,978811,220957952,94965056,0,0,0,0,0,0,0,0,0,0,0,0,0,0,0,0,0,0,0,0,0,0,0,0,0,0,0,0,0,0,0,0,0,0,0,0,0,12883066880,3884875776,786320,237114,0,112,786432,220170210,0,0,3539036727,12884901888,93756553,410918418,0,0,0,0,0,0,0,0,0,0,0,0,0,0,0,0,0,0,23219240,23219430,0,97,97,6268,329,46438425,35,0,0,0,0,0,0,0,1,0,0,0,0,0,0,0,0,0,0,26110233,0,57224924,492214,0,0,0,0,0,0,0,0,16384,0,0,0,0,0,0,0,0,0,0,0,3706,610,0,0,0,0,0,70584533,0,271,0,6,610,3706,0,0,0,0,0,0,0,0,0,0,0,0,0,0,0,0,0,0,0,0,0,0,0,0,0,0,0,0,0,0,0,0,0,0,0,0,0,0,0,0,0,0,0,0,0,0,0,0,0,0,0,0,0,300798484,0,0,0,349723972,0,0,0,0,0,0,0,102470519,220851776,433271491,155838410240,56629647,0,0,0,0,0,0,0,0,0,0,0,0,0,0,0,0,0,0,0,0,0,0,0,0,0,0,0,0,0,0,0,250785393,0,0,0,0,0
1788888599.838,0,0,0,0,0,0,0,726052334,3618837510656,1740343318016,0,0,0,0,0,0,0,0,0,0,0,0,0,0,0,0,0,0,0,0,0,0,0,0,0,0,0,0,0,0,0,0,0,0,0,0,0,0,0,0,0,0,0,0,0,0,0,0,0,0,0,0,0,0,0,0,0,0,978869,220999927,94977312,0,0,0,0,0,0,0,0,0,0,0,0,0,0,0,0,0,0,0,0,0,0,0,0,0,0,0,0,0,0,0,0,0,0,0,0,0,12882919424,3949887488,786311,241082,0,121,786432,220212057,0,0,3539477444,12884901888,93797249,410965311,0,0,0,0,0,0,0,0,0,0,0,0,0,0,0,0,0,0,23222196,23222380,0,97,97,6268,329,46444345,35,0,0,0,0,0,0,0,1,0,0,0,0,0,0,0,0,0,0,26113552,0,57225052,492215,0,0,0,0,0,0,0,0,16384,0,0,0,0,0,0,0,0,0,0,0,3708,610,0,0,0,0,0,70593495,0,271,0,6,610,3708,0,0,0,0,0,0,0,0,0,0,0,0,0,0,0,0,0,0,0,0,0,0,0,0,0,0,0,0,0,0,0,0,0,0,0,0,0,0,0,0,0,0,0,0,0,0,0,0,0,0,0,0,0,300840178,0,0,0,349765722,0,0,0,0,0,0,0,102501468,220893704,433337456,155859860992,56648503,1,0,0,0,0,0,0,0,0,0,0,0,0,0,0,0,0,0,0,0,0,0,0,0,0,0,0,0,0,0,0,250788342,0,0,0,0,0
1788888600.865,0,0,0,0,0,0,0,726134650,3619469490688,1740609601536,0,0,0,0,0,0,0,0,0,0,0,0,0,0,0,0,0,0,0,0,0,0,0,0,0,0,0,0,0,0,0,0,0,0,0,0,0,0,0,0,0,0,0,0,0,0,0,0,0,0,0,0,0,0,0,0,0,0,978976,221038574,94992173,0,0,0,0,0,0,0,0,0,0,0,0,0,0,0,0,0,0,0,0,0,0,0,0,0,0,0,0,0,0,0,0,0,0,0,0,0,12883083264,3949608960,786320,241066,0,111,786432,220250629,0,0,3539884427,12884901888,93831537,411007716,0,0,0,0,0,0,0,0,0,0,0,0,0,0,0,0,0,0,23224926,23225116,0,97,97,6268,329,46449808,35,0,0,0,0,0,0,0,1,0,0,0,0,0,0,0,0,0,0,26116626,0,57229279,492251,0,0,0,0,0,0,0,0,16384,0,0,0,0,0,0,0,0,0,0,0,3709,610,0,0,0,0,0,70601814,0,271,0,6,610,3709,0,0,0,0,0,0,0,0,0,0,0,0,0,0,0,0,0,0,0,0,0,0,0,0,0,0,0,0,0,0,0,0,0,0,0,0,0,0,0,0,0,0,0,0,0,0,0,0,0,0,0,0,0,300878517,0,0,0,349804154,0,0,0,0,0,0,0,102530444,220932281,433401211,155879551488,56666282,0,0,0,0,0,0,0,0,0,0,0,0,0,0,0,0,0,0,0,0,0,0,0,0,0,0,0,0,0,0,0,250791076,0,0,0,0,0
1788888601.892,0,0,0,0,0,0,0,726212523,3620063607296,1740808912384,0,0,0,0,0,0,0,0,0,0,0,0,0,0,0,0,0,0,0,0,0,0,0,0,0,0,0,0,0,0,0,0,0,0,0,0,0,0,0,0,0,0,0,0,0,0,0,0,0,0,0,0,0,0,0,0,0,0,979105,221074911,95003026,0,0,0,0,0,0,0,0,0,0,0,0,0,0,0,0,0,0,0,0,0,0,0,0,0,0,0,0,0,0,0,0,0,0,0,0,0,12883099648,4003938304,786323,244381,0,109,786432,220286887,0,0,3540268338,12884901888,93866907,411048198,0,0,0,0,0,0,0,0,0,0,0,0,0,0,0,0,0,0,23227503,23227693,0,97,97,6268,329,46454963,35,0,0,0,0,0,0,0,1,0,0,0,0,0,0,0,0,0,0,26119528,0,57229407,492252,0,0,0,0,0,0,0,0,16384,0,0,0,0,0,0,0,0,0,0,0,3710,610,0,0,0,0,0,70609656,0,271,0,6,610,3710,0,0,0,0,0,0,0,0,0,0,0,0,0,0,0,0,0,0,0,0,0,0,0,0,0,0,0,0,0,0,0,0,0,0,0,0,0,0,0,0,0,0,0,0,0,0,0,0,0,0,0,0,0,300914673,0,0,0,349840609,0,0,0,0,0,0,0,102558839,220968570,433458866,155898138112,56683974,0,0,0,0,0,0,0,0,0,0,0,0,0,0,0,0,0,0,0,0,0,0,0,0,0,0,0,0,0,0,0,250793656,0,0,0,0,0
1788888602.919,0,0,0,0,0,0,0,726288373,3620648860160,1741006522368,0,0,0,0,0,0,0,0,0,0,0,0,0,0,0,0,0,0,0,0,0,0,0,0,0,0,0,0,0,0,0,0,0,0,0,0,0,0,0,0,0,0,0,0,0,0,0,0,0,0,0,0,0,0,0,0,0,0,979243,221110686,95013805,0,0,0,0,0,0,0,0,0,0,0,0,0,0,0,0,0,0,0,0,0,0,0,0,0,0,0,0,0,0,0,0,0,0,0,0,0,12883050496,4053991424,786319,247436,0,113,786432,220322587,0,0,3540641484,12884901888,93901787,411087779,0,0,0,0,0,0,0,0,0,0,0,0,0,0,0,0,0,0,23230016,23230203,0,97,97,6268,329,46459980,35,0,0,0,0,0,0,0,1,0,0,0,0,0,0,0,0,0,0,26122351,0,57229535,492253,0,0,0,0,0,0,0,0,16384,0,0,0,0,0,0,0,0,0,0,0,3711,610,0,0,0,0,0,70617274,0,271,0,6,610,3711,0,0,0,0,0,0,0,0,0,0,0,0,0,0,0,0,0,0,0,0,0,0,0,0,0,0,0,0,0,0,0,0,0,0,0,0,0,0,0,0,0,0,0,0,0,0,0,0,0,0,0,0,0,300949637,0,0,0,349876132,0,0,0,0,0,0,0,102586874,221004322,433515195,155916116480,56701377,1,0,0,0,0,0,0,0,0,0,0,0,0,0,0,0,0,0,0,0,0,0,0,0,0,0,0,0,0,0,0,250796164,0,0,0,0,0
1788888603.947,0,0,0,0,0,0,0,726380580,3621352864256,1741300056064,0,0,0,0,0,0,0,0,0,0,0,0,0,0,0,0,0,0,0,0,0,0,0,0,0,0,0,0,0,0,0,0,0,0,0,0,0,0,0,0,0,0,0,0,0,0,0,0,0,0,0,0,0,0,0,0,0,0,979462,221153734,95030160,0,0,0,0,0,0,0,0,0,0,0,0,0,0,0,0,0,0,0,0,0,0,0,0,0,0,0,0,0,0,0,0,0,0,0,0,0,12883296256,4054745088,786334,247482,0,98,786432,220365519,0,0,3541097902,12884901888,93938535,411137144,0,0,0,0,0,0,0,0,0,0,0,0,0,0,0,0,0,0,23233097,23233287,0,97,97,6268,329,46466157,35,0,0,0,0,0,0,0,1,0,0,0,0,0,0,0,0,0,0,26125820,0,57234181,492294,0,0,0,0,0,0,0,0,16384,0,0,0,0,0,0,0,0,0,0,0,3712,610,0,0,0,0,0,70626664,0,271,0,6,610,3712,0,0,0,0,0,0,0,0,0,0,0,0,0,0,0,0,0,0,0,0,0,0,0,0,0,0,0,0,0,0,0,0,0,0,0,0,0,0,0,0,0,0,0,0,0,0,0,0,0,0,0,0,0,300992540,0,0,0,349919545,0,0,0,0,0,0,0,102616344,221047318,433586104,155938180608,56718547,1,0,0,0,0,0,0,0,0,0,0,0,0,0,0,0,0,0,0,0,0,0,0,0,0,0,0,0,0,0,0,250798806,0,0,0,0,0
1788888604.974,0,0,0,0,0,0,0,726458288,3621947947520,1741503802368,0,0,0,0,0,0,0,0,0,0,0,0,0,0,0,0,0,0,0,0,0,0,0,0,0,0,0,0,0,0,0,0,0,0,0,0,0,0,0,0,0,0,0,0,0,0,0,0,0,0,0,0,0,0,0,0,0,0,979480,221190121,95041203,0,0,0,0,0,0,0,0,0,0,0,0,0,0,0,0,0,0,0,0,0,0,0,0,0,0,0,0,0,0,0,0,0,0,0,0,0,12883247104,4101062656,786331,250309,0,101,786432,220401807,0,0,3541490603,12884901888,93973799,411186429,0,0,0,0,0,0,0,0,0,0,0,0,0,0,0,0,0,0,23235697,23235883,0,97,97,6268,329,46471350,35,0,0,0,0,0,0,0,1,0,0,0,0,0,0,0,0,0,0,26128741,0,57234309,492295,0,0,0,0,0,0,0,0,16384,0,0,0,0,0,0,0,0,0,0,0,3713,610,0,0,0,0,0,70634562,0,271,0,6,610,3713,0,0,0,0,0,0,0,0,0,0,0,0,0,0,0,0,0,0,0,0,0,0,0,0,0,0,0,0,0,0,0,0,0,0,0,0,0,0,0,0,0,0,0,0,0,0,0,0,0,0,0,0,0,301030638,0,0,0,349959389,0,0,0,0,0,0,0,102645053,221083646,433646078,155957745664,56736358,1,0,0,0,0,0,0,0,0,0,0,0,0,0,0,0,0,0,0,0,0,0,0,0,0,0,0,0,0,0,0,250797815,0,0,0,0,0
1788888606.001,0,0,0,0,0,0,0,726542520,3622589692416,1741732956160,0,0,0,0,0,0,0,0,0,0,0,0,0,0,0,0,0,0,0,0,0,0,0,0,0,0,0,0,0,0,0,0,0,0,0,0,0,0,0,0,0,0,0,0,0,0,0,0,0,0,0,0,0,0,0,0,0,0,979486,221229341,95053646,0,0,0,0,0,0,0,0,0,0,0,0,0,0,0,0,0,0,0,0,0,0,0,0,0,0,0,0,0,0,0,0,0,0,0,0,0,12883689472,4144742400,786359,252975,0,73,786432,220440920,0,0,3541916820,12884901888,94010340,411240537,0,0,0,0,0,0,0,0,0,0,0,0,0,0,0,0,0,0,23238531,23238719,0,97,97,6268,329,46477018,35,0,0,0,0,0,0,0,1,0,0,0,0,0,0,0,0,0,0,26131931,0,57235181,492305,0,0,0,0,0,0,0,0,16384,0,0,0,0,0,0,0,0,0,0,0,3714,610,0,0,0,0,0,70643170,0,271,0,6,610,3714,0,0,0,0,0,0,0,0,0,0,0,0,0,0,0,0,0,0,0,0,0,0,0,0,0,0,0,0,0,0,0,0,0,0,0,0,0,0,0,0,0,0,0,0,0,0,0,0,0,0,0,0,0,301071775,0,0,0,350002849,0,0,0,0,0,0,0,102674338,221122856,433710988,155978893824,56754243,1,1,0,0,0,0,0,0,0,0,0,0,0,0,0,0,0,0,0,0,0,0,0,0,0,0,0,0,0,0,0,250796685,0,0,0,0,0
1788888607.030,0,0,0,0,0,0,0,726633261,3623283964416,1742016445952,0,0,0,0,0,0,0,0,0,0,0,0,0,0,0,0,0,0,0,0,0,0,0,0,0,0,0,0,0,0,0,0,0,0,0,0,0,0,0,0,0,0,0,0,0,0,0,0,0,0,0,0,0,0,0,0,0,0,979492,221271833,95069371,0,0,0,0,0,0,0,0,0,0,0,0,0,0,0,0,0,0,0,0,0,0,0,0,0,0,0,0,0,0,0,0,0,0,0,0,0,12883001344,4152426496,786316,253444,0,116,786432,220483335,0,0,3542381276,12884901888,94049629,411303599,0,0,0,0,0,0,0,0,0,0,0,0,0,0,0,0,0,0,23241561,23241751,0,97,97,6268,329,46483085,35,0,0,0,0,0,0,0,1,0,0,0,0,0,0,0,0,0,0,26135341,0,57238517,492330,0,0,0,0,0,0,0,0,16384,0,0,0,0,0,0,0,0,0,0,0,3715,610,0,0,0,0,0,70652404,0,271,0,6,610,3715,0,0,0,0,0,0,0,0,0,0,0,0,0,0,0,0,0,0,0,0,0,0,0,0,0,0,0,0,0,0,0,0,0,0,0,0,0,0,0,0,0,0,0,0,0,0,0,0,0,0,0,0,0,301117245,0,0,0,350051582,0,0,0,0,0,0,0,102703750,221165236,433784548,156002252800,56770790,0,0,0,0,0,0,0,0,0,0,0,0,0,0,0,0,0,0,0,0,0,0,0,0,0,0,0,0,0,0,0,250793210,0,0,0,0,0
1788888608.057,0,0,0,0,0,0,0,726729764,3624023259648,1742324494848,0,0,0,0,0,0,0,0,0,0,0,0,0,0,0,0,0,0,0,0,0,0,0,0,0,0,0,0,0,0,0,0,0,0,0,0,0,0,0,0,0,0,0,0,0,0,0,0,0,0,0,0,0,0,0,0,0,0,979498,221317035,95086428,0,0,0,0,0,0,0,0,0,0,0,0,0,0,0,0,0,0,0,0,0,0,0,0,0,0,0,0,0,0,0,0,0,0,0,0,0,12883492864,4155670528,786346,253642,0,86,786432,220528402,0,0,3542875408,12884901888,94090032,411370736,0,0,0,0,0,0,0,0,0,0,0,0,0,0,0,0,0,0,23244786,23244978,0,97,97,6268,329,46489509,35,0,0,0,0,0,0,0,1,0,0,0,0,0,0,0,0,0,0,26138955,0,57242747,492365,0,0,0,0,0,0,0,0,16384,0,0,0,0,0,0,0,0,0,0,0,3716,610,0,0,0,0,0,70662155,0,271,0,6,610,3716,0,0,0,0,0,0,0,0,0,0,0,0,0,0,0,0,0,0,0,0,0,0,0,0,0,0,0,0,0,0,0,0,0,0,0,0,0,0,0,0,0,0,0,0,0,0,0,0,0,0,0,0,0,301165848,0,0,0,350103231,0,0,0,0,0,0,0,102733719,221210374,433862856,156027206656,56787572,1,0,0,0,0,0,0,0,0,0,0,0,0,0,0,0,0,0,0,0,0,0,0,0,0,0,0,0,0,0,0,250789521,0,0,0,0,0
1788888609.086,0,0,0,0,0,0,0,726829747,3624789047808,1742641576960,0,0,0,0,0,0,0,0,0,0,0,0,0,0,0,0,0,0,0,0,0,0,0,0,0,0,0,0,0,0,0,0,0,0,0,0,0,0,0,0,0,0,0,0,0,0,0,0,0,0,0,0,0,0,0,0,0,0,979511,221363883,95104036,0,0,0,0,0,0,0,0,0,0,0,0,0,0,0,0,0,0,0,0,0,0,0,0,0,0,0,0,0,0,0,0,0,0,0,0,0,12883279872,4159930368,786333,253902,0,100,786432,220575131,0,0,3543380631,12884901888,94131706,411433655,0,0,0,0,0,0,0,0,0,0,0,0,0,0,0,0,0,0,23248130,23248319,0,97,97,6268,329,46496206,35,0,0,0,0,0,0,0,1,0,0,0,0,0,0,0,0,0,0,26142723,0,57246961,492400,0,0,0,0,0,0,0,0,16384,0,0,0,0,0,0,0,0,0,0,0,3717,610,0,0,0,0,0,70672350,0,271,0,6,610,3717,0,0,0,0,0,0,0,0,0,0,0,0,0,0,0,0,0,0,0,0,0,0,0,0,0,0,0,0,0,0,0,0,0,0,0,0,0,0,0,0,0,0,0,0,0,0,0,0,0,0,0,0,0,301214546,0,0,0,350154064,0,0,0,0,0,0,0,102765594,221257131,433942436,156052237824,56805638,0,0,0,0,0,0,0,0,0,0,0,0,0,0,0,0,0,0,0,0,0,0,0,0,0,0,0,0,0,0,0,250788669,0,0,0,0,0
1788888610.114,0,0,0,0,0,0,0,726922754,3625499965952,1742881575936,0,0,0,0,0,0,0,0,0,0,0,0,0,0,0,0,0,0,0,0,0,0,0,0,0,0,0,0,0,0,0,0,0,0,0,0,0,0,0,0,0,0,0,0,0,0,0,0,0,0,0,0,0,0,0,0,0,0,979521,221407383,95116995,0,0,0,0,0,0,0,0,0,0,0,0,0,0,0,0,0,0,0,0,0,0,0,0,0,0,0,0,0,0,0,0,0,0,0,0,0,12883017728,4223188992,786317,257763,0,114,786432,220618515,0,0,3543855549,12884901888,94170656,411497693,0,0,0,0,0,0,0,0,0,0,0,0,0,0,0,0,0,0,23251261,23251451,0,97,97,6268,329,46502475,35,0,0,0,0,0,0,0,1,0,0,0,0,0,0,0,0,0,0,26146251,0,57247835,492409,0,0,0,0,0,0,0,0,16384,0,0,0,0,0,0,0,0,0,0,0,3718,610,0,0,0,0,0,70681896,0,271,0,6,610,3718,0,0,0,0,0,0,0,0,0,0,0,0,0,0,0,0,0,0,0,0,0,0,0,0,0,0,0,0,0,0,0,0,0,0,0,0,0,0,0,0,0,0,0,0,0,0,0,0,0,0,0,0,0,301260618,0,0,0,350203806,0,0,0,0,0,0,0,102796735,221300538,434013436,156075938304,56824599,1,0,0,0,0,0,0,0,0,0,0,0,0,0,0,0,0,0,0,0,0,0,0,0,0,0,0,0,0,0,0,250785693,0,0,0,0,0
1788888611.141,0,0,0,0,0,0,0,727003913,3626121656832,1743107383296,0,0,0,0,0,0,0,0,0,0,0,0,0,0,0,0,0,0,0,0,0,0,0,0,0,0,0,0,0,0,0,0,0,0,0,0,0,0,0,0,0,0,0,0,0,0,0,0,0,0,0,0,0,0,0,0,0,0,979527,221445409,95129251,0,0,0,0,0,0,0,0,0,0,0,0,0,0,0,0,0,0,0,0,0,0,0,0,0,0,0,0,0,0,0,0,0,0,0,0,0,12877053952,4261888000,785953,260125,372,107,786432,220656458,0,0,3544272769,12884901888,94206511,411555967,0,0,0,0,0,0,0,0,0,0,0,0,0,0,0,0,0,0,23253982,23254171,0,97,97,6268,329,46507915,35,0,0,0,0,0,0,0,1,0,0,0,0,0,0,0,0,0,0,26149310,0,57249048,492420,0,0,0,0,0,0,0,0,16384,0,0,0,0,0,0,0,0,0,0,0,3719,610,0,0,0,0,0,70690178,0,271,0,6,610,3719,0,0,0,0,0,0,0,0,0,0,0,0,0,0,0,0,0,0,0,0,0,0,0,0,0,0,0,0,0,0,0,0,0,0,0,0,0,0,0,0,0,0,0,0,0,0,0,0,0,0,0,0,0,301301616,0,0,0,350248200,0,0,0,0,0,0,0,102826425,221338500,434077674,156096997888,56843132,1,0,0,0,0,0,0,0,0,0,0,0,0,0,0,0,0,0,0,0,0,0,0,0,0,0,0,0,0,0,0,250781900,0,0,0,0,0
1788888612.168,0,0,0,0,0,0,0,727088288,3626763975168,1743364098560,0,0,0,0,0,0,0,0,0,0,0,0,0,0,0,0,0,0,0,0,0,0,0,0,0,0,0,0,0,0,0,0,0,0,0,0,0,0,0,0,0,0,0,0,0,0,0,0,0,0,0,0,0,0,0,0,0,0,979539,221484692,95143524,0,0,0,0,0,0,0,0,0,0,0,0,0,0,0,0,0,0,0,0,0,0,0,0,0,0,0,0,0,0,0,0,0,0,0,0,0,12882968576,4271554560,786314,260715,0,118,786432,220695644,0,0,3544690260,12884901888,94241967,411600148,0,0,0,0,0,0,0,0,0,0,0,0,0,0,0,0,0,0,23256789,23256975,0,97,97,6268,329,46513538,35,0,0,0,0,0,0,0,1,0,0,0,0,0,0,0,0,0,0,26152466,0,57252128,492445,0,0,0,0,0,0,0,0,16384,0,0,0,0,0,0,0,0,0,0,0,3720,610,0,0,0,0,0,70698710,0,271,0,6,610,3720,0,0,0,0,0,0,0,0,0,0,0,0,0,0,0,0,0,0,0,0,0,0,0,0,0,0,0,0,0,0,0,0,0,0,0,0,0,0,0,0,0,0,0,0,0,0,0,0,0,0,0,0,0,301341254,0,0,0,350287792,0,0,0,0,0,0,0,102855286,221377701,434142664,156117358592,56860496,1,1,0,0,0,0,0,0,0,0,0,0,0,0,0,0,0,0,0,0,0,0,0,0,0,0,0,0,0,0,0,250784538,0,0,0,0,0
1788888613.197,0,0,0,0,0,0,0,727182202,3627484887552,1743659132416,0,0,0,0,0,0,0,0,0,0,0,0,0,0,0,0,0,0,0,0,0,0,0,0,0,0,0,0,0,0,0,0,0,0,0,0,0,0,0,0,0,0,0,0,0,0,0,0,0,0,0,0,0,0,0,0,0,0,979552,221528763,95159962,0,0,0,0,0,0,0,0,0,0,0,0,0,0,0,0,0,0,0,0,0,0,0,0,0,0,0,0,0,0,0,0,0,0,0,0,0,12883116032,4278140928,786323,261117,0,109,786432,220739602,0,0,3545154181,12884901888,94281507,411649043,0,0,0,0,0,0,0,0,0,0,0,0,0,0,0,0,0,0,23259895,23260085,0,97,97,6268,329,46519742,35,0,0,0,0,0,0,0,1,0,0,0,0,0,0,0,0,0,0,26155964,0,57256037,492478,0,0,0,0,0,0,0,0,16384,0,0,0,0,0,0,0,0,0,0,0,3721,610,0,0,0,0,0,70708157,0,271,0,6,610,3721,0,0,0,0,0,0,0,0,0,0,0,0,0,0,0,0,0,0,0,0,0,0,0,0,0,0,0,0,0,0,0,0,0,0,0,0,0,0,0,0,0,0,0,0,0,0,0,0,0,0,0,0,0,301385201,0,0,0,350331671,0,0,0,0,0,0,0,102884631,221421711,434215431,156139915776,56876888,1,0,0,0,0,0,0,0,0,0,0,0,0,0,0,0,0,0,0,0,0,0,0,0,0,0,0,0,0,0,0,250787647,0,0,0,0,0
1788888614.225,0,0,0,0,0,0,0,727261009,3628089670144,1743861890560,0,0,0,0,0,0,0,0,0,0,0,0,0,0,0,0,0,0,0,0,0,0,0,0,0,0,0,0,0,0,0,0,0,0,0,0,0,0,0,0,0,0,0,0,0,0,0,0,0,0,0,0,0,0,0,0,0,0,979582,221565765,95170983,0,0,0,0,0,0,0,0,0,0,0,0,0,0,0,0,0,0,0,0,0,0,0,0,0,0,0,0,0,0,0,0,0,0,0,0,0,12882984960,4328898560,786315,264215,0,117,786432,220776512,0,0,3545543881,12884901888,94317420,411690016,0,0,0,0,0,0,0,0,0,0,0,0,0,0,0,0,0,0,23262503,23262693,0,97,97,6268,329,46524961,35,0,0,0,0,0,0,0,1,0,0,0,0,0,0,0,0,0,0,26158898,0,57256165,492479,0,0,0,0,0,0,0,0,16384,0,0,0,0,0,0,0,0,0,0,0,3722,610,0,0,0,0,0,70716084,0,271,0,6,610,3722,0,0,0,0,0,0,0,0,0,0,0,0,0,0,0,0,0,0,0,0,0,0,0,0,0,0,0,0,0,0,0,0,0,0,0,0,0,0,0,0,0,0,0,0,0,0,0,0,0,0,0,0,0,301422302,0,0,0,350368521,0,0,0,0,0,0,0,102911631,221458641,434274372,156159010816,56893025,1,0,0,0,0,0,0,0,0,0,0,0,0,0,0,0,0,0,0,0,0,0,0,0,0,0,0,0,0,0,0,250790256,0,0,0,0,0
1788888615.252,0,0,0,0,0,0,0,727345191,3628735838720,1744135309824,0,0,0,0,0,0,0,0,0,0,0,0,0,0,0,0,0,0,0,0,0,0,0,0,0,0,0,0,0,0,0,0,0,0,0,0,0,0,0,0,0,0,0,0,0,0,0,0,0,0,0,0,0,0,0,0,0,0,979629,221605293,95186254,0,0,0,0,0,0,0,0,0,0,0,0,0,0,0,0,0,0,0,0,0,0,0,0,0,0,0,0,0,0,0,0,0,0,0,0,0,12882968576,4324474880,786314,263945,0,118,786432,220815944,0,0,3545959602,12884901888,94352560,411733793,0,0,0,0,0,0,0,0,0,0,0,0,0,0,0,0,0,0,23265283,23265470,0,97,97,6268,329,46530529,35,0,0,0,0,0,0,0,1,0,0,0,0,0,0,0,0,0,0,26162021,0,57260265,492513,0,0,0,0,0,0,0,0,16384,0,0,0,0,0,0,0,0,0,0,0,3723,610,0,0,0,0,0,70724534,0,271,0,6,610,3723,0,0,0,0,0,0,0,0,0,0,0,0,0,0,0,0,0,0,0,0,0,0,0,0,0,0,0,0,0,0,0,0,0,0,0,0,0,0,0,0,0,0,0,0,0,0,0,0,0,0,0,0,0,301461669,0,0,0,350407804,0,0,0,0,0,0,0,102940901,221498112,434340121,156179271168,56910611,1,0,0,0,0,0,0,0,0,0,0,0,0,0,0,0,0,0,0,0,0,0,0,0,0,0,0,0,0,0,0,250793032,0,0,0,0,0
1788888616.279,0,0,0,0,0,0,0,727420861,3629318666752,1744351237632,0,0,0,0,0,0,0,0,0,0,0,0,0,0,0,0,0,0,0,0,0,0,0,0,0,0,0,0,0,0,0,0,0,0,0,0,0,0,0,0,0,0,0,0,0,0,0,0,0,0,0,0,0,0,0,0,0,0,979671,221640935,95198151,0,0,0,0,0,0,0,0,0,0,0,0,0,0,0,0,0,0,0,0,0,0,0,0,0,0,0,0,0,0,0,0,0,0,0,0,0,12882903040,4354195456,786310,265759,0,121,786432,220851492,0,0,3546332673,12884901888,94387136,411773381,0,0,0,0,0,0,0,0,0,0,0,0,0,0,0,0,0,0,23267782,23267972,0,97,97,6268,329,46535523,35,0,0,0,0,0,0,0,1,0,0,0,0,0,0,0,0,0,0,26164835,0,57260393,492514,0,0,0,0,0,0,0,0,16384,0,0,0,0,0,0,0,0,0,0,0,3724,610,0,0,0,0,0,70732136,0,271,0,6,610,3724,0,0,0,0,0,0,0,0,0,0,0,0,0,0,0,0,0,0,0,0,0,0,0,0,0,0,0,0,0,0,0,0,0,0,0,0,0,0,0,0,0,0,0,0,0,0,0,0,0,0,0,0,0,301497056,0,0,0,350443248,0,0,0,0,0,0,0,102970135,221533703,434399069,156197435392,56928093,1,0,0,0,0,0,0,0,0,0,0,0,0,0,0,0,0,0,0,0,0,0,0,0,0,0,0,0,0,0,0,250795534,0,0,0,0,0
1788888617.306,0,0,0,0,0,0,0,727518295,3630064925184,1744686533120,0,0,0,0,0,0,0,0,0,0,0,0,0,0,0,0,0,0,0,0,0,0,0,0,0,0,0,0,0,0,0,0,0,0,0,0,0,0,0,0,0,0,0,0,0,0,0,0,0,0,0,0,0,0,0,0,0,0,979763,221686606,95216993,0,0,0,0,0,0,0,0,0,0,0,0,0,0,0,0,0,0,0,0,0,0,0,0,0,0,0,0,0,0,0,0,0,0,0,0,0,12883116032,4331225088,786323,264357,0,109,786432,220897050,0,0,3546814898,12884901888,94428209,411824077,0,0,0,0,0,0,0,0,0,0,0,0,0,0,0,0,0,0,23271009,23271200,0,97,97,6268,329,46541961,35,0,0,0,0,0,0,0,1,0,0,0,0,0,0,0,0,0,0,26168452,0,57264324,492547,0,0,0,0,0,0,0,0,16384,0,0,0,0,0,0,0,0,0,0,0,3725,610,0,0,0,0,0,70741907,0,271,0,6,610,3725,0,0,0,0,0,0,0,0,0,0,0,0,0,0,0,0,0,0,0,0,0,0,0,0,0,0,0,0,0,0,0,0,0,0,0,0,0,0,0,0,0,0,0,0,0,0,0,0,0,0,0,0,0,301542739,0,0,0,350488733,0,0,0,0,0,0,0,103002504,221579307,434478335,156220886016,56945190,1,0,0,0,0,0,0,0,0,0,0,0,0,0,0,0,0,0,0,0,0,0,0,0,0,0,0,0,0,0,0,250798749,0,0,0,0,0
1788888618.334,0,0,0,0,0,0,0,727596935,3630668724736,1744905783808,0,0,0,0,0,0,0,0,0,0,0,0,0,0,0,0,0,0,0,0,0,0,0,0,0,0,0,0,0,0,0,0,0,0,0,0,0,0,0,0,0,0,0,0,0,0,0,0,0,0,0,0,0,0,0,0,0,0,979910,221723529,95229071,0,0,0,0,0,0,0,0,0,0,0,0,0,0,0,0,0,0,0,0,0,0,0,0,0,0,0,0,0,0,0,0,0,0,0,0,0,12883165184,4367024128,786326,266542,0,106,786432,220933889,0,0,3547203352,12884901888,94463954,411865268,0,0,0,0,0,0,0,0,0,0,0,0,0,0,0,0,0,0,23273608,23273789,0,97,97,6268,329,46547172,35,0,0,0,0,0,0,0,1,0,0,0,0,0,0,0,0,0,0,26171379,0,57264580,492549,0,0,0,0,0,0,0,0,16384,0,0,0,0,0,0,0,0,0,0,0,3726,610,0,0,0,0,0,70749838,0,271,0,6,610,3726,0,0,0,0,0,0,0,0,0,0,0,0,0,0,0,0,0,0,0,0,0,0,0,0,0,0,0,0,0,0,0,0,0,0,0,0,0,0,0,0,0,0,0,0,0,0,0,0,0,0,0,0,0,301578530,0,0,0,350525521,0,0,0,0,0,0,0,103031738,221616207,434537944,156239337984,56962612,0,0,0,0,0,0,0,0,0,0,0,0,0,0,0,0,0,0,0,0,0,0,0,0,0,0,0,0,0,0,0,250801350,0,0,0,0,0
1788888619.362,0,0,0,0,0,0,0,727681604,3631315040768,1745183024128,0,0,0,0,0,0,0,0,0,0,0,0,0,0,0,0,0,0,0,0,0,0,0,0,0,0,0,0,0,0,0,0,0,0,0,0,0,0,0,0,0,0,0,0,0,0,0,0,0,0,0,0,0,0,0,0,0,0,980037,221763071,95244558,0,0,0,0,0,0,0,0,0,0,0,0,0,0,0,0,0,0,0,0,0,0,0,0,0,0,0,0,0,0,0,0,0,0,0,0,0,12882935808,4365582336,786312,266454,0,120,786432,220973333,0,0,3547621021,12884901888,94499145,411909221,0,0,0,0,0,0,0,0,0,0,0,0,0,0,0,0,0,0,23276394,23276580,0,97,97,6268,329,46552746,35,0,0,0,0,0,0,0,1,0,0,0,0,0,0,0,0,0,0,26174518,0,57268395,492581,0,0,0,0,0,0,0,0,16384,0,0,0,0,0,0,0,0,0,0,0,3727,610,0,0,0,0,0,70758333,0,271,0,6,610,3727,0,0,0,0,0,0,0,0,0,0,0,0,0,0,0,0,0,0,0,0,0,0,0,0,0,0,0,0,0,0,0,0,0,0,0,0,0,0,0,0,0,0,0,0,0,0,0,0,0,0,0,0,0,301618041,0,0,0,350565035,0,0,0,0,0,0,0,103060423,221655682,434604519,156259657728,56979259,1,0,0,0,0,0,0,0,0,0,0,0,0,0,0,0,0,0,0,0,0,0,0,0,0,0,0,0,0,0,0,250804143,0,0,0,0,0
1788888620.390,0,0,0,0,0,0,0,727773041,3632015014400,1745482739200,0,0,0,0,0,0,0,0,0,0,0,0,0,0,0,0,0,0,0,0,0,0,0,0,0,0,0,0,0,0,0,0,0,0,0,0,0,0,0,0,0,0,0,0,0,0,0,0,0,0,0,0,0,0,0,0,0,0,980203,221805874,95261302,0,0,0,0,0,0,0,0,0,0,0,0,0,0,0,0,0,0,0,0,0,0,0,0,0,0,0,0,0,0,0,0,0,0,0,0,0,12883116032,4361240576,786323,266189,0,109,786432,221016034,0,0,3548072721,12884901888,94537255,411956994,0,0,0,0,0,0,0,0,0,0,0,0,0,0,0,0,0,0,23279412,23279600,0,97,97,6268,329,46558778,35,0,0,0,0,0,0,0,1,0,0,0,0,0,0,0,0,0,0,26177914,0,57272373,492614,0,0,0,0,0,0,0,0,16384,0,0,0,0,0,0,0,0,0,0,0,3728,610,0,0,0,0,0,70767486,0,271,0,6,610,3728,0,0,0,0,0,0,0,0,0,0,0,0,0,0,0,0,0,0,0,0,0,0,0,0,0,0,0,0,0,0,0,0,0,0,0,0,0,0,0,0,0,0,0,0,0,0,0,0,0,0,0,0,0,301660901,0,0,0,350607765,0,0,0,0,0,0,0,103090264,221698421,434676771,156281759744,56996004,1,0,0,0,0,0,0,0,0,0,0,0,0,0,0,0,0,0,0,0,0,0,0,0,0,0,0,0,0,0,0,250807162,0,0,0,0,0
1788888621.417,0,0,0,0,0,0,0,727854196,3632634477056,1745709839360,0,0,0,0,0,0,0,0,0,0,0,0,0,0,0,0,0,0,0,0,0,0,0,0,0,0,0,0,0,0,0,0,0,0,0,0,0,0,0,0,0,0,0,0,0,0,0,0,0,0,0,0,0,0,0,0,0,0,980357,221843731,95273786,0,0,0,0,0,0,0,0,0,0,0,0,0,0,0,0,0,0,0,0,0,0,0,0,0,0,0,0,0,0,0,0,0,0,0,0,0,12878430208,4397875200,786037,268425,288,107,786432,221053800,0,0,3548473533,12884901888,94573616,411999350,0,0,0,0,0,0,0,0,0,0,0,0,0,0,0,0,0,0,23282097,23282279,0,97,97,6268,329,46564142,35,0,0,0,0,0,0,0,1,0,0,0,0,0,0,0,0,0,0,26180928,0,57272845,492618,0,0,0,0,0,0,0,0,16384,0,0,0,0,0,0,0,0,0,0,0,3729,610,0,0,0,0,0,70775625,0,271,0,6,610,3729,0,0,0,0,0,0,0,0,0,0,0,0,0,0,0,0,0,0,0,0,0,0,0,0,0,0,0,0,0,0,0,0,0,0,0,0,0,0,0,0,0,0,0,0,0,0,0,0,0,0,0,0,0,301698697,0,0,0,350645718,0,0,0,0,0,0,0,103120218,221736241,434738978,156301189632,57013953,1,0,0,0,0,0,0,0,0,0,0,0,0,0,0,0,0,0,0,0,0,0,0,0,0,0,0,0,0,0,0,250809841,0,0,0,0,0
1788888622.444,0,0,0,0,0,0,0,727936877,3633263114752,1745979375616,0,0,0,0,0,0,0,0,0,0,0,0,0,0,0,0,0,0,0,0,0,0,0,0,0,0,0,0,0,0,0,0,0,0,0,0,0,0,0,0,0,0,0,0,0,0,0,0,0,0,0,0,0,0,0,0,0,0,980507,221882199,95288859,0,0,0,0,0,0,0,0,0,0,0,0,0,0,0,0,0,0,0,0,0,0,0,0,0,0,0,0,0,0,0,0,0,0,0,0,0,12882968576,4396810240,786314,268360,0,118,786432,221092181,0,0,3548881784,12884901888,94608312,412042399,0,0,0,0,0,0,0,0,0,0,0,0,0,0,0,0,0,0,23284827,23285013,0,97,97,6268,329,46569595,35,0,0,0,0,0,0,0,1,0,0,0,0,0,0,0,0,0,0,26184003,0,57276338,492647,0,0,0,0,0,0,0,0,16384,0,0,0,0,0,0,0,0,0,0,0,3730,610,0,0,0,0,0,70783952,0,271,0,6,610,3730,0,0,0,0,0,0,0,0,0,0,0,0,0,0,0,0,0,0,0,0,0,0,0,0,0,0,0,0,0,0,0,0,0,0,0,0,0,0,0,0,0,0,0,0,0,0,0,0,0,0,0,0,0,301737570,0,0,0,350684338,0,0,0,0,0,0,0,103148687,221774629,434804363,156321190400,57030481,0,0,0,0,0,0,0,0,0,0,0,0,0,0,0,0,0,0,0,0,0,0,0,0,0,0,0,0,0,0,0,250812576,0,0,0,0,0
1788888623.471,0,0,0,0,0,0,0,728027543,3633958107648,1746272819712,0,0,0,0,0,0,0,0,0,0,0,0,0,0,0,0,0,0,0,0,0,0,0,0,0,0,0,0,0,0,0,0,0,0,0,0,0,0,0,0,0,0,0,0,0,0,0,0,0,0,0,0,0,0,0,0,0,0,980657,221924718,95305229,0,0,0,0,0,0,0,0,0,0,0,0,0,0,0,0,0,0,0,0,0,0,0,0,0,0,0,0,0,0,0,0,0,0,0,0,0,12883001344,4396646400,786316,268350,0,116,786432,221134579,0,0,3549329209,12884901888,94646149,412089514,0,0,0,0,0,0,0,0,0,0,0,0,0,0,0,0,0,0,23287815,23288007,0,97,97,6268,329,46575590,35,0,0,0,0,0,0,0,1,0,0,0,0,0,0,0,0,0,0,26187369,0,57280123,492679,0,0,0,0,0,0,0,0,16384,0,0,0,0,0,0,0,0,0,0,0,3731,610,0,0,0,0,0,70793031,0,271,0,6,610,3731,0,0,0,0,0,0,0,0,0,0,0,0,0,0,0,0,0,0,0,0,0,0,0,0,0,0,0,0,0,0,0,0,0,0,0,0,0,0,0,0,0,0,0,0,0,0,0,0,0,0,0,0,0,301780318,0,0,0,350726718,0,0,0,0,0,0,0,103179229,221817064,434875958,156343142912,57048043,0,0,0,0,0,0,0,0,0,0,0,0,0,0,0,0,0,0,0,0,0,0,0,0,0,0,0,0,0,0,0,250815568,0,0,0,0,0
1788888624.498,0,0,0,0,0,0,0,728106192,3634551831040,1746488293888,0,0,0,0,0,0,0,0,0,0,0,0,0,0,0,0,0,0,0,0,0,0,0,0,0,0,0,0,0,0,0,0,0,0,0,0,0,0,0,0,0,0,0,0,0,0,0,0,0,0,0,0,0,0,0,0,0,0,980812,221961006,95316938,0,0,0,0,0,0,0,0,0,0,0,0,0,0,0,0,0,0,0,0,0,0,0,0,0,0,0,0,0,0,0,0,0,0,0,0,0,12882837504,4435771392,786307,270738,1,124,786432,221170789,0,0,3549716839,12884901888,94681433,412130354,0,0,0,0,0,0,0,0,0,0,0,0,0,0,0,0,0,0,23290423,23290611,0,97,97,6268,329,46580793,35,0,0,0,0,0,0,0,1,0,0,0,0,0,0,0,0,0,0,26190300,0,57280251,492681,0,0,0,0,0,0,0,0,16384,0,0,0,0,0,0,0,0,0,0,0,3732,610,0,0,0,0,0,70800960,0,271,0,6,610,3732,0,0,0,0,0,0,0,0,0,0,0,0,0,0,0,0,0,0,0,0,0,0,0,0,0,0,0,0,0,0,0,0,0,0,0,0,0,0,0,0,0,0,0,0,0,0,0,0,0,0,0,0,0,301817168,0,0,0,350763428,0,0,0,0,0,0,0,103208784,221853326,434936114,156362054656,57066060,1,0,0,0,0,0,0,0,0,0,0,0,0,0,0,0,0,0,0,0,0,0,0,0,0,0,0,0,0,0,0,250818174,0,0,0,0,0
1788888625.526,0,0,0,0,0,0,0,728200890,3635272579584,1746791757824,0,0,0,0,0,0,0,0,0,0,0,0,0,0,0,0,0,0,0,0,0,0,0,0,0,0,0,0,0,0,0,0,0,0,0,0,0,0,0,0,0,0,0,0,0,0,0,0,0,0,0,0,0,0,0,0,0,0,980993,222005107,95333966,0,0,0,0,0,0,0,0,0,0,0,0,0,0,0,0,0,0,0,0,0,0,0,0,0,0,0,0,0,0,0,0,0,0,0,0,0,12882903040,4437950464,786310,270871,0,122,786432,221214783,0,0,3550184856,12884901888,94721140,412179836,0,0,0,0,0,0,0,0,0,0,0,0,0,0,0,0,0,0,23293564,23293754,0,97,97,6268,329,46587077,35,0,0,0,0,0,0,0,1,0,0,0,0,0,0,0,0,0,0,26193833,0,57284040,492712,0,0,0,0,0,0,0,0,16384,0,0,0,0,0,0,0,0,0,0,0,3733,610,0,0,0,0,0,70810505,0,271,0,6,610,3733,0,0,0,0,0,0,0,0,0,0,0,0,0,0,0,0,0,0,0,0,0,0,0,0,0,0,0,0,0,0,0,0,0,0,0,0,0,0,0,0,0,0,0,0,0,0,0,0,0,0,0,0,0,301861520,0,0,0,350807731,0,0,0,0,0,0,0,103240035,221897346,435010529,156384908288,57083701,1,0,0,0,0,0,0,0,0,0,0,0,0,0,0,0,0,0,0,0,0,0,0,0,0,0,0,0,0,0,0,250821317,0,0,0,0,0
1788888626.552,0,0,0,0,0,0,0,728276818,3635853195776,1747000069120,0,0,0,0,0,0,0,0,0,0,0,0,0,0,0,0,0,0,0,0,0,0,0,0,0,0,0,0,0,0,0,0,0,0,0,0,0,0,0,0,0,0,0,0,0,0,0,0,0,0,0,0,0,0,0,0,0,0,981119,222040626,95345388,0,0,0,0,0,0,0,0,0,0,0,0,0,0,0,0,0,0,0,0,0,0,0,0,0,0,0,0,0,0,0,0,0,0,0,0,0,12883034112,4476125184,786317,273201,0,115,786432,221250230,0,0,3550558616,12884901888,94755763,412219231,0,0,0,0,0,0,0,0,0,0,0,0,0,0,0,0,0,0,23296073,23296261,0,97,97,6268,329,46592109,35,0,0,0,0,0,0,0,1,0,0,0,0,0,0,0,0,0,0,26196654,0,57284168,492713,0,0,0,0,0,0,0,0,16384,0,0,0,0,0,0,0,0,0,0,0,3734,610,0,0,0,0,0,70818122,0,271,0,6,610,3734,0,0,0,0,0,0,0,0,0,0,0,0,0,0,0,0,0,0,0,0,0,0,0,0,0,0,0,0,0,0,0,0,0,0,0,0,0,0,0,0,0,0,0,0,0,0,0,0,0,0,0,0,0,301897163,0,0,0,350843251,0,0,0,0,0,0,0,103269096,221932813,435068810,156403209728,57101494,0,0,0,0,0,0,0,0,0,0,0,0,0,0,0,0,0,0,0,0,0,0,0,0,0,0,0,0,0,0,0,250823824,0,0,0,0,0
1788888627.580,0,0,0,0,0,0,0,728368872,3636551744000,1747301511168,0,0,0,0,0,0,0,0,0,0,0,0,0,0,0,0,0,0,0,0,0,0,0,0,0,0,0,0,0,0,0,0,0,0,0,0,0,0,0,0,0,0,0,0,0,0,0,0,0,0,0,0,0,0,0,0,0,0,981293,222083375,95362231,0,0,0,0,0,0,0,0,0,0,0,0,0,0,0,0,0,0,0,0,0,0,0,0,0,0,0,0,0,0,0,0,0,0,0,0,0,12883132416,4471455744,786324,272916,0,108,786432,221292873,0,0,3551013080,12884901888,94794435,412267170,0,0,0,0,0,0,0,0,0,0,0,0,0,0,0,0,0,0,23299115,23299302,0,97,97,6268,329,46598200,35,0,0,0,0,0,0,0,1,0,0,0,0,0,0,0,0,0,0,26200074,0,57288015,492745,0,0,0,0,0,0,0,0,16384,0,0,0,0,0,0,0,0,0,0,0,3735,610,0,0,0,0,0,70827338,0,271,0,6,610,3735,0,0,0,0,0,0,0,0,0,0,0,0,0,0,0,0,0,0,0,0,0,0,0,0,0,0,0,0,0,0,0,0,0,0,0,0,0,0,0,0,0,0,0,0,0,0,0,0,0,0,0,0,0,301940316,0,0,0,350886263,0,0,0,0,0,0,0,103299404,221975492,435141647,156425389056,57118448,1,0,0,0,0,0,0,0,0,0,0,0,0,0,0,0,0,0,0,0,0,0,0,0,0,0,0,0,0,0,0,250826864,0,0,0,0,0
1788888628.607,0,0,0,0,0,0,0,728452231,3637185264128,1747532119040,0,0,0,0,0,0,0,0,0,0,0,0,0,0,0,0,0,0,0,0,0,0,0,0,0,0,0,0,0,0,0,0,0,0,0,0,0,0,0,0,0,0,0,0,0,0,0,0,0,0,0,0,0,0,0,0,0,0,981494,222122108,95374879,0,0,0,0,0,0,0,0,0,0,0,0,0,0,0,0,0,0,0,0,0,0,0,0,0,0,0,0,0,0,0,0,0,0,0,0,0,12883197952,4510646272,786328,275308,0,105,786432,221331509,0,0,3551424525,12884901888,94832164,412310902,0,0,0,0,0,0,0,0,0,0,0,0,0,0,0,0,0,0,23301869,23302057,0,97,97,6268,329,46603691,35,0,0,0,0,0,0,0,1,0,0,0,0,0,0,0,0,0,0,26203170,0,57288143,492746,0,0,0,0,0,0,0,0,16384,0,0,0,0,0,0,0,0,0,0,0,3736,610,0,0,0,0,0,70835707,0,271,0,6,610,3736,0,0,0,0,0,0,0,0,0,0,0,0,0,0,0,0,0,0,0,0,0,0,0,0,0,0,0,0,0,0,0,0,0,0,0,0,0,0,0,0,0,0,0,0,0,0,0,0,0,0,0,0,0,301979342,0,0,0,350925211,0,0,0,0,0,0,0,103330786,222014179,435205732,156445479424,57137340,1,0,0,0,0,0,0,0,0,0,0,0,0,0,0,0,0,0,0,0,0,0,0,0,0,0,0,0,0,0,0,250829617,0,0,0,0,0
1788888629.635,0,0,0,0,0,0,0,728541577,3637865298432,1747826522624,0,0,0,0,0,0,0,0,0,0,0,0,0,0,0,0,0,0,0,0,0,0,0,0,0,0,0,0,0,0,0,0,0,0,0,0,0,0,0,0,0,0,0,0,0,0,0,0,0,0,0,0,0,0,0,0,0,0,981610,222163720,95391353,0,0,0,0,0,0,0,0,0,0,0,0,0,0,0,0,0,0,0,0,0,0,0,0,0,0,0,0,0,0,0,0,0,0,0,0,0,12883083264,4502929408,786321,274837,0,111,786432,221372992,0,0,3551865147,12884901888,94869230,412357050,0,0,0,0,0,0,0,0,0,0,0,0,0,0,0,0,0,0,23304823,23305008,0,97,97,6268,329,46609602,35,0,0,0,0,0,0,0,1,0,0,0,0,0,0,0,0,0,0,26206492,0,57292094,492779,0,0,0,0,0,0,0,0,16384,0,0,0,0,0,0,0,0,0,0,0,3737,610,0,0,0,0,0,70844697,0,271,0,6,610,3737,0,0,0,0,0,0,0,0,0,0,0,0,0,0,0,0,0,0,0,0,0,0,0,0,0,0,0,0,0,0,0,0,0,0,0,0,0,0,0,0,0,0,0,0,0,0,0,0,0,0,0,0,0,302021111,0,0,0,350966990,0,0,0,0,0,0,0,103361326,222055718,435276359,156466941440,57154975,0,0,0,0,0,0,0,0,0,0,0,0,0,0,0,0,0,0,0,0,0,0,0,0,0,0,0,0,0,0,0,250832571,0,0,0,0,0
1788888630.662,0,0,0,0,0,0,0,728619416,3638458907136,1748040608256,0,0,0,0,0,0,0,0,0,0,0,0,0,0,0,0,0,0,0,0,0,0,0,0,0,0,0,0,0,0,0,0,0,0,0,0,0,0,0,0,0,0,0,0,0,0,0,0,0,0,0,0,0,0,0,0,0,0,981754,222200015,95403091,0,0,0,0,0,0,0,0,0,0,0,0,0,0,0,0,0,0,0,0,0,0,0,0,0,0,0,0,0,0,0,0,0,0,0,0,0,12883132416,4540776448,786324,277147,0,107,786432,221409213,0,0,3552249126,12884901888,94904460,412397737,0,0,0,0,0,0,0,0,0,0,0,0,0,0,0,0,0,0,23307394,23307582,0,97,97,6268,329,46614725,35,0,0,0,0,0,0,0,1,0,0,0,0,0,0,0,0,0,0,26209387,0,57292222,492780,0,0,0,0,0,0,0,0,16384,0,0,0,0,0,0,0,0,0,0,0,3738,610,0,0,0,0,0,70852532,0,271,0,6,610,3738,0,0,0,0,0,0,0,0,0,0,0,0,0,0,0,0,0,0,0,0,0,0,0,0,0,0,0,0,0,0,0,0,0,0,0,0,0,0,0,0,0,0,0,0,0,0,0,0,0,0,0,0,0,302057564,0,0,0,351003315,0,0,0,0,0,0,0,103390873,222091974,435336059,156485757440,57172942,1,0,0,0,0,0,0,0,0,0,0,0,0,0,0,0,0,0,0,0,0,0,0,0,0,0,0,0,0,0,0,250835145,0,0,0,0,0
1788888631.689,0,0,0,0,0,0,0,728711356,3639158716928,1748340617216,0,0,0,0,0,0,0,0,0,0,0,0,0,0,0,0,0,0,0,0,0,0,0,0,0,0,0,0,0,0,0,0,0,0,0,0,0,0,0,0,0,0,0,0,0,0,0,0,0,0,0,0,0,0,0,0,0,0,981920,222242816,95419863,0,0,0,0,0,0,0,0,0,0,0,0,0,0,0,0,0,0,0,0,0,0,0,0,0,0,0,0,0,0,0,0,0,0,0,0,0,12883066880,4539023360,786320,277040,0,112,786432,221451893,0,0,3552703392,12884901888,94941238,412445692,0,0,0,0,0,0,0,0,0,0,0,0,0,0,0,0,0,0,23310415,23310599,0,97,97,6268,329,46620797,35,0,0,0,0,0,0,0,1,0,0,0,0,0,0,0,0,0,0,26212782,0,57296428,492815,0,0,0,0,0,0,0,0,16384,0,0,0,0,0,0,0,0,0,0,0,3739,610,0,0,0,0,0,70861713,0,271,0,6,610,3739,0,0,0,0,0,0,0,0,0,0,0,0,0,0,0,0,0,0,0,0,0,0,0,0,0,0,0,0,0,0,0,0,0,0,0,0,0,0,0,0,0,0,0,0,0,0,0,0,0,0,0,0,0,302100275,0,0,0,351046207,0,0,0,0,0,0,0,103421496,222134693,435408026,156507778560,57190620,1,1,0,0,0,0,0,0,0,0,0,0,0,0,0,0,0,0,0,0,0,0,0,0,0,0,0,0,0,0,0,250838162,0,0,0,0,0
1788888632.716,0,0,0,0,0,0,0,728788807,3639750064640,1748557311488,0,0,0,0,0,0,0,0,0,0,0,0,0,0,0,0,0,0,0,0,0,0,0,0,0,0,0,0,0,0,0,0,0,0,0,0,0,0,0,0,0,0,0,0,0,0,0,0,0,0,0,0,0,0,0,0,0,0,982062,222278960,95431769,0,0,0,0,0,0,0,0,0,0,0,0,0,0,0,0,0,0,0,0,0,0,0,0,0,0,0,0,0,0,0,0,0,0,0,0,0,12883050496,4573528064,786318,279146,1,113,786432,221487974,0,0,3553085849,12884901888,94976468,412486067,0,0,0,0,0,0,0,0,0,0,0,0,0,0,0,0,0,0,23312974,23313156,0,97,97,6268,329,46625911,35,0,0,0,0,0,0,0,1,0,0,0,0,0,0,0,0,0,0,26215659,0,57296556,492816,0,0,0,0,0,0,0,0,16384,0,0,0,0,0,0,0,0,0,0,0,3740,610,0,0,0,0,0,70869489,0,271,0,6,610,3740,0,0,0,0,0,0,0,0,0,0,0,0,0,0,0,0,0,0,0,0,0,0,0,0,0,0,0,0,0,0,0,0,0,0,0,0,0,0,0,0,0,0,0,0,0,0,0,0,0,0,0,0,0,302136376,0,0,0,351082414,0,0,0,0,0,0,0,103451214,222170808,435467746,156526358528,57208573,1,1,0,0,0,0,0,0,0,0,0,0,0,0,0,0,0,0,0,0,0,0,0,0,0,0,0,0,0,0,0,250840719,0,0,0,0,0
1788888633.743,0,0,0,0,0,0,0,728883357,3640470698496,1748863992832,0,0,0,0,0,0,0,0,0,0,0,0,0,0,0,0,0,0,0,0,0,0,0,0,0,0,0,0,0,0,0,0,0,0,0,0,0,0,0,0,0,0,0,0,0,0,0,0,0,0,0,0,0,0,0,0,0,0,982237,222323049,95448895,0,0,0,0,0,0,0,0,0,0,0,0,0,0,0,0,0,0,0,0,0,0,0,0,0,0,0,0,0,0,0,0,0,0,0,0,0,12882886656,4573413376,786309,279139,0,123,786432,221531941,0,0,3553552741,12884901888,95015835,412535489,0,0,0,0,0,0,0,0,0,0,0,0,0,0,0,0,0,0,23316106,23316292,0,97,97,6268,329,46632167,35,0,0,0,0,0,0,0,1,0,0,0,0,0,0,0,0,0,0,26219186,0,57300330,492847,0,0,0,0,0,0,0,0,16384,0,0,0,0,0,0,0,0,0,0,0,3741,610,0,0,0,0,0,70879020,0,271,0,6,610,3741,0,0,0,0,0,0,0,0,0,0,0,0,0,0,0,0,0,0,0,0,0,0,0,0,0,0,0,0,0,0,0,0,0,0,0,0,0,0,0,0,0,0,0,0,0,0,0,0,0,0,0,0,0,302180804,0,0,0,351126664,0,0,0,0,0,0,0,103481154,222214806,435542516,156549190144,57224877,0,0,0,0,0,0,0,0,0,0,0,0,0,0,0,0,0,0,0,0,0,0,0,0,0,0,0,0,0,0,0,250843855,0,0,0,0,0
1788888634.771,0,0,0,0,0,0,0,728973949,3641164937728,1749163790848,0,0,0,0,0,0,0,0,0,0,0,0,0,0,0,0,0,0,0,0,0,0,0,0,0,0,0,0,0,0,0,0,0,0,0,0,0,0,0,0,0,0,0,0,0,0,0,0,0,0,0,0,0,0,0,0,0,0,982431,222365432,95465650,0,0,0,0,0,0,0,0,0,0,0,0,0,0,0,0,0,0,0,0,0,0,0,0,0,0,0,0,0,0,0,0,0,0,0,0,0,12882329600,4569464832,786275,278897,85,72,786432,221574210,0,0,3553999911,12884901888,95055341,412582937,0,0,0,0,0,0,0,0,0,0,0,0,0,0,0,0,0,0,23319101,23319281,0,97,97,6268,329,46638152,35,0,0,0,0,0,0,0,1,0,0,0,0,0,0,0,0,0,0,26222548,0,57303750,492876,0,0,0,0,0,0,0,0,16384,0,0,0,0,0,0,0,0,0,0,0,3742,610,0,0,0,0,0,70888080,0,271,0,6,610,3742,0,0,0,0,0,0,0,0,0,0,0,0,0,0,0,0,0,0,0,0,0,0,0,0,0,0,0,0,0,0,0,0,0,0,0,0,0,0,0,0,0,0,0,0,0,0,0,0,0,0,0,0,0,302223507,0,0,0,351169003,0,0,0,0,0,0,0,103511565,222257206,435615196,156571138048,57241721,1,0,0,0,0,0,0,0,0,0,0,0,0,0,0,0,0,0,0,0,0,0,0,0,0,0,0,0,0,0,0,250846841,0,0,0,0,0
1788888635.800,0,0,0,0,0,0,0,729052946,3641771522560,1749382327296,0,0,0,0,0,0,0,0,0,0,0,0,0,0,0,0,0,0,0,0,0,0,0,0,0,0,0,0,0,0,0,0,0,0,0,0,0,0,0,0,0,0,0,0,0,0,0,0,0,0,0,0,0,0,0,0,0,0,982596,222402602,95477631,0,0,0,0,0,0,0,0,0,0,0,0,0,0,0,0,0,0,0,0,0,0,0,0,0,0,0,0,0,0,0,0,0,0,0,0,0,12883116032,4609687552,786323,281353,0,111,786432,221611296,0,0,3554390794,12884901888,95090390,412624316,0,0,0,0,0,0,0,0,0,0,0,0,0,0,0,0,0,0,23321712,23321895,0,97,97,6268,329,46643372,35,0,0,0,0,0,0,0,1,0,0,0,0,0,0,0,0,0,0,26225487,0,57304164,492880,0,0,0,0,0,0,0,0,16384,0,0,0,0,0,0,0,0,0,0,0,3743,610,0,0,0,0,0,70896041,0,271,0,6,610,3743,0,0,0,0,0,0,0,0,0,0,0,0,0,0,0,0,0,0,0,0,0,0,0,0,0,0,0,0,0,0,0,0,0,0,0,0,0,0,0,0,0,0,0,0,0,0,0,0,0,0,0,0,0,302260640,0,0,0,351205952,0,0,0,0,0,0,0,103540351,222294237,435675784,156590243328,57258904,1,0,0,0,0,0,0,0,0,0,0,0,0,0,0,0,0,0,0,0,0,0,0,0,0,0,0,0,0,0,0,250849458,0,0,0,0,0
1788888636.827,0,0,0,0,0,0,0,729136045,3642407123456,1749658476032,0,0,0,0,0,0,0,0,0,0,0,0,0,0,0,0,0,0,0,0,0,0,0,0,0,0,0,0,0,0,0,0,0,0,0,0,0,0,0,0,0,0,0,0,0,0,0,0,0,0,0,0,0,0,0,0,0,0,982714,222441434,95492986,0,0,0,0,0,0,0,0,0,0,0,0,0,0,0,0,0,0,0,0,0,0,0,0,0,0,0,0,0,0,0,0,0,0,0,0,0,12883755008,4603281408,786363,280962,0,69,786432,221650043,0,0,3554800890,12884901888,95126467,412667269,0,0,0,0,0,0,0,0,0,0,0,0,0,0,0,0,0,0,23324448,23324637,0,97,97,6268,329,46648850,35,0,0,0,0,0,0,0,1,0,0,0,0,0,0,0,0,0,0,26228569,0,57307289,492906,0,0,0,0,0,0,0,0,16384,0,0,0,0,0,0,0,0,0,0,0,3745,610,0,0,0,0,0,70904366,0,271,0,6,610,3745,0,0,0,0,0,0,0,0,0,0,0,0,0,0,0,0,0,0,0,0,0,0,0,0,0,0,0,0,0,0,0,0,0,0,0,0,0,0,0,0,0,0,0,0,0,0,0,0,0,0,0,0,0,302299801,0,0,0,351244722,0,0,0,0,0,0,0,103568826,222333052,435742547,156610362368,57274967,0,0,0,0,0,0,0,0,0,0,0,0,0,0,0,0,0,0,0,0,0,0,0,0,0,0,0,0,0,0,0,250852197,0,0,0,0,0
1788888637.855,0,0,0,0,0,0,0,729221502,3643054094848,1749902522880,0,0,0,0,0,0,0,0,0,0,0,0,0,0,0,0,0,0,0,0,0,0,0,0,0,0,0,0,0,0,0,0,0,0,0,0,0,0,0,0,0,0,0,0,0,0,0,0,0,0,0,0,0,0,0,0,0,0,982854,222481039,95506518,0,0,0,0,0,0,0,0,0,0,0,0,0,0,0,0,0,0,0,0,0,0,0,0,0,0,0,0,0,0,0,0,0,0,0,0,0,12883214336,4630233088,786329,282607,0,103,786432,221689536,0,0,3555223030,12884901888,95163162,412711602,0,0,0,0,0,0,0,0,0,0,0,0,0,0,0,0,0,0,23327282,23327476,0,97,97,6268,329,46654525,35,0,0,0,0,0,0,0,1,0,0,0,0,0,0,0,0,0,0,26231765,0,57308385,492914,0,0,0,0,0,0,0,0,16384,0,0,0,0,0,0,0,0,0,0,0,3746,610,0,0,0,0,0,70912991,0,271,0,6,610,3746,0,0,0,0,0,0,0,0,0,0,0,0,0,0,0,0,0,0,0,0,0,0,0,0,0,0,0,0,0,0,0,0,0,0,0,0,0,0,0,0,0,0,0,0,0,0,0,0,0,0,0,0,0,302339853,0,0,0,351284648,0,0,0,0,0,0,0,103599665,222372551,435808340,156630940160,57293188,0,0,0,0,0,0,0,0,0,0,0,0,0,0,0,0,0,0,0,0,0,0,0,0,0,0,0,0,0,0,0,250855039,0,0,0,0,0
1788888638.883,0,0,0,0,0,0,0,729315381,3643768683008,1750211650560,0,0,0,0,0,0,0,0,0,0,0,0,0,0,0,0,0,0,0,0,0,0,0,0,0,0,0,0,0,0,0,0,0,0,0,0,0,0,0,0,0,0,0,0,0,0,0,0,0,0,0,0,0,0,0,0,0,0,983028,222524736,95523806,0,0,0,0,0,0,0,0,0,0,0,0,0,0,0,0,0,0,0,0,0,0,0,0,0,0,0,0,0,0,0,0,0,0,0,0,0,12882968576,4624957440,786314,282285,0,117,786432,221733130,0,0,3555685858,12884901888,95202420,412760603,0,0,0,0,0,0,0,0,0,0,0,0,0,0,0,0,0,0,23330381,23330569,0,97,97,6268,329,46660718,35,0,0,0,0,0,0,0,1,0,0,0,0,0,0,0,0,0,0,26235245,0,57312277,492946,0,0,0,0,0,0,0,0,16384,0,0,0,0,0,0,0,0,0,0,0,3747,610,0,0,0,0,0,70922404,0,271,0,6,610,3747,0,0,0,0,0,0,0,0,0,0,0,0,0,0,0,0,0,0,0,0,0,0,0,0,0,0,0,0,0,0,0,0,0,0,0,0,0,0,0,0,0,0,0,0,0,0,0,0,0,0,0,0,0,302384106,0,0,0,351328514,0,0,0,0,0,0,0,103630155,222416179,435883111,156653690368,57309951,1,1,0,0,0,0,0,0,0,0,0,0,0,0,0,0,0,0,0,0,0,0,0,0,0,0,0,0,0,0,0,250858130,0,0,0,0,0
1788888639.909,0,0,0,0,0,0,0,729403538,3644437887488,1750504526336,0,0,0,0,0,0,0,0,0,0,0,0,0,0,0,0,0,0,0,0,0,0,0,0,0,0,0,0,0,0,0,0,0,0,0,0,0,0,0,0,0,0,0,0,0,0,0,0,0,0,0,0,0,0,0,0,0,0,983242,222565672,95540179,0,0,0,0,0,0,0,0,0,0,0,0,0,0,0,0,0,0,0,0,0,0,0,0,0,0,0,0,0,0,0,0,0,0,0,0,0,12883116032,4614995968,786323,281677,0,109,786432,221773964,0,0,3556121497,12884901888,95238969,412806893,0,0,0,0,0,0,0,0,0,0,0,0,0,0,0,0,0,0,23333309,23333501,0,97,97,6268,329,46666574,35,0,0,0,0,0,0,0,1,0,0,0,0,0,0,0,0,0,0,26238542,0,57316336,492979,0,0,0,0,0,0,0,0,16384,0,0,0,0,0,0,0,0,0,0,0,3748,610,0,0,0,0,0,70931309,0,271,0,6,610,3748,0,0,0,0,0,0,0,0,0,0,0,0,0,0,0,0,0,0,0,0,0,0,0,0,0,0,0,0,0,0,0,0,0,0,0,0,0,0,0,0,0,0,0,0,0,0,0,0,0,0,0,0,0,302425697,0,0,0,351369693,0,0,0,0,0,0,0,103659767,222457044,435953299,156675052544,57326856,1,0,0,0,0,0,0,0,0,0,0,0,0,0,0,0,0,0,0,0,0,0,0,0,0,0,0,0,0,0,0,250861062,0,0,0,0,0
1788888640.935,0,0,0,0,0,0,0,729479802,3645020633600,1750717082112,0,0,0,0,0,0,0,0,0,0,0,0,0,0,0,0,0,0,0,0,0,0,0,0,0,0,0,0,0,0,0,0,0,0,0,0,0,0,0,0,0,0,0,0,0,0,0,0,0,0,0,0,0,0,0,0,0,0,983350,222601327,95551848,0,0,0,0,0,0,0,0,0,0,0,0,0,0,0,0,0,0,0,0,0,0,0,0,0,0,0,0,0,0,0,0,0,0,0,0,0,12883165184,4649189376,786325,283764,0,107,786432,221809544,0,0,3556495952,12884901888,95273534,412846430,0,0,0,0,0,0,0,0,0,0,0,0,0,0,0,0,0,0,23335822,23336014,0,97,97,6268,329,46671600,35,0,0,0,0,0,0,0,1,0,0,0,0,0,0,0,0,0,0,26241368,0,57316464,492980,0,0,0,0,0,0,0,0,16384,0,0,0,0,0,0,0,0,0,0,0,3749,610,0,0,0,0,0,70938959,0,271,0,6,610,3749,0,0,0,0,0,0,0,0,0,0,0,0,0,0,0,0,0,0,0,0,0,0,0,0,0,0,0,0,0,0,0,0,0,0,0,0,0,0,0,0,0,0,0,0,0,0,0,0,0,0,0,0,0,302461443,0,0,0,351405332,0,0,0,0,0,0,0,103689108,222492648,436012152,156693435392,57344682,1,0,0,0,0,0,0,0,0,0,0,0,0,0,0,0,0,0,0,0,0,0,0,0,0,0,0,0,0,0,0,250863575,0,0,0,0,0
1788888641.964,0,0,0,0,0,0,0,729565934,3645678434816,1751004862976,0,0,0,0,0,0,0,0,0,0,0,0,0,0,0,0,0,0,0,0,0,0,0,0,0,0,0,0,0,0,0,0,0,0,0,0,0,0,0,0,0,0,0,0,0,0,0,0,0,0,0,0,0,0,0,0,0,0,983487,222641561,95567968,0,0,0,0,0,0,0,0,0,0,0,0,0,0,0,0,0,0,0,0,0,0,0,0,0,0,0,0,0,0,0,0,0,0,0,0,0,12882919424,4638965760,786312,283140,1,119,786432,221849689,0,0,3556920857,12884901888,95309339,412891141,0,0,0,0,0,0,0,0,0,0,0,0,0,0,0,0,0,0,23338666,23338855,0,97,97,6268,329,46677295,35,0,0,0,0,0,0,0,1,0,0,0,0,0,0,0,0,0,0,26244566,0,57320358,493012,0,0,0,0,0,0,0,0,16384,0,0,0,0,0,0,0,0,0,0,0,3750,610,0,0,0,0,0,70947607,0,271,0,6,610,3750,0,0,0,0,0,0,0,0,0,0,0,0,0,0,0,0,0,0,0,0,0,0,0,0,0,0,0,0,0,0,0,0,0,0,0,0,0,0,0,0,0,0,0,0,0,0,0,0,0,0,0,0,0,302501711,0,0,0,351445596,0,0,0,0,0,0,0,103719262,222532812,436080647,156714148864,57362205,0,0,0,0,0,0,0,0,0,0,0,0,0,0,0,0,0,0,0,0,0,0,0,0,0,0,0,0,0,0,0,250866418,0,0,0,0,0
1788888642.992,0,0,0,0,0,0,0,729648297,3646304729600,1751247184384,0,0,0,0,0,0,0,0,0,0,0,0,0,0,0,0,0,0,0,0,0,0,0,0,0,0,0,0,0,0,0,0,0,0,0,0,0,0,0,0,0,0,0,0,0,0,0,0,0,0,0,0,0,0,0,0,0,0,983656,222679828,95581196,0,0,0,0,0,0,0,0,0,0,0,0,0,0,0,0,0,0,0,0,0,0,0,0,0,0,0,0,0,0,0,0,0,0,0,0,0,12883738624,4665802752,786363,284778,0,69,786432,221887865,0,0,3557327951,12884901888,95345266,412934351,0,0,0,0,0,0,0,0,0,0,0,0,0,0,0,0,0,0,23341404,23341583,0,97,97,6268,329,46682769,35,0,0,0,0,0,0,0,1,0,0,0,0,0,0,0,0,0,0,26247634,0,57321703,493024,0,0,0,0,0,0,0,0,16384,0,0,0,0,0,0,0,0,0,0,0,3751,610,0,0,0,0,0,70955890,0,271,0,6,610,3751,0,0,0,0,0,0,0,0,0,0,0,0,0,0,0,0,0,0,0,0,0,0,0,0,0,0,0,0,0,0,0,0,0,0,0,0,0,0,0,0,0,0,0,0,0,0,0,0,0,0,0,0,0,302540332,0,0,0,351484198,0,0,0,0,0,0,0,103749046,222571067,436144540,156734038528,57380026,1,0,0,0,0,0,0,0,0,0,0,0,0,0,0,0,0,0,0,0,0,0,0,0,0,0,0,0,0,0,0,250869144,0,0,0,0,0
1788888644.020,0,0,0,0,0,0,0,729737103,3646978587136,1751527880192,0,0,0,0,0,0,0,0,0,0,0,0,0,0,0,0,0,0,0,0,0,0,0,0,0,0,0,0,0,0,0,0,0,0,0,0,0,0,0,0,0,0,0,0,0,0,0,0,0,0,0,0,0,0,0,0,0,0,983808,222721068,95596994,0,0,0,0,0,0,0,0,0,0,0,0,0,0,0,0,0,0,0,0,0,0,0,0,0,0,0,0,0,0,0,0,0,0,0,0,0,12883017728,4669308928,786317,284992,0,115,786432,221929007,0,0,3557765614,12884901888,95383749,412980517,0,0,0,0,0,0,0,0,0,0,0,0,0,0,0,0,0,0,23344323,23344511,0,97,97,6268,329,46688607,35,0,0,0,0,0,0,0,1,0,0,0,0,0,0,0,0,0,0,26250928,0,57324417,493045,0,0,0,0,0,0,0,0,16384,0,0,0,0,0,0,0,0,0,0,0,3752,610,0,0,0,0,0,70964802,0,271,0,6,610,3752,0,0,0,0,0,0,0,0,0,0,0,0,0,0,0,0,0,0,0,0,0,0,0,0,0,0,0,0,0,0,0,0,0,0,0,0,0,0,0,0,0,0,0,0,0,0,0,0,0,0,0,0,0,302581954,0,0,0,351525611,0,0,0,0,0,0,0,103779514,222612196,436214679,156755460608,57397170,1,0,0,0,0,0,0,0,0,0,0,0,0,0,0,0,0,0,0,0,0,0,0,0,0,0,0,0,0,0,0,250872073,0,0,0,0,0
1788888645.047,0,0,0,0,0,0,0,729824250,3647639337472,1751823563776,0,0,0,0,0,0,0,0,0,0,0,0,0,0,0,0,0,0,0,0,0,0,0,0,0,0,0,0,0,0,0,0,0,0,0,0,0,0,0,0,0,0,0,0,0,0,0,0,0,0,0,0,0,0,0,0,0,0,983969,222761484,95613567,0,0,0,0,0,0,0,0,0,0,0,0,0,0,0,0,0,0,0,0,0,0,0,0,0,0,0,0,0,0,0,0,0,0,0,0,0,12882919424,4655448064,786312,284147,1,120,786432,221969334,0,0,3558195742,12884901888,95419705,413025926,0,0,0,0,0,0,0,0,0,0,0,0,0,0,0,0,0,0,23347197,23347385,0,97,97,6268,329,46694357,35,0,0,0,0,0,0,0,1,0,0,0,0,0,0,0,0,0,0,26254161,0,57328439,493078,0,0,0,0,0,0,0,0,16384,0,0,0,0,0,0,0,0,0,0,0,3753,610,0,0,0,0,0,70973552,0,271,0,6,610,3753,0,0,0,0,0,0,0,0,0,0,0,0,0,0,0,0,0,0,0,0,0,0,0,0,0,0,0,0,0,0,0,0,0,0,0,0,0,0,0,0,0,0,0,0,0,0,0,0,0,0,0,0,0,302622965,0,0,0,351566291,0,0,0,0,0,0,0,103809394,222652543,436284695,156776554496,57414144,1,0,0,0,0,0,0,0,0,0,0,0,0,0,0,0,0,0,0,0,0,0,0,0,0,0,0,0,0,0,0,250874948,0,0,0,0,0
1788888646.076,0,0,0,0,0,0,0,729906224,3648260389376,1752052495360,0,0,0,0,0,0,0,0,0,0,0,0,0,0,0,0,0,0,0,0,0,0,0,0,0,0,0,0,0,0,0,0,0,0,0,0,0,0,0,0,0,0,0,0,0,0,0,0,0,0,0,0,0,0,0,0,0,0,984144,222799466,95626146,0,0,0,0,0,0,0,0,0,0,0,0,0,0,0,0,0,0,0,0,0,0,0,0,0,0,0,0,0,0,0,0,0,0,0,0,0,12883148800,4690460672,786325,286283,0,107,786432,222007233,0,0,3558600597,12884901888,95456600,413068708,0,0,0,0,0,0,0,0,0,0,0,0,0,0,0,0,0,0,23349912,23350102,0,97,97,6268,329,46699790,35,0,0,0,0,0,0,0,1,0,0,0,0,0,0,0,0,0,0,26257217,0,57328567,493079,0,0,0,0,0,0,0,0,16384,0,0,0,0,0,0,0,0,0,0,0,3754,610,0,0,0,0,0,70981826,0,271,0,6,610,3754,0,0,0,0,0,0,0,0,0,0,0,0,0,0,0,0,0,0,0,0,0,0,0,0,0,0,0,0,0,0,0,0,0,0,0,0,0,0,0,0,0,0,0,0,0,0,0,0,0,0,0,0,0,302661352,0,0,0,351604541,0,0,0,0,0,0,0,103840013,222690481,436348021,156796291584,57432340,1,0,0,0,0,0,0,0,0,0,0,0,0,0,0,0,0,0,0,0,0,0,0,0,0,0,0,0,0,0,0,250877664,0,0,0,0,0
1788888647.103,0,0,0,0,0,0,0,729993277,3648924744192,1752343862272,0,0,0,0,0,0,0,0,0,0,0,0,0,0,0,0,0,0,0,0,0,0,0,0,0,0,0,0,0,0,0,0,0,0,0,0,0,0,0,0,0,0,0,0,0,0,0,0,0,0,0,0,0,0,0,0,0,0,984299,222840112,95642447,0,0,0,0,0,0,0,0,0,0,0,0,0,0,0,0,0,0,0,0,0,0,0,0,0,0,0,0,0,0,0,0,0,0,0,0,0,12882903040,4679942144,786310,285641,0,122,786432,222047789,0,0,3559031080,12884901888,95492815,413114153,0,0,0,0,0,0,0,0,0,0,0,0,0,0,0,0,0,0,23352808,23352999,0,97,97,6268,329,46705569,35,0,0,0,0,0,0,0,1,0,0,0,0,0,0,0,0,0,0,26260475,0,57332459,493111,0,0,0,0,0,0,0,0,16384,0,0,0,0,0,0,0,0,0,0,0,3755,610,0,0,0,0,0,70990617,0,271,0,6,610,3755,0,0,0,0,0,0,0,0,0,0,0,0,0,0,0,0,0,0,0,0,0,0,0,0,0,0,0,0,0,0,0,0,0,0,0,0,0,0,0,0,0,0,0,0,0,0,0,0,0,0,0,0,0,302702372,0,0,0,351645300,0,0,0,0,0,0,0,103869345,222731072,436417634,156817401856,57448901,0,0,0,0,0,0,0,0,0,0,0,0,0,0,0,0,0,0,0,0,0,0,0,0,0,0,0,0,0,0,0,250880561,0,0,0,0,0
1788888648.129,0,0,0,0,0,0,0,730088285,3649642576384,1752655795200,0,0,0,0,0,0,0,0,0,0,0,0,0,0,0,0,0,0,0,0,0,0,0,0,0,0,0,0,0,0,0,0,0,0,0,0,0,0,0,0,0,0,0,0,0,0,0,0,0,0,0,0,0,0,0,0,0,0,984482,222884002,95659879,0,0,0,0,0,0,0,0,0,0,0,0,0,0,0,0,0,0,0,0,0,0,0,0,0,0,0,0,0,0,0,0,0,0,0,0,0,12883116032,4675059712,786323,285343,0,109,786432,222091565,0,0,3559500095,12884901888,95532207,413163729,0,0,0,0,0,0,0,0,0,0,0,0,0,0,0,0,0,0,23355951,23356135,0,97,97,6268,329,46711868,35,0,0,0,0,0,0,0,1,0,0,0,0,0,0,0,0,0,0,26264004,0,57336198,493143,0,0,0,0,0,0,0,0,16384,0,0,0,0,0,0,0,0,0,0,0,3756,610,0,0,0,0,0,71000149,0,271,0,6,610,3756,0,0,0,0,0,0,0,0,0,0,0,0,0,0,0,0,0,0,0,0,0,0,0,0,0,0,0,0,0,0,0,0,0,0,0,0,0,0,0,0,0,0,0,0,0,0,0,0,0,0,0,0,0,302746860,0,0,0,351689759,0,0,0,0,0,0,0,103900752,222774892,436493116,156840325632,57466254,0,0,0,0,0,0,0,0,0,0,0,0,0,0,0,0,0,0,0,0,0,0,0,0,0,0,0,0,0,0,0,250883698,0,0,0,0,0
1788888649.156,0,0,0,0,0,0,0,730166004,3650234726912,1752872470528,0,0,0,0,0,0,0,0,0,0,0,0,0,0,0,0,0,0,0,0,0,0,0,0,0,0,0,0,0,0,0,0,0,0,0,0,0,0,0,0,0,0,0,0,0,0,0,0,0,0,0,0,0,0,0,0,0,0,984628,222920235,95671778,0,0,0,0,0,0,0,0,0,0,0,0,0,0,0,0,0,0,0,0,0,0,0,0,0,0,0,0,0,0,0,0,0,0,0,0,0,12882968576,4708515840,786314,287385,0,118,786432,222127719,0,0,3559883805,12884901888,95567360,413204176,0,0,0,0,0,0,0,0,0,0,0,0,0,0,0,0,0,0,23358514,23358701,0,97,97,6268,329,46716977,35,0,0,0,0,0,0,0,1,0,0,0,0,0,0,0,0,0,0,26266890,0,57336326,493145,0,0,0,0,0,0,0,0,16384,0,0,0,0,0,0,0,0,0,0,0,3757,610,0,0,0,0,0,71007943,0,271,0,6,610,3757,0,0,0,0,0,0,0,0,0,0,0,0,0,0,0,0,0,0,0,0,0,0,0,0,0,0,0,0,0,0,0,0,0,0,0,0,0,0,0,0,0,0,0,0,0,0,0,0,0,0,0,0,0,302782790,0,0,0,351725998,0,0,0,0,0,0,0,103929933,222811060,436552538,156858805760,57483793,0,0,0,0,0,0,0,0,0,0,0,0,0,0,0,0,0,0,0,0,0,0,0,0,0,0,0,0,0,0,0,250886264,0,0,0,0,0
1788888650.184,0,0,0,0,0,0,0,730251729,3650891069952,1753162629632,0,0,0,0,0,0,0,0,0,0,0,0,0,0,0,0,0,0,0,0,0,0,0,0,0,0,0,0,0,0,0,0,0,0,0,0,0,0,0,0,0,0,0,0,0,0,0,0,0,0,0,0,0,0,0,0,0,0,984772,222960355,95688058,0,0,0,0,0,0,0,0,0,0,0,0,0,0,0,0,0,0,0,0,0,0,0,0,0,0,0,0,0,0,0,0,0,0,0,0,0,12883116032,4693639168,786324,286477,0,108,786432,222167736,0,0,3560307097,12884901888,95603102,413248867,0,0,0,0,0,0,0,0,0,0,0,0,0,0,0,0,0,0,23361344,23361532,0,97,97,6268,329,46722654,35,0,0,0,0,0,0,0,1,0,0,0,0,0,0,0,0,0,0,26270074,0,57340073,493177,0,0,0,0,0,0,0,0,16384,0,0,0,0,0,0,0,0,0,0,0,3758,610,0,0,0,0,0,71016533,0,271,0,6,610,3758,0,0,0,0,0,0,0,0,0,0,0,0,0,0,0,0,0,0,0,0,0,0,0,0,0,0,0,0,0,0,0,0,0,0,0,0,0,0,0,0,0,0,0,0,0,0,0,0,0,0,0,0,0,302822995,0,0,0,351766147,0,0,0,0,0,0,0,103960210,222851136,436621381,156879466496,57501124,0,0,0,0,0,0,0,0,0,0,0,0,0,0,0,0,0,0,0,0,0,0,0,0,0,0,0,0,0,0,0,250889095,0,0,0,0,0
1788888651.211,0,0,0,0,0,0,0,730331989,3651503897088,1753387261440,0,0,0,0,0,0,0,0,0,0,0,0,0,0,0,0,0,0,0,0,0,0,0,0,0,0,0,0,0,0,0,0,0,0,0,0,0,0,0,0,0,0,0,0,0,0,0,0,0,0,0,0,0,0,0,0,0,0,984914,222997817,95700413,0,0,0,0,0,0,0,0,0,0,0,0,0,0,0,0,0,0,0,0,0,0,0,0,0,0,0,0,0,0,0,0,0,0,0,0,0,12883066880,4726145024,786320,288461,0,112,786432,222205120,0,0,3560703122,12884901888,95639544,413290476,0,0,0,0,0,0,0,0,0,0,0,0,0,0,0,0,0,0,23363987,23364176,0,97,97,6268,329,46727935,35,0,0,0,0,0,0,0,1,0,0,0,0,0,0,0,0,0,0,26273047,0,57340329,493178,0,0,0,0,0,0,0,0,16384,0,0,0,0,0,0,0,0,0,0,0,3759,610,0,0,0,0,0,71024577,0,271,0,6,610,3759,0,0,0,0,0,0,0,0,0,0,0,0,0,0,0,0,0,0,0,0,0,0,0,0,0,0,0,0,0,0,0,0,0,0,0,0,0,0,0,0,0,0,0,0,0,0,0,0,0,0,0,0,0,302860471,0,0,0,351803523,0,0,0,0,0,0,0,103990809,222888546,436683339,156898717696,57519531,1,1,0,0,0,0,0,0,0,0,0,0,0,0,0,0,0,0,0,0,0,0,0,0,0,0,0,0,0,0,0,250891737,0,0,0,0,0
1788888652.239,0,0,0,0,0,0,0,730414838,3652134484480,1753665667584,0,0,0,0,0,0,0,0,0,0,0,0,0,0,0,0,0,0,0,0,0,0,0,0,0,0,0,0,0,0,0,0,0,0,0,0,0,0,0,0,0,0,0,0,0,0,0,0,0,0,0,0,0,0,0,0,0,0,985060,223036386,95716007,0,0,0,0,0,0,0,0,0,0,0,0,0,0,0,0,0,0,0,0,0,0,0,0,0,0,0,0,0,0,0,0,0,0,0,0,0,12883050496,4714561536,786319,287754,0,113,786432,222243606,0,0,3561110316,12884901888,95674313,413333548,0,0,0,0,0,0,0,0,0,0,0,0,0,0,0,0,0,0,23366728,23366920,0,97,97,6268,329,46733402,35,0,0,0,0,0,0,0,1,0,0,0,0,0,0,0,0,0,0,26276131,0,57343922,493209,0,0,0,0,0,0,0,0,16384,0,0,0,0,0,0,0,0,0,0,0,3760,610,0,0,0,0,0,71032903,0,271,0,6,610,3760,0,0,0,0,0,0,0,0,0,0,0,0,0,0,0,0,0,0,0,0,0,0,0,0,0,0,0,0,0,0,0,0,0,0,0,0,0,0,0,0,0,0,0,0,0,0,0,0,0,0,0,0,0,302899334,0,0,0,351842209,0,0,0,0,0,0,0,104019872,222927048,436749722,156918694912,57536224,0,0,0,0,0,0,0,0,0,0,0,0,0,0,0,0,0,0,0,0,0,0,0,0,0,0,0,0,0,0,0,250894481,0,0,0,0,0
1788888653.267,0,0,0,0,0,0,0,730500388,3652782406144,1753905618944,0,0,0,0,0,0,0,0,0,0,0,0,0,0,0,0,0,0,0,0,0,0,0,0,0,0,0,0,0,0,0,0,0,0,0,0,0,0,0,0,0,0,0,0,0,0,0,0,0,0,0,0,0,0,0,0,0,0,985262,223076023,95729186,0,0,0,0,0,0,0,0,0,0,0,0,0,0,0,0,0,0,0,0,0,0,0,0,0,0,0,0,0,0,0,0,0,0,0,0,0,12883116032,4750016512,786323,289918,0,108,786432,222283156,0,0,3561533018,12884901888,95710874,413378471,0,0,0,0,0,0,0,0,0,0,0,0,0,0,0,0,0,0,23369559,23369749,0,97,97,6268,329,46739078,35,0,0,0,0,0,0,0,1,0,0,0,0,0,0,0,0,0,0,26279316,0,57344628,493215,0,0,0,0,0,0,0,0,16384,0,0,0,0,0,0,0,0,0,0,0,3761,610,0,0,0,0,0,71041507,0,271,0,6,610,3761,0,0,0,0,0,0,0,0,0,0,0,0,0,0,0,0,0,0,0,0,0,0,0,0,0,0,0,0,0,0,0,0,0,0,0,0,0,0,0,0,0,0,0,0,0,0,0,0,0,0,0,0,0,302939514,0,0,0,351882195,0,0,0,0,0,0,0,104049003,222966632,436815474,156939334144,57552825,1,0,0,0,0,0,0,0,0,0,0,0,0,0,0,0,0,0,0,0,0,0,0,0,0,0,0,0,0,0,0,250897312,0,0,0,0,0
1788888654.293,0,0,0,0,0,0,0,730579859,3653383289344,1754130344960,0,0,0,0,0,0,0,0,0,0,0,0,0,0,0,0,0,0,0,0,0,0,0,0,0,0,0,0,0,0,0,0,0,0,0,0,0,0,0,0,0,0,0,0,0,0,0,0,0,0,0,0,0,0,0,0,0,0,985394,223112758,95741562,0,0,0,0,0,0,0,0,0,0,0,0,0,0,0,0,0,0,0,0,0,0,0,0,0,0,0,0,0,0,0,0,0,0,0,0,0,12883099648,4777574400,786322,291600,0,110,786432,222319779,0,0,3561924996,12884901888,95746431,413419707,0,0,0,0,0,0,0,0,0,0,0,0,0,0,0,0,0,0,23372203,23372397,0,97,97,6268,329,46744353,35,0,0,0,0,0,0,0,1,0,0,0,0,0,0,0,0,0,0,26282292,0,57344884,493217,0,0,0,0,0,0,0,0,16384,0,0,0,0,0,0,0,0,0,0,0,3762,610,0,0,0,0,0,71049561,0,271,0,6,610,3762,0,0,0,0,0,0,0,0,0,0,0,0,0,0,0,0,0,0,0,0,0,0,0,0,0,0,0,0,0,0,0,0,0,0,0,0,0,0,0,0,0,0,0,0,0,0,0,0,0,0,0,0,0,302976424,0,0,0,351919342,0,0,0,0,0,0,0,104077250,223003332,436876769,156958326272,57568985,1,0,0,0,0,0,0,0,0,0,0,0,0,0,0,0,0,0,0,0,0,0,0,0,0,0,0,0,0,0,0,250899960,0,0,0,0,0
1788888655.322,0,0,0,0,0,0,0,730671813,3654084475392,1754435984896,0,0,0,0,0,0,0,0,0,0,0,0,0,0,0,0,0,0,0,0,0,0,0,0,0,0,0,0,0,0,0,0,0,0,0,0,0,0,0,0,0,0,0,0,0,0,0,0,0,0,0,0,0,0,0,0,0,0,985525,223155631,95758668,0,0,0,0,0,0,0,0,0,0,0,0,0,0,0,0,0,0,0,0,0,0,0,0,0,0,0,0,0,0,0,0,0,0,0,0,0,12883165184,4766121984,786326,290901,0,106,786432,222362526,0,0,3562379169,12884901888,95784527,413467328,0,0,0,0,0,0,0,0,0,0,0,0,0,0,0,0,0,0,23375245,23375435,0,97,97,6268,329,46750452,35,0,0,0,0,0,0,0,1,0,0,0,0,0,0,0,0,0,0,26285711,0,57348693,493248,0,0,0,0,0,0,0,0,16384,0,0,0,0,0,0,0,0,0,0,0,3763,610,0,0,0,0,0,71058821,0,271,0,6,610,3763,0,0,0,0,0,0,0,0,0,0,0,0,0,0,0,0,0,0,0,0,0,0,0,0,0,0,0,0,0,0,0,0,0,0,0,0,0,0,0,0,0,0,0,0,0,0,0,0,0,0,0,0,0,303019955,0,0,0,351962291,0,0,0,0,0,0,0,104105452,223046123,436950570,156980725248,57583565,1,0,0,0,0,0,0,0,0,0,0,0,0,0,0,0,0,0,0,0,0,0,0,0,0,0,0,0,0,0,0,250902996,0,0,0,0,0
1788888656.350,0,0,0,0,0,0,0,730763346,3654782614016,1754738923008,0,0,0,0,0,0,0,0,0,0,0,0,0,0,0,0,0,0,0,0,0,0,0,0,0,0,0,0,0,0,0,0,0,0,0,0,0,0,0,0,0,0,0,0,0,0,0,0,0,0,0,0,0,0,0,0,0,0,985698,223198327,95775557,0,0,0,0,0,0,0,0,0,0,0,0,0,0,0,0,0,0,0,0,0,0,0,0,0,0,0,0,0,0,0,0,0,0,0,0,0,12882870272,4759650304,786308,290506,0,124,786432,222405107,0,0,3562831298,12884901888,95823207,413515020,0,0,0,0,0,0,0,0,0,0,0,0,0,0,0,0,0,0,23378272,23378458,0,97,97,6268,329,46756503,35,0,0,0,0,0,0,0,1,0,0,0,0,0,0,0,0,0,0,26289112,0,57352250,493278,0,0,0,0,0,0,0,0,16384,0,0,0,0,0,0,0,0,0,0,0,3764,610,0,0,0,0,0,71068022,0,271,0,6,610,3764,0,0,0,0,0,0,0,0,0,0,0,0,0,0,0,0,0,0,0,0,0,0,0,0,0,0,0,0,0,0,0,0,0,0,0,0,0,0,0,0,0,0,0,0,0,0,0,0,0,0,0,0,0,303063066,0,0,0,352005054,0,0,0,0,0,0,0,104135550,223088726,437023774,157002870784,57600033,0,0,0,0,0,0,0,0,0,0,0,0,0,0,0,0,0,0,0,0,0,0,0,0,0,0,0,0,0,0,0,250906021,0,0,0,0,0
1788888657.378,0,0,0,0,0,0,0,730862924,3655542815232,1755065757184,0,0,0,0,0,0,0,0,0,0,0,0,0,0,0,0,0,0,0,0,0,0,0,0,0,0,0,0,0,0,0,0,0,0,0,0,0,0,0,0,0,0,0,0,0,0,0,0,0,0,0,0,0,0,0,0,0,0,985909,223244827,95793899,0,0,0,0,0,0,0,0,0,0,0,0,0,0,0,0,0,0,0,0,0,0,0,0,0,0,0,0,0,0,0,0,0,0,0,0,0,12882919424,4752703488,786311,290082,0,121,786432,222451481,0,0,3563321818,12884901888,95865055,413567248,0,0,0,0,0,0,0,0,0,0,0,0,0,0,0,0,0,0,23381575,23381761,0,97,97,6268,329,46763100,35,0,0,0,0,0,0,0,1,0,0,0,0,0,0,0,0,0,0,26292825,0,57356183,493309,0,0,0,0,0,0,0,0,16384,0,0,0,0,0,0,0,0,0,0,0,3765,610,0,0,0,0,0,71078066,0,271,0,6,610,3765,0,0,0,0,0,0,0,0,0,0,0,0,0,0,0,0,0,0,0,0,0,0,0,0,0,0,0,0,0,0,0,0,0,0,0,0,0,0,0,0,0,0,0,0,0,0,0,0,0,0,0,0,0,303108860,0,0,0,352051586,0,0,0,0,0,0,0,104168317,223135161,437102210,157026420736,57617946,0,0,0,0,0,0,0,0,0,0,0,0,0,0,0,0,0,0,0,0,0,0,0,0,0,0,0,0,0,0,0,250909322,0,0,0,0,0
1788888658.405,0,0,0,0,0,0,0,730946325,3656172780032,1755308400128,0,0,0,0,0,0,0,0,0,0,0,0,0,0,0,0,0,0,0,0,0,0,0,0,0,0,0,0,0,0,0,0,0,0,0,0,0,0,0,0,0,0,0,0,0,0,0,0,0,0,0,0,0,0,0,0,0,0,986047,223283308,95807215,0,0,0,0,0,0,0,0,0,0,0,0,0,0,0,0,0,0,0,0,0,0,0,0,0,0,0,0,0,0,0,0,0,0,0,0,0,12881051648,4779048960,786197,291690,134,101,786432,222489877,0,0,3563733175,12884901888,95901116,413610655,0,0,0,0,0,0,0,0,0,0,0,0,0,0,0,0,0,0,23384333,23384522,0,97,97,6268,329,46768630,35,0,0,0,0,0,0,0,1,0,0,0,0,0,0,0,0,0,0,26295931,0,57357004,493317,0,0,0,0,0,0,0,0,16384,0,0,0,0,0,0,0,0,0,0,0,3766,610,0,0,0,0,0,71086475,0,271,0,6,610,3766,0,0,0,0,0,0,0,0,0,0,0,0,0,0,0,0,0,0,0,0,0,0,0,0,0,0,0,0,0,0,0,0,0,0,0,0,0,0,0,0,0,0,0,0,0,0,0,0,0,0,0,0,0,303147656,0,0,0,352090645,0,0,0,0,0,0,0,104199143,223173631,437166767,157046346752,57636274,1,0,0,0,0,0,0,0,0,0,0,0,0,0,0,0,0,0,0,0,0,0,0,0,0,0,0,0,0,0,0,250912083,0,0,0,0,0
1788888659.432,0,0,0,0,0,0,0,731033812,3656840460800,1755592431616,0,0,0,0,0,0,0,0,0,0,0,0,0,0,0,0,0,0,0,0,0,0,0,0,0,0,0,0,0,0,0,0,0,0,0,0,0,0,0,0,0,0,0,0,0,0,0,0,0,0,0,0,0,0,0,0,0,0,986192,223324173,95823151,0,0,0,0,0,0,0,0,0,0,0,0,0,0,0,0,0,0,0,0,0,0,0,0,0,0,0,0,0,0,0,0,0,0,0,0,0,12883083264,4775034880,786321,291445,0,111,786432,222530630,0,0,3564165344,12884901888,95938513,413656053,0,0,0,0,0,0,0,0,0,0,0,0,0,0,0,0,0,0,23387234,23387418,0,97,97,6268,329,46774426,35,0,0,0,0,0,0,0,1,0,0,0,0,0,0,0,0,0,0,26299188,0,57360081,493341,0,0,0,0,0,0,0,0,16384,0,0,0,0,0,0,0,0,0,0,0,3767,610,0,0,0,0,0,71095265,0,271,0,6,610,3767,0,0,0,0,0,0,0,0,0,0,0,0,0,0,0,0,0,0,0,0,0,0,0,0,0,0,0,0,0,0,0,0,0,0,0,0,0,0,0,0,0,0,0,0,0,0,0,0,0,0,0,0,0,303188642,0,0,0,352131529,0,0,0,0,0,0,0,104229914,223214401,437236411,157067386880,57653843,1,0,0,0,0,0,0,0,0,0,0,0,0,0,0,0,0,0,0,0,0,0,0,0,0,0,0,0,0,0,0,250914977,0,0,0,0,0
1788888660.459,0,0,0,0,0,0,0,731121736,3657513859584,1755883646976,0,0,0,0,0,0,0,0,0,0,0,0,0,0,0,0,0,0,0,0,0,0,0,0,0,0,0,0,0,0,0,0,0,0,0,0,0,0,0,0,0,0,0,0,0,0,0,0,0,0,0,0,0,0,0,0,0,0,986351,223365369,95839438,0,0,0,0,0,0,0,0,0,0,0,0,0,0,0,0,0,0,0,0,0,0,0,0,0,0,0,0,0,0,0,0,0,0,0,0,0,12883001344,4766351360,786316,290915,0,116,786432,222571708,0,0,3564599189,12884901888,95975627,413701804,0,0,0,0,0,0,0,0,0,0,0,0,0,0,0,0,0,0,23390133,23390320,0,97,97,6268,329,46780215,35,0,0,0,0,0,0,0,1,0,0,0,0,0,0,0,0,0,0,26302454,0,57363730,493371,0,0,0,0,0,0,0,0,16384,0,0,0,0,0,0,0,0,0,0,0,3768,610,0,0,0,0,0,71104097,0,271,0,6,610,3768,0,0,0,0,0,0,0,0,0,0,0,0,0,0,0,0,0,0,0,0,0,0,0,0,0,0,0,0,0,0,0,0,0,0,0,0,0,0,0,0,0,0,0,0,0,0,0,0,0,0,0,0,0,303229902,0,0,0,352172521,0,0,0,0,0,0,0,104259614,223255518,437306445,157088616448,57670566,1,0,0,0,0,0,0,0,0,0,0,0,0,0,0,0,0,0,0,0,0,0,0,0,0,0,0,0,0,0,0,250917883,0,0,0,0,0
1788888661.487,0,0,0,0,0,0,0,731206999,3658162125312,1756164825600,0,0,0,0,0,0,0,0,0,0,0,0,0,0,0,0,0,0,0,0,0,0,0,0,0,0,0,0,0,0,0,0,0,0,0,0,0,0,0,0,0,0,0,0,0,0,0,0,0,0,0,0,0,0,0,0,0,0,986513,223404893,95855152,0,0,0,0,0,0,0,0,0,0,0,0,0,0,0,0,0,0,0,0,0,0,0,0,0,0,0,0,0,0,0,0,0,0,0,0,0,12883771392,4759879680,786363,290520,0,69,786432,222611118,0,0,3565020451,12884901888,96011990,413746427,0,0,0,0,0,0,0,0,0,0,0,0,0,0,0,0,0,0,23392967,23393160,0,97,97,6268,329,46785897,35,0,0,0,0,0,0,0,1,0,0,0,0,0,0,0,0,0,0,26305648,0,57367019,493398,0,0,0,0,0,0,0,0,16384,0,0,0,0,0,0,0,0,0,0,0,3769,610,0,0,0,0,0,71112729,0,271,0,6,610,3769,0,0,0,0,0,0,0,0,0,0,0,0,0,0,0,0,0,0,0,0,0,0,0,0,0,0,0,0,0,0,0,0,0,0,0,0,0,0,0,0,0,0,0,0,0,0,0,0,0,0,0,0,0,303270119,0,0,0,352212552,0,0,0,0,0,0,0,104289092,223295103,437374671,157109292544,57687324,1,1,0,0,0,0,0,0,0,0,0,0,0,0,0,0,0,0,0,0,0,0,0,0,0,0,0,0,0,0,0,250920719,0,0,0,0,0
1788888662.516,0,0,0,0,0,0,0,731294316,3658829380096,1756415923200,0,0,0,0,0,0,0,0,0,0,0,0,0,0,0,0,0,0,0,0,0,0,0,0,0,0,0,0,0,0,0,0,0,0,0,0,0,0,0,0,0,0,0,0,0,0,0,0,0,0,0,0,0,0,0,0,0,0,986697,223445822,95869007,0,0,0,0,0,0,0,0,0,0,0,0,0,0,0,0,0,0,0,0,0,0,0,0,0,0,0,0,0,0,0,0,0,0,0,0,0,12883083264,4789551104,786321,292331,0,111,786432,222651963,0,0,3565451387,12884901888,96050646,413791922,0,0,0,0,0,0,0,0,0,0,0,0,0,0,0,0,0,0,23395843,23396034,0,97,97,6268,329,46791637,35,0,0,0,0,0,0,0,1,0,0,0,0,0,0,0,0,0,0,26308881,0,57367624,493403,0,0,0,0,0,0,0,0,16384,0,0,0,0,0,0,0,0,0,0,0,3770,610,0,0,0,0,0,71121466,0,271,0,6,610,3770,0,0,0,0,0,0,0,0,0,0,0,0,0,0,0,0,0,0,0,0,0,0,0,0,0,0,0,0,0,0,0,0,0,0,0,0,0,0,0,0,0,0,0,0,0,0,0,0,0,0,0,0,0,303310559,0,0,0,352253190,0,0,0,0,0,0,0,104321193,223335841,437442127,157130093056,57706142,1,0,0,0,0,0,0,0,0,0,0,0,0,0,0,0,0,0,0,0,0,0,0,0,0,0,0,0,0,0,0,250923596,0,0,0,0,0
1788888663.542,0,0,0,0,0,0,0,731384060,3659509922304,1756712934400,0,0,0,0,0,0,0,0,0,0,0,0,0,0,0,0,0,0,0,0,0,0,0,0,0,0,0,0,0,0,0,0,0,0,0,0,0,0,0,0,0,0,0,0,0,0,0,0,0,0,0,0,0,0,0,0,0,0,986875,223487442,95885614,0,0,0,0,0,0,0,0,0,0,0,0,0,0,0,0,0,0,0,0,0,0,0,0,0,0,0,0,0,0,0,0,0,0,0,0,0,12883148800,4779819008,786324,291737,0,108,786432,222693465,0,0,3565894694,12884901888,96088113,413838772,0,0,0,0,0,0,0,0,0,0,0,0,0,0,0,0,0,0,23398826,23399016,0,97,97,6268,329,46797600,35,0,0,0,0,0,0,0,1,0,0,0,0,0,0,0,0,0,0,26312236,0,57371055,493433,0,0,0,0,0,0,0,0,16384,0,0,0,0,0,0,0,0,0,0,0,3771,610,0,0,0,0,0,71130532,0,271,0,6,610,3771,0,0,0,0,0,0,0,0,0,0,0,0,0,0,0,0,0,0,0,0,0,0,0,0,0,0,0,0,0,0,0,0,0,0,0,0,0,0,0,0,0,0,0,0,0,0,0,0,0,0,0,0,0,303352819,0,0,0,352295185,0,0,0,0,0,0,0,104351300,223377415,437513916,157151820800,57722887,1,0,0,0,0,0,0,0,0,0,0,0,0,0,0,0,0,0,0,0,0,0,0,0,0,0,0,0,0,0,0,250926579,0,0,0,0,0
1788888664.569,0,0,0,0,0,0,0,731464558,3660121438720,1756940526080,0,0,0,0,0,0,0,0,0,0,0,0,0,0,0,0,0,0,0,0,0,0,0,0,0,0,0,0,0,0,0,0,0,0,0,0,0,0,0,0,0,0,0,0,0,0,0,0,0,0,0,0,0,0,0,0,0,0,987008,223524833,95898136,0,0,0,0,0,0,0,0,0,0,0,0,0,0,0,0,0,0,0,0,0,0,0,0,0,0,0,0,0,0,0,0,0,0,0,0,0,12883017728,4811603968,786317,293677,0,115,786432,222730779,0,0,3566290634,12884901888,96124419,413880611,0,0,0,0,0,0,0,0,0,0,0,0,0,0,0,0,0,0,23401480,23401670,0,97,97,6268,329,46802922,35,0,0,0,0,0,0,0,1,0,0,0,0,0,0,0,0,0,0,26315222,0,57371311,493434,0,0,0,0,0,0,0,0,16384,0,0,0,0,0,0,0,0,0,0,0,3772,610,0,0,0,0,0,71138580,0,271,0,6,610,3772,0,0,0,0,0,0,0,0,0,0,0,0,0,0,0,0,0,0,0,0,0,0,0,0,0,0,0,0,0,0,0,0,0,0,0,0,0,0,0,0,0,0,0,0,0,0,0,0,0,0,0,0,0,303390274,0,0,0,352332842,0,0,0,0,0,0,0,104381531,223414754,437576218,157171097600,57740753,1,1,0,0,0,0,0,0,0,0,0,0,0,0,0,0,0,0,0,0,0,0,0,0,0,0,0,0,0,0,0,250929231,0,0,0,0,0
1788888665.596,0,0,0,0,0,0,0,731550838,3660783843840,1757231539712,0,0,0,0,0,0,0,0,0,0,0,0,0,0,0,0,0,0,0,0,0,0,0,0,0,0,0,0,0,0,0,0,0,0,0,0,0,0,0,0,0,0,0,0,0,0,0,0,0,0,0,0,0,0,0,0,0,0,987162,223565347,95914451,0,0,0,0,0,0,0,0,0,0,0,0,0,0,0,0,0,0,0,0,0,0,0,0,0,0,0,0,0,0,0,0,0,0,0,0,0,12883312640,4798545920,786335,292880,0,98,786432,222771195,0,0,3566717386,12884901888,96161006,413925466,0,0,0,0,0,0,0,0,0,0,0,0,0,0,0,0,0,0,23404328,23404517,0,97,97,6268,329,46808616,35,0,0,0,0,0,0,0,1,0,0,0,0,0,0,0,0,0,0,26318416,0,57374931,493464,0,0,0,0,0,0,0,0,16384,0,0,0,0,0,0,0,0,0,0,0,3773,610,0,0,0,0,0,71147209,0,271,0,6,610,3773,0,0,0,0,0,0,0,0,0,0,0,0,0,0,0,0,0,0,0,0,0,0,0,0,0,0,0,0,0,0,0,0,0,0,0,0,0,0,0,0,0,0,0,0,0,0,0,0,0,0,0,0,0,303430683,0,0,0,352373087,0,0,0,0,0,0,0,104411778,223455202,437645502,157191895552,57757917,0,1,0,0,0,0,0,0,0,0,0,0,0,0,0,0,0,0,0,0,0,0,0,0,0,0,0,0,0,0,0,250932071,0,0,0,0,0
1788888666.623,0,0,0,0,0,0,0,731637438,3661445839360,1757518978048,0,0,0,0,0,0,0,0,0,0,0,0,0,0,0,0,0,0,0,0,0,0,0,0,0,0,0,0,0,0,0,0,0,0,0,0,0,0,0,0,0,0,0,0,0,0,0,0,0,0,0,0,0,0,0,0,0,0,987315,223605801,95930469,0,0,0,0,0,0,0,0,0,0,0,0,0,0,0,0,0,0,0,0,0,0,0,0,0,0,0,0,0,0,0,0,0,0,0,0,0,12883755008,4792451072,786362,292508,0,70,786432,222811536,0,0,3567145226,12884901888,96198565,413970656,0,0,0,0,0,0,0,0,0,0,0,0,0,0,0,0,0,0,23407199,23407388,0,97,97,6268,329,46814354,35,0,0,0,0,0,0,0,1,0,0,0,0,0,0,0,0,0,0,26321652,0,57377856,493488,0,0,0,0,0,0,0,0,16384,0,0,0,0,0,0,0,0,0,0,0,3774,610,0,0,0,0,0,71155962,0,271,0,6,610,3774,0,0,0,0,0,0,0,0,0,0,0,0,0,0,0,0,0,0,0,0,0,0,0,0,0,0,0,0,0,0,0,0,0,0,0,0,0,0,0,0,0,0,0,0,0,0,0,0,0,0,0,0,0,303471388,0,0,0,352413680,0,0,0,0,0,0,0,104442062,223495643,437715336,157212813312,57774843,1,0,0,0,0,0,0,0,0,0,0,0,0,0,0,0,0,0,0,0,0,0,0,0,0,0,0,0,0,0,0,250934948,0,0,0,0,0
1788888667.651,0,0,0,0,0,0,0,731725616,3662117992960,1757775157248,0,0,0,0,0,0,0,0,0,0,0,0,0,0,0,0,0,0,0,0,0,0,0,0,0,0,0,0,0,0,0,0,0,0,0,0,0,0,0,0,0,0,0,0,0,0,0,0,0,0,0,0,0,0,0,0,0,0,987502,223646948,95944656,0,0,0,0,0,0,0,0,0,0,0,0,0,0,0,0,0,0,0,0,0,0,0,0,0,0,0,0,0,0,0,0,0,0,0,0,0,12883132416,4818812928,786324,294117,0,108,786432,222852586,0,0,3567580097,12884901888,96237223,414016697,0,0,0,0,0,0,0,0,0,0,0,0,0,0,0,0,0,0,23410099,23410288,0,97,97,6268,329,46820142,35,0,0,0,0,0,0,0,1,0,0,0,0,0,0,0,0,0,0,26324917,0,57378670,493495,0,0,0,0,0,0,0,0,16384,0,0,0,0,0,0,0,0,0,0,0,3775,610,0,0,0,0,0,71164796,0,271,0,6,610,3775,0,0,0,0,0,0,0,0,0,0,0,0,0,0,0,0,0,0,0,0,0,0,0,0,0,0,0,0,0,0,0,0,0,0,0,0,0,0,0,0,0,0,0,0,0,0,0,0,0,0,0,0,0,303512445,0,0,0,352454724,0,0,0,0,0,0,0,104473762,223536680,437783748,157233914368,57793093,1,0,0,0,0,0,0,0,0,0,0,0,0,0,0,0,0,0,0,0,0,0,0,0,0,0,0,0,0,0,0,250937851,0,0,0,0,0
1788888668.678,0,0,0,0,0,0,0,731801008,3662692776448,1757988078080,0,0,0,0,0,0,0,0,0,0,0,0,0,0,0,0,0,0,0,0,0,0,0,0,0,0,0,0,0,0,0,0,0,0,0,0,0,0,0,0,0,0,0,0,0,0,0,0,0,0,0,0,0,0,0,0,0,0,987607,223682082,95956368,0,0,0,0,0,0,0,0,0,0,0,0,0,0,0,0,0,0,0,0,0,0,0,0,0,0,0,0,0,0,0,0,0,0,0,0,0,12883230720,4846813184,786330,295826,0,102,786432,222887646,0,0,3567952256,12884901888,96271397,414055718,0,0,0,0,0,0,0,0,0,0,0,0,0,0,0,0,0,0,23412586,23412774,0,97,97,6268,329,46825124,35,0,0,0,0,0,0,0,1,0,0,0,0,0,0,0,0,0,0,26327708,0,57378798,493496,0,0,0,0,0,0,0,0,16384,0,0,0,0,0,0,0,0,0,0,0,3776,610,0,0,0,0,0,71172328,0,271,0,6,610,3776,0,0,0,0,0,0,0,0,0,0,0,0,0,0,0,0,0,0,0,0,0,0,0,0,0,0,0,0,0,0,0,0,0,0,0,0,0,0,0,0,0,0,0,0,0,0,0,0,0,0,0,0,0,303548027,0,0,0,352489994,0,0,0,0,0,0,0,104502866,223571781,437842514,157252189184,57810645,1,1,0,0,0,0,0,0,0,0,0,0,0,0,0,0,0,0,0,0,0,0,0,0,0,0,0,0,0,0,0,250940331,0,0,0,0,0
1788888669.706,0,0,0,0,0,0,0,731892920,3663394880000,1758294786048,0,0,0,0,0,0,0,0,0,0,0,0,0,0,0,0,0,0,0,0,0,0,0,0,0,0,0,0,0,0,0,0,0,0,0,0,0,0,0,0,0,0,0,0,0,0,0,0,0,0,0,0,0,0,0,0,0,0,987787,223725017,95973534,0,0,0,0,0,0,0,0,0,0,0,0,0,0,0,0,0,0,0,0,0,0,0,0,0,0,0,0,0,0,0,0,0,0,0,0,0,12883001344,4836261888,786316,295182,0,116,786432,222930457,0,0,3568405932,12884901888,96310107,414103815,0,0,0,0,0,0,0,0,0,0,0,0,0,0,0,0,0,0,23415623,23415811,0,97,97,6268,329,46831190,35,0,0,0,0,0,0,0,1,0,0,0,0,0,0,0,0,0,0,26331129,0,57382503,493527,0,0,0,0,0,0,0,0,16384,0,0,0,0,0,0,0,0,0,0,0,3778,611,0,0,0,0,0,71181568,0,298,0,27,611,3778,0,0,0,0,1,0,0,0,0,0,0,0,0,0,0,0,0,0,0,0,0,0,0,0,0,0,0,0,0,0,0,0,0,0,0,0,0,0,0,0,0,0,0,0,0,0,0,0,0,0,0,0,0,303591279,0,0,0,352532871,0,0,0,0,0,0,0,104533486,223614639,437916280,157274403328,57827476,1,1,0,0,0,0,0,0,0,0,0,0,0,0,0,0,0,0,0,0,0,0,0,0,0,0,0,0,0,0,0,250943374,0,0,0,0,0
1788888670.736,0,0,0,0,0,0,0,731983840,3664086759936,1758595301376,0,0,0,0,0,0,0,0,0,0,0,0,0,0,0,0,0,0,0,0,0,0,0,0,0,0,0,0,0,0,0,0,0,0,0,0,0,0,0,0,0,0,0,0,0,0,0,0,0,0,0,0,0,0,0,0,0,0,987952,223767348,95990327,0,0,0,0,0,0,0,0,0,0,0,0,0,0,0,0,0,0,0,0,0,0,0,0,0,0,0,0,0,0,0,0,0,0,0,0,0,12882837504,4828430336,786306,294704,0,126,786432,222972686,0,0,3568854822,12884901888,96348549,414151292,0,0,0,0,0,0,0,0,0,0,0,0,0,0,0,0,0,0,23418639,23418829,0,97,97,6268,329,46837244,35,0,0,0,0,0,0,0,1,0,0,0,0,0,0,0,0,0,0,26334523,0,57386032,493556,0,0,0,0,0,0,0,0,16384,0,0,0,0,0,0,0,0,0,0,0,3779,611,0,0,0,0,0,71190752,0,298,0,27,611,3779,0,0,0,0,0,0,0,0,0,0,0,0,0,0,0,0,0,0,0,0,0,0,0,0,0,0,0,0,0,0,0,0,0,0,0,0,0,0,0,0,0,0,0,0,0,0,0,0,0,0,0,0,0,303634104,0,0,0,352575464,0,0,0,0,0,0,0,104564389,223656896,437989028,157296430080,57844781,1,0,0,0,0,0,0,0,0,0,0,0,0,0,0,0,0,0,0,0,0,0,0,0,0,0,0,0,0,0,0,250946391,0,0,0,0,0
1788888671.764,0,0,0,0,0,0,0,732058073,3664650762752,1758806094336,0,0,0,0,0,0,0,0,0,0,0,0,0,0,0,0,0,0,0,0,0,0,0,0,0,0,0,0,0,0,0,0,0,0,0,0,0,0,0,0,0,0,0,0,0,0,0,0,0,0,0,0,0,0,0,0,0,0,988085,223801840,96001862,0,0,0,0,0,0,0,0,0,0,0,0,0,0,0,0,0,0,0,0,0,0,0,0,0,0,0,0,0,0,0,0,0,0,0,0,0,12883017728,4855906304,786317,296382,0,116,786432,223007118,0,0,3569221257,12884901888,96382007,414189863,0,0,0,0,0,0,0,0,0,0,0,0,0,0,0,0,0,0,23421096,23421285,0,97,97,6268,329,46842138,35,0,0,0,0,0,0,0,1,0,0,0,0,0,0,0,0,0,0,26337283,0,57386160,493558,0,0,0,0,0,0,0,0,16384,0,0,0,0,0,0,0,0,0,0,0,3780,611,0,0,0,0,0,71198235,0,298,0,27,611,3780,0,0,0,0,0,0,0,0,0,0,0,0,0,0,0,0,0,0,0,0,0,0,0,0,0,0,0,0,0,0,0,0,0,0,0,0,0,0,0,0,0,0,0,0,0,0,0,0,0,0,0,0,0,303668977,0,0,0,352610160,0,0,0,0,0,0,0,104591884,223691354,438046735,157314356736,57860966,1,0,0,0,0,0,0,0,0,0,0,0,0,0,0,0,0,0,0,0,0,0,0,0,0,0,0,0,0,0,0,250948846,0,0,0,0,0
1788888672.791,0,0,0,0,0,0,0,732144143,3665305123328,1759073238016,0,0,0,0,0,0,0,0,0,0,0,0,0,0,0,0,0,0,0,0,0,0,0,0,0,0,0,0,0,0,0,0,0,0,0,0,0,0,0,0,0,0,0,0,0,0,0,0,0,0,0,0,0,0,0,0,0,0,988244,223841849,96016754,0,0,0,0,0,0,0,0,0,0,0,0,0,0,0,0,0,0,0,0,0,0,0,0,0,0,0,0,0,0,0,0,0,0,0,0,0,12883050496,4861902848,786319,296747,0,113,786432,223047026,0,0,3569646483,12884901888,96419945,414234555,0,0,0,0,0,0,0,0,0,0,0,0,0,0,0,0,0,0,23423942,23424131,0,97,97,6268,329,46847845,35,0,0,0,0,0,0,0,1,0,0,0,0,0,0,0,0,0,0,26340487,0,57388004,493572,0,0,0,0,0,0,0,0,16384,0,0,0,0,0,0,0,0,0,0,0,3781,611,0,0,0,0,0,71206898,0,298,0,27,611,3781,0,0,0,0,0,0,0,0,0,0,0,0,0,0,0,0,0,0,0,0,0,0,0,0,0,0,0,0,0,0,0,0,0,0,0,0,0,0,0,0,0,0,0,0,0,0,0,0,0,0,0,0,0,303709493,0,0,0,352650301,0,0,0,0,0,0,0,104620830,223731303,438115134,157335165952,57876649,0,0,0,0,0,0,0,0,0,0,0,0,0,0,0,0,0,0,0,0,0,0,0,0,0,0,0,0,0,0,0,250951694,0,0,0,0,0
1788888673.819,0,0,0,0,0,0,0,732247918,3666092259840,1759435639808,0,0,0,0,0,0,0,0,0,0,0,0,0,0,0,0,0,0,0,0,0,0,0,0,0,0,0,0,0,0,0,0,0,0,0,0,0,0,0,0,0,0,0,0,0,0,0,0,0,0,0,0,0,0,0,0,0,0,988416,223889985,96037126,0,0,0,0,0,0,0,0,0,0,0,0,0,0,0,0,0,0,0,0,0,0,0,0,0,0,0,0,0,0,0,0,0,0,0,0,0,12883165184,4832296960,786326,294940,0,106,786432,223095014,0,0,3570158220,12884901888,96461653,414288494,0,0,0,0,0,0,0,0,0,0,0,0,0,0,0,0,0,0,23427376,23427567,0,97,97,6268,329,46854705,35,0,0,0,0,0,0,0,1,0,0,0,0,0,0,0,0,0,0,26344351,0,57393664,493619,0,0,0,0,0,0,0,0,16384,0,0,0,0,0,0,0,0,0,0,0,3782,611,0,0,0,0,0,71217344,0,298,0,27,611,3782,0,0,0,0,0,0,0,0,0,0,0,0,0,0,0,0,0,0,0,0,0,0,0,0,0,0,0,0,0,0,0,0,0,0,0,0,0,0,0,0,0,0,0,0,0,0,0,0,0,0,0,0,0,303758701,0,0,0,352698827,0,0,0,0,0,0,0,104648947,223779373,438199269,157360429568,57889625,1,0,0,0,0,0,0,0,0,0,0,0,0,0,0,0,0,0,0,0,0,0,0,0,0,0,0,0,0,0,0,250955128,0,0,0,0,0
1788888674.847,0,0,0,0,0,0,0,732339280,3666792249856,1759741974528,0,0,0,0,0,0,0,0,0,0,0,0,0,0,0,0,0,0,0,0,0,0,0,0,0,0,0,0,0,0,0,0,0,0,0,0,0,0,0,0,0,0,0,0,0,0,0,0,0,0,0,0,0,0,0,0,0,0,988616,223932790,96054289,0,0,0,0,0,0,0,0,0,0,0,0,0,0,0,0,0,0,0,0,0,0,0,0,0,0,0,0,0,0,0,0,0,0,0,0,0,12882968576,4820844544,786314,294241,1,119,786432,223137700,0,0,3570609943,12884901888,96499903,414336414,0,0,0,0,0,0,0,0,0,0,0,0,0,0,0,0,0,0,23430388,23430570,0,97,97,6268,329,46860727,35,0,0,0,0,0,0,0,1,0,0,0,0,0,0,0,0,0,0,26347728,0,57397421,493650,0,0,0,0,0,0,0,0,16384,0,0,0,0,0,0,0,0,0,0,0,3783,611,0,0,0,0,0,71226493,0,298,0,27,611,3783,0,0,0,0,0,0,0,0,0,0,0,0,0,0,0,0,0,0,0,0,0,0,0,0,0,0,0,0,0,0,0,0,0,0,0,0,0,0,0,0,0,0,0,0,0,0,0,0,0,0,0,0,0,303801588,0,0,0,352741494,0,0,0,0,0,0,0,104680199,223822120,438272581,157382499840,57907171,1,1,0,0,0,0,0,0,0,0,0,0,0,0,0,0,0,0,0,0,0,0,0,0,0,0,0,0,0,0,0,250958132,0,0,0,0,0
1788888675.874,0,0,0,0,0,0,0,732428887,3667474070016,1760041252352,0,0,0,0,0,0,0,0,0,0,0,0,0,0,0,0,0,0,0,0,0,0,0,0,0,0,0,0,0,0,0,0,0,0,0,0,0,0,0,0,0,0,0,0,0,0,0,0,0,0,0,0,0,0,0,0,0,0,988763,223974481,96071029,0,0,0,0,0,0,0,0,0,0,0,0,0,0,0,0,0,0,0,0,0,0,0,0,0,0,0,0,0,0,0,0,0,0,0,0,0,12882984960,4808998912,786315,293518,0,117,786432,223179274,0,0,3571052328,12884901888,96537708,414383010,0,0,0,0,0,0,0,0,0,0,0,0,0,0,0,0,0,0,23433349,23433533,0,97,97,6268,329,46866656,35,0,0,0,0,0,0,0,1,0,0,0,0,0,0,0,0,0,0,26351061,0,57400715,493679,0,0,0,0,0,0,0,0,16384,0,0,0,0,0,0,0,0,0,0,0,3784,611,0,0,0,0,0,71235521,0,298,0,27,611,3784,0,0,0,0,0,0,0,0,0,0,0,0,0,0,0,0,0,0,0,0,0,0,0,0,0,0,0,0,0,0,0,0,0,0,0,0,0,0,0,0,0,0,0,0,0,0,0,0,0,0,0,0,0,303843681,0,0,0,352783417,0,0,0,0,0,0,0,104710324,223863709,438344505,157404167680,57923844,0,0,0,0,0,0,0,0,0,0,0,0,0,0,0,0,0,0,0,0,0,0,0,0,0,0,0,0,0,0,0,250961096,0,0,0,0,0
1788888676.902,0,0,0,0,0,0,0,732512444,3668108442112,1760277531136,0,0,0,0,0,0,0,0,0,0,0,0,0,0,0,0,0,0,0,0,0,0,0,0,0,0,0,0,0,0,0,0,0,0,0,0,0,0,0,0,0,0,0,0,0,0,0,0,0,0,0,0,0,0,0,0,0,0,988927,224013262,96084049,0,0,0,0,0,0,0,0,0,0,0,0,0,0,0,0,0,0,0,0,0,0,0,0,0,0,0,0,0,0,0,0,0,0,0,0,0,12883017728,4841897984,786317,295526,0,115,786432,223217954,0,0,3571464323,12884901888,96574972,414426567,0,0,0,0,0,0,0,0,0,0,0,0,0,0,0,0,0,0,23436103,23436287,0,97,97,6268,329,46872167,35,0,0,0,0,0,0,0,1,0,0,0,0,0,0,0,0,0,0,26354159,0,57401312,493682,0,0,0,0,0,0,0,0,16384,0,0,0,0,0,0,0,0,0,0,0,3785,611,0,0,0,0,0,71243890,0,298,0,27,611,3785,0,0,0,0,0,0,0,0,0,0,0,0,0,0,0,0,0,0,0,0,0,0,0,0,0,0,0,0,0,0,0,0,0,0,0,0,0,0,0,0,0,0,0,0,0,0,0,0,0,0,0,0,0,303882693,0,0,0,352822450,0,0,0,0,0,0,0,104741422,223902446,438409065,157424225280,57942273,1,1,0,0,0,0,0,0,0,0,0,0,0,0,0,0,0,0,0,0,0,0,0,0,0,0,0,0,0,0,0,250963850,0,0,0,0,0
1788888677.929,0,0,0,0,0,0,0,732598091,3668758247936,1760563750912,0,0,0,0,0,0,0,0,0,0,0,0,0,0,0,0,0,0,0,0,0,0,0,0,0,0,0,0,0,0,0,0,0,0,0,0,0,0,0,0,0,0,0,0,0,0,0,0,0,0,0,0,0,0,0,0,0,0,989076,224053005,96100079,0,0,0,0,0,0,0,0,0,0,0,0,0,0,0,0,0,0,0,0,0,0,0,0,0,0,0,0,0,0,0,0,0,0,0,0,0,12882935808,4829184000,786312,294750,0,120,786432,223257593,0,0,3571887419,12884901888,96610810,414471110,0,0,0,0,0,0,0,0,0,0,0,0,0,0,0,0,0,0,23438941,23439128,0,97,97,6268,329,46877845,35,0,0,0,0,0,0,0,1,0,0,0,0,0,0,0,0,0,0,26357352,0,57404843,493711,0,0,0,0,0,0,0,0,16384,0,0,0,0,0,0,0,0,0,0,0,3786,611,0,0,0,0,0,71252545,0,298,0,27,611,3786,0,0,0,0,0,0,0,0,0,0,0,0,0,0,0,0,0,0,0,0,0,0,0,0,0,0,0,0,0,0,0,0,0,0,0,0,0,0,0,0,0,0,0,0,0,0,0,0,0,0,0,0,0,303922887,0,0,0,352862463,0,0,0,0,0,0,0,104771473,223942135,438477673,157444867072,57959439,0,0,0,0,0,0,0,0,0,0,0,0,0,0,0,0,0,0,0,0,0,0,0,0,0,0,0,0,0,0,0,250966690,0,0,0,0,0
1788888678.955,0,0,0,0,0,0,0,732678768,3669376645632,1760795990528,0,0,0,0,0,0,0,0,0,0,0,0,0,0,0,0,0,0,0,0,0,0,0,0,0,0,0,0,0,0,0,0,0,0,0,0,0,0,0,0,0,0,0,0,0,0,0,0,0,0,0,0,0,0,0,0,0,0,989223,224090820,96112874,0,0,0,0,0,0,0,0,0,0,0,0,0,0,0,0,0,0,0,0,0,0,0,0,0,0,0,0,0,0,0,0,0,0,0,0,0,12883181568,4856561664,786326,296422,0,106,786432,223295336,0,0,3572284881,12884901888,96647456,414513232,0,0,0,0,0,0,0,0,0,0,0,0,0,0,0,0,0,0,23441609,23441799,0,97,97,6268,329,46883169,35,0,0,0,0,0,0,0,1,0,0,0,0,0,0,0,0,0,0,26360356,0,57405099,493713,0,0,0,0,0,0,0,0,16384,0,0,0,0,0,0,0,0,0,0,0,3787,611,0,0,0,0,0,71260661,0,298,0,27,611,3787,0,0,0,0,0,0,0,0,0,0,0,0,0,0,0,0,0,0,0,0,0,0,0,0,0,0,0,0,0,0,0,0,0,0,0,0,0,0,0,0,0,0,0,0,0,0,0,0,0,0,0,0,0,303960570,0,0,0,352900161,0,0,0,0,0,0,0,104802171,223979901,438540608,157464239616,57977617,1,0,0,0,0,0,0,0,0,0,0,0,0,0,0,0,0,0,0,0,0,0,0,0,0,0,0,0,0,0,0,250969360,0,0,0,0,0
1788888679.982,0,0,0,0,0,0,0,732776059,3670118349312,1761117428224,0,0,0,0,0,0,0,0,0,0,0,0,0,0,0,0,0,0,0,0,0,0,0,0,0,0,0,0,0,0,0,0,0,0,0,0,0,0,0,0,0,0,0,0,0,0,0,0,0,0,0,0,0,0,0,0,0,0,989431,224136199,96130862,0,0,0,0,0,0,0,0,0,0,0,0,0,0,0,0,0,0,0,0,0,0,0,0,0,0,0,0,0,0,0,0,0,0,0,0,0,12883050496,4846125056,786320,295784,0,112,786432,223340583,0,0,3572764941,12884901888,96686855,414564099,0,0,0,0,0,0,0,0,0,0,0,0,0,0,0,0,0,0,23444820,23445008,0,97,97,6268,329,46889596,35,0,0,0,0,0,0,0,1,0,0,0,0,0,0,0,0,0,0,26363966,0,57409163,493748,0,0,0,0,0,0,0,0,16384,0,0,0,0,0,0,0,0,0,0,0,3788,611,0,0,0,0,0,71270428,0,298,0,27,611,3788,0,0,0,0,0,0,0,0,0,0,0,0,0,0,0,0,0,0,0,0,0,0,0,0,0,0,0,0,0,0,0,0,0,0,0,0,0,0,0,0,0,0,0,0,0,0,0,0,0,0,0,0,0,304005913,0,0,0,352945557,0,0,0,0,0,0,0,104833372,224025209,438617714,157487578624,57994511,1,0,0,0,0,0,0,0,0,0,0,0,0,0,0,0,0,0,0,0,0,0,0,0,0,0,0,0,0,0,0,250972570,0,0,0,0,0
1788888681.011,0,0,0,0,0,0,0,732857061,3670731864576,1761348018176,0,0,0,0,0,0,0,0,0,0,0,0,0,0,0,0,0,0,0,0,0,0,0,0,0,0,0,0,0,0,0,0,0,0,0,0,0,0,0,0,0,0,0,0,0,0,0,0,0,0,0,0,0,0,0,0,0,0,989577,224173721,96143552,0,0,0,0,0,0,0,0,0,0,0,0,0,0,0,0,0,0,0,0,0,0,0,0,0,0,0,0,0,0,0,0,0,0,0,0,0,12883099648,4875370496,786322,297569,0,110,786432,223378027,0,0,3573164790,12884901888,96723280,414606460,0,0,0,0,0,0,0,0,0,0,0,0,0,0,0,0,0,0,23447499,23447690,0,97,97,6268,329,46894962,35,0,0,0,0,0,0,0,1,0,0,0,0,0,0,0,0,0,0,26366984,0,57409291,493749,0,0,0,0,0,0,0,0,16384,0,0,0,0,0,0,0,0,0,0,0,3789,611,0,0,0,0,0,71278594,0,298,0,27,611,3789,0,0,0,0,0,0,0,0,0,0,0,0,0,0,0,0,0,0,0,0,0,0,0,0,0,0,0,0,0,0,0,0,0,0,0,0,0,0,0,0,0,0,0,0,0,0,0,0,0,0,0,0,0,304043904,0,0,0,352983451,0,0,0,0,0,0,0,104863914,224062678,438680847,157507143680,58012519,0,0,0,0,0,0,0,0,0,0,0,0,0,0,0,0,0,0,0,0,0,0,0,0,0,0,0,0,0,0,0,250975252,0,0,0,0,0
1788888682.038,0,0,0,0,0,0,0,732947764,3671422482944,1761648024576,0,0,0,0,0,0,0,0,0,0,0,0,0,0,0,0,0,0,0,0,0,0,0,0,0,0,0,0,0,0,0,0,0,0,0,0,0,0,0,0,0,0,0,0,0,0,0,0,0,0,0,0,0,0,0,0,0,0,989729,224215936,96160342,0,0,0,0,0,0,0,0,0,0,0,0,0,0,0,0,0,0,0,0,0,0,0,0,0,0,0,0,0,0,0,0,0,0,0,0,0,12882935808,4864049152,786312,296878,1,120,786432,223420141,0,0,3573612899,12884901888,96760440,414653628,0,0,0,0,0,0,0,0,0,0,0,0,0,0,0,0,0,0,23450506,23450698,0,97,97,6268,329,46900987,35,0,0,0,0,0,0,0,1,0,0,0,0,0,0,0,0,0,0,26370369,0,57413092,493781,0,0,0,0,0,0,0,0,16384,0,0,0,0,0,0,0,0,0,0,0,3790,611,0,0,0,0,0,71287736,0,298,0,27,611,3790,0,0,0,0,0,0,0,0,0,0,0,0,0,0,0,0,0,0,0,0,0,0,0,0,0,0,0,0,0,0,0,0,0,0,0,0,0,0,0,0,0,0,0,0,0,0,0,0,0,0,0,0,0,304086194,0,0,0,353025900,0,0,0,0,0,0,0,104893921,224104830,438752802,157528875008,58029221,0,0,0,0,0,0,0,0,0,0,0,0,0,0,0,0,0,0,0,0,0,0,0,0,0,0,0,0,0,0,0,250978261,0,0,0,0,0
1788888683.066,0,0,0,0,0,0,0,733029113,3672041503232,1761886384640,0,0,0,0,0,0,0,0,0,0,0,0,0,0,0,0,0,0,0,0,0,0,0,0,0,0,0,0,0,0,0,0,0,0,0,0,0,0,0,0,0,0,0,0,0,0,0,0,0,0,0,0,0,0,0,0,0,0,989862,224253806,96173443,0,0,0,0,0,0,0,0,0,0,0,0,0,0,0,0,0,0,0,0,0,0,0,0,0,0,0,0,0,0,0,0,0,0,0,0,0,12882935808,4885217280,786312,298170,0,120,786432,223457947,0,0,3574014473,12884901888,96795921,414695844,0,0,0,0,0,0,0,0,0,0,0,0,0,0,0,0,0,0,23453208,23453398,0,97,97,6268,329,46906372,35,0,0,0,0,0,0,0,1,0,0,0,0,0,0,0,0,0,0,26373404,0,57413534,493786,0,0,0,0,0,0,0,0,16384,0,0,0,0,0,0,0,0,0,0,0,3791,611,0,0,0,0,0,71295947,0,298,0,27,611,3791,0,0,0,0,0,0,0,0,0,0,0,0,0,0,0,0,0,0,0,0,0,0,0,0,0,0,0,0,0,0,0,0,0,0,0,0,0,0,0,0,0,0,0,0,0,0,0,0,0,0,0,0,0,304124001,0,0,0,353063946,0,0,0,0,0,0,0,104924827,224142625,438816277,157548307456,58047503,0,0,0,0,0,0,0,0,0,0,0,0,0,0,0,0,0,0,0,0,0,0,0,0,0,0,0,0,0,0,0,250980961,0,0,0,0,0
1788888684.092,0,0,0,0,0,0,0,733110195,3672658967040,1762121197568,0,0,0,0,0,0,0,0,0,0,0,0,0,0,0,0,0,0,0,0,0,0,0,0,0,0,0,0,0,0,0,0,0,0,0,0,0,0,0,0,0,0,0,0,0,0,0,0,0,0,0,0,0,0,0,0,0,0,990014,224291564,96186475,0,0,0,0,0,0,0,0,0,0,0,0,0,0,0,0,0,0,0,0,0,0,0,0,0,0,0,0,0,0,0,0,0,0,0,0,0,12883050496,4907892736,786319,299554,1,113,786432,223495615,0,0,3574412930,12884901888,96832542,414737948,0,0,0,0,0,0,0,0,0,0,0,0,0,0,0,0,0,0,23455888,23456079,0,97,97,6268,329,46911724,35,0,0,0,0,0,0,0,1,0,0,0,0,0,0,0,0,0,0,26376420,0,57413790,493787,0,0,0,0,0,0,0,0,16384,0,0,0,0,0,0,0,0,0,0,0,3792,611,0,0,0,0,0,71304103,0,298,0,27,611,3792,0,0,0,0,0,0,0,0,0,0,0,0,0,0,0,0,0,0,0,0,0,0,0,0,0,0,0,0,0,0,0,0,0,0,0,0,0,0,0,0,0,0,0,0,0,0,0,0,0,0,0,0,0,304161646,0,0,0,353101745,0,0,0,0,0,0,0,104955732,224180332,438879609,157567671296,58065604,0,1,0,0,0,0,0,0,0,0,0,0,0,0,0,0,0,0,0,0,0,0,0,0,0,0,0,0,0,0,0,250983641,0,0,0,0,0
1788888685.119,0,0,0,0,0,0,0,733193366,3673292864000,1762400892928,0,0,0,0,0,0,0,0,0,0,0,0,0,0,0,0,0,0,0,0,0,0,0,0,0,0,0,0,0,0,0,0,0,0,0,0,0,0,0,0,0,0,0,0,0,0,0,0,0,0,0,0,0,0,0,0,0,0,990167,224330324,96202132,0,0,0,0,0,0,0,0,0,0,0,0,0,0,0,0,0,0,0,0,0,0,0,0,0,0,0,0,0,0,0,0,0,0,0,0,0,12883034112,4895834112,786318,298818,0,114,786432,223534302,0,0,3574823578,12884901888,96867593,414781303,0,0,0,0,0,0,0,0,0,0,0,0,0,0,0,0,0,0,23458630,23458823,0,97,97,6268,329,46917225,35,0,0,0,0,0,0,0,1,0,0,0,0,0,0,0,0,0,0,26379505,0,57417191,493816,0,0,0,0,0,0,0,0,16384,0,0,0,0,0,0,0,0,0,0,0,3793,611,0,0,0,0,0,71312448,0,298,0,27,611,3793,0,0,0,0,0,0,0,0,0,0,0,0,0,0,0,0,0,0,0,0,0,0,0,0,0,0,0,0,0,0,0,0,0,0,0,0,0,0,0,0,0,0,0,0,0,0,0,0,0,0,0,0,0,304200911,0,0,0,353140652,0,0,0,0,0,0,0,104985525,224219036,438946685,157587868160,58082780,0,0,0,0,0,0,0,0,0,0,0,0,0,0,0,0,0,0,0,0,0,0,0,0,0,0,0,0,0,0,0,250986384,0,0,0,0,0
1788888686.147,0,0,0,0,0,0,0,733267092,3673857767936,1762612614656,0,0,0,0,0,0,0,0,0,0,0,0,0,0,0,0,0,0,0,0,0,0,0,0,0,0,0,0,0,0,0,0,0,0,0,0,0,0,0,0,0,0,0,0,0,0,0,0,0,0,0,0,0,0,0,0,0,0,990292,224364865,96213800,0,0,0,0,0,0,0,0,0,0,0,0,0,0,0,0,0,0,0,0,0,0,0,0,0,0,0,0,0,0,0,0,0,0,0,0,0,12883099648,4921049088,786322,300357,0,110,786432,223568774,0,0,3575187752,12884901888,96901212,414819585,0,0,0,0,0,0,0,0,0,0,0,0,0,0,0,0,0,0,23461066,23461252,0,97,97,6268,329,46922084,35,0,0,0,0,0,0,0,1,0,0,0,0,0,0,0,0,0,0,26382240,0,57417319,493817,0,0,0,0,0,0,0,0,16384,0,0,0,0,0,0,0,0,0,0,0,3794,611,0,0,0,0,0,71319846,0,298,0,27,611,3794,0,0,0,0,0,0,0,0,0,0,0,0,0,0,0,0,0,0,0,0,0,0,0,0,0,0,0,0,0,0,0,0,0,0,0,0,0,0,0,0,0,0,0,0,0,0,0,0,0,0,0,0,0,304235579,0,0,0,353175055,0,0,0,0,0,0,0,105014791,224253530,439004472,157605716992,58100532,0,0,0,0,0,0,0,0,0,0,0,0,0,0,0,0,0,0,0,0,0,0,0,0,0,0,0,0,0,0,0,250988815,0,0,0,0,0
1788888687.174,0,0,0,0,0,0,0,733358302,3674555283968,1762918178816,0,0,0,0,0,0,0,0,0,0,0,0,0,0,0,0,0,0,0,0,0,0,0,0,0,0,0,0,0,0,0,0,0,0,0,0,0,0,0,0,0,0,0,0,0,0,0,0,0,0,0,0,0,0,0,0,0,0,990463,224407536,96230916,0,0,0,0,0,0,0,0,0,0,0,0,0,0,0,0,0,0,0,0,0,0,0,0,0,0,0,0,0,0,0,0,0,0,0,0,0,12883066880,4909121536,786320,299629,0,112,786432,223611330,0,0,3575638333,12884901888,96939370,414867226,0,0,0,0,0,0,0,0,0,0,0,0,0,0,0,0,0,0,23464080,23464266,0,97,97,6268,329,46928114,35,0,0,0,0,0,0,0,1,0,0,0,0,0,0,0,0,0,0,26385629,0,57420823,493847,0,0,0,0,0,0,0,0,16384,0,0,0,0,0,0,0,0,0,0,0,3795,611,0,0,0,0,0,71329021,0,298,0,27,611,3795,0,0,0,0,0,0,0,0,0,0,0,0,0,0,0,0,0,0,0,0,0,0,0,0,0,0,0,0,0,0,0,0,0,0,0,0,0,0,0,0,0,0,0,0,0,0,0,0,0,0,0,0,0,304278006,0,0,0,353217759,0,0,0,0,0,0,0,105045972,224296137,439077534,157627574784,58117736,0,0,0,0,0,0,0,0,0,0,0,0,0,0,0,0,0,0,0,0,0,0,0,0,0,0,0,0,0,0,0,250991828,0,0,0,0,0
1788888688.202,0,0,0,0,0,0,0,733435851,3675145337344,1763142526464,0,0,0,0,0,0,0,0,0,0,0,0,0,0,0,0,0,0,0,0,0,0,0,0,0,0,0,0,0,0,0,0,0,0,0,0,0,0,0,0,0,0,0,0,0,0,0,0,0,0,0,0,0,0,0,0,0,0,990630,224443615,96243296,0,0,0,0,0,0,0,0,0,0,0,0,0,0,0,0,0,0,0,0,0,0,0,0,0,0,0,0,0,0,0,0,0,0,0,0,0,12883165184,4933566464,786326,301121,0,106,786432,223647316,0,0,3576021298,12884901888,96974504,414907694,0,0,0,0,0,0,0,0,0,0,0,0,0,0,0,0,0,0,23466632,23466822,0,97,97,6268,329,46933217,35,0,0,0,0,0,0,0,1,0,0,0,0,0,0,0,0,0,0,26388503,0,57420951,493848,0,0,0,0,0,0,0,0,16384,0,0,0,0,0,0,0,0,0,0,0,3796,611,0,0,0,0,0,71336786,0,298,0,27,611,3796,0,0,0,0,0,0,0,0,0,0,0,0,0,0,0,0,0,0,0,0,0,0,0,0,0,0,0,0,0,0,0,0,0,0,0,0,0,0,0,0,0,0,0,0,0,0,0,0,0,0,0,0,0,304314058,0,0,0,353253872,0,0,0,0,0,0,0,105076101,224332177,439138137,157646123520,58135635,0,0,0,0,0,0,0,0,0,0,0,0,0,0,0,0,0,0,0,0,0,0,0,0,0,0,0,0,0,0,0,250994383,0,0,0,0,0
1788888689.229,0,0,0,0,0,0,0,733523335,3675812035072,1763435709952,0,0,0,0,0,0,0,0,0,0,0,0,0,0,0,0,0,0,0,0,0,0,0,0,0,0,0,0,0,0,0,0,0,0,0,0,0,0,0,0,0,0,0,0,0,0,0,0,0,0,0,0,0,0,0,0,0,0,990802,224484379,96259708,0,0,0,0,0,0,0,0,0,0,0,0,0,0,0,0,0,0,0,0,0,0,0,0,0,0,0,0,0,0,0,0,0,0,0,0,0,12883066880,4922130432,786320,300423,0,111,786432,223687977,0,0,3576453070,12884901888,97011084,414953516,0,0,0,0,0,0,0,0,0,0,0,0,0,0,0,0,0,0,23469525,23469716,0,97,97,6268,329,46939009,35,0,0,0,0,0,0,0,1,0,0,0,0,0,0,0,0,0,0,26391761,0,57424441,493878,0,0,0,0,0,0,0,0,16384,0,0,0,0,0,0,0,0,0,0,0,3797,611,0,0,0,0,0,71345590,0,298,0,27,611,3797,0,0,0,0,0,0,0,0,0,0,0,0,0,0,0,0,0,0,0,0,0,0,0,0,0,0,0,0,0,0,0,0,0,0,0,0,0,0,0,0,0,0,0,0,0,0,0,0,0,0,0,0,0,304354967,0,0,0,353294913,0,0,0,0,0,0,0,105106508,224372887,439208277,157667198464,58152743,1,0,0,0,0,0,0,0,0,0,0,0,0,0,0,0,0,0,0,0,0,0,0,0,0,0,0,0,0,0,0,250997278,0,0,0,0,0
1788888690.255,0,0,0,0,0,0,0,733608534,3676459989504,1763679771648,0,0,0,0,0,0,0,0,0,0,0,0,0,0,0,0,0,0,0,0,0,0,0,0,0,0,0,0,0,0,0,0,0,0,0,0,0,0,0,0,0,0,0,0,0,0,0,0,0,0,0,0,0,0,0,0,0,0,990947,224524028,96273153,0,0,0,0,0,0,0,0,0,0,0,0,0,0,0,0,0,0,0,0,0,0,0,0,0,0,0,0,0,0,0,0,0,0,0,0,0,12883099648,4947722240,786322,301985,0,110,786432,223727511,0,0,3576873893,12884901888,97049442,414997691,0,0,0,0,0,0,0,0,0,0,0,0,0,0,0,0,0,0,23472352,23472542,0,97,97,6268,329,46944662,35,0,0,0,0,0,0,0,1,0,0,0,0,0,0,0,0,0,0,26394940,0,57424697,493880,0,0,0,0,0,0,0,0,16384,0,0,0,0,0,0,0,0,0,0,0,3798,611,0,0,0,0,0,71354203,0,298,0,27,611,3798,0,0,0,0,0,0,0,0,0,0,0,0,0,0,0,0,0,0,0,0,0,0,0,0,0,0,0,0,0,0,0,0,0,0,0,0,0,0,0,0,0,0,0,0,0,0,0,0,0,0,0,0,0,304395008,0,0,0,353334666,0,0,0,0,0,0,0,105135333,224412463,439274828,157687766016,58168418,0,0,0,0,0,0,0,0,0,0,0,0,0,0,0,0,0,0,0,0,0,0,0,0,0,0,0,0,0,0,0,251000105,0,0,0,0,0
1788888691.282,0,0,0,0,0,0,0,733701393,3677165500928,1763988444160,0,0,0,0,0,0,0,0,0,0,0,0,0,0,0,0,0,0,0,0,0,0,0,0,0,0,0,0,0,0,0,0,0,0,0,0,0,0,0,0,0,0,0,0,0,0,0,0,0,0,0,0,0,0,0,0,0,0,991109,224567151,96290418,0,0,0,0,0,0,0,0,0,0,0,0,0,0,0,0,0,0,0,0,0,0,0,0,0,0,0,0,0,0,0,0,0,0,0,0,0,12883083264,4933894144,786321,301141,0,111,786432,223770513,0,0,3577332343,12884901888,97086548,415046042,0,0,0,0,0,0,0,0,0,0,0,0,0,0,0,0,0,0,23475434,23475624,0,97,97,6268,329,46950823,35,0,0,0,0,0,0,0,1,0,0,0,0,0,0,0,0,0,0,26398407,0,57428779,493915,0,0,0,0,0,0,0,0,16384,0,0,0,0,0,0,0,0,0,0,0,3800,611,0,0,0,0,0,71363568,0,298,0,27,611,3800,0,0,0,0,0,0,0,0,0,0,0,0,0,0,0,0,0,0,0,0,0,0,0,0,0,0,0,0,0,0,0,0,0,0,0,0,0,0,0,0,0,0,0,0,0,0,0,0,0,0,0,0,0,304438662,0,0,0,353378092,0,0,0,0,0,0,0,105163989,224455543,439348763,157710202880,58183501,1,0,0,0,0,0,0,0,0,0,0,0,0,0,0,0,0,0,0,0,0,0,0,0,0,0,0,0,0,0,0,251003186,0,0,0,0,0
1788888692.310,0,0,0,0,0,0,0,733782417,3677785061888,1764221979136,0,0,0,0,0,0,0,0,0,0,0,0,0,0,0,0,0,0,0,0,0,0,0,0,0,0,0,0,0,0,0,0,0,0,0,0,0,0,0,0,0,0,0,0,0,0,0,0,0,0,0,0,0,0,0,0,0,0,991261,224605061,96303291,0,0,0,0,0,0,0,0,0,0,0,0,0,0,0,0,0,0,0,0,0,0,0,0,0,0,0,0,0,0,0,0,0,0,0,0,0,12883066880,4960714752,786320,302778,0,112,786432,223808329,0,0,3577731846,12884901888,97123314,415088305,0,0,0,0,0,0,0,0,0,0,0,0,0,0,0,0,0,0,23478112,23478301,0,97,97,6268,329,46956177,35,0,0,0,0,0,0,0,1,0,0,0,0,0,0,0,0,0,0,26401419,0,57428907,493916,0,0,0,0,0,0,0,0,16384,0,0,0,0,0,0,0,0,0,0,0,3801,611,0,0,0,0,0,71371684,0,298,0,27,611,3801,0,0,0,0,0,0,0,0,0,0,0,0,0,0,0,0,0,0,0,0,0,0,0,0,0,0,0,0,0,0,0,0,0,0,0,0,0,0,0,0,0,0,0,0,0,0,0,0,0,0,0,0,0,304476589,0,0,0,353415981,0,0,0,0,0,0,0,105193936,224493371,439412235,157729686528,58200733,1,0,0,0,0,0,0,0,0,0,0,0,0,0,0,0,0,0,0,0,0,0,0,0,0,0,0,0,0,0,0,251005864,0,0,0,0,0
1788888693.336,0,0,0,0,0,0,0,733865568,3678419057152,1764503220224,0,0,0,0,0,0,0,0,0,0,0,0,0,0,0,0,0,0,0,0,0,0,0,0,0,0,0,0,0,0,0,0,0,0,0,0,0,0,0,0,0,0,0,0,0,0,0,0,0,0,0,0,0,0,0,0,0,0,991396,224643822,96319047,0,0,0,0,0,0,0,0,0,0,0,0,0,0,0,0,0,0,0,0,0,0,0,0,0,0,0,0,0,0,0,0,0,0,0,0,0,12883230720,4945117184,786330,301826,0,102,786432,223847013,0,0,3578141584,12884901888,97157844,415131469,0,0,0,0,0,0,0,0,0,0,0,0,0,0,0,0,0,0,23480853,23481045,0,97,97,6268,329,46961665,35,0,0,0,0,0,0,0,1,0,0,0,0,0,0,0,0,0,0,26404506,0,57432396,493946,0,0,0,0,0,0,0,0,16384,0,0,0,0,0,0,0,0,0,0,0,3802,611,0,0,0,0,0,71380032,0,298,0,27,611,3802,0,0,0,0,0,0,0,0,0,0,0,0,0,0,0,0,0,0,0,0,0,0,0,0,0,0,0,0,0,0,0,0,0,0,0,0,0,0,0,0,0,0,0,0,0,0,0,0,0,0,0,0,0,304515566,0,0,0,353454813,0,0,0,0,0,0,0,105223683,224532097,439479131,157749716992,58217834,1,0,0,0,0,0,0,0,0,0,0,0,0,0,0,0,0,0,0,0,0,0,0,0,0,0,0,0,0,0,0,251008606,0,0,0,0,0
1788888694.364,0,0,0,0,0,0,0,733942943,3679009470976,1764726408192,0,0,0,0,0,0,0,0,0,0,0,0,0,0,0,0,0,0,0,0,0,0,0,0,0,0,0,0,0,0,0,0,0,0,0,0,0,0,0,0,0,0,0,0,0,0,0,0,0,0,0,0,0,0,0,0,0,0,991547,224679923,96331361,0,0,0,0,0,0,0,0,0,0,0,0,0,0,0,0,0,0,0,0,0,0,0,0,0,0,0,0,0,0,0,0,0,0,0,0,0,12882919424,4971003904,786311,303406,0,121,786432,223883037,0,0,3578523252,12884901888,97192968,415171834,0,0,0,0,0,0,0,0,0,0,0,0,0,0,0,0,0,0,23483406,23483591,0,97,97,6268,329,46966772,35,0,0,0,0,0,0,0,1,0,0,0,0,0,0,0,0,0,0,26407370,0,57432524,493947,0,0,0,0,0,0,0,0,16384,0,0,0,0,0,0,0,0,0,0,0,3803,611,0,0,0,0,0,71387768,0,298,0,27,611,3803,0,0,0,0,0,0,0,0,0,0,0,0,0,0,0,0,0,0,0,0,0,0,0,0,0,0,0,0,0,0,0,0,0,0,0,0,0,0,0,0,0,0,0,0,0,0,0,0,0,0,0,0,0,304551691,0,0,0,353490958,0,0,0,0,0,0,0,105253528,224568155,439539675,157768266752,58235532,1,0,0,0,0,0,0,0,0,0,0,0,0,0,0,0,0,0,0,0,0,0,0,0,0,0,0,0,0,0,0,251011153,0,0,0,0,0
1788888695.390,0,0,0,0,0,0,0,734035817,3679711787520,1765036450304,0,0,0,0,0,0,0,0,0,0,0,0,0,0,0,0,0,0,0,0,0,0,0,0,0,0,0,0,0,0,0,0,0,0,0,0,0,0,0,0,0,0,0,0,0,0,0,0,0,0,0,0,0,0,0,0,0,0,991727,224722880,96348710,0,0,0,0,0,0,0,0,0,0,0,0,0,0,0,0,0,0,0,0,0,0,0,0,0,0,0,0,0,0,0,0,0,0,0,0,0,12883083264,4957634560,786320,302590,0,112,786432,223925875,0,0,3578981252,12884901888,97231819,415220362,0,0,0,0,0,0,0,0,0,0,0,0,0,0,0,0,0,0,23486482,23486666,0,97,97,6268,329,46972918,35,0,0,0,0,0,0,0,1,0,0,0,0,0,0,0,0,0,0,26410829,0,57436018,493975,0,0,0,0,0,0,0,0,16384,0,0,0,0,0,0,0,0,0,0,0,3804,611,0,0,0,0,0,71397106,0,298,0,27,611,3804,0,0,0,0,0,0,0,0,0,0,0,0,0,0,0,0,0,0,0,0,0,0,0,0,0,0,0,0,0,0,0,0,0,0,0,0,0,0,0,0,0,0,0,0,0,0,0,0,0,0,0,0,0,304595343,0,0,0,353534426,0,0,0,0,0,0,0,105284634,224611047,439614387,157790700544,58252503,0,0,0,0,0,0,0,0,0,0,0,0,0,0,0,0,0,0,0,0,0,0,0,0,0,0,0,0,0,0,0,251014228,0,0,0,0,0
1788888696.419,0,0,0,0,0,0,0,734126952,3680401947136,1765297489920,0,0,0,0,0,0,0,0,0,0,0,0,0,0,0,0,0,0,0,0,0,0,0,0,0,0,0,0,0,0,0,0,0,0,0,0,0,0,0,0,0,0,0,0,0,0,0,0,0,0,0,0,0,0,0,0,0,0,991957,224765061,96363110,0,0,0,0,0,0,0,0,0,0,0,0,0,0,0,0,0,0,0,0,0,0,0,0,0,0,0,0,0,0,0,0,0,0,0,0,0,12882231296,4986683392,786269,304363,85,74,786432,223967943,0,0,3579432184,12884901888,97272696,415268223,0,0,0,0,0,0,0,0,0,0,0,0,0,0,0,0,0,0,23489452,23489638,0,97,97,6268,329,46978943,35,0,0,0,0,0,0,0,1,0,0,0,0,0,0,0,0,0,0,26414175,0,57436274,493977,0,0,0,0,0,0,0,0,16384,0,0,0,0,0,0,0,0,0,0,0,3805,611,0,0,0,0,0,71406136,0,298,0,27,611,3805,0,0,0,0,0,0,0,0,0,0,0,0,0,0,0,0,0,0,0,0,0,0,0,0,0,0,0,0,0,0,0,0,0,0,0,0,0,0,0,0,0,0,0,0,0,0,0,0,0,0,0,0,0,304637744,0,0,0,353576917,0,0,0,0,0,0,0,105317755,224653209,439685186,157812526592,58271504,1,0,0,0,0,0,0,0,0,0,0,0,0,0,0,0,0,0,0,0,0,0,0,0,0,0,0,0,0,0,0,251017201,0,0,0,0,0
1788888697.446,0,0,0,0,0,0,0,734215289,3681071528448,1765592797184,0,0,0,0,0,0,0,0,0,0,0,0,0,0,0,0,0,0,0,0,0,0,0,0,0,0,0,0,0,0,0,0,0,0,0,0,0,0,0,0,0,0,0,0,0,0,0,0,0,0,0,0,0,0,0,0,0,0,992046,224806059,96379633,0,0,0,0,0,0,0,0,0,0,0,0,0,0,0,0,0,0,0,0,0,0,0,0,0,0,0,0,0,0,0,0,0,0,0,0,0,12883132416,4971380736,786324,303429,0,108,786432,224008823,0,0,3579867740,12884901888,97309149,415313810,0,0,0,0,0,0,0,0,0,0,0,0,0,0,0,0,0,0,23492422,23492607,0,97,97,6268,329,46984789,35,0,0,0,0,0,0,0,1,0,0,0,0,0,0,0,0,0,0,26417512,0,57439820,494006,0,0,0,0,0,0,0,0,16384,0,0,0,0,0,0,0,0,0,0,0,3806,611,0,0,0,0,0,71415166,0,298,0,27,611,3806,0,0,0,0,0,0,0,0,0,0,0,0,0,0,0,0,0,0,0,0,0,0,0,0,0,0,0,0,0,0,0,0,0,0,0,0,0,0,0,0,0,0,0,0,0,0,0,0,0,0,0,0,0,304679097,0,0,0,353618179,0,0,0,0,0,0,0,105347277,224694081,439755951,157833792512,58287773,0,0,0,0,0,0,0,0,0,0,0,0,0,0,0,0,0,0,0,0,0,0,0,0,0,0,0,0,0,0,0,251020170,0,0,0,0,0
1788888698.473,0,0,0,0,0,0,0,734303255,3681740012032,1765887156224,0,0,0,0,0,0,0,0,0,0,0,0,0,0,0,0,0,0,0,0,0,0,0,0,0,0,0,0,0,0,0,0,0,0,0,0,0,0,0,0,0,0,0,0,0,0,0,0,0,0,0,0,0,0,0,0,0,0,992209,224846931,96396111,0,0,0,0,0,0,0,0,0,0,0,0,0,0,0,0,0,0,0,0,0,0,0,0,0,0,0,0,0,0,0,0,0,0,0,0,0,12883017728,4958732288,786317,302657,0,115,786432,224049609,0,0,3580301950,12884901888,97345835,415359676,0,0,0,0,0,0,0,0,0,0,0,0,0,0,0,0,0,0,23495325,23495515,0,97,97,6268,329,46990610,35,0,0,0,0,0,0,0,1,0,0,0,0,0,0,0,0,0,0,26420783,0,57443289,494034,0,0,0,0,0,0,0,0,16384,0,0,0,0,0,0,0,0,0,0,0,3807,611,0,0,0,0,0,71424009,0,298,0,27,611,3807,0,0,0,0,0,0,0,0,0,0,0,0,0,0,0,0,0,0,0,0,0,0,0,0,0,0,0,0,0,0,0,0,0,0,0,0,0,0,0,0,0,0,0,0,0,0,0,0,0,0,0,0,0,304720459,0,0,0,353659328,0,0,0,0,0,0,0,105377731,224734885,439826677,157855051776,58304913,0,0,0,0,0,0,0,0,0,0,0,0,0,0,0,0,0,0,0,0,0,0,0,0,0,0,0,0,0,0,0,251023078,0,0,0,0,0
1788888699.500,0,0,0,0,0,0,0,734394094,3682427582976,1766192075776,0,0,0,0,0,0,0,0,0,0,0,0,0,0,0,0,0,0,0,0,0,0,0,0,0,0,0,0,0,0,0,0,0,0,0,0,0,0,0,0,0,0,0,0,0,0,0,0,0,0,0,0,0,0,0,0,0,0,992365,224888979,96413204,0,0,0,0,0,0,0,0,0,0,0,0,0,0,0,0,0,0,0,0,0,0,0,0,0,0,0,0,0,0,0,0,0,0,0,0,0,12883116032,4942675968,786323,301677,0,109,786432,224091550,0,0,3580750105,12884901888,97383289,415406784,0,0,0,0,0,0,0,0,0,0,0,0,0,0,0,0,0,0,23498339,23498531,0,97,97,6268,329,46996635,35,0,0,0,0,0,0,0,1,0,0,0,0,0,0,0,0,0,0,26424177,0,57447034,494064,0,0,0,0,0,0,0,0,16384,0,0,0,0,0,0,0,0,0,0,0,3808,611,0,0,0,0,0,71433160,0,298,0,27,611,3808,0,0,0,0,0,0,0,0,0,0,0,0,0,0,0,0,0,0,0,0,0,0,0,0,0,0,0,0,0,0,0,0,0,0,0,0,0,0,0,0,0,0,0,0,0,0,0,0,0,0,0,0,0,304762959,0,0,0,353701763,0,0,0,0,0,0,0,105408382,224776878,439899483,157876879872,58321864,1,0,0,0,0,0,0,0,0,0,0,0,0,0,0,0,0,0,0,0,0,0,0,0,0,0,0,0,0,0,0,251026093,0,0,0,0,0
1788888700.529,0,0,0,0,0,0,0,734476874,3683056859648,1766430524416,0,0,0,0,0,0,0,0,0,0,0,0,0,0,0,0,0,0,0,0,0,0,0,0,0,0,0,0,0,0,0,0,0,0,0,0,0,0,0,0,0,0,0,0,0,0,0,0,0,0,0,0,0,0,0,0,0,0,992525,224927479,96426349,0,0,0,0,0,0,0,0,0,0,0,0,0,0,0,0,0,0,0,0,0,0,0,0,0,0,0,0,0,0,0,0,0,0,0,0,0,12883197952,4970446848,786328,303372,0,104,786432,224129954,0,0,3581158861,12884901888,97419529,415449934,0,0,0,0,0,0,0,0,0,0,0,0,0,0,0,0,0,0,23501062,23501252,0,97,97,6268,329,47002100,35,0,0,0,0,0,0,0,1,0,0,0,0,0,0,0,0,0,0,26427239,0,57447461,494068,0,0,0,0,0,0,0,0,16384,0,0,0,0,0,0,0,0,0,0,0,3809,611,0,0,0,0,0,71441432,0,298,0,27,611,3809,0,0,0,0,0,0,0,0,0,0,0,0,0,0,0,0,0,0,0,0,0,0,0,0,0,0,0,0,0,0,0,0,0,0,0,0,0,0,0,0,0,0,0,0,0,0,0,0,0,0,0,0,0,304801703,0,0,0,353740450,0,0,0,0,0,0,0,105439557,224815318,439964004,157896795136,58340298,0,0,0,0,0,0,0,0,0,0,0,0,0,0,0,0,0,0,0,0,0,0,0,0,0,0,0,0,0,0,0,251028815,0,0,0,0,0
1788888701.556,0,0,0,0,0,0,0,734560353,3683689757184,1766671860224,0,0,0,0,0,0,0,0,0,0,0,0,0,0,0,0,0,0,0,0,0,0,0,0,0,0,0,0,0,0,0,0,0,0,0,0,0,0,0,0,0,0,0,0,0,0,0,0,0,0,0,0,0,0,0,0,0,0,992687,224966178,96439673,0,0,0,0,0,0,0,0,0,0,0,0,0,0,0,0,0,0,0,0,0,0,0,0,0,0,0,0,0,0,0,0,0,0,0,0,0,12883181568,4997562368,786327,305027,0,107,786432,224168583,0,0,3581571002,12884901888,97457036,415493548,0,0,0,0,0,0,0,0,0,0,0,0,0,0,0,0,0,0,23503828,23504015,0,97,97,6268,329,47007617,35,0,0,0,0,0,0,0,1,0,0,0,0,0,0,0,0,0,0,26430346,0,57447717,494070,0,0,0,0,0,0,0,0,16384,0,0,0,0,0,0,0,0,0,0,0,3810,611,0,0,0,0,0,71449832,0,298,0,27,611,3810,0,0,0,0,0,0,0,0,0,0,0,0,0,0,0,0,0,0,0,0,0,0,0,0,0,0,0,0,0,0,0,0,0,0,0,0,0,0,0,0,0,0,0,0,0,0,0,0,0,0,0,0,0,304840443,0,0,0,353779510,0,0,0,0,0,0,0,105470776,224853975,440029024,157916728832,58358484,0,0,0,0,0,0,0,0,0,0,0,0,0,0,0,0,0,0,0,0,0,0,0,0,0,0,0,0,0,0,0,251031578,0,0,0,0,0
1788888702.583,0,0,0,0,0,0,0,734651236,3684382784000,1766975139840,0,0,0,0,0,0,0,0,0,0,0,0,0,0,0,0,0,0,0,0,0,0,0,0,0,0,0,0,0,0,0,0,0,0,0,0,0,0,0,0,0,0,0,0,0,0,0,0,0,0,0,0,0,0,0,0,0,0,992855,225008573,96456638,0,0,0,0,0,0,0,0,0,0,0,0,0,0,0,0,0,0,0,0,0,0,0,0,0,0,0,0,0,0,0,0,0,0,0,0,0,12883263488,4986814464,786332,304371,0,100,786432,224210870,0,0,3582018178,12884901888,97495199,415540958,0,0,0,0,0,0,0,0,0,0,0,0,0,0,0,0,0,0,23506839,23507030,0,97,97,6268,329,47013636,35,0,0,0,0,0,0,0,1,0,0,0,0,0,0,0,0,0,0,26433736,0,57450983,494100,0,0,0,0,0,0,0,0,16384,0,0,0,0,0,0,0,0,0,0,0,3811,611,0,0,0,0,0,71458982,0,298,0,27,611,3811,0,0,0,0,0,0,0,0,0,0,0,0,0,0,0,0,0,0,0,0,0,0,0,0,0,0,0,0,0,0,0,0,0,0,0,0,0,0,0,0,0,0,0,0,0,0,0,0,0,0,0,0,0,304882866,0,0,0,353821976,0,0,0,0,0,0,0,105501287,224896310,440101886,157938529792,58375119,1,0,0,0,0,0,0,0,0,0,0,0,0,0,0,0,0,0,0,0,0,0,0,0,0,0,0,0,0,0,0,251034593,0,0,0,0,0
1788888703.611,0,0,0,0,0,0,0,734731967,3685002181120,1767208830976,0,0,0,0,0,0,0,0,0,0,0,0,0,0,0,0,0,0,0,0,0,0,0,0,0,0,0,0,0,0,0,0,0,0,0,0,0,0,0,0,0,0,0,0,0,0,0,0,0,0,0,0,0,0,0,0,0,0,993002,225046449,96469549,0,0,0,0,0,0,0,0,0,0,0,0,0,0,0,0,0,0,0,0,0,0,0,0,0,0,0,0,0,0,0,0,0,0,0,0,0,12882919424,5012324352,786311,305928,0,121,786432,224248645,0,0,3582418132,12884901888,97532055,415582899,0,0,0,0,0,0,0,0,0,0,0,0,0,0,0,0,0,0,23509490,23509681,0,97,97,6268,329,47018938,35,0,0,0,0,0,0,0,1,0,0,0,0,0,0,0,0,0,0,26436716,0,57451239,494101,0,0,0,0,0,0,0,0,16384,0,0,0,0,0,0,0,0,0,0,0,3812,611,0,0,0,0,0,71467051,0,298,0,27,611,3812,0,0,0,0,0,0,0,0,0,0,0,0,0,0,0,0,0,0,0,0,0,0,0,0,0,0,0,0,0,0,0,0,0,0,0,0,0,0,0,0,0,0,0,0,0,0,0,0,0,0,0,0,0,304920508,0,0,0,353859655,0,0,0,0,0,0,0,105531966,224934132,440165081,157957864960,58393065,0,0,0,0,0,0,0,0,0,0,0,0,0,0,0,0,0,0,0,0,0,0,0,0,0,0,0,0,0,0,0,251037242,0,0,0,0,0
1788888704.638,0,0,0,0,0,0,0,734819581,3685673089536,1767505236480,0,0,0,0,0,0,0,0,0,0,0,0,0,0,0,0,0,0,0,0,0,0,0,0,0,0,0,0,0,0,0,0,0,0,0,0,0,0,0,0,0,0,0,0,0,0,0,0,0,0,0,0,0,0,0,0,0,0,993135,225087476,96486165,0,0,0,0,0,0,0,0,0,0,0,0,0,0,0,0,0,0,0,0,0,0,0,0,0,0,0,0,0,0,0,0,0,0,0,0,0,12883181568,4997103616,786327,304999,0,105,786432,224289590,0,0,3582850454,12884901888,97569022,415628350,0,0,0,0,0,0,0,0,0,0,0,0,0,0,0,0,0,0,23512377,23512569,0,97,97,6268,329,47024718,35,0,0,0,0,0,0,0,1,0,0,0,0,0,0,0,0,0,0,26439967,0,57454665,494130,0,0,0,0,0,0,0,0,16384,0,0,0,0,0,0,0,0,0,0,0,3813,611,0,0,0,0,0,71475851,0,298,0,27,611,3813,0,0,0,0,0,0,0,0,0,0,0,0,0,0,0,0,0,0,0,0,0,0,0,0,0,0,0,0,0,0,0,0,0,0,0,0,0,0,0,0,0,0,0,0,0,0,0,0,0,0,0,0,0,304961851,0,0,0,353900627,0,0,0,0,0,0,0,105562190,224975103,440236068,157979105280,58409759,1,0,0,0,0,0,0,0,0,0,0,0,0,0,0,0,0,0,0,0,0,0,0,0,0,0,0,0,0,0,0,251040132,0,0,0,0,0
1788888705.665,0,0,0,0,0,0,0,734909294,3686360119808,1767809172480,0,0,0,0,0,0,0,0,0,0,0,0,0,0,0,0,0,0,0,0,0,0,0,0,0,0,0,0,0,0,0,0,0,0,0,0,0,0,0,0,0,0,0,0,0,0,0,0,0,0,0,0,0,0,0,0,0,0,993330,225129479,96503189,0,0,0,0,0,0,0,0,0,0,0,0,0,0,0,0,0,0,0,0,0,0,0,0,0,0,0,0,0,0,0,0,0,0,0,0,0,12883165184,4982112256,786326,304085,0,107,786432,224331474,0,0,3583293274,12884901888,97606738,415675370,0,0,0,0,0,0,0,0,0,0,0,0,0,0,0,0,0,0,23515347,23515534,0,97,97,6268,329,47030652,35,0,0,0,0,0,0,0,1,0,0,0,0,0,0,0,0,0,0,26443299,0,57458192,494159,0,0,0,0,0,0,0,0,16384,0,0,0,0,0,0,0,0,0,0,0,3814,611,0,0,0,0,0,71484886,0,298,0,27,611,3814,0,0,0,0,0,0,0,0,0,0,0,0,0,0,0,0,0,0,0,0,0,0,0,0,0,0,0,0,0,0,0,0,0,0,0,0,0,0,0,0,0,0,0,0,0,0,0,0,0,0,0,0,0,305003978,0,0,0,353942542,0,0,0,0,0,0,0,105592820,225017071,440308578,158000769024,58426570,0,1,0,0,0,0,0,0,0,0,0,0,0,0,0,0,0,0,0,0,0,0,0,0,0,0,0,0,0,0,0,251043095,0,0,0,0,0
1788888706.693,0,0,0,0,0,0,0,734993338,3687004420608,1768094997504,0,0,0,0,0,0,0,0,0,0,0,0,0,0,0,0,0,0,0,0,0,0,0,0,0,0,0,0,0,0,0,0,0,0,0,0,0,0,0,0,0,0,0,0,0,0,0,0,0,0,0,0,0,0,0,0,0,0,993483,225168798,96519236,0,0,0,0,0,0,0,0,0,0,0,0,0,0,0,0,0,0,0,0,0,0,0,0,0,0,0,0,0,0,0,0,0,0,0,0,0,12880166912,4962959360,786143,302915,219,70,786432,224370701,0,0,3583708508,12884901888,97642838,415719134,0,0,0,0,0,0,0,0,0,0,0,0,0,0,0,0,0,0,23518134,23518326,0,97,97,6268,329,47036223,35,0,0,0,0,0,0,0,1,0,0,0,0,0,0,0,0,0,0,26446441,0,57461267,494184,0,0,0,0,0,0,0,0,16384,0,0,0,0,0,0,0,0,0,0,0,3815,611,0,0,0,0,0,71493373,0,298,0,27,611,3815,0,0,0,0,0,0,0,0,0,0,0,0,0,0,0,0,0,0,0,0,0,0,0,0,0,0,0,0,0,0,0,0,0,0,0,0,0,0,0,0,0,0,0,0,0,0,0,0,0,0,0,0,0,305043461,0,0,0,353981872,0,0,0,0,0,0,0,105623476,225056417,440376893,158021061120,58443951,1,1,0,0,0,0,0,0,0,0,0,0,0,0,0,0,0,0,0,0,0,0,0,0,0,0,0,0,0,0,0,251045889,0,0,0,0,0
1788888707.722,0,0,0,0,0,0,0,735074566,3687619033600,1768331456000,0,0,0,0,0,0,0,0,0,0,0,0,0,0,0,0,0,0,0,0,0,0,0,0,0,0,0,0,0,0,0,0,0,0,0,0,0,0,0,0,0,0,0,0,0,0,0,0,0,0,0,0,0,0,0,0,0,0,993625,225206468,96532276,0,0,0,0,0,0,0,0,0,0,0,0,0,0,0,0,0,0,0,0,0,0,0,0,0,0,0,0,0,0,0,0,0,0,0,0,0,12883099648,4987224064,786322,304396,0,110,786432,224408303,0,0,3584107695,12884901888,97678360,415761466,0,0,0,0,0,0,0,0,0,0,0,0,0,0,0,0,0,0,23520808,23520998,0,97,97,6268,329,47041579,35,0,0,0,0,0,0,0,1,0,0,0,0,0,0,0,0,0,0,26449449,0,57461876,494189,0,0,0,0,0,0,0,0,16384,0,0,0,0,0,0,0,0,0,0,0,3816,611,0,0,0,0,0,71501525,0,298,0,27,611,3816,0,0,0,0,0,0,0,0,0,0,0,0,0,0,0,0,0,0,0,0,0,0,0,0,0,0,0,0,0,0,0,0,0,0,0,0,0,0,0,0,0,0,0,0,0,0,0,0,0,0,0,0,0,305081451,0,0,0,354019828,0,0,0,0,0,0,0,105653783,225093924,440440303,158040632832,58461810,1,0,0,0,0,0,0,0,0,0,0,0,0,0,0,0,0,0,0,0,0,0,0,0,0,0,0,0,0,0,0,251048561,0,0,0,0,0
1788888708.750,0,0,0,0,0,0,0,735163094,3688292645376,1768629629440,0,0,0,0,0,0,0,0,0,0,0,0,0,0,0,0,0,0,0,0,0,0,0,0,0,0,0,0,0,0,0,0,0,0,0,0,0,0,0,0,0,0,0,0,0,0,0,0,0,0,0,0,0,0,0,0,0,0,993781,225247661,96548985,0,0,0,0,0,0,0,0,0,0,0,0,0,0,0,0,0,0,0,0,0,0,0,0,0,0,0,0,0,0,0,0,0,0,0,0,0,12883279872,4974018560,786333,303590,1,99,786432,224449401,0,0,3584543995,12884901888,97715177,415807486,0,0,0,0,0,0,0,0,0,0,0,0,0,0,0,0,0,0,23523734,23523924,0,97,97,6268,329,47047422,35,0,0,0,0,0,0,0,1,0,0,0,0,0,0,0,0,0,0,26452740,0,57465464,494218,0,0,0,0,0,0,0,0,16384,0,0,0,0,0,0,0,0,0,0,0,3817,611,0,0,0,0,0,71510412,0,298,0,27,611,3817,0,0,0,0,0,0,0,0,0,0,0,0,0,0,0,0,0,0,0,0,0,0,0,0,0,0,0,0,0,0,0,0,0,0,0,0,0,0,0,0,0,0,0,0,0,0,0,0,0,0,0,0,0,305122835,0,0,0,354061162,0,0,0,0,0,0,0,105681562,225135075,440511407,158061967360,58476133,1,0,0,0,0,0,0,0,0,0,0,0,0,0,0,0,0,0,0,0,0,0,0,0,0,0,0,0,0,0,0,251051484,0,0,0,0,0
1788888709.778,0,0,0,0,0,0,0,735255600,3688994830848,1768935815168,0,0,0,0,0,0,0,0,0,0,0,0,0,0,0,0,0,0,0,0,0,0,0,0,0,0,0,0,0,0,0,0,0,0,0,0,0,0,0,0,0,0,0,0,0,0,0,0,0,0,0,0,0,0,0,0,0,0,993944,225290627,96566111,0,0,0,0,0,0,0,0,0,0,0,0,0,0,0,0,0,0,0,0,0,0,0,0,0,0,0,0,0,0,0,0,0,0,0,0,0,12882984960,4963516416,786315,302949,0,117,786432,224492245,0,0,3585000283,12884901888,97754094,415855541,0,0,0,0,0,0,0,0,0,0,0,0,0,0,0,0,0,0,23526788,23526981,0,97,97,6268,329,47053531,35,0,0,0,0,0,0,0,1,0,0,0,0,0,0,0,0,0,0,26456179,0,57468862,494246,0,0,0,0,0,0,0,0,16384,0,0,0,0,0,0,0,0,0,0,0,3818,611,0,0,0,0,0,71519722,0,298,0,27,611,3818,0,0,0,0,0,0,0,0,0,0,0,0,0,0,0,0,0,0,0,0,0,0,0,0,0,0,0,0,0,0,0,0,0,0,0,0,0,0,0,0,0,0,0,0,0,0,0,0,0,0,0,0,0,305166088,0,0,0,354104324,0,0,0,0,0,0,0,105708999,225177959,440585406,158084213760,58489582,1,0,0,0,0,0,0,0,0,0,0,0,0,0,0,0,0,0,0,0,0,0,0,0,0,0,0,0,0,0,0,251054544,0,0,0,0,0
1788888710.805,0,0,0,0,0,0,0,735333458,3689587620352,1769162245120,0,0,0,0,0,0,0,0,0,0,0,0,0,0,0,0,0,0,0,0,0,0,0,0,0,0,0,0,0,0,0,0,0,0,0,0,0,0,0,0,0,0,0,0,0,0,0,0,0,0,0,0,0,0,0,0,0,0,994087,225326874,96578550,0,0,0,0,0,0,0,0,0,0,0,0,0,0,0,0,0,0,0,0,0,0,0,0,0,0,0,0,0,0,0,0,0,0,0,0,0,12883214336,4986896384,786329,304376,0,102,786432,224528403,0,0,3585384565,12884901888,97789373,415896001,0,0,0,0,0,0,0,0,0,0,0,0,0,0,0,0,0,0,23529359,23529552,0,97,97,6268,329,47058680,35,0,0,0,0,0,0,0,1,0,0,0,0,0,0,0,0,0,0,26459072,0,57468990,494247,0,0,0,0,0,0,0,0,16384,0,0,0,0,0,0,0,0,0,0,0,3819,611,0,0,0,0,0,71527553,0,298,0,27,611,3819,0,0,0,0,0,0,0,0,0,0,0,0,0,0,0,0,0,0,0,0,0,0,0,0,0,0,0,0,0,0,0,0,0,0,0,0,0,0,0,0,0,0,0,0,0,0,0,0,0,0,0,0,0,305202610,0,0,0,354140706,0,0,0,0,0,0,0,105738749,225214164,440646616,158102958080,58507047,0,1,0,0,0,0,0,0,0,0,0,0,0,0,0,0,0,0,0,0,0,0,0,0,0,0,0,0,0,0,0,251057115,0,0,0,0,0
1788888711.832,0,0,0,0,0,0,0,735417785,3690228660736,1769445061120,0,0,0,0,0,0,0,0,0,0,0,0,0,0,0,0,0,0,0,0,0,0,0,0,0,0,0,0,0,0,0,0,0,0,0,0,0,0,0,0,0,0,0,0,0,0,0,0,0,0,0,0,0,0,0,0,0,0,994249,225366071,96594419,0,0,0,0,0,0,0,0,0,0,0,0,0,0,0,0,0,0,0,0,0,0,0,0,0,0,0,0,0,0,0,0,0,0,0,0,0,12883017728,4973854720,786317,303580,0,115,786432,224567510,0,0,3585801091,12884901888,97824646,415940161,0,0,0,0,0,0,0,0,0,0,0,0,0,0,0,0,0,0,23532153,23532341,0,97,97,6268,329,47064260,35,0,0,0,0,0,0,0,1,0,0,0,0,0,0,0,0,0,0,26462208,0,57472368,494275,0,0,0,0,0,0,0,0,16384,0,0,0,0,0,0,0,0,0,0,0,3820,611,0,0,0,0,0,71536061,0,298,0,27,611,3820,0,0,0,0,0,0,0,0,0,0,0,0,0,0,0,0,0,0,0,0,0,0,0,0,0,0,0,0,0,0,0,0,0,0,0,0,0,0,0,0,0,0,0,0,0,0,0,0,0,0,0,0,0,305242445,0,0,0,354180177,0,0,0,0,0,0,0,105768354,225253306,440714635,158123475456,58523818,0,0,0,0,0,0,0,0,0,0,0,0,0,0,0,0,0,0,0,0,0,0,0,0,0,0,0,0,0,0,0,251059904,0,0,0,0,0
1788888712.859,0,0,0,0,0,0,0,735494787,3690814454272,1769668370432,0,0,0,0,0,0,0,0,0,0,0,0,0,0,0,0,0,0,0,0,0,0,0,0,0,0,0,0,0,0,0,0,0,0,0,0,0,0,0,0,0,0,0,0,0,0,0,0,0,0,0,0,0,0,0,0,0,0,994426,225401886,96606726,0,0,0,0,0,0,0,0,0,0,0,0,0,0,0,0,0,0,0,0,0,0,0,0,0,0,0,0,0,0,0,0,0,0,0,0,0,12883001344,4997840896,786316,305044,0,116,786432,224603253,0,0,3586181321,12884901888,97859536,415980455,0,0,0,0,0,0,0,0,0,0,0,0,0,0,0,0,0,0,23534687,23534880,0,97,97,6268,329,47069338,35,0,0,0,0,0,0,0,1,0,0,0,0,0,0,0,0,0,0,26465063,0,57472496,494276,0,0,0,0,0,0,0,0,16384,0,0,0,0,0,0,0,0,0,0,0,3821,611,0,0,0,0,0,71543773,0,298,0,27,611,3821,0,0,0,0,0,0,0,0,0,0,0,0,0,0,0,0,0,0,0,0,0,0,0,0,0,0,0,0,0,0,0,0,0,0,0,0,0,0,0,0,0,0,0,0,0,0,0,0,0,0,0,0,0,305278549,0,0,0,354216133,0,0,0,0,0,0,0,105798446,225289072,440775148,158142036480,58541743,1,1,0,0,0,0,0,0,0,0,0,0,0,0,0,0,0,0,0,0,0,0,0,0,0,0,0,0,0,0,0,251062442,0,0,0,0,0
1788888713.886,0,0,0,0,0,0,0,735582319,3691483593216,1769960980480,0,0,0,0,0,0,0,0,0,0,0,0,0,0,0,0,0,0,0,0,0,0,0,0,0,0,0,0,0,0,0,0,0,0,0,0,0,0,0,0,0,0,0,0,0,0,0,0,0,0,0,0,0,0,0,0,0,0,994606,225442793,96623124,0,0,0,0,0,0,0,0,0,0,0,0,0,0,0,0,0,0,0,0,0,0,0,0,0,0,0,0,0,0,0,0,0,0,0,0,0,12882952192,4988633088,786313,304482,0,119,786432,224644060,0,0,3586613416,12884901888,97896012,416026288,0,0,0,0,0,0,0,0,0,0,0,0,0,0,0,0,0,0,23537559,23537748,0,97,97,6268,329,47075105,35,0,0,0,0,0,0,0,1,0,0,0,0,0,0,0,0,0,0,26468291,0,57475995,494305,0,0,0,0,0,0,0,0,16384,0,0,0,0,0,0,0,0,0,0,0,3822,611,0,0,0,0,0,71552497,0,298,0,27,611,3822,0,0,0,0,0,0,0,0,0,0,0,0,0,0,0,0,0,0,0,0,0,0,0,0,0,0,0,0,0,0,0,0,0,0,0,0,0,0,0,0,0,0,0,0,0,0,0,0,0,0,0,0,0,305319543,0,0,0,354256999,0,0,0,0,0,0,0,105828833,225329925,440845276,158163136000,58558952,0,0,0,0,0,0,0,0,0,0,0,0,0,0,0,0,0,0,0,0,0,0,0,0,0,0,0,0,0,0,0,251065311,0,0,0,0,0
1788888714.914,0,0,0,0,0,0,0,735665758,3692121930240,1770245102592,0,0,0,0,0,0,0,0,0,0,0,0,0,0,0,0,0,0,0,0,0,0,0,0,0,0,0,0,0,0,0,0,0,0,0,0,0,0,0,0,0,0,0,0,0,0,0,0,0,0,0,0,0,0,0,0,0,0,994729,225481834,96639006,0,0,0,0,0,0,0,0,0,0,0,0,0,0,0,0,0,0,0,0,0,0,0,0,0,0,0,0,0,0,0,0,0,0,0,0,0,12882788352,4971954176,786303,303464,1,127,786432,224682986,0,0,3587025419,12884901888,97930864,416069618,0,0,0,0,0,0,0,0,0,0,0,0,0,0,0,0,0,0,23540323,23540514,0,97,97,6268,329,47080618,35,0,0,0,0,0,0,0,1,0,0,0,0,0,0,0,0,0,0,26471402,0,57479382,494334,0,0,0,0,0,0,0,0,16384,0,0,0,0,0,0,0,0,0,0,0,3823,611,0,0,0,0,0,71560898,0,298,0,27,611,3823,0,0,0,0,0,0,0,0,0,0,0,0,0,0,0,0,0,0,0,0,0,0,0,0,0,0,0,0,0,0,0,0,0,0,0,0,0,0,0,0,0,0,0,0,0,0,0,0,0,0,0,0,0,305358772,0,0,0,354296047,0,0,0,0,0,0,0,105858805,225368921,440912792,158183307776,58576181,1,0,0,0,0,0,0,0,0,0,0,0,0,0,0,0,0,0,0,0,0,0,0,0,0,0,0,0,0,0,0,251068077,0,0,0,0,0
1788888715.943,0,0,0,0,0,0,0,735755684,3692804897280,1770543769600,0,0,0,0,0,0,0,0,0,0,0,0,0,0,0,0,0,0,0,0,0,0,0,0,0,0,0,0,0,0,0,0,0,0,0,0,0,0,0,0,0,0,0,0,0,0,0,0,0,0,0,0,0,0,0,0,0,0,994861,225523604,96655796,0,0,0,0,0,0,0,0,0,0,0,0,0,0,0,0,0,0,0,0,0,0,0,0,0,0,0,0,0,0,0,0,0,0,0,0,0,12883099648,4960174080,786323,302745,0,109,786432,224724645,0,0,3587468991,12884901888,97968642,416116176,0,0,0,0,0,0,0,0,0,0,0,0,0,0,0,0,0,0,23543297,23543489,0,97,97,6268,329,47086546,35,0,0,0,0,0,0,0,1,0,0,0,0,0,0,0,0,0,0,26474748,0,57482748,494361,0,0,0,0,0,0,0,0,16384,0,0,0,0,0,0,0,0,0,0,0,3824,611,0,0,0,0,0,71569947,0,298,0,27,611,3824,0,0,0,0,0,0,0,0,0,0,0,0,0,0,0,0,0,0,0,0,0,0,0,0,0,0,0,0,0,0,0,0,0,0,0,0,0,0,0,0,0,0,0,0,0,0,0,0,0,0,0,0,0,305400847,0,0,0,354338025,0,0,0,0,0,0,0,105890412,225410617,440984951,158204924928,58593941,1,0,0,0,0,0,0,0,0,0,0,0,0,0,0,0,0,0,0,0,0,0,0,0,0,0,0,0,0,0,0,251071051,0,0,0,0,0
1788888716.969,0,0,0,0,0,0,0,735832061,3693384382976,1770764686336,0,0,0,0,0,0,0,0,0,0,0,0,0,0,0,0,0,0,0,0,0,0,0,0,0,0,0,0,0,0,0,0,0,0,0,0,0,0,0,0,0,0,0,0,0,0,0,0,0,0,0,0,0,0,0,0,0,0,995008,225559043,96667986,0,0,0,0,0,0,0,0,0,0,0,0,0,0,0,0,0,0,0,0,0,0,0,0,0,0,0,0,0,0,0,0,0,0,0,0,0,12883116032,4981817344,786323,304065,0,109,786432,224760016,0,0,3587846078,12884901888,98003190,416155839,0,0,0,0,0,0,0,0,0,0,0,0,0,0,0,0,0,0,23545823,23546017,0,97,97,6268,329,47091614,35,0,0,0,0,0,0,0,1,0,0,0,0,0,0,0,0,0,0,26477590,0,57482876,494362,0,0,0,0,0,0,0,0,16384,0,0,0,0,0,0,0,0,0,0,0,3825,611,0,0,0,0,0,71577644,0,298,0,27,611,3825,0,0,0,0,0,0,0,0,0,0,0,0,0,0,0,0,0,0,0,0,0,0,0,0,0,0,0,0,0,0,0,0,0,0,0,0,0,0,0,0,0,0,0,0,0,0,0,0,0,0,0,0,0,305436543,0,0,0,354373690,0,0,0,0,0,0,0,105920117,225446017,441044805,158223272960,58611612,1,0,0,0,0,0,0,0,0,0,0,0,0,0,0,0,0,0,0,0,0,0,0,0,0,0,0,0,0,0,0,251073579,0,0,0,0,0
1788888717.996,0,0,0,0,0,0,0,735916304,3694024964608,1771046861824,0,0,0,0,0,0,0,0,0,0,0,0,0,0,0,0,0,0,0,0,0,0,0,0,0,0,0,0,0,0,0,0,0,0,0,0,0,0,0,0,0,0,0,0,0,0,0,0,0,0,0,0,0,0,0,0,0,0,995171,225598198,96683785,0,0,0,0,0,0,0,0,0,0,0,0,0,0,0,0,0,0,0,0,0,0,0,0,0,0,0,0,0,0,0,0,0,0,0,0,0,12883099648,4967055360,786322,303165,0,110,786432,224799064,0,0,3588261827,12884901888,98038469,416199733,0,0,0,0,0,0,0,0,0,0,0,0,0,0,0,0,0,0,23548602,23548793,0,97,97,6268,329,47097170,35,0,0,0,0,0,0,0,1,0,0,0,0,0,0,0,0,0,0,26480714,0,57486239,494390,0,0,0,0,0,0,0,0,16384,0,0,0,0,0,0,0,0,0,0,0,3826,611,0,0,0,0,0,71586087,0,298,0,27,611,3826,0,0,0,0,0,0,0,0,0,0,0,0,0,0,0,0,0,0,0,0,0,0,0,0,0,0,0,0,0,0,0,0,0,0,0,0,0,0,0,0,0,0,0,0,0,0,0,0,0,0,0,0,0,305476076,0,0,0,354412978,0,0,0,0,0,0,0,105950380,225485122,441112457,158243614720,58629100,1,1,0,0,0,0,0,0,0,0,0,0,0,0,0,0,0,0,0,0,0,0,0,0,0,0,0,0,0,0,0,251076355,0,0,0,0,0
1788888719.024,0,0,0,0,0,0,0,735995219,3694624979456,1771274137088,0,0,0,0,0,0,0,0,0,0,0,0,0,0,0,0,0,0,0,0,0,0,0,0,0,0,0,0,0,0,0,0,0,0,0,0,0,0,0,0,0,0,0,0,0,0,0,0,0,0,0,0,0,0,0,0,0,0,995297,225634891,96696310,0,0,0,0,0,0,0,0,0,0,0,0,0,0,0,0,0,0,0,0,0,0,0,0,0,0,0,0,0,0,0,0,0,0,0,0,0,12883066880,4992663552,786320,304727,0,112,786432,224835678,0,0,3588650827,12884901888,98074127,416240710,0,0,0,0,0,0,0,0,0,0,0,0,0,0,0,0,0,0,23551209,23551391,0,97,97,6268,329,47102375,35,0,0,0,0,0,0,0,1,0,0,0,0,0,0,0,0,0,0,26483637,0,57486367,494391,0,0,0,0,0,0,0,0,16384,0,0,0,0,0,0,0,0,0,0,0,3827,611,0,0,0,0,0,71593979,0,298,0,27,611,3827,0,0,0,0,0,0,0,0,0,0,0,0,0,0,0,0,0,0,0,0,0,0,0,0,0,0,0,0,0,0,0,0,0,0,0,0,0,0,0,0,0,0,0,0,0,0,0,0,0,0,0,0,0,305513040,0,0,0,354449910,0,0,0,0,0,0,0,105980868,225521756,441174282,158262598656,58647227,1,0,0,0,0,0,0,0,0,0,0,0,0,0,0,0,0,0,0,0,0,0,0,0,0,0,0,0,0,0,0,251078954,0,0,0,0,0
1788888720.052,0,0,0,0,0,0,0,736079042,3695265282560,1771560796672,0,0,0,0,0,0,0,0,0,0,0,0,0,0,0,0,0,0,0,0,0,0,0,0,0,0,0,0,0,0,0,0,0,0,0,0,0,0,0,0,0,0,0,0,0,0,0,0,0,0,0,0,0,0,0,0,0,0,995453,225674051,96712375,0,0,0,0,0,0,0,0,0,0,0,0,0,0,0,0,0,0,0,0,0,0,0,0,0,0,0,0,0,0,0,0,0,0,0,0,0,12883296256,4973527040,786334,303561,0,98,786432,224874741,0,0,3589063493,12884901888,98109322,416284299,0,0,0,0,0,0,0,0,0,0,0,0,0,0,0,0,0,0,23553983,23554177,0,97,97,6268,329,47107930,35,0,0,0,0,0,0,0,1,0,0,0,0,0,0,0,0,0,0,26486769,0,57489718,494419,0,0,0,0,0,0,0,0,16384,0,0,0,0,0,0,0,0,0,0,0,3828,611,0,0,0,0,0,71602447,0,298,0,27,611,3828,0,0,0,0,0,0,0,0,0,0,0,0,0,0,0,0,0,0,0,0,0,0,0,0,0,0,0,0,0,0,0,0,0,0,0,0,0,0,0,0,0,0,0,0,0,0,0,0,0,0,0,0,0,305552329,0,0,0,354489050,0,0,0,0,0,0,0,106011736,225560869,441242248,158282775552,58665014,1,0,0,0,0,0,0,0,0,0,0,0,0,0,0,0,0,0,0,0,0,0,0,0,0,0,0,0,0,0,0,251081738,0,0,0,0,0
1788888721.078,0,0,0,0,0,0,0,736153971,3695837575680,1771778595840,0,0,0,0,0,0,0,0,0,0,0,0,0,0,0,0,0,0,0,0,0,0,0,0,0,0,0,0,0,0,0,0,0,0,0,0,0,0,0,0,0,0,0,0,0,0,0,0,0,0,0,0,0,0,0,0,0,0,995596,225709039,96724386,0,0,0,0,0,0,0,0,0,0,0,0,0,0,0,0,0,0,0,0,0,0,0,0,0,0,0,0,0,0,0,0,0,0,0,0,0,12882952192,4996366336,786313,304954,0,119,786432,224909675,0,0,3589432753,12884901888,98143308,416323373,0,0,0,0,0,0,0,0,0,0,0,0,0,0,0,0,0,0,23556462,23556653,0,97,97,6268,329,47112879,35,0,0,0,0,0,0,0,1,0,0,0,0,0,0,0,0,0,0,26489556,0,57489846,494420,0,0,0,0,0,0,0,0,16384,0,0,0,0,0,0,0,0,0,0,0,3829,611,0,0,0,0,0,71609982,0,298,0,27,611,3829,0,0,0,0,0,0,0,0,0,0,0,0,0,0,0,0,0,0,0,0,0,0,0,0,0,0,0,0,0,0,0,0,0,0,0,0,0,0,0,0,0,0,0,0,0,0,0,0,0,0,0,0,0,305587700,0,0,0,354524144,0,0,0,0,0,0,0,106040114,225595794,441301412,158300938752,58681566,0,0,0,0,0,0,0,0,0,0,0,0,0,0,0,0,0,0,0,0,0,0,0,0,0,0,0,0,0,0,0,251084216,0,0,0,0,0
1788888722.106,0,0,0,0,0,0,0,736245633,3696536009216,1772086398976,0,0,0,0,0,0,0,0,0,0,0,0,0,0,0,0,0,0,0,0,0,0,0,0,0,0,0,0,0,0,0,0,0,0,0,0,0,0,0,0,0,0,0,0,0,0,0,0,0,0,0,0,0,0,0,0,0,0,995828,225751753,96741623,0,0,0,0,0,0,0,0,0,0,0,0,0,0,0,0,0,0,0,0,0,0,0,0,0,0,0,0,0,0,0,0,0,0,0,0,0,12883099648,4981882880,786322,304070,0,111,786432,224952264,0,0,3589885465,12884901888,98181594,416371655,0,0,0,0,0,0,0,0,0,0,0,0,0,0,0,0,0,0,23559481,23559670,0,97,97,6268,329,47118933,35,0,0,0,0,0,0,0,1,0,0,0,0,0,0,0,0,0,0,26492950,0,57493370,494449,0,0,0,0,0,0,0,0,16384,0,0,0,0,0,0,0,0,0,0,0,3830,611,0,0,0,0,0,71619182,0,298,0,27,611,3830,0,0,0,0,0,0,0,0,0,0,0,0,0,0,0,0,0,0,0,0,0,0,0,0,0,0,0,0,0,0,0,0,0,0,0,0,0,0,0,0,0,0,0,0,0,0,0,0,0,0,0,0,0,305630795,0,0,0,354566899,0,0,0,0,0,0,0,106070096,225638437,441375312,158323114496,58697503,0,0,0,0,0,0,0,0,0,0,0,0,0,0,0,0,0,0,0,0,0,0,0,0,0,0,0,0,0,0,0,251087233,0,0,0,0,0
1788888723.133,0,0,0,0,0,0,0,736331603,3697193531904,1772378212352,0,0,0,0,0,0,0,0,0,0,0,0,0,0,0,0,0,0,0,0,0,0,0,0,0,0,0,0,0,0,0,0,0,0,0,0,0,0,0,0,0,0,0,0,0,0,0,0,0,0,0,0,0,0,0,0,0,0,995948,225791944,96757980,0,0,0,0,0,0,0,0,0,0,0,0,0,0,0,0,0,0,0,0,0,0,0,0,0,0,0,0,0,0,0,0,0,0,0,0,0,12883148800,4964843520,786325,303030,0,108,786432,224992355,0,0,3590309649,12884901888,98218076,416416214,0,0,0,0,0,0,0,0,0,0,0,0,0,0,0,0,0,0,23562324,23562515,0,97,97,6268,329,47124602,35,0,0,0,0,0,0,0,1,0,0,0,0,0,0,0,0,0,0,26496148,0,57496399,494476,0,0,0,0,0,0,0,0,16384,0,0,0,0,0,0,0,0,0,0,0,3831,611,0,0,0,0,0,71627832,0,298,0,27,611,3831,0,0,0,0,0,0,0,0,0,0,0,0,0,0,0,0,0,0,0,0,0,0,0,0,0,0,0,0,0,0,0,0,0,0,0,0,0,0,0,0,0,0,0,0,0,0,0,0,0,0,0,0,0,305671185,0,0,0,354607093,0,0,0,0,0,0,0,106099467,225678582,441445024,158343894528,58713567,1,0,0,0,0,0,0,0,0,0,0,0,0,0,0,0,0,0,0,0,0,0,0,0,0,0,0,0,0,0,0,251090077,0,0,0,0,0
1788888724.161,0,0,0,0,0,0,0,736415835,3697832524288,1772626641920,0,0,0,0,0,0,0,0,0,0,0,0,0,0,0,0,0,0,0,0,0,0,0,0,0,0,0,0,0,0,0,0,0,0,0,0,0,0,0,0,0,0,0,0,0,0,0,0,0,0,0,0,0,0,0,0,0,0,996093,225831009,96771517,0,0,0,0,0,0,0,0,0,0,0,0,0,0,0,0,0,0,0,0,0,0,0,0,0,0,0,0,0,0,0,0,0,0,0,0,0,12881068032,4987142144,786198,304391,115,118,786432,225031315,0,0,3590725403,12884901888,98255178,416459934,0,0,0,0,0,0,0,0,0,0,0,0,0,0,0,0,0,0,23565106,23565289,0,97,97,6268,329,47130179,35,0,0,0,0,0,0,0,1,0,0,0,0,0,0,0,0,0,0,26499268,0,57496987,494480,0,0,0,0,0,0,0,0,16384,0,0,0,0,0,0,0,0,0,0,0,3832,611,0,0,0,0,0,71636277,0,298,0,27,611,3832,0,0,0,0,0,0,0,0,0,0,0,0,0,0,0,0,0,0,0,0,0,0,0,0,0,0,0,0,0,0,0,0,0,0,0,0,0,0,0,0,0,0,0,0,0,0,0,0,0,0,0,0,0,305710351,0,0,0,354646404,0,0,0,0,0,0,0,106129906,225717601,441510961,158364001792,58730854,1,0,0,0,0,0,0,0,0,0,0,0,0,0,0,0,0,0,0,0,0,0,0,0,0,0,0,0,0,0,0,251092851,0,0,0,0,0
1788888725.190,0,0,0,0,0,0,0,736503296,3698498484736,1772915253760,0,0,0,0,0,0,0,0,0,0,0,0,0,0,0,0,0,0,0,0,0,0,0,0,0,0,0,0,0,0,0,0,0,0,0,0,0,0,0,0,0,0,0,0,0,0,0,0,0,0,0,0,0,0,0,0,0,0,996238,225871760,96787868,0,0,0,0,0,0,0,0,0,0,0,0,0,0,0,0,0,0,0,0,0,0,0,0,0,0,0,0,0,0,0,0,0,0,0,0,0,12882968576,4974362624,786314,303611,0,118,786432,225071966,0,0,3591157377,12884901888,98291724,416505445,0,0,0,0,0,0,0,0,0,0,0,0,0,0,0,0,0,0,23567998,23568187,0,97,97,6268,329,47135967,35,0,0,0,0,0,0,0,1,0,0,0,0,0,0,0,0,0,0,26502527,0,57500440,494508,0,0,0,0,0,0,0,0,16384,0,0,0,0,0,0,0,0,0,0,0,3833,611,0,0,0,0,0,71645078,0,298,0,27,611,3833,0,0,0,0,0,0,0,0,0,0,0,0,0,0,0,0,0,0,0,0,0,0,0,0,0,0,0,0,0,0,0,0,0,0,0,0,0,0,0,0,0,0,0,0,0,0,0,0,0,0,0,0,0,305751097,0,0,0,354687285,0,0,0,0,0,0,0,106158992,225758285,441580718,158384968704,58746690,1,0,0,0,0,0,0,0,0,0,0,0,0,0,0,0,0,0,0,0,0,0,0,0,0,0,0,0,0,0,0,251095749,0,0,0,0,0
1788888726.218,0,0,0,0,0,0,0,736588809,3699150010880,1773203694080,0,0,0,0,0,0,0,0,0,0,0,0,0,0,0,0,0,0,0,0,0,0,0,0,0,0,0,0,0,0,0,0,0,0,0,0,0,0,0,0,0,0,0,0,0,0,0,0,0,0,0,0,0,0,0,0,0,0,996391,225911577,96804024,0,0,0,0,0,0,0,0,0,0,0,0,0,0,0,0,0,0,0,0,0,0,0,0,0,0,0,0,0,0,0,0,0,0,0,0,0,12883230720,4960665600,786330,302775,0,103,786432,225111675,0,0,3591579027,12884901888,98327620,416549925,0,0,0,0,0,0,0,0,0,0,0,0,0,0,0,0,0,0,23570811,23571001,0,97,97,6268,329,47141585,35,0,0,0,0,0,0,0,1,0,0,0,0,0,0,0,0,0,0,26505692,0,57503802,494536,0,0,0,0,0,0,0,0,16384,0,0,0,0,0,0,0,0,0,0,0,3834,611,0,0,0,0,0,71653637,0,298,0,27,611,3834,0,0,0,0,0,0,0,0,0,0,0,0,0,0,0,0,0,0,0,0,0,0,0,0,0,0,0,0,0,0,0,0,0,0,0,0,0,0,0,0,0,0,0,0,0,0,0,0,0,0,0,0,0,305791490,0,0,0,354727187,0,0,0,0,0,0,0,106188135,225798049,441649918,158405763072,58762703,1,0,0,0,0,0,0,0,0,0,0,0,0,0,0,0,0,0,0,0,0,0,0,0,0,0,0,0,0,0,0,251098562,0,0,0,0,0
1788888727.245,0,0,0,0,0,0,0,736672555,3699785677312,1773446378496,0,0,0,0,0,0,0,0,0,0,0,0,0,0,0,0,0,0,0,0,0,0,0,0,0,0,0,0,0,0,0,0,0,0,0,0,0,0,0,0,0,0,0,0,0,0,0,0,0,0,0,0,0,0,0,0,0,0,996546,225950457,96817421,0,0,0,0,0,0,0,0,0,0,0,0,0,0,0,0,0,0,0,0,0,0,0,0,0,0,0,0,0,0,0,0,0,0,0,0,0,12883214336,4984111104,786329,304206,0,103,786432,225150452,0,0,3591993075,12884901888,98364510,416593529,0,0,0,0,0,0,0,0,0,0,0,0,0,0,0,0,0,0,23573589,23573782,0,97,97,6268,329,47147139,35,0,0,0,0,0,0,0,1,0,0,0,0,0,0,0,0,0,0,26508819,0,57504287,494540,0,0,0,0,0,0,0,0,16384,0,0,0,0,0,0,0,0,0,0,0,3835,611,0,0,0,0,0,71662102,0,298,0,27,611,3835,0,0,0,0,0,0,0,0,0,0,0,0,0,0,0,0,0,0,0,0,0,0,0,0,0,0,0,0,0,0,0,0,0,0,0,0,0,0,0,0,0,0,0,0,0,0,0,0,0,0,0,0,0,305830502,0,0,0,354766294,0,0,0,0,0,0,0,106215819,225836865,441715131,158425831936,58777476,1,0,0,0,0,0,0,0,0,0,0,0,0,0,0,0,0,0,0,0,0,0,0,0,0,0,0,0,0,0,0,251101344,0,0,0,0,0
1788888728.272,0,0,0,0,0,0,0,736770283,3700532509184,1773767539712,0,0,0,0,0,0,0,0,0,0,0,0,0,0,0,0,0,0,0,0,0,0,0,0,0,0,0,0,0,0,0,0,0,0,0,0,0,0,0,0,0,0,0,0,0,0,0,0,0,0,0,0,0,0,0,0,0,0,996753,225996138,96835372,0,0,0,0,0,0,0,0,0,0,0,0,0,0,0,0,0,0,0,0,0,0,0,0,0,0,0,0,0,0,0,0,0,0,0,0,0,12882935808,4973658112,786312,303568,0,120,786432,225195972,0,0,3592476038,12884901888,98404343,416644664,0,0,0,0,0,0,0,0,0,0,0,0,0,0,0,0,0,0,23576835,23577024,0,97,97,6268,329,47153625,35,0,0,0,0,0,0,0,1,0,0,0,0,0,0,0,0,0,0,26512468,0,57508205,494574,0,0,0,0,0,0,0,0,16384,0,0,0,0,0,0,0,0,0,0,0,3837,611,0,0,0,0,0,71671961,0,298,0,27,611,3837,0,0,0,0,0,0,0,0,0,0,0,0,0,0,0,0,0,0,0,0,0,0,0,0,0,0,0,0,0,0,0,0,0,0,0,0,0,0,0,0,0,0,0,0,0,0,0,0,0,0,0,0,0,305876485,0,0,0,354811982,0,0,0,0,0,0,0,106242425,225882479,441792979,158449443840,58789739,1,0,0,0,0,0,0,0,0,0,0,0,0,0,0,0,0,0,0,0,0,0,0,0,0,0,0,0,0,0,0,251104587,0,0,0,0,0
1788888729.299,0,0,0,0,0,0,0,736864871,3701252602368,1774082131456,0,0,0,0,0,0,0,0,0,0,0,0,0,0,0,0,0,0,0,0,0,0,0,0,0,0,0,0,0,0,0,0,0,0,0,0,0,0,0,0,0,0,0,0,0,0,0,0,0,0,0,0,0,0,0,0,0,0,996897,226040174,96852975,0,0,0,0,0,0,0,0,0,0,0,0,0,0,0,0,0,0,0,0,0,0,0,0,0,0,0,0,0,0,0,0,0,0,0,0,0,12882984960,4960354304,786315,302756,0,117,786432,225239855,0,0,3592942569,12884901888,98443256,416693668,0,0,0,0,0,0,0,0,0,0,0,0,0,0,0,0,0,0,23579954,23580148,0,97,97,6268,329,47159861,35,0,0,0,0,0,0,0,1,0,0,0,0,0,0,0,0,0,0,26515980,0,57511751,494604,0,0,0,0,0,0,0,0,16384,0,0,0,0,0,0,0,0,0,0,0,3838,611,0,0,0,0,0,71681459,0,298,0,27,611,3838,0,0,0,0,0,0,0,0,0,0,0,0,0,0,0,0,0,0,0,0,0,0,0,0,0,0,0,0,0,0,0,0,0,0,0,0,0,0,0,0,0,0,0,0,0,0,0,0,0,0,0,0,0,305921117,0,0,0,354856098,0,0,0,0,0,0,0,106268263,225926448,441869128,158472407040,58801250,1,0,0,0,0,0,0,0,0,0,0,0,0,0,0,0,0,0,0,0,0,0,0,0,0,0,0,0,0,0,0,251107709,0,0,0,0,0
1788888730.327,0,0,0,0,0,0,0,736948122,3701893020160,1774323731456,0,0,0,0,0,0,0,0,0,0,0,0,0,0,0,0,0,0,0,0,0,0,0,0,0,0,0,0,0,0,0,0,0,0,0,0,0,0,0,0,0,0,0,0,0,0,0,0,0,0,0,0,0,0,0,0,0,0,997074,226079328,96866287,0,0,0,0,0,0,0,0,0,0,0,0,0,0,0,0,0,0,0,0,0,0,0,0,0,0,0,0,0,0,0,0,0,0,0,0,0,12883066880,4987699200,786320,304425,0,113,786432,225278896,0,0,3593354097,12884901888,98479821,416737378,0,0,0,0,0,0,0,0,0,0,0,0,0,0,0,0,0,0,23582704,23582890,0,97,97,6268,329,47165360,35,0,0,0,0,0,0,0,1,0,0,0,0,0,0,0,0,0,0,26519067,0,57512335,494609,0,0,0,0,0,0,0,0,16384,0,0,0,0,0,0,0,0,0,0,0,3839,611,0,0,0,0,0,71689793,0,298,0,27,611,3839,0,0,0,0,0,0,0,0,0,0,0,0,0,0,0,0,0,0,0,0,0,0,0,0,0,0,0,0,0,0,0,0,0,0,0,0,0,0,0,0,0,0,0,0,0,0,0,0,0,0,0,0,0,305960406,0,0,0,354895031,0,0,0,0,0,0,0,106296392,225965526,441934357,158492640768,58816636,1,0,0,0,0,0,0,0,0,0,0,0,0,0,0,0,0,0,0,0,0,0,0,0,0,0,0,0,0,0,0,251110453,0,0,0,0,0
1788888731.354,0,0,0,0,0,0,0,737023759,3702464756224,1774539075584,0,0,0,0,0,0,0,0,0,0,0,0,0,0,0,0,0,0,0,0,0,0,0,0,0,0,0,0,0,0,0,0,0,0,0,0,0,0,0,0,0,0,0,0,0,0,0,0,0,0,0,0,0,0,0,0,0,0,997196,226114277,96878135,0,0,0,0,0,0,0,0,0,0,0,0,0,0,0,0,0,0,0,0,0,0,0,0,0,0,0,0,0,0,0,0,0,0,0,0,0,12883050496,5013831680,786319,306020,0,112,786432,225313763,0,0,3593727167,12884901888,98513871,416776587,0,0,0,0,0,0,0,0,0,0,0,0,0,0,0,0,0,0,23585192,23585379,0,97,97,6268,329,47170349,35,0,0,0,0,0,0,0,1,0,0,0,0,0,0,0,0,0,0,26521866,0,57512463,494610,0,0,0,0,0,0,0,0,16384,0,0,0,0,0,0,0,0,0,0,0,3840,611,0,0,0,0,0,71697346,0,298,0,27,611,3840,0,0,0,0,0,0,0,0,0,0,0,0,0,0,0,0,0,0,0,0,0,0,0,0,0,0,0,0,0,0,0,0,0,0,0,0,0,0,0,0,0,0,0,0,0,0,0,0,0,0,0,0,0,305996097,0,0,0,354930299,0,0,0,0,0,0,0,106323550,226000429,441993548,158510968832,58832104,1,0,0,0,0,0,0,0,0,0,0,0,0,0,0,0,0,0,0,0,0,0,0,0,0,0,0,0,0,0,0,251112941,0,0,0,0,0
1788888732.381,0,0,0,0,0,0,0,737111746,3703136205312,1774834172416,0,0,0,0,0,0,0,0,0,0,0,0,0,0,0,0,0,0,0,0,0,0,0,0,0,0,0,0,0,0,0,0,0,0,0,0,0,0,0,0,0,0,0,0,0,0,0,0,0,0,0,0,0,0,0,0,0,0,997355,226155354,96894662,0,0,0,0,0,0,0,0,0,0,0,0,0,0,0,0,0,0,0,0,0,0,0,0,0,0,0,0,0,0,0,0,0,0,0,0,0,12883165184,4999135232,786326,305123,0,106,786432,225354712,0,0,3594161012,12884901888,98550900,416822300,0,0,0,0,0,0,0,0,0,0,0,0,0,0,0,0,0,0,23588100,23588292,0,97,97,6268,329,47176161,35,0,0,0,0,0,0,0,1,0,0,0,0,0,0,0,0,0,0,26525142,0,57515743,494638,0,0,0,0,0,0,0,0,16384,0,0,0,0,0,0,0,0,0,0,0,3841,611,0,0,0,0,0,71706205,0,298,0,27,611,3841,0,0,0,0,0,0,0,0,0,0,0,0,0,0,0,0,0,0,0,0,0,0,0,0,0,0,0,0,0,0,0,0,0,0,0,0,0,0,0,0,0,0,0,0,0,0,0,0,0,0,0,0,0,306037530,0,0,0,354971352,0,0,0,0,0,0,0,106352969,226041441,442064636,158532257280,58847945,1,0,0,0,0,0,0,0,0,0,0,0,0,0,0,0,0,0,0,0,0,0,0,0,0,0,0,0,0,0,0,251115855,0,0,0,0,0
1788888733.407,0,0,0,0,0,0,0,737190373,3703735007744,1775061790208,0,0,0,0,0,0,0,0,0,0,0,0,0,0,0,0,0,0,0,0,0,0,0,0,0,0,0,0,0,0,0,0,0,0,0,0,0,0,0,0,0,0,0,0,0,0,0,0,0,0,0,0,0,0,0,0,0,0,997504,226191973,96907206,0,0,0,0,0,0,0,0,0,0,0,0,0,0,0,0,0,0,0,0,0,0,0,0,0,0,0,0,0,0,0,0,0,0,0,0,0,12883083264,5024235520,786321,306655,0,111,786432,225391244,0,0,3594547984,12884901888,98586537,416863415,0,0,0,0,0,0,0,0,0,0,0,0,0,0,0,0,0,0,23590701,23590889,0,97,97,6268,329,47181357,35,0,0,0,0,0,0,0,1,0,0,0,0,0,0,0,0,0,0,26528062,0,57515871,494639,0,0,0,0,0,0,0,0,16384,0,0,0,0,0,0,0,0,0,0,0,3842,611,0,0,0,0,0,71714087,0,298,0,27,611,3842,0,0,0,0,0,0,0,0,0,0,0,0,0,0,0,0,0,0,0,0,0,0,0,0,0,0,0,0,0,0,0,0,0,0,0,0,0,0,0,0,0,0,0,0,0,0,0,0,0,0,0,0,0,306074655,0,0,0,355008196,0,0,0,0,0,0,0,106382819,226078003,442126622,158551356416,58865405,0,0,0,0,0,0,0,0,0,0,0,0,0,0,0,0,0,0,0,0,0,0,0,0,0,0,0,0,0,0,0,251118452,0,0,0,0,0
1788888734.434,0,0,0,0,0,0,0,737284439,3704458394112,1775378393088,0,0,0,0,0,0,0,0,0,0,0,0,0,0,0,0,0,0,0,0,0,0,0,0,0,0,0,0,0,0,0,0,0,0,0,0,0,0,0,0,0,0,0,0,0,0,0,0,0,0,0,0,0,0,0,0,0,0,997691,226236217,96924954,0,0,0,0,0,0,0,0,0,0,0,0,0,0,0,0,0,0,0,0,0,0,0,0,0,0,0,0,0,0,0,0,0,0,0,0,0,12883050496,5009244160,786319,305739,0,113,786432,225435354,0,0,3595013076,12884901888,98626306,416912550,0,0,0,0,0,0,0,0,0,0,0,0,0,0,0,0,0,0,23593804,23593993,0,97,97,6268,329,47187574,35,0,0,0,0,0,0,0,1,0,0,0,0,0,0,0,0,0,0,26531553,0,57519332,494668,0,0,0,0,0,0,0,0,16384,0,0,0,0,0,0,0,0,0,0,0,3843,611,0,0,0,0,0,71723528,0,298,0,27,611,3843,0,0,0,0,0,0,0,0,0,0,0,0,0,0,0,0,0,0,0,0,0,0,0,0,0,0,0,0,0,0,0,0,0,0,0,0,0,0,0,0,0,0,0,0,0,0,0,0,0,0,0,0,0,306118713,0,0,0,355052107,0,0,0,0,0,0,0,106413700,226122178,442202567,158574001152,58881697,1,1,0,0,0,0,0,0,0,0,0,0,0,0,0,0,0,0,0,0,0,0,0,0,0,0,0,0,0,0,0,251121556,0,0,0,0,0
1788888735.461,0,0,0,0,0,0,0,737366406,3705084033536,1775633853440,0,0,0,0,0,0,0,0,0,0,0,0,0,0,0,0,0,0,0,0,0,0,0,0,0,0,0,0,0,0,0,0,0,0,0,0,0,0,0,0,0,0,0,0,0,0,0,0,0,0,0,0,0,0,0,0,0,0,997825,226274383,96939070,0,0,0,0,0,0,0,0,0,0,0,0,0,0,0,0,0,0,0,0,0,0,0,0,0,0,0,0,0,0,0,0,0,0,0,0,0,12883705856,5019123712,786359,306344,0,74,786432,225473431,0,0,3595417133,12884901888,98662286,416955209,0,0,0,0,0,0,0,0,0,0,0,0,0,0,0,0,0,0,23596510,23596700,0,97,97,6268,329,47192978,35,0,0,0,0,0,0,0,1,0,0,0,0,0,0,0,0,0,0,26534598,0,57520665,494681,0,0,0,0,0,0,0,0,16384,0,0,0,0,0,0,0,0,0,0,0,3844,611,0,0,0,0,0,71731756,0,298,0,27,611,3844,0,0,0,0,0,0,0,0,0,0,0,0,0,0,0,0,0,0,0,0,0,0,0,0,0,0,0,0,0,0,0,0,0,0,0,0,0,0,0,0,0,0,0,0,0,0,0,0,0,0,0,0,0,306157264,0,0,0,355090433,0,0,0,0,0,0,0,106442687,226160377,442267839,158593839616,58898001,1,0,0,0,0,0,0,0,0,0,0,0,0,0,0,0,0,0,0,0,0,0,0,0,0,0,0,0,0,0,0,251124262,0,0,0,0,0
1788888736.488,0,0,0,0,0,0,0,737458865,3705788430848,1775924466688,0,0,0,0,0,0,0,0,0,0,0,0,0,0,0,0,0,0,0,0,0,0,0,0,0,0,0,0,0,0,0,0,0,0,0,0,0,0,0,0,0,0,0,0,0,0,0,0,0,0,0,0,0,0,0,0,0,0,998006,226317538,96955333,0,0,0,0,0,0,0,0,0,0,0,0,0,0,0,0,0,0,0,0,0,0,0,0,0,0,0,0,0,0,0,0,0,0,0,0,0,12883197952,5022597120,786328,306555,0,105,786432,225516470,0,0,3595873830,12884901888,98701329,417003475,0,0,0,0,0,0,0,0,0,0,0,0,0,0,0,0,0,0,23599569,23599761,0,97,97,6268,329,47199088,35,0,0,0,0,0,0,0,1,0,0,0,0,0,0,0,0,0,0,26538040,0,57523114,494700,0,0,0,0,0,0,0,0,16384,0,0,0,0,0,0,0,0,0,0,0,3845,611,0,0,0,0,0,71741069,0,298,0,27,611,3845,0,0,0,0,0,0,0,0,0,0,0,0,0,0,0,0,0,0,0,0,0,0,0,0,0,0,0,0,0,0,0,0,0,0,0,0,0,0,0,0,0,0,0,0,0,0,0,0,0,0,0,0,0,306200640,0,0,0,355133664,0,0,0,0,0,0,0,106472287,226203383,442341228,158616140288,58913410,1,0,0,0,0,0,0,0,0,0,0,0,0,0,0,0,0,0,0,0,0,0,0,0,0,0,0,0,0,0,0,251127324,0,0,0,0,0
1788888737.516,0,0,0,0,0,0,0,737538693,3706398308864,1776160601088,0,0,0,0,0,0,0,0,0,0,0,0,0,0,0,0,0,0,0,0,0,0,0,0,0,0,0,0,0,0,0,0,0,0,0,0,0,0,0,0,0,0,0,0,0,0,0,0,0,0,0,0,0,0,0,0,0,0,998146,226354808,96968354,0,0,0,0,0,0,0,0,0,0,0,0,0,0,0,0,0,0,0,0,0,0,0,0,0,0,0,0,0,0,0,0,0,0,0,0,0,12879757312,5043748864,786118,307846,208,106,786432,225553652,0,0,3596267980,12884901888,98737058,417045074,0,0,0,0,0,0,0,0,0,0,0,0,0,0,0,0,0,0,23602205,23602396,0,97,97,6268,329,47204386,35,0,0,0,0,0,0,0,1,0,0,0,0,0,0,0,0,0,0,26541002,0,57523242,494704,0,0,0,0,0,0,0,0,16384,0,0,0,0,0,0,0,0,0,0,0,3846,611,0,0,0,0,0,71749088,0,298,0,27,611,3846,0,0,0,0,0,0,0,0,0,0,0,0,0,0,0,0,0,0,0,0,0,0,0,0,0,0,0,0,0,0,0,0,0,0,0,0,0,0,0,0,0,0,0,0,0,0,0,0,0,0,0,0,0,306238307,0,0,0,355171066,0,0,0,0,0,0,0,106502085,226240626,442404423,158635499520,58930665,1,0,0,0,0,0,0,0,0,0,0,0,0,0,0,0,0,0,0,0,0,0,0,0,0,0,0,0,0,0,0,251129956,0,0,0,0,0
1788888738.544,0,0,0,0,0,0,0,737629271,3707085044224,1776462470144,0,0,0,0,0,0,0,0,0,0,0,0,0,0,0,0,0,0,0,0,0,0,0,0,0,0,0,0,0,0,0,0,0,0,0,0,0,0,0,0,0,0,0,0,0,0,0,0,0,0,0,0,0,0,0,0,0,0,998305,226396811,96985275,0,0,0,0,0,0,0,0,0,0,0,0,0,0,0,0,0,0,0,0,0,0,0,0,0,0,0,0,0,0,0,0,0,0,0,0,0,12883132416,5029920768,786324,307002,0,108,786432,225595546,0,0,3596715137,12884901888,98775370,417092123,0,0,0,0,0,0,0,0,0,0,0,0,0,0,0,0,0,0,23605190,23605381,0,97,97,6268,329,47210338,35,0,0,0,0,0,0,0,1,0,0,0,0,0,0,0,0,0,0,26544360,0,57526732,494730,0,0,0,0,0,0,0,0,16384,0,0,0,0,0,0,0,0,0,0,0,3847,611,0,0,0,0,0,71758170,0,298,0,27,611,3847,0,0,0,0,0,0,0,0,0,0,0,0,0,0,0,0,0,0,0,0,0,0,0,0,0,0,0,0,0,0,0,0,0,0,0,0,0,0,0,0,0,0,0,0,0,0,0,0,0,0,0,0,0,306280693,0,0,0,355213226,0,0,0,0,0,0,0,106532294,226282544,442477288,158657315840,58946844,1,0,0,0,0,0,0,0,0,0,0,0,0,0,0,0,0,0,0,0,0,0,0,0,0,0,0,0,0,0,0,251132942,0,0,0,0,0
1788888739.571,0,0,0,0,0,0,0,737715198,3707739290112,1776751336960,0,0,0,0,0,0,0,0,0,0,0,0,0,0,0,0,0,0,0,0,0,0,0,0,0,0,0,0,0,0,0,0,0,0,0,0,0,0,0,0,0,0,0,0,0,0,0,0,0,0,0,0,0,0,0,0,0,0,998468,226436805,97001444,0,0,0,0,0,0,0,0,0,0,0,0,0,0,0,0,0,0,0,0,0,0,0,0,0,0,0,0,0,0,0,0,0,0,0,0,0,12882952192,5016092672,786313,306158,0,120,786432,225635434,0,0,3597139269,12884901888,98811426,417137046,0,0,0,0,0,0,0,0,0,0,0,0,0,0,0,0,0,0,23608030,23608220,0,97,97,6268,329,47216022,35,0,0,0,0,0,0,0,1,0,0,0,0,0,0,0,0,0,0,26547556,0,57529987,494757,0,0,0,0,0,0,0,0,16384,0,0,0,0,0,0,0,0,0,0,0,3848,611,0,0,0,0,0,71766814,0,298,0,27,611,3848,0,0,0,0,0,0,0,0,0,0,0,0,0,0,0,0,0,0,0,0,0,0,0,0,0,0,0,0,0,0,0,0,0,0,0,0,0,0,0,0,0,0,0,0,0,0,0,0,0,0,0,0,0,306321245,0,0,0,355253446,0,0,0,0,0,0,0,106561271,226322477,442546813,158678161408,58962616,1,0,0,0,0,0,0,0,0,0,0,0,0,0,0,0,0,0,0,0,0,0,0,0,0,0,0,0,0,0,0,251135782,0,0,0,0,0
1788888740.599,0,0,0,0,0,0,0,737792486,3708323789312,1776974361600,0,0,0,0,0,0,0,0,0,0,0,0,0,0,0,0,0,0,0,0,0,0,0,0,0,0,0,0,0,0,0,0,0,0,0,0,0,0,0,0,0,0,0,0,0,0,0,0,0,0,0,0,0,0,0,0,0,0,998601,226472564,97013740,0,0,0,0,0,0,0,0,0,0,0,0,0,0,0,0,0,0,0,0,0,0,0,0,0,0,0,0,0,0,0,0,0,0,0,0,0,12883099648,5039898624,786322,307611,0,110,786432,225671104,0,0,3597520070,12884901888,98846209,417177079,0,0,0,0,0,0,0,0,0,0,0,0,0,0,0,0,0,0,23610577,23610766,0,97,97,6268,329,47221113,35,0,0,0,0,0,0,0,1,0,0,0,0,0,0,0,0,0,0,26550420,0,57530115,494758,0,0,0,0,0,0,0,0,16384,0,0,0,0,0,0,0,0,0,0,0,3849,611,0,0,0,0,0,71774565,0,298,0,27,611,3849,0,0,0,0,0,0,0,0,0,0,0,0,0,0,0,0,0,0,0,0,0,0,0,0,0,0,0,0,0,0,0,0,0,0,0,0,0,0,0,0,0,0,0,0,0,0,0,0,0,0,0,0,0,306357714,0,0,0,355289520,0,0,0,0,0,0,0,106588700,226358186,442607649,158696868864,58977909,1,0,0,0,0,0,0,0,0,0,0,0,0,0,0,0,0,0,0,0,0,0,0,0,0,0,0,0,0,0,0,251138329,0,0,0,0,0
1788888741.626,0,0,0,0,0,0,0,737880720,3708999531008,1777274324992,0,0,0,0,0,0,0,0,0,0,0,0,0,0,0,0,0,0,0,0,0,0,0,0,0,0,0,0,0,0,0,0,0,0,0,0,0,0,0,0,0,0,0,0,0,0,0,0,0,0,0,0,0,0,0,0,0,0,998773,226513906,97030547,0,0,0,0,0,0,0,0,0,0,0,0,0,0,0,0,0,0,0,0,0,0,0,0,0,0,0,0,0,0,0,0,0,0,0,0,0,12883083264,5023219712,786321,306593,0,110,786432,225712340,0,0,3597956078,12884901888,98883619,417223139,0,0,0,0,0,0,0,0,0,0,0,0,0,0,0,0,0,0,23613486,23613674,0,97,97,6268,329,47226944,35,0,0,0,0,0,0,0,1,0,0,0,0,0,0,0,0,0,0,26553692,0,57533453,494786,0,0,0,0,0,0,0,0,16384,0,0,0,0,0,0,0,0,0,0,0,3850,611,0,0,0,0,0,71783405,0,298,0,27,611,3850,0,0,0,0,0,0,0,0,0,0,0,0,0,0,0,0,0,0,0,0,0,0,0,0,0,0,0,0,0,0,0,0,0,0,0,0,0,0,0,0,0,0,0,0,0,0,0,0,0,0,0,0,0,306399109,0,0,0,355330689,0,0,0,0,0,0,0,106619297,226399483,442679221,158718163968,58994710,1,0,0,0,0,0,0,0,0,0,0,0,0,0,0,0,0,0,0,0,0,0,0,0,0,0,0,0,0,0,0,251141236,0,0,0,0,0
1788888742.653,0,0,0,0,0,0,0,737957073,3709578672640,1777494154240,0,0,0,0,0,0,0,0,0,0,0,0,0,0,0,0,0,0,0,0,0,0,0,0,0,0,0,0,0,0,0,0,0,0,0,0,0,0,0,0,0,0,0,0,0,0,0,0,0,0,0,0,0,0,0,0,0,0,998921,226549331,97042660,0,0,0,0,0,0,0,0,0,0,0,0,0,0,0,0,0,0,0,0,0,0,0,0,0,0,0,0,0,0,0,0,0,0,0,0,0,12883001344,5046386688,786316,308007,0,116,786432,225747704,0,0,3598333107,12884901888,98918113,417262986,0,0,0,0,0,0,0,0,0,0,0,0,0,0,0,0,0,0,23616015,23616204,0,97,97,6268,329,47232011,35,0,0,0,0,0,0,0,1,0,0,0,0,0,0,0,0,0,0,26556537,0,57533581,494787,0,0,0,0,0,0,0,0,16384,0,0,0,0,0,0,0,0,0,0,0,3851,611,0,0,0,0,0,71791096,0,298,0,27,611,3851,0,0,0,0,0,0,0,0,0,0,0,0,0,0,0,0,0,0,0,0,0,0,0,0,0,0,0,0,0,0,0,0,0,0,0,0,0,0,0,0,0,0,0,0,0,0,0,0,0,0,0,0,0,306435202,0,0,0,355366428,0,0,0,0,0,0,0,106648276,226434848,442739320,158736730624,59011747,0,0,0,0,0,0,0,0,0,0,0,0,0,0,0,0,0,0,0,0,0,0,0,0,0,0,0,0,0,0,0,251143767,0,0,0,0,0
1788888743.680,0,0,0,0,0,0,0,738043750,3710237604352,1777786218496,0,0,0,0,0,0,0,0,0,0,0,0,0,0,0,0,0,0,0,0,0,0,0,0,0,0,0,0,0,0,0,0,0,0,0,0,0,0,0,0,0,0,0,0,0,0,0,0,0,0,0,0,0,0,0,0,0,0,999070,226589614,97059035,0,0,0,0,0,0,0,0,0,0,0,0,0,0,0,0,0,0,0,0,0,0,0,0,0,0,0,0,0,0,0,0,0,0,0,0,0,12883083264,5030068224,786321,307011,0,111,786432,225787890,0,0,3598760853,12884901888,98954385,417307967,0,0,0,0,0,0,0,0,0,0,0,0,0,0,0,0,0,0,23618881,23619072,0,97,97,6268,329,47237732,35,0,0,0,0,0,0,0,1,0,0,0,0,0,0,0,0,0,0,26559763,0,57536903,494815,0,0,0,0,0,0,0,0,16384,0,0,0,0,0,0,0,0,0,0,0,3852,611,0,0,0,0,0,71799822,0,298,0,27,611,3852,0,0,0,0,0,0,0,0,0,0,0,0,0,0,0,0,0,0,0,0,0,0,0,0,0,0,0,0,0,0,0,0,0,0,0,0,0,0,0,0,0,0,0,0,0,0,0,0,0,0,0,0,0,306475705,0,0,0,355406907,0,0,0,0,0,0,0,106678253,226475076,442809128,158757556224,59028333,0,0,0,0,0,0,0,0,0,0,0,0,0,0,0,0,0,0,0,0,0,0,0,0,0,0,0,0,0,0,0,251146635,0,0,0,0,0
1788888744.708,0,0,0,0,0,0,0,738123701,3710845172224,1778018921472,0,0,0,0,0,0,0,0,0,0,0,0,0,0,0,0,0,0,0,0,0,0,0,0,0,0,0,0,0,0,0,0,0,0,0,0,0,0,0,0,0,0,0,0,0,0,0,0,0,0,0,0,0,0,0,0,0,0,999243,226626773,97071875,0,0,0,0,0,0,0,0,0,0,0,0,0,0,0,0,0,0,0,0,0,0,0,0,0,0,0,0,0,0,0,0,0,0,0,0,0,12882968576,5051219968,786314,308302,0,117,786432,225824980,0,0,3599155596,12884901888,98990582,417349703,0,0,0,0,0,0,0,0,0,0,0,0,0,0,0,0,0,0,23621538,23621726,0,97,97,6268,329,47243020,35,0,0,0,0,0,0,0,1,0,0,0,0,0,0,0,0,0,0,26562747,0,57537031,494816,0,0,0,0,0,0,0,0,16384,0,0,0,0,0,0,0,0,0,0,0,3853,611,0,0,0,0,0,71807872,0,298,0,27,611,3853,0,0,0,0,0,0,0,0,0,0,0,0,0,0,0,0,0,0,0,0,0,0,0,0,0,0,0,0,0,0,0,0,0,0,0,0,0,0,0,0,0,0,0,0,0,0,0,0,0,0,0,0,0,306513262,0,0,0,355444287,0,0,0,0,0,0,0,106708687,226512183,442872142,158776847360,59046094,0,0,0,0,0,0,0,0,0,0,0,0,0,0,0,0,0,0,0,0,0,0,0,0,0,0,0,0,0,0,0,251149289,0,0,0,0,0
1788888745.735,0,0,0,0,0,0,0,738208604,3711492241920,1778287662080,0,0,0,0,0,0,0,0,0,0,0,0,0,0,0,0,0,0,0,0,0,0,0,0,0,0,0,0,0,0,0,0,0,0,0,0,0,0,0,0,0,0,0,0,0,0,0,0,0,0,0,0,0,0,0,0,0,0,999411,226666353,97086767,0,0,0,0,0,0,0,0,0,0,0,0,0,0,0,0,0,0,0,0,0,0,0,0,0,0,0,0,0,0,0,0,0,0,0,0,0,12882984960,5054758912,786315,308518,0,117,786432,225864460,0,0,3599573761,12884901888,99027945,417394056,0,0,0,0,0,0,0,0,0,0,0,0,0,0,0,0,0,0,23624338,23624530,0,97,97,6268,329,47248637,35,0,0,0,0,0,0,0,1,0,0,0,0,0,0,0,0,0,0,26565901,0,57538719,494831,0,0,0,0,0,0,0,0,16384,0,0,0,0,0,0,0,0,0,0,0,3854,611,0,0,0,0,0,71816410,0,298,0,27,611,3854,0,0,0,0,0,0,0,0,0,0,0,0,0,0,0,0,0,0,0,0,0,0,0,0,0,0,0,0,0,0,0,0,0,0,0,0,0,0,0,0,0,0,0,0,0,0,0,0,0,0,0,0,0,306552941,0,0,0,355483977,0,0,0,0,0,0,0,106739592,226551691,442939859,158797273088,59063683,1,0,0,0,0,0,0,0,0,0,0,0,0,0,0,0,0,0,0,0,0,0,0,0,0,0,0,0,0,0,0,251152093,0,0,0,0,0
1788888746.762,0,0,0,0,0,0,0,738291706,3712120306176,1778546432512,0,0,0,0,0,0,0,0,0,0,0,0,0,0,0,0,0,0,0,0,0,0,0,0,0,0,0,0,0,0,0,0,0,0,0,0,0,0,0,0,0,0,0,0,0,0,0,0,0,0,0,0,0,0,0,0,0,0,999552,226704746,97101246,0,0,0,0,0,0,0,0,0,0,0,0,0,0,0,0,0,0,0,0,0,0,0,0,0,0,0,0,0,0,0,0,0,0,0,0,0,12883083264,5060558848,786321,308872,0,111,786432,225902759,0,0,3599983570,12884901888,99063623,417437222,0,0,0,0,0,0,0,0,0,0,0,0,0,0,0,0,0,0,23627087,23627273,0,97,97,6268,329,47254127,35,0,0,0,0,0,0,0,1,0,0,0,0,0,0,0,0,0,0,26568987,0,57540539,494846,0,0,0,0,0,0,0,0,16384,0,0,0,0,0,0,0,0,0,0,0,3855,611,0,0,0,0,0,71824738,0,298,0,27,611,3855,0,0,0,0,0,0,0,0,0,0,0,0,0,0,0,0,0,0,0,0,0,0,0,0,0,0,0,0,0,0,0,0,0,0,0,0,0,0,0,0,0,0,0,0,0,0,0,0,0,0,0,0,0,306591633,0,0,0,355522798,0,0,0,0,0,0,0,106770031,226590064,443005483,158817149952,59081268,1,1,0,0,0,0,0,0,0,0,0,0,0,0,0,0,0,0,0,0,0,0,0,0,0,0,0,0,0,0,0,251154836,0,0,0,0,0
1788888747.788,0,0,0,0,0,0,0,738371659,3712730282496,1778801581056,0,0,0,0,0,0,0,0,0,0,0,0,0,0,0,0,0,0,0,0,0,0,0,0,0,0,0,0,0,0,0,0,0,0,0,0,0,0,0,0,0,0,0,0,0,0,0,0,0,0,0,0,0,0,0,0,0,0,999678,226741991,97115388,0,0,0,0,0,0,0,0,0,0,0,0,0,0,0,0,0,0,0,0,0,0,0,0,0,0,0,0,0,0,0,0,0,0,0,0,0,12883656704,5062066176,786355,308964,0,76,786432,225939922,0,0,3600378000,12884901888,99098574,417478720,0,0,0,0,0,0,0,0,0,0,0,0,0,0,0,0,0,0,23629735,23629925,0,97,97,6268,329,47259421,35,0,0,0,0,0,0,0,1,0,0,0,0,0,0,0,0,0,0,26571970,0,57542384,494861,0,0,0,0,0,0,0,0,16384,0,0,0,0,0,0,0,0,0,0,0,3856,611,0,0,0,0,0,71832810,0,298,0,27,611,3856,0,0,0,0,0,0,0,0,0,0,0,0,0,0,0,0,0,0,0,0,0,0,0,0,0,0,0,0,0,0,0,0,0,0,0,0,0,0,0,0,0,0,0,0,0,0,0,0,0,0,0,0,0,306629432,0,0,0,355560254,0,0,0,0,0,0,0,106797325,226627316,443069749,158836562432,59096126,1,0,0,0,0,0,0,0,0,0,0,0,0,0,0,0,0,0,0,0,0,0,0,0,0,0,0,0,0,0,0,251157488,0,0,0,0,0
1788888748.816,0,0,0,0,0,0,0,738468271,3713465858560,1779134792192,0,0,0,0,0,0,0,0,0,0,0,0,0,0,0,0,0,0,0,0,0,0,0,0,0,0,0,0,0,0,0,0,0,0,0,0,0,0,0,0,0,0,0,0,0,0,0,0,0,0,0,0,0,0,0,0,0,0,999870,226787029,97133991,0,0,0,0,0,0,0,0,0,0,0,0,0,0,0,0,0,0,0,0,0,0,0,0,0,0,0,0,0,0,0,0,0,0,0,0,0,12883755008,5040406528,786361,307643,0,71,786432,225984821,0,0,3600855066,12884901888,99139126,417529264,0,0,0,0,0,0,0,0,0,0,0,0,0,0,0,0,0,0,23632919,23633112,0,97,97,6268,329,47265798,35,0,0,0,0,0,0,0,1,0,0,0,0,0,0,0,0,0,0,26575555,0,57546345,494895,0,0,0,0,0,0,0,0,16384,0,0,0,0,0,0,0,0,0,0,0,3857,611,0,0,0,0,0,71842492,0,298,0,27,611,3857,0,0,0,0,0,0,0,0,0,0,0,0,0,0,0,0,0,0,0,0,0,0,0,0,0,0,0,0,0,0,0,0,0,0,0,0,0,0,0,0,0,0,0,0,0,0,0,0,0,0,0,0,0,306674826,0,0,0,355605411,0,0,0,0,0,0,0,106827646,226672233,443148374,158859874304,59111468,1,0,0,0,0,0,0,0,0,0,0,0,0,0,0,0,0,0,0,0,0,0,0,0,0,0,0,0,0,0,0,251160675,0,0,0,0,0
1788888749.844,0,0,0,0,0,0,0,738553176,3714111011328,1779389144064,0,0,0,0,0,0,0,0,0,0,0,0,0,0,0,0,0,0,0,0,0,0,0,0,0,0,0,0,0,0,0,0,0,0,0,0,0,0,0,0,0,0,0,0,0,0,0,0,0,0,0,0,0,0,0,0,0,0,999991,226826520,97148263,0,0,0,0,0,0,0,0,0,0,0,0,0,0,0,0,0,0,0,0,0,0,0,0,0,0,0,0,0,0,0,0,0,0,0,0,0,12883165184,5054545920,786326,308505,0,107,786432,226024217,0,0,3601273067,12884901888,99175525,417573011,0,0,0,0,0,0,0,0,0,0,0,0,0,0,0,0,0,0,23635703,23635896,0,97,97,6268,329,47271371,35,0,0,0,0,0,0,0,1,0,0,0,0,0,0,0,0,0,0,26578685,0,57547574,494905,0,0,0,0,0,0,0,0,16384,0,0,0,0,0,0,0,0,0,0,0,3858,611,0,0,0,0,0,71850950,0,298,0,27,611,3858,0,0,0,0,0,0,0,0,0,0,0,0,0,0,0,0,0,0,0,0,0,0,0,0,0,0,0,0,0,0,0,0,0,0,0,0,0,0,0,0,0,0,0,0,0,0,0,0,0,0,0,0,0,306714176,0,0,0,355644896,0,0,0,0,0,0,0,106857922,226711647,443214702,158880095232,59128606,0,0,0,0,0,0,0,0,0,0,0,0,0,0,0,0,0,0,0,0,0,0,0,0,0,0,0,0,0,0,0,251163458,0,0,0,0,0
1788888750.872,0,0,0,0,0,0,0,738642678,3714790750720,1779687478272,0,0,0,0,0,0,0,0,0,0,0,0,0,0,0,0,0,0,0,0,0,0,0,0,0,0,0,0,0,0,0,0,0,0,0,0,0,0,0,0,0,0,0,0,0,0,0,0,0,0,0,0,0,0,0,0,0,0,1000166,226868083,97164955,0,0,0,0,0,0,0,0,0,0,0,0,0,0,0,0,0,0,0,0,0,0,0,0,0,0,0,0,0,0,0,0,0,0,0,0,0,12883148800,5042585600,786325,307776,0,108,786432,226065667,0,0,3601714719,12884901888,99212905,417619751,0,0,0,0,0,0,0,0,0,0,0,0,0,0,0,0,0,0,23638667,23638853,0,97,97,6268,329,47277296,35,0,0,0,0,0,0,0,1,0,0,0,0,0,0,0,0,0,0,26582013,0,57550915,494933,0,0,0,0,0,0,0,0,16384,0,0,0,0,0,0,0,0,0,0,0,3859,611,0,0,0,0,0,71859951,0,298,0,27,611,3859,0,0,0,0,0,0,0,0,0,0,0,0,0,0,0,0,0,0,0,0,0,0,0,0,0,0,0,0,0,0,0,0,0,0,0,0,0,0,0,0,0,0,0,0,0,0,0,0,0,0,0,0,0,306756093,0,0,0,355686779,0,0,0,0,0,0,0,106889451,226753148,443286555,158901648384,59146442,0,0,0,0,0,0,0,0,0,0,0,0,0,0,0,0,0,0,0,0,0,0,0,0,0,0,0,0,0,0,0,251166416,0,0,0,0,0
1788888751.899,0,0,0,0,0,0,0,738735010,3715495377408,1779998134784,0,0,0,0,0,0,0,0,0,0,0,0,0,0,0,0,0,0,0,0,0,0,0,0,0,0,0,0,0,0,0,0,0,0,0,0,0,0,0,0,0,0,0,0,0,0,0,0,0,0,0,0,0,0,0,0,0,0,1000357,226911184,97182358,0,0,0,0,0,0,0,0,0,0,0,0,0,0,0,0,0,0,0,0,0,0,0,0,0,0,0,0,0,0,0,0,0,0,0,0,0,12883001344,5026267136,786316,306779,0,116,786432,226108639,0,0,3602171092,12884901888,99251940,417667965,0,0,0,0,0,0,0,0,0,0,0,0,0,0,0,0,0,0,23641725,23641914,0,97,97,6268,329,47283405,35,0,0,0,0,0,0,0,1,0,0,0,0,0,0,0,0,0,0,26585456,0,57554275,494961,0,0,0,0,0,0,0,0,16384,0,0,0,0,0,0,0,0,0,0,0,3860,611,0,0,0,0,0,71869245,0,298,0,27,611,3860,0,0,0,0,0,0,0,0,0,0,0,0,0,0,0,0,0,0,0,0,0,0,0,0,0,0,0,0,0,0,0,0,0,0,0,0,0,0,0,0,0,0,0,0,0,0,0,0,0,0,0,0,0,306799288,0,0,0,355729920,0,0,0,0,0,0,0,106921169,226796160,443361054,158923830784,59163817,1,0,0,0,0,0,0,0,0,0,0,0,0,0,0,0,0,0,0,0,0,0,0,0,0,0,0,0,0,0,0,251169477,0,0,0,0,0
1788888752.925,0,0,0,0,0,0,0,738814349,3716096735744,1780230155776,0,0,0,0,0,0,0,0,0,0,0,0,0,0,0,0,0,0,0,0,0,0,0,0,0,0,0,0,0,0,0,0,0,0,0,0,0,0,0,0,0,0,0,0,0,0,0,0,0,0,0,0,0,0,0,0,0,0,1000485,226947978,97195180,0,0,0,0,0,0,0,0,0,0,0,0,0,0,0,0,0,0,0,0,0,0,0,0,0,0,0,0,0,0,0,0,0,0,0,0,0,12882821120,5045354496,786305,307944,0,127,786432,226145345,0,0,3602563036,12884901888,99287693,417708950,0,0,0,0,0,0,0,0,0,0,0,0,0,0,0,0,0,0,23644347,23644538,0,97,97,6268,329,47288648,35,0,0,0,0,0,0,0,1,0,0,0,0,0,0,0,0,0,0,26588408,0,57554403,494962,0,0,0,0,0,0,0,0,16384,0,0,0,0,0,0,0,0,0,0,0,3861,611,0,0,0,0,0,71877218,0,298,0,27,611,3861,0,0,0,0,0,0,0,0,0,0,0,0,0,0,0,0,0,0,0,0,0,0,0,0,0,0,0,0,0,0,0,0,0,0,0,0,0,0,0,0,0,0,0,0,0,0,0,0,0,0,0,0,0,306836346,0,0,0,355766929,0,0,0,0,0,0,0,106951960,226832900,443423524,158942851072,59181946,1,0,0,0,0,0,0,0,0,0,0,0,0,0,0,0,0,0,0,0,0,0,0,0,0,0,0,0,0,0,0,251172101,0,0,0,0,0
1788888753.952,0,0,0,0,0,0,0,738896618,3716725225984,1780510757376,0,0,0,0,0,0,0,0,0,0,0,0,0,0,0,0,0,0,0,0,0,0,0,0,0,0,0,0,0,0,0,0,0,0,0,0,0,0,0,0,0,0,0,0,0,0,0,0,0,0,0,0,0,0,0,0,0,0,1000631,226986399,97210900,0,0,0,0,0,0,0,0,0,0,0,0,0,0,0,0,0,0,0,0,0,0,0,0,0,0,0,0,0,0,0,0,0,0,0,0,0,12883034112,5029167104,786318,306956,0,114,786432,226183685,0,0,3602969567,12884901888,99322157,417751824,0,0,0,0,0,0,0,0,0,0,0,0,0,0,0,0,0,0,23647079,23647267,0,97,97,6268,329,47294111,35,0,0,0,0,0,0,0,1,0,0,0,0,0,0,0,0,0,0,26591478,0,57557739,494990,0,0,0,0,0,0,0,0,16384,0,0,0,0,0,0,0,0,0,0,0,3862,611,0,0,0,0,0,71885527,0,298,0,27,611,3862,0,0,0,0,0,0,0,0,0,0,0,0,0,0,0,0,0,0,0,0,0,0,0,0,0,0,0,0,0,0,0,0,0,0,0,0,0,0,0,0,0,0,0,0,0,0,0,0,0,0,0,0,0,306875003,0,0,0,355805450,0,0,0,0,0,0,0,106981539,226871263,443490186,158962721792,59198813,0,0,0,0,0,0,0,0,0,0,0,0,0,0,0,0,0,0,0,0,0,0,0,0,0,0,0,0,0,0,0,251174830,0,0,0,0,0
1788888754.978,0,0,0,0,0,0,0,738980996,3717368773120,1780757650432,0,0,0,0,0,0,0,0,0,0,0,0,0,0,0,0,0,0,0,0,0,0,0,0,0,0,0,0,0,0,0,0,0,0,0,0,0,0,0,0,0,0,0,0,0,0,0,0,0,0,0,0,0,0,0,0,0,0,1000826,227025761,97224541,0,0,0,0,0,0,0,0,0,0,0,0,0,0,0,0,0,0,0,0,0,0,0,0,0,0,0,0,0,0,0,0,0,0,0,0,0,12883148800,5051236352,786325,308303,0,106,786432,226222948,0,0,3603386621,12884901888,99360437,417796031,0,0,0,0,0,0,0,0,0,0,0,0,0,0,0,0,0,0,23649871,23650060,0,97,97,6268,329,47299701,35,0,0,0,0,0,0,0,1,0,0,0,0,0,0,0,0,0,0,26594620,0,57557867,494991,0,0,0,0,0,0,0,0,16384,0,0,0,0,0,0,0,0,0,0,0,3863,611,0,0,0,0,0,71894012,0,298,0,27,611,3863,0,0,0,0,0,0,0,0,0,0,0,0,0,0,0,0,0,0,0,0,0,0,0,0,0,0,0,0,0,0,0,0,0,0,0,0,0,0,0,0,0,0,0,0,0,0,0,0,0,0,0,0,0,306914481,0,0,0,355844869,0,0,0,0,0,0,0,107013527,226910555,443556683,158983041536,59217341,1,0,0,0,0,0,0,0,0,0,0,0,0,0,0,0,0,0,0,0,0,0,0,0,0,0,0,0,0,0,0,251177623,0,0,0,0,0
1788888756.007,0,0,0,0,0,0,0,739063939,3717999114752,1781041656320,0,0,0,0,0,0,0,0,0,0,0,0,0,0,0,0,0,0,0,0,0,0,0,0,0,0,0,0,0,0,0,0,0,0,0,0,0,0,0,0,0,0,0,0,0,0,0,0,0,0,0,0,0,0,0,0,0,0,1000947,227064324,97240458,0,0,0,0,0,0,0,0,0,0,0,0,0,0,0,0,0,0,0,0,0,0,0,0,0,0,0,0,0,0,0,0,0,0,0,0,0,12877135872,5032345600,785958,307150,368,107,786432,226261418,0,0,3603795373,12884901888,99395694,417838968,0,0,0,0,0,0,0,0,0,0,0,0,0,0,0,0,0,0,23652599,23652788,0,97,97,6268,329,47305161,35,0,0,0,0,0,0,0,1,0,0,0,0,0,0,0,0,0,0,26597686,0,57561215,495019,0,0,0,0,0,0,0,0,16384,0,0,0,0,0,0,0,0,0,0,0,3864,611,0,0,0,0,0,71902295,0,298,0,27,611,3864,0,0,0,0,0,0,0,0,0,0,0,0,0,0,0,0,0,0,0,0,0,0,0,0,0,0,0,0,0,0,0,0,0,0,0,0,0,0,0,0,0,0,0,0,0,0,0,0,0,0,0,0,0,306953625,0,0,0,355883585,0,0,0,0,0,0,0,107043441,226949047,443624214,159003152896,59234327,0,0,0,0,0,0,0,0,0,0,0,0,0,0,0,0,0,0,0,0,0,0,0,0,0,0,0,0,0,0,0,251180350,0,0,0,0,0
1788888757.033,0,0,0,0,0,0,0,739141592,3718591609344,1781264920576,0,0,0,0,0,0,0,0,0,0,0,0,0,0,0,0,0,0,0,0,0,0,0,0,0,0,0,0,0,0,0,0,0,0,0,0,0,0,0,0,0,0,0,0,0,0,0,0,0,0,0,0,0,0,0,0,0,0,1001071,227100563,97252772,0,0,0,0,0,0,0,0,0,0,0,0,0,0,0,0,0,0,0,0,0,0,0,0,0,0,0,0,0,0,0,0,0,0,0,0,0,12883050496,5056462848,786319,308622,0,113,786432,226297567,0,0,3604177282,12884901888,99430423,417879234,0,0,0,0,0,0,0,0,0,0,0,0,0,0,0,0,0,0,23655166,23655358,0,97,97,6268,329,47310305,35,0,0,0,0,0,0,0,1,0,0,0,0,0,0,0,0,0,0,26600576,0,57561343,495020,0,0,0,0,0,0,0,0,16384,0,0,0,0,0,0,0,0,0,0,0,3865,611,0,0,0,0,0,71910100,0,298,0,27,611,3865,0,0,0,0,0,0,0,0,0,0,0,0,0,0,0,0,0,0,0,0,0,0,0,0,0,0,0,0,0,0,0,0,0,0,0,0,0,0,0,0,0,0,0,0,0,0,0,0,0,0,0,0,0,306989893,0,0,0,355919871,0,0,0,0,0,0,0,107073519,226985235,443684890,159021795328,59252255,0,0,0,0,0,0,0,0,0,0,0,0,0,0,0,0,0,0,0,0,0,0,0,0,0,0,0,0,0,0,0,251182920,0,0,0,0,0
1788888758.062,0,0,0,0,0,0,0,739220040,3719185775104,1781490231808,0,0,0,0,0,0,0,0,0,0,0,0,0,0,0,0,0,0,0,0,0,0,0,0,0,0,0,0,0,0,0,0,0,0,0,0,0,0,0,0,0,0,0,0,0,0,0,0,0,0,0,0,0,0,0,0,0,0,1001217,227136878,97265196,0,0,0,0,0,0,0,0,0,0,0,0,0,0,0,0,0,0,0,0,0,0,0,0,0,0,0,0,0,0,0,0,0,0,0,0,0,12883083264,5076893696,786321,309869,0,110,786432,226333802,0,0,3604563273,12884901888,99465728,417919832,0,0,0,0,0,0,0,0,0,0,0,0,0,0,0,0,0,0,23657789,23657977,0,97,97,6268,329,47315537,35,0,0,0,0,0,0,0,1,0,0,0,0,0,0,0,0,0,0,26603523,0,57561471,495021,0,0,0,0,0,0,0,0,16384,0,0,0,0,0,0,0,0,0,0,0,3866,611,0,0,0,0,0,71918063,0,298,0,27,611,3866,0,0,0,0,0,0,0,0,0,0,0,0,0,0,0,0,0,0,0,0,0,0,0,0,0,0,0,0,0,0,0,0,0,0,0,0,0,0,0,0,0,0,0,0,0,0,0,0,0,0,0,0,0,307026438,0,0,0,355956470,0,0,0,0,0,0,0,107103415,227021512,443746060,159040559616,59269883,1,0,0,0,0,0,0,0,0,0,0,0,0,0,0,0,0,0,0,0,0,0,0,0,0,0,0,0,0,0,0,251185539,0,0,0,0,0
1788888759.090,0,0,0,0,0,0,0,739315245,3719903459840,1781807521280,0,0,0,0,0,0,0,0,0,0,0,0,0,0,0,0,0,0,0,0,0,0,0,0,0,0,0,0,0,0,0,0,0,0,0,0,0,0,0,0,0,0,0,0,0,0,0,0,0,0,0,0,0,0,0,0,0,0,1001383,227180801,97282901,0,0,0,0,0,0,0,0,0,0,0,0,0,0,0,0,0,0,0,0,0,0,0,0,0,0,0,0,0,0,0,0,0,0,0,0,0,12883050496,5061394432,786319,308923,0,113,786432,226377601,0,0,3605042322,12884901888,99505176,417978688,0,0,0,0,0,0,0,0,0,0,0,0,0,0,0,0,0,0,23660976,23661168,0,97,97,6268,329,47321917,35,0,0,0,0,0,0,0,1,0,0,0,0,0,0,0,0,0,0,26607112,0,57564924,495050,0,0,0,0,0,0,0,0,16384,0,0,0,0,0,0,0,0,0,0,0,3867,611,0,0,0,0,0,71927745,0,298,0,27,611,3867,0,0,0,0,0,0,0,0,0,0,0,0,0,0,0,0,0,0,0,0,0,0,0,0,0,0,0,0,0,0,0,0,0,0,0,0,0,0,0,0,0,0,0,0,0,0,0,0,0,0,0,0,0,307072766,0,0,0,356004548,0,0,0,0,0,0,0,107135694,227065342,443824203,159064378880,59287640,1,0,0,0,0,0,0,0,0,0,0,0,0,0,0,0,0,0,0,0,0,0,0,0,0,0,0,0,0,0,0,251185071,0,0,0,0,0
1788888760.118,0,0,0,0,0,0,0,739409217,3720620259840,1782121226240,0,0,0,0,0,0,0,0,0,0,0,0,0,0,0,0,0,0,0,0,0,0,0,0,0,0,0,0,0,0,0,0,0,0,0,0,0,0,0,0,0,0,0,0,0,0,0,0,0,0,0,0,0,0,0,0,0,0,1001388,227224638,97300318,0,0,0,0,0,0,0,0,0,0,0,0,0,0,0,0,0,0,0,0,0,0,0,0,0,0,0,0,0,0,0,0,0,0,0,0,0,12883148800,5049040896,786325,308169,0,107,786432,226421312,0,0,3605524929,12884901888,99544606,418046069,0,0,0,0,0,0,0,0,0,0,0,0,0,0,0,0,0,0,23664136,23664327,0,97,97,6268,329,47328223,35,0,0,0,0,0,0,0,1,0,0,0,0,0,0,0,0,0,0,26610666,0,57568337,495079,0,0,0,0,0,0,0,0,16384,0,0,0,0,0,0,0,0,0,0,0,3868,611,0,0,0,0,0,71937359,0,298,0,27,611,3868,0,0,0,0,0,0,0,0,0,0,0,0,0,0,0,0,0,0,0,0,0,0,0,0,0,0,0,0,0,0,0,0,0,0,0,0,0,0,0,0,0,0,0,0,0,0,0,0,0,0,0,0,0,307120566,0,0,0,356055850,0,0,0,0,0,0,0,107167022,227109114,443903277,159088931328,59304697,1,0,0,0,0,0,0,0,0,0,0,0,0,0,0,0,0,0,0,0,0,0,0,0,0,0,0,0,0,0,0,251180870,0,0,0,0,0
1788888761.146,0,0,0,0,0,0,0,739486112,3721205873152,1782355577344,0,0,0,0,0,0,0,0,0,0,0,0,0,0,0,0,0,0,0,0,0,0,0,0,0,0,0,0,0,0,0,0,0,0,0,0,0,0,0,0,0,0,0,0,0,0,0,0,0,0,0,0,0,0,0,0,0,0,1001395,227260436,97313238,0,0,0,0,0,0,0,0,0,0,0,0,0,0,0,0,0,0,0,0,0,0,0,0,0,0,0,0,0,0,0,0,0,0,0,0,0,12881674240,5059788800,786235,308825,104,93,786432,226457034,0,0,3605919962,12884901888,99578298,418101288,0,0,0,0,0,0,0,0,0,0,0,0,0,0,0,0,0,0,23666712,23666903,0,97,97,6268,329,47333377,35,0,0,0,0,0,0,0,1,0,0,0,0,0,0,0,0,0,0,26613563,0,57569325,495087,0,0,0,0,0,0,0,0,16384,0,0,0,0,0,0,0,0,0,0,0,3869,611,0,0,0,0,0,71945181,0,298,0,27,611,3869,0,0,0,0,0,0,0,0,0,0,0,0,0,0,0,0,0,0,0,0,0,0,0,0,0,0,0,0,0,0,0,0,0,0,0,0,0,0,0,0,0,0,0,0,0,0,0,0,0,0,0,0,0,307158913,0,0,0,356097839,0,0,0,0,0,0,0,107196381,227144885,443966376,159108674048,59322094,1,0,0,0,0,0,0,0,0,0,0,0,0,0,0,0,0,0,0,0,0,0,0,0,0,0,0,0,0,0,0,251177388,0,0,0,0,0
1788888762.175,0,0,0,0,0,0,0,739575483,3721882679808,1782647444992,0,0,0,0,0,0,0,0,0,0,0,0,0,0,0,0,0,0,0,0,0,0,0,0,0,0,0,0,0,0,0,0,0,0,0,0,0,0,0,0,0,0,0,0,0,0,0,0,0,0,0,0,0,0,0,0,0,0,1001404,227301856,97329444,0,0,0,0,0,0,0,0,0,0,0,0,0,0,0,0,0,0,0,0,0,0,0,0,0,0,0,0,0,0,0,0,0,0,0,0,0,12883099648,5051744256,786322,308334,0,110,786432,226498351,0,0,3606372772,12884901888,99616159,418159564,0,0,0,0,0,0,0,0,0,0,0,0,0,0,0,0,0,0,23669703,23669890,0,97,97,6268,329,47339372,35,0,0,0,0,0,0,0,1,0,0,0,0,0,0,0,0,0,0,26616925,0,57571944,495109,0,0,0,0,0,0,0,0,16384,0,0,0,0,0,0,0,0,0,0,0,3870,611,0,0,0,0,0,71954269,0,298,0,27,611,3870,0,0,0,0,0,0,0,0,0,0,0,0,0,0,0,0,0,0,0,0,0,0,0,0,0,0,0,0,0,0,0,0,0,0,0,0,0,0,0,0,0,0,0,0,0,0,0,0,0,0,0,0,0,307203130,0,0,0,356144194,0,0,0,0,0,0,0,107227828,227186216,444040241,159131390976,59339698,1,0,0,0,0,0,0,0,0,0,0,0,0,0,0,0,0,0,0,0,0,0,0,0,0,0,0,0,0,0,0,251175753,0,0,0,0,0
1788888763.202,0,0,0,0,0,0,0,739666186,3722572347904,1782951594496,0,0,0,0,0,0,0,0,0,0,0,0,0,0,0,0,0,0,0,0,0,0,0,0,0,0,0,0,0,0,0,0,0,0,0,0,0,0,0,0,0,0,0,0,0,0,0,0,0,0,0,0,0,0,0,0,0,0,1001416,227344038,97346417,0,0,0,0,0,0,0,0,0,0,0,0,0,0,0,0,0,0,0,0,0,0,0,0,0,0,0,0,0,0,0,0,0,0,0,0,0,12883197952,5032296448,786328,307147,0,104,786432,226540428,0,0,3606831860,12884901888,99654105,418217767,0,0,0,0,0,0,0,0,0,0,0,0,0,0,0,0,0,0,23672730,23672921,0,97,97,6268,329,47345413,35,0,0,0,0,0,0,0,1,0,0,0,0,0,0,0,0,0,0,26620329,0,57575120,495136,0,0,0,0,0,0,0,0,16384,0,0,0,0,0,0,0,0,0,0,0,3871,611,0,0,0,0,0,71963465,0,298,0,27,611,3871,0,0,0,0,0,0,0,0,0,0,0,0,0,0,0,0,0,0,0,0,0,0,0,0,0,0,0,0,0,0,0,0,0,0,0,0,0,0,0,0,0,0,0,0,0,0,0,0,0,0,0,0,0,307247607,0,0,0,356190893,0,0,0,0,0,0,0,107259564,227228343,444115343,159154249216,59357318,1,1,0,0,0,0,0,0,0,0,0,0,0,0,0,0,0,0,0,0,0,0,0,0,0,0,0,0,0,0,0,251174222,0,0,0,0,0
1788888764.230,0,0,0,0,0,0,0,739757745,3723269044736,1783212633088,0,0,0,0,0,0,0,0,0,0,0,0,0,0,0,0,0,0,0,0,0,0,0,0,0,0,0,0,0,0,0,0,0,0,0,0,0,0,0,0,0,0,0,0,0,0,0,0,0,0,0,0,0,0,0,0,0,0,1001426,227386646,97360767,0,0,0,0,0,0,0,0,0,0,0,0,0,0,0,0,0,0,0,0,0,0,0,0,0,0,0,0,0,0,0,0,0,0,0,0,0,12883329024,5058641920,786336,308755,0,96,786432,226582927,0,0,3607290001,12884901888,99693534,418271220,0,0,0,0,0,0,0,0,0,0,0,0,0,0,0,0,0,0,23675802,23675991,0,97,97,6268,329,47351553,35,0,0,0,0,0,0,0,1,0,0,0,0,0,0,0,0,0,0,26623783,0,57575797,495142,0,0,0,0,0,0,0,0,16384,0,0,0,0,0,0,0,0,0,0,0,3872,611,0,0,0,0,0,71972791,0,298,0,27,611,3872,0,0,0,0,0,0,0,0,0,0,0,0,0,0,0,0,0,0,0,0,0,0,0,0,0,0,0,0,0,0,0,0,0,0,0,0,0,0,0,0,0,0,0,0,0,0,0,0,0,0,0,0,0,307291013,0,0,0,356235847,0,0,0,0,0,0,0,107291907,227270882,444186651,159176569344,59375966,1,0,0,0,0,0,0,0,0,0,0,0,0,0,0,0,0,0,0,0,0,0,0,0,0,0,0,0,0,0,0,251175138,0,0,0,0,0
1788888765.258,0,0,0,0,0,0,0,739849569,3723966937600,1783519881216,0,0,0,0,0,0,0,0,0,0,0,0,0,0,0,0,0,0,0,0,0,0,0,0,0,0,0,0,0,0,0,0,0,0,0,0,0,0,0,0,0,0,0,0,0,0,0,0,0,0,0,0,0,0,0,0,0,0,1001432,227429312,97377918,0,0,0,0,0,0,0,0,0,0,0,0,0,0,0,0,0,0,0,0,0,0,0,0,0,0,0,0,0,0,0,0,0,0,0,0,0,12874301440,5041045504,785786,307681,542,102,786432,226625481,0,0,3607750579,12884901888,99732458,418326996,0,0,0,0,0,0,0,0,0,0,0,0,0,0,0,0,0,0,23678892,23679084,0,97,97,6268,329,47357730,35,0,0,0,0,0,0,0,1,0,0,0,0,0,0,0,0,0,0,26627265,0,57579271,495172,0,0,0,0,0,0,0,0,16384,0,0,0,0,0,0,0,0,0,0,0,3873,611,0,0,0,0,0,71982200,0,298,0,27,611,3873,0,0,0,0,0,0,0,0,0,0,0,0,0,0,0,0,0,0,0,0,0,0,0,0,0,0,0,0,0,0,0,0,0,0,0,0,0,0,0,0,0,0,0,0,0,0,0,0,0,0,0,0,0,307335572,0,0,0,356282020,0,0,0,0,0,0,0,107322759,227313494,444261923,159199453184,59392808,1,0,0,0,0,0,0,0,0,0,0,0,0,0,0,0,0,0,0,0,0,0,0,0,0,0,0,0,0,0,0,251175115,0,0,0,0,0
1788888766.284,0,0,0,0,0,0,0,739939645,3724649593344,1783773343232,0,0,0,0,0,0,0,0,0,0,0,0,0,0,0,0,0,0,0,0,0,0,0,0,0,0,0,0,0,0,0,0,0,0,0,0,0,0,0,0,0,0,0,0,0,0,0,0,0,0,0,0,0,0,0,0,0,0,1001440,227471084,97391835,0,0,0,0,0,0,0,0,0,0,0,0,0,0,0,0,0,0,0,0,0,0,0,0,0,0,0,0,0,0,0,0,0,0,0,0,0,12883247104,5069176832,786331,309398,0,102,786432,226667120,0,0,3608202370,12884901888,99771972,418380509,0,0,0,0,0,0,0,0,0,0,0,0,0,0,0,0,0,0,23681903,23682094,0,97,97,6268,329,47363752,35,0,0,0,0,0,0,0,1,0,0,0,0,0,0,0,0,0,0,26630633,0,57579399,495173,0,0,0,0,0,0,0,0,16384,0,0,0,0,0,0,0,0,0,0,0,3875,611,0,0,0,0,0,71991293,0,298,0,27,611,3875,0,0,0,0,0,0,0,0,0,0,0,0,0,0,0,0,0,0,0,0,0,0,0,0,0,0,0,0,0,0,0,0,0,0,0,0,0,0,0,0,0,0,0,0,0,0,0,0,0,0,0,0,0,307378808,0,0,0,356326697,0,0,0,0,0,0,0,107354875,227355168,444332718,159221647872,59411195,1,0,0,0,0,0,0,0,0,0,0,0,0,0,0,0,0,0,0,0,0,0,0,0,0,0,0,0,0,0,0,251175376,0,0,0,0,0
1788888767.312,0,0,0,0,0,0,0,740053809,3725515143680,1784142081024,0,0,0,0,0,0,0,0,0,0,0,0,0,0,0,0,0,0,0,0,0,0,0,0,0,0,0,0,0,0,0,0,0,0,0,0,0,0,0,0,0,0,0,0,0,0,0,0,0,0,0,0,0,0,0,0,0,0,1001495,227524034,97412342,0,0,0,0,0,0,0,0,0,0,0,0,0,0,0,0,0,0,0,0,0,0,0,0,0,0,0,0,0,0,0,0,0,0,0,0,0,12883066880,5061640192,786320,308938,0,112,786432,226719880,0,0,3608776590,12884901888,99819044,418451061,0,0,0,0,0,0,0,0,0,0,0,0,0,0,0,0,0,0,23685733,23685922,0,97,97,6268,329,47371440,35,0,0,0,0,0,0,0,1,0,0,0,0,0,0,0,0,0,0,26634957,0,57583158,495205,0,0,0,0,0,0,0,0,16384,0,0,0,0,0,0,0,0,0,0,0,3876,611,0,0,0,0,0,72003001,0,298,0,27,611,3876,0,0,0,0,0,0,0,0,0,0,0,0,0,0,0,0,0,0,0,0,0,0,0,0,0,0,0,0,0,0,0,0,0,0,0,0,0,0,0,0,0,0,0,0,0,0,0,0,0,0,0,0,0,307434116,0,0,0,356384243,0,0,0,0,0,0,0,107389356,227408024,444425059,159250085888,59428615,1,0,0,0,0,0,0,0,0,0,0,0,0,0,0,0,0,0,0,0,0,0,0,0,0,0,0,0,0,0,0,251175084,0,0,0,0,0
1788888768.339,0,0,0,0,0,0,0,740131033,3726102755840,1784368283136,0,0,0,0,0,0,0,0,0,0,0,0,0,0,0,0,0,0,0,0,0,0,0,0,0,0,0,0,0,0,0,0,0,0,0,0,0,0,0,0,0,0,0,0,0,0,0,0,0,0,0,0,0,0,0,0,0,0,1001524,227559962,97424636,0,0,0,0,0,0,0,0,0,0,0,0,0,0,0,0,0,0,0,0,0,0,0,0,0,0,0,0,0,0,0,0,0,0,0,0,0,12877578240,5080236032,785985,310073,337,110,786432,226755717,0,0,3609157997,12884901888,99853623,418490796,0,0,0,0,0,0,0,0,0,0,0,0,0,0,0,0,0,0,23688304,23688490,0,97,97,6268,329,47376559,35,0,0,0,0,0,0,0,1,0,0,0,0,0,0,0,0,0,0,26637845,0,57583286,495209,0,0,0,0,0,0,0,0,16384,0,0,0,0,0,0,0,0,0,0,0,3877,611,0,0,0,0,0,72010808,0,298,0,27,611,3877,0,0,0,0,0,0,0,0,0,0,0,0,0,0,0,0,0,0,0,0,0,0,0,0,0,0,0,0,0,0,0,0,0,0,0,0,0,0,0,0,0,0,0,0,0,0,0,0,0,0,0,0,0,307470284,0,0,0,356420311,0,0,0,0,0,0,0,107417282,227443915,444485642,159268690944,59444544,1,1,0,0,0,0,0,0,0,0,0,0,0,0,0,0,0,0,0,0,0,0,0,0,0,0,0,0,0,0,0,251177652,0,0,0,0,0
1788888769.367,0,0,0,0,0,0,0,740226121,3726823471616,1784671712768,0,0,0,0,0,0,0,0,0,0,0,0,0,0,0,0,0,0,0,0,0,0,0,0,0,0,0,0,0,0,0,0,0,0,0,0,0,0,0,0,0,0,0,0,0,0,0,0,0,0,0,0,0,0,0,0,0,0,1001575,227604048,97441797,0,0,0,0,0,0,0,0,0,0,0,0,0,0,0,0,0,0,0,0,0,0,0,0,0,0,0,0,0,0,0,0,0,0,0,0,0,12883050496,5075025920,786319,309755,0,113,786432,226799666,0,0,3609627106,12884901888,99893838,418539978,0,0,0,0,0,0,0,0,0,0,0,0,0,0,0,0,0,0,23691432,23691623,0,97,97,6268,329,47382830,35,0,0,0,0,0,0,0,1,0,0,0,0,0,0,0,0,0,0,26641371,0,57586562,495234,0,0,0,0,0,0,0,0,16384,0,0,0,0,0,0,0,0,0,0,0,3878,611,0,0,0,0,0,72020320,0,298,0,27,611,3878,0,0,0,0,0,0,0,0,0,0,0,0,0,0,0,0,0,0,0,0,0,0,0,0,0,0,0,0,0,0,0,0,0,0,0,0,0,0,0,0,0,0,0,0,0,0,0,0,0,0,0,0,0,307513620,0,0,0,356464653,0,0,0,0,0,0,0,107447843,227487943,444559841,159290968064,59460813,0,0,0,0,0,0,0,0,0,0,0,0,0,0,0,0,0,0,0,0,0,0,0,0,0,0,0,0,0,0,0,251180785,0,0,0,0,0
1788888770.395,0,0,0,0,0,0,0,740310688,3727465921024,1784954009088,0,0,0,0,0,0,0,0,0,0,0,0,0,0,0,0,0,0,0,0,0,0,0,0,0,0,0,0,0,0,0,0,0,0,0,0,0,0,0,0,0,0,0,0,0,0,0,0,0,0,0,0,0,0,0,0,0,0,1001603,227643329,97457612,0,0,0,0,0,0,0,0,0,0,0,0,0,0,0,0,0,0,0,0,0,0,0,0,0,0,0,0,0,0,0,0,0,0,0,0,0,12883066880,5062311936,786321,308979,0,110,786432,226838853,0,0,3610044233,12884901888,99928656,418583877,0,0,0,0,0,0,0,0,0,0,0,0,0,0,0,0,0,0,23694229,23694421,0,97,97,6268,329,47388426,35,0,0,0,0,0,0,0,1,0,0,0,0,0,0,0,0,0,0,26644514,0,57589868,495262,0,0,0,0,0,0,0,0,16384,0,0,0,0,0,0,0,0,0,0,0,3879,611,0,0,0,0,0,72028808,0,298,0,27,611,3879,0,0,0,0,0,0,0,0,0,0,0,0,0,0,0,0,0,0,0,0,0,0,0,0,0,0,0,0,0,0,0,0,0,0,0,0,0,0,0,0,0,0,0,0,0,0,0,0,0,0,0,0,0,307553075,0,0,0,356504220,0,0,0,0,0,0,0,107478572,227527176,444627501,159311246336,59478674,1,1,0,0,0,0,0,0,0,0,0,0,0,0,0,0,0,0,0,0,0,0,0,0,0,0,0,0,0,0,0,251183580,0,0,0,0,0
1788888771.422,0,0,0,0,0,0,0,740388920,3728059480576,1785178013184,0,0,0,0,0,0,0,0,0,0,0,0,0,0,0,0,0,0,0,0,0,0,0,0,0,0,0,0,0,0,0,0,0,0,0,0,0,0,0,0,0,0,0,0,0,0,0,0,0,0,0,0,0,0,0,0,0,0,1001636,227679638,97469953,0,0,0,0,0,0,0,0,0,0,0,0,0,0,0,0,0,0,0,0,0,0,0,0,0,0,0,0,0,0,0,0,0,0,0,0,0,12883083264,5086773248,786321,310472,0,111,786432,226875070,0,0,3610430611,12884901888,99963839,418624467,0,0,0,0,0,0,0,0,0,0,0,0,0,0,0,0,0,0,23696819,23697006,0,97,97,6268,329,47393592,35,0,0,0,0,0,0,0,1,0,0,0,0,0,0,0,0,0,0,26647426,0,57589996,495263,0,0,0,0,0,0,0,0,16384,0,0,0,0,0,0,0,0,0,0,0,3880,611,0,0,0,0,0,72036690,0,298,0,27,611,3880,0,0,0,0,0,0,0,0,0,0,0,0,0,0,0,0,0,0,0,0,0,0,0,0,0,0,0,0,0,0,0,0,0,0,0,0,0,0,0,0,0,0,0,0,0,0,0,0,0,0,0,0,0,307589569,0,0,0,356540798,0,0,0,0,0,0,0,107508964,227563430,444688470,159330006528,59496873,0,0,0,0,0,0,0,0,0,0,0,0,0,0,0,0,0,0,0,0,0,0,0,0,0,0,0,0,0,0,0,251186169,0,0,0,0,0
1788888772.449,0,0,0,0,0,0,0,740477488,3728735402496,1785472400384,0,0,0,0,0,0,0,0,0,0,0,0,0,0,0,0,0,0,0,0,0,0,0,0,0,0,0,0,0,0,0,0,0,0,0,0,0,0,0,0,0,0,0,0,0,0,0,0,0,0,0,0,0,0,0,0,0,0,1001704,227720978,97486437,0,0,0,0,0,0,0,0,0,0,0,0,0,0,0,0,0,0,0,0,0,0,0,0,0,0,0,0,0,0,0,0,0,0,0,0,0,12883066880,5075206144,786320,309766,0,112,786432,226916325,0,0,3610867807,12884901888,100000877,418670785,0,0,0,0,0,0,0,0,0,0,0,0,0,0,0,0,0,0,23699730,23699918,0,97,97,6268,329,47399430,35,0,0,0,0,0,0,0,1,0,0,0,0,0,0,0,0,0,0,26650702,0,57593204,495291,0,0,0,0,0,0,0,0,16384,0,0,0,0,0,0,0,0,0,0,0,3881,611,0,0,0,0,0,72045551,0,298,0,27,611,3881,0,0,0,0,0,0,0,0,0,0,0,0,0,0,0,0,0,0,0,0,0,0,0,0,0,0,0,0,0,0,0,0,0,0,0,0,0,0,0,0,0,0,0,0,0,0,0,0,0,0,0,0,0,307630963,0,0,0,356582190,0,0,0,0,0,0,0,107539847,227604706,444759491,159351294976,59514152,0,0,0,0,0,0,0,0,0,0,0,0,0,0,0,0,0,0,0,0,0,0,0,0,0,0,0,0,0,0,0,251189081,0,0,0,0,0
1788888773.476,0,0,0,0,0,0,0,740555440,3729327569408,1785697818624,0,0,0,0,0,0,0,0,0,0,0,0,0,0,0,0,0,0,0,0,0,0,0,0,0,0,0,0,0,0,0,0,0,0,0,0,0,0,0,0,0,0,0,0,0,0,0,0,0,0,0,0,0,0,0,0,0,0,1001843,227757180,97498873,0,0,0,0,0,0,0,0,0,0,0,0,0,0,0,0,0,0,0,0,0,0,0,0,0,0,0,0,0,0,0,0,0,0,0,0,0,12882984960,5098291200,786316,311175,0,114,786432,226952429,0,0,3611252243,12884901888,100036126,418711354,0,0,0,0,0,0,0,0,0,0,0,0,0,0,0,0,0,0,23702313,23702502,0,97,97,6268,329,47404585,35,0,0,0,0,0,0,0,1,0,0,0,0,0,0,0,0,0,0,26653606,0,57593332,495292,0,0,0,0,0,0,0,0,16384,0,0,0,0,0,0,0,0,0,0,0,3882,611,0,0,0,0,0,72053394,0,298,0,27,611,3882,0,0,0,0,0,0,0,0,0,0,0,0,0,0,0,0,0,0,0,0,0,0,0,0,0,0,0,0,0,0,0,0,0,0,0,0,0,0,0,0,0,0,0,0,0,0,0,0,0,0,0,0,0,307667520,0,0,0,356618635,0,0,0,0,0,0,0,107569976,227640869,444820692,159370092544,59531997,1,1,0,0,0,0,0,0,0,0,0,0,0,0,0,0,0,0,0,0,0,0,0,0,0,0,0,0,0,0,0,251191661,0,0,0,0,0
1788888774.504,0,0,0,0,0,0,0,740633297,3729919998464,1785923166720,0,0,0,0,0,0,0,0,0,0,0,0,0,0,0,0,0,0,0,0,0,0,0,0,0,0,0,0,0,0,0,0,0,0,0,0,0,0,0,0,0,0,0,0,0,0,0,0,0,0,0,0,0,0,0,0,0,0,1001994,227793399,97511217,0,0,0,0,0,0,0,0,0,0,0,0,0,0,0,0,0,0,0,0,0,0,0,0,0,0,0,0,0,0,0,0,0,0,0,0,0,12882984960,5123588096,786315,312719,0,117,786432,226988587,0,0,3611635630,12884901888,100071396,418751900,0,0,0,0,0,0,0,0,0,0,0,0,0,0,0,0,0,0,23704888,23705081,0,97,97,6268,329,47409737,35,0,0,0,0,0,0,0,1,0,0,0,0,0,0,0,0,0,0,26656508,0,57593460,495294,0,0,0,0,0,0,0,0,16384,0,0,0,0,0,0,0,0,0,0,0,3883,611,0,0,0,0,0,72061258,0,298,0,27,611,3883,0,0,0,0,0,0,0,0,0,0,0,0,0,0,0,0,0,0,0,0,0,0,0,0,0,0,0,0,0,0,0,0,0,0,0,0,0,0,0,0,0,0,0,0,0,0,0,0,0,0,0,0,0,307703682,0,0,0,356654986,0,0,0,0,0,0,0,107599891,227677033,444881384,159388700160,59549745,1,0,0,0,0,0,0,0,0,0,0,0,0,0,0,0,0,0,0,0,0,0,0,0,0,0,0,0,0,0,0,251194242,0,0,0,0,0
1788888775.531,0,0,0,0,0,0,0,740718334,3730564790784,1786211057152,0,0,0,0,0,0,0,0,0,0,0,0,0,0,0,0,0,0,0,0,0,0,0,0,0,0,0,0,0,0,0,0,0,0,0,0,0,0,0,0,0,0,0,0,0,0,0,0,0,0,0,0,0,0,0,0,0,0,1002168,227832850,97527440,0,0,0,0,0,0,0,0,0,0,0,0,0,0,0,0,0,0,0,0,0,0,0,0,0,0,0,0,0,0,0,0,0,0,0,0,0,12883083264,5106335744,786320,311666,0,112,786432,227027946,0,0,3612054915,12884901888,100106880,418796358,0,0,0,0,0,0,0,0,0,0,0,0,0,0,0,0,0,0,23707696,23707886,0,97,97,6268,329,47415361,35,0,0,0,0,0,0,0,1,0,0,0,0,0,0,0,0,0,0,26659664,0,57596764,495321,0,0,0,0,0,0,0,0,16384,0,0,0,0,0,0,0,0,0,0,0,3884,611,0,0,0,0,0,72069796,0,298,0,27,611,3884,0,0,0,0,0,0,0,0,0,0,0,0,0,0,0,0,0,0,0,0,0,0,0,0,0,0,0,0,0,0,0,0,0,0,0,0,0,0,0,0,0,0,0,0,0,0,0,0,0,0,0,0,0,307743491,0,0,0,356694744,0,0,0,0,0,0,0,107630588,227716425,444950144,159409156608,59567154,1,0,0,0,0,0,0,0,0,0,0,0,0,0,0,0,0,0,0,0,0,0,0,0,0,0,0,0,0,0,0,251197049,0,0,0,0,0
1788888776.557,0,0,0,0,0,0,0,740800673,3731189660160,1786452851712,0,0,0,0,0,0,0,0,0,0,0,0,0,0,0,0,0,0,0,0,0,0,0,0,0,0,0,0,0,0,0,0,0,0,0,0,0,0,0,0,0,0,0,0,0,0,0,0,0,0,0,0,0,0,0,0,0,0,1002309,227871068,97540798,0,0,0,0,0,0,0,0,0,0,0,0,0,0,0,0,0,0,0,0,0,0,0,0,0,0,0,0,0,0,0,0,0,0,0,0,0,12883034112,5127274496,786318,312944,0,114,786432,227066084,0,0,3612461429,12884901888,100143978,418839205,0,0,0,0,0,0,0,0,0,0,0,0,0,0,0,0,0,0,23710418,23710607,0,97,97,6268,329,47420795,35,0,0,0,0,0,0,0,1,0,0,0,0,0,0,0,0,0,0,26662725,0,57596892,495322,0,0,0,0,0,0,0,0,16384,0,0,0,0,0,0,0,0,0,0,0,3885,611,0,0,0,0,0,72078080,0,298,0,27,611,3885,0,0,0,0,0,0,0,0,0,0,0,0,0,0,0,0,0,0,0,0,0,0,0,0,0,0,0,0,0,0,0,0,0,0,0,0,0,0,0,0,0,0,0,0,0,0,0,0,0,0,0,0,0,307781770,0,0,0,356733248,0,0,0,0,0,0,0,107661957,227754583,445014910,159428838400,59585325,1,0,0,0,0,0,0,0,0,0,0,0,0,0,0,0,0,0,0,0,0,0,0,0,0,0,0,0,0,0,0,251199770,0,0,0,0,0
1788888777.583,0,0,0,0,0,0,0,740896266,3731913849344,1786771124736,0,0,0,0,0,0,0,0,0,0,0,0,0,0,0,0,0,0,0,0,0,0,0,0,0,0,0,0,0,0,0,0,0,0,0,0,0,0,0,0,0,0,0,0,0,0,0,0,0,0,0,0,0,0,0,0,0,0,1002509,227915369,97558611,0,0,0,0,0,0,0,0,0,0,0,0,0,0,0,0,0,0,0,0,0,0,0,0,0,0,0,0,0,0,0,0,0,0,0,0,0,12882952192,5114593280,786313,312170,0,120,786432,227110271,0,0,3612934091,12884901888,100182276,418889371,0,0,0,0,0,0,0,0,0,0,0,0,0,0,0,0,0,0,23713594,23713782,0,97,97,6268,329,47427141,35,0,0,0,0,0,0,0,1,0,0,0,0,0,0,0,0,0,0,26666297,0,57600748,495355,0,0,0,0,0,0,0,0,16384,0,0,0,0,0,0,0,0,0,0,0,3886,611,0,0,0,0,0,72087728,0,298,0,27,611,3886,0,0,0,0,0,0,0,0,0,0,0,0,0,0,0,0,0,0,0,0,0,0,0,0,0,0,0,0,0,0,0,0,0,0,0,0,0,0,0,0,0,0,0,0,0,0,0,0,0,0,0,0,0,307826407,0,0,0,356777997,0,0,0,0,0,0,0,107693906,227798797,445091203,159451785728,59602934,1,0,0,0,0,0,0,0,0,0,0,0,0,0,0,0,0,0,0,0,0,0,0,0,0,0,0,0,0,0,0,251202945,0,0,0,0,0
1788888778.611,0,0,0,0,0,0,0,740972973,3732495530496,1786994825216,0,0,0,0,0,0,0,0,0,0,0,0,0,0,0,0,0,0,0,0,0,0,0,0,0,0,0,0,0,0,0,0,0,0,0,0,0,0,0,0,0,0,0,0,0,0,0,0,0,0,0,0,0,0,0,0,0,0,1002628,227950948,97570983,0,0,0,0,0,0,0,0,0,0,0,0,0,0,0,0,0,0,0,0,0,0,0,0,0,0,0,0,0,0,0,0,0,0,0,0,0,12882853888,5133549568,786307,313327,0,125,786432,227145777,0,0,3613312658,12884901888,100216861,418929074,0,0,0,0,0,0,0,0,0,0,0,0,0,0,0,0,0,0,23716114,23716303,0,97,97,6268,329,47432199,35,0,0,0,0,0,0,0,1,0,0,0,0,0,0,0,0,0,0,26669133,0,57600876,495356,0,0,0,0,0,0,0,0,16384,0,0,0,0,0,0,0,0,0,0,0,3887,611,0,0,0,0,0,72095389,0,298,0,27,611,3887,0,0,0,0,0,0,0,0,0,0,0,0,0,0,0,0,0,0,0,0,0,0,0,0,0,0,0,0,0,0,0,0,0,0,0,0,0,0,0,0,0,0,0,0,0,0,0,0,0,0,0,0,0,307861696,0,0,0,356813730,0,0,0,0,0,0,0,107723386,227834330,445151027,159469923328,59620203,1,1,0,0,0,0,0,0,0,0,0,0,0,0,0,0,0,0,0,0,0,0,0,0,0,0,0,0,0,0,0,251205465,0,0,0,0,0
1788888779.638,0,0,0,0,0,0,0,741062825,3733176809984,1787297856000,0,0,0,0,0,0,0,0,0,0,0,0,0,0,0,0,0,0,0,0,0,0,0,0,0,0,0,0,0,0,0,0,0,0,0,0,0,0,0,0,0,0,0,0,0,0,0,0,0,0,0,0,0,0,0,0,0,0,1002796,227992584,97587962,0,0,0,0,0,0,0,0,0,0,0,0,0,0,0,0,0,0,0,0,0,0,0,0,0,0,0,0,0,0,0,0,0,0,0,0,0,12883083264,5119410176,786322,312464,0,111,786432,227187306,0,0,3613755816,12884901888,100254394,418975899,0,0,0,0,0,0,0,0,0,0,0,0,0,0,0,0,0,0,23719081,23719271,0,97,97,6268,329,47438118,35,0,0,0,0,0,0,0,1,0,0,0,0,0,0,0,0,0,0,26672471,0,57604286,495385,0,0,0,0,0,0,0,0,16384,0,0,0,0,0,0,0,0,0,0,0,3888,611,0,0,0,0,0,72104417,0,298,0,27,611,3888,0,0,0,0,0,0,0,0,0,0,0,0,0,0,0,0,0,0,0,0,0,0,0,0,0,0,0,0,0,0,0,0,0,0,0,0,0,0,0,0,0,0,0,0,0,0,0,0,0,0,0,0,0,307903736,0,0,0,356855683,0,0,0,0,0,0,0,107753690,227875929,445223481,159491551232,59636671,1,0,0,0,0,0,0,0,0,0,0,0,0,0,0,0,0,0,0,0,0,0,0,0,0,0,0,0,0,0,0,251208434,0,0,0,0,0
1788888780.666,0,0,0,0,0,0,0,741141697,3733778938368,1787531663872,0,0,0,0,0,0,0,0,0,0,0,0,0,0,0,0,0,0,0,0,0,0,0,0,0,0,0,0,0,0,0,0,0,0,0,0,0,0,0,0,0,0,0,0,0,0,0,0,0,0,0,0,0,0,0,0,0,0,1002931,228029405,97600888,0,0,0,0,0,0,0,0,0,0,0,0,0,0,0,0,0,0,0,0,0,0,0,0,0,0,0,0,0,0,0,0,0,0,0,0,0,12883165184,5136056320,786328,313480,0,104,786432,227224042,0,0,3614145751,12884901888,100290153,419016896,0,0,0,0,0,0,0,0,0,0,0,0,0,0,0,0,0,0,23721691,23721882,0,97,97,6268,329,47443347,35,0,0,0,0,0,0,0,1,0,0,0,0,0,0,0,0,0,0,26675409,0,57604414,495386,0,0,0,0,0,0,0,0,16384,0,0,0,0,0,0,0,0,0,0,0,3889,611,0,0,0,0,0,72112353,0,298,0,27,611,3889,0,0,0,0,0,0,0,0,0,0,0,0,0,0,0,0,0,0,0,0,0,0,0,0,0,0,0,0,0,0,0,0,0,0,0,0,0,0,0,0,0,0,0,0,0,0,0,0,0,0,0,0,0,307940558,0,0,0,356892502,0,0,0,0,0,0,0,107784533,227912698,445285940,159510491136,59654745,0,0,0,0,0,0,0,0,0,0,0,0,0,0,0,0,0,0,0,0,0,0,0,0,0,0,0,0,0,0,0,251211044,0,0,0,0,0
1788888781.693,0,0,0,0,0,0,0,741224894,3734411098624,1787815950848,0,0,0,0,0,0,0,0,0,0,0,0,0,0,0,0,0,0,0,0,0,0,0,0,0,0,0,0,0,0,0,0,0,0,0,0,0,0,0,0,0,0,0,0,0,0,0,0,0,0,0,0,0,0,0,0,0,0,1003074,228068058,97616851,0,0,0,0,0,0,0,0,0,0,0,0,0,0,0,0,0,0,0,0,0,0,0,0,0,0,0,0,0,0,0,0,0,0,0,0,0,12883148800,5116919808,786325,312312,0,107,786432,227262609,0,0,3614556541,12884901888,100324424,419060167,0,0,0,0,0,0,0,0,0,0,0,0,0,0,0,0,0,0,23724436,23724627,0,97,97,6268,329,47448824,35,0,0,0,0,0,0,0,1,0,0,0,0,0,0,0,0,0,0,26678497,0,57607741,495415,0,0,0,0,0,0,0,0,16384,0,0,0,0,0,0,0,0,0,0,0,3890,611,0,0,0,0,0,72120682,0,298,0,27,611,3890,0,0,0,0,0,0,0,0,0,0,0,0,0,0,0,0,0,0,0,0,0,0,0,0,0,0,0,0,0,0,0,0,0,0,0,0,0,0,0,0,0,0,0,0,0,0,0,0,0,0,0,0,0,307979346,0,0,0,356931319,0,0,0,0,0,0,0,107814864,227951289,445353202,159530422784,59672064,1,0,0,0,0,0,0,0,0,0,0,0,0,0,0,0,0,0,0,0,0,0,0,0,0,0,0,0,0,0,0,251213789,0,0,0,0,0
1788888782.721,0,0,0,0,0,0,0,741307494,3735043078656,1788097814016,0,0,0,0,0,0,0,0,0,0,0,0,0,0,0,0,0,0,0,0,0,0,0,0,0,0,0,0,0,0,0,0,0,0,0,0,0,0,0,0,0,0,0,0,0,0,0,0,0,0,0,0,0,0,0,0,0,0,1003247,228106717,97632652,0,0,0,0,0,0,0,0,0,0,0,0,0,0,0,0,0,0,0,0,0,0,0,0,0,0,0,0,0,0,0,0,0,0,0,0,0,12883165184,5099208704,786327,311231,0,106,786432,227301203,0,0,3614964627,12884901888,100359231,419103373,0,0,0,0,0,0,0,0,0,0,0,0,0,0,0,0,0,0,23727179,23727365,0,97,97,6268,329,47454300,35,0,0,0,0,0,0,0,1,0,0,0,0,0,0,0,0,0,0,26681574,0,57611036,495443,0,0,0,0,0,0,0,0,16384,0,0,0,0,0,0,0,0,0,0,0,3891,611,0,0,0,0,0,72129009,0,298,0,27,611,3891,0,0,0,0,0,0,0,0,0,0,0,0,0,0,0,0,0,0,0,0,0,0,0,0,0,0,0,0,0,0,0,0,0,0,0,0,0,0,0,0,0,0,0,0,0,0,0,0,0,0,0,0,0,308017632,0,0,0,356970011,0,0,0,0,0,0,0,107844663,227989900,445419713,159550094848,59689002,0,0,0,0,0,0,0,0,0,0,0,0,0,0,0,0,0,0,0,0,0,0,0,0,0,0,0,0,0,0,0,251216526,0,0,0,0,0
1788888783.749,0,0,0,0,0,0,0,741383832,3735623694848,1788319709696,0,0,0,0,0,0,0,0,0,0,0,0,0,0,0,0,0,0,0,0,0,0,0,0,0,0,0,0,0,0,0,0,0,0,0,0,0,0,0,0,0,0,0,0,0,0,0,0,0,0,0,0,0,0,0,0,0,0,1003382,228142215,97644908,0,0,0,0,0,0,0,0,0,0,0,0,0,0,0,0,0,0,0,0,0,0,0,0,0,0,0,0,0,0,0,0,0,0,0,0,0,12883247104,5119819776,786331,312489,0,101,786432,227336625,0,0,3615340173,12884901888,100393817,419142972,0,0,0,0,0,0,0,0,0,0,0,0,0,0,0,0,0,0,23729683,23729877,0,97,97,6268,329,47459331,35,0,0,0,0,0,0,0,1,0,0,0,0,0,0,0,0,0,0,26684396,0,57611164,495444,0,0,0,0,0,0,0,0,16384,0,0,0,0,0,0,0,0,0,0,0,3892,611,0,0,0,0,0,72136639,0,298,0,27,611,3892,0,0,0,0,0,0,0,0,0,0,0,0,0,0,0,0,0,0,0,0,0,0,0,0,0,0,0,0,0,0,0,0,0,0,0,0,0,0,0,0,0,0,0,0,0,0,0,0,0,0,0,0,0,308053467,0,0,0,357005615,0,0,0,0,0,0,0,107874614,228025350,445479842,159568508928,59706856,0,0,0,0,0,0,0,0,0,0,0,0,0,0,0,0,0,0,0,0,0,0,0,0,0,0,0,0,0,0,0,251219034,0,0,0,0,0
1788888784.776,0,0,0,0,0,0,0,741466829,3736252987904,1788580737536,0,0,0,0,0,0,0,0,0,0,0,0,0,0,0,0,0,0,0,0,0,0,0,0,0,0,0,0,0,0,0,0,0,0,0,0,0,0,0,0,0,0,0,0,0,0,0,0,0,0,0,0,0,0,0,0,0,0,1003591,228180687,97659419,0,0,0,0,0,0,0,0,0,0,0,0,0,0,0,0,0,0,0,0,0,0,0,0,0,0,0,0,0,0,0,0,0,0,0,0,0,12883165184,5125013504,786326,312806,0,106,786432,227375011,0,0,3615749732,12884901888,100429094,419186870,0,0,0,0,0,0,0,0,0,0,0,0,0,0,0,0,0,0,23732435,23732623,0,97,97,6268,329,47464822,35,0,0,0,0,0,0,0,1,0,0,0,0,0,0,0,0,0,0,26687491,0,57613190,495461,0,0,0,0,0,0,0,0,16384,0,0,0,0,0,0,0,0,0,0,0,3893,611,0,0,0,0,0,72145012,0,298,0,27,611,3893,0,0,0,0,0,0,0,0,0,0,0,0,0,0,0,0,0,0,0,0,0,0,0,0,0,0,0,0,0,0,0,0,0,0,0,0,0,0,0,0,0,0,0,0,0,0,0,0,0,0,0,0,0,308092178,0,0,0,357044444,0,0,0,0,0,0,0,107904909,228063769,445545475,159588468224,59724443,0,0,0,0,0,0,0,0,0,0,0,0,0,0,0,0,0,0,0,0,0,0,0,0,0,0,0,0,0,0,0,251221786,0,0,0,0,0
1788888785.803,0,0,0,0,0,0,0,741546607,3736862079488,1788852509184,0,0,0,0,0,0,0,0,0,0,0,0,0,0,0,0,0,0,0,0,0,0,0,0,0,0,0,0,0,0,0,0,0,0,0,0,0,0,0,0,0,0,0,0,0,0,0,0,0,0,0,0,0,0,0,0,0,0,1003704,228217938,97674651,0,0,0,0,0,0,0,0,0,0,0,0,0,0,0,0,0,0,0,0,0,0,0,0,0,0,0,0,0,0,0,0,0,0,0,0,0,12883116032,5107646464,786323,311746,0,109,786432,227412180,0,0,3616143418,12884901888,100463679,419228201,0,0,0,0,0,0,0,0,0,0,0,0,0,0,0,0,0,0,23735063,23735256,0,97,97,6268,329,47470103,35,0,0,0,0,0,0,0,1,0,0,0,0,0,0,0,0,0,0,26690453,0,57616031,495485,0,0,0,0,0,0,0,0,16384,0,0,0,0,0,0,0,0,0,0,0,3894,611,0,0,0,0,0,72153008,0,298,0,27,611,3894,0,0,0,0,0,0,0,0,0,0,0,0,0,0,0,0,0,0,0,0,0,0,0,0,0,0,0,0,0,0,0,0,0,0,0,0,0,0,0,0,0,0,0,0,0,0,0,0,0,0,0,0,0,308129852,0,0,0,357081751,0,0,0,0,0,0,0,107934197,228100977,445610652,159607819264,59740965,0,1,0,0,0,0,0,0,0,0,0,0,0,0,0,0,0,0,0,0,0,0,0,0,0,0,0,0,0,0,0,251224419,0,0,0,0,0
1788888786.831,0,0,0,0,0,0,0,741634532,3737526352384,1789111073280,0,0,0,0,0,0,0,0,0,0,0,0,0,0,0,0,0,0,0,0,0,0,0,0,0,0,0,0,0,0,0,0,0,0,0,0,0,0,0,0,0,0,0,0,0,0,0,0,0,0,0,0,0,0,0,0,0,0,1003874,228258555,97688948,0,0,0,0,0,0,0,0,0,0,0,0,0,0,0,0,0,0,0,0,0,0,0,0,0,0,0,0,0,0,0,0,0,0,0,0,0,12883197952,5129797632,786328,313098,0,103,786432,227452692,0,0,3616577350,12884901888,100503034,419274203,0,0,0,0,0,0,0,0,0,0,0,0,0,0,0,0,0,0,23737971,23738165,0,97,97,6268,329,47475897,35,0,0,0,0,0,0,0,1,0,0,0,0,0,0,0,0,0,0,26693724,0,57616287,495487,0,0,0,0,0,0,0,0,16384,0,0,0,0,0,0,0,0,0,0,0,3895,611,0,0,0,0,0,72161773,0,298,0,27,611,3895,0,0,0,0,0,0,0,0,0,0,0,0,0,0,0,0,0,0,0,0,0,0,0,0,0,0,0,0,0,0,0,0,0,0,0,0,0,0,0,0,0,0,0,0,0,0,0,0,0,0,0,0,0,308171092,0,0,0,357122844,0,0,0,0,0,0,0,107965213,228141546,445680096,159629038592,59757994,1,0,0,0,0,0,0,0,0,0,0,0,0,0,0,0,0,0,0,0,0,0,0,0,0,0,0,0,0,0,0,251227328,0,0,0,0,0
1788888787.859,0,0,0,0,0,0,0,741713886,3738128415232,1789382054912,0,0,0,0,0,0,0,0,0,0,0,0,0,0,0,0,0,0,0,0,0,0,0,0,0,0,0,0,0,0,0,0,0,0,0,0,0,0,0,0,0,0,0,0,0,0,0,0,0,0,0,0,0,0,0,0,0,0,1003985,228295385,97704123,0,0,0,0,0,0,0,0,0,0,0,0,0,0,0,0,0,0,0,0,0,0,0,0,0,0,0,0,0,0,0,0,0,0,0,0,0,12883197952,5111398400,786327,311975,0,104,786432,227489443,0,0,3616968763,12884901888,100537187,419315344,0,0,0,0,0,0,0,0,0,0,0,0,0,0,0,0,0,0,23740599,23740791,0,97,97,6268,329,47481158,35,0,0,0,0,0,0,0,1,0,0,0,0,0,0,0,0,0,0,26696678,0,57619240,495512,0,0,0,0,0,0,0,0,16384,0,0,0,0,0,0,0,0,0,0,0,3896,611,0,0,0,0,0,72169797,0,298,0,27,611,3896,0,0,0,0,0,0,0,0,0,0,0,0,0,0,0,0,0,0,0,0,0,0,0,0,0,0,0,0,0,0,0,0,0,0,0,0,0,0,0,0,0,0,0,0,0,0,0,0,0,0,0,0,0,308208681,0,0,0,357159991,0,0,0,0,0,0,0,107993818,228178332,445744982,159648355328,59774018,0,0,0,0,0,0,0,0,0,0,0,0,0,0,0,0,0,0,0,0,0,0,0,0,0,0,0,0,0,0,0,251229953,0,0,0,0,0
1788888788.886,0,0,0,0,0,0,0,741796939,3738762263040,1789627074560,0,0,0,0,0,0,0,0,0,0,0,0,0,0,0,0,0,0,0,0,0,0,0,0,0,0,0,0,0,0,0,0,0,0,0,0,0,0,0,0,0,0,0,0,0,0,0,0,0,0,0,0,0,0,0,0,0,0,1004165,228334138,97717662,0,0,0,0,0,0,0,0,0,0,0,0,0,0,0,0,0,0,0,0,0,0,0,0,0,0,0,0,0,0,0,0,0,0,0,0,0,12883017728,5134303232,786317,313373,0,115,786432,227528119,0,0,3617378909,12884901888,100574838,419358788,0,0,0,0,0,0,0,0,0,0,0,0,0,0,0,0,0,0,23743334,23743524,0,97,97,6268,329,47486633,35,0,0,0,0,0,0,0,1,0,0,0,0,0,0,0,0,0,0,26699753,0,57619368,495513,0,0,0,0,0,0,0,0,16384,0,0,0,0,0,0,0,0,0,0,0,3897,611,0,0,0,0,0,72178096,0,298,0,27,611,3897,0,0,0,0,0,0,0,0,0,0,0,0,0,0,0,0,0,0,0,0,0,0,0,0,0,0,0,0,0,0,0,0,0,0,0,0,0,0,0,0,0,0,0,0,0,0,0,0,0,0,0,0,0,308247500,0,0,0,357198788,0,0,0,0,0,0,0,108025314,228217025,445810613,159668345856,59792141,1,0,0,0,0,0,0,0,0,0,0,0,0,0,0,0,0,0,0,0,0,0,0,0,0,0,0,0,0,0,0,251232686,0,0,0,0,0
1788888789.913,0,0,0,0,0,0,0,741877371,3739371731456,1789900631552,0,0,0,0,0,0,0,0,0,0,0,0,0,0,0,0,0,0,0,0,0,0,0,0,0,0,0,0,0,0,0,0,0,0,0,0,0,0,0,0,0,0,0,0,0,0,0,0,0,0,0,0,0,0,0,0,0,0,1004295,228371395,97733007,0,0,0,0,0,0,0,0,0,0,0,0,0,0,0,0,0,0,0,0,0,0,0,0,0,0,0,0,0,0,0,0,0,0,0,0,0,12883197952,5115822080,786328,312245,0,104,786432,227565301,0,0,3617775722,12884901888,100609389,419400505,0,0,0,0,0,0,0,0,0,0,0,0,0,0,0,0,0,0,23745997,23746190,0,97,97,6268,329,47491952,35,0,0,0,0,0,0,0,1,0,0,0,0,0,0,0,0,0,0,26702749,0,57622298,495539,0,0,0,0,0,0,0,0,16384,0,0,0,0,0,0,0,0,0,0,0,3898,611,0,0,0,0,0,72186191,0,298,0,27,611,3898,0,0,0,0,0,0,0,0,0,0,0,0,0,0,0,0,0,0,0,0,0,0,0,0,0,0,0,0,0,0,0,0,0,0,0,0,0,0,0,0,0,0,0,0,0,0,0,0,0,0,0,0,0,308285043,0,0,0,357236339,0,0,0,0,0,0,0,108055780,228254246,445875840,159687645696,59809818,1,1,0,0,0,0,0,0,0,0,0,0,0,0,0,0,0,0,0,0,0,0,0,0,0,0,0,0,0,0,0,251235352,0,0,0,0,0
1788888790.940,0,0,0,0,0,0,0,741959762,3739997551104,1790142745088,0,0,0,0,0,0,0,0,0,0,0,0,0,0,0,0,0,0,0,0,0,0,0,0,0,0,0,0,0,0,0,0,0,0,0,0,0,0,0,0,0,0,0,0,0,0,0,0,0,0,0,0,0,0,0,0,0,0,1004479,228409678,97746345,0,0,0,0,0,0,0,0,0,0,0,0,0,0,0,0,0,0,0,0,0,0,0,0,0,0,0,0,0,0,0,0,0,0,0,0,0,12883034112,5136465920,786318,313505,0,115,786432,227603512,0,0,3618182545,12884901888,100646587,419443671,0,0,0,0,0,0,0,0,0,0,0,0,0,0,0,0,0,0,23748729,23748919,0,97,97,6268,329,47497408,35,0,0,0,0,0,0,0,1,0,0,0,0,0,0,0,0,0,0,26705818,0,57622426,495542,0,0,0,0,0,0,0,0,16384,0,0,0,0,0,0,0,0,0,0,0,3899,611,0,0,0,0,0,72194481,0,298,0,27,611,3899,0,0,0,0,0,0,0,0,0,0,0,0,0,0,0,0,0,0,0,0,0,0,0,0,0,0,0,0,0,0,0,0,0,0,0,0,0,0,0,0,0,0,0,0,0,0,0,0,0,0,0,0,0,308323300,0,0,0,357274835,0,0,0,0,0,0,0,108086674,228292468,445940428,159707296768,59827714,0,0,0,0,0,0,0,0,0,0,0,0,0,0,0,0,0,0,0,0,0,0,0,0,0,0,0,0,0,0,0,251238080,0,0,0,0,0
1788888791.969,0,0,0,0,0,0,0,742044945,3740646586880,1790428444160,0,0,0,0,0,0,0,0,0,0,0,0,0,0,0,0,0,0,0,0,0,0,0,0,0,0,0,0,0,0,0,0,0,0,0,0,0,0,0,0,0,0,0,0,0,0,0,0,0,0,0,0,0,0,0,0,0,0,1004606,228449360,97762400,0,0,0,0,0,0,0,0,0,0,0,0,0,0,0,0,0,0,0,0,0,0,0,0,0,0,0,0,0,0,0,0,0,0,0,0,0,12883066880,5121015808,786320,312562,0,112,786432,227643091,0,0,3618601847,12884901888,100683500,419487808,0,0,0,0,0,0,0,0,0,0,0,0,0,0,0,0,0,0,23751532,23751721,0,97,97,6268,329,47503038,35,0,0,0,0,0,0,0,1,0,0,0,0,0,0,0,0,0,0,26708973,0,57625367,495565,0,0,0,0,0,0,0,0,16384,0,0,0,0,0,0,0,0,0,0,0,3900,611,0,0,0,0,0,72202999,0,298,0,27,611,3900,0,0,0,0,0,0,0,0,0,0,0,0,0,0,0,0,0,0,0,0,0,0,0,0,0,0,0,0,0,0,0,0,0,0,0,0,0,0,0,0,0,0,0,0,0,0,0,0,0,0,0,0,0,308363115,0,0,0,357314592,0,0,0,0,0,0,0,108117323,228332093,446009423,159727776768,59844731,0,0,0,0,0,0,0,0,0,0,0,0,0,0,0,0,0,0,0,0,0,0,0,0,0,0,0,0,0,0,0,251240884,0,0,0,0,0
1788888792.996,0,0,0,0,0,0,0,742129218,3741292296704,1790697223168,0,0,0,0,0,0,0,0,0,0,0,0,0,0,0,0,0,0,0,0,0,0,0,0,0,0,0,0,0,0,0,0,0,0,0,0,0,0,0,0,0,0,0,0,0,0,0,0,0,0,0,0,0,0,0,0,0,0,1004775,228488858,97777269,0,0,0,0,0,0,0,0,0,0,0,0,0,0,0,0,0,0,0,0,0,0,0,0,0,0,0,0,0,0,0,0,0,0,0,0,0,12881395712,5124456448,786218,312772,101,113,786432,227682463,0,0,3619017739,12884901888,100720673,419531922,0,0,0,0,0,0,0,0,0,0,0,0,0,0,0,0,0,0,23754326,23754517,0,97,97,6268,329,47508604,35,0,0,0,0,0,0,0,1,0,0,0,0,0,0,0,0,0,0,26712117,0,57626738,495579,0,0,0,0,0,0,0,0,16384,0,0,0,0,0,0,0,0,0,0,0,3901,611,0,0,0,0,0,72211527,0,298,0,27,611,3901,0,0,0,0,0,0,0,0,0,0,0,0,0,0,0,0,0,0,0,0,0,0,0,0,0,0,0,0,0,0,0,0,0,0,0,0,0,0,0,0,0,0,0,0,0,0,0,0,0,0,0,0,0,308402466,0,0,0,357354039,0,0,0,0,0,0,0,108147594,228371536,446076986,159748023296,59861577,1,0,0,0,0,0,0,0,0,0,0,0,0,0,0,0,0,0,0,0,0,0,0,0,0,0,0,0,0,0,0,251243678,0,0,0,0,0
1788888794.022,0,0,0,0,0,0,0,742211631,3741921098240,1790959645696,0,0,0,0,0,0,0,0,0,0,0,0,0,0,0,0,0,0,0,0,0,0,0,0,0,0,0,0,0,0,0,0,0,0,0,0,0,0,0,0,0,0,0,0,0,0,0,0,0,0,0,0,0,0,0,0,0,0,1004906,228527324,97791989,0,0,0,0,0,0,0,0,0,0,0,0,0,0,0,0,0,0,0,0,0,0,0,0,0,0,0,0,0,0,0,0,0,0,0,0,0,12883001344,5123768320,786316,312730,0,116,786432,227720842,0,0,3619425348,12884901888,100757146,419574584,0,0,0,0,0,0,0,0,0,0,0,0,0,0,0,0,0,0,23757030,23757221,0,97,97,6268,329,47514030,35,0,0,0,0,0,0,0,1,0,0,0,0,0,0,0,0,0,0,26715160,0,57628505,495592,0,0,0,0,0,0,0,0,16384,0,0,0,0,0,0,0,0,0,0,0,3902,611,0,0,0,0,0,72219752,0,298,0,27,611,3902,0,0,0,0,0,0,0,0,0,0,0,0,0,0,0,0,0,0,0,0,0,0,0,0,0,0,0,0,0,0,0,0,0,0,0,0,0,0,0,0,0,0,0,0,0,0,0,0,0,0,0,0,0,308440845,0,0,0,357392469,0,0,0,0,0,0,0,108179078,228409938,446142987,159767750144,59879766,1,1,0,0,0,0,0,0,0,0,0,0,0,0,0,0,0,0,0,0,0,0,0,0,0,0,0,0,0,0,0,251246383,0,0,0,0,0
1788888795.049,0,0,0,0,0,0,0,742294536,3742552259072,1791244334080,0,0,0,0,0,0,0,0,0,0,0,0,0,0,0,0,0,0,0,0,0,0,0,0,0,0,0,0,0,0,0,0,0,0,0,0,0,0,0,0,0,0,0,0,0,0,0,0,0,0,0,0,0,0,0,0,0,0,1005046,228565921,97807953,0,0,0,0,0,0,0,0,0,0,0,0,0,0,0,0,0,0,0,0,0,0,0,0,0,0,0,0,0,0,0,0,0,0,0,0,0,12882952192,5103108096,786313,311469,0,119,786432,227759351,0,0,3619833901,12884901888,100793182,419617694,0,0,0,0,0,0,0,0,0,0,0,0,0,0,0,0,0,0,23759775,23759963,0,97,97,6268,329,47519514,35,0,0,0,0,0,0,0,1,0,0,0,0,0,0,0,0,0,0,26718244,0,57631349,495616,0,0,0,0,0,0,0,0,16384,0,0,0,0,0,0,0,0,0,0,0,3903,611,0,0,0,0,0,72228091,0,298,0,27,611,3903,0,0,0,0,0,0,0,0,0,0,0,0,0,0,0,0,0,0,0,0,0,0,0,0,0,0,0,0,0,0,0,0,0,0,0,0,0,0,0,0,0,0,0,0,0,0,0,0,0,0,0,0,0,308479845,0,0,0,357431275,0,0,0,0,0,0,0,108209684,228448487,446210942,159787775488,59896903,0,1,0,0,0,0,0,0,0,0,0,0,0,0,0,0,0,0,0,0,0,0,0,0,0,0,0,0,0,0,0,251249126,0,0,0,0,0
1788888796.075,0,0,0,0,0,0,0,742377308,3743180257792,1791487585792,0,0,0,0,0,0,0,0,0,0,0,0,0,0,0,0,0,0,0,0,0,0,0,0,0,0,0,0,0,0,0,0,0,0,0,0,0,0,0,0,0,0,0,0,0,0,0,0,0,0,0,0,0,0,0,0,0,0,1005203,228604329,97821394,0,0,0,0,0,0,0,0,0,0,0,0,0,0,0,0,0,0,0,0,0,0,0,0,0,0,0,0,0,0,0,0,0,0,0,0,0,12883116032,5124947968,786323,312802,0,109,786432,227797677,0,0,3620241900,12884901888,100830396,419660943,0,0,0,0,0,0,0,0,0,0,0,0,0,0,0,0,0,0,23762508,23762696,0,97,97,6268,329,47524975,35,0,0,0,0,0,0,0,1,0,0,0,0,0,0,0,0,0,0,26721319,0,57631605,495618,0,0,0,0,0,0,0,0,16384,0,0,0,0,0,0,0,0,0,0,0,3904,611,0,0,0,0,0,72236396,0,298,0,27,611,3904,0,0,0,0,0,0,0,0,0,0,0,0,0,0,0,0,0,0,0,0,0,0,0,0,0,0,0,0,0,0,0,0,0,0,0,0,0,0,0,0,0,0,0,0,0,0,0,0,0,0,0,0,0,308518476,0,0,0,357469964,0,0,0,0,0,0,0,108241188,228486846,446276093,159807657472,59915260,0,0,0,0,0,0,0,0,0,0,0,0,0,0,0,0,0,0,0,0,0,0,0,0,0,0,0,0,0,0,0,251251859,0,0,0,0,0
1788888797.103,0,0,0,0,0,0,0,742460162,3743815072256,1791771763712,0,0,0,0,0,0,0,0,0,0,0,0,0,0,0,0,0,0,0,0,0,0,0,0,0,0,0,0,0,0,0,0,0,0,0,0,0,0,0,0,0,0,0,0,0,0,0,0,0,0,0,0,0,0,0,0,0,0,1005366,228643147,97837341,0,0,0,0,0,0,0,0,0,0,0,0,0,0,0,0,0,0,0,0,0,0,0,0,0,0,0,0,0,0,0,0,0,0,0,0,0,12883132416,5105287168,786324,311602,0,108,786432,227836393,0,0,3620651165,12884901888,100866490,419704122,0,0,0,0,0,0,0,0,0,0,0,0,0,0,0,0,0,0,23765235,23765424,0,97,97,6268,329,47530420,35,0,0,0,0,0,0,0,1,0,0,0,0,0,0,0,0,0,0,26724386,0,57634535,495643,0,0,0,0,0,0,0,0,16384,0,0,0,0,0,0,0,0,0,0,0,3905,611,0,0,0,0,0,72244697,0,298,0,27,611,3905,0,0,0,0,0,0,0,0,0,0,0,0,0,0,0,0,0,0,0,0,0,0,0,0,0,0,0,0,0,0,0,0,0,0,0,0,0,0,0,0,0,0,0,0,0,0,0,0,0,0,0,0,0,308557091,0,0,0,357508581,0,0,0,0,0,0,0,108271812,228525630,446343574,159827513344,59932541,1,0,0,0,0,0,0,0,0,0,0,0,0,0,0,0,0,0,0,0,0,0,0,0,0,0,0,0,0,0,0,251254585,0,0,0,0,0
1788888798.131,0,0,0,0,0,0,0,742541385,3744428620288,1792006057472,0,0,0,0,0,0,0,0,0,0,0,0,0,0,0,0,0,0,0,0,0,0,0,0,0,0,0,0,0,0,0,0,0,0,0,0,0,0,0,0,0,0,0,0,0,0,0,0,0,0,0,0,0,0,0,0,0,0,1005513,228680668,97850268,0,0,0,0,0,0,0,0,0,0,0,0,0,0,0,0,0,0,0,0,0,0,0,0,0,0,0,0,0,0,0,0,0,0,0,0,0,12883263488,5131173888,786332,313182,1,100,786432,227873826,0,0,3621051813,12884901888,100902890,419746515,0,0,0,0,0,0,0,0,0,0,0,0,0,0,0,0,0,0,23767923,23768110,0,97,97,6268,329,47535809,35,0,0,0,0,0,0,0,1,0,0,0,0,0,0,0,0,0,0,26727407,0,57634663,495644,0,0,0,0,0,0,0,0,16384,0,0,0,0,0,0,0,0,0,0,0,3906,611,0,0,0,0,0,72252846,0,298,0,27,611,3906,0,0,0,0,0,0,0,0,0,0,0,0,0,0,0,0,0,0,0,0,0,0,0,0,0,0,0,0,0,0,0,0,0,0,0,0,0,0,0,0,0,0,0,0,0,0,0,0,0,0,0,0,0,308594747,0,0,0,357546685,0,0,0,0,0,0,0,108302424,228563106,446406873,159846892544,59950385,1,1,0,0,0,0,0,0,0,0,0,0,0,0,0,0,0,0,0,0,0,0,0,0,0,0,0,0,0,0,0,251257271,0,0,0,0,0
1788888799.159,0,0,0,0,0,0,0,742620701,3745028127232,1792275202560,0,0,0,0,0,0,0,0,0,0,0,0,0,0,0,0,0,0,0,0,0,0,0,0,0,0,0,0,0,0,0,0,0,0,0,0,0,0,0,0,0,0,0,0,0,0,0,0,0,0,0,0,0,0,0,0,0,0,1005647,228717348,97865371,0,0,0,0,0,0,0,0,0,0,0,0,0,0,0,0,0,0,0,0,0,0,0,0,0,0,0,0,0,0,0,0,0,0,0,0,0,12883099648,5113249792,786322,312088,0,110,786432,227910405,0,0,3621442602,12884901888,100937062,419787535,0,0,0,0,0,0,0,0,0,0,0,0,0,0,0,0,0,0,23770525,23770716,0,97,97,6268,329,47541003,35,0,0,0,0,0,0,0,1,0,0,0,0,0,0,0,0,0,0,26730339,0,57637428,495669,0,0,0,0,0,0,0,0,16384,0,0,0,0,0,0,0,0,0,0,0,3907,611,0,0,0,0,0,72260766,0,298,0,27,611,3907,0,0,0,0,0,0,0,0,0,0,0,0,0,0,0,0,0,0,0,0,0,0,0,0,0,0,0,0,0,0,0,0,0,0,0,0,0,0,0,0,0,0,0,0,0,0,0,0,0,0,0,0,0,308631730,0,0,0,357583615,0,0,0,0,0,0,0,108332445,228599725,446471082,159865886208,59967822,1,0,0,0,0,0,0,0,0,0,0,0,0,0,0,0,0,0,0,0,0,0,0,0,0,0,0,0,0,0,0,251259878,0,0,0,0,0
1788888800.185,0,0,0,0,0,0,0,742703533,3745660189184,1792519476736,0,0,0,0,0,0,0,0,0,0,0,0,0,0,0,0,0,0,0,0,0,0,0,0,0,0,0,0,0,0,0,0,0,0,0,0,0,0,0,0,0,0,0,0,0,0,0,0,0,0,0,0,0,0,0,0,0,0,1005841,228756007,97878858,0,0,0,0,0,0,0,0,0,0,0,0,0,0,0,0,0,0,0,0,0,0,0,0,0,0,0,0,0,0,0,0,0,0,0,0,0,12883099648,5135040512,786322,313418,0,110,786432,227948965,0,0,3621851506,12884901888,100974574,419831054,0,0,0,0,0,0,0,0,0,0,0,0,0,0,0,0,0,0,23773265,23773455,0,97,97,6268,329,47546474,35,0,0,0,0,0,0,0,1,0,0,0,0,0,0,0,0,0,0,26733420,0,57637684,495670,0,0,0,0,0,0,0,0,16384,0,0,0,0,0,0,0,0,0,0,0,3908,611,0,0,0,0,0,72269102,0,298,0,27,611,3908,0,0,0,0,0,0,0,0,0,0,0,0,0,0,0,0,0,0,0,0,0,0,0,0,0,0,0,0,0,0,0,0,0,0,0,0,0,0,0,0,0,0,0,0,0,0,0,0,0,0,0,0,0,308670358,0,0,0,357622351,0,0,0,0,0,0,0,108363750,228638312,446536460,159885781504,59985796,1,1,0,0,0,0,0,0,0,0,0,0,0,0,0,0,0,0,0,0,0,0,0,0,0,0,0,0,0,0,0,251262618,0,0,0,0,0
1788888801.212,0,0,0,0,0,0,0,742784794,3746274867712,1792795233280,0,0,0,0,0,0,0,0,0,0,0,0,0,0,0,0,0,0,0,0,0,0,0,0,0,0,0,0,0,0,0,0,0,0,0,0,0,0,0,0,0,0,0,0,0,0,0,0,0,0,0,0,0,0,0,0,0,0,1006000,228793583,97894306,0,0,0,0,0,0,0,0,0,0,0,0,0,0,0,0,0,0,0,0,0,0,0,0,0,0,0,0,0,0,0,0,0,0,0,0,0,12883083264,5119197184,786321,312451,0,111,786432,227986453,0,0,3622252498,12884901888,101009547,419873517,0,0,0,0,0,0,0,0,0,0,0,0,0,0,0,0,0,0,23775957,23776147,0,97,97,6268,329,47551870,35,0,0,0,0,0,0,0,1,0,0,0,0,0,0,0,0,0,0,26736447,0,57640601,495695,0,0,0,0,0,0,0,0,16384,0,0,0,0,0,0,0,0,0,0,0,3909,611,0,0,0,0,0,72277284,0,298,0,27,611,3909,0,0,0,0,0,0,0,0,0,0,0,0,0,0,0,0,0,0,0,0,0,0,0,0,0,0,0,0,0,0,0,0,0,0,0,0,0,0,0,0,0,0,0,0,0,0,0,0,0,0,0,0,0,308708513,0,0,0,357660424,0,0,0,0,0,0,0,108394294,228675842,446602508,159905383936,60003421,0,0,0,0,0,0,0,0,0,0,0,0,0,0,0,0,0,0,0,0,0,0,0,0,0,0,0,0,0,0,0,251265309,0,0,0,0,0
1788888802.240,0,0,0,0,0,0,0,742862469,3746864724480,1793019658752,0,0,0,0,0,0,0,0,0,0,0,0,0,0,0,0,0,0,0,0,0,0,0,0,0,0,0,0,0,0,0,0,0,0,0,0,0,0,0,0,0,0,0,0,0,0,0,0,0,0,0,0,0,0,0,0,0,0,1006120,228829645,97906699,0,0,0,0,0,0,0,0,0,0,0,0,0,0,0,0,0,0,0,0,0,0,0,0,0,0,0,0,0,0,0,0,0,0,0,0,0,12883247104,5139873792,786330,313713,0,102,786432,228022440,0,0,3622636093,12884901888,101044666,419913738,0,0,0,0,0,0,0,0,0,0,0,0,0,0,0,0,0,0,23778531,23778719,0,97,97,6268,329,47557027,35,0,0,0,0,0,0,0,1,0,0,0,0,0,0,0,0,0,0,26739341,0,57640729,495696,0,0,0,0,0,0,0,0,16384,0,0,0,0,0,0,0,0,0,0,0,3910,611,0,0,0,0,0,72285113,0,298,0,27,611,3910,0,0,0,0,0,0,0,0,0,0,0,0,0,0,0,0,0,0,0,0,0,0,0,0,0,0,0,0,0,0,0,0,0,0,0,0,0,0,0,0,0,0,0,0,0,0,0,0,0,0,0,0,0,308744799,0,0,0,357696696,0,0,0,0,0,0,0,108424189,228711855,446663331,159924027392,60021085,1,0,0,0,0,0,0,0,0,0,0,0,0,0,0,0,0,0,0,0,0,0,0,0,0,0,0,0,0,0,0,251267882,0,0,0,0,0
1788888803.268,0,0,0,0,0,0,0,742943446,3747482647040,1793296110080,0,0,0,0,0,0,0,0,0,0,0,0,0,0,0,0,0,0,0,0,0,0,0,0,0,0,0,0,0,0,0,0,0,0,0,0,0,0,0,0,0,0,0,0,0,0,0,0,0,0,0,0,0,0,0,0,0,0,1006270,228867436,97922191,0,0,0,0,0,0,0,0,0,0,0,0,0,0,0,0,0,0,0,0,0,0,0,0,0,0,0,0,0,0,0,0,0,0,0,0,0,12883034112,5121359872,786318,312583,0,114,786432,228060146,0,0,3623035778,12884901888,101079861,419955761,0,0,0,0,0,0,0,0,0,0,0,0,0,0,0,0,0,0,23781202,23781389,0,97,97,6268,329,47562363,35,0,0,0,0,0,0,0,1,0,0,0,0,0,0,0,0,0,0,26742345,0,57643623,495720,0,0,0,0,0,0,0,0,16384,0,0,0,0,0,0,0,0,0,0,0,3911,611,0,0,0,0,0,72293236,0,298,0,27,611,3911,0,0,0,0,0,0,0,0,0,0,0,0,0,0,0,0,0,0,0,0,0,0,0,0,0,0,0,0,0,0,0,0,0,0,0,0,0,0,0,0,0,0,0,0,0,0,0,0,0,0,0,0,0,308782766,0,0,0,357734448,0,0,0,0,0,0,0,108454817,228749591,446729292,159943533568,60038745,1,0,0,0,0,0,0,0,0,0,0,0,0,0,0,0,0,0,0,0,0,0,0,0,0,0,0,0,0,0,0,251270550,0,0,0,0,0
1788888804.295,0,0,0,0,0,0,0,743023072,3748089756160,1793529737728,0,0,0,0,0,0,0,0,0,0,0,0,0,0,0,0,0,0,0,0,0,0,0,0,0,0,0,0,0,0,0,0,0,0,0,0,0,0,0,0,0,0,0,0,0,0,0,0,0,0,0,0,0,0,0,0,0,0,1006410,228904567,97935089,0,0,0,0,0,0,0,0,0,0,0,0,0,0,0,0,0,0,0,0,0,0,0,0,0,0,0,0,0,0,0,0,0,0,0,0,0,12882968576,5142396928,786312,313867,0,119,786432,228097208,0,0,3623427189,12884901888,101116079,419997317,0,0,0,0,0,0,0,0,0,0,0,0,0,0,0,0,0,0,23783838,23784022,0,97,97,6268,329,47567644,35,0,0,0,0,0,0,0,1,0,0,0,0,0,0,0,0,0,0,26745307,0,57643751,495721,0,0,0,0,0,0,0,0,16384,0,0,0,0,0,0,0,0,0,0,0,3913,611,0,0,0,0,0,72301251,0,298,0,27,611,3913,0,0,0,0,0,0,0,0,0,0,0,0,0,0,0,0,0,0,0,0,0,0,0,0,0,0,0,0,0,0,0,0,0,0,0,0,0,0,0,0,0,0,0,0,0,0,0,0,0,0,0,0,0,308820301,0,0,0,357771786,0,0,0,0,0,0,0,108485584,228786663,446792384,159962821632,60056768,1,0,0,0,0,0,0,0,0,0,0,0,0,0,0,0,0,0,0,0,0,0,0,0,0,0,0,0,0,0,0,251273185,0,0,0,0,0
1788888805.322,0,0,0,0,0,0,0,743110601,3748754733568,1793826712576,0,0,0,0,0,0,0,0,0,0,0,0,0,0,0,0,0,0,0,0,0,0,0,0,0,0,0,0,0,0,0,0,0,0,0,0,0,0,0,0,0,0,0,0,0,0,0,0,0,0,0,0,0,0,0,0,0,0,1006544,228945233,97951742,0,0,0,0,0,0,0,0,0,0,0,0,0,0,0,0,0,0,0,0,0,0,0,0,0,0,0,0,0,0,0,0,0,0,0,0,0,12883001344,5122965504,786315,312681,0,117,786432,228137742,0,0,3623858983,12884901888,101153813,420042532,0,0,0,0,0,0,0,0,0,0,0,0,0,0,0,0,0,0,23786722,23786910,0,97,97,6268,329,47573395,35,0,0,0,0,0,0,0,1,0,0,0,0,0,0,0,0,0,0,26748554,0,57646642,495744,0,0,0,0,0,0,0,0,16384,0,0,0,0,0,0,0,0,0,0,0,3914,611,0,0,0,0,0,72310034,0,298,0,27,611,3914,0,0,0,0,0,0,0,0,0,0,0,0,0,0,0,0,0,0,0,0,0,0,0,0,0,0,0,0,0,0,0,0,0,0,0,0,0,0,0,0,0,0,0,0,0,0,0,0,0,0,0,0,0,308861546,0,0,0,357812508,0,0,0,0,0,0,0,108513830,228827286,446863910,159984014848,60070985,1,0,0,0,0,0,0,0,0,0,0,0,0,0,0,0,0,0,0,0,0,0,0,0,0,0,0,0,0,0,0,251276072,0,0,0,0,0
1788888806.349,0,0,0,0,0,0,0,743194177,3749393168896,1794112684032,0,0,0,0,0,0,0,0,0,0,0,0,0,0,0,0,0,0,0,0,0,0,0,0,0,0,0,0,0,0,0,0,0,0,0,0,0,0,0,0,0,0,0,0,0,0,0,0,0,0,0,0,0,0,0,0,0,0,1006742,228984286,97967784,0,0,0,0,0,0,0,0,0,0,0,0,0,0,0,0,0,0,0,0,0,0,0,0,0,0,0,0,0,0,0,0,0,0,0,0,0,12883181568,5102944256,786327,311459,0,104,786432,228176728,0,0,3624271998,12884901888,101190225,420086458,0,0,0,0,0,0,0,0,0,0,0,0,0,0,0,0,0,0,23789480,23789672,0,97,97,6268,329,47578915,35,0,0,0,0,0,0,0,1,0,0,0,0,0,0,0,0,0,0,26751662,0,57649540,495767,0,0,0,0,0,0,0,0,16384,0,0,0,0,0,0,0,0,0,0,0,3915,611,0,0,0,0,0,72318453,0,298,0,27,611,3915,0,0,0,0,0,0,0,0,0,0,0,0,0,0,0,0,0,0,0,0,0,0,0,0,0,0,0,0,0,0,0,0,0,0,0,0,0,0,0,0,0,0,0,0,0,0,0,0,0,0,0,0,0,308900754,0,0,0,357851540,0,0,0,0,0,0,0,108545431,228866271,446932198,160004205056,60089071,1,1,0,0,0,0,0,0,0,0,0,0,0,0,0,0,0,0,0,0,0,0,0,0,0,0,0,0,0,0,0,251278835,0,0,0,0,0
1788888807.376,0,0,0,0,0,0,0,743269792,3749968034304,1794334707200,0,0,0,0,0,0,0,0,0,0,0,0,0,0,0,0,0,0,0,0,0,0,0,0,0,0,0,0,0,0,0,0,0,0,0,0,0,0,0,0,0,0,0,0,0,0,0,0,0,0,0,0,0,0,0,0,0,0,1006859,229019447,97980045,0,0,0,0,0,0,0,0,0,0,0,0,0,0,0,0,0,0,0,0,0,0,0,0,0,0,0,0,0,0,0,0,0,0,0,0,0,12883099648,5122408448,786322,312647,0,110,786432,228211829,0,0,3624645322,12884901888,101224352,420125713,0,0,0,0,0,0,0,0,0,0,0,0,0,0,0,0,0,0,23791981,23792171,0,97,97,6268,329,47583923,35,0,0,0,0,0,0,0,1,0,0,0,0,0,0,0,0,0,0,26754473,0,57649668,495768,0,0,0,0,0,0,0,0,16384,0,0,0,0,0,0,0,0,0,0,0,3916,611,0,0,0,0,0,72326040,0,298,0,27,611,3916,0,0,0,0,0,0,0,0,0,0,0,0,0,0,0,0,0,0,0,0,0,0,0,0,0,0,0,0,0,0,0,0,0,0,0,0,0,0,0,0,0,0,0,0,0,0,0,0,0,0,0,0,0,308936415,0,0,0,357886928,0,0,0,0,0,0,0,108575386,228901383,446992137,160022529024,60106937,1,0,0,0,0,0,0,0,0,0,0,0,0,0,0,0,0,0,0,0,0,0,0,0,0,0,0,0,0,0,0,251281334,0,0,0,0,0
1788888808.404,0,0,0,0,0,0,0,743352217,3750596426240,1794616392192,0,0,0,0,0,0,0,0,0,0,0,0,0,0,0,0,0,0,0,0,0,0,0,0,0,0,0,0,0,0,0,0,0,0,0,0,0,0,0,0,0,0,0,0,0,0,0,0,0,0,0,0,0,0,0,0,0,0,1007002,229057878,97995835,0,0,0,0,0,0,0,0,0,0,0,0,0,0,0,0,0,0,0,0,0,0,0,0,0,0,0,0,0,0,0,0,0,0,0,0,0,12883001344,5104320512,786317,311542,0,115,786432,228250143,0,0,3625052105,12884901888,101260141,420168574,0,0,0,0,0,0,0,0,0,0,0,0,0,0,0,0,0,0,23794702,23794894,0,97,97,6268,329,47589363,35,0,0,0,0,0,0,0,1,0,0,0,0,0,0,0,0,0,0,26757534,0,57652532,495792,0,0,0,0,0,0,0,0,16384,0,0,0,0,0,0,0,0,0,0,0,3917,611,0,0,0,0,0,72334297,0,298,0,27,611,3917,0,0,0,0,0,0,0,0,0,0,0,0,0,0,0,0,0,0,0,0,0,0,0,0,0,0,0,0,0,0,0,0,0,0,0,0,0,0,0,0,0,0,0,0,0,0,0,0,0,0,0,0,0,308974822,0,0,0,357925450,0,0,0,0,0,0,0,108606594,228939757,447059170,160042285568,60124869,0,0,0,0,0,0,0,0,0,0,0,0,0,0,0,0,0,0,0,0,0,0,0,0,0,0,0,0,0,0,0,251284053,0,0,0,0,0
1788888809.432,0,0,0,0,0,0,0,743429645,3751184562688,1794841751040,0,0,0,0,0,0,0,0,0,0,0,0,0,0,0,0,0,0,0,0,0,0,0,0,0,0,0,0,0,0,0,0,0,0,0,0,0,0,0,0,0,0,0,0,0,0,0,0,0,0,0,0,0,0,0,0,0,0,1007151,229093837,98008280,0,0,0,0,0,0,0,0,0,0,0,0,0,0,0,0,0,0,0,0,0,0,0,0,0,0,0,0,0,0,0,0,0,0,0,0,0,12883066880,5126717440,786320,312910,0,112,786432,228286027,0,0,3625433810,12884901888,101295152,420208932,0,0,0,0,0,0,0,0,0,0,0,0,0,0,0,0,0,0,23797242,23797430,0,97,97,6268,329,47594452,35,0,0,0,0,0,0,0,1,0,0,0,0,0,0,0,0,0,0,26760390,0,57652660,495793,0,0,0,0,0,0,0,0,16384,0,0,0,0,0,0,0,0,0,0,0,3918,611,0,0,0,0,0,72342011,0,298,0,27,611,3918,0,0,0,0,0,0,0,0,0,0,0,0,0,0,0,0,0,0,0,0,0,0,0,0,0,0,0,0,0,0,0,0,0,0,0,0,0,0,0,0,0,0,0,0,0,0,0,0,0,0,0,0,0,309010828,0,0,0,357961591,0,0,0,0,0,0,0,108636687,228975677,447119868,160060802048,60142664,0,0,0,0,0,0,0,0,0,0,0,0,0,0,0,0,0,0,0,0,0,0,0,0,0,0,0,0,0,0,0,251286593,0,0,0,0,0
1788888810.460,0,0,0,0,0,0,0,743511235,3751806695936,1795108212736,0,0,0,0,0,0,0,0,0,0,0,0,0,0,0,0,0,0,0,0,0,0,0,0,0,0,0,0,0,0,0,0,0,0,0,0,0,0,0,0,0,0,0,0,0,0,0,0,0,0,0,0,0,0,0,0,0,0,1007298,229131889,98023157,0,0,0,0,0,0,0,0,0,0,0,0,0,0,0,0,0,0,0,0,0,0,0,0,0,0,0,0,0,0,0,0,0,0,0,0,0,12876709888,5120933888,785932,312557,393,107,786432,228323999,0,0,3625836101,12884901888,101331135,420251437,0,0,0,0,0,0,0,0,0,0,0,0,0,0,0,0,0,0,23799931,23800123,0,97,97,6268,329,47599819,35,0,0,0,0,0,0,0,1,0,0,0,0,0,0,0,0,0,0,26763419,0,57654659,495810,0,0,0,0,0,0,0,0,16384,0,0,0,0,0,0,0,0,0,0,0,3919,611,0,0,0,0,0,72350202,0,298,0,27,611,3919,0,0,0,0,0,0,0,0,0,0,0,0,0,0,0,0,0,0,0,0,0,0,0,0,0,0,0,0,0,0,0,0,0,0,0,0,0,0,0,0,0,0,0,0,0,0,0,0,0,0,0,0,0,309049023,0,0,0,357999732,0,0,0,0,0,0,0,108667895,229013679,447185696,160080442880,60160802,1,0,0,0,0,0,0,0,0,0,0,0,0,0,0,0,0,0,0,0,0,0,0,0,0,0,0,0,0,0,0,251289285,0,0,0,0,0
1788888811.488,0,0,0,0,0,0,0,743592891,3752426568192,1795357933056,0,0,0,0,0,0,0,0,0,0,0,0,0,0,0,0,0,0,0,0,0,0,0,0,0,0,0,0,0,0,0,0,0,0,0,0,0,0,0,0,0,0,0,0,0,0,0,0,0,0,0,0,0,0,0,0,0,0,1007458,229169800,98037013,0,0,0,0,0,0,0,0,0,0,0,0,0,0,0,0,0,0,0,0,0,0,0,0,0,0,0,0,0,0,0,0,0,0,0,0,0,12883148800,5130387456,786325,313134,0,107,786432,228361815,0,0,3626238999,12884901888,101367367,420294035,0,0,0,0,0,0,0,0,0,0,0,0,0,0,0,0,0,0,23802630,23802825,0,97,97,6268,329,47605224,35,0,0,0,0,0,0,0,1,0,0,0,0,0,0,0,0,0,0,26766458,0,57655686,495819,0,0,0,0,0,0,0,0,16384,0,0,0,0,0,0,0,0,0,0,0,3920,611,0,0,0,0,0,72358417,0,298,0,27,611,3920,0,0,0,0,0,0,0,0,0,0,0,0,0,0,0,0,0,0,0,0,0,0,0,0,0,0,0,0,0,0,0,0,0,0,0,0,0,0,0,0,0,0,0,0,0,0,0,0,0,0,0,0,0,309087219,0,0,0,358037875,0,0,0,0,0,0,0,108699102,229051535,447250445,160100097536,60179071,1,0,0,0,0,0,0,0,0,0,0,0,0,0,0,0,0,0,0,0,0,0,0,0,0,0,0,0,0,0,0,251291986,0,0,0,0,0
1788888812.516,0,0,0,0,0,0,0,743671720,3753024633344,1795587903488,0,0,0,0,0,0,0,0,0,0,0,0,0,0,0,0,0,0,0,0,0,0,0,0,0,0,0,0,0,0,0,0,0,0,0,0,0,0,0,0,0,0,0,0,0,0,0,0,0,0,0,0,0,0,0,0,0,0,1007593,229206367,98049701,0,0,0,0,0,0,0,0,0,0,0,0,0,0,0,0,0,0,0,0,0,0,0,0,0,0,0,0,0,0,0,0,0,0,0,0,0,12883296256,5152292864,786334,314471,0,98,786432,228398305,0,0,3626628190,12884901888,101402939,420335040,0,0,0,0,0,0,0,0,0,0,0,0,0,0,0,0,0,0,23805238,23805431,0,97,97,6268,329,47610437,35,0,0,0,0,0,0,0,1,0,0,0,0,0,0,0,0,0,0,26769388,0,57655814,495820,0,0,0,0,0,0,0,0,16384,0,0,0,0,0,0,0,0,0,0,0,3921,611,0,0,0,0,0,72366348,0,298,0,27,611,3921,0,0,0,0,0,0,0,0,0,0,0,0,0,0,0,0,0,0,0,0,0,0,0,0,0,0,0,0,0,0,0,0,0,0,0,0,0,0,0,0,0,0,0,0,0,0,0,0,0,0,0,0,0,309124212,0,0,0,358074779,0,0,0,0,0,0,0,108729844,229088068,447312590,160119123456,60197283,1,0,0,0,0,0,0,0,0,0,0,0,0,0,0,0,0,0,0,0,0,0,0,0,0,0,0,0,0,0,0,251294592,0,0,0,0,0
1788888813.544,0,0,0,0,0,0,0,743754818,3753654663680,1795870809600,0,0,0,0,0,0,0,0,0,0,0,0,0,0,0,0,0,0,0,0,0,0,0,0,0,0,0,0,0,0,0,0,0,0,0,0,0,0,0,0,0,0,0,0,0,0,0,0,0,0,0,0,0,0,0,0,0,0,1007747,229244907,98065551,0,0,0,0,0,0,0,0,0,0,0,0,0,0,0,0,0,0,0,0,0,0,0,0,0,0,0,0,0,0,0,0,0,0,0,0,0,12883263488,5133713408,786331,313337,0,101,786432,228436738,0,0,3627038430,12884901888,101438662,420378250,0,0,0,0,0,0,0,0,0,0,0,0,0,0,0,0,0,0,23807993,23808178,0,97,97,6268,329,47615942,35,0,0,0,0,0,0,0,1,0,0,0,0,0,0,0,0,0,0,26772481,0,57658661,495844,0,0,0,0,0,0,0,0,16384,0,0,0,0,0,0,0,0,0,0,0,3922,611,0,0,0,0,0,72374695,0,298,0,27,611,3922,0,0,0,0,0,0,0,0,0,0,0,0,0,0,0,0,0,0,0,0,0,0,0,0,0,0,0,0,0,0,0,0,0,0,0,0,0,0,0,0,0,0,0,0,0,0,0,0,0,0,0,0,0,309163232,0,0,0,358113616,0,0,0,0,0,0,0,108761404,229126544,447380364,160139197952,60215496,1,0,0,0,0,0,0,0,0,0,0,0,0,0,0,0,0,0,0,0,0,0,0,0,0,0,0,0,0,0,0,251297341,0,0,0,0,0
1788888814.571,0,0,0,0,0,0,0,743831663,3754242636288,1796099429888,0,0,0,0,0,0,0,0,0,0,0,0,0,0,0,0,0,0,0,0,0,0,0,0,0,0,0,0,0,0,0,0,0,0,0,0,0,0,0,0,0,0,0,0,0,0,0,0,0,0,0,0,0,0,0,0,0,0,1007877,229280850,98078207,0,0,0,0,0,0,0,0,0,0,0,0,0,0,0,0,0,0,0,0,0,0,0,0,0,0,0,0,0,0,0,0,0,0,0,0,0,12883263488,5148868608,786332,314262,0,101,786432,228472612,0,0,3627415770,12884901888,101473667,420418094,0,0,0,0,0,0,0,0,0,0,0,0,0,0,0,0,0,0,23810521,23810711,0,97,97,6268,329,47621006,35,0,0,0,0,0,0,0,1,0,0,0,0,0,0,0,0,0,0,26775330,0,57658789,495845,0,0,0,0,0,0,0,0,16384,0,0,0,0,0,0,0,0,0,0,0,3923,611,0,0,0,0,0,72382411,0,298,0,27,611,3923,0,0,0,0,0,0,0,0,0,0,0,0,0,0,0,0,0,0,0,0,0,0,0,0,0,0,0,0,0,0,0,0,0,0,0,0,0,0,0,0,0,0,0,0,0,0,0,0,0,0,0,0,0,309199154,0,0,0,358149431,0,0,0,0,0,0,0,108791808,229162445,447441372,160157670400,60233406,1,1,0,0,0,0,0,0,0,0,0,0,0,0,0,0,0,0,0,0,0,0,0,0,0,0,0,0,0,0,0,251299874,0,0,0,0,0
1788888815.598,0,0,0,0,0,0,0,743912263,3754857871872,1796374459392,0,0,0,0,0,0,0,0,0,0,0,0,0,0,0,0,0,0,0,0,0,0,0,0,0,0,0,0,0,0,0,0,0,0,0,0,0,0,0,0,0,0,0,0,0,0,0,0,0,0,0,0,0,0,0,0,0,0,1008029,229318497,98093608,0,0,0,0,0,0,0,0,0,0,0,0,0,0,0,0,0,0,0,0,0,0,0,0,0,0,0,0,0,0,0,0,0,0,0,0,0,12883050496,5132681216,786319,313274,0,113,786432,228510174,0,0,3627813614,12884901888,101508934,420460192,0,0,0,0,0,0,0,0,0,0,0,0,0,0,0,0,0,0,23813185,23813379,0,97,97,6268,329,47626328,35,0,0,0,0,0,0,0,1,0,0,0,0,0,0,0,0,0,0,26778331,0,57661519,495867,0,0,0,0,0,0,0,0,16384,0,0,0,0,0,0,0,0,0,0,0,3924,611,0,0,0,0,0,72390526,0,298,0,27,611,3924,0,0,0,0,0,0,0,0,0,0,0,0,0,0,0,0,0,0,0,0,0,0,0,0,0,0,0,0,0,0,0,0,0,0,0,0,0,0,0,0,0,0,0,0,0,0,0,0,0,0,0,0,0,309237086,0,0,0,358187154,0,0,0,0,0,0,0,108822898,229200028,447507312,160177200128,60251476,0,0,0,0,0,0,0,0,0,0,0,0,0,0,0,0,0,0,0,0,0,0,0,0,0,0,0,0,0,0,0,251302542,0,0,0,0,0
1788888816.625,0,0,0,0,0,0,0,743994846,3755481528832,1796618432512,0,0,0,0,0,0,0,0,0,0,0,0,0,0,0,0,0,0,0,0,0,0,0,0,0,0,0,0,0,0,0,0,0,0,0,0,0,0,0,0,0,0,0,0,0,0,0,0,0,0,0,0,0,0,0,0,0,0,1008183,229356632,98107102,0,0,0,0,0,0,0,0,0,0,0,0,0,0,0,0,0,0,0,0,0,0,0,0,0,0,0,0,0,0,0,0,0,0,0,0,0,12883165184,5150343168,786326,314352,0,107,786432,228548238,0,0,3628220683,12884901888,101545862,420503103,0,0,0,0,0,0,0,0,0,0,0,0,0,0,0,0,0,0,23815916,23816108,0,97,97,6268,329,47631791,35,0,0,0,0,0,0,0,1,0,0,0,0,0,0,0,0,0,0,26781401,0,57661775,495869,0,0,0,0,0,0,0,0,16384,0,0,0,0,0,0,0,0,0,0,0,3925,611,0,0,0,0,0,72398823,0,298,0,27,611,3925,0,0,0,0,0,0,0,0,0,0,0,0,0,0,0,0,0,0,0,0,0,0,0,0,0,0,0,0,0,0,0,0,0,0,0,0,0,0,0,0,0,0,0,0,0,0,0,0,0,0,0,0,0,309275332,0,0,0,358225704,0,0,0,0,0,0,0,108854608,229238117,447572187,160196854272,60269975,1,0,0,0,0,0,0,0,0,0,0,0,0,0,0,0,0,0,0,0,0,0,0,0,0,0,0,0,0,0,0,251305271,0,0,0,0,0
1788888817.654,0,0,0,0,0,0,0,744076272,3756105972224,1796896893952,0,0,0,0,0,0,0,0,0,0,0,0,0,0,0,0,0,0,0,0,0,0,0,0,0,0,0,0,0,0,0,0,0,0,0,0,0,0,0,0,0,0,0,0,0,0,0,0,0,0,0,0,0,0,0,0,0,0,1008336,229394827,98122720,0,0,0,0,0,0,0,0,0,0,0,0,0,0,0,0,0,0,0,0,0,0,0,0,0,0,0,0,0,0,0,0,0,0,0,0,0,12883066880,5132386304,786320,313256,0,112,786432,228586339,0,0,3628623136,12884901888,101581496,420545447,0,0,0,0,0,0,0,0,0,0,0,0,0,0,0,0,0,0,23818604,23818794,0,97,97,6268,329,47637170,35,0,0,0,0,0,0,0,1,0,0,0,0,0,0,0,0,0,0,26784423,0,57664532,495892,0,0,0,0,0,0,0,0,16384,0,0,0,0,0,0,0,0,0,0,0,3926,611,0,0,0,0,0,72407002,0,298,0,27,611,3926,0,0,0,0,0,0,0,0,0,0,0,0,0,0,0,0,0,0,0,0,0,0,0,0,0,0,0,0,0,0,0,0,0,0,0,0,0,0,0,0,0,0,0,0,0,0,0,0,0,0,0,0,0,309313506,0,0,0,358263766,0,0,0,0,0,0,0,108885852,229276245,447638721,160216466944,60288013,0,0,0,0,0,0,0,0,0,0,0,0,0,0,0,0,0,0,0,0,0,0,0,0,0,0,0,0,0,0,0,251307957,0,0,0,0,0
1788888818.681,0,0,0,0,0,0,0,744156778,3756719094272,1797135569408,0,0,0,0,0,0,0,0,0,0,0,0,0,0,0,0,0,0,0,0,0,0,0,0,0,0,0,0,0,0,0,0,0,0,0,0,0,0,0,0,0,0,0,0,0,0,0,0,0,0,0,0,0,0,0,0,0,0,1008468,229432329,98135930,0,0,0,0,0,0,0,0,0,0,0,0,0,0,0,0,0,0,0,0,0,0,0,0,0,0,0,0,0,0,0,0,0,0,0,0,0,12883017728,5149081600,786317,314275,0,115,786432,228623737,0,0,3629020128,12884901888,101617868,420587128,0,0,0,0,0,0,0,0,0,0,0,0,0,0,0,0,0,0,23821260,23821452,0,97,97,6268,329,47642472,35,0,0,0,0,0,0,0,1,0,0,0,0,0,0,0,0,0,0,26787413,0,57664788,495894,0,0,0,0,0,0,0,0,16384,0,0,0,0,0,0,0,0,0,0,0,3927,611,0,0,0,0,0,72415100,0,298,0,27,611,3927,0,0,0,0,0,0,0,0,0,0,0,0,0,0,0,0,0,0,0,0,0,0,0,0,0,0,0,0,0,0,0,0,0,0,0,0,0,0,0,0,0,0,0,0,0,0,0,0,0,0,0,0,0,309351114,0,0,0,358301344,0,0,0,0,0,0,0,108916979,229313703,447702365,160235766272,60306217,1,0,0,0,0,0,0,0,0,0,0,0,0,0,0,0,0,0,0,0,0,0,0,0,0,0,0,0,0,0,0,251310615,0,0,0,0,0
1788888819.709,0,0,0,0,0,0,0,744244561,3757385693696,1797432199168,0,0,0,0,0,0,0,0,0,0,0,0,0,0,0,0,0,0,0,0,0,0,0,0,0,0,0,0,0,0,0,0,0,0,0,0,0,0,0,0,0,0,0,0,0,0,0,0,0,0,0,0,0,0,0,0,0,0,1008650,229473100,98152539,0,0,0,0,0,0,0,0,0,0,0,0,0,0,0,0,0,0,0,0,0,0,0,0,0,0,0,0,0,0,0,0,0,0,0,0,0,12883247104,5133156352,786331,313303,0,101,786432,228664407,0,0,3629453588,12884901888,101656141,420632981,0,0,0,0,0,0,0,0,0,0,0,0,0,0,0,0,0,0,23824151,23824343,0,97,97,6268,329,47648254,35,0,0,0,0,0,0,0,1,0,0,0,0,0,0,0,0,0,0,26790663,0,57667547,495917,0,0,0,0,0,0,0,0,16384,0,0,0,0,0,0,0,0,0,0,0,3928,611,0,0,0,0,0,72423876,0,298,0,27,611,3928,0,0,0,0,0,0,0,0,0,0,0,0,0,0,0,0,0,0,0,0,0,0,0,0,0,0,0,0,0,0,0,0,0,0,0,0,0,0,0,0,0,0,0,0,0,0,0,0,0,0,0,0,0,309392282,0,0,0,358342262,0,0,0,0,0,0,0,108948582,229354402,447773886,160256941568,60323663,0,0,0,0,0,0,0,0,0,0,0,0,0,0,0,0,0,0,0,0,0,0,0,0,0,0,0,0,0,0,0,251313505,0,0,0,0,0
1788888820.736,0,0,0,0,0,0,0,744329523,3758033795584,1797682761216,0,0,0,0,0,0,0,0,0,0,0,0,0,0,0,0,0,0,0,0,0,0,0,0,0,0,0,0,0,0,0,0,0,0,0,0,0,0,0,0,0,0,0,0,0,0,0,0,0,0,0,0,0,0,0,0,0,0,1008875,229512734,98166374,0,0,0,0,0,0,0,0,0,0,0,0,0,0,0,0,0,0,0,0,0,0,0,0,0,0,0,0,0,0,0,0,0,0,0,0,0,12883197952,5156716544,786328,314741,0,104,786432,228703941,0,0,3629873235,12884901888,101694576,420678009,0,0,0,0,0,0,0,0,0,0,0,0,0,0,0,0,0,0,23826945,23827139,0,97,97,6268,329,47653872,35,0,0,0,0,0,0,0,1,0,0,0,0,0,0,0,0,0,0,26793812,0,57667803,495919,0,0,0,0,0,0,0,0,16384,0,0,0,0,0,0,0,0,0,0,0,3929,611,0,0,0,0,0,72432382,0,298,0,27,611,3929,0,0,0,0,0,0,0,0,0,0,0,0,0,0,0,0,0,0,0,0,0,0,0,0,0,0,0,0,0,0,0,0,0,0,0,0,0,0,0,0,0,0,0,0,0,0,0,0,0,0,0,0,0,309432100,0,0,0,358382054,0,0,0,0,0,0,0,108980685,229393989,447841026,160277440512,60342222,1,0,0,0,0,0,0,0,0,0,0,0,0,0,0,0,0,0,0,0,0,0,0,0,0,0,0,0,0,0,0,251316303,0,0,0,0,0
1788888821.763,0,0,0,0,0,0,0,744414618,3758681930240,1797970143744,0,0,0,0,0,0,0,0,0,0,0,0,0,0,0,0,0,0,0,0,0,0,0,0,0,0,0,0,0,0,0,0,0,0,0,0,0,0,0,0,0,0,0,0,0,0,0,0,0,0,0,0,0,0,0,0,0,0,1008985,229552371,98182484,0,0,0,0,0,0,0,0,0,0,0,0,0,0,0,0,0,0,0,0,0,0,0,0,0,0,0,0,0,0,0,0,0,0,0,0,0,12882968576,5140742144,786314,313767,1,118,786432,228743486,0,0,3630292684,12884901888,101731489,420722092,0,0,0,0,0,0,0,0,0,0,0,0,0,0,0,0,0,0,23829759,23829950,0,97,97,6268,329,47659494,35,0,0,0,0,0,0,0,1,0,0,0,0,0,0,0,0,0,0,26796972,0,57670545,495941,0,0,0,0,0,0,0,0,16384,0,0,0,0,0,0,0,0,0,0,0,3930,611,0,0,0,0,0,72440902,0,298,0,27,611,3930,0,0,0,0,0,0,0,0,0,0,0,0,0,0,0,0,0,0,0,0,0,0,0,0,0,0,0,0,0,0,0,0,0,0,0,0,0,0,0,0,0,0,0,0,0,0,0,0,0,0,0,0,0,309471882,0,0,0,358421872,0,0,0,0,0,0,0,109012791,229433564,447910162,160297886208,60360623,1,0,0,0,0,0,0,0,0,0,0,0,0,0,0,0,0,0,0,0,0,0,0,0,0,0,0,0,0,0,0,251319112,0,0,0,0,0
1788888822.791,0,0,0,0,0,0,0,744490507,3759259318784,1798192488448,0,0,0,0,0,0,0,0,0,0,0,0,0,0,0,0,0,0,0,0,0,0,0,0,0,0,0,0,0,0,0,0,0,0,0,0,0,0,0,0,0,0,0,0,0,0,0,0,0,0,0,0,0,0,0,0,0,0,1009104,229587681,98194760,0,0,0,0,0,0,0,0,0,0,0,0,0,0,0,0,0,0,0,0,0,0,0,0,0,0,0,0,0,0,0,0,0,0,0,0,0,12883066880,5158420480,786320,314844,0,112,786432,228778729,0,0,3630667240,12884901888,101765866,420761382,0,0,0,0,0,0,0,0,0,0,0,0,0,0,0,0,0,0,23832271,23832462,0,97,97,6268,329,47664505,35,0,0,0,0,0,0,0,1,0,0,0,0,0,0,0,0,0,0,26799796,0,57670673,495942,0,0,0,0,0,0,0,0,16384,0,0,0,0,0,0,0,0,0,0,0,3931,611,0,0,0,0,0,72448553,0,298,0,27,611,3931,0,0,0,0,0,0,0,0,0,0,0,0,0,0,0,0,0,0,0,0,0,0,0,0,0,0,0,0,0,0,0,0,0,0,0,0,0,0,0,0,0,0,0,0,0,0,0,0,0,0,0,0,0,309507425,0,0,0,358457259,0,0,0,0,0,0,0,109042772,229468811,447970047,160316199936,60378499,1,0,0,0,0,0,0,0,0,0,0,0,0,0,0,0,0,0,0,0,0,0,0,0,0,0,0,0,0,0,0,251321625,0,0,0,0,0
1788888823.819,0,0,0,0,0,0,0,744579757,3759935584768,1798491147264,0,0,0,0,0,0,0,0,0,0,0,0,0,0,0,0,0,0,0,0,0,0,0,0,0,0,0,0,0,0,0,0,0,0,0,0,0,0,0,0,0,0,0,0,0,0,0,0,0,0,0,0,0,0,0,0,0,0,1009247,229629050,98211483,0,0,0,0,0,0,0,0,0,0,0,0,0,0,0,0,0,0,0,0,0,0,0,0,0,0,0,0,0,0,0,0,0,0,0,0,0,12883066880,5141938176,786320,313839,0,112,786432,228819998,0,0,3631107400,12884901888,101803735,420807680,0,0,0,0,0,0,0,0,0,0,0,0,0,0,0,0,0,0,23835219,23835408,0,97,97,6268,329,47670404,35,0,0,0,0,0,0,0,1,0,0,0,0,0,0,0,0,0,0,26803110,0,57673822,495967,0,0,0,0,0,0,0,0,16384,0,0,0,0,0,0,0,0,0,0,0,3932,611,0,0,0,0,0,72457495,0,298,0,27,611,3932,0,0,0,0,0,0,0,0,0,0,0,0,0,0,0,0,0,0,0,0,0,0,0,0,0,0,0,0,0,0,0,0,0,0,0,0,0,0,0,0,0,0,0,0,0,0,0,0,0,0,0,0,0,309549256,0,0,0,358498924,0,0,0,0,0,0,0,109072947,229510105,448042055,160337688576,60394755,1,0,0,0,0,0,0,0,0,0,0,0,0,0,0,0,0,0,0,0,0,0,0,0,0,0,0,0,0,0,0,251324571,0,0,0,0,0
1788888824.846,0,0,0,0,0,0,0,744659237,3760543316480,1798745171968,0,0,0,0,0,0,0,0,0,0,0,0,0,0,0,0,0,0,0,0,0,0,0,0,0,0,0,0,0,0,0,0,0,0,0,0,0,0,0,0,0,0,0,0,0,0,0,0,0,0,0,0,0,0,0,0,0,0,1009401,229666218,98225634,0,0,0,0,0,0,0,0,0,0,0,0,0,0,0,0,0,0,0,0,0,0,0,0,0,0,0,0,0,0,0,0,0,0,0,0,0,12883066880,5140283392,786320,313738,0,112,786432,228857068,0,0,3631500209,12884901888,101838532,420849150,0,0,0,0,0,0,0,0,0,0,0,0,0,0,0,0,0,0,23837848,23838036,0,97,97,6268,329,47675653,35,0,0,0,0,0,0,0,1,0,0,0,0,0,0,0,0,0,0,26806066,0,57675366,495980,0,0,0,0,0,0,0,0,16384,0,0,0,0,0,0,0,0,0,0,0,3933,611,0,0,0,0,0,72465492,0,298,0,27,611,3933,0,0,0,0,0,0,0,0,0,0,0,0,0,0,0,0,0,0,0,0,0,0,0,0,0,0,0,0,0,0,0,0,0,0,0,0,0,0,0,0,0,0,0,0,0,0,0,0,0,0,0,0,0,309586804,0,0,0,358536017,0,0,0,0,0,0,0,109101864,229547242,448106260,160356979712,60410883,1,0,0,0,0,0,0,0,0,0,0,0,0,0,0,0,0,0,0,0,0,0,0,0,0,0,0,0,0,0,0,251327200,0,0,0,0,0
1788888825.873,0,0,0,0,0,0,0,744745423,3761200888320,1799001403392,0,0,0,0,0,0,0,0,0,0,0,0,0,0,0,0,0,0,0,0,0,0,0,0,0,0,0,0,0,0,0,0,0,0,0,0,0,0,0,0,0,0,0,0,0,0,0,0,0,0,0,0,0,0,0,0,0,0,1009608,229706440,98239810,0,0,0,0,0,0,0,0,0,0,0,0,0,0,0,0,0,0,0,0,0,0,0,0,0,0,0,0,0,0,0,0,0,0,0,0,0,12883230720,5160484864,786331,314971,0,101,786432,228897195,0,0,3631925918,12884901888,101877590,420894463,0,0,0,0,0,0,0,0,0,0,0,0,0,0,0,0,0,0,23840679,23840869,0,97,97,6268,329,47681312,35,0,0,0,0,0,0,0,1,0,0,0,0,0,0,0,0,0,0,26809247,0,57675622,495982,0,0,0,0,0,0,0,0,16384,0,0,0,0,0,0,0,0,0,0,0,3934,611,0,0,0,0,0,72474086,0,298,0,27,611,3934,0,0,0,0,0,0,0,0,0,0,0,0,0,0,0,0,0,0,0,0,0,0,0,0,0,0,0,0,0,0,0,0,0,0,0,0,0,0,0,0,0,0,0,0,0,0,0,0,0,0,0,0,0,309627119,0,0,0,358576296,0,0,0,0,0,0,0,109134246,229587381,448174546,160377715712,60429386,0,1,0,0,0,0,0,0,0,0,0,0,0,0,0,0,0,0,0,0,0,0,0,0,0,0,0,0,0,0,0,251330027,0,0,0,0,0
1788888826.901,0,0,0,0,0,0,0,744828421,3761832114688,1799285157376,0,0,0,0,0,0,0,0,0,0,0,0,0,0,0,0,0,0,0,0,0,0,0,0,0,0,0,0,0,0,0,0,0,0,0,0,0,0,0,0,0,0,0,0,0,0,0,0,0,0,0,0,0,0,0,0,0,0,1009757,229745053,98255726,0,0,0,0,0,0,0,0,0,0,0,0,0,0,0,0,0,0,0,0,0,0,0,0,0,0,0,0,0,0,0,0,0,0,0,0,0,12883099648,5140086784,786322,313726,0,110,786432,228935739,0,0,3632335652,12884901888,101912225,420937718,0,0,0,0,0,0,0,0,0,0,0,0,0,0,0,0,0,0,23843427,23843614,0,97,97,6268,329,47686814,35,0,0,0,0,0,0,0,1,0,0,0,0,0,0,0,0,0,0,26812340,0,57678845,496008,0,0,0,0,0,0,0,0,16384,0,0,0,0,0,0,0,0,0,0,0,3935,611,0,0,0,0,0,72482468,0,298,0,27,611,3935,0,0,0,0,0,0,0,0,0,0,0,0,0,0,0,0,0,0,0,0,0,0,0,0,0,0,0,0,0,0,0,0,0,0,0,0,0,0,0,0,0,0,0,0,0,0,0,0,0,0,0,0,0,309666139,0,0,0,358615109,0,0,0,0,0,0,0,109164011,229625932,448242051,160397777408,60446181,1,0,0,0,0,0,0,0,0,0,0,0,0,0,0,0,0,0,0,0,0,0,0,0,0,0,0,0,0,0,0,251332777,0,0,0,0,0
1788888827.928,0,0,0,0,0,0,0,744906619,3762425281024,1799543448576,0,0,0,0,0,0,0,0,0,0,0,0,0,0,0,0,0,0,0,0,0,0,0,0,0,0,0,0,0,0,0,0,0,0,0,0,0,0,0,0,0,0,0,0,0,0,0,0,0,0,0,0,0,0,0,0,0,0,1009880,229781314,98269984,0,0,0,0,0,0,0,0,0,0,0,0,0,0,0,0,0,0,0,0,0,0,0,0,0,0,0,0,0,0,0,0,0,0,0,0,0,12883771392,5133139968,786363,313302,0,69,786432,228971912,0,0,3632721417,12884901888,101945907,420978420,0,0,0,0,0,0,0,0,0,0,0,0,0,0,0,0,0,0,23846023,23846207,0,97,97,6268,329,47692016,35,0,0,0,0,0,0,0,1,0,0,0,0,0,0,0,0,0,0,26815258,0,57681008,496027,0,0,0,0,0,0,0,0,16384,0,0,0,0,0,0,0,0,0,0,0,3936,611,0,0,0,0,0,72490346,0,298,0,27,611,3936,0,0,0,0,0,0,0,0,0,0,0,0,0,0,0,0,0,0,0,0,0,0,0,0,0,0,0,0,0,0,0,0,0,0,0,0,0,0,0,0,0,0,0,0,0,0,0,0,0,0,0,0,0,309703048,0,0,0,358651797,0,0,0,0,0,0,0,109193403,229662159,448305498,160416775680,60463285,1,0,0,0,0,0,0,0,0,0,0,0,0,0,0,0,0,0,0,0,0,0,0,0,0,0,0,0,0,0,0,251335371,0,0,0,0,0
1788888828.956,0,0,0,0,0,0,0,744989509,3763054541312,1799796016640,0,0,0,0,0,0,0,0,0,0,0,0,0,0,0,0,0,0,0,0,0,0,0,0,0,0,0,0,0,0,0,0,0,0,0,0,0,0,0,0,0,0,0,0,0,0,0,0,0,0,0,0,0,0,0,0,0,0,1010012,229819815,98284182,0,0,0,0,0,0,0,0,0,0,0,0,0,0,0,0,0,0,0,0,0,0,0,0,0,0,0,0,0,0,0,0,0,0,0,0,0,12883132416,5140348928,786323,313741,0,110,786432,229010311,0,0,3633129327,12884901888,101981614,421021281,0,0,0,0,0,0,0,0,0,0,0,0,0,0,0,0,0,0,23848753,23848944,0,97,97,6268,329,47697464,35,0,0,0,0,0,0,0,1,0,0,0,0,0,0,0,0,0,0,26818333,0,57682373,496037,0,0,0,0,0,0,0,0,16384,0,0,0,0,0,0,0,0,0,0,0,3937,611,0,0,0,0,0,72498637,0,298,0,27,611,3937,0,0,0,0,0,0,0,0,0,0,0,0,0,0,0,0,0,0,0,0,0,0,0,0,0,0,0,0,0,0,0,0,0,0,0,0,0,0,0,0,0,0,0,0,0,0,0,0,0,0,0,0,0,309741846,0,0,0,358690449,0,0,0,0,0,0,0,109223928,229700583,448370914,160436712448,60480891,1,1,0,0,0,0,0,0,0,0,0,0,0,0,0,0,0,0,0,0,0,0,0,0,0,0,0,0,0,0,0,251338105,0,0,0,0,0
1788888829.984,0,0,0,0,0,0,0,745076651,3763716815360,1800087938048,0,0,0,0,0,0,0,0,0,0,0,0,0,0,0,0,0,0,0,0,0,0,0,0,0,0,0,0,0,0,0,0,0,0,0,0,0,0,0,0,0,0,0,0,0,0,0,0,0,0,0,0,0,0,0,0,0,0,1010176,229860330,98300512,0,0,0,0,0,0,0,0,0,0,0,0,0,0,0,0,0,0,0,0,0,0,0,0,0,0,0,0,0,0,0,0,0,0,0,0,0,12883247104,5125783552,786331,312853,0,101,786432,229050720,0,0,3633558219,12884901888,102017827,421066656,0,0,0,0,0,0,0,0,0,0,0,0,0,0,0,0,0,0,23851625,23851816,0,97,97,6268,329,47703218,35,0,0,0,0,0,0,0,1,0,0,0,0,0,0,0,0,0,0,26821566,0,57685606,496063,0,0,0,0,0,0,0,0,16384,0,0,0,0,0,0,0,0,0,0,0,3938,611,0,0,0,0,0,72507389,0,298,0,27,611,3938,0,0,0,0,0,0,0,0,0,0,0,0,0,0,0,0,0,0,0,0,0,0,0,0,0,0,0,0,0,0,0,0,0,0,0,0,0,0,0,0,0,0,0,0,0,0,0,0,0,0,0,0,0,309782488,0,0,0,358731112,0,0,0,0,0,0,0,109254702,229741014,448440899,160457595904,60498252,1,1,0,0,0,0,0,0,0,0,0,0,0,0,0,0,0,0,0,0,0,0,0,0,0,0,0,0,0,0,0,251340979,0,0,0,0,0
1788888831.010,0,0,0,0,0,0,0,745163426,3764376877568,1800379914752,0,0,0,0,0,0,0,0,0,0,0,0,0,0,0,0,0,0,0,0,0,0,0,0,0,0,0,0,0,0,0,0,0,0,0,0,0,0,0,0,0,0,0,0,0,0,0,0,0,0,0,0,0,0,0,0,0,0,1010342,229900696,98316881,0,0,0,0,0,0,0,0,0,0,0,0,0,0,0,0,0,0,0,0,0,0,0,0,0,0,0,0,0,0,0,0,0,0,0,0,0,12883066880,5111414784,786320,311976,0,113,786432,229090993,0,0,3633986454,12884901888,102053897,421112012,0,0,0,0,0,0,0,0,0,0,0,0,0,0,0,0,0,0,23854493,23854686,0,97,97,6268,329,47708943,35,0,0,0,0,0,0,0,1,0,0,0,0,0,0,0,0,0,0,26824796,0,57688990,496092,0,0,0,0,0,0,0,0,16384,0,0,0,0,0,0,0,0,0,0,0,3939,611,0,0,0,0,0,72516112,0,298,0,27,611,3939,0,0,0,0,0,0,0,0,0,0,0,0,0,0,0,0,0,0,0,0,0,0,0,0,0,0,0,0,0,0,0,0,0,0,0,0,0,0,0,0,0,0,0,0,0,0,0,0,0,0,0,0,0,309822828,0,0,0,358771658,0,0,0,0,0,0,0,109284911,229781322,448510467,160478350848,60515192,1,0,0,0,0,0,0,0,0,0,0,0,0,0,0,0,0,0,0,0,0,0,0,0,0,0,0,0,0,0,0,251343848,0,0,0,0,0
1788888832.039,0,0,0,0,0,0,0,745241770,3764973844992,1800623771648,0,0,0,0,0,0,0,0,0,0,0,0,0,0,0,0,0,0,0,0,0,0,0,0,0,0,0,0,0,0,0,0,0,0,0,0,0,0,0,0,0,0,0,0,0,0,0,0,0,0,0,0,0,0,0,0,0,0,1010492,229937170,98330397,0,0,0,0,0,0,0,0,0,0,0,0,0,0,0,0,0,0,0,0,0,0,0,0,0,0,0,0,0,0,0,0,0,0,0,0,0,12882411520,5119148032,786281,312448,40,112,786432,229127390,0,0,3634373512,12884901888,102088330,421152916,0,0,0,0,0,0,0,0,0,0,0,0,0,0,0,0,0,0,23857079,23857271,0,97,97,6268,329,47714110,35,0,0,0,0,0,0,0,1,0,0,0,0,0,0,0,0,0,0,26827697,0,57690361,496103,0,0,0,0,0,0,0,0,16384,0,0,0,0,0,0,0,0,0,0,0,3940,611,0,0,0,0,0,72523972,0,298,0,27,611,3940,0,0,0,0,0,0,0,0,0,0,0,0,0,0,0,0,0,0,0,0,0,0,0,0,0,0,0,0,0,0,0,0,0,0,0,0,0,0,0,0,0,0,0,0,0,0,0,0,0,0,0,0,0,309859834,0,0,0,358808285,0,0,0,0,0,0,0,109314842,229817772,448573072,160497411072,60532893,1,0,0,0,0,0,0,0,0,0,0,0,0,0,0,0,0,0,0,0,0,0,0,0,0,0,0,0,0,0,0,251346426,0,0,0,0,0
1788888833.068,0,0,0,0,0,0,0,745329692,3765639805440,1800903433728,0,0,0,0,0,0,0,0,0,0,0,0,0,0,0,0,0,0,0,0,0,0,0,0,0,0,0,0,0,0,0,0,0,0,0,0,0,0,0,0,0,0,0,0,0,0,0,0,0,0,0,0,0,0,0,0,0,0,1010653,229977929,98346000,0,0,0,0,0,0,0,0,0,0,0,0,0,0,0,0,0,0,0,0,0,0,0,0,0,0,0,0,0,0,0,0,0,0,0,0,0,12883066880,5117362176,786320,312339,0,112,786432,229168039,0,0,3634807840,12884901888,102125828,421198692,0,0,0,0,0,0,0,0,0,0,0,0,0,0,0,0,0,0,23859994,23860190,0,97,97,6268,329,47719941,35,0,0,0,0,0,0,0,1,0,0,0,0,0,0,0,0,0,0,26830987,0,57692487,496120,0,0,0,0,0,0,0,0,16384,0,0,0,0,0,0,0,0,0,0,0,3941,611,0,0,0,0,0,72532870,0,298,0,27,611,3941,0,0,0,0,0,0,0,0,0,0,0,0,0,0,0,0,0,0,0,0,0,0,0,0,0,0,0,0,0,0,0,0,0,0,0,0,0,0,0,0,0,0,0,0,0,0,0,0,0,0,0,0,0,309900999,0,0,0,358849414,0,0,0,0,0,0,0,109346227,229858450,448643181,160518557696,60550621,1,0,0,0,0,0,0,0,0,0,0,0,0,0,0,0,0,0,0,0,0,0,0,0,0,0,0,0,0,0,0,251349354,0,0,0,0,0
1788888834.096,0,0,0,0,0,0,0,745412435,3766270720512,1801183342592,0,0,0,0,0,0,0,0,0,0,0,0,0,0,0,0,0,0,0,0,0,0,0,0,0,0,0,0,0,0,0,0,0,0,0,0,0,0,0,0,0,0,0,0,0,0,0,0,0,0,0,0,0,0,0,0,0,0,1010792,230016511,98361686,0,0,0,0,0,0,0,0,0,0,0,0,0,0,0,0,0,0,0,0,0,0,0,0,0,0,0,0,0,0,0,0,0,0,0,0,0,12883132416,5101453312,786324,311368,0,108,786432,229206533,0,0,3635216243,12884901888,102160929,421241623,0,0,0,0,0,0,0,0,0,0,0,0,0,0,0,0,0,0,23862724,23862918,0,97,97,6268,329,47725415,35,0,0,0,0,0,0,0,1,0,0,0,0,0,0,0,0,0,0,26834057,0,57695548,496145,0,0,0,0,0,0,0,0,16384,0,0,0,0,0,0,0,0,0,0,0,3942,611,0,0,0,0,0,72541153,0,298,0,27,611,3942,0,0,0,0,0,0,0,0,0,0,0,0,0,0,0,0,0,0,0,0,0,0,0,0,0,0,0,0,0,0,0,0,0,0,0,0,0,0,0,0,0,0,0,0,0,0,0,0,0,0,0,0,0,309939499,0,0,0,358887984,0,0,0,0,0,0,0,109377200,229896977,448709910,160538348032,60568647,1,0,0,0,0,0,0,0,0,0,0,0,0,0,0,0,0,0,0,0,0,0,0,0,0,0,0,0,0,0,0,251352082,0,0,0,0,0
1788888835.124,0,0,0,0,0,0,0,745491803,3766870751744,1801413679616,0,0,0,0,0,0,0,0,0,0,0,0,0,0,0,0,0,0,0,0,0,0,0,0,0,0,0,0,0,0,0,0,0,0,0,0,0,0,0,0,0,0,0,0,0,0,0,0,0,0,0,0,0,0,0,0,0,0,1010941,230053202,98374404,0,0,0,0,0,0,0,0,0,0,0,0,0,0,0,0,0,0,0,0,0,0,0,0,0,0,0,0,0,0,0,0,0,0,0,0,0,12883116032,5123751936,786323,312729,0,109,786432,229243142,0,0,3635607820,12884901888,102196582,421282888,0,0,0,0,0,0,0,0,0,0,0,0,0,0,0,0,0,0,23865351,23865543,0,97,97,6268,329,47730675,35,0,0,0,0,0,0,0,1,0,0,0,0,0,0,0,0,0,0,26837011,0,57695676,496146,0,0,0,0,0,0,0,0,16384,0,0,0,0,0,0,0,0,0,0,0,3943,611,0,0,0,0,0,72549135,0,298,0,27,611,3943,0,0,0,0,0,0,0,0,0,0,0,0,0,0,0,0,0,0,0,0,0,0,0,0,0,0,0,0,0,0,0,0,0,0,0,0,0,0,0,0,0,0,0,0,0,0,0,0,0,0,0,0,0,309976368,0,0,0,358925105,0,0,0,0,0,0,0,109407342,229933625,448772014,160557306368,60586230,1,0,0,0,0,0,0,0,0,0,0,0,0,0,0,0,0,0,0,0,0,0,0,0,0,0,0,0,0,0,0,251354707,0,0,0,0,0
1788888836.152,0,0,0,0,0,0,0,745576942,3767518296576,1801699875840,0,0,0,0,0,0,0,0,0,0,0,0,0,0,0,0,0,0,0,0,0,0,0,0,0,0,0,0,0,0,0,0,0,0,0,0,0,0,0,0,0,0,0,0,0,0,0,0,0,0,0,0,0,0,0,0,0,0,1011083,230092779,98390434,0,0,0,0,0,0,0,0,0,0,0,0,0,0,0,0,0,0,0,0,0,0,0,0,0,0,0,0,0,0,0,0,0,0,0,0,0,12880756736,5105745920,786179,311630,138,114,786432,229282620,0,0,3636028064,12884901888,102232104,421327005,0,0,0,0,0,0,0,0,0,0,0,0,0,0,0,0,0,0,23868160,23868351,0,97,97,6268,329,47736277,35,0,0,0,0,0,0,0,1,0,0,0,0,0,0,0,0,0,0,26840169,0,57698902,496173,0,0,0,0,0,0,0,0,16384,0,0,0,0,0,0,0,0,0,0,0,3944,611,0,0,0,0,0,72557672,0,298,0,27,611,3944,0,0,0,0,0,0,0,0,0,0,0,0,0,0,0,0,0,0,0,0,0,0,0,0,0,0,0,0,0,0,0,0,0,0,0,0,0,0,0,0,0,0,0,0,0,0,0,0,0,0,0,0,0,310016215,0,0,0,358964789,0,0,0,0,0,0,0,109436642,229973152,448840598,160577782272,60602466,0,0,0,0,0,0,0,0,0,0,0,0,0,0,0,0,0,0,0,0,0,0,0,0,0,0,0,0,0,0,0,251357514,0,0,0,0,0
1788888837.179,0,0,0,0,0,0,0,745660279,3768154159616,1801943933952,0,0,0,0,0,0,0,0,0,0,0,0,0,0,0,0,0,0,0,0,0,0,0,0,0,0,0,0,0,0,0,0,0,0,0,0,0,0,0,0,0,0,0,0,0,0,0,0,0,0,0,0,0,0,0,0,0,0,1011289,230131682,98403904,0,0,0,0,0,0,0,0,0,0,0,0,0,0,0,0,0,0,0,0,0,0,0,0,0,0,0,0,0,0,0,0,0,0,0,0,0,12882968576,5130993664,786315,313171,0,117,786432,229321428,0,0,3636439520,12884901888,102269541,421371095,0,0,0,0,0,0,0,0,0,0,0,0,0,0,0,0,0,0,23870920,23871111,0,97,97,6268,329,47741800,35,0,0,0,0,0,0,0,1,0,0,0,0,0,0,0,0,0,0,26843274,0,57699119,496175,0,0,0,0,0,0,0,0,16384,0,0,0,0,0,0,0,0,0,0,0,3945,611,0,0,0,0,0,72566063,0,298,0,27,611,3945,0,0,0,0,0,0,0,0,0,0,0,0,0,0,0,0,0,0,0,0,0,0,0,0,0,0,0,0,0,0,0,0,0,0,0,0,0,0,0,0,0,0,0,0,0,0,0,0,0,0,0,0,0,310055292,0,0,0,359003856,0,0,0,0,0,0,0,109468095,230011979,448906290,160597876736,60620662,0,0,0,0,0,0,0,0,0,0,0,0,0,0,0,0,0,0,0,0,0,0,0,0,0,0,0,0,0,0,0,251360275,0,0,0,0,0
1788888838.207,0,0,0,0,0,0,0,745745300,3768803080704,1802231410176,0,0,0,0,0,0,0,0,0,0,0,0,0,0,0,0,0,0,0,0,0,0,0,0,0,0,0,0,0,0,0,0,0,0,0,0,0,0,0,0,0,0,0,0,0,0,0,0,0,0,0,0,0,0,0,0,0,0,1011422,230171368,98419948,0,0,0,0,0,0,0,0,0,0,0,0,0,0,0,0,0,0,0,0,0,0,0,0,0,0,0,0,0,0,0,0,0,0,0,0,0,12882739200,5115232256,786300,312209,18,113,786432,229361026,0,0,3636857448,12884901888,102304408,421415307,0,0,0,0,0,0,0,0,0,0,0,0,0,0,0,0,0,0,23873725,23873919,0,97,97,6268,329,47747415,35,0,0,0,0,0,0,0,1,0,0,0,0,0,0,0,0,0,0,26846433,0,57702666,496204,0,0,0,0,0,0,0,0,16384,0,0,0,0,0,0,0,0,0,0,0,3946,611,0,0,0,0,0,72574594,0,298,0,27,611,3946,0,0,0,0,0,0,0,0,0,0,0,0,0,0,0,0,0,0,0,0,0,0,0,0,0,0,0,0,0,0,0,0,0,0,0,0,0,0,0,0,0,0,0,0,0,0,0,0,0,0,0,0,0,310095130,0,0,0,359043558,0,0,0,0,0,0,0,109497681,230051590,448974576,160618387968,60637512,0,0,0,0,0,0,0,0,0,0,0,0,0,0,0,0,0,0,0,0,0,0,0,0,0,0,0,0,0,0,0,251363082,0,0,0,0,0
1788888839.234,0,0,0,0,0,0,0,745824615,3769409927680,1802463451136,0,0,0,0,0,0,0,0,0,0,0,0,0,0,0,0,0,0,0,0,0,0,0,0,0,0,0,0,0,0,0,0,0,0,0,0,0,0,0,0,0,0,0,0,0,0,0,0,0,0,0,0,0,0,0,0,0,0,1011556,230208477,98432843,0,0,0,0,0,0,0,0,0,0,0,0,0,0,0,0,0,0,0,0,0,0,0,0,0,0,0,0,0,0,0,0,0,0,0,0,0,12883083264,5134696448,786321,313397,0,111,786432,229398050,0,0,3637249094,12884901888,102339773,421456492,0,0,0,0,0,0,0,0,0,0,0,0,0,0,0,0,0,0,23876338,23876532,0,97,97,6268,329,47752642,35,0,0,0,0,0,0,0,1,0,0,0,0,0,0,0,0,0,0,26849373,0,57703035,496207,0,0,0,0,0,0,0,0,16384,0,0,0,0,0,0,0,0,0,0,0,3947,611,0,0,0,0,0,72582530,0,298,0,27,611,3947,0,0,0,0,0,0,0,0,0,0,0,0,0,0,0,0,0,0,0,0,0,0,0,0,0,0,0,0,0,0,0,0,0,0,0,0,0,0,0,0,0,0,0,0,0,0,0,0,0,0,0,0,0,310132134,0,0,0,359080554,0,0,0,0,0,0,0,109527811,230088639,449036853,160637410304,60655078,1,0,0,0,0,0,0,0,0,0,0,0,0,0,0,0,0,0,0,0,0,0,0,0,0,0,0,0,0,0,0,251365695,0,0,0,0,0
1788888840.261,0,0,0,0,0,0,0,745901321,3769992362496,1802688467968,0,0,0,0,0,0,0,0,0,0,0,0,0,0,0,0,0,0,0,0,0,0,0,0,0,0,0,0,0,0,0,0,0,0,0,0,0,0,0,0,0,0,0,0,0,0,0,0,0,0,0,0,0,0,0,0,0,0,1011682,230244077,98445273,0,0,0,0,0,0,0,0,0,0,0,0,0,0,0,0,0,0,0,0,0,0,0,0,0,0,0,0,0,0,0,0,0,0,0,0,0,12883001344,5154308096,786316,314594,0,116,786432,229433572,0,0,3637627616,12884901888,102374423,421496365,0,0,0,0,0,0,0,0,0,0,0,0,0,0,0,0,0,0,23878872,23879068,0,97,97,6268,329,47757713,35,0,0,0,0,0,0,0,1,0,0,0,0,0,0,0,0,0,0,26852225,0,57703163,496208,0,0,0,0,0,0,0,0,16384,0,0,0,0,0,0,0,0,0,0,0,3948,611,0,0,0,0,0,72590219,0,298,0,27,611,3948,0,0,0,0,0,0,0,0,0,0,0,0,0,0,0,0,0,0,0,0,0,0,0,0,0,0,0,0,0,0,0,0,0,0,0,0,0,0,0,0,0,0,0,0,0,0,0,0,0,0,0,0,0,310168059,0,0,0,359116465,0,0,0,0,0,0,0,109557895,230124196,449097416,160655865344,60672882,0,0,0,0,0,0,0,0,0,0,0,0,0,0,0,0,0,0,0,0,0,0,0,0,0,0,0,0,0,0,0,251368231,0,0,0,0,0
1788888841.288,0,0,0,0,0,0,0,745986014,3770635565568,1802973099520,0,0,0,0,0,0,0,0,0,0,0,0,0,0,0,0,0,0,0,0,0,0,0,0,0,0,0,0,0,0,0,0,0,0,0,0,0,0,0,0,0,0,0,0,0,0,0,0,0,0,0,0,0,0,0,0,0,0,1011862,230283407,98461221,0,0,0,0,0,0,0,0,0,0,0,0,0,0,0,0,0,0,0,0,0,0,0,0,0,0,0,0,0,0,0,0,0,0,0,0,0,12883165184,5137842176,786327,313589,0,105,786432,229472791,0,0,3638046274,12884901888,102409869,421540604,0,0,0,0,0,0,0,0,0,0,0,0,0,0,0,0,0,0,23881686,23881877,0,97,97,6268,329,47763335,35,0,0,0,0,0,0,0,1,0,0,0,0,0,0,0,0,0,0,26855386,0,57706310,496234,0,0,0,0,0,0,0,0,16384,0,0,0,0,0,0,0,0,0,0,0,3950,611,0,0,0,0,0,72598766,0,298,0,27,611,3950,0,0,0,0,0,0,0,0,0,0,0,0,0,0,0,0,0,0,0,0,0,0,0,0,0,0,0,0,0,0,0,0,0,0,0,0,0,0,0,0,0,0,0,0,0,0,0,0,0,0,0,0,0,310207790,0,0,0,359156056,0,0,0,0,0,0,0,109588595,230163457,449165793,160676302848,60690461,0,0,0,0,0,0,0,0,0,0,0,0,0,0,0,0,0,0,0,0,0,0,0,0,0,0,0,0,0,0,0,251371041,0,0,0,0,0
1788888842.314,0,0,0,0,0,0,0,746062230,3771216067072,1803199124992,0,0,0,0,0,0,0,0,0,0,0,0,0,0,0,0,0,0,0,0,0,0,0,0,0,0,0,0,0,0,0,0,0,0,0,0,0,0,0,0,0,0,0,0,0,0,0,0,0,0,0,0,0,0,0,0,0,0,1011990,230318917,98473714,0,0,0,0,0,0,0,0,0,0,0,0,0,0,0,0,0,0,0,0,0,0,0,0,0,0,0,0,0,0,0,0,0,0,0,0,0,12883034112,5156028416,786318,314699,0,114,786432,229508230,0,0,3638422499,12884901888,102444486,421580454,0,0,0,0,0,0,0,0,0,0,0,0,0,0,0,0,0,0,23884209,23884398,0,97,97,6268,329,47768372,35,0,0,0,0,0,0,0,1,0,0,0,0,0,0,0,0,0,0,26858221,0,57706438,496235,0,0,0,0,0,0,0,0,16384,0,0,0,0,0,0,0,0,0,0,0,3951,611,0,0,0,0,0,72606434,0,298,0,27,611,3951,0,0,0,0,0,0,0,0,0,0,0,0,0,0,0,0,0,0,0,0,0,0,0,0,0,0,0,0,0,0,0,0,0,0,0,0,0,0,0,0,0,0,0,0,0,0,0,0,0,0,0,0,0,310243599,0,0,0,359191778,0,0,0,0,0,0,0,109618988,230198909,449226378,160694739456,60708525,0,0,0,0,0,0,0,0,0,0,0,0,0,0,0,0,0,0,0,0,0,0,0,0,0,0,0,0,0,0,0,251373562,0,0,0,0,0
1788888843.341,0,0,0,0,0,0,0,746148045,3771867757056,1803487194112,0,0,0,0,0,0,0,0,0,0,0,0,0,0,0,0,0,0,0,0,0,0,0,0,0,0,0,0,0,0,0,0,0,0,0,0,0,0,0,0,0,0,0,0,0,0,0,0,0,0,0,0,0,0,0,0,0,0,1012156,230358755,98489869,0,0,0,0,0,0,0,0,0,0,0,0,0,0,0,0,0,0,0,0,0,0,0,0,0,0,0,0,0,0,0,0,0,0,0,0,0,12883034112,5140267008,786318,313737,0,114,786432,229547949,0,0,3638846168,12884901888,102480250,421624910,0,0,0,0,0,0,0,0,0,0,0,0,0,0,0,0,0,0,23887028,23887217,0,97,97,6268,329,47774024,35,0,0,0,0,0,0,0,1,0,0,0,0,0,0,0,0,0,0,26861393,0,57709588,496261,0,0,0,0,0,0,0,0,16384,0,0,0,0,0,0,0,0,0,0,0,3952,611,0,0,0,0,0,72614993,0,298,0,27,611,3952,0,0,0,0,0,0,0,0,0,0,0,0,0,0,0,0,0,0,0,0,0,0,0,0,0,0,0,0,0,0,0,0,0,0,0,0,0,0,0,0,0,0,0,0,0,0,0,0,0,0,0,0,0,310283927,0,0,0,359231725,0,0,0,0,0,0,0,109648251,230238689,449295765,160715450880,60724541,0,0,0,0,0,0,0,0,0,0,0,0,0,0,0,0,0,0,0,0,0,0,0,0,0,0,0,0,0,0,0,251376381,0,0,0,0,0
1788888844.368,0,0,0,0,0,0,0,746240149,3772568615424,1803796883456,0,0,0,0,0,0,0,0,0,0,0,0,0,0,0,0,0,0,0,0,0,0,0,0,0,0,0,0,0,0,0,0,0,0,0,0,0,0,0,0,0,0,0,0,0,0,0,0,0,0,0,0,0,0,0,0,0,0,1012324,230401618,98507213,0,0,0,0,0,0,0,0,0,0,0,0,0,0,0,0,0,0,0,0,0,0,0,0,0,0,0,0,0,0,0,0,0,0,0,0,0,12882903040,5124390912,786310,312768,0,122,786432,229590688,0,0,3639300801,12884901888,102518462,421673098,0,0,0,0,0,0,0,0,0,0,0,0,0,0,0,0,0,0,23890089,23890278,0,97,97,6268,329,47780133,35,0,0,0,0,0,0,0,1,0,0,0,0,0,0,0,0,0,0,26864835,0,57713004,496289,0,0,0,0,0,0,0,0,16384,0,0,0,0,0,0,0,0,0,0,0,3953,611,0,0,0,0,0,72624297,0,298,0,27,611,3953,0,0,0,0,0,0,0,0,0,0,0,0,0,0,0,0,0,0,0,0,0,0,0,0,0,0,0,0,0,0,0,0,0,0,0,0,0,0,0,0,0,0,0,0,0,0,0,0,0,0,0,0,0,310327431,0,0,0,359274888,0,0,0,0,0,0,0,109678128,230281467,449370388,160737835008,60740267,0,0,0,0,0,0,0,0,0,0,0,0,0,0,0,0,0,0,0,0,0,0,0,0,0,0,0,0,0,0,0,251379440,0,0,0,0,0
1788888845.395,0,0,0,0,0,0,0,746319592,3773170006528,1804029486080,0,0,0,0,0,0,0,0,0,0,0,0,0,0,0,0,0,0,0,0,0,0,0,0,0,0,0,0,0,0,0,0,0,0,0,0,0,0,0,0,0,0,0,0,0,0,0,0,0,0,0,0,0,0,0,0,0,0,1012477,230438396,98520051,0,0,0,0,0,0,0,0,0,0,0,0,0,0,0,0,0,0,0,0,0,0,0,0,0,0,0,0,0,0,0,0,0,0,0,0,0,12883296256,5143740416,786333,313949,0,98,786432,229627384,0,0,3639691373,12884901888,102552747,421714413,0,0,0,0,0,0,0,0,0,0,0,0,0,0,0,0,0,0,23892708,23892898,0,97,97,6268,329,47785373,35,0,0,0,0,0,0,0,1,0,0,0,0,0,0,0,0,0,0,26867782,0,57713592,496295,0,0,0,0,0,0,0,0,16384,0,0,0,0,0,0,0,0,0,0,0,3954,611,0,0,0,0,0,72632253,0,298,0,27,611,3954,0,0,0,0,0,0,0,0,0,0,0,0,0,0,0,0,0,0,0,0,0,0,0,0,0,0,0,0,0,0,0,0,0,0,0,0,0,0,0,0,0,0,0,0,0,0,0,0,0,0,0,0,0,310364563,0,0,0,359311967,0,0,0,0,0,0,0,109707667,230318188,449432531,160756905984,60757513,0,0,0,0,0,0,0,0,0,0,0,0,0,0,0,0,0,0,0,0,0,0,0,0,0,0,0,0,0,0,0,251382061,0,0,0,0,0
1788888846.423,0,0,0,0,0,0,0,746395598,3773752015360,1804254759936,0,0,0,0,0,0,0,0,0,0,0,0,0,0,0,0,0,0,0,0,0,0,0,0,0,0,0,0,0,0,0,0,0,0,0,0,0,0,0,0,0,0,0,0,0,0,0,0,0,0,0,0,0,0,0,0,0,0,1012626,230473976,98532520,0,0,0,0,0,0,0,0,0,0,0,0,0,0,0,0,0,0,0,0,0,0,0,0,0,0,0,0,0,0,0,0,0,0,0,0,0,12883197952,5161959424,786328,315061,0,104,786432,229662879,0,0,3640066632,12884901888,102587412,421754093,0,0,0,0,0,0,0,0,0,0,0,0,0,0,0,0,0,0,23895210,23895405,0,97,97,6268,329,47790401,35,0,0,0,0,0,0,0,1,0,0,0,0,0,0,0,0,0,0,26870602,0,57713720,496296,0,0,0,0,0,0,0,0,16384,0,0,0,0,0,0,0,0,0,0,0,3955,611,0,0,0,0,0,72639878,0,298,0,27,611,3955,0,0,0,0,0,0,0,0,0,0,0,0,0,0,0,0,0,0,0,0,0,0,0,0,0,0,0,0,0,0,0,0,0,0,0,0,0,0,0,0,0,0,0,0,0,0,0,0,0,0,0,0,0,310400276,0,0,0,359347512,0,0,0,0,0,0,0,109737624,230353720,449492934,160775266304,60775171,1,0,0,0,0,0,0,0,0,0,0,0,0,0,0,0,0,0,0,0,0,0,0,0,0,0,0,0,0,0,0,251384568,0,0,0,0,0
1788888847.451,0,0,0,0,0,0,0,746483706,3774424103424,1804550774272,0,0,0,0,0,0,0,0,0,0,0,0,0,0,0,0,0,0,0,0,0,0,0,0,0,0,0,0,0,0,0,0,0,0,0,0,0,0,0,0,0,0,0,0,0,0,0,0,0,0,0,0,0,0,0,0,0,0,1012777,230515100,98549094,0,0,0,0,0,0,0,0,0,0,0,0,0,0,0,0,0,0,0,0,0,0,0,0,0,0,0,0,0,0,0,0,0,0,0,0,0,12882935808,5148082176,786312,314214,0,120,786432,229703905,0,0,3640501668,12884901888,102624242,421799912,0,0,0,0,0,0,0,0,0,0,0,0,0,0,0,0,0,0,23898125,23898313,0,97,97,6268,329,47796204,35,0,0,0,0,0,0,0,1,0,0,0,0,0,0,0,0,0,0,26873874,0,57717044,496323,0,0,0,0,0,0,0,0,16384,0,0,0,0,0,0,0,0,0,0,0,3956,611,0,0,0,0,0,72648721,0,298,0,27,611,3956,0,0,0,0,0,0,0,0,0,0,0,0,0,0,0,0,0,0,0,0,0,0,0,0,0,0,0,0,0,0,0,0,0,0,0,0,0,0,0,0,0,0,0,0,0,0,0,0,0,0,0,0,0,310441660,0,0,0,359388653,0,0,0,0,0,0,0,109768494,230394770,449564050,160796567552,60792519,0,0,0,0,0,0,0,0,0,0,0,0,0,0,0,0,0,0,0,0,0,0,0,0,0,0,0,0,0,0,0,251387477,0,0,0,0,0
1788888848.477,0,0,0,0,0,0,0,746573249,3775104989696,1804847958016,0,0,0,0,0,0,0,0,0,0,0,0,0,0,0,0,0,0,0,0,0,0,0,0,0,0,0,0,0,0,0,0,0,0,0,0,0,0,0,0,0,0,0,0,0,0,0,0,0,0,0,0,0,0,0,0,0,0,1012926,230556741,98565732,0,0,0,0,0,0,0,0,0,0,0,0,0,0,0,0,0,0,0,0,0,0,0,0,0,0,0,0,0,0,0,0,0,0,0,0,0,12883083264,5135908864,786321,313471,0,112,786432,229745439,0,0,3640942975,12884901888,102661654,421846389,0,0,0,0,0,0,0,0,0,0,0,0,0,0,0,0,0,0,23901077,23901270,0,97,97,6268,329,47802116,35,0,0,0,0,0,0,0,1,0,0,0,0,0,0,0,0,0,0,26877198,0,57720250,496349,0,0,0,0,0,0,0,0,16384,0,0,0,0,0,0,0,0,0,0,0,3957,611,0,0,0,0,0,72657710,0,298,0,27,611,3957,0,0,0,0,0,0,0,0,0,0,0,0,0,0,0,0,0,0,0,0,0,0,0,0,0,0,0,0,0,0,0,0,0,0,0,0,0,0,0,0,0,0,0,0,0,0,0,0,0,0,0,0,0,310483668,0,0,0,359430471,0,0,0,0,0,0,0,109799267,230436350,449636012,160818147328,60809583,0,0,0,0,0,0,0,0,0,0,0,0,0,0,0,0,0,0,0,0,0,0,0,0,0,0,0,0,0,0,0,251390432,0,0,0,0,0
1788888849.505,0,0,0,0,0,0,0,746652979,3775711607296,1805097092096,0,0,0,0,0,0,0,0,0,0,0,0,0,0,0,0,0,0,0,0,0,0,0,0,0,0,0,0,0,0,0,0,0,0,0,0,0,0,0,0,0,0,0,0,0,0,0,0,0,0,0,0,0,0,0,0,0,0,1013084,230593802,98579509,0,0,0,0,0,0,0,0,0,0,0,0,0,0,0,0,0,0,0,0,0,0,0,0,0,0,0,0,0,0,0,0,0,0,0,0,0,12883755008,5141594112,786362,313818,0,70,786432,229782403,0,0,3641336691,12884901888,102696368,421888015,0,0,0,0,0,0,0,0,0,0,0,0,0,0,0,0,0,0,23903709,23903902,0,97,97,6268,329,47807386,35,0,0,0,0,0,0,0,1,0,0,0,0,0,0,0,0,0,0,26880158,0,57721620,496360,0,0,0,0,0,0,0,0,16384,0,0,0,0,0,0,0,0,0,0,0,3958,611,0,0,0,0,0,72665673,0,298,0,27,611,3958,0,0,0,0,0,0,0,0,0,0,0,0,0,0,0,0,0,0,0,0,0,0,0,0,0,0,0,0,0,0,0,0,0,0,0,0,0,0,0,0,0,0,0,0,0,0,0,0,0,0,0,0,0,310520813,0,0,0,359467782,0,0,0,0,0,0,0,109829141,230473401,449699375,160837256192,60826964,1,0,0,0,0,0,0,0,0,0,0,0,0,0,0,0,0,0,0,0,0,0,0,0,0,0,0,0,0,0,0,251393062,0,0,0,0,0
1788888850.534,0,0,0,0,0,0,0,746736232,3776346651136,1805365049344,0,0,0,0,0,0,0,0,0,0,0,0,0,0,0,0,0,0,0,0,0,0,0,0,0,0,0,0,0,0,0,0,0,0,0,0,0,0,0,0,0,0,0,0,0,0,0,0,0,0,0,0,0,0,0,0,0,0,1013219,230632668,98594548,0,0,0,0,0,0,0,0,0,0,0,0,0,0,0,0,0,0,0,0,0,0,0,0,0,0,0,0,0,0,0,0,0,0,0,0,0,12882853888,5137137664,786307,313546,0,125,786432,229821187,0,0,3641747220,12884901888,102732363,421931239,0,0,0,0,0,0,0,0,0,0,0,0,0,0,0,0,0,0,23906457,23906649,0,97,97,6268,329,47812885,35,0,0,0,0,0,0,0,1,0,0,0,0,0,0,0,0,0,0,26883248,0,57723696,496377,0,0,0,0,0,0,0,0,16384,0,0,0,0,0,0,0,0,0,0,0,3959,611,0,0,0,0,0,72674028,0,298,0,27,611,3959,0,0,0,0,0,0,0,0,0,0,0,0,0,0,0,0,0,0,0,0,0,0,0,0,0,0,0,0,0,0,0,0,0,0,0,0,0,0,0,0,0,0,0,0,0,0,0,0,0,0,0,0,0,310559992,0,0,0,359506690,0,0,0,0,0,0,0,109858856,230512180,449766285,160857410560,60843569,1,0,0,0,0,0,0,0,0,0,0,0,0,0,0,0,0,0,0,0,0,0,0,0,0,0,0,0,0,0,0,251395812,0,0,0,0,0
1788888851.562,0,0,0,0,0,0,0,746821625,3776994720256,1805652482048,0,0,0,0,0,0,0,0,0,0,0,0,0,0,0,0,0,0,0,0,0,0,0,0,0,0,0,0,0,0,0,0,0,0,0,0,0,0,0,0,0,0,0,0,0,0,0,0,0,0,0,0,0,0,0,0,0,0,1013427,230672310,98610643,0,0,0,0,0,0,0,0,0,0,0,0,0,0,0,0,0,0,0,0,0,0,0,0,0,0,0,0,0,0,0,0,0,0,0,0,0,12883099648,5121884160,786322,312615,0,110,786432,229860737,0,0,3642169015,12884901888,102768189,421976086,0,0,0,0,0,0,0,0,0,0,0,0,0,0,0,0,0,0,23909283,23909468,0,97,97,6268,329,47818531,35,0,0,0,0,0,0,0,1,0,0,0,0,0,0,0,0,0,0,26886420,0,57726776,496402,0,0,0,0,0,0,0,0,16384,0,0,0,0,0,0,0,0,0,0,0,3960,611,0,0,0,0,0,72682610,0,298,0,27,611,3960,0,0,0,0,0,0,0,0,0,0,0,0,0,0,0,0,0,0,0,0,0,0,0,0,0,0,0,0,0,0,0,0,0,0,0,0,0,0,0,0,0,0,0,0,0,0,0,0,0,0,0,0,0,310600060,0,0,0,359546567,0,0,0,0,0,0,0,109889959,230551764,449835350,160878001664,60861303,1,0,0,0,0,0,0,0,0,0,0,0,0,0,0,0,0,0,0,0,0,0,0,0,0,0,0,0,0,0,0,251398632,0,0,0,0,0
1788888852.589,0,0,0,0,0,0,0,746901060,3777600748032,1805886351360,0,0,0,0,0,0,0,0,0,0,0,0,0,0,0,0,0,0,0,0,0,0,0,0,0,0,0,0,0,0,0,0,0,0,0,0,0,0,0,0,0,0,0,0,0,0,0,0,0,0,0,0,0,0,0,0,0,0,1013549,230709352,98623585,0,0,0,0,0,0,0,0,0,0,0,0,0,0,0,0,0,0,0,0,0,0,0,0,0,0,0,0,0,0,0,0,0,0,0,0,0,12883099648,5139415040,786322,313685,0,110,786432,229897706,0,0,3642561301,12884901888,102804096,422017216,0,0,0,0,0,0,0,0,0,0,0,0,0,0,0,0,0,0,23911911,23912099,0,97,97,6268,329,47823779,35,0,0,0,0,0,0,0,1,0,0,0,0,0,0,0,0,0,0,26889380,0,57727032,496404,0,0,0,0,0,0,0,0,16384,0,0,0,0,0,0,0,0,0,0,0,3961,611,0,0,0,0,0,72690612,0,298,0,27,611,3961,0,0,0,0,0,0,0,0,0,0,0,0,0,0,0,0,0,0,0,0,0,0,0,0,0,0,0,0,0,0,0,0,0,0,0,0,0,0,0,0,0,0,0,0,0,0,0,0,0,0,0,0,0,310637016,0,0,0,359583653,0,0,0,0,0,0,0,109920463,230588764,449897816,160897004032,60879162,0,0,0,0,0,0,0,0,0,0,0,0,0,0,0,0,0,0,0,0,0,0,0,0,0,0,0,0,0,0,0,251401262,0,0,0,0,0
1788888853.617,0,0,0,0,0,0,0,746987645,3778254141952,1806174239744,0,0,0,0,0,0,0,0,0,0,0,0,0,0,0,0,0,0,0,0,0,0,0,0,0,0,0,0,0,0,0,0,0,0,0,0,0,0,0,0,0,0,0,0,0,0,0,0,0,0,0,0,0,0,0,0,0,0,1013692,230749312,98639689,0,0,0,0,0,0,0,0,0,0,0,0,0,0,0,0,0,0,0,0,0,0,0,0,0,0,0,0,0,0,0,0,0,0,0,0,0,12883132416,5125963776,786324,312864,0,109,786432,229937584,0,0,3642988366,12884901888,102839842,422062246,0,0,0,0,0,0,0,0,0,0,0,0,0,0,0,0,0,0,23914770,23914961,0,97,97,6268,329,47829508,35,0,0,0,0,0,0,0,1,0,0,0,0,0,0,0,0,0,0,26892598,0,57730176,496430,0,0,0,0,0,0,0,0,16384,0,0,0,0,0,0,0,0,0,0,0,3962,611,0,0,0,0,0,72699314,0,298,0,27,611,3962,0,0,0,0,0,0,0,0,0,0,0,0,0,0,0,0,0,0,0,0,0,0,0,0,0,0,0,0,0,0,0,0,0,0,0,0,0,0,0,0,0,0,0,0,0,0,0,0,0,0,0,0,0,310677686,0,0,0,359624185,0,0,0,0,0,0,0,109950975,230628639,449967420,160917927424,60896396,0,0,0,0,0,0,0,0,0,0,0,0,0,0,0,0,0,0,0,0,0,0,0,0,0,0,0,0,0,0,0,251404125,0,0,0,0,0
1788888854.645,0,0,0,0,0,0,0,747077023,3778934929920,1806476653568,0,0,0,0,0,0,0,0,0,0,0,0,0,0,0,0,0,0,0,0,0,0,0,0,0,0,0,0,0,0,0,0,0,0,0,0,0,0,0,0,0,0,0,0,0,0,0,0,0,0,0,0,0,0,0,0,0,0,1013846,230790938,98656634,0,0,0,0,0,0,0,0,0,0,0,0,0,0,0,0,0,0,0,0,0,0,0,0,0,0,0,0,0,0,0,0,0,0,0,0,0,12883099648,5107449856,786322,311734,0,110,786432,229979108,0,0,3643429383,12884901888,102876933,422108773,0,0,0,0,0,0,0,0,0,0,0,0,0,0,0,0,0,0,23917733,23917927,0,97,97,6268,329,47835419,35,0,0,0,0,0,0,0,1,0,0,0,0,0,0,0,0,0,0,26895933,0,57733551,496458,0,0,0,0,0,0,0,0,16384,0,0,0,0,0,0,0,0,0,0,0,3963,611,0,0,0,0,0,72708314,0,298,0,27,611,3963,0,0,0,0,0,0,0,0,0,0,0,0,0,0,0,0,0,0,0,0,0,0,0,0,0,0,0,0,0,0,0,0,0,0,0,0,0,0,0,0,0,0,0,0,0,0,0,0,0,0,0,0,0,310719405,0,0,0,359665975,0,0,0,0,0,0,0,109981589,230670216,450039538,160939444224,60913137,1,0,0,0,0,0,0,0,0,0,0,0,0,0,0,0,0,0,0,0,0,0,0,0,0,0,0,0,0,0,0,251407089,0,0,0,0,0
1788888855.673,0,0,0,0,0,0,0,747157933,3779552901632,1806712993280,0,0,0,0,0,0,0,0,0,0,0,0,0,0,0,0,0,0,0,0,0,0,0,0,0,0,0,0,0,0,0,0,0,0,0,0,0,0,0,0,0,0,0,0,0,0,0,0,0,0,0,0,0,0,0,0,0,0,1014000,230828733,98669693,0,0,0,0,0,0,0,0,0,0,0,0,0,0,0,0,0,0,0,0,0,0,0,0,0,0,0,0,0,0,0,0,0,0,0,0,0,12882935808,5129306112,786312,313068,0,120,786432,230016823,0,0,3643829216,12884901888,102912513,422150988,0,0,0,0,0,0,0,0,0,0,0,0,0,0,0,0,0,0,23920398,23920588,0,97,97,6268,329,47840764,35,0,0,0,0,0,0,0,1,0,0,0,0,0,0,0,0,0,0,26898927,0,57733998,496462,0,0,0,0,0,0,0,0,16384,0,0,0,0,0,0,0,0,0,0,0,3964,611,0,0,0,0,0,72716397,0,298,0,27,611,3964,0,0,0,0,0,0,0,0,0,0,0,0,0,0,0,0,0,0,0,0,0,0,0,0,0,0,0,0,0,0,0,0,0,0,0,0,0,0,0,0,0,0,0,0,0,0,0,0,0,0,0,0,0,310757218,0,0,0,359703768,0,0,0,0,0,0,0,110012365,230707933,450102906,160958886400,60931275,0,0,0,0,0,0,0,0,0,0,0,0,0,0,0,0,0,0,0,0,0,0,0,0,0,0,0,0,0,0,0,251409751,0,0,0,0,0
1788888856.700,0,0,0,0,0,0,0,747238484,3780165089792,1806950073344,0,0,0,0,0,0,0,0,0,0,0,0,0,0,0,0,0,0,0,0,0,0,0,0,0,0,0,0,0,0,0,0,0,0,0,0,0,0,0,0,0,0,0,0,0,0,0,0,0,0,0,0,0,0,0,0,0,0,1014147,230866178,98682793,0,0,0,0,0,0,0,0,0,0,0,0,0,0,0,0,0,0,0,0,0,0,0,0,0,0,0,0,0,0,0,0,0,0,0,0,0,12883116032,5149835264,786323,314321,0,109,786432,230054177,0,0,3644226459,12884901888,102948798,422192940,0,0,0,0,0,0,0,0,0,0,0,0,0,0,0,0,0,0,23923047,23923240,0,97,97,6268,329,47846043,35,0,0,0,0,0,0,0,1,0,0,0,0,0,0,0,0,0,0,26901909,0,57734254,496464,0,0,0,0,0,0,0,0,16384,0,0,0,0,0,0,0,0,0,0,0,3965,611,0,0,0,0,0,72724471,0,298,0,27,611,3965,0,0,0,0,0,0,0,0,0,0,0,0,0,0,0,0,0,0,0,0,0,0,0,0,0,0,0,0,0,0,0,0,0,0,0,0,0,0,0,0,0,0,0,0,0,0,0,0,0,0,0,0,0,310794695,0,0,0,359741332,0,0,0,0,0,0,0,110042997,230745332,450166261,160978172928,60949087,0,0,0,0,0,0,0,0,0,0,0,0,0,0,0,0,0,0,0,0,0,0,0,0,0,0,0,0,0,0,0,251412403,0,0,0,0,0
1788888857.726,0,0,0,0,0,0,0,747323303,3780810324480,1807233451520,0,0,0,0,0,0,0,0,0,0,0,0,0,0,0,0,0,0,0,0,0,0,0,0,0,0,0,0,0,0,0,0,0,0,0,0,0,0,0,0,0,0,0,0,0,0,0,0,0,0,0,0,0,0,0,0,0,0,1014312,230905633,98698671,0,0,0,0,0,0,0,0,0,0,0,0,0,0,0,0,0,0,0,0,0,0,0,0,0,0,0,0,0,0,0,0,0,0,0,0,0,12882984960,5137498112,786315,313568,0,117,786432,230093528,0,0,3644643489,12884901888,102984117,422237221,0,0,0,0,0,0,0,0,0,0,0,0,0,0,0,0,0,0,23925857,23926049,0,97,97,6268,329,47851681,35,0,0,0,0,0,0,0,1,0,0,0,0,0,0,0,0,0,0,26905071,0,57737411,496490,0,0,0,0,0,0,0,0,16384,0,0,0,0,0,0,0,0,0,0,0,3966,611,0,0,0,0,0,72733016,0,298,0,27,611,3966,0,0,0,0,0,0,0,0,0,0,0,0,0,0,0,0,0,0,0,0,0,0,0,0,0,0,0,0,0,0,0,0,0,0,0,0,0,0,0,0,0,0,0,0,0,0,0,0,0,0,0,0,0,310834215,0,0,0,359781029,0,0,0,0,0,0,0,110073056,230784745,450234277,160998508032,60966156,1,1,0,0,0,0,0,0,0,0,0,0,0,0,0,0,0,0,0,0,0,0,0,0,0,0,0,0,0,0,0,251415213,0,0,0,0,0
1788888858.754,0,0,0,0,0,0,0,747411459,3781484542464,1807530334720,0,0,0,0,0,0,0,0,0,0,0,0,0,0,0,0,0,0,0,0,0,0,0,0,0,0,0,0,0,0,0,0,0,0,0,0,0,0,0,0,0,0,0,0,0,0,0,0,0,0,0,0,0,0,0,0,0,0,1014500,230946863,98715321,0,0,0,0,0,0,0,0,0,0,0,0,0,0,0,0,0,0,0,0,0,0,0,0,0,0,0,0,0,0,0,0,0,0,0,0,0,12883066880,5122342912,786320,312643,0,112,786432,230134655,0,0,3645079416,12884901888,103021049,422283284,0,0,0,0,0,0,0,0,0,0,0,0,0,0,0,0,0,0,23928779,23928969,0,97,97,6268,329,47857514,35,0,0,0,0,0,0,0,1,0,0,0,0,0,0,0,0,0,0,26908352,0,57740702,496517,0,0,0,0,0,0,0,0,16384,0,0,0,0,0,0,0,0,0,0,0,3967,611,0,0,0,0,0,72741885,0,298,0,27,611,3967,0,0,0,0,0,0,0,0,0,0,0,0,0,0,0,0,0,0,0,0,0,0,0,0,0,0,0,0,0,0,0,0,0,0,0,0,0,0,0,0,0,0,0,0,0,0,0,0,0,0,0,0,0,310875046,0,0,0,359822203,0,0,0,0,0,0,0,110104224,230825932,450304989,161019502080,60983634,1,0,0,0,0,0,0,0,0,0,0,0,0,0,0,0,0,0,0,0,0,0,0,0,0,0,0,0,0,0,0,251418131,0,0,0,0,0
1788888859.781,0,0,0,0,0,0,0,747491260,3782091684352,1807765789696,0,0,0,0,0,0,0,0,0,0,0,0,0,0,0,0,0,0,0,0,0,0,0,0,0,0,0,0,0,0,0,0,0,0,0,0,0,0,0,0,0,0,0,0,0,0,0,0,0,0,0,0,0,0,0,0,0,0,1014633,230983995,98728348,0,0,0,0,0,0,0,0,0,0,0,0,0,0,0,0,0,0,0,0,0,0,0,0,0,0,0,0,0,0,0,0,0,0,0,0,0,12883017728,5138563072,786317,313633,0,114,786432,230171705,0,0,3645473937,12884901888,103057194,422324626,0,0,0,0,0,0,0,0,0,0,0,0,0,0,0,0,0,0,23931432,23931622,0,97,97,6268,329,47862826,35,0,0,0,0,0,0,0,1,0,0,0,0,0,0,0,0,0,0,26911339,0,57740830,496518,0,0,0,0,0,0,0,0,16384,0,0,0,0,0,0,0,0,0,0,0,3968,611,0,0,0,0,0,72749938,0,298,0,27,611,3968,0,0,0,0,0,0,0,0,0,0,0,0,0,0,0,0,0,0,0,0,0,0,0,0,0,0,0,0,0,0,0,0,0,0,0,0,0,0,0,0,0,0,0,0,0,0,0,0,0,0,0,0,0,310912226,0,0,0,359859488,0,0,0,0,0,0,0,110135295,230863004,450367994,161038618112,61001838,1,0,0,0,0,0,0,0,0,0,0,0,0,0,0,0,0,0,0,0,0,0,0,0,0,0,0,0,0,0,0,251420786,0,0,0,0,0
1788888860.809,0,0,0,0,0,0,0,747580109,3782766393856,1808062662144,0,0,0,0,0,0,0,0,0,0,0,0,0,0,0,0,0,0,0,0,0,0,0,0,0,0,0,0,0,0,0,0,0,0,0,0,0,0,0,0,0,0,0,0,0,0,0,0,0,0,0,0,0,0,0,0,0,0,1014806,231025263,98744976,0,0,0,0,0,0,0,0,0,0,0,0,0,0,0,0,0,0,0,0,0,0,0,0,0,0,0,0,0,0,0,0,0,0,0,0,0,12883329024,5125898240,786336,312860,0,96,786432,230212854,0,0,3645911665,12884901888,103094433,422370829,0,0,0,0,0,0,0,0,0,0,0,0,0,0,0,0,0,0,23934366,23934563,0,97,97,6268,329,47868708,35,0,0,0,0,0,0,0,1,0,0,0,0,0,0,0,0,0,0,26914644,0,57744006,496544,0,0,0,0,0,0,0,0,16384,0,0,0,0,0,0,0,0,0,0,0,3969,611,0,0,0,0,0,72758880,0,298,0,27,611,3969,0,0,0,0,0,0,0,0,0,0,0,0,0,0,0,0,0,0,0,0,0,0,0,0,0,0,0,0,0,0,0,0,0,0,0,0,0,0,0,0,0,0,0,0,0,0,0,0,0,0,0,0,0,310953578,0,0,0,359900961,0,0,0,0,0,0,0,110165824,230904206,450439319,161059871744,61018604,1,1,0,0,0,0,0,0,0,0,0,0,0,0,0,0,0,0,0,0,0,0,0,0,0,0,0,0,0,0,0,251423724,0,0,0,0,0
1788888861.837,0,0,0,0,0,0,0,747663188,3783404059136,1808345928704,0,0,0,0,0,0,0,0,0,0,0,0,0,0,0,0,0,0,0,0,0,0,0,0,0,0,0,0,0,0,0,0,0,0,0,0,0,0,0,0,0,0,0,0,0,0,0,0,0,0,0,0,0,0,0,0,0,0,1014974,231064172,98760849,0,0,0,0,0,0,0,0,0,0,0,0,0,0,0,0,0,0,0,0,0,0,0,0,0,0,0,0,0,0,0,0,0,0,0,0,0,12881494016,5109432320,786224,311855,138,71,786432,230251676,0,0,3646321099,12884901888,103130423,422414333,0,0,0,0,0,0,0,0,0,0,0,0,0,0,0,0,0,0,23937125,23937318,0,97,97,6268,329,47874205,35,0,0,0,0,0,0,0,1,0,0,0,0,0,0,0,0,0,0,26917744,0,57746826,496567,0,0,0,0,0,0,0,0,16384,0,0,0,0,0,0,0,0,0,0,0,3970,611,0,0,0,0,0,72767256,0,298,0,27,611,3970,0,0,0,0,0,0,0,0,0,0,0,0,0,0,0,0,0,0,0,0,0,0,0,0,0,0,0,0,0,0,0,0,0,0,0,0,0,0,0,0,0,0,0,0,0,0,0,0,0,0,0,0,0,310992387,0,0,0,359939864,0,0,0,0,0,0,0,110194974,230943157,450506968,161079826432,61034448,1,0,0,0,0,0,0,0,0,0,0,0,0,0,0,0,0,0,0,0,0,0,0,0,0,0,0,0,0,0,0,251426478,0,0,0,0,0
1788888862.866,0,0,0,0,0,0,0,747747914,3784044788224,1808595878912,0,0,0,0,0,0,0,0,0,0,0,0,0,0,0,0,0,0,0,0,0,0,0,0,0,0,0,0,0,0,0,0,0,0,0,0,0,0,0,0,0,0,0,0,0,0,0,0,0,0,0,0,0,0,0,0,0,0,1015086,231103451,98774690,0,0,0,0,0,0,0,0,0,0,0,0,0,0,0,0,0,0,0,0,0,0,0,0,0,0,0,0,0,0,0,0,0,0,0,0,0,12883034112,5127520256,786318,312959,0,114,786432,230290859,0,0,3646738929,12884901888,103167455,422457968,0,0,0,0,0,0,0,0,0,0,0,0,0,0,0,0,0,0,23939912,23940106,0,97,97,6268,329,47879794,35,0,0,0,0,0,0,0,1,0,0,0,0,0,0,0,0,0,0,26920881,0,57747423,496572,0,0,0,0,0,0,0,0,16384,0,0,0,0,0,0,0,0,0,0,0,3971,611,0,0,0,0,0,72775739,0,298,0,27,611,3971,0,0,0,0,0,0,0,0,0,0,0,0,0,0,0,0,0,0,0,0,0,0,0,0,0,0,0,0,0,0,0,0,0,0,0,0,0,0,0,0,0,0,0,0,0,0,0,0,0,0,0,0,0,311031679,0,0,0,359979408,0,0,0,0,0,0,0,110226133,230982261,450573214,161100004864,61052360,0,0,0,0,0,0,0,0,0,0,0,0,0,0,0,0,0,0,0,0,0,0,0,0,0,0,0,0,0,0,0,251429269,0,0,0,0,0
1788888863.894,0,0,0,0,0,0,0,747830991,3784673442304,1808859868672,0,0,0,0,0,0,0,0,0,0,0,0,0,0,0,0,0,0,0,0,0,0,0,0,0,0,0,0,0,0,0,0,0,0,0,0,0,0,0,0,0,0,0,0,0,0,0,0,0,0,0,0,0,0,0,0,0,0,1015246,231141897,98789396,0,0,0,0,0,0,0,0,0,0,0,0,0,0,0,0,0,0,0,0,0,0,0,0,0,0,0,0,0,0,0,0,0,0,0,0,0,12882968576,5127979008,786314,312987,0,118,786432,230329194,0,0,3647148768,12884901888,103203237,422501301,0,0,0,0,0,0,0,0,0,0,0,0,0,0,0,0,0,0,23942667,23942859,0,97,97,6268,329,47885287,35,0,0,0,0,0,0,0,1,0,0,0,0,0,0,0,0,0,0,26923980,0,57749129,496586,0,0,0,0,0,0,0,0,16384,0,0,0,0,0,0,0,0,0,0,0,3972,611,0,0,0,0,0,72784136,0,298,0,27,611,3972,0,0,0,0,0,0,0,0,0,0,0,0,0,0,0,0,0,0,0,0,0,0,0,0,0,0,0,0,0,0,0,0,0,0,0,0,0,0,0,0,0,0,0,0,0,0,0,0,0,0,0,0,0,311070363,0,0,0,360018262,0,0,0,0,0,0,0,110256010,231020660,450639519,161119897088,61069042,0,0,0,0,0,0,0,0,0,0,0,0,0,0,0,0,0,0,0,0,0,0,0,0,0,0,0,0,0,0,0,251432023,0,0,0,0,0
1788888864.921,0,0,0,0,0,0,0,747914239,3785305258496,1809138134016,0,0,0,0,0,0,0,0,0,0,0,0,0,0,0,0,0,0,0,0,0,0,0,0,0,0,0,0,0,0,0,0,0,0,0,0,0,0,0,0,0,0,0,0,0,0,0,0,0,0,0,0,0,0,0,0,0,0,1015389,231180522,98804987,0,0,0,0,0,0,0,0,0,0,0,0,0,0,0,0,0,0,0,0,0,0,0,0,0,0,0,0,0,0,0,0,0,0,0,0,0,12882968576,5113397248,786314,312097,0,118,786432,230367743,0,0,3647559541,12884901888,103239108,422544563,0,0,0,0,0,0,0,0,0,0,0,0,0,0,0,0,0,0,23945420,23945601,0,97,97,6268,329,47890799,35,0,0,0,0,0,0,0,1,0,0,0,0,0,0,0,0,0,0,26927065,0,57751949,496609,0,0,0,0,0,0,0,0,16384,0,0,0,0,0,0,0,0,0,0,0,3973,611,0,0,0,0,0,72792463,0,298,0,27,611,3973,0,0,0,0,0,0,0,0,0,0,0,0,0,0,0,0,0,0,0,0,0,0,0,0,0,0,0,0,0,0,0,0,0,0,0,0,0,0,0,0,0,0,0,0,0,0,0,0,0,0,0,0,0,311108613,0,0,0,360057122,0,0,0,0,0,0,0,110286672,231059239,450706033,161139575296,61086578,1,0,0,0,0,0,0,0,0,0,0,0,0,0,0,0,0,0,0,0,0,0,0,0,0,0,0,0,0,0,0,251434764,0,0,0,0,0
1788888865.950,0,0,0,0,0,0,0,747993422,3785908959744,1809369994240,0,0,0,0,0,0,0,0,0,0,0,0,0,0,0,0,0,0,0,0,0,0,0,0,0,0,0,0,0,0,0,0,0,0,0,0,0,0,0,0,0,0,0,0,0,0,0,0,0,0,0,0,0,0,0,0,0,0,1015546,231217437,98817813,0,0,0,0,0,0,0,0,0,0,0,0,0,0,0,0,0,0,0,0,0,0,0,0,0,0,0,0,0,0,0,0,0,0,0,0,0,12882984960,5133221888,786315,313307,0,117,786432,230404583,0,0,3647950445,12884901888,103275045,422585876,0,0,0,0,0,0,0,0,0,0,0,0,0,0,0,0,0,0,23948032,23948223,0,97,97,6268,329,47896026,35,0,0,0,0,0,0,0,1,0,0,0,0,0,0,0,0,0,0,26930014,0,57752077,496610,0,0,0,0,0,0,0,0,16384,0,0,0,0,0,0,0,0,0,0,0,3974,611,0,0,0,0,0,72800444,0,298,0,27,611,3974,0,0,0,0,0,0,0,0,0,0,0,0,0,0,0,0,0,0,0,0,0,0,0,0,0,0,0,0,0,0,0,0,0,0,0,0,0,0,0,0,0,0,0,0,0,0,0,0,0,0,0,0,0,311145216,0,0,0,360094110,0,0,0,0,0,0,0,110317266,231096111,450768058,161158412288,61104504,0,0,0,0,0,0,0,0,0,0,0,0,0,0,0,0,0,0,0,0,0,0,0,0,0,0,0,0,0,0,0,251437387,0,0,0,0,0
1788888866.977,0,0,0,0,0,0,0,748073608,3786520672768,1809645502464,0,0,0,0,0,0,0,0,0,0,0,0,0,0,0,0,0,0,0,0,0,0,0,0,0,0,0,0,0,0,0,0,0,0,0,0,0,0,0,0,0,0,0,0,0,0,0,0,0,0,0,0,0,0,0,0,0,0,1015679,231254838,98833281,0,0,0,0,0,0,0,0,0,0,0,0,0,0,0,0,0,0,0,0,0,0,0,0,0,0,0,0,0,0,0,0,0,0,0,0,0,12883230720,5111971840,786330,312009,0,102,786432,230441901,0,0,3648346014,12884901888,103309867,422627442,0,0,0,0,0,0,0,0,0,0,0,0,0,0,0,0,0,0,23950688,23950875,0,97,97,6268,329,47901333,35,0,0,0,0,0,0,0,1,0,0,0,0,0,0,0,0,0,0,26932997,0,57754889,496633,0,0,0,0,0,0,0,0,16384,0,0,0,0,0,0,0,0,0,0,0,3975,611,0,0,0,0,0,72808498,0,298,0,27,611,3975,0,0,0,0,0,0,0,0,0,0,0,0,0,0,0,0,0,0,0,0,0,0,0,0,0,0,0,0,0,0,0,0,0,0,0,0,0,0,0,0,0,0,0,0,0,0,0,0,0,0,0,0,0,311182284,0,0,0,360131499,0,0,0,0,0,0,0,110347921,231133469,450833155,161177507328,61122157,0,0,0,0,0,0,0,0,0,0,0,0,0,0,0,0,0,0,0,0,0,0,0,0,0,0,0,0,0,0,0,251440038,0,0,0,0,0
1788888868.005,0,0,0,0,0,0,0,748155967,3787144706560,1809885660160,0,0,0,0,0,0,0,0,0,0,0,0,0,0,0,0,0,0,0,0,0,0,0,0,0,0,0,0,0,0,0,0,0,0,0,0,0,0,0,0,0,0,0,0,0,0,0,0,0,0,0,0,0,0,0,0,0,0,1015891,231292998,98846542,0,0,0,0,0,0,0,0,0,0,0,0,0,0,0,0,0,0,0,0,0,0,0,0,0,0,0,0,0,0,0,0,0,0,0,0,0,12883017728,5135663104,786317,313456,0,115,786432,230479974,0,0,3648751442,12884901888,103346986,422671005,0,0,0,0,0,0,0,0,0,0,0,0,0,0,0,0,0,0,23953412,23953602,0,97,97,6268,329,47906786,35,0,0,0,0,0,0,0,1,0,0,0,0,0,0,0,0,0,0,26936064,0,57755017,496634,0,0,0,0,0,0,0,0,16384,0,0,0,0,0,0,0,0,0,0,0,3976,611,0,0,0,0,0,72816783,0,298,0,27,611,3976,0,0,0,0,0,0,0,0,0,0,0,0,0,0,0,0,0,0,0,0,0,0,0,0,0,0,0,0,0,0,0,0,0,0,0,0,0,0,0,0,0,0,0,0,0,0,0,0,0,0,0,0,0,311220564,0,0,0,360170085,0,0,0,0,0,0,0,110379157,231171579,450897729,161197214208,61140287,1,0,0,0,0,0,0,0,0,0,0,0,0,0,0,0,0,0,0,0,0,0,0,0,0,0,0,0,0,0,0,251442765,0,0,0,0,0
1788888869.032,0,0,0,0,0,0,0,748237922,3787771771392,1810163529216,0,0,0,0,0,0,0,0,0,0,0,0,0,0,0,0,0,0,0,0,0,0,0,0,0,0,0,0,0,0,0,0,0,0,0,0,0,0,0,0,0,0,0,0,0,0,0,0,0,0,0,0,0,0,0,0,0,0,1016002,231331349,98862125,0,0,0,0,0,0,0,0,0,0,0,0,0,0,0,0,0,0,0,0,0,0,0,0,0,0,0,0,0,0,0,0,0,0,0,0,0,12883001344,5119737856,786316,312484,0,116,786432,230518229,0,0,3649155747,12884901888,103382470,422713355,0,0,0,0,0,0,0,0,0,0,0,0,0,0,0,0,0,0,23956113,23956304,0,97,97,6268,329,47912193,35,0,0,0,0,0,0,0,1,0,0,0,0,0,0,0,0,0,0,26939106,0,57757806,496657,0,0,0,0,0,0,0,0,16384,0,0,0,0,0,0,0,0,0,0,0,3977,611,0,0,0,0,0,72824997,0,298,0,27,611,3977,0,0,0,0,0,0,0,0,0,0,0,0,0,0,0,0,0,0,0,0,0,0,0,0,0,0,0,0,0,0,0,0,0,0,0,0,0,0,0,0,0,0,0,0,0,0,0,0,0,0,0,0,0,311258608,0,0,0,360208364,0,0,0,0,0,0,0,110409988,231209873,450964052,161216760832,61157967,1,0,0,0,0,0,0,0,0,0,0,0,0,0,0,0,0,0,0,0,0,0,0,0,0,0,0,0,0,0,0,251445469,0,0,0,0,0
1788888870.060,0,0,0,0,0,0,0,748313601,3788351011328,1810386956288,0,0,0,0,0,0,0,0,0,0,0,0,0,0,0,0,0,0,0,0,0,0,0,0,0,0,0,0,0,0,0,0,0,0,0,0,0,0,0,0,0,0,0,0,0,0,0,0,0,0,0,0,0,0,0,0,0,0,1016137,231366773,98874480,0,0,0,0,0,0,0,0,0,0,0,0,0,0,0,0,0,0,0,0,0,0,0,0,0,0,0,0,0,0,0,0,0,0,0,0,0,12882984960,5139005440,786315,313660,1,116,786432,230553592,0,0,3649529519,12884901888,103416948,422752692,0,0,0,0,0,0,0,0,0,0,0,0,0,0,0,0,0,0,23958605,23958801,0,97,97,6268,329,47917173,35,0,0,0,0,0,0,0,1,0,0,0,0,0,0,0,0,0,0,26941913,0,57757934,496658,0,0,0,0,0,0,0,0,16384,0,0,0,0,0,0,0,0,0,0,0,3978,611,0,0,0,0,0,72832583,0,298,0,27,611,3978,0,0,0,0,0,0,0,0,0,0,0,0,0,0,0,0,0,0,0,0,0,0,0,0,0,0,0,0,0,0,0,0,0,0,0,0,0,0,0,0,0,0,0,0,0,0,0,0,0,0,0,0,0,311293916,0,0,0,360243668,0,0,0,0,0,0,0,110439852,231245238,451023843,161234934272,61175645,1,0,0,0,0,0,0,0,0,0,0,0,0,0,0,0,0,0,0,0,0,0,0,0,0,0,0,0,0,0,0,251447965,0,0,0,0,0
1788888871.087,0,0,0,0,0,0,0,748396983,3788981910016,1810668036096,0,0,0,0,0,0,0,0,0,0,0,0,0,0,0,0,0,0,0,0,0,0,0,0,0,0,0,0,0,0,0,0,0,0,0,0,0,0,0,0,0,0,0,0,0,0,0,0,0,0,0,0,0,0,0,0,0,0,1016268,231405347,98890237,0,0,0,0,0,0,0,0,0,0,0,0,0,0,0,0,0,0,0,0,0,0,0,0,0,0,0,0,0,0,0,0,0,0,0,0,0,12883001344,5124243456,786316,312759,0,116,786432,230592071,0,0,3649940972,12884901888,103452863,422796083,0,0,0,0,0,0,0,0,0,0,0,0,0,0,0,0,0,0,23961370,23961561,0,97,97,6268,329,47922696,35,0,0,0,0,0,0,0,1,0,0,0,0,0,0,0,0,0,0,26945019,0,57760766,496681,0,0,0,0,0,0,0,0,16384,0,0,0,0,0,0,0,0,0,0,0,3979,611,0,0,0,0,0,72840975,0,298,0,27,611,3979,0,0,0,0,0,0,0,0,0,0,0,0,0,0,0,0,0,0,0,0,0,0,0,0,0,0,0,0,0,0,0,0,0,0,0,0,0,0,0,0,0,0,0,0,0,0,0,0,0,0,0,0,0,311332597,0,0,0,360282699,0,0,0,0,0,0,0,110470712,231283769,451091140,161254850048,61193239,0,0,0,0,0,0,0,0,0,0,0,0,0,0,0,0,0,0,0,0,0,0,0,0,0,0,0,0,0,0,0,251450726,0,0,0,0,0
1788888872.115,0,0,0,0,0,0,0,748474029,3789567588864,1810893627392,0,0,0,0,0,0,0,0,0,0,0,0,0,0,0,0,0,0,0,0,0,0,0,0,0,0,0,0,0,0,0,0,0,0,0,0,0,0,0,0,0,0,0,0,0,0,0,0,0,0,0,0,0,0,0,0,0,0,1016446,231441161,98902703,0,0,0,0,0,0,0,0,0,0,0,0,0,0,0,0,0,0,0,0,0,0,0,0,0,0,0,0,0,0,0,0,0,0,0,0,0,12882984960,5141643264,786315,313821,0,116,786432,230627784,0,0,3650321726,12884901888,103487716,422836336,0,0,0,0,0,0,0,0,0,0,0,0,0,0,0,0,0,0,23963918,23964110,0,97,97,6268,329,47927789,35,0,0,0,0,0,0,0,1,0,0,0,0,0,0,0,0,0,0,26947886,0,57760894,496682,0,0,0,0,0,0,0,0,16384,0,0,0,0,0,0,0,0,0,0,0,3980,611,0,0,0,0,0,72848725,0,298,0,27,611,3980,0,0,0,0,0,0,0,0,0,0,0,0,0,0,0,0,0,0,0,0,0,0,0,0,0,0,0,0,0,0,0,0,0,0,0,0,0,0,0,0,0,0,0,0,0,0,0,0,0,0,0,0,0,311368150,0,0,0,360318608,0,0,0,0,0,0,0,110500427,231319541,451151399,161273171456,61210640,1,0,0,0,0,0,0,0,0,0,0,0,0,0,0,0,0,0,0,0,0,0,0,0,0,0,0,0,0,0,0,251453275,0,0,0,0,0
1788888873.142,0,0,0,0,0,0,0,748553464,3790172158464,1811164730880,0,0,0,0,0,0,0,0,0,0,0,0,0,0,0,0,0,0,0,0,0,0,0,0,0,0,0,0,0,0,0,0,0,0,0,0,0,0,0,0,0,0,0,0,0,0,0,0,0,0,0,0,0,0,0,0,0,0,1016562,231478125,98917917,0,0,0,0,0,0,0,0,0,0,0,0,0,0,0,0,0,0,0,0,0,0,0,0,0,0,0,0,0,0,0,0,0,0,0,0,0,12883099648,5121867776,786322,312614,0,110,786432,230664665,0,0,3650713992,12884901888,103522056,422877467,0,0,0,0,0,0,0,0,0,0,0,0,0,0,0,0,0,0,23966533,23966728,0,97,97,6268,329,47933030,35,0,0,0,0,0,0,0,1,0,0,0,0,0,0,0,0,0,0,26950831,0,57763739,496705,0,0,0,0,0,0,0,0,16384,0,0,0,0,0,0,0,0,0,0,0,3981,611,0,0,0,0,0,72856680,0,298,0,27,611,3981,0,0,0,0,0,0,0,0,0,0,0,0,0,0,0,0,0,0,0,0,0,0,0,0,0,0,0,0,0,0,0,0,0,0,0,0,0,0,0,0,0,0,0,0,0,0,0,0,0,0,0,0,0,311404944,0,0,0,360355712,0,0,0,0,0,0,0,110530801,231356441,451215698,161292070912,61228277,1,0,0,0,0,0,0,0,0,0,0,0,0,0,0,0,0,0,0,0,0,0,0,0,0,0,0,0,0,0,0,251455893,0,0,0,0,0
1788888874.170,0,0,0,0,0,0,0,748634985,3790793226752,1811401785856,0,0,0,0,0,0,0,0,0,0,0,0,0,0,0,0,0,0,0,0,0,0,0,0,0,0,0,0,0,0,0,0,0,0,0,0,0,0,0,0,0,0,0,0,0,0,0,0,0,0,0,0,0,0,0,0,0,0,1016701,231516113,98931005,0,0,0,0,0,0,0,0,0,0,0,0,0,0,0,0,0,0,0,0,0,0,0,0,0,0,0,0,0,0,0,0,0,0,0,0,0,12883165184,5144494080,786326,313995,1,105,786432,230702566,0,0,3651115174,12884901888,103559018,422919870,0,0,0,0,0,0,0,0,0,0,0,0,0,0,0,0,0,0,23969232,23969425,0,97,97,6268,329,47938438,35,0,0,0,0,0,0,0,1,0,0,0,0,0,0,0,0,0,0,26953864,0,57763867,496706,0,0,0,0,0,0,0,0,16384,0,0,0,0,0,0,0,0,0,0,0,3982,611,0,0,0,0,0,72864877,0,298,0,27,611,3982,0,0,0,0,0,0,0,0,0,0,0,0,0,0,0,0,0,0,0,0,0,0,0,0,0,0,0,0,0,0,0,0,0,0,0,0,0,0,0,0,0,0,0,0,0,0,0,0,0,0,0,0,0,311442714,0,0,0,360393911,0,0,0,0,0,0,0,110561913,231394366,451279420,161311531520,61246467,1,0,0,0,0,0,0,0,0,0,0,0,0,0,0,0,0,0,0,0,0,0,0,0,0,0,0,0,0,0,0,251458589,0,0,0,0,0
1788888875.197,0,0,0,0,0,0,0,748711045,3791374137856,1811630863872,0,0,0,0,0,0,0,0,0,0,0,0,0,0,0,0,0,0,0,0,0,0,0,0,0,0,0,0,0,0,0,0,0,0,0,0,0,0,0,0,0,0,0,0,0,0,0,0,0,0,0,0,0,0,0,0,0,0,1016830,231551604,98943666,0,0,0,0,0,0,0,0,0,0,0,0,0,0,0,0,0,0,0,0,0,0,0,0,0,0,0,0,0,0,0,0,0,0,0,0,0,12883263488,5158060032,786332,314823,0,100,786432,230737983,0,0,3651489885,12884901888,103593285,422959504,0,0,0,0,0,0,0,0,0,0,0,0,0,0,0,0,0,0,23971748,23971926,0,97,97,6268,329,47943450,35,0,0,0,0,0,0,0,1,0,0,0,0,0,0,0,0,0,0,26956679,0,57763995,496709,0,0,0,0,0,0,0,0,16384,0,0,0,0,0,0,0,0,0,0,0,3983,611,0,0,0,0,0,72872475,0,298,0,27,611,3983,0,0,0,0,0,0,0,0,0,0,0,0,0,0,0,0,0,0,0,0,0,0,0,0,0,0,0,0,0,0,0,0,0,0,0,0,0,0,0,0,0,0,0,0,0,0,0,0,0,0,0,0,0,311478038,0,0,0,360429427,0,0,0,0,0,0,0,110591775,231429840,451339696,161329697792,61263997,1,0,0,0,0,0,0,0,0,0,0,0,0,0,0,0,0,0,0,0,0,0,0,0,0,0,0,0,0,0,0,251461090,0,0,0,0,0
1788888876.224,0,0,0,0,0,0,0,748792938,3791995042304,1811904866816,0,0,0,0,0,0,0,0,0,0,0,0,0,0,0,0,0,0,0,0,0,0,0,0,0,0,0,0,0,0,0,0,0,0,0,0,0,0,0,0,0,0,0,0,0,0,0,0,0,0,0,0,0,0,0,0,0,0,1016990,231589580,98959054,0,0,0,0,0,0,0,0,0,0,0,0,0,0,0,0,0,0,0,0,0,0,0,0,0,0,0,0,0,0,0,0,0,0,0,0,0,12883066880,5143642112,786320,313943,0,112,786432,230775882,0,0,3651894039,12884901888,103628688,423002171,0,0,0,0,0,0,0,0,0,0,0,0,0,0,0,0,0,0,23974457,23974648,0,97,97,6268,329,47948867,35,0,0,0,0,0,0,0,1,0,0,0,0,0,0,0,0,0,0,26959739,0,57766779,496730,0,0,0,0,0,0,0,0,16384,0,0,0,0,0,0,0,0,0,0,0,3984,611,0,0,0,0,0,72880746,0,298,0,27,611,3984,0,0,0,0,0,0,0,0,0,0,0,0,0,0,0,0,0,0,0,0,0,0,0,0,0,0,0,0,0,0,0,0,0,0,0,0,0,0,0,0,0,0,0,0,0,0,0,0,0,0,0,0,0,311515919,0,0,0,360467653,0,0,0,0,0,0,0,110622997,231467749,451405600,161349195776,61282084,1,0,0,0,0,0,0,0,0,0,0,0,0,0,0,0,0,0,0,0,0,0,0,0,0,0,0,0,0,0,0,251463812,0,0,0,0,0
1788888877.252,0,0,0,0,0,0,0,748873822,3792612538880,1812149019648,0,0,0,0,0,0,0,0,0,0,0,0,0,0,0,0,0,0,0,0,0,0,0,0,0,0,0,0,0,0,0,0,0,0,0,0,0,0,0,0,0,0,0,0,0,0,0,0,0,0,0,0,0,0,0,0,0,0,1017154,231627353,98972460,0,0,0,0,0,0,0,0,0,0,0,0,0,0,0,0,0,0,0,0,0,0,0,0,0,0,0,0,0,0,0,0,0,0,0,0,0,12882739200,5160337408,786300,314962,0,132,786432,230813575,0,0,3652293559,12884901888,103665456,423044385,0,0,0,0,0,0,0,0,0,0,0,0,0,0,0,0,0,0,23977116,23977311,0,97,97,6268,329,47954191,35,0,0,0,0,0,0,0,1,0,0,0,0,0,0,0,0,0,0,26962734,0,57766907,496733,0,0,0,0,0,0,0,0,16384,0,0,0,0,0,0,0,0,0,0,0,3985,611,0,0,0,0,0,72888866,0,298,0,27,611,3985,0,0,0,0,0,0,0,0,0,0,0,0,0,0,0,0,0,0,0,0,0,0,0,0,0,0,0,0,0,0,0,0,0,0,0,0,0,0,0,0,0,0,0,0,0,0,0,0,0,0,0,0,0,311553665,0,0,0,360505381,0,0,0,0,0,0,0,110654286,231505463,451469928,161368628224,61300227,0,0,0,0,0,0,0,0,0,0,0,0,0,0,0,0,0,0,0,0,0,0,0,0,0,0,0,0,0,0,0,251466475,0,0,0,0,0
1788888878.279,0,0,0,0,0,0,0,748956560,3793243994624,1812427224064,0,0,0,0,0,0,0,0,0,0,0,0,0,0,0,0,0,0,0,0,0,0,0,0,0,0,0,0,0,0,0,0,0,0,0,0,0,0,0,0,0,0,0,0,0,0,0,0,0,0,0,0,0,0,0,0,0,0,1017304,231665971,98988169,0,0,0,0,0,0,0,0,0,0,0,0,0,0,0,0,0,0,0,0,0,0,0,0,0,0,0,0,0,0,0,0,0,0,0,0,0,12883001344,5140758528,786316,313767,0,116,786432,230852099,0,0,3652701523,12884901888,103701526,423087541,0,0,0,0,0,0,0,0,0,0,0,0,0,0,0,0,0,0,23979874,23980066,0,97,97,6268,329,47959718,35,0,0,0,0,0,0,0,1,0,0,0,0,0,0,0,0,0,0,26965835,0,57769711,496754,0,0,0,0,0,0,0,0,16384,0,0,0,0,0,0,0,0,0,0,0,3986,611,0,0,0,0,0,72897243,0,298,0,27,611,3986,0,0,0,0,0,0,0,0,0,0,0,0,0,0,0,0,0,0,0,0,0,0,0,0,0,0,0,0,0,0,0,0,0,0,0,0,0,0,0,0,0,0,0,0,0,0,0,0,0,0,0,0,0,311592071,0,0,0,360544184,0,0,0,0,0,0,0,110685245,231544037,451536832,161388423168,61317828,0,0,0,0,0,0,0,0,0,0,0,0,0,0,0,0,0,0,0,0,0,0,0,0,0,0,0,0,0,0,0,251469231,0,0,0,0,0
1788888879.307,0,0,0,0,0,0,0,749033274,3793827838464,1812650056192,0,0,0,0,0,0,0,0,0,0,0,0,0,0,0,0,0,0,0,0,0,0,0,0,0,0,0,0,0,0,0,0,0,0,0,0,0,0,0,0,0,0,0,0,0,0,0,0,0,0,0,0,0,0,0,0,0,0,1017430,231701665,99000459,0,0,0,0,0,0,0,0,0,0,0,0,0,0,0,0,0,0,0,0,0,0,0,0,0,0,0,0,0,0,0,0,0,0,0,0,0,12883083264,5162221568,786321,315077,0,111,786432,230887711,0,0,3653079705,12884901888,103736230,423127399,0,0,0,0,0,0,0,0,0,0,0,0,0,0,0,0,0,0,23982410,23982596,0,97,97,6268,329,47964770,35,0,0,0,0,0,0,0,1,0,0,0,0,0,0,0,0,0,0,26968681,0,57769839,496755,0,0,0,0,0,0,0,0,16384,0,0,0,0,0,0,0,0,0,0,0,3988,611,0,0,0,0,0,72904930,0,298,0,27,611,3988,0,0,0,0,0,0,0,0,0,0,0,0,0,0,0,0,0,0,0,0,0,0,0,0,0,0,0,0,0,0,0,0,0,0,0,0,0,0,0,0,0,0,0,0,0,0,0,0,0,0,0,0,0,311627817,0,0,0,360580000,0,0,0,0,0,0,0,110715436,231579697,451596950,161406794240,61335892,0,0,0,0,0,0,0,0,0,0,0,0,0,0,0,0,0,0,0,0,0,0,0,0,0,0,0,0,0,0,0,251471761,0,0,0,0,0
1788888880.334,0,0,0,0,0,0,0,749113814,3794441517568,1812923111936,0,0,0,0,0,0,0,0,0,0,0,0,0,0,0,0,0,0,0,0,0,0,0,0,0,0,0,0,0,0,0,0,0,0,0,0,0,0,0,0,0,0,0,0,0,0,0,0,0,0,0,0,0,0,0,0,0,0,1017571,231739198,99015763,0,0,0,0,0,0,0,0,0,0,0,0,0,0,0,0,0,0,0,0,0,0,0,0,0,0,0,0,0,0,0,0,0,0,0,0,0,12883116032,5147033600,786323,314150,0,109,786432,230925155,0,0,3653477323,12884901888,103770930,423169305,0,0,0,0,0,0,0,0,0,0,0,0,0,0,0,0,0,0,23985062,23985251,0,97,97,6268,329,47970093,35,0,0,0,0,0,0,0,1,0,0,0,0,0,0,0,0,0,0,26971667,0,57772706,496779,0,0,0,0,0,0,0,0,16384,0,0,0,0,0,0,0,0,0,0,0,3989,611,0,0,0,0,0,72912993,0,298,0,27,611,3989,0,0,0,0,0,0,0,0,0,0,0,0,0,0,0,0,0,0,0,0,0,0,0,0,0,0,0,0,0,0,0,0,0,0,0,0,0,0,0,0,0,0,0,0,0,0,0,0,0,0,0,0,0,311665373,0,0,0,360617648,0,0,0,0,0,0,0,110744870,231617178,451662161,161426125312,61352526,1,1,0,0,0,0,0,0,0,0,0,0,0,0,0,0,0,0,0,0,0,0,0,0,0,0,0,0,0,0,0,251474414,0,0,0,0,0
1788888881.362,0,0,0,0,0,0,0,749190428,3795026655744,1813150434816,0,0,0,0,0,0,0,0,0,0,0,0,0,0,0,0,0,0,0,0,0,0,0,0,0,0,0,0,0,0,0,0,0,0,0,0,0,0,0,0,0,0,0,0,0,0,0,0,0,0,0,0,0,0,0,0,0,0,1017720,231774969,99028339,0,0,0,0,0,0,0,0,0,0,0,0,0,0,0,0,0,0,0,0,0,0,0,0,0,0,0,0,0,0,0,0,0,0,0,0,0,12883099648,5164417024,786322,315211,0,109,786432,230960835,0,0,3653855439,12884901888,103805749,423209215,0,0,0,0,0,0,0,0,0,0,0,0,0,0,0,0,0,0,23987588,23987777,0,97,97,6268,329,47975135,35,0,0,0,0,0,0,0,1,0,0,0,0,0,0,0,0,0,0,26974509,0,57772834,496780,0,0,0,0,0,0,0,0,16384,0,0,0,0,0,0,0,0,0,0,0,3990,611,0,0,0,0,0,72920686,0,298,0,27,611,3990,0,0,0,0,0,0,0,0,0,0,0,0,0,0,0,0,0,0,0,0,0,0,0,0,0,0,0,0,0,0,0,0,0,0,0,0,0,0,0,0,0,0,0,0,0,0,0,0,0,0,0,0,0,311700856,0,0,0,360653414,0,0,0,0,0,0,0,110773398,231652923,451722611,161444417024,61368633,0,0,0,0,0,0,0,0,0,0,0,0,0,0,0,0,0,0,0,0,0,0,0,0,0,0,0,0,0,0,0,251476942,0,0,0,0,0
1788888882.389,0,0,0,0,0,0,0,749272570,3795649837568,1813428209664,0,0,0,0,0,0,0,0,0,0,0,0,0,0,0,0,0,0,0,0,0,0,0,0,0,0,0,0,0,0,0,0,0,0,0,0,0,0,0,0,0,0,0,0,0,0,0,0,0,0,0,0,0,0,0,0,0,0,1017877,231813106,99043923,0,0,0,0,0,0,0,0,0,0,0,0,0,0,0,0,0,0,0,0,0,0,0,0,0,0,0,0,0,0,0,0,0,0,0,0,0,12882935808,5149376512,786312,314293,0,120,786432,230998880,0,0,3654261038,12884901888,103840847,423252172,0,0,0,0,0,0,0,0,0,0,0,0,0,0,0,0,0,0,23990302,23990491,0,97,97,6268,329,47980566,35,0,0,0,0,0,0,0,1,0,0,0,0,0,0,0,0,0,0,26977562,0,57775770,496804,0,0,0,0,0,0,0,0,16384,0,0,0,0,0,0,0,0,0,0,0,3991,611,0,0,0,0,0,72928970,0,298,0,27,611,3991,0,0,0,0,0,0,0,0,0,0,0,0,0,0,0,0,0,0,0,0,0,0,0,0,0,0,0,0,0,0,0,0,0,0,0,0,0,0,0,0,0,0,0,0,0,0,0,0,0,0,0,0,0,311738771,0,0,0,360691829,0,0,0,0,0,0,0,110802306,231690979,451788655,161463924736,61384587,1,0,0,0,0,0,0,0,0,0,0,0,0,0,0,0,0,0,0,0,0,0,0,0,0,0,0,0,0,0,0,251479656,0,0,0,0,0
1788888883.418,0,0,0,0,0,0,0,749364346,3796345682432,1813733402112,0,0,0,0,0,0,0,0,0,0,0,0,0,0,0,0,0,0,0,0,0,0,0,0,0,0,0,0,0,0,0,0,0,0,0,0,0,0,0,0,0,0,0,0,0,0,0,0,0,0,0,0,0,0,0,0,0,0,1018029,231855666,99061042,0,0,0,0,0,0,0,0,0,0,0,0,0,0,0,0,0,0,0,0,0,0,0,0,0,0,0,0,0,0,0,0,0,0,0,0,0,12882968576,5135056896,786314,313419,0,117,786432,231041339,0,0,3654714086,12884901888,103880354,423299847,0,0,0,0,0,0,0,0,0,0,0,0,0,0,0,0,0,0,23993346,23993537,0,97,97,6268,329,47986649,35,0,0,0,0,0,0,0,1,0,0,0,0,0,0,0,0,0,0,26980989,0,57778462,496826,0,0,0,0,0,0,0,0,16384,0,0,0,0,0,0,0,0,0,0,0,3992,611,0,0,0,0,0,72938231,0,298,0,27,611,3992,0,0,0,0,0,0,0,0,0,0,0,0,0,0,0,0,0,0,0,0,0,0,0,0,0,0,0,0,0,0,0,0,0,0,0,0,0,0,0,0,0,0,0,0,0,0,0,0,0,0,0,0,0,311781029,0,0,0,360734725,0,0,0,0,0,0,0,110834233,231733465,451862305,161485662720,61401808,1,0,0,0,0,0,0,0,0,0,0,0,0,0,0,0,0,0,0,0,0,0,0,0,0,0,0,0,0,0,0,251482701,0,0,0,0,0
1788888884.446,0,0,0,0,0,0,0,749442053,3796937308672,1813960832000,0,0,0,0,0,0,0,0,0,0,0,0,0,0,0,0,0,0,0,0,0,0,0,0,0,0,0,0,0,0,0,0,0,0,0,0,0,0,0,0,0,0,0,0,0,0,0,0,0,0,0,0,0,0,0,0,0,0,1018174,231891840,99073605,0,0,0,0,0,0,0,0,0,0,0,0,0,0,0,0,0,0,0,0,0,0,0,0,0,0,0,0,0,0,0,0,0,0,0,0,0,12883083264,5155766272,786321,314683,0,110,786432,231077442,0,0,3655097990,12884901888,103915530,423340345,0,0,0,0,0,0,0,0,0,0,0,0,0,0,0,0,0,0,23995912,23996102,0,97,97,6268,329,47991798,35,0,0,0,0,0,0,0,1,0,0,0,0,0,0,0,0,0,0,26983876,0,57778590,496827,0,0,0,0,0,0,0,0,16384,0,0,0,0,0,0,0,0,0,0,0,3993,611,0,0,0,0,0,72946042,0,298,0,27,611,3993,0,0,0,0,0,0,0,0,0,0,0,0,0,0,0,0,0,0,0,0,0,0,0,0,0,0,0,0,0,0,0,0,0,0,0,0,0,0,0,0,0,0,0,0,0,0,0,0,0,0,0,0,0,311817086,0,0,0,360771063,0,0,0,0,0,0,0,110864503,231769593,451923270,161504211968,61419670,1,0,0,0,0,0,0,0,0,0,0,0,0,0,0,0,0,0,0,0,0,0,0,0,0,0,0,0,0,0,0,251485266,0,0,0,0,0
1788888885.473,0,0,0,0,0,0,0,749537087,3797659187712,1814291554304,0,0,0,0,0,0,0,0,0,0,0,0,0,0,0,0,0,0,0,0,0,0,0,0,0,0,0,0,0,0,0,0,0,0,0,0,0,0,0,0,0,0,0,0,0,0,0,0,0,0,0,0,0,0,0,0,0,0,1018379,231935997,99092232,0,0,0,0,0,0,0,0,0,0,0,0,0,0,0,0,0,0,0,0,0,0,0,0,0,0,0,0,0,0,0,0,0,0,0,0,0,12883181568,5128028160,786327,312990,0,105,786432,231121459,0,0,3655567252,12884901888,103954470,423389995,0,0,0,0,0,0,0,0,0,0,0,0,0,0,0,0,0,0,23999056,23999245,0,97,97,6268,329,47998075,35,0,0,0,0,0,0,0,1,0,0,0,0,0,0,0,0,0,0,26987411,0,57783337,496866,0,0,0,0,0,0,0,0,16384,0,0,0,0,0,0,0,0,0,0,0,3994,611,0,0,0,0,0,72955589,0,298,0,27,611,3994,0,0,0,0,0,0,0,0,0,0,0,0,0,0,0,0,0,0,0,0,0,0,0,0,0,0,0,0,0,0,0,0,0,0,0,0,0,0,0,0,0,0,0,0,0,0,0,0,0,0,0,0,0,311860704,0,0,0,360815490,0,0,0,0,0,0,0,110894790,231813683,451999257,161526691328,61435650,1,0,0,0,0,0,0,0,0,0,0,0,0,0,0,0,0,0,0,0,0,0,0,0,0,0,0,0,0,0,0,251488409,0,0,0,0,0
1788888886.503,0,0,0,0,0,0,0,749617161,3798271572480,1814527114240,0,0,0,0,0,0,0,0,0,0,0,0,0,0,0,0,0,0,0,0,0,0,0,0,0,0,0,0,0,0,0,0,0,0,0,0,0,0,0,0,0,0,0,0,0,0,0,0,0,0,0,0,0,0,0,0,0,0,1018513,231973452,99105251,0,0,0,0,0,0,0,0,0,0,0,0,0,0,0,0,0,0,0,0,0,0,0,0,0,0,0,0,0,0,0,0,0,0,0,0,0,12883001344,5147754496,786316,314194,0,116,786432,231158838,0,0,3655962629,12884901888,103990916,423431587,0,0,0,0,0,0,0,0,0,0,0,0,0,0,0,0,0,0,24001694,24001882,0,97,97,6268,329,48003355,35,0,0,0,0,0,0,0,1,0,0,0,0,0,0,0,0,0,0,26990377,0,57783465,496867,0,0,0,0,0,0,0,0,16384,0,0,0,0,0,0,0,0,0,0,0,3995,611,0,0,0,0,0,72963612,0,298,0,27,611,3995,0,0,0,0,0,0,0,0,0,0,0,0,0,0,0,0,0,0,0,0,0,0,0,0,0,0,0,0,0,0,0,0,0,0,0,0,0,0,0,0,0,0,0,0,0,0,0,0,0,0,0,0,0,311898036,0,0,0,360852789,0,0,0,0,0,0,0,110925937,231851082,452062401,161545876992,61453937,0,0,0,0,0,0,0,0,0,0,0,0,0,0,0,0,0,0,0,0,0,0,0,0,0,0,0,0,0,0,0,251491046,0,0,0,0,0
1788888887.530,0,0,0,0,0,0,0,749705858,3798947985920,1814827944960,0,0,0,0,0,0,0,0,0,0,0,0,0,0,0,0,0,0,0,0,0,0,0,0,0,0,0,0,0,0,0,0,0,0,0,0,0,0,0,0,0,0,0,0,0,0,0,0,0,0,0,0,0,0,0,0,0,0,1018665,232014824,99122142,0,0,0,0,0,0,0,0,0,0,0,0,0,0,0,0,0,0,0,0,0,0,0,0,0,0,0,0,0,0,0,0,0,0,0,0,0,12883034112,5129060352,786318,313053,0,114,786432,231200078,0,0,3656400508,12884901888,104026446,423477642,0,0,0,0,0,0,0,0,0,0,0,0,0,0,0,0,0,0,24004634,24004828,0,97,97,6268,329,48009226,35,0,0,0,0,0,0,0,1,0,0,0,0,0,0,0,0,0,0,26993691,0,57787235,496898,0,0,0,0,0,0,0,0,16384,0,0,0,0,0,0,0,0,0,0,0,3996,611,0,0,0,0,0,72972579,0,298,0,27,611,3996,0,0,0,0,0,0,0,0,0,0,0,0,0,0,0,0,0,0,0,0,0,0,0,0,0,0,0,0,0,0,0,0,0,0,0,0,0,0,0,0,0,0,0,0,0,0,0,0,0,0,0,0,0,311939051,0,0,0,360894283,0,0,0,0,0,0,0,110956302,231892390,452133323,161566952960,61470837,0,0,0,0,0,0,0,0,0,0,0,0,0,0,0,0,0,0,0,0,0,0,0,0,0,0,0,0,0,0,0,251493993,0,0,0,0,0
1788888888.557,0,0,0,0,0,0,0,749786443,3799560862208,1815064774144,0,0,0,0,0,0,0,0,0,0,0,0,0,0,0,0,0,0,0,0,0,0,0,0,0,0,0,0,0,0,0,0,0,0,0,0,0,0,0,0,0,0,0,0,0,0,0,0,0,0,0,0,0,0,0,0,0,0,1018846,232052287,99135251,0,0,0,0,0,0,0,0,0,0,0,0,0,0,0,0,0,0,0,0,0,0,0,0,0,0,0,0,0,0,0,0,0,0,0,0,0,12883181568,5149097984,786327,314276,0,106,786432,231237467,0,0,3656798315,12884901888,104062939,423519917,0,0,0,0,0,0,0,0,0,0,0,0,0,0,0,0,0,0,24007293,24007484,0,97,97,6268,329,48014547,35,0,0,0,0,0,0,0,1,0,0,0,0,0,0,0,0,0,0,26996678,0,57787363,496899,0,0,0,0,0,0,0,0,16384,0,0,0,0,0,0,0,0,0,0,0,3997,611,0,0,0,0,0,72980652,0,298,0,27,611,3997,0,0,0,0,0,0,0,0,0,0,0,0,0,0,0,0,0,0,0,0,0,0,0,0,0,0,0,0,0,0,0,0,0,0,0,0,0,0,0,0,0,0,0,0,0,0,0,0,0,0,0,0,0,311976045,0,0,0,360931949,0,0,0,0,0,0,0,110986875,231929819,452196305,161585987584,61488469,1,0,0,0,0,0,0,0,0,0,0,0,0,0,0,0,0,0,0,0,0,0,0,0,0,0,0,0,0,0,0,251496648,0,0,0,0,0
1788888889.584,0,0,0,0,0,0,0,749867246,3800178506240,1815337837568,0,0,0,0,0,0,0,0,0,0,0,0,0,0,0,0,0,0,0,0,0,0,0,0,0,0,0,0,0,0,0,0,0,0,0,0,0,0,0,0,0,0,0,0,0,0,0,0,0,0,0,0,0,0,0,0,0,0,1018967,232089994,99150546,0,0,0,0,0,0,0,0,0,0,0,0,0,0,0,0,0,0,0,0,0,0,0,0,0,0,0,0,0,0,0,0,0,0,0,0,0,12883673088,5133746176,786357,313339,0,75,786432,231275087,0,0,3657195306,12884901888,104097587,423561758,0,0,0,0,0,0,0,0,0,0,0,0,0,0,0,0,0,0,24009966,24010152,0,97,97,6268,329,48019891,35,0,0,0,0,0,0,0,1,0,0,0,0,0,0,0,0,0,0,26999680,0,57790168,496922,0,0,0,0,0,0,0,0,16384,0,0,0,0,0,0,0,0,0,0,0,3998,611,0,0,0,0,0,72988741,0,298,0,27,611,3998,0,0,0,0,0,0,0,0,0,0,0,0,0,0,0,0,0,0,0,0,0,0,0,0,0,0,0,0,0,0,0,0,0,0,0,0,0,0,0,0,0,0,0,0,0,0,0,0,0,0,0,0,0,312013720,0,0,0,360969754,0,0,0,0,0,0,0,111016202,231967531,452261698,161605364224,61505078,1,0,0,0,0,0,0,0,0,0,0,0,0,0,0,0,0,0,0,0,0,0,0,0,0,0,0,0,0,0,0,251499314,0,0,0,0,0
1788888890.613,0,0,0,0,0,0,0,749950913,3800814500352,1815585660928,0,0,0,0,0,0,0,0,0,0,0,0,0,0,0,0,0,0,0,0,0,0,0,0,0,0,0,0,0,0,0,0,0,0,0,0,0,0,0,0,0,0,0,0,0,0,0,0,0,0,0,0,0,0,0,0,0,0,1019103,232128971,99164268,0,0,0,0,0,0,0,0,0,0,0,0,0,0,0,0,0,0,0,0,0,0,0,0,0,0,0,0,0,0,0,0,0,0,0,0,0,12883116032,5152440320,786323,314480,0,109,786432,231313969,0,0,3657608017,12884901888,104132725,423605152,0,0,0,0,0,0,0,0,0,0,0,0,0,0,0,0,0,0,24012715,24012907,0,97,97,6268,329,48025403,35,0,0,0,0,0,0,0,1,0,0,0,0,0,0,0,0,0,0,27002779,0,57791266,496932,0,0,0,0,0,0,0,0,16384,0,0,0,0,0,0,0,0,0,0,0,3999,611,0,0,0,0,0,72997129,0,298,0,27,611,3999,0,0,0,0,0,0,0,0,0,0,0,0,0,0,0,0,0,0,0,0,0,0,0,0,0,0,0,0,0,0,0,0,0,0,0,0,0,0,0,0,0,0,0,0,0,0,0,0,0,0,0,0,0,312052145,0,0,0,361008798,0,0,0,0,0,0,0,111046710,232006387,452326348,161625119744,61522885,0,0,0,0,0,0,0,0,0,0,0,0,0,0,0,0,0,0,0,0,0,0,0,0,0,0,0,0,0,0,0,251502072,0,0,0,0,0
1788888891.641,0,0,0,0,0,0,0,750028736,3801407650304,1815818456576,0,0,0,0,0,0,0,0,0,0,0,0,0,0,0,0,0,0,0,0,0,0,0,0,0,0,0,0,0,0,0,0,0,0,0,0,0,0,0,0,0,0,0,0,0,0,0,0,0,0,0,0,0,0,0,0,0,0,1019241,232165235,99177159,0,0,0,0,0,0,0,0,0,0,0,0,0,0,0,0,0,0,0,0,0,0,0,0,0,0,0,0,0,0,0,0,0,0,0,0,0,12882919424,5166940160,786311,315365,0,121,786432,231350155,0,0,3657992029,12884901888,104167850,423645659,0,0,0,0,0,0,0,0,0,0,0,0,0,0,0,0,0,0,24015297,24015491,0,97,97,6268,329,48030545,35,0,0,0,0,0,0,0,1,0,0,0,0,0,0,0,0,0,0,27005684,0,57791522,496934,0,0,0,0,0,0,0,0,16384,0,0,0,0,0,0,0,0,0,0,0,4000,611,0,0,0,0,0,73004975,0,298,0,27,611,4000,0,0,0,0,0,0,0,0,0,0,0,0,0,0,0,0,0,0,0,0,0,0,0,0,0,0,0,0,0,0,0,0,0,0,0,0,0,0,0,0,0,0,0,0,0,0,0,0,0,0,0,0,0,312088476,0,0,0,361045254,0,0,0,0,0,0,0,111077140,232042615,452388104,161643815424,61540718,0,0,0,0,0,0,0,0,0,0,0,0,0,0,0,0,0,0,0,0,0,0,0,0,0,0,0,0,0,0,0,251504656,0,0,0,0,0
1788888892.670,0,0,0,0,0,0,0,750114648,3802061388288,1816104781312,0,0,0,0,0,0,0,0,0,0,0,0,0,0,0,0,0,0,0,0,0,0,0,0,0,0,0,0,0,0,0,0,0,0,0,0,0,0,0,0,0,0,0,0,0,0,0,0,0,0,0,0,0,0,0,0,0,0,1019393,232205213,99193190,0,0,0,0,0,0,0,0,0,0,0,0,0,0,0,0,0,0,0,0,0,0,0,0,0,0,0,0,0,0,0,0,0,0,0,0,0,12882853888,5152899072,786306,314507,0,126,786432,231390042,0,0,3658416682,12884901888,104203875,423690311,0,0,0,0,0,0,0,0,0,0,0,0,0,0,0,0,0,0,24018133,24018322,0,97,97,6268,329,48036238,35,0,0,0,0,0,0,0,1,0,0,0,0,0,0,0,0,0,0,27008870,0,57794689,496960,0,0,0,0,0,0,0,0,16384,0,0,0,0,0,0,0,0,0,0,0,4001,611,0,0,0,0,0,73013582,0,298,0,27,611,4001,0,0,0,0,0,0,0,0,0,0,0,0,0,0,0,0,0,0,0,0,0,0,0,0,0,0,0,0,0,0,0,0,0,0,0,0,0,0,0,0,0,0,0,0,0,0,0,0,0,0,0,0,0,312128392,0,0,0,361085359,0,0,0,0,0,0,0,111107609,232082543,452456822,161664373760,61558038,0,0,0,0,0,0,0,0,0,0,0,0,0,0,0,0,0,0,0,0,0,0,0,0,0,0,0,0,0,0,0,251507487,0,0,0,0,0
1788888893.696,0,0,0,0,0,0,0,750189635,3802630797824,1816323243520,0,0,0,0,0,0,0,0,0,0,0,0,0,0,0,0,0,0,0,0,0,0,0,0,0,0,0,0,0,0,0,0,0,0,0,0,0,0,0,0,0,0,0,0,0,0,0,0,0,0,0,0,0,0,0,0,0,0,1019540,232240015,99205257,0,0,0,0,0,0,0,0,0,0,0,0,0,0,0,0,0,0,0,0,0,0,0,0,0,0,0,0,0,0,0,0,0,0,0,0,0,12883034112,5172412416,786318,315699,0,114,786432,231424772,0,0,3658786617,12884901888,104237721,423729340,0,0,0,0,0,0,0,0,0,0,0,0,0,0,0,0,0,0,24020598,24020785,0,97,97,6268,329,48041165,35,0,0,0,0,0,0,0,1,0,0,0,0,0,0,0,0,0,0,27011641,0,57794817,496961,0,0,0,0,0,0,0,0,16384,0,0,0,0,0,0,0,0,0,0,0,4002,611,0,0,0,0,0,73021058,0,298,0,27,611,4002,0,0,0,0,0,0,0,0,0,0,0,0,0,0,0,0,0,0,0,0,0,0,0,0,0,0,0,0,0,0,0,0,0,0,0,0,0,0,0,0,0,0,0,0,0,0,0,0,0,0,0,0,0,312163196,0,0,0,361120302,0,0,0,0,0,0,0,111136998,232117313,452515529,161682315264,61575521,1,1,0,0,0,0,0,0,0,0,0,0,0,0,0,0,0,0,0,0,0,0,0,0,0,0,0,0,0,0,0,251509950,0,0,0,0,0
1788888894.724,0,0,0,0,0,0,0,750279716,3803316353536,1816623409152,0,0,0,0,0,0,0,0,0,0,0,0,0,0,0,0,0,0,0,0,0,0,0,0,0,0,0,0,0,0,0,0,0,0,0,0,0,0,0,0,0,0,0,0,0,0,0,0,0,0,0,0,0,0,0,0,0,0,1019702,232281957,99222056,0,0,0,0,0,0,0,0,0,0,0,0,0,0,0,0,0,0,0,0,0,0,0,0,0,0,0,0,0,0,0,0,0,0,0,0,0,12883034112,5160501248,786317,314972,0,115,786432,231466621,0,0,3659230948,12884901888,104275511,423776450,0,0,0,0,0,0,0,0,0,0,0,0,0,0,0,0,0,0,24023585,24023771,0,97,97,6268,329,48047118,35,0,0,0,0,0,0,0,1,0,0,0,0,0,0,0,0,0,0,27014999,0,57798138,496988,0,0,0,0,0,0,0,0,16384,0,0,0,0,0,0,0,0,0,0,0,4003,611,0,0,0,0,0,73030135,0,298,0,27,611,4003,0,0,0,0,0,0,0,0,0,0,0,0,0,0,0,0,0,0,0,0,0,0,0,0,0,0,0,0,0,0,0,0,0,0,0,0,0,0,0,0,0,0,0,0,0,0,0,0,0,0,0,0,0,312205302,0,0,0,361162526,0,0,0,0,0,0,0,111167598,232159188,452587780,161703976448,61592423,1,0,0,0,0,0,0,0,0,0,0,0,0,0,0,0,0,0,0,0,0,0,0,0,0,0,0,0,0,0,0,251512935,0,0,0,0,0
1788888895.751,0,0,0,0,0,0,0,750368119,3803988032000,1816918994944,0,0,0,0,0,0,0,0,0,0,0,0,0,0,0,0,0,0,0,0,0,0,0,0,0,0,0,0,0,0,0,0,0,0,0,0,0,0,0,0,0,0,0,0,0,0,0,0,0,0,0,0,0,0,0,0,0,0,1019872,232323061,99238600,0,0,0,0,0,0,0,0,0,0,0,0,0,0,0,0,0,0,0,0,0,0,0,0,0,0,0,0,0,0,0,0,0,0,0,0,0,12883132416,5146984448,786324,314147,0,108,786432,231507612,0,0,3659667553,12884901888,104312925,423822636,0,0,0,0,0,0,0,0,0,0,0,0,0,0,0,0,0,0,24026497,24026684,0,97,97,6268,329,48052955,35,0,0,0,0,0,0,0,1,0,0,0,0,0,0,0,0,0,0,27018276,0,57801188,497013,0,0,0,0,0,0,0,0,16384,0,0,0,0,0,0,0,0,0,0,0,4004,611,0,0,0,0,0,73038978,0,298,0,27,611,4004,0,0,0,0,0,0,0,0,0,0,0,0,0,0,0,0,0,0,0,0,0,0,0,0,0,0,0,0,0,0,0,0,0,0,0,0,0,0,0,0,0,0,0,0,0,0,0,0,0,0,0,0,0,312246692,0,0,0,361203877,0,0,0,0,0,0,0,111198207,232200221,452659100,161725254144,61609287,1,0,0,0,0,0,0,0,0,0,0,0,0,0,0,0,0,0,0,0,0,0,0,0,0,0,0,0,0,0,0,251515849,0,0,0,0,0
1788888896.778,0,0,0,0,0,0,0,750447272,3804591290880,1817151407104,0,0,0,0,0,0,0,0,0,0,0,0,0,0,0,0,0,0,0,0,0,0,0,0,0,0,0,0,0,0,0,0,0,0,0,0,0,0,0,0,0,0,0,0,0,0,0,0,0,0,0,0,0,0,0,0,0,0,1020020,232359949,99251451,0,0,0,0,0,0,0,0,0,0,0,0,0,0,0,0,0,0,0,0,0,0,0,0,0,0,0,0,0,0,0,0,0,0,0,0,0,12883034112,5165858816,786318,315299,0,114,786432,231544412,0,0,3660058489,12884901888,104348816,423863870,0,0,0,0,0,0,0,0,0,0,0,0,0,0,0,0,0,0,24029112,24029304,0,97,97,6268,329,48058191,35,0,0,0,0,0,0,0,1,0,0,0,0,0,0,0,0,0,0,27021223,0,57801316,497014,0,0,0,0,0,0,0,0,16384,0,0,0,0,0,0,0,0,0,0,0,4005,611,0,0,0,0,0,73046956,0,298,0,27,611,4005,0,0,0,0,0,0,0,0,0,0,0,0,0,0,0,0,0,0,0,0,0,0,0,0,0,0,0,0,0,0,0,0,0,0,0,0,0,0,0,0,0,0,0,0,0,0,0,0,0,0,0,0,0,312283412,0,0,0,361240849,0,0,0,0,0,0,0,111228639,232237064,452721281,161744121856,61627042,0,0,0,0,0,0,0,0,0,0,0,0,0,0,0,0,0,0,0,0,0,0,0,0,0,0,0,0,0,0,0,251518469,0,0,0,0,0
1788888897.806,0,0,0,0,0,0,0,750530956,3805227825664,1817435651072,0,0,0,0,0,0,0,0,0,0,0,0,0,0,0,0,0,0,0,0,0,0,0,0,0,0,0,0,0,0,0,0,0,0,0,0,0,0,0,0,0,0,0,0,0,0,0,0,0,0,0,0,0,0,0,0,0,0,1020163,232398894,99267410,0,0,0,0,0,0,0,0,0,0,0,0,0,0,0,0,0,0,0,0,0,0,0,0,0,0,0,0,0,0,0,0,0,0,0,0,0,12883247104,5147181056,786331,314158,0,101,786432,231583252,0,0,3660471557,12884901888,104383559,423907244,0,0,0,0,0,0,0,0,0,0,0,0,0,0,0,0,0,0,24031879,24032066,0,97,97,6268,329,48063718,35,0,0,0,0,0,0,0,1,0,0,0,0,0,0,0,0,0,0,27024332,0,57804625,497041,0,0,0,0,0,0,0,0,16384,0,0,0,0,0,0,0,0,0,0,0,4006,611,0,0,0,0,0,73055339,0,298,0,27,611,4006,0,0,0,0,0,0,0,0,0,0,0,0,0,0,0,0,0,0,0,0,0,0,0,0,0,0,0,0,0,0,0,0,0,0,0,0,0,0,0,0,0,0,0,0,0,0,0,0,0,0,0,0,0,312322166,0,0,0,361279897,0,0,0,0,0,0,0,111258762,232275943,452788497,161764059136,61644231,1,0,0,0,0,0,0,0,0,0,0,0,0,0,0,0,0,0,0,0,0,0,0,0,0,0,0,0,0,0,0,251521231,0,0,0,0,0
1788888898.834,0,0,0,0,0,0,0,750608213,3805816027648,1817662842880,0,0,0,0,0,0,0,0,0,0,0,0,0,0,0,0,0,0,0,0,0,0,0,0,0,0,0,0,0,0,0,0,0,0,0,0,0,0,0,0,0,0,0,0,0,0,0,0,0,0,0,0,0,0,0,0,0,0,1020306,232434858,99279955,0,0,0,0,0,0,0,0,0,0,0,0,0,0,0,0,0,0,0,0,0,0,0,0,0,0,0,0,0,0,0,0,0,0,0,0,0,12883099648,5165744128,786322,315292,0,110,786432,231619129,0,0,3660853046,12884901888,104418509,423947471,0,0,0,0,0,0,0,0,0,0,0,0,0,0,0,0,0,0,24034435,24034627,0,97,97,6268,329,48068827,35,0,0,0,0,0,0,0,1,0,0,0,0,0,0,0,0,0,0,27027212,0,57804753,497042,0,0,0,0,0,0,0,0,16384,0,0,0,0,0,0,0,0,0,0,0,4007,611,0,0,0,0,0,73063134,0,298,0,27,611,4007,0,0,0,0,0,0,0,0,0,0,0,0,0,0,0,0,0,0,0,0,0,0,0,0,0,0,0,0,0,0,0,0,0,0,0,0,0,0,0,0,0,0,0,0,0,0,0,0,0,0,0,0,0,312358350,0,0,0,361316042,0,0,0,0,0,0,0,111287917,232311858,452849566,161782669312,61660994,1,0,0,0,0,0,0,0,0,0,0,0,0,0,0,0,0,0,0,0,0,0,0,0,0,0,0,0,0,0,0,251523793,0,0,0,0,0
1788888899.861,0,0,0,0,0,0,0,750691101,3806451218944,1817945094656,0,0,0,0,0,0,0,0,0,0,0,0,0,0,0,0,0,0,0,0,0,0,0,0,0,0,0,0,0,0,0,0,0,0,0,0,0,0,0,0,0,0,0,0,0,0,0,0,0,0,0,0,0,0,0,0,0,0,1020442,232473696,99295778,0,0,0,0,0,0,0,0,0,0,0,0,0,0,0,0,0,0,0,0,0,0,0,0,0,0,0,0,0,0,0,0,0,0,0,0,0,12883001344,5149130752,786316,314278,0,115,786432,231657881,0,0,3661262363,12884901888,104453199,423990599,0,0,0,0,0,0,0,0,0,0,0,0,0,0,0,0,0,0,24037165,24037352,0,97,97,6268,329,48074290,35,0,0,0,0,0,0,0,1,0,0,0,0,0,0,0,0,0,0,27030277,0,57807875,497068,0,0,0,0,0,0,0,0,16384,0,0,0,0,0,0,0,0,0,0,0,4008,611,0,0,0,0,0,73071421,0,298,0,27,611,4008,0,0,0,0,0,0,0,0,0,0,0,0,0,0,0,0,0,0,0,0,0,0,0,0,0,0,0,0,0,0,0,0,0,0,0,0,0,0,0,0,0,0,0,0,0,0,0,0,0,0,0,0,0,312397311,0,0,0,361354815,0,0,0,0,0,0,0,111315593,232350645,452916927,161802710016,61675696,1,0,0,0,0,0,0,0,0,0,0,0,0,0,0,0,0,0,0,0,0,0,0,0,0,0,0,0,0,0,0,251526516,0,0,0,0,0
1788888900.888,0,0,0,0,0,0,0,750780635,3807130827264,1818244185600,0,0,0,0,0,0,0,0,0,0,0,0,0,0,0,0,0,0,0,0,0,0,0,0,0,0,0,0,0,0,0,0,0,0,0,0,0,0,0,0,0,0,0,0,0,0,0,0,0,0,0,0,0,0,0,0,0,0,1020617,232515257,99312545,0,0,0,0,0,0,0,0,0,0,0,0,0,0,0,0,0,0,0,0,0,0,0,0,0,0,0,0,0,0,0,0,0,0,0,0,0,12883197952,5134467072,786329,313383,0,103,786432,231699334,0,0,3661704089,12884901888,104490743,424037319,0,0,0,0,0,0,0,0,0,0,0,0,0,0,0,0,0,0,24040115,24040305,0,97,97,6268,329,48080189,35,0,0,0,0,0,0,0,1,0,0,0,0,0,0,0,0,0,0,27033600,0,57811050,497094,0,0,0,0,0,0,0,0,16384,0,0,0,0,0,0,0,0,0,0,0,4009,611,0,0,0,0,0,73080409,0,298,0,27,611,4009,0,0,0,0,0,0,0,0,0,0,0,0,0,0,0,0,0,0,0,0,0,0,0,0,0,0,0,0,0,0,0,0,0,0,0,0,0,0,0,0,0,0,0,0,0,0,0,0,0,0,0,0,0,312438627,0,0,0,361396538,0,0,0,0,0,0,0,111346890,232392160,452988489,161823986688,61693129,0,0,0,0,0,0,0,0,0,0,0,0,0,0,0,0,0,0,0,0,0,0,0,0,0,0,0,0,0,0,0,251529471,0,0,0,0,0
1788888901.916,0,0,0,0,0,0,0,750857547,3807717521920,1818472315392,0,0,0,0,0,0,0,0,0,0,0,0,0,0,0,0,0,0,0,0,0,0,0,0,0,0,0,0,0,0,0,0,0,0,0,0,0,0,0,0,0,0,0,0,0,0,0,0,0,0,0,0,0,0,0,0,0,0,1020754,232551134,99325172,0,0,0,0,0,0,0,0,0,0,0,0,0,0,0,0,0,0,0,0,0,0,0,0,0,0,0,0,0,0,0,0,0,0,0,0,0,12883001344,5151866880,786315,314445,0,117,786432,231735129,0,0,3662084022,12884901888,104525663,424077409,0,0,0,0,0,0,0,0,0,0,0,0,0,0,0,0,0,0,24042658,24042844,0,97,97,6268,329,48085281,35,0,0,0,0,0,0,0,1,0,0,0,0,0,0,0,0,0,0,27036455,0,57811178,497095,0,0,0,0,0,0,0,0,16384,0,0,0,0,0,0,0,0,0,0,0,4010,611,0,0,0,0,0,73088119,0,298,0,27,611,4010,0,0,0,0,0,0,0,0,0,0,0,0,0,0,0,0,0,0,0,0,0,0,0,0,0,0,0,0,0,0,0,0,0,0,0,0,0,0,0,0,0,0,0,0,0,0,0,0,0,0,0,0,0,312474411,0,0,0,361432544,0,0,0,0,0,0,0,111377262,232427965,453049289,161842379264,61711038,1,0,0,0,0,0,0,0,0,0,0,0,0,0,0,0,0,0,0,0,0,0,0,0,0,0,0,0,0,0,0,251532009,0,0,0,0,0
1788888902.944,0,0,0,0,0,0,0,750945084,3808383597056,1818764719104,0,0,0,0,0,0,0,0,0,0,0,0,0,0,0,0,0,0,0,0,0,0,0,0,0,0,0,0,0,0,0,0,0,0,0,0,0,0,0,0,0,0,0,0,0,0,0,0,0,0,0,0,0,0,0,0,0,0,1020917,232591870,99341558,0,0,0,0,0,0,0,0,0,0,0,0,0,0,0,0,0,0,0,0,0,0,0,0,0,0,0,0,0,0,0,0,0,0,0,0,0,12882886656,5137874944,786309,313591,1,122,786432,231775739,0,0,3662515818,12884901888,104562075,424122919,0,0,0,0,0,0,0,0,0,0,0,0,0,0,0,0,0,0,24045554,24045749,0,97,97,6268,329,48091066,35,0,0,0,0,0,0,0,1,0,0,0,0,0,0,0,0,0,0,27039723,0,57814494,497122,0,0,0,0,0,0,0,0,16384,0,0,0,0,0,0,0,0,0,0,0,4011,611,0,0,0,0,0,73096987,0,298,0,27,611,4011,0,0,0,0,0,0,0,0,0,0,0,0,0,0,0,0,0,0,0,0,0,0,0,0,0,0,0,0,0,0,0,0,0,0,0,0,0,0,0,0,0,0,0,0,0,0,0,0,0,0,0,0,0,312515269,0,0,0,361473433,0,0,0,0,0,0,0,111407349,232468646,453119461,161863361024,61727798,0,0,0,0,0,0,0,0,0,0,0,0,0,0,0,0,0,0,0,0,0,0,0,0,0,0,0,0,0,0,0,251534915,0,0,0,0,0
1788888903.970,0,0,0,0,0,0,0,751021903,3808970603008,1818991207424,0,0,0,0,0,0,0,0,0,0,0,0,0,0,0,0,0,0,0,0,0,0,0,0,0,0,0,0,0,0,0,0,0,0,0,0,0,0,0,0,0,0,0,0,0,0,0,0,0,0,0,0,0,0,0,0,0,0,1021059,232627763,99354073,0,0,0,0,0,0,0,0,0,0,0,0,0,0,0,0,0,0,0,0,0,0,0,0,0,0,0,0,0,0,0,0,0,0,0,0,0,12883181568,5156749312,786327,314744,0,105,786432,231811561,0,0,3662893259,12884901888,104597012,424162936,0,0,0,0,0,0,0,0,0,0,0,0,0,0,0,0,0,0,24048087,24048277,0,97,97,6268,329,48096134,35,0,0,0,0,0,0,0,1,0,0,0,0,0,0,0,0,0,0,27042568,0,57814622,497123,0,0,0,0,0,0,0,0,16384,0,0,0,0,0,0,0,0,0,0,0,4012,611,0,0,0,0,0,73104678,0,298,0,27,611,4012,0,0,0,0,0,0,0,0,0,0,0,0,0,0,0,0,0,0,0,0,0,0,0,0,0,0,0,0,0,0,0,0,0,0,0,0,0,0,0,0,0,0,0,0,0,0,0,0,0,0,0,0,0,312550957,0,0,0,361509347,0,0,0,0,0,0,0,111437407,232504482,453179971,161881694720,61745497,0,0,0,0,0,0,0,0,0,0,0,0,0,0,0,0,0,0,0,0,0,0,0,0,0,0,0,0,0,0,0,251537442,0,0,0,0,0
1788888904.998,0,0,0,0,0,0,0,751110474,3809647720960,1819289951744,0,0,0,0,0,0,0,0,0,0,0,0,0,0,0,0,0,0,0,0,0,0,0,0,0,0,0,0,0,0,0,0,0,0,0,0,0,0,0,0,0,0,0,0,0,0,0,0,0,0,0,0,0,0,0,0,0,0,1021245,232669162,99370804,0,0,0,0,0,0,0,0,0,0,0,0,0,0,0,0,0,0,0,0,0,0,0,0,0,0,0,0,0,0,0,0,0,0,0,0,0,12882952192,5141020672,786313,313783,0,119,786432,231852873,0,0,3663331280,12884901888,104634650,424209264,0,0,0,0,0,0,0,0,0,0,0,0,0,0,0,0,0,0,24051016,24051201,0,97,97,6268,329,48102008,35,0,0,0,0,0,0,0,1,0,0,0,0,0,0,0,0,0,0,27045857,0,57817807,497149,0,0,0,0,0,0,0,0,16384,0,0,0,0,0,0,0,0,0,0,0,4013,611,0,0,0,0,0,73113545,0,298,0,27,611,4013,0,0,0,0,0,0,0,0,0,0,0,0,0,0,0,0,0,0,0,0,0,0,0,0,0,0,0,0,0,0,0,0,0,0,0,0,0,0,0,0,0,0,0,0,0,0,0,0,0,0,0,0,0,312592355,0,0,0,361550723,0,0,0,0,0,0,0,111468369,232545821,453251549,161902998016,61762671,1,0,0,0,0,0,0,0,0,0,0,0,0,0,0,0,0,0,0,0,0,0,0,0,0,0,0,0,0,0,0,251540366,0,0,0,0,0
1788888906.024,0,0,0,0,0,0,0,751191249,3810259139072,1819561333248,0,0,0,0,0,0,0,0,0,0,0,0,0,0,0,0,0,0,0,0,0,0,0,0,0,0,0,0,0,0,0,0,0,0,0,0,0,0,0,0,0,0,0,0,0,0,0,0,0,0,0,0,0,0,0,0,0,0,1021370,232706511,99385887,0,0,0,0,0,0,0,0,0,0,0,0,0,0,0,0,0,0,0,0,0,0,0,0,0,0,0,0,0,0,0,0,0,0,0,0,0,12883755008,5126356992,786362,312888,0,70,786432,231890132,0,0,3663729793,12884901888,104669607,424251284,0,0,0,0,0,0,0,0,0,0,0,0,0,0,0,0,0,0,24053721,24053915,0,97,97,6268,329,48107398,35,0,0,0,0,0,0,0,1,0,0,0,0,0,0,0,0,0,0,27048909,0,57820386,497170,0,0,0,0,0,0,0,0,16384,0,0,0,0,0,0,0,0,0,0,0,4014,611,0,0,0,0,0,73121822,0,298,0,27,611,4014,0,0,0,0,0,0,0,0,0,0,0,0,0,0,0,0,0,0,0,0,0,0,0,0,0,0,0,0,0,0,0,0,0,0,0,0,0,0,0,0,0,0,0,0,0,0,0,0,0,0,0,0,0,312630032,0,0,0,361588662,0,0,0,0,0,0,0,111498119,232583150,453316902,161922364416,61779719,1,0,0,0,0,0,0,0,0,0,0,0,0,0,0,0,0,0,0,0,0,0,0,0,0,0,0,0,0,0,0,251543080,0,0,0,0,0
1788888907.052,0,0,0,0,0,0,0,751271294,3810867968512,1819795833856,0,0,0,0,0,0,0,0,0,0,0,0,0,0,0,0,0,0,0,0,0,0,0,0,0,0,0,0,0,0,0,0,0,0,0,0,0,0,0,0,0,0,0,0,0,0,0,0,0,0,0,0,0,0,0,0,0,0,1021507,232743781,99398965,0,0,0,0,0,0,0,0,0,0,0,0,0,0,0,0,0,0,0,0,0,0,0,0,0,0,0,0,0,0,0,0,0,0,0,0,0,12883345408,5142069248,786337,313847,0,95,786432,231927315,0,0,3664123680,12884901888,104704387,424292573,0,0,0,0,0,0,0,0,0,0,0,0,0,0,0,0,0,0,24056355,24056541,0,97,97,6268,329,48112666,35,0,0,0,0,0,0,0,1,0,0,0,0,0,0,0,0,0,0,27051864,0,57821065,497176,0,0,0,0,0,0,0,0,16384,0,0,0,0,0,0,0,0,0,0,0,4015,611,0,0,0,0,0,73129792,0,298,0,27,611,4015,0,0,0,0,0,0,0,0,0,0,0,0,0,0,0,0,0,0,0,0,0,0,0,0,0,0,0,0,0,0,0,0,0,0,0,0,0,0,0,0,0,0,0,0,0,0,0,0,0,0,0,0,0,312667156,0,0,0,361625864,0,0,0,0,0,0,0,111528355,232620333,453379254,161941446144,61797476,0,0,0,0,0,0,0,0,0,0,0,0,0,0,0,0,0,0,0,0,0,0,0,0,0,0,0,0,0,0,0,251545706,0,0,0,0,0
1788888908.079,0,0,0,0,0,0,0,751345299,3811437607424,1820020690944,0,0,0,0,0,0,0,0,0,0,0,0,0,0,0,0,0,0,0,0,0,0,0,0,0,0,0,0,0,0,0,0,0,0,0,0,0,0,0,0,0,0,0,0,0,0,0,0,0,0,0,0,0,0,0,0,0,0,1021644,232778595,99411429,0,0,0,0,0,0,0,0,0,0,0,0,0,0,0,0,0,0,0,0,0,0,0,0,0,0,0,0,0,0,0,0,0,0,0,0,0,12882313216,5153308672,786275,314533,49,109,786432,231962044,0,0,3664488577,12884901888,104737715,424331157,0,0,0,0,0,0,0,0,0,0,0,0,0,0,0,0,0,0,24058795,24058983,0,97,97,6268,329,48117555,35,0,0,0,0,0,0,0,1,0,0,0,0,0,0,0,0,0,0,27054611,0,57821543,497180,0,0,0,0,0,0,0,0,16384,0,0,0,0,0,0,0,0,0,0,0,4016,611,0,0,0,0,0,73137230,0,298,0,27,611,4016,0,0,0,0,0,0,0,0,0,0,0,0,0,0,0,0,0,0,0,0,0,0,0,0,0,0,0,0,0,0,0,0,0,0,0,0,0,0,0,0,0,0,0,0,0,0,0,0,0,0,0,0,0,312701728,0,0,0,361660526,0,0,0,0,0,0,0,111557629,232655128,453438115,161959212544,61814856,0,0,0,0,0,0,0,0,0,0,0,0,0,0,0,0,0,0,0,0,0,0,0,0,0,0,0,0,0,0,0,251548149,0,0,0,0,0
1788888909.107,0,0,0,0,0,0,0,751433488,3812109269504,1820312424960,0,0,0,0,0,0,0,0,0,0,0,0,0,0,0,0,0,0,0,0,0,0,0,0,0,0,0,0,0,0,0,0,0,0,0,0,0,0,0,0,0,0,0,0,0,0,0,0,0,0,0,0,0,0,0,0,0,0,1021798,232819685,99427761,0,0,0,0,0,0,0,0,0,0,0,0,0,0,0,0,0,0,0,0,0,0,0,0,0,0,0,0,0,0,0,0,0,0,0,0,0,12882968576,5142429696,786313,313869,0,118,786432,232003024,0,0,3664924006,12884901888,104775156,424376928,0,0,0,0,0,0,0,0,0,0,0,0,0,0,0,0,0,0,24061706,24061898,0,97,97,6268,329,48123373,35,0,0,0,0,0,0,0,1,0,0,0,0,0,0,0,0,0,0,27057889,0,57824482,497204,0,0,0,0,0,0,0,0,16384,0,0,0,0,0,0,0,0,0,0,0,4017,611,0,0,0,0,0,73146079,0,298,0,27,611,4017,0,0,0,0,0,0,0,0,0,0,0,0,0,0,0,0,0,0,0,0,0,0,0,0,0,0,0,0,0,0,0,0,0,0,0,0,0,0,0,0,0,0,0,0,0,0,0,0,0,0,0,0,0,312742344,0,0,0,361701640,0,0,0,0,0,0,0,111588800,232696113,453508438,161980128256,61832302,1,0,0,0,0,0,0,0,0,0,0,0,0,0,0,0,0,0,0,0,0,0,0,0,0,0,0,0,0,0,0,251551063,0,0,0,0,0
1788888910.134,0,0,0,0,0,0,0,751523933,3812792269312,1820612340736,0,0,0,0,0,0,0,0,0,0,0,0,0,0,0,0,0,0,0,0,0,0,0,0,0,0,0,0,0,0,0,0,0,0,0,0,0,0,0,0,0,0,0,0,0,0,0,0,0,0,0,0,0,0,0,0,0,0,1022000,232861471,99444538,0,0,0,0,0,0,0,0,0,0,0,0,0,0,0,0,0,0,0,0,0,0,0,0,0,0,0,0,0,0,0,0,0,0,0,0,0,12883017728,5130698752,786317,313153,0,115,786432,232044691,0,0,3665370808,12884901888,104813212,424424383,0,0,0,0,0,0,0,0,0,0,0,0,0,0,0,0,0,0,24064699,24064886,0,97,97,6268,329,48129357,35,0,0,0,0,0,0,0,1,0,0,0,0,0,0,0,0,0,0,27061252,0,57827516,497229,0,0,0,0,0,0,0,0,16384,0,0,0,0,0,0,0,0,0,0,0,4018,611,0,0,0,0,0,73155141,0,298,0,27,611,4018,0,0,0,0,0,0,0,0,0,0,0,0,0,0,0,0,0,0,0,0,0,0,0,0,0,0,0,0,0,0,0,0,0,0,0,0,0,0,0,0,0,0,0,0,0,0,0,0,0,0,0,0,0,312784223,0,0,0,361743886,0,0,0,0,0,0,0,111619663,232737828,453580702,162001709568,61849168,0,0,0,0,0,0,0,0,0,0,0,0,0,0,0,0,0,0,0,0,0,0,0,0,0,0,0,0,0,0,0,251554050,0,0,0,0,0
1788888911.161,0,0,0,0,0,0,0,751599288,3813366479360,1820832532992,0,0,0,0,0,0,0,0,0,0,0,0,0,0,0,0,0,0,0,0,0,0,0,0,0,0,0,0,0,0,0,0,0,0,0,0,0,0,0,0,0,0,0,0,0,0,0,0,0,0,0,0,0,0,0,0,0,0,1022120,232896574,99456717,0,0,0,0,0,0,0,0,0,0,0,0,0,0,0,0,0,0,0,0,0,0,0,0,0,0,0,0,0,0,0,0,0,0,0,0,0,12882935808,5150146560,786312,314340,0,120,786432,232079724,0,0,3665742701,12884901888,104847409,424463569,0,0,0,0,0,0,0,0,0,0,0,0,0,0,0,0,0,0,24067188,24067376,0,97,97,6268,329,48134340,35,0,0,0,0,0,0,0,1,0,0,0,0,0,0,0,0,0,0,27064053,0,57827644,497230,0,0,0,0,0,0,0,0,16384,0,0,0,0,0,0,0,0,0,0,0,4019,611,0,0,0,0,0,73162729,0,298,0,27,611,4019,0,0,0,0,0,0,0,0,0,0,0,0,0,0,0,0,0,0,0,0,0,0,0,0,0,0,0,0,0,0,0,0,0,0,0,0,0,0,0,0,0,0,0,0,0,0,0,0,0,0,0,0,0,312819150,0,0,0,361779153,0,0,0,0,0,0,0,111649165,232772885,453639751,162019694592,61866663,0,0,0,0,0,0,0,0,0,0,0,0,0,0,0,0,0,0,0,0,0,0,0,0,0,0,0,0,0,0,0,251556542,0,0,0,0,0
1788888912.189,0,0,0,0,0,0,0,751680372,3813982550528,1821106142720,0,0,0,0,0,0,0,0,0,0,0,0,0,0,0,0,0,0,0,0,0,0,0,0,0,0,0,0,0,0,0,0,0,0,0,0,0,0,0,0,0,0,0,0,0,0,0,0,0,0,0,0,0,0,0,0,0,0,1022263,232934235,99472051,0,0,0,0,0,0,0,0,0,0,0,0,0,0,0,0,0,0,0,0,0,0,0,0,0,0,0,0,0,0,0,0,0,0,0,0,0,12883099648,5134270464,786321,313371,0,111,786432,232117311,0,0,3666143013,12884901888,104881034,424505650,0,0,0,0,0,0,0,0,0,0,0,0,0,0,0,0,0,0,24069872,24070063,0,97,97,6268,329,48139695,35,0,0,0,0,0,0,0,1,0,0,0,0,0,0,0,0,0,0,27067073,0,57830877,497256,0,0,0,0,0,0,0,0,16384,0,0,0,0,0,0,0,0,0,0,0,4020,611,0,0,0,0,0,73170890,0,298,0,27,611,4020,0,0,0,0,0,0,0,0,0,0,0,0,0,0,0,0,0,0,0,0,0,0,0,0,0,0,0,0,0,0,0,0,0,0,0,0,0,0,0,0,0,0,0,0,0,0,0,0,0,0,0,0,0,312856975,0,0,0,361816986,0,0,0,0,0,0,0,111678713,232810500,453704896,162039143936,61883811,1,0,0,0,0,0,0,0,0,0,0,0,0,0,0,0,0,0,0,0,0,0,0,0,0,0,0,0,0,0,0,251559227,0,0,0,0,0
1788888913.216,0,0,0,0,0,0,0,751773472,3814691617280,1821386037760,0,0,0,0,0,0,0,0,0,0,0,0,0,0,0,0,0,0,0,0,0,0,0,0,0,0,0,0,0,0,0,0,0,0,0,0,0,0,0,0,0,0,0,0,0,0,0,0,0,0,0,0,0,0,0,0,0,0,1022468,232977596,99487572,0,0,0,0,0,0,0,0,0,0,0,0,0,0,0,0,0,0,0,0,0,0,0,0,0,0,0,0,0,0,0,0,0,0,0,0,0,12878495744,5153046528,786042,314517,281,109,786432,232160555,0,0,3666602956,12884901888,104922297,424554569,0,0,0,0,0,0,0,0,0,0,0,0,0,0,0,0,0,0,24072944,24073134,0,97,97,6268,329,48145856,35,0,0,0,0,0,0,0,1,0,0,0,0,0,0,0,0,0,0,27070527,0,57831737,497263,0,0,0,0,0,0,0,0,16384,0,0,0,0,0,0,0,0,0,0,0,4021,611,0,0,0,0,0,73180224,0,298,0,27,611,4021,0,0,0,0,0,0,0,0,0,0,0,0,0,0,0,0,0,0,0,0,0,0,0,0,0,0,0,0,0,0,0,0,0,0,0,0,0,0,0,0,0,0,0,0,0,0,0,0,0,0,0,0,0,312899652,0,0,0,361860548,0,0,0,0,0,0,0,111712468,232853818,453777646,162061112320,61902889,1,1,0,0,0,0,0,0,0,0,0,0,0,0,0,0,0,0,0,0,0,0,0,0,0,0,0,0,0,0,0,251562297,0,0,0,0,0
1788888914.243,0,0,0,0,0,0,0,751869007,3815417068032,1821694804992,0,0,0,0,0,0,0,0,0,0,0,0,0,0,0,0,0,0,0,0,0,0,0,0,0,0,0,0,0,0,0,0,0,0,0,0,0,0,0,0,0,0,0,0,0,0,0,0,0,0,0,0,0,0,0,0,0,0,1022645,233021991,99504813,0,0,0,0,0,0,0,0,0,0,0,0,0,0,0,0,0,0,0,0,0,0,0,0,0,0,0,0,0,0,0,0,0,0,0,0,0,12883066880,5147869184,786320,314201,0,112,786432,232204838,0,0,3667075152,12884901888,104960441,424604436,0,0,0,0,0,0,0,0,0,0,0,0,0,0,0,0,0,0,24076121,24076308,0,97,97,6268,329,48152212,35,0,0,0,0,0,0,0,1,0,0,0,0,0,0,0,0,0,0,27074099,0,57835117,497292,0,0,0,0,0,0,0,0,16384,0,0,0,0,0,0,0,0,0,0,0,4022,611,0,0,0,0,0,73189871,0,298,0,27,611,4022,0,0,0,0,0,0,0,0,0,0,0,0,0,0,0,0,0,0,0,0,0,0,0,0,0,0,0,0,0,0,0,0,0,0,0,0,0,0,0,0,0,0,0,0,0,0,0,0,0,0,0,0,0,312944246,0,0,0,361905271,0,0,0,0,0,0,0,111743884,232898115,453853199,162084077568,61920112,1,1,0,0,0,0,0,0,0,0,0,0,0,0,0,0,0,0,0,0,0,0,0,0,0,0,0,0,0,0,0,251565473,0,0,0,0,0
1788888915.271,0,0,0,0,0,0,0,751947550,3816015542784,1821925405696,0,0,0,0,0,0,0,0,0,0,0,0,0,0,0,0,0,0,0,0,0,0,0,0,0,0,0,0,0,0,0,0,0,0,0,0,0,0,0,0,0,0,0,0,0,0,0,0,0,0,0,0,0,0,0,0,0,0,1022768,233058597,99517562,0,0,0,0,0,0,0,0,0,0,0,0,0,0,0,0,0,0,0,0,0,0,0,0,0,0,0,0,0,0,0,0,0,0,0,0,0,12883001344,5166661632,786316,315348,0,116,786432,232241372,0,0,3667462174,12884901888,104995980,424645063,0,0,0,0,0,0,0,0,0,0,0,0,0,0,0,0,0,0,24078706,24078898,0,97,97,6268,329,48157361,35,0,0,0,0,0,0,0,1,0,0,0,0,0,0,0,0,0,0,27077010,0,57835373,497294,0,0,0,0,0,0,0,0,16384,0,0,0,0,0,0,0,0,0,0,0,4023,611,0,0,0,0,0,73197739,0,298,0,27,611,4023,0,0,0,0,0,0,0,0,0,0,0,0,0,0,0,0,0,0,0,0,0,0,0,0,0,0,0,0,0,0,0,0,0,0,0,0,0,0,0,0,0,0,0,0,0,0,0,0,0,0,0,0,0,312980727,0,0,0,361941871,0,0,0,0,0,0,0,111774322,232934688,453914847,162102829056,61938078,1,0,0,0,0,0,0,0,0,0,0,0,0,0,0,0,0,0,0,0,0,0,0,0,0,0,0,0,0,0,0,251568063,0,0,0,0,0
1788888916.299,0,0,0,0,0,0,0,752027332,3816622488064,1822179802112,0,0,0,0,0,0,0,0,0,0,0,0,0,0,0,0,0,0,0,0,0,0,0,0,0,0,0,0,0,0,0,0,0,0,0,0,0,0,0,0,0,0,0,0,0,0,0,0,0,0,0,0,0,0,0,0,0,0,1022906,233095719,99531758,0,0,0,0,0,0,0,0,0,0,0,0,0,0,0,0,0,0,0,0,0,0,0,0,0,0,0,0,0,0,0,0,0,0,0,0,0,12883214336,5167185920,786329,315380,0,103,786432,232278407,0,0,3667854180,12884901888,105031205,424686606,0,0,0,0,0,0,0,0,0,0,0,0,0,0,0,0,0,0,24081342,24081530,0,97,97,6268,329,48162646,35,0,0,0,0,0,0,0,1,0,0,0,0,0,0,0,0,0,0,27079969,0,57836883,497306,0,0,0,0,0,0,0,0,16384,0,0,0,0,0,0,0,0,0,0,0,4025,611,0,0,0,0,0,73205724,0,298,0,27,611,4025,0,0,0,0,0,0,0,0,0,0,0,0,0,0,0,0,0,0,0,0,0,0,0,0,0,0,0,0,0,0,0,0,0,0,0,0,0,0,0,0,0,0,0,0,0,0,0,0,0,0,0,0,0,313017651,0,0,0,361979206,0,0,0,0,0,0,0,111804906,232971736,453978549,162121823744,61955873,0,1,0,0,0,0,0,0,0,0,0,0,0,0,0,0,0,0,0,0,0,0,0,0,0,0,0,0,0,0,0,251570694,0,0,0,0,0
1788888917.327,0,0,0,0,0,0,0,752109738,3817249536512,1822439993856,0,0,0,0,0,0,0,0,0,0,0,0,0,0,0,0,0,0,0,0,0,0,0,0,0,0,0,0,0,0,0,0,0,0,0,0,0,0,0,0,0,0,0,0,0,0,0,0,0,0,0,0,0,0,0,0,0,0,1023039,233134069,99546227,0,0,0,0,0,0,0,0,0,0,0,0,0,0,0,0,0,0,0,0,0,0,0,0,0,0,0,0,0,0,0,0,0,0,0,0,0,12883296256,5165383680,786334,315270,0,98,786432,232316679,0,0,3668262995,12884901888,105067122,424732085,0,0,0,0,0,0,0,0,0,0,0,0,0,0,0,0,0,0,24084097,24084289,0,97,97,6268,329,48168159,35,0,0,0,0,0,0,0,1,0,0,0,0,0,0,0,0,0,0,27083074,0,57838477,497319,0,0,0,0,0,0,0,0,16384,0,0,0,0,0,0,0,0,0,0,0,4026,611,0,0,0,0,0,73214116,0,298,0,27,611,4026,0,0,0,0,0,0,0,0,0,0,0,0,0,0,0,0,0,0,0,0,0,0,0,0,0,0,0,0,0,0,0,0,0,0,0,0,0,0,0,0,0,0,0,0,0,0,0,0,0,0,0,0,0,313056460,0,0,0,362018735,0,0,0,0,0,0,0,111836393,233010048,454044619,162141794304,61974297,1,0,0,0,0,0,0,0,0,0,0,0,0,0,0,0,0,0,0,0,0,0,0,0,0,0,0,0,0,0,0,251572385,0,0,0,0,0
1788888918.354,0,0,0,0,0,0,0,752198529,3817925212672,1822704689664,0,0,0,0,0,0,0,0,0,0,0,0,0,0,0,0,0,0,0,0,0,0,0,0,0,0,0,0,0,0,0,0,0,0,0,0,0,0,0,0,0,0,0,0,0,0,0,0,0,0,0,0,0,0,0,0,0,0,1023172,233175390,99560804,0,0,0,0,0,0,0,0,0,0,0,0,0,0,0,0,0,0,0,0,0,0,0,0,0,0,0,0,0,0,0,0,0,0,0,0,0,12882853888,5182406656,786308,316309,0,124,786432,232357888,0,0,3668711071,12884901888,105107117,424788036,0,0,0,0,0,0,0,0,0,0,0,0,0,0,0,0,0,0,24087079,24087268,0,97,97,6268,329,48174113,35,0,0,0,0,0,0,0,1,0,0,0,0,0,0,0,0,0,0,27086424,0,57838733,497321,0,0,0,0,0,0,0,0,16384,0,0,0,0,0,0,0,0,0,0,0,4027,611,0,0,0,0,0,73223165,0,298,0,27,611,4027,0,0,0,0,0,0,0,0,0,0,0,0,0,0,0,0,0,0,0,0,0,0,0,0,0,0,0,0,0,0,0,0,0,0,0,0,0,0,0,0,0,0,0,0,0,0,0,0,0,0,0,0,0,313099766,0,0,0,362063972,0,0,0,0,0,0,0,111867900,233051291,454116690,162164057088,61991540,0,0,0,0,0,0,0,0,0,0,0,0,0,0,0,0,0,0,0,0,0,0,0,0,0,0,0,0,0,0,0,251571646,0,0,0,0,0
1788888919.381,0,0,0,0,0,0,0,752281224,3818555816448,1822992218624,0,0,0,0,0,0,0,0,0,0,0,0,0,0,0,0,0,0,0,0,0,0,0,0,0,0,0,0,0,0,0,0,0,0,0,0,0,0,0,0,0,0,0,0,0,0,0,0,0,0,0,0,0,0,0,0,0,0,1023176,233213946,99576887,0,0,0,0,0,0,0,0,0,0,0,0,0,0,0,0,0,0,0,0,0,0,0,0,0,0,0,0,0,0,0,0,0,0,0,0,0,12873318400,5153128448,785725,314522,601,105,786432,232396343,0,0,3669129872,12884901888,105142896,424841639,0,0,0,0,0,0,0,0,0,0,0,0,0,0,0,0,0,0,24089843,24090031,0,97,97,6268,329,48179651,35,0,0,0,0,0,0,0,1,0,0,0,0,0,0,0,0,0,0,27089532,0,57841844,497346,0,0,0,0,0,0,0,0,16384,0,0,0,0,0,0,0,0,0,0,0,4028,611,0,0,0,0,0,73231561,0,298,0,27,611,4028,0,0,0,0,0,0,0,0,0,0,0,0,0,0,0,0,0,0,0,0,0,0,0,0,0,0,0,0,0,0,0,0,0,0,0,0,0,0,0,0,0,0,0,0,0,0,0,0,0,0,0,0,0,313140419,0,0,0,362106863,0,0,0,0,0,0,0,111897501,233089805,454186293,162184941056,62007839,1,1,0,0,0,0,0,0,0,0,0,0,0,0,0,0,0,0,0,0,0,0,0,0,0,0,0,0,0,0,0,251570065,0,0,0,0,0
1788888920.409,0,0,0,0,0,0,0,752370194,3819232147968,1823249984000,0,0,0,0,0,0,0,0,0,0,0,0,0,0,0,0,0,0,0,0,0,0,0,0,0,0,0,0,0,0,0,0,0,0,0,0,0,0,0,0,0,0,0,0,0,0,0,0,0,0,0,0,0,0,0,0,0,0,1023182,233255293,99591099,0,0,0,0,0,0,0,0,0,0,0,0,0,0,0,0,0,0,0,0,0,0,0,0,0,0,0,0,0,0,0,0,0,0,0,0,0,12883181568,5172084736,786327,315679,0,106,786432,232437592,0,0,3669574452,12884901888,105181724,424893508,0,0,0,0,0,0,0,0,0,0,0,0,0,0,0,0,0,0,24092819,24093011,0,97,97,6268,329,48185604,35,0,0,0,0,0,0,0,1,0,0,0,0,0,0,0,0,0,0,27092881,0,57842100,497348,0,0,0,0,0,0,0,0,16384,0,0,0,0,0,0,0,0,0,0,0,4029,611,0,0,0,0,0,73240591,0,298,0,27,611,4029,0,0,0,0,0,0,0,0,0,0,0,0,0,0,0,0,0,0,0,0,0,0,0,0,0,0,0,0,0,0,0,0,0,0,0,0,0,0,0,0,0,0,0,0,0,0,0,0,0,0,0,0,0,313181846,0,0,0,362150460,0,0,0,0,0,0,0,111929506,233131099,454255783,162206247936,62025890,0,0,0,0,0,0,0,0,0,0,0,0,0,0,0,0,0,0,0,0,0,0,0,0,0,0,0,0,0,0,0,251570942,0,0,0,0,0
1788888921.437,0,0,0,0,0,0,0,752459465,3819909904896,1823549605376,0,0,0,0,0,0,0,0,0,0,0,0,0,0,0,0,0,0,0,0,0,0,0,0,0,0,0,0,0,0,0,0,0,0,0,0,0,0,0,0,0,0,0,0,0,0,0,0,0,0,0,0,0,0,0,0,0,0,1023191,233296742,99607846,0,0,0,0,0,0,0,0,0,0,0,0,0,0,0,0,0,0,0,0,0,0,0,0,0,0,0,0,0,0,0,0,0,0,0,0,0,12883050496,5152342016,786319,314474,0,113,786432,232478926,0,0,3670023960,12884901888,105218661,424948756,0,0,0,0,0,0,0,0,0,0,0,0,0,0,0,0,0,0,24095814,24096004,0,97,97,6268,329,48191577,35,0,0,0,0,0,0,0,1,0,0,0,0,0,0,0,0,0,0,27096253,0,57845392,497375,0,0,0,0,0,0,0,0,16384,0,0,0,0,0,0,0,0,0,0,0,4030,611,0,0,0,0,0,73249696,0,298,0,27,611,4030,0,0,0,0,0,0,0,0,0,0,0,0,0,0,0,0,0,0,0,0,0,0,0,0,0,0,0,0,0,0,0,0,0,0,0,0,0,0,0,0,0,0,0,0,0,0,0,0,0,0,0,0,0,313225116,0,0,0,362195723,0,0,0,0,0,0,0,111960521,233172468,454329126,162228478464,62043191,1,0,0,0,0,0,0,0,0,0,0,0,0,0,0,0,0,0,0,0,0,0,0,0,0,0,0,0,0,0,0,251570320,0,0,0,0,0
1788888922.465,0,0,0,0,0,0,0,752550966,3820604766720,1823855917056,0,0,0,0,0,0,0,0,0,0,0,0,0,0,0,0,0,0,0,0,0,0,0,0,0,0,0,0,0,0,0,0,0,0,0,0,0,0,0,0,0,0,0,0,0,0,0,0,0,0,0,0,0,0,0,0,0,0,1023197,233339235,99624933,0,0,0,0,0,0,0,0,0,0,0,0,0,0,0,0,0,0,0,0,0,0,0,0,0,0,0,0,0,0,0,0,0,0,0,0,0,12883017728,5133631488,786318,313332,0,114,786432,232521307,0,0,3670483559,12884901888,105256738,425004228,0,0,0,0,0,0,0,0,0,0,0,0,0,0,0,0,0,0,24098881,24099075,0,97,97,6268,329,48197716,35,0,0,0,0,0,0,0,1,0,0,0,0,0,0,0,0,0,0,27099707,0,57848534,497401,0,0,0,0,0,0,0,0,16384,0,0,0,0,0,0,0,0,0,0,0,4031,611,0,0,0,0,0,73259053,0,298,0,27,611,4031,0,0,0,0,0,0,0,0,0,0,0,0,0,0,0,0,0,0,0,0,0,0,0,0,0,0,0,0,0,0,0,0,0,0,0,0,0,0,0,0,0,0,0,0,0,0,0,0,0,0,0,0,0,313269488,0,0,0,362241639,0,0,0,0,0,0,0,111991503,233214910,454404421,162251270144,62059966,0,0,0,0,0,0,0,0,0,0,0,0,0,0,0,0,0,0,0,0,0,0,0,0,0,0,0,0,0,0,0,251570241,0,0,0,0,0
1788888923.493,0,0,0,0,0,0,0,752643571,3821314030080,1824164803072,0,0,0,0,0,0,0,0,0,0,0,0,0,0,0,0,0,0,0,0,0,0,0,0,0,0,0,0,0,0,0,0,0,0,0,0,0,0,0,0,0,0,0,0,0,0,0,0,0,0,0,0,0,0,0,0,0,0,1023202,233382613,99642158,0,0,0,0,0,0,0,0,0,0,0,0,0,0,0,0,0,0,0,0,0,0,0,0,0,0,0,0,0,0,0,0,0,0,0,0,0,12883181568,5118230528,786327,312392,0,105,786432,232564560,0,0,3670954198,12884901888,105295081,425066071,0,0,0,0,0,0,0,0,0,0,0,0,0,0,0,0,0,0,24101985,24102175,0,97,97,6268,329,48203930,35,0,0,0,0,0,0,0,1,0,0,0,0,0,0,0,0,0,0,27103193,0,57852034,497430,0,0,0,0,0,0,0,0,16384,0,0,0,0,0,0,0,0,0,0,0,4032,611,0,0,0,0,0,73268470,0,298,0,27,611,4032,0,0,0,0,0,0,0,0,0,0,0,0,0,0,0,0,0,0,0,0,0,0,0,0,0,0,0,0,0,0,0,0,0,0,0,0,0,0,0,0,0,0,0,0,0,0,0,0,0,0,0,0,0,313315016,0,0,0,362290386,0,0,0,0,0,0,0,112022460,233258219,454480753,162274676224,62076957,0,0,0,0,0,0,0,0,0,0,0,0,0,0,0,0,0,0,0,0,0,0,0,0,0,0,0,0,0,0,0,251567809,0,0,0,0,0
1788888924.521,0,0,0,0,0,0,0,752727189,3821947419136,1824405748736,0,0,0,0,0,0,0,0,0,0,0,0,0,0,0,0,0,0,0,0,0,0,0,0,0,0,0,0,0,0,0,0,0,0,0,0,0,0,0,0,0,0,0,0,0,0,0,0,0,0,0,0,0,0,0,0,0,0,1023209,233421357,99655397,0,0,0,0,0,0,0,0,0,0,0,0,0,0,0,0,0,0,0,0,0,0,0,0,0,0,0,0,0,0,0,0,0,0,0,0,0,12883197952,5138890752,786328,313653,0,104,786432,232603227,0,0,3671375049,12884901888,105332553,425117923,0,0,0,0,0,0,0,0,0,0,0,0,0,0,0,0,0,0,24104786,24104978,0,97,97,6268,329,48209528,35,0,0,0,0,0,0,0,1,0,0,0,0,0,0,0,0,0,0,27106348,0,57852162,497431,0,0,0,0,0,0,0,0,16384,0,0,0,0,0,0,0,0,0,0,0,4033,611,0,0,0,0,0,73277008,0,298,0,27,611,4033,0,0,0,0,0,0,0,0,0,0,0,0,0,0,0,0,0,0,0,0,0,0,0,0,0,0,0,0,0,0,0,0,0,0,0,0,0,0,0,0,0,0,0,0,0,0,0,0,0,0,0,0,0,313355267,0,0,0,362332746,0,0,0,0,0,0,0,112053745,233296897,454547233,162295372800,62095175,0,0,0,0,0,0,0,0,0,0,0,0,0,0,0,0,0,0,0,0,0,0,0,0,0,0,0,0,0,0,0,251567297,0,0,0,0,0
1788888925.548,0,0,0,0,0,0,0,752814765,3822616738304,1824694966784,0,0,0,0,0,0,0,0,0,0,0,0,0,0,0,0,0,0,0,0,0,0,0,0,0,0,0,0,0,0,0,0,0,0,0,0,0,0,0,0,0,0,0,0,0,0,0,0,0,0,0,0,0,0,0,0,0,0,1023217,233462288,99671475,0,0,0,0,0,0,0,0,0,0,0,0,0,0,0,0,0,0,0,0,0,0,0,0,0,0,0,0,0,0,0,0,0,0,0,0,0,12883132416,5126455296,786324,312894,0,108,786432,232644051,0,0,3671822502,12884901888,105368969,425177942,0,0,0,0,0,0,0,0,0,0,0,0,0,0,0,0,0,0,24107715,24107904,0,97,97,6268,329,48215405,35,0,0,0,0,0,0,0,1,0,0,0,0,0,0,0,0,0,0,27109638,0,57855252,497457,0,0,0,0,0,0,0,0,16384,0,0,0,0,0,0,0,0,0,0,0,4034,611,0,0,0,0,0,73285890,0,298,0,27,611,4034,0,0,0,0,0,0,0,0,0,0,0,0,0,0,0,0,0,0,0,0,0,0,0,0,0,0,0,0,0,0,0,0,0,0,0,0,0,0,0,0,0,0,0,0,0,0,0,0,0,0,0,0,0,313398757,0,0,0,362379466,0,0,0,0,0,0,0,112084574,233337759,454619665,162317732864,62112715,1,0,0,0,0,0,0,0,0,0,0,0,0,0,0,0,0,0,0,0,0,0,0,0,0,0,0,0,0,0,0,251564373,0,0,0,0,0
1788888926.575,0,0,0,0,0,0,0,752915688,3823381871104,1825020989440,0,0,0,0,0,0,0,0,0,0,0,0,0,0,0,0,0,0,0,0,0,0,0,0,0,0,0,0,0,0,0,0,0,0,0,0,0,0,0,0,0,0,0,0,0,0,0,0,0,0,0,0,0,0,0,0,0,0,1023233,233509106,99689647,0,0,0,0,0,0,0,0,0,0,0,0,0,0,0,0,0,0,0,0,0,0,0,0,0,0,0,0,0,0,0,0,0,0,0,0,0,12883050496,5116198912,786319,312268,0,113,786432,232690731,0,0,3672329436,12884901888,105410694,425238769,0,0,0,0,0,0,0,0,0,0,0,0,0,0,0,0,0,0,24111100,24111286,0,97,97,6268,329,48222166,35,0,0,0,0,0,0,0,1,0,0,0,0,0,0,0,0,0,0,27113443,0,57858664,497485,0,0,0,0,0,0,0,0,16384,0,0,0,0,0,0,0,0,0,0,0,4035,611,0,0,0,0,0,73296169,0,298,0,27,611,4035,0,0,0,0,0,0,0,0,0,0,0,0,0,0,0,0,0,0,0,0,0,0,0,0,0,0,0,0,0,0,0,0,0,0,0,0,0,0,0,0,0,0,0,0,0,0,0,0,0,0,0,0,0,313446636,0,0,0,362429668,0,0,0,0,0,0,0,112117626,233384499,454700324,162342377472,62130717,1,0,0,0,0,0,0,0,0,0,0,0,0,0,0,0,0,0,0,0,0,0,0,0,0,0,0,0,0,0,0,251564622,0,0,0,0,0
1788888927.603,0,0,0,0,0,0,0,753002667,3824039803392,1825307600896,0,0,0,0,0,0,0,0,0,0,0,0,0,0,0,0,0,0,0,0,0,0,0,0,0,0,0,0,0,0,0,0,0,0,0,0,0,0,0,0,0,0,0,0,0,0,0,0,0,0,0,0,0,0,0,0,0,0,1023240,233549361,99705637,0,0,0,0,0,0,0,0,0,0,0,0,0,0,0,0,0,0,0,0,0,0,0,0,0,0,0,0,0,0,0,0,0,0,0,0,0,12883345408,5102977024,786337,311461,0,95,786432,232730880,0,0,3672765949,12884901888,105446394,425290199,0,0,0,0,0,0,0,0,0,0,0,0,0,0,0,0,0,0,24114011,24114202,0,97,97,6268,329,48227982,35,0,0,0,0,0,0,0,1,0,0,0,0,0,0,0,0,0,0,27116724,0,57861916,497512,0,0,0,0,0,0,0,0,16384,0,0,0,0,0,0,0,0,0,0,0,4036,611,0,0,0,0,0,73305031,0,298,0,27,611,4036,0,0,0,0,0,0,0,0,0,0,0,0,0,0,0,0,0,0,0,0,0,0,0,0,0,0,0,0,0,0,0,0,0,0,0,0,0,0,0,0,0,0,0,0,0,0,0,0,0,0,0,0,0,313488013,0,0,0,362472877,0,0,0,0,0,0,0,112148457,233424681,454770332,162363640320,62148508,1,0,0,0,0,0,0,0,0,0,0,0,0,0,0,0,0,0,0,0,0,0,0,0,0,0,0,0,0,0,0,251564967,0,0,0,0,0
1788888928.631,0,0,0,0,0,0,0,753101852,3824793991680,1825631199232,0,0,0,0,0,0,0,0,0,0,0,0,0,0,0,0,0,0,0,0,0,0,0,0,0,0,0,0,0,0,0,0,0,0,0,0,0,0,0,0,0,0,0,0,0,0,0,0,0,0,0,0,0,0,0,0,0,0,1023244,233595485,99723744,0,0,0,0,0,0,0,0,0,0,0,0,0,0,0,0,0,0,0,0,0,0,0,0,0,0,0,0,0,0,0,0,0,0,0,0,0,12883148800,5092622336,786325,310829,0,108,786432,232776882,0,0,3673255708,12884901888,105487939,425342060,0,0,0,0,0,0,0,0,0,0,0,0,0,0,0,0,0,0,24117286,24117480,0,97,97,6268,329,48234532,35,0,0,0,0,0,0,0,1,0,0,0,0,0,0,0,0,0,0,27120410,0,57865185,497539,0,0,0,0,0,0,0,0,16384,0,0,0,0,0,0,0,0,0,0,0,4037,611,0,0,0,0,0,73315003,0,298,0,27,611,4037,0,0,0,0,0,0,0,0,0,0,0,0,0,0,0,0,0,0,0,0,0,0,0,0,0,0,0,0,0,0,0,0,0,0,0,0,0,0,0,0,0,0,0,0,0,0,0,0,0,0,0,0,0,313534025,0,0,0,362519182,0,0,0,0,0,0,0,112180474,233470750,454849118,162387293184,62165443,1,0,0,0,0,0,0,0,0,0,0,0,0,0,0,0,0,0,0,0,0,0,0,0,0,0,0,0,0,0,0,251568246,0,0,0,0,0
1788888929.659,0,0,0,0,0,0,0,753182115,3825404852736,1825861312512,0,0,0,0,0,0,0,0,0,0,0,0,0,0,0,0,0,0,0,0,0,0,0,0,0,0,0,0,0,0,0,0,0,0,0,0,0,0,0,0,0,0,0,0,0,0,0,0,0,0,0,0,0,0,0,0,0,0,1023246,233632839,99736429,0,0,0,0,0,0,0,0,0,0,0,0,0,0,0,0,0,0,0,0,0,0,0,0,0,0,0,0,0,0,0,0,0,0,0,0,0,12883148800,5115428864,786325,312221,0,108,786432,232814151,0,0,3673652114,12884901888,105524122,425383589,0,0,0,0,0,0,0,0,0,0,0,0,0,0,0,0,0,0,24119944,24120135,0,97,97,6268,329,48239851,35,0,0,0,0,0,0,0,1,0,0,0,0,0,0,0,0,0,0,27123397,0,57865313,497540,0,0,0,0,0,0,0,0,16384,0,0,0,0,0,0,0,0,0,0,0,4038,611,0,0,0,0,0,73323065,0,298,0,27,611,4038,0,0,0,0,0,0,0,0,0,0,0,0,0,0,0,0,0,0,0,0,0,0,0,0,0,0,0,0,0,0,0,0,0,0,0,0,0,0,0,0,0,0,0,0,0,0,0,0,0,0,0,0,0,313571499,0,0,0,362556749,0,0,0,0,0,0,0,112211421,233508046,454911752,162406548992,62183859,1,0,0,0,0,0,0,0,0,0,0,0,0,0,0,0,0,0,0,0,0,0,0,0,0,0,0,0,0,0,0,251570900,0,0,0,0,0
1788888930.686,0,0,0,0,0,0,0,753270145,3826071206400,1826148764160,0,0,0,0,0,0,0,0,0,0,0,0,0,0,0,0,0,0,0,0,0,0,0,0,0,0,0,0,0,0,0,0,0,0,0,0,0,0,0,0,0,0,0,0,0,0,0,0,0,0,0,0,0,0,0,0,0,0,1023251,233673604,99752509,0,0,0,0,0,0,0,0,0,0,0,0,0,0,0,0,0,0,0,0,0,0,0,0,0,0,0,0,0,0,0,0,0,0,0,0,0,12883050496,5103271936,786319,311479,0,113,786432,232854792,0,0,3674085938,12884901888,105560608,425429140,0,0,0,0,0,0,0,0,0,0,0,0,0,0,0,0,0,0,24122849,24123040,0,97,97,6268,329,48245657,35,0,0,0,0,0,0,0,1,0,0,0,0,0,0,0,0,0,0,27126665,0,57868472,497566,0,0,0,0,0,0,0,0,16384,0,0,0,0,0,0,0,0,0,0,0,4039,611,0,0,0,0,0,73331905,0,298,0,27,611,4039,0,0,0,0,0,0,0,0,0,0,0,0,0,0,0,0,0,0,0,0,0,0,0,0,0,0,0,0,0,0,0,0,0,0,0,0,0,0,0,0,0,0,0,0,0,0,0,0,0,0,0,0,0,313612683,0,0,0,362597833,0,0,0,0,0,0,0,112241929,233548745,454981803,162427698176,62201176,1,0,0,0,0,0,0,0,0,0,0,0,0,0,0,0,0,0,0,0,0,0,0,0,0,0,0,0,0,0,0,251573806,0,0,0,0,0
1788888931.714,0,0,0,0,0,0,0,753365228,3826797115904,1826459371008,0,0,0,0,0,0,0,0,0,0,0,0,0,0,0,0,0,0,0,0,0,0,0,0,0,0,0,0,0,0,0,0,0,0,0,0,0,0,0,0,0,0,0,0,0,0,0,0,0,0,0,0,0,0,0,0,0,0,1023381,233718022,99769859,0,0,0,0,0,0,0,0,0,0,0,0,0,0,0,0,0,0,0,0,0,0,0,0,0,0,0,0,0,0,0,0,0,0,0,0,0,12883066880,5095866368,786320,311027,0,112,786432,232899112,0,0,3674556338,12884901888,105600677,425479206,0,0,0,0,0,0,0,0,0,0,0,0,0,0,0,0,0,0,24125998,24126186,0,97,97,6268,329,48251951,35,0,0,0,0,0,0,0,1,0,0,0,0,0,0,0,0,0,0,27130205,0,57871767,497593,0,0,0,0,0,0,0,0,16384,0,0,0,0,0,0,0,0,0,0,0,4040,611,0,0,0,0,0,73341442,0,298,0,27,611,4040,0,0,0,0,0,0,0,0,0,0,0,0,0,0,0,0,0,0,0,0,0,0,0,0,0,0,0,0,0,0,0,0,0,0,0,0,0,0,0,0,0,0,0,0,0,0,0,0,0,0,0,0,0,313657187,0,0,0,362642316,0,0,0,0,0,0,0,112272840,233593080,455057565,162450597888,62217738,1,0,0,0,0,0,0,0,0,0,0,0,0,0,0,0,0,0,0,0,0,0,0,0,0,0,0,0,0,0,0,251576952,0,0,0,0,0
1788888932.741,0,0,0,0,0,0,0,753440549,3827367868928,1826680186368,0,0,0,0,0,0,0,0,0,0,0,0,0,0,0,0,0,0,0,0,0,0,0,0,0,0,0,0,0,0,0,0,0,0,0,0,0,0,0,0,0,0,0,0,0,0,0,0,0,0,0,0,0,0,0,0,0,0,1023503,233752918,99781960,0,0,0,0,0,0,0,0,0,0,0,0,0,0,0,0,0,0,0,0,0,0,0,0,0,0,0,0,0,0,0,0,0,0,0,0,0,12878151680,5116444672,786020,312283,308,104,786432,232933924,0,0,3674925919,12884901888,105634193,425518360,0,0,0,0,0,0,0,0,0,0,0,0,0,0,0,0,0,0,24128477,24128667,0,97,97,6268,329,48256908,35,0,0,0,0,0,0,0,1,0,0,0,0,0,0,0,0,0,0,27132992,0,57871895,497597,0,0,0,0,0,0,0,0,16384,0,0,0,0,0,0,0,0,0,0,0,4041,611,0,0,0,0,0,73348977,0,298,0,27,611,4041,0,0,0,0,0,0,0,0,0,0,0,0,0,0,0,0,0,0,0,0,0,0,0,0,0,0,0,0,0,0,0,0,0,0,0,0,0,0,0,0,0,0,0,0,0,0,0,0,0,0,0,0,0,313692265,0,0,0,362677464,0,0,0,0,0,0,0,112302034,233627937,455116448,162468682240,62235266,0,0,0,0,0,0,0,0,0,0,0,0,0,0,0,0,0,0,0,0,0,0,0,0,0,0,0,0,0,0,0,251579429,0,0,0,0,0
1788888933.769,0,0,0,0,0,0,0,753528594,3828039383552,1826968165376,0,0,0,0,0,0,0,0,0,0,0,0,0,0,0,0,0,0,0,0,0,0,0,0,0,0,0,0,0,0,0,0,0,0,0,0,0,0,0,0,0,0,0,0,0,0,0,0,0,0,0,0,0,0,0,0,0,0,1023658,233793976,99798154,0,0,0,0,0,0,0,0,0,0,0,0,0,0,0,0,0,0,0,0,0,0,0,0,0,0,0,0,0,0,0,0,0,0,0,0,0,12883017728,5108023296,786317,311769,0,116,786432,232974897,0,0,3675360932,12884901888,105671618,425564265,0,0,0,0,0,0,0,0,0,0,0,0,0,0,0,0,0,0,24131386,24131576,0,97,97,6268,329,48262733,35,0,0,0,0,0,0,0,1,0,0,0,0,0,0,0,0,0,0,27136266,0,57875080,497620,0,0,0,0,0,0,0,0,16384,0,0,0,0,0,0,0,0,0,0,0,4042,611,0,0,0,0,0,73357824,0,298,0,27,611,4042,0,0,0,0,0,0,0,0,0,0,0,0,0,0,0,0,0,0,0,0,0,0,0,0,0,0,0,0,0,0,0,0,0,0,0,0,0,0,0,0,0,0,0,0,0,0,0,0,0,0,0,0,0,313733545,0,0,0,362718616,0,0,0,0,0,0,0,112332855,233668922,455186992,162489915904,62252493,0,0,0,0,0,0,0,0,0,0,0,0,0,0,0,0,0,0,0,0,0,0,0,0,0,0,0,0,0,0,0,251582341,0,0,0,0,0
1788888934.795,0,0,0,0,0,0,0,753604970,3828620425728,1827208476672,0,0,0,0,0,0,0,0,0,0,0,0,0,0,0,0,0,0,0,0,0,0,0,0,0,0,0,0,0,0,0,0,0,0,0,0,0,0,0,0,0,0,0,0,0,0,0,0,0,0,0,0,0,0,0,0,0,0,1023794,233829498,99811523,0,0,0,0,0,0,0,0,0,0,0,0,0,0,0,0,0,0,0,0,0,0,0,0,0,0,0,0,0,0,0,0,0,0,0,0,0,12883066880,5110956032,786320,311948,0,112,786432,233010332,0,0,3675737794,12884901888,105704520,425603922,0,0,0,0,0,0,0,0,0,0,0,0,0,0,0,0,0,0,24133907,24134098,0,97,97,6268,329,48267766,35,0,0,0,0,0,0,0,1,0,0,0,0,0,0,0,0,0,0,27139103,0,57876738,497634,0,0,0,0,0,0,0,0,16384,0,0,0,0,0,0,0,0,0,0,0,4043,611,0,0,0,0,0,73365470,0,298,0,27,611,4043,0,0,0,0,0,0,0,0,0,0,0,0,0,0,0,0,0,0,0,0,0,0,0,0,0,0,0,0,0,0,0,0,0,0,0,0,0,0,0,0,0,0,0,0,0,0,0,0,0,0,0,0,0,313769392,0,0,0,362754251,0,0,0,0,0,0,0,112362020,233704406,455247852,162508316672,62269729,0,0,0,0,0,0,0,0,0,0,0,0,0,0,0,0,0,0,0,0,0,0,0,0,0,0,0,0,0,0,0,251584863,0,0,0,0,0
1788888935.823,0,0,0,0,0,0,0,753686329,3829237168640,1827447276032,0,0,0,0,0,0,0,0,0,0,0,0,0,0,0,0,0,0,0,0,0,0,0,0,0,0,0,0,0,0,0,0,0,0,0,0,0,0,0,0,0,0,0,0,0,0,0,0,0,0,0,0,0,0,0,0,0,0,1023953,233867210,99824718,0,0,0,0,0,0,0,0,0,0,0,0,0,0,0,0,0,0,0,0,0,0,0,0,0,0,0,0,0,0,0,0,0,0,0,0,0,12882984960,5133680640,786315,313335,0,118,786432,233047955,0,0,3676139277,12884901888,105741082,425646395,0,0,0,0,0,0,0,0,0,0,0,0,0,0,0,0,0,0,24136592,24136780,0,97,97,6268,329,48273140,35,0,0,0,0,0,0,0,1,0,0,0,0,0,0,0,0,0,0,27142121,0,57876994,497636,0,0,0,0,0,0,0,0,16384,0,0,0,0,0,0,0,0,0,0,0,4044,611,0,0,0,0,0,73373621,0,298,0,27,611,4044,0,0,0,0,0,0,0,0,0,0,0,0,0,0,0,0,0,0,0,0,0,0,0,0,0,0,0,0,0,0,0,0,0,0,0,0,0,0,0,0,0,0,0,0,0,0,0,0,0,0,0,0,0,313807301,0,0,0,362792273,0,0,0,0,0,0,0,112393052,233742060,455311788,162527828992,62287848,1,0,0,0,0,0,0,0,0,0,0,0,0,0,0,0,0,0,0,0,0,0,0,0,0,0,0,0,0,0,0,251587545,0,0,0,0,0
1788888936.850,0,0,0,0,0,0,0,753768128,3829857827328,1827723304960,0,0,0,0,0,0,0,0,0,0,0,0,0,0,0,0,0,0,0,0,0,0,0,0,0,0,0,0,0,0,0,0,0,0,0,0,0,0,0,0,0,0,0,0,0,0,0,0,0,0,0,0,0,0,0,0,0,0,1024087,233905177,99840188,0,0,0,0,0,0,0,0,0,0,0,0,0,0,0,0,0,0,0,0,0,0,0,0,0,0,0,0,0,0,0,0,0,0,0,0,0,12883132416,5118590976,786324,312414,0,108,786432,233085825,0,0,3676542822,12884901888,105776525,425688823,0,0,0,0,0,0,0,0,0,0,0,0,0,0,0,0,0,0,24139298,24139482,0,97,97,6268,329,48278559,35,0,0,0,0,0,0,0,1,0,0,0,0,0,0,0,0,0,0,27145161,0,57879703,497658,0,0,0,0,0,0,0,0,16384,0,0,0,0,0,0,0,0,0,0,0,4045,611,0,0,0,0,0,73381855,0,298,0,27,611,4045,0,0,0,0,0,0,0,0,0,0,0,0,0,0,0,0,0,0,0,0,0,0,0,0,0,0,0,0,0,0,0,0,0,0,0,0,0,0,0,0,0,0,0,0,0,0,0,0,0,0,0,0,0,313845645,0,0,0,362830529,0,0,0,0,0,0,0,112423321,233779967,455378267,162547538944,62305004,1,0,0,0,0,0,0,0,0,0,0,0,0,0,0,0,0,0,0,0,0,0,0,0,0,0,0,0,0,0,0,251590246,0,0,0,0,0
1788888937.878,0,0,0,0,0,0,0,753845965,3830451829248,1827952988672,0,0,0,0,0,0,0,0,0,0,0,0,0,0,0,0,0,0,0,0,0,0,0,0,0,0,0,0,0,0,0,0,0,0,0,0,0,0,0,0,0,0,0,0,0,0,0,0,0,0,0,0,0,0,0,0,0,0,1024210,233941487,99852880,0,0,0,0,0,0,0,0,0,0,0,0,0,0,0,0,0,0,0,0,0,0,0,0,0,0,0,0,0,0,0,0,0,0,0,0,0,12883230720,5136875520,786329,313530,0,103,786432,233122053,0,0,3676927230,12884901888,105811698,425729197,0,0,0,0,0,0,0,0,0,0,0,0,0,0,0,0,0,0,24141871,24142062,0,97,97,6268,329,48283713,35,0,0,0,0,0,0,0,1,0,0,0,0,0,0,0,0,0,0,27148063,0,57879831,497660,0,0,0,0,0,0,0,0,16384,0,0,0,0,0,0,0,0,0,0,0,4046,611,0,0,0,0,0,73389705,0,298,0,27,611,4046,0,0,0,0,0,0,0,0,0,0,0,0,0,0,0,0,0,0,0,0,0,0,0,0,0,0,0,0,0,0,0,0,0,0,0,0,0,0,0,0,0,0,0,0,0,0,0,0,0,0,0,0,0,313882284,0,0,0,362866951,0,0,0,0,0,0,0,112452460,233816237,455439951,162566386176,62321730,1,0,0,0,0,0,0,0,0,0,0,0,0,0,0,0,0,0,0,0,0,0,0,0,0,0,0,0,0,0,0,251592828,0,0,0,0,0
1788888938.905,0,0,0,0,0,0,0,753931511,3831100815872,1828237658624,0,0,0,0,0,0,0,0,0,0,0,0,0,0,0,0,0,0,0,0,0,0,0,0,0,0,0,0,0,0,0,0,0,0,0,0,0,0,0,0,0,0,0,0,0,0,0,0,0,0,0,0,0,0,0,0,0,0,1024370,233981196,99868806,0,0,0,0,0,0,0,0,0,0,0,0,0,0,0,0,0,0,0,0,0,0,0,0,0,0,0,0,0,0,0,0,0,0,0,0,0,12882984960,5125734400,786315,312850,0,117,786432,233161679,0,0,3677348754,12884901888,105848893,425773802,0,0,0,0,0,0,0,0,0,0,0,0,0,0,0,0,0,0,24144696,24144887,0,97,97,6268,329,48289352,35,0,0,0,0,0,0,0,1,0,0,0,0,0,0,0,0,0,0,27151241,0,57882652,497682,0,0,0,0,0,0,0,0,16384,0,0,0,0,0,0,0,0,0,0,0,4047,611,0,0,0,0,0,73398275,0,298,0,27,611,4047,0,0,0,0,0,0,0,0,0,0,0,0,0,0,0,0,0,0,0,0,0,0,0,0,0,0,0,0,0,0,0,0,0,0,0,0,0,0,0,0,0,0,0,0,0,0,0,0,0,0,0,0,0,313922484,0,0,0,362906906,0,0,0,0,0,0,0,112482627,233855888,455509186,162587051008,62338325,1,0,0,0,0,0,0,0,0,0,0,0,0,0,0,0,0,0,0,0,0,0,0,0,0,0,0,0,0,0,0,251595652,0,0,0,0,0
1788888939.933,0,0,0,0,0,0,0,754010746,3831702927872,1828472822272,0,0,0,0,0,0,0,0,0,0,0,0,0,0,0,0,0,0,0,0,0,0,0,0,0,0,0,0,0,0,0,0,0,0,0,0,0,0,0,0,0,0,0,0,0,0,0,0,0,0,0,0,0,0,0,0,0,0,1024546,234018017,99881823,0,0,0,0,0,0,0,0,0,0,0,0,0,0,0,0,0,0,0,0,0,0,0,0,0,0,0,0,0,0,0,0,0,0,0,0,0,12883034112,5144641536,786316,314004,0,116,786432,233198412,0,0,3677740039,12884901888,105884557,425815207,0,0,0,0,0,0,0,0,0,0,0,0,0,0,0,0,0,0,24147307,24147498,0,97,97,6268,329,48294581,35,0,0,0,0,0,0,0,1,0,0,0,0,0,0,0,0,0,0,27154178,0,57882908,497684,0,0,0,0,0,0,0,0,16384,0,0,0,0,0,0,0,0,0,0,0,4048,611,0,0,0,0,0,73406195,0,298,0,27,611,4048,0,0,0,0,0,0,0,0,0,0,0,0,0,0,0,0,0,0,0,0,0,0,0,0,0,0,0,0,0,0,0,0,0,0,0,0,0,0,0,0,0,0,0,0,0,0,0,0,0,0,0,0,0,313959275,0,0,0,362943911,0,0,0,0,0,0,0,112512201,233892659,455571677,162605968896,62355165,1,0,0,0,0,0,0,0,0,0,0,0,0,0,0,0,0,0,0,0,0,0,0,0,0,0,0,0,0,0,0,251598263,0,0,0,0,0
1788888940.959,0,0,0,0,0,0,0,754092250,3832320096768,1828747760640,0,0,0,0,0,0,0,0,0,0,0,0,0,0,0,0,0,0,0,0,0,0,0,0,0,0,0,0,0,0,0,0,0,0,0,0,0,0,0,0,0,0,0,0,0,0,0,0,0,0,0,0,0,0,0,0,0,0,1024678,234055739,99897249,0,0,0,0,0,0,0,0,0,0,0,0,0,0,0,0,0,0,0,0,0,0,0,0,0,0,0,0,0,0,0,0,0,0,0,0,0,12882935808,5129584640,786312,313084,0,121,786432,233236049,0,0,3678141827,12884901888,105919918,425857424,0,0,0,0,0,0,0,0,0,0,0,0,0,0,0,0,0,0,24150003,24150194,0,97,97,6268,329,48299977,35,0,0,0,0,0,0,0,1,0,0,0,0,0,0,0,0,0,0,27157211,0,57885630,497706,0,0,0,0,0,0,0,0,16384,0,0,0,0,0,0,0,0,0,0,0,4049,611,0,0,0,0,0,73414399,0,298,0,27,611,4049,0,0,0,0,0,0,0,0,0,0,0,0,0,0,0,0,0,0,0,0,0,0,0,0,0,0,0,0,0,0,0,0,0,0,0,0,0,0,0,0,0,0,0,0,0,0,0,0,0,0,0,0,0,313997159,0,0,0,362982023,0,0,0,0,0,0,0,112542985,233930336,455637602,162625416192,62372886,1,0,0,0,0,0,0,0,0,0,0,0,0,0,0,0,0,0,0,0,0,0,0,0,0,0,0,0,0,0,0,251600959,0,0,0,0,0
1788888941.987,0,0,0,0,0,0,0,754169915,3832912443904,1828977968128,0,0,0,0,0,0,0,0,0,0,0,0,0,0,0,0,0,0,0,0,0,0,0,0,0,0,0,0,0,0,0,0,0,0,0,0,0,0,0,0,0,0,0,0,0,0,0,0,0,0,0,0,0,0,0,0,0,0,1024813,234091961,99909982,0,0,0,0,0,0,0,0,0,0,0,0,0,0,0,0,0,0,0,0,0,0,0,0,0,0,0,0,0,0,0,0,0,0,0,0,0,12883181568,5145378816,786327,314049,0,105,786432,233272194,0,0,3678523134,12884901888,105955148,425897543,0,0,0,0,0,0,0,0,0,0,0,0,0,0,0,0,0,0,24152553,24152744,0,97,97,6268,329,48305058,35,0,0,0,0,0,0,0,1,0,0,0,0,0,0,0,0,0,0,27160076,0,57885758,497707,0,0,0,0,0,0,0,0,16384,0,0,0,0,0,0,0,0,0,0,0,4050,611,0,0,0,0,0,73422149,0,298,0,27,611,4050,0,0,0,0,0,0,0,0,0,0,0,0,0,0,0,0,0,0,0,0,0,0,0,0,0,0,0,0,0,0,0,0,0,0,0,0,0,0,0,0,0,0,0,0,0,0,0,0,0,0,0,0,0,314033414,0,0,0,363018097,0,0,0,0,0,0,0,112573211,233966512,455699103,162644049920,62390535,1,0,0,0,0,0,0,0,0,0,0,0,0,0,0,0,0,0,0,0,0,0,0,0,0,0,0,0,0,0,0,251603507,0,0,0,0,0
1788888943.014,0,0,0,0,0,0,0,754261017,3833601194496,1829283350016,0,0,0,0,0,0,0,0,0,0,0,0,0,0,0,0,0,0,0,0,0,0,0,0,0,0,0,0,0,0,0,0,0,0,0,0,0,0,0,0,0,0,0,0,0,0,0,0,0,0,0,0,0,0,0,0,0,0,1025009,234134090,99927101,0,0,0,0,0,0,0,0,0,0,0,0,0,0,0,0,0,0,0,0,0,0,0,0,0,0,0,0,0,0,0,0,0,0,0,0,0,12882952192,5132271616,786313,313249,0,119,786432,233314231,0,0,3678972347,12884901888,105994725,425945485,0,0,0,0,0,0,0,0,0,0,0,0,0,0,0,0,0,0,24155578,24155768,0,97,97,6268,329,48311122,35,0,0,0,0,0,0,0,1,0,0,0,0,0,0,0,0,0,0,27163479,0,57888542,497730,0,0,0,0,0,0,0,0,16384,0,0,0,0,0,0,0,0,0,0,0,4051,611,0,0,0,0,0,73431357,0,298,0,27,611,4051,0,0,0,0,0,0,0,0,0,0,0,0,0,0,0,0,0,0,0,0,0,0,0,0,0,0,0,0,0,0,0,0,0,0,0,0,0,0,0,0,0,0,0,0,0,0,0,0,0,0,0,0,0,314075462,0,0,0,363060816,0,0,0,0,0,0,0,112605153,234008592,455772470,162665702400,62407850,1,0,0,0,0,0,0,0,0,0,0,0,0,0,0,0,0,0,0,0,0,0,0,0,0,0,0,0,0,0,0,251606533,0,0,0,0,0
1788888944.041,0,0,0,0,0,0,0,754335235,3834165950976,1829501512192,0,0,0,0,0,0,0,0,0,0,0,0,0,0,0,0,0,0,0,0,0,0,0,0,0,0,0,0,0,0,0,0,0,0,0,0,0,0,0,0,0,0,0,0,0,0,0,0,0,0,0,0,0,0,0,0,0,0,1025137,234168627,99939164,0,0,0,0,0,0,0,0,0,0,0,0,0,0,0,0,0,0,0,0,0,0,0,0,0,0,0,0,0,0,0,0,0,0,0,0,0,12883116032,5149949952,786322,314328,0,110,786432,233348692,0,0,3679338889,12884901888,106028285,425984073,0,0,0,0,0,0,0,0,0,0,0,0,0,0,0,0,0,0,24158034,24158222,0,97,97,6268,329,48316034,35,0,0,0,0,0,0,0,1,0,0,0,0,0,0,0,0,0,0,27166241,0,57888670,497731,0,0,0,0,0,0,0,0,16384,0,0,0,0,0,0,0,0,0,0,0,4052,611,0,0,0,0,0,73438812,0,298,0,27,611,4052,0,0,0,0,0,0,0,0,0,0,0,0,0,0,0,0,0,0,0,0,0,0,0,0,0,0,0,0,0,0,0,0,0,0,0,0,0,0,0,0,0,0,0,0,0,0,0,0,0,0,0,0,0,314109681,0,0,0,363095499,0,0,0,0,0,0,0,112634155,234043102,455830642,162683303424,62424933,1,0,0,0,0,0,0,0,0,0,0,0,0,0,0,0,0,0,0,0,0,0,0,0,0,0,0,0,0,0,0,251608988,0,0,0,0,0
1788888945.068,0,0,0,0,0,0,0,754417761,3834790033920,1829780606976,0,0,0,0,0,0,0,0,0,0,0,0,0,0,0,0,0,0,0,0,0,0,0,0,0,0,0,0,0,0,0,0,0,0,0,0,0,0,0,0,0,0,0,0,0,0,0,0,0,0,0,0,0,0,0,0,0,0,1025273,234206799,99954811,0,0,0,0,0,0,0,0,0,0,0,0,0,0,0,0,0,0,0,0,0,0,0,0,0,0,0,0,0,0,0,0,0,0,0,0,0,12882968576,5131599872,786314,313208,0,118,786432,233386762,0,0,3679746129,12884901888,106063818,426026852,0,0,0,0,0,0,0,0,0,0,0,0,0,0,0,0,0,0,24160748,24160938,0,97,97,6268,329,48321465,35,0,0,0,0,0,0,0,1,0,0,0,0,0,0,0,0,0,0,27169296,0,57891491,497754,0,0,0,0,0,0,0,0,16384,0,0,0,0,0,0,0,0,0,0,0,4053,611,0,0,0,0,0,73447083,0,298,0,27,611,4053,0,0,0,0,0,0,0,0,0,0,0,0,0,0,0,0,0,0,0,0,0,0,0,0,0,0,0,0,0,0,0,0,0,0,0,0,0,0,0,0,0,0,0,0,0,0,0,0,0,0,0,0,0,314147847,0,0,0,363133964,0,0,0,0,0,0,0,112664247,234081200,455897155,162702994432,62441884,0,0,0,0,0,0,0,0,0,0,0,0,0,0,0,0,0,0,0,0,0,0,0,0,0,0,0,0,0,0,0,251611704,0,0,0,0,0
1788888946.095,0,0,0,0,0,0,0,754498732,3835402140160,1830018729984,0,0,0,0,0,0,0,0,0,0,0,0,0,0,0,0,0,0,0,0,0,0,0,0,0,0,0,0,0,0,0,0,0,0,0,0,0,0,0,0,0,0,0,0,0,0,0,0,0,0,0,0,0,0,0,0,0,0,1025437,234244226,99967958,0,0,0,0,0,0,0,0,0,0,0,0,0,0,0,0,0,0,0,0,0,0,0,0,0,0,0,0,0,0,0,0,0,0,0,0,0,12882919424,5151916032,786311,314448,0,121,786432,233424103,0,0,3680145949,12884901888,106100082,426069048,0,0,0,0,0,0,0,0,0,0,0,0,0,0,0,0,0,0,24163436,24163624,0,97,97,6268,329,48326834,35,0,0,0,0,0,0,0,1,0,0,0,0,0,0,0,0,0,0,27172316,0,57891747,497756,0,0,0,0,0,0,0,0,16384,0,0,0,0,0,0,0,0,0,0,0,4054,611,0,0,0,0,0,73455248,0,298,0,27,611,4054,0,0,0,0,0,0,0,0,0,0,0,0,0,0,0,0,0,0,0,0,0,0,0,0,0,0,0,0,0,0,0,0,0,0,0,0,0,0,0,0,0,0,0,0,0,0,0,0,0,0,0,0,0,314185767,0,0,0,363171812,0,0,0,0,0,0,0,112695290,234118573,455961014,162722469888,62460054,1,0,0,0,0,0,0,0,0,0,0,0,0,0,0,0,0,0,0,0,0,0,0,0,0,0,0,0,0,0,0,251614390,0,0,0,0,0
1788888947.122,0,0,0,0,0,0,0,754576921,3835996879360,1830287022592,0,0,0,0,0,0,0,0,0,0,0,0,0,0,0,0,0,0,0,0,0,0,0,0,0,0,0,0,0,0,0,0,0,0,0,0,0,0,0,0,0,0,0,0,0,0,0,0,0,0,0,0,0,0,0,0,0,0,1025571,234280578,99982975,0,0,0,0,0,0,0,0,0,0,0,0,0,0,0,0,0,0,0,0,0,0,0,0,0,0,0,0,0,0,0,0,0,0,0,0,0,12882837504,5135499264,786306,313446,1,125,786432,233460361,0,0,3680531723,12884901888,106133867,426109780,0,0,0,0,0,0,0,0,0,0,0,0,0,0,0,0,0,0,24166013,24166204,0,97,97,6268,329,48331997,35,0,0,0,0,0,0,0,1,0,0,0,0,0,0,0,0,0,0,27175219,0,57894470,497780,0,0,0,0,0,0,0,0,16384,0,0,0,0,0,0,0,0,0,0,0,4055,611,0,0,0,0,0,73463111,0,298,0,27,611,4055,0,0,0,0,0,0,0,0,0,0,0,0,0,0,0,0,0,0,0,0,0,0,0,0,0,0,0,0,0,0,0,0,0,0,0,0,0,0,0,0,0,0,0,0,0,0,0,0,0,0,0,0,0,314222623,0,0,0,363208381,0,0,0,0,0,0,0,112724188,234154873,456025003,162741468672,62476456,0,0,0,0,0,0,0,0,0,0,0,0,0,0,0,0,0,0,0,0,0,0,0,0,0,0,0,0,0,0,0,251616970,0,0,0,0,0
1788888948.149,0,0,0,0,0,0,0,754658805,3836619962880,1830527017472,0,0,0,0,0,0,0,0,0,0,0,0,0,0,0,0,0,0,0,0,0,0,0,0,0,0,0,0,0,0,0,0,0,0,0,0,0,0,0,0,0,0,0,0,0,0,0,0,0,0,0,0,0,0,0,0,0,0,1025707,234318679,99996270,0,0,0,0,0,0,0,0,0,0,0,0,0,0,0,0,0,0,0,0,0,0,0,0,0,0,0,0,0,0,0,0,0,0,0,0,0,12883017728,5155897344,786317,314691,0,115,786432,233498374,0,0,3680935773,12884901888,106170799,426152317,0,0,0,0,0,0,0,0,0,0,0,0,0,0,0,0,0,0,24168723,24168911,0,97,97,6268,329,48337415,35,0,0,0,0,0,0,0,1,0,0,0,0,0,0,0,0,0,0,27178261,0,57894726,497781,0,0,0,0,0,0,0,0,16384,0,0,0,0,0,0,0,0,0,0,0,4056,611,0,0,0,0,0,73471324,0,298,0,27,611,4056,0,0,0,0,0,0,0,0,0,0,0,0,0,0,0,0,0,0,0,0,0,0,0,0,0,0,0,0,0,0,0,0,0,0,0,0,0,0,0,0,0,0,0,0,0,0,0,0,0,0,0,0,0,314260724,0,0,0,363246690,0,0,0,0,0,0,0,112755172,234192933,456089385,162761071104,62494342,1,0,0,0,0,0,0,0,0,0,0,0,0,0,0,0,0,0,0,0,0,0,0,0,0,0,0,0,0,0,0,251619674,0,0,0,0,0
1788888949.176,0,0,0,0,0,0,0,754739730,3837237737984,1830801931264,0,0,0,0,0,0,0,0,0,0,0,0,0,0,0,0,0,0,0,0,0,0,0,0,0,0,0,0,0,0,0,0,0,0,0,0,0,0,0,0,0,0,0,0,0,0,0,0,0,0,0,0,0,0,0,0,0,0,1025853,234356456,100011680,0,0,0,0,0,0,0,0,0,0,0,0,0,0,0,0,0,0,0,0,0,0,0,0,0,0,0,0,0,0,0,0,0,0,0,0,0,12883050496,5138546688,786319,313632,0,113,786432,233536057,0,0,3681333261,12884901888,106205581,426194314,0,0,0,0,0,0,0,0,0,0,0,0,0,0,0,0,0,0,24171396,24171589,0,97,97,6268,329,48342740,35,0,0,0,0,0,0,0,1,0,0,0,0,0,0,0,0,0,0,27181275,0,57897496,497804,0,0,0,0,0,0,0,0,16384,0,0,0,0,0,0,0,0,0,0,0,4057,611,0,0,0,0,0,73479472,0,298,0,27,611,4057,0,0,0,0,0,0,0,0,0,0,0,0,0,0,0,0,0,0,0,0,0,0,0,0,0,0,0,0,0,0,0,0,0,0,0,0,0,0,0,0,0,0,0,0,0,0,0,0,0,0,0,0,0,314298376,0,0,0,363284463,0,0,0,0,0,0,0,112785932,234230664,456155030,162780413440,62512099,1,0,0,0,0,0,0,0,0,0,0,0,0,0,0,0,0,0,0,0,0,0,0,0,0,0,0,0,0,0,0,251622355,0,0,0,0,0
1788888950.204,0,0,0,0,0,0,0,754819033,3837842012672,1831036702208,0,0,0,0,0,0,0,0,0,0,0,0,0,0,0,0,0,0,0,0,0,0,0,0,0,0,0,0,0,0,0,0,0,0,0,0,0,0,0,0,0,0,0,0,0,0,0,0,0,0,0,0,0,0,0,0,0,0,1026011,234393409,100024671,0,0,0,0,0,0,0,0,0,0,0,0,0,0,0,0,0,0,0,0,0,0,0,0,0,0,0,0,0,0,0,0,0,0,0,0,0,12883263488,5157011456,786332,314759,0,100,786432,233572925,0,0,3681724947,12884901888,106241521,426235621,0,0,0,0,0,0,0,0,0,0,0,0,0,0,0,0,0,0,24174021,24174208,0,97,97,6268,329,48347994,35,0,0,0,0,0,0,0,1,0,0,0,0,0,0,0,0,0,0,27184221,0,57897624,497805,0,0,0,0,0,0,0,0,16384,0,0,0,0,0,0,0,0,0,0,0,4058,611,0,0,0,0,0,73487413,0,298,0,27,611,4058,0,0,0,0,0,0,0,0,0,0,0,0,0,0,0,0,0,0,0,0,0,0,0,0,0,0,0,0,0,0,0,0,0,0,0,0,0,0,0,0,0,0,0,0,0,0,0,0,0,0,0,0,0,314335357,0,0,0,363321547,0,0,0,0,0,0,0,112816404,234267570,456217770,162799411712,62529743,1,0,0,0,0,0,0,0,0,0,0,0,0,0,0,0,0,0,0,0,0,0,0,0,0,0,0,0,0,0,0,251624973,0,0,0,0,0
1788888951.232,0,0,0,0,0,0,0,754902363,3838479186432,1831318434304,0,0,0,0,0,0,0,0,0,0,0,0,0,0,0,0,0,0,0,0,0,0,0,0,0,0,0,0,0,0,0,0,0,0,0,0,0,0,0,0,0,0,0,0,0,0,0,0,0,0,0,0,0,0,0,0,0,0,1026171,234432373,100040452,0,0,0,0,0,0,0,0,0,0,0,0,0,0,0,0,0,0,0,0,0,0,0,0,0,0,0,0,0,0,0,0,0,0,0,0,0,12883263488,5140742144,786332,313766,0,100,786432,233611797,0,0,3682136946,12884901888,106277536,426279054,0,0,0,0,0,0,0,0,0,0,0,0,0,0,0,0,0,0,24176780,24176969,0,97,97,6268,329,48353504,35,0,0,0,0,0,0,0,1,0,0,0,0,0,0,0,0,0,0,27187326,0,57900399,497828,0,0,0,0,0,0,0,0,16384,0,0,0,0,0,0,0,0,0,0,0,4059,611,0,0,0,0,0,73495796,0,298,0,27,611,4059,0,0,0,0,0,0,0,0,0,0,0,0,0,0,0,0,0,0,0,0,0,0,0,0,0,0,0,0,0,0,0,0,0,0,0,0,0,0,0,0,0,0,0,0,0,0,0,0,0,0,0,0,0,314374285,0,0,0,363360430,0,0,0,0,0,0,0,112847548,234306482,456285380,162819419136,62547542,1,0,0,0,0,0,0,0,0,0,0,0,0,0,0,0,0,0,0,0,0,0,0,0,0,0,0,0,0,0,0,251627733,0,0,0,0,0
1788888952.260,0,0,0,0,0,0,0,754982946,3839090735616,1831564713984,0,0,0,0,0,0,0,0,0,0,0,0,0,0,0,0,0,0,0,0,0,0,0,0,0,0,0,0,0,0,0,0,0,0,0,0,0,0,0,0,0,0,0,0,0,0,0,0,0,0,0,0,0,0,0,0,0,0,1026332,234469779,100054065,0,0,0,0,0,0,0,0,0,0,0,0,0,0,0,0,0,0,0,0,0,0,0,0,0,0,0,0,0,0,0,0,0,0,0,0,0,12883116032,5151309824,786324,314411,0,109,786432,233649109,0,0,3682534827,12884901888,106313818,426321178,0,0,0,0,0,0,0,0,0,0,0,0,0,0,0,0,0,0,24179446,24179641,0,97,97,6268,329,48358860,35,0,0,0,0,0,0,0,1,0,0,0,0,0,0,0,0,0,0,27190333,0,57901132,497834,0,0,0,0,0,0,0,0,16384,0,0,0,0,0,0,0,0,0,0,0,4060,611,0,0,0,0,0,73503947,0,298,0,27,611,4060,0,0,0,0,0,0,0,0,0,0,0,0,0,0,0,0,0,0,0,0,0,0,0,0,0,0,0,0,0,0,0,0,0,0,0,0,0,0,0,0,0,0,0,0,0,0,0,0,0,0,0,0,0,314411610,0,0,0,363398177,0,0,0,0,0,0,0,112878055,234343841,456349185,162838608384,62565130,1,1,0,0,0,0,0,0,0,0,0,0,0,0,0,0,0,0,0,0,0,0,0,0,0,0,0,0,0,0,0,251630407,0,0,0,0,0
1788888953.287,0,0,0,0,0,0,0,755063355,3839700269568,1831825591296,0,0,0,0,0,0,0,0,0,0,0,0,0,0,0,0,0,0,0,0,0,0,0,0,0,0,0,0,0,0,0,0,0,0,0,0,0,0,0,0,0,0,0,0,0,0,0,0,0,0,0,0,0,0,0,0,0,0,1026472,234507047,100068663,0,0,0,0,0,0,0,0,0,0,0,0,0,0,0,0,0,0,0,0,0,0,0,0,0,0,0,0,0,0,0,0,0,0,0,0,0,12883083264,5145952256,786321,314084,0,111,786432,233686298,0,0,3682929641,12884901888,106348500,426362887,0,0,0,0,0,0,0,0,0,0,0,0,0,0,0,0,0,0,24182099,24182288,0,97,97,6268,329,48364170,35,0,0,0,0,0,0,0,1,0,0,0,0,0,0,0,0,0,0,27193309,0,57903313,497852,0,0,0,0,0,0,0,0,16384,0,0,0,0,0,0,0,0,0,0,0,4062,611,0,0,0,0,0,73512002,0,298,0,27,611,4062,0,0,0,0,0,0,0,0,0,0,0,0,0,0,0,0,0,0,0,0,0,0,0,0,0,0,0,0,0,0,0,0,0,0,0,0,0,0,0,0,0,0,0,0,0,0,0,0,0,0,0,0,0,314449430,0,0,0,363435759,0,0,0,0,0,0,0,112907278,234381065,456413884,162858026496,62581637,1,0,0,0,0,0,0,0,0,0,0,0,0,0,0,0,0,0,0,0,0,0,0,0,0,0,0,0,0,0,0,251633053,0,0,0,0,0
1788888954.313,0,0,0,0,0,0,0,755148389,3840346028544,1832095901696,0,0,0,0,0,0,0,0,0,0,0,0,0,0,0,0,0,0,0,0,0,0,0,0,0,0,0,0,0,0,0,0,0,0,0,0,0,0,0,0,0,0,0,0,0,0,0,0,0,0,0,0,0,0,0,0,0,0,1026614,234546551,100083660,0,0,0,0,0,0,0,0,0,0,0,0,0,0,0,0,0,0,0,0,0,0,0,0,0,0,0,0,0,0,0,0,0,0,0,0,0,12882870272,5148409856,786309,314234,3,122,786432,233725703,0,0,3683348428,12884901888,106385756,426407164,0,0,0,0,0,0,0,0,0,0,0,0,0,0,0,0,0,0,24184914,24185101,0,97,97,6268,329,48369791,35,0,0,0,0,0,0,0,1,0,0,0,0,0,0,0,0,0,0,27196474,0,57904663,497865,0,0,0,0,0,0,0,0,16384,0,0,0,0,0,0,0,0,0,0,0,4063,611,0,0,0,0,0,73520560,0,298,0,27,611,4063,0,0,0,0,0,0,0,0,0,0,0,0,0,0,0,0,0,0,0,0,0,0,0,0,0,0,0,0,0,0,0,0,0,0,0,0,0,0,0,0,0,0,0,0,0,0,0,0,0,0,0,0,0,314489546,0,0,0,363475547,0,0,0,0,0,0,0,112935541,234420516,456482359,162878657024,62596400,1,0,0,0,0,0,0,0,0,0,0,0,0,0,0,0,0,0,0,0,0,0,0,0,0,0,0,0,0,0,0,251635867,0,0,0,0,0
1788888955.340,0,0,0,0,0,0,0,755233010,3840989379072,1832362318336,0,0,0,0,0,0,0,0,0,0,0,0,0,0,0,0,0,0,0,0,0,0,0,0,0,0,0,0,0,0,0,0,0,0,0,0,0,0,0,0,0,0,0,0,0,0,0,0,0,0,0,0,0,0,0,0,0,0,1026756,234585876,100098546,0,0,0,0,0,0,0,0,0,0,0,0,0,0,0,0,0,0,0,0,0,0,0,0,0,0,0,0,0,0,0,0,0,0,0,0,0,12883066880,5151490048,786320,314422,0,112,786432,233764950,0,0,3683766243,12884901888,106423084,426451127,0,0,0,0,0,0,0,0,0,0,0,0,0,0,0,0,0,0,24187697,24187893,0,97,97,6268,329,48375364,35,0,0,0,0,0,0,0,1,0,0,0,0,0,0,0,0,0,0,27199613,0,57906405,497877,0,0,0,0,0,0,0,0,16384,0,0,0,0,0,0,0,0,0,0,0,4064,611,0,0,0,0,0,73529077,0,298,0,27,611,4064,0,0,0,0,0,0,0,0,0,0,0,0,0,0,0,0,0,0,0,0,0,0,0,0,0,0,0,0,0,0,0,0,0,0,0,0,0,0,0,0,0,0,0,0,0,0,0,0,0,0,0,0,0,314529084,0,0,0,363515036,0,0,0,0,0,0,0,112967046,234459789,456549952,162899000320,62614410,1,0,0,0,0,0,0,0,0,0,0,0,0,0,0,0,0,0,0,0,0,0,0,0,0,0,0,0,0,0,0,251638659,0,0,0,0,0
1788888956.367,0,0,0,0,0,0,0,755321506,3841658927616,1832655307776,0,0,0,0,0,0,0,0,0,0,0,0,0,0,0,0,0,0,0,0,0,0,0,0,0,0,0,0,0,0,0,0,0,0,0,0,0,0,0,0,0,0,0,0,0,0,0,0,0,0,0,0,0,0,0,0,0,0,1026954,234626831,100114923,0,0,0,0,0,0,0,0,0,0,0,0,0,0,0,0,0,0,0,0,0,0,0,0,0,0,0,0,0,0,0,0,0,0,0,0,0,12882903040,5141151744,786310,313791,0,122,786432,233805788,0,0,3684203264,12884901888,106461473,426497520,0,0,0,0,0,0,0,0,0,0,0,0,0,0,0,0,0,0,24190630,24190821,0,97,97,6268,329,48381215,35,0,0,0,0,0,0,0,1,0,0,0,0,0,0,0,0,0,0,27202906,0,57909064,497899,0,0,0,0,0,0,0,0,16384,0,0,0,0,0,0,0,0,0,0,0,4065,611,0,0,0,0,0,73537967,0,298,0,27,611,4065,0,0,0,0,0,0,0,0,0,0,0,0,0,0,0,0,0,0,0,0,0,0,0,0,0,0,0,0,0,0,0,0,0,0,0,0,0,0,0,0,0,0,0,0,0,0,0,0,0,0,0,0,0,314570636,0,0,0,363556411,0,0,0,0,0,0,0,112998484,234500671,456621472,162920379904,62631826,0,0,0,0,0,0,0,0,0,0,0,0,0,0,0,0,0,0,0,0,0,0,0,0,0,0,0,0,0,0,0,251641587,0,0,0,0,0
1788888957.395,0,0,0,0,0,0,0,755401187,3842266282496,1832892162048,0,0,0,0,0,0,0,0,0,0,0,0,0,0,0,0,0,0,0,0,0,0,0,0,0,0,0,0,0,0,0,0,0,0,0,0,0,0,0,0,0,0,0,0,0,0,0,0,0,0,0,0,0,0,0,0,0,0,1027078,234663951,100128033,0,0,0,0,0,0,0,0,0,0,0,0,0,0,0,0,0,0,0,0,0,0,0,0,0,0,0,0,0,0,0,0,0,0,0,0,0,12883132416,5157715968,786324,314802,3,106,786432,233842810,0,0,3684596831,12884901888,106497479,426538801,0,0,0,0,0,0,0,0,0,0,0,0,0,0,0,0,0,0,24193258,24193447,0,97,97,6268,329,48386478,35,0,0,0,0,0,0,0,1,0,0,0,0,0,0,0,0,0,0,27205862,0,57909320,497901,0,0,0,0,0,0,0,0,16384,0,0,0,0,0,0,0,0,0,0,0,4066,611,0,0,0,0,0,73545951,0,298,0,27,611,4066,0,0,0,0,0,0,0,0,0,0,0,0,0,0,0,0,0,0,0,0,0,0,0,0,0,0,0,0,0,0,0,0,0,0,0,0,0,0,0,0,0,0,0,0,0,0,0,0,0,0,0,0,0,314607881,0,0,0,363593571,0,0,0,0,0,0,0,113027866,234537756,456684576,162939571200,62648398,0,0,0,0,0,0,0,0,0,0,0,0,0,0,0,0,0,0,0,0,0,0,0,0,0,0,0,0,0,0,0,251644214,0,0,0,0,0
1788888958.423,0,0,0,0,0,0,0,755499767,3843016030720,1833235778048,0,0,0,0,0,0,0,0,0,0,0,0,0,0,0,0,0,0,0,0,0,0,0,0,0,0,0,0,0,0,0,0,0,0,0,0,0,0,0,0,0,0,0,0,0,0,0,0,0,0,0,0,0,0,0,0,0,0,1027269,234709835,100147346,0,0,0,0,0,0,0,0,0,0,0,0,0,0,0,0,0,0,0,0,0,0,0,0,0,0,0,0,0,0,0,0,0,0,0,0,0,12883017728,5126144000,786317,312875,0,115,786432,233888578,0,0,3685084067,12884901888,106537990,426590115,0,0,0,0,0,0,0,0,0,0,0,0,0,0,0,0,0,0,24196530,24196722,0,97,97,6268,329,48393029,35,0,0,0,0,0,0,0,1,0,0,0,0,0,0,0,0,0,0,27209545,0,57913960,497939,0,0,0,0,0,0,0,0,16384,0,0,0,0,0,0,0,0,0,0,0,4067,611,0,0,0,0,0,73555912,0,298,0,27,611,4067,0,0,0,0,0,0,0,0,0,0,0,0,0,0,0,0,0,0,0,0,0,0,0,0,0,0,0,0,0,0,0,0,0,0,0,0,0,0,0,0,0,0,0,0,0,0,0,0,0,0,0,0,0,314654272,0,0,0,363639628,0,0,0,0,0,0,0,113058325,234583549,456764776,162963406848,62663773,1,0,0,0,0,0,0,0,0,0,0,0,0,0,0,0,0,0,0,0,0,0,0,0,0,0,0,0,0,0,0,251647488,0,0,0,0,0
1788888959.450,0,0,0,0,0,0,0,755578372,3843614292480,1833468133888,0,0,0,0,0,0,0,0,0,0,0,0,0,0,0,0,0,0,0,0,0,0,0,0,0,0,0,0,0,0,0,0,0,0,0,0,0,0,0,0,0,0,0,0,0,0,0,0,0,0,0,0,0,0,0,0,0,0,1027408,234746431,100160191,0,0,0,0,0,0,0,0,0,0,0,0,0,0,0,0,0,0,0,0,0,0,0,0,0,0,0,0,0,0,0,0,0,0,0,0,0,12883132416,5145903104,786324,314081,0,108,786432,233925087,0,0,3685471703,12884901888,106573653,426631063,0,0,0,0,0,0,0,0,0,0,0,0,0,0,0,0,0,0,24199122,24199311,0,97,97,6268,329,48398203,35,0,0,0,0,0,0,0,1,0,0,0,0,0,0,0,0,0,0,27212456,0,57914088,497940,0,0,0,0,0,0,0,0,16384,0,0,0,0,0,0,0,0,0,0,0,4068,611,0,0,0,0,0,73563805,0,298,0,27,611,4068,0,0,0,0,0,0,0,0,0,0,0,0,0,0,0,0,0,0,0,0,0,0,0,0,0,0,0,0,0,0,0,0,0,0,0,0,0,0,0,0,0,0,0,0,0,0,0,0,0,0,0,0,0,314691169,0,0,0,363676382,0,0,0,0,0,0,0,113088641,234620096,456827137,162982377472,62681405,0,0,0,0,0,0,0,0,0,0,0,0,0,0,0,0,0,0,0,0,0,0,0,0,0,0,0,0,0,0,0,251650076,0,0,0,0,0
1788888960.477,0,0,0,0,0,0,0,755661973,3844246714880,1833747753984,0,0,0,0,0,0,0,0,0,0,0,0,0,0,0,0,0,0,0,0,0,0,0,0,0,0,0,0,0,0,0,0,0,0,0,0,0,0,0,0,0,0,0,0,0,0,0,0,0,0,0,0,0,0,0,0,0,0,1027561,234785112,100175842,0,0,0,0,0,0,0,0,0,0,0,0,0,0,0,0,0,0,0,0,0,0,0,0,0,0,0,0,0,0,0,0,0,0,0,0,0,12883001344,5132959744,786316,313291,0,116,786432,233963670,0,0,3685884026,12884901888,106608298,426674654,0,0,0,0,0,0,0,0,0,0,0,0,0,0,0,0,0,0,24201873,24202067,0,97,97,6268,329,48403715,35,0,0,0,0,0,0,0,1,0,0,0,0,0,0,0,0,0,0,27215558,0,57917280,497966,0,0,0,0,0,0,0,0,16384,0,0,0,0,0,0,0,0,0,0,0,4069,611,0,0,0,0,0,73572177,0,298,0,27,611,4069,0,0,0,0,0,0,0,0,0,0,0,0,0,0,0,0,0,0,0,0,0,0,0,0,0,0,0,0,0,0,0,0,0,0,0,0,0,0,0,0,0,0,0,0,0,0,0,0,0,0,0,0,0,314730343,0,0,0,363715529,0,0,0,0,0,0,0,113118430,234658729,456894314,163002520064,62698410,0,0,0,0,0,0,0,0,0,0,0,0,0,0,0,0,0,0,0,0,0,0,0,0,0,0,0,0,0,0,0,251652833,0,0,0,0,0
1788888961.503,0,0,0,0,0,0,0,755751775,3844932467200,1834051046400,0,0,0,0,0,0,0,0,0,0,0,0,0,0,0,0,0,0,0,0,0,0,0,0,0,0,0,0,0,0,0,0,0,0,0,0,0,0,0,0,0,0,0,0,0,0,0,0,0,0,0,0,0,0,0,0,0,0,1027720,234827061,100192833,0,0,0,0,0,0,0,0,0,0,0,0,0,0,0,0,0,0,0,0,0,0,0,0,0,0,0,0,0,0,0,0,0,0,0,0,0,12883214336,5115559936,786329,312229,0,102,786432,234005508,0,0,3686327480,12884901888,106645946,426721467,0,0,0,0,0,0,0,0,0,0,0,0,0,0,0,0,0,0,24204850,24205041,0,97,97,6268,329,48409653,35,0,0,0,0,0,0,0,1,0,0,0,0,0,0,0,0,0,0,27218904,0,57920581,497993,0,0,0,0,0,0,0,0,16384,0,0,0,0,0,0,0,0,0,0,0,4070,611,0,0,0,0,0,73581222,0,298,0,27,611,4070,0,0,0,0,0,0,0,0,0,0,0,0,0,0,0,0,0,0,0,0,0,0,0,0,0,0,0,0,0,0,0,0,0,0,0,0,0,0,0,0,0,0,0,0,0,0,0,0,0,0,0,0,0,314772462,0,0,0,363757494,0,0,0,0,0,0,0,113149710,234700610,456967005,163024229376,62715702,0,0,0,0,0,0,0,0,0,0,0,0,0,0,0,0,0,0,0,0,0,0,0,0,0,0,0,0,0,0,0,251655809,0,0,0,0,0
1788888962.531,0,0,0,0,0,0,0,755838493,3845594397184,1834341117440,0,0,0,0,0,0,0,0,0,0,0,0,0,0,0,0,0,0,0,0,0,0,0,0,0,0,0,0,0,0,0,0,0,0,0,0,0,0,0,0,0,0,0,0,0,0,0,0,0,0,0,0,0,0,0,0,0,0,1027896,234867525,100209082,0,0,0,0,0,0,0,0,0,0,0,0,0,0,0,0,0,0,0,0,0,0,0,0,0,0,0,0,0,0,0,0,0,0,0,0,0,12882886656,5101617152,786309,311378,0,123,786432,234045869,0,0,3686756191,12884901888,106682130,426766621,0,0,0,0,0,0,0,0,0,0,0,0,0,0,0,0,0,0,24207707,24207895,0,97,97,6268,329,48415385,35,0,0,0,0,0,0,0,1,0,0,0,0,0,0,0,0,0,0,27222116,0,57923885,498020,0,0,0,0,0,0,0,0,16384,0,0,0,0,0,0,0,0,0,0,0,4071,611,0,0,0,0,0,73589907,0,298,0,27,611,4071,0,0,0,0,0,0,0,0,0,0,0,0,0,0,0,0,0,0,0,0,0,0,0,0,0,0,0,0,0,0,0,0,0,0,0,0,0,0,0,0,0,0,0,0,0,0,0,0,0,0,0,0,0,314813253,0,0,0,363797962,0,0,0,0,0,0,0,113179674,234741025,457036846,163045189632,62732440,1,0,0,0,0,0,0,0,0,0,0,0,0,0,0,0,0,0,0,0,0,0,0,0,0,0,0,0,0,0,0,251658662,0,0,0,0,0
1788888963.558,0,0,0,0,0,0,0,755916385,3846186711552,1834569043456,0,0,0,0,0,0,0,0,0,0,0,0,0,0,0,0,0,0,0,0,0,0,0,0,0,0,0,0,0,0,0,0,0,0,0,0,0,0,0,0,0,0,0,0,0,0,0,0,0,0,0,0,0,0,0,0,0,0,1028033,234903764,100221660,0,0,0,0,0,0,0,0,0,0,0,0,0,0,0,0,0,0,0,0,0,0,0,0,0,0,0,0,0,0,0,0,0,0,0,0,0,12883197952,5121458176,786328,312589,0,104,786432,234082030,0,0,3687139941,12884901888,106717395,426807202,0,0,0,0,0,0,0,0,0,0,0,0,0,0,0,0,0,0,24210292,24210484,0,97,97,6268,329,48420547,35,0,0,0,0,0,0,0,1,0,0,0,0,0,0,0,0,0,0,27225027,0,57924013,498021,0,0,0,0,0,0,0,0,16384,0,0,0,0,0,0,0,0,0,0,0,4072,611,0,0,0,0,0,73597787,0,298,0,27,611,4072,0,0,0,0,0,0,0,0,0,0,0,0,0,0,0,0,0,0,0,0,0,0,0,0,0,0,0,0,0,0,0,0,0,0,0,0,0,0,0,0,0,0,0,0,0,0,0,0,0,0,0,0,0,314849818,0,0,0,363834418,0,0,0,0,0,0,0,113209887,234777200,457098332,163063992832,62750237,1,0,0,0,0,0,0,0,0,0,0,0,0,0,0,0,0,0,0,0,0,0,0,0,0,0,0,0,0,0,0,251661252,0,0,0,0,0
1788888964.586,0,0,0,0,0,0,0,756001772,3846834551296,1834856652800,0,0,0,0,0,0,0,0,0,0,0,0,0,0,0,0,0,0,0,0,0,0,0,0,0,0,0,0,0,0,0,0,0,0,0,0,0,0,0,0,0,0,0,0,0,0,0,0,0,0,0,0,0,0,0,0,0,0,1028199,234943378,100237783,0,0,0,0,0,0,0,0,0,0,0,0,0,0,0,0,0,0,0,0,0,0,0,0,0,0,0,0,0,0,0,0,0,0,0,0,0,12883017728,5107712000,786317,311750,0,115,786432,234121546,0,0,3687560476,12884901888,106752896,426851833,0,0,0,0,0,0,0,0,0,0,0,0,0,0,0,0,0,0,24213110,24213303,0,97,97,6268,329,48426187,35,0,0,0,0,0,0,0,1,0,0,0,0,0,0,0,0,0,0,27228200,0,57927356,498048,0,0,0,0,0,0,0,0,16384,0,0,0,0,0,0,0,0,0,0,0,4073,611,0,0,0,0,0,73606368,0,298,0,27,611,4073,0,0,0,0,0,0,0,0,0,0,0,0,0,0,0,0,0,0,0,0,0,0,0,0,0,0,0,0,0,0,0,0,0,0,0,0,0,0,0,0,0,0,0,0,0,0,0,0,0,0,0,0,0,314889837,0,0,0,363874316,0,0,0,0,0,0,0,113240611,234816756,457167134,163084608000,62767880,0,0,0,0,0,0,0,0,0,0,0,0,0,0,0,0,0,0,0,0,0,0,0,0,0,0,0,0,0,0,0,251664072,0,0,0,0,0
1788888965.614,0,0,0,0,0,0,0,756091303,3847515322880,1835155127296,0,0,0,0,0,0,0,0,0,0,0,0,0,0,0,0,0,0,0,0,0,0,0,0,0,0,0,0,0,0,0,0,0,0,0,0,0,0,0,0,0,0,0,0,0,0,0,0,0,0,0,0,0,0,0,0,0,0,1028387,234985013,100254492,0,0,0,0,0,0,0,0,0,0,0,0,0,0,0,0,0,0,0,0,0,0,0,0,0,0,0,0,0,0,0,0,0,0,0,0,0,12883148800,5095817216,786325,311024,0,107,786432,234163069,0,0,3688002429,12884901888,106790639,426898617,0,0,0,0,0,0,0,0,0,0,0,0,0,0,0,0,0,0,24216074,24216265,0,97,97,6268,329,48432107,35,0,0,0,0,0,0,0,1,0,0,0,0,0,0,0,0,0,0,27231530,0,57930428,498073,0,0,0,0,0,0,0,0,16384,0,0,0,0,0,0,0,0,0,0,0,4074,611,0,0,0,0,0,73615377,0,298,0,27,611,4074,0,0,0,0,0,0,0,0,0,0,0,0,0,0,0,0,0,0,0,0,0,0,0,0,0,0,0,0,0,0,0,0,0,0,0,0,0,0,0,0,0,0,0,0,0,0,0,0,0,0,0,0,0,314931911,0,0,0,363916168,0,0,0,0,0,0,0,113272280,234858324,457239426,163106230784,62785656,1,0,0,0,0,0,0,0,0,0,0,0,0,0,0,0,0,0,0,0,0,0,0,0,0,0,0,0,0,0,0,251667034,0,0,0,0,0
1788888966.641,0,0,0,0,0,0,0,756168427,3848102001152,1835382362624,0,0,0,0,0,0,0,0,0,0,0,0,0,0,0,0,0,0,0,0,0,0,0,0,0,0,0,0,0,0,0,0,0,0,0,0,0,0,0,0,0,0,0,0,0,0,0,0,0,0,0,0,0,0,0,0,0,0,1028516,235020878,100267061,0,0,0,0,0,0,0,0,0,0,0,0,0,0,0,0,0,0,0,0,0,0,0,0,0,0,0,0,0,0,0,0,0,0,0,0,0,12883017728,5115199488,786318,312207,0,114,786432,234198866,0,0,3688383025,12884901888,106825522,426938620,0,0,0,0,0,0,0,0,0,0,0,0,0,0,0,0,0,0,24218611,24218805,0,97,97,6268,329,48437181,35,0,0,0,0,0,0,0,1,0,0,0,0,0,0,0,0,0,0,27234386,0,57930556,498074,0,0,0,0,0,0,0,0,16384,0,0,0,0,0,0,0,0,0,0,0,4075,611,0,0,0,0,0,73623090,0,298,0,27,611,4075,0,0,0,0,0,0,0,0,0,0,0,0,0,0,0,0,0,0,0,0,0,0,0,0,0,0,0,0,0,0,0,0,0,0,0,0,0,0,0,0,0,0,0,0,0,0,0,0,0,0,0,0,0,314968016,0,0,0,363952164,0,0,0,0,0,0,0,113302394,234894146,457300417,163124765696,62803362,0,0,0,0,0,0,0,0,0,0,0,0,0,0,0,0,0,0,0,0,0,0,0,0,0,0,0,0,0,0,0,251669572,0,0,0,0,0
1788888967.667,0,0,0,0,0,0,0,756249002,3848716466688,1835658073600,0,0,0,0,0,0,0,0,0,0,0,0,0,0,0,0,0,0,0,0,0,0,0,0,0,0,0,0,0,0,0,0,0,0,0,0,0,0,0,0,0,0,0,0,0,0,0,0,0,0,0,0,0,0,0,0,0,0,1028650,235058468,100282531,0,0,0,0,0,0,0,0,0,0,0,0,0,0,0,0,0,0,0,0,0,0,0,0,0,0,0,0,0,0,0,0,0,0,0,0,0,12882952192,5097406464,786313,311121,0,118,786432,234236355,0,0,3688780967,12884901888,106859131,426980472,0,0,0,0,0,0,0,0,0,0,0,0,0,0,0,0,0,0,24221274,24221468,0,97,97,6268,329,48442516,35,0,0,0,0,0,0,0,1,0,0,0,0,0,0,0,0,0,0,27237384,0,57933779,498101,0,0,0,0,0,0,0,0,16384,0,0,0,0,0,0,0,0,0,0,0,4076,611,0,0,0,0,0,73631192,0,298,0,27,611,4076,0,0,0,0,0,0,0,0,0,0,0,0,0,0,0,0,0,0,0,0,0,0,0,0,0,0,0,0,0,0,0,0,0,0,0,0,0,0,0,0,0,0,0,0,0,0,0,0,0,0,0,0,0,315005664,0,0,0,363989828,0,0,0,0,0,0,0,113331731,234931674,457365687,163144116736,62820110,1,0,0,0,0,0,0,0,0,0,0,0,0,0,0,0,0,0,0,0,0,0,0,0,0,0,0,0,0,0,0,251672237,0,0,0,0,0
1788888968.692,0,0,0,0,0,0,0,756326194,3849302522368,1835883163136,0,0,0,0,0,0,0,0,0,0,0,0,0,0,0,0,0,0,0,0,0,0,0,0,0,0,0,0,0,0,0,0,0,0,0,0,0,0,0,0,0,0,0,0,0,0,0,0,0,0,0,0,0,0,0,0,0,0,1028793,235094304,100294948,0,0,0,0,0,0,0,0,0,0,0,0,0,0,0,0,0,0,0,0,0,0,0,0,0,0,0,0,0,0,0,0,0,0,0,0,0,12882903040,5117870080,786310,312370,0,122,786432,234272114,0,0,3689161826,12884901888,106893995,427020715,0,0,0,0,0,0,0,0,0,0,0,0,0,0,0,0,0,0,24223822,24224015,0,97,97,6268,329,48447604,35,0,0,0,0,0,0,0,1,0,0,0,0,0,0,0,0,0,0,27240249,0,57933907,498102,0,0,0,0,0,0,0,0,16384,0,0,0,0,0,0,0,0,0,0,0,4077,611,0,0,0,0,0,73638930,0,298,0,27,611,4077,0,0,0,0,0,0,0,0,0,0,0,0,0,0,0,0,0,0,0,0,0,0,0,0,0,0,0,0,0,0,0,0,0,0,0,0,0,0,0,0,0,0,0,0,0,0,0,0,0,0,0,0,0,315041704,0,0,0,364025840,0,0,0,0,0,0,0,113362046,234967470,457426347,163162680320,62838151,0,0,0,0,0,0,0,0,0,0,0,0,0,0,0,0,0,0,0,0,0,0,0,0,0,0,0,0,0,0,0,251674784,0,0,0,0,0
1788888969.720,0,0,0,0,0,0,0,756417343,3849994500608,1836188307968,0,0,0,0,0,0,0,0,0,0,0,0,0,0,0,0,0,0,0,0,0,0,0,0,0,0,0,0,0,0,0,0,0,0,0,0,0,0,0,0,0,0,0,0,0,0,0,0,0,0,0,0,0,0,0,0,0,0,1028968,235136628,100312024,0,0,0,0,0,0,0,0,0,0,0,0,0,0,0,0,0,0,0,0,0,0,0,0,0,0,0,0,0,0,0,0,0,0,0,0,0,12882804736,5105221632,786304,311598,0,127,786432,234314306,0,0,3689611527,12884901888,106931951,427068312,0,0,0,0,0,0,0,0,0,0,0,0,0,0,0,0,0,0,24226841,24227035,0,97,97,6268,329,48453642,35,0,0,0,0,0,0,0,1,0,0,0,0,0,0,0,0,0,0,27243645,0,57937200,498129,0,0,0,0,0,0,0,0,16384,0,0,0,0,0,0,0,0,0,0,0,4079,612,0,0,0,0,0,73648117,0,302,0,27,612,4079,0,0,0,0,0,0,0,0,0,0,0,0,0,0,0,0,0,0,0,0,0,0,0,0,0,0,0,0,0,0,0,0,0,0,0,0,0,0,0,0,0,0,0,0,0,0,0,0,0,0,0,0,0,315084724,0,0,0,364068506,0,0,0,0,0,0,0,113393290,235009700,457500087,163184772608,62855362,1,0,0,0,0,0,0,0,0,0,0,0,0,0,0,0,0,0,0,0,0,0,0,0,0,0,0,0,0,0,0,251677804,0,0,0,0,0
1788888970.747,0,0,0,0,0,0,0,756499015,3850618223104,1836426311680,0,0,0,0,0,0,0,0,0,0,0,0,0,0,0,0,0,0,0,0,0,0,0,0,0,0,0,0,0,0,0,0,0,0,0,0,0,0,0,0,0,0,0,0,0,0,0,0,0,0,0,0,0,0,0,0,0,0,1029134,235174768,100325174,0,0,0,0,0,0,0,0,0,0,0,0,0,0,0,0,0,0,0,0,0,0,0,0,0,0,0,0,0,0,0,0,0,0,0,0,0,12883296256,5125472256,786334,312834,0,98,786432,234352373,0,0,3690015221,12884901888,106969023,427110872,0,0,0,0,0,0,0,0,0,0,0,0,0,0,0,0,0,0,24229553,24229744,0,97,97,6268,329,48459068,35,0,0,0,0,0,0,0,1,0,0,0,0,0,0,0,0,0,0,27246694,0,57937328,498130,0,0,0,0,0,0,0,0,16384,0,0,0,0,0,0,0,0,0,0,0,4080,612,0,0,0,0,0,73656350,0,302,0,27,612,4080,0,0,0,0,0,0,0,0,0,0,0,0,0,0,0,0,0,0,0,0,0,0,0,0,0,0,0,0,0,0,0,0,0,0,0,0,0,0,0,0,0,0,0,0,0,0,0,0,0,0,0,0,0,315123009,0,0,0,364106663,0,0,0,0,0,0,0,113424478,235047784,457564414,163204446720,62873569,0,0,0,0,0,0,0,0,0,0,0,0,0,0,0,0,0,0,0,0,0,0,0,0,0,0,0,0,0,0,0,251680512,0,0,0,0,0
1788888971.774,0,0,0,0,0,0,0,756585451,3851279104512,1836719226368,0,0,0,0,0,0,0,0,0,0,0,0,0,0,0,0,0,0,0,0,0,0,0,0,0,0,0,0,0,0,0,0,0,0,0,0,0,0,0,0,0,0,0,0,0,0,0,0,0,0,0,0,0,0,0,0,0,0,1029280,235215170,100341592,0,0,0,0,0,0,0,0,0,0,0,0,0,0,0,0,0,0,0,0,0,0,0,0,0,0,0,0,0,0,0,0,0,0,0,0,0,12883017728,5108908032,786318,311823,0,114,786432,234392662,0,0,3690442088,12884901888,107005084,427155865,0,0,0,0,0,0,0,0,0,0,0,0,0,0,0,0,0,0,24232403,24232594,0,97,97,6268,329,48464773,35,0,0,0,0,0,0,0,1,0,0,0,0,0,0,0,0,0,0,27249900,0,57940641,498158,0,0,0,0,0,0,0,0,16384,0,0,0,0,0,0,0,0,0,0,0,4081,612,0,0,0,0,0,73665006,0,302,0,27,612,4081,0,0,0,0,0,0,0,0,0,0,0,0,0,0,0,0,0,0,0,0,0,0,0,0,0,0,0,0,0,0,0,0,0,0,0,0,0,0,0,0,0,0,0,0,0,0,0,0,0,0,0,0,0,315163387,0,0,0,364147007,0,0,0,0,0,0,0,113454877,235088145,457634217,163225213952,62890557,1,0,0,0,0,0,0,0,0,0,0,0,0,0,0,0,0,0,0,0,0,0,0,0,0,0,0,0,0,0,0,251683362,0,0,0,0,0
1788888972.801,0,0,0,0,0,0,0,756678646,3851984878080,1837027685888,0,0,0,0,0,0,0,0,0,0,0,0,0,0,0,0,0,0,0,0,0,0,0,0,0,0,0,0,0,0,0,0,0,0,0,0,0,0,0,0,0,0,0,0,0,0,0,0,0,0,0,0,0,0,0,0,0,0,1029464,235258336,100358821,0,0,0,0,0,0,0,0,0,0,0,0,0,0,0,0,0,0,0,0,0,0,0,0,0,0,0,0,0,0,0,0,0,0,0,0,0,12883263488,5097406464,786332,311121,0,101,786432,234435716,0,0,3690900643,12884901888,107044097,427204524,0,0,0,0,0,0,0,0,0,0,0,0,0,0,0,0,0,0,24235488,24235674,0,97,97,6268,329,48470938,35,0,0,0,0,0,0,0,1,0,0,0,0,0,0,0,0,0,0,27253364,0,57943794,498184,0,0,0,0,0,0,0,0,16384,0,0,0,0,0,0,0,0,0,0,0,4082,612,0,0,0,0,0,73674364,0,302,0,27,612,4082,0,0,0,0,0,0,0,0,0,0,0,0,0,0,0,0,0,0,0,0,0,0,0,0,0,0,0,0,0,0,0,0,0,0,0,0,0,0,0,0,0,0,0,0,0,0,0,0,0,0,0,0,0,315207562,0,0,0,364190542,0,0,0,0,0,0,0,113484459,235131236,457709571,163247928832,62905789,1,0,0,0,0,0,0,0,0,0,0,0,0,0,0,0,0,0,0,0,0,0,0,0,0,0,0,0,0,0,0,251686442,0,0,0,0,0
1788888973.828,0,0,0,0,0,0,0,756757292,3852578732544,1837269835264,0,0,0,0,0,0,0,0,0,0,0,0,0,0,0,0,0,0,0,0,0,0,0,0,0,0,0,0,0,0,0,0,0,0,0,0,0,0,0,0,0,0,0,0,0,0,0,0,0,0,0,0,0,0,0,0,0,0,1029592,235294615,100372165,0,0,0,0,0,0,0,0,0,0,0,0,0,0,0,0,0,0,0,0,0,0,0,0,0,0,0,0,0,0,0,0,0,0,0,0,0,12883263488,5108826112,786331,311818,0,102,786432,234471910,0,0,3691287822,12884901888,107078155,427245433,0,0,0,0,0,0,0,0,0,0,0,0,0,0,0,0,0,0,24238095,24238275,0,97,97,6268,329,48476140,35,0,0,0,0,0,0,0,1,0,0,0,0,0,0,0,0,0,0,27256291,0,57945117,498195,0,0,0,0,0,0,0,0,16384,0,0,0,0,0,0,0,0,0,0,0,4083,612,0,0,0,0,0,73682260,0,302,0,27,612,4083,0,0,0,0,0,0,0,0,0,0,0,0,0,0,0,0,0,0,0,0,0,0,0,0,0,0,0,0,0,0,0,0,0,0,0,0,0,0,0,0,0,0,0,0,0,0,0,0,0,0,0,0,0,315244562,0,0,0,364227393,0,0,0,0,0,0,0,113513498,235167506,457771917,163266919936,62922732,1,0,0,0,0,0,0,0,0,0,0,0,0,0,0,0,0,0,0,0,0,0,0,0,0,0,0,0,0,0,0,251689042,0,0,0,0,0
1788888974.855,0,0,0,0,0,0,0,756847594,3853265893888,1837557588480,0,0,0,0,0,0,0,0,0,0,0,0,0,0,0,0,0,0,0,0,0,0,0,0,0,0,0,0,0,0,0,0,0,0,0,0,0,0,0,0,0,0,0,0,0,0,0,0,0,0,0,0,0,0,0,0,0,0,1029755,235336689,100388311,0,0,0,0,0,0,0,0,0,0,0,0,0,0,0,0,0,0,0,0,0,0,0,0,0,0,0,0,0,0,0,0,0,0,0,0,0,12882952192,5106860032,786313,311698,0,118,786432,234513878,0,0,3691733712,12884901888,107116206,427292435,0,0,0,0,0,0,0,0,0,0,0,0,0,0,0,0,0,0,24241073,24241264,0,97,97,6268,329,48482095,35,0,0,0,0,0,0,0,1,0,0,0,0,0,0,0,0,0,0,27259651,0,57947563,498215,0,0,0,0,0,0,0,0,16384,0,0,0,0,0,0,0,0,0,0,0,4084,612,0,0,0,0,0,73691351,0,302,0,27,612,4084,0,0,0,0,0,0,0,0,0,0,0,0,0,0,0,0,0,0,0,0,0,0,0,0,0,0,0,0,0,0,0,0,0,0,0,0,0,0,0,0,0,0,0,0,0,0,0,0,0,0,0,0,0,315286790,0,0,0,364269465,0,0,0,0,0,0,0,113544691,235209493,457843748,163288671232,62940051,1,1,0,0,0,0,0,0,0,0,0,0,0,0,0,0,0,0,0,0,0,0,0,0,0,0,0,0,0,0,0,251692031,0,0,0,0,0
1788888975.883,0,0,0,0,0,0,0,756934657,3853927791104,1837848832000,0,0,0,0,0,0,0,0,0,0,0,0,0,0,0,0,0,0,0,0,0,0,0,0,0,0,0,0,0,0,0,0,0,0,0,0,0,0,0,0,0,0,0,0,0,0,0,0,0,0,0,0,0,0,0,0,0,0,1029913,235377179,100404595,0,0,0,0,0,0,0,0,0,0,0,0,0,0,0,0,0,0,0,0,0,0,0,0,0,0,0,0,0,0,0,0,0,0,0,0,0,12883230720,5095079936,786329,310979,0,103,786432,234554265,0,0,3692163256,12884901888,107152522,427337906,0,0,0,0,0,0,0,0,0,0,0,0,0,0,0,0,0,0,24243947,24244142,0,97,97,6268,329,48487846,35,0,0,0,0,0,0,0,1,0,0,0,0,0,0,0,0,0,0,27262888,0,57950740,498241,0,0,0,0,0,0,0,0,16384,0,0,0,0,0,0,0,0,0,0,0,4085,612,0,0,0,0,0,73700105,0,302,0,27,612,4085,0,0,0,0,0,0,0,0,0,0,0,0,0,0,0,0,0,0,0,0,0,0,0,0,0,0,0,0,0,0,0,0,0,0,0,0,0,0,0,0,0,0,0,0,0,0,0,0,0,0,0,0,0,315327930,0,0,0,364310156,0,0,0,0,0,0,0,113573583,235249918,457914171,163309825536,62955580,0,1,0,0,0,0,0,0,0,0,0,0,0,0,0,0,0,0,0,0,0,0,0,0,0,0,0,0,0,0,0,251694910,0,0,0,0,0
1788888976.910,0,0,0,0,0,0,0,757022062,3854592129536,1838142092800,0,0,0,0,0,0,0,0,0,0,0,0,0,0,0,0,0,0,0,0,0,0,0,0,0,0,0,0,0,0,0,0,0,0,0,0,0,0,0,0,0,0,0,0,0,0,0,0,0,0,0,0,0,0,0,0,0,0,1030069,235417806,100421031,0,0,0,0,0,0,0,0,0,0,0,0,0,0,0,0,0,0,0,0,0,0,0,0,0,0,0,0,0,0,0,0,0,0,0,0,0,12883197952,5079089152,786328,310003,0,104,786432,234594785,0,0,3692594597,12884901888,107188734,427383423,0,0,0,0,0,0,0,0,0,0,0,0,0,0,0,0,0,0,24246838,24247028,0,97,97,6268,329,48493639,35,0,0,0,0,0,0,0,1,0,0,0,0,0,0,0,0,0,0,27266136,0,57954063,498268,0,0,0,0,0,0,0,0,16384,0,0,0,0,0,0,0,0,0,0,0,4086,612,0,0,0,0,0,73708880,0,302,0,27,612,4086,0,0,0,0,0,0,0,0,0,0,0,0,0,0,0,0,0,0,0,0,0,0,0,0,0,0,0,0,0,0,0,0,0,0,0,0,0,0,0,0,0,0,0,0,0,0,0,0,0,0,0,0,0,315368797,0,0,0,364350989,0,0,0,0,0,0,0,113603080,235290486,457984445,163330844672,62971670,1,0,0,0,0,0,0,0,0,0,0,0,0,0,0,0,0,0,0,0,0,0,0,0,0,0,0,0,0,0,0,251697796,0,0,0,0,0
1788888977.937,0,0,0,0,0,0,0,757116276,3855304292864,1838452927488,0,0,0,0,0,0,0,0,0,0,0,0,0,0,0,0,0,0,0,0,0,0,0,0,0,0,0,0,0,0,0,0,0,0,0,0,0,0,0,0,0,0,0,0,0,0,0,0,0,0,0,0,0,0,0,0,0,0,1030274,235461364,100438419,0,0,0,0,0,0,0,0,0,0,0,0,0,0,0,0,0,0,0,0,0,0,0,0,0,0,0,0,0,0,0,0,0,0,0,0,0,12883034112,5069733888,786318,309432,0,114,786432,234638216,0,0,3693059667,12884901888,107225924,427432689,0,0,0,0,0,0,0,0,0,0,0,0,0,0,0,0,0,0,24249942,24250134,0,97,97,6268,329,48499846,35,0,0,0,0,0,0,0,1,0,0,0,0,0,0,0,0,0,0,27269630,0,57957928,498300,0,0,0,0,0,0,0,0,16384,0,0,0,0,0,0,0,0,0,0,0,4087,612,0,0,0,0,0,73718344,0,302,0,27,612,4087,0,0,0,0,0,0,0,0,0,0,0,0,0,0,0,0,0,0,0,0,0,0,0,0,0,0,0,0,0,0,0,0,0,0,0,0,0,0,0,0,0,0,0,0,0,0,0,0,0,0,0,0,0,315412908,0,0,0,364394929,0,0,0,0,0,0,0,113633735,235333966,458059356,163353534976,62988483,1,0,0,0,0,0,0,0,0,0,0,0,0,0,0,0,0,0,0,0,0,0,0,0,0,0,0,0,0,0,0,251700903,0,0,0,0,0
1788888978.964,0,0,0,0,0,0,0,757195912,3855908731392,1838682845696,0,0,0,0,0,0,0,0,0,0,0,0,0,0,0,0,0,0,0,0,0,0,0,0,0,0,0,0,0,0,0,0,0,0,0,0,0,0,0,0,0,0,0,0,0,0,0,0,0,0,0,0,0,0,0,0,0,0,1030411,235498323,100451102,0,0,0,0,0,0,0,0,0,0,0,0,0,0,0,0,0,0,0,0,0,0,0,0,0,0,0,0,0,0,0,0,0,0,0,0,0,12883279872,5093244928,786333,310867,0,99,786432,234675104,0,0,3693452388,12884901888,107261935,427474051,0,0,0,0,0,0,0,0,0,0,0,0,0,0,0,0,0,0,24252568,24252756,0,97,97,6268,329,48505107,35,0,0,0,0,0,0,0,1,0,0,0,0,0,0,0,0,0,0,27272580,0,57958056,498301,0,0,0,0,0,0,0,0,16384,0,0,0,0,0,0,0,0,0,0,0,4088,612,0,0,0,0,0,73726300,0,302,0,27,612,4088,0,0,0,0,0,0,0,0,0,0,0,0,0,0,0,0,0,0,0,0,0,0,0,0,0,0,0,0,0,0,0,0,0,0,0,0,0,0,0,0,0,0,0,0,0,0,0,0,0,0,0,0,0,315450081,0,0,0,364432146,0,0,0,0,0,0,0,113664520,235370868,458121673,163372637696,63006739,0,0,0,0,0,0,0,0,0,0,0,0,0,0,0,0,0,0,0,0,0,0,0,0,0,0,0,0,0,0,0,251703524,0,0,0,0,0
1788888979.992,0,0,0,0,0,0,0,757291539,3856641063424,1839000946688,0,0,0,0,0,0,0,0,0,0,0,0,0,0,0,0,0,0,0,0,0,0,0,0,0,0,0,0,0,0,0,0,0,0,0,0,0,0,0,0,0,0,0,0,0,0,0,0,0,0,0,0,0,0,0,0,0,0,1030575,235543109,100468913,0,0,0,0,0,0,0,0,0,0,0,0,0,0,0,0,0,0,0,0,0,0,0,0,0,0,0,0,0,0,0,0,0,0,0,0,0,12883181568,5081907200,786327,310175,0,105,786432,234719767,0,0,3693924462,12884901888,107302373,427523895,0,0,0,0,0,0,0,0,0,0,0,0,0,0,0,0,0,0,24255735,24255924,0,97,97,6268,329,48511428,35,0,0,0,0,0,0,0,1,0,0,0,0,0,0,0,0,0,0,27276143,0,57961365,498328,0,0,0,0,0,0,0,0,16384,0,0,0,0,0,0,0,0,0,0,0,4089,612,0,0,0,0,0,73735927,0,302,0,27,612,4089,0,0,0,0,0,0,0,0,0,0,0,0,0,0,0,0,0,0,0,0,0,0,0,0,0,0,0,0,0,0,0,0,0,0,0,0,0,0,0,0,0,0,0,0,0,0,0,0,0,0,0,0,0,315494708,0,0,0,364476851,0,0,0,0,0,0,0,113696766,235415574,458198481,163395560448,63024253,1,0,0,0,0,0,0,0,0,0,0,0,0,0,0,0,0,0,0,0,0,0,0,0,0,0,0,0,0,0,0,251706692,0,0,0,0,0
1788888981.019,0,0,0,0,0,0,0,757369192,3857235212800,1839231269888,0,0,0,0,0,0,0,0,0,0,0,0,0,0,0,0,0,0,0,0,0,0,0,0,0,0,0,0,0,0,0,0,0,0,0,0,0,0,0,0,0,0,0,0,0,0,0,0,0,0,0,0,0,0,0,0,0,0,1030713,235579438,100481667,0,0,0,0,0,0,0,0,0,0,0,0,0,0,0,0,0,0,0,0,0,0,0,0,0,0,0,0,0,0,0,0,0,0,0,0,0,12882837504,5100306432,786307,311298,0,125,786432,234756036,0,0,3694307852,12884901888,107337735,427564355,0,0,0,0,0,0,0,0,0,0,0,0,0,0,0,0,0,0,24258293,24258484,0,97,97,6268,329,48516554,35,0,0,0,0,0,0,0,1,0,0,0,0,0,0,0,0,0,0,27279023,0,57961493,498329,0,0,0,0,0,0,0,0,16384,0,0,0,0,0,0,0,0,0,0,0,4090,612,0,0,0,0,0,73743727,0,302,0,27,612,4090,0,0,0,0,0,0,0,0,0,0,0,0,0,0,0,0,0,0,0,0,0,0,0,0,0,0,0,0,0,0,0,0,0,0,0,0,0,0,0,0,0,0,0,0,0,0,0,0,0,0,0,0,0,315530764,0,0,0,364513196,0,0,0,0,0,0,0,113727272,235451862,458259835,163414112768,63042174,0,0,0,0,0,0,0,0,0,0,0,0,0,0,0,0,0,0,0,0,0,0,0,0,0,0,0,0,0,0,0,251709253,0,0,0,0,0
1788888982.046,0,0,0,0,0,0,0,757455467,3857891736064,1839520402432,0,0,0,0,0,0,0,0,0,0,0,0,0,0,0,0,0,0,0,0,0,0,0,0,0,0,0,0,0,0,0,0,0,0,0,0,0,0,0,0,0,0,0,0,0,0,0,0,0,0,0,0,0,0,0,0,0,0,1030861,235619601,100497870,0,0,0,0,0,0,0,0,0,0,0,0,0,0,0,0,0,0,0,0,0,0,0,0,0,0,0,0,0,0,0,0,0,0,0,0,0,12882919424,5085560832,786312,310398,0,120,786432,234796111,0,0,3694733593,12884901888,107373756,427609179,0,0,0,0,0,0,0,0,0,0,0,0,0,0,0,0,0,0,24261141,24261334,0,97,97,6268,329,48522244,35,0,0,0,0,0,0,0,1,0,0,0,0,0,0,0,0,0,0,27282228,0,57964645,498355,0,0,0,0,0,0,0,0,16384,0,0,0,0,0,0,0,0,0,0,0,4091,612,0,0,0,0,0,73752389,0,302,0,27,612,4091,0,0,0,0,0,0,0,0,0,0,0,0,0,0,0,0,0,0,0,0,0,0,0,0,0,0,0,0,0,0,0,0,0,0,0,0,0,0,0,0,0,0,0,0,0,0,0,0,0,0,0,0,0,315570919,0,0,0,364553476,0,0,0,0,0,0,0,113757606,235491977,458329136,163434762752,63059177,0,0,0,0,0,0,0,0,0,0,0,0,0,0,0,0,0,0,0,0,0,0,0,0,0,0,0,0,0,0,0,251712103,0,0,0,0,0
1788888983.074,0,0,0,0,0,0,0,757550100,3858609486336,1839833221120,0,0,0,0,0,0,0,0,0,0,0,0,0,0,0,0,0,0,0,0,0,0,0,0,0,0,0,0,0,0,0,0,0,0,0,0,0,0,0,0,0,0,0,0,0,0,0,0,0,0,0,0,0,0,0,0,0,0,1031060,235663513,100515371,0,0,0,0,0,0,0,0,0,0,0,0,0,0,0,0,0,0,0,0,0,0,0,0,0,0,0,0,0,0,0,0,0,0,0,0,0,12883116032,5074796544,786323,309741,0,109,786432,234839895,0,0,3695200952,12884901888,107413559,427658707,0,0,0,0,0,0,0,0,0,0,0,0,0,0,0,0,0,0,24264277,24264466,0,97,97,6268,329,48528509,35,0,0,0,0,0,0,0,1,0,0,0,0,0,0,0,0,0,0,27285750,0,57967806,498381,0,0,0,0,0,0,0,0,16384,0,0,0,0,0,0,0,0,0,0,0,4092,612,0,0,0,0,0,73761921,0,302,0,27,612,4092,0,0,0,0,0,0,0,0,0,0,0,0,0,0,0,0,0,0,0,0,0,0,0,0,0,0,0,0,0,0,0,0,0,0,0,0,0,0,0,0,0,0,0,0,0,0,0,0,0,0,0,0,0,315615208,0,0,0,364597758,0,0,0,0,0,0,0,113789567,235535817,458405137,163457540096,63076539,0,0,0,0,0,0,0,0,0,0,0,0,0,0,0,0,0,0,0,0,0,0,0,0,0,0,0,0,0,0,0,251715233,0,0,0,0,0
1788888984.100,0,0,0,0,0,0,0,757638858,3859283507712,1840129001472,0,0,0,0,0,0,0,0,0,0,0,0,0,0,0,0,0,0,0,0,0,0,0,0,0,0,0,0,0,0,0,0,0,0,0,0,0,0,0,0,0,0,0,0,0,0,0,0,0,0,0,0,0,0,0,0,0,0,1031242,235704758,100531932,0,0,0,0,0,0,0,0,0,0,0,0,0,0,0,0,0,0,0,0,0,0,0,0,0,0,0,0,0,0,0,0,0,0,0,0,0,12883034112,5061263360,786318,308915,0,114,786432,234881031,0,0,3695639139,12884901888,107450779,427704945,0,0,0,0,0,0,0,0,0,0,0,0,0,0,0,0,0,0,24267204,24267396,0,97,97,6268,329,48534370,35,0,0,0,0,0,0,0,1,0,0,0,0,0,0,0,0,0,0,27289044,0,57971021,498407,0,0,0,0,0,0,0,0,16384,0,0,0,0,0,0,0,0,0,0,0,4093,612,0,0,0,0,0,73770825,0,302,0,27,612,4093,0,0,0,0,0,0,0,0,0,0,0,0,0,0,0,0,0,0,0,0,0,0,0,0,0,0,0,0,0,0,0,0,0,0,0,0,0,0,0,0,0,0,0,0,0,0,0,0,0,0,0,0,0,315656559,0,0,0,364639162,0,0,0,0,0,0,0,113819379,235576998,458476308,163478785536,63092761,1,0,0,0,0,0,0,0,0,0,0,0,0,0,0,0,0,0,0,0,0,0,0,0,0,0,0,0,0,0,0,251718164,0,0,0,0,0
1788888985.127,0,0,0,0,0,0,0,757718590,3859893615104,1840363100672,0,0,0,0,0,0,0,0,0,0,0,0,0,0,0,0,0,0,0,0,0,0,0,0,0,0,0,0,0,0,0,0,0,0,0,0,0,0,0,0,0,0,0,0,0,0,0,0,0,0,0,0,0,0,0,0,0,0,1031366,235742064,100544870,0,0,0,0,0,0,0,0,0,0,0,0,0,0,0,0,0,0,0,0,0,0,0,0,0,0,0,0,0,0,0,0,0,0,0,0,0,12883066880,5080186880,786319,310070,1,111,786432,234918254,0,0,3696033303,12884901888,107486437,427746212,0,0,0,0,0,0,0,0,0,0,0,0,0,0,0,0,0,0,24269845,24270033,0,97,97,6268,329,48539654,35,0,0,0,0,0,0,0,1,0,0,0,0,0,0,0,0,0,0,27292010,0,57971365,498410,0,0,0,0,0,0,0,0,16384,0,0,0,0,0,0,0,0,0,0,0,4094,612,0,0,0,0,0,73778838,0,302,0,27,612,4094,0,0,0,0,0,0,0,0,0,0,0,0,0,0,0,0,0,0,0,0,0,0,0,0,0,0,0,0,0,0,0,0,0,0,0,0,0,0,0,0,0,0,0,0,0,0,0,0,0,0,0,0,0,315693807,0,0,0,364676436,0,0,0,0,0,0,0,113849857,235614240,458538964,163497913856,63110640,0,0,0,0,0,0,0,0,0,0,0,0,0,0,0,0,0,0,0,0,0,0,0,0,0,0,0,0,0,0,0,251720801,0,0,0,0,0
1788888986.153,0,0,0,0,0,0,0,757806969,3860567341568,1840657028608,0,0,0,0,0,0,0,0,0,0,0,0,0,0,0,0,0,0,0,0,0,0,0,0,0,0,0,0,0,0,0,0,0,0,0,0,0,0,0,0,0,0,0,0,0,0,0,0,0,0,0,0,0,0,0,0,0,0,1031523,235783258,100561322,0,0,0,0,0,0,0,0,0,0,0,0,0,0,0,0,0,0,0,0,0,0,0,0,0,0,0,0,0,0,0,0,0,0,0,0,0,12883181568,5069275136,786327,309404,0,105,786432,234959347,0,0,3696469468,12884901888,107523474,427792270,0,0,0,0,0,0,0,0,0,0,0,0,0,0,0,0,0,0,24272765,24272957,0,97,97,6268,329,48545497,35,0,0,0,0,0,0,0,1,0,0,0,0,0,0,0,0,0,0,27295299,0,57974574,498436,0,0,0,0,0,0,0,0,16384,0,0,0,0,0,0,0,0,0,0,0,4095,612,0,0,0,0,0,73787738,0,302,0,27,612,4095,0,0,0,0,0,0,0,0,0,0,0,0,0,0,0,0,0,0,0,0,0,0,0,0,0,0,0,0,0,0,0,0,0,0,0,0,0,0,0,0,0,0,0,0,0,0,0,0,0,0,0,0,0,315735142,0,0,0,364717793,0,0,0,0,0,0,0,113880280,235655369,458609845,163519160320,63127555,1,1,0,0,0,0,0,0,0,0,0,0,0,0,0,0,0,0,0,0,0,0,0,0,0,0,0,0,0,0,0,251723725,0,0,0,0,0
1788888987.181,0,0,0,0,0,0,0,757893939,3861229615616,1840949400576,0,0,0,0,0,0,0,0,0,0,0,0,0,0,0,0,0,0,0,0,0,0,0,0,0,0,0,0,0,0,0,0,0,0,0,0,0,0,0,0,0,0,0,0,0,0,0,0,0,0,0,0,0,0,0,0,0,0,1031663,235823783,100577687,0,0,0,0,0,0,0,0,0,0,0,0,0,0,0,0,0,0,0,0,0,0,0,0,0,0,0,0,0,0,0,0,0,0,0,0,0,12882968576,5054447616,786314,308499,0,117,786432,234999761,0,0,3696898226,12884901888,107559544,427837455,0,0,0,0,0,0,0,0,0,0,0,0,0,0,0,0,0,0,24275632,24275824,0,97,97,6268,329,48551230,35,0,0,0,0,0,0,0,1,0,0,0,0,0,0,0,0,0,0,27298525,0,57977849,498463,0,0,0,0,0,0,0,0,16384,0,0,0,0,0,0,0,0,0,0,0,4096,612,0,0,0,0,0,73796445,0,302,0,27,612,4096,0,0,0,0,0,0,0,0,0,0,0,0,0,0,0,0,0,0,0,0,0,0,0,0,0,0,0,0,0,0,0,0,0,0,0,0,0,0,0,0,0,0,0,0,0,0,0,0,0,0,0,0,0,315775907,0,0,0,364758436,0,0,0,0,0,0,0,113910847,235695822,458679991,163540102144,63144730,1,0,0,0,0,0,0,0,0,0,0,0,0,0,0,0,0,0,0,0,0,0,0,0,0,0,0,0,0,0,0,251726594,0,0,0,0,0
1788888988.208,0,0,0,0,0,0,0,757984814,3861920528896,1841251334144,0,0,0,0,0,0,0,0,0,0,0,0,0,0,0,0,0,0,0,0,0,0,0,0,0,0,0,0,0,0,0,0,0,0,0,0,0,0,0,0,0,0,0,0,0,0,0,0,0,0,0,0,0,0,0,0,0,0,1031851,235866038,100594609,0,0,0,0,0,0,0,0,0,0,0,0,0,0,0,0,0,0,0,0,0,0,0,0,0,0,0,0,0,0,0,0,0,0,0,0,0,12882968576,5041799168,786314,307727,0,118,786432,235041890,0,0,3697347218,12884901888,107597614,427884899,0,0,0,0,0,0,0,0,0,0,0,0,0,0,0,0,0,0,24278635,24278824,0,97,97,6268,329,48557239,35,0,0,0,0,0,0,0,1,0,0,0,0,0,0,0,0,0,0,27301899,0,57981075,498492,0,0,0,0,0,0,0,0,16384,0,0,0,0,0,0,0,0,0,0,0,4097,612,0,0,0,0,0,73805561,0,302,0,27,612,4097,0,0,0,0,0,0,0,0,0,0,0,0,0,0,0,0,0,0,0,0,0,0,0,0,0,0,0,0,0,0,0,0,0,0,0,0,0,0,0,0,0,0,0,0,0,0,0,0,0,0,0,0,0,315818479,0,0,0,364800813,0,0,0,0,0,0,0,113941758,235738018,458752984,163561986048,63161688,1,0,0,0,0,0,0,0,0,0,0,0,0,0,0,0,0,0,0,0,0,0,0,0,0,0,0,0,0,0,0,251729593,0,0,0,0,0
1788888989.235,0,0,0,0,0,0,0,758061751,3862504569344,1841476308992,0,0,0,0,0,0,0,0,0,0,0,0,0,0,0,0,0,0,0,0,0,0,0,0,0,0,0,0,0,0,0,0,0,0,0,0,0,0,0,0,0,0,0,0,0,0,0,0,0,0,0,0,0,0,0,0,0,0,1031983,235901746,100607016,0,0,0,0,0,0,0,0,0,0,0,0,0,0,0,0,0,0,0,0,0,0,0,0,0,0,0,0,0,0,0,0,0,0,0,0,0,12883083264,5061607424,786321,308936,0,112,786432,235077531,0,0,3697727127,12884901888,107632286,427924895,0,0,0,0,0,0,0,0,0,0,0,0,0,0,0,0,0,0,24281188,24281378,0,97,97,6268,329,48562334,35,0,0,0,0,0,0,0,1,0,0,0,0,0,0,0,0,0,0,27304773,0,57981203,498493,0,0,0,0,0,0,0,0,16384,0,0,0,0,0,0,0,0,0,0,0,4098,612,0,0,0,0,0,73813319,0,302,0,27,612,4098,0,0,0,0,0,0,0,0,0,0,0,0,0,0,0,0,0,0,0,0,0,0,0,0,0,0,0,0,0,0,0,0,0,0,0,0,0,0,0,0,0,0,0,0,0,0,0,0,0,0,0,0,0,315854532,0,0,0,364836814,0,0,0,0,0,0,0,113971917,235773683,458813653,163580514816,63179586,1,0,0,0,0,0,0,0,0,0,0,0,0,0,0,0,0,0,0,0,0,0,0,0,0,0,0,0,0,0,0,251732147,0,0,0,0,0
1788888990.262,0,0,0,0,0,0,0,758146570,3863152671232,1841761148928,0,0,0,0,0,0,0,0,0,0,0,0,0,0,0,0,0,0,0,0,0,0,0,0,0,0,0,0,0,0,0,0,0,0,0,0,0,0,0,0,0,0,0,0,0,0,0,0,0,0,0,0,0,0,0,0,0,0,1032147,235941380,100622953,0,0,0,0,0,0,0,0,0,0,0,0,0,0,0,0,0,0,0,0,0,0,0,0,0,0,0,0,0,0,0,0,0,0,0,0,0,12883132416,5048844288,786324,308157,0,107,786432,235117081,0,0,3698145660,12884901888,107668668,427969308,0,0,0,0,0,0,0,0,0,0,0,0,0,0,0,0,0,0,24283991,24284184,0,97,97,6268,329,48567938,35,0,0,0,0,0,0,0,1,0,0,0,0,0,0,0,0,0,0,27307930,0,57984081,498520,0,0,0,0,0,0,0,0,16384,0,0,0,0,0,0,0,0,0,0,0,4099,612,0,0,0,0,0,73821863,0,302,0,27,612,4099,0,0,0,0,0,0,0,0,0,0,0,0,0,0,0,0,0,0,0,0,0,0,0,0,0,0,0,0,0,0,0,0,0,0,0,0,0,0,0,0,0,0,0,0,0,0,0,0,0,0,0,0,0,315894439,0,0,0,364876476,0,0,0,0,0,0,0,114001166,235813269,458882227,163601080320,63195813,1,0,0,0,0,0,0,0,0,0,0,0,0,0,0,0,0,0,0,0,0,0,0,0,0,0,0,0,0,0,0,251734952,0,0,0,0,0
1788888991.290,0,0,0,0,0,0,0,758228286,3863774476800,1842000110592,0,0,0,0,0,0,0,0,0,0,0,0,0,0,0,0,0,0,0,0,0,0,0,0,0,0,0,0,0,0,0,0,0,0,0,0,0,0,0,0,0,0,0,0,0,0,0,0,0,0,0,0,0,0,0,0,0,0,1032302,235979404,100636143,0,0,0,0,0,0,0,0,0,0,0,0,0,0,0,0,0,0,0,0,0,0,0,0,0,0,0,0,0,0,0,0,0,0,0,0,0,12883181568,5071421440,786327,309535,0,105,786432,235155009,0,0,3698547151,12884901888,107705046,428011758,0,0,0,0,0,0,0,0,0,0,0,0,0,0,0,0,0,0,24286680,24286865,0,97,97,6268,329,48573319,35,0,0,0,0,0,0,0,1,0,0,0,0,0,0,0,0,0,0,27310946,0,57984707,498523,0,0,0,0,0,0,0,0,16384,0,0,0,0,0,0,0,0,0,0,0,4100,612,0,0,0,0,0,73830011,0,302,0,27,612,4100,0,0,0,0,0,0,0,0,0,0,0,0,0,0,0,0,0,0,0,0,0,0,0,0,0,0,0,0,0,0,0,0,0,0,0,0,0,0,0,0,0,0,0,0,0,0,0,0,0,0,0,0,0,315933108,0,0,0,364914557,0,0,0,0,0,0,0,114029168,235851236,458946775,163620962304,63210992,1,1,0,0,0,0,0,0,0,0,0,0,0,0,0,0,0,0,0,0,0,0,0,0,0,0,0,0,0,0,0,251737634,0,0,0,0,0
1788888992.318,0,0,0,0,0,0,0,758318126,3864456526336,1842298314240,0,0,0,0,0,0,0,0,0,0,0,0,0,0,0,0,0,0,0,0,0,0,0,0,0,0,0,0,0,0,0,0,0,0,0,0,0,0,0,0,0,0,0,0,0,0,0,0,0,0,0,0,0,0,0,0,0,0,1032453,236021105,100652826,0,0,0,0,0,0,0,0,0,0,0,0,0,0,0,0,0,0,0,0,0,0,0,0,0,0,0,0,0,0,0,0,0,0,0,0,0,12882952192,5060132864,786313,308846,0,119,786432,235196590,0,0,3698990362,12884901888,107742977,428058452,0,0,0,0,0,0,0,0,0,0,0,0,0,0,0,0,0,0,24289649,24289840,0,97,97,6268,329,48579258,35,0,0,0,0,0,0,0,1,0,0,0,0,0,0,0,0,0,0,27314295,0,57987878,498550,0,0,0,0,0,0,0,0,16384,0,0,0,0,0,0,0,0,0,0,0,4101,612,0,0,0,0,0,73839052,0,302,0,27,612,4101,0,0,0,0,0,0,0,0,0,0,0,0,0,0,0,0,0,0,0,0,0,0,0,0,0,0,0,0,0,0,0,0,0,0,0,0,0,0,0,0,0,0,0,0,0,0,0,0,0,0,0,0,0,315975448,0,0,0,364956527,0,0,0,0,0,0,0,114059493,235892885,459019192,163642740736,63227520,1,0,0,0,0,0,0,0,0,0,0,0,0,0,0,0,0,0,0,0,0,0,0,0,0,0,0,0,0,0,0,251740609,0,0,0,0,0
1788888993.346,0,0,0,0,0,0,0,758399759,3865080592896,1842536980992,0,0,0,0,0,0,0,0,0,0,0,0,0,0,0,0,0,0,0,0,0,0,0,0,0,0,0,0,0,0,0,0,0,0,0,0,0,0,0,0,0,0,0,0,0,0,0,0,0,0,0,0,0,0,0,0,0,0,1032629,236059274,100666006,0,0,0,0,0,0,0,0,0,0,0,0,0,0,0,0,0,0,0,0,0,0,0,0,0,0,0,0,0,0,0,0,0,0,0,0,0,12883165184,5082185728,786326,310192,0,106,786432,235234670,0,0,3699393799,12884901888,107780127,428101176,0,0,0,0,0,0,0,0,0,0,0,0,0,0,0,0,0,0,24292343,24292532,0,97,97,6268,329,48584649,35,0,0,0,0,0,0,0,1,0,0,0,0,0,0,0,0,0,0,27317323,0,57988006,498551,0,0,0,0,0,0,0,0,16384,0,0,0,0,0,0,0,0,0,0,0,4102,612,0,0,0,0,0,73847232,0,302,0,27,612,4102,0,0,0,0,0,0,0,0,0,0,0,0,0,0,0,0,0,0,0,0,0,0,0,0,0,0,0,0,0,0,0,0,0,0,0,0,0,0,0,0,0,0,0,0,0,0,0,0,0,0,0,0,0,316013829,0,0,0,364994699,0,0,0,0,0,0,0,114089685,235930985,459083685,163662493184,63244714,1,0,0,0,0,0,0,0,0,0,0,0,0,0,0,0,0,0,0,0,0,0,0,0,0,0,0,0,0,0,0,251743301,0,0,0,0,0
1788888994.374,0,0,0,0,0,0,0,758488003,3865755990528,1842835533312,0,0,0,0,0,0,0,0,0,0,0,0,0,0,0,0,0,0,0,0,0,0,0,0,0,0,0,0,0,0,0,0,0,0,0,0,0,0,0,0,0,0,0,0,0,0,0,0,0,0,0,0,0,0,0,0,0,0,1032774,236100581,100682725,0,0,0,0,0,0,0,0,0,0,0,0,0,0,0,0,0,0,0,0,0,0,0,0,0,0,0,0,0,0,0,0,0,0,0,0,0,12883050496,5065834496,786319,309194,0,113,786432,235275866,0,0,3699829231,12884901888,107817498,428147081,0,0,0,0,0,0,0,0,0,0,0,0,0,0,0,0,0,0,24295259,24295446,0,97,97,6268,329,48590485,35,0,0,0,0,0,0,0,1,0,0,0,0,0,0,0,0,0,0,27320601,0,57991248,498580,0,0,0,0,0,0,0,0,16384,0,0,0,0,0,0,0,0,0,0,0,4103,612,0,0,0,0,0,73856112,0,302,0,27,612,4103,0,0,0,0,0,0,0,0,0,0,0,0,0,0,0,0,0,0,0,0,0,0,0,0,0,0,0,0,0,0,0,0,0,0,0,0,0,0,0,0,0,0,0,0,0,0,0,0,0,0,0,0,0,316055361,0,0,0,365035936,0,0,0,0,0,0,0,114119736,235972232,459155288,163683849216,63260997,0,1,0,0,0,0,0,0,0,0,0,0,0,0,0,0,0,0,0,0,0,0,0,0,0,0,0,0,0,0,0,251746216,0,0,0,0,0
1788888995.402,0,0,0,0,0,0,0,758566796,3866358069760,1843068013056,0,0,0,0,0,0,0,0,0,0,0,0,0,0,0,0,0,0,0,0,0,0,0,0,0,0,0,0,0,0,0,0,0,0,0,0,0,0,0,0,0,0,0,0,0,0,0,0,0,0,0,0,0,0,0,0,0,0,1032907,236137393,100695551,0,0,0,0,0,0,0,0,0,0,0,0,0,0,0,0,0,0,0,0,0,0,0,0,0,0,0,0,0,0,0,0,0,0,0,0,0,12883247104,5086461952,786331,310453,0,101,786432,235312595,0,0,3700218319,12884901888,107853250,428188059,0,0,0,0,0,0,0,0,0,0,0,0,0,0,0,0,0,0,24297863,24298052,0,97,97,6268,329,48595682,35,0,0,0,0,0,0,0,1,0,0,0,0,0,0,0,0,0,0,27323529,0,57991376,498581,0,0,0,0,0,0,0,0,16384,0,0,0,0,0,0,0,0,0,0,0,4104,612,0,0,0,0,0,73863991,0,302,0,27,612,4104,0,0,0,0,0,0,0,0,0,0,0,0,0,0,0,0,0,0,0,0,0,0,0,0,0,0,0,0,0,0,0,0,0,0,0,0,0,0,0,0,0,0,0,0,0,0,0,0,0,0,0,0,0,316092562,0,0,0,365072813,0,0,0,0,0,0,0,114149514,236008980,459217922,163703027712,63278097,1,0,0,0,0,0,0,0,0,0,0,0,0,0,0,0,0,0,0,0,0,0,0,0,0,0,0,0,0,0,0,251748820,0,0,0,0,0
1788888996.429,0,0,0,0,0,0,0,758653919,3867025406464,1843363335680,0,0,0,0,0,0,0,0,0,0,0,0,0,0,0,0,0,0,0,0,0,0,0,0,0,0,0,0,0,0,0,0,0,0,0,0,0,0,0,0,0,0,0,0,0,0,0,0,0,0,0,0,0,0,0,0,0,0,1033065,236178221,100712107,0,0,0,0,0,0,0,0,0,0,0,0,0,0,0,0,0,0,0,0,0,0,0,0,0,0,0,0,0,0,0,0,0,0,0,0,0,12882935808,5068963840,786312,309385,0,120,786432,235353319,0,0,3700648717,12884901888,107889543,428233410,0,0,0,0,0,0,0,0,0,0,0,0,0,0,0,0,0,0,24300735,24300927,0,97,97,6268,329,48601425,35,0,0,0,0,0,0,0,1,0,0,0,0,0,0,0,0,0,0,27326761,0,57994704,498608,0,0,0,0,0,0,0,0,16384,0,0,0,0,0,0,0,0,0,0,0,4105,612,0,0,0,0,0,73872759,0,302,0,27,612,4105,0,0,0,0,0,0,0,0,0,0,0,0,0,0,0,0,0,0,0,0,0,0,0,0,0,0,0,0,0,0,0,0,0,0,0,0,0,0,0,0,0,0,0,0,0,0,0,0,0,0,0,0,0,316133625,0,0,0,365113522,0,0,0,0,0,0,0,114179071,236049761,459288611,163724172288,63294180,1,0,0,0,0,0,0,0,0,0,0,0,0,0,0,0,0,0,0,0,0,0,0,0,0,0,0,0,0,0,0,251751695,0,0,0,0,0
1788888997.458,0,0,0,0,0,0,0,758729555,3867599370752,1843583006208,0,0,0,0,0,0,0,0,0,0,0,0,0,0,0,0,0,0,0,0,0,0,0,0,0,0,0,0,0,0,0,0,0,0,0,0,0,0,0,0,0,0,0,0,0,0,0,0,0,0,0,0,0,0,0,0,0,0,1033214,236213333,100724218,0,0,0,0,0,0,0,0,0,0,0,0,0,0,0,0,0,0,0,0,0,0,0,0,0,0,0,0,0,0,0,0,0,0,0,0,0,12882968576,5089574912,786314,310643,0,118,786432,235388361,0,0,3701022375,12884901888,107923734,428272821,0,0,0,0,0,0,0,0,0,0,0,0,0,0,0,0,0,0,24303239,24303434,0,97,97,6268,329,48606437,35,0,0,0,0,0,0,0,1,0,0,0,0,0,0,0,0,0,0,27329584,0,57994832,498609,0,0,0,0,0,0,0,0,16384,0,0,0,0,0,0,0,0,0,0,0,4106,612,0,0,0,0,0,73880397,0,302,0,27,612,4106,0,0,0,0,0,0,0,0,0,0,0,0,0,0,0,0,0,0,0,0,0,0,0,0,0,0,0,0,0,0,0,0,0,0,0,0,0,0,0,0,0,0,0,0,0,0,0,0,0,0,0,0,0,316169244,0,0,0,365148875,0,0,0,0,0,0,0,114208756,236084807,459348254,163742469120,63311901,0,0,0,0,0,0,0,0,0,0,0,0,0,0,0,0,0,0,0,0,0,0,0,0,0,0,0,0,0,0,0,251754204,0,0,0,0,0
1788888998.484,0,0,0,0,0,0,0,758828896,3868353444352,1843909677568,0,0,0,0,0,0,0,0,0,0,0,0,0,0,0,0,0,0,0,0,0,0,0,0,0,0,0,0,0,0,0,0,0,0,0,0,0,0,0,0,0,0,0,0,0,0,0,0,0,0,0,0,0,0,0,0,0,0,1033419,236259465,100742486,0,0,0,0,0,0,0,0,0,0,0,0,0,0,0,0,0,0,0,0,0,0,0,0,0,0,0,0,0,0,0,0,0,0,0,0,0,12882935808,5080121344,786313,310066,0,119,786432,235434359,0,0,3701512434,12884901888,107963909,428324670,0,0,0,0,0,0,0,0,0,0,0,0,0,0,0,0,0,0,24306516,24306703,0,97,97,6268,329,48613010,35,0,0,0,0,0,0,0,1,0,0,0,0,0,0,0,0,0,0,27333262,0,57998578,498640,0,0,0,0,0,0,0,0,16384,0,0,0,0,0,0,0,0,0,0,0,4107,612,0,0,0,0,0,73890330,0,302,0,27,612,4107,0,0,0,0,0,0,0,0,0,0,0,0,0,0,0,0,0,0,0,0,0,0,0,0,0,0,0,0,0,0,0,0,0,0,0,0,0,0,0,0,0,0,0,0,0,0,0,0,0,0,0,0,0,316215698,0,0,0,365195237,0,0,0,0,0,0,0,114240274,236130869,459427345,163766397952,63328633,1,0,0,0,0,0,0,0,0,0,0,0,0,0,0,0,0,0,0,0,0,0,0,0,0,0,0,0,0,0,0,251757473,0,0,0,0,0
1788888999.511,0,0,0,0,0,0,0,758910162,3868971022848,1844146285056,0,0,0,0,0,0,0,0,0,0,0,0,0,0,0,0,0,0,0,0,0,0,0,0,0,0,0,0,0,0,0,0,0,0,0,0,0,0,0,0,0,0,0,0,0,0,0,0,0,0,0,0,0,0,0,0,0,0,1033554,236297237,100755552,0,0,0,0,0,0,0,0,0,0,0,0,0,0,0,0,0,0,0,0,0,0,0,0,0,0,0,0,0,0,0,0,0,0,0,0,0,12883050496,5103026176,786319,311464,0,113,786432,235472051,0,0,3701913754,12884901888,108000685,428366940,0,0,0,0,0,0,0,0,0,0,0,0,0,0,0,0,0,0,24309204,24309397,0,97,97,6268,329,48618359,35,0,0,0,0,0,0,0,1,0,0,0,0,0,0,0,0,0,0,27336289,0,57998706,498641,0,0,0,0,0,0,0,0,16384,0,0,0,0,0,0,0,0,0,0,0,4108,612,0,0,0,0,0,73898526,0,302,0,27,612,4108,0,0,0,0,0,0,0,0,0,0,0,0,0,0,0,0,0,0,0,0,0,0,0,0,0,0,0,0,0,0,0,0,0,0,0,0,0,0,0,0,0,0,0,0,0,0,0,0,0,0,0,0,0,316253713,0,0,0,365233241,0,0,0,0,0,0,0,114271580,236168569,459491260,163785947648,63347023,1,0,0,0,0,0,0,0,0,0,0,0,0,0,0,0,0,0,0,0,0,0,0,0,0,0,0,0,0,0,0,251760166,0,0,0,0,0
1788889000.538,0,0,0,0,0,0,0,759000138,3869651630592,1844444632576,0,0,0,0,0,0,0,0,0,0,0,0,0,0,0,0,0,0,0,0,0,0,0,0,0,0,0,0,0,0,0,0,0,0,0,0,0,0,0,0,0,0,0,0,0,0,0,0,0,0,0,0,0,0,0,0,0,0,1033708,236338884,100772245,0,0,0,0,0,0,0,0,0,0,0,0,0,0,0,0,0,0,0,0,0,0,0,0,0,0,0,0,0,0,0,0,0,0,0,0,0,12883017728,5088837632,786317,310598,0,115,786432,235513595,0,0,3702358221,12884901888,108038031,428413795,0,0,0,0,0,0,0,0,0,0,0,0,0,0,0,0,0,0,24312193,24312384,0,97,97,6268,329,48624348,35,0,0,0,0,0,0,0,1,0,0,0,0,0,0,0,0,0,0,27339649,0,58002087,498669,0,0,0,0,0,0,0,0,16384,0,0,0,0,0,0,0,0,0,0,0,4109,612,0,0,0,0,0,73907597,0,302,0,27,612,4109,0,0,0,0,0,0,0,0,0,0,0,0,0,0,0,0,0,0,0,0,0,0,0,0,0,0,0,0,0,0,0,0,0,0,0,0,0,0,0,0,0,0,0,0,0,0,0,0,0,0,0,0,0,316295750,0,0,0,365275343,0,0,0,0,0,0,0,114302695,236210157,459563174,163807577600,63364545,1,0,0,0,0,0,0,0,0,0,0,0,0,0,0,0,0,0,0,0,0,0,0,0,0,0,0,0,0,0,0,251763153,0,0,0,0,0
1788889001.565,0,0,0,0,0,0,0,759078841,3870248630784,1844675165696,0,0,0,0,0,0,0,0,0,0,0,0,0,0,0,0,0,0,0,0,0,0,0,0,0,0,0,0,0,0,0,0,0,0,0,0,0,0,0,0,0,0,0,0,0,0,0,0,0,0,0,0,0,0,0,0,0,0,1033833,236375387,100784968,0,0,0,0,0,0,0,0,0,0,0,0,0,0,0,0,0,0,0,0,0,0,0,0,0,0,0,0,0,0,0,0,0,0,0,0,0,12883017728,5108957184,786316,311826,0,116,786432,235550025,0,0,3702745222,12884901888,108073431,428454560,0,0,0,0,0,0,0,0,0,0,0,0,0,0,0,0,0,0,24314798,24314984,0,97,97,6268,329,48629549,35,0,0,0,0,0,0,0,1,0,0,0,0,0,0,0,0,0,0,27342573,0,58002215,498670,0,0,0,0,0,0,0,0,16384,0,0,0,0,0,0,0,0,0,0,0,4110,612,0,0,0,0,0,73915506,0,302,0,27,612,4110,0,0,0,0,0,0,0,0,0,0,0,0,0,0,0,0,0,0,0,0,0,0,0,0,0,0,0,0,0,0,0,0,0,0,0,0,0,0,0,0,0,0,0,0,0,0,0,0,0,0,0,0,0,316332754,0,0,0,365312130,0,0,0,0,0,0,0,114333374,236246612,459625398,163826574848,63382658,1,0,0,0,0,0,0,0,0,0,0,0,0,0,0,0,0,0,0,0,0,0,0,0,0,0,0,0,0,0,0,251765752,0,0,0,0,0
1788889002.592,0,0,0,0,0,0,0,759170181,3870941493760,1844977509888,0,0,0,0,0,0,0,0,0,0,0,0,0,0,0,0,0,0,0,0,0,0,0,0,0,0,0,0,0,0,0,0,0,0,0,0,0,0,0,0,0,0,0,0,0,0,0,0,0,0,0,0,0,0,0,0,0,0,1034008,236417778,100801904,0,0,0,0,0,0,0,0,0,0,0,0,0,0,0,0,0,0,0,0,0,0,0,0,0,0,0,0,0,0,0,0,0,0,0,0,0,12883050496,5097291776,786320,311114,0,112,786432,235592298,0,0,3703197278,12884901888,108111894,428502044,0,0,0,0,0,0,0,0,0,0,0,0,0,0,0,0,0,0,24317805,24317996,0,97,97,6268,329,48635573,35,0,0,0,0,0,0,0,1,0,0,0,0,0,0,0,0,0,0,27345959,0,58005470,498696,0,0,0,0,0,0,0,0,16384,0,0,0,0,0,0,0,0,0,0,0,4111,612,0,0,0,0,0,73924660,0,302,0,27,612,4111,0,0,0,0,0,0,0,0,0,0,0,0,0,0,0,0,0,0,0,0,0,0,0,0,0,0,0,0,0,0,0,0,0,0,0,0,0,0,0,0,0,0,0,0,0,0,0,0,0,0,0,0,0,316374723,0,0,0,365354721,0,0,0,0,0,0,0,114363597,236288945,459697880,163848145920,63398985,0,0,0,0,0,0,0,0,0,0,0,0,0,0,0,0,0,0,0,0,0,0,0,0,0,0,0,0,0,0,0,251768763,0,0,0,0,0
1788889003.620,0,0,0,0,0,0,0,759252203,3871567378944,1845257911808,0,0,0,0,0,0,0,0,0,0,0,0,0,0,0,0,0,0,0,0,0,0,0,0,0,0,0,0,0,0,0,0,0,0,0,0,0,0,0,0,0,0,0,0,0,0,0,0,0,0,0,0,0,0,0,0,0,0,1034165,236456045,100817649,0,0,0,0,0,0,0,0,0,0,0,0,0,0,0,0,0,0,0,0,0,0,0,0,0,0,0,0,0,0,0,0,0,0,0,0,0,12877021184,5079449600,785951,310025,363,119,786432,235630468,0,0,3703600171,12884901888,108146791,428544900,0,0,0,0,0,0,0,0,0,0,0,0,0,0,0,0,0,0,24320513,24320707,0,97,97,6268,329,48640989,35,0,0,0,0,0,0,0,1,0,0,0,0,0,0,0,0,0,0,27349009,0,58008775,498725,0,0,0,0,0,0,0,0,16384,0,0,0,0,0,0,0,0,0,0,0,4112,612,0,0,0,0,0,73932914,0,302,0,27,612,4112,0,0,0,0,0,0,0,0,0,0,0,0,0,0,0,0,0,0,0,0,0,0,0,0,0,0,0,0,0,0,0,0,0,0,0,0,0,0,0,0,0,0,0,0,0,0,0,0,0,0,0,0,0,316412555,0,0,0,365393077,0,0,0,0,0,0,0,114392631,236327170,459763816,163867606016,63415259,0,0,0,0,0,0,0,0,0,0,0,0,0,0,0,0,0,0,0,0,0,0,0,0,0,0,0,0,0,0,0,251771476,0,0,0,0,0
1788889004.648,0,0,0,0,0,0,0,759333113,3872184039936,1845492760064,0,0,0,0,0,0,0,0,0,0,0,0,0,0,0,0,0,0,0,0,0,0,0,0,0,0,0,0,0,0,0,0,0,0,0,0,0,0,0,0,0,0,0,0,0,0,0,0,0,0,0,0,0,0,0,0,0,0,1034311,236493764,100830605,0,0,0,0,0,0,0,0,0,0,0,0,0,0,0,0,0,0,0,0,0,0,0,0,0,0,0,0,0,0,0,0,0,0,0,0,0,12882968576,5102747648,786314,311447,0,118,786432,235668094,0,0,3703999770,12884901888,108182973,428587088,0,0,0,0,0,0,0,0,0,0,0,0,0,0,0,0,0,0,24323182,24323377,0,97,97,6268,329,48646329,35,0,0,0,0,0,0,0,1,0,0,0,0,0,0,0,0,0,0,27352011,0,58008903,498726,0,0,0,0,0,0,0,0,16384,0,0,0,0,0,0,0,0,0,0,0,4113,612,0,0,0,0,0,73941046,0,302,0,27,612,4113,0,0,0,0,0,0,0,0,0,0,0,0,0,0,0,0,0,0,0,0,0,0,0,0,0,0,0,0,0,0,0,0,0,0,0,0,0,0,0,0,0,0,0,0,0,0,0,0,0,0,0,0,0,316450274,0,0,0,365430901,0,0,0,0,0,0,0,114423655,236364830,459827231,163887033856,63433482,0,0,0,0,0,0,0,0,0,0,0,0,0,0,0,0,0,0,0,0,0,0,0,0,0,0,0,0,0,0,0,251774146,0,0,0,0,0
1788889005.675,0,0,0,0,0,0,0,759409241,3872762690048,1845721387008,0,0,0,0,0,0,0,0,0,0,0,0,0,0,0,0,0,0,0,0,0,0,0,0,0,0,0,0,0,0,0,0,0,0,0,0,0,0,0,0,0,0,0,0,0,0,0,0,0,0,0,0,0,0,0,0,0,0,1034453,236529151,100843030,0,0,0,0,0,0,0,0,0,0,0,0,0,0,0,0,0,0,0,0,0,0,0,0,0,0,0,0,0,0,0,0,0,0,0,0,0,12877922304,5121884160,786006,312615,300,126,786432,235703402,0,0,3704375453,12884901888,108217115,428626712,0,0,0,0,0,0,0,0,0,0,0,0,0,0,0,0,0,0,24325702,24325887,0,97,97,6268,329,48651364,35,0,0,0,0,0,0,0,1,0,0,0,0,0,0,0,0,0,0,27354835,0,58009031,498730,0,0,0,0,0,0,0,0,16384,0,0,0,0,0,0,0,0,0,0,0,4114,612,0,0,0,0,0,73948684,0,302,0,27,612,4114,0,0,0,0,0,0,0,0,0,0,0,0,0,0,0,0,0,0,0,0,0,0,0,0,0,0,0,0,0,0,0,0,0,0,0,0,0,0,0,0,0,0,0,0,0,0,0,0,0,0,0,0,0,316486001,0,0,0,365466493,0,0,0,0,0,0,0,114453534,236400164,459887701,163905392128,63451232,1,0,0,0,0,0,0,0,0,0,0,0,0,0,0,0,0,0,0,0,0,0,0,0,0,0,0,0,0,0,0,251776657,0,0,0,0,0
1788889006.701,0,0,0,0,0,0,0,759493029,3873395751424,1845998175232,0,0,0,0,0,0,0,0,0,0,0,0,0,0,0,0,0,0,0,0,0,0,0,0,0,0,0,0,0,0,0,0,0,0,0,0,0,0,0,0,0,0,0,0,0,0,0,0,0,0,0,0,0,0,0,0,0,0,1034600,236567866,100858735,0,0,0,0,0,0,0,0,0,0,0,0,0,0,0,0,0,0,0,0,0,0,0,0,0,0,0,0,0,0,0,0,0,0,0,0,0,12882984960,5106597888,786315,311682,0,117,786432,235742019,0,0,3704788804,12884901888,108252162,428670121,0,0,0,0,0,0,0,0,0,0,0,0,0,0,0,0,0,0,24328474,24328664,0,97,97,6268,329,48656902,35,0,0,0,0,0,0,0,1,0,0,0,0,0,0,0,0,0,0,27357955,0,58012304,498755,0,0,0,0,0,0,0,0,16384,0,0,0,0,0,0,0,0,0,0,0,4116,612,0,0,0,0,0,73957088,0,302,0,27,612,4116,0,0,0,0,0,0,0,0,0,0,0,0,0,0,0,0,0,0,0,0,0,0,0,0,0,0,0,0,0,0,0,0,0,0,0,0,0,0,0,0,0,0,0,0,0,0,0,0,0,0,0,0,0,316525252,0,0,0,365505529,0,0,0,0,0,0,0,114483335,236438828,459954868,163925560832,63468138,1,0,0,0,0,0,0,0,0,0,0,0,0,0,0,0,0,0,0,0,0,0,0,0,0,0,0,0,0,0,0,251779431,0,0,0,0,0
1788889007.729,0,0,0,0,0,0,0,759570583,3873988180480,1846225530368,0,0,0,0,0,0,0,0,0,0,0,0,0,0,0,0,0,0,0,0,0,0,0,0,0,0,0,0,0,0,0,0,0,0,0,0,0,0,0,0,0,0,0,0,0,0,0,0,0,0,0,0,0,0,0,0,0,0,1034749,236604066,100871283,0,0,0,0,0,0,0,0,0,0,0,0,0,0,0,0,0,0,0,0,0,0,0,0,0,0,0,0,0,0,0,0,0,0,0,0,0,12883001344,5128093696,786316,312994,0,116,786432,235778125,0,0,3705172016,12884901888,108287373,428710662,0,0,0,0,0,0,0,0,0,0,0,0,0,0,0,0,0,0,24331044,24331229,0,97,97,6268,329,48662055,35,0,0,0,0,0,0,0,1,0,0,0,0,0,0,0,0,0,0,27360844,0,58012432,498756,0,0,0,0,0,0,0,0,16384,0,0,0,0,0,0,0,0,0,0,0,4117,612,0,0,0,0,0,73964887,0,302,0,27,612,4117,0,0,0,0,0,0,0,0,0,0,0,0,0,0,0,0,0,0,0,0,0,0,0,0,0,0,0,0,0,0,0,0,0,0,0,0,0,0,0,0,0,0,0,0,0,0,0,0,0,0,0,0,0,316561650,0,0,0,365541877,0,0,0,0,0,0,0,114513676,236474980,460016133,163944287232,63486077,0,0,0,0,0,0,0,0,0,0,0,0,0,0,0,0,0,0,0,0,0,0,0,0,0,0,0,0,0,0,0,251781999,0,0,0,0,0
1788889008.757,0,0,0,0,0,0,0,759654916,3874630564352,1846510722560,0,0,0,0,0,0,0,0,0,0,0,0,0,0,0,0,0,0,0,0,0,0,0,0,0,0,0,0,0,0,0,0,0,0,0,0,0,0,0,0,0,0,0,0,0,0,0,0,0,0,0,0,0,0,0,0,0,0,1034898,236643343,100887271,0,0,0,0,0,0,0,0,0,0,0,0,0,0,0,0,0,0,0,0,0,0,0,0,0,0,0,0,0,0,0,0,0,0,0,0,0,12882952192,5110710272,786313,311933,0,119,786432,235817296,0,0,3705588565,12884901888,108322766,428754385,0,0,0,0,0,0,0,0,0,0,0,0,0,0,0,0,0,0,24333828,24334021,0,97,97,6268,329,48667603,35,0,0,0,0,0,0,0,1,0,0,0,0,0,0,0,0,0,0,27363984,0,58015648,498784,0,0,0,0,0,0,0,0,16384,0,0,0,0,0,0,0,0,0,0,0,4118,612,0,0,0,0,0,73973388,0,302,0,27,612,4118,0,0,0,0,0,0,0,0,0,0,0,0,0,0,0,0,0,0,0,0,0,0,0,0,0,0,0,0,0,0,0,0,0,0,0,0,0,0,0,0,0,0,0,0,0,0,0,0,0,0,0,0,0,316601251,0,0,0,365581120,0,0,0,0,0,0,0,114543644,236514196,460084402,163964629504,63502964,0,1,0,0,0,0,0,0,0,0,0,0,0,0,0,0,0,0,0,0,0,0,0,0,0,0,0,0,0,0,0,251784791,0,0,0,0,0
1788889009.784,0,0,0,0,0,0,0,759731986,3875213834752,1846735462912,0,0,0,0,0,0,0,0,0,0,0,0,0,0,0,0,0,0,0,0,0,0,0,0,0,0,0,0,0,0,0,0,0,0,0,0,0,0,0,0,0,0,0,0,0,0,0,0,0,0,0,0,0,0,0,0,0,0,1035049,236679026,100899675,0,0,0,0,0,0,0,0,0,0,0,0,0,0,0,0,0,0,0,0,0,0,0,0,0,0,0,0,0,0,0,0,0,0,0,0,0,12883066880,5132435456,786320,313259,0,112,786432,235852911,0,0,3705967406,12884901888,108357525,428794657,0,0,0,0,0,0,0,0,0,0,0,0,0,0,0,0,0,0,24336368,24336558,0,97,97,6268,329,48672696,35,0,0,0,0,0,0,0,1,0,0,0,0,0,0,0,0,0,0,27366838,0,58015776,498785,0,0,0,0,0,0,0,0,16384,0,0,0,0,0,0,0,0,0,0,0,4119,612,0,0,0,0,0,73981111,0,302,0,27,612,4119,0,0,0,0,0,0,0,0,0,0,0,0,0,0,0,0,0,0,0,0,0,0,0,0,0,0,0,0,0,0,0,0,0,0,0,0,0,0,0,0,0,0,0,0,0,0,0,0,0,0,0,0,0,316637481,0,0,0,365617184,0,0,0,0,0,0,0,114573958,236549835,460145236,163983257600,63521030,1,0,0,0,0,0,0,0,0,0,0,0,0,0,0,0,0,0,0,0,0,0,0,0,0,0,0,0,0,0,0,251787328,0,0,0,0,0
1788889010.811,0,0,0,0,0,0,0,759820043,3875882662400,1847032764928,0,0,0,0,0,0,0,0,0,0,0,0,0,0,0,0,0,0,0,0,0,0,0,0,0,0,0,0,0,0,0,0,0,0,0,0,0,0,0,0,0,0,0,0,0,0,0,0,0,0,0,0,0,0,0,0,0,0,1035207,236719933,100916312,0,0,0,0,0,0,0,0,0,0,0,0,0,0,0,0,0,0,0,0,0,0,0,0,0,0,0,0,0,0,0,0,0,0,0,0,0,12883034112,5117444096,786318,312344,0,114,786432,235893716,0,0,3706402712,12884901888,108394344,428840600,0,0,0,0,0,0,0,0,0,0,0,0,0,0,0,0,0,0,24339272,24339459,0,97,97,6268,329,48678507,35,0,0,0,0,0,0,0,1,0,0,0,0,0,0,0,0,0,0,27370102,0,58018973,498813,0,0,0,0,0,0,0,0,16384,0,0,0,0,0,0,0,0,0,0,0,4120,612,0,0,0,0,0,73989921,0,302,0,27,612,4120,0,0,0,0,0,0,0,0,0,0,0,0,0,0,0,0,0,0,0,0,0,0,0,0,0,0,0,0,0,0,0,0,0,0,0,0,0,0,0,0,0,0,0,0,0,0,0,0,0,0,0,0,0,316679322,0,0,0,365658383,0,0,0,0,0,0,0,114603617,236590661,460217019,164004798464,63536946,1,0,0,0,0,0,0,0,0,0,0,0,0,0,0,0,0,0,0,0,0,0,0,0,0,0,0,0,0,0,0,251790228,0,0,0,0,0
1788889011.837,0,0,0,0,0,0,0,759896266,3876464589312,1847259732480,0,0,0,0,0,0,0,0,0,0,0,0,0,0,0,0,0,0,0,0,0,0,0,0,0,0,0,0,0,0,0,0,0,0,0,0,0,0,0,0,0,0,0,0,0,0,0,0,0,0,0,0,0,0,0,0,0,0,1035347,236755510,100928867,0,0,0,0,0,0,0,0,0,0,0,0,0,0,0,0,0,0,0,0,0,0,0,0,0,0,0,0,0,0,0,0,0,0,0,0,0,12883034112,5132435456,786319,313259,0,113,786432,235929228,0,0,3706779143,12884901888,108428838,428880230,0,0,0,0,0,0,0,0,0,0,0,0,0,0,0,0,0,0,24341781,24341974,0,97,97,6268,329,48683527,35,0,0,0,0,0,0,0,1,0,0,0,0,0,0,0,0,0,0,27372931,0,58019229,498815,0,0,0,0,0,0,0,0,16384,0,0,0,0,0,0,0,0,0,0,0,4121,612,0,0,0,0,0,73997575,0,302,0,27,612,4121,0,0,0,0,0,0,0,0,0,0,0,0,0,0,0,0,0,0,0,0,0,0,0,0,0,0,0,0,0,0,0,0,0,0,0,0,0,0,0,0,0,0,0,0,0,0,0,0,0,0,0,0,0,316715106,0,0,0,365693938,0,0,0,0,0,0,0,114632317,236626193,460277524,164023219200,63553392,1,0,0,0,0,0,0,0,0,0,0,0,0,0,0,0,0,0,0,0,0,0,0,0,0,0,0,0,0,0,0,251792744,0,0,0,0,0
1788889012.866,0,0,0,0,0,0,0,759983758,3877132745216,1847556746240,0,0,0,0,0,0,0,0,0,0,0,0,0,0,0,0,0,0,0,0,0,0,0,0,0,0,0,0,0,0,0,0,0,0,0,0,0,0,0,0,0,0,0,0,0,0,0,0,0,0,0,0,0,0,0,0,0,0,1035514,236796380,100945495,0,0,0,0,0,0,0,0,0,0,0,0,0,0,0,0,0,0,0,0,0,0,0,0,0,0,0,0,0,0,0,0,0,0,0,0,0,12883017728,5114871808,786317,312187,0,116,786432,235969990,0,0,3707211153,12884901888,108465839,428925983,0,0,0,0,0,0,0,0,0,0,0,0,0,0,0,0,0,0,24344666,24344860,0,97,97,6268,329,48689305,35,0,0,0,0,0,0,0,1,0,0,0,0,0,0,0,0,0,0,27376179,0,58022353,498842,0,0,0,0,0,0,0,0,16384,0,0,0,0,0,0,0,0,0,0,0,4122,612,0,0,0,0,0,74006351,0,302,0,27,612,4122,0,0,0,0,0,0,0,0,0,0,0,0,0,0,0,0,0,0,0,0,0,0,0,0,0,0,0,0,0,0,0,0,0,0,0,0,0,0,0,0,0,0,0,0,0,0,0,0,0,0,0,0,0,316756594,0,0,0,365734909,0,0,0,0,0,0,0,114660949,236666991,460349079,164044560896,63568179,1,0,0,0,0,0,0,0,0,0,0,0,0,0,0,0,0,0,0,0,0,0,0,0,0,0,0,0,0,0,0,251795632,0,0,0,0,0
1788889013.892,0,0,0,0,0,0,0,760059597,3877710215680,1847780013056,0,0,0,0,0,0,0,0,0,0,0,0,0,0,0,0,0,0,0,0,0,0,0,0,0,0,0,0,0,0,0,0,0,0,0,0,0,0,0,0,0,0,0,0,0,0,0,0,0,0,0,0,0,0,0,0,0,0,1035650,236831695,100957827,0,0,0,0,0,0,0,0,0,0,0,0,0,0,0,0,0,0,0,0,0,0,0,0,0,0,0,0,0,0,0,0,0,0,0,0,0,12882903040,5134139392,786310,313363,0,122,786432,236005237,0,0,3707583870,12884901888,108500198,428965414,0,0,0,0,0,0,0,0,0,0,0,0,0,0,0,0,0,0,24347174,24347362,0,97,97,6268,329,48694315,35,0,0,0,0,0,0,0,1,0,0,0,0,0,0,0,0,0,0,27378993,0,58022481,498843,0,0,0,0,0,0,0,0,16384,0,0,0,0,0,0,0,0,0,0,0,4123,612,0,0,0,0,0,74013957,0,302,0,27,612,4123,0,0,0,0,0,0,0,0,0,0,0,0,0,0,0,0,0,0,0,0,0,0,0,0,0,0,0,0,0,0,0,0,0,0,0,0,0,0,0,0,0,0,0,0,0,0,0,0,0,0,0,0,0,316792395,0,0,0,365770356,0,0,0,0,0,0,0,114689241,236702237,460409301,164062984192,63584305,1,0,0,0,0,0,0,0,0,0,0,0,0,0,0,0,0,0,0,0,0,0,0,0,0,0,0,0,0,0,0,251798132,0,0,0,0,0
1788889014.919,0,0,0,0,0,0,0,760150210,3878400408064,1848085767680,0,0,0,0,0,0,0,0,0,0,0,0,0,0,0,0,0,0,0,0,0,0,0,0,0,0,0,0,0,0,0,0,0,0,0,0,0,0,0,0,0,0,0,0,0,0,0,0,0,0,0,0,0,0,0,0,0,0,1035816,236873903,100974946,0,0,0,0,0,0,0,0,0,0,0,0,0,0,0,0,0,0,0,0,0,0,0,0,0,0,0,0,0,0,0,0,0,0,0,0,0,12882903040,5116297216,786310,312274,0,122,786432,236047341,0,0,3708031540,12884901888,108538019,429012687,0,0,0,0,0,0,0,0,0,0,0,0,0,0,0,0,0,0,24350172,24350358,0,97,97,6268,329,48700304,35,0,0,0,0,0,0,0,1,0,0,0,0,0,0,0,0,0,0,27382364,0,58025852,498872,0,0,0,0,0,0,0,0,16384,0,0,0,0,0,0,0,0,0,0,0,4124,612,0,0,0,0,0,74023075,0,302,0,27,612,4124,0,0,0,0,0,0,0,0,0,0,0,0,0,0,0,0,0,0,0,0,0,0,0,0,0,0,0,0,0,0,0,0,0,0,0,0,0,0,0,0,0,0,0,0,0,0,0,0,0,0,0,0,0,316835083,0,0,0,365812743,0,0,0,0,0,0,0,114719557,236744389,460482754,164084945920,63600553,0,0,0,0,0,0,0,0,0,0,0,0,0,0,0,0,0,0,0,0,0,0,0,0,0,0,0,0,0,0,0,251801131,0,0,0,0,0
1788889015.947,0,0,0,0,0,0,0,760231469,3879019264512,1848324239360,0,0,0,0,0,0,0,0,0,0,0,0,0,0,0,0,0,0,0,0,0,0,0,0,0,0,0,0,0,0,0,0,0,0,0,0,0,0,0,0,0,0,0,0,0,0,0,0,0,0,0,0,0,0,0,0,0,0,1035955,236911738,100988131,0,0,0,0,0,0,0,0,0,0,0,0,0,0,0,0,0,0,0,0,0,0,0,0,0,0,0,0,0,0,0,0,0,0,0,0,0,12883181568,5136875520,786327,313530,0,105,786432,236085086,0,0,3708433150,12884901888,108574837,429055002,0,0,0,0,0,0,0,0,0,0,0,0,0,0,0,0,0,0,24352856,24353043,0,97,97,6268,329,48705666,35,0,0,0,0,0,0,0,1,0,0,0,0,0,0,0,0,0,0,27385385,0,58025980,498873,0,0,0,0,0,0,0,0,16384,0,0,0,0,0,0,0,0,0,0,0,4125,612,0,0,0,0,0,74031238,0,302,0,27,612,4125,0,0,0,0,0,0,0,0,0,0,0,0,0,0,0,0,0,0,0,0,0,0,0,0,0,0,0,0,0,0,0,0,0,0,0,0,0,0,0,0,0,0,0,0,0,0,0,0,0,0,0,0,0,316873033,0,0,0,365850713,0,0,0,0,0,0,0,114751148,236782178,460546826,164104476672,63619119,0,0,0,0,0,0,0,0,0,0,0,0,0,0,0,0,0,0,0,0,0,0,0,0,0,0,0,0,0,0,0,251803817,0,0,0,0,0
1788889016.975,0,0,0,0,0,0,0,760317918,3879678376448,1848617976320,0,0,0,0,0,0,0,0,0,0,0,0,0,0,0,0,0,0,0,0,0,0,0,0,0,0,0,0,0,0,0,0,0,0,0,0,0,0,0,0,0,0,0,0,0,0,0,0,0,0,0,0,0,0,0,0,0,0,1036127,236952050,101004541,0,0,0,0,0,0,0,0,0,0,0,0,0,0,0,0,0,0,0,0,0,0,0,0,0,0,0,0,0,0,0,0,0,0,0,0,0,12882952192,5121343488,786313,312582,2,116,786432,236125274,0,0,3708859698,12884901888,108611211,429100190,0,0,0,0,0,0,0,0,0,0,0,0,0,0,0,0,0,0,24355704,24355897,0,97,97,6268,329,48711374,35,0,0,0,0,0,0,0,1,0,0,0,0,0,0,0,0,0,0,27388595,0,58029246,498902,0,0,0,0,0,0,0,0,16384,0,0,0,0,0,0,0,0,0,0,0,4126,612,0,0,0,0,0,74039897,0,302,0,27,612,4126,0,0,0,0,0,0,0,0,0,0,0,0,0,0,0,0,0,0,0,0,0,0,0,0,0,0,0,0,0,0,0,0,0,0,0,0,0,0,0,0,0,0,0,0,0,0,0,0,0,0,0,0,0,316913539,0,0,0,365891181,0,0,0,0,0,0,0,114780965,236822445,460616754,164125329408,63635607,1,0,0,0,0,0,0,0,0,0,0,0,0,0,0,0,0,0,0,0,0,0,0,0,0,0,0,0,0,0,0,251806671,0,0,0,0,0
1788889018.003,0,0,0,0,0,0,0,760407847,3880366029312,1848920369152,0,0,0,0,0,0,0,0,0,0,0,0,0,0,0,0,0,0,0,0,0,0,0,0,0,0,0,0,0,0,0,0,0,0,0,0,0,0,0,0,0,0,0,0,0,0,0,0,0,0,0,0,0,0,0,0,0,0,1036276,236994101,101021544,0,0,0,0,0,0,0,0,0,0,0,0,0,0,0,0,0,0,0,0,0,0,0,0,0,0,0,0,0,0,0,0,0,0,0,0,0,12883181568,5103550464,786327,311496,0,105,786432,236167204,0,0,3709304136,12884901888,108648707,429146818,0,0,0,0,0,0,0,0,0,0,0,0,0,0,0,0,0,0,24358671,24358866,0,97,97,6268,329,48717309,35,0,0,0,0,0,0,0,1,0,0,0,0,0,0,0,0,0,0,27391937,0,58032598,498930,0,0,0,0,0,0,0,0,16384,0,0,0,0,0,0,0,0,0,0,0,4127,612,0,0,0,0,0,74048923,0,302,0,27,612,4127,0,0,0,0,0,0,0,0,0,0,0,0,0,0,0,0,0,0,0,0,0,0,0,0,0,0,0,0,0,0,0,0,0,0,0,0,0,0,0,0,0,0,0,0,0,0,0,0,0,0,0,0,0,316955519,0,0,0,365933168,0,0,0,0,0,0,0,114812575,236864426,460689288,164146920960,63653183,1,0,0,0,0,0,0,0,0,0,0,0,0,0,0,0,0,0,0,0,0,0,0,0,0,0,0,0,0,0,0,251809641,0,0,0,0,0
1788889019.030,0,0,0,0,0,0,0,760496109,3881042524672,1849218352640,0,0,0,0,0,0,0,0,0,0,0,0,0,0,0,0,0,0,0,0,0,0,0,0,0,0,0,0,0,0,0,0,0,0,0,0,0,0,0,0,0,0,0,0,0,0,0,0,0,0,0,0,0,0,0,0,0,0,1036444,237035477,101038227,0,0,0,0,0,0,0,0,0,0,0,0,0,0,0,0,0,0,0,0,0,0,0,0,0,0,0,0,0,0,0,0,0,0,0,0,0,12883083264,5089296384,786322,310626,0,110,786432,236208470,0,0,3709740428,12884901888,108685865,429192816,0,0,0,0,0,0,0,0,0,0,0,0,0,0,0,0,0,0,24361584,24361773,0,97,97,6268,329,48723143,35,0,0,0,0,0,0,0,1,0,0,0,0,0,0,0,0,0,0,27395209,0,58035940,498958,0,0,0,0,0,0,0,0,16384,0,0,0,0,0,0,0,0,0,0,0,4128,612,0,0,0,0,0,74057779,0,302,0,27,612,4128,0,0,0,0,0,0,0,0,0,0,0,0,0,0,0,0,0,0,0,0,0,0,0,0,0,0,0,0,0,0,0,0,0,0,0,0,0,0,0,0,0,0,0,0,0,0,0,0,0,0,0,0,0,316996851,0,0,0,365974369,0,0,0,0,0,0,0,114842741,236905748,460760505,164168168960,63669731,1,0,0,0,0,0,0,0,0,0,0,0,0,0,0,0,0,0,0,0,0,0,0,0,0,0,0,0,0,0,0,251812549,0,0,0,0,0
1788889020.058,0,0,0,0,0,0,0,760575868,3881646307840,1849448894464,0,0,0,0,0,0,0,0,0,0,0,0,0,0,0,0,0,0,0,0,0,0,0,0,0,0,0,0,0,0,0,0,0,0,0,0,0,0,0,0,0,0,0,0,0,0,0,0,0,0,0,0,0,0,0,0,0,0,1036600,237072402,101050956,0,0,0,0,0,0,0,0,0,0,0,0,0,0,0,0,0,0,0,0,0,0,0,0,0,0,0,0,0,0,0,0,0,0,0,0,0,12883099648,5111054336,786322,311954,0,110,786432,236245307,0,0,3710134035,12884901888,108721827,429234382,0,0,0,0,0,0,0,0,0,0,0,0,0,0,0,0,0,0,24364224,24364417,0,97,97,6268,329,48728422,35,0,0,0,0,0,0,0,1,0,0,0,0,0,0,0,0,0,0,27398182,0,58036068,498959,0,0,0,0,0,0,0,0,16384,0,0,0,0,0,0,0,0,0,0,0,4129,612,0,0,0,0,0,74065803,0,302,0,27,612,4129,0,0,0,0,0,0,0,0,0,0,0,0,0,0,0,0,0,0,0,0,0,0,0,0,0,0,0,0,0,0,0,0,0,0,0,0,0,0,0,0,0,0,0,0,0,0,0,0,0,0,0,0,0,317034011,0,0,0,366011643,0,0,0,0,0,0,0,114873456,236942617,460822887,164187274752,63687884,1,0,0,0,0,0,0,0,0,0,0,0,0,0,0,0,0,0,0,0,0,0,0,0,0,0,0,0,0,0,0,251815193,0,0,0,0,0
1788889021.085,0,0,0,0,0,0,0,760661528,3882301012480,1849737398784,0,0,0,0,0,0,0,0,0,0,0,0,0,0,0,0,0,0,0,0,0,0,0,0,0,0,0,0,0,0,0,0,0,0,0,0,0,0,0,0,0,0,0,0,0,0,0,0,0,0,0,0,0,0,0,0,0,0,1036750,237112457,101067120,0,0,0,0,0,0,0,0,0,0,0,0,0,0,0,0,0,0,0,0,0,0,0,0,0,0,0,0,0,0,0,0,0,0,0,0,0,12883214336,5097242624,786329,311111,0,103,786432,236285266,0,0,3710557202,12884901888,108757779,429279060,0,0,0,0,0,0,0,0,0,0,0,0,0,0,0,0,0,0,24367046,24367234,0,97,97,6268,329,48734084,35,0,0,0,0,0,0,0,1,0,0,0,0,0,0,0,0,0,0,27401353,0,58039251,498985,0,0,0,0,0,0,0,0,16384,0,0,0,0,0,0,0,0,0,0,0,4130,612,0,0,0,0,0,74074373,0,302,0,27,612,4130,0,0,0,0,0,0,0,0,0,0,0,0,0,0,0,0,0,0,0,0,0,0,0,0,0,0,0,0,0,0,0,0,0,0,0,0,0,0,0,0,0,0,0,0,0,0,0,0,0,0,0,0,0,317073997,0,0,0,366051700,0,0,0,0,0,0,0,114903371,236982589,460891927,164207888384,63704572,0,0,0,0,0,0,0,0,0,0,0,0,0,0,0,0,0,0,0,0,0,0,0,0,0,0,0,0,0,0,0,251818011,0,0,0,0,0
1788889022.113,0,0,0,0,0,0,0,760746338,3882947557888,1850004124160,0,0,0,0,0,0,0,0,0,0,0,0,0,0,0,0,0,0,0,0,0,0,0,0,0,0,0,0,0,0,0,0,0,0,0,0,0,0,0,0,0,0,0,0,0,0,0,0,0,0,0,0,0,0,0,0,0,0,1036920,237152020,101081964,0,0,0,0,0,0,0,0,0,0,0,0,0,0,0,0,0,0,0,0,0,0,0,0,0,0,0,0,0,0,0,0,0,0,0,0,0,12882968576,5101305856,786314,311359,0,118,786432,236324729,0,0,3710975726,12884901888,108795188,429323435,0,0,0,0,0,0,0,0,0,0,0,0,0,0,0,0,0,0,24369864,24370053,0,97,97,6268,329,48739679,35,0,0,0,0,0,0,0,1,0,0,0,0,0,0,0,0,0,0,27404522,0,58040859,498998,0,0,0,0,0,0,0,0,16384,0,0,0,0,0,0,0,0,0,0,0,4131,612,0,0,0,0,0,74082960,0,302,0,27,612,4131,0,0,0,0,0,0,0,0,0,0,0,0,0,0,0,0,0,0,0,0,0,0,0,0,0,0,0,0,0,0,0,0,0,0,0,0,0,0,0,0,0,0,0,0,0,0,0,0,0,0,0,0,0,317113612,0,0,0,366091312,0,0,0,0,0,0,0,114935009,237022086,460959525,164228296192,63722849,1,0,0,0,0,0,0,0,0,0,0,0,0,0,0,0,0,0,0,0,0,0,0,0,0,0,0,0,0,0,0,251820830,0,0,0,0,0
1788889023.141,0,0,0,0,0,0,0,760825660,3883548850688,1850255420416,0,0,0,0,0,0,0,0,0,0,0,0,0,0,0,0,0,0,0,0,0,0,0,0,0,0,0,0,0,0,0,0,0,0,0,0,0,0,0,0,0,0,0,0,0,0,0,0,0,0,0,0,0,0,0,0,0,0,1037060,237188788,101095962,0,0,0,0,0,0,0,0,0,0,0,0,0,0,0,0,0,0,0,0,0,0,0,0,0,0,0,0,0,0,0,0,0,0,0,0,0,12882870272,5101617152,786309,311378,0,123,786432,236361408,0,0,3711367291,12884901888,108829390,429364678,0,0,0,0,0,0,0,0,0,0,0,0,0,0,0,0,0,0,24372483,24372670,0,97,97,6268,329,48744940,35,0,0,0,0,0,0,0,1,0,0,0,0,0,0,0,0,0,0,27407466,0,58042594,499012,0,0,0,0,0,0,0,0,16384,0,0,0,0,0,0,0,0,0,0,0,4132,612,0,0,0,0,0,74090902,0,302,0,27,612,4132,0,0,0,0,0,0,0,0,0,0,0,0,0,0,0,0,0,0,0,0,0,0,0,0,0,0,0,0,0,0,0,0,0,0,0,0,0,0,0,0,0,0,0,0,0,0,0,0,0,0,0,0,0,317150471,0,0,0,366128428,0,0,0,0,0,0,0,114965108,237058797,461022556,164247261696,63740501,1,0,0,0,0,0,0,0,0,0,0,0,0,0,0,0,0,0,0,0,0,0,0,0,0,0,0,0,0,0,0,251823446,0,0,0,0,0
1788889024.170,0,0,0,0,0,0,0,760900889,3884124977664,1850476380672,0,0,0,0,0,0,0,0,0,0,0,0,0,0,0,0,0,0,0,0,0,0,0,0,0,0,0,0,0,0,0,0,0,0,0,0,0,0,0,0,0,0,0,0,0,0,0,0,0,0,0,0,0,0,0,0,0,0,1037187,237224000,101108176,0,0,0,0,0,0,0,0,0,0,0,0,0,0,0,0,0,0,0,0,0,0,0,0,0,0,0,0,0,0,0,0,0,0,0,0,0,12883083264,5121425408,786321,312587,0,111,786432,236396560,0,0,3711736478,12884901888,108863674,429403733,0,0,0,0,0,0,0,0,0,0,0,0,0,0,0,0,0,0,24374964,24375152,0,97,97,6268,329,48749887,35,0,0,0,0,0,0,0,1,0,0,0,0,0,0,0,0,0,0,27410258,0,58042722,499013,0,0,0,0,0,0,0,0,16384,0,0,0,0,0,0,0,0,0,0,0,4133,612,0,0,0,0,0,74098438,0,302,0,27,612,4133,0,0,0,0,0,0,0,0,0,0,0,0,0,0,0,0,0,0,0,0,0,0,0,0,0,0,0,0,0,0,0,0,0,0,0,0,0,0,0,0,0,0,0,0,0,0,0,0,0,0,0,0,0,317185559,0,0,0,366163513,0,0,0,0,0,0,0,114994523,237093973,461081856,164265327616,63757857,1,0,0,0,0,0,0,0,0,0,0,0,0,0,0,0,0,0,0,0,0,0,0,0,0,0,0,0,0,0,0,251825928,0,0,0,0,0
1788889025.197,0,0,0,0,0,0,0,760985691,3884772604416,1850762184704,0,0,0,0,0,0,0,0,0,0,0,0,0,0,0,0,0,0,0,0,0,0,0,0,0,0,0,0,0,0,0,0,0,0,0,0,0,0,0,0,0,0,0,0,0,0,0,0,0,0,0,0,0,0,0,0,0,0,1037331,237263592,101124186,0,0,0,0,0,0,0,0,0,0,0,0,0,0,0,0,0,0,0,0,0,0,0,0,0,0,0,0,0,0,0,0,0,0,0,0,0,12883329024,5106597888,786336,311682,0,96,786432,236436056,0,0,3712155056,12884901888,108898997,429447752,0,0,0,0,0,0,0,0,0,0,0,0,0,0,0,0,0,0,24377761,24377954,0,97,97,6268,329,48755480,35,0,0,0,0,0,0,0,1,0,0,0,0,0,0,0,0,0,0,27413408,0,58046087,499040,0,0,0,0,0,0,0,0,16384,0,0,0,0,0,0,0,0,0,0,0,4134,612,0,0,0,0,0,74106954,0,302,0,27,612,4134,0,0,0,0,0,0,0,0,0,0,0,0,0,0,0,0,0,0,0,0,0,0,0,0,0,0,0,0,0,0,0,0,0,0,0,0,0,0,0,0,0,0,0,0,0,0,0,0,0,0,0,0,0,317225419,0,0,0,366203110,0,0,0,0,0,0,0,115024669,237133504,461150258,164285824000,63775098,1,0,0,0,0,0,0,0,0,0,0,0,0,0,0,0,0,0,0,0,0,0,0,0,0,0,0,0,0,0,0,251828730,0,0,0,0,0
1788889026.225,0,0,0,0,0,0,0,761070811,3885415922176,1851028915712,0,0,0,0,0,0,0,0,0,0,0,0,0,0,0,0,0,0,0,0,0,0,0,0,0,0,0,0,0,0,0,0,0,0,0,0,0,0,0,0,0,0,0,0,0,0,0,0,0,0,0,0,0,0,0,0,0,0,1037492,237302944,101139032,0,0,0,0,0,0,0,0,0,0,0,0,0,0,0,0,0,0,0,0,0,0,0,0,0,0,0,0,0,0,0,0,0,0,0,0,0,12883099648,5109907456,786323,311885,0,109,786432,236475335,0,0,3712575392,12884901888,108936344,429492156,0,0,0,0,0,0,0,0,0,0,0,0,0,0,0,0,0,0,24380591,24380784,0,97,97,6268,329,48761139,35,0,0,0,0,0,0,0,1,0,0,0,0,0,0,0,0,0,0,27416593,0,58047573,499052,0,0,0,0,0,0,0,0,16384,0,0,0,0,0,0,0,0,0,0,0,4135,612,0,0,0,0,0,74115588,0,302,0,27,612,4135,0,0,0,0,0,0,0,0,0,0,0,0,0,0,0,0,0,0,0,0,0,0,0,0,0,0,0,0,0,0,0,0,0,0,0,0,0,0,0,0,0,0,0,0,0,0,0,0,0,0,0,0,0,317265147,0,0,0,366242980,0,0,0,0,0,0,0,115056415,237172779,461218086,164306231808,63793378,0,0,0,0,0,0,0,0,0,0,0,0,0,0,0,0,0,0,0,0,0,0,0,0,0,0,0,0,0,0,0,251831560,0,0,0,0,0
1788889027.252,0,0,0,0,0,0,0,761151426,3886029715968,1851284345344,0,0,0,0,0,0,0,0,0,0,0,0,0,0,0,0,0,0,0,0,0,0,0,0,0,0,0,0,0,0,0,0,0,0,0,0,0,0,0,0,0,0,0,0,0,0,0,0,0,0,0,0,0,0,0,0,0,0,1037656,237340476,101153262,0,0,0,0,0,0,0,0,0,0,0,0,0,0,0,0,0,0,0,0,0,0,0,0,0,0,0,0,0,0,0,0,0,0,0,0,0,12883034112,5111300096,786318,311969,0,114,786432,236512789,0,0,3712973631,12884901888,108971274,429534237,0,0,0,0,0,0,0,0,0,0,0,0,0,0,0,0,0,0,24383255,24383445,0,97,97,6268,329,48766459,35,0,0,0,0,0,0,0,1,0,0,0,0,0,0,0,0,0,0,27419585,0,58049280,499066,0,0,0,0,0,0,0,0,16384,0,0,0,0,0,0,0,0,0,0,0,4136,612,0,0,0,0,0,74123676,0,302,0,27,612,4136,0,0,0,0,0,0,0,0,0,0,0,0,0,0,0,0,0,0,0,0,0,0,0,0,0,0,0,0,0,0,0,0,0,0,0,0,0,0,0,0,0,0,0,0,0,0,0,0,0,0,0,0,0,317302846,0,0,0,366280616,0,0,0,0,0,0,0,115086299,237210255,461282439,164325638144,63810602,0,0,0,0,0,0,0,0,0,0,0,0,0,0,0,0,0,0,0,0,0,0,0,0,0,0,0,0,0,0,0,251834221,0,0,0,0,0
1788889028.279,0,0,0,0,0,0,0,761245081,3886746843648,1851599645696,0,0,0,0,0,0,0,0,0,0,0,0,0,0,0,0,0,0,0,0,0,0,0,0,0,0,0,0,0,0,0,0,0,0,0,0,0,0,0,0,0,0,0,0,0,0,0,0,0,0,0,0,0,0,0,0,0,0,1037823,237384305,101170924,0,0,0,0,0,0,0,0,0,0,0,0,0,0,0,0,0,0,0,0,0,0,0,0,0,0,0,0,0,0,0,0,0,0,0,0,0,12883443712,5094899712,786343,310968,0,89,786432,236556498,0,0,3713436288,12884901888,109010896,429582900,0,0,0,0,0,0,0,0,0,0,0,0,0,0,0,0,0,0,24386335,24386526,0,97,97,6268,329,48772612,35,0,0,0,0,0,0,0,1,0,0,0,0,0,0,0,0,0,0,27423048,0,58052578,499093,0,0,0,0,0,0,0,0,16384,0,0,0,0,0,0,0,0,0,0,0,4137,612,0,0,0,0,0,74133061,0,302,0,27,612,4137,0,0,0,0,0,0,0,0,0,0,0,0,0,0,0,0,0,0,0,0,0,0,0,0,0,0,0,0,0,0,0,0,0,0,0,0,0,0,0,0,0,0,0,0,0,0,0,0,0,0,0,0,0,317346460,0,0,0,366324247,0,0,0,0,0,0,0,115117269,237254048,461357939,164348064768,63826988,1,0,0,0,0,0,0,0,0,0,0,0,0,0,0,0,0,0,0,0,0,0,0,0,0,0,0,0,0,0,0,251837300,0,0,0,0,0
1788889029.307,0,0,0,0,0,0,0,761324682,3887351839232,1851832092160,0,0,0,0,0,0,0,0,0,0,0,0,0,0,0,0,0,0,0,0,0,0,0,0,0,0,0,0,0,0,0,0,0,0,0,0,0,0,0,0,0,0,0,0,0,0,0,0,0,0,0,0,0,0,0,0,0,0,1037972,237421297,101183750,0,0,0,0,0,0,0,0,0,0,0,0,0,0,0,0,0,0,0,0,0,0,0,0,0,0,0,0,0,0,0,0,0,0,0,0,0,12883001344,5115609088,786315,312232,0,117,786432,236593409,0,0,3713829484,12884901888,109046920,429624522,0,0,0,0,0,0,0,0,0,0,0,0,0,0,0,0,0,0,24388984,24389177,0,97,97,6268,329,48777929,35,0,0,0,0,0,0,0,1,0,0,0,0,0,0,0,0,0,0,27426033,0,58052706,499094,0,0,0,0,0,0,0,0,16384,0,0,0,0,0,0,0,0,0,0,0,4138,612,0,0,0,0,0,74141134,0,302,0,27,612,4138,0,0,0,0,0,0,0,0,0,0,0,0,0,0,0,0,0,0,0,0,0,0,0,0,0,0,0,0,0,0,0,0,0,0,0,0,0,0,0,0,0,0,0,0,0,0,0,0,0,0,0,0,0,317384027,0,0,0,366361678,0,0,0,0,0,0,0,115146459,237290960,461420931,164367358464,63843517,1,0,0,0,0,0,0,0,0,0,0,0,0,0,0,0,0,0,0,0,0,0,0,0,0,0,0,0,0,0,0,251839952,0,0,0,0,0
1788889030.334,0,0,0,0,0,0,0,761413050,3888024959488,1852126902272,0,0,0,0,0,0,0,0,0,0,0,0,0,0,0,0,0,0,0,0,0,0,0,0,0,0,0,0,0,0,0,0,0,0,0,0,0,0,0,0,0,0,0,0,0,0,0,0,0,0,0,0,0,0,0,0,0,0,1038141,237462476,101200219,0,0,0,0,0,0,0,0,0,0,0,0,0,0,0,0,0,0,0,0,0,0,0,0,0,0,0,0,0,0,0,0,0,0,0,0,0,12883148800,5101191168,786325,311352,0,107,786432,236634470,0,0,3714265501,12884901888,109083471,429670553,0,0,0,0,0,0,0,0,0,0,0,0,0,0,0,0,0,0,24391913,24392104,0,97,97,6268,329,48783784,35,0,0,0,0,0,0,0,1,0,0,0,0,0,0,0,0,0,0,27429326,0,58056030,499121,0,0,0,0,0,0,0,0,16384,0,0,0,0,0,0,0,0,0,0,0,4139,612,0,0,0,0,0,74150025,0,302,0,27,612,4139,0,0,0,0,0,0,0,0,0,0,0,0,0,0,0,0,0,0,0,0,0,0,0,0,0,0,0,0,0,0,0,0,0,0,0,0,0,0,0,0,0,0,0,0,0,0,0,0,0,0,0,0,0,317425722,0,0,0,366402987,0,0,0,0,0,0,0,115175024,237332083,461492134,164388798976,63858669,1,0,0,0,0,0,0,0,0,0,0,0,0,0,0,0,0,0,0,0,0,0,0,0,0,0,0,0,0,0,0,251842881,0,0,0,0,0
1788889031.362,0,0,0,0,0,0,0,761502662,3888712710656,1852427147776,0,0,0,0,0,0,0,0,0,0,0,0,0,0,0,0,0,0,0,0,0,0,0,0,0,0,0,0,0,0,0,0,0,0,0,0,0,0,0,0,0,0,0,0,0,0,0,0,0,0,0,0,0,0,0,0,0,0,1038303,237504552,101217019,0,0,0,0,0,0,0,0,0,0,0,0,0,0,0,0,0,0,0,0,0,0,0,0,0,0,0,0,0,0,0,0,0,0,0,0,0,12883165184,5087920128,786326,310542,0,107,786432,236676444,0,0,3714708889,12884901888,109121063,429717227,0,0,0,0,0,0,0,0,0,0,0,0,0,0,0,0,0,0,24394854,24395046,0,97,97,6268,329,48789677,35,0,0,0,0,0,0,0,1,0,0,0,0,0,0,0,0,0,0,27432636,0,58059336,499148,0,0,0,0,0,0,0,0,16384,0,0,0,0,0,0,0,0,0,0,0,4140,612,0,0,0,0,0,74158970,0,302,0,27,612,4140,0,0,0,0,0,0,0,0,0,0,0,0,0,0,0,0,0,0,0,0,0,0,0,0,0,0,0,0,0,0,0,0,0,0,0,0,0,0,0,0,0,0,0,0,0,0,0,0,0,0,0,0,0,317468148,0,0,0,366444858,0,0,0,0,0,0,0,115203369,237374076,461564714,164410620928,63873244,0,0,0,0,0,0,0,0,0,0,0,0,0,0,0,0,0,0,0,0,0,0,0,0,0,0,0,0,0,0,0,251845822,0,0,0,0,0
1788889032.390,0,0,0,0,0,0,0,761591594,3889384421888,1852721543168,0,0,0,0,0,0,0,0,0,0,0,0,0,0,0,0,0,0,0,0,0,0,0,0,0,0,0,0,0,0,0,0,0,0,0,0,0,0,0,0,0,0,0,0,0,0,0,0,0,0,0,0,0,0,0,0,0,0,1038453,237545612,101233490,0,0,0,0,0,0,0,0,0,0,0,0,0,0,0,0,0,0,0,0,0,0,0,0,0,0,0,0,0,0,0,0,0,0,0,0,0,12883034112,5075648512,786318,309793,0,113,786432,236717390,0,0,3715147162,12884901888,109157732,429763478,0,0,0,0,0,0,0,0,0,0,0,0,0,0,0,0,0,0,24397797,24397991,0,97,97,6268,329,48795544,35,0,0,0,0,0,0,0,1,0,0,0,0,0,0,0,0,0,0,27435945,0,58062571,499175,0,0,0,0,0,0,0,0,16384,0,0,0,0,0,0,0,0,0,0,0,4141,612,0,0,0,0,0,74167946,0,302,0,27,612,4141,0,0,0,0,0,0,0,0,0,0,0,0,0,0,0,0,0,0,0,0,0,0,0,0,0,0,0,0,0,0,0,0,0,0,0,0,0,0,0,0,0,0,0,0,0,0,0,0,0,0,0,0,0,317510004,0,0,0,366486412,0,0,0,0,0,0,0,115232480,237415079,461636152,164432131584,63888873,0,0,0,0,0,0,0,0,0,0,0,0,0,0,0,0,0,0,0,0,0,0,0,0,0,0,0,0,0,0,0,251848765,0,0,0,0,0
1788889033.417,0,0,0,0,0,0,0,761672792,3890001885696,1852996089856,0,0,0,0,0,0,0,0,0,0,0,0,0,0,0,0,0,0,0,0,0,0,0,0,0,0,0,0,0,0,0,0,0,0,0,0,0,0,0,0,0,0,0,0,0,0,0,0,0,0,0,0,0,0,0,0,0,0,1038614,237583389,101248837,0,0,0,0,0,0,0,0,0,0,0,0,0,0,0,0,0,0,0,0,0,0,0,0,0,0,0,0,0,0,0,0,0,0,0,0,0,12882968576,5059657728,786314,308817,1,117,786432,236755101,0,0,3715548578,12884901888,109191761,429805875,0,0,0,0,0,0,0,0,0,0,0,0,0,0,0,0,0,0,24400481,24400676,0,97,97,6268,329,48800927,35,0,0,0,0,0,0,0,1,0,0,0,0,0,0,0,0,0,0,27438967,0,58065407,499200,0,0,0,0,0,0,0,0,16384,0,0,0,0,0,0,0,0,0,0,0,4142,612,0,0,0,0,0,74176109,0,302,0,27,612,4142,0,0,0,0,0,0,0,0,0,0,0,0,0,0,0,0,0,0,0,0,0,0,0,0,0,0,0,0,0,0,0,0,0,0,0,0,0,0,0,0,0,0,0,0,0,0,0,0,0,0,0,0,0,317548095,0,0,0,366524375,0,0,0,0,0,0,0,115261820,237452787,461701800,164451746304,63905713,0,0,0,0,0,0,0,0,0,0,0,0,0,0,0,0,0,0,0,0,0,0,0,0,0,0,0,0,0,0,0,251851453,0,0,0,0,0
1788889034.446,0,0,0,0,0,0,0,761753554,3890617825792,1853232382464,0,0,0,0,0,0,0,0,0,0,0,0,0,0,0,0,0,0,0,0,0,0,0,0,0,0,0,0,0,0,0,0,0,0,0,0,0,0,0,0,0,0,0,0,0,0,0,0,0,0,0,0,0,0,0,0,0,0,1038761,237621058,101261908,0,0,0,0,0,0,0,0,0,0,0,0,0,0,0,0,0,0,0,0,0,0,0,0,0,0,0,0,0,0,0,0,0,0,0,0,0,12883050496,5078777856,786320,309984,0,112,786432,236792683,0,0,3715945965,12884901888,109227802,429847917,0,0,0,0,0,0,0,0,0,0,0,0,0,0,0,0,0,0,24403150,24403344,0,97,97,6268,329,48806245,35,0,0,0,0,0,0,0,1,0,0,0,0,0,0,0,0,0,0,27441965,0,58066009,499203,0,0,0,0,0,0,0,0,16384,0,0,0,0,0,0,0,0,0,0,0,4143,612,0,0,0,0,0,74184234,0,302,0,27,612,4143,0,0,0,0,0,0,0,0,0,0,0,0,0,0,0,0,0,0,0,0,0,0,0,0,0,0,0,0,0,0,0,0,0,0,0,0,0,0,0,0,0,0,0,0,0,0,0,0,0,0,0,0,0,317585925,0,0,0,366562092,0,0,0,0,0,0,0,115292630,237490418,461765280,164471205888,63923808,0,0,0,0,0,0,0,0,0,0,0,0,0,0,0,0,0,0,0,0,0,0,0,0,0,0,0,0,0,0,0,251854119,0,0,0,0,0
1788889035.472,0,0,0,0,0,0,0,761838490,3891264125440,1853516197376,0,0,0,0,0,0,0,0,0,0,0,0,0,0,0,0,0,0,0,0,0,0,0,0,0,0,0,0,0,0,0,0,0,0,0,0,0,0,0,0,0,0,0,0,0,0,0,0,0,0,0,0,0,0,0,0,0,0,1038904,237660603,101277788,0,0,0,0,0,0,0,0,0,0,0,0,0,0,0,0,0,0,0,0,0,0,0,0,0,0,0,0,0,0,0,0,0,0,0,0,0,12883017728,5067259904,786317,309281,0,115,786432,236832110,0,0,3716364200,12884901888,109263033,429892065,0,0,0,0,0,0,0,0,0,0,0,0,0,0,0,0,0,0,24405955,24406143,0,97,97,6268,329,48811873,35,0,0,0,0,0,0,0,1,0,0,0,0,0,0,0,0,0,0,27445117,0,58069315,499230,0,0,0,0,0,0,0,0,16384,0,0,0,0,0,0,0,0,0,0,0,4144,612,0,0,0,0,0,74192758,0,302,0,27,612,4144,0,0,0,0,0,0,0,0,0,0,0,0,0,0,0,0,0,0,0,0,0,0,0,0,0,0,0,0,0,0,0,0,0,0,0,0,0,0,0,0,0,0,0,0,0,0,0,0,0,0,0,0,0,317625953,0,0,0,366601842,0,0,0,0,0,0,0,115322708,237529891,461833630,164491762688,63941037,0,1,0,0,0,0,0,0,0,0,0,0,0,0,0,0,0,0,0,0,0,0,0,0,0,0,0,0,0,0,0,251856920,0,0,0,0,0
1788889036.499,0,0,0,0,0,0,0,761930012,3891966654976,1853818535936,0,0,0,0,0,0,0,0,0,0,0,0,0,0,0,0,0,0,0,0,0,0,0,0,0,0,0,0,0,0,0,0,0,0,0,0,0,0,0,0,0,0,0,0,0,0,0,0,0,0,0,0,0,0,0,0,0,0,1039087,237703563,101294713,0,0,0,0,0,0,0,0,0,0,0,0,0,0,0,0,0,0,0,0,0,0,0,0,0,0,0,0,0,0,0,0,0,0,0,0,0,12883181568,5056692224,786327,308636,1,105,786432,236874972,0,0,3716816354,12884901888,109301686,429939794,0,0,0,0,0,0,0,0,0,0,0,0,0,0,0,0,0,0,24408976,24409166,0,97,97,6268,329,48817913,35,0,0,0,0,0,0,0,1,0,0,0,0,0,0,0,0,0,0,27448512,0,58072471,499256,0,0,0,0,0,0,0,0,16384,0,0,0,0,0,0,0,0,0,0,0,4145,612,0,0,0,0,0,74201919,0,302,0,27,612,4145,0,0,0,0,0,0,0,0,0,0,0,0,0,0,0,0,0,0,0,0,0,0,0,0,0,0,0,0,0,0,0,0,0,0,0,0,0,0,0,0,0,0,0,0,0,0,0,0,0,0,0,0,0,317668366,0,0,0,366644532,0,0,0,0,0,0,0,115354854,237572787,461906590,164513605120,63959113,1,0,0,0,0,0,0,0,0,0,0,0,0,0,0,0,0,0,0,0,0,0,0,0,0,0,0,0,0,0,0,251859939,0,0,0,0,0
1788889037.526,0,0,0,0,0,0,0,762012428,3892597144064,1854059041792,0,0,0,0,0,0,0,0,0,0,0,0,0,0,0,0,0,0,0,0,0,0,0,0,0,0,0,0,0,0,0,0,0,0,0,0,0,0,0,0,0,0,0,0,0,0,0,0,0,0,0,0,0,0,0,0,0,0,1039240,237742122,101307996,0,0,0,0,0,0,0,0,0,0,0,0,0,0,0,0,0,0,0,0,0,0,0,0,0,0,0,0,0,0,0,0,0,0,0,0,0,12878053376,5078679552,786014,309978,307,111,786432,236913428,0,0,3717223857,12884901888,109338438,429982725,0,0,0,0,0,0,0,0,0,0,0,0,0,0,0,0,0,0,24411696,24411889,0,97,97,6268,329,48823357,35,0,0,0,0,0,0,0,1,0,0,0,0,0,0,0,0,0,0,27451578,0,58072599,499260,0,0,0,0,0,0,0,0,16384,0,0,0,0,0,0,0,0,0,0,0,4146,612,0,0,0,0,0,74210198,0,302,0,27,612,4146,0,0,0,0,0,0,0,0,0,0,0,0,0,0,0,0,0,0,0,0,0,0,0,0,0,0,0,0,0,0,0,0,0,0,0,0,0,0,0,0,0,0,0,0,0,0,0,0,0,0,0,0,0,317706813,0,0,0,366683076,0,0,0,0,0,0,0,115385878,237611284,461971041,164533350400,63977324,1,0,0,0,0,0,0,0,0,0,0,0,0,0,0,0,0,0,0,0,0,0,0,0,0,0,0,0,0,0,0,251862665,0,0,0,0,0
1788889038.554,0,0,0,0,0,0,0,762104186,3893294545408,1854360249344,0,0,0,0,0,0,0,0,0,0,0,0,0,0,0,0,0,0,0,0,0,0,0,0,0,0,0,0,0,0,0,0,0,0,0,0,0,0,0,0,0,0,0,0,0,0,0,0,0,0,0,0,0,0,0,0,0,0,1039399,237784763,101324831,0,0,0,0,0,0,0,0,0,0,0,0,0,0,0,0,0,0,0,0,0,0,0,0,0,0,0,0,0,0,0,0,0,0,0,0,0,12883099648,5070192640,786322,309460,0,110,786432,236955968,0,0,3717676850,12884901888,109377100,430030558,0,0,0,0,0,0,0,0,0,0,0,0,0,0,0,0,0,0,24414744,24414936,0,97,97,6268,329,48829437,35,0,0,0,0,0,0,0,1,0,0,0,0,0,0,0,0,0,0,27455005,0,58075848,499284,0,0,0,0,0,0,0,0,16384,0,0,0,0,0,0,0,0,0,0,0,4147,612,0,0,0,0,0,74219465,0,302,0,27,612,4147,0,0,0,0,0,0,0,0,0,0,0,0,0,0,0,0,0,0,0,0,0,0,0,0,0,0,0,0,0,0,0,0,0,0,0,0,0,0,0,0,0,0,0,0,0,0,0,0,0,0,0,0,0,317749709,0,0,0,366726013,0,0,0,0,0,0,0,115417332,237653838,462044543,164555403776,63994642,0,0,0,0,0,0,0,0,0,0,0,0,0,0,0,0,0,0,0,0,0,0,0,0,0,0,0,0,0,0,0,251865714,0,0,0,0,0
1788889039.581,0,0,0,0,0,0,0,762191735,3893960243712,1854651959296,0,0,0,0,0,0,0,0,0,0,0,0,0,0,0,0,0,0,0,0,0,0,0,0,0,0,0,0,0,0,0,0,0,0,0,0,0,0,0,0,0,0,0,0,0,0,0,0,0,0,0,0,0,0,0,0,0,0,1039559,237825481,101341135,0,0,0,0,0,0,0,0,0,0,0,0,0,0,0,0,0,0,0,0,0,0,0,0,0,0,0,0,0,0,0,0,0,0,0,0,0,12882952192,5056790528,786314,308643,1,117,786432,236996583,0,0,3718109201,12884901888,109413265,430076084,0,0,0,0,0,0,0,0,0,0,0,0,0,0,0,0,0,0,24417634,24417829,0,97,97,6268,329,48835250,35,0,0,0,0,0,0,0,1,0,0,0,0,0,0,0,0,0,0,27458260,0,58079049,499311,0,0,0,0,0,0,0,0,16384,0,0,0,0,0,0,0,0,0,0,0,4148,612,0,0,0,0,0,74228250,0,302,0,27,612,4148,0,0,0,0,0,0,0,0,0,0,0,0,0,0,0,0,0,0,0,0,0,0,0,0,0,0,0,0,0,0,0,0,0,0,0,0,0,0,0,0,0,0,0,0,0,0,0,0,0,0,0,0,0,317790820,0,0,0,366766912,0,0,0,0,0,0,0,115447691,237694496,462114872,164576538112,64011696,0,0,0,0,0,0,0,0,0,0,0,0,0,0,0,0,0,0,0,0,0,0,0,0,0,0,0,0,0,0,0,251868607,0,0,0,0,0
1788889040.609,0,0,0,0,0,0,0,762283312,3894661315072,1854955369472,0,0,0,0,0,0,0,0,0,0,0,0,0,0,0,0,0,0,0,0,0,0,0,0,0,0,0,0,0,0,0,0,0,0,0,0,0,0,0,0,0,0,0,0,0,0,0,0,0,0,0,0,0,0,0,0,0,0,1039721,237868358,101358136,0,0,0,0,0,0,0,0,0,0,0,0,0,0,0,0,0,0,0,0,0,0,0,0,0,0,0,0,0,0,0,0,0,0,0,0,0,12883083264,5046583296,786321,308019,0,111,786432,237039364,0,0,3718561254,12884901888,109451852,430123643,0,0,0,0,0,0,0,0,0,0,0,0,0,0,0,0,0,0,24420653,24420848,0,97,97,6268,329,48841253,35,0,0,0,0,0,0,0,1,0,0,0,0,0,0,0,0,0,0,27461649,0,58082358,499337,0,0,0,0,0,0,0,0,16384,0,0,0,0,0,0,0,0,0,0,0,4149,612,0,0,0,0,0,74237412,0,302,0,27,612,4149,0,0,0,0,0,0,0,0,0,0,0,0,0,0,0,0,0,0,0,0,0,0,0,0,0,0,0,0,0,0,0,0,0,0,0,0,0,0,0,0,0,0,0,0,0,0,0,0,0,0,0,0,0,317833676,0,0,0,366809616,0,0,0,0,0,0,0,115478818,237737304,462188369,164598561792,64028771,0,1,0,0,0,0,0,0,0,0,0,0,0,0,0,0,0,0,0,0,0,0,0,0,0,0,0,0,0,0,0,251871619,0,0,0,0,0
1788889041.635,0,0,0,0,0,0,0,762371459,3895333272064,1855253891584,0,0,0,0,0,0,0,0,0,0,0,0,0,0,0,0,0,0,0,0,0,0,0,0,0,0,0,0,0,0,0,0,0,0,0,0,0,0,0,0,0,0,0,0,0,0,0,0,0,0,0,0,0,0,0,0,0,0,1039899,237909457,101374863,0,0,0,0,0,0,0,0,0,0,0,0,0,0,0,0,0,0,0,0,0,0,0,0,0,0,0,0,0,0,0,0,0,0,0,0,0,12880281600,5031395328,786150,307092,165,117,786432,237080362,0,0,3718996455,12884901888,109489039,430169750,0,0,0,0,0,0,0,0,0,0,0,0,0,0,0,0,0,0,24423562,24423749,0,97,97,6268,329,48847083,35,0,0,0,0,0,0,0,1,0,0,0,0,0,0,0,0,0,0,27464919,0,58085717,499364,0,0,0,0,0,0,0,0,16384,0,0,0,0,0,0,0,0,0,0,0,4150,612,0,0,0,0,0,74246263,0,302,0,27,612,4150,0,0,0,0,0,0,0,0,0,0,0,0,0,0,0,0,0,0,0,0,0,0,0,0,0,0,0,0,0,0,0,0,0,0,0,0,0,0,0,0,0,0,0,0,0,0,0,0,0,0,0,0,0,317875150,0,0,0,366850835,0,0,0,0,0,0,0,115509213,237778331,462259796,164619893760,64045523,1,0,0,0,0,0,0,0,0,0,0,0,0,0,0,0,0,0,0,0,0,0,0,0,0,0,0,0,0,0,0,251874527,0,0,0,0,0
1788889042.663,0,0,0,0,0,0,0,762452132,3895945181696,1855486854656,0,0,0,0,0,0,0,0,0,0,0,0,0,0,0,0,0,0,0,0,0,0,0,0,0,0,0,0,0,0,0,0,0,0,0,0,0,0,0,0,0,0,0,0,0,0,0,0,0,0,0,0,0,0,0,0,0,0,1040049,237946880,101387705,0,0,0,0,0,0,0,0,0,0,0,0,0,0,0,0,0,0,0,0,0,0,0,0,0,0,0,0,0,0,0,0,0,0,0,0,0,12883034112,5054840832,786318,308523,0,114,786432,237117697,0,0,3719394699,12884901888,109525098,430211809,0,0,0,0,0,0,0,0,0,0,0,0,0,0,0,0,0,0,24426248,24426434,0,97,97,6268,329,48852461,35,0,0,0,0,0,0,0,1,0,0,0,0,0,0,0,0,0,0,27467938,0,58085845,499365,0,0,0,0,0,0,0,0,16384,0,0,0,0,0,0,0,0,0,0,0,4151,612,0,0,0,0,0,74254436,0,302,0,27,612,4151,0,0,0,0,0,0,0,0,0,0,0,0,0,0,0,0,0,0,0,0,0,0,0,0,0,0,0,0,0,0,0,0,0,0,0,0,0,0,0,0,0,0,0,0,0,0,0,0,0,0,0,0,0,317912927,0,0,0,366888584,0,0,0,0,0,0,0,115540164,237815705,462323017,164639313920,64063800,1,0,0,0,0,0,0,0,0,0,0,0,0,0,0,0,0,0,0,0,0,0,0,0,0,0,0,0,0,0,0,251877213,0,0,0,0,0
1788889043.691,0,0,0,0,0,0,0,762548009,3896673303040,1855799623168,0,0,0,0,0,0,0,0,0,0,0,0,0,0,0,0,0,0,0,0,0,0,0,0,0,0,0,0,0,0,0,0,0,0,0,0,0,0,0,0,0,0,0,0,0,0,0,0,0,0,0,0,0,0,0,0,0,0,1040253,237991426,101405177,0,0,0,0,0,0,0,0,0,0,0,0,0,0,0,0,0,0,0,0,0,0,0,0,0,0,0,0,0,0,0,0,0,0,0,0,0,12883181568,5047386112,786327,308068,0,106,786432,237162132,0,0,3719866364,12884901888,109565538,430262032,0,0,0,0,0,0,0,0,0,0,0,0,0,0,0,0,0,0,24429427,24429616,0,97,97,6268,329,48858807,35,0,0,0,0,0,0,0,1,0,0,0,0,0,0,0,0,0,0,27471517,0,58089196,499392,0,0,0,0,0,0,0,0,16384,0,0,0,0,0,0,0,0,0,0,0,4152,612,0,0,0,0,0,74264102,0,302,0,27,612,4152,0,0,0,0,0,0,0,0,0,0,0,0,0,0,0,0,0,0,0,0,0,0,0,0,0,0,0,0,0,0,0,0,0,0,0,0,0,0,0,0,0,0,0,0,0,0,0,0,0,0,0,0,0,317957573,0,0,0,366933349,0,0,0,0,0,0,0,115571868,237860158,462399104,164662291456,64081077,1,0,0,0,0,0,0,0,0,0,0,0,0,0,0,0,0,0,0,0,0,0,0,0,0,0,0,0,0,0,0,251880395,0,0,0,0,0
1788889044.719,0,0,0,0,0,0,0,762634256,3897329039872,1856085596672,0,0,0,0,0,0,0,0,0,0,0,0,0,0,0,0,0,0,0,0,0,0,0,0,0,0,0,0,0,0,0,0,0,0,0,0,0,0,0,0,0,0,0,0,0,0,0,0,0,0,0,0,0,0,0,0,0,0,1040388,238031507,101421200,0,0,0,0,0,0,0,0,0,0,0,0,0,0,0,0,0,0,0,0,0,0,0,0,0,0,0,0,0,0,0,0,0,0,0,0,0,12882935808,5035655168,786312,307352,0,120,786432,237202117,0,0,3720292224,12884901888,109601508,430306747,0,0,0,0,0,0,0,0,0,0,0,0,0,0,0,0,0,0,24432277,24432463,0,97,97,6268,329,48864508,35,0,0,0,0,0,0,0,1,0,0,0,0,0,0,0,0,0,0,27474720,0,58092429,499418,0,0,0,0,0,0,0,0,16384,0,0,0,0,0,0,0,0,0,0,0,4154,612,0,0,0,0,0,74272747,0,302,0,27,612,4154,0,0,0,0,0,0,0,0,0,0,0,0,0,0,0,0,0,0,0,0,0,0,0,0,0,0,0,0,0,0,0,0,0,0,0,0,0,0,0,0,0,0,0,0,0,0,0,0,0,0,0,0,0,317997280,0,0,0,366973584,0,0,0,0,0,0,0,115601646,237900194,462467537,164682694144,64097785,0,1,0,0,0,0,0,0,0,0,0,0,0,0,0,0,0,0,0,0,0,0,0,0,0,0,0,0,0,0,0,251883241,0,0,0,0,0
1788889045.746,0,0,0,0,0,0,0,762716137,3897950124544,1856359492608,0,0,0,0,0,0,0,0,0,0,0,0,0,0,0,0,0,0,0,0,0,0,0,0,0,0,0,0,0,0,0,0,0,0,0,0,0,0,0,0,0,0,0,0,0,0,0,0,0,0,0,0,0,0,0,0,0,0,1040524,238069501,101436547,0,0,0,0,0,0,0,0,0,0,0,0,0,0,0,0,0,0,0,0,0,0,0,0,0,0,0,0,0,0,0,0,0,0,0,0,0,12881035264,5021663232,786196,306498,117,119,786432,237240024,0,0,3720696516,12884901888,109635705,430349236,0,0,0,0,0,0,0,0,0,0,0,0,0,0,0,0,0,0,24434989,24435181,0,97,97,6268,329,48869952,35,0,0,0,0,0,0,0,1,0,0,0,0,0,0,0,0,0,0,27477778,0,58095423,499444,0,0,0,0,0,0,0,0,16384,0,0,0,0,0,0,0,0,0,0,0,4155,612,0,0,0,0,0,74281020,0,302,0,27,612,4155,0,0,0,0,0,0,0,0,0,0,0,0,0,0,0,0,0,0,0,0,0,0,0,0,0,0,0,0,0,0,0,0,0,0,0,0,0,0,0,0,0,0,0,0,0,0,0,0,0,0,0,0,0,318035276,0,0,0,367011884,0,0,0,0,0,0,0,115630898,237938138,462532910,164702209536,64114640,1,0,0,0,0,0,0,0,0,0,0,0,0,0,0,0,0,0,0,0,0,0,0,0,0,0,0,0,0,0,0,251885959,0,0,0,0,0
1788889046.774,0,0,0,0,0,0,0,762797693,3898567047680,1856594658304,0,0,0,0,0,0,0,0,0,0,0,0,0,0,0,0,0,0,0,0,0,0,0,0,0,0,0,0,0,0,0,0,0,0,0,0,0,0,0,0,0,0,0,0,0,0,0,0,0,0,0,0,0,0,0,0,0,0,1040678,238107197,101449520,0,0,0,0,0,0,0,0,0,0,0,0,0,0,0,0,0,0,0,0,0,0,0,0,0,0,0,0,0,0,0,0,0,0,0,0,0,12883034112,5044207616,786318,307874,0,113,786432,237277631,0,0,3721099014,12884901888,109672096,430391707,0,0,0,0,0,0,0,0,0,0,0,0,0,0,0,0,0,0,24437703,24437892,0,97,97,6268,329,48875361,35,0,0,0,0,0,0,0,1,0,0,0,0,0,0,0,0,0,0,27480826,0,58095918,499446,0,0,0,0,0,0,0,0,16384,0,0,0,0,0,0,0,0,0,0,0,4156,612,0,0,0,0,0,74289279,0,302,0,27,612,4156,0,0,0,0,0,0,0,0,0,0,0,0,0,0,0,0,0,0,0,0,0,0,0,0,0,0,0,0,0,0,0,0,0,0,0,0,0,0,0,0,0,0,0,0,0,0,0,0,0,0,0,0,0,318073415,0,0,0,367050006,0,0,0,0,0,0,0,115661659,237975807,462596630,164721841664,64132681,1,0,0,0,0,0,0,0,0,0,0,0,0,0,0,0,0,0,0,0,0,0,0,0,0,0,0,0,0,0,0,251888670,0,0,0,0,0
1788889047.801,0,0,0,0,0,0,0,762895042,3899304983040,1856914832896,0,0,0,0,0,0,0,0,0,0,0,0,0,0,0,0,0,0,0,0,0,0,0,0,0,0,0,0,0,0,0,0,0,0,0,0,0,0,0,0,0,0,0,0,0,0,0,0,0,0,0,0,0,0,0,0,0,0,1040849,238152356,101467404,0,0,0,0,0,0,0,0,0,0,0,0,0,0,0,0,0,0,0,0,0,0,0,0,0,0,0,0,0,0,0,0,0,0,0,0,0,12883050496,5033312256,786319,307209,0,113,786432,237322665,0,0,3721579099,12884901888,109711550,430442315,0,0,0,0,0,0,0,0,0,0,0,0,0,0,0,0,0,0,24440914,24441103,0,97,97,6268,329,48881797,35,0,0,0,0,0,0,0,1,0,0,0,0,0,0,0,0,0,0,27484440,0,58099690,499477,0,0,0,0,0,0,0,0,16384,0,0,0,0,0,0,0,0,0,0,0,4157,612,0,0,0,0,0,74299039,0,302,0,27,612,4157,0,0,0,0,0,0,0,0,0,0,0,0,0,0,0,0,0,0,0,0,0,0,0,0,0,0,0,0,0,0,0,0,0,0,0,0,0,0,0,0,0,0,0,0,0,0,0,0,0,0,0,0,0,318119254,0,0,0,367095492,0,0,0,0,0,0,0,115692206,238020884,462674338,164745427968,64148827,1,0,0,0,0,0,0,0,0,0,0,0,0,0,0,0,0,0,0,0,0,0,0,0,0,0,0,0,0,0,0,251891883,0,0,0,0,0
1788889048.828,0,0,0,0,0,0,0,762971799,3899888417280,1857139072000,0,0,0,0,0,0,0,0,0,0,0,0,0,0,0,0,0,0,0,0,0,0,0,0,0,0,0,0,0,0,0,0,0,0,0,0,0,0,0,0,0,0,0,0,0,0,0,0,0,0,0,0,0,0,0,0,0,0,1040986,238188045,101479786,0,0,0,0,0,0,0,0,0,0,0,0,0,0,0,0,0,0,0,0,0,0,0,0,0,0,0,0,0,0,0,0,0,0,0,0,0,12882903040,5055053824,786310,308536,0,122,786432,237358276,0,0,3721956668,12884901888,109746280,430482335,0,0,0,0,0,0,0,0,0,0,0,0,0,0,0,0,0,0,24443449,24443641,0,97,97,6268,329,48886851,35,0,0,0,0,0,0,0,1,0,0,0,0,0,0,0,0,0,0,27487294,0,58099818,499478,0,0,0,0,0,0,0,0,16384,0,0,0,0,0,0,0,0,0,0,0,4158,612,0,0,0,0,0,74306753,0,302,0,27,612,4158,0,0,0,0,0,0,0,0,0,0,0,0,0,0,0,0,0,0,0,0,0,0,0,0,0,0,0,0,0,0,0,0,0,0,0,0,0,0,0,0,0,0,0,0,0,0,0,0,0,0,0,0,0,318155136,0,0,0,367131357,0,0,0,0,0,0,0,115719550,238056525,462734766,164763907072,64163941,0,0,0,0,0,0,0,0,0,0,0,0,0,0,0,0,0,0,0,0,0,0,0,0,0,0,0,0,0,0,0,251894421,0,0,0,0,0
1788889049.854,0,0,0,0,0,0,0,763053174,3900508011008,1857410876416,0,0,0,0,0,0,0,0,0,0,0,0,0,0,0,0,0,0,0,0,0,0,0,0,0,0,0,0,0,0,0,0,0,0,0,0,0,0,0,0,0,0,0,0,0,0,0,0,0,0,0,0,0,0,0,0,0,0,1041132,238225892,101494918,0,0,0,0,0,0,0,0,0,0,0,0,0,0,0,0,0,0,0,0,0,0,0,0,0,0,0,0,0,0,0,0,0,0,0,0,0,12883738624,5044846592,786361,307913,0,70,786432,237396027,0,0,3722358878,12884901888,109781697,430524730,0,0,0,0,0,0,0,0,0,0,0,0,0,0,0,0,0,0,24446147,24446337,0,97,97,6268,329,48892265,35,0,0,0,0,0,0,0,1,0,0,0,0,0,0,0,0,0,0,27490328,0,58102333,499498,0,0,0,0,0,0,0,0,16384,0,0,0,0,0,0,0,0,0,0,0,4159,612,0,0,0,0,0,74314950,0,302,0,27,612,4159,0,0,0,0,0,0,0,0,0,0,0,0,0,0,0,0,0,0,0,0,0,0,0,0,0,0,0,0,0,0,0,0,0,0,0,0,0,0,0,0,0,0,0,0,0,0,0,0,0,0,0,0,0,318193249,0,0,0,367169495,0,0,0,0,0,0,0,115747906,238094362,462800688,164783463936,64179449,1,0,0,0,0,0,0,0,0,0,0,0,0,0,0,0,0,0,0,0,0,0,0,0,0,0,0,0,0,0,0,251897116,0,0,0,0,0
1788889050.882,0,0,0,0,0,0,0,763137509,3901150837248,1857661090304,0,0,0,0,0,0,0,0,0,0,0,0,0,0,0,0,0,0,0,0,0,0,0,0,0,0,0,0,0,0,0,0,0,0,0,0,0,0,0,0,0,0,0,0,0,0,0,0,0,0,0,0,0,0,0,0,0,0,1041292,238265225,101508841,0,0,0,0,0,0,0,0,0,0,0,0,0,0,0,0,0,0,0,0,0,0,0,0,0,0,0,0,0,0,0,0,0,0,0,0,0,12883034112,5060657152,786318,308878,0,114,786432,237435252,0,0,3722775272,12884901888,109818274,430568577,0,0,0,0,0,0,0,0,0,0,0,0,0,0,0,0,0,0,24448932,24449121,0,97,97,6268,329,48897817,35,0,0,0,0,0,0,0,1,0,0,0,0,0,0,0,0,0,0,27493459,0,58103254,499506,0,0,0,0,0,0,0,0,16384,0,0,0,0,0,0,0,0,0,0,0,4160,612,0,0,0,0,0,74323423,0,302,0,27,612,4160,0,0,0,0,0,0,0,0,0,0,0,0,0,0,0,0,0,0,0,0,0,0,0,0,0,0,0,0,0,0,0,0,0,0,0,0,0,0,0,0,0,0,0,0,0,0,0,0,0,0,0,0,0,318232841,0,0,0,367208774,0,0,0,0,0,0,0,115777526,238133607,462866949,164803833856,64196012,1,0,0,0,0,0,0,0,0,0,0,0,0,0,0,0,0,0,0,0,0,0,0,0,0,0,0,0,0,0,0,251899901,0,0,0,0,0
1788889051.909,0,0,0,0,0,0,0,763221827,3901787437568,1857941037568,0,0,0,0,0,0,0,0,0,0,0,0,0,0,0,0,0,0,0,0,0,0,0,0,0,0,0,0,0,0,0,0,0,0,0,0,0,0,0,0,0,0,0,0,0,0,0,0,0,0,0,0,0,0,0,0,0,0,1041449,238304159,101524505,0,0,0,0,0,0,0,0,0,0,0,0,0,0,0,0,0,0,0,0,0,0,0,0,0,0,0,0,0,0,0,0,0,0,0,0,0,12883066880,5047058432,786320,308048,0,112,786432,237474104,0,0,3723191432,12884901888,109853342,430612479,0,0,0,0,0,0,0,0,0,0,0,0,0,0,0,0,0,0,24451730,24451919,0,97,97,6268,329,48903415,35,0,0,0,0,0,0,0,1,0,0,0,0,0,0,0,0,0,0,27496607,0,58106462,499534,0,0,0,0,0,0,0,0,16384,0,0,0,0,0,0,0,0,0,0,0,4161,612,0,0,0,0,0,74331942,0,302,0,27,612,4161,0,0,0,0,0,0,0,0,0,0,0,0,0,0,0,0,0,0,0,0,0,0,0,0,0,0,0,0,0,0,0,0,0,0,0,0,0,0,0,0,0,0,0,0,0,0,0,0,0,0,0,0,0,318272444,0,0,0,367248215,0,0,0,0,0,0,0,115808426,238172488,462934576,164824184832,64214093,1,0,0,0,0,0,0,0,0,0,0,0,0,0,0,0,0,0,0,0,0,0,0,0,0,0,0,0,0,0,0,251902699,0,0,0,0,0
1788889052.937,0,0,0,0,0,0,0,763299884,3902380145152,1858169448960,0,0,0,0,0,0,0,0,0,0,0,0,0,0,0,0,0,0,0,0,0,0,0,0,0,0,0,0,0,0,0,0,0,0,0,0,0,0,0,0,0,0,0,0,0,0,0,0,0,0,0,0,0,0,0,0,0,0,1041596,238340394,101537088,0,0,0,0,0,0,0,0,0,0,0,0,0,0,0,0,0,0,0,0,0,0,0,0,0,0,0,0,0,0,0,0,0,0,0,0,0,12882870272,5067948032,786308,309323,2,122,786432,237510262,0,0,3723574632,12884901888,109888576,430653131,0,0,0,0,0,0,0,0,0,0,0,0,0,0,0,0,0,0,24454307,24454498,0,97,97,6268,329,48908575,35,0,0,0,0,0,0,0,1,0,0,0,0,0,0,0,0,0,0,27499508,0,58106590,499536,0,0,0,0,0,0,0,0,16384,0,0,0,0,0,0,0,0,0,0,0,4162,612,0,0,0,0,0,74339773,0,302,0,27,612,4162,0,0,0,0,0,0,0,0,0,0,0,0,0,0,0,0,0,0,0,0,0,0,0,0,0,0,0,0,0,0,0,0,0,0,0,0,0,0,0,0,0,0,0,0,0,0,0,0,0,0,0,0,0,318308350,0,0,0,367284688,0,0,0,0,0,0,0,115838499,238208681,462995392,164842676736,64231818,0,0,0,0,0,0,0,0,0,0,0,0,0,0,0,0,0,0,0,0,0,0,0,0,0,0,0,0,0,0,0,251905277,0,0,0,0,0
1788889053.965,0,0,0,0,0,0,0,763387315,3903041501696,1858457600512,0,0,0,0,0,0,0,0,0,0,0,0,0,0,0,0,0,0,0,0,0,0,0,0,0,0,0,0,0,0,0,0,0,0,0,0,0,0,0,0,0,0,0,0,0,0,0,0,0,0,0,0,0,0,0,0,0,0,1041757,238380852,101553255,0,0,0,0,0,0,0,0,0,0,0,0,0,0,0,0,0,0,0,0,0,0,0,0,0,0,0,0,0,0,0,0,0,0,0,0,0,12882919424,5058068480,786311,308720,0,121,786432,237550612,0,0,3724006443,12884901888,109925066,430698741,0,0,0,0,0,0,0,0,0,0,0,0,0,0,0,0,0,0,24457190,24457381,0,97,97,6268,329,48914344,35,0,0,0,0,0,0,0,1,0,0,0,0,0,0,0,0,0,0,27502751,0,58109854,499563,0,0,0,0,0,0,0,0,16384,0,0,0,0,0,0,0,0,0,0,0,4163,612,0,0,0,0,0,74348543,0,302,0,27,612,4163,0,0,0,0,0,0,0,0,0,0,0,0,0,0,0,0,0,0,0,0,0,0,0,0,0,0,0,0,0,0,0,0,0,0,0,0,0,0,0,0,0,0,0,0,0,0,0,0,0,0,0,0,0,318349409,0,0,0,367325525,0,0,0,0,0,0,0,115868588,238249058,463065393,164863836672,64248653,1,0,0,0,0,0,0,0,0,0,0,0,0,0,0,0,0,0,0,0,0,0,0,0,0,0,0,0,0,0,0,251908161,0,0,0,0,0
1788889054.992,0,0,0,0,0,0,0,763475811,3903716047360,1858752791552,0,0,0,0,0,0,0,0,0,0,0,0,0,0,0,0,0,0,0,0,0,0,0,0,0,0,0,0,0,0,0,0,0,0,0,0,0,0,0,0,0,0,0,0,0,0,0,0,0,0,0,0,0,0,0,0,0,0,1041918,238422100,101569786,0,0,0,0,0,0,0,0,0,0,0,0,0,0,0,0,0,0,0,0,0,0,0,0,0,0,0,0,0,0,0,0,0,0,0,0,0,12882984960,5045633024,786315,307961,0,117,786432,237591752,0,0,3724442926,12884901888,109961862,430745003,0,0,0,0,0,0,0,0,0,0,0,0,0,0,0,0,0,0,24460119,24460310,0,97,97,6268,329,48920205,35,0,0,0,0,0,0,0,1,0,0,0,0,0,0,0,0,0,0,27506046,0,58113267,499592,0,0,0,0,0,0,0,0,16384,0,0,0,0,0,0,0,0,0,0,0,4164,612,0,0,0,0,0,74357449,0,302,0,27,612,4164,0,0,0,0,0,0,0,0,0,0,0,0,0,0,0,0,0,0,0,0,0,0,0,0,0,0,0,0,0,0,0,0,0,0,0,0,0,0,0,0,0,0,0,0,0,0,0,0,0,0,0,0,0,318390152,0,0,0,367366944,0,0,0,0,0,0,0,115899031,238290241,463135713,164884858368,64265654,0,1,0,0,0,0,0,0,0,0,0,0,0,0,0,0,0,0,0,0,0,0,0,0,0,0,0,0,0,0,0,251911090,0,0,0,0,0
1788889056.020,0,0,0,0,0,0,0,763555544,3904324762112,1858984476160,0,0,0,0,0,0,0,0,0,0,0,0,0,0,0,0,0,0,0,0,0,0,0,0,0,0,0,0,0,0,0,0,0,0,0,0,0,0,0,0,0,0,0,0,0,0,0,0,0,0,0,0,0,0,0,0,0,0,1042076,238459319,101582567,0,0,0,0,0,0,0,0,0,0,0,0,0,0,0,0,0,0,0,0,0,0,0,0,0,0,0,0,0,0,0,0,0,0,0,0,0,12883001344,5068210176,786316,309339,0,116,786432,237628875,0,0,3724836444,12884901888,109998066,430786524,0,0,0,0,0,0,0,0,0,0,0,0,0,0,0,0,0,0,24462742,24462932,0,97,97,6268,329,48925450,35,0,0,0,0,0,0,0,1,0,0,0,0,0,0,0,0,0,0,27508993,0,58113395,499593,0,0,0,0,0,0,0,0,16384,0,0,0,0,0,0,0,0,0,0,0,4165,612,0,0,0,0,0,74365428,0,302,0,27,612,4165,0,0,0,0,0,0,0,0,0,0,0,0,0,0,0,0,0,0,0,0,0,0,0,0,0,0,0,0,0,0,0,0,0,0,0,0,0,0,0,0,0,0,0,0,0,0,0,0,0,0,0,0,0,318427380,0,0,0,367404129,0,0,0,0,0,0,0,115929873,238327405,463198274,164904003584,64283878,1,1,0,0,0,0,0,0,0,0,0,0,0,0,0,0,0,0,0,0,0,0,0,0,0,0,0,0,0,0,0,251913710,0,0,0,0,0
1788889057.047,0,0,0,0,0,0,0,763642084,3904982776320,1859274383872,0,0,0,0,0,0,0,0,0,0,0,0,0,0,0,0,0,0,0,0,0,0,0,0,0,0,0,0,0,0,0,0,0,0,0,0,0,0,0,0,0,0,0,0,0,0,0,0,0,0,0,0,0,0,0,0,0,0,1042237,238499569,101598808,0,0,0,0,0,0,0,0,0,0,0,0,0,0,0,0,0,0,0,0,0,0,0,0,0,0,0,0,0,0,0,0,0,0,0,0,0,12883034112,5052497920,786317,308380,0,114,786432,237669028,0,0,3725263375,12884901888,110034017,430831604,0,0,0,0,0,0,0,0,0,0,0,0,0,0,0,0,0,0,24465610,24465802,0,97,97,6268,329,48931180,35,0,0,0,0,0,0,0,1,0,0,0,0,0,0,0,0,0,0,27512223,0,58116724,499622,0,0,0,0,0,0,0,0,16384,0,0,0,0,0,0,0,0,0,0,0,4166,612,0,0,0,0,0,74374174,0,302,0,27,612,4166,0,0,0,0,0,0,0,0,0,0,0,0,0,0,0,0,0,0,0,0,0,0,0,0,0,0,0,0,0,0,0,0,0,0,0,0,0,0,0,0,0,0,0,0,0,0,0,0,0,0,0,0,0,318467717,0,0,0,367444531,0,0,0,0,0,0,0,115960477,238367596,463267672,164924784128,64301263,1,0,0,0,0,0,0,0,0,0,0,0,0,0,0,0,0,0,0,0,0,0,0,0,0,0,0,0,0,0,0,251916582,0,0,0,0,0
1788889058.075,0,0,0,0,0,0,0,763721030,3905584527872,1859505098752,0,0,0,0,0,0,0,0,0,0,0,0,0,0,0,0,0,0,0,0,0,0,0,0,0,0,0,0,0,0,0,0,0,0,0,0,0,0,0,0,0,0,0,0,0,0,0,0,0,0,0,0,0,0,0,0,0,0,1042370,238536370,101611556,0,0,0,0,0,0,0,0,0,0,0,0,0,0,0,0,0,0,0,0,0,0,0,0,0,0,0,0,0,0,0,0,0,0,0,0,0,12882935808,5072650240,786312,309610,0,120,786432,237705737,0,0,3725653134,12884901888,110069787,430872614,0,0,0,0,0,0,0,0,0,0,0,0,0,0,0,0,0,0,24468218,24468409,0,97,97,6268,329,48936410,35,0,0,0,0,0,0,0,1,0,0,0,0,0,0,0,0,0,0,27515156,0,58116852,499623,0,0,0,0,0,0,0,0,16384,0,0,0,0,0,0,0,0,0,0,0,4167,612,0,0,0,0,0,74382106,0,302,0,27,612,4167,0,0,0,0,0,0,0,0,0,0,0,0,0,0,0,0,0,0,0,0,0,0,0,0,0,0,0,0,0,0,0,0,0,0,0,0,0,0,0,0,0,0,0,0,0,0,0,0,0,0,0,0,0,318504587,0,0,0,367481447,0,0,0,0,0,0,0,115990915,238404334,463329761,164943721472,64319106,0,0,0,0,0,0,0,0,0,0,0,0,0,0,0,0,0,0,0,0,0,0,0,0,0,0,0,0,0,0,0,251919188,0,0,0,0,0
1788889059.102,0,0,0,0,0,0,0,763814055,3906294708736,1859814886912,0,0,0,0,0,0,0,0,0,0,0,0,0,0,0,0,0,0,0,0,0,0,0,0,0,0,0,0,0,0,0,0,0,0,0,0,0,0,0,0,0,0,0,0,0,0,0,0,0,0,0,0,0,0,0,0,0,0,1042565,238579788,101628905,0,0,0,0,0,0,0,0,0,0,0,0,0,0,0,0,0,0,0,0,0,0,0,0,0,0,0,0,0,0,0,0,0,0,0,0,0,12882788352,5059657728,786303,308817,0,127,786432,237749038,0,0,3726112640,12884901888,110109140,430921210,0,0,0,0,0,0,0,0,0,0,0,0,0,0,0,0,0,0,24471294,24471486,0,97,97,6268,329,48942550,35,0,0,0,0,0,0,0,1,0,0,0,0,0,0,0,0,0,0,27518616,0,58120071,499651,0,0,0,0,0,0,0,0,16384,0,0,0,0,0,0,0,0,0,0,0,4168,612,0,0,0,0,0,74391476,0,302,0,27,612,4168,0,0,0,0,0,0,0,0,0,0,0,0,0,0,0,0,0,0,0,0,0,0,0,0,0,0,0,0,0,0,0,0,0,0,0,0,0,0,0,0,0,0,0,0,0,0,0,0,0,0,0,0,0,318547338,0,0,0,367524813,0,0,0,0,0,0,0,116022862,238447700,463403874,164965727232,64336593,1,0,0,0,0,0,0,0,0,0,0,0,0,0,0,0,0,0,0,0,0,0,0,0,0,0,0,0,0,0,0,251922265,0,0,0,0,0
1788889060.130,0,0,0,0,0,0,0,763901688,3906961979904,1860108232704,0,0,0,0,0,0,0,0,0,0,0,0,0,0,0,0,0,0,0,0,0,0,0,0,0,0,0,0,0,0,0,0,0,0,0,0,0,0,0,0,0,0,0,0,0,0,0,0,0,0,0,0,0,0,0,0,0,0,1042716,238620610,101645338,0,0,0,0,0,0,0,0,0,0,0,0,0,0,0,0,0,0,0,0,0,0,0,0,0,0,0,0,0,0,0,0,0,0,0,0,0,12883017728,5047812096,786317,308094,0,115,786432,237789745,0,0,3726544998,12884901888,110145693,430966882,0,0,0,0,0,0,0,0,0,0,0,0,0,0,0,0,0,0,24474190,24474384,0,97,97,6268,329,48948342,35,0,0,0,0,0,0,0,1,0,0,0,0,0,0,0,0,0,0,27521875,0,58123444,499680,0,0,0,0,0,0,0,0,16384,0,0,0,0,0,0,0,0,0,0,0,4169,612,0,0,0,0,0,74400287,0,302,0,27,612,4169,0,0,0,0,0,0,0,0,0,0,0,0,0,0,0,0,0,0,0,0,0,0,0,0,0,0,0,0,0,0,0,0,0,0,0,0,0,0,0,0,0,0,0,0,0,0,0,0,0,0,0,0,0,318588186,0,0,0,367565823,0,0,0,0,0,0,0,116052698,238488461,463474130,164986745344,64353127,0,0,0,0,0,0,0,0,0,0,0,0,0,0,0,0,0,0,0,0,0,0,0,0,0,0,0,0,0,0,0,251925164,0,0,0,0,0
1788889061.158,0,0,0,0,0,0,0,763978182,3907543710208,1860330029568,0,0,0,0,0,0,0,0,0,0,0,0,0,0,0,0,0,0,0,0,0,0,0,0,0,0,0,0,0,0,0,0,0,0,0,0,0,0,0,0,0,0,0,0,0,0,0,0,0,0,0,0,0,0,0,0,0,0,1042840,238656188,101657590,0,0,0,0,0,0,0,0,0,0,0,0,0,0,0,0,0,0,0,0,0,0,0,0,0,0,0,0,0,0,0,0,0,0,0,0,0,12882952192,5068341248,786313,309347,0,119,786432,237825263,0,0,3726922766,12884901888,110180309,431006488,0,0,0,0,0,0,0,0,0,0,0,0,0,0,0,0,0,0,24476724,24476910,0,97,97,6268,329,48953413,35,0,0,0,0,0,0,0,1,0,0,0,0,0,0,0,0,0,0,27524717,0,58123572,499681,0,0,0,0,0,0,0,0,16384,0,0,0,0,0,0,0,0,0,0,0,4170,612,0,0,0,0,0,74407976,0,302,0,27,612,4170,0,0,0,0,0,0,0,0,0,0,0,0,0,0,0,0,0,0,0,0,0,0,0,0,0,0,0,0,0,0,0,0,0,0,0,0,0,0,0,0,0,0,0,0,0,0,0,0,0,0,0,0,0,318623277,0,0,0,367601556,0,0,0,0,0,0,0,116082173,238523999,463533519,165004793344,64370510,1,0,0,0,0,0,0,0,0,0,0,0,0,0,0,0,0,0,0,0,0,0,0,0,0,0,0,0,0,0,0,251927690,0,0,0,0,0
1788889062.185,0,0,0,0,0,0,0,764063413,3908193106432,1860618330624,0,0,0,0,0,0,0,0,0,0,0,0,0,0,0,0,0,0,0,0,0,0,0,0,0,0,0,0,0,0,0,0,0,0,0,0,0,0,0,0,0,0,0,0,0,0,0,0,0,0,0,0,0,0,0,0,0,0,1043002,238695908,101673740,0,0,0,0,0,0,0,0,0,0,0,0,0,0,0,0,0,0,0,0,0,0,0,0,0,0,0,0,0,0,0,0,0,0,0,0,0,12883148800,5053661184,786324,308451,0,109,786432,237864870,0,0,3727341859,12884901888,110216209,431051087,0,0,0,0,0,0,0,0,0,0,0,0,0,0,0,0,0,0,24479547,24479739,0,97,97,6268,329,48959052,35,0,0,0,0,0,0,0,1,0,0,0,0,0,0,0,0,0,0,27527899,0,58126716,499708,0,0,0,0,0,0,0,0,16384,0,0,0,0,0,0,0,0,0,0,0,4171,612,0,0,0,0,0,74416586,0,302,0,27,612,4171,0,0,0,0,0,0,0,0,0,0,0,0,0,0,0,0,0,0,0,0,0,0,0,0,0,0,0,0,0,0,0,0,0,0,0,0,0,0,0,0,0,0,0,0,0,0,0,0,0,0,0,0,0,318663525,0,0,0,367641488,0,0,0,0,0,0,0,116111943,238563658,463602804,165025498112,64386986,0,0,0,0,0,0,0,0,0,0,0,0,0,0,0,0,0,0,0,0,0,0,0,0,0,0,0,0,0,0,0,251930519,0,0,0,0,0
1788889063.213,0,0,0,0,0,0,0,764144424,3908810209792,1860853494784,0,0,0,0,0,0,0,0,0,0,0,0,0,0,0,0,0,0,0,0,0,0,0,0,0,0,0,0,0,0,0,0,0,0,0,0,0,0,0,0,0,0,0,0,0,0,0,0,0,0,0,0,0,0,0,0,0,0,1043164,238733665,101686709,0,0,0,0,0,0,0,0,0,0,0,0,0,0,0,0,0,0,0,0,0,0,0,0,0,0,0,0,0,0,0,0,0,0,0,0,0,12883230720,5078056960,786330,309939,0,102,786432,237902546,0,0,3727742120,12884901888,110252765,431093337,0,0,0,0,0,0,0,0,0,0,0,0,0,0,0,0,0,0,24482206,24482397,0,97,97,6268,329,48964383,35,0,0,0,0,0,0,0,1,0,0,0,0,0,0,0,0,0,0,27530889,0,58126972,499710,0,0,0,0,0,0,0,0,16384,0,0,0,0,0,0,0,0,0,0,0,4172,612,0,0,0,0,0,74424664,0,302,0,27,612,4172,0,0,0,0,0,0,0,0,0,0,0,0,0,0,0,0,0,0,0,0,0,0,0,0,0,0,0,0,0,0,0,0,0,0,0,0,0,0,0,0,0,0,0,0,0,0,0,0,0,0,0,0,0,318701144,0,0,0,367679244,0,0,0,0,0,0,0,116142841,238601353,463666016,165044855296,64405197,1,0,0,0,0,0,0,0,0,0,0,0,0,0,0,0,0,0,0,0,0,0,0,0,0,0,0,0,0,0,0,251933177,0,0,0,0,0
1788889064.239,0,0,0,0,0,0,0,764228847,3909455264256,1861138104832,0,0,0,0,0,0,0,0,0,0,0,0,0,0,0,0,0,0,0,0,0,0,0,0,0,0,0,0,0,0,0,0,0,0,0,0,0,0,0,0,0,0,0,0,0,0,0,0,0,0,0,0,0,0,0,0,0,0,1043299,238773119,101702667,0,0,0,0,0,0,0,0,0,0,0,0,0,0,0,0,0,0,0,0,0,0,0,0,0,0,0,0,0,0,0,0,0,0,0,0,0,12883197952,5064785920,786329,309130,0,104,786432,237941896,0,0,3728158443,12884901888,110288214,431137170,0,0,0,0,0,0,0,0,0,0,0,0,0,0,0,0,0,0,24484997,24485192,0,97,97,6268,329,48969954,35,0,0,0,0,0,0,0,1,0,0,0,0,0,0,0,0,0,0,27534032,0,58130250,499738,0,0,0,0,0,0,0,0,16384,0,0,0,0,0,0,0,0,0,0,0,4173,612,0,0,0,0,0,74433161,0,302,0,27,612,4173,0,0,0,0,0,0,0,0,0,0,0,0,0,0,0,0,0,0,0,0,0,0,0,0,0,0,0,0,0,0,0,0,0,0,0,0,0,0,0,0,0,0,0,0,0,0,0,0,0,0,0,0,0,318740776,0,0,0,367718720,0,0,0,0,0,0,0,116172874,238640755,463734132,165065235968,64422235,1,0,0,0,0,0,0,0,0,0,0,0,0,0,0,0,0,0,0,0,0,0,0,0,0,0,0,0,0,0,0,251935972,0,0,0,0,0
1788889065.266,0,0,0,0,0,0,0,764307706,3910054017536,1861367088640,0,0,0,0,0,0,0,0,0,0,0,0,0,0,0,0,0,0,0,0,0,0,0,0,0,0,0,0,0,0,0,0,0,0,0,0,0,0,0,0,0,0,0,0,0,0,0,0,0,0,0,0,0,0,0,0,0,0,1043444,238809745,101715308,0,0,0,0,0,0,0,0,0,0,0,0,0,0,0,0,0,0,0,0,0,0,0,0,0,0,0,0,0,0,0,0,0,0,0,0,0,12882952192,5086003200,786313,310425,0,118,786432,237978438,0,0,3728547602,12884901888,110323874,431178167,0,0,0,0,0,0,0,0,0,0,0,0,0,0,0,0,0,0,24487588,24487777,0,97,97,6268,329,48975141,35,0,0,0,0,0,0,0,1,0,0,0,0,0,0,0,0,0,0,27536939,0,58130378,499739,0,0,0,0,0,0,0,0,16384,0,0,0,0,0,0,0,0,0,0,0,4174,612,0,0,0,0,0,74441014,0,302,0,27,612,4174,0,0,0,0,0,0,0,0,0,0,0,0,0,0,0,0,0,0,0,0,0,0,0,0,0,0,0,0,0,0,0,0,0,0,0,0,0,0,0,0,0,0,0,0,0,0,0,0,0,0,0,0,0,318777218,0,0,0,367755437,0,0,0,0,0,0,0,116202497,238677328,463795647,165084002816,64439367,0,0,0,0,0,0,0,0,0,0,0,0,0,0,0,0,0,0,0,0,0,0,0,0,0,0,0,0,0,0,0,251938555,0,0,0,0,0
1788889066.294,0,0,0,0,0,0,0,764394090,3910711425536,1861658253824,0,0,0,0,0,0,0,0,0,0,0,0,0,0,0,0,0,0,0,0,0,0,0,0,0,0,0,0,0,0,0,0,0,0,0,0,0,0,0,0,0,0,0,0,0,0,0,0,0,0,0,0,0,0,0,0,0,0,1043604,238849937,101731633,0,0,0,0,0,0,0,0,0,0,0,0,0,0,0,0,0,0,0,0,0,0,0,0,0,0,0,0,0,0,0,0,0,0,0,0,0,12883116032,5070372864,786323,309471,0,109,786432,238018547,0,0,3728973699,12884901888,110360070,431223252,0,0,0,0,0,0,0,0,0,0,0,0,0,0,0,0,0,0,24490445,24490635,0,97,97,6268,329,48980849,35,0,0,0,0,0,0,0,1,0,0,0,0,0,0,0,0,0,0,27540150,0,58133653,499767,0,0,0,0,0,0,0,0,16384,0,0,0,0,0,0,0,0,0,0,0,4175,612,0,0,0,0,0,74449703,0,302,0,27,612,4175,0,0,0,0,0,0,0,0,0,0,0,0,0,0,0,0,0,0,0,0,0,0,0,0,0,0,0,0,0,0,0,0,0,0,0,0,0,0,0,0,0,0,0,0,0,0,0,0,0,0,0,0,0,318817678,0,0,0,367795891,0,0,0,0,0,0,0,116231331,238717473,463865349,165104794112,64454891,1,0,0,0,0,0,0,0,0,0,0,0,0,0,0,0,0,0,0,0,0,0,0,0,0,0,0,0,0,0,0,251941411,0,0,0,0,0
1788889067.321,0,0,0,0,0,0,0,764475335,3911330773504,1861897971712,0,0,0,0,0,0,0,0,0,0,0,0,0,0,0,0,0,0,0,0,0,0,0,0,0,0,0,0,0,0,0,0,0,0,0,0,0,0,0,0,0,0,0,0,0,0,0,0,0,0,0,0,0,0,0,0,0,0,1043814,238887842,101744881,0,0,0,0,0,0,0,0,0,0,0,0,0,0,0,0,0,0,0,0,0,0,0,0,0,0,0,0,0,0,0,0,0,0,0,0,0,12883148800,5090590720,786324,310705,0,109,786432,238056375,0,0,3729375160,12884901888,110397006,431266048,0,0,0,0,0,0,0,0,0,0,0,0,0,0,0,0,0,0,24493129,24493321,0,97,97,6268,329,48986229,35,0,0,0,0,0,0,0,1,0,0,0,0,0,0,0,0,0,0,27543176,0,58133781,499768,0,0,0,0,0,0,0,0,16384,0,0,0,0,0,0,0,0,0,0,0,4176,612,0,0,0,0,0,74457904,0,302,0,27,612,4176,0,0,0,0,0,0,0,0,0,0,0,0,0,0,0,0,0,0,0,0,0,0,0,0,0,0,0,0,0,0,0,0,0,0,0,0,0,0,0,0,0,0,0,0,0,0,0,0,0,0,0,0,0,318855568,0,0,0,367833818,0,0,0,0,0,0,0,116262154,238755324,463929503,165124349440,64472615,1,0,0,0,0,0,0,0,0,0,0,0,0,0,0,0,0,0,0,0,0,0,0,0,0,0,0,0,0,0,0,251944101,0,0,0,0,0
1788889068.349,0,0,0,0,0,0,0,764562200,3911993145856,1862188203520,0,0,0,0,0,0,0,0,0,0,0,0,0,0,0,0,0,0,0,0,0,0,0,0,0,0,0,0,0,0,0,0,0,0,0,0,0,0,0,0,0,0,0,0,0,0,0,0,0,0,0,0,0,0,0,0,0,0,1043942,238928351,101761112,0,0,0,0,0,0,0,0,0,0,0,0,0,0,0,0,0,0,0,0,0,0,0,0,0,0,0,0,0,0,0,0,0,0,0,0,0,12883066880,5078171648,786320,309947,0,112,786432,238096765,0,0,3729804025,12884901888,110433326,431311161,0,0,0,0,0,0,0,0,0,0,0,0,0,0,0,0,0,0,24496004,24496195,0,97,97,6268,329,48991980,35,0,0,0,0,0,0,0,1,0,0,0,0,0,0,0,0,0,0,27546409,0,58136997,499795,0,0,0,0,0,0,0,0,16384,0,0,0,0,0,0,0,0,0,0,0,4177,612,0,0,0,0,0,74466627,0,302,0,27,612,4177,0,0,0,0,0,0,0,0,0,0,0,0,0,0,0,0,0,0,0,0,0,0,0,0,0,0,0,0,0,0,0,0,0,0,0,0,0,0,0,0,0,0,0,0,0,0,0,0,0,0,0,0,0,318896624,0,0,0,367874445,0,0,0,0,0,0,0,116289558,238795755,463999663,165145481216,64486754,1,0,0,0,0,0,0,0,0,0,0,0,0,0,0,0,0,0,0,0,0,0,0,0,0,0,0,0,0,0,0,251946974,0,0,0,0,0
1788889069.376,0,0,0,0,0,0,0,764652786,3912689138176,1862492397056,0,0,0,0,0,0,0,0,0,0,0,0,0,0,0,0,0,0,0,0,0,0,0,0,0,0,0,0,0,0,0,0,0,0,0,0,0,0,0,0,0,0,0,0,0,0,0,0,0,0,0,0,0,0,0,0,0,0,1044085,238970913,101778157,0,0,0,0,0,0,0,0,0,0,0,0,0,0,0,0,0,0,0,0,0,0,0,0,0,0,0,0,0,0,0,0,0,0,0,0,0,12883066880,5062967296,786320,309019,0,111,786432,238139202,0,0,3730251242,12884901888,110471277,431358086,0,0,0,0,0,0,0,0,0,0,0,0,0,0,0,0,0,0,24498991,24499182,0,97,97,6268,329,48997956,35,0,0,0,0,0,0,0,1,0,0,0,0,0,0,0,0,0,0,27549770,0,58140356,499824,0,0,0,0,0,0,0,0,16384,0,0,0,0,0,0,0,0,0,0,0,4178,612,0,0,0,0,0,74475699,0,302,0,27,612,4178,0,0,0,0,0,0,0,0,0,0,0,0,0,0,0,0,0,0,0,0,0,0,0,0,0,0,0,0,0,0,0,0,0,0,0,0,0,0,0,0,0,0,0,0,0,0,0,0,0,0,0,0,0,318938837,0,0,0,367916714,0,0,0,0,0,0,0,116319053,238838266,464072447,165167196672,64502322,1,0,0,0,0,0,0,0,0,0,0,0,0,0,0,0,0,0,0,0,0,0,0,0,0,0,0,0,0,0,0,251949962,0,0,0,0,0
1788889070.404,0,0,0,0,0,0,0,764728776,3913265134080,1862715506688,0,0,0,0,0,0,0,0,0,0,0,0,0,0,0,0,0,0,0,0,0,0,0,0,0,0,0,0,0,0,0,0,0,0,0,0,0,0,0,0,0,0,0,0,0,0,0,0,0,0,0,0,0,0,0,0,0,0,1044249,239006136,101790463,0,0,0,0,0,0,0,0,0,0,0,0,0,0,0,0,0,0,0,0,0,0,0,0,0,0,0,0,0,0,0,0,0,0,0,0,0,12883181568,5083561984,786327,310276,0,106,786432,238174349,0,0,3730626140,12884901888,110505590,431397812,0,0,0,0,0,0,0,0,0,0,0,0,0,0,0,0,0,0,24501507,24501697,0,97,97,6268,329,49002978,35,0,0,0,0,0,0,0,1,0,0,0,0,0,0,0,0,0,0,27552597,0,58140484,499825,0,0,0,0,0,0,0,0,16384,0,0,0,0,0,0,0,0,0,0,0,4179,612,0,0,0,0,0,74483340,0,302,0,27,612,4179,0,0,0,0,0,0,0,0,0,0,0,0,0,0,0,0,0,0,0,0,0,0,0,0,0,0,0,0,0,0,0,0,0,0,0,0,0,0,0,0,0,0,0,0,0,0,0,0,0,0,0,0,0,318974507,0,0,0,367952265,0,0,0,0,0,0,0,116348085,238873444,464132530,165185521152,64519191,1,1,0,0,0,0,0,0,0,0,0,0,0,0,0,0,0,0,0,0,0,0,0,0,0,0,0,0,0,0,0,251952475,0,0,0,0,0
1788889071.431,0,0,0,0,0,0,0,764812555,3913901144576,1862998148608,0,0,0,0,0,0,0,0,0,0,0,0,0,0,0,0,0,0,0,0,0,0,0,0,0,0,0,0,0,0,0,0,0,0,0,0,0,0,0,0,0,0,0,0,0,0,0,0,0,0,0,0,0,0,0,0,0,0,1044388,239045017,101806330,0,0,0,0,0,0,0,0,0,0,0,0,0,0,0,0,0,0,0,0,0,0,0,0,0,0,0,0,0,0,0,0,0,0,0,0,0,12883017728,5066211328,786317,309217,0,115,786432,238213116,0,0,3731039584,12884901888,110540596,431441242,0,0,0,0,0,0,0,0,0,0,0,0,0,0,0,0,0,0,24504273,24504461,0,97,97,6268,329,49008523,35,0,0,0,0,0,0,0,1,0,0,0,0,0,0,0,0,0,0,27555707,0,58143788,499853,0,0,0,0,0,0,0,0,16384,0,0,0,0,0,0,0,0,0,0,0,4180,612,0,0,0,0,0,74491741,0,302,0,27,612,4180,0,0,0,0,0,0,0,0,0,0,0,0,0,0,0,0,0,0,0,0,0,0,0,0,0,0,0,0,0,0,0,0,0,0,0,0,0,0,0,0,0,0,0,0,0,0,0,0,0,0,0,0,0,319013391,0,0,0,367991384,0,0,0,0,0,0,0,116377991,238912265,464199727,165205503488,64536244,1,0,0,0,0,0,0,0,0,0,0,0,0,0,0,0,0,0,0,0,0,0,0,0,0,0,0,0,0,0,0,251955240,0,0,0,0,0
1788889072.457,0,0,0,0,0,0,0,764893391,3914516494848,1863246035456,0,0,0,0,0,0,0,0,0,0,0,0,0,0,0,0,0,0,0,0,0,0,0,0,0,0,0,0,0,0,0,0,0,0,0,0,0,0,0,0,0,0,0,0,0,0,0,0,0,0,0,0,0,0,0,0,0,0,1044544,239082628,101819873,0,0,0,0,0,0,0,0,0,0,0,0,0,0,0,0,0,0,0,0,0,0,0,0,0,0,0,0,0,0,0,0,0,0,0,0,0,12879118336,5080776704,786079,310106,252,101,786432,238250629,0,0,3731436956,12884901888,110576367,431483429,0,0,0,0,0,0,0,0,0,0,0,0,0,0,0,0,0,0,24506951,24507146,0,97,97,6268,329,49013868,35,0,0,0,0,0,0,0,1,0,0,0,0,0,0,0,0,0,0,27558728,0,58144729,499862,0,0,0,0,0,0,0,0,16384,0,0,0,0,0,0,0,0,0,0,0,4181,612,0,0,0,0,0,74499917,0,302,0,27,612,4181,0,0,0,0,0,0,0,0,0,0,0,0,0,0,0,0,0,0,0,0,0,0,0,0,0,0,0,0,0,0,0,0,0,0,0,0,0,0,0,0,0,0,0,0,0,0,0,0,0,0,0,0,0,319050972,0,0,0,368029174,0,0,0,0,0,0,0,116408646,238949837,464263569,165224808448,64554298,1,0,0,0,0,0,0,0,0,0,0,0,0,0,0,0,0,0,0,0,0,0,0,0,0,0,0,0,0,0,0,251957926,0,0,0,0,0
1788889073.485,0,0,0,0,0,0,0,764976391,3915150572032,1863513960960,0,0,0,0,0,0,0,0,0,0,0,0,0,0,0,0,0,0,0,0,0,0,0,0,0,0,0,0,0,0,0,0,0,0,0,0,0,0,0,0,0,0,0,0,0,0,0,0,0,0,0,0,0,0,0,0,0,0,1044699,239121439,101835043,0,0,0,0,0,0,0,0,0,0,0,0,0,0,0,0,0,0,0,0,0,0,0,0,0,0,0,0,0,0,0,0,0,0,0,0,0,12883034112,5075369984,786318,309776,0,115,786432,238289337,0,0,3731846910,12884901888,110612155,431526729,0,0,0,0,0,0,0,0,0,0,0,0,0,0,0,0,0,0,24509694,24509880,0,97,97,6268,329,49019341,35,0,0,0,0,0,0,0,1,0,0,0,0,0,0,0,0,0,0,27561801,0,58147155,499882,0,0,0,0,0,0,0,0,16384,0,0,0,0,0,0,0,0,0,0,0,4182,612,0,0,0,0,0,74508213,0,302,0,27,612,4182,0,0,0,0,0,0,0,0,0,0,0,0,0,0,0,0,0,0,0,0,0,0,0,0,0,0,0,0,0,0,0,0,0,0,0,0,0,0,0,0,0,0,0,0,0,0,0,0,0,0,0,0,0,319089688,0,0,0,368067948,0,0,0,0,0,0,0,116438621,238988564,464329878,165244733952,64571295,1,0,0,0,0,0,0,0,0,0,0,0,0,0,0,0,0,0,0,0,0,0,0,0,0,0,0,0,0,0,0,251960658,0,0,0,0,0
1788889074.513,0,0,0,0,0,0,0,765071698,3915877972480,1863828840448,0,0,0,0,0,0,0,0,0,0,0,0,0,0,0,0,0,0,0,0,0,0,0,0,0,0,0,0,0,0,0,0,0,0,0,0,0,0,0,0,0,0,0,0,0,0,0,0,0,0,0,0,0,0,0,0,0,0,1044867,239165925,101852670,0,0,0,0,0,0,0,0,0,0,0,0,0,0,0,0,0,0,0,0,0,0,0,0,0,0,0,0,0,0,0,0,0,0,0,0,0,12883066880,5063081984,786320,309026,0,112,786432,238333713,0,0,3732317331,12884901888,110652307,431576213,0,0,0,0,0,0,0,0,0,0,0,0,0,0,0,0,0,0,24512840,24513031,0,97,97,6268,329,49025643,35,0,0,0,0,0,0,0,1,0,0,0,0,0,0,0,0,0,0,27565345,0,58150375,499910,0,0,0,0,0,0,0,0,16384,0,0,0,0,0,0,0,0,0,0,0,4183,613,0,0,0,0,0,74517804,0,316,0,27,613,4183,0,0,0,0,1,0,0,0,0,0,0,0,0,0,0,0,0,0,0,0,0,0,0,0,0,0,0,0,0,0,0,0,0,0,0,0,0,0,0,0,0,0,0,0,0,0,0,0,0,0,0,0,0,319133893,0,0,0,368112446,0,0,0,0,0,0,0,116470719,239032969,464405972,165267494912,64588707,1,1,0,0,0,0,0,0,0,0,0,0,0,0,0,0,0,0,0,0,0,0,0,0,0,0,0,0,0,0,0,251963808,0,0,0,0,0
1788889075.541,0,0,0,0,0,0,0,765149440,3916471056896,1864056065024,0,0,0,0,0,0,0,0,0,0,0,0,0,0,0,0,0,0,0,0,0,0,0,0,0,0,0,0,0,0,0,0,0,0,0,0,0,0,0,0,0,0,0,0,0,0,0,0,0,0,0,0,0,0,0,0,0,0,1045018,239202184,101865223,0,0,0,0,0,0,0,0,0,0,0,0,0,0,0,0,0,0,0,0,0,0,0,0,0,0,0,0,0,0,0,0,0,0,0,0,0,12883116032,5079154688,786323,310007,0,110,786432,238369876,0,0,3732701436,12884901888,110687579,431617458,0,0,0,0,0,0,0,0,0,0,0,0,0,0,0,0,0,0,24515445,24515637,0,97,97,6268,329,49030841,35,0,0,0,0,0,0,0,1,0,0,0,0,0,0,0,0,0,0,27568277,0,58150503,499911,0,0,0,0,0,0,0,0,16384,0,0,0,0,0,0,0,0,0,0,0,4184,613,0,0,0,0,0,74525713,0,316,0,27,613,4184,0,0,0,0,0,0,0,0,0,0,0,0,0,0,0,0,0,0,0,0,0,0,0,0,0,0,0,0,0,0,0,0,0,0,0,0,0,0,0,0,0,0,0,0,0,0,0,0,0,0,0,0,0,319170110,0,0,0,368149101,0,0,0,0,0,0,0,116501084,239069177,464467079,165286122496,64606680,0,0,0,0,0,0,0,0,0,0,0,0,0,0,0,0,0,0,0,0,0,0,0,0,0,0,0,0,0,0,0,251966094,0,0,0,0,0
1788889076.569,0,0,0,0,0,0,0,765241442,3917170735616,1864363851264,0,0,0,0,0,0,0,0,0,0,0,0,0,0,0,0,0,0,0,0,0,0,0,0,0,0,0,0,0,0,0,0,0,0,0,0,0,0,0,0,0,0,0,0,0,0,0,0,0,0,0,0,0,0,0,0,0,0,1045054,239244993,101882400,0,0,0,0,0,0,0,0,0,0,0,0,0,0,0,0,0,0,0,0,0,0,0,0,0,0,0,0,0,0,0,0,0,0,0,0,0,12883050496,5063639040,786318,309060,0,114,786432,238412585,0,0,3733170924,12884901888,110726240,431680367,0,0,0,0,0,0,0,0,0,0,0,0,0,0,0,0,0,0,24518529,24518722,0,97,97,6268,329,49037017,35,0,0,0,0,0,0,0,1,0,0,0,0,0,0,0,0,0,0,27571747,0,58153717,499939,0,0,0,0,0,0,0,0,16384,0,0,0,0,0,0,0,0,0,0,0,4186,613,0,0,0,0,0,74535087,0,316,0,27,613,4186,0,0,0,0,0,0,0,0,0,0,0,0,0,0,0,0,0,0,0,0,0,0,0,0,0,0,0,0,0,0,0,0,0,0,0,0,0,0,0,0,0,0,0,0,0,0,0,0,0,0,0,0,0,319215350,0,0,0,368198103,0,0,0,0,0,0,0,116532676,239111924,464543327,165309392384,64624027,0,0,0,0,0,0,0,0,0,0,0,0,0,0,0,0,0,0,0,0,0,0,0,0,0,0,0,0,0,0,0,251963170,0,0,0,0,0
1788889077.597,0,0,0,0,0,0,0,765319038,3917762214400,1864592353792,0,0,0,0,0,0,0,0,0,0,0,0,0,0,0,0,0,0,0,0,0,0,0,0,0,0,0,0,0,0,0,0,0,0,0,0,0,0,0,0,0,0,0,0,0,0,0,0,0,0,0,0,0,0,0,0,0,0,1045062,239281160,101894832,0,0,0,0,0,0,0,0,0,0,0,0,0,0,0,0,0,0,0,0,0,0,0,0,0,0,0,0,0,0,0,0,0,0,0,0,0,12883066880,5083299840,786320,310260,0,112,786432,238448662,0,0,3733568357,12884901888,110761292,431734870,0,0,0,0,0,0,0,0,0,0,0,0,0,0,0,0,0,0,24521123,24521318,0,97,97,6268,329,49042210,35,0,0,0,0,0,0,0,1,0,0,0,0,0,0,0,0,0,0,27574668,0,58153845,499941,0,0,0,0,0,0,0,0,16384,0,0,0,0,0,0,0,0,0,0,0,4187,613,0,0,0,0,0,74542975,0,316,0,27,613,4187,0,0,0,0,0,0,0,0,0,0,0,0,0,0,0,0,0,0,0,0,0,0,0,0,0,0,0,0,0,0,0,0,0,0,0,0,0,0,0,0,0,0,0,0,0,0,0,0,0,0,0,0,0,319254188,0,0,0,368239984,0,0,0,0,0,0,0,116562706,239148056,464606873,165329375744,64641804,0,0,0,0,0,0,0,0,0,0,0,0,0,0,0,0,0,0,0,0,0,0,0,0,0,0,0,0,0,0,0,251960059,0,0,0,0,0
1788889078.626,0,0,0,0,0,0,0,765411902,3918467611136,1864898229760,0,0,0,0,0,0,0,0,0,0,0,0,0,0,0,0,0,0,0,0,0,0,0,0,0,0,0,0,0,0,0,0,0,0,0,0,0,0,0,0,0,0,0,0,0,0,0,0,0,0,0,0,0,0,0,0,0,0,1045073,239324296,101911957,0,0,0,0,0,0,0,0,0,0,0,0,0,0,0,0,0,0,0,0,0,0,0,0,0,0,0,0,0,0,0,0,0,0,0,0,0,12883247104,5069651968,786330,309427,0,102,786432,238491687,0,0,3734042891,12884901888,110799864,431798838,0,0,0,0,0,0,0,0,0,0,0,0,0,0,0,0,0,0,24524234,24524432,0,97,97,6268,329,49048422,35,0,0,0,0,0,0,0,1,0,0,0,0,0,0,0,0,0,0,27578160,0,58157198,499967,0,0,0,0,0,0,0,0,16384,0,0,0,0,0,0,0,0,0,0,0,4188,613,0,0,0,0,0,74552406,0,316,0,27,613,4188,0,0,0,0,0,0,0,0,0,0,0,0,0,0,0,0,0,0,0,0,0,0,0,0,0,0,0,0,0,0,0,0,0,0,0,0,0,0,0,0,0,0,0,0,0,0,0,0,0,0,0,0,0,319300062,0,0,0,368289496,0,0,0,0,0,0,0,116594360,239191145,464683439,165352964096,64659408,0,0,0,0,0,0,0,0,0,0,0,0,0,0,0,0,0,0,0,0,0,0,0,0,0,0,0,0,0,0,0,251956911,0,0,0,0,0
1788889079.654,0,0,0,0,0,0,0,765504789,3919171598848,1865170020864,0,0,0,0,0,0,0,0,0,0,0,0,0,0,0,0,0,0,0,0,0,0,0,0,0,0,0,0,0,0,0,0,0,0,0,0,0,0,0,0,0,0,0,0,0,0,0,0,0,0,0,0,0,0,0,0,0,0,1045078,239367353,101926996,0,0,0,0,0,0,0,0,0,0,0,0,0,0,0,0,0,0,0,0,0,0,0,0,0,0,0,0,0,0,0,0,0,0,0,0,0,12883165184,5084905472,786326,310358,0,106,786432,238534644,0,0,3734503001,12884901888,110839842,431849243,0,0,0,0,0,0,0,0,0,0,0,0,0,0,0,0,0,0,24527342,24527536,0,97,97,6268,329,49054657,35,0,0,0,0,0,0,0,1,0,0,0,0,0,0,0,0,0,0,27581659,0,58157897,499973,0,0,0,0,0,0,0,0,16384,0,0,0,0,0,0,0,0,0,0,0,4189,613,0,0,0,0,0,74561883,0,316,0,27,613,4189,0,0,0,0,0,0,0,0,0,0,0,0,0,0,0,0,0,0,0,0,0,0,0,0,0,0,0,0,0,0,0,0,0,0,0,0,0,0,0,0,0,0,0,0,0,0,0,0,0,0,0,0,0,319342845,0,0,0,368333476,0,0,0,0,0,0,0,116627439,239234125,464755460,165374983168,64678131,1,0,0,0,0,0,0,0,0,0,0,0,0,0,0,0,0,0,0,0,0,0,0,0,0,0,0,0,0,0,0,251959431,0,0,0,0,0
1788889080.681,0,0,0,0,0,0,0,765587782,3919801104896,1865411655680,0,0,0,0,0,0,0,0,0,0,0,0,0,0,0,0,0,0,0,0,0,0,0,0,0,0,0,0,0,0,0,0,0,0,0,0,0,0,0,0,0,0,0,0,0,0,0,0,0,0,0,0,0,0,0,0,0,0,1045086,239405823,101940275,0,0,0,0,0,0,0,0,0,0,0,0,0,0,0,0,0,0,0,0,0,0,0,0,0,0,0,0,0,0,0,0,0,0,0,0,0,12882935808,5106204672,786312,311658,0,120,786432,238573020,0,0,3734922200,12884901888,110877089,431902380,0,0,0,0,0,0,0,0,0,0,0,0,0,0,0,0,0,0,24530130,24530325,0,97,97,6268,329,49060223,35,0,0,0,0,0,0,0,1,0,0,0,0,0,0,0,0,0,0,27584796,0,58158025,499974,0,0,0,0,0,0,0,0,16384,0,0,0,0,0,0,0,0,0,0,0,4190,613,0,0,0,0,0,74570372,0,316,0,27,613,4190,0,0,0,0,0,0,0,0,0,0,0,0,0,0,0,0,0,0,0,0,0,0,0,0,0,0,0,0,0,0,0,0,0,0,0,0,0,0,0,0,0,0,0,0,0,0,0,0,0,0,0,0,0,319383072,0,0,0,368376328,0,0,0,0,0,0,0,116658767,239272547,464822032,165395664896,64696343,1,0,0,0,0,0,0,0,0,0,0,0,0,0,0,0,0,0,0,0,0,0,0,0,0,0,0,0,0,0,0,251958217,0,0,0,0,0
1788889081.710,0,0,0,0,0,0,0,765667176,3920404249088,1865677717504,0,0,0,0,0,0,0,0,0,0,0,0,0,0,0,0,0,0,0,0,0,0,0,0,0,0,0,0,0,0,0,0,0,0,0,0,0,0,0,0,0,0,0,0,0,0,0,0,0,0,0,0,0,0,0,0,0,0,1045094,239442707,101955069,0,0,0,0,0,0,0,0,0,0,0,0,0,0,0,0,0,0,0,0,0,0,0,0,0,0,0,0,0,0,0,0,0,0,0,0,0,12882968576,5093736448,786314,310897,0,118,786432,238609827,0,0,3735329786,12884901888,110910093,431959597,0,0,0,0,0,0,0,0,0,0,0,0,0,0,0,0,0,0,24532786,24532980,0,97,97,6268,329,49065526,35,0,0,0,0,0,0,0,1,0,0,0,0,0,0,0,0,0,0,27587784,0,58161185,500001,0,0,0,0,0,0,0,0,16384,0,0,0,0,0,0,0,0,0,0,0,4191,613,0,0,0,0,0,74578433,0,316,0,27,613,4191,0,0,0,0,0,0,0,0,0,0,0,0,0,0,0,0,0,0,0,0,0,0,0,0,0,0,0,0,0,0,0,0,0,0,0,0,0,0,0,0,0,0,0,0,0,0,0,0,0,0,0,0,0,319422818,0,0,0,368419835,0,0,0,0,0,0,0,116688451,239309380,464888142,165416108032,64713996,0,0,0,0,0,0,0,0,0,0,0,0,0,0,0,0,0,0,0,0,0,0,0,0,0,0,0,0,0,0,0,251954377,0,0,0,0,0
1788889082.738,0,0,0,0,0,0,0,765748251,3921020713472,1865912460800,0,0,0,0,0,0,0,0,0,0,0,0,0,0,0,0,0,0,0,0,0,0,0,0,0,0,0,0,0,0,0,0,0,0,0,0,0,0,0,0,0,0,0,0,0,0,0,0,0,0,0,0,0,0,0,0,0,0,1045105,239480369,101967929,0,0,0,0,0,0,0,0,0,0,0,0,0,0,0,0,0,0,0,0,0,0,0,0,0,0,0,0,0,0,0,0,0,0,0,0,0,12882919424,5116952576,786312,312314,0,120,786432,238647403,0,0,3735744338,12884901888,110946439,432016395,0,0,0,0,0,0,0,0,0,0,0,0,0,0,0,0,0,0,24535495,24535690,0,97,97,6268,329,49070956,35,0,0,0,0,0,0,0,1,0,0,0,0,0,0,0,0,0,0,27590830,0,58161441,500003,0,0,0,0,0,0,0,0,16384,0,0,0,0,0,0,0,0,0,0,0,4192,613,0,0,0,0,0,74586670,0,316,0,27,613,4192,0,0,0,0,0,0,0,0,0,0,0,0,0,0,0,0,0,0,0,0,0,0,0,0,0,0,0,0,0,0,0,0,0,0,0,0,0,0,0,0,0,0,0,0,0,0,0,0,0,0,0,0,0,319463219,0,0,0,368463514,0,0,0,0,0,0,0,116719256,239347000,464953863,165436880384,64732239,0,0,0,0,0,0,0,0,0,0,0,0,0,0,0,0,0,0,0,0,0,0,0,0,0,0,0,0,0,0,0,251951210,0,0,0,0,0
1788889083.765,0,0,0,0,0,0,0,765836646,3921695783424,1866203875328,0,0,0,0,0,0,0,0,0,0,0,0,0,0,0,0,0,0,0,0,0,0,0,0,0,0,0,0,0,0,0,0,0,0,0,0,0,0,0,0,0,0,0,0,0,0,0,0,0,0,0,0,0,0,0,0,0,0,1045114,239521661,101984182,0,0,0,0,0,0,0,0,0,0,0,0,0,0,0,0,0,0,0,0,0,0,0,0,0,0,0,0,0,0,0,0,0,0,0,0,0,12882952192,5104828416,786313,311574,0,119,786432,238688567,0,0,3736189841,12884901888,110983378,432070083,0,0,0,0,0,0,0,0,0,0,0,0,0,0,0,0,0,0,24538441,24538636,0,97,97,6268,329,49076860,35,0,0,0,0,0,0,0,1,0,0,0,0,0,0,0,0,0,0,27594147,0,58164637,500029,0,0,0,0,0,0,0,0,16384,0,0,0,0,0,0,0,0,0,0,0,4193,613,0,0,0,0,0,74595635,0,316,0,27,613,4193,0,0,0,0,0,0,0,0,0,0,0,0,0,0,0,0,0,0,0,0,0,0,0,0,0,0,0,0,0,0,0,0,0,0,0,0,0,0,0,0,0,0,0,0,0,0,0,0,0,0,0,0,0,319505502,0,0,0,368507928,0,0,0,0,0,0,0,116749406,239388216,465025330,165458624000,64749049,0,0,0,0,0,0,0,0,0,0,0,0,0,0,0,0,0,0,0,0,0,0,0,0,0,0,0,0,0,0,0,251951017,0,0,0,0,0
1788889084.791,0,0,0,0,0,0,0,765932688,3922426313216,1866517133824,0,0,0,0,0,0,0,0,0,0,0,0,0,0,0,0,0,0,0,0,0,0,0,0,0,0,0,0,0,0,0,0,0,0,0,0,0,0,0,0,0,0,0,0,0,0,0,0,0,0,0,0,0,0,0,0,0,0,1045120,239566322,102001686,0,0,0,0,0,0,0,0,0,0,0,0,0,0,0,0,0,0,0,0,0,0,0,0,0,0,0,0,0,0,0,0,0,0,0,0,0,12882903040,5094588416,786310,310949,0,122,786432,238733103,0,0,3736664890,12884901888,111023462,432120347,0,0,0,0,0,0,0,0,0,0,0,0,0,0,0,0,0,0,24541631,24541821,0,97,97,6268,329,49083234,35,0,0,0,0,0,0,0,1,0,0,0,0,0,0,0,0,0,0,27597730,0,58168013,500056,0,0,0,0,0,0,0,0,16384,0,0,0,0,0,0,0,0,0,0,0,4194,613,0,0,0,0,0,74605317,0,316,0,27,613,4194,0,0,0,0,0,0,0,0,0,0,0,0,0,0,0,0,0,0,0,0,0,0,0,0,0,0,0,0,0,0,0,0,0,0,0,0,0,0,0,0,0,0,0,0,0,0,0,0,0,0,0,0,0,319550198,0,0,0,368552798,0,0,0,0,0,0,0,116778665,239432803,465101503,165481637376,64763911,1,0,0,0,0,0,0,0,0,0,0,0,0,0,0,0,0,0,0,0,0,0,0,0,0,0,0,0,0,0,0,251954201,0,0,0,0,0
1788889085.819,0,0,0,0,0,0,0,766015136,3923049445888,1866784382464,0,0,0,0,0,0,0,0,0,0,0,0,0,0,0,0,0,0,0,0,0,0,0,0,0,0,0,0,0,0,0,0,0,0,0,0,0,0,0,0,0,0,0,0,0,0,0,0,0,0,0,0,0,0,0,0,0,0,1045134,239604402,102016484,0,0,0,0,0,0,0,0,0,0,0,0,0,0,0,0,0,0,0,0,0,0,0,0,0,0,0,0,0,0,0,0,0,0,0,0,0,12883771392,5091115008,786362,310737,0,70,786432,238771077,0,0,3737070451,12884901888,111059111,432163840,0,0,0,0,0,0,0,0,0,0,0,0,0,0,0,0,0,0,24544361,24544554,0,97,97,6268,329,49088686,35,0,0,0,0,0,0,0,1,0,0,0,0,0,0,0,0,0,0,27600804,0,58170369,500075,0,0,0,0,0,0,0,0,16384,0,0,0,0,0,0,0,0,0,0,0,4195,613,0,0,0,0,0,74613648,0,316,0,27,613,4195,0,0,0,0,0,0,0,0,0,0,0,0,0,0,0,0,0,0,0,0,0,0,0,0,0,0,0,0,0,0,0,0,0,0,0,0,0,0,0,0,0,0,0,0,0,0,0,0,0,0,0,0,0,319588784,0,0,0,368591418,0,0,0,0,0,0,0,116807024,239470852,465167421,165501517312,64779675,1,0,0,0,0,0,0,0,0,0,0,0,0,0,0,0,0,0,0,0,0,0,0,0,0,0,0,0,0,0,0,251956935,0,0,0,0,0
1788889086.847,0,0,0,0,0,0,0,766103440,3923717028352,1867042931712,0,0,0,0,0,0,0,0,0,0,0,0,0,0,0,0,0,0,0,0,0,0,0,0,0,0,0,0,0,0,0,0,0,0,0,0,0,0,0,0,0,0,0,0,0,0,0,0,0,0,0,0,0,0,0,0,0,0,1045146,239645233,102030899,0,0,0,0,0,0,0,0,0,0,0,0,0,0,0,0,0,0,0,0,0,0,0,0,0,0,0,0,0,0,0,0,0,0,0,0,0,12883181568,5107728384,786327,311751,0,105,786432,238811788,0,0,3737505060,12884901888,111097038,432209387,0,0,0,0,0,0,0,0,0,0,0,0,0,0,0,0,0,0,24547263,24547456,0,97,97,6268,329,49094485,35,0,0,0,0,0,0,0,1,0,0,0,0,0,0,0,0,0,0,27604067,0,58171492,500084,0,0,0,0,0,0,0,0,16384,0,0,0,0,0,0,0,0,0,0,0,4196,613,0,0,0,0,0,74622470,0,316,0,27,613,4196,0,0,0,0,0,0,0,0,0,0,0,0,0,0,0,0,0,0,0,0,0,0,0,0,0,0,0,0,0,0,0,0,0,0,0,0,0,0,0,0,0,0,0,0,0,0,0,0,0,0,0,0,0,319629183,0,0,0,368632477,0,0,0,0,0,0,0,116835944,239511604,465235263,165522330112,64795202,1,0,0,0,0,0,0,0,0,0,0,0,0,0,0,0,0,0,0,0,0,0,0,0,0,0,0,0,0,0,0,251959837,0,0,0,0,0
1788889087.875,0,0,0,0,0,0,0,766196105,3924423686656,1867346704384,0,0,0,0,0,0,0,0,0,0,0,0,0,0,0,0,0,0,0,0,0,0,0,0,0,0,0,0,0,0,0,0,0,0,0,0,0,0,0,0,0,0,0,0,0,0,0,0,0,0,0,0,0,0,0,0,0,0,1045196,239688453,102047913,0,0,0,0,0,0,0,0,0,0,0,0,0,0,0,0,0,0,0,0,0,0,0,0,0,0,0,0,0,0,0,0,0,0,0,0,0,12883116032,5099290624,786322,311236,0,110,786432,238854890,0,0,3737962821,12884901888,111135978,432258032,0,0,0,0,0,0,0,0,0,0,0,0,0,0,0,0,0,0,24550327,24550516,0,97,97,6268,329,49100620,35,0,0,0,0,0,0,0,1,0,0,0,0,0,0,0,0,0,0,27607509,0,58174702,500110,0,0,0,0,0,0,0,0,16384,0,0,0,0,0,0,0,0,0,0,0,4197,613,0,0,0,0,0,74631767,0,316,0,27,613,4197,0,0,0,0,0,0,0,0,0,0,0,0,0,0,0,0,0,0,0,0,0,0,0,0,0,0,0,0,0,0,0,0,0,0,0,0,0,0,0,0,0,0,0,0,0,0,0,0,0,0,0,0,0,319671630,0,0,0,368675800,0,0,0,0,0,0,0,116866397,239554743,465308388,165544192512,64811566,1,0,0,0,0,0,0,0,0,0,0,0,0,0,0,0,0,0,0,0,0,0,0,0,0,0,0,0,0,0,0,251962897,0,0,0,0,0
1788889088.904,0,0,0,0,0,0,0,766278522,3925052471808,1867620282880,0,0,0,0,0,0,0,0,0,0,0,0,0,0,0,0,0,0,0,0,0,0,0,0,0,0,0,0,0,0,0,0,0,0,0,0,0,0,0,0,0,0,0,0,0,0,0,0,0,0,0,0,0,0,0,0,0,0,1045253,239726874,102063224,0,0,0,0,0,0,0,0,0,0,0,0,0,0,0,0,0,0,0,0,0,0,0,0,0,0,0,0,0,0,0,0,0,0,0,0,0,12883099648,5089067008,786321,310612,0,111,786432,238893220,0,0,3738369658,12884901888,111170065,432300942,0,0,0,0,0,0,0,0,0,0,0,0,0,0,0,0,0,0,24553040,24553237,0,97,97,6268,329,49106056,35,0,0,0,0,0,0,0,1,0,0,0,0,0,0,0,0,0,0,27610569,0,58177919,500137,0,0,0,0,0,0,0,0,16384,0,0,0,0,0,0,0,0,0,0,0,4198,613,0,0,0,0,0,74640040,0,316,0,27,613,4198,0,0,0,0,0,0,0,0,0,0,0,0,0,0,0,0,0,0,0,0,0,0,0,0,0,0,0,0,0,0,0,0,0,0,0,0,0,0,0,0,0,0,0,0,0,0,0,0,0,0,0,0,0,319709636,0,0,0,368714289,0,0,0,0,0,0,0,116896561,239593128,465373745,165563772416,64829264,0,0,0,0,0,0,0,0,0,0,0,0,0,0,0,0,0,0,0,0,0,0,0,0,0,0,0,0,0,0,0,251965617,0,0,0,0,0
1788889089.932,0,0,0,0,0,0,0,766357592,3925655747072,1867848811520,0,0,0,0,0,0,0,0,0,0,0,0,0,0,0,0,0,0,0,0,0,0,0,0,0,0,0,0,0,0,0,0,0,0,0,0,0,0,0,0,0,0,0,0,0,0,0,0,0,0,0,0,0,0,0,0,0,0,1045347,239763774,102075847,0,0,0,0,0,0,0,0,0,0,0,0,0,0,0,0,0,0,0,0,0,0,0,0,0,0,0,0,0,0,0,0,0,0,0,0,0,12883181568,5111955456,786328,312008,0,104,786432,238930009,0,0,3738759618,12884901888,111205760,432341792,0,0,0,0,0,0,0,0,0,0,0,0,0,0,0,0,0,0,24555657,24555848,0,97,97,6268,329,49111275,35,0,0,0,0,0,0,0,1,0,0,0,0,0,0,0,0,0,0,27613503,0,58178047,500138,0,0,0,0,0,0,0,0,16384,0,0,0,0,0,0,0,0,0,0,0,4199,613,0,0,0,0,0,74647972,0,316,0,27,613,4199,0,0,0,0,0,0,0,0,0,0,0,0,0,0,0,0,0,0,0,0,0,0,0,0,0,0,0,0,0,0,0,0,0,0,0,0,0,0,0,0,0,0,0,0,0,0,0,0,0,0,0,0,0,319746289,0,0,0,368751259,0,0,0,0,0,0,0,116927210,239629964,465435389,165582603264,64847458,1,0,0,0,0,0,0,0,0,0,0,0,0,0,0,0,0,0,0,0,0,0,0,0,0,0,0,0,0,0,0,251968226,0,0,0,0,0
1788889090.959,0,0,0,0,0,0,0,766437488,3926259939840,1868088506368,0,0,0,0,0,0,0,0,0,0,0,0,0,0,0,0,0,0,0,0,0,0,0,0,0,0,0,0,0,0,0,0,0,0,0,0,0,0,0,0,0,0,0,0,0,0,0,0,0,0,0,0,0,0,0,0,0,0,1045498,239800731,102089110,0,0,0,0,0,0,0,0,0,0,0,0,0,0,0,0,0,0,0,0,0,0,0,0,0,0,0,0,0,0,0,0,0,0,0,0,0,12877676544,5126782976,785993,312914,335,105,786432,238966893,0,0,3739153573,12884901888,111241087,432383486,0,0,0,0,0,0,0,0,0,0,0,0,0,0,0,0,0,0,24558300,24558490,0,97,97,6268,329,49116567,35,0,0,0,0,0,0,0,1,0,0,0,0,0,0,0,0,0,0,27616478,0,58178769,500144,0,0,0,0,0,0,0,0,16384,0,0,0,0,0,0,0,0,0,0,0,4200,613,0,0,0,0,0,74656016,0,316,0,27,613,4200,0,0,0,0,0,0,0,0,0,0,0,0,0,0,0,0,0,0,0,0,0,0,0,0,0,0,0,0,0,0,0,0,0,0,0,0,0,0,0,0,0,0,0,0,0,0,0,0,0,0,0,0,0,319783460,0,0,0,368788615,0,0,0,0,0,0,0,116957653,239666852,465498277,165601736704,64865341,0,1,0,0,0,0,0,0,0,0,0,0,0,0,0,0,0,0,0,0,0,0,0,0,0,0,0,0,0,0,0,251970871,0,0,0,0,0
1788889091.987,0,0,0,0,0,0,0,766525955,3926933502464,1868379133440,0,0,0,0,0,0,0,0,0,0,0,0,0,0,0,0,0,0,0,0,0,0,0,0,0,0,0,0,0,0,0,0,0,0,0,0,0,0,0,0,0,0,0,0,0,0,0,0,0,0,0,0,0,0,0,0,0,0,1045661,239841917,102105367,0,0,0,0,0,0,0,0,0,0,0,0,0,0,0,0,0,0,0,0,0,0,0,0,0,0,0,0,0,0,0,0,0,0,0,0,0,12883197952,5116002304,786328,312256,0,104,786432,239007977,0,0,3739590196,12884901888,111278531,432429468,0,0,0,0,0,0,0,0,0,0,0,0,0,0,0,0,0,0,24561217,24561407,0,97,97,6268,329,49122395,35,0,0,0,0,0,0,0,1,0,0,0,0,0,0,0,0,0,0,27619759,0,58181480,500166,0,0,0,0,0,0,0,0,16384,0,0,0,0,0,0,0,0,0,0,0,4201,613,0,0,0,0,0,74664856,0,316,0,27,613,4201,0,0,0,0,0,0,0,0,0,0,0,0,0,0,0,0,0,0,0,0,0,0,0,0,0,0,0,0,0,0,0,0,0,0,0,0,0,0,0,0,0,0,0,0,0,0,0,0,0,0,0,0,0,319824548,0,0,0,368829844,0,0,0,0,0,0,0,116989246,239707981,465569007,165622908928,64883147,1,1,0,0,0,0,0,0,0,0,0,0,0,0,0,0,0,0,0,0,0,0,0,0,0,0,0,0,0,0,0,251973788,0,0,0,0,0
1788889093.015,0,0,0,0,0,0,0,766614287,3927608441344,1868676679680,0,0,0,0,0,0,0,0,0,0,0,0,0,0,0,0,0,0,0,0,0,0,0,0,0,0,0,0,0,0,0,0,0,0,0,0,0,0,0,0,0,0,0,0,0,0,0,0,0,0,0,0,0,0,0,0,0,0,1045819,239883202,102122033,0,0,0,0,0,0,0,0,0,0,0,0,0,0,0,0,0,0,0,0,0,0,0,0,0,0,0,0,0,0,0,0,0,0,0,0,0,12882886656,5100814336,786309,311329,0,123,786432,239049149,0,0,3740026695,12884901888,111315770,432475599,0,0,0,0,0,0,0,0,0,0,0,0,0,0,0,0,0,0,24564137,24564330,0,97,97,6268,329,49128235,35,0,0,0,0,0,0,0,1,0,0,0,0,0,0,0,0,0,0,27623048,0,58184684,500192,0,0,0,0,0,0,0,0,16384,0,0,0,0,0,0,0,0,0,0,0,4202,613,0,0,0,0,0,74673750,0,316,0,27,613,4202,0,0,0,0,0,0,0,0,0,0,0,0,0,0,0,0,0,0,0,0,0,0,0,0,0,0,0,0,0,0,0,0,0,0,0,0,0,0,0,0,0,0,0,0,0,0,0,0,0,0,0,0,0,319865674,0,0,0,368871259,0,0,0,0,0,0,0,117019883,239749199,465640127,165644093952,64900071,0,0,0,0,0,0,0,0,0,0,0,0,0,0,0,0,0,0,0,0,0,0,0,0,0,0,0,0,0,0,0,251976712,0,0,0,0,0
1788889094.043,0,0,0,0,0,0,0,766698848,3928253151744,1868960641536,0,0,0,0,0,0,0,0,0,0,0,0,0,0,0,0,0,0,0,0,0,0,0,0,0,0,0,0,0,0,0,0,0,0,0,0,0,0,0,0,0,0,0,0,0,0,0,0,0,0,0,0,0,0,0,0,0,0,1045987,239922595,102137921,0,0,0,0,0,0,0,0,0,0,0,0,0,0,0,0,0,0,0,0,0,0,0,0,0,0,0,0,0,0,0,0,0,0,0,0,0,12883738624,5087051776,786361,310489,0,71,786432,239088448,0,0,3740444878,12884901888,111352631,432519794,0,0,0,0,0,0,0,0,0,0,0,0,0,0,0,0,0,0,24566939,24567131,0,97,97,6268,329,49133856,35,0,0,0,0,0,0,0,1,0,0,0,0,0,0,0,0,0,0,27626198,0,58187445,500214,0,0,0,0,0,0,0,0,16384,0,0,0,0,0,0,0,0,0,0,0,4203,613,0,0,0,0,0,74682274,0,316,0,27,613,4203,0,0,0,0,0,0,0,0,0,0,0,0,0,0,0,0,0,0,0,0,0,0,0,0,0,0,0,0,0,0,0,0,0,0,0,0,0,0,0,0,0,0,0,0,0,0,0,0,0,0,0,0,0,319905134,0,0,0,368910827,0,0,0,0,0,0,0,117050360,239788567,465708551,165664407552,64917207,1,1,0,0,0,0,0,0,0,0,0,0,0,0,0,0,0,0,0,0,0,0,0,0,0,0,0,0,0,0,0,251979510,0,0,0,0,0
1788889095.070,0,0,0,0,0,0,0,766788397,3928937626112,1869226998784,0,0,0,0,0,0,0,0,0,0,0,0,0,0,0,0,0,0,0,0,0,0,0,0,0,0,0,0,0,0,0,0,0,0,0,0,0,0,0,0,0,0,0,0,0,0,0,0,0,0,0,0,0,0,0,0,0,0,1046142,239964481,102152693,0,0,0,0,0,0,0,0,0,0,0,0,0,0,0,0,0,0,0,0,0,0,0,0,0,0,0,0,0,0,0,0,0,0,0,0,0,12883132416,5106843648,786324,311697,0,108,786432,239130227,0,0,3740887223,12884901888,111390251,432566229,0,0,0,0,0,0,0,0,0,0,0,0,0,0,0,0,0,0,24569888,24570082,0,97,97,6268,329,49139746,35,0,0,0,0,0,0,0,1,0,0,0,0,0,0,0,0,0,0,27629513,0,58188608,500224,0,0,0,0,0,0,0,0,16384,0,0,0,0,0,0,0,0,0,0,0,4204,613,0,0,0,0,0,74691241,0,316,0,27,613,4204,0,0,0,0,0,0,0,0,0,0,0,0,0,0,0,0,0,0,0,0,0,0,0,0,0,0,0,0,0,0,0,0,0,0,0,0,0,0,0,0,0,0,0,0,0,0,0,0,0,0,0,0,0,319946426,0,0,0,368952483,0,0,0,0,0,0,0,117082037,239830356,465778031,165685675008,64935199,1,0,0,0,0,0,0,0,0,0,0,0,0,0,0,0,0,0,0,0,0,0,0,0,0,0,0,0,0,0,0,251982458,0,0,0,0,0
1788889096.098,0,0,0,0,0,0,0,766875521,3929600129536,1869520062464,0,0,0,0,0,0,0,0,0,0,0,0,0,0,0,0,0,0,0,0,0,0,0,0,0,0,0,0,0,0,0,0,0,0,0,0,0,0,0,0,0,0,0,0,0,0,0,0,0,0,0,0,0,0,0,0,0,0,1046311,240005002,102169122,0,0,0,0,0,0,0,0,0,0,0,0,0,0,0,0,0,0,0,0,0,0,0,0,0,0,0,0,0,0,0,0,0,0,0,0,0,12882968576,5091966976,786314,310789,0,118,786432,239170648,0,0,3741316858,12884901888,111425989,432611700,0,0,0,0,0,0,0,0,0,0,0,0,0,0,0,0,0,0,24572783,24572976,0,97,97,6268,329,49145528,35,0,0,0,0,0,0,0,1,0,0,0,0,0,0,0,0,0,0,27632772,0,58192063,500252,0,0,0,0,0,0,0,0,16384,0,0,0,0,0,0,0,0,0,0,0,4205,613,0,0,0,0,0,74700058,0,316,0,27,613,4205,0,0,0,0,0,0,0,0,0,0,0,0,0,0,0,0,0,0,0,0,0,0,0,0,0,0,0,0,0,0,0,0,0,0,0,0,0,0,0,0,0,0,0,0,0,0,0,0,0,0,0,0,0,319986902,0,0,0,368993198,0,0,0,0,0,0,0,117111938,239870807,465847788,165706539008,64951808,1,0,0,0,0,0,0,0,0,0,0,0,0,0,0,0,0,0,0,0,0,0,0,0,0,0,0,0,0,0,0,251985358,0,0,0,0,0
1788889097.126,0,0,0,0,0,0,0,766958226,3930230061568,1869797473792,0,0,0,0,0,0,0,0,0,0,0,0,0,0,0,0,0,0,0,0,0,0,0,0,0,0,0,0,0,0,0,0,0,0,0,0,0,0,0,0,0,0,0,0,0,0,0,0,0,0,0,0,0,0,0,0,0,0,1046458,240043517,102184629,0,0,0,0,0,0,0,0,0,0,0,0,0,0,0,0,0,0,0,0,0,0,0,0,0,0,0,0,0,0,0,0,0,0,0,0,0,12883640320,5078597632,786355,309973,0,77,786432,239209055,0,0,3741723362,12884901888,111461804,432654665,0,0,0,0,0,0,0,0,0,0,0,0,0,0,0,0,0,0,24575511,24575706,0,97,97,6268,329,49150985,35,0,0,0,0,0,0,0,1,0,0,0,0,0,0,0,0,0,0,27635842,0,58194830,500274,0,0,0,0,0,0,0,0,16384,0,0,0,0,0,0,0,0,0,0,0,4206,613,0,0,0,0,0,74708351,0,316,0,27,613,4206,0,0,0,0,0,0,0,0,0,0,0,0,0,0,0,0,0,0,0,0,0,0,0,0,0,0,0,0,0,0,0,0,0,0,0,0,0,0,0,0,0,0,0,0,0,0,0,0,0,0,0,0,0,320025211,0,0,0,369031825,0,0,0,0,0,0,0,117142018,239909280,465914350,165726251008,64968919,1,1,0,0,0,0,0,0,0,0,0,0,0,0,0,0,0,0,0,0,0,0,0,0,0,0,0,0,0,0,0,251988087,0,0,0,0,0
1788889098.155,0,0,0,0,0,0,0,767041871,3930869479936,1870045780992,0,0,0,0,0,0,0,0,0,0,0,0,0,0,0,0,0,0,0,0,0,0,0,0,0,0,0,0,0,0,0,0,0,0,0,0,0,0,0,0,0,0,0,0,0,0,0,0,0,0,0,0,0,0,0,0,0,0,1046627,240082650,102198423,0,0,0,0,0,0,0,0,0,0,0,0,0,0,0,0,0,0,0,0,0,0,0,0,0,0,0,0,0,0,0,0,0,0,0,0,0,12883181568,5098209280,786327,311171,1,106,786432,239248090,0,0,3742136839,12884901888,111498224,432698309,0,0,0,0,0,0,0,0,0,0,0,0,0,0,0,0,0,0,24578273,24578470,0,97,97,6268,329,49156513,35,0,0,0,0,0,0,0,1,0,0,0,0,0,0,0,0,0,0,27638948,0,58195528,500280,0,0,0,0,0,0,0,0,16384,0,0,0,0,0,0,0,0,0,0,0,4207,613,0,0,0,0,0,74716748,0,316,0,27,613,4207,0,0,0,0,0,0,0,0,0,0,0,0,0,0,0,0,0,0,0,0,0,0,0,0,0,0,0,0,0,0,0,0,0,0,0,0,0,0,0,0,0,0,0,0,0,0,0,0,0,0,0,0,0,320063580,0,0,0,369070904,0,0,0,0,0,0,0,117172854,239948333,465979400,165746012160,64986621,0,0,0,0,0,0,0,0,0,0,0,0,0,0,0,0,0,0,0,0,0,0,0,0,0,0,0,0,0,0,0,251990849,0,0,0,0,0
1788889099.182,0,0,0,0,0,0,0,767128921,3931532229120,1870340195328,0,0,0,0,0,0,0,0,0,0,0,0,0,0,0,0,0,0,0,0,0,0,0,0,0,0,0,0,0,0,0,0,0,0,0,0,0,0,0,0,0,0,0,0,0,0,0,0,0,0,0,0,0,0,0,0,0,0,1046785,240123190,102214853,0,0,0,0,0,0,0,0,0,0,0,0,0,0,0,0,0,0,0,0,0,0,0,0,0,0,0,0,0,0,0,0,0,0,0,0,0,12878954496,5084610560,786069,310340,254,109,786432,239288525,0,0,3742566568,12884901888,111534158,432743788,0,0,0,0,0,0,0,0,0,0,0,0,0,0,0,0,0,0,24581151,24581343,0,97,97,6268,329,49162265,35,0,0,0,0,0,0,0,1,0,0,0,0,0,0,0,0,0,0,27642183,0,58198860,500309,0,0,0,0,0,0,0,0,16384,0,0,0,0,0,0,0,0,0,0,0,4208,613,0,0,0,0,0,74725478,0,316,0,27,613,4208,0,0,0,0,0,0,0,0,0,0,0,0,0,0,0,0,0,0,0,0,0,0,0,0,0,0,0,0,0,0,0,0,0,0,0,0,0,0,0,0,0,0,0,0,0,0,0,0,0,0,0,0,0,320104221,0,0,0,369111653,0,0,0,0,0,0,0,117203364,239988807,466049362,165766936576,65003891,1,0,0,0,0,0,0,0,0,0,0,0,0,0,0,0,0,0,0,0,0,0,0,0,0,0,0,0,0,0,0,251993724,0,0,0,0,0
1788889100.210,0,0,0,0,0,0,0,767210195,3932152969728,1870577371648,0,0,0,0,0,0,0,0,0,0,0,0,0,0,0,0,0,0,0,0,0,0,0,0,0,0,0,0,0,0,0,0,0,0,0,0,0,0,0,0,0,0,0,0,0,0,0,0,0,0,0,0,0,0,0,0,0,0,1046929,240161155,102228037,0,0,0,0,0,0,0,0,0,0,0,0,0,0,0,0,0,0,0,0,0,0,0,0,0,0,0,0,0,0,0,0,0,0,0,0,0,12883017728,5104648192,786317,311563,0,115,786432,239326399,0,0,3742968099,12884901888,111569161,432786118,0,0,0,0,0,0,0,0,0,0,0,0,0,0,0,0,0,0,24583842,24584035,0,97,97,6268,329,49167641,35,0,0,0,0,0,0,0,1,0,0,0,0,0,0,0,0,0,0,27645210,0,58199782,500315,0,0,0,0,0,0,0,0,16384,0,0,0,0,0,0,0,0,0,0,0,4209,613,0,0,0,0,0,74733676,0,316,0,27,613,4209,0,0,0,0,0,0,0,0,0,0,0,0,0,0,0,0,0,0,0,0,0,0,0,0,0,0,0,0,0,0,0,0,0,0,0,0,0,0,0,0,0,0,0,0,0,0,0,0,0,0,0,0,0,320141576,0,0,0,369149650,0,0,0,0,0,0,0,117233618,240026718,466112154,165786195456,65021678,0,0,0,0,0,0,0,0,0,0,0,0,0,0,0,0,0,0,0,0,0,0,0,0,0,0,0,0,0,0,0,251996416,0,0,0,0,0
1788889101.237,0,0,0,0,0,0,0,767293592,3932782868992,1870834563584,0,0,0,0,0,0,0,0,0,0,0,0,0,0,0,0,0,0,0,0,0,0,0,0,0,0,0,0,0,0,0,0,0,0,0,0,0,0,0,0,0,0,0,0,0,0,0,0,0,0,0,0,0,0,0,0,0,0,1047094,240199637,102242322,0,0,0,0,0,0,0,0,0,0,0,0,0,0,0,0,0,0,0,0,0,0,0,0,0,0,0,0,0,0,0,0,0,0,0,0,0,12881018880,5110857728,786196,311942,135,102,786432,239364768,0,0,3743379978,12884901888,111605630,432829503,0,0,0,0,0,0,0,0,0,0,0,0,0,0,0,0,0,0,24586603,24586794,0,97,97,6268,329,49173159,35,0,0,0,0,0,0,0,1,0,0,0,0,0,0,0,0,0,0,27648314,0,58201113,500326,0,0,0,0,0,0,0,0,16384,0,0,0,0,0,0,0,0,0,0,0,4210,613,0,0,0,0,0,74742057,0,316,0,27,613,4210,0,0,0,0,0,0,0,0,0,0,0,0,0,0,0,0,0,0,0,0,0,0,0,0,0,0,0,0,0,0,0,0,0,0,0,0,0,0,0,0,0,0,0,0,0,0,0,0,0,0,0,0,0,320179521,0,0,0,369188515,0,0,0,0,0,0,0,117264659,240065199,466177270,165805723136,65039692,1,0,0,0,0,0,0,0,0,0,0,0,0,0,0,0,0,0,0,0,0,0,0,0,0,0,0,0,0,0,0,251999175,0,0,0,0,0
1788889102.264,0,0,0,0,0,0,0,767375102,3933407640064,1871097263616,0,0,0,0,0,0,0,0,0,0,0,0,0,0,0,0,0,0,0,0,0,0,0,0,0,0,0,0,0,0,0,0,0,0,0,0,0,0,0,0,0,0,0,0,0,0,0,0,0,0,0,0,0,0,0,0,0,0,1047227,240237876,102256994,0,0,0,0,0,0,0,0,0,0,0,0,0,0,0,0,0,0,0,0,0,0,0,0,0,0,0,0,0,0,0,0,0,0,0,0,0,12883181568,5108432896,786327,311794,0,105,786432,239402918,0,0,3743782864,12884901888,111640948,432871796,0,0,0,0,0,0,0,0,0,0,0,0,0,0,0,0,0,0,24589303,24589493,0,97,97,6268,329,49178565,35,0,0,0,0,0,0,0,1,0,0,0,0,0,0,0,0,0,0,27651350,0,58203081,500342,0,0,0,0,0,0,0,0,16384,0,0,0,0,0,0,0,0,0,0,0,4211,613,0,0,0,0,0,74750244,0,316,0,27,613,4211,0,0,0,0,0,0,0,0,0,0,0,0,0,0,0,0,0,0,0,0,0,0,0,0,0,0,0,0,0,0,0,0,0,0,0,0,0,0,0,0,0,0,0,0,0,0,0,0,0,0,0,0,0,320217410,0,0,0,369226664,0,0,0,0,0,0,0,117294836,240103346,466242419,165825180160,65056931,1,0,0,0,0,0,0,0,0,0,0,0,0,0,0,0,0,0,0,0,0,0,0,0,0,0,0,0,0,0,0,252001874,0,0,0,0,0
1788889103.292,0,0,0,0,0,0,0,767452828,3934000642560,1871322347520,0,0,0,0,0,0,0,0,0,0,0,0,0,0,0,0,0,0,0,0,0,0,0,0,0,0,0,0,0,0,0,0,0,0,0,0,0,0,0,0,0,0,0,0,0,0,0,0,0,0,0,0,0,0,0,0,0,0,1047372,240274116,102269420,0,0,0,0,0,0,0,0,0,0,0,0,0,0,0,0,0,0,0,0,0,0,0,0,0,0,0,0,0,0,0,0,0,0,0,0,0,12883148800,5133271040,786325,313310,0,107,786432,239439069,0,0,3744164653,12884901888,111676283,432912275,0,0,0,0,0,0,0,0,0,0,0,0,0,0,0,0,0,0,24591865,24592053,0,97,97,6268,329,49183705,35,0,0,0,0,0,0,0,1,0,0,0,0,0,0,0,0,0,0,27654231,0,58203209,500343,0,0,0,0,0,0,0,0,16384,0,0,0,0,0,0,0,0,0,0,0,4212,613,0,0,0,0,0,74758005,0,316,0,27,613,4212,0,0,0,0,0,0,0,0,0,0,0,0,0,0,0,0,0,0,0,0,0,0,0,0,0,0,0,0,0,0,0,0,0,0,0,0,0,0,0,0,0,0,0,0,0,0,0,0,0,0,0,0,0,320253886,0,0,0,369263001,0,0,0,0,0,0,0,117324384,240139549,466303526,165843916288,65074210,1,0,0,0,0,0,0,0,0,0,0,0,0,0,0,0,0,0,0,0,0,0,0,0,0,0,0,0,0,0,0,252004433,0,0,0,0,0
1788889104.320,0,0,0,0,0,0,0,767539175,3934659803648,1871612755456,0,0,0,0,0,0,0,0,0,0,0,0,0,0,0,0,0,0,0,0,0,0,0,0,0,0,0,0,0,0,0,0,0,0,0,0,0,0,0,0,0,0,0,0,0,0,0,0,0,0,0,0,0,0,0,0,0,0,1047531,240314453,102285699,0,0,0,0,0,0,0,0,0,0,0,0,0,0,0,0,0,0,0,0,0,0,0,0,0,0,0,0,0,0,0,0,0,0,0,0,0,12883034112,5118246912,786318,312393,0,114,786432,239479294,0,0,3744591082,12884901888,111712450,432957211,0,0,0,0,0,0,0,0,0,0,0,0,0,0,0,0,0,0,24594711,24594903,0,97,97,6268,329,49189396,35,0,0,0,0,0,0,0,1,0,0,0,0,0,0,0,0,0,0,27657437,0,58206397,500369,0,0,0,0,0,0,0,0,16384,0,0,0,0,0,0,0,0,0,0,0,4213,613,0,0,0,0,0,74766666,0,316,0,27,613,4213,0,0,0,0,0,0,0,0,0,0,0,0,0,0,0,0,0,0,0,0,0,0,0,0,0,0,0,0,0,0,0,0,0,0,0,0,0,0,0,0,0,0,0,0,0,0,0,0,0,0,0,0,0,320294412,0,0,0,369303270,0,0,0,0,0,0,0,117353760,240179810,466373282,165864759296,65090251,0,0,0,0,0,0,0,0,0,0,0,0,0,0,0,0,0,0,0,0,0,0,0,0,0,0,0,0,0,0,0,252007285,0,0,0,0,0
1788889105.347,0,0,0,0,0,0,0,767634959,3935389219328,1871931189760,0,0,0,0,0,0,0,0,0,0,0,0,0,0,0,0,0,0,0,0,0,0,0,0,0,0,0,0,0,0,0,0,0,0,0,0,0,0,0,0,0,0,0,0,0,0,0,0,0,0,0,0,0,0,0,0,0,0,1047709,240359083,102303526,0,0,0,0,0,0,0,0,0,0,0,0,0,0,0,0,0,0,0,0,0,0,0,0,0,0,0,0,0,0,0,0,0,0,0,0,0,12883050496,5105713152,786319,311628,0,112,786432,239523797,0,0,3745064249,12884901888,111751637,433007198,0,0,0,0,0,0,0,0,0,0,0,0,0,0,0,0,0,0,24597886,24598077,0,97,97,6268,329,49195736,35,0,0,0,0,0,0,0,1,0,0,0,0,0,0,0,0,0,0,27661007,0,58210016,500399,0,0,0,0,0,0,0,0,16384,0,0,0,0,0,0,0,0,0,0,0,4214,613,0,0,0,0,0,74776319,0,316,0,27,613,4214,0,0,0,0,0,0,0,0,0,0,0,0,0,0,0,0,0,0,0,0,0,0,0,0,0,0,0,0,0,0,0,0,0,0,0,0,0,0,0,0,0,0,0,0,0,0,0,0,0,0,0,0,0,320339193,0,0,0,369348076,0,0,0,0,0,0,0,117383489,240224354,466449986,165887788032,65105474,1,1,0,0,0,0,0,0,0,0,0,0,0,0,0,0,0,0,0,0,0,0,0,0,0,0,0,0,0,0,0,252010459,0,0,0,0,0
1788889106.373,0,0,0,0,0,0,0,767719328,3936029096448,1872213643776,0,0,0,0,0,0,0,0,0,0,0,0,0,0,0,0,0,0,0,0,0,0,0,0,0,0,0,0,0,0,0,0,0,0,0,0,0,0,0,0,0,0,0,0,0,0,0,0,0,0,0,0,0,0,0,0,0,0,1047863,240398208,102319338,0,0,0,0,0,0,0,0,0,0,0,0,0,0,0,0,0,0,0,0,0,0,0,0,0,0,0,0,0,0,0,0,0,0,0,0,0,12883050496,5092048896,786319,310794,0,113,786432,239562831,0,0,3745480415,12884901888,111786546,433051077,0,0,0,0,0,0,0,0,0,0,0,0,0,0,0,0,0,0,24600673,24600867,0,97,97,6268,329,49201312,35,0,0,0,0,0,0,0,1,0,0,0,0,0,0,0,0,0,0,27664146,0,58213315,500426,0,0,0,0,0,0,0,0,16384,0,0,0,0,0,0,0,0,0,0,0,4215,613,0,0,0,0,0,74784813,0,316,0,27,613,4215,0,0,0,0,0,0,0,0,0,0,0,0,0,0,0,0,0,0,0,0,0,0,0,0,0,0,0,0,0,0,0,0,0,0,0,0,0,0,0,0,0,0,0,0,0,0,0,0,0,0,0,0,0,320378482,0,0,0,369387474,0,0,0,0,0,0,0,117410629,240263405,466517490,165908008448,65119798,1,0,0,0,0,0,0,0,0,0,0,0,0,0,0,0,0,0,0,0,0,0,0,0,0,0,0,0,0,0,0,252013249,0,0,0,0,0
1788889107.402,0,0,0,0,0,0,0,767806113,3936686766592,1872503241728,0,0,0,0,0,0,0,0,0,0,0,0,0,0,0,0,0,0,0,0,0,0,0,0,0,0,0,0,0,0,0,0,0,0,0,0,0,0,0,0,0,0,0,0,0,0,0,0,0,0,0,0,0,0,0,0,0,0,1048024,240438429,102335548,0,0,0,0,0,0,0,0,0,0,0,0,0,0,0,0,0,0,0,0,0,0,0,0,0,0,0,0,0,0,0,0,0,0,0,0,0,12883247104,5078007808,786331,309938,1,101,786432,239602938,0,0,3745908700,12884901888,111820129,433096273,0,0,0,0,0,0,0,0,0,0,0,0,0,0,0,0,0,0,24603549,24603744,0,97,97,6268,329,49207055,35,0,0,0,0,0,0,0,1,0,0,0,0,0,0,0,0,0,0,27667381,0,58217237,500459,0,0,0,0,0,0,0,0,16384,0,0,0,0,0,0,0,0,0,0,0,4216,613,0,0,0,0,0,74793541,0,316,0,27,613,4216,0,0,0,0,0,0,0,0,0,0,0,0,0,0,0,0,0,0,0,0,0,0,0,0,0,0,0,0,0,0,0,0,0,0,0,0,0,0,0,0,0,0,0,0,0,0,0,0,0,0,0,0,0,320418853,0,0,0,369428045,0,0,0,0,0,0,0,117438908,240303560,466586253,165928774656,65135422,0,0,0,0,0,0,0,0,0,0,0,0,0,0,0,0,0,0,0,0,0,0,0,0,0,0,0,0,0,0,0,252016124,0,0,0,0,0
1788889108.430,0,0,0,0,0,0,0,767887785,3937308981760,1872741138944,0,0,0,0,0,0,0,0,0,0,0,0,0,0,0,0,0,0,0,0,0,0,0,0,0,0,0,0,0,0,0,0,0,0,0,0,0,0,0,0,0,0,0,0,0,0,0,0,0,0,0,0,0,0,0,0,0,0,1048196,240476476,102348692,0,0,0,0,0,0,0,0,0,0,0,0,0,0,0,0,0,0,0,0,0,0,0,0,0,0,0,0,0,0,0,0,0,0,0,0,0,12883181568,5100257280,786327,311295,0,105,786432,239640908,0,0,3746312194,12884901888,111857189,433138901,0,0,0,0,0,0,0,0,0,0,0,0,0,0,0,0,0,0,24606242,24606438,0,97,97,6268,329,49212457,35,0,0,0,0,0,0,0,1,0,0,0,0,0,0,0,0,0,0,27670413,0,58217365,500460,0,0,0,0,0,0,0,0,16384,0,0,0,0,0,0,0,0,0,0,0,4217,613,0,0,0,0,0,74801723,0,316,0,27,613,4217,0,0,0,0,0,0,0,0,0,0,0,0,0,0,0,0,0,0,0,0,0,0,0,0,0,0,0,0,0,0,0,0,0,0,0,0,0,0,0,0,0,0,0,0,0,0,0,0,0,0,0,0,0,320456796,0,0,0,369466177,0,0,0,0,0,0,0,117469964,240341543,466650238,165948301824,65153500,0,0,0,0,0,0,0,0,0,0,0,0,0,0,0,0,0,0,0,0,0,0,0,0,0,0,0,0,0,0,0,252018820,0,0,0,0,0
1788889109.457,0,0,0,0,0,0,0,767966809,3937908914688,1872972240384,0,0,0,0,0,0,0,0,0,0,0,0,0,0,0,0,0,0,0,0,0,0,0,0,0,0,0,0,0,0,0,0,0,0,0,0,0,0,0,0,0,0,0,0,0,0,0,0,0,0,0,0,0,0,0,0,0,0,1048324,240513164,102361468,0,0,0,0,0,0,0,0,0,0,0,0,0,0,0,0,0,0,0,0,0,0,0,0,0,0,0,0,0,0,0,0,0,0,0,0,0,12883099648,5118050304,786322,312381,0,110,786432,239677513,0,0,3746702888,12884901888,111892830,433179779,0,0,0,0,0,0,0,0,0,0,0,0,0,0,0,0,0,0,24608867,24609063,0,97,97,6268,329,49217701,35,0,0,0,0,0,0,0,1,0,0,0,0,0,0,0,0,0,0,27673364,0,58217493,500461,0,0,0,0,0,0,0,0,16384,0,0,0,0,0,0,0,0,0,0,0,4218,613,0,0,0,0,0,74809693,0,316,0,27,613,4218,0,0,0,0,0,0,0,0,0,0,0,0,0,0,0,0,0,0,0,0,0,0,0,0,0,0,0,0,0,0,0,0,0,0,0,0,0,0,0,0,0,0,0,0,0,0,0,0,0,0,0,0,0,320493528,0,0,0,369503076,0,0,0,0,0,0,0,117500401,240378174,466712269,165967183872,65171333,1,0,0,0,0,0,0,0,0,0,0,0,0,0,0,0,0,0,0,0,0,0,0,0,0,0,0,0,0,0,0,252021443,0,0,0,0,0
1788889110.485,0,0,0,0,0,0,0,768055727,3938580052480,1873268428288,0,0,0,0,0,0,0,0,0,0,0,0,0,0,0,0,0,0,0,0,0,0,0,0,0,0,0,0,0,0,0,0,0,0,0,0,0,0,0,0,0,0,0,0,0,0,0,0,0,0,0,0,0,0,0,0,0,0,1048475,240554233,102378056,0,0,0,0,0,0,0,0,0,0,0,0,0,0,0,0,0,0,0,0,0,0,0,0,0,0,0,0,0,0,0,0,0,0,0,0,0,12883132416,5103828992,786324,311513,0,108,786432,239718494,0,0,3747140324,12884901888,111929509,433226014,0,0,0,0,0,0,0,0,0,0,0,0,0,0,0,0,0,0,24611809,24612000,0,97,97,6268,329,49223576,35,0,0,0,0,0,0,0,1,0,0,0,0,0,0,0,0,0,0,27676667,0,58220770,500488,0,0,0,0,0,0,0,0,16384,0,0,0,0,0,0,0,0,0,0,0,4219,613,0,0,0,0,0,74818636,0,316,0,27,613,4219,0,0,0,0,0,0,0,0,0,0,0,0,0,0,0,0,0,0,0,0,0,0,0,0,0,0,0,0,0,0,0,0,0,0,0,0,0,0,0,0,0,0,0,0,0,0,0,0,0,0,0,0,0,320534925,0,0,0,369544601,0,0,0,0,0,0,0,117531008,240419187,466783466,165988485632,65188375,0,0,0,0,0,0,0,0,0,0,0,0,0,0,0,0,0,0,0,0,0,0,0,0,0,0,0,0,0,0,0,252024379,0,0,0,0,0
1788889111.513,0,0,0,0,0,0,0,768141074,3939235822080,1873556293632,0,0,0,0,0,0,0,0,0,0,0,0,0,0,0,0,0,0,0,0,0,0,0,0,0,0,0,0,0,0,0,0,0,0,0,0,0,0,0,0,0,0,0,0,0,0,0,0,0,0,0,0,0,0,0,0,0,0,1048637,240594345,102394196,0,0,0,0,0,0,0,0,0,0,0,0,0,0,0,0,0,0,0,0,0,0,0,0,0,0,0,0,0,0,0,0,0,0,0,0,0,12882952192,5089918976,786313,310665,0,119,786432,239758511,0,0,3747561700,12884901888,111965544,433270491,0,0,0,0,0,0,0,0,0,0,0,0,0,0,0,0,0,0,24614627,24614819,0,97,97,6268,329,49229218,35,0,0,0,0,0,0,0,1,0,0,0,0,0,0,0,0,0,0,27679841,0,58223937,500514,0,0,0,0,0,0,0,0,16384,0,0,0,0,0,0,0,0,0,0,0,4221,614,0,0,0,0,0,74827210,0,316,0,27,614,4221,0,0,0,0,1,0,0,0,0,0,0,0,0,0,0,0,0,0,0,0,0,0,0,0,0,0,0,0,0,0,0,0,0,0,0,0,0,0,0,0,0,0,0,0,0,0,0,0,0,0,0,0,0,320574839,0,0,0,369584513,0,0,0,0,0,0,0,117561123,240459236,466852343,166008977408,65205233,1,0,0,0,0,0,0,0,0,0,0,0,0,0,0,0,0,0,0,0,0,0,0,0,0,0,0,0,0,0,0,252027201,0,0,0,0,0
1788889112.540,0,0,0,0,0,0,0,768228770,3939898833408,1873849371648,0,0,0,0,0,0,0,0,0,0,0,0,0,0,0,0,0,0,0,0,0,0,0,0,0,0,0,0,0,0,0,0,0,0,0,0,0,0,0,0,0,0,0,0,0,0,0,0,0,0,0,0,0,0,0,0,0,0,1048798,240634872,102410616,0,0,0,0,0,0,0,0,0,0,0,0,0,0,0,0,0,0,0,0,0,0,0,0,0,0,0,0,0,0,0,0,0,0,0,0,0,12883099648,5076598784,786323,309851,0,108,786432,239798935,0,0,3747994116,12884901888,112001745,433316258,0,0,0,0,0,0,0,0,0,0,0,0,0,0,0,0,0,0,24617528,24617722,0,97,97,6268,329,49235015,35,0,0,0,0,0,0,0,1,0,0,0,0,0,0,0,0,0,0,27683106,0,58227271,500541,0,0,0,0,0,0,0,0,16384,0,0,0,0,0,0,0,0,0,0,0,4222,614,0,0,0,0,0,74836020,0,316,0,27,614,4222,0,0,0,0,0,0,0,0,0,0,0,0,0,0,0,0,0,0,0,0,0,0,0,0,0,0,0,0,0,0,0,0,0,0,0,0,0,0,0,0,0,0,0,0,0,0,0,0,0,0,0,0,0,320615024,0,0,0,369625561,0,0,0,0,0,0,0,117591072,240499726,466921930,166029699072,65221829,1,0,0,0,0,0,0,0,0,0,0,0,0,0,0,0,0,0,0,0,0,0,0,0,0,0,0,0,0,0,0,252030103,0,0,0,0,0
1788889113.568,0,0,0,0,0,0,0,768324352,3940622875136,1874145456640,0,0,0,0,0,0,0,0,0,0,0,0,0,0,0,0,0,0,0,0,0,0,0,0,0,0,0,0,0,0,0,0,0,0,0,0,0,0,0,0,0,0,0,0,0,0,0,0,0,0,0,0,0,0,0,0,0,0,1048977,240679167,102427092,0,0,0,0,0,0,0,0,0,0,0,0,0,0,0,0,0,0,0,0,0,0,0,0,0,0,0,0,0,0,0,0,0,0,0,0,0,12882903040,5081825280,786310,310170,0,122,786432,239843102,0,0,3748466517,12884901888,112043082,433366075,0,0,0,0,0,0,0,0,0,0,0,0,0,0,0,0,0,0,24620694,24620890,0,97,97,6268,329,49241355,35,0,0,0,0,0,0,0,1,0,0,0,0,0,0,0,0,0,0,27686670,0,58229017,500555,0,0,0,0,0,0,0,0,16384,0,0,0,0,0,0,0,0,0,0,0,4223,614,0,0,0,0,0,74845663,0,316,0,27,614,4223,0,0,0,0,0,0,0,0,0,0,0,0,0,0,0,0,0,0,0,0,0,0,0,0,0,0,0,0,0,0,0,0,0,0,0,0,0,0,0,0,0,0,0,0,0,0,0,0,0,0,0,0,0,320658946,0,0,0,369670170,0,0,0,0,0,0,0,117624965,240543927,466996862,166052320768,65240811,1,1,0,0,0,0,0,0,0,0,0,0,0,0,0,0,0,0,0,0,0,0,0,0,0,0,0,0,0,0,0,252033271,0,0,0,0,0
1788889114.595,0,0,0,0,0,0,0,768405197,3941239831040,1874382733824,0,0,0,0,0,0,0,0,0,0,0,0,0,0,0,0,0,0,0,0,0,0,0,0,0,0,0,0,0,0,0,0,0,0,0,0,0,0,0,0,0,0,0,0,0,0,0,0,0,0,0,0,0,0,0,0,0,0,1049155,240716894,102440199,0,0,0,0,0,0,0,0,0,0,0,0,0,0,0,0,0,0,0,0,0,0,0,0,0,0,0,0,0,0,0,0,0,0,0,0,0,12883050496,5102125056,786318,311409,0,113,786432,239880733,0,0,3748866203,12884901888,112079794,433408329,0,0,0,0,0,0,0,0,0,0,0,0,0,0,0,0,0,0,24623375,24623569,0,97,97,6268,329,49246708,35,0,0,0,0,0,0,0,1,0,0,0,0,0,0,0,0,0,0,27689683,0,58229145,500556,0,0,0,0,0,0,0,0,16384,0,0,0,0,0,0,0,0,0,0,0,4224,614,0,0,0,0,0,74853833,0,316,0,27,614,4224,0,0,0,0,0,0,0,0,0,0,0,0,0,0,0,0,0,0,0,0,0,0,0,0,0,0,0,0,0,0,0,0,0,0,0,0,0,0,0,0,0,0,0,0,0,0,0,0,0,0,0,0,0,320696505,0,0,0,369707891,0,0,0,0,0,0,0,117656178,240581603,467060423,166071648768,65259065,1,0,0,0,0,0,0,0,0,0,0,0,0,0,0,0,0,0,0,0,0,0,0,0,0,0,0,0,0,0,0,252035951,0,0,0,0,0
1788889115.622,0,0,0,0,0,0,0,768488805,3941880265216,1874663983616,0,0,0,0,0,0,0,0,0,0,0,0,0,0,0,0,0,0,0,0,0,0,0,0,0,0,0,0,0,0,0,0,0,0,0,0,0,0,0,0,0,0,0,0,0,0,0,0,0,0,0,0,0,0,0,0,0,0,1049286,240756067,102455966,0,0,0,0,0,0,0,0,0,0,0,0,0,0,0,0,0,0,0,0,0,0,0,0,0,0,0,0,0,0,0,0,0,0,0,0,0,12883034112,5088395264,786318,310571,0,114,786432,239919808,0,0,3749279251,12884901888,112116091,433451745,0,0,0,0,0,0,0,0,0,0,0,0,0,0,0,0,0,0,24626134,24626326,0,97,97,6268,329,49252238,35,0,0,0,0,0,0,0,1,0,0,0,0,0,0,0,0,0,0,27692785,0,58231985,500579,0,0,0,0,0,0,0,0,16384,0,0,0,0,0,0,0,0,0,0,0,4225,614,0,0,0,0,0,74862215,0,316,0,27,614,4225,0,0,0,0,0,0,0,0,0,0,0,0,0,0,0,0,0,0,0,0,0,0,0,0,0,0,0,0,0,0,0,0,0,0,0,0,0,0,0,0,0,0,0,0,0,0,0,0,0,0,0,0,0,320735378,0,0,0,369747020,0,0,0,0,0,0,0,117687616,240620714,467127891,166091631616,65277219,0,0,0,0,0,0,0,0,0,0,0,0,0,0,0,0,0,0,0,0,0,0,0,0,0,0,0,0,0,0,0,252038708,0,0,0,0,0
1788889116.649,0,0,0,0,0,0,0,768566527,3942470924800,1874890945536,0,0,0,0,0,0,0,0,0,0,0,0,0,0,0,0,0,0,0,0,0,0,0,0,0,0,0,0,0,0,0,0,0,0,0,0,0,0,0,0,0,0,0,0,0,0,0,0,0,0,0,0,0,0,0,0,0,0,1049415,240792172,102468494,0,0,0,0,0,0,0,0,0,0,0,0,0,0,0,0,0,0,0,0,0,0,0,0,0,0,0,0,0,0,0,0,0,0,0,0,0,12883132416,5110448128,786324,311917,1,107,786432,239955836,0,0,3749662266,12884901888,112151242,433492100,0,0,0,0,0,0,0,0,0,0,0,0,0,0,0,0,0,0,24628696,24628891,0,97,97,6268,329,49257360,35,0,0,0,0,0,0,0,1,0,0,0,0,0,0,0,0,0,0,27695668,0,58232113,500580,0,0,0,0,0,0,0,0,16384,0,0,0,0,0,0,0,0,0,0,0,4226,614,0,0,0,0,0,74870018,0,316,0,27,614,4226,0,0,0,0,0,0,0,0,0,0,0,0,0,0,0,0,0,0,0,0,0,0,0,0,0,0,0,0,0,0,0,0,0,0,0,0,0,0,0,0,0,0,0,0,0,0,0,0,0,0,0,0,0,320771598,0,0,0,369783344,0,0,0,0,0,0,0,117718076,240656780,467188968,166110262784,65295304,0,0,0,0,0,0,0,0,0,0,0,0,0,0,0,0,0,0,0,0,0,0,0,0,0,0,0,0,0,0,0,252041272,0,0,0,0,0
1788889117.676,0,0,0,0,0,0,0,768648213,3943087323648,1875166571008,0,0,0,0,0,0,0,0,0,0,0,0,0,0,0,0,0,0,0,0,0,0,0,0,0,0,0,0,0,0,0,0,0,0,0,0,0,0,0,0,0,0,0,0,0,0,0,0,0,0,0,0,0,0,0,0,0,0,1049579,240829870,102483941,0,0,0,0,0,0,0,0,0,0,0,0,0,0,0,0,0,0,0,0,0,0,0,0,0,0,0,0,0,0,0,0,0,0,0,0,0,12883099648,5094391808,786322,310937,0,110,786432,239993447,0,0,3750065299,12884901888,112186233,433534672,0,0,0,0,0,0,0,0,0,0,0,0,0,0,0,0,0,0,24631390,24631585,0,97,97,6268,329,49262742,35,0,0,0,0,0,0,0,1,0,0,0,0,0,0,0,0,0,0,27698700,0,58234989,500603,0,0,0,0,0,0,0,0,16384,0,0,0,0,0,0,0,0,0,0,0,4227,614,0,0,0,0,0,74878217,0,316,0,27,614,4227,0,0,0,0,0,0,0,0,0,0,0,0,0,0,0,0,0,0,0,0,0,0,0,0,0,0,0,0,0,0,0,0,0,0,0,0,0,0,0,0,0,0,0,0,0,0,0,0,0,0,0,0,0,320809625,0,0,0,369821435,0,0,0,0,0,0,0,117748723,240694417,467254920,166129825792,65313041,0,0,0,0,0,0,0,0,0,0,0,0,0,0,0,0,0,0,0,0,0,0,0,0,0,0,0,0,0,0,0,252043967,0,0,0,0,0
1788889118.704,0,0,0,0,0,0,0,768732263,3943724366336,1875413933056,0,0,0,0,0,0,0,0,0,0,0,0,0,0,0,0,0,0,0,0,0,0,0,0,0,0,0,0,0,0,0,0,0,0,0,0,0,0,0,0,0,0,0,0,0,0,0,0,0,0,0,0,0,0,0,0,0,0,1049735,240868823,102497617,0,0,0,0,0,0,0,0,0,0,0,0,0,0,0,0,0,0,0,0,0,0,0,0,0,0,0,0,0,0,0,0,0,0,0,0,0,12883001344,5114429440,786316,312160,0,116,786432,240032325,0,0,3750478441,12884901888,112224101,433578470,0,0,0,0,0,0,0,0,0,0,0,0,0,0,0,0,0,0,24634169,24634358,0,97,97,6268,329,49268305,35,0,0,0,0,0,0,0,1,0,0,0,0,0,0,0,0,0,0,27701818,0,58235117,500604,0,0,0,0,0,0,0,0,16384,0,0,0,0,0,0,0,0,0,0,0,4228,615,0,0,0,0,0,74886642,0,317,0,27,615,4228,0,0,0,0,1,0,0,0,0,0,0,0,0,0,0,0,0,0,0,0,0,0,0,0,0,0,0,0,0,0,0,0,0,0,0,0,0,0,0,0,0,0,0,0,0,0,0,0,0,0,0,0,0,320848668,0,0,0,369860663,0,0,0,0,0,0,0,117780761,240733327,467321072,166149920256,65331580,0,1,0,0,0,0,0,0,0,0,0,0,0,0,0,0,0,0,0,0,0,0,0,0,0,0,0,0,0,0,0,252046738,0,0,0,0,0
1788889119.732,0,0,0,0,0,0,0,768820790,3944396651008,1875709619200,0,0,0,0,0,0,0,0,0,0,0,0,0,0,0,0,0,0,0,0,0,0,0,0,0,0,0,0,0,0,0,0,0,0,0,0,0,0,0,0,0,0,0,0,0,0,0,0,0,0,0,0,0,0,0,0,0,0,1049908,240909933,102514160,0,0,0,0,0,0,0,0,0,0,0,0,0,0,0,0,0,0,0,0,0,0,0,0,0,0,0,0,0,0,0,0,0,0,0,0,0,12883050496,5101764608,786319,311387,0,113,786432,240073354,0,0,3750915371,12884901888,112262225,433624868,0,0,0,0,0,0,0,0,0,0,0,0,0,0,0,0,0,0,24637103,24637296,0,97,97,6268,329,49274174,35,0,0,0,0,0,0,0,1,0,0,0,0,0,0,0,0,0,0,27705125,0,58237939,500627,0,0,0,0,0,0,0,0,16384,0,0,0,0,0,0,0,0,0,0,0,4229,615,0,0,0,0,0,74895571,0,317,0,27,615,4229,0,0,0,0,0,0,0,0,0,0,0,0,0,0,0,0,0,0,0,0,0,0,0,0,0,0,0,0,0,0,0,0,0,0,0,0,0,0,0,0,0,0,0,0,0,0,0,0,0,0,0,0,0,320889924,0,0,0,369902143,0,0,0,0,0,0,0,117813503,240774375,467392476,166171155456,65350237,0,0,0,0,0,0,0,0,0,0,0,0,0,0,0,0,0,0,0,0,0,0,0,0,0,0,0,0,0,0,0,252049678,0,0,0,0,0
1788889120.758,0,0,0,0,0,0,0,768897051,3944973531648,1875932371968,0,0,0,0,0,0,0,0,0,0,0,0,0,0,0,0,0,0,0,0,0,0,0,0,0,0,0,0,0,0,0,0,0,0,0,0,0,0,0,0,0,0,0,0,0,0,0,0,0,0,0,0,0,0,0,0,0,0,1050040,240945207,102526478,0,0,0,0,0,0,0,0,0,0,0,0,0,0,0,0,0,0,0,0,0,0,0,0,0,0,0,0,0,0,0,0,0,0,0,0,0,12883066880,5121884160,786320,312615,0,112,786432,240108553,0,0,3751291718,12884901888,112296520,433664479,0,0,0,0,0,0,0,0,0,0,0,0,0,0,0,0,0,0,24639624,24639816,0,97,97,6268,329,49279203,35,0,0,0,0,0,0,0,1,0,0,0,0,0,0,0,0,0,0,27707958,0,58238067,500628,0,0,0,0,0,0,0,0,16384,0,0,0,0,0,0,0,0,0,0,0,4230,615,0,0,0,0,0,74903236,0,317,0,27,615,4230,0,0,0,0,0,0,0,0,0,0,0,0,0,0,0,0,0,0,0,0,0,0,0,0,0,0,0,0,0,0,0,0,0,0,0,0,0,0,0,0,0,0,0,0,0,0,0,0,0,0,0,0,0,320925456,0,0,0,369937722,0,0,0,0,0,0,0,117843701,240809599,467452402,166189434368,65368290,0,0,0,0,0,0,0,0,0,0,0,0,0,0,0,0,0,0,0,0,0,0,0,0,0,0,0,0,0,0,0,252052197,0,0,0,0,0
1788889121.786,0,0,0,0,0,0,0,768984776,3945638230528,1876226219008,0,0,0,0,0,0,0,0,0,0,0,0,0,0,0,0,0,0,0,0,0,0,0,0,0,0,0,0,0,0,0,0,0,0,0,0,0,0,0,0,0,0,0,0,0,0,0,0,0,0,0,0,0,0,0,0,0,0,1050186,240985860,102542919,0,0,0,0,0,0,0,0,0,0,0,0,0,0,0,0,0,0,0,0,0,0,0,0,0,0,0,0,0,0,0,0,0,0,0,0,0,12883116032,5107417088,786324,311732,0,108,786432,240149086,0,0,3751724349,12884901888,112334381,433710162,0,0,0,0,0,0,0,0,0,0,0,0,0,0,0,0,0,0,24642531,24642721,0,97,97,6268,329,49285015,35,0,0,0,0,0,0,0,1,0,0,0,0,0,0,0,0,0,0,27711227,0,58240960,500652,0,0,0,0,0,0,0,0,16384,0,0,0,0,0,0,0,0,0,0,0,4231,615,0,0,0,0,0,74912078,0,317,0,27,615,4231,0,0,0,0,0,0,0,0,0,0,0,0,0,0,0,0,0,0,0,0,0,0,0,0,0,0,0,0,0,0,0,0,0,0,0,0,0,0,0,0,0,0,0,0,0,0,0,0,0,0,0,0,0,320966450,0,0,0,369978749,0,0,0,0,0,0,0,117873172,240850187,467523282,166210522624,65383892,0,0,0,0,0,0,0,0,0,0,0,0,0,0,0,0,0,0,0,0,0,0,0,0,0,0,0,0,0,0,0,252055103,0,0,0,0,0
1788889122.814,0,0,0,0,0,0,0,769062301,3946228120064,1876454931968,0,0,0,0,0,0,0,0,0,0,0,0,0,0,0,0,0,0,0,0,0,0,0,0,0,0,0,0,0,0,0,0,0,0,0,0,0,0,0,0,0,0,0,0,0,0,0,0,0,0,0,0,0,0,0,0,0,0,1050332,241021926,102555563,0,0,0,0,0,0,0,0,0,0,0,0,0,0,0,0,0,0,0,0,0,0,0,0,0,0,0,0,0,0,0,0,0,0,0,0,0,12883083264,5124997120,786321,312805,0,110,786432,240185066,0,0,3752107091,12884901888,112369492,433750538,0,0,0,0,0,0,0,0,0,0,0,0,0,0,0,0,0,0,24645083,24645279,0,97,97,6268,329,49290135,35,0,0,0,0,0,0,0,1,0,0,0,0,0,0,0,0,0,0,27714104,0,58241088,500653,0,0,0,0,0,0,0,0,16384,0,0,0,0,0,0,0,0,0,0,0,4232,615,0,0,0,0,0,74919842,0,317,0,27,615,4232,0,0,0,0,0,0,0,0,0,0,0,0,0,0,0,0,0,0,0,0,0,0,0,0,0,0,0,0,0,0,0,0,0,0,0,0,0,0,0,0,0,0,0,0,0,0,0,0,0,0,0,0,0,321002943,0,0,0,370015000,0,0,0,0,0,0,0,117901661,240886209,467584828,166229317120,65399907,1,0,0,0,0,0,0,0,0,0,0,0,0,0,0,0,0,0,0,0,0,0,0,0,0,0,0,0,0,0,0,252057660,0,0,0,0,0
1788889123.841,0,0,0,0,0,0,0,769148286,3946883201536,1876747884032,0,0,0,0,0,0,0,0,0,0,0,0,0,0,0,0,0,0,0,0,0,0,0,0,0,0,0,0,0,0,0,0,0,0,0,0,0,0,0,0,0,0,0,0,0,0,0,0,0,0,0,0,0,0,0,0,0,0,1050484,241061997,102572005,0,0,0,0,0,0,0,0,0,0,0,0,0,0,0,0,0,0,0,0,0,0,0,0,0,0,0,0,0,0,0,0,0,0,0,0,0,12883148800,5106417664,786325,311671,0,107,786432,240225051,0,0,3752531861,12884901888,112406487,433795340,0,0,0,0,0,0,0,0,0,0,0,0,0,0,0,0,0,0,24647930,24648126,0,97,97,6268,329,49295818,35,0,0,0,0,0,0,0,1,0,0,0,0,0,0,0,0,0,0,27717306,0,58243977,500678,0,0,0,0,0,0,0,0,16384,0,0,0,0,0,0,0,0,0,0,0,4233,615,0,0,0,0,0,74928481,0,317,0,27,615,4233,0,0,0,0,0,0,0,0,0,0,0,0,0,0,0,0,0,0,0,0,0,0,0,0,0,0,0,0,0,0,0,0,0,0,0,0,0,0,0,0,0,0,0,0,0,0,0,0,0,0,0,0,0,321042969,0,0,0,370055210,0,0,0,0,0,0,0,117932847,240926214,467654730,166249905152,65417218,1,0,0,0,0,0,0,0,0,0,0,0,0,0,0,0,0,0,0,0,0,0,0,0,0,0,0,0,0,0,0,252060507,0,0,0,0,0
1788889124.868,0,0,0,0,0,0,0,769226508,3947477219840,1876975830016,0,0,0,0,0,0,0,0,0,0,0,0,0,0,0,0,0,0,0,0,0,0,0,0,0,0,0,0,0,0,0,0,0,0,0,0,0,0,0,0,0,0,0,0,0,0,0,0,0,0,0,0,0,0,0,0,0,0,1050635,241098304,102584584,0,0,0,0,0,0,0,0,0,0,0,0,0,0,0,0,0,0,0,0,0,0,0,0,0,0,0,0,0,0,0,0,0,0,0,0,0,12883116032,5126684672,786323,312908,0,108,786432,240261279,0,0,3752917793,12884901888,112441488,433836078,0,0,0,0,0,0,0,0,0,0,0,0,0,0,0,0,0,0,24650503,24650697,0,97,97,6268,329,49300984,35,0,0,0,0,0,0,0,1,0,0,0,0,0,0,0,0,0,0,27720198,0,58244233,500680,0,0,0,0,0,0,0,0,16384,0,0,0,0,0,0,0,0,0,0,0,4234,615,0,0,0,0,0,74936313,0,317,0,27,615,4234,0,0,0,0,0,0,0,0,0,0,0,0,0,0,0,0,0,0,0,0,0,0,0,0,0,0,0,0,0,0,0,0,0,0,0,0,0,0,0,0,0,0,0,0,0,0,0,0,0,0,0,0,0,321079120,0,0,0,370091723,0,0,0,0,0,0,0,117961519,240962463,467715703,166268546048,65433596,1,0,0,0,0,0,0,0,0,0,0,0,0,0,0,0,0,0,0,0,0,0,0,0,0,0,0,0,0,0,0,252063078,0,0,0,0,0
1788889125.895,0,0,0,0,0,0,0,769313150,3948138068480,1877267644928,0,0,0,0,0,0,0,0,0,0,0,0,0,0,0,0,0,0,0,0,0,0,0,0,0,0,0,0,0,0,0,0,0,0,0,0,0,0,0,0,0,0,0,0,0,0,0,0,0,0,0,0,0,0,0,0,0,0,1050789,241138729,102600950,0,0,0,0,0,0,0,0,0,0,0,0,0,0,0,0,0,0,0,0,0,0,0,0,0,0,0,0,0,0,0,0,0,0,0,0,0,12883148800,5112233984,786325,312026,0,108,786432,240301593,0,0,3753345377,12884901888,112478920,433881325,0,0,0,0,0,0,0,0,0,0,0,0,0,0,0,0,0,0,24653362,24653558,0,97,97,6268,329,49306699,35,0,0,0,0,0,0,0,1,0,0,0,0,0,0,0,0,0,0,27723417,0,58247259,500705,0,0,0,0,0,0,0,0,16384,0,0,0,0,0,0,0,0,0,0,0,4235,615,0,0,0,0,0,74945042,0,317,0,27,615,4235,0,0,0,0,0,0,0,0,0,0,0,0,0,0,0,0,0,0,0,0,0,0,0,0,0,0,0,0,0,0,0,0,0,0,0,0,0,0,0,0,0,0,0,0,0,0,0,0,0,0,0,0,0,321119615,0,0,0,370132259,0,0,0,0,0,0,0,117990699,241002836,467785770,166289420800,65449175,1,0,0,0,0,0,0,0,0,0,0,0,0,0,0,0,0,0,0,0,0,0,0,0,0,0,0,0,0,0,0,252065940,0,0,0,0,0
1788889126.922,0,0,0,0,0,0,0,769395912,3948766050816,1877546625024,0,0,0,0,0,0,0,0,0,0,0,0,0,0,0,0,0,0,0,0,0,0,0,0,0,0,0,0,0,0,0,0,0,0,0,0,0,0,0,0,0,0,0,0,0,0,0,0,0,0,0,0,0,0,0,0,0,0,1050949,241177146,102616583,0,0,0,0,0,0,0,0,0,0,0,0,0,0,0,0,0,0,0,0,0,0,0,0,0,0,0,0,0,0,0,0,0,0,0,0,0,12883066880,5095669760,786320,311015,0,112,786432,240339915,0,0,3753752727,12884901888,112514751,433924395,0,0,0,0,0,0,0,0,0,0,0,0,0,0,0,0,0,0,24656107,24656292,0,97,97,6268,329,49312179,35,0,0,0,0,0,0,0,1,0,0,0,0,0,0,0,0,0,0,27726490,0,58250032,500727,0,0,0,0,0,0,0,0,16384,0,0,0,0,0,0,0,0,0,0,0,4236,615,0,0,0,0,0,74953354,0,317,0,27,615,4236,0,0,0,0,0,0,0,0,0,0,0,0,0,0,0,0,0,0,0,0,0,0,0,0,0,0,0,0,0,0,0,0,0,0,0,0,0,0,0,0,0,0,0,0,0,0,0,0,0,0,0,0,0,321158012,0,0,0,370170926,0,0,0,0,0,0,0,118021712,241041211,467852546,166309167616,65466973,1,0,0,0,0,0,0,0,0,0,0,0,0,0,0,0,0,0,0,0,0,0,0,0,0,0,0,0,0,0,0,252068672,0,0,0,0,0
1788889127.950,0,0,0,0,0,0,0,769474834,3949365279232,1877776533504,0,0,0,0,0,0,0,0,0,0,0,0,0,0,0,0,0,0,0,0,0,0,0,0,0,0,0,0,0,0,0,0,0,0,0,0,0,0,0,0,0,0,0,0,0,0,0,0,0,0,0,0,0,0,0,0,0,0,1051097,241213783,102629278,0,0,0,0,0,0,0,0,0,0,0,0,0,0,0,0,0,0,0,0,0,0,0,0,0,0,0,0,0,0,0,0,0,0,0,0,0,12883279872,5117673472,786333,312358,0,99,786432,240376478,0,0,3754141851,12884901888,112550367,433965381,0,0,0,0,0,0,0,0,0,0,0,0,0,0,0,0,0,0,24658700,24658896,0,97,97,6268,329,49317356,35,0,0,0,0,0,0,0,1,0,0,0,0,0,0,0,0,0,0,27729409,0,58250160,500728,0,0,0,0,0,0,0,0,16384,0,0,0,0,0,0,0,0,0,0,0,4237,615,0,0,0,0,0,74961246,0,317,0,27,615,4237,0,0,0,0,0,0,0,0,0,0,0,0,0,0,0,0,0,0,0,0,0,0,0,0,0,0,0,0,0,0,0,0,0,0,0,0,0,0,0,0,0,0,0,0,0,0,0,0,0,0,0,0,0,321194659,0,0,0,370207651,0,0,0,0,0,0,0,118052262,241077806,467914366,166328014848,65484980,1,1,0,0,0,0,0,0,0,0,0,0,0,0,0,0,0,0,0,0,0,0,0,0,0,0,0,0,0,0,0,252071266,0,0,0,0,0
1788889128.979,0,0,0,0,0,0,0,769565355,3950052080128,1878081071104,0,0,0,0,0,0,0,0,0,0,0,0,0,0,0,0,0,0,0,0,0,0,0,0,0,0,0,0,0,0,0,0,0,0,0,0,0,0,0,0,0,0,0,0,0,0,0,0,0,0,0,0,0,0,0,0,0,0,1051280,241255792,102646343,0,0,0,0,0,0,0,0,0,0,0,0,0,0,0,0,0,0,0,0,0,0,0,0,0,0,0,0,0,0,0,0,0,0,0,0,0,12883197952,5102469120,786327,311430,0,105,786432,240418354,0,0,3754590328,12884901888,112589636,434012819,0,0,0,0,0,0,0,0,0,0,0,0,0,0,0,0,0,0,24661688,24661882,0,97,97,6268,329,49323360,35,0,0,0,0,0,0,0,1,0,0,0,0,0,0,0,0,0,0,27732777,0,58253058,500751,0,0,0,0,0,0,0,0,16384,0,0,0,0,0,0,0,0,0,0,0,4238,615,0,0,0,0,0,74970365,0,317,0,27,615,4238,0,0,0,0,0,0,0,0,0,0,0,0,0,0,0,0,0,0,0,0,0,0,0,0,0,0,0,0,0,0,0,0,0,0,0,0,0,0,0,0,0,0,0,0,0,0,0,0,0,0,0,0,0,321236769,0,0,0,370250049,0,0,0,0,0,0,0,118084159,241119739,467987576,166349691904,65502411,0,0,0,0,0,0,0,0,0,0,0,0,0,0,0,0,0,0,0,0,0,0,0,0,0,0,0,0,0,0,0,252074262,0,0,0,0,0
1788889130.005,0,0,0,0,0,0,0,769642246,3950636120576,1878305471488,0,0,0,0,0,0,0,0,0,0,0,0,0,0,0,0,0,0,0,0,0,0,0,0,0,0,0,0,0,0,0,0,0,0,0,0,0,0,0,0,0,0,0,0,0,0,0,0,0,0,0,0,0,0,0,0,0,0,1051411,241291509,102658733,0,0,0,0,0,0,0,0,0,0,0,0,0,0,0,0,0,0,0,0,0,0,0,0,0,0,0,0,0,0,0,0,0,0,0,0,0,12883050496,5122162688,786319,312632,0,113,786432,240453988,0,0,3754968629,12884901888,112624397,434052792,0,0,0,0,0,0,0,0,0,0,0,0,0,0,0,0,0,0,24664229,24664421,0,97,97,6268,329,49328419,35,0,0,0,0,0,0,0,1,0,0,0,0,0,0,0,0,0,0,27735635,0,58253186,500752,0,0,0,0,0,0,0,0,16384,0,0,0,0,0,0,0,0,0,0,0,4239,615,0,0,0,0,0,74978090,0,317,0,27,615,4239,0,0,0,0,0,0,0,0,0,0,0,0,0,0,0,0,0,0,0,0,0,0,0,0,0,0,0,0,0,0,0,0,0,0,0,0,0,0,0,0,0,0,0,0,0,0,0,0,0,0,0,0,0,321272768,0,0,0,370285990,0,0,0,0,0,0,0,118114434,241155405,468048125,166368216576,65520459,1,0,0,0,0,0,0,0,0,0,0,0,0,0,0,0,0,0,0,0,0,0,0,0,0,0,0,0,0,0,0,252076802,0,0,0,0,0
1788889131.031,0,0,0,0,0,0,0,769722456,3951246473728,1878581015552,0,0,0,0,0,0,0,0,0,0,0,0,0,0,0,0,0,0,0,0,0,0,0,0,0,0,0,0,0,0,0,0,0,0,0,0,0,0,0,0,0,0,0,0,0,0,0,0,0,0,0,0,0,0,0,0,0,0,1051555,241328820,102674190,0,0,0,0,0,0,0,0,0,0,0,0,0,0,0,0,0,0,0,0,0,0,0,0,0,0,0,0,0,0,0,0,0,0,0,0,0,12883181568,5103157248,786327,311472,0,105,786432,240491228,0,0,3755363424,12884901888,112659233,434094602,0,0,0,0,0,0,0,0,0,0,0,0,0,0,0,0,0,0,24666871,24667067,0,97,97,6268,329,49333708,35,0,0,0,0,0,0,0,1,0,0,0,0,0,0,0,0,0,0,27738610,0,58256080,500776,0,0,0,0,0,0,0,0,16384,0,0,0,0,0,0,0,0,0,0,0,4240,615,0,0,0,0,0,74986120,0,317,0,27,615,4240,0,0,0,0,0,0,0,0,0,0,0,0,0,0,0,0,0,0,0,0,0,0,0,0,0,0,0,0,0,0,0,0,0,0,0,0,0,0,0,0,0,0,0,0,0,0,0,0,0,0,0,0,0,321310317,0,0,0,370323480,0,0,0,0,0,0,0,118145272,241192677,468113588,166387559424,65538374,1,0,0,0,0,0,0,0,0,0,0,0,0,0,0,0,0,0,0,0,0,0,0,0,0,0,0,0,0,0,0,252079447,0,0,0,0,0
1788889132.060,0,0,0,0,0,0,0,769818152,3951974218240,1878879187456,0,0,0,0,0,0,0,0,0,0,0,0,0,0,0,0,0,0,0,0,0,0,0,0,0,0,0,0,0,0,0,0,0,0,0,0,0,0,0,0,0,0,0,0,0,0,0,0,0,0,0,0,0,0,0,0,0,0,1051755,241373348,102690789,0,0,0,0,0,0,0,0,0,0,0,0,0,0,0,0,0,0,0,0,0,0,0,0,0,0,0,0,0,0,0,0,0,0,0,0,0,12883165184,5108826112,786326,311818,0,106,786432,240535631,0,0,3755836250,12884901888,112700198,434144593,0,0,0,0,0,0,0,0,0,0,0,0,0,0,0,0,0,0,24670058,24670251,0,97,97,6268,329,49340067,35,0,0,0,0,0,0,0,1,0,0,0,0,0,0,0,0,0,0,27742191,0,58257979,500793,0,0,0,0,0,0,0,0,16384,0,0,0,0,0,0,0,0,0,0,0,4241,615,0,0,0,0,0,74995828,0,317,0,27,615,4241,0,0,0,0,0,0,0,0,0,0,0,0,0,0,0,0,0,0,0,0,0,0,0,0,0,0,0,0,0,0,0,0,0,0,0,0,0,0,0,0,0,0,0,0,0,0,0,0,0,0,0,0,0,321354466,0,0,0,370368208,0,0,0,0,0,0,0,118177600,241237150,468188914,166410301440,65555856,0,0,0,0,0,0,0,0,0,0,0,0,0,0,0,0,0,0,0,0,0,0,0,0,0,0,0,0,0,0,0,252082632,0,0,0,0,0
1788889133.088,0,0,0,0,0,0,0,769896763,3952575199744,1879109472256,0,0,0,0,0,0,0,0,0,0,0,0,0,0,0,0,0,0,0,0,0,0,0,0,0,0,0,0,0,0,0,0,0,0,0,0,0,0,0,0,0,0,0,0,0,0,0,0,0,0,0,0,0,0,0,0,0,0,1051875,241410103,102703521,0,0,0,0,0,0,0,0,0,0,0,0,0,0,0,0,0,0,0,0,0,0,0,0,0,0,0,0,0,0,0,0,0,0,0,0,0,12882984960,5130797056,786315,313159,0,117,786432,240572299,0,0,3756224506,12884901888,112735910,434185321,0,0,0,0,0,0,0,0,0,0,0,0,0,0,0,0,0,0,24672645,24672837,0,97,97,6268,329,49345246,35,0,0,0,0,0,0,0,1,0,0,0,0,0,0,0,0,0,0,27745103,0,58258107,500794,0,0,0,0,0,0,0,0,16384,0,0,0,0,0,0,0,0,0,0,0,4243,615,0,0,0,0,0,75003697,0,317,0,27,615,4243,0,0,0,0,0,0,0,0,0,0,0,0,0,0,0,0,0,0,0,0,0,0,0,0,0,0,0,0,0,0,0,0,0,0,0,0,0,0,0,0,0,0,0,0,0,0,0,0,0,0,0,0,0,321391021,0,0,0,370404859,0,0,0,0,0,0,0,118208084,241273846,468250701,166429111808,65573775,0,0,0,0,0,0,0,0,0,0,0,0,0,0,0,0,0,0,0,0,0,0,0,0,0,0,0,0,0,0,0,252085219,0,0,0,0,0
1788889134.115,0,0,0,0,0,0,0,769985012,3953247713792,1879405653504,0,0,0,0,0,0,0,0,0,0,0,0,0,0,0,0,0,0,0,0,0,0,0,0,0,0,0,0,0,0,0,0,0,0,0,0,0,0,0,0,0,0,0,0,0,0,0,0,0,0,0,0,0,0,0,0,0,0,1052026,241451235,102720105,0,0,0,0,0,0,0,0,0,0,0,0,0,0,0,0,0,0,0,0,0,0,0,0,0,0,0,0,0,0,0,0,0,0,0,0,0,12883230720,5117591552,786330,312353,0,102,786432,240613324,0,0,3756660113,12884901888,112772908,434231373,0,0,0,0,0,0,0,0,0,0,0,0,0,0,0,0,0,0,24675555,24675750,0,97,97,6268,329,49351068,35,0,0,0,0,0,0,0,1,0,0,0,0,0,0,0,0,0,0,27748376,0,58261334,500822,0,0,0,0,0,0,0,0,16384,0,0,0,0,0,0,0,0,0,0,0,4244,615,0,0,0,0,0,75012548,0,317,0,27,615,4244,0,0,0,0,0,0,0,0,0,0,0,0,0,0,0,0,0,0,0,0,0,0,0,0,0,0,0,0,0,0,0,0,0,0,0,0,0,0,0,0,0,0,0,0,0,0,0,0,0,0,0,0,0,321432186,0,0,0,370446165,0,0,0,0,0,0,0,118238900,241314898,468321729,166450285568,65590934,1,0,0,0,0,0,0,0,0,0,0,0,0,0,0,0,0,0,0,0,0,0,0,0,0,0,0,0,0,0,0,252088129,0,0,0,0,0
1788889135.142,0,0,0,0,0,0,0,770062651,3953837324800,1879633013248,0,0,0,0,0,0,0,0,0,0,0,0,0,0,0,0,0,0,0,0,0,0,0,0,0,0,0,0,0,0,0,0,0,0,0,0,0,0,0,0,0,0,0,0,0,0,0,0,0,0,0,0,0,0,0,0,0,0,1052173,241487294,102732667,0,0,0,0,0,0,0,0,0,0,0,0,0,0,0,0,0,0,0,0,0,0,0,0,0,0,0,0,0,0,0,0,0,0,0,0,0,12883001344,5134729216,786316,313399,0,116,786432,240649307,0,0,3757043059,12884901888,112807849,434271605,0,0,0,0,0,0,0,0,0,0,0,0,0,0,0,0,0,0,24678107,24678301,0,97,97,6268,329,49356187,35,0,0,0,0,0,0,0,1,0,0,0,0,0,0,0,0,0,0,27751249,0,58261590,500824,0,0,0,0,0,0,0,0,16384,0,0,0,0,0,0,0,0,0,0,0,4245,615,0,0,0,0,0,75020299,0,317,0,27,615,4245,0,0,0,0,0,0,0,0,0,0,0,0,0,0,0,0,0,0,0,0,0,0,0,0,0,0,0,0,0,0,0,0,0,0,0,0,0,0,0,0,0,0,0,0,0,0,0,0,0,0,0,0,0,321468305,0,0,0,370482362,0,0,0,0,0,0,0,118269108,241350891,468382608,166468839936,65608871,0,0,0,0,0,0,0,0,0,0,0,0,0,0,0,0,0,0,0,0,0,0,0,0,0,0,0,0,0,0,0,252090682,0,0,0,0,0
1788889136.169,0,0,0,0,0,0,0,770152969,3954522946048,1879934651392,0,0,0,0,0,0,0,0,0,0,0,0,0,0,0,0,0,0,0,0,0,0,0,0,0,0,0,0,0,0,0,0,0,0,0,0,0,0,0,0,0,0,0,0,0,0,0,0,0,0,0,0,0,0,0,0,0,0,1052333,241529242,102749559,0,0,0,0,0,0,0,0,0,0,0,0,0,0,0,0,0,0,0,0,0,0,0,0,0,0,0,0,0,0,0,0,0,0,0,0,0,12882984960,5121081344,786315,312566,0,117,786432,240691132,0,0,3757488544,12884901888,112845705,434318614,0,0,0,0,0,0,0,0,0,0,0,0,0,0,0,0,0,0,24681093,24681286,0,97,97,6268,329,49362159,35,0,0,0,0,0,0,0,1,0,0,0,0,0,0,0,0,0,0,27754604,0,58264827,500852,0,0,0,0,0,0,0,0,16384,0,0,0,0,0,0,0,0,0,0,0,4246,615,0,0,0,0,0,75029376,0,317,0,27,615,4246,0,0,0,0,0,0,0,0,0,0,0,0,0,0,0,0,0,0,0,0,0,0,0,0,0,0,0,0,0,0,0,0,0,0,0,0,0,0,0,0,0,0,0,0,0,0,0,0,0,0,0,0,0,321510522,0,0,0,370524587,0,0,0,0,0,0,0,118299918,241392770,468455216,166490534400,65625766,0,0,0,0,0,0,0,0,0,0,0,0,0,0,0,0,0,0,0,0,0,0,0,0,0,0,0,0,0,0,0,252093667,0,0,0,0,0
1788889137.197,0,0,0,0,0,0,0,770236702,3955157826048,1880218588672,0,0,0,0,0,0,0,0,0,0,0,0,0,0,0,0,0,0,0,0,0,0,0,0,0,0,0,0,0,0,0,0,0,0,0,0,0,0,0,0,0,0,0,0,0,0,0,0,0,0,0,0,0,0,0,0,0,0,1052491,241568066,102765477,0,0,0,0,0,0,0,0,0,0,0,0,0,0,0,0,0,0,0,0,0,0,0,0,0,0,0,0,0,0,0,0,0,0,0,0,0,12882067456,5103796224,786259,311510,74,98,786432,240729872,0,0,3757902057,12884901888,112880846,434362187,0,0,0,0,0,0,0,0,0,0,0,0,0,0,0,0,0,0,24683863,24684057,0,97,97,6268,329,49367692,35,0,0,0,0,0,0,0,1,0,0,0,0,0,0,0,0,0,0,27757721,0,58268126,500880,0,0,0,0,0,0,0,0,16384,0,0,0,0,0,0,0,0,0,0,0,4247,615,0,0,0,0,0,75037805,0,317,0,27,615,4247,0,0,0,0,0,0,0,0,0,0,0,0,0,0,0,0,0,0,0,0,0,0,0,0,0,0,0,0,0,0,0,0,0,0,0,0,0,0,0,0,0,0,0,0,0,0,0,0,0,0,0,0,0,321549598,0,0,0,370563703,0,0,0,0,0,0,0,118329710,241431542,468522735,166510642688,65642638,1,0,0,0,0,0,0,0,0,0,0,0,0,0,0,0,0,0,0,0,0,0,0,0,0,0,0,0,0,0,0,252096439,0,0,0,0,0
1788889138.225,0,0,0,0,0,0,0,770317425,3955774159360,1880452174848,0,0,0,0,0,0,0,0,0,0,0,0,0,0,0,0,0,0,0,0,0,0,0,0,0,0,0,0,0,0,0,0,0,0,0,0,0,0,0,0,0,0,0,0,0,0,0,0,0,0,0,0,0,0,0,0,0,0,1052648,241605744,102778360,0,0,0,0,0,0,0,0,0,0,0,0,0,0,0,0,0,0,0,0,0,0,0,0,0,0,0,0,0,0,0,0,0,0,0,0,0,12882952192,5127290880,786313,312945,0,118,786432,240767484,0,0,3758301087,12884901888,112917347,434404286,0,0,0,0,0,0,0,0,0,0,0,0,0,0,0,0,0,0,24686550,24686743,0,97,97,6268,329,49373067,35,0,0,0,0,0,0,0,1,0,0,0,0,0,0,0,0,0,0,27760741,0,58268254,500881,0,0,0,0,0,0,0,0,16384,0,0,0,0,0,0,0,0,0,0,0,4248,615,0,0,0,0,0,75045977,0,317,0,27,615,4248,0,0,0,0,0,0,0,0,0,0,0,0,0,0,0,0,0,0,0,0,0,0,0,0,0,0,0,0,0,0,0,0,0,0,0,0,0,0,0,0,0,0,0,0,0,0,0,0,0,0,0,0,0,321587294,0,0,0,370601518,0,0,0,0,0,0,0,118360916,241469158,468585938,166530019328,65661107,0,0,0,0,0,0,0,0,0,0,0,0,0,0,0,0,0,0,0,0,0,0,0,0,0,0,0,0,0,0,0,252099125,0,0,0,0,0
1788889139.252,0,0,0,0,0,0,0,770393972,3956357298688,1880677045760,0,0,0,0,0,0,0,0,0,0,0,0,0,0,0,0,0,0,0,0,0,0,0,0,0,0,0,0,0,0,0,0,0,0,0,0,0,0,0,0,0,0,0,0,0,0,0,0,0,0,0,0,0,0,0,0,0,0,1052774,241641401,102790779,0,0,0,0,0,0,0,0,0,0,0,0,0,0,0,0,0,0,0,0,0,0,0,0,0,0,0,0,0,0,0,0,0,0,0,0,0,12883099648,5146624000,786322,314125,0,110,786432,240803065,0,0,3758677278,12884901888,112952040,434444027,0,0,0,0,0,0,0,0,0,0,0,0,0,0,0,0,0,0,24689073,24689263,0,97,97,6268,329,49378105,35,0,0,0,0,0,0,0,1,0,0,0,0,0,0,0,0,0,0,27763576,0,58268382,500882,0,0,0,0,0,0,0,0,16384,0,0,0,0,0,0,0,0,0,0,0,4249,615,0,0,0,0,0,75053636,0,317,0,27,615,4249,0,0,0,0,0,0,0,0,0,0,0,0,0,0,0,0,0,0,0,0,0,0,0,0,0,0,0,0,0,0,0,0,0,0,0,0,0,0,0,0,0,0,0,0,0,0,0,0,0,0,0,0,0,321622990,0,0,0,370637293,0,0,0,0,0,0,0,118391032,241504756,468646282,166548377088,65678958,0,0,0,0,0,0,0,0,0,0,0,0,0,0,0,0,0,0,0,0,0,0,0,0,0,0,0,0,0,0,0,252101645,0,0,0,0,0
1788889140.280,0,0,0,0,0,0,0,770488096,3957075393024,1880992769024,0,0,0,0,0,0,0,0,0,0,0,0,0,0,0,0,0,0,0,0,0,0,0,0,0,0,0,0,0,0,0,0,0,0,0,0,0,0,0,0,0,0,0,0,0,0,0,0,0,0,0,0,0,0,0,0,0,0,1053002,241685340,102808480,0,0,0,0,0,0,0,0,0,0,0,0,0,0,0,0,0,0,0,0,0,0,0,0,0,0,0,0,0,0,0,0,0,0,0,0,0,12883066880,5130125312,786320,313118,0,112,786432,240846889,0,0,3759142649,12884901888,112991508,434493425,0,0,0,0,0,0,0,0,0,0,0,0,0,0,0,0,0,0,24692178,24692373,0,97,97,6268,329,49384317,35,0,0,0,0,0,0,0,1,0,0,0,0,0,0,0,0,0,0,27767072,0,58271742,500911,0,0,0,0,0,0,0,0,16384,0,0,0,0,0,0,0,0,0,0,0,4250,615,0,0,0,0,0,75063080,0,317,0,27,615,4250,0,0,0,0,0,0,0,0,0,0,0,0,0,0,0,0,0,0,0,0,0,0,0,0,0,0,0,0,0,0,0,0,0,0,0,0,0,0,0,0,0,0,0,0,0,0,0,0,0,0,0,0,0,321666438,0,0,0,370681211,0,0,0,0,0,0,0,118423702,241548625,468721639,166570734592,65696968,0,0,0,0,0,0,0,0,0,0,0,0,0,0,0,0,0,0,0,0,0,0,0,0,0,0,0,0,0,0,0,252104756,0,0,0,0,0
1788889141.309,0,0,0,0,0,0,0,770574566,3957734750720,1881284178432,0,0,0,0,0,0,0,0,0,0,0,0,0,0,0,0,0,0,0,0,0,0,0,0,0,0,0,0,0,0,0,0,0,0,0,0,0,0,0,0,0,0,0,0,0,0,0,0,0,0,0,0,0,0,0,0,0,0,1053129,241725675,102824805,0,0,0,0,0,0,0,0,0,0,0,0,0,0,0,0,0,0,0,0,0,0,0,0,0,0,0,0,0,0,0,0,0,0,0,0,0,12883116032,5114200064,786323,312146,0,109,786432,240887105,0,0,3759569002,12884901888,113027649,434538243,0,0,0,0,0,0,0,0,0,0,0,0,0,0,0,0,0,0,24695037,24695228,0,97,97,6268,329,49390037,35,0,0,0,0,0,0,0,1,0,0,0,0,0,0,0,0,0,0,27770284,0,58275043,500937,0,0,0,0,0,0,0,0,16384,0,0,0,0,0,0,0,0,0,0,0,4251,615,0,0,0,0,0,75071770,0,317,0,27,615,4251,0,0,0,0,0,0,0,0,0,0,0,0,0,0,0,0,0,0,0,0,0,0,0,0,0,0,0,0,0,0,0,0,0,0,0,0,0,0,0,0,0,0,0,0,0,0,0,0,0,0,0,0,0,321706989,0,0,0,370721667,0,0,0,0,0,0,0,118453823,241588895,468791426,166591573504,65713779,0,0,0,0,0,0,0,0,0,0,0,0,0,0,0,0,0,0,0,0,0,0,0,0,0,0,0,0,0,0,0,252107611,0,0,0,0,0
1788889142.336,0,0,0,0,0,0,0,770654029,3958336502272,1881536430592,0,0,0,0,0,0,0,0,0,0,0,0,0,0,0,0,0,0,0,0,0,0,0,0,0,0,0,0,0,0,0,0,0,0,0,0,0,0,0,0,0,0,0,0,0,0,0,0,0,0,0,0,0,0,0,0,0,0,1053263,241762471,102838849,0,0,0,0,0,0,0,0,0,0,0,0,0,0,0,0,0,0,0,0,0,0,0,0,0,0,0,0,0,0,0,0,0,0,0,0,0,12882968576,5114609664,786314,312171,0,118,786432,240923811,0,0,3759961086,12884901888,113062335,434579586,0,0,0,0,0,0,0,0,0,0,0,0,0,0,0,0,0,0,24697659,24697851,0,97,97,6268,329,49395289,35,0,0,0,0,0,0,0,1,0,0,0,0,0,0,0,0,0,0,27773235,0,58276702,500951,0,0,0,0,0,0,0,0,16384,0,0,0,0,0,0,0,0,0,0,0,4252,615,0,0,0,0,0,75079749,0,317,0,27,615,4252,0,0,0,0,0,0,0,0,0,0,0,0,0,0,0,0,0,0,0,0,0,0,0,0,0,0,0,0,0,0,0,0,0,0,0,0,0,0,0,0,0,0,0,0,0,0,0,0,0,0,0,0,0,321744184,0,0,0,370758806,0,0,0,0,0,0,0,118482060,241625645,468854953,166610711552,65729491,1,0,0,0,0,0,0,0,0,0,0,0,0,0,0,0,0,0,0,0,0,0,0,0,0,0,0,0,0,0,0,252110234,0,0,0,0,0
1788889143.362,0,0,0,0,0,0,0,770741851,3959005706752,1881813506560,0,0,0,0,0,0,0,0,0,0,0,0,0,0,0,0,0,0,0,0,0,0,0,0,0,0,0,0,0,0,0,0,0,0,0,0,0,0,0,0,0,0,0,0,0,0,0,0,0,0,0,0,0,0,0,0,0,0,1053458,241803417,102854270,0,0,0,0,0,0,0,0,0,0,0,0,0,0,0,0,0,0,0,0,0,0,0,0,0,0,0,0,0,0,0,0,0,0,0,0,0,12883099648,5118230528,786322,312392,0,110,786432,240964637,0,0,3760394879,12884901888,113100606,434625623,0,0,0,0,0,0,0,0,0,0,0,0,0,0,0,0,0,0,24700560,24700753,0,97,97,6268,329,49401093,35,0,0,0,0,0,0,0,1,0,0,0,0,0,0,0,0,0,0,27776499,0,58278465,500966,0,0,0,0,0,0,0,0,16384,0,0,0,0,0,0,0,0,0,0,0,4253,615,0,0,0,0,0,75088587,0,317,0,27,615,4253,0,0,0,0,0,0,0,0,0,0,0,0,0,0,0,0,0,0,0,0,0,0,0,0,0,0,0,0,0,0,0,0,0,0,0,0,0,0,0,0,0,0,0,0,0,0,0,0,0,0,0,0,0,321785376,0,0,0,370799820,0,0,0,0,0,0,0,118509454,241666515,468925104,166631900672,65743087,1,0,0,0,0,0,0,0,0,0,0,0,0,0,0,0,0,0,0,0,0,0,0,0,0,0,0,0,0,0,0,252113135,0,0,0,0,0
1788889144.389,0,0,0,0,0,0,0,770820187,3959598447104,1882068966400,0,0,0,0,0,0,0,0,0,0,0,0,0,0,0,0,0,0,0,0,0,0,0,0,0,0,0,0,0,0,0,0,0,0,0,0,0,0,0,0,0,0,0,0,0,0,0,0,0,0,0,0,0,0,0,0,0,0,1053574,241839630,102868383,0,0,0,0,0,0,0,0,0,0,0,0,0,0,0,0,0,0,0,0,0,0,0,0,0,0,0,0,0,0,0,0,0,0,0,0,0,12883755008,5112250368,786362,312027,0,69,786432,241000777,0,0,3760781291,12884901888,113134547,434666249,0,0,0,0,0,0,0,0,0,0,0,0,0,0,0,0,0,0,24703162,24703357,0,97,97,6268,329,49406286,35,0,0,0,0,0,0,0,1,0,0,0,0,0,0,0,0,0,0,27779426,0,58280568,500984,0,0,0,0,0,0,0,0,16384,0,0,0,0,0,0,0,0,0,0,0,4254,615,0,0,0,0,0,75096540,0,317,0,27,615,4254,0,0,0,0,0,0,0,0,0,0,0,0,0,0,0,0,0,0,0,0,0,0,0,0,0,0,0,0,0,0,0,0,0,0,0,0,0,0,0,0,0,0,0,0,0,0,0,0,0,0,0,0,0,321821885,0,0,0,370836453,0,0,0,0,0,0,0,118538402,241702725,468987866,166650656768,65759861,1,0,0,0,0,0,0,0,0,0,0,0,0,0,0,0,0,0,0,0,0,0,0,0,0,0,0,0,0,0,0,252115739,0,0,0,0,0
1788889145.418,0,0,0,0,0,0,0,770901196,3960214223360,1882314908160,0,0,0,0,0,0,0,0,0,0,0,0,0,0,0,0,0,0,0,0,0,0,0,0,0,0,0,0,0,0,0,0,0,0,0,0,0,0,0,0,0,0,0,0,0,0,0,0,0,0,0,0,0,0,0,0,0,0,1053707,241877303,102882193,0,0,0,0,0,0,0,0,0,0,0,0,0,0,0,0,0,0,0,0,0,0,0,0,0,0,0,0,0,0,0,0,0,0,0,0,0,12883034112,5121884160,786318,312615,0,115,786432,241038367,0,0,3761180546,12884901888,113169269,434708185,0,0,0,0,0,0,0,0,0,0,0,0,0,0,0,0,0,0,24705831,24706024,0,97,97,6268,329,49411613,35,0,0,0,0,0,0,0,1,0,0,0,0,0,0,0,0,0,0,27782424,0,58281919,500994,0,0,0,0,0,0,0,0,16384,0,0,0,0,0,0,0,0,0,0,0,4255,615,0,0,0,0,0,75104627,0,317,0,27,615,4255,0,0,0,0,0,0,0,0,0,0,0,0,0,0,0,0,0,0,0,0,0,0,0,0,0,0,0,0,0,0,0,0,0,0,0,0,0,0,0,0,0,0,0,0,0,0,0,0,0,0,0,0,0,321859452,0,0,0,370874209,0,0,0,0,0,0,0,118568290,241740335,469051370,166669978624,65777174,0,0,0,0,0,0,0,0,0,0,0,0,0,0,0,0,0,0,0,0,0,0,0,0,0,0,0,0,0,0,0,252118404,0,0,0,0,0
1788889146.445,0,0,0,0,0,0,0,770983571,3960844581376,1882593809920,0,0,0,0,0,0,0,0,0,0,0,0,0,0,0,0,0,0,0,0,0,0,0,0,0,0,0,0,0,0,0,0,0,0,0,0,0,0,0,0,0,0,0,0,0,0,0,0,0,0,0,0,0,0,0,0,0,0,1053859,241915848,102897821,0,0,0,0,0,0,0,0,0,0,0,0,0,0,0,0,0,0,0,0,0,0,0,0,0,0,0,0,0,0,0,0,0,0,0,0,0,12883296256,5106581504,786333,311681,0,99,786432,241076822,0,0,3761587233,12884901888,113203708,434751120,0,0,0,0,0,0,0,0,0,0,0,0,0,0,0,0,0,0,24708539,24708734,0,97,97,6268,329,49417040,35,0,0,0,0,0,0,0,1,0,0,0,0,0,0,0,0,0,0,27785475,0,58285117,501022,0,0,0,0,0,0,0,0,16384,0,0,0,0,0,0,0,0,0,0,0,4256,615,0,0,0,0,0,75112883,0,317,0,27,615,4256,0,0,0,0,0,0,0,0,0,0,0,0,0,0,0,0,0,0,0,0,0,0,0,0,0,0,0,0,0,0,0,0,0,0,0,0,0,0,0,0,0,0,0,0,0,0,0,0,0,0,0,0,0,321897796,0,0,0,370912673,0,0,0,0,0,0,0,118598191,241778820,469117674,166689705472,65794341,0,0,0,0,0,0,0,0,0,0,0,0,0,0,0,0,0,0,0,0,0,0,0,0,0,0,0,0,0,0,0,252121117,0,0,0,0,0
1788889147.473,0,0,0,0,0,0,0,771062612,3961443908096,1882823348224,0,0,0,0,0,0,0,0,0,0,0,0,0,0,0,0,0,0,0,0,0,0,0,0,0,0,0,0,0,0,0,0,0,0,0,0,0,0,0,0,0,0,0,0,0,0,0,0,0,0,0,0,0,0,0,0,0,0,1053998,241952520,102910494,0,0,0,0,0,0,0,0,0,0,0,0,0,0,0,0,0,0,0,0,0,0,0,0,0,0,0,0,0,0,0,0,0,0,0,0,0,12883197952,5128503296,786328,313019,0,103,786432,241113413,0,0,3761977504,12884901888,113239421,434792193,0,0,0,0,0,0,0,0,0,0,0,0,0,0,0,0,0,0,24711153,24711350,0,97,97,6268,329,49422273,35,0,0,0,0,0,0,0,1,0,0,0,0,0,0,0,0,0,0,27788415,0,58285245,501023,0,0,0,0,0,0,0,0,16384,0,0,0,0,0,0,0,0,0,0,0,4257,615,0,0,0,0,0,75120811,0,317,0,27,615,4257,0,0,0,0,0,0,0,0,0,0,0,0,0,0,0,0,0,0,0,0,0,0,0,0,0,0,0,0,0,0,0,0,0,0,0,0,0,0,0,0,0,0,0,0,0,0,0,0,0,0,0,0,0,321934565,0,0,0,370949636,0,0,0,0,0,0,0,118628687,241815419,469179537,166708610560,65812334,1,1,0,0,0,0,0,0,0,0,0,0,0,0,0,0,0,0,0,0,0,0,0,0,0,0,0,0,0,0,0,252123732,0,0,0,0,0
1788889148.501,0,0,0,0,0,0,0,771151732,3962123106816,1883120806912,0,0,0,0,0,0,0,0,0,0,0,0,0,0,0,0,0,0,0,0,0,0,0,0,0,0,0,0,0,0,0,0,0,0,0,0,0,0,0,0,0,0,0,0,0,0,0,0,0,0,0,0,0,0,0,0,0,0,1054156,241994066,102927149,0,0,0,0,0,0,0,0,0,0,0,0,0,0,0,0,0,0,0,0,0,0,0,0,0,0,0,0,0,0,0,0,0,0,0,0,0,12882935808,5115936768,786312,312252,0,120,786432,241154871,0,0,3762417378,12884901888,113276580,434838582,0,0,0,0,0,0,0,0,0,0,0,0,0,0,0,0,0,0,24714099,24714293,0,97,97,6268,329,49428185,35,0,0,0,0,0,0,0,1,0,0,0,0,0,0,0,0,0,0,27791728,0,58288429,501049,0,0,0,0,0,0,0,0,16384,0,0,0,0,0,0,0,0,0,0,0,4258,615,0,0,0,0,0,75129773,0,317,0,27,615,4258,0,0,0,0,0,0,0,0,0,0,0,0,0,0,0,0,0,0,0,0,0,0,0,0,0,0,0,0,0,0,0,0,0,0,0,0,0,0,0,0,0,0,0,0,0,0,0,0,0,0,0,0,0,321976114,0,0,0,370991379,0,0,0,0,0,0,0,118659096,241856907,469251101,166729971712,65828997,1,0,0,0,0,0,0,0,0,0,0,0,0,0,0,0,0,0,0,0,0,0,0,0,0,0,0,0,0,0,0,252126677,0,0,0,0,0
1788889149.529,0,0,0,0,0,0,0,771238165,3962781809152,1883412398080,0,0,0,0,0,0,0,0,0,0,0,0,0,0,0,0,0,0,0,0,0,0,0,0,0,0,0,0,0,0,0,0,0,0,0,0,0,0,0,0,0,0,0,0,0,0,0,0,0,0,0,0,0,0,0,0,0,0,1054327,242034344,102943501,0,0,0,0,0,0,0,0,0,0,0,0,0,0,0,0,0,0,0,0,0,0,0,0,0,0,0,0,0,0,0,0,0,0,0,0,0,12883099648,5099503616,786321,311249,1,111,786432,241195038,0,0,3762843916,12884901888,113312507,434883513,0,0,0,0,0,0,0,0,0,0,0,0,0,0,0,0,0,0,24716961,24717149,0,97,97,6268,329,49433878,35,0,0,0,0,0,0,0,1,0,0,0,0,0,0,0,0,0,0,27794938,0,58291813,501077,0,0,0,0,0,0,0,0,16384,0,0,0,0,0,0,0,0,0,0,0,4259,615,0,0,0,0,0,75138455,0,317,0,27,615,4259,0,0,0,0,0,0,0,0,0,0,0,0,0,0,0,0,0,0,0,0,0,0,0,0,0,0,0,0,0,0,0,0,0,0,0,0,0,0,0,0,0,0,0,0,0,0,0,0,0,0,0,0,0,322016007,0,0,0,371031699,0,0,0,0,0,0,0,118689683,241897125,469320220,166750474752,65846311,1,0,0,0,0,0,0,0,0,0,0,0,0,0,0,0,0,0,0,0,0,0,0,0,0,0,0,0,0,0,0,252129531,0,0,0,0,0
1788889150.555,0,0,0,0,0,0,0,771326188,3963447998976,1883705894912,0,0,0,0,0,0,0,0,0,0,0,0,0,0,0,0,0,0,0,0,0,0,0,0,0,0,0,0,0,0,0,0,0,0,0,0,0,0,0,0,0,0,0,0,0,0,0,0,0,0,0,0,0,0,0,0,0,0,1054489,242075093,102959919,0,0,0,0,0,0,0,0,0,0,0,0,0,0,0,0,0,0,0,0,0,0,0,0,0,0,0,0,0,0,0,0,0,0,0,0,0,12883214336,5086543872,786329,310458,0,103,786432,241235683,0,0,3763277918,12884901888,113348166,434929472,0,0,0,0,0,0,0,0,0,0,0,0,0,0,0,0,0,0,24719864,24720060,0,97,97,6268,329,49439702,35,0,0,0,0,0,0,0,1,0,0,0,0,0,0,0,0,0,0,27798214,0,58295284,501105,0,0,0,0,0,0,0,0,16384,0,0,0,0,0,0,0,0,0,0,0,4260,615,0,0,0,0,0,75147308,0,317,0,27,615,4260,0,0,0,0,0,0,0,0,0,0,0,0,0,0,0,0,0,0,0,0,0,0,0,0,0,0,0,0,0,0,0,0,0,0,0,0,0,0,0,0,0,0,0,0,0,0,0,0,0,0,0,0,0,322056931,0,0,0,371072837,0,0,0,0,0,0,0,118719525,241937800,469390432,166771544576,65862954,0,0,0,0,0,0,0,0,0,0,0,0,0,0,0,0,0,0,0,0,0,0,0,0,0,0,0,0,0,0,0,252132444,0,0,0,0,0
1788889151.581,0,0,0,0,0,0,0,771407161,3964063857152,1883941389312,0,0,0,0,0,0,0,0,0,0,0,0,0,0,0,0,0,0,0,0,0,0,0,0,0,0,0,0,0,0,0,0,0,0,0,0,0,0,0,0,0,0,0,0,0,0,0,0,0,0,0,0,0,0,0,0,0,0,1054634,242112760,102972944,0,0,0,0,0,0,0,0,0,0,0,0,0,0,0,0,0,0,0,0,0,0,0,0,0,0,0,0,0,0,0,0,0,0,0,0,0,12882870272,5109284864,786308,311846,0,124,786432,241273255,0,0,3763675782,12884901888,113383682,434971507,0,0,0,0,0,0,0,0,0,0,0,0,0,0,0,0,0,0,24722532,24722727,0,97,97,6268,329,49445038,35,0,0,0,0,0,0,0,1,0,0,0,0,0,0,0,0,0,0,27801215,0,58295755,501109,0,0,0,0,0,0,0,0,16384,0,0,0,0,0,0,0,0,0,0,0,4261,615,0,0,0,0,0,75155427,0,317,0,27,615,4261,0,0,0,0,0,0,0,0,0,0,0,0,0,0,0,0,0,0,0,0,0,0,0,0,0,0,0,0,0,0,0,0,0,0,0,0,0,0,0,0,0,0,0,0,0,0,0,0,0,0,0,0,0,322094510,0,0,0,371110617,0,0,0,0,0,0,0,118750091,241975423,469453447,166790879232,65880956,1,0,0,0,0,0,0,0,0,0,0,0,0,0,0,0,0,0,0,0,0,0,0,0,0,0,0,0,0,0,0,252135111,0,0,0,0,0
1788889152.609,0,0,0,0,0,0,0,771488845,3964688448000,1884187282944,0,0,0,0,0,0,0,0,0,0,0,0,0,0,0,0,0,0,0,0,0,0,0,0,0,0,0,0,0,0,0,0,0,0,0,0,0,0,0,0,0,0,0,0,0,0,0,0,0,0,0,0,0,0,0,0,0,0,1054792,242150899,102986490,0,0,0,0,0,0,0,0,0,0,0,0,0,0,0,0,0,0,0,0,0,0,0,0,0,0,0,0,0,0,0,0,0,0,0,0,0,12883640320,5127028736,786355,312929,8,69,786432,241311304,0,0,3764079698,12884901888,113419810,435014416,0,0,0,0,0,0,0,0,0,0,0,0,0,0,0,0,0,0,24725248,24725440,0,97,97,6268,329,49450455,35,0,0,0,0,0,0,0,1,0,0,0,0,0,0,0,0,0,0,27804266,0,58296360,501115,0,0,0,0,0,0,0,0,16384,0,0,0,0,0,0,0,0,0,0,0,4262,615,0,0,0,0,0,75163652,0,317,0,27,615,4262,0,0,0,0,0,0,0,0,0,0,0,0,0,0,0,0,0,0,0,0,0,0,0,0,0,0,0,0,0,0,0,0,0,0,0,0,0,0,0,0,0,0,0,0,0,0,0,0,0,0,0,0,0,322132149,0,0,0,371149019,0,0,0,0,0,0,0,118780229,242013554,469517520,166810275328,65898233,1,0,0,0,0,0,0,0,0,0,0,0,0,0,0,0,0,0,0,0,0,0,0,0,0,0,0,0,0,0,0,252137823,0,0,0,0,0
1788889153.637,0,0,0,0,0,0,0,771578943,3965369661952,1884483318784,0,0,0,0,0,0,0,0,0,0,0,0,0,0,0,0,0,0,0,0,0,0,0,0,0,0,0,0,0,0,0,0,0,0,0,0,0,0,0,0,0,0,0,0,0,0,0,0,0,0,0,0,0,0,0,0,0,0,1054954,242192584,103003129,0,0,0,0,0,0,0,0,0,0,0,0,0,0,0,0,0,0,0,0,0,0,0,0,0,0,0,0,0,0,0,0,0,0,0,0,0,12883214336,5114953728,786330,312192,0,103,786432,241352877,0,0,3764524018,12884901888,113458048,435061169,0,0,0,0,0,0,0,0,0,0,0,0,0,0,0,0,0,0,24728207,24728404,0,97,97,6268,329,49456385,35,0,0,0,0,0,0,0,1,0,0,0,0,0,0,0,0,0,0,27807600,0,58299344,501138,0,0,0,0,0,0,0,0,16384,0,0,0,0,0,0,0,0,0,0,0,4263,615,0,0,0,0,0,75172664,0,317,0,27,615,4263,0,0,0,0,0,0,0,0,0,0,0,0,0,0,0,0,0,0,0,0,0,0,0,0,0,0,0,0,0,0,0,0,0,0,0,0,0,0,0,0,0,0,0,0,0,0,0,0,0,0,0,0,0,322173666,0,0,0,371190901,0,0,0,0,0,0,0,118810492,242055151,469589161,166831695360,65914530,1,0,0,0,0,0,0,0,0,0,0,0,0,0,0,0,0,0,0,0,0,0,0,0,0,0,0,0,0,0,0,252140785,0,0,0,0,0
1788889154.665,0,0,0,0,0,0,0,771676735,3966114773504,1884807789056,0,0,0,0,0,0,0,0,0,0,0,0,0,0,0,0,0,0,0,0,0,0,0,0,0,0,0,0,0,0,0,0,0,0,0,0,0,0,0,0,0,0,0,0,0,0,0,0,0,0,0,0,0,0,0,0,0,0,1055138,242238175,103021289,0,0,0,0,0,0,0,0,0,0,0,0,0,0,0,0,0,0,0,0,0,0,0,0,0,0,0,0,0,0,0,0,0,0,0,0,0,12883197952,5103026176,786328,311464,0,104,786432,241398337,0,0,3765007213,12884901888,113499399,435112201,0,0,0,0,0,0,0,0,0,0,0,0,0,0,0,0,0,0,24731437,24731632,0,97,97,6268,329,49462851,35,0,0,0,0,0,0,0,1,0,0,0,0,0,0,0,0,0,0,27811231,0,58302733,501165,0,0,0,0,0,0,0,0,16384,0,0,0,0,0,0,0,0,0,0,0,4264,615,0,0,0,0,0,75182494,0,317,0,27,615,4264,0,0,0,0,0,0,0,0,0,0,0,0,0,0,0,0,0,0,0,0,0,0,0,0,0,0,0,0,0,0,0,0,0,0,0,0,0,0,0,0,0,0,0,0,0,0,0,0,0,0,0,0,0,322219128,0,0,0,371236543,0,0,0,0,0,0,0,118842151,242100656,469667412,166855098368,65931151,0,0,0,0,0,0,0,0,0,0,0,0,0,0,0,0,0,0,0,0,0,0,0,0,0,0,0,0,0,0,0,252144016,0,0,0,0,0
1788889155.693,0,0,0,0,0,0,0,771754727,3966708087296,1885040417792,0,0,0,0,0,0,0,0,0,0,0,0,0,0,0,0,0,0,0,0,0,0,0,0,0,0,0,0,0,0,0,0,0,0,0,0,0,0,0,0,0,0,0,0,0,0,0,0,0,0,0,0,0,0,0,0,0,0,1055270,242274455,103034162,0,0,0,0,0,0,0,0,0,0,0,0,0,0,0,0,0,0,0,0,0,0,0,0,0,0,0,0,0,0,0,0,0,0,0,0,0,12882984960,5120737280,786315,312545,0,117,786432,241434544,0,0,3765392178,12884901888,113533440,435152877,0,0,0,0,0,0,0,0,0,0,0,0,0,0,0,0,0,0,24734014,24734206,0,97,97,6268,329,49468001,35,0,0,0,0,0,0,0,1,0,0,0,0,0,0,0,0,0,0,27814127,0,58303203,501170,0,0,0,0,0,0,0,0,16384,0,0,0,0,0,0,0,0,0,0,0,4265,615,0,0,0,0,0,75190307,0,317,0,27,615,4265,0,0,0,0,0,0,0,0,0,0,0,0,0,0,0,0,0,0,0,0,0,0,0,0,0,0,0,0,0,0,0,0,0,0,0,0,0,0,0,0,0,0,0,0,0,0,0,0,0,0,0,0,0,322255510,0,0,0,371273009,0,0,0,0,0,0,0,118872229,242136886,469728821,166873860608,65948928,0,0,0,0,0,0,0,0,0,0,0,0,0,0,0,0,0,0,0,0,0,0,0,0,0,0,0,0,0,0,0,252146590,0,0,0,0,0
1788889156.719,0,0,0,0,0,0,0,771833630,3967310182912,1885272677888,0,0,0,0,0,0,0,0,0,0,0,0,0,0,0,0,0,0,0,0,0,0,0,0,0,0,0,0,0,0,0,0,0,0,0,0,0,0,0,0,0,0,0,0,0,0,0,0,0,0,0,0,0,0,0,0,0,0,1055406,242311262,103046993,0,0,0,0,0,0,0,0,0,0,0,0,0,0,0,0,0,0,0,0,0,0,0,0,0,0,0,0,0,0,0,0,0,0,0,0,0,12883214336,5138972672,786330,313658,0,101,786432,241471274,0,0,3765782180,12884901888,113569268,435193855,0,0,0,0,0,0,0,0,0,0,0,0,0,0,0,0,0,0,24736616,24736812,0,97,97,6268,329,49473197,35,0,0,0,0,0,0,0,1,0,0,0,0,0,0,0,0,0,0,27817055,0,58303459,501171,0,0,0,0,0,0,0,0,16384,0,0,0,0,0,0,0,0,0,0,0,4266,615,0,0,0,0,0,75198231,0,317,0,27,615,4266,0,0,0,0,0,0,0,0,0,0,0,0,0,0,0,0,0,0,0,0,0,0,0,0,0,0,0,0,0,0,0,0,0,0,0,0,0,0,0,0,0,0,0,0,0,0,0,0,0,0,0,0,0,322292182,0,0,0,371309788,0,0,0,0,0,0,0,118902778,242173651,469790941,166892742656,65966815,1,0,0,0,0,0,0,0,0,0,0,0,0,0,0,0,0,0,0,0,0,0,0,0,0,0,0,0,0,0,0,252149193,0,0,0,0,0
1788889157.747,0,0,0,0,0,0,0,771923499,3967998589440,1885576512512,0,0,0,0,0,0,0,0,0,0,0,0,0,0,0,0,0,0,0,0,0,0,0,0,0,0,0,0,0,0,0,0,0,0,0,0,0,0,0,0,0,0,0,0,0,0,0,0,0,0,0,0,0,0,0,0,0,0,1055583,242353369,103064034,0,0,0,0,0,0,0,0,0,0,0,0,0,0,0,0,0,0,0,0,0,0,0,0,0,0,0,0,0,0,0,0,0,0,0,0,0,12883066880,5123309568,786320,312703,0,112,786432,241513275,0,0,3766226071,12884901888,113607439,435240981,0,0,0,0,0,0,0,0,0,0,0,0,0,0,0,0,0,0,24739593,24739786,0,97,97,6268,329,49479152,35,0,0,0,0,0,0,0,1,0,0,0,0,0,0,0,0,0,0,27820401,0,58306722,501197,0,0,0,0,0,0,0,0,16384,0,0,0,0,0,0,0,0,0,0,0,4267,615,0,0,0,0,0,75207281,0,317,0,27,615,4267,0,0,0,0,0,0,0,0,0,0,0,0,0,0,0,0,0,0,0,0,0,0,0,0,0,0,0,0,0,0,0,0,0,0,0,0,0,0,0,0,0,0,0,0,0,0,0,0,0,0,0,0,0,322333820,0,0,0,371351916,0,0,0,0,0,0,0,118933608,242215698,469863271,166914203648,65983604,1,0,0,0,0,0,0,0,0,0,0,0,0,0,0,0,0,0,0,0,0,0,0,0,0,0,0,0,0,0,0,252152168,0,0,0,0,0
1788889158.774,0,0,0,0,0,0,0,772008615,3968647150080,1885864624640,0,0,0,0,0,0,0,0,0,0,0,0,0,0,0,0,0,0,0,0,0,0,0,0,0,0,0,0,0,0,0,0,0,0,0,0,0,0,0,0,0,0,0,0,0,0,0,0,0,0,0,0,0,0,0,0,0,0,1055726,242393021,103080172,0,0,0,0,0,0,0,0,0,0,0,0,0,0,0,0,0,0,0,0,0,0,0,0,0,0,0,0,0,0,0,0,0,0,0,0,0,12883263488,5104599040,786331,311560,1,99,786432,241552836,0,0,3766645918,12884901888,113643017,435285029,0,0,0,0,0,0,0,0,0,0,0,0,0,0,0,0,0,0,24742403,24742599,0,97,97,6268,329,49484768,35,0,0,0,0,0,0,0,1,0,0,0,0,0,0,0,0,0,0,27823567,0,58310015,501224,0,0,0,0,0,0,0,0,16384,0,0,0,0,0,0,0,0,0,0,0,4268,615,0,0,0,0,0,75215858,0,317,0,27,615,4268,0,0,0,0,0,0,0,0,0,0,0,0,0,0,0,0,0,0,0,0,0,0,0,0,0,0,0,0,0,0,0,0,0,0,0,0,0,0,0,0,0,0,0,0,0,0,0,0,0,0,0,0,0,322373600,0,0,0,371391599,0,0,0,0,0,0,0,118963520,242255307,469931948,166934659584,66000390,1,1,0,0,0,0,0,0,0,0,0,0,0,0,0,0,0,0,0,0,0,0,0,0,0,0,0,0,0,0,0,252154983,0,0,0,0,0
1788889159.802,0,0,0,0,0,0,0,772092348,3969287141888,1886111421440,0,0,0,0,0,0,0,0,0,0,0,0,0,0,0,0,0,0,0,0,0,0,0,0,0,0,0,0,0,0,0,0,0,0,0,0,0,0,0,0,0,0,0,0,0,0,0,0,0,0,0,0,0,0,0,0,0,0,1055893,242432154,103093819,0,0,0,0,0,0,0,0,0,0,0,0,0,0,0,0,0,0,0,0,0,0,0,0,0,0,0,0,0,0,0,0,0,0,0,0,0,12883132416,5124587520,786324,312780,0,108,786432,241591858,0,0,3767059652,12884901888,113681021,435328684,0,0,0,0,0,0,0,0,0,0,0,0,0,0,0,0,0,0,24745174,24745367,0,97,97,6268,329,49490299,35,0,0,0,0,0,0,0,1,0,0,0,0,0,0,0,0,0,0,27826682,0,58310143,501225,0,0,0,0,0,0,0,0,16384,0,0,0,0,0,0,0,0,0,0,0,4269,615,0,0,0,0,0,75224278,0,317,0,27,615,4269,0,0,0,0,0,0,0,0,0,0,0,0,0,0,0,0,0,0,0,0,0,0,0,0,0,0,0,0,0,0,0,0,0,0,0,0,0,0,0,0,0,0,0,0,0,0,0,0,0,0,0,0,0,322412728,0,0,0,371430700,0,0,0,0,0,0,0,118993696,242294369,469998162,166954798592,66017090,0,0,0,0,0,0,0,0,0,0,0,0,0,0,0,0,0,0,0,0,0,0,0,0,0,0,0,0,0,0,0,252157751,0,0,0,0,0
1788889160.829,0,0,0,0,0,0,0,772181326,3969964177920,1886407527936,0,0,0,0,0,0,0,0,0,0,0,0,0,0,0,0,0,0,0,0,0,0,0,0,0,0,0,0,0,0,0,0,0,0,0,0,0,0,0,0,0,0,0,0,0,0,0,0,0,0,0,0,0,0,0,0,0,0,1056042,242473549,103110372,0,0,0,0,0,0,0,0,0,0,0,0,0,0,0,0,0,0,0,0,0,0,0,0,0,0,0,0,0,0,0,0,0,0,0,0,0,12883083264,5112496128,786321,312042,0,111,786432,241633137,0,0,3767498392,12884901888,113718588,435375057,0,0,0,0,0,0,0,0,0,0,0,0,0,0,0,0,0,0,24748104,24748303,0,97,97,6268,329,49496177,35,0,0,0,0,0,0,0,1,0,0,0,0,0,0,0,0,0,0,27829985,0,58313349,501251,0,0,0,0,0,0,0,0,16384,0,0,0,0,0,0,0,0,0,0,0,4270,615,0,0,0,0,0,75233197,0,317,0,27,615,4270,0,0,0,0,0,0,0,0,0,0,0,0,0,0,0,0,0,0,0,0,0,0,0,0,0,0,0,0,0,0,0,0,0,0,0,0,0,0,0,0,0,0,0,0,0,0,0,0,0,0,0,0,0,322454582,0,0,0,371472348,0,0,0,0,0,0,0,119022004,242335693,470069806,166976338944,66031813,0,0,0,0,0,0,0,0,0,0,0,0,0,0,0,0,0,0,0,0,0,0,0,0,0,0,0,0,0,0,0,252160687,0,0,0,0,0
1788889161.855,0,0,0,0,0,0,0,772274704,3970673867264,1886719781888,0,0,0,0,0,0,0,0,0,0,0,0,0,0,0,0,0,0,0,0,0,0,0,0,0,0,0,0,0,0,0,0,0,0,0,0,0,0,0,0,0,0,0,0,0,0,0,0,0,0,0,0,0,0,0,0,0,0,1056210,242516951,103127869,0,0,0,0,0,0,0,0,0,0,0,0,0,0,0,0,0,0,0,0,0,0,0,0,0,0,0,0,0,0,0,0,0,0,0,0,0,12883083264,5097684992,786321,311138,0,111,786432,241676395,0,0,3767959762,12884901888,113757902,435423644,0,0,0,0,0,0,0,0,0,0,0,0,0,0,0,0,0,0,24751190,24751386,0,97,97,6268,329,49502349,35,0,0,0,0,0,0,0,1,0,0,0,0,0,0,0,0,0,0,27833450,0,58316675,501278,0,0,0,0,0,0,0,0,16384,0,0,0,0,0,0,0,0,0,0,0,4271,615,0,0,0,0,0,75242573,0,317,0,27,615,4271,0,0,0,0,0,0,0,0,0,0,0,0,0,0,0,0,0,0,0,0,0,0,0,0,0,0,0,0,0,0,0,0,0,0,0,0,0,0,0,0,0,0,0,0,0,0,0,0,0,0,0,0,0,322497881,0,0,0,371516012,0,0,0,0,0,0,0,119051269,242379033,470144658,166998641664,66046642,1,0,0,0,0,0,0,0,0,0,0,0,0,0,0,0,0,0,0,0,0,0,0,0,0,0,0,0,0,0,0,252163768,0,0,0,0,0
1788889162.882,0,0,0,0,0,0,0,772351070,3971255122432,1886944458240,0,0,0,0,0,0,0,0,0,0,0,0,0,0,0,0,0,0,0,0,0,0,0,0,0,0,0,0,0,0,0,0,0,0,0,0,0,0,0,0,0,0,0,0,0,0,0,0,0,0,0,0,0,0,0,0,0,0,1056350,242552514,103140285,0,0,0,0,0,0,0,0,0,0,0,0,0,0,0,0,0,0,0,0,0,0,0,0,0,0,0,0,0,0,0,0,0,0,0,0,0,12883148800,5116297216,786325,312274,0,107,786432,241711877,0,0,3768336899,12884901888,113792489,435463366,0,0,0,0,0,0,0,0,0,0,0,0,0,0,0,0,0,0,24753709,24753906,0,97,97,6268,329,49507386,35,0,0,0,0,0,0,0,1,0,0,0,0,0,0,0,0,0,0,27836285,0,58316803,501279,0,0,0,0,0,0,0,0,16384,0,0,0,0,0,0,0,0,0,0,0,4272,615,0,0,0,0,0,75250241,0,317,0,27,615,4272,0,0,0,0,0,0,0,0,0,0,0,0,0,0,0,0,0,0,0,0,0,0,0,0,0,0,0,0,0,0,0,0,0,0,0,0,0,0,0,0,0,0,0,0,0,0,0,0,0,0,0,0,0,322533591,0,0,0,371551655,0,0,0,0,0,0,0,119080329,242414532,470204961,167016998400,66063440,1,0,0,0,0,0,0,0,0,0,0,0,0,0,0,0,0,0,0,0,0,0,0,0,0,0,0,0,0,0,0,252166288,0,0,0,0,0
1788889163.910,0,0,0,0,0,0,0,772437191,3971907500544,1887236832768,0,0,0,0,0,0,0,0,0,0,0,0,0,0,0,0,0,0,0,0,0,0,0,0,0,0,0,0,0,0,0,0,0,0,0,0,0,0,0,0,0,0,0,0,0,0,0,0,0,0,0,0,0,0,0,0,0,0,1056527,242592399,103156670,0,0,0,0,0,0,0,0,0,0,0,0,0,0,0,0,0,0,0,0,0,0,0,0,0,0,0,0,0,0,0,0,0,0,0,0,0,12883034112,5097406464,786317,311121,0,115,786432,241751680,0,0,3768760501,12884901888,113828354,435508295,0,0,0,0,0,0,0,0,0,0,0,0,0,0,0,0,0,0,24756575,24756769,0,97,97,6268,329,49513115,35,0,0,0,0,0,0,0,1,0,0,0,0,0,0,0,0,0,0,27839506,0,58320193,501306,0,0,0,0,0,0,0,0,16384,0,0,0,0,0,0,0,0,0,0,0,4273,615,0,0,0,0,0,75258936,0,317,0,27,615,4273,0,0,0,0,0,0,0,0,0,0,0,0,0,0,0,0,0,0,0,0,0,0,0,0,0,0,0,0,0,0,0,0,0,0,0,0,0,0,0,0,0,0,0,0,0,0,0,0,0,0,0,0,0,322573669,0,0,0,371591956,0,0,0,0,0,0,0,119110282,242454370,470274306,167037624832,66080081,1,0,0,0,0,0,0,0,0,0,0,0,0,0,0,0,0,0,0,0,0,0,0,0,0,0,0,0,0,0,0,252169152,0,0,0,0,0
1788889164.937,0,0,0,0,0,0,0,772532671,3972631919104,1887546801664,0,0,0,0,0,0,0,0,0,0,0,0,0,0,0,0,0,0,0,0,0,0,0,0,0,0,0,0,0,0,0,0,0,0,0,0,0,0,0,0,0,0,0,0,0,0,0,0,0,0,0,0,0,0,0,0,0,0,1056706,242636720,103174006,0,0,0,0,0,0,0,0,0,0,0,0,0,0,0,0,0,0,0,0,0,0,0,0,0,0,0,0,0,0,0,0,0,0,0,0,0,12883148800,5090492416,786325,310699,0,106,786432,241795869,0,0,3769233122,12884901888,113868295,435558096,0,0,0,0,0,0,0,0,0,0,0,0,0,0,0,0,0,0,24759731,24759929,0,97,97,6268,329,49519418,35,0,0,0,0,0,0,0,1,0,0,0,0,0,0,0,0,0,0,27843061,0,58323416,501332,0,0,0,0,0,0,0,0,16384,0,0,0,0,0,0,0,0,0,0,0,4274,615,0,0,0,0,0,75268557,0,317,0,27,615,4274,0,0,0,0,0,0,0,0,0,0,0,0,0,0,0,0,0,0,0,0,0,0,0,0,0,0,0,0,0,0,0,0,0,0,0,0,0,0,0,0,0,0,0,0,0,0,0,0,0,0,0,0,0,322617587,0,0,0,371636528,0,0,0,0,0,0,0,119141419,242498616,470349545,167060247040,66096864,1,0,0,0,0,0,0,0,0,0,0,0,0,0,0,0,0,0,0,0,0,0,0,0,0,0,0,0,0,0,0,252172313,0,0,0,0,0
1788889165.964,0,0,0,0,0,0,0,772620734,3973302991360,1887841967104,0,0,0,0,0,0,0,0,0,0,0,0,0,0,0,0,0,0,0,0,0,0,0,0,0,0,0,0,0,0,0,0,0,0,0,0,0,0,0,0,0,0,0,0,0,0,0,0,0,0,0,0,0,0,0,0,0,0,1056845,242677764,103190567,0,0,0,0,0,0,0,0,0,0,0,0,0,0,0,0,0,0,0,0,0,0,0,0,0,0,0,0,0,0,0,0,0,0,0,0,0,12883099648,5076385792,786322,309838,1,108,786432,241836803,0,0,3769667755,12884901888,113905343,435603804,0,0,0,0,0,0,0,0,0,0,0,0,0,0,0,0,0,0,24762635,24762832,0,97,97,6268,329,49525234,35,0,0,0,0,0,0,0,1,0,0,0,0,0,0,0,0,0,0,27846324,0,58326642,501360,0,0,0,0,0,0,0,0,16384,0,0,0,0,0,0,0,0,0,0,0,4275,615,0,0,0,0,0,75277344,0,317,0,27,615,4275,0,0,0,0,0,0,0,0,0,0,0,0,0,0,0,0,0,0,0,0,0,0,0,0,0,0,0,0,0,0,0,0,0,0,0,0,0,0,0,0,0,0,0,0,0,0,0,0,0,0,0,0,0,322657855,0,0,0,371677695,0,0,0,0,0,0,0,119172114,242539616,470419623,167080949760,66113916,1,0,0,0,0,0,0,0,0,0,0,0,0,0,0,0,0,0,0,0,0,0,0,0,0,0,0,0,0,0,0,252175212,0,0,0,0,0
1788889166.991,0,0,0,0,0,0,0,772698702,3973896010240,1888069591040,0,0,0,0,0,0,0,0,0,0,0,0,0,0,0,0,0,0,0,0,0,0,0,0,0,0,0,0,0,0,0,0,0,0,0,0,0,0,0,0,0,0,0,0,0,0,0,0,0,0,0,0,0,0,0,0,0,0,1056987,242714035,103203144,0,0,0,0,0,0,0,0,0,0,0,0,0,0,0,0,0,0,0,0,0,0,0,0,0,0,0,0,0,0,0,0,0,0,0,0,0,12883034112,5098192896,786318,311169,0,114,786432,241873009,0,0,3770050675,12884901888,113940663,435644477,0,0,0,0,0,0,0,0,0,0,0,0,0,0,0,0,0,0,24765209,24765405,0,97,97,6268,329,49530382,35,0,0,0,0,0,0,0,1,0,0,0,0,0,0,0,0,0,0,27849220,0,58326770,501361,0,0,0,0,0,0,0,0,16384,0,0,0,0,0,0,0,0,0,0,0,4276,615,0,0,0,0,0,75285177,0,317,0,27,615,4276,0,0,0,0,0,0,0,0,0,0,0,0,0,0,0,0,0,0,0,0,0,0,0,0,0,0,0,0,0,0,0,0,0,0,0,0,0,0,0,0,0,0,0,0,0,0,0,0,0,0,0,0,0,322693835,0,0,0,371714151,0,0,0,0,0,0,0,119201709,242575830,470480546,167099461632,66131088,0,0,0,0,0,0,0,0,0,0,0,0,0,0,0,0,0,0,0,0,0,0,0,0,0,0,0,0,0,0,0,252177787,0,0,0,0,0
1788889168.019,0,0,0,0,0,0,0,772784026,3974545029632,1888357898752,0,0,0,0,0,0,0,0,0,0,0,0,0,0,0,0,0,0,0,0,0,0,0,0,0,0,0,0,0,0,0,0,0,0,0,0,0,0,0,0,0,0,0,0,0,0,0,0,0,0,0,0,0,0,0,0,0,0,1057153,242753731,103219317,0,0,0,0,0,0,0,0,0,0,0,0,0,0,0,0,0,0,0,0,0,0,0,0,0,0,0,0,0,0,0,0,0,0,0,0,0,12878872576,5081006080,786064,310120,263,105,786432,241912619,0,0,3770472093,12884901888,113976661,435688971,0,0,0,0,0,0,0,0,0,0,0,0,0,0,0,0,0,0,24768025,24768219,0,97,97,6268,329,49536023,35,0,0,0,0,0,0,0,1,0,0,0,0,0,0,0,0,0,0,27852385,0,58330036,501387,0,0,0,0,0,0,0,0,16384,0,0,0,0,0,0,0,0,0,0,0,4277,615,0,0,0,0,0,75293728,0,317,0,27,615,4277,0,0,0,0,0,0,0,0,0,0,0,0,0,0,0,0,0,0,0,0,0,0,0,0,0,0,0,0,0,0,0,0,0,0,0,0,0,0,0,0,0,0,0,0,0,0,0,0,0,0,0,0,0,322733357,0,0,0,371753985,0,0,0,0,0,0,0,119231150,242615475,470549045,167119787008,66147340,1,0,0,0,0,0,0,0,0,0,0,0,0,0,0,0,0,0,0,0,0,0,0,0,0,0,0,0,0,0,0,252180601,0,0,0,0,0
1788889169.047,0,0,0,0,0,0,0,772866390,3975171570176,1888598431232,0,0,0,0,0,0,0,0,0,0,0,0,0,0,0,0,0,0,0,0,0,0,0,0,0,0,0,0,0,0,0,0,0,0,0,0,0,0,0,0,0,0,0,0,0,0,0,0,0,0,0,0,0,0,0,0,0,0,1057317,242792043,103232608,0,0,0,0,0,0,0,0,0,0,0,0,0,0,0,0,0,0,0,0,0,0,0,0,0,0,0,0,0,0,0,0,0,0,0,0,0,12883165184,5101060096,786327,311344,0,106,786432,241950849,0,0,3770879454,12884901888,114013289,435731799,0,0,0,0,0,0,0,0,0,0,0,0,0,0,0,0,0,0,24770766,24770959,0,97,97,6268,329,49541493,35,0,0,0,0,0,0,0,1,0,0,0,0,0,0,0,0,0,0,27855465,0,58330270,501389,0,0,0,0,0,0,0,0,16384,0,0,0,0,0,0,0,0,0,0,0,4278,615,0,0,0,0,0,75302045,0,317,0,27,615,4278,0,0,0,0,0,0,0,0,0,0,0,0,0,0,0,0,0,0,0,0,0,0,0,0,0,0,0,0,0,0,0,0,0,0,0,0,0,0,0,0,0,0,0,0,0,0,0,0,0,0,0,0,0,322771416,0,0,0,371792453,0,0,0,0,0,0,0,119262023,242653732,470613357,167139333120,66165170,1,0,0,0,0,0,0,0,0,0,0,0,0,0,0,0,0,0,0,0,0,0,0,0,0,0,0,0,0,0,0,252183340,0,0,0,0,0
1788889170.075,0,0,0,0,0,0,0,772955411,3975841282560,1888893268992,0,0,0,0,0,0,0,0,0,0,0,0,0,0,0,0,0,0,0,0,0,0,0,0,0,0,0,0,0,0,0,0,0,0,0,0,0,0,0,0,0,0,0,0,0,0,0,0,0,0,0,0,0,0,0,0,0,0,1057495,242833009,103249109,0,0,0,0,0,0,0,0,0,0,0,0,0,0,0,0,0,0,0,0,0,0,0,0,0,0,0,0,0,0,0,0,0,0,0,0,0,12883263488,5088608256,786332,310584,0,100,786432,241991720,0,0,3771318581,12884901888,114050021,435778205,0,0,0,0,0,0,0,0,0,0,0,0,0,0,0,0,0,0,24773713,24773908,0,97,97,6268,329,49547394,35,0,0,0,0,0,0,0,1,0,0,0,0,0,0,0,0,0,0,27858785,0,58333614,501418,0,0,0,0,0,0,0,0,16384,0,0,0,0,0,0,0,0,0,0,0,4279,615,0,0,0,0,0,75311047,0,317,0,27,615,4279,0,0,0,0,0,0,0,0,0,0,0,0,0,0,0,0,0,0,0,0,0,0,0,0,0,0,0,0,0,0,0,0,0,0,0,0,0,0,0,0,0,0,0,0,0,0,0,0,0,0,0,0,0,322812465,0,0,0,371833993,0,0,0,0,0,0,0,119291872,242694648,470683967,167160445440,66181565,1,0,0,0,0,0,0,0,0,0,0,0,0,0,0,0,0,0,0,0,0,0,0,0,0,0,0,0,0,0,0,252186291,0,0,0,0,0
1788889171.103,0,0,0,0,0,0,0,773043984,3976514353664,1889188135936,0,0,0,0,0,0,0,0,0,0,0,0,0,0,0,0,0,0,0,0,0,0,0,0,0,0,0,0,0,0,0,0,0,0,0,0,0,0,0,0,0,0,0,0,0,0,0,0,0,0,0,0,0,0,0,0,0,0,1057645,242874175,103265632,0,0,0,0,0,0,0,0,0,0,0,0,0,0,0,0,0,0,0,0,0,0,0,0,0,0,0,0,0,0,0,0,0,0,0,0,0,12882935808,5079236608,786312,310012,0,120,786432,242032793,0,0,3771755952,12884901888,114087027,435824515,0,0,0,0,0,0,0,0,0,0,0,0,0,0,0,0,0,0,24776653,24776846,0,97,97,6268,329,49553265,35,0,0,0,0,0,0,0,1,0,0,0,0,0,0,0,0,0,0,27862091,0,58336844,501446,0,0,0,0,0,0,0,0,16384,0,0,0,0,0,0,0,0,0,0,0,4281,615,0,0,0,0,0,75319986,0,317,0,27,615,4281,0,0,0,0,0,0,0,0,0,0,0,0,0,0,0,0,0,0,0,0,0,0,0,0,0,0,0,0,0,0,0,0,0,0,0,0,0,0,0,0,0,0,0,0,0,0,0,0,0,0,0,0,0,322853458,0,0,0,371875553,0,0,0,0,0,0,0,119322301,242735745,470754671,167181548032,66198392,0,0,0,0,0,0,0,0,0,0,0,0,0,0,0,0,0,0,0,0,0,0,0,0,0,0,0,0,0,0,0,252189230,0,0,0,0,0
1788889172.130,0,0,0,0,0,0,0,773132788,3977189587456,1889485879808,0,0,0,0,0,0,0,0,0,0,0,0,0,0,0,0,0,0,0,0,0,0,0,0,0,0,0,0,0,0,0,0,0,0,0,0,0,0,0,0,0,0,0,0,0,0,0,0,0,0,0,0,0,0,0,0,0,0,1057781,242915463,103282195,0,0,0,0,0,0,0,0,0,0,0,0,0,0,0,0,0,0,0,0,0,0,0,0,0,0,0,0,0,0,0,0,0,0,0,0,0,12881903616,5068996608,786249,309387,74,108,786432,242073984,0,0,3772193711,12884901888,114124560,435870671,0,0,0,0,0,0,0,0,0,0,0,0,0,0,0,0,0,0,24779583,24779782,0,97,97,6268,329,49559124,35,0,0,0,0,0,0,0,1,0,0,0,0,0,0,0,0,0,0,27865393,0,58339716,501473,0,0,0,0,0,0,0,0,16384,0,0,0,0,0,0,0,0,0,0,0,4282,615,0,0,0,0,0,75328918,0,317,0,27,615,4282,0,0,0,0,0,0,0,0,0,0,0,0,0,0,0,0,0,0,0,0,0,0,0,0,0,0,0,0,0,0,0,0,0,0,0,0,0,0,0,0,0,0,0,0,0,0,0,0,0,0,0,0,0,322894495,0,0,0,371917127,0,0,0,0,0,0,0,119353137,242776971,470825834,167202688000,66215418,1,0,0,0,0,0,0,0,0,0,0,0,0,0,0,0,0,0,0,0,0,0,0,0,0,0,0,0,0,0,0,252192166,0,0,0,0,0
1788889173.158,0,0,0,0,0,0,0,773215423,3977819781632,1889726791168,0,0,0,0,0,0,0,0,0,0,0,0,0,0,0,0,0,0,0,0,0,0,0,0,0,0,0,0,0,0,0,0,0,0,0,0,0,0,0,0,0,0,0,0,0,0,0,0,0,0,0,0,0,0,0,0,0,0,1057962,242953995,103295641,0,0,0,0,0,0,0,0,0,0,0,0,0,0,0,0,0,0,0,0,0,0,0,0,0,0,0,0,0,0,0,0,0,0,0,0,0,12883034112,5089968128,786318,310667,0,114,786432,242112432,0,0,3772601726,12884901888,114161174,435913743,0,0,0,0,0,0,0,0,0,0,0,0,0,0,0,0,0,0,24782287,24782479,0,97,97,6268,329,49564528,35,0,0,0,0,0,0,0,1,0,0,0,0,0,0,0,0,0,0,27868426,0,58340339,501476,0,0,0,0,0,0,0,0,16384,0,0,0,0,0,0,0,0,0,0,0,4283,615,0,0,0,0,0,75337129,0,317,0,27,615,4283,0,0,0,0,0,0,0,0,0,0,0,0,0,0,0,0,0,0,0,0,0,0,0,0,0,0,0,0,0,0,0,0,0,0,0,0,0,0,0,0,0,0,0,0,0,0,0,0,0,0,0,0,0,322932536,0,0,0,371955522,0,0,0,0,0,0,0,119384046,242815447,470890036,167222296064,66233354,1,0,0,0,0,0,0,0,0,0,0,0,0,0,0,0,0,0,0,0,0,0,0,0,0,0,0,0,0,0,0,252194863,0,0,0,0,0
1788889174.186,0,0,0,0,0,0,0,773304013,3978491312640,1890020541952,0,0,0,0,0,0,0,0,0,0,0,0,0,0,0,0,0,0,0,0,0,0,0,0,0,0,0,0,0,0,0,0,0,0,0,0,0,0,0,0,0,0,0,0,0,0,0,0,0,0,0,0,0,0,0,0,0,0,1058133,242995071,103312068,0,0,0,0,0,0,0,0,0,0,0,0,0,0,0,0,0,0,0,0,0,0,0,0,0,0,0,0,0,0,0,0,0,0,0,0,0,12883066880,5079302144,786320,310016,0,112,786432,242153377,0,0,3773039202,12884901888,114197838,435959975,0,0,0,0,0,0,0,0,0,0,0,0,0,0,0,0,0,0,24785221,24785412,0,97,97,6268,329,49570405,35,0,0,0,0,0,0,0,1,0,0,0,0,0,0,0,0,0,0,27871726,0,58343703,501503,0,0,0,0,0,0,0,0,16384,0,0,0,0,0,0,0,0,0,0,0,4284,615,0,0,0,0,0,75346044,0,317,0,27,615,4284,0,0,0,0,0,0,0,0,0,0,0,0,0,0,0,0,0,0,0,0,0,0,0,0,0,0,0,0,0,0,0,0,0,0,0,0,0,0,0,0,0,0,0,0,0,0,0,0,0,0,0,0,0,322973642,0,0,0,371996967,0,0,0,0,0,0,0,119413764,242856457,470960564,167243442176,66249781,0,0,0,0,0,0,0,0,0,0,0,0,0,0,0,0,0,0,0,0,0,0,0,0,0,0,0,0,0,0,0,252197795,0,0,0,0,0
1788889175.213,0,0,0,0,0,0,0,773393197,3979173050880,1890317827072,0,0,0,0,0,0,0,0,0,0,0,0,0,0,0,0,0,0,0,0,0,0,0,0,0,0,0,0,0,0,0,0,0,0,0,0,0,0,0,0,0,0,0,0,0,0,0,0,0,0,0,0,0,0,0,0,0,0,1058272,243036772,103328708,0,0,0,0,0,0,0,0,0,0,0,0,0,0,0,0,0,0,0,0,0,0,0,0,0,0,0,0,0,0,0,0,0,0,0,0,0,12883116032,5066358784,786323,309226,0,109,786432,242194956,0,0,3773479688,12884901888,114235681,436006279,0,0,0,0,0,0,0,0,0,0,0,0,0,0,0,0,0,0,24788176,24788373,0,97,97,6268,329,49576319,35,0,0,0,0,0,0,0,1,0,0,0,0,0,0,0,0,0,0,27875054,0,58346815,501530,0,0,0,0,0,0,0,0,16384,0,0,0,0,0,0,0,0,0,0,0,4285,615,0,0,0,0,0,75355052,0,317,0,27,615,4285,0,0,0,0,0,0,0,0,0,0,0,0,0,0,0,0,0,0,0,0,0,0,0,0,0,0,0,0,0,0,0,0,0,0,0,0,0,0,0,0,0,0,0,0,0,0,0,0,0,0,0,0,0,323015115,0,0,0,372038686,0,0,0,0,0,0,0,119444605,242898094,471032084,167264802304,66266795,0,0,0,0,0,0,0,0,0,0,0,0,0,0,0,0,0,0,0,0,0,0,0,0,0,0,0,0,0,0,0,252200755,0,0,0,0,0
1788889176.241,0,0,0,0,0,0,0,773473852,3979785107968,1890552261120,0,0,0,0,0,0,0,0,0,0,0,0,0,0,0,0,0,0,0,0,0,0,0,0,0,0,0,0,0,0,0,0,0,0,0,0,0,0,0,0,0,0,0,0,0,0,0,0,0,0,0,0,0,0,0,0,0,0,1058430,243074193,103341662,0,0,0,0,0,0,0,0,0,0,0,0,0,0,0,0,0,0,0,0,0,0,0,0,0,0,0,0,0,0,0,0,0,0,0,0,0,12883099648,5089689600,786322,310650,0,110,786432,242232310,0,0,3773875906,12884901888,114272019,436048292,0,0,0,0,0,0,0,0,0,0,0,0,0,0,0,0,0,0,24790834,24791026,0,97,97,6268,329,49581630,35,0,0,0,0,0,0,0,1,0,0,0,0,0,0,0,0,0,0,27878040,0,58347071,501532,0,0,0,0,0,0,0,0,16384,0,0,0,0,0,0,0,0,0,0,0,4286,615,0,0,0,0,0,75363129,0,317,0,27,615,4286,0,0,0,0,0,0,0,0,0,0,0,0,0,0,0,0,0,0,0,0,0,0,0,0,0,0,0,0,0,0,0,0,0,0,0,0,0,0,0,0,0,0,0,0,0,0,0,0,0,0,0,0,0,323052660,0,0,0,372076281,0,0,0,0,0,0,0,119475392,242935469,471095174,167284114432,66284926,0,0,0,0,0,0,0,0,0,0,0,0,0,0,0,0,0,0,0,0,0,0,0,0,0,0,0,0,0,0,0,252203409,0,0,0,0,0
1788889177.268,0,0,0,0,0,0,0,773563737,3980469139968,1890853665280,0,0,0,0,0,0,0,0,0,0,0,0,0,0,0,0,0,0,0,0,0,0,0,0,0,0,0,0,0,0,0,0,0,0,0,0,0,0,0,0,0,0,0,0,0,0,0,0,0,0,0,0,0,0,0,0,0,0,1058571,243116023,103358541,0,0,0,0,0,0,0,0,0,0,0,0,0,0,0,0,0,0,0,0,0,0,0,0,0,0,0,0,0,0,0,0,0,0,0,0,0,12883017728,5075861504,786317,309806,0,115,786432,242274028,0,0,3774319702,12884901888,114309643,436095049,0,0,0,0,0,0,0,0,0,0,0,0,0,0,0,0,0,0,24793820,24794011,0,97,97,6268,329,49587599,35,0,0,0,0,0,0,0,1,0,0,0,0,0,0,0,0,0,0,27881397,0,58350332,501560,0,0,0,0,0,0,0,0,16384,0,0,0,0,0,0,0,0,0,0,0,4287,615,0,0,0,0,0,75372208,0,317,0,27,615,4287,0,0,0,0,0,0,0,0,0,0,0,0,0,0,0,0,0,0,0,0,0,0,0,0,0,0,0,0,0,0,0,0,0,0,0,0,0,0,0,0,0,0,0,0,0,0,0,0,0,0,0,0,0,323094865,0,0,0,372118392,0,0,0,0,0,0,0,119505738,242977240,471167741,167305814528,66301388,1,1,0,0,0,0,0,0,0,0,0,0,0,0,0,0,0,0,0,0,0,0,0,0,0,0,0,0,0,0,0,252206395,0,0,0,0,0
1788889178.296,0,0,0,0,0,0,0,773654886,3981165361664,1891159354880,0,0,0,0,0,0,0,0,0,0,0,0,0,0,0,0,0,0,0,0,0,0,0,0,0,0,0,0,0,0,0,0,0,0,0,0,0,0,0,0,0,0,0,0,0,0,0,0,0,0,0,0,0,0,0,0,0,0,1058747,243158604,103375662,0,0,0,0,0,0,0,0,0,0,0,0,0,0,0,0,0,0,0,0,0,0,0,0,0,0,0,0,0,0,0,0,0,0,0,0,0,12883050496,5062819840,786318,309010,0,114,786432,242316481,0,0,3774770096,12884901888,114347722,436142552,0,0,0,0,0,0,0,0,0,0,0,0,0,0,0,0,0,0,24796828,24797023,0,97,97,6268,329,49593628,35,0,0,0,0,0,0,0,1,0,0,0,0,0,0,0,0,0,0,27884785,0,58353685,501589,0,0,0,0,0,0,0,0,16384,0,0,0,0,0,0,0,0,0,0,0,4288,615,0,0,0,0,0,75381376,0,317,0,27,615,4288,0,0,0,0,0,0,0,0,0,0,0,0,0,0,0,0,0,0,0,0,0,0,0,0,0,0,0,0,0,0,0,0,0,0,0,0,0,0,0,0,0,0,0,0,0,0,0,0,0,0,0,0,0,323137165,0,0,0,372160927,0,0,0,0,0,0,0,119535769,243019760,471240814,167327594496,66317371,0,0,0,0,0,0,0,0,0,0,0,0,0,0,0,0,0,0,0,0,0,0,0,0,0,0,0,0,0,0,0,252209406,0,0,0,0,0
1788889179.323,0,0,0,0,0,0,0,773734054,3981769652736,1891392563200,0,0,0,0,0,0,0,0,0,0,0,0,0,0,0,0,0,0,0,0,0,0,0,0,0,0,0,0,0,0,0,0,0,0,0,0,0,0,0,0,0,0,0,0,0,0,0,0,0,0,0,0,0,0,0,0,0,0,1058889,243195548,103388552,0,0,0,0,0,0,0,0,0,0,0,0,0,0,0,0,0,0,0,0,0,0,0,0,0,0,0,0,0,0,0,0,0,0,0,0,0,12882984960,5081874432,786315,310173,0,116,786432,242353347,0,0,3775161150,12884901888,114383704,436183771,0,0,0,0,0,0,0,0,0,0,0,0,0,0,0,0,0,0,24799451,24799643,0,97,97,6268,329,49598871,35,0,0,0,0,0,0,0,1,0,0,0,0,0,0,0,0,0,0,27887732,0,58353813,501590,0,0,0,0,0,0,0,0,16384,0,0,0,0,0,0,0,0,0,0,0,4289,615,0,0,0,0,0,75389337,0,317,0,27,615,4289,0,0,0,0,0,0,0,0,0,0,0,0,0,0,0,0,0,0,0,0,0,0,0,0,0,0,0,0,0,0,0,0,0,0,0,0,0,0,0,0,0,0,0,0,0,0,0,0,0,0,0,0,0,323174144,0,0,0,372197941,0,0,0,0,0,0,0,119565263,243056661,471303337,167346664960,66334137,1,0,0,0,0,0,0,0,0,0,0,0,0,0,0,0,0,0,0,0,0,0,0,0,0,0,0,0,0,0,0,252212027,0,0,0,0,0
1788889180.351,0,0,0,0,0,0,0,773819680,3982422817280,1891679776256,0,0,0,0,0,0,0,0,0,0,0,0,0,0,0,0,0,0,0,0,0,0,0,0,0,0,0,0,0,0,0,0,0,0,0,0,0,0,0,0,0,0,0,0,0,0,0,0,0,0,0,0,0,0,0,0,0,0,1059064,243235489,103404633,0,0,0,0,0,0,0,0,0,0,0,0,0,0,0,0,0,0,0,0,0,0,0,0,0,0,0,0,0,0,0,0,0,0,0,0,0,12883132416,5066752000,786324,309250,0,108,786432,242393195,0,0,3775584504,12884901888,114419762,436228456,0,0,0,0,0,0,0,0,0,0,0,0,0,0,0,0,0,0,24802293,24802487,0,97,97,6268,329,49604554,35,0,0,0,0,0,0,0,1,0,0,0,0,0,0,0,0,0,0,27890931,0,58356937,501617,0,0,0,0,0,0,0,0,16384,0,0,0,0,0,0,0,0,0,0,0,4290,615,0,0,0,0,0,75397977,0,317,0,27,615,4290,0,0,0,0,0,0,0,0,0,0,0,0,0,0,0,0,0,0,0,0,0,0,0,0,0,0,0,0,0,0,0,0,0,0,0,0,0,0,0,0,0,0,0,0,0,0,0,0,0,0,0,0,0,323214216,0,0,0,372237952,0,0,0,0,0,0,0,119593173,243096540,471372341,167367260672,66348815,1,0,0,0,0,0,0,0,0,0,0,0,0,0,0,0,0,0,0,0,0,0,0,0,0,0,0,0,0,0,0,252214871,0,0,0,0,0
1788889181.378,0,0,0,0,0,0,0,773896370,3983010085376,1891907644928,0,0,0,0,0,0,0,0,0,0,0,0,0,0,0,0,0,0,0,0,0,0,0,0,0,0,0,0,0,0,0,0,0,0,0,0,0,0,0,0,0,0,0,0,0,0,0,0,0,0,0,0,0,0,0,0,0,0,1059213,243271380,103417228,0,0,0,0,0,0,0,0,0,0,0,0,0,0,0,0,0,0,0,0,0,0,0,0,0,0,0,0,0,0,0,0,0,0,0,0,0,12883132416,5085265920,786324,310380,0,108,786432,242429003,0,0,3775961300,12884901888,114454539,436268567,0,0,0,0,0,0,0,0,0,0,0,0,0,0,0,0,0,0,24804823,24805017,0,97,97,6268,329,49609601,35,0,0,0,0,0,0,0,1,0,0,0,0,0,0,0,0,0,0,27893776,0,58357065,501619,0,0,0,0,0,0,0,0,16384,0,0,0,0,0,0,0,0,0,0,0,4291,615,0,0,0,0,0,75405667,0,317,0,27,615,4291,0,0,0,0,0,0,0,0,0,0,0,0,0,0,0,0,0,0,0,0,0,0,0,0,0,0,0,0,0,0,0,0,0,0,0,0,0,0,0,0,0,0,0,0,0,0,0,0,0,0,0,0,0,323250320,0,0,0,372273836,0,0,0,0,0,0,0,119621213,243132393,471433291,167385825792,66364537,0,0,0,0,0,0,0,0,0,0,0,0,0,0,0,0,0,0,0,0,0,0,0,0,0,0,0,0,0,0,0,252217400,0,0,0,0,0
1788889182.405,0,0,0,0,0,0,0,773985309,3983688595968,1892205117440,0,0,0,0,0,0,0,0,0,0,0,0,0,0,0,0,0,0,0,0,0,0,0,0,0,0,0,0,0,0,0,0,0,0,0,0,0,0,0,0,0,0,0,0,0,0,0,0,0,0,0,0,0,0,0,0,0,0,1059354,243312880,103433891,0,0,0,0,0,0,0,0,0,0,0,0,0,0,0,0,0,0,0,0,0,0,0,0,0,0,0,0,0,0,0,0,0,0,0,0,0,12882837504,5072486400,786306,309600,0,126,786432,242470387,0,0,3776400043,12884901888,114492146,436314666,0,0,0,0,0,0,0,0,0,0,0,0,0,0,0,0,0,0,24807755,24807950,0,97,97,6268,329,49615488,35,0,0,0,0,0,0,0,1,0,0,0,0,0,0,0,0,0,0,27897075,0,58360341,501646,0,0,0,0,0,0,0,0,16384,0,0,0,0,0,0,0,0,0,0,0,4292,615,0,0,0,0,0,75414597,0,317,0,27,615,4292,0,0,0,0,0,0,0,0,0,0,0,0,0,0,0,0,0,0,0,0,0,0,0,0,0,0,0,0,0,0,0,0,0,0,0,0,0,0,0,0,0,0,0,0,0,0,0,0,0,0,0,0,0,323291941,0,0,0,372315412,0,0,0,0,0,0,0,119650901,243173832,471504971,167407242240,66380437,0,0,0,0,0,0,0,0,0,0,0,0,0,0,0,0,0,0,0,0,0,0,0,0,0,0,0,0,0,0,0,252220331,0,0,0,0,0
1788889183.433,0,0,0,0,0,0,0,774061930,3984272488960,1892429295104,0,0,0,0,0,0,0,0,0,0,0,0,0,0,0,0,0,0,0,0,0,0,0,0,0,0,0,0,0,0,0,0,0,0,0,0,0,0,0,0,0,0,0,0,0,0,0,0,0,0,0,0,0,0,0,0,0,0,1059491,243348580,103446272,0,0,0,0,0,0,0,0,0,0,0,0,0,0,0,0,0,0,0,0,0,0,0,0,0,0,0,0,0,0,0,0,0,0,0,0,0,12883017728,5093867520,786317,310905,0,114,786432,242506007,0,0,3776778098,12884901888,114526707,436354540,0,0,0,0,0,0,0,0,0,0,0,0,0,0,0,0,0,0,24810280,24810472,0,97,97,6268,329,49620526,35,0,0,0,0,0,0,0,1,0,0,0,0,0,0,0,0,0,0,27899915,0,58360597,501648,0,0,0,0,0,0,0,0,16384,0,0,0,0,0,0,0,0,0,0,0,4293,615,0,0,0,0,0,75422261,0,317,0,27,615,4293,0,0,0,0,0,0,0,0,0,0,0,0,0,0,0,0,0,0,0,0,0,0,0,0,0,0,0,0,0,0,0,0,0,0,0,0,0,0,0,0,0,0,0,0,0,0,0,0,0,0,0,0,0,323327496,0,0,0,372351182,0,0,0,0,0,0,0,119680836,243209480,471564928,167425550848,66398273,0,0,0,0,0,0,0,0,0,0,0,0,0,0,0,0,0,0,0,0,0,0,0,0,0,0,0,0,0,0,0,252222856,0,0,0,0,0
1788889184.459,0,0,0,0,0,0,0,774141736,3984885217792,1892702465024,0,0,0,0,0,0,0,0,0,0,0,0,0,0,0,0,0,0,0,0,0,0,0,0,0,0,0,0,0,0,0,0,0,0,0,0,0,0,0,0,0,0,0,0,0,0,0,0,0,0,0,0,0,0,0,0,0,0,1059632,243386048,103461597,0,0,0,0,0,0,0,0,0,0,0,0,0,0,0,0,0,0,0,0,0,0,0,0,0,0,0,0,0,0,0,0,0,0,0,0,0,12883050496,5076058112,786320,309818,0,112,786432,242543368,0,0,3777172133,12884901888,114560209,436395987,0,0,0,0,0,0,0,0,0,0,0,0,0,0,0,0,0,0,24812912,24813106,0,97,97,6268,329,49625793,35,0,0,0,0,0,0,0,1,0,0,0,0,0,0,0,0,0,0,27902877,0,58363900,501676,0,0,0,0,0,0,0,0,16384,0,0,0,0,0,0,0,0,0,0,0,4294,615,0,0,0,0,0,75430274,0,317,0,27,615,4294,0,0,0,0,0,0,0,0,0,0,0,0,0,0,0,0,0,0,0,0,0,0,0,0,0,0,0,0,0,0,0,0,0,0,0,0,0,0,0,0,0,0,0,0,0,0,0,0,0,0,0,0,0,323364576,0,0,0,372388429,0,0,0,0,0,0,0,119710184,243246910,471629265,167444655616,66415253,1,1,0,0,0,0,0,0,0,0,0,0,0,0,0,0,0,0,0,0,0,0,0,0,0,0,0,0,0,0,0,252225490,0,0,0,0,0
1788889185.487,0,0,0,0,0,0,0,774222361,3985497242112,1892939580928,0,0,0,0,0,0,0,0,0,0,0,0,0,0,0,0,0,0,0,0,0,0,0,0,0,0,0,0,0,0,0,0,0,0,0,0,0,0,0,0,0,0,0,0,0,0,0,0,0,0,0,0,0,0,0,0,0,0,1059789,243423473,103474719,0,0,0,0,0,0,0,0,0,0,0,0,0,0,0,0,0,0,0,0,0,0,0,0,0,0,0,0,0,0,0,0,0,0,0,0,0,12883116032,5094883328,786323,310967,0,109,786432,242580696,0,0,3777569864,12884901888,114596613,436437943,0,0,0,0,0,0,0,0,0,0,0,0,0,0,0,0,0,0,24815573,24815771,0,97,97,6268,329,49631112,35,0,0,0,0,0,0,0,1,0,0,0,0,0,0,0,0,0,0,27905873,0,58364028,501677,0,0,0,0,0,0,0,0,16384,0,0,0,0,0,0,0,0,0,0,0,4295,615,0,0,0,0,0,75438379,0,317,0,27,615,4295,0,0,0,0,0,0,0,0,0,0,0,0,0,0,0,0,0,0,0,0,0,0,0,0,0,0,0,0,0,0,0,0,0,0,0,0,0,0,0,0,0,0,0,0,0,0,0,0,0,0,0,0,0,323401960,0,0,0,372426074,0,0,0,0,0,0,0,119740796,243284288,471692637,167463871488,66432911,0,0,0,0,0,0,0,0,0,0,0,0,0,0,0,0,0,0,0,0,0,0,0,0,0,0,0,0,0,0,0,252228154,0,0,0,0,0
1788889186.515,0,0,0,0,0,0,0,774311310,3986169494016,1893233513984,0,0,0,0,0,0,0,0,0,0,0,0,0,0,0,0,0,0,0,0,0,0,0,0,0,0,0,0,0,0,0,0,0,0,0,0,0,0,0,0,0,0,0,0,0,0,0,0,0,0,0,0,0,0,0,0,0,0,1059945,243464594,103491158,0,0,0,0,0,0,0,0,0,0,0,0,0,0,0,0,0,0,0,0,0,0,0,0,0,0,0,0,0,0,0,0,0,0,0,0,0,12882968576,5081448448,786314,310147,0,118,786432,242621708,0,0,3778008860,12884901888,114633909,436484201,0,0,0,0,0,0,0,0,0,0,0,0,0,0,0,0,0,0,24818528,24818714,0,97,97,6268,329,49637033,35,0,0,0,0,0,0,0,1,0,0,0,0,0,0,0,0,0,0,27909187,0,58367160,501704,0,0,0,0,0,0,0,0,16384,0,0,0,0,0,0,0,0,0,0,0,4296,615,0,0,0,0,0,75447325,0,317,0,27,615,4296,0,0,0,0,0,0,0,0,0,0,0,0,0,0,0,0,0,0,0,0,0,0,0,0,0,0,0,0,0,0,0,0,0,0,0,0,0,0,0,0,0,0,0,0,0,0,0,0,0,0,0,0,0,323443463,0,0,0,372467692,0,0,0,0,0,0,0,119771342,243325345,471763808,167485238272,66449869,0,0,0,0,0,0,0,0,0,0,0,0,0,0,0,0,0,0,0,0,0,0,0,0,0,0,0,0,0,0,0,252231098,0,0,0,0,0
1788889187.544,0,0,0,0,0,0,0,774390272,3986772048384,1893465563648,0,0,0,0,0,0,0,0,0,0,0,0,0,0,0,0,0,0,0,0,0,0,0,0,0,0,0,0,0,0,0,0,0,0,0,0,0,0,0,0,0,0,0,0,0,0,0,0,0,0,0,0,0,0,0,0,0,0,1060099,243501436,103503983,0,0,0,0,0,0,0,0,0,0,0,0,0,0,0,0,0,0,0,0,0,0,0,0,0,0,0,0,0,0,0,0,0,0,0,0,0,12883132416,5100650496,786324,311319,0,108,786432,242658466,0,0,3778398426,12884901888,114669629,436525415,0,0,0,0,0,0,0,0,0,0,0,0,0,0,0,0,0,0,24821140,24821330,0,97,97,6268,329,49642241,35,0,0,0,0,0,0,0,1,0,0,0,0,0,0,0,0,0,0,27912126,0,58367416,501706,0,0,0,0,0,0,0,0,16384,0,0,0,0,0,0,0,0,0,0,0,4297,615,0,0,0,0,0,75455289,0,317,0,27,615,4297,0,0,0,0,0,0,0,0,0,0,0,0,0,0,0,0,0,0,0,0,0,0,0,0,0,0,0,0,0,0,0,0,0,0,0,0,0,0,0,0,0,0,0,0,0,0,0,0,0,0,0,0,0,323480138,0,0,0,372504595,0,0,0,0,0,0,0,119801889,243362139,471825781,167504127488,66467883,0,0,0,0,0,0,0,0,0,0,0,0,0,0,0,0,0,0,0,0,0,0,0,0,0,0,0,0,0,0,0,252233713,0,0,0,0,0
1788889188.571,0,0,0,0,0,0,0,774478841,3987444398592,1893760451072,0,0,0,0,0,0,0,0,0,0,0,0,0,0,0,0,0,0,0,0,0,0,0,0,0,0,0,0,0,0,0,0,0,0,0,0,0,0,0,0,0,0,0,0,0,0,0,0,0,0,0,0,0,0,0,0,0,0,1060284,243542545,103520481,0,0,0,0,0,0,0,0,0,0,0,0,0,0,0,0,0,0,0,0,0,0,0,0,0,0,0,0,0,0,0,0,0,0,0,0,0,12883214336,5088444416,786328,310574,0,103,786432,242699461,0,0,3778835840,12884901888,114706850,436571620,0,0,0,0,0,0,0,0,0,0,0,0,0,0,0,0,0,0,24824066,24824259,0,97,97,6268,329,49648098,35,0,0,0,0,0,0,0,1,0,0,0,0,0,0,0,0,0,0,27915421,0,58370546,501733,0,0,0,0,0,0,0,0,16384,0,0,0,0,0,0,0,0,0,0,0,4298,615,0,0,0,0,0,75464206,0,317,0,27,615,4298,0,0,0,0,0,0,0,0,0,0,0,0,0,0,0,0,0,0,0,0,0,0,0,0,0,0,0,0,0,0,0,0,0,0,0,0,0,0,0,0,0,0,0,0,0,0,0,0,0,0,0,0,0,323521373,0,0,0,372545974,0,0,0,0,0,0,0,119833007,243403192,471896761,167525342720,66485288,1,0,0,0,0,0,0,0,0,0,0,0,0,0,0,0,0,0,0,0,0,0,0,0,0,0,0,0,0,0,0,252236642,0,0,0,0,0
1788889189.598,0,0,0,0,0,0,0,774556351,3988035238400,1893989238784,0,0,0,0,0,0,0,0,0,0,0,0,0,0,0,0,0,0,0,0,0,0,0,0,0,0,0,0,0,0,0,0,0,0,0,0,0,0,0,0,0,0,0,0,0,0,0,0,0,0,0,0,0,0,0,0,0,0,1060441,243578674,103533134,0,0,0,0,0,0,0,0,0,0,0,0,0,0,0,0,0,0,0,0,0,0,0,0,0,0,0,0,0,0,0,0,0,0,0,0,0,12883263488,5105532928,786332,311617,0,101,786432,242735505,0,0,3779217388,12884901888,114741921,436612105,0,0,0,0,0,0,0,0,0,0,0,0,0,0,0,0,0,0,24826624,24826814,0,97,97,6268,329,49653210,35,0,0,0,0,0,0,0,1,0,0,0,0,0,0,0,0,0,0,27918295,0,58370802,501735,0,0,0,0,0,0,0,0,16384,0,0,0,0,0,0,0,0,0,0,0,4299,615,0,0,0,0,0,75471989,0,317,0,27,615,4299,0,0,0,0,0,0,0,0,0,0,0,0,0,0,0,0,0,0,0,0,0,0,0,0,0,0,0,0,0,0,0,0,0,0,0,0,0,0,0,0,0,0,0,0,0,0,0,0,0,0,0,0,0,323557559,0,0,0,372582196,0,0,0,0,0,0,0,119863131,243439269,471957895,167543988736,66503045,1,0,0,0,0,0,0,0,0,0,0,0,0,0,0,0,0,0,0,0,0,0,0,0,0,0,0,0,0,0,0,252239197,0,0,0,0,0
1788889190.625,0,0,0,0,0,0,0,774646140,3988720450048,1894290373120,0,0,0,0,0,0,0,0,0,0,0,0,0,0,0,0,0,0,0,0,0,0,0,0,0,0,0,0,0,0,0,0,0,0,0,0,0,0,0,0,0,0,0,0,0,0,0,0,0,0,0,0,0,0,0,0,0,0,1060577,243620588,103550022,0,0,0,0,0,0,0,0,0,0,0,0,0,0,0,0,0,0,0,0,0,0,0,0,0,0,0,0,0,0,0,0,0,0,0,0,0,12882968576,5089869824,786314,310660,0,118,786432,242777311,0,0,3779660936,12884901888,114779438,436658599,0,0,0,0,0,0,0,0,0,0,0,0,0,0,0,0,0,0,24829583,24829779,0,97,97,6268,329,49659148,35,0,0,0,0,0,0,0,1,0,0,0,0,0,0,0,0,0,0,27921632,0,58374052,501763,0,0,0,0,0,0,0,0,16384,0,0,0,0,0,0,0,0,0,0,0,4300,615,0,0,0,0,0,75481016,0,317,0,27,615,4300,0,0,0,0,0,0,0,0,0,0,0,0,0,0,0,0,0,0,0,0,0,0,0,0,0,0,0,0,0,0,0,0,0,0,0,0,0,0,0,0,0,0,0,0,0,0,0,0,0,0,0,0,0,323599161,0,0,0,372624111,0,0,0,0,0,0,0,119893727,243481124,472029889,167565371392,66519751,0,0,0,0,0,0,0,0,0,0,0,0,0,0,0,0,0,0,0,0,0,0,0,0,0,0,0,0,0,0,0,252242163,0,0,0,0,0
1788889191.652,0,0,0,0,0,0,0,774733541,3989385771520,1894586532864,0,0,0,0,0,0,0,0,0,0,0,0,0,0,0,0,0,0,0,0,0,0,0,0,0,0,0,0,0,0,0,0,0,0,0,0,0,0,0,0,0,0,0,0,0,0,0,0,0,0,0,0,0,0,0,0,0,0,1060730,243661273,103566630,0,0,0,0,0,0,0,0,0,0,0,0,0,0,0,0,0,0,0,0,0,0,0,0,0,0,0,0,0,0,0,0,0,0,0,0,0,12883099648,5071601664,786322,309546,0,110,786432,242817883,0,0,3780092841,12884901888,114815853,436704036,0,0,0,0,0,0,0,0,0,0,0,0,0,0,0,0,0,0,24832478,24832673,0,97,97,6268,329,49664915,35,0,0,0,0,0,0,0,1,0,0,0,0,0,0,0,0,0,0,27924885,0,58377430,501792,0,0,0,0,0,0,0,0,16384,0,0,0,0,0,0,0,0,0,0,0,4301,615,0,0,0,0,0,75489804,0,317,0,27,615,4301,0,0,0,0,0,0,0,0,0,0,0,0,0,0,0,0,0,0,0,0,0,0,0,0,0,0,0,0,0,0,0,0,0,0,0,0,0,0,0,0,0,0,0,0,0,0,0,0,0,0,0,0,0,323639801,0,0,0,372664956,0,0,0,0,0,0,0,119923763,243521752,472100276,167586279936,66536252,1,0,0,0,0,0,0,0,0,0,0,0,0,0,0,0,0,0,0,0,0,0,0,0,0,0,0,0,0,0,0,252245053,0,0,0,0,0
1788889192.681,0,0,0,0,0,0,0,774816396,3990015031808,1894828880896,0,0,0,0,0,0,0,0,0,0,0,0,0,0,0,0,0,0,0,0,0,0,0,0,0,0,0,0,0,0,0,0,0,0,0,0,0,0,0,0,0,0,0,0,0,0,0,0,0,0,0,0,0,0,0,0,0,0,1060881,243699756,103580032,0,0,0,0,0,0,0,0,0,0,0,0,0,0,0,0,0,0,0,0,0,0,0,0,0,0,0,0,0,0,0,0,0,0,0,0,0,12883050496,5093310464,786318,310871,0,114,786432,242856283,0,0,3780501608,12884901888,114853329,436747136,0,0,0,0,0,0,0,0,0,0,0,0,0,0,0,0,0,0,24835203,24835399,0,97,97,6268,329,49670375,35,0,0,0,0,0,0,0,1,0,0,0,0,0,0,0,0,0,0,27927951,0,58377558,501793,0,0,0,0,0,0,0,0,16384,0,0,0,0,0,0,0,0,0,0,0,4302,615,0,0,0,0,0,75498102,0,317,0,27,615,4302,0,0,0,0,0,0,0,0,0,0,0,0,0,0,0,0,0,0,0,0,0,0,0,0,0,0,0,0,0,0,0,0,0,0,0,0,0,0,0,0,0,0,0,0,0,0,0,0,0,0,0,0,0,323678093,0,0,0,372703651,0,0,0,0,0,0,0,119955390,243560182,472165132,167605960704,66554645,0,0,0,0,0,0,0,0,0,0,0,0,0,0,0,0,0,0,0,0,0,0,0,0,0,0,0,0,0,0,0,252247781,0,0,0,0,0
1788889193.708,0,0,0,0,0,0,0,774902072,3990665181696,1895115318272,0,0,0,0,0,0,0,0,0,0,0,0,0,0,0,0,0,0,0,0,0,0,0,0,0,0,0,0,0,0,0,0,0,0,0,0,0,0,0,0,0,0,0,0,0,0,0,0,0,0,0,0,0,0,0,0,0,0,1061025,243739535,103596055,0,0,0,0,0,0,0,0,0,0,0,0,0,0,0,0,0,0,0,0,0,0,0,0,0,0,0,0,0,0,0,0,0,0,0,0,0,12883050496,5082136576,786319,310189,0,113,786432,242895949,0,0,3780923993,12884901888,114888731,436791752,0,0,0,0,0,0,0,0,0,0,0,0,0,0,0,0,0,0,24838040,24838232,0,97,97,6268,329,49676043,35,0,0,0,0,0,0,0,1,0,0,0,0,0,0,0,0,0,0,27931139,0,58380838,501821,0,0,0,0,0,0,0,0,16384,0,0,0,0,0,0,0,0,0,0,0,4303,615,0,0,0,0,0,75506719,0,317,0,27,615,4303,0,0,0,0,0,0,0,0,0,0,0,0,0,0,0,0,0,0,0,0,0,0,0,0,0,0,0,0,0,0,0,0,0,0,0,0,0,0,0,0,0,0,0,0,0,0,0,0,0,0,0,0,0,323718203,0,0,0,372743790,0,0,0,0,0,0,0,119985479,243599882,472233910,167626594816,66571678,1,0,0,0,0,0,0,0,0,0,0,0,0,0,0,0,0,0,0,0,0,0,0,0,0,0,0,0,0,0,0,252250615,0,0,0,0,0
1788889194.736,0,0,0,0,0,0,0,774986717,3991308843520,1895402136064,0,0,0,0,0,0,0,0,0,0,0,0,0,0,0,0,0,0,0,0,0,0,0,0,0,0,0,0,0,0,0,0,0,0,0,0,0,0,0,0,0,0,0,0,0,0,0,0,0,0,0,0,0,0,0,0,0,0,1061178,243778883,103612140,0,0,0,0,0,0,0,0,0,0,0,0,0,0,0,0,0,0,0,0,0,0,0,0,0,0,0,0,0,0,0,0,0,0,0,0,0,12883066880,5064392704,786320,309106,0,112,786432,242935187,0,0,3781341333,12884901888,114924153,436835614,0,0,0,0,0,0,0,0,0,0,0,0,0,0,0,0,0,0,24840825,24841022,0,97,97,6268,329,49681605,35,0,0,0,0,0,0,0,1,0,0,0,0,0,0,0,0,0,0,27934276,0,58384137,501849,0,0,0,0,0,0,0,0,16384,0,0,0,0,0,0,0,0,0,0,0,4304,615,0,0,0,0,0,75515216,0,317,0,27,615,4304,0,0,0,0,0,0,0,0,0,0,0,0,0,0,0,0,0,0,0,0,0,0,0,0,0,0,0,0,0,0,0,0,0,0,0,0,0,0,0,0,0,0,0,0,0,0,0,0,0,0,0,0,0,323757743,0,0,0,372783217,0,0,0,0,0,0,0,120015076,243639185,472302213,167646900224,66588208,0,1,0,0,0,0,0,0,0,0,0,0,0,0,0,0,0,0,0,0,0,0,0,0,0,0,0,0,0,0,0,252253404,0,0,0,0,0
1788889195.763,0,0,0,0,0,0,0,775068915,3991933090304,1895643304960,0,0,0,0,0,0,0,0,0,0,0,0,0,0,0,0,0,0,0,0,0,0,0,0,0,0,0,0,0,0,0,0,0,0,0,0,0,0,0,0,0,0,0,0,0,0,0,0,0,0,0,0,0,0,0,0,0,0,1061386,243817044,103625459,0,0,0,0,0,0,0,0,0,0,0,0,0,0,0,0,0,0,0,0,0,0,0,0,0,0,0,0,0,0,0,0,0,0,0,0,0,12883001344,5087870976,786317,310539,0,115,786432,242973263,0,0,3781747130,12884901888,114961069,436879003,0,0,0,0,0,0,0,0,0,0,0,0,0,0,0,0,0,0,24843533,24843727,0,97,97,6268,329,49687047,35,0,0,0,0,0,0,0,1,0,0,0,0,0,0,0,0,0,0,27937321,0,58384393,501851,0,0,0,0,0,0,0,0,16384,0,0,0,0,0,0,0,0,0,0,0,4305,615,0,0,0,0,0,75523454,0,317,0,27,615,4305,0,0,0,0,0,0,0,0,0,0,0,0,0,0,0,0,0,0,0,0,0,0,0,0,0,0,0,0,0,0,0,0,0,0,0,0,0,0,0,0,0,0,0,0,0,0,0,0,0,0,0,0,0,323796106,0,0,0,372821673,0,0,0,0,0,0,0,120046396,243677298,472366842,167666661888,66606503,1,0,0,0,0,0,0,0,0,0,0,0,0,0,0,0,0,0,0,0,0,0,0,0,0,0,0,0,0,0,0,252256111,0,0,0,0,0
1788889196.789,0,0,0,0,0,0,0,775160865,3992632785408,1895949928960,0,0,0,0,0,0,0,0,0,0,0,0,0,0,0,0,0,0,0,0,0,0,0,0,0,0,0,0,0,0,0,0,0,0,0,0,0,0,0,0,0,0,0,0,0,0,0,0,0,0,0,0,0,0,0,0,0,0,1061540,243859832,103642637,0,0,0,0,0,0,0,0,0,0,0,0,0,0,0,0,0,0,0,0,0,0,0,0,0,0,0,0,0,0,0,0,0,0,0,0,0,12883001344,5073354752,786316,309653,1,116,786432,243015939,0,0,3782199507,12884901888,114999985,436926811,0,0,0,0,0,0,0,0,0,0,0,0,0,0,0,0,0,0,24846582,24846774,0,97,97,6268,329,49693122,35,0,0,0,0,0,0,0,1,0,0,0,0,0,0,0,0,0,0,27940747,0,58387511,501878,0,0,0,0,0,0,0,0,16384,0,0,0,0,0,0,0,0,0,0,0,4306,615,0,0,0,0,0,75532730,0,317,0,27,615,4306,0,0,0,0,0,0,0,0,0,0,0,0,0,0,0,0,0,0,0,0,0,0,0,0,0,0,0,0,0,0,0,0,0,0,0,0,0,0,0,0,0,0,0,0,0,0,0,0,0,0,0,0,0,323838736,0,0,0,372864620,0,0,0,0,0,0,0,120077274,243719994,472440572,167688611328,66623067,0,0,0,0,0,0,0,0,0,0,0,0,0,0,0,0,0,0,0,0,0,0,0,0,0,0,0,0,0,0,0,252259157,0,0,0,0,0
1788889197.817,0,0,0,0,0,0,0,775237278,3993215777280,1896171237888,0,0,0,0,0,0,0,0,0,0,0,0,0,0,0,0,0,0,0,0,0,0,0,0,0,0,0,0,0,0,0,0,0,0,0,0,0,0,0,0,0,0,0,0,0,0,0,0,0,0,0,0,0,0,0,0,0,0,1061663,243895464,103654871,0,0,0,0,0,0,0,0,0,0,0,0,0,0,0,0,0,0,0,0,0,0,0,0,0,0,0,0,0,0,0,0,0,0,0,0,0,12883066880,5096931328,786320,311092,0,113,786432,243051502,0,0,3782576193,12884901888,115034635,436966491,0,0,0,0,0,0,0,0,0,0,0,0,0,0,0,0,0,0,24849112,24849306,0,97,97,6268,329,49698187,35,0,0,0,0,0,0,0,1,0,0,0,0,0,0,0,0,0,0,27943592,0,58387639,501879,0,0,0,0,0,0,0,0,16384,0,0,0,0,0,0,0,0,0,0,0,4307,615,0,0,0,0,0,75540427,0,317,0,27,615,4307,0,0,0,0,0,0,0,0,0,0,0,0,0,0,0,0,0,0,0,0,0,0,0,0,0,0,0,0,0,0,0,0,0,0,0,0,0,0,0,0,0,0,0,0,0,0,0,0,0,0,0,0,0,323873472,0,0,0,372900418,0,0,0,0,0,0,0,120105634,243755608,472499583,167706510336,66639340,1,0,0,0,0,0,0,0,0,0,0,0,0,0,0,0,0,0,0,0,0,0,0,0,0,0,0,0,0,0,0,252261688,0,0,0,0,0
1788889198.844,0,0,0,0,0,0,0,775321409,3993854736896,1896458097664,0,0,0,0,0,0,0,0,0,0,0,0,0,0,0,0,0,0,0,0,0,0,0,0,0,0,0,0,0,0,0,0,0,0,0,0,0,0,0,0,0,0,0,0,0,0,0,0,0,0,0,0,0,0,0,0,0,0,1061806,243934543,103670969,0,0,0,0,0,0,0,0,0,0,0,0,0,0,0,0,0,0,0,0,0,0,0,0,0,0,0,0,0,0,0,0,0,0,0,0,0,12878577664,5075877888,786046,309807,278,109,786432,243090488,0,0,3782991304,12884901888,115070227,437010108,0,0,0,0,0,0,0,0,0,0,0,0,0,0,0,0,0,0,24851886,24852072,0,97,97,6268,329,49703747,35,0,0,0,0,0,0,0,1,0,0,0,0,0,0,0,0,0,0,27946706,0,58390883,501907,0,0,0,0,0,0,0,0,16384,0,0,0,0,0,0,0,0,0,0,0,4308,615,0,0,0,0,0,75548838,0,317,0,27,615,4308,0,0,0,0,0,0,0,0,0,0,0,0,0,0,0,0,0,0,0,0,0,0,0,0,0,0,0,0,0,0,0,0,0,0,0,0,0,0,0,0,0,0,0,0,0,0,0,0,0,0,0,0,0,323912796,0,0,0,372939631,0,0,0,0,0,0,0,120133792,243794621,472567731,167726743040,66654383,1,0,0,0,0,0,0,0,0,0,0,0,0,0,0,0,0,0,0,0,0,0,0,0,0,0,0,0,0,0,0,252264454,0,0,0,0,0
1788889199.872,0,0,0,0,0,0,0,775410355,3994530544128,1896717029376,0,0,0,0,0,0,0,0,0,0,0,0,0,0,0,0,0,0,0,0,0,0,0,0,0,0,0,0,0,0,0,0,0,0,0,0,0,0,0,0,0,0,0,0,0,0,0,0,0,0,0,0,0,0,0,0,0,0,1061996,243975868,103685253,0,0,0,0,0,0,0,0,0,0,0,0,0,0,0,0,0,0,0,0,0,0,0,0,0,0,0,0,0,0,0,0,0,0,0,0,0,12883001344,5099470848,786316,311247,0,116,786432,243131701,0,0,3783430795,12884901888,115108046,437056584,0,0,0,0,0,0,0,0,0,0,0,0,0,0,0,0,0,0,24854839,24855021,0,97,97,6268,329,49709644,35,0,0,0,0,0,0,0,1,0,0,0,0,0,0,0,0,0,0,27950024,0,58391610,501913,0,0,0,0,0,0,0,0,16384,0,0,0,0,0,0,0,0,0,0,0,4309,615,0,0,0,0,0,75557812,0,317,0,27,615,4309,0,0,0,0,0,0,0,0,0,0,0,0,0,0,0,0,0,0,0,0,0,0,0,0,0,0,0,0,0,0,0,0,0,0,0,0,0,0,0,0,0,0,0,0,0,0,0,0,0,0,0,0,0,323954143,0,0,0,372981212,0,0,0,0,0,0,0,120163675,243835874,472636819,167747995136,66670675,1,0,0,0,0,0,0,0,0,0,0,0,0,0,0,0,0,0,0,0,0,0,0,0,0,0,0,0,0,0,0,252267405,0,0,0,0,0
1788889200.900,0,0,0,0,0,0,0,775494178,3995170175488,1896963637248,0,0,0,0,0,0,0,0,0,0,0,0,0,0,0,0,0,0,0,0,0,0,0,0,0,0,0,0,0,0,0,0,0,0,0,0,0,0,0,0,0,0,0,0,0,0,0,0,0,0,0,0,0,0,0,0,0,0,1062151,244014983,103698903,0,0,0,0,0,0,0,0,0,0,0,0,0,0,0,0,0,0,0,0,0,0,0,0,0,0,0,0,0,0,0,0,0,0,0,0,0,12883460096,5118328832,786344,312398,0,88,786432,243170731,0,0,3783844444,12884901888,115145999,437100113,0,0,0,0,0,0,0,0,0,0,0,0,0,0,0,0,0,0,24857581,24857778,0,97,97,6268,329,49715150,35,0,0,0,0,0,0,0,1,0,0,0,0,0,0,0,0,0,0,27953125,0,58391738,501914,0,0,0,0,0,0,0,0,16384,0,0,0,0,0,0,0,0,0,0,0,4310,615,0,0,0,0,0,75566177,0,317,0,27,615,4310,0,0,0,0,0,0,0,0,0,0,0,0,0,0,0,0,0,0,0,0,0,0,0,0,0,0,0,0,0,0,0,0,0,0,0,0,0,0,0,0,0,0,0,0,0,0,0,0,0,0,0,0,0,323993138,0,0,0,373020248,0,0,0,0,0,0,0,120194036,243874941,472702857,167768034816,66687554,1,1,0,0,0,0,0,0,0,0,0,0,0,0,0,0,0,0,0,0,0,0,0,0,0,0,0,0,0,0,0,252270160,0,0,0,0,0
1788889201.928,0,0,0,0,0,0,0,775592805,3995924740608,1897291890176,0,0,0,0,0,0,0,0,0,0,0,0,0,0,0,0,0,0,0,0,0,0,0,0,0,0,0,0,0,0,0,0,0,0,0,0,0,0,0,0,0,0,0,0,0,0,0,0,0,0,0,0,0,0,0,0,0,0,1062332,244061144,103717294,0,0,0,0,0,0,0,0,0,0,0,0,0,0,0,0,0,0,0,0,0,0,0,0,0,0,0,0,0,0,0,0,0,0,0,0,0,12883214336,5105188864,786329,311596,0,102,786432,243216763,0,0,3784332127,12884901888,115187225,437151685,0,0,0,0,0,0,0,0,0,0,0,0,0,0,0,0,0,0,24860846,24861043,0,97,97,6268,329,49721680,35,0,0,0,0,0,0,0,1,0,0,0,0,0,0,0,0,0,0,27956799,0,58395230,501944,0,0,0,0,0,0,0,0,16384,0,0,0,0,0,0,0,0,0,0,0,4311,615,0,0,0,0,0,75576090,0,317,0,27,615,4311,0,0,0,0,0,0,0,0,0,0,0,0,0,0,0,0,0,0,0,0,0,0,0,0,0,0,0,0,0,0,0,0,0,0,0,0,0,0,0,0,0,0,0,0,0,0,0,0,0,0,0,0,0,324038619,0,0,0,373066380,0,0,0,0,0,0,0,120225196,243921005,472781483,167791537152,66703577,1,1,0,0,0,0,0,0,0,0,0,0,0,0,0,0,0,0,0,0,0,0,0,0,0,0,0,0,0,0,0,252273427,0,0,0,0,0
1788889202.956,0,0,0,0,0,0,0,775674734,3996549233152,1897533113856,0,0,0,0,0,0,0,0,0,0,0,0,0,0,0,0,0,0,0,0,0,0,0,0,0,0,0,0,0,0,0,0,0,0,0,0,0,0,0,0,0,0,0,0,0,0,0,0,0,0,0,0,0,0,0,0,0,0,1062469,244099324,103730627,0,0,0,0,0,0,0,0,0,0,0,0,0,0,0,0,0,0,0,0,0,0,0,0,0,0,0,0,0,0,0,0,0,0,0,0,0,12883116032,5125488640,786324,312835,0,108,786432,243254856,0,0,3784735938,12884901888,115222967,437194436,0,0,0,0,0,0,0,0,0,0,0,0,0,0,0,0,0,0,24863571,24863762,0,97,97,6268,329,49727109,35,0,0,0,0,0,0,0,1,0,0,0,0,0,0,0,0,0,0,27959858,0,58395806,501949,0,0,0,0,0,0,0,0,16384,0,0,0,0,0,0,0,0,0,0,0,4312,615,0,0,0,0,0,75584348,0,317,0,27,615,4312,0,0,0,0,0,0,0,0,0,0,0,0,0,0,0,0,0,0,0,0,0,0,0,0,0,0,0,0,0,0,0,0,0,0,0,0,0,0,0,0,0,0,0,0,0,0,0,0,0,0,0,0,0,324076585,0,0,0,373104766,0,0,0,0,0,0,0,120255998,243959142,472845453,167811088896,66721579,1,0,0,0,0,0,0,0,0,0,0,0,0,0,0,0,0,0,0,0,0,0,0,0,0,0,0,0,0,0,0,252276144,0,0,0,0,0
1788889203.983,0,0,0,0,0,0,0,775749453,3997118003712,1897753011200,0,0,0,0,0,0,0,0,0,0,0,0,0,0,0,0,0,0,0,0,0,0,0,0,0,0,0,0,0,0,0,0,0,0,0,0,0,0,0,0,0,0,0,0,0,0,0,0,0,0,0,0,0,0,0,0,0,0,1062598,244134110,103742782,0,0,0,0,0,0,0,0,0,0,0,0,0,0,0,0,0,0,0,0,0,0,0,0,0,0,0,0,0,0,0,0,0,0,0,0,0,12883050496,5144182784,786319,313976,0,113,786432,243289564,0,0,3785102838,12884901888,115256840,437233366,0,0,0,0,0,0,0,0,0,0,0,0,0,0,0,0,0,0,24866049,24866240,0,97,97,6268,329,49732052,35,0,0,0,0,0,0,0,1,0,0,0,0,0,0,0,0,0,0,27962646,0,58395934,501950,0,0,0,0,0,0,0,0,16384,0,0,0,0,0,0,0,0,0,0,0,4313,615,0,0,0,0,0,75591913,0,317,0,27,615,4313,0,0,0,0,0,0,0,0,0,0,0,0,0,0,0,0,0,0,0,0,0,0,0,0,0,0,0,0,0,0,0,0,0,0,0,0,0,0,0,0,0,0,0,0,0,0,0,0,0,0,0,0,0,324111297,0,0,0,373139716,0,0,0,0,0,0,0,120285485,243993869,472904234,167828963328,66739079,1,0,0,0,0,0,0,0,0,0,0,0,0,0,0,0,0,0,0,0,0,0,0,0,0,0,0,0,0,0,0,252278623,0,0,0,0,0
1788889205.011,0,0,0,0,0,0,0,775833566,3997761288704,1898038030336,0,0,0,0,0,0,0,0,0,0,0,0,0,0,0,0,0,0,0,0,0,0,0,0,0,0,0,0,0,0,0,0,0,0,0,0,0,0,0,0,0,0,0,0,0,0,0,0,0,0,0,0,0,0,0,0,0,0,1062756,244173458,103758767,0,0,0,0,0,0,0,0,0,0,0,0,0,0,0,0,0,0,0,0,0,0,0,0,0,0,0,0,0,0,0,0,0,0,0,0,0,12883066880,5127340032,786320,312948,0,112,786432,243328824,0,0,3785518203,12884901888,115292351,437277045,0,0,0,0,0,0,0,0,0,0,0,0,0,0,0,0,0,0,24868810,24869006,0,97,97,6268,329,49737601,35,0,0,0,0,0,0,0,1,0,0,0,0,0,0,0,0,0,0,27965757,0,58399076,501978,0,0,0,0,0,0,0,0,16384,0,0,0,0,0,0,0,0,0,0,0,4314,615,0,0,0,0,0,75600325,0,317,0,27,615,4314,0,0,0,0,0,0,0,0,0,0,0,0,0,0,0,0,0,0,0,0,0,0,0,0,0,0,0,0,0,0,0,0,0,0,0,0,0,0,0,0,0,0,0,0,0,0,0,0,0,0,0,0,0,324150444,0,0,0,373178953,0,0,0,0,0,0,0,120315729,244033175,472971985,167849104384,66756323,0,0,0,0,0,0,0,0,0,0,0,0,0,0,0,0,0,0,0,0,0,0,0,0,0,0,0,0,0,0,0,252281389,0,0,0,0,0
1788889206.038,0,0,0,0,0,0,0,775915841,3998383749632,1898277630464,0,0,0,0,0,0,0,0,0,0,0,0,0,0,0,0,0,0,0,0,0,0,0,0,0,0,0,0,0,0,0,0,0,0,0,0,0,0,0,0,0,0,0,0,0,0,0,0,0,0,0,0,0,0,0,0,0,0,1062910,244211516,103771990,0,0,0,0,0,0,0,0,0,0,0,0,0,0,0,0,0,0,0,0,0,0,0,0,0,0,0,0,0,0,0,0,0,0,0,0,0,12883001344,5150474240,786317,314360,0,116,786432,243366785,0,0,3785923853,12884901888,115329384,437319892,0,0,0,0,0,0,0,0,0,0,0,0,0,0,0,0,0,0,24871526,24871723,0,97,97,6268,329,49743022,35,0,0,0,0,0,0,0,1,0,0,0,0,0,0,0,0,0,0,27968813,0,58399332,501979,0,0,0,0,0,0,0,0,16384,0,0,0,0,0,0,0,0,0,0,0,4316,616,0,0,0,0,0,75608583,0,318,0,27,616,4316,0,0,0,0,1,0,0,0,0,0,0,0,0,0,0,0,0,0,0,0,0,0,0,0,0,0,0,0,0,0,0,0,0,0,0,0,0,0,0,0,0,0,0,0,0,0,0,0,0,0,0,0,0,324188662,0,0,0,373217374,0,0,0,0,0,0,0,120347131,244071168,473036428,167868754432,66774659,0,0,0,0,0,0,0,0,0,0,0,0,0,0,0,0,0,0,0,0,0,0,0,0,0,0,0,0,0,0,0,252284105,0,0,0,0,0
1788889207.065,0,0,0,0,0,0,0,775999142,3999019694592,1898558800896,0,0,0,0,0,0,0,0,0,0,0,0,0,0,0,0,0,0,0,0,0,0,0,0,0,0,0,0,0,0,0,0,0,0,0,0,0,0,0,0,0,0,0,0,0,0,0,0,0,0,0,0,0,0,0,0,0,0,1063045,244250411,103787743,0,0,0,0,0,0,0,0,0,0,0,0,0,0,0,0,0,0,0,0,0,0,0,0,0,0,0,0,0,0,0,0,0,0,0,0,0,12883132416,5134467072,786324,313383,0,107,786432,243405590,0,0,3786334967,12884901888,115364448,437363164,0,0,0,0,0,0,0,0,0,0,0,0,0,0,0,0,0,0,24874282,24874473,0,97,97,6268,329,49748525,35,0,0,0,0,0,0,0,1,0,0,0,0,0,0,0,0,0,0,27971906,0,58402467,502005,0,0,0,0,0,0,0,0,16384,0,0,0,0,0,0,0,0,0,0,0,4317,616,0,0,0,0,0,75616932,0,318,0,27,616,4317,0,0,0,0,0,0,0,0,0,0,0,0,0,0,0,0,0,0,0,0,0,0,0,0,0,0,0,0,0,0,0,0,0,0,0,0,0,0,0,0,0,0,0,0,0,0,0,0,0,0,0,0,0,324227553,0,0,0,373256307,0,0,0,0,0,0,0,120377009,244110010,473103577,167888756224,66791612,1,0,0,0,0,0,0,0,0,0,0,0,0,0,0,0,0,0,0,0,0,0,0,0,0,0,0,0,0,0,0,252286856,0,0,0,0,0
1788889208.093,0,0,0,0,0,0,0,776079630,3999634127360,1898795662848,0,0,0,0,0,0,0,0,0,0,0,0,0,0,0,0,0,0,0,0,0,0,0,0,0,0,0,0,0,0,0,0,0,0,0,0,0,0,0,0,0,0,0,0,0,0,0,0,0,0,0,0,0,0,0,0,0,0,1063202,244287989,103800834,0,0,0,0,0,0,0,0,0,0,0,0,0,0,0,0,0,0,0,0,0,0,0,0,0,0,0,0,0,0,0,0,0,0,0,0,0,12883165184,5154226176,786327,314589,1,105,786432,243443079,0,0,3786732660,12884901888,115400818,437405080,0,0,0,0,0,0,0,0,0,0,0,0,0,0,0,0,0,0,24876939,24877138,0,97,97,6268,329,49753847,35,0,0,0,0,0,0,0,1,0,0,0,0,0,0,0,0,0,0,27974904,0,58402723,502007,0,0,0,0,0,0,0,0,16384,0,0,0,0,0,0,0,0,0,0,0,4318,616,0,0,0,0,0,75625046,0,318,0,27,616,4318,0,0,0,0,0,0,0,0,0,0,0,0,0,0,0,0,0,0,0,0,0,0,0,0,0,0,0,0,0,0,0,0,0,0,0,0,0,0,0,0,0,0,0,0,0,0,0,0,0,0,0,0,0,324265001,0,0,0,373293909,0,0,0,0,0,0,0,120407906,244147518,473166856,167908012544,66809716,0,1,0,0,0,0,0,0,0,0,0,0,0,0,0,0,0,0,0,0,0,0,0,0,0,0,0,0,0,0,0,252289519,0,0,0,0,0
1788889209.120,0,0,0,0,0,0,0,776176168,4000363985408,1899117277696,0,0,0,0,0,0,0,0,0,0,0,0,0,0,0,0,0,0,0,0,0,0,0,0,0,0,0,0,0,0,0,0,0,0,0,0,0,0,0,0,0,0,0,0,0,0,0,0,0,0,0,0,0,0,0,0,0,0,1063415,244332626,103818860,0,0,0,0,0,0,0,0,0,0,0,0,0,0,0,0,0,0,0,0,0,0,0,0,0,0,0,0,0,0,0,0,0,0,0,0,0,12883034112,5138219008,786318,313612,0,114,786432,243487611,0,0,3787209584,12884901888,115439591,437455668,0,0,0,0,0,0,0,0,0,0,0,0,0,0,0,0,0,0,24880146,24880345,0,97,97,6268,329,49760254,35,0,0,0,0,0,0,0,1,0,0,0,0,0,0,0,0,0,0,27978512,0,58406490,502038,0,0,0,0,0,0,0,0,16384,0,0,0,0,0,0,0,0,0,0,0,4319,616,0,0,0,0,0,75634799,0,318,0,27,616,4319,0,0,0,0,0,0,0,0,0,0,0,0,0,0,0,0,0,0,0,0,0,0,0,0,0,0,0,0,0,0,0,0,0,0,0,0,0,0,0,0,0,0,0,0,0,0,0,0,0,0,0,0,0,324309489,0,0,0,373339042,0,0,0,0,0,0,0,120438688,244192098,473243499,167930969600,66825945,0,0,0,0,0,0,0,0,0,0,0,0,0,0,0,0,0,0,0,0,0,0,0,0,0,0,0,0,0,0,0,252292729,0,0,0,0,0
1788889210.148,0,0,0,0,0,0,0,776267049,4001057061376,1899421399040,0,0,0,0,0,0,0,0,0,0,0,0,0,0,0,0,0,0,0,0,0,0,0,0,0,0,0,0,0,0,0,0,0,0,0,0,0,0,0,0,0,0,0,0,0,0,0,0,0,0,0,0,0,0,0,0,0,0,1063619,244375019,103835906,0,0,0,0,0,0,0,0,0,0,0,0,0,0,0,0,0,0,0,0,0,0,0,0,0,0,0,0,0,0,0,0,0,0,0,0,0,12883066880,5122637824,786319,312661,0,113,786432,243529894,0,0,3787658890,12884901888,115477503,437503247,0,0,0,0,0,0,0,0,0,0,0,0,0,0,0,0,0,0,24883155,24883350,0,97,97,6268,329,49766279,35,0,0,0,0,0,0,0,1,0,0,0,0,0,0,0,0,0,0,27981893,0,58409952,502066,0,0,0,0,0,0,0,0,16384,0,0,0,0,0,0,0,0,0,0,0,4320,616,0,0,0,0,0,75643924,0,318,0,27,616,4320,0,0,0,0,0,0,0,0,0,0,0,0,0,0,0,0,0,0,0,0,0,0,0,0,0,0,0,0,0,0,0,0,0,0,0,0,0,0,0,0,0,0,0,0,0,0,0,0,0,0,0,0,0,324350929,0,0,0,373381451,0,0,0,0,0,0,0,120469374,244234439,473315480,167952290816,66842759,1,0,0,0,0,0,0,0,0,0,0,0,0,0,0,0,0,0,0,0,0,0,0,0,0,0,0,0,0,0,0,252295733,0,0,0,0,0
1788889211.175,0,0,0,0,0,0,0,776344805,4001648835072,1899650602496,0,0,0,0,0,0,0,0,0,0,0,0,0,0,0,0,0,0,0,0,0,0,0,0,0,0,0,0,0,0,0,0,0,0,0,0,0,0,0,0,0,0,0,0,0,0,0,0,0,0,0,0,0,0,0,0,0,0,1063726,244411185,103848598,0,0,0,0,0,0,0,0,0,0,0,0,0,0,0,0,0,0,0,0,0,0,0,0,0,0,0,0,0,0,0,0,0,0,0,0,0,12883165184,5139202048,786326,313672,0,106,786432,243565962,0,0,3788041101,12884901888,115512649,437543494,0,0,0,0,0,0,0,0,0,0,0,0,0,0,0,0,0,0,24885734,24885927,0,97,97,6268,329,49771421,35,0,0,0,0,0,0,0,1,0,0,0,0,0,0,0,0,0,0,27984791,0,58410080,502067,0,0,0,0,0,0,0,0,16384,0,0,0,0,0,0,0,0,0,0,0,4321,616,0,0,0,0,0,75651769,0,318,0,27,616,4321,0,0,0,0,0,0,0,0,0,0,0,0,0,0,0,0,0,0,0,0,0,0,0,0,0,0,0,0,0,0,0,0,0,0,0,0,0,0,0,0,0,0,0,0,0,0,0,0,0,0,0,0,0,324386870,0,0,0,373417813,0,0,0,0,0,0,0,120499659,244270567,473376564,167970780672,66860525,1,0,0,0,0,0,0,0,0,0,0,0,0,0,0,0,0,0,0,0,0,0,0,0,0,0,0,0,0,0,0,252298310,0,0,0,0,0
1788889212.201,0,0,0,0,0,0,0,776430221,4002300705280,1899937510912,0,0,0,0,0,0,0,0,0,0,0,0,0,0,0,0,0,0,0,0,0,0,0,0,0,0,0,0,0,0,0,0,0,0,0,0,0,0,0,0,0,0,0,0,0,0,0,0,0,0,0,0,0,0,0,0,0,0,1063864,244451058,103864673,0,0,0,0,0,0,0,0,0,0,0,0,0,0,0,0,0,0,0,0,0,0,0,0,0,0,0,0,0,0,0,0,0,0,0,0,0,12882984960,5124112384,786315,312751,0,117,786432,243605739,0,0,3788463258,12884901888,115548385,437587771,0,0,0,0,0,0,0,0,0,0,0,0,0,0,0,0,0,0,24888543,24888738,0,97,97,6268,329,49777047,35,0,0,0,0,0,0,0,1,0,0,0,0,0,0,0,0,0,0,27987954,0,58413267,502093,0,0,0,0,0,0,0,0,16384,0,0,0,0,0,0,0,0,0,0,0,4322,616,0,0,0,0,0,75660339,0,318,0,27,616,4322,0,0,0,0,0,0,0,0,0,0,0,0,0,0,0,0,0,0,0,0,0,0,0,0,0,0,0,0,0,0,0,0,0,0,0,0,0,0,0,0,0,0,0,0,0,0,0,0,0,0,0,0,0,324426702,0,0,0,373457649,0,0,0,0,0,0,0,120529336,244310366,473445253,167991268864,66877034,0,0,0,0,0,0,0,0,0,0,0,0,0,0,0,0,0,0,0,0,0,0,0,0,0,0,0,0,0,0,0,252301122,0,0,0,0,0
1788889213.228,0,0,0,0,0,0,0,776523260,4003012114944,1900250752512,0,0,0,0,0,0,0,0,0,0,0,0,0,0,0,0,0,0,0,0,0,0,0,0,0,0,0,0,0,0,0,0,0,0,0,0,0,0,0,0,0,0,0,0,0,0,0,0,0,0,0,0,0,0,0,0,0,0,1064049,244494579,103882224,0,0,0,0,0,0,0,0,0,0,0,0,0,0,0,0,0,0,0,0,0,0,0,0,0,0,0,0,0,0,0,0,0,0,0,0,0,12883001344,5109923840,786316,311885,0,116,786432,243649122,0,0,3788923924,12884901888,115587482,437636445,0,0,0,0,0,0,0,0,0,0,0,0,0,0,0,0,0,0,24891616,24891816,0,97,97,6268,329,49783201,35,0,0,0,0,0,0,0,1,0,0,0,0,0,0,0,0,0,0,27991415,0,58416565,502120,0,0,0,0,0,0,0,0,16384,0,0,0,0,0,0,0,0,0,0,0,4323,616,0,0,0,0,0,75669696,0,318,0,27,616,4323,0,0,0,0,0,0,0,0,0,0,0,0,0,0,0,0,0,0,0,0,0,0,0,0,0,0,0,0,0,0,0,0,0,0,0,0,0,0,0,0,0,0,0,0,0,0,0,0,0,0,0,0,0,324469872,0,0,0,373501140,0,0,0,0,0,0,0,120560350,244353823,473520047,168013509632,66893538,0,0,0,0,0,0,0,0,0,0,0,0,0,0,0,0,0,0,0,0,0,0,0,0,0,0,0,0,0,0,0,252304199,0,0,0,0,0
1788889214.256,0,0,0,0,0,0,0,776599140,4003590224384,1900475178496,0,0,0,0,0,0,0,0,0,0,0,0,0,0,0,0,0,0,0,0,0,0,0,0,0,0,0,0,0,0,0,0,0,0,0,0,0,0,0,0,0,0,0,0,0,0,0,0,0,0,0,0,0,0,0,0,0,0,1064176,244529907,103894546,0,0,0,0,0,0,0,0,0,0,0,0,0,0,0,0,0,0,0,0,0,0,0,0,0,0,0,0,0,0,0,0,0,0,0,0,0,12877119488,5128257536,785957,313004,363,112,786432,243684365,0,0,3789296558,12884901888,115621481,437675910,0,0,0,0,0,0,0,0,0,0,0,0,0,0,0,0,0,0,24894122,24894318,0,97,97,6268,329,49788202,35,0,0,0,0,0,0,0,1,0,0,0,0,0,0,0,0,0,0,27994229,0,58416693,502124,0,0,0,0,0,0,0,0,16384,0,0,0,0,0,0,0,0,0,0,0,4324,616,0,0,0,0,0,75677301,0,318,0,27,616,4324,0,0,0,0,0,0,0,0,0,0,0,0,0,0,0,0,0,0,0,0,0,0,0,0,0,0,0,0,0,0,0,0,0,0,0,0,0,0,0,0,0,0,0,0,0,0,0,0,0,0,0,0,0,324505203,0,0,0,373536609,0,0,0,0,0,0,0,120589681,244389119,473579619,168031681536,66910969,0,0,0,0,0,0,0,0,0,0,0,0,0,0,0,0,0,0,0,0,0,0,0,0,0,0,0,0,0,0,0,252306700,0,0,0,0,0
1788889215.284,0,0,0,0,0,0,0,776684916,4004245076480,1900761504768,0,0,0,0,0,0,0,0,0,0,0,0,0,0,0,0,0,0,0,0,0,0,0,0,0,0,0,0,0,0,0,0,0,0,0,0,0,0,0,0,0,0,0,0,0,0,0,0,0,0,0,0,0,0,0,0,0,0,1064320,244569955,103910678,0,0,0,0,0,0,0,0,0,0,0,0,0,0,0,0,0,0,0,0,0,0,0,0,0,0,0,0,0,0,0,0,0,0,0,0,0,12883116032,5112397824,786323,312036,0,109,786432,243724309,0,0,3789720145,12884901888,115657617,437720471,0,0,0,0,0,0,0,0,0,0,0,0,0,0,0,0,0,0,24896947,24897146,0,97,97,6268,329,49793861,35,0,0,0,0,0,0,0,1,0,0,0,0,0,0,0,0,0,0,27997411,0,58420028,502148,0,0,0,0,0,0,0,0,16384,0,0,0,0,0,0,0,0,0,0,0,4325,616,0,0,0,0,0,75685895,0,318,0,27,616,4325,0,0,0,0,0,0,0,0,0,0,0,0,0,0,0,0,0,0,0,0,0,0,0,0,0,0,0,0,0,0,0,0,0,0,0,0,0,0,0,0,0,0,0,0,0,0,0,0,0,0,0,0,0,324544959,0,0,0,373576649,0,0,0,0,0,0,0,120620205,244429088,473648328,168052147712,66928176,0,0,0,0,0,0,0,0,0,0,0,0,0,0,0,0,0,0,0,0,0,0,0,0,0,0,0,0,0,0,0,252309530,0,0,0,0,0
1788889216.313,0,0,0,0,0,0,0,776772545,4004914395648,1901055101952,0,0,0,0,0,0,0,0,0,0,0,0,0,0,0,0,0,0,0,0,0,0,0,0,0,0,0,0,0,0,0,0,0,0,0,0,0,0,0,0,0,0,0,0,0,0,0,0,0,0,0,0,0,0,0,0,0,0,1064496,244610897,103927118,0,0,0,0,0,0,0,0,0,0,0,0,0,0,0,0,0,0,0,0,0,0,0,0,0,0,0,0,0,0,0,0,0,0,0,0,0,12882968576,5098536960,786314,311190,0,118,786432,243765141,0,0,3790153074,12884901888,115692749,437766249,0,0,0,0,0,0,0,0,0,0,0,0,0,0,0,0,0,0,24899844,24900039,0,97,97,6268,329,49799651,35,0,0,0,0,0,0,0,1,0,0,0,0,0,0,0,0,0,0,28000665,0,58423836,502179,0,0,0,0,0,0,0,0,16384,0,0,0,0,0,0,0,0,0,0,0,4326,616,0,0,0,0,0,75694691,0,318,0,27,616,4326,0,0,0,0,0,0,0,0,0,0,0,0,0,0,0,0,0,0,0,0,0,0,0,0,0,0,0,0,0,0,0,0,0,0,0,0,0,0,0,0,0,0,0,0,0,0,0,0,0,0,0,0,0,324585932,0,0,0,373617606,0,0,0,0,0,0,0,120648144,244469960,473718288,168073265664,66943142,0,0,0,0,0,0,0,0,0,0,0,0,0,0,0,0,0,0,0,0,0,0,0,0,0,0,0,0,0,0,0,252312423,0,0,0,0,0
1788889217.339,0,0,0,0,0,0,0,776846645,4005478119936,1901272477696,0,0,0,0,0,0,0,0,0,0,0,0,0,0,0,0,0,0,0,0,0,0,0,0,0,0,0,0,0,0,0,0,0,0,0,0,0,0,0,0,0,0,0,0,0,0,0,0,0,0,0,0,0,0,0,0,0,0,1064623,244645360,103939118,0,0,0,0,0,0,0,0,0,0,0,0,0,0,0,0,0,0,0,0,0,0,0,0,0,0,0,0,0,0,0,0,0,0,0,0,0,12883148800,5117673472,786325,312358,0,107,786432,243799543,0,0,3790518908,12884901888,115726237,437804859,0,0,0,0,0,0,0,0,0,0,0,0,0,0,0,0,0,0,24902302,24902493,0,97,97,6268,329,49804566,35,0,0,0,0,0,0,0,1,0,0,0,0,0,0,0,0,0,0,28003425,0,58423964,502180,0,0,0,0,0,0,0,0,16384,0,0,0,0,0,0,0,0,0,0,0,4327,616,0,0,0,0,0,75702144,0,318,0,27,616,4327,0,0,0,0,0,0,0,0,0,0,0,0,0,0,0,0,0,0,0,0,0,0,0,0,0,0,0,0,0,0,0,0,0,0,0,0,0,0,0,0,0,0,0,0,0,0,0,0,0,0,0,0,0,324620746,0,0,0,373652364,0,0,0,0,0,0,0,120676411,244504379,473776884,168091145216,66959564,1,0,0,0,0,0,0,0,0,0,0,0,0,0,0,0,0,0,0,0,0,0,0,0,0,0,0,0,0,0,0,252314876,0,0,0,0,0
1788889218.365,0,0,0,0,0,0,0,776935291,4006153337344,1901569875456,0,0,0,0,0,0,0,0,0,0,0,0,0,0,0,0,0,0,0,0,0,0,0,0,0,0,0,0,0,0,0,0,0,0,0,0,0,0,0,0,0,0,0,0,0,0,0,0,0,0,0,0,0,0,0,0,0,0,1064781,244686665,103955779,0,0,0,0,0,0,0,0,0,0,0,0,0,0,0,0,0,0,0,0,0,0,0,0,0,0,0,0,0,0,0,0,0,0,0,0,0,12883017728,5101486080,786317,311370,0,115,786432,243840735,0,0,3790956748,12884901888,115763439,437850931,0,0,0,0,0,0,0,0,0,0,0,0,0,0,0,0,0,0,24905233,24905429,0,97,97,6268,329,49810424,35,0,0,0,0,0,0,0,1,0,0,0,0,0,0,0,0,0,0,28006728,0,58427256,502207,0,0,0,0,0,0,0,0,16384,0,0,0,0,0,0,0,0,0,0,0,4328,616,0,0,0,0,0,75711079,0,318,0,27,616,4328,0,0,0,0,0,0,0,0,0,0,0,0,0,0,0,0,0,0,0,0,0,0,0,0,0,0,0,0,0,0,0,0,0,0,0,0,0,0,0,0,0,0,0,0,0,0,0,0,0,0,0,0,0,324662312,0,0,0,373693715,0,0,0,0,0,0,0,120705277,244545608,473848351,168112526848,66974832,0,0,0,0,0,0,0,0,0,0,0,0,0,0,0,0,0,0,0,0,0,0,0,0,0,0,0,0,0,0,0,252317813,0,0,0,0,0
1788889219.392,0,0,0,0,0,0,0,777017922,4006783023616,1901813787136,0,0,0,0,0,0,0,0,0,0,0,0,0,0,0,0,0,0,0,0,0,0,0,0,0,0,0,0,0,0,0,0,0,0,0,0,0,0,0,0,0,0,0,0,0,0,0,0,0,0,0,0,0,0,0,0,0,0,1064950,244725170,103969277,0,0,0,0,0,0,0,0,0,0,0,0,0,0,0,0,0,0,0,0,0,0,0,0,0,0,0,0,0,0,0,0,0,0,0,0,0,12883099648,5119950848,786322,312497,0,110,786432,243879140,0,0,3791364851,12884901888,115799361,437894116,0,0,0,0,0,0,0,0,0,0,0,0,0,0,0,0,0,0,24907966,24908159,0,97,97,6268,329,49815891,35,0,0,0,0,0,0,0,1,0,0,0,0,0,0,0,0,0,0,28009795,0,58427838,502212,0,0,0,0,0,0,0,0,16384,0,0,0,0,0,0,0,0,0,0,0,4329,616,0,0,0,0,0,75719360,0,318,0,27,616,4329,0,0,0,0,0,0,0,0,0,0,0,0,0,0,0,0,0,0,0,0,0,0,0,0,0,0,0,0,0,0,0,0,0,0,0,0,0,0,0,0,0,0,0,0,0,0,0,0,0,0,0,0,0,324700780,0,0,0,373732288,0,0,0,0,0,0,0,120734680,244584061,473913132,168132301824,66991298,0,0,0,0,0,0,0,0,0,0,0,0,0,0,0,0,0,0,0,0,0,0,0,0,0,0,0,0,0,0,0,252320540,0,0,0,0,0
1788889220.419,0,0,0,0,0,0,0,777102193,4007422753280,1902061438464,0,0,0,0,0,0,0,0,0,0,0,0,0,0,0,0,0,0,0,0,0,0,0,0,0,0,0,0,0,0,0,0,0,0,0,0,0,0,0,0,0,0,0,0,0,0,0,0,0,0,0,0,0,0,0,0,0,0,1065100,244764297,103982969,0,0,0,0,0,0,0,0,0,0,0,0,0,0,0,0,0,0,0,0,0,0,0,0,0,0,0,0,0,0,0,0,0,0,0,0,0,12883132416,5141037056,786323,313783,0,108,786432,243918163,0,0,3791780323,12884901888,115837216,437938027,0,0,0,0,0,0,0,0,0,0,0,0,0,0,0,0,0,0,24910744,24910937,0,97,97,6268,329,49821459,35,0,0,0,0,0,0,0,1,0,0,0,0,0,0,0,0,0,0,28012923,0,58428094,502214,0,0,0,0,0,0,0,0,16384,0,0,0,0,0,0,0,0,0,0,0,4330,616,0,0,0,0,0,75727825,0,318,0,27,616,4330,0,0,0,0,0,0,0,0,0,0,0,0,0,0,0,0,0,0,0,0,0,0,0,0,0,0,0,0,0,0,0,0,0,0,0,0,0,0,0,0,0,0,0,0,0,0,0,0,0,0,0,0,0,324739722,0,0,0,373771688,0,0,0,0,0,0,0,120766347,244623139,473979102,168152319488,67009560,0,0,0,0,0,0,0,0,0,0,0,0,0,0,0,0,0,0,0,0,0,0,0,0,0,0,0,0,0,0,0,252323321,0,0,0,0,0
1788889221.446,0,0,0,0,0,0,0,777188937,4008084027904,1902353509376,0,0,0,0,0,0,0,0,0,0,0,0,0,0,0,0,0,0,0,0,0,0,0,0,0,0,0,0,0,0,0,0,0,0,0,0,0,0,0,0,0,0,0,0,0,0,0,0,0,0,0,0,0,0,0,0,0,0,1065256,244804745,103999351,0,0,0,0,0,0,0,0,0,0,0,0,0,0,0,0,0,0,0,0,0,0,0,0,0,0,0,0,0,0,0,0,0,0,0,0,0,12883296256,5125013504,786334,312806,0,99,786432,243958514,0,0,3792208835,12884901888,115873804,437983101,0,0,0,0,0,0,0,0,0,0,0,0,0,0,0,0,0,0,24913597,24913790,0,97,97,6268,329,49827172,35,0,0,0,0,0,0,0,1,0,0,0,0,0,0,0,0,0,0,28016133,0,58431325,502240,0,0,0,0,0,0,0,0,16384,0,0,0,0,0,0,0,0,0,0,0,4331,616,0,0,0,0,0,75736503,0,318,0,27,616,4331,0,0,0,0,0,0,0,0,0,0,0,0,0,0,0,0,0,0,0,0,0,0,0,0,0,0,0,0,0,0,0,0,0,0,0,0,0,0,0,0,0,0,0,0,0,0,0,0,0,0,0,0,0,324780045,0,0,0,373812143,0,0,0,0,0,0,0,120795975,244663528,474048808,168173066240,67025799,1,0,0,0,0,0,0,0,0,0,0,0,0,0,0,0,0,0,0,0,0,0,0,0,0,0,0,0,0,0,0,252326174,0,0,0,0,0
1788889222.475,0,0,0,0,0,0,0,777282066,4008792062464,1902664762368,0,0,0,0,0,0,0,0,0,0,0,0,0,0,0,0,0,0,0,0,0,0,0,0,0,0,0,0,0,0,0,0,0,0,0,0,0,0,0,0,0,0,0,0,0,0,0,0,0,0,0,0,0,0,0,0,0,0,1065425,244848066,104016772,0,0,0,0,0,0,0,0,0,0,0,0,0,0,0,0,0,0,0,0,0,0,0,0,0,0,0,0,0,0,0,0,0,0,0,0,0,12882919424,5111562240,786311,311985,0,121,786432,244001719,0,0,3792669180,12884901888,115913061,438031824,0,0,0,0,0,0,0,0,0,0,0,0,0,0,0,0,0,0,24916702,24916888,0,97,97,6268,329,49833373,35,0,0,0,0,0,0,0,1,0,0,0,0,0,0,0,0,0,0,28019618,0,58434506,502266,0,0,0,0,0,0,0,0,16384,0,0,0,0,0,0,0,0,0,0,0,4332,616,0,0,0,0,0,75745929,0,318,0,27,616,4332,0,0,0,0,0,0,0,0,0,0,0,0,0,0,0,0,0,0,0,0,0,0,0,0,0,0,0,0,0,0,0,0,0,0,0,0,0,0,0,0,0,0,0,0,0,0,0,0,0,0,0,0,0,324823456,0,0,0,373855798,0,0,0,0,0,0,0,120828355,244706776,474123719,168195459584,67043634,0,0,0,0,0,0,0,0,0,0,0,0,0,0,0,0,0,0,0,0,0,0,0,0,0,0,0,0,0,0,0,252329272,0,0,0,0,0
1788889223.501,0,0,0,0,0,0,0,777364652,4009420929536,1902907580416,0,0,0,0,0,0,0,0,0,0,0,0,0,0,0,0,0,0,0,0,0,0,0,0,0,0,0,0,0,0,0,0,0,0,0,0,0,0,0,0,0,0,0,0,0,0,0,0,0,0,0,0,0,0,0,0,0,0,1065600,244886532,104030179,0,0,0,0,0,0,0,0,0,0,0,0,0,0,0,0,0,0,0,0,0,0,0,0,0,0,0,0,0,0,0,0,0,0,0,0,0,12883132416,5131059200,786323,313175,0,109,786432,244040102,0,0,3793076852,12884901888,115950351,438074870,0,0,0,0,0,0,0,0,0,0,0,0,0,0,0,0,0,0,24919421,24919617,0,97,97,6268,329,49838795,35,0,0,0,0,0,0,0,1,0,0,0,0,0,0,0,0,0,0,28022688,0,58434762,502268,0,0,0,0,0,0,0,0,16384,0,0,0,0,0,0,0,0,0,0,0,4333,616,0,0,0,0,0,75754212,0,318,0,27,616,4333,0,0,0,0,0,0,0,0,0,0,0,0,0,0,0,0,0,0,0,0,0,0,0,0,0,0,0,0,0,0,0,0,0,0,0,0,0,0,0,0,0,0,0,0,0,0,0,0,0,0,0,0,0,324861720,0,0,0,373894233,0,0,0,0,0,0,0,120859435,244745182,474188489,168215143424,67061586,0,0,0,0,0,0,0,0,0,0,0,0,0,0,0,0,0,0,0,0,0,0,0,0,0,0,0,0,0,0,0,252332000,0,0,0,0,0
1788889224.530,0,0,0,0,0,0,0,777449746,4010067458560,1903192146944,0,0,0,0,0,0,0,0,0,0,0,0,0,0,0,0,0,0,0,0,0,0,0,0,0,0,0,0,0,0,0,0,0,0,0,0,0,0,0,0,0,0,0,0,0,0,0,0,0,0,0,0,0,0,0,0,0,0,1065747,244926072,104046128,0,0,0,0,0,0,0,0,0,0,0,0,0,0,0,0,0,0,0,0,0,0,0,0,0,0,0,0,0,0,0,0,0,0,0,0,0,12882935808,5118345216,786312,312399,0,120,786432,244079564,0,0,3793496699,12884901888,115985741,438119197,0,0,0,0,0,0,0,0,0,0,0,0,0,0,0,0,0,0,24922229,24922420,0,97,97,6268,329,49844420,35,0,0,0,0,0,0,0,1,0,0,0,0,0,0,0,0,0,0,28025842,0,58437988,502294,0,0,0,0,0,0,0,0,16384,0,0,0,0,0,0,0,0,0,0,0,4334,616,0,0,0,0,0,75762746,0,318,0,27,616,4334,0,0,0,0,0,0,0,0,0,0,0,0,0,0,0,0,0,0,0,0,0,0,0,0,0,0,0,0,0,0,0,0,0,0,0,0,0,0,0,0,0,0,0,0,0,0,0,0,0,0,0,0,0,324901335,0,0,0,373934050,0,0,0,0,0,0,0,120889922,244784646,474256643,168235513344,67079067,0,0,0,0,0,0,0,0,0,0,0,0,0,0,0,0,0,0,0,0,0,0,0,0,0,0,0,0,0,0,0,252334804,0,0,0,0,0
1788889225.557,0,0,0,0,0,0,0,777526830,4010655627776,1903419329536,0,0,0,0,0,0,0,0,0,0,0,0,0,0,0,0,0,0,0,0,0,0,0,0,0,0,0,0,0,0,0,0,0,0,0,0,0,0,0,0,0,0,0,0,0,0,0,0,0,0,0,0,0,0,0,0,0,0,1065883,244962032,104058684,0,0,0,0,0,0,0,0,0,0,0,0,0,0,0,0,0,0,0,0,0,0,0,0,0,0,0,0,0,0,0,0,0,0,0,0,0,12883066880,5138219008,786320,313612,0,112,786432,244115427,0,0,3793875115,12884901888,116020776,438159383,0,0,0,0,0,0,0,0,0,0,0,0,0,0,0,0,0,0,24924777,24924969,0,97,97,6268,329,49849514,35,0,0,0,0,0,0,0,1,0,0,0,0,0,0,0,0,0,0,28028710,0,58438116,502295,0,0,0,0,0,0,0,0,16384,0,0,0,0,0,0,0,0,0,0,0,4335,616,0,0,0,0,0,75770507,0,318,0,27,616,4335,0,0,0,0,0,0,0,0,0,0,0,0,0,0,0,0,0,0,0,0,0,0,0,0,0,0,0,0,0,0,0,0,0,0,0,0,0,0,0,0,0,0,0,0,0,0,0,0,0,0,0,0,0,324937206,0,0,0,373970139,0,0,0,0,0,0,0,120919736,244820559,474317413,168253976064,67096484,0,0,0,0,0,0,0,0,0,0,0,0,0,0,0,0,0,0,0,0,0,0,0,0,0,0,0,0,0,0,0,252337352,0,0,0,0,0
1788889226.585,0,0,0,0,0,0,0,777617466,4011341642240,1903719834624,0,0,0,0,0,0,0,0,0,0,0,0,0,0,0,0,0,0,0,0,0,0,0,0,0,0,0,0,0,0,0,0,0,0,0,0,0,0,0,0,0,0,0,0,0,0,0,0,0,0,0,0,0,0,0,0,0,0,1066038,245003997,104075508,0,0,0,0,0,0,0,0,0,0,0,0,0,0,0,0,0,0,0,0,0,0,0,0,0,0,0,0,0,0,0,0,0,0,0,0,0,12883066880,5125111808,786320,312812,0,112,786432,244157282,0,0,3794321751,12884901888,116058428,438206445,0,0,0,0,0,0,0,0,0,0,0,0,0,0,0,0,0,0,24927762,24927962,0,97,97,6268,329,49855490,35,0,0,0,0,0,0,0,1,0,0,0,0,0,0,0,0,0,0,28032076,0,58441271,502321,0,0,0,0,0,0,0,0,16384,0,0,0,0,0,0,0,0,0,0,0,4336,616,0,0,0,0,0,75779600,0,318,0,27,616,4336,0,0,0,0,0,0,0,0,0,0,0,0,0,0,0,0,0,0,0,0,0,0,0,0,0,0,0,0,0,0,0,0,0,0,0,0,0,0,0,0,0,0,0,0,0,0,0,0,0,0,0,0,0,324979427,0,0,0,374012413,0,0,0,0,0,0,0,120950484,244862466,474389983,168275695616,67113312,1,0,0,0,0,0,0,0,0,0,0,0,0,0,0,0,0,0,0,0,0,0,0,0,0,0,0,0,0,0,0,252340343,0,0,0,0,0
1788889227.611,0,0,0,0,0,0,0,777706944,4012023626240,1904020624896,0,0,0,0,0,0,0,0,0,0,0,0,0,0,0,0,0,0,0,0,0,0,0,0,0,0,0,0,0,0,0,0,0,0,0,0,0,0,0,0,0,0,0,0,0,0,0,0,0,0,0,0,0,0,0,0,0,0,1066200,245045708,104092355,0,0,0,0,0,0,0,0,0,0,0,0,0,0,0,0,0,0,0,0,0,0,0,0,0,0,0,0,0,0,0,0,0,0,0,0,0,12883066880,5109743616,786320,311874,1,112,786432,244198905,0,0,3794764423,12884901888,116095974,438252988,0,0,0,0,0,0,0,0,0,0,0,0,0,0,0,0,0,0,24930715,24930911,0,97,97,6268,329,49861396,35,0,0,0,0,0,0,0,1,0,0,0,0,0,0,0,0,0,0,28035393,0,58444551,502348,0,0,0,0,0,0,0,0,16384,0,0,0,0,0,0,0,0,0,0,0,4337,616,0,0,0,0,0,75788592,0,318,0,27,616,4337,0,0,0,0,0,0,0,0,0,0,0,0,0,0,0,0,0,0,0,0,0,0,0,0,0,0,0,0,0,0,0,0,0,0,0,0,0,0,0,0,0,0,0,0,0,0,0,0,0,0,0,0,0,325021184,0,0,0,374054229,0,0,0,0,0,0,0,120980891,244904095,474462021,168297182720,67129928,1,0,0,0,0,0,0,0,0,0,0,0,0,0,0,0,0,0,0,0,0,0,0,0,0,0,0,0,0,0,0,252343294,0,0,0,0,0
1788889228.639,0,0,0,0,0,0,0,777792990,4012676332032,1904313750016,0,0,0,0,0,0,0,0,0,0,0,0,0,0,0,0,0,0,0,0,0,0,0,0,0,0,0,0,0,0,0,0,0,0,0,0,0,0,0,0,0,0,0,0,0,0,0,0,0,0,0,0,0,0,0,0,0,0,1066399,245085626,104108799,0,0,0,0,0,0,0,0,0,0,0,0,0,0,0,0,0,0,0,0,0,0,0,0,0,0,0,0,0,0,0,0,0,0,0,0,0,12875907072,5090656256,785882,310709,434,116,786432,244238717,0,0,3795189958,12884901888,116132114,438298192,0,0,0,0,0,0,0,0,0,0,0,0,0,0,0,0,0,0,24933565,24933757,0,97,97,6268,329,49867085,35,0,0,0,0,0,0,0,1,0,0,0,0,0,0,0,0,0,0,28038593,0,58447754,502374,0,0,0,0,0,0,0,0,16384,0,0,0,0,0,0,0,0,0,0,0,4338,616,0,0,0,0,0,75797246,0,318,0,27,616,4338,0,0,0,0,0,0,0,0,0,0,0,0,0,0,0,0,0,0,0,0,0,0,0,0,0,0,0,0,0,0,0,0,0,0,0,0,0,0,0,0,0,0,0,0,0,0,0,0,0,0,0,0,0,325061280,0,0,0,374094507,0,0,0,0,0,0,0,121011920,244943972,474531673,168317817344,67147398,1,0,0,0,0,0,0,0,0,0,0,0,0,0,0,0,0,0,0,0,0,0,0,0,0,0,0,0,0,0,0,252346140,0,0,0,0,0
1788889229.667,0,0,0,0,0,0,0,777877380,4013316454912,1904556391424,0,0,0,0,0,0,0,0,0,0,0,0,0,0,0,0,0,0,0,0,0,0,0,0,0,0,0,0,0,0,0,0,0,0,0,0,0,0,0,0,0,0,0,0,0,0,0,0,0,0,0,0,0,0,0,0,0,0,1066543,245124778,104122189,0,0,0,0,0,0,0,0,0,0,0,0,0,0,0,0,0,0,0,0,0,0,0,0,0,0,0,0,0,0,0,0,0,0,0,0,0,12883181568,5117100032,786327,312323,0,105,786432,244277795,0,0,3795604058,12884901888,116169521,438341935,0,0,0,0,0,0,0,0,0,0,0,0,0,0,0,0,0,0,24936339,24936533,0,97,97,6268,329,49872647,35,0,0,0,0,0,0,0,1,0,0,0,0,0,0,0,0,0,0,28041717,0,58447882,502375,0,0,0,0,0,0,0,0,16384,0,0,0,0,0,0,0,0,0,0,0,4339,616,0,0,0,0,0,75805697,0,318,0,27,616,4339,0,0,0,0,0,0,0,0,0,0,0,0,0,0,0,0,0,0,0,0,0,0,0,0,0,0,0,0,0,0,0,0,0,0,0,0,0,0,0,0,0,0,0,0,0,0,0,0,0,0,0,0,0,325100441,0,0,0,374133842,0,0,0,0,0,0,0,121043680,244983059,474597381,168337933312,67165937,0,0,0,0,0,0,0,0,0,0,0,0,0,0,0,0,0,0,0,0,0,0,0,0,0,0,0,0,0,0,0,252348917,0,0,0,0,0
1788889230.694,0,0,0,0,0,0,0,777957693,4013928708608,1904811564032,0,0,0,0,0,0,0,0,0,0,0,0,0,0,0,0,0,0,0,0,0,0,0,0,0,0,0,0,0,0,0,0,0,0,0,0,0,0,0,0,0,0,0,0,0,0,0,0,0,0,0,0,0,0,0,0,0,0,1066673,245162191,104136345,0,0,0,0,0,0,0,0,0,0,0,0,0,0,0,0,0,0,0,0,0,0,0,0,0,0,0,0,0,0,0,0,0,0,0,0,0,12883755008,5114314752,786362,312153,0,69,786432,244315118,0,0,3796001211,12884901888,116204562,438384624,0,0,0,0,0,0,0,0,0,0,0,0,0,0,0,0,0,0,24939041,24939235,0,97,97,6268,329,49878053,35,0,0,0,0,0,0,0,1,0,0,0,0,0,0,0,0,0,0,28044756,0,58449625,502389,0,0,0,0,0,0,0,0,16384,0,0,0,0,0,0,0,0,0,0,0,4340,616,0,0,0,0,0,75813914,0,318,0,27,616,4340,0,0,0,0,0,0,0,0,0,0,0,0,0,0,0,0,0,0,0,0,0,0,0,0,0,0,0,0,0,0,0,0,0,0,0,0,0,0,0,0,0,0,0,0,0,0,0,0,0,0,0,0,0,325138500,0,0,0,374171892,0,0,0,0,0,0,0,121073741,245020439,474662042,168357473792,67183443,1,1,0,0,0,0,0,0,0,0,0,0,0,0,0,0,0,0,0,0,0,0,0,0,0,0,0,0,0,0,0,252351257,0,0,0,0,0
1788889231.721,0,0,0,0,0,0,0,778047287,4014611020288,1905094812160,0,0,0,0,0,0,0,0,0,0,0,0,0,0,0,0,0,0,0,0,0,0,0,0,0,0,0,0,0,0,0,0,0,0,0,0,0,0,0,0,0,0,0,0,0,0,0,0,0,0,0,0,0,0,0,0,0,0,1066747,245203912,104152066,0,0,0,0,0,0,0,0,0,0,0,0,0,0,0,0,0,0,0,0,0,0,0,0,0,0,0,0,0,0,0,0,0,0,0,0,0,12883312640,5115953152,786335,312253,0,97,786432,244356730,0,0,3796456981,12884901888,116243251,438444782,0,0,0,0,0,0,0,0,0,0,0,0,0,0,0,0,0,0,24942034,24942226,0,97,97,6268,329,49884037,35,0,0,0,0,0,0,0,1,0,0,0,0,0,0,0,0,0,0,28048121,0,58451365,502403,0,0,0,0,0,0,0,0,16384,0,0,0,0,0,0,0,0,0,0,0,4341,616,0,0,0,0,0,75822992,0,318,0,27,616,4341,0,0,0,0,0,0,0,0,0,0,0,0,0,0,0,0,0,0,0,0,0,0,0,0,0,0,0,0,0,0,0,0,0,0,0,0,0,0,0,0,0,0,0,0,0,0,0,0,0,0,0,0,0,325182606,0,0,0,374218902,0,0,0,0,0,0,0,121105171,245062108,474735586,168380148736,67200775,1,1,0,0,0,0,0,0,0,0,0,0,0,0,0,0,0,0,0,0,0,0,0,0,0,0,0,0,0,0,0,252348925,0,0,0,0,0
1788889232.749,0,0,0,0,0,0,0,778139257,4015303932416,1905400365568,0,0,0,0,0,0,0,0,0,0,0,0,0,0,0,0,0,0,0,0,0,0,0,0,0,0,0,0,0,0,0,0,0,0,0,0,0,0,0,0,0,0,0,0,0,0,0,0,0,0,0,0,0,0,0,0,0,0,1066755,245246314,104169097,0,0,0,0,0,0,0,0,0,0,0,0,0,0,0,0,0,0,0,0,0,0,0,0,0,0,0,0,0,0,0,0,0,0,0,0,0,12883247104,5099126784,786331,311226,0,101,786432,244399027,0,0,3796920284,12884901888,116281289,438502076,0,0,0,0,0,0,0,0,0,0,0,0,0,0,0,0,0,0,24945116,24945309,0,97,97,6268,329,49890193,35,0,0,0,0,0,0,0,1,0,0,0,0,0,0,0,0,0,0,28051589,0,58454611,502430,0,0,0,0,0,0,0,0,16384,0,0,0,0,0,0,0,0,0,0,0,4342,616,0,0,0,0,0,75832351,0,318,0,27,616,4342,0,0,0,0,0,0,0,0,0,0,0,0,0,0,0,0,0,0,0,0,0,0,0,0,0,0,0,0,0,0,0,0,0,0,0,0,0,0,0,0,0,0,0,0,0,0,0,0,0,0,0,0,0,325227369,0,0,0,374265680,0,0,0,0,0,0,0,121136490,245104430,474811018,168403139584,67218051,1,0,0,0,0,0,0,0,0,0,0,0,0,0,0,0,0,0,0,0,0,0,0,0,0,0,0,0,0,0,0,252348147,0,0,0,0,0
1788889233.776,0,0,0,0,0,0,0,778230536,4016004168192,1905710940672,0,0,0,0,0,0,0,0,0,0,0,0,0,0,0,0,0,0,0,0,0,0,0,0,0,0,0,0,0,0,0,0,0,0,0,0,0,0,0,0,0,0,0,0,0,0,0,0,0,0,0,0,0,0,0,0,0,0,1066762,245289148,104186370,0,0,0,0,0,0,0,0,0,0,0,0,0,0,0,0,0,0,0,0,0,0,0,0,0,0,0,0,0,0,0,0,0,0,0,0,0,12883197952,5083201536,786327,310254,0,105,786432,244441757,0,0,3797394750,12884901888,116319709,438572958,0,0,0,0,0,0,0,0,0,0,0,0,0,0,0,0,0,0,24948183,24948373,0,97,97,6268,329,49896320,35,0,0,0,0,0,0,0,1,0,0,0,0,0,0,0,0,0,0,28055037,0,58458019,502458,0,0,0,0,0,0,0,0,16384,0,0,0,0,0,0,0,0,0,0,0,4343,616,0,0,0,0,0,75841675,0,318,0,27,616,4343,0,0,0,0,0,0,0,0,0,0,0,0,0,0,0,0,0,0,0,0,0,0,0,0,0,0,0,0,0,0,0,0,0,0,0,0,0,0,0,0,0,0,0,0,0,0,0,0,0,0,0,0,0,325274117,0,0,0,374317533,0,0,0,0,0,0,0,121167697,245147194,474888744,168427188736,67235096,0,0,0,0,0,0,0,0,0,0,0,0,0,0,0,0,0,0,0,0,0,0,0,0,0,0,0,0,0,0,0,252342036,0,0,0,0,0
1788889234.803,0,0,0,0,0,0,0,778313739,4016639605248,1905989791232,0,0,0,0,0,0,0,0,0,0,0,0,0,0,0,0,0,0,0,0,0,0,0,0,0,0,0,0,0,0,0,0,0,0,0,0,0,0,0,0,0,0,0,0,0,0,0,0,0,0,0,0,0,0,0,0,0,0,1066770,245327989,104201696,0,0,0,0,0,0,0,0,0,0,0,0,0,0,0,0,0,0,0,0,0,0,0,0,0,0,0,0,0,0,0,0,0,0,0,0,0,12883755008,5072650240,786363,309610,0,69,786432,244480501,0,0,3797820299,12884901888,116355897,438630477,0,0,0,0,0,0,0,0,0,0,0,0,0,0,0,0,0,0,24950972,24951160,0,97,97,6268,329,49901910,35,0,0,0,0,0,0,0,1,0,0,0,0,0,0,0,0,0,0,28058172,0,58460401,502477,0,0,0,0,0,0,0,0,16384,0,0,0,0,0,0,0,0,0,0,0,4344,616,0,0,0,0,0,75850149,0,318,0,27,616,4344,0,0,0,0,0,0,0,0,0,0,0,0,0,0,0,0,0,0,0,0,0,0,0,0,0,0,0,0,0,0,0,0,0,0,0,0,0,0,0,0,0,0,0,0,0,0,0,0,0,0,0,0,0,325315910,0,0,0,374362158,0,0,0,0,0,0,0,121197097,245185990,474958924,168448653824,67251422,1,0,0,0,0,0,0,0,0,0,0,0,0,0,0,0,0,0,0,0,0,0,0,0,0,0,0,0,0,0,0,252339139,0,0,0,0,0
1788889235.830,0,0,0,0,0,0,0,778406076,4017335532032,1906263648256,0,0,0,0,0,0,0,0,0,0,0,0,0,0,0,0,0,0,0,0,0,0,0,0,0,0,0,0,0,0,0,0,0,0,0,0,0,0,0,0,0,0,0,0,0,0,0,0,0,0,0,0,0,0,0,0,0,0,1066776,245370590,104216954,0,0,0,0,0,0,0,0,0,0,0,0,0,0,0,0,0,0,0,0,0,0,0,0,0,0,0,0,0,0,0,0,0,0,0,0,0,12882968576,5085888512,786314,310418,0,117,786432,244522973,0,0,3798286656,12884901888,116393955,438689051,0,0,0,0,0,0,0,0,0,0,0,0,0,0,0,0,0,0,24954052,24954247,0,97,97,6268,329,49908085,35,0,0,0,0,0,0,0,1,0,0,0,0,0,0,0,0,0,0,28061644,0,58461909,502490,0,0,0,0,0,0,0,0,16384,0,0,0,0,0,0,0,0,0,0,0,4346,616,0,0,0,0,0,75859530,0,318,0,27,616,4346,0,0,0,0,0,0,0,0,0,0,0,0,0,0,0,0,0,0,0,0,0,0,0,0,0,0,0,0,0,0,0,0,0,0,0,0,0,0,0,0,0,0,0,0,0,0,0,0,0,0,0,0,0,325361001,0,0,0,374409372,0,0,0,0,0,0,0,121226290,245228495,475032659,168471825920,67266713,1,0,0,0,0,0,0,0,0,0,0,0,0,0,0,0,0,0,0,0,0,0,0,0,0,0,0,0,0,0,0,252338013,0,0,0,0,0
1788889236.856,0,0,0,0,0,0,0,778485387,4017939216896,1906493480448,0,0,0,0,0,0,0,0,0,0,0,0,0,0,0,0,0,0,0,0,0,0,0,0,0,0,0,0,0,0,0,0,0,0,0,0,0,0,0,0,0,0,0,0,0,0,0,0,0,0,0,0,0,0,0,0,0,0,1066780,245407499,104229536,0,0,0,0,0,0,0,0,0,0,0,0,0,0,0,0,0,0,0,0,0,0,0,0,0,0,0,0,0,0,0,0,0,0,0,0,0,12882984960,5111627776,786315,311989,0,117,786432,244559795,0,0,3798694496,12884901888,116429557,438746590,0,0,0,0,0,0,0,0,0,0,0,0,0,0,0,0,0,0,24956713,24956910,0,97,97,6268,329,49913398,35,0,0,0,0,0,0,0,1,0,0,0,0,0,0,0,0,0,0,28064639,0,58462165,502492,0,0,0,0,0,0,0,0,16384,0,0,0,0,0,0,0,0,0,0,0,4347,616,0,0,0,0,0,75867640,0,318,0,27,616,4347,0,0,0,0,0,0,0,0,0,0,0,0,0,0,0,0,0,0,0,0,0,0,0,0,0,0,0,0,0,0,0,0,0,0,0,0,0,0,0,0,0,0,0,0,0,0,0,0,0,0,0,0,0,325400728,0,0,0,374453029,0,0,0,0,0,0,0,121255810,245265359,475097188,168492252672,67283939,1,0,0,0,0,0,0,0,0,0,0,0,0,0,0,0,0,0,0,0,0,0,0,0,0,0,0,0,0,0,0,252334086,0,0,0,0,0
1788889237.883,0,0,0,0,0,0,0,778580531,4018662832640,1906808752128,0,0,0,0,0,0,0,0,0,0,0,0,0,0,0,0,0,0,0,0,0,0,0,0,0,0,0,0,0,0,0,0,0,0,0,0,0,0,0,0,0,0,0,0,0,0,0,0,0,0,0,0,0,0,0,0,0,0,1066783,245451742,104247137,0,0,0,0,0,0,0,0,0,0,0,0,0,0,0,0,0,0,0,0,0,0,0,0,0,0,0,0,0,0,0,0,0,0,0,0,0,12883132416,5095096320,786324,310980,0,108,786432,244603918,0,0,3799173503,12884901888,116467896,438803875,0,0,0,0,0,0,0,0,0,0,0,0,0,0,0,0,0,0,24959900,24960094,0,97,97,6268,329,49919767,35,0,0,0,0,0,0,0,1,0,0,0,0,0,0,0,0,0,0,28068219,0,58465950,502525,0,0,0,0,0,0,0,0,16384,0,0,0,0,0,0,0,0,0,0,0,4348,616,0,0,0,0,0,75877327,0,318,0,27,616,4348,0,0,0,0,0,0,0,0,0,0,0,0,0,0,0,0,0,0,0,0,0,0,0,0,0,0,0,0,0,0,0,0,0,0,0,0,0,0,0,0,0,0,0,0,0,0,0,0,0,0,0,0,0,325446784,0,0,0,374500682,0,0,0,0,0,0,0,121285411,245309540,475174517,168515897856,67299435,1,0,0,0,0,0,0,0,0,0,0,0,0,0,0,0,0,0,0,0,0,0,0,0,0,0,0,0,0,0,0,252334076,0,0,0,0,0
1788889238.910,0,0,0,0,0,0,0,778659119,4019262159360,1907036715008,0,0,0,0,0,0,0,0,0,0,0,0,0,0,0,0,0,0,0,0,0,0,0,0,0,0,0,0,0,0,0,0,0,0,0,0,0,0,0,0,0,0,0,0,0,0,0,0,0,0,0,0,0,0,0,0,0,0,1066791,245488405,104259711,0,0,0,0,0,0,0,0,0,0,0,0,0,0,0,0,0,0,0,0,0,0,0,0,0,0,0,0,0,0,0,0,0,0,0,0,0,12883165184,5116444672,786327,312283,1,106,786432,244640493,0,0,3799559699,12884901888,116503356,438844766,0,0,0,0,0,0,0,0,0,0,0,0,0,0,0,0,0,0,24962503,24962697,0,97,97,6268,329,49924960,35,0,0,0,0,0,0,0,1,0,0,0,0,0,0,0,0,0,0,28071147,0,58466078,502526,0,0,0,0,0,0,0,0,16384,0,0,0,0,0,0,0,0,0,0,0,4349,616,0,0,0,0,0,75885250,0,318,0,27,616,4349,0,0,0,0,0,0,0,0,0,0,0,0,0,0,0,0,0,0,0,0,0,0,0,0,0,0,0,0,0,0,0,0,0,0,0,0,0,0,0,0,0,0,0,0,0,0,0,0,0,0,0,0,0,325483536,0,0,0,374537398,0,0,0,0,0,0,0,121314400,245346132,475236200,168534819840,67316009,1,0,0,0,0,0,0,0,0,0,0,0,0,0,0,0,0,0,0,0,0,0,0,0,0,0,0,0,0,0,0,252336680,0,0,0,0,0
1788889239.937,0,0,0,0,0,0,0,778742097,4019890665984,1907310581760,0,0,0,0,0,0,0,0,0,0,0,0,0,0,0,0,0,0,0,0,0,0,0,0,0,0,0,0,0,0,0,0,0,0,0,0,0,0,0,0,0,0,0,0,0,0,0,0,0,0,0,0,0,0,0,0,0,0,1066805,245526835,104275033,0,0,0,0,0,0,0,0,0,0,0,0,0,0,0,0,0,0,0,0,0,0,0,0,0,0,0,0,0,0,0,0,0,0,0,0,0,12883165184,5104304128,786326,311542,0,107,786432,244678830,0,0,3799969251,12884901888,116537828,438888010,0,0,0,0,0,0,0,0,0,0,0,0,0,0,0,0,0,0,24965240,24965433,0,97,97,6268,329,49930439,35,0,0,0,0,0,0,0,1,0,0,0,0,0,0,0,0,0,0,28074225,0,58468912,502551,0,0,0,0,0,0,0,0,16384,0,0,0,0,0,0,0,0,0,0,0,4350,616,0,0,0,0,0,75893542,0,318,0,27,616,4350,0,0,0,0,0,0,0,0,0,0,0,0,0,0,0,0,0,0,0,0,0,0,0,0,0,0,0,0,0,0,0,0,0,0,0,0,0,0,0,0,0,0,0,0,0,0,0,0,0,0,0,0,0,325522311,0,0,0,374576154,0,0,0,0,0,0,0,121343416,245384504,475302403,168554764288,67332535,1,1,0,0,0,0,0,0,0,0,0,0,0,0,0,0,0,0,0,0,0,0,0,0,0,0,0,0,0,0,0,252339416,0,0,0,0,0
1788889240.965,0,0,0,0,0,0,0,778821635,4020499872256,1907544802816,0,0,0,0,0,0,0,0,0,0,0,0,0,0,0,0,0,0,0,0,0,0,0,0,0,0,0,0,0,0,0,0,0,0,0,0,0,0,0,0,0,0,0,0,0,0,0,0,0,0,0,0,0,0,0,0,0,0,1066861,245564096,104287977,0,0,0,0,0,0,0,0,0,0,0,0,0,0,0,0,0,0,0,0,0,0,0,0,0,0,0,0,0,0,0,0,0,0,0,0,0,12883083264,5123145728,786321,312692,0,111,786432,244715993,0,0,3800362175,12884901888,116573421,438929246,0,0,0,0,0,0,0,0,0,0,0,0,0,0,0,0,0,0,24967860,24968055,0,97,97,6268,329,49935685,35,0,0,0,0,0,0,0,1,0,0,0,0,0,0,0,0,0,0,28077175,0,58469532,502554,0,0,0,0,0,0,0,0,16384,0,0,0,0,0,0,0,0,0,0,0,4351,616,0,0,0,0,0,75901524,0,318,0,27,616,4351,0,0,0,0,0,0,0,0,0,0,0,0,0,0,0,0,0,0,0,0,0,0,0,0,0,0,0,0,0,0,0,0,0,0,0,0,0,0,0,0,0,0,0,0,0,0,0,0,0,0,0,0,0,325559318,0,0,0,374613256,0,0,0,0,0,0,0,121374030,245421721,475364831,168573771776,67350553,1,1,0,0,0,0,0,0,0,0,0,0,0,0,0,0,0,0,0,0,0,0,0,0,0,0,0,0,0,0,0,252342038,0,0,0,0,0
1788889241.993,0,0,0,0,0,0,0,778903649,4021121612288,1907818765312,0,0,0,0,0,0,0,0,0,0,0,0,0,0,0,0,0,0,0,0,0,0,0,0,0,0,0,0,0,0,0,0,0,0,0,0,0,0,0,0,0,0,0,0,0,0,0,0,0,0,0,0,0,0,0,0,0,0,1066876,245602107,104303320,0,0,0,0,0,0,0,0,0,0,0,0,0,0,0,0,0,0,0,0,0,0,0,0,0,0,0,0,0,0,0,0,0,0,0,0,0,12883050496,5108121600,786319,311775,0,114,786432,244753902,0,0,3800766893,12884901888,116607506,438972058,0,0,0,0,0,0,0,0,0,0,0,0,0,0,0,0,0,0,24970569,24970761,0,97,97,6268,329,49941120,35,0,0,0,0,0,0,0,1,0,0,0,0,0,0,0,0,0,0,28080220,0,58472656,502579,0,0,0,0,0,0,0,0,16384,0,0,0,0,0,0,0,0,0,0,0,4352,616,0,0,0,0,0,75909745,0,318,0,27,616,4352,0,0,0,0,0,0,0,0,0,0,0,0,0,0,0,0,0,0,0,0,0,0,0,0,0,0,0,0,0,0,0,0,0,0,0,0,0,0,0,0,0,0,0,0,0,0,0,0,0,0,0,0,0,325597860,0,0,0,374651637,0,0,0,0,0,0,0,121403342,245459676,475430829,168593620480,67367377,0,0,0,0,0,0,0,0,0,0,0,0,0,0,0,0,0,0,0,0,0,0,0,0,0,0,0,0,0,0,0,252344745,0,0,0,0,0
1788889243.020,0,0,0,0,0,0,0,778983364,4021727263232,1908051048960,0,0,0,0,0,0,0,0,0,0,0,0,0,0,0,0,0,0,0,0,0,0,0,0,0,0,0,0,0,0,0,0,0,0,0,0,0,0,0,0,0,0,0,0,0,0,0,0,0,0,0,0,0,0,0,0,0,0,1066954,245639136,104316142,0,0,0,0,0,0,0,0,0,0,0,0,0,0,0,0,0,0,0,0,0,0,0,0,0,0,0,0,0,0,0,0,0,0,0,0,0,12882984960,5129912320,786315,313105,0,117,786432,244790858,0,0,3801160052,12884901888,116643383,439013526,0,0,0,0,0,0,0,0,0,0,0,0,0,0,0,0,0,0,24973196,24973391,0,97,97,6268,329,49946356,35,0,0,0,0,0,0,0,1,0,0,0,0,0,0,0,0,0,0,28083177,0,58472912,502581,0,0,0,0,0,0,0,0,16384,0,0,0,0,0,0,0,0,0,0,0,4353,616,0,0,0,0,0,75917754,0,318,0,27,616,4353,0,0,0,0,0,0,0,0,0,0,0,0,0,0,0,0,0,0,0,0,0,0,0,0,0,0,0,0,0,0,0,0,0,0,0,0,0,0,0,0,0,0,0,0,0,0,0,0,0,0,0,0,0,325635057,0,0,0,374688879,0,0,0,0,0,0,0,121433804,245496655,475493307,168612747264,67385303,0,0,0,0,0,0,0,0,0,0,0,0,0,0,0,0,0,0,0,0,0,0,0,0,0,0,0,0,0,0,0,252347374,0,0,0,0,0
1788889244.048,0,0,0,0,0,0,0,779069575,4022383933952,1908338600960,0,0,0,0,0,0,0,0,0,0,0,0,0,0,0,0,0,0,0,0,0,0,0,0,0,0,0,0,0,0,0,0,0,0,0,0,0,0,0,0,0,0,0,0,0,0,0,0,0,0,0,0,0,0,0,0,0,0,1067085,245679309,104332232,0,0,0,0,0,0,0,0,0,0,0,0,0,0,0,0,0,0,0,0,0,0,0,0,0,0,0,0,0,0,0,0,0,0,0,0,0,12883001344,5118427136,786316,312404,0,116,786432,244830927,0,0,3801585704,12884901888,116679372,439058460,0,0,0,0,0,0,0,0,0,0,0,0,0,0,0,0,0,0,24976048,24976237,0,97,97,6268,329,49952057,35,0,0,0,0,0,0,0,1,0,0,0,0,0,0,0,0,0,0,28086380,0,58476093,502607,0,0,0,0,0,0,0,0,16384,0,0,0,0,0,0,0,0,0,0,0,4354,616,0,0,0,0,0,75926400,0,318,0,27,616,4354,0,0,0,0,0,0,0,0,0,0,0,0,0,0,0,0,0,0,0,0,0,0,0,0,0,0,0,0,0,0,0,0,0,0,0,0,0,0,0,0,0,0,0,0,0,0,0,0,0,0,0,0,0,325675386,0,0,0,374729212,0,0,0,0,0,0,0,121464402,245536761,475562535,168633467392,67402709,0,0,0,0,0,0,0,0,0,0,0,0,0,0,0,0,0,0,0,0,0,0,0,0,0,0,0,0,0,0,0,252350221,0,0,0,0,0
1788889245.076,0,0,0,0,0,0,0,779158200,4023055759872,1908633064960,0,0,0,0,0,0,0,0,0,0,0,0,0,0,0,0,0,0,0,0,0,0,0,0,0,0,0,0,0,0,0,0,0,0,0,0,0,0,0,0,0,0,0,0,0,0,0,0,0,0,0,0,0,0,0,0,0,0,1067247,245720384,104348703,0,0,0,0,0,0,0,0,0,0,0,0,0,0,0,0,0,0,0,0,0,0,0,0,0,0,0,0,0,0,0,0,0,0,0,0,0,12883279872,5105549312,786333,311618,0,99,786432,244871906,0,0,3802022669,12884901888,116716782,439104518,0,0,0,0,0,0,0,0,0,0,0,0,0,0,0,0,0,0,24978977,24979170,0,97,97,6268,329,49957915,35,0,0,0,0,0,0,0,1,0,0,0,0,0,0,0,0,0,0,28089678,0,58479234,502632,0,0,0,0,0,0,0,0,16384,0,0,0,0,0,0,0,0,0,0,0,4355,616,0,0,0,0,0,75935299,0,318,0,27,616,4355,0,0,0,0,0,0,0,0,0,0,0,0,0,0,0,0,0,0,0,0,0,0,0,0,0,0,0,0,0,0,0,0,0,0,0,0,0,0,0,0,0,0,0,0,0,0,0,0,0,0,0,0,0,325716749,0,0,0,374770587,0,0,0,0,0,0,0,121494497,245577804,475633585,168654694912,67419270,1,0,0,0,0,0,0,0,0,0,0,0,0,0,0,0,0,0,0,0,0,0,0,0,0,0,0,0,0,0,0,252353153,0,0,0,0,0
1788889246.104,0,0,0,0,0,0,0,779241312,4023687854592,1908876800000,0,0,0,0,0,0,0,0,0,0,0,0,0,0,0,0,0,0,0,0,0,0,0,0,0,0,0,0,0,0,0,0,0,0,0,0,0,0,0,0,0,0,0,0,0,0,0,0,0,0,0,0,0,0,0,0,0,0,1067402,245759045,104362203,0,0,0,0,0,0,0,0,0,0,0,0,0,0,0,0,0,0,0,0,0,0,0,0,0,0,0,0,0,0,0,0,0,0,0,0,0,12883034112,5125521408,786319,312837,0,113,786432,244910478,0,0,3802433347,12884901888,116753812,439147769,0,0,0,0,0,0,0,0,0,0,0,0,0,0,0,0,0,0,24981727,24981921,0,97,97,6268,329,49963420,35,0,0,0,0,0,0,0,1,0,0,0,0,0,0,0,0,0,0,28092773,0,58479603,502635,0,0,0,0,0,0,0,0,16384,0,0,0,0,0,0,0,0,0,0,0,4356,616,0,0,0,0,0,75943667,0,318,0,27,616,4356,0,0,0,0,0,0,0,0,0,0,0,0,0,0,0,0,0,0,0,0,0,0,0,0,0,0,0,0,0,0,0,0,0,0,0,0,0,0,0,0,0,0,0,0,0,0,0,0,0,0,0,0,0,325755465,0,0,0,374809428,0,0,0,0,0,0,0,121526012,245616382,475698808,168674589184,67437637,1,0,0,0,0,0,0,0,0,0,0,0,0,0,0,0,0,0,0,0,0,0,0,0,0,0,0,0,0,0,0,252355905,0,0,0,0,0
1788889247.132,0,0,0,0,0,0,0,779328355,4024351668736,1909172254208,0,0,0,0,0,0,0,0,0,0,0,0,0,0,0,0,0,0,0,0,0,0,0,0,0,0,0,0,0,0,0,0,0,0,0,0,0,0,0,0,0,0,0,0,0,0,0,0,0,0,0,0,0,0,0,0,0,0,1067571,245799645,104378752,0,0,0,0,0,0,0,0,0,0,0,0,0,0,0,0,0,0,0,0,0,0,0,0,0,0,0,0,0,0,0,0,0,0,0,0,0,12883099648,5108219904,786322,311781,0,110,786432,244950976,0,0,3802862143,12884901888,116790279,439193260,0,0,0,0,0,0,0,0,0,0,0,0,0,0,0,0,0,0,24984612,24984811,0,97,97,6268,329,49969189,35,0,0,0,0,0,0,0,1,0,0,0,0,0,0,0,0,0,0,28096024,0,58482872,502662,0,0,0,0,0,0,0,0,16384,0,0,0,0,0,0,0,0,0,0,0,4357,617,0,0,0,0,0,75952458,0,318,0,27,617,4357,0,0,0,0,1,0,0,0,0,0,0,0,0,0,0,0,0,0,0,0,0,0,0,0,0,0,0,0,0,0,0,0,0,0,0,0,0,0,0,0,0,0,0,0,0,0,0,0,0,0,0,0,0,325796499,0,0,0,374850141,0,0,0,0,0,0,0,121556145,245656910,475769567,168695676928,67454222,0,0,0,0,0,0,0,0,0,0,0,0,0,0,0,0,0,0,0,0,0,0,0,0,0,0,0,0,0,0,0,252358795,0,0,0,0,0
1788889248.158,0,0,0,0,0,0,0,779406171,4024945342976,1909408351744,0,0,0,0,0,0,0,0,0,0,0,0,0,0,0,0,0,0,0,0,0,0,0,0,0,0,0,0,0,0,0,0,0,0,0,0,0,0,0,0,0,0,0,0,0,0,0,0,0,0,0,0,0,0,0,0,0,0,1067695,245835912,104391799,0,0,0,0,0,0,0,0,0,0,0,0,0,0,0,0,0,0,0,0,0,0,0,0,0,0,0,0,0,0,0,0,0,0,0,0,0,12882067456,5121228800,786260,312578,66,110,786432,244987172,0,0,3803245357,12884901888,116824838,439233668,0,0,0,0,0,0,0,0,0,0,0,0,0,0,0,0,0,0,24987180,24987375,0,97,97,6268,329,49974323,35,0,0,0,0,0,0,0,1,0,0,0,0,0,0,0,0,0,0,28098907,0,58483626,502668,0,0,0,0,0,0,0,0,16384,0,0,0,0,0,0,0,0,0,0,0,4359,617,0,0,0,0,0,75960245,0,318,0,27,617,4359,0,0,0,0,0,0,0,0,0,0,0,0,0,0,0,0,0,0,0,0,0,0,0,0,0,0,0,0,0,0,0,0,0,0,0,0,0,0,0,0,0,0,0,0,0,0,0,0,0,0,0,0,0,325832875,0,0,0,374886483,0,0,0,0,0,0,0,121586051,245693148,475831283,168714411520,67471773,0,0,0,0,0,0,0,0,0,0,0,0,0,0,0,0,0,0,0,0,0,0,0,0,0,0,0,0,0,0,0,252361358,0,0,0,0,0
1788889249.186,0,0,0,0,0,0,0,779493637,4025609468416,1909697996800,0,0,0,0,0,0,0,0,0,0,0,0,0,0,0,0,0,0,0,0,0,0,0,0,0,0,0,0,0,0,0,0,0,0,0,0,0,0,0,0,0,0,0,0,0,0,0,0,0,0,0,0,0,0,0,0,0,0,1067863,245876541,104408047,0,0,0,0,0,0,0,0,0,0,0,0,0,0,0,0,0,0,0,0,0,0,0,0,0,0,0,0,0,0,0,0,0,0,0,0,0,12882952192,5111857152,786313,312003,0,119,786432,245027703,0,0,3803677264,12884901888,116861796,439279286,0,0,0,0,0,0,0,0,0,0,0,0,0,0,0,0,0,0,24990065,24990258,0,97,97,6268,329,49980102,35,0,0,0,0,0,0,0,1,0,0,0,0,0,0,0,0,0,0,28102151,0,58486411,502692,0,0,0,0,0,0,0,0,16384,0,0,0,0,0,0,0,0,0,0,0,4360,617,0,0,0,0,0,75969004,0,318,0,27,617,4360,0,0,0,0,0,0,0,0,0,0,0,0,0,0,0,0,0,0,0,0,0,0,0,0,0,0,0,0,0,0,0,0,0,0,0,0,0,0,0,0,0,0,0,0,0,0,0,0,0,0,0,0,0,325873747,0,0,0,374927368,0,0,0,0,0,0,0,121616674,245733686,475901647,168735465472,67488718,0,0,0,0,0,0,0,0,0,0,0,0,0,0,0,0,0,0,0,0,0,0,0,0,0,0,0,0,0,0,0,252364241,0,0,0,0,0
1788889250.213,0,0,0,0,0,0,0,779581147,4026279311872,1909995233280,0,0,0,0,0,0,0,0,0,0,0,0,0,0,0,0,0,0,0,0,0,0,0,0,0,0,0,0,0,0,0,0,0,0,0,0,0,0,0,0,0,0,0,0,0,0,0,0,0,0,0,0,0,0,0,0,0,0,1068008,245917482,104424720,0,0,0,0,0,0,0,0,0,0,0,0,0,0,0,0,0,0,0,0,0,0,0,0,0,0,0,0,0,0,0,0,0,0,0,0,0,12883165184,5094932480,786327,310970,0,105,786432,245068536,0,0,3804109554,12884901888,116898620,439324646,0,0,0,0,0,0,0,0,0,0,0,0,0,0,0,0,0,0,24992950,24993144,0,97,97,6268,329,49985874,35,0,0,0,0,0,0,0,1,0,0,0,0,0,0,0,0,0,0,28105396,0,58489788,502719,0,0,0,0,0,0,0,0,16384,0,0,0,0,0,0,0,0,0,0,0,4361,617,0,0,0,0,0,75977765,0,318,0,27,617,4361,0,0,0,0,0,0,0,0,0,0,0,0,0,0,0,0,0,0,0,0,0,0,0,0,0,0,0,0,0,0,0,0,0,0,0,0,0,0,0,0,0,0,0,0,0,0,0,0,0,0,0,0,0,325914406,0,0,0,374968169,0,0,0,0,0,0,0,121647178,245774590,475972192,168756375552,67505619,1,0,0,0,0,0,0,0,0,0,0,0,0,0,0,0,0,0,0,0,0,0,0,0,0,0,0,0,0,0,0,252367127,0,0,0,0,0
1788889251.240,0,0,0,0,0,0,0,779671226,4026961558016,1910256305664,0,0,0,0,0,0,0,0,0,0,0,0,0,0,0,0,0,0,0,0,0,0,0,0,0,0,0,0,0,0,0,0,0,0,0,0,0,0,0,0,0,0,0,0,0,0,0,0,0,0,0,0,0,0,0,0,0,0,1068187,245959238,104439131,0,0,0,0,0,0,0,0,0,0,0,0,0,0,0,0,0,0,0,0,0,0,0,0,0,0,0,0,0,0,0,0,0,0,0,0,0,12883116032,5120884736,786323,312554,0,109,786432,245110184,0,0,3804553902,12884901888,116937648,439371711,0,0,0,0,0,0,0,0,0,0,0,0,0,0,0,0,0,0,24995932,24996129,0,97,97,6268,329,49991838,35,0,0,0,0,0,0,0,1,0,0,0,0,0,0,0,0,0,0,28108755,0,58490396,502724,0,0,0,0,0,0,0,0,16384,0,0,0,0,0,0,0,0,0,0,0,4362,617,0,0,0,0,0,75986848,0,318,0,27,617,4362,0,0,0,0,0,0,0,0,0,0,0,0,0,0,0,0,0,0,0,0,0,0,0,0,0,0,0,0,0,0,0,0,0,0,0,0,0,0,0,0,0,0,0,0,0,0,0,0,0,0,0,0,0,325956388,0,0,0,375010333,0,0,0,0,0,0,0,121679321,245816264,476042236,168777976832,67523953,0,0,0,0,0,0,0,0,0,0,0,0,0,0,0,0,0,0,0,0,0,0,0,0,0,0,0,0,0,0,0,252370112,0,0,0,0,0
1788889252.267,0,0,0,0,0,0,0,779765895,4027682830848,1910572897792,0,0,0,0,0,0,0,0,0,0,0,0,0,0,0,0,0,0,0,0,0,0,0,0,0,0,0,0,0,0,0,0,0,0,0,0,0,0,0,0,0,0,0,0,0,0,0,0,0,0,0,0,0,0,0,0,0,0,1068355,246003369,104456858,0,0,0,0,0,0,0,0,0,0,0,0,0,0,0,0,0,0,0,0,0,0,0,0,0,0,0,0,0,0,0,0,0,0,0,0,0,12883083264,5107793920,786321,311755,0,111,786432,245154194,0,0,3805021883,12884901888,116977033,439421186,0,0,0,0,0,0,0,0,0,0,0,0,0,0,0,0,0,0,24999065,24999253,0,97,97,6268,329,49998088,35,0,0,0,0,0,0,0,1,0,0,0,0,0,0,0,0,0,0,28112269,0,58493708,502751,0,0,0,0,0,0,0,0,16384,0,0,0,0,0,0,0,0,0,0,0,4363,617,0,0,0,0,0,75996364,0,318,0,27,617,4363,0,0,0,0,0,0,0,0,0,0,0,0,0,0,0,0,0,0,0,0,0,0,0,0,0,0,0,0,0,0,0,0,0,0,0,0,0,0,0,0,0,0,0,0,0,0,0,0,0,0,0,0,0,326000607,0,0,0,375054595,0,0,0,0,0,0,0,121711448,245860337,476118441,168800741888,67541379,1,0,0,0,0,0,0,0,0,0,0,0,0,0,0,0,0,0,0,0,0,0,0,0,0,0,0,0,0,0,0,252373237,0,0,0,0,0
1788889253.295,0,0,0,0,0,0,0,779847588,4028308535808,1910815885312,0,0,0,0,0,0,0,0,0,0,0,0,0,0,0,0,0,0,0,0,0,0,0,0,0,0,0,0,0,0,0,0,0,0,0,0,0,0,0,0,0,0,0,0,0,0,0,0,0,0,0,0,0,0,0,0,0,0,1068525,246041631,104470306,0,0,0,0,0,0,0,0,0,0,0,0,0,0,0,0,0,0,0,0,0,0,0,0,0,0,0,0,0,0,0,0,0,0,0,0,0,12883099648,5126766592,786322,312913,0,110,786432,245192372,0,0,3805425441,12884901888,117014299,439463866,0,0,0,0,0,0,0,0,0,0,0,0,0,0,0,0,0,0,25001764,25001953,0,97,97,6268,329,50003483,35,0,0,0,0,0,0,0,1,0,0,0,0,0,0,0,0,0,0,28115306,0,58493836,502752,0,0,0,0,0,0,0,0,16384,0,0,0,0,0,0,0,0,0,0,0,4364,617,0,0,0,0,0,76004573,0,318,0,27,617,4364,0,0,0,0,0,0,0,0,0,0,0,0,0,0,0,0,0,0,0,0,0,0,0,0,0,0,0,0,0,0,0,0,0,0,0,0,0,0,0,0,0,0,0,0,0,0,0,0,0,0,0,0,0,326038859,0,0,0,375092727,0,0,0,0,0,0,0,121742571,245898541,476183355,168820404224,67559225,1,0,0,0,0,0,0,0,0,0,0,0,0,0,0,0,0,0,0,0,0,0,0,0,0,0,0,0,0,0,0,252375937,0,0,0,0,0
1788889254.321,0,0,0,0,0,0,0,779934516,4028970367488,1911108550656,0,0,0,0,0,0,0,0,0,0,0,0,0,0,0,0,0,0,0,0,0,0,0,0,0,0,0,0,0,0,0,0,0,0,0,0,0,0,0,0,0,0,0,0,0,0,0,0,0,0,0,0,0,0,0,0,0,0,1068673,246082103,104486697,0,0,0,0,0,0,0,0,0,0,0,0,0,0,0,0,0,0,0,0,0,0,0,0,0,0,0,0,0,0,0,0,0,0,0,0,0,12883116032,5112479744,786323,312041,0,111,786432,245232724,0,0,3805854409,12884901888,117050583,439509139,0,0,0,0,0,0,0,0,0,0,0,0,0,0,0,0,0,0,25004632,25004826,0,97,97,6268,329,50009230,35,0,0,0,0,0,0,0,1,0,0,0,0,0,0,0,0,0,0,28118535,0,58497174,502779,0,0,0,0,0,0,0,0,16384,0,0,0,0,0,0,0,0,0,0,0,4365,617,0,0,0,0,0,76013298,0,318,0,27,617,4365,0,0,0,0,0,0,0,0,0,0,0,0,0,0,0,0,0,0,0,0,0,0,0,0,0,0,0,0,0,0,0,0,0,0,0,0,0,0,0,0,0,0,0,0,0,0,0,0,0,0,0,0,0,326079826,0,0,0,375133341,0,0,0,0,0,0,0,121771250,245938967,476253665,168841458176,67574600,0,0,0,0,0,0,0,0,0,0,0,0,0,0,0,0,0,0,0,0,0,0,0,0,0,0,0,0,0,0,0,252378807,0,0,0,0,0
1788889255.348,0,0,0,0,0,0,0,780022671,4029640161792,1911405135872,0,0,0,0,0,0,0,0,0,0,0,0,0,0,0,0,0,0,0,0,0,0,0,0,0,0,0,0,0,0,0,0,0,0,0,0,0,0,0,0,0,0,0,0,0,0,0,0,0,0,0,0,0,0,0,0,0,0,1068830,246123068,104503297,0,0,0,0,0,0,0,0,0,0,0,0,0,0,0,0,0,0,0,0,0,0,0,0,0,0,0,0,0,0,0,0,0,0,0,0,0,12883181568,5098209280,786327,311171,0,105,786432,245273578,0,0,3806289530,12884901888,117087488,439555045,0,0,0,0,0,0,0,0,0,0,0,0,0,0,0,0,0,0,25007539,25007733,0,97,97,6268,329,50015048,35,0,0,0,0,0,0,0,1,0,0,0,0,0,0,0,0,0,0,28121805,0,58500436,502805,0,0,0,0,0,0,0,0,16384,0,0,0,0,0,0,0,0,0,0,0,4366,617,0,0,0,0,0,76022143,0,318,0,27,617,4366,0,0,0,0,0,0,0,0,0,0,0,0,0,0,0,0,0,0,0,0,0,0,0,0,0,0,0,0,0,0,0,0,0,0,0,0,0,0,0,0,0,0,0,0,0,0,0,0,0,0,0,0,0,326121590,0,0,0,375174508,0,0,0,0,0,0,0,121798934,245979860,476325237,168862934016,67588716,1,1,0,0,0,0,0,0,0,0,0,0,0,0,0,0,0,0,0,0,0,0,0,0,0,0,0,0,0,0,0,252381713,0,0,0,0,0
1788889256.376,0,0,0,0,0,0,0,780100763,4030239291904,1911640277504,0,0,0,0,0,0,0,0,0,0,0,0,0,0,0,0,0,0,0,0,0,0,0,0,0,0,0,0,0,0,0,0,0,0,0,0,0,0,0,0,0,0,0,0,0,0,0,0,0,0,0,0,0,0,0,0,0,0,1068969,246159693,104516156,0,0,0,0,0,0,0,0,0,0,0,0,0,0,0,0,0,0,0,0,0,0,0,0,0,0,0,0,0,0,0,0,0,0,0,0,0,12878135296,5116493824,786019,312286,291,120,786432,245310101,0,0,3806674955,12884901888,117122858,439595587,0,0,0,0,0,0,0,0,0,0,0,0,0,0,0,0,0,0,25010105,25010301,0,97,97,6268,329,50020184,35,0,0,0,0,0,0,0,1,0,0,0,0,0,0,0,0,0,0,28124694,0,58500564,502809,0,0,0,0,0,0,0,0,16384,0,0,0,0,0,0,0,0,0,0,0,4367,617,0,0,0,0,0,76029957,0,318,0,27,617,4367,0,0,0,0,0,0,0,0,0,0,0,0,0,0,0,0,0,0,0,0,0,0,0,0,0,0,0,0,0,0,0,0,0,0,0,0,0,0,0,0,0,0,0,0,0,0,0,0,0,0,0,0,0,326158483,0,0,0,375210970,0,0,0,0,0,0,0,121826540,246016423,476387572,168881869824,67603826,0,0,0,0,0,0,0,0,0,0,0,0,0,0,0,0,0,0,0,0,0,0,0,0,0,0,0,0,0,0,0,252384282,0,0,0,0,0
1788889257.404,0,0,0,0,0,0,0,780185230,4030884035072,1911922857984,0,0,0,0,0,0,0,0,0,0,0,0,0,0,0,0,0,0,0,0,0,0,0,0,0,0,0,0,0,0,0,0,0,0,0,0,0,0,0,0,0,0,0,0,0,0,0,0,0,0,0,0,0,0,0,0,0,0,1069108,246199110,104532138,0,0,0,0,0,0,0,0,0,0,0,0,0,0,0,0,0,0,0,0,0,0,0,0,0,0,0,0,0,0,0,0,0,0,0,0,0,12883230720,5101469696,786329,311369,0,103,786432,245349430,0,0,3807091550,12884901888,117158268,439639551,0,0,0,0,0,0,0,0,0,0,0,0,0,0,0,0,0,0,25012898,25013093,0,97,97,6268,329,50025767,35,0,0,0,0,0,0,0,1,0,0,0,0,0,0,0,0,0,0,28127835,0,58503899,502834,0,0,0,0,0,0,0,0,16384,0,0,0,0,0,0,0,0,0,0,0,4368,617,0,0,0,0,0,76038452,0,318,0,27,617,4368,0,0,0,0,0,0,0,0,0,0,0,0,0,0,0,0,0,0,0,0,0,0,0,0,0,0,0,0,0,0,0,0,0,0,0,0,0,0,0,0,0,0,0,0,0,0,0,0,0,0,0,0,0,326198007,0,0,0,375250531,0,0,0,0,0,0,0,121856581,246055780,476455689,168902194176,67620743,1,0,0,0,0,0,0,0,0,0,0,0,0,0,0,0,0,0,0,0,0,0,0,0,0,0,0,0,0,0,0,252387076,0,0,0,0,0
1788889258.431,0,0,0,0,0,0,0,780273776,4031562398208,1912220971008,0,0,0,0,0,0,0,0,0,0,0,0,0,0,0,0,0,0,0,0,0,0,0,0,0,0,0,0,0,0,0,0,0,0,0,0,0,0,0,0,0,0,0,0,0,0,0,0,0,0,0,0,0,0,0,0,0,0,1069299,246240590,104548841,0,0,0,0,0,0,0,0,0,0,0,0,0,0,0,0,0,0,0,0,0,0,0,0,0,0,0,0,0,0,0,0,0,0,0,0,0,12883099648,5087395840,786322,310510,0,110,786432,245390809,0,0,3807529055,12884901888,117195559,439685920,0,0,0,0,0,0,0,0,0,0,0,0,0,0,0,0,0,0,25015812,25016001,0,97,97,6268,329,50031599,35,0,0,0,0,0,0,0,1,0,0,0,0,0,0,0,0,0,0,28131108,0,58507064,502860,0,0,0,0,0,0,0,0,16384,0,0,0,0,0,0,0,0,0,0,0,4369,617,0,0,0,0,0,76047299,0,318,0,27,617,4369,0,0,0,0,0,0,0,0,0,0,0,0,0,0,0,0,0,0,0,0,0,0,0,0,0,0,0,0,0,0,0,0,0,0,0,0,0,0,0,0,0,0,0,0,0,0,0,0,0,0,0,0,0,326239457,0,0,0,375291837,0,0,0,0,0,0,0,121887639,246097188,476527233,168923543552,67637983,1,1,0,0,0,0,0,0,0,0,0,0,0,0,0,0,0,0,0,0,0,0,0,0,0,0,0,0,0,0,0,252389985,0,0,0,0,0
1788889259.458,0,0,0,0,0,0,0,780364785,4032256850432,1912525666304,0,0,0,0,0,0,0,0,0,0,0,0,0,0,0,0,0,0,0,0,0,0,0,0,0,0,0,0,0,0,0,0,0,0,0,0,0,0,0,0,0,0,0,0,0,0,0,0,0,0,0,0,0,0,0,0,0,0,1069457,246283043,104565893,0,0,0,0,0,0,0,0,0,0,0,0,0,0,0,0,0,0,0,0,0,0,0,0,0,0,0,0,0,0,0,0,0,0,0,0,0,12883050496,5074567168,786319,309728,1,113,786432,245433143,0,0,3807978498,12884901888,117233620,439733491,0,0,0,0,0,0,0,0,0,0,0,0,0,0,0,0,0,0,25018834,25019027,0,97,97,6268,329,50037635,35,0,0,0,0,0,0,0,1,0,0,0,0,0,0,0,0,0,0,28134510,0,58510535,502888,0,0,0,0,0,0,0,0,16384,0,0,0,0,0,0,0,0,0,0,0,4370,617,0,0,0,0,0,76056474,0,318,0,27,617,4370,0,0,0,0,0,0,0,0,0,0,0,0,0,0,0,0,0,0,0,0,0,0,0,0,0,0,0,0,0,0,0,0,0,0,0,0,0,0,0,0,0,0,0,0,0,0,0,0,0,0,0,0,0,326282248,0,0,0,375334499,0,0,0,0,0,0,0,121918288,246139593,476600521,168945562112,67654791,1,0,0,0,0,0,0,0,0,0,0,0,0,0,0,0,0,0,0,0,0,0,0,0,0,0,0,0,0,0,0,252393007,0,0,0,0,0
1788889260.485,0,0,0,0,0,0,0,780446030,4032873101824,1912763821056,0,0,0,0,0,0,0,0,0,0,0,0,0,0,0,0,0,0,0,0,0,0,0,0,0,0,0,0,0,0,0,0,0,0,0,0,0,0,0,0,0,0,0,0,0,0,0,0,0,0,0,0,0,0,0,0,0,0,1069604,246320723,104579047,0,0,0,0,0,0,0,0,0,0,0,0,0,0,0,0,0,0,0,0,0,0,0,0,0,0,0,0,0,0,0,0,0,0,0,0,0,12882984960,5094866944,786315,310966,0,117,786432,245470735,0,0,3808379296,12884901888,117269059,439775640,0,0,0,0,0,0,0,0,0,0,0,0,0,0,0,0,0,0,25021504,25021699,0,97,97,6268,329,50042971,35,0,0,0,0,0,0,0,1,0,0,0,0,0,0,0,0,0,0,28137515,0,58511014,502892,0,0,0,0,0,0,0,0,16384,0,0,0,0,0,0,0,0,0,0,0,4371,617,0,0,0,0,0,76064596,0,318,0,27,617,4371,0,0,0,0,0,0,0,0,0,0,0,0,0,0,0,0,0,0,0,0,0,0,0,0,0,0,0,0,0,0,0,0,0,0,0,0,0,0,0,0,0,0,0,0,0,0,0,0,0,0,0,0,0,326320007,0,0,0,375372315,0,0,0,0,0,0,0,121949111,246177193,476664012,168965001728,67672936,1,0,0,0,0,0,0,0,0,0,0,0,0,0,0,0,0,0,0,0,0,0,0,0,0,0,0,0,0,0,0,252395678,0,0,0,0,0
1788889261.512,0,0,0,0,0,0,0,780523069,4033458420224,1912988251648,0,0,0,0,0,0,0,0,0,0,0,0,0,0,0,0,0,0,0,0,0,0,0,0,0,0,0,0,0,0,0,0,0,0,0,0,0,0,0,0,0,0,0,0,0,0,0,0,0,0,0,0,0,0,0,0,0,0,1069738,246356520,104591427,0,0,0,0,0,0,0,0,0,0,0,0,0,0,0,0,0,0,0,0,0,0,0,0,0,0,0,0,0,0,0,0,0,0,0,0,0,12882870272,5115953152,786308,312253,0,124,786432,245506475,0,0,3808759297,12884901888,117303903,439815740,0,0,0,0,0,0,0,0,0,0,0,0,0,0,0,0,0,0,25024054,25024250,0,97,97,6268,329,50048069,35,0,0,0,0,0,0,0,1,0,0,0,0,0,0,0,0,0,0,28140388,0,58511142,502893,0,0,0,0,0,0,0,0,16384,0,0,0,0,0,0,0,0,0,0,0,4372,617,0,0,0,0,0,76072366,0,318,0,27,617,4372,0,0,0,0,0,0,0,0,0,0,0,0,0,0,0,0,0,0,0,0,0,0,0,0,0,0,0,0,0,0,0,0,0,0,0,0,0,0,0,0,0,0,0,0,0,0,0,0,0,0,0,0,0,326356095,0,0,0,375408391,0,0,0,0,0,0,0,121979166,246212943,476724657,168983537152,67690765,1,1,0,0,0,0,0,0,0,0,0,0,0,0,0,0,0,0,0,0,0,0,0,0,0,0,0,0,0,0,0,252398233,0,0,0,0,0
1788889262.539,0,0,0,0,0,0,0,780612538,4034137946624,1913287736832,0,0,0,0,0,0,0,0,0,0,0,0,0,0,0,0,0,0,0,0,0,0,0,0,0,0,0,0,0,0,0,0,0,0,0,0,0,0,0,0,0,0,0,0,0,0,0,0,0,0,0,0,0,0,0,0,0,0,1069899,246398107,104608194,0,0,0,0,0,0,0,0,0,0,0,0,0,0,0,0,0,0,0,0,0,0,0,0,0,0,0,0,0,0,0,0,0,0,0,0,0,12883148800,5101436928,786325,311367,0,107,786432,245547930,0,0,3809201148,12884901888,117341475,439862229,0,0,0,0,0,0,0,0,0,0,0,0,0,0,0,0,0,0,25027014,25027207,0,97,97,6268,329,50053986,35,0,0,0,0,0,0,0,1,0,0,0,0,0,0,0,0,0,0,28143715,0,58514339,502919,0,0,0,0,0,0,0,0,16384,0,0,0,0,0,0,0,0,0,0,0,4373,617,0,0,0,0,0,76081343,0,318,0,27,617,4373,0,0,0,0,0,0,0,0,0,0,0,0,0,0,0,0,0,0,0,0,0,0,0,0,0,0,0,0,0,0,0,0,0,0,0,0,0,0,0,0,0,0,0,0,0,0,0,0,0,0,0,0,0,326397760,0,0,0,375450161,0,0,0,0,0,0,0,122010414,246254446,476796538,169004969984,67708149,0,1,0,0,0,0,0,0,0,0,0,0,0,0,0,0,0,0,0,0,0,0,0,0,0,0,0,0,0,0,0,252401190,0,0,0,0,0
1788889263.565,0,0,0,0,0,0,0,780688575,4034713860608,1913508510208,0,0,0,0,0,0,0,0,0,0,0,0,0,0,0,0,0,0,0,0,0,0,0,0,0,0,0,0,0,0,0,0,0,0,0,0,0,0,0,0,0,0,0,0,0,0,0,0,0,0,0,0,0,0,0,0,0,0,1070040,246433318,104620371,0,0,0,0,0,0,0,0,0,0,0,0,0,0,0,0,0,0,0,0,0,0,0,0,0,0,0,0,0,0,0,0,0,0,0,0,0,12882984960,5124177920,786315,312755,0,118,786432,245583058,0,0,3809576344,12884901888,117375719,439901804,0,0,0,0,0,0,0,0,0,0,0,0,0,0,0,0,0,0,25029526,25029723,0,97,97,6268,329,50059007,35,0,0,0,0,0,0,0,1,0,0,0,0,0,0,0,0,0,0,28146544,0,58514467,502920,0,0,0,0,0,0,0,0,16384,0,0,0,0,0,0,0,0,0,0,0,4374,617,0,0,0,0,0,76088998,0,318,0,27,617,4374,0,0,0,0,0,0,0,0,0,0,0,0,0,0,0,0,0,0,0,0,0,0,0,0,0,0,0,0,0,0,0,0,0,0,0,0,0,0,0,0,0,0,0,0,0,0,0,0,0,0,0,0,0,326433441,0,0,0,375485685,0,0,0,0,0,0,0,122040032,246289610,476856333,169023293952,67725758,0,0,0,0,0,0,0,0,0,0,0,0,0,0,0,0,0,0,0,0,0,0,0,0,0,0,0,0,0,0,0,252403706,0,0,0,0,0
1788889264.593,0,0,0,0,0,0,0,780779055,4035403151872,1913811170304,0,0,0,0,0,0,0,0,0,0,0,0,0,0,0,0,0,0,0,0,0,0,0,0,0,0,0,0,0,0,0,0,0,0,0,0,0,0,0,0,0,0,0,0,0,0,0,0,0,0,0,0,0,0,0,0,0,0,1070202,246475495,104637303,0,0,0,0,0,0,0,0,0,0,0,0,0,0,0,0,0,0,0,0,0,0,0,0,0,0,0,0,0,0,0,0,0,0,0,0,0,12883001344,5108793344,786316,311816,0,116,786432,245625139,0,0,3810023022,12884901888,117413289,439948941,0,0,0,0,0,0,0,0,0,0,0,0,0,0,0,0,0,0,25032527,25032722,0,97,97,6268,329,50065023,35,0,0,0,0,0,0,0,1,0,0,0,0,0,0,0,0,0,0,28149919,0,58517786,502947,0,0,0,0,0,0,0,0,16384,0,0,0,0,0,0,0,0,0,0,0,4375,617,0,0,0,0,0,76098121,0,318,0,27,617,4375,0,0,0,0,0,0,0,0,0,0,0,0,0,0,0,0,0,0,0,0,0,0,0,0,0,0,0,0,0,0,0,0,0,0,0,0,0,0,0,0,0,0,0,0,0,0,0,0,0,0,0,0,0,326475943,0,0,0,375528034,0,0,0,0,0,0,0,122070591,246331706,476929257,169045129728,67742441,0,0,0,0,0,0,0,0,0,0,0,0,0,0,0,0,0,0,0,0,0,0,0,0,0,0,0,0,0,0,0,252406706,0,0,0,0,0
1788889265.620,0,0,0,0,0,0,0,780857861,4036001774080,1914047315456,0,0,0,0,0,0,0,0,0,0,0,0,0,0,0,0,0,0,0,0,0,0,0,0,0,0,0,0,0,0,0,0,0,0,0,0,0,0,0,0,0,0,0,0,0,0,0,0,0,0,0,0,0,0,0,0,0,0,1070368,246512099,104650369,0,0,0,0,0,0,0,0,0,0,0,0,0,0,0,0,0,0,0,0,0,0,0,0,0,0,0,0,0,0,0,0,0,0,0,0,0,12881002496,5125308416,786194,312824,141,98,786432,245661664,0,0,3810410505,12884901888,117448028,439990092,0,0,0,0,0,0,0,0,0,0,0,0,0,0,0,0,0,0,25035116,25035311,0,97,97,6268,329,50070206,35,0,0,0,0,0,0,0,1,0,0,0,0,0,0,0,0,0,0,28152832,0,58518536,502953,0,0,0,0,0,0,0,0,16384,0,0,0,0,0,0,0,0,0,0,0,4376,617,0,0,0,0,0,76105981,0,318,0,27,617,4376,0,0,0,0,0,0,0,0,0,0,0,0,0,0,0,0,0,0,0,0,0,0,0,0,0,0,0,0,0,0,0,0,0,0,0,0,0,0,0,0,0,0,0,0,0,0,0,0,0,0,0,0,0,326512901,0,0,0,375564771,0,0,0,0,0,0,0,122100776,246368279,476991528,169064135680,67760305,1,1,0,0,0,0,0,0,0,0,0,0,0,0,0,0,0,0,0,0,0,0,0,0,0,0,0,0,0,0,0,252409295,0,0,0,0,0
1788889266.647,0,0,0,0,0,0,0,780948680,4036691753472,1914345318400,0,0,0,0,0,0,0,0,0,0,0,0,0,0,0,0,0,0,0,0,0,0,0,0,0,0,0,0,0,0,0,0,0,0,0,0,0,0,0,0,0,0,0,0,0,0,0,0,0,0,0,0,0,0,0,0,0,0,1070524,246554287,104667030,0,0,0,0,0,0,0,0,0,0,0,0,0,0,0,0,0,0,0,0,0,0,0,0,0,0,0,0,0,0,0,0,0,0,0,0,0,12883099648,5118066688,786323,312382,0,109,786432,245703747,0,0,3810858857,12884901888,117485422,440037395,0,0,0,0,0,0,0,0,0,0,0,0,0,0,0,0,0,0,25038123,25038321,0,97,97,6268,329,50076211,35,0,0,0,0,0,0,0,1,0,0,0,0,0,0,0,0,0,0,28156216,0,58521712,502979,0,0,0,0,0,0,0,0,16384,0,0,0,0,0,0,0,0,0,0,0,4377,617,0,0,0,0,0,76115142,0,318,0,27,617,4377,0,0,0,0,0,0,0,0,0,0,0,0,0,0,0,0,0,0,0,0,0,0,0,0,0,0,0,0,0,0,0,0,0,0,0,0,0,0,0,0,0,0,0,0,0,0,0,0,0,0,0,0,0,326555256,0,0,0,375607294,0,0,0,0,0,0,0,122131631,246410403,477063905,169085902336,67777402,1,1,0,0,0,0,0,0,0,0,0,0,0,0,0,0,0,0,0,0,0,0,0,0,0,0,0,0,0,0,0,252412303,0,0,0,0,0
1788889267.674,0,0,0,0,0,0,0,781025639,4037276219904,1914569942528,0,0,0,0,0,0,0,0,0,0,0,0,0,0,0,0,0,0,0,0,0,0,0,0,0,0,0,0,0,0,0,0,0,0,0,0,0,0,0,0,0,0,0,0,0,0,0,0,0,0,0,0,0,0,0,0,0,0,1070667,246590026,104679425,0,0,0,0,0,0,0,0,0,0,0,0,0,0,0,0,0,0,0,0,0,0,0,0,0,0,0,0,0,0,0,0,0,0,0,0,0,12883345408,5139398656,786337,313684,0,95,786432,245739409,0,0,3811238134,12884901888,117520134,440077444,0,0,0,0,0,0,0,0,0,0,0,0,0,0,0,0,0,0,25040661,25040856,0,97,97,6268,329,50081282,35,0,0,0,0,0,0,0,1,0,0,0,0,0,0,0,0,0,0,28159068,0,58521840,502980,0,0,0,0,0,0,0,0,16384,0,0,0,0,0,0,0,0,0,0,0,4378,617,0,0,0,0,0,76122846,0,318,0,27,617,4378,0,0,0,0,0,0,0,0,0,0,0,0,0,0,0,0,0,0,0,0,0,0,0,0,0,0,0,0,0,0,0,0,0,0,0,0,0,0,0,0,0,0,0,0,0,0,0,0,0,0,0,0,0,326591322,0,0,0,375643211,0,0,0,0,0,0,0,122161989,246446083,477124539,169104468992,67795527,0,0,0,0,0,0,0,0,0,0,0,0,0,0,0,0,0,0,0,0,0,0,0,0,0,0,0,0,0,0,0,252414839,0,0,0,0,0
1788889268.700,0,0,0,0,0,0,0,781118553,4037980125696,1914879758336,0,0,0,0,0,0,0,0,0,0,0,0,0,0,0,0,0,0,0,0,0,0,0,0,0,0,0,0,0,0,0,0,0,0,0,0,0,0,0,0,0,0,0,0,0,0,0,0,0,0,0,0,0,0,0,0,0,0,1070854,246633085,104696776,0,0,0,0,0,0,0,0,0,0,0,0,0,0,0,0,0,0,0,0,0,0,0,0,0,0,0,0,0,0,0,0,0,0,0,0,0,12883099648,5124997120,786321,312806,0,111,786432,245782351,0,0,3811696563,12884901888,117558848,440126111,0,0,0,0,0,0,0,0,0,0,0,0,0,0,0,0,0,0,25043741,25043934,0,97,97,6268,329,50087443,35,0,0,0,0,0,0,0,1,0,0,0,0,0,0,0,0,0,0,28162531,0,58525183,503007,0,0,0,0,0,0,0,0,16384,0,0,0,0,0,0,0,0,0,0,0,4379,617,0,0,0,0,0,76132214,0,318,0,27,617,4379,0,0,0,0,0,0,0,0,0,0,0,0,0,0,0,0,0,0,0,0,0,0,0,0,0,0,0,0,0,0,0,0,0,0,0,0,0,0,0,0,0,0,0,0,0,0,0,0,0,0,0,0,0,326634849,0,0,0,375686746,0,0,0,0,0,0,0,122193328,246489084,477199285,169126856704,67812601,0,0,0,0,0,0,0,0,0,0,0,0,0,0,0,0,0,0,0,0,0,0,0,0,0,0,0,0,0,0,0,252417917,0,0,0,0,0
1788889269.727,0,0,0,0,0,0,0,781195433,4038566951424,1915108186624,0,0,0,0,0,0,0,0,0,0,0,0,0,0,0,0,0,0,0,0,0,0,0,0,0,0,0,0,0,0,0,0,0,0,0,0,0,0,0,0,0,0,0,0,0,0,0,0,0,0,0,0,0,0,0,0,0,0,1070996,246668968,104709334,0,0,0,0,0,0,0,0,0,0,0,0,0,0,0,0,0,0,0,0,0,0,0,0,0,0,0,0,0,0,0,0,0,0,0,0,0,12882722816,5142806528,786300,313892,24,111,786432,245818154,0,0,3812075901,12884901888,117593710,440166053,0,0,0,0,0,0,0,0,0,0,0,0,0,0,0,0,0,0,25046268,25046460,0,97,97,6268,329,50092502,35,0,0,0,0,0,0,0,1,0,0,0,0,0,0,0,0,0,0,28165374,0,58525311,503009,0,0,0,0,0,0,0,0,16384,0,0,0,0,0,0,0,0,0,0,0,4380,617,0,0,0,0,0,76139911,0,318,0,27,617,4380,0,0,0,0,0,0,0,0,0,0,0,0,0,0,0,0,0,0,0,0,0,0,0,0,0,0,0,0,0,0,0,0,0,0,0,0,0,0,0,0,0,0,0,0,0,0,0,0,0,0,0,0,0,326670603,0,0,0,375722623,0,0,0,0,0,0,0,122223496,246524917,477260035,169145211392,67830362,0,0,0,0,0,0,0,0,0,0,0,0,0,0,0,0,0,0,0,0,0,0,0,0,0,0,0,0,0,0,0,252420444,0,0,0,0,0
1788889270.753,0,0,0,0,0,0,0,781278022,4039191722496,1915385260544,0,0,0,0,0,0,0,0,0,0,0,0,0,0,0,0,0,0,0,0,0,0,0,0,0,0,0,0,0,0,0,0,0,0,0,0,0,0,0,0,0,0,0,0,0,0,0,0,0,0,0,0,0,0,0,0,0,0,1071135,246707177,104724937,0,0,0,0,0,0,0,0,0,0,0,0,0,0,0,0,0,0,0,0,0,0,0,0,0,0,0,0,0,0,0,0,0,0,0,0,0,12882984960,5124947968,786315,312802,0,117,786432,245856287,0,0,3812483591,12884901888,117627805,440208971,0,0,0,0,0,0,0,0,0,0,0,0,0,0,0,0,0,0,25049012,25049208,0,97,97,6268,329,50097994,35,0,0,0,0,0,0,0,1,0,0,0,0,0,0,0,0,0,0,28168463,0,58528621,503035,0,0,0,0,0,0,0,0,16384,0,0,0,0,0,0,0,0,0,0,0,4381,617,0,0,0,0,0,76148248,0,318,0,27,617,4381,0,0,0,0,0,0,0,0,0,0,0,0,0,0,0,0,0,0,0,0,0,0,0,0,0,0,0,0,0,0,0,0,0,0,0,0,0,0,0,0,0,0,0,0,0,0,0,0,0,0,0,0,0,326709238,0,0,0,375761268,0,0,0,0,0,0,0,122253351,246563073,477326371,169165066752,67847589,0,0,0,0,0,0,0,0,0,0,0,0,0,0,0,0,0,0,0,0,0,0,0,0,0,0,0,0,0,0,0,252423191,0,0,0,0,0
1788889271.779,0,0,0,0,0,0,0,781364655,4039847950848,1915675451904,0,0,0,0,0,0,0,0,0,0,0,0,0,0,0,0,0,0,0,0,0,0,0,0,0,0,0,0,0,0,0,0,0,0,0,0,0,0,0,0,0,0,0,0,0,0,0,0,0,0,0,0,0,0,0,0,0,0,1071293,246747303,104741193,0,0,0,0,0,0,0,0,0,0,0,0,0,0,0,0,0,0,0,0,0,0,0,0,0,0,0,0,0,0,0,0,0,0,0,0,0,12883034112,5108809728,786318,311817,0,114,786432,245896299,0,0,3812910973,12884901888,117663667,440253963,0,0,0,0,0,0,0,0,0,0,0,0,0,0,0,0,0,0,25051871,25052063,0,97,97,6268,329,50103711,35,0,0,0,0,0,0,0,1,0,0,0,0,0,0,0,0,0,0,28171676,0,58531903,503062,0,0,0,0,0,0,0,0,16384,0,0,0,0,0,0,0,0,0,0,0,4382,617,0,0,0,0,0,76156929,0,318,0,27,617,4382,0,0,0,0,0,0,0,0,0,0,0,0,0,0,0,0,0,0,0,0,0,0,0,0,0,0,0,0,0,0,0,0,0,0,0,0,0,0,0,0,0,0,0,0,0,0,0,0,0,0,0,0,0,326749503,0,0,0,375801644,0,0,0,0,0,0,0,122282638,246603126,477395761,169185829376,67863615,1,0,0,0,0,0,0,0,0,0,0,0,0,0,0,0,0,0,0,0,0,0,0,0,0,0,0,0,0,0,0,252426047,0,0,0,0,0
1788889272.807,0,0,0,0,0,0,0,781450201,4040496134656,1915964483584,0,0,0,0,0,0,0,0,0,0,0,0,0,0,0,0,0,0,0,0,0,0,0,0,0,0,0,0,0,0,0,0,0,0,0,0,0,0,0,0,0,0,0,0,0,0,0,0,0,0,0,0,0,0,0,0,0,0,1071460,246786884,104757324,0,0,0,0,0,0,0,0,0,0,0,0,0,0,0,0,0,0,0,0,0,0,0,0,0,0,0,0,0,0,0,0,0,0,0,0,0,12883296256,5094113280,786334,310920,1,96,786432,245935780,0,0,3813332753,12884901888,117699636,440298652,0,0,0,0,0,0,0,0,0,0,0,0,0,0,0,0,0,0,25054699,25054895,0,97,97,6268,329,50109362,35,0,0,0,0,0,0,0,1,0,0,0,0,0,0,0,0,0,0,28174860,0,58535017,503087,0,0,0,0,0,0,0,0,16384,0,0,0,0,0,0,0,0,0,0,0,4383,617,0,0,0,0,0,76165545,0,318,0,27,617,4383,0,0,0,0,0,0,0,0,0,0,0,0,0,0,0,0,0,0,0,0,0,0,0,0,0,0,0,0,0,0,0,0,0,0,0,0,0,0,0,0,0,0,0,0,0,0,0,0,0,0,0,0,0,326789771,0,0,0,375841606,0,0,0,0,0,0,0,122311567,246642685,477465105,169206554112,67879289,1,0,0,0,0,0,0,0,0,0,0,0,0,0,0,0,0,0,0,0,0,0,0,0,0,0,0,0,0,0,0,252428877,0,0,0,0,0
1788889273.834,0,0,0,0,0,0,0,781535334,4041143695872,1916214218240,0,0,0,0,0,0,0,0,0,0,0,0,0,0,0,0,0,0,0,0,0,0,0,0,0,0,0,0,0,0,0,0,0,0,0,0,0,0,0,0,0,0,0,0,0,0,0,0,0,0,0,0,0,0,0,0,0,0,1071597,246826530,104771186,0,0,0,0,0,0,0,0,0,0,0,0,0,0,0,0,0,0,0,0,0,0,0,0,0,0,0,0,0,0,0,0,0,0,0,0,0,12883214336,5112643584,786329,312051,0,103,786432,245975329,0,0,3813751659,12884901888,117736206,440342847,0,0,0,0,0,0,0,0,0,0,0,0,0,0,0,0,0,0,25057522,25057713,0,97,97,6268,329,50114998,35,0,0,0,0,0,0,0,1,0,0,0,0,0,0,0,0,0,0,28178028,0,58535821,503094,0,0,0,0,0,0,0,0,16384,0,0,0,0,0,0,0,0,0,0,0,4384,617,0,0,0,0,0,76174105,0,318,0,27,617,4384,0,0,0,0,0,0,0,0,0,0,0,0,0,0,0,0,0,0,0,0,0,0,0,0,0,0,0,0,0,0,0,0,0,0,0,0,0,0,0,0,0,0,0,0,0,0,0,0,0,0,0,0,0,326829509,0,0,0,375881425,0,0,0,0,0,0,0,122341780,246682217,477531592,169226975232,67896383,0,0,0,0,0,0,0,0,0,0,0,0,0,0,0,0,0,0,0,0,0,0,0,0,0,0,0,0,0,0,0,252431692,0,0,0,0,0
1788889274.861,0,0,0,0,0,0,0,781616395,4041761520128,1916453591040,0,0,0,0,0,0,0,0,0,0,0,0,0,0,0,0,0,0,0,0,0,0,0,0,0,0,0,0,0,0,0,0,0,0,0,0,0,0,0,0,0,0,0,0,0,0,0,0,0,0,0,0,0,0,0,0,0,0,1071774,246864330,104784414,0,0,0,0,0,0,0,0,0,0,0,0,0,0,0,0,0,0,0,0,0,0,0,0,0,0,0,0,0,0,0,0,0,0,0,0,0,12883230720,5132402688,786330,313257,0,102,786432,246013047,0,0,3814152157,12884901888,117772838,440385262,0,0,0,0,0,0,0,0,0,0,0,0,0,0,0,0,0,0,25060193,25060387,0,97,97,6268,329,50120347,35,0,0,0,0,0,0,0,1,0,0,0,0,0,0,0,0,0,0,28181040,0,58536077,503096,0,0,0,0,0,0,0,0,16384,0,0,0,0,0,0,0,0,0,0,0,4385,617,0,0,0,0,0,76182256,0,318,0,27,617,4385,0,0,0,0,0,0,0,0,0,0,0,0,0,0,0,0,0,0,0,0,0,0,0,0,0,0,0,0,0,0,0,0,0,0,0,0,0,0,0,0,0,0,0,0,0,0,0,0,0,0,0,0,0,326867557,0,0,0,375919323,0,0,0,0,0,0,0,122372178,246719959,477595747,169246535680,67913829,1,0,0,0,0,0,0,0,0,0,0,0,0,0,0,0,0,0,0,0,0,0,0,0,0,0,0,0,0,0,0,252434371,0,0,0,0,0
1788889275.889,0,0,0,0,0,0,0,781707172,4042448009728,1916753933824,0,0,0,0,0,0,0,0,0,0,0,0,0,0,0,0,0,0,0,0,0,0,0,0,0,0,0,0,0,0,0,0,0,0,0,0,0,0,0,0,0,0,0,0,0,0,0,0,0,0,0,0,0,0,0,0,0,0,1071918,246906320,104801209,0,0,0,0,0,0,0,0,0,0,0,0,0,0,0,0,0,0,0,0,0,0,0,0,0,0,0,0,0,0,0,0,0,0,0,0,0,12883197952,5120131072,786328,312508,0,104,786432,246054924,0,0,3814600233,12884901888,117810436,440432358,0,0,0,0,0,0,0,0,0,0,0,0,0,0,0,0,0,0,25063194,25063393,0,97,97,6268,329,50126355,35,0,0,0,0,0,0,0,1,0,0,0,0,0,0,0,0,0,0,28184421,0,58539442,503123,0,0,0,0,0,0,0,0,16384,0,0,0,0,0,0,0,0,0,0,0,4386,617,0,0,0,0,0,76191385,0,318,0,27,617,4386,0,0,0,0,0,0,0,0,0,0,0,0,0,0,0,0,0,0,0,0,0,0,0,0,0,0,0,0,0,0,0,0,0,0,0,0,0,0,0,0,0,0,0,0,0,0,0,0,0,0,0,0,0,326910158,0,0,0,375961757,0,0,0,0,0,0,0,122401576,246761873,477668433,169268434944,67929546,1,0,0,0,0,0,0,0,0,0,0,0,0,0,0,0,0,0,0,0,0,0,0,0,0,0,0,0,0,0,0,252437376,0,0,0,0,0
1788889276.916,0,0,0,0,0,0,0,781788778,4043068635648,1916993771520,0,0,0,0,0,0,0,0,0,0,0,0,0,0,0,0,0,0,0,0,0,0,0,0,0,0,0,0,0,0,0,0,0,0,0,0,0,0,0,0,0,0,0,0,0,0,0,0,0,0,0,0,0,0,0,0,0,0,1072061,246944268,104814453,0,0,0,0,0,0,0,0,0,0,0,0,0,0,0,0,0,0,0,0,0,0,0,0,0,0,0,0,0,0,0,0,0,0,0,0,0,12883165184,5139447808,786326,313687,0,106,786432,246092774,0,0,3815003153,12884901888,117846090,440474757,0,0,0,0,0,0,0,0,0,0,0,0,0,0,0,0,0,0,25065904,25066092,0,97,97,6268,329,50131761,35,0,0,0,0,0,0,0,1,0,0,0,0,0,0,0,0,0,0,28187457,0,58540004,503128,0,0,0,0,0,0,0,0,16384,0,0,0,0,0,0,0,0,0,0,0,4387,617,0,0,0,0,0,76199575,0,318,0,27,617,4387,0,0,0,0,0,0,0,0,0,0,0,0,0,0,0,0,0,0,0,0,0,0,0,0,0,0,0,0,0,0,0,0,0,0,0,0,0,0,0,0,0,0,0,0,0,0,0,0,0,0,0,0,0,326948581,0,0,0,375999911,0,0,0,0,0,0,0,122430689,246799801,477732696,169288186368,67945962,1,0,0,0,0,0,0,0,0,0,0,0,0,0,0,0,0,0,0,0,0,0,0,0,0,0,0,0,0,0,0,252440075,0,0,0,0,0
1788889277.944,0,0,0,0,0,0,0,781870876,4043693275648,1917237276160,0,0,0,0,0,0,0,0,0,0,0,0,0,0,0,0,0,0,0,0,0,0,0,0,0,0,0,0,0,0,0,0,0,0,0,0,0,0,0,0,0,0,0,0,0,0,0,0,0,0,0,0,0,0,0,0,0,0,1072221,246982486,104827913,0,0,0,0,0,0,0,0,0,0,0,0,0,0,0,0,0,0,0,0,0,0,0,0,0,0,0,0,0,0,0,0,0,0,0,0,0,12883116032,5156732928,786323,314742,0,109,786432,246130895,0,0,3815408832,12884901888,117883187,440517536,0,0,0,0,0,0,0,0,0,0,0,0,0,0,0,0,0,0,25068617,25068816,0,97,97,6268,329,50137204,35,0,0,0,0,0,0,0,1,0,0,0,0,0,0,0,0,0,0,28190520,0,58540132,503129,0,0,0,0,0,0,0,0,16384,0,0,0,0,0,0,0,0,0,0,0,4388,617,0,0,0,0,0,76207846,0,318,0,27,617,4388,0,0,0,0,0,0,0,0,0,0,0,0,0,0,0,0,0,0,0,0,0,0,0,0,0,0,0,0,0,0,0,0,0,0,0,0,0,0,0,0,0,0,0,0,0,0,0,0,0,0,0,0,0,326987084,0,0,0,376038282,0,0,0,0,0,0,0,122461949,246837948,477797884,169307968000,67963924,0,0,0,0,0,0,0,0,0,0,0,0,0,0,0,0,0,0,0,0,0,0,0,0,0,0,0,0,0,0,0,252442800,0,0,0,0,0
1788889278.971,0,0,0,0,0,0,0,781958909,4044365560320,1917533607424,0,0,0,0,0,0,0,0,0,0,0,0,0,0,0,0,0,0,0,0,0,0,0,0,0,0,0,0,0,0,0,0,0,0,0,0,0,0,0,0,0,0,0,0,0,0,0,0,0,0,0,0,0,0,0,0,0,0,1072368,247023572,104844531,0,0,0,0,0,0,0,0,0,0,0,0,0,0,0,0,0,0,0,0,0,0,0,0,0,0,0,0,0,0,0,0,0,0,0,0,0,12883247104,5141463040,786331,313810,0,101,786432,246171887,0,0,3815843045,12884901888,117919906,440563256,0,0,0,0,0,0,0,0,0,0,0,0,0,0,0,0,0,0,25071528,25071720,0,97,97,6268,329,50143013,35,0,0,0,0,0,0,0,1,0,0,0,0,0,0,0,0,0,0,28193785,0,58543462,503156,0,0,0,0,0,0,0,0,16384,0,0,0,0,0,0,0,0,0,0,0,4389,617,0,0,0,0,0,76216650,0,318,0,27,617,4389,0,0,0,0,0,0,0,0,0,0,0,0,0,0,0,0,0,0,0,0,0,0,0,0,0,0,0,0,0,0,0,0,0,0,0,0,0,0,0,0,0,0,0,0,0,0,0,0,0,0,0,0,0,327028491,0,0,0,376079407,0,0,0,0,0,0,0,122492385,246879018,477869096,169329243136,67980816,1,0,0,0,0,0,0,0,0,0,0,0,0,0,0,0,0,0,0,0,0,0,0,0,0,0,0,0,0,0,0,252445700,0,0,0,0,0
1788889279.998,0,0,0,0,0,0,0,782041039,4044984531456,1917790953472,0,0,0,0,0,0,0,0,0,0,0,0,0,0,0,0,0,0,0,0,0,0,0,0,0,0,0,0,0,0,0,0,0,0,0,0,0,0,0,0,0,0,0,0,0,0,0,0,0,0,0,0,0,0,0,0,0,0,1072520,247061455,104858851,0,0,0,0,0,0,0,0,0,0,0,0,0,0,0,0,0,0,0,0,0,0,0,0,0,0,0,0,0,0,0,0,0,0,0,0,0,12883066880,5144592384,786320,314001,0,112,786432,246209675,0,0,3816246841,12884901888,117955858,440606041,0,0,0,0,0,0,0,0,0,0,0,0,0,0,0,0,0,0,25074244,25074439,0,97,97,6268,329,50148458,35,0,0,0,0,0,0,0,1,0,0,0,0,0,0,0,0,0,0,28196845,0,58544932,503168,0,0,0,0,0,0,0,0,16384,0,0,0,0,0,0,0,0,0,0,0,4390,617,0,0,0,0,0,76224931,0,318,0,27,617,4390,0,0,0,0,0,0,0,0,0,0,0,0,0,0,0,0,0,0,0,0,0,0,0,0,0,0,0,0,0,0,0,0,0,0,0,0,0,0,0,0,0,0,0,0,0,0,0,0,0,0,0,0,0,327066693,0,0,0,376117829,0,0,0,0,0,0,0,122523238,246916826,477934361,169348892672,67998719,0,0,0,0,0,0,0,0,0,0,0,0,0,0,0,0,0,0,0,0,0,0,0,0,0,0,0,0,0,0,0,252448423,0,0,0,0,0
1788889281.025,0,0,0,0,0,0,0,782123142,4045610072576,1918049645056,0,0,0,0,0,0,0,0,0,0,0,0,0,0,0,0,0,0,0,0,0,0,0,0,0,0,0,0,0,0,0,0,0,0,0,0,0,0,0,0,0,0,0,0,0,0,0,0,0,0,0,0,0,0,0,0,0,0,1072699,247099717,104873244,0,0,0,0,0,0,0,0,0,0,0,0,0,0,0,0,0,0,0,0,0,0,0,0,0,0,0,0,0,0,0,0,0,0,0,0,0,12883181568,5150097408,786327,314337,0,105,786432,246247835,0,0,3816652019,12884901888,117991473,440649081,0,0,0,0,0,0,0,0,0,0,0,0,0,0,0,0,0,0,25076954,25077150,0,97,97,6268,329,50153882,35,0,0,0,0,0,0,0,1,0,0,0,0,0,0,0,0,0,0,28199896,0,58546669,503183,0,0,0,0,0,0,0,0,16384,0,0,0,0,0,0,0,0,0,0,0,4391,617,0,0,0,0,0,76233179,0,318,0,27,617,4391,0,0,0,0,0,0,0,0,0,0,0,0,0,0,0,0,0,0,0,0,0,0,0,0,0,0,0,0,0,0,0,0,0,0,0,0,0,0,0,0,0,0,0,0,0,0,0,0,0,0,0,0,0,327105110,0,0,0,376156230,0,0,0,0,0,0,0,122553899,246955021,477999725,169368629248,68016544,0,0,0,0,0,0,0,0,0,0,0,0,0,0,0,0,0,0,0,0,0,0,0,0,0,0,0,0,0,0,0,252451134,0,0,0,0,0
1788889282.053,0,0,0,0,0,0,0,782202684,4046217361920,1918282257920,0,0,0,0,0,0,0,0,0,0,0,0,0,0,0,0,0,0,0,0,0,0,0,0,0,0,0,0,0,0,0,0,0,0,0,0,0,0,0,0,0,0,0,0,0,0,0,0,0,0,0,0,0,0,0,0,0,0,1072820,247136854,104886088,0,0,0,0,0,0,0,0,0,0,0,0,0,0,0,0,0,0,0,0,0,0,0,0,0,0,0,0,0,0,0,0,0,0,0,0,0,12883279872,5169610752,786333,315528,0,99,786432,246284876,0,0,3817044740,12884901888,118027544,440690273,0,0,0,0,0,0,0,0,0,0,0,0,0,0,0,0,0,0,25079574,25079769,0,97,97,6268,329,50159124,35,0,0,0,0,0,0,0,1,0,0,0,0,0,0,0,0,0,0,28202841,0,58546797,503184,0,0,0,0,0,0,0,0,16384,0,0,0,0,0,0,0,0,0,0,0,4392,617,0,0,0,0,0,76241161,0,318,0,27,617,4392,0,0,0,0,0,0,0,0,0,0,0,0,0,0,0,0,0,0,0,0,0,0,0,0,0,0,0,0,0,0,0,0,0,0,0,0,0,0,0,0,0,0,0,0,0,0,0,0,0,0,0,0,0,327142302,0,0,0,376193366,0,0,0,0,0,0,0,122584470,246992097,478062392,169387756032,68034437,0,0,0,0,0,0,0,0,0,0,0,0,0,0,0,0,0,0,0,0,0,0,0,0,0,0,0,0,0,0,0,252453754,0,0,0,0,0
1788889283.081,0,0,0,0,0,0,0,782288245,4046864710144,1918572374016,0,0,0,0,0,0,0,0,0,0,0,0,0,0,0,0,0,0,0,0,0,0,0,0,0,0,0,0,0,0,0,0,0,0,0,0,0,0,0,0,0,0,0,0,0,0,0,0,0,0,0,0,0,0,0,0,0,0,1072985,247176435,104902344,0,0,0,0,0,0,0,0,0,0,0,0,0,0,0,0,0,0,0,0,0,0,0,0,0,0,0,0,0,0,0,0,0,0,0,0,0,12883116032,5153210368,786323,314527,0,109,786432,246324360,0,0,3817466710,12884901888,118063245,440734954,0,0,0,0,0,0,0,0,0,0,0,0,0,0,0,0,0,0,25082403,25082597,0,97,97,6268,329,50164765,35,0,0,0,0,0,0,0,1,0,0,0,0,0,0,0,0,0,0,28206022,0,58550023,503210,0,0,0,0,0,0,0,0,16384,0,0,0,0,0,0,0,0,0,0,0,4393,617,0,0,0,0,0,76249755,0,318,0,27,617,4393,0,0,0,0,0,0,0,0,0,0,0,0,0,0,0,0,0,0,0,0,0,0,0,0,0,0,0,0,0,0,0,0,0,0,0,0,0,0,0,0,0,0,0,0,0,0,0,0,0,0,0,0,0,327182518,0,0,0,376233361,0,0,0,0,0,0,0,122615063,247031626,478131811,169408438272,68051709,0,0,0,0,0,0,0,0,0,0,0,0,0,0,0,0,0,0,0,0,0,0,0,0,0,0,0,0,0,0,0,252456582,0,0,0,0,0
1788889284.108,0,0,0,0,0,0,0,782370736,4047494445568,1918853201920,0,0,0,0,0,0,0,0,0,0,0,0,0,0,0,0,0,0,0,0,0,0,0,0,0,0,0,0,0,0,0,0,0,0,0,0,0,0,0,0,0,0,0,0,0,0,0,0,0,0,0,0,0,0,0,0,0,0,1073131,247214891,104918046,0,0,0,0,0,0,0,0,0,0,0,0,0,0,0,0,0,0,0,0,0,0,0,0,0,0,0,0,0,0,0,0,0,0,0,0,0,12881412096,5136171008,786219,313487,139,73,786432,246362713,0,0,3817874005,12884901888,118098774,440777943,0,0,0,0,0,0,0,0,0,0,0,0,0,0,0,0,0,0,25085138,25085326,0,97,97,6268,329,50170236,35,0,0,0,0,0,0,0,1,0,0,0,0,0,0,0,0,0,0,28209091,0,58552722,503233,0,0,0,0,0,0,0,0,16384,0,0,0,0,0,0,0,0,0,0,0,4394,617,0,0,0,0,0,76258049,0,318,0,27,617,4394,0,0,0,0,0,0,0,0,0,0,0,0,0,0,0,0,0,0,0,0,0,0,0,0,0,0,0,0,0,0,0,0,0,0,0,0,0,0,0,0,0,0,0,0,0,0,0,0,0,0,0,0,0,327221425,0,0,0,376272063,0,0,0,0,0,0,0,122645100,247070083,478199240,169428416512,68068631,1,0,0,0,0,0,0,0,0,0,0,0,0,0,0,0,0,0,0,0,0,0,0,0,0,0,0,0,0,0,0,252459306,0,0,0,0,0
1788889285.136,0,0,0,0,0,0,0,782451237,4048108632576,1919090297344,0,0,0,0,0,0,0,0,0,0,0,0,0,0,0,0,0,0,0,0,0,0,0,0,0,0,0,0,0,0,0,0,0,0,0,0,0,0,0,0,0,0,0,0,0,0,0,0,0,0,0,0,0,0,0,0,0,0,1073282,247252467,104931202,0,0,0,0,0,0,0,0,0,0,0,0,0,0,0,0,0,0,0,0,0,0,0,0,0,0,0,0,0,0,0,0,0,0,0,0,0,12883132416,5154979840,786324,314635,0,109,786432,246400218,0,0,3818271255,12884901888,118134097,440819691,0,0,0,0,0,0,0,0,0,0,0,0,0,0,0,0,0,0,25087775,25087970,0,97,97,6268,329,50175522,35,0,0,0,0,0,0,0,1,0,0,0,0,0,0,0,0,0,0,28212065,0,58553442,503238,0,0,0,0,0,0,0,0,16384,0,0,0,0,0,0,0,0,0,0,0,4396,617,0,0,0,0,0,76266101,0,318,0,27,617,4396,0,0,0,0,0,0,0,0,0,0,0,0,0,0,0,0,0,0,0,0,0,0,0,0,0,0,0,0,0,0,0,0,0,0,0,0,0,0,0,0,0,0,0,0,0,0,0,0,0,0,0,0,0,327258648,0,0,0,376309509,0,0,0,0,0,0,0,122675129,247107562,478262018,169447541760,68086080,1,0,0,0,0,0,0,0,0,0,0,0,0,0,0,0,0,0,0,0,0,0,0,0,0,0,0,0,0,0,0,252461955,0,0,0,0,0
1788889286.164,0,0,0,0,0,0,0,782539450,4048782817792,1919387371008,0,0,0,0,0,0,0,0,0,0,0,0,0,0,0,0,0,0,0,0,0,0,0,0,0,0,0,0,0,0,0,0,0,0,0,0,0,0,0,0,0,0,0,0,0,0,0,0,0,0,0,0,0,0,0,0,0,0,1073424,247293692,104947842,0,0,0,0,0,0,0,0,0,0,0,0,0,0,0,0,0,0,0,0,0,0,0,0,0,0,0,0,0,0,0,0,0,0,0,0,0,12883099648,5138153472,786322,313608,0,110,786432,246441331,0,0,3818707132,12884901888,118171321,440865444,0,0,0,0,0,0,0,0,0,0,0,0,0,0,0,0,0,0,25090697,25090888,0,97,97,6268,329,50181364,35,0,0,0,0,0,0,0,1,0,0,0,0,0,0,0,0,0,0,28215348,0,58556699,503264,0,0,0,0,0,0,0,0,16384,0,0,0,0,0,0,0,0,0,0,0,4397,617,0,0,0,0,0,76274990,0,318,0,27,617,4397,0,0,0,0,0,0,0,0,0,0,0,0,0,0,0,0,0,0,0,0,0,0,0,0,0,0,0,0,0,0,0,0,0,0,0,0,0,0,0,0,0,0,0,0,0,0,0,0,0,0,0,0,0,327300098,0,0,0,376350770,0,0,0,0,0,0,0,122705452,247148745,478333361,169468858368,68102761,1,0,0,0,0,0,0,0,0,0,0,0,0,0,0,0,0,0,0,0,0,0,0,0,0,0,0,0,0,0,0,252464871,0,0,0,0,0
1788889287.191,0,0,0,0,0,0,0,782624648,4049432918528,1919640286720,0,0,0,0,0,0,0,0,0,0,0,0,0,0,0,0,0,0,0,0,0,0,0,0,0,0,0,0,0,0,0,0,0,0,0,0,0,0,0,0,0,0,0,0,0,0,0,0,0,0,0,0,0,0,0,0,0,0,1073606,247333471,104961700,0,0,0,0,0,0,0,0,0,0,0,0,0,0,0,0,0,0,0,0,0,0,0,0,0,0,0,0,0,0,0,0,0,0,0,0,0,12880822272,5157257216,786183,314774,126,123,786432,246481009,0,0,3819128636,12884901888,118209876,440909992,0,0,0,0,0,0,0,0,0,0,0,0,0,0,0,0,0,0,25093527,25093722,0,97,97,6268,329,50187022,35,0,0,0,0,0,0,0,1,0,0,0,0,0,0,0,0,0,0,28218534,0,58556827,503266,0,0,0,0,0,0,0,0,16384,0,0,0,0,0,0,0,0,0,0,0,4398,617,0,0,0,0,0,76283581,0,318,0,27,617,4398,0,0,0,0,0,0,0,0,0,0,0,0,0,0,0,0,0,0,0,0,0,0,0,0,0,0,0,0,0,0,0,0,0,0,0,0,0,0,0,0,0,0,0,0,0,0,0,0,0,0,0,0,0,327339778,0,0,0,376390585,0,0,0,0,0,0,0,122737397,247188454,478400625,169489234944,68121031,1,0,0,0,0,0,0,0,0,0,0,0,0,0,0,0,0,0,0,0,0,0,0,0,0,0,0,0,0,0,0,252467705,0,0,0,0,0
1788889288.219,0,0,0,0,0,0,0,782710396,4050084428288,1919927595520,0,0,0,0,0,0,0,0,0,0,0,0,0,0,0,0,0,0,0,0,0,0,0,0,0,0,0,0,0,0,0,0,0,0,0,0,0,0,0,0,0,0,0,0,0,0,0,0,0,0,0,0,0,0,0,0,0,0,1073746,247373315,104977906,0,0,0,0,0,0,0,0,0,0,0,0,0,0,0,0,0,0,0,0,0,0,0,0,0,0,0,0,0,0,0,0,0,0,0,0,0,12883099648,5140692992,786322,313763,0,110,786432,246520767,0,0,3819551920,12884901888,118245588,440954515,0,0,0,0,0,0,0,0,0,0,0,0,0,0,0,0,0,0,25096361,25096557,0,97,97,6268,329,50192699,35,0,0,0,0,0,0,0,1,0,0,0,0,0,0,0,0,0,0,28221722,0,58560157,503292,0,0,0,0,0,0,0,0,16384,0,0,0,0,0,0,0,0,0,0,0,4399,617,0,0,0,0,0,76292235,0,318,0,27,617,4399,0,0,0,0,0,0,0,0,0,0,0,0,0,0,0,0,0,0,0,0,0,0,0,0,0,0,0,0,0,0,0,0,0,0,0,0,0,0,0,0,0,0,0,0,0,0,0,0,0,0,0,0,0,327379894,0,0,0,376430609,0,0,0,0,0,0,0,122766906,247228234,478469606,169509848064,68137418,1,1,0,0,0,0,0,0,0,0,0,0,0,0,0,0,0,0,0,0,0,0,0,0,0,0,0,0,0,0,0,252470541,0,0,0,0,0
1788889289.246,0,0,0,0,0,0,0,782797364,4050747570688,1920219289600,0,0,0,0,0,0,0,0,0,0,0,0,0,0,0,0,0,0,0,0,0,0,0,0,0,0,0,0,0,0,0,0,0,0,0,0,0,0,0,0,0,0,0,0,0,0,0,0,0,0,0,0,0,0,0,0,0,0,1073907,247413856,104994242,0,0,0,0,0,0,0,0,0,0,0,0,0,0,0,0,0,0,0,0,0,0,0,0,0,0,0,0,0,0,0,0,0,0,0,0,0,12883247104,5126815744,786331,312916,0,101,786432,246561210,0,0,3819980249,12884901888,118281913,440999763,0,0,0,0,0,0,0,0,0,0,0,0,0,0,0,0,0,0,25099240,25099437,0,97,97,6268,329,50198451,35,0,0,0,0,0,0,0,1,0,0,0,0,0,0,0,0,0,0,28224962,0,58563322,503318,0,0,0,0,0,0,0,0,16384,0,0,0,0,0,0,0,0,0,0,0,4400,617,0,0,0,0,0,76300975,0,318,0,27,617,4400,0,0,0,0,0,0,0,0,0,0,0,0,0,0,0,0,0,0,0,0,0,0,0,0,0,0,0,0,0,0,0,0,0,0,0,0,0,0,0,0,0,0,0,0,0,0,0,0,0,0,0,0,0,327420593,0,0,0,376471244,0,0,0,0,0,0,0,122797262,247268727,478539656,169530767360,68154347,1,0,0,0,0,0,0,0,0,0,0,0,0,0,0,0,0,0,0,0,0,0,0,0,0,0,0,0,0,0,0,252473419,0,0,0,0,0
1788889290.274,0,0,0,0,0,0,0,782879854,4051372079616,1920500038144,0,0,0,0,0,0,0,0,0,0,0,0,0,0,0,0,0,0,0,0,0,0,0,0,0,0,0,0,0,0,0,0,0,0,0,0,0,0,0,0,0,0,0,0,0,0,0,0,0,0,0,0,0,0,0,0,0,0,1074060,247452061,105009964,0,0,0,0,0,0,0,0,0,0,0,0,0,0,0,0,0,0,0,0,0,0,0,0,0,0,0,0,0,0,0,0,0,0,0,0,0,12883083264,5110628352,786321,311928,0,110,786432,246599318,0,0,3820386098,12884901888,118315873,441042836,0,0,0,0,0,0,0,0,0,0,0,0,0,0,0,0,0,0,25101966,25102157,0,97,97,6268,329,50203896,35,0,0,0,0,0,0,0,1,0,0,0,0,0,0,0,0,0,0,28228023,0,58566689,503346,0,0,0,0,0,0,0,0,16384,0,0,0,0,0,0,0,0,0,0,0,4401,617,0,0,0,0,0,76309242,0,318,0,27,617,4401,0,0,0,0,0,0,0,0,0,0,0,0,0,0,0,0,0,0,0,0,0,0,0,0,0,0,0,0,0,0,0,0,0,0,0,0,0,0,0,0,0,0,0,0,0,0,0,0,0,0,0,0,0,327459327,0,0,0,376509807,0,0,0,0,0,0,0,122826771,247306878,478606387,169550730752,68171203,0,1,0,0,0,0,0,0,0,0,0,0,0,0,0,0,0,0,0,0,0,0,0,0,0,0,0,0,0,0,0,252476142,0,0,0,0,0
1788889291.301,0,0,0,0,0,0,0,782962803,4052005435904,1920760530944,0,0,0,0,0,0,0,0,0,0,0,0,0,0,0,0,0,0,0,0,0,0,0,0,0,0,0,0,0,0,0,0,0,0,0,0,0,0,0,0,0,0,0,0,0,0,0,0,0,0,0,0,0,0,0,0,0,0,1074215,247490772,105024391,0,0,0,0,0,0,0,0,0,0,0,0,0,0,0,0,0,0,0,0,0,0,0,0,0,0,0,0,0,0,0,0,0,0,0,0,0,12883771392,5117526016,786363,312349,0,69,786432,246637938,0,0,3820795542,12884901888,118352187,441086259,0,0,0,0,0,0,0,0,0,0,0,0,0,0,0,0,0,0,25104705,25104902,0,97,97,6268,329,50209387,35,0,0,0,0,0,0,0,1,0,0,0,0,0,0,0,0,0,0,28231110,0,58568110,503359,0,0,0,0,0,0,0,0,16384,0,0,0,0,0,0,0,0,0,0,0,4402,617,0,0,0,0,0,76317598,0,318,0,27,617,4402,0,0,0,0,0,0,0,0,0,0,0,0,0,0,0,0,0,0,0,0,0,0,0,0,0,0,0,0,0,0,0,0,0,0,0,0,0,0,0,0,0,0,0,0,0,0,0,0,0,0,0,0,0,327498471,0,0,0,376548686,0,0,0,0,0,0,0,122856482,247345571,478672873,169570888192,68187923,1,1,0,0,0,0,0,0,0,0,0,0,0,0,0,0,0,0,0,0,0,0,0,0,0,0,0,0,0,0,0,252478886,0,0,0,0,0
1788889292.329,0,0,0,0,0,0,0,783064818,4052783217152,1921077719040,0,0,0,0,0,0,0,0,0,0,0,0,0,0,0,0,0,0,0,0,0,0,0,0,0,0,0,0,0,0,0,0,0,0,0,0,0,0,0,0,0,0,0,0,0,0,0,0,0,0,0,0,0,0,0,0,0,0,1074435,247538383,105042088,0,0,0,0,0,0,0,0,0,0,0,0,0,0,0,0,0,0,0,0,0,0,0,0,0,0,0,0,0,0,0,0,0,0,0,0,0,12883165184,5125373952,786326,312828,0,106,786432,246685400,0,0,3821299265,12884901888,118394733,441139665,0,0,0,0,0,0,0,0,0,0,0,0,0,0,0,0,0,0,25108080,25108273,0,97,97,6268,329,50216126,35,0,0,0,0,0,0,0,1,0,0,0,0,0,0,0,0,0,0,28234903,0,58570686,503379,0,0,0,0,0,0,0,0,16384,0,0,0,0,0,0,0,0,0,0,0,4403,617,0,0,0,0,0,76327869,0,318,0,27,617,4403,0,0,0,0,0,0,0,0,0,0,0,0,0,0,0,0,0,0,0,0,0,0,0,0,0,0,0,0,0,0,0,0,0,0,0,0,0,0,0,0,0,0,0,0,0,0,0,0,0,0,0,0,0,327546024,0,0,0,376596255,0,0,0,0,0,0,0,122888420,247393067,478753080,169595356672,68204457,1,1,0,0,0,0,0,0,0,0,0,0,0,0,0,0,0,0,0,0,0,0,0,0,0,0,0,0,0,0,0,252482258,0,0,0,0,0
1788889293.357,0,0,0,0,0,0,0,783157022,4053486991872,1921385273344,0,0,0,0,0,0,0,0,0,0,0,0,0,0,0,0,0,0,0,0,0,0,0,0,0,0,0,0,0,0,0,0,0,0,0,0,0,0,0,0,0,0,0,0,0,0,0,0,0,0,0,0,0,0,0,0,0,0,1074556,247581415,105059288,0,0,0,0,0,0,0,0,0,0,0,0,0,0,0,0,0,0,0,0,0,0,0,0,0,0,0,0,0,0,0,0,0,0,0,0,0,12883230720,5111136256,786330,311959,0,102,786432,246728305,0,0,3821754442,12884901888,118433178,441187215,0,0,0,0,0,0,0,0,0,0,0,0,0,0,0,0,0,0,25111128,25111325,0,97,97,6268,329,50222218,35,0,0,0,0,0,0,0,1,0,0,0,0,0,0,0,0,0,0,28238335,0,58574032,503407,0,0,0,0,0,0,0,0,16384,0,0,0,0,0,0,0,0,0,0,0,4404,617,0,0,0,0,0,76337158,0,318,0,27,617,4404,0,0,0,0,0,0,0,0,0,0,0,0,0,0,0,0,0,0,0,0,0,0,0,0,0,0,0,0,0,0,0,0,0,0,0,0,0,0,0,0,0,0,0,0,0,0,0,0,0,0,0,0,0,327589384,0,0,0,376639295,0,0,0,0,0,0,0,122917269,247436050,478827365,169617630720,68219184,1,0,0,0,0,0,0,0,0,0,0,0,0,0,0,0,0,0,0,0,0,0,0,0,0,0,0,0,0,0,0,252485309,0,0,0,0,0
1788889294.385,0,0,0,0,0,0,0,783237720,4054105487872,1921623810560,0,0,0,0,0,0,0,0,0,0,0,0,0,0,0,0,0,0,0,0,0,0,0,0,0,0,0,0,0,0,0,0,0,0,0,0,0,0,0,0,0,0,0,0,0,0,0,0,0,0,0,0,0,0,0,0,0,0,1074717,247619243,105072496,0,0,0,0,0,0,0,0,0,0,0,0,0,0,0,0,0,0,0,0,0,0,0,0,0,0,0,0,0,0,0,0,0,0,0,0,0,12883345408,5128404992,786336,313013,0,96,786432,246766039,0,0,3822153339,12884901888,118469998,441229112,0,0,0,0,0,0,0,0,0,0,0,0,0,0,0,0,0,0,25113778,25113980,0,97,97,6268,329,50227513,35,0,0,0,0,0,0,0,1,0,0,0,0,0,0,0,0,0,0,28241315,0,58574160,503408,0,0,0,0,0,0,0,0,16384,0,0,0,0,0,0,0,0,0,0,0,4405,617,0,0,0,0,0,76345230,0,318,0,27,617,4405,0,0,0,0,0,0,0,0,0,0,0,0,0,0,0,0,0,0,0,0,0,0,0,0,0,0,0,0,0,0,0,0,0,0,0,0,0,0,0,0,0,0,0,0,0,0,0,0,0,0,0,0,0,327627144,0,0,0,376676791,0,0,0,0,0,0,0,122946181,247473815,478891292,169637050880,68235055,0,0,0,0,0,0,0,0,0,0,0,0,0,0,0,0,0,0,0,0,0,0,0,0,0,0,0,0,0,0,0,252487959,0,0,0,0,0
1788889295.413,0,0,0,0,0,0,0,783330899,4054818208256,1921936758272,0,0,0,0,0,0,0,0,0,0,0,0,0,0,0,0,0,0,0,0,0,0,0,0,0,0,0,0,0,0,0,0,0,0,0,0,0,0,0,0,0,0,0,0,0,0,0,0,0,0,0,0,0,0,0,0,0,0,1074913,247662847,105090016,0,0,0,0,0,0,0,0,0,0,0,0,0,0,0,0,0,0,0,0,0,0,0,0,0,0,0,0,0,0,0,0,0,0,0,0,0,12883017728,5115887616,786316,312249,0,116,786432,246809525,0,0,3822613370,12884901888,118509468,441278210,0,0,0,0,0,0,0,0,0,0,0,0,0,0,0,0,0,0,25116874,25117073,0,97,97,6268,329,50233710,35,0,0,0,0,0,0,0,1,0,0,0,0,0,0,0,0,0,0,28244799,0,58577501,503435,0,0,0,0,0,0,0,0,16384,0,0,0,0,0,0,0,0,0,0,0,4406,617,0,0,0,0,0,76354635,0,318,0,27,617,4406,0,0,0,0,0,0,0,0,0,0,0,0,0,0,0,0,0,0,0,0,0,0,0,0,0,0,0,0,0,0,0,0,0,0,0,0,0,0,0,0,0,0,0,0,0,0,0,0,0,0,0,0,0,327670963,0,0,0,376720601,0,0,0,0,0,0,0,122977012,247517350,478966661,169659614720,68251446,1,0,0,0,0,0,0,0,0,0,0,0,0,0,0,0,0,0,0,0,0,0,0,0,0,0,0,0,0,0,0,252491057,0,0,0,0,0
1788889296.441,0,0,0,0,0,0,0,783421053,4055506844160,1922240604160,0,0,0,0,0,0,0,0,0,0,0,0,0,0,0,0,0,0,0,0,0,0,0,0,0,0,0,0,0,0,0,0,0,0,0,0,0,0,0,0,0,0,0,0,0,0,0,0,0,0,0,0,0,0,0,0,0,0,1075056,247704947,105107034,0,0,0,0,0,0,0,0,0,0,0,0,0,0,0,0,0,0,0,0,0,0,0,0,0,0,0,0,0,0,0,0,0,0,0,0,0,12883050496,5096030208,786319,311037,0,113,786432,246851522,0,0,3823058744,12884901888,118547765,441324881,0,0,0,0,0,0,0,0,0,0,0,0,0,0,0,0,0,0,25119856,25120049,0,97,97,6268,329,50239684,35,0,0,0,0,0,0,0,1,0,0,0,0,0,0,0,0,0,0,28248146,0,58580743,503461,0,0,0,0,0,0,0,0,16384,0,0,0,0,0,0,0,0,0,0,0,4407,617,0,0,0,0,0,76363694,0,318,0,27,617,4407,0,0,0,0,0,0,0,0,0,0,0,0,0,0,0,0,0,0,0,0,0,0,0,0,0,0,0,0,0,0,0,0,0,0,0,0,0,0,0,0,0,0,0,0,0,0,0,0,0,0,0,0,0,327713265,0,0,0,376762697,0,0,0,0,0,0,0,123007823,247559391,479039646,169681367040,68268226,0,0,0,0,0,0,0,0,0,0,0,0,0,0,0,0,0,0,0,0,0,0,0,0,0,0,0,0,0,0,0,252494032,0,0,0,0,0
1788889297.469,0,0,0,0,0,0,0,783500847,4056116886016,1922497802752,0,0,0,0,0,0,0,0,0,0,0,0,0,0,0,0,0,0,0,0,0,0,0,0,0,0,0,0,0,0,0,0,0,0,0,0,0,0,0,0,0,0,0,0,0,0,0,0,0,0,0,0,0,0,0,0,0,0,1075196,247742235,105121307,0,0,0,0,0,0,0,0,0,0,0,0,0,0,0,0,0,0,0,0,0,0,0,0,0,0,0,0,0,0,0,0,0,0,0,0,0,12883771392,5096062976,786362,311039,0,70,786432,246888727,0,0,3823452680,12884901888,118582753,441366554,0,0,0,0,0,0,0,0,0,0,0,0,0,0,0,0,0,0,25122495,25122688,0,97,97,6268,329,50244952,35,0,0,0,0,0,0,0,1,0,0,0,0,0,0,0,0,0,0,28251115,0,58582622,503477,0,0,0,0,0,0,0,0,16384,0,0,0,0,0,0,0,0,0,0,0,4408,617,0,0,0,0,0,76371716,0,318,0,27,617,4408,0,0,0,0,0,0,0,0,0,0,0,0,0,0,0,0,0,0,0,0,0,0,0,0,0,0,0,0,0,0,0,0,0,0,0,0,0,0,0,0,0,0,0,0,0,0,0,0,0,0,0,0,0,327750854,0,0,0,376800066,0,0,0,0,0,0,0,123037993,247596662,479103946,169700733952,68285873,1,0,0,0,0,0,0,0,0,0,0,0,0,0,0,0,0,0,0,0,0,0,0,0,0,0,0,0,0,0,0,252496672,0,0,0,0,0
1788889298.496,0,0,0,0,0,0,0,783586379,4056763955712,1922761160704,0,0,0,0,0,0,0,0,0,0,0,0,0,0,0,0,0,0,0,0,0,0,0,0,0,0,0,0,0,0,0,0,0,0,0,0,0,0,0,0,0,0,0,0,0,0,0,0,0,0,0,0,0,0,0,0,0,0,1075353,247781842,105135988,0,0,0,0,0,0,0,0,0,0,0,0,0,0,0,0,0,0,0,0,0,0,0,0,0,0,0,0,0,0,0,0,0,0,0,0,0,12883083264,5102747648,786321,311447,0,112,786432,246928234,0,0,3823875066,12884901888,118619325,441410923,0,0,0,0,0,0,0,0,0,0,0,0,0,0,0,0,0,0,25125319,25125509,0,97,97,6268,329,50250609,35,0,0,0,0,0,0,0,1,0,0,0,0,0,0,0,0,0,0,28254290,0,58584210,503490,0,0,0,0,0,0,0,0,16384,0,0,0,0,0,0,0,0,0,0,0,4409,617,0,0,0,0,0,76380308,0,318,0,27,617,4409,0,0,0,0,0,0,0,0,0,0,0,0,0,0,0,0,0,0,0,0,0,0,0,0,0,0,0,0,0,0,0,0,0,0,0,0,0,0,0,0,0,0,0,0,0,0,0,0,0,0,0,0,0,327790821,0,0,0,376839946,0,0,0,0,0,0,0,123068363,247636186,479171441,169721281536,68303032,1,0,0,0,0,0,0,0,0,0,0,0,0,0,0,0,0,0,0,0,0,0,0,0,0,0,0,0,0,0,0,252499494,0,0,0,0,0
1788889299.524,0,0,0,0,0,0,0,783676784,4057450281472,1923062126080,0,0,0,0,0,0,0,0,0,0,0,0,0,0,0,0,0,0,0,0,0,0,0,0,0,0,0,0,0,0,0,0,0,0,0,0,0,0,0,0,0,0,0,0,0,0,0,0,0,0,0,0,0,0,0,0,0,0,1075538,247823805,105152833,0,0,0,0,0,0,0,0,0,0,0,0,0,0,0,0,0,0,0,0,0,0,0,0,0,0,0,0,0,0,0,0,0,0,0,0,0,12882984960,5090721792,786315,310713,0,117,786432,246970074,0,0,3824321129,12884901888,118657047,441458179,0,0,0,0,0,0,0,0,0,0,0,0,0,0,0,0,0,0,25128303,25128499,0,97,97,6268,329,50256576,35,0,0,0,0,0,0,0,1,0,0,0,0,0,0,0,0,0,0,28257652,0,58587393,503517,0,0,0,0,0,0,0,0,16384,0,0,0,0,0,0,0,0,0,0,0,4410,617,0,0,0,0,0,76389391,0,318,0,27,617,4410,0,0,0,0,0,0,0,0,0,0,0,0,0,0,0,0,0,0,0,0,0,0,0,0,0,0,0,0,0,0,0,0,0,0,0,0,0,0,0,0,0,0,0,0,0,0,0,0,0,0,0,0,0,327833289,0,0,0,376882192,0,0,0,0,0,0,0,123098444,247678095,479244163,169743109632,68319344,1,0,0,0,0,0,0,0,0,0,0,0,0,0,0,0,0,0,0,0,0,0,0,0,0,0,0,0,0,0,0,252502483,0,0,0,0,0
1788889300.552,0,0,0,0,0,0,0,783769333,4058152434176,1923365564416,0,0,0,0,0,0,0,0,0,0,0,0,0,0,0,0,0,0,0,0,0,0,0,0,0,0,0,0,0,0,0,0,0,0,0,0,0,0,0,0,0,0,0,0,0,0,0,0,0,0,0,0,0,0,0,0,0,0,1075693,247866757,105169793,0,0,0,0,0,0,0,0,0,0,0,0,0,0,0,0,0,0,0,0,0,0,0,0,0,0,0,0,0,0,0,0,0,0,0,0,0,12883001344,5080907776,786316,310114,0,115,786432,247012912,0,0,3824777638,12884901888,118695526,441506310,0,0,0,0,0,0,0,0,0,0,0,0,0,0,0,0,0,0,25131368,25131557,0,97,97,6268,329,50262706,35,0,0,0,0,0,0,0,1,0,0,0,0,0,0,0,0,0,0,28261093,0,58590713,503543,0,0,0,0,0,0,0,0,16384,0,0,0,0,0,0,0,0,0,0,0,4411,617,0,0,0,0,0,76398718,0,318,0,27,617,4411,0,0,0,0,0,0,0,0,0,0,0,0,0,0,0,0,0,0,0,0,0,0,0,0,0,0,0,0,0,0,0,0,0,0,0,0,0,0,0,0,0,0,0,0,0,0,0,0,0,0,0,0,0,327876656,0,0,0,376925485,0,0,0,0,0,0,0,123129165,247720959,479318108,169765427712,68336030,0,0,0,0,0,0,0,0,0,0,0,0,0,0,0,0,0,0,0,0,0,0,0,0,0,0,0,0,0,0,0,252505542,0,0,0,0,0
1788889301.578,0,0,0,0,0,0,0,783843791,4058718239232,1923583235584,0,0,0,0,0,0,0,0,0,0,0,0,0,0,0,0,0,0,0,0,0,0,0,0,0,0,0,0,0,0,0,0,0,0,0,0,0,0,0,0,0,0,0,0,0,0,0,0,0,0,0,0,0,0,0,0,0,0,1075842,247901356,105181812,0,0,0,0,0,0,0,0,0,0,0,0,0,0,0,0,0,0,0,0,0,0,0,0,0,0,0,0,0,0,0,0,0,0,0,0,0,12883066880,5099044864,786320,311221,0,112,786432,247047441,0,0,3825143802,12884901888,118729223,441545053,0,0,0,0,0,0,0,0,0,0,0,0,0,0,0,0,0,0,25133831,25134024,0,97,97,6268,329,50267619,35,0,0,0,0,0,0,0,1,0,0,0,0,0,0,0,0,0,0,28263867,0,58590841,503544,0,0,0,0,0,0,0,0,16384,0,0,0,0,0,0,0,0,0,0,0,4412,617,0,0,0,0,0,76406214,0,318,0,27,617,4412,0,0,0,0,0,0,0,0,0,0,0,0,0,0,0,0,0,0,0,0,0,0,0,0,0,0,0,0,0,0,0,0,0,0,0,0,0,0,0,0,0,0,0,0,0,0,0,0,0,0,0,0,0,327911448,0,0,0,376960235,0,0,0,0,0,0,0,123158407,247755536,479376730,169783316992,68353401,1,0,0,0,0,0,0,0,0,0,0,0,0,0,0,0,0,0,0,0,0,0,0,0,0,0,0,0,0,0,0,252508010,0,0,0,0,0
1788889302.606,0,0,0,0,0,0,0,783927600,4059359230464,1923865441280,0,0,0,0,0,0,0,0,0,0,0,0,0,0,0,0,0,0,0,0,0,0,0,0,0,0,0,0,0,0,0,0,0,0,0,0,0,0,0,0,0,0,0,0,0,0,0,0,0,0,0,0,0,0,0,0,0,0,1075979,247940571,105197623,0,0,0,0,0,0,0,0,0,0,0,0,0,0,0,0,0,0,0,0,0,0,0,0,0,0,0,0,0,0,0,0,0,0,0,0,0,12882853888,5083840512,786307,310293,0,125,786432,247086554,0,0,3825557418,12884901888,118764295,441588609,0,0,0,0,0,0,0,0,0,0,0,0,0,0,0,0,0,0,25136600,25136796,0,97,97,6268,329,50273170,35,0,0,0,0,0,0,0,1,0,0,0,0,0,0,0,0,0,0,28266985,0,58594122,503570,0,0,0,0,0,0,0,0,16384,0,0,0,0,0,0,0,0,0,0,0,4413,617,0,0,0,0,0,76414642,0,318,0,27,617,4413,0,0,0,0,0,0,0,0,0,0,0,0,0,0,0,0,0,0,0,0,0,0,0,0,0,0,0,0,0,0,0,0,0,0,0,0,0,0,0,0,0,0,0,0,0,0,0,0,0,0,0,0,0,327950443,0,0,0,376999459,0,0,0,0,0,0,0,123187619,247794685,479443995,169803347456,68369777,1,0,0,0,0,0,0,0,0,0,0,0,0,0,0,0,0,0,0,0,0,0,0,0,0,0,0,0,0,0,0,252510782,0,0,0,0,0
1788889303.633,0,0,0,0,0,0,0,784019940,4060058712576,1924170978816,0,0,0,0,0,0,0,0,0,0,0,0,0,0,0,0,0,0,0,0,0,0,0,0,0,0,0,0,0,0,0,0,0,0,0,0,0,0,0,0,0,0,0,0,0,0,0,0,0,0,0,0,0,0,0,0,0,0,1076149,247983352,105214734,0,0,0,0,0,0,0,0,0,0,0,0,0,0,0,0,0,0,0,0,0,0,0,0,0,0,0,0,0,0,0,0,0,0,0,0,0,12882903040,5070864384,786310,309501,0,122,786432,247129244,0,0,3826013049,12884901888,118802807,441636616,0,0,0,0,0,0,0,0,0,0,0,0,0,0,0,0,0,0,25139665,25139863,0,97,97,6268,329,50279291,35,0,0,0,0,0,0,0,1,0,0,0,0,0,0,0,0,0,0,28270434,0,58597432,503597,0,0,0,0,0,0,0,0,16384,0,0,0,0,0,0,0,0,0,0,0,4414,617,0,0,0,0,0,76423951,0,318,0,27,617,4414,0,0,0,0,0,0,0,0,0,0,0,0,0,0,0,0,0,0,0,0,0,0,0,0,0,0,0,0,0,0,0,0,0,0,0,0,0,0,0,0,0,0,0,0,0,0,0,0,0,0,0,0,0,327993385,0,0,0,377042596,0,0,0,0,0,0,0,123219047,247837395,479517709,169825436160,68387159,0,0,0,0,0,0,0,0,0,0,0,0,0,0,0,0,0,0,0,0,0,0,0,0,0,0,0,0,0,0,0,252513848,0,0,0,0,0
1788889304.662,0,0,0,0,0,0,0,784104343,4060697393664,1924453799424,0,0,0,0,0,0,0,0,0,0,0,0,0,0,0,0,0,0,0,0,0,0,0,0,0,0,0,0,0,0,0,0,0,0,0,0,0,0,0,0,0,0,0,0,0,0,0,0,0,0,0,0,0,0,0,0,0,0,1076338,248022372,105230519,0,0,0,0,0,0,0,0,0,0,0,0,0,0,0,0,0,0,0,0,0,0,0,0,0,0,0,0,0,0,0,0,0,0,0,0,0,12880625664,5056708608,786171,308637,192,70,786432,247168173,0,0,3826430546,12884901888,118838713,441680891,0,0,0,0,0,0,0,0,0,0,0,0,0,0,0,0,0,0,25142481,25142671,0,97,97,6268,329,50284939,35,0,0,0,0,0,0,0,1,0,0,0,0,0,0,0,0,0,0,28273593,0,58600143,503620,0,0,0,0,0,0,0,0,16384,0,0,0,0,0,0,0,0,0,0,0,4415,617,0,0,0,0,0,76432477,0,318,0,27,617,4415,0,0,0,0,0,0,0,0,0,0,0,0,0,0,0,0,0,0,0,0,0,0,0,0,0,0,0,0,0,0,0,0,0,0,0,0,0,0,0,0,0,0,0,0,0,0,0,0,0,0,0,0,0,328032646,0,0,0,377082197,0,0,0,0,0,0,0,123249967,247876400,479585736,169845654528,68404830,1,0,0,0,0,0,0,0,0,0,0,0,0,0,0,0,0,0,0,0,0,0,0,0,0,0,0,0,0,0,0,252516656,0,0,0,0,0
1788889305.689,0,0,0,0,0,0,0,784190572,4061352245760,1924706630656,0,0,0,0,0,0,0,0,0,0,0,0,0,0,0,0,0,0,0,0,0,0,0,0,0,0,0,0,0,0,0,0,0,0,0,0,0,0,0,0,0,0,0,0,0,0,0,0,0,0,0,0,0,0,0,0,0,0,1076480,248062493,105244561,0,0,0,0,0,0,0,0,0,0,0,0,0,0,0,0,0,0,0,0,0,0,0,0,0,0,0,0,0,0,0,0,0,0,0,0,0,12882984960,5076877312,786315,309868,0,116,786432,247208187,0,0,3826856105,12884901888,118875567,441725550,0,0,0,0,0,0,0,0,0,0,0,0,0,0,0,0,0,0,25145318,25145515,0,97,97,6268,329,50290612,35,0,0,0,0,0,0,0,1,0,0,0,0,0,0,0,0,0,0,28276790,0,58601215,503628,0,0,0,0,0,0,0,0,16384,0,0,0,0,0,0,0,0,0,0,0,4416,617,0,0,0,0,0,76441130,0,318,0,27,617,4416,0,0,0,0,0,0,0,0,0,0,0,0,0,0,0,0,0,0,0,0,0,0,0,0,0,0,0,0,0,0,0,0,0,0,0,0,0,0,0,0,0,0,0,0,0,0,0,0,0,0,0,0,0,328072126,0,0,0,377122327,0,0,0,0,0,0,0,123280996,247916412,479652114,169866002432,68422768,1,0,0,0,0,0,0,0,0,0,0,0,0,0,0,0,0,0,0,0,0,0,0,0,0,0,0,0,0,0,0,252519499,0,0,0,0,0
1788889306.717,0,0,0,0,0,0,0,784282540,4062051219968,1925012396032,0,0,0,0,0,0,0,0,0,0,0,0,0,0,0,0,0,0,0,0,0,0,0,0,0,0,0,0,0,0,0,0,0,0,0,0,0,0,0,0,0,0,0,0,0,0,0,0,0,0,0,0,0,0,0,0,0,0,1076660,248105257,105261683,0,0,0,0,0,0,0,0,0,0,0,0,0,0,0,0,0,0,0,0,0,0,0,0,0,0,0,0,0,0,0,0,0,0,0,0,0,12882886656,5064081408,786308,309087,0,123,786432,247250829,0,0,3827310259,12884901888,118912256,441773619,0,0,0,0,0,0,0,0,0,0,0,0,0,0,0,0,0,0,25148365,25148561,0,97,97,6268,329,50296694,35,0,0,0,0,0,0,0,1,0,0,0,0,0,0,0,0,0,0,28280218,0,58605051,503659,0,0,0,0,0,0,0,0,16384,0,0,0,0,0,0,0,0,0,0,0,4417,617,0,0,0,0,0,76450407,0,318,0,27,617,4417,0,0,0,0,0,0,0,0,0,0,0,0,0,0,0,0,0,0,0,0,0,0,0,0,0,0,0,0,0,0,0,0,0,0,0,0,0,0,0,0,0,0,0,0,0,0,0,0,0,0,0,0,0,328114770,0,0,0,377165374,0,0,0,0,0,0,0,123311390,247959088,479725056,169887969792,68439569,1,1,0,0,0,0,0,0,0,0,0,0,0,0,0,0,0,0,0,0,0,0,0,0,0,0,0,0,0,0,0,252522547,0,0,0,0,0
1788889307.744,0,0,0,0,0,0,0,784357897,4062626380288,1925233769984,0,0,0,0,0,0,0,0,0,0,0,0,0,0,0,0,0,0,0,0,0,0,0,0,0,0,0,0,0,0,0,0,0,0,0,0,0,0,0,0,0,0,0,0,0,0,0,0,0,0,0,0,0,0,0,0,0,0,1076803,248140421,105273928,0,0,0,0,0,0,0,0,0,0,0,0,0,0,0,0,0,0,0,0,0,0,0,0,0,0,0,0,0,0,0,0,0,0,0,0,0,12883017728,5082759168,786317,310227,1,115,786432,247285926,0,0,3827680417,12884901888,118946464,441812830,0,0,0,0,0,0,0,0,0,0,0,0,0,0,0,0,0,0,25150845,25151039,0,97,97,6268,329,50301655,35,0,0,0,0,0,0,0,1,0,0,0,0,0,0,0,0,0,0,28283005,0,58605179,503660,0,0,0,0,0,0,0,0,16384,0,0,0,0,0,0,0,0,0,0,0,4418,617,0,0,0,0,0,76457953,0,318,0,27,617,4418,0,0,0,0,0,0,0,0,0,0,0,0,0,0,0,0,0,0,0,0,0,0,0,0,0,0,0,0,0,0,0,0,0,0,0,0,0,0,0,0,0,0,0,0,0,0,0,0,0,0,0,0,0,328149604,0,0,0,377200554,0,0,0,0,0,0,0,123340803,247994216,479784162,169905901568,68456896,1,0,0,0,0,0,0,0,0,0,0,0,0,0,0,0,0,0,0,0,0,0,0,0,0,0,0,0,0,0,0,252525025,0,0,0,0,0
1788889308.771,0,0,0,0,0,0,0,784444622,4063285099008,1925522309120,0,0,0,0,0,0,0,0,0,0,0,0,0,0,0,0,0,0,0,0,0,0,0,0,0,0,0,0,0,0,0,0,0,0,0,0,0,0,0,0,0,0,0,0,0,0,0,0,0,0,0,0,0,0,0,0,0,0,1076941,248180718,105290086,0,0,0,0,0,0,0,0,0,0,0,0,0,0,0,0,0,0,0,0,0,0,0,0,0,0,0,0,0,0,0,0,0,0,0,0,0,12883099648,5070700544,786322,309491,0,110,786432,247326117,0,0,3828108233,12884901888,118982353,441857931,0,0,0,0,0,0,0,0,0,0,0,0,0,0,0,0,0,0,25153714,25153906,0,97,97,6268,329,50307391,35,0,0,0,0,0,0,0,1,0,0,0,0,0,0,0,0,0,0,28286230,0,58608446,503687,0,0,0,0,0,0,0,0,16384,0,0,0,0,0,0,0,0,0,0,0,4419,617,0,0,0,0,0,76466653,0,318,0,27,617,4419,0,0,0,0,0,0,0,0,0,0,0,0,0,0,0,0,0,0,0,0,0,0,0,0,0,0,0,0,0,0,0,0,0,0,0,0,0,0,0,0,0,0,0,0,0,0,0,0,0,0,0,0,0,328189813,0,0,0,377241150,0,0,0,0,0,0,0,123370893,248034448,479853299,169926595584,68473799,1,0,0,0,0,0,0,0,0,0,0,0,0,0,0,0,0,0,0,0,0,0,0,0,0,0,0,0,0,0,0,252527892,0,0,0,0,0
1788889309.798,0,0,0,0,0,0,0,784530319,4063937821184,1925811563008,0,0,0,0,0,0,0,0,0,0,0,0,0,0,0,0,0,0,0,0,0,0,0,0,0,0,0,0,0,0,0,0,0,0,0,0,0,0,0,0,0,0,0,0,0,0,0,0,0,0,0,0,0,0,0,0,0,0,1077095,248220622,105306273,0,0,0,0,0,0,0,0,0,0,0,0,0,0,0,0,0,0,0,0,0,0,0,0,0,0,0,0,0,0,0,0,0,0,0,0,0,12882968576,5055053824,786314,308536,1,118,786432,247365920,0,0,3828530925,12884901888,119018364,441902421,0,0,0,0,0,0,0,0,0,0,0,0,0,0,0,0,0,0,25156542,25156733,0,97,97,6268,329,50313047,35,0,0,0,0,0,0,0,1,0,0,0,0,0,0,0,0,0,0,28289408,0,58611666,503713,0,0,0,0,0,0,0,0,16384,0,0,0,0,0,0,0,0,0,0,0,4420,617,0,0,0,0,0,76475249,0,318,0,27,617,4420,0,0,0,0,0,0,0,0,0,0,0,0,0,0,0,0,0,0,0,0,0,0,0,0,0,0,0,0,0,0,0,0,0,0,0,0,0,0,0,0,0,0,0,0,0,0,0,0,0,0,0,0,0,328230165,0,0,0,377281173,0,0,0,0,0,0,0,123400870,248074318,479922682,169947316736,68490491,1,0,0,0,0,0,0,0,0,0,0,0,0,0,0,0,0,0,0,0,0,0,0,0,0,0,0,0,0,0,0,252530717,0,0,0,0,0
1788889310.826,0,0,0,0,0,0,0,784608040,4064530151936,1926037694464,0,0,0,0,0,0,0,0,0,0,0,0,0,0,0,0,0,0,0,0,0,0,0,0,0,0,0,0,0,0,0,0,0,0,0,0,0,0,0,0,0,0,0,0,0,0,0,0,0,0,0,0,0,0,0,0,0,0,1077243,248256872,105318744,0,0,0,0,0,0,0,0,0,0,0,0,0,0,0,0,0,0,0,0,0,0,0,0,0,0,0,0,0,0,0,0,0,0,0,0,0,12883066880,5077041152,786320,309878,0,112,786432,247402072,0,0,3828914689,12884901888,119053473,441942821,0,0,0,0,0,0,0,0,0,0,0,0,0,0,0,0,0,0,25159096,25159288,0,97,97,6268,329,50318167,35,0,0,0,0,0,0,0,1,0,0,0,0,0,0,0,0,0,0,28292283,0,58611794,503714,0,0,0,0,0,0,0,0,16384,0,0,0,0,0,0,0,0,0,0,0,4421,617,0,0,0,0,0,76483038,0,318,0,27,617,4421,0,0,0,0,0,0,0,0,0,0,0,0,0,0,0,0,0,0,0,0,0,0,0,0,0,0,0,0,0,0,0,0,0,0,0,0,0,0,0,0,0,0,0,0,0,0,0,0,0,0,0,0,0,328266562,0,0,0,377317419,0,0,0,0,0,0,0,123429768,248110492,479983818,169966011392,68507063,0,0,0,0,0,0,0,0,0,0,0,0,0,0,0,0,0,0,0,0,0,0,0,0,0,0,0,0,0,0,0,252533273,0,0,0,0,0
1788889311.853,0,0,0,0,0,0,0,784698230,4065218525696,1926339420160,0,0,0,0,0,0,0,0,0,0,0,0,0,0,0,0,0,0,0,0,0,0,0,0,0,0,0,0,0,0,0,0,0,0,0,0,0,0,0,0,0,0,0,0,0,0,0,0,0,0,0,0,0,0,0,0,0,0,1077405,248298950,105335633,0,0,0,0,0,0,0,0,0,0,0,0,0,0,0,0,0,0,0,0,0,0,0,0,0,0,0,0,0,0,0,0,0,0,0,0,0,12883083264,5062803456,786320,309009,1,112,786432,247444013,0,0,3829359932,12884901888,119091038,441989812,0,0,0,0,0,0,0,0,0,0,0,0,0,0,0,0,0,0,25162079,25162274,0,97,97,6268,329,50324116,35,0,0,0,0,0,0,0,1,0,0,0,0,0,0,0,0,0,0,28295641,0,58615242,503742,0,0,0,0,0,0,0,0,16384,0,0,0,0,0,0,0,0,0,0,0,4422,617,0,0,0,0,0,76492098,0,318,0,27,617,4422,0,0,0,0,0,0,0,0,0,0,0,0,0,0,0,0,0,0,0,0,0,0,0,0,0,0,0,0,0,0,0,0,0,0,0,0,0,0,0,0,0,0,0,0,0,0,0,0,0,0,0,0,0,328308984,0,0,0,377359513,0,0,0,0,0,0,0,123458572,248152531,480056440,169987875328,68522168,1,0,0,0,0,0,0,0,0,0,0,0,0,0,0,0,0,0,0,0,0,0,0,0,0,0,0,0,0,0,0,252536259,0,0,0,0,0
1788889312.880,0,0,0,0,0,0,0,784776223,4065815886336,1926566552064,0,0,0,0,0,0,0,0,0,0,0,0,0,0,0,0,0,0,0,0,0,0,0,0,0,0,0,0,0,0,0,0,0,0,0,0,0,0,0,0,0,0,0,0,0,0,0,0,0,0,0,0,0,0,0,0,0,0,1077541,248335493,105348161,0,0,0,0,0,0,0,0,0,0,0,0,0,0,0,0,0,0,0,0,0,0,0,0,0,0,0,0,0,0,0,0,0,0,0,0,0,12882919424,5084971008,786311,310362,0,120,786432,247480464,0,0,3829745229,12884901888,119125379,442030376,0,0,0,0,0,0,0,0,0,0,0,0,0,0,0,0,0,0,25164655,25164844,0,97,97,6268,329,50329286,35,0,0,0,0,0,0,0,1,0,0,0,0,0,0,0,0,0,0,28298532,0,58615661,503746,0,0,0,0,0,0,0,0,16384,0,0,0,0,0,0,0,0,0,0,0,4423,617,0,0,0,0,0,76499917,0,318,0,27,617,4423,0,0,0,0,0,0,0,0,0,0,0,0,0,0,0,0,0,0,0,0,0,0,0,0,0,0,0,0,0,0,0,0,0,0,0,0,0,0,0,0,0,0,0,0,0,0,0,0,0,0,0,0,0,328345635,0,0,0,377396005,0,0,0,0,0,0,0,123486619,248189017,480117635,170006704640,68538088,0,1,0,0,0,0,0,0,0,0,0,0,0,0,0,0,0,0,0,0,0,0,0,0,0,0,0,0,0,0,0,252538828,0,0,0,0,0
1788889313.908,0,0,0,0,0,0,0,784858686,4066446195200,1926808121856,0,0,0,0,0,0,0,0,0,0,0,0,0,0,0,0,0,0,0,0,0,0,0,0,0,0,0,0,0,0,0,0,0,0,0,0,0,0,0,0,0,0,0,0,0,0,0,0,0,0,0,0,0,0,0,0,0,0,1077744,248374052,105361498,0,0,0,0,0,0,0,0,0,0,0,0,0,0,0,0,0,0,0,0,0,0,0,0,0,0,0,0,0,0,0,0,0,0,0,0,0,12883001344,5110169600,786316,311900,0,116,786432,247518922,0,0,3830152307,12884901888,119162750,442073798,0,0,0,0,0,0,0,0,0,0,0,0,0,0,0,0,0,0,25167375,25167571,0,97,97,6268,329,50334706,35,0,0,0,0,0,0,0,1,0,0,0,0,0,0,0,0,0,0,28301600,0,58615917,503748,0,0,0,0,0,0,0,0,16384,0,0,0,0,0,0,0,0,0,0,0,4424,617,0,0,0,0,0,76508215,0,318,0,27,617,4424,0,0,0,0,0,0,0,0,0,0,0,0,0,0,0,0,0,0,0,0,0,0,0,0,0,0,0,0,0,0,0,0,0,0,0,0,0,0,0,0,0,0,0,0,0,0,0,0,0,0,0,0,0,328384469,0,0,0,377434602,0,0,0,0,0,0,0,123516049,248227521,480182793,170026659840,68554471,1,0,0,0,0,0,0,0,0,0,0,0,0,0,0,0,0,0,0,0,0,0,0,0,0,0,0,0,0,0,0,252541555,0,0,0,0,0
1788889314.935,0,0,0,0,0,0,0,784946282,4067113794048,1927098785792,0,0,0,0,0,0,0,0,0,0,0,0,0,0,0,0,0,0,0,0,0,0,0,0,0,0,0,0,0,0,0,0,0,0,0,0,0,0,0,0,0,0,0,0,0,0,0,0,0,0,0,0,0,0,0,0,0,0,1077891,248414890,105377762,0,0,0,0,0,0,0,0,0,0,0,0,0,0,0,0,0,0,0,0,0,0,0,0,0,0,0,0,0,0,0,0,0,0,0,0,0,12883132416,5098258432,786324,311173,0,108,786432,247559662,0,0,3830585055,12884901888,119199494,442119254,0,0,0,0,0,0,0,0,0,0,0,0,0,0,0,0,0,0,25170274,25170469,0,97,97,6268,329,50340502,35,0,0,0,0,0,0,0,1,0,0,0,0,0,0,0,0,0,0,28304860,0,58619095,503774,0,0,0,0,0,0,0,0,16384,0,0,0,0,0,0,0,0,0,0,0,4425,617,0,0,0,0,0,76517039,0,318,0,27,617,4425,0,0,0,0,0,0,0,0,0,0,0,0,0,0,0,0,0,0,0,0,0,0,0,0,0,0,0,0,0,0,0,0,0,0,0,0,0,0,0,0,0,0,0,0,0,0,0,0,0,0,0,0,0,328425306,0,0,0,377475458,0,0,0,0,0,0,0,123546521,248268292,480252858,170047632384,68571554,1,0,0,0,0,0,0,0,0,0,0,0,0,0,0,0,0,0,0,0,0,0,0,0,0,0,0,0,0,0,0,252544453,0,0,0,0,0
1788889315.962,0,0,0,0,0,0,0,785028257,4067740580352,1927339877376,0,0,0,0,0,0,0,0,0,0,0,0,0,0,0,0,0,0,0,0,0,0,0,0,0,0,0,0,0,0,0,0,0,0,0,0,0,0,0,0,0,0,0,0,0,0,0,0,0,0,0,0,0,0,0,0,0,0,1078012,248453221,105391011,0,0,0,0,0,0,0,0,0,0,0,0,0,0,0,0,0,0,0,0,0,0,0,0,0,0,0,0,0,0,0,0,0,0,0,0,0,12880510976,5120327680,786164,312520,157,111,786432,247597898,0,0,3830989914,12884901888,119236702,442161783,0,0,0,0,0,0,0,0,0,0,0,0,0,0,0,0,0,0,25172974,25173169,0,97,97,6268,329,50345916,35,0,0,0,0,0,0,0,1,0,0,0,0,0,0,0,0,0,0,28307899,0,58619223,503776,0,0,0,0,0,0,0,0,16384,0,0,0,0,0,0,0,0,0,0,0,4426,617,0,0,0,0,0,76525270,0,318,0,27,617,4426,0,0,0,0,0,0,0,0,0,0,0,0,0,0,0,0,0,0,0,0,0,0,0,0,0,0,0,0,0,0,0,0,0,0,0,0,0,0,0,0,0,0,0,0,0,0,0,0,0,0,0,0,0,328463427,0,0,0,377513824,0,0,0,0,0,0,0,123577712,248306565,480317315,170067225600,68589673,1,0,0,0,0,0,0,0,0,0,0,0,0,0,0,0,0,0,0,0,0,0,0,0,0,0,0,0,0,0,0,252547154,0,0,0,0,0
1788889316.990,0,0,0,0,0,0,0,785113427,4068391500288,1927626004992,0,0,0,0,0,0,0,0,0,0,0,0,0,0,0,0,0,0,0,0,0,0,0,0,0,0,0,0,0,0,0,0,0,0,0,0,0,0,0,0,0,0,0,0,0,0,0,0,0,0,0,0,0,0,0,0,0,0,1078172,248493051,105407113,0,0,0,0,0,0,0,0,0,0,0,0,0,0,0,0,0,0,0,0,0,0,0,0,0,0,0,0,0,0,0,0,0,0,0,0,0,12883148800,5103517696,786325,311494,0,107,786432,247637613,0,0,3831410539,12884901888,119272367,442206161,0,0,0,0,0,0,0,0,0,0,0,0,0,0,0,0,0,0,25175794,25175983,0,97,97,6268,329,50351560,35,0,0,0,0,0,0,0,1,0,0,0,0,0,0,0,0,0,0,28311065,0,58622478,503802,0,0,0,0,0,0,0,0,16384,0,0,0,0,0,0,0,0,0,0,0,4427,617,0,0,0,0,0,76533831,0,318,0,27,617,4427,0,0,0,0,0,0,0,0,0,0,0,0,0,0,0,0,0,0,0,0,0,0,0,0,0,0,0,0,0,0,0,0,0,0,0,0,0,0,0,0,0,0,0,0,0,0,0,0,0,0,0,0,0,328503304,0,0,0,377553652,0,0,0,0,0,0,0,123607126,248346350,480385949,170087758848,68605990,0,0,0,0,0,0,0,0,0,0,0,0,0,0,0,0,0,0,0,0,0,0,0,0,0,0,0,0,0,0,0,252549968,0,0,0,0,0
1788889318.017,0,0,0,0,0,0,0,785202299,4069069830656,1927922473472,0,0,0,0,0,0,0,0,0,0,0,0,0,0,0,0,0,0,0,0,0,0,0,0,0,0,0,0,0,0,0,0,0,0,0,0,0,0,0,0,0,0,0,0,0,0,0,0,0,0,0,0,0,0,0,0,0,0,1078325,248534545,105423727,0,0,0,0,0,0,0,0,0,0,0,0,0,0,0,0,0,0,0,0,0,0,0,0,0,0,0,0,0,0,0,0,0,0,0,0,0,12883083264,5090082816,786321,310674,0,110,786432,247679002,0,0,3831849598,12884901888,119309516,442252490,0,0,0,0,0,0,0,0,0,0,0,0,0,0,0,0,0,0,25178743,25178935,0,97,97,6268,329,50357444,35,0,0,0,0,0,0,0,1,0,0,0,0,0,0,0,0,0,0,28314387,0,58625788,503829,0,0,0,0,0,0,0,0,16384,0,0,0,0,0,0,0,0,0,0,0,4428,617,0,0,0,0,0,76542807,0,318,0,27,617,4428,0,0,0,0,0,0,0,0,0,0,0,0,0,0,0,0,0,0,0,0,0,0,0,0,0,0,0,0,0,0,0,0,0,0,0,0,0,0,0,0,0,0,0,0,0,0,0,0,0,0,0,0,0,328544176,0,0,0,377595246,0,0,0,0,0,0,0,123637199,248387781,480456632,170108827136,68622492,1,0,0,0,0,0,0,0,0,0,0,0,0,0,0,0,0,0,0,0,0,0,0,0,0,0,0,0,0,0,0,252552921,0,0,0,0,0
1788889319.045,0,0,0,0,0,0,0,785290791,4069744867840,1928217931776,0,0,0,0,0,0,0,0,0,0,0,0,0,0,0,0,0,0,0,0,0,0,0,0,0,0,0,0,0,0,0,0,0,0,0,0,0,0,0,0,0,0,0,0,0,0,0,0,0,0,0,0,0,0,0,0,0,0,1078494,248575822,105440271,0,0,0,0,0,0,0,0,0,0,0,0,0,0,0,0,0,0,0,0,0,0,0,0,0,0,0,0,0,0,0,0,0,0,0,0,0,12883099648,5076140032,786322,309823,0,110,786432,247720173,0,0,3832286428,12884901888,119346509,442298604,0,0,0,0,0,0,0,0,0,0,0,0,0,0,0,0,0,0,25181661,25181851,0,97,97,6268,329,50363294,35,0,0,0,0,0,0,0,1,0,0,0,0,0,0,0,0,0,0,28317666,0,58629128,503856,0,0,0,0,0,0,0,0,16384,0,0,0,0,0,0,0,0,0,0,0,4429,617,0,0,0,0,0,76551656,0,318,0,27,617,4429,0,0,0,0,0,0,0,0,0,0,0,0,0,0,0,0,0,0,0,0,0,0,0,0,0,0,0,0,0,0,0,0,0,0,0,0,0,0,0,0,0,0,0,0,0,0,0,0,0,0,0,0,0,328585326,0,0,0,377636549,0,0,0,0,0,0,0,123667444,248429026,480527406,170130013184,68639264,1,0,0,0,0,0,0,0,0,0,0,0,0,0,0,0,0,0,0,0,0,0,0,0,0,0,0,0,0,0,0,252555836,0,0,0,0,0
1788889320.071,0,0,0,0,0,0,0,785372357,4070366329344,1928456670720,0,0,0,0,0,0,0,0,0,0,0,0,0,0,0,0,0,0,0,0,0,0,0,0,0,0,0,0,0,0,0,0,0,0,0,0,0,0,0,0,0,0,0,0,0,0,0,0,0,0,0,0,0,0,0,0,0,0,1078669,248613835,105453455,0,0,0,0,0,0,0,0,0,0,0,0,0,0,0,0,0,0,0,0,0,0,0,0,0,0,0,0,0,0,0,0,0,0,0,0,0,12883148800,5097897984,786325,311151,0,107,786432,247758105,0,0,3832689289,12884901888,119383452,442341232,0,0,0,0,0,0,0,0,0,0,0,0,0,0,0,0,0,0,25184358,25184552,0,97,97,6268,329,50368690,35,0,0,0,0,0,0,0,1,0,0,0,0,0,0,0,0,0,0,28320702,0,58629256,503857,0,0,0,0,0,0,0,0,16384,0,0,0,0,0,0,0,0,0,0,0,4430,617,0,0,0,0,0,76559862,0,318,0,27,617,4430,0,0,0,0,0,0,0,0,0,0,0,0,0,0,0,0,0,0,0,0,0,0,0,0,0,0,0,0,0,0,0,0,0,0,0,0,0,0,0,0,0,0,0,0,0,0,0,0,0,0,0,0,0,328623304,0,0,0,377674610,0,0,0,0,0,0,0,123698901,248466955,480591507,170149554688,68657703,1,0,0,0,0,0,0,0,0,0,0,0,0,0,0,0,0,0,0,0,0,0,0,0,0,0,0,0,0,0,0,252558535,0,0,0,0,0
1788889321.097,0,0,0,0,0,0,0,785455744,4071003453952,1928742445568,0,0,0,0,0,0,0,0,0,0,0,0,0,0,0,0,0,0,0,0,0,0,0,0,0,0,0,0,0,0,0,0,0,0,0,0,0,0,0,0,0,0,0,0,0,0,0,0,0,0,0,0,0,0,0,0,0,0,1078827,248652793,105469389,0,0,0,0,0,0,0,0,0,0,0,0,0,0,0,0,0,0,0,0,0,0,0,0,0,0,0,0,0,0,0,0,0,0,0,0,0,12882903040,5081251840,786310,310135,0,122,786432,247796963,0,0,3833099299,12884901888,119418782,442384857,0,0,0,0,0,0,0,0,0,0,0,0,0,0,0,0,0,0,25187113,25187305,0,97,97,6268,329,50374195,35,0,0,0,0,0,0,0,1,0,0,0,0,0,0,0,0,0,0,28323803,0,58632353,503883,0,0,0,0,0,0,0,0,16384,0,0,0,0,0,0,0,0,0,0,0,4431,617,0,0,0,0,0,76568249,0,318,0,27,617,4431,0,0,0,0,0,0,0,0,0,0,0,0,0,0,0,0,0,0,0,0,0,0,0,0,0,0,0,0,0,0,0,0,0,0,0,0,0,0,0,0,0,0,0,0,0,0,0,0,0,0,0,0,0,328662095,0,0,0,377713615,0,0,0,0,0,0,0,123728076,248505848,480659058,170169553920,68673821,0,0,0,0,0,0,0,0,0,0,0,0,0,0,0,0,0,0,0,0,0,0,0,0,0,0,0,0,0,0,0,252561291,0,0,0,0,0
1788889322.124,0,0,0,0,0,0,0,785535165,4071610317312,1928975715328,0,0,0,0,0,0,0,0,0,0,0,0,0,0,0,0,0,0,0,0,0,0,0,0,0,0,0,0,0,0,0,0,0,0,0,0,0,0,0,0,0,0,0,0,0,0,0,0,0,0,0,0,0,0,0,0,0,0,1078958,248689885,105482381,0,0,0,0,0,0,0,0,0,0,0,0,0,0,0,0,0,0,0,0,0,0,0,0,0,0,0,0,0,0,0,0,0,0,0,0,0,12883099648,5099274240,786322,311235,0,110,786432,247833963,0,0,3833491317,12884901888,119454757,442426213,0,0,0,0,0,0,0,0,0,0,0,0,0,0,0,0,0,0,25189737,25189930,0,97,97,6268,329,50379442,35,0,0,0,0,0,0,0,1,0,0,0,0,0,0,0,0,0,0,28326755,0,58632609,503884,0,0,0,0,0,0,0,0,16384,0,0,0,0,0,0,0,0,0,0,0,4432,617,0,0,0,0,0,76576221,0,318,0,27,617,4432,0,0,0,0,0,0,0,0,0,0,0,0,0,0,0,0,0,0,0,0,0,0,0,0,0,0,0,0,0,0,0,0,0,0,0,0,0,0,0,0,0,0,0,0,0,0,0,0,0,0,0,0,0,328698638,0,0,0,377750807,0,0,0,0,0,0,0,123758259,248542916,480721168,170188391936,68691259,1,1,0,0,0,0,0,0,0,0,0,0,0,0,0,0,0,0,0,0,0,0,0,0,0,0,0,0,0,0,0,252563914,0,0,0,0,0
1788889323.152,0,0,0,0,0,0,0,785622960,4072278817280,1929268361728,0,0,0,0,0,0,0,0,0,0,0,0,0,0,0,0,0,0,0,0,0,0,0,0,0,0,0,0,0,0,0,0,0,0,0,0,0,0,0,0,0,0,0,0,0,0,0,0,0,0,0,0,0,0,0,0,0,0,1079103,248730772,105498776,0,0,0,0,0,0,0,0,0,0,0,0,0,0,0,0,0,0,0,0,0,0,0,0,0,0,0,0,0,0,0,0,0,0,0,0,0,12883148800,5086101504,786325,310431,0,106,786432,247874740,0,0,3833924362,12884901888,119491780,442471701,0,0,0,0,0,0,0,0,0,0,0,0,0,0,0,0,0,0,25192631,25192826,0,97,97,6268,329,50385218,35,0,0,0,0,0,0,0,1,0,0,0,0,0,0,0,0,0,0,28330013,0,58635831,503910,0,0,0,0,0,0,0,0,16384,0,0,0,0,0,0,0,0,0,0,0,4434,617,0,0,0,0,0,76585047,0,318,0,27,617,4434,0,0,0,0,0,0,0,0,0,0,0,0,0,0,0,0,0,0,0,0,0,0,0,0,0,0,0,0,0,0,0,0,0,0,0,0,0,0,0,0,0,0,0,0,0,0,0,0,0,0,0,0,0,328738837,0,0,0,377791741,0,0,0,0,0,0,0,123787490,248583754,480790857,170209092608,68707086,1,0,0,0,0,0,0,0,0,0,0,0,0,0,0,0,0,0,0,0,0,0,0,0,0,0,0,0,0,0,0,252566812,0,0,0,0,0
1788889324.179,0,0,0,0,0,0,0,785699326,4072858335744,1929498274816,0,0,0,0,0,0,0,0,0,0,0,0,0,0,0,0,0,0,0,0,0,0,0,0,0,0,0,0,0,0,0,0,0,0,0,0,0,0,0,0,0,0,0,0,0,0,0,0,0,0,0,0,0,0,0,0,0,0,1079240,248766177,105511432,0,0,0,0,0,0,0,0,0,0,0,0,0,0,0,0,0,0,0,0,0,0,0,0,0,0,0,0,0,0,0,0,0,0,0,0,0,12881559552,5101125632,786228,311348,117,87,786432,247910072,0,0,3834300776,12884901888,119525330,442511465,0,0,0,0,0,0,0,0,0,0,0,0,0,0,0,0,0,0,25195152,25195345,0,97,97,6268,329,50390269,35,0,0,0,0,0,0,0,1,0,0,0,0,0,0,0,0,0,0,28332847,0,58636578,503916,0,0,0,0,0,0,0,0,16384,0,0,0,0,0,0,0,0,0,0,0,4435,617,0,0,0,0,0,76592677,0,318,0,27,617,4435,0,0,0,0,0,0,0,0,0,0,0,0,0,0,0,0,0,0,0,0,0,0,0,0,0,0,0,0,0,0,0,0,0,0,0,0,0,0,0,0,0,0,0,0,0,0,0,0,0,0,0,0,0,328773928,0,0,0,377827492,0,0,0,0,0,0,0,123816493,248619155,480850556,170227139072,68724184,1,0,0,0,0,0,0,0,0,0,0,0,0,0,0,0,0,0,0,0,0,0,0,0,0,0,0,0,0,0,0,252569329,0,0,0,0,0
1788889325.208,0,0,0,0,0,0,0,785795275,4073588554240,1929808679424,0,0,0,0,0,0,0,0,0,0,0,0,0,0,0,0,0,0,0,0,0,0,0,0,0,0,0,0,0,0,0,0,0,0,0,0,0,0,0,0,0,0,0,0,0,0,0,0,0,0,0,0,0,0,0,0,0,0,1079446,248810886,105528898,0,0,0,0,0,0,0,0,0,0,0,0,0,0,0,0,0,0,0,0,0,0,0,0,0,0,0,0,0,0,0,0,0,0,0,0,0,12882968576,5096456192,786313,311063,0,118,786432,247954681,0,0,3834774661,12884901888,119566349,442561736,0,0,0,0,0,0,0,0,0,0,0,0,0,0,0,0,0,0,25198322,25198515,0,97,97,6268,329,50396614,35,0,0,0,0,0,0,0,1,0,0,0,0,0,0,0,0,0,0,28336413,0,58639272,503938,0,0,0,0,0,0,0,0,16384,0,0,0,0,0,0,0,0,0,0,0,4436,617,0,0,0,0,0,76602335,0,318,0,27,617,4436,0,0,0,0,0,0,0,0,0,0,0,0,0,0,0,0,0,0,0,0,0,0,0,0,0,0,0,0,0,0,0,0,0,0,0,0,0,0,0,0,0,0,0,0,0,0,0,0,0,0,0,0,0,328817347,0,0,0,377872287,0,0,0,0,0,0,0,123848651,248663759,480925953,170249491968,68741330,1,1,0,0,0,0,0,0,0,0,0,0,0,0,0,0,0,0,0,0,0,0,0,0,0,0,0,0,0,0,0,252572500,0,0,0,0,0
1788889326.234,0,0,0,0,0,0,0,785883028,4074260249088,1930103005696,0,0,0,0,0,0,0,0,0,0,0,0,0,0,0,0,0,0,0,0,0,0,0,0,0,0,0,0,0,0,0,0,0,0,0,0,0,0,0,0,0,0,0,0,0,0,0,0,0,0,0,0,0,0,0,0,0,0,1079619,248851967,105545403,0,0,0,0,0,0,0,0,0,0,0,0,0,0,0,0,0,0,0,0,0,0,0,0,0,0,0,0,0,0,0,0,0,0,0,0,0,12883181568,5084004352,786327,310303,0,105,786432,247995649,0,0,3835208197,12884901888,119603138,442607615,0,0,0,0,0,0,0,0,0,0,0,0,0,0,0,0,0,0,25201220,25201412,0,97,97,6268,329,50402419,35,0,0,0,0,0,0,0,1,0,0,0,0,0,0,0,0,0,0,28339673,0,58642431,503966,0,0,0,0,0,0,0,0,16384,0,0,0,0,0,0,0,0,0,0,0,4437,617,0,0,0,0,0,76611133,0,318,0,27,617,4437,0,0,0,0,0,0,0,0,0,0,0,0,0,0,0,0,0,0,0,0,0,0,0,0,0,0,0,0,0,0,0,0,0,0,0,0,0,0,0,0,0,0,0,0,0,0,0,0,0,0,0,0,0,328857551,0,0,0,377913323,0,0,0,0,0,0,0,123878906,248704795,480995906,170270197760,68757944,1,0,0,0,0,0,0,0,0,0,0,0,0,0,0,0,0,0,0,0,0,0,0,0,0,0,0,0,0,0,0,252575398,0,0,0,0,0
1788889327.262,0,0,0,0,0,0,0,785971906,4074934073856,1930399760896,0,0,0,0,0,0,0,0,0,0,0,0,0,0,0,0,0,0,0,0,0,0,0,0,0,0,0,0,0,0,0,0,0,0,0,0,0,0,0,0,0,0,0,0,0,0,0,0,0,0,0,0,0,0,0,0,0,0,1079753,248893158,105562034,0,0,0,0,0,0,0,0,0,0,0,0,0,0,0,0,0,0,0,0,0,0,0,0,0,0,0,0,0,0,0,0,0,0,0,0,0,12883165184,5069914112,786326,309443,0,106,786432,248036721,0,0,3835646775,12884901888,119638177,442653652,0,0,0,0,0,0,0,0,0,0,0,0,0,0,0,0,0,0,25204163,25204360,0,97,97,6268,329,50408291,35,0,0,0,0,0,0,0,1,0,0,0,0,0,0,0,0,0,0,28342987,0,58646290,503998,0,0,0,0,0,0,0,0,16384,0,0,0,0,0,0,0,0,0,0,0,4438,617,0,0,0,0,0,76620083,0,318,0,27,617,4438,0,0,0,0,0,0,0,0,0,0,0,0,0,0,0,0,0,0,0,0,0,0,0,0,0,0,0,0,0,0,0,0,0,0,0,0,0,0,0,0,0,0,0,0,0,0,0,0,0,0,0,0,0,328898237,0,0,0,377954748,0,0,0,0,0,0,0,123908264,248745936,481065937,170291131392,68774172,0,0,0,0,0,0,0,0,0,0,0,0,0,0,0,0,0,0,0,0,0,0,0,0,0,0,0,0,0,0,0,252578346,0,0,0,0,0
1788889328.289,0,0,0,0,0,0,0,786054658,4075563907584,1930642456064,0,0,0,0,0,0,0,0,0,0,0,0,0,0,0,0,0,0,0,0,0,0,0,0,0,0,0,0,0,0,0,0,0,0,0,0,0,0,0,0,0,0,0,0,0,0,0,0,0,0,0,0,0,0,0,0,0,0,1079913,248931669,105575420,0,0,0,0,0,0,0,0,0,0,0,0,0,0,0,0,0,0,0,0,0,0,0,0,0,0,0,0,0,0,0,0,0,0,0,0,0,12883116032,5089099776,786323,310614,0,109,786432,248075137,0,0,3836055764,12884901888,119675354,442696700,0,0,0,0,0,0,0,0,0,0,0,0,0,0,0,0,0,0,25206916,25207107,0,97,97,6268,329,50413795,35,0,0,0,0,0,0,0,1,0,0,0,0,0,0,0,0,0,0,28346077,0,58646418,504000,0,0,0,0,0,0,0,0,16384,0,0,0,0,0,0,0,0,0,0,0,4439,617,0,0,0,0,0,76628427,0,318,0,27,617,4439,0,0,0,0,0,0,0,0,0,0,0,0,0,0,0,0,0,0,0,0,0,0,0,0,0,0,0,0,0,0,0,0,0,0,0,0,0,0,0,0,0,0,0,0,0,0,0,0,0,0,0,0,0,328936514,0,0,0,377993428,0,0,0,0,0,0,0,123936176,248784404,481130724,170310827520,68788944,0,0,0,0,0,0,0,0,0,0,0,0,0,0,0,0,0,0,0,0,0,0,0,0,0,0,0,0,0,0,0,252581093,0,0,0,0,0
1788889329.318,0,0,0,0,0,0,0,786143570,4076239600128,1930938064896,0,0,0,0,0,0,0,0,0,0,0,0,0,0,0,0,0,0,0,0,0,0,0,0,0,0,0,0,0,0,0,0,0,0,0,0,0,0,0,0,0,0,0,0,0,0,0,0,0,0,0,0,0,0,0,0,0,0,1080060,248972994,105592014,0,0,0,0,0,0,0,0,0,0,0,0,0,0,0,0,0,0,0,0,0,0,0,0,0,0,0,0,0,0,0,0,0,0,0,0,0,12883116032,5077008384,786323,309876,0,109,786432,248116349,0,0,3836494159,12884901888,119712763,442742950,0,0,0,0,0,0,0,0,0,0,0,0,0,0,0,0,0,0,25209867,25210059,0,97,97,6268,329,50419699,35,0,0,0,0,0,0,0,1,0,0,0,0,0,0,0,0,0,0,28349396,0,58649619,504027,0,0,0,0,0,0,0,0,16384,0,0,0,0,0,0,0,0,0,0,0,4440,617,0,0,0,0,0,76637402,0,318,0,27,617,4440,0,0,0,0,0,0,0,0,0,0,0,0,0,0,0,0,0,0,0,0,0,0,0,0,0,0,0,0,0,0,0,0,0,0,0,0,0,0,0,0,0,0,0,0,0,0,0,0,0,0,0,0,0,328977244,0,0,0,378035067,0,0,0,0,0,0,0,123966859,248825673,481201380,170331779072,68805829,0,0,0,0,0,0,0,0,0,0,0,0,0,0,0,0,0,0,0,0,0,0,0,0,0,0,0,0,0,0,0,252584043,0,0,0,0,0
1788889330.345,0,0,0,0,0,0,0,786219887,4076822526464,1931161884160,0,0,0,0,0,0,0,0,0,0,0,0,0,0,0,0,0,0,0,0,0,0,0,0,0,0,0,0,0,0,0,0,0,0,0,0,0,0,0,0,0,0,0,0,0,0,0,0,0,0,0,0,0,0,0,0,0,0,1080201,249008618,105604408,0,0,0,0,0,0,0,0,0,0,0,0,0,0,0,0,0,0,0,0,0,0,0,0,0,0,0,0,0,0,0,0,0,0,0,0,0,12882919424,5096505344,786312,311066,0,120,786432,248151906,0,0,3836869730,12884901888,119747277,442782555,0,0,0,0,0,0,0,0,0,0,0,0,0,0,0,0,0,0,25212371,25212562,0,97,97,6268,329,50424713,35,0,0,0,0,0,0,0,1,0,0,0,0,0,0,0,0,0,0,28352213,0,58649875,504029,0,0,0,0,0,0,0,0,16384,0,0,0,0,0,0,0,0,0,0,0,4441,617,0,0,0,0,0,76645010,0,318,0,27,617,4441,0,0,0,0,0,0,0,0,0,0,0,0,0,0,0,0,0,0,0,0,0,0,0,0,0,0,0,0,0,0,0,0,0,0,0,0,0,0,0,0,0,0,0,0,0,0,0,0,0,0,0,0,0,329011899,0,0,0,378070600,0,0,0,0,0,0,0,123996047,248861292,481260495,170349627904,68822912,1,0,0,0,0,0,0,0,0,0,0,0,0,0,0,0,0,0,0,0,0,0,0,0,0,0,0,0,0,0,0,252586546,0,0,0,0,0
1788889331.372,0,0,0,0,0,0,0,786315096,4077545863680,1931478152192,0,0,0,0,0,0,0,0,0,0,0,0,0,0,0,0,0,0,0,0,0,0,0,0,0,0,0,0,0,0,0,0,0,0,0,0,0,0,0,0,0,0,0,0,0,0,0,0,0,0,0,0,0,0,0,0,0,0,1080371,249052862,105622115,0,0,0,0,0,0,0,0,0,0,0,0,0,0,0,0,0,0,0,0,0,0,0,0,0,0,0,0,0,0,0,0,0,0,0,0,0,12883099648,5083381760,786322,310265,0,109,786432,248196029,0,0,3837339638,12884901888,119787403,442832104,0,0,0,0,0,0,0,0,0,0,0,0,0,0,0,0,0,0,25215521,25215713,0,97,97,6268,329,50431000,35,0,0,0,0,0,0,0,1,0,0,0,0,0,0,0,0,0,0,28355759,0,58653083,504057,0,0,0,0,0,0,0,0,16384,0,0,0,0,0,0,0,0,0,0,0,4442,617,0,0,0,0,0,76654582,0,318,0,27,617,4442,0,0,0,0,0,0,0,0,0,0,0,0,0,0,0,0,0,0,0,0,0,0,0,0,0,0,0,0,0,0,0,0,0,0,0,0,0,0,0,0,0,0,0,0,0,0,0,0,0,0,0,0,0,329055315,0,0,0,378115050,0,0,0,0,0,0,0,124026476,248905450,481336025,170371978752,68838593,1,1,0,0,0,0,0,0,0,0,0,0,0,0,0,0,0,0,0,0,0,0,0,0,0,0,0,0,0,0,0,252589699,0,0,0,0,0
1788889332.400,0,0,0,0,0,0,0,786403413,4078217001472,1931775562240,0,0,0,0,0,0,0,0,0,0,0,0,0,0,0,0,0,0,0,0,0,0,0,0,0,0,0,0,0,0,0,0,0,0,0,0,0,0,0,0,0,0,0,0,0,0,0,0,0,0,0,0,0,0,0,0,0,0,1080561,249093919,105638788,0,0,0,0,0,0,0,0,0,0,0,0,0,0,0,0,0,0,0,0,0,0,0,0,0,0,0,0,0,0,0,0,0,0,0,0,0,12883001344,5067112448,786316,309272,0,116,786432,248236976,0,0,3837775664,12884901888,119824481,442878404,0,0,0,0,0,0,0,0,0,0,0,0,0,0,0,0,0,0,25218453,25218649,0,97,97,6268,329,50436873,35,0,0,0,0,0,0,0,1,0,0,0,0,0,0,0,0,0,0,28359060,0,58656332,504085,0,0,0,0,0,0,0,0,16384,0,0,0,0,0,0,0,0,0,0,0,4443,617,0,0,0,0,0,76663508,0,318,0,27,617,4443,0,0,0,0,0,0,0,0,0,0,0,0,0,0,0,0,0,0,0,0,0,0,0,0,0,0,0,0,0,0,0,0,0,0,0,0,0,0,0,0,0,0,0,0,0,0,0,0,0,0,0,0,0,329096104,0,0,0,378156399,0,0,0,0,0,0,0,124055440,248946460,481406830,170392976896,68853831,1,1,0,0,0,0,0,0,0,0,0,0,0,0,0,0,0,0,0,0,0,0,0,0,0,0,0,0,0,0,0,252592635,0,0,0,0,0
1788889333.428,0,0,0,0,0,0,0,786485794,4078841887232,1932015344128,0,0,0,0,0,0,0,0,0,0,0,0,0,0,0,0,0,0,0,0,0,0,0,0,0,0,0,0,0,0,0,0,0,0,0,0,0,0,0,0,0,0,0,0,0,0,0,0,0,0,0,0,0,0,0,0,0,0,1080713,249132121,105652056,0,0,0,0,0,0,0,0,0,0,0,0,0,0,0,0,0,0,0,0,0,0,0,0,0,0,0,0,0,0,0,0,0,0,0,0,0,12883017728,5086593024,786317,310461,0,114,786432,248275102,0,0,3838182965,12884901888,119861631,442921275,0,0,0,0,0,0,0,0,0,0,0,0,0,0,0,0,0,0,25221190,25221379,0,97,97,6268,329,50442333,35,0,0,0,0,0,0,0,1,0,0,0,0,0,0,0,0,0,0,28362131,0,58656460,504086,0,0,0,0,0,0,0,0,16384,0,0,0,0,0,0,0,0,0,0,0,4444,617,0,0,0,0,0,76671811,0,318,0,27,617,4444,0,0,0,0,0,0,0,0,0,0,0,0,0,0,0,0,0,0,0,0,0,0,0,0,0,0,0,0,0,0,0,0,0,0,0,0,0,0,0,0,0,0,0,0,0,0,0,0,0,0,0,0,0,329133565,0,0,0,378194884,0,0,0,0,0,0,0,124086094,248984614,481470603,170412273664,68871380,0,0,0,0,0,0,0,0,0,0,0,0,0,0,0,0,0,0,0,0,0,0,0,0,0,0,0,0,0,0,0,252595365,0,0,0,0,0
1788889334.455,0,0,0,0,0,0,0,786567719,4079463135744,1932292911104,0,0,0,0,0,0,0,0,0,0,0,0,0,0,0,0,0,0,0,0,0,0,0,0,0,0,0,0,0,0,0,0,0,0,0,0,0,0,0,0,0,0,0,0,0,0,0,0,0,0,0,0,0,0,0,0,0,0,1080855,249170115,105667629,0,0,0,0,0,0,0,0,0,0,0,0,0,0,0,0,0,0,0,0,0,0,0,0,0,0,0,0,0,0,0,0,0,0,0,0,0,12883034112,5067751424,786318,309311,1,114,786432,248313018,0,0,3838585948,12884901888,119895655,442963858,0,0,0,0,0,0,0,0,0,0,0,0,0,0,0,0,0,0,25223903,25224095,0,97,97,6268,329,50447767,35,0,0,0,0,0,0,0,1,0,0,0,0,0,0,0,0,0,0,28365185,0,58659713,504114,0,0,0,0,0,0,0,0,16384,0,0,0,0,0,0,0,0,0,0,0,4445,617,0,0,0,0,0,76680059,0,318,0,27,617,4445,0,0,0,0,0,0,0,0,0,0,0,0,0,0,0,0,0,0,0,0,0,0,0,0,0,0,0,0,0,0,0,0,0,0,0,0,0,0,0,0,0,0,0,0,0,0,0,0,0,0,0,0,0,329171242,0,0,0,378233163,0,0,0,0,0,0,0,124115212,249022587,481536132,170431666176,68887843,0,0,0,0,0,0,0,0,0,0,0,0,0,0,0,0,0,0,0,0,0,0,0,0,0,0,0,0,0,0,0,252598081,0,0,0,0,0
1788889335.482,0,0,0,0,0,0,0,786645292,4080054237696,1932521509888,0,0,0,0,0,0,0,0,0,0,0,0,0,0,0,0,0,0,0,0,0,0,0,0,0,0,0,0,0,0,0,0,0,0,0,0,0,0,0,0,0,0,0,0,0,0,0,0,0,0,0,0,0,0,0,0,0,0,1081011,249206267,105680271,0,0,0,0,0,0,0,0,0,0,0,0,0,0,0,0,0,0,0,0,0,0,0,0,0,0,0,0,0,0,0,0,0,0,0,0,0,12883099648,5087182848,786322,310497,0,110,786432,248349084,0,0,3838968999,12884901888,119930841,443004298,0,0,0,0,0,0,0,0,0,0,0,0,0,0,0,0,0,0,25226458,25226654,0,97,97,6268,329,50452876,35,0,0,0,0,0,0,0,1,0,0,0,0,0,0,0,0,0,0,28368062,0,58659841,504115,0,0,0,0,0,0,0,0,16384,0,0,0,0,0,0,0,0,0,0,0,4446,617,0,0,0,0,0,76687827,0,318,0,27,617,4446,0,0,0,0,0,0,0,0,0,0,0,0,0,0,0,0,0,0,0,0,0,0,0,0,0,0,0,0,0,0,0,0,0,0,0,0,0,0,0,0,0,0,0,0,0,0,0,0,0,0,0,0,0,329206981,0,0,0,378269390,0,0,0,0,0,0,0,124145329,249058676,481596935,170450030080,68905471,0,0,0,0,0,0,0,0,0,0,0,0,0,0,0,0,0,0,0,0,0,0,0,0,0,0,0,0,0,0,0,252600640,0,0,0,0,0
1788889336.509,0,0,0,0,0,0,0,786734400,4080731863552,1932818872320,0,0,0,0,0,0,0,0,0,0,0,0,0,0,0,0,0,0,0,0,0,0,0,0,0,0,0,0,0,0,0,0,0,0,0,0,0,0,0,0,0,0,0,0,0,0,0,0,0,0,0,0,0,0,0,0,0,0,1081174,249247689,105696942,0,0,0,0,0,0,0,0,0,0,0,0,0,0,0,0,0,0,0,0,0,0,0,0,0,0,0,0,0,0,0,0,0,0,0,0,0,12883083264,5074026496,786321,309694,0,111,786432,248390398,0,0,3839408853,12884901888,119968381,443050717,0,0,0,0,0,0,0,0,0,0,0,0,0,0,0,0,0,0,25229413,25229605,0,97,97,6268,329,50458777,35,0,0,0,0,0,0,0,1,0,0,0,0,0,0,0,0,0,0,28371380,0,58663095,504143,0,0,0,0,0,0,0,0,16384,0,0,0,0,0,0,0,0,0,0,0,4447,617,0,0,0,0,0,76696794,0,318,0,27,617,4447,0,0,0,0,0,0,0,0,0,0,0,0,0,0,0,0,0,0,0,0,0,0,0,0,0,0,0,0,0,0,0,0,0,0,0,0,0,0,0,0,0,0,0,0,0,0,0,0,0,0,0,0,0,329247647,0,0,0,378311072,0,0,0,0,0,0,0,124175027,249100066,481667586,170470996992,68921534,1,0,0,0,0,0,0,0,0,0,0,0,0,0,0,0,0,0,0,0,0,0,0,0,0,0,0,0,0,0,0,252603588,0,0,0,0,0
1788889337.536,0,0,0,0,0,0,0,786814151,4081337580032,1933052454400,0,0,0,0,0,0,0,0,0,0,0,0,0,0,0,0,0,0,0,0,0,0,0,0,0,0,0,0,0,0,0,0,0,0,0,0,0,0,0,0,0,0,0,0,0,0,0,0,0,0,0,0,0,0,0,0,0,0,1081312,249284738,105709862,0,0,0,0,0,0,0,0,0,0,0,0,0,0,0,0,0,0,0,0,0,0,0,0,0,0,0,0,0,0,0,0,0,0,0,0,0,12883116032,5092540416,786323,310824,0,109,786432,248427378,0,0,3839802711,12884901888,120004380,443092037,0,0,0,0,0,0,0,0,0,0,0,0,0,0,0,0,0,0,25232047,25232239,0,97,97,6268,329,50464054,35,0,0,0,0,0,0,0,1,0,0,0,0,0,0,0,0,0,0,28374340,0,58663223,504144,0,0,0,0,0,0,0,0,16384,0,0,0,0,0,0,0,0,0,0,0,4448,617,0,0,0,0,0,76704793,0,318,0,27,617,4448,0,0,0,0,0,0,0,0,0,0,0,0,0,0,0,0,0,0,0,0,0,0,0,0,0,0,0,0,0,0,0,0,0,0,0,0,0,0,0,0,0,0,0,0,0,0,0,0,0,0,0,0,0,329284031,0,0,0,378348229,0,0,0,0,0,0,0,124205356,249137081,481729598,170489708544,68939094,1,0,0,0,0,0,0,0,0,0,0,0,0,0,0,0,0,0,0,0,0,0,0,0,0,0,0,0,0,0,0,252606219,0,0,0,0,0
1788889338.563,0,0,0,0,0,0,0,786899984,4081991498240,1933337617920,0,0,0,0,0,0,0,0,0,0,0,0,0,0,0,0,0,0,0,0,0,0,0,0,0,0,0,0,0,0,0,0,0,0,0,0,0,0,0,0,0,0,0,0,0,0,0,0,0,0,0,0,0,0,0,0,0,0,1081473,249324702,105725783,0,0,0,0,0,0,0,0,0,0,0,0,0,0,0,0,0,0,0,0,0,0,0,0,0,0,0,0,0,0,0,0,0,0,0,0,0,12882837504,5081759744,786306,310166,3,123,786432,248467239,0,0,3840226224,12884901888,120040796,443136868,0,0,0,0,0,0,0,0,0,0,0,0,0,0,0,0,0,0,25234883,25235079,0,97,97,6268,329,50469713,35,0,0,0,0,0,0,0,1,0,0,0,0,0,0,0,0,0,0,28377540,0,58666153,504171,0,0,0,0,0,0,0,0,16384,0,0,0,0,0,0,0,0,0,0,0,4449,617,0,0,0,0,0,76713447,0,318,0,27,617,4449,0,0,0,0,0,0,0,0,0,0,0,0,0,0,0,0,0,0,0,0,0,0,0,0,0,0,0,0,0,0,0,0,0,0,0,0,0,0,0,0,0,0,0,0,0,0,0,0,0,0,0,0,0,329323477,0,0,0,378388339,0,0,0,0,0,0,0,124234740,249177014,481797718,170510014464,68955426,1,0,0,0,0,0,0,0,0,0,0,0,0,0,0,0,0,0,0,0,0,0,0,0,0,0,0,0,0,0,0,252609065,0,0,0,0,0
1788889339.589,0,0,0,0,0,0,0,786981105,4082607405568,1933573525504,0,0,0,0,0,0,0,0,0,0,0,0,0,0,0,0,0,0,0,0,0,0,0,0,0,0,0,0,0,0,0,0,0,0,0,0,0,0,0,0,0,0,0,0,0,0,0,0,0,0,0,0,0,0,0,0,0,0,1081605,249362395,105738890,0,0,0,0,0,0,0,0,0,0,0,0,0,0,0,0,0,0,0,0,0,0,0,0,0,0,0,0,0,0,0,0,0,0,0,0,0,12882984960,5101387776,786315,311364,0,117,786432,248504847,0,0,3840626466,12884901888,120076844,443178935,0,0,0,0,0,0,0,0,0,0,0,0,0,0,0,0,0,0,25237557,25237750,0,97,97,6268,329,50475071,35,0,0,0,0,0,0,0,1,0,0,0,0,0,0,0,0,0,0,28380544,0,58666721,504174,0,0,0,0,0,0,0,0,16384,0,0,0,0,0,0,0,0,0,0,0,4450,617,0,0,0,0,0,76721568,0,318,0,27,617,4450,0,0,0,0,0,0,0,0,0,0,0,0,0,0,0,0,0,0,0,0,0,0,0,0,0,0,0,0,0,0,0,0,0,0,0,0,0,0,0,0,0,0,0,0,0,0,0,0,0,0,0,0,0,329360529,0,0,0,378426222,0,0,0,0,0,0,0,124265503,249214629,481860476,170529062400,68973439,1,0,0,0,0,0,0,0,0,0,0,0,0,0,0,0,0,0,0,0,0,0,0,0,0,0,0,0,0,0,0,252611735,0,0,0,0,0
1788889340.618,0,0,0,0,0,0,0,787064262,4083242023424,1933855894016,0,0,0,0,0,0,0,0,0,0,0,0,0,0,0,0,0,0,0,0,0,0,0,0,0,0,0,0,0,0,0,0,0,0,0,0,0,0,0,0,0,0,0,0,0,0,0,0,0,0,0,0,0,0,0,0,0,0,1081778,249401203,105754738,0,0,0,0,0,0,0,0,0,0,0,0,0,0,0,0,0,0,0,0,0,0,0,0,0,0,0,0,0,0,0,0,0,0,0,0,0,12883099648,5085364224,786322,310386,0,110,786432,248543566,0,0,3841037226,12884901888,120111507,443222407,0,0,0,0,0,0,0,0,0,0,0,0,0,0,0,0,0,0,25240301,25240492,0,97,97,6268,329,50480569,35,0,0,0,0,0,0,0,1,0,0,0,0,0,0,0,0,0,0,28383631,0,58670046,504203,0,0,0,0,0,0,0,0,16384,0,0,0,0,0,0,0,0,0,0,0,4451,617,0,0,0,0,0,76729915,0,318,0,27,617,4451,0,0,0,0,0,0,0,0,0,0,0,0,0,0,0,0,0,0,0,0,0,0,0,0,0,0,0,0,0,0,0,0,0,0,0,0,0,0,0,0,0,0,0,0,0,0,0,0,0,0,0,0,0,329398532,0,0,0,378465088,0,0,0,0,0,0,0,124295973,249253392,481926800,170548614144,68991002,0,0,0,0,0,0,0,0,0,0,0,0,0,0,0,0,0,0,0,0,0,0,0,0,0,0,0,0,0,0,0,252614478,0,0,0,0,0
1788889341.646,0,0,0,0,0,0,0,787151855,4083904248320,1934111520256,0,0,0,0,0,0,0,0,0,0,0,0,0,0,0,0,0,0,0,0,0,0,0,0,0,0,0,0,0,0,0,0,0,0,0,0,0,0,0,0,0,0,0,0,0,0,0,0,0,0,0,0,0,0,0,0,0,0,1081986,249441699,105768624,0,0,0,0,0,0,0,0,0,0,0,0,0,0,0,0,0,0,0,0,0,0,0,0,0,0,0,0,0,0,0,0,0,0,0,0,0,12878462976,5113036800,786039,312076,280,113,786432,248583974,0,0,3841468536,12884901888,120150610,443268605,0,0,0,0,0,0,0,0,0,0,0,0,0,0,0,0,0,0,25243216,25243406,0,97,97,6268,329,50486418,35,0,0,0,0,0,0,0,1,0,0,0,0,0,0,0,0,0,0,28386909,0,58670174,504207,0,0,0,0,0,0,0,0,16384,0,0,0,0,0,0,0,0,0,0,0,4452,617,0,0,0,0,0,76738769,0,318,0,27,617,4452,0,0,0,0,0,0,0,0,0,0,0,0,0,0,0,0,0,0,0,0,0,0,0,0,0,0,0,0,0,0,0,0,0,0,0,0,0,0,0,0,0,0,0,0,0,0,0,0,0,0,0,0,0,329438158,0,0,0,378506225,0,0,0,0,0,0,0,124327621,249293843,481994167,170569039872,69009035,0,0,0,0,0,0,0,0,0,0,0,0,0,0,0,0,0,0,0,0,0,0,0,0,0,0,0,0,0,0,0,252617390,0,0,0,0,0
1788889342.674,0,0,0,0,0,0,0,787243469,4084597684736,1934413254656,0,0,0,0,0,0,0,0,0,0,0,0,0,0,0,0,0,0,0,0,0,0,0,0,0,0,0,0,0,0,0,0,0,0,0,0,0,0,0,0,0,0,0,0,0,0,0,0,0,0,0,0,0,0,0,0,0,0,1082104,249484107,105785800,0,0,0,0,0,0,0,0,0,0,0,0,0,0,0,0,0,0,0,0,0,0,0,0,0,0,0,0,0,0,0,0,0,0,0,0,0,12883034112,5096177664,786318,311046,0,114,786432,248626263,0,0,3841919995,12884901888,120187452,443315754,0,0,0,0,0,0,0,0,0,0,0,0,0,0,0,0,0,0,25246238,25246435,0,97,97,6268,329,50492434,35,0,0,0,0,0,0,0,1,0,0,0,0,0,0,0,0,0,0,28390315,0,58674099,504238,0,0,0,0,0,0,0,0,16384,0,0,0,0,0,0,0,0,0,0,0,4453,617,0,0,0,0,0,76747995,0,318,0,27,617,4453,0,0,0,0,0,0,0,0,0,0,0,0,0,0,0,0,0,0,0,0,0,0,0,0,0,0,0,0,0,0,0,0,0,0,0,0,0,0,0,0,0,0,0,0,0,0,0,0,0,0,0,0,0,329479654,0,0,0,378548803,0,0,0,0,0,0,0,124358035,249336205,482065855,170590366720,69025760,0,0,0,0,0,0,0,0,0,0,0,0,0,0,0,0,0,0,0,0,0,0,0,0,0,0,0,0,0,0,0,252620420,0,0,0,0,0
1788889343.701,0,0,0,0,0,0,0,787325104,4085221210624,1934653774848,0,0,0,0,0,0,0,0,0,0,0,0,0,0,0,0,0,0,0,0,0,0,0,0,0,0,0,0,0,0,0,0,0,0,0,0,0,0,0,0,0,0,0,0,0,0,0,0,0,0,0,0,0,0,0,0,0,0,1082299,249522216,105799126,0,0,0,0,0,0,0,0,0,0,0,0,0,0,0,0,0,0,0,0,0,0,0,0,0,0,0,0,0,0,0,0,0,0,0,0,0,12883116032,5114871808,786323,312187,0,109,786432,248664289,0,0,3842323212,12884901888,120224329,443358597,0,0,0,0,0,0,0,0,0,0,0,0,0,0,0,0,0,0,25248941,25249139,0,97,97,6268,329,50497839,35,0,0,0,0,0,0,0,1,0,0,0,0,0,0,0,0,0,0,28393357,0,58674355,504240,0,0,0,0,0,0,0,0,16384,0,0,0,0,0,0,0,0,0,0,0,4454,617,0,0,0,0,0,76756211,0,318,0,27,617,4454,0,0,0,0,0,0,0,0,0,0,0,0,0,0,0,0,0,0,0,0,0,0,0,0,0,0,0,0,0,0,0,0,0,0,0,0,0,0,0,0,0,0,0,0,0,0,0,0,0,0,0,0,0,329516850,0,0,0,378586899,0,0,0,0,0,0,0,124388982,249374278,482129350,170609494016,69043669,1,0,0,0,0,0,0,0,0,0,0,0,0,0,0,0,0,0,0,0,0,0,0,0,0,0,0,0,0,0,0,252623125,0,0,0,0,0
1788889344.728,0,0,0,0,0,0,0,787418237,4085933832704,1934966147584,0,0,0,0,0,0,0,0,0,0,0,0,0,0,0,0,0,0,0,0,0,0,0,0,0,0,0,0,0,0,0,0,0,0,0,0,0,0,0,0,0,0,0,0,0,0,0,0,0,0,0,0,0,0,0,0,0,0,1082427,249565796,105816663,0,0,0,0,0,0,0,0,0,0,0,0,0,0,0,0,0,0,0,0,0,0,0,0,0,0,0,0,0,0,0,0,0,0,0,0,0,12883230720,5098176512,786330,311168,0,102,786432,248707750,0,0,3842783415,12884901888,120263749,443406780,0,0,0,0,0,0,0,0,0,0,0,0,0,0,0,0,0,0,25252005,25252199,0,97,97,6268,329,50503989,35,0,0,0,0,0,0,0,1,0,0,0,0,0,0,0,0,0,0,28396800,0,58677494,504268,0,0,0,0,0,0,0,0,16384,0,0,0,0,0,0,0,0,0,0,0,4455,617,0,0,0,0,0,76765513,0,318,0,27,617,4455,0,0,0,0,0,0,0,0,0,0,0,0,0,0,0,0,0,0,0,0,0,0,0,0,0,0,0,0,0,0,0,0,0,0,0,0,0,0,0,0,0,0,0,0,0,0,0,0,0,0,0,0,0,329559008,0,0,0,378630354,0,0,0,0,0,0,0,124420301,249417805,482203331,170631213568,69060294,1,0,0,0,0,0,0,0,0,0,0,0,0,0,0,0,0,0,0,0,0,0,0,0,0,0,0,0,0,0,0,252626182,0,0,0,0,0
1788889345.754,0,0,0,0,0,0,0,787501735,4086565108224,1935208090624,0,0,0,0,0,0,0,0,0,0,0,0,0,0,0,0,0,0,0,0,0,0,0,0,0,0,0,0,0,0,0,0,0,0,0,0,0,0,0,0,0,0,0,0,0,0,0,0,0,0,0,0,0,0,0,0,0,0,1082607,249604408,105830031,0,0,0,0,0,0,0,0,0,0,0,0,0,0,0,0,0,0,0,0,0,0,0,0,0,0,0,0,0,0,0,0,0,0,0,0,0,12883279872,5121556480,786332,312595,0,100,786432,248746270,0,0,3843195160,12884901888,120301156,443450589,0,0,0,0,0,0,0,0,0,0,0,0,0,0,0,0,0,0,25254777,25254970,0,97,97,6268,329,50509533,35,0,0,0,0,0,0,0,1,0,0,0,0,0,0,0,0,0,0,28399917,0,58677750,504270,0,0,0,0,0,0,0,0,16384,0,0,0,0,0,0,0,0,0,0,0,4456,617,0,0,0,0,0,76773931,0,318,0,27,617,4456,0,0,0,0,0,0,0,0,0,0,0,0,0,0,0,0,0,0,0,0,0,0,0,0,0,0,0,0,0,0,0,0,0,0,0,0,0,0,0,0,0,0,0,0,0,0,0,0,0,0,0,0,0,329597057,0,0,0,378669457,0,0,0,0,0,0,0,124451277,249456377,482267775,170650808320,69078193,1,1,0,0,0,0,0,0,0,0,0,0,0,0,0,0,0,0,0,0,0,0,0,0,0,0,0,0,0,0,0,252628954,0,0,0,0,0
1788889346.782,0,0,0,0,0,0,0,787598432,4087301962240,1935529238528,0,0,0,0,0,0,0,0,0,0,0,0,0,0,0,0,0,0,0,0,0,0,0,0,0,0,0,0,0,0,0,0,0,0,0,0,0,0,0,0,0,0,0,0,0,0,0,0,0,0,0,0,0,0,0,0,0,0,1082769,249649506,105848016,0,0,0,0,0,0,0,0,0,0,0,0,0,0,0,0,0,0,0,0,0,0,0,0,0,0,0,0,0,0,0,0,0,0,0,0,0,12883116032,5108826112,786323,311817,0,109,786432,248791214,0,0,3843672972,12884901888,120341748,443500905,0,0,0,0,0,0,0,0,0,0,0,0,0,0,0,0,0,0,25257980,25258171,0,97,97,6268,329,50515924,35,0,0,0,0,0,0,0,1,0,0,0,0,0,0,0,0,0,0,28403518,0,58681187,504300,0,0,0,0,0,0,0,0,16384,0,0,0,0,0,0,0,0,0,0,0,4457,617,0,0,0,0,0,76783679,0,318,0,27,617,4457,0,0,0,0,0,0,0,0,0,0,0,0,0,0,0,0,0,0,0,0,0,0,0,0,0,0,0,0,0,0,0,0,0,0,0,0,0,0,0,0,0,0,0,0,0,0,0,0,0,0,0,0,0,329641835,0,0,0,378714701,0,0,0,0,0,0,0,124480333,249501411,482344976,170673861120,69092474,1,0,0,0,0,0,0,0,0,0,0,0,0,0,0,0,0,0,0,0,0,0,0,0,0,0,0,0,0,0,0,252632157,0,0,0,0,0
1788889347.810,0,0,0,0,0,0,0,787682867,4087945722368,1935778145280,0,0,0,0,0,0,0,0,0,0,0,0,0,0,0,0,0,0,0,0,0,0,0,0,0,0,0,0,0,0,0,0,0,0,0,0,0,0,0,0,0,0,0,0,0,0,0,0,0,0,0,0,0,0,0,0,0,0,1082942,249688871,105861801,0,0,0,0,0,0,0,0,0,0,0,0,0,0,0,0,0,0,0,0,0,0,0,0,0,0,0,0,0,0,0,0,0,0,0,0,0,12883083264,5128749056,786321,313034,0,111,786432,248830493,0,0,3844090346,12884901888,120378773,443545024,0,0,0,0,0,0,0,0,0,0,0,0,0,0,0,0,0,0,25260765,25260961,0,97,97,6268,329,50521506,35,0,0,0,0,0,0,0,1,0,0,0,0,0,0,0,0,0,0,28406655,0,58681770,504305,0,0,0,0,0,0,0,0,16384,0,0,0,0,0,0,0,0,0,0,0,4458,617,0,0,0,0,0,76792138,0,318,0,27,617,4458,0,0,0,0,0,0,0,0,0,0,0,0,0,0,0,0,0,0,0,0,0,0,0,0,0,0,0,0,0,0,0,0,0,0,0,0,0,0,0,0,0,0,0,0,0,0,0,0,0,0,0,0,0,329680288,0,0,0,378754114,0,0,0,0,0,0,0,124511213,249540724,482410333,170693706240,69110137,1,0,0,0,0,0,0,0,0,0,0,0,0,0,0,0,0,0,0,0,0,0,0,0,0,0,0,0,0,0,0,252634944,0,0,0,0,0
1788889348.838,0,0,0,0,0,0,0,787761607,4088546245120,1936010421760,0,0,0,0,0,0,0,0,0,0,0,0,0,0,0,0,0,0,0,0,0,0,0,0,0,0,0,0,0,0,0,0,0,0,0,0,0,0,0,0,0,0,0,0,0,0,0,0,0,0,0,0,0,0,0,0,0,0,1083068,249725586,105874671,0,0,0,0,0,0,0,0,0,0,0,0,0,0,0,0,0,0,0,0,0,0,0,0,0,0,0,0,0,0,0,0,0,0,0,0,0,12882935808,5146148864,786313,314096,0,119,786432,248867109,0,0,3844478513,12884901888,120414539,443585880,0,0,0,0,0,0,0,0,0,0,0,0,0,0,0,0,0,0,25263360,25263557,0,97,97,6268,329,50526685,35,0,0,0,0,0,0,0,1,0,0,0,0,0,0,0,0,0,0,28409577,0,58681898,504306,0,0,0,0,0,0,0,0,16384,0,0,0,0,0,0,0,0,0,0,0,4459,617,0,0,0,0,0,76800049,0,318,0,27,617,4459,0,0,0,0,0,0,0,0,0,0,0,0,0,0,0,0,0,0,0,0,0,0,0,0,0,0,0,0,0,0,0,0,0,0,0,0,0,0,0,0,0,0,0,0,0,0,0,0,0,0,0,0,0,329716100,0,0,0,378790893,0,0,0,0,0,0,0,124541538,249577401,482471656,170712152576,69127744,1,0,0,0,0,0,0,0,0,0,0,0,0,0,0,0,0,0,0,0,0,0,0,0,0,0,0,0,0,0,0,252637543,0,0,0,0,0
1788889349.865,0,0,0,0,0,0,0,787854288,4089248004608,1936317259776,0,0,0,0,0,0,0,0,0,0,0,0,0,0,0,0,0,0,0,0,0,0,0,0,0,0,0,0,0,0,0,0,0,0,0,0,0,0,0,0,0,0,0,0,0,0,0,0,0,0,0,0,0,0,0,0,0,0,1083226,249768493,105891857,0,0,0,0,0,0,0,0,0,0,0,0,0,0,0,0,0,0,0,0,0,0,0,0,0,0,0,0,0,0,0,0,0,0,0,0,0,12883230720,5135319040,786330,313435,0,101,786432,248909894,0,0,3844934909,12884901888,120451788,443634047,0,0,0,0,0,0,0,0,0,0,0,0,0,0,0,0,0,0,25266422,25266613,0,97,97,6268,329,50532806,35,0,0,0,0,0,0,0,1,0,0,0,0,0,0,0,0,0,0,28413013,0,58685690,504337,0,0,0,0,0,0,0,0,16384,0,0,0,0,0,0,0,0,0,0,0,4460,617,0,0,0,0,0,76809310,0,318,0,27,617,4460,0,0,0,0,0,0,0,0,0,0,0,0,0,0,0,0,0,0,0,0,0,0,0,0,0,0,0,0,0,0,0,0,0,0,0,0,0,0,0,0,0,0,0,0,0,0,0,0,0,0,0,0,0,329758638,0,0,0,378834169,0,0,0,0,0,0,0,124568998,249620302,482544675,170734080512,69141547,1,0,0,0,0,0,0,0,0,0,0,0,0,0,0,0,0,0,0,0,0,0,0,0,0,0,0,0,0,0,0,252640597,0,0,0,0,0
1788889350.894,0,0,0,0,0,0,0,787933680,4089856375296,1936551295488,0,0,0,0,0,0,0,0,0,0,0,0,0,0,0,0,0,0,0,0,0,0,0,0,0,0,0,0,0,0,0,0,0,0,0,0,0,0,0,0,0,0,0,0,0,0,0,0,0,0,0,0,0,0,0,0,0,0,1083386,249805699,105904805,0,0,0,0,0,0,0,0,0,0,0,0,0,0,0,0,0,0,0,0,0,0,0,0,0,0,0,0,0,0,0,0,0,0,0,0,0,12883247104,5155913728,786331,314692,0,101,786432,248946990,0,0,3845327486,12884901888,120487950,443675602,0,0,0,0,0,0,0,0,0,0,0,0,0,0,0,0,0,0,25269045,25269240,0,97,97,6268,329,50538047,35,0,0,0,0,0,0,0,1,0,0,0,0,0,0,0,0,0,0,28415969,0,58685818,504338,0,0,0,0,0,0,0,0,16384,0,0,0,0,0,0,0,0,0,0,0,4461,617,0,0,0,0,0,76817298,0,318,0,27,617,4461,0,0,0,0,0,0,0,0,0,0,0,0,0,0,0,0,0,0,0,0,0,0,0,0,0,0,0,0,0,0,0,0,0,0,0,0,0,0,0,0,0,0,0,0,0,0,0,0,0,0,0,0,0,329795011,0,0,0,378871303,0,0,0,0,0,0,0,124599152,249657437,482606769,170752805376,69158897,1,0,0,0,0,0,0,0,0,0,0,0,0,0,0,0,0,0,0,0,0,0,0,0,0,0,0,0,0,0,0,252643227,0,0,0,0,0
1788889351.922,0,0,0,0,0,0,0,788015338,4090474150400,1936814343680,0,0,0,0,0,0,0,0,0,0,0,0,0,0,0,0,0,0,0,0,0,0,0,0,0,0,0,0,0,0,0,0,0,0,0,0,0,0,0,0,0,0,0,0,0,0,0,0,0,0,0,0,0,0,0,0,0,0,1083518,249843470,105919459,0,0,0,0,0,0,0,0,0,0,0,0,0,0,0,0,0,0,0,0,0,0,0,0,0,0,0,0,0,0,0,0,0,0,0,0,0,12883738624,5152063488,786362,314457,0,71,786432,248984684,0,0,3845729520,12884901888,120523141,443717971,0,0,0,0,0,0,0,0,0,0,0,0,0,0,0,0,0,0,25271750,25271941,0,97,97,6268,329,50543466,35,0,0,0,0,0,0,0,1,0,0,0,0,0,0,0,0,0,0,28419007,0,58687904,504355,0,0,0,0,0,0,0,0,16384,0,0,0,0,0,0,0,0,0,0,0,4462,617,0,0,0,0,0,76825515,0,318,0,27,617,4462,0,0,0,0,0,0,0,0,0,0,0,0,0,0,0,0,0,0,0,0,0,0,0,0,0,0,0,0,0,0,0,0,0,0,0,0,0,0,0,0,0,0,0,0,0,0,0,0,0,0,0,0,0,329832509,0,0,0,378909507,0,0,0,0,0,0,0,124628678,249695179,482671524,170772077568,69175685,1,0,0,0,0,0,0,0,0,0,0,0,0,0,0,0,0,0,0,0,0,0,0,0,0,0,0,0,0,0,0,252645928,0,0,0,0,0
1788889352.948,0,0,0,0,0,0,0,788102301,4091137980928,1937084703744,0,0,0,0,0,0,0,0,0,0,0,0,0,0,0,0,0,0,0,0,0,0,0,0,0,0,0,0,0,0,0,0,0,0,0,0,0,0,0,0,0,0,0,0,0,0,0,0,0,0,0,0,0,0,0,0,0,0,1083687,249884105,105934546,0,0,0,0,0,0,0,0,0,0,0,0,0,0,0,0,0,0,0,0,0,0,0,0,0,0,0,0,0,0,0,0,0,0,0,0,0,12883148800,5157289984,786325,314776,0,107,786432,249025218,0,0,3846158252,12884901888,120561093,443763287,0,0,0,0,0,0,0,0,0,0,0,0,0,0,0,0,0,0,25274621,25274818,0,97,97,6268,329,50549197,35,0,0,0,0,0,0,0,1,0,0,0,0,0,0,0,0,0,0,28422242,0,58689169,504367,0,0,0,0,0,0,0,0,16384,0,0,0,0,0,0,0,0,0,0,0,4463,617,0,0,0,0,0,76834273,0,318,0,27,617,4463,0,0,0,0,0,0,0,0,0,0,0,0,0,0,0,0,0,0,0,0,0,0,0,0,0,0,0,0,0,0,0,0,0,0,0,0,0,0,0,0,0,0,0,0,0,0,0,0,0,0,0,0,0,329872090,0,0,0,378950070,0,0,0,0,0,0,0,124660195,249735755,482739787,170792440832,69193252,0,0,0,0,0,0,0,0,0,0,0,0,0,0,0,0,0,0,0,0,0,0,0,0,0,0,0,0,0,0,0,252648804,0,0,0,0,0
1788889353.976,0,0,0,0,0,0,0,788191418,4091811953152,1937383510528,0,0,0,0,0,0,0,0,0,0,0,0,0,0,0,0,0,0,0,0,0,0,0,0,0,0,0,0,0,0,0,0,0,0,0,0,0,0,0,0,0,0,0,0,0,0,0,0,0,0,0,0,0,0,0,0,0,0,1083835,249925318,105951311,0,0,0,0,0,0,0,0,0,0,0,0,0,0,0,0,0,0,0,0,0,0,0,0,0,0,0,0,0,0,0,0,0,0,0,0,0,12880396288,5141544960,786158,313815,155,119,786432,249066328,0,0,3846598199,12884901888,120598632,443809597,0,0,0,0,0,0,0,0,0,0,0,0,0,0,0,0,0,0,25277567,25277753,0,97,97,6268,329,50555100,35,0,0,0,0,0,0,0,1,0,0,0,0,0,0,0,0,0,0,28425545,0,58692431,504395,0,0,0,0,0,0,0,0,16384,0,0,0,0,0,0,0,0,0,0,0,4464,617,0,0,0,0,0,76843192,0,318,0,27,617,4464,0,0,0,0,0,0,0,0,0,0,0,0,0,0,0,0,0,0,0,0,0,0,0,0,0,0,0,0,0,0,0,0,0,0,0,0,0,0,0,0,0,0,0,0,0,0,0,0,0,0,0,0,0,329912853,0,0,0,378991747,0,0,0,0,0,0,0,124690413,249776928,482810703,170813458944,69209699,0,0,0,0,0,0,0,0,0,0,0,0,0,0,0,0,0,0,0,0,0,0,0,0,0,0,0,0,0,0,0,252651740,0,0,0,0,0
1788889355.004,0,0,0,0,0,0,0,788270392,4092412541440,1937611562496,0,0,0,0,0,0,0,0,0,0,0,0,0,0,0,0,0,0,0,0,0,0,0,0,0,0,0,0,0,0,0,0,0,0,0,0,0,0,0,0,0,0,0,0,0,0,0,0,0,0,0,0,0,0,0,0,0,0,1083980,249962048,105963905,0,0,0,0,0,0,0,0,0,0,0,0,0,0,0,0,0,0,0,0,0,0,0,0,0,0,0,0,0,0,0,0,0,0,0,0,0,12883017728,5163974656,786316,315184,0,115,786432,249102987,0,0,3846987373,12884901888,120634014,443850688,0,0,0,0,0,0,0,0,0,0,0,0,0,0,0,0,0,0,25280166,25280361,0,97,97,6268,329,50560295,35,0,0,0,0,0,0,0,1,0,0,0,0,0,0,0,0,0,0,28428476,0,58692559,504396,0,0,0,0,0,0,0,0,16384,0,0,0,0,0,0,0,0,0,0,0,4465,617,0,0,0,0,0,76851118,0,318,0,27,617,4465,0,0,0,0,0,0,0,0,0,0,0,0,0,0,0,0,0,0,0,0,0,0,0,0,0,0,0,0,0,0,0,0,0,0,0,0,0,0,0,0,0,0,0,0,0,0,0,0,0,0,0,0,0,329948816,0,0,0,379028566,0,0,0,0,0,0,0,124720569,249813611,482871652,170831993344,69227413,0,0,0,0,0,0,0,0,0,0,0,0,0,0,0,0,0,0,0,0,0,0,0,0,0,0,0,0,0,0,0,252654347,0,0,0,0,0
1788889356.032,0,0,0,0,0,0,0,788354568,4093049076224,1937897369088,0,0,0,0,0,0,0,0,0,0,0,0,0,0,0,0,0,0,0,0,0,0,0,0,0,0,0,0,0,0,0,0,0,0,0,0,0,0,0,0,0,0,0,0,0,0,0,0,0,0,0,0,0,0,0,0,0,0,1084146,250000945,105979942,0,0,0,0,0,0,0,0,0,0,0,0,0,0,0,0,0,0,0,0,0,0,0,0,0,0,0,0,0,0,0,0,0,0,0,0,0,12883132416,5146099712,786323,314093,10,99,786432,249141795,0,0,3847402836,12884901888,120670162,443894805,0,0,0,0,0,0,0,0,0,0,0,0,0,0,0,0,0,0,25282965,25283160,0,97,97,6268,329,50565884,35,0,0,0,0,0,0,0,1,0,0,0,0,0,0,0,0,0,0,28431625,0,58695444,504421,0,0,0,0,0,0,0,0,16384,0,0,0,0,0,0,0,0,0,0,0,4466,617,0,0,0,0,0,76859614,0,318,0,27,617,4466,0,0,0,0,0,0,0,0,0,0,0,0,0,0,0,0,0,0,0,0,0,0,0,0,0,0,0,0,0,0,0,0,0,0,0,0,0,0,0,0,0,0,0,0,0,0,0,0,0,0,0,0,0,329987703,0,0,0,379068098,0,0,0,0,0,0,0,124750051,249852501,482939647,170851990016,69243484,1,0,0,0,0,0,0,0,0,0,0,0,0,0,0,0,0,0,0,0,0,0,0,0,0,0,0,0,0,0,0,252657146,0,0,0,0,0
1788889357.061,0,0,0,0,0,0,0,788437352,4093674666496,1938143000064,0,0,0,0,0,0,0,0,0,0,0,0,0,0,0,0,0,0,0,0,0,0,0,0,0,0,0,0,0,0,0,0,0,0,0,0,0,0,0,0,0,0,0,0,0,0,0,0,0,0,0,0,0,0,0,0,0,0,1084299,250039249,105993547,0,0,0,0,0,0,0,0,0,0,0,0,0,0,0,0,0,0,0,0,0,0,0,0,0,0,0,0,0,0,0,0,0,0,0,0,0,12882903040,5162500096,786310,315094,0,122,786432,249180019,0,0,3847811584,12884901888,120706061,443937649,0,0,0,0,0,0,0,0,0,0,0,0,0,0,0,0,0,0,25285687,25285878,0,97,97,6268,329,50571344,35,0,0,0,0,0,0,0,1,0,0,0,0,0,0,0,0,0,0,28434683,0,58695922,504425,0,0,0,0,0,0,0,0,16384,0,0,0,0,0,0,0,0,0,0,0,4467,617,0,0,0,0,0,76867900,0,318,0,27,617,4467,0,0,0,0,0,0,0,0,0,0,0,0,0,0,0,0,0,0,0,0,0,0,0,0,0,0,0,0,0,0,0,0,0,0,0,0,0,0,0,0,0,0,0,0,0,0,0,0,0,0,0,0,0,330025237,0,0,0,379106629,0,0,0,0,0,0,0,124781244,249890706,483003852,170871304704,69261502,0,0,0,0,0,0,0,0,0,0,0,0,0,0,0,0,0,0,0,0,0,0,0,0,0,0,0,0,0,0,0,252659865,0,0,0,0,0
1788889358.087,0,0,0,0,0,0,0,788522496,4094322407936,1938431550464,0,0,0,0,0,0,0,0,0,0,0,0,0,0,0,0,0,0,0,0,0,0,0,0,0,0,0,0,0,0,0,0,0,0,0,0,0,0,0,0,0,0,0,0,0,0,0,0,0,0,0,0,0,0,0,0,0,0,1084447,250078857,106009743,0,0,0,0,0,0,0,0,0,0,0,0,0,0,0,0,0,0,0,0,0,0,0,0,0,0,0,0,0,0,0,0,0,0,0,0,0,12883001344,5142544384,786316,313876,0,115,786432,249219526,0,0,3848232033,12884901888,120741423,443981855,0,0,0,0,0,0,0,0,0,0,0,0,0,0,0,0,0,0,25288523,25288712,0,97,97,6268,329,50577001,35,0,0,0,0,0,0,0,1,0,0,0,0,0,0,0,0,0,0,28437870,0,58699281,504454,0,0,0,0,0,0,0,0,16384,0,0,0,0,0,0,0,0,0,0,0,4468,617,0,0,0,0,0,76876507,0,318,0,27,617,4468,0,0,0,0,0,0,0,0,0,0,0,0,0,0,0,0,0,0,0,0,0,0,0,0,0,0,0,0,0,0,0,0,0,0,0,0,0,0,0,0,0,0,0,0,0,0,0,0,0,0,0,0,0,330064099,0,0,0,379146484,0,0,0,0,0,0,0,124810355,249930288,483071645,170891295232,69277502,1,0,0,0,0,0,0,0,0,0,0,0,0,0,0,0,0,0,0,0,0,0,0,0,0,0,0,0,0,0,0,252662698,0,0,0,0,0
1788889359.113,0,0,0,0,0,0,0,788604080,4094941870592,1938667156992,0,0,0,0,0,0,0,0,0,0,0,0,0,0,0,0,0,0,0,0,0,0,0,0,0,0,0,0,0,0,0,0,0,0,0,0,0,0,0,0,0,0,0,0,0,0,0,0,0,0,0,0,0,0,0,0,0,0,1084601,250116738,106022771,0,0,0,0,0,0,0,0,0,0,0,0,0,0,0,0,0,0,0,0,0,0,0,0,0,0,0,0,0,0,0,0,0,0,0,0,0,12883165184,5167497216,786326,315399,0,106,786432,249257336,0,0,3848634285,12884901888,120778265,444024348,0,0,0,0,0,0,0,0,0,0,0,0,0,0,0,0,0,0,25291197,25291389,0,97,97,6268,329,50582361,35,0,0,0,0,0,0,0,1,0,0,0,0,0,0,0,0,0,0,28440882,0,58699409,504455,0,0,0,0,0,0,0,0,16384,0,0,0,0,0,0,0,0,0,0,0,4469,617,0,0,0,0,0,76884645,0,318,0,27,617,4469,0,0,0,0,0,0,0,0,0,0,0,0,0,0,0,0,0,0,0,0,0,0,0,0,0,0,0,0,0,0,0,0,0,0,0,0,0,0,0,0,0,0,0,0,0,0,0,0,0,0,0,0,0,330101287,0,0,0,379184513,0,0,0,0,0,0,0,124841037,249968107,483134668,170910451712,69295308,1,0,0,0,0,0,0,0,0,0,0,0,0,0,0,0,0,0,0,0,0,0,0,0,0,0,0,0,0,0,0,252665376,0,0,0,0,0
1788889360.140,0,0,0,0,0,0,0,788696443,4095650019840,1938976985088,0,0,0,0,0,0,0,0,0,0,0,0,0,0,0,0,0,0,0,0,0,0,0,0,0,0,0,0,0,0,0,0,0,0,0,0,0,0,0,0,0,0,0,0,0,0,0,0,0,0,0,0,0,0,0,0,0,0,1084773,250160044,106040143,0,0,0,0,0,0,0,0,0,0,0,0,0,0,0,0,0,0,0,0,0,0,0,0,0,0,0,0,0,0,0,0,0,0,0,0,0,12883017728,5153112064,786317,314521,0,114,786432,249300544,0,0,3849090504,12884901888,120816939,444072579,0,0,0,0,0,0,0,0,0,0,0,0,0,0,0,0,0,0,25294251,25294443,0,97,97,6268,329,50588463,35,0,0,0,0,0,0,0,1,0,0,0,0,0,0,0,0,0,0,28444316,0,58702756,504482,0,0,0,0,0,0,0,0,16384,0,0,0,0,0,0,0,0,0,0,0,4471,617,0,0,0,0,0,76893941,0,318,0,27,617,4471,0,0,0,0,0,0,0,0,0,0,0,0,0,0,0,0,0,0,0,0,0,0,0,0,0,0,0,0,0,0,0,0,0,0,0,0,0,0,0,0,0,0,0,0,0,0,0,0,0,0,0,0,0,330143411,0,0,0,379227679,0,0,0,0,0,0,0,124871786,250011360,483208092,170932180480,69311775,1,1,0,0,0,0,0,0,0,0,0,0,0,0,0,0,0,0,0,0,0,0,0,0,0,0,0,0,0,0,0,252668430,0,0,0,0,0
1788889361.168,0,0,0,0,0,0,0,788782963,4096313031168,1939268397056,0,0,0,0,0,0,0,0,0,0,0,0,0,0,0,0,0,0,0,0,0,0,0,0,0,0,0,0,0,0,0,0,0,0,0,0,0,0,0,0,0,0,0,0,0,0,0,0,0,0,0,0,0,0,0,0,0,0,1084918,250200589,106056491,0,0,0,0,0,0,0,0,0,0,0,0,0,0,0,0,0,0,0,0,0,0,0,0,0,0,0,0,0,0,0,0,0,0,0,0,0,12882935808,5138677760,786312,313640,2,118,786432,249340960,0,0,3849517703,12884901888,120853155,444117557,0,0,0,0,0,0,0,0,0,0,0,0,0,0,0,0,0,0,25297112,25297304,0,97,97,6268,329,50594179,35,0,0,0,0,0,0,0,1,0,0,0,0,0,0,0,0,0,0,28447534,0,58705960,504508,0,0,0,0,0,0,0,0,16384,0,0,0,0,0,0,0,0,0,0,0,4472,617,0,0,0,0,0,76902631,0,318,0,27,617,4472,0,0,0,0,0,0,0,0,0,0,0,0,0,0,0,0,0,0,0,0,0,0,0,0,0,0,0,0,0,0,0,0,0,0,0,0,0,0,0,0,0,0,0,0,0,0,0,0,0,0,0,0,0,330183117,0,0,0,379268093,0,0,0,0,0,0,0,124901442,250051848,483277207,170952612352,69327999,1,0,0,0,0,0,0,0,0,0,0,0,0,0,0,0,0,0,0,0,0,0,0,0,0,0,0,0,0,0,0,252671291,0,0,0,0,0
1788889362.195,0,0,0,0,0,0,0,788872772,4096999045632,1939567889408,0,0,0,0,0,0,0,0,0,0,0,0,0,0,0,0,0,0,0,0,0,0,0,0,0,0,0,0,0,0,0,0,0,0,0,0,0,0,0,0,0,0,0,0,0,0,0,0,0,0,0,0,0,0,0,0,0,0,1085084,250242551,106073281,0,0,0,0,0,0,0,0,0,0,0,0,0,0,0,0,0,0,0,0,0,0,0,0,0,0,0,0,0,0,0,0,0,0,0,0,0,12883050496,5124489216,786319,312774,0,112,786432,249382839,0,0,3849961380,12884901888,120890722,444164254,0,0,0,0,0,0,0,0,0,0,0,0,0,0,0,0,0,0,25300062,25300255,0,97,97,6268,329,50600096,35,0,0,0,0,0,0,0,1,0,0,0,0,0,0,0,0,0,0,28450854,0,58709271,504535,0,0,0,0,0,0,0,0,16384,0,0,0,0,0,0,0,0,0,0,0,4473,617,0,0,0,0,0,76911623,0,318,0,27,617,4473,0,0,0,0,0,0,0,0,0,0,0,0,0,0,0,0,0,0,0,0,0,0,0,0,0,0,0,0,0,0,0,0,0,0,0,0,0,0,0,0,0,0,0,0,0,0,0,0,0,0,0,0,0,330224428,0,0,0,379310056,0,0,0,0,0,0,0,124931953,250093737,483348672,170973873664,69344757,0,0,0,0,0,0,0,0,0,0,0,0,0,0,0,0,0,0,0,0,0,0,0,0,0,0,0,0,0,0,0,252674242,0,0,0,0,0
1788889363.223,0,0,0,0,0,0,0,788948043,4097574205952,1939789310464,0,0,0,0,0,0,0,0,0,0,0,0,0,0,0,0,0,0,0,0,0,0,0,0,0,0,0,0,0,0,0,0,0,0,0,0,0,0,0,0,0,0,0,0,0,0,0,0,0,0,0,0,0,0,0,0,0,0,1085220,250277729,106085532,0,0,0,0,0,0,0,0,0,0,0,0,0,0,0,0,0,0,0,0,0,0,0,0,0,0,0,0,0,0,0,0,0,0,0,0,0,12883050496,5141938176,786319,313839,0,113,786432,249417946,0,0,3850333437,12884901888,120924966,444203551,0,0,0,0,0,0,0,0,0,0,0,0,0,0,0,0,0,0,25302567,25302760,0,97,97,6268,329,50605102,35,0,0,0,0,0,0,0,1,0,0,0,0,0,0,0,0,0,0,28453672,0,58709399,504536,0,0,0,0,0,0,0,0,16384,0,0,0,0,0,0,0,0,0,0,0,4474,617,0,0,0,0,0,76919250,0,318,0,27,617,4474,0,0,0,0,0,0,0,0,0,0,0,0,0,0,0,0,0,0,0,0,0,0,0,0,0,0,0,0,0,0,0,0,0,0,0,0,0,0,0,0,0,0,0,0,0,0,0,0,0,0,0,0,0,330258868,0,0,0,379345353,0,0,0,0,0,0,0,124961336,250128878,483407423,170991598592,69362028,1,0,0,0,0,0,0,0,0,0,0,0,0,0,0,0,0,0,0,0,0,0,0,0,0,0,0,0,0,0,0,252676748,0,0,0,0,0
1788889364.250,0,0,0,0,0,0,0,789036092,4098243262976,1940085279744,0,0,0,0,0,0,0,0,0,0,0,0,0,0,0,0,0,0,0,0,0,0,0,0,0,0,0,0,0,0,0,0,0,0,0,0,0,0,0,0,0,0,0,0,0,0,0,0,0,0,0,0,0,0,0,0,0,0,1085385,250318652,106102147,0,0,0,0,0,0,0,0,0,0,0,0,0,0,0,0,0,0,0,0,0,0,0,0,0,0,0,0,0,0,0,0,0,0,0,0,0,12883001344,5124947968,786316,312802,0,116,786432,249458763,0,0,3850765769,12884901888,120961285,444249309,0,0,0,0,0,0,0,0,0,0,0,0,0,0,0,0,0,0,25305474,25305668,0,97,97,6268,329,50610916,35,0,0,0,0,0,0,0,1,0,0,0,0,0,0,0,0,0,0,28456944,0,58712729,504563,0,0,0,0,0,0,0,0,16384,0,0,0,0,0,0,0,0,0,0,0,4475,617,0,0,0,0,0,76928081,0,318,0,27,617,4475,0,0,0,0,0,0,0,0,0,0,0,0,0,0,0,0,0,0,0,0,0,0,0,0,0,0,0,0,0,0,0,0,0,0,0,0,0,0,0,0,0,0,0,0,0,0,0,0,0,0,0,0,0,330298954,0,0,0,379386442,0,0,0,0,0,0,0,124991880,250169752,483477289,171012254208,69379005,0,0,0,0,0,0,0,0,0,0,0,0,0,0,0,0,0,0,0,0,0,0,0,0,0,0,0,0,0,0,0,252679656,0,0,0,0,0
1788889365.277,0,0,0,0,0,0,0,789121866,4098895624704,1940373501952,0,0,0,0,0,0,0,0,0,0,0,0,0,0,0,0,0,0,0,0,0,0,0,0,0,0,0,0,0,0,0,0,0,0,0,0,0,0,0,0,0,0,0,0,0,0,0,0,0,0,0,0,0,0,0,0,0,0,1085547,250358540,106118298,0,0,0,0,0,0,0,0,0,0,0,0,0,0,0,0,0,0,0,0,0,0,0,0,0,0,0,0,0,0,0,0,0,0,0,0,0,12882968576,5110546432,786314,311923,0,118,786432,249498536,0,0,3851189276,12884901888,120996763,444293965,0,0,0,0,0,0,0,0,0,0,0,0,0,0,0,0,0,0,25308305,25308497,0,97,97,6268,329,50616582,35,0,0,0,0,0,0,0,1,0,0,0,0,0,0,0,0,0,0,28460125,0,58715909,504589,0,0,0,0,0,0,0,0,16384,0,0,0,0,0,0,0,0,0,0,0,4476,617,0,0,0,0,0,76936667,0,318,0,27,617,4476,0,0,0,0,0,0,0,0,0,0,0,0,0,0,0,0,0,0,0,0,0,0,0,0,0,0,0,0,0,0,0,0,0,0,0,0,0,0,0,0,0,0,0,0,0,0,0,0,0,0,0,0,0,330338361,0,0,0,379426516,0,0,0,0,0,0,0,125020020,250209615,483545752,171032552448,69393911,1,0,0,0,0,0,0,0,0,0,0,0,0,0,0,0,0,0,0,0,0,0,0,0,0,0,0,0,0,0,0,252682484,0,0,0,0,0
1788889366.303,0,0,0,0,0,0,0,789212297,4099582130688,1940675654144,0,0,0,0,0,0,0,0,0,0,0,0,0,0,0,0,0,0,0,0,0,0,0,0,0,0,0,0,0,0,0,0,0,0,0,0,0,0,0,0,0,0,0,0,0,0,0,0,0,0,0,0,0,0,0,0,0,0,1085715,250400552,106135218,0,0,0,0,0,0,0,0,0,0,0,0,0,0,0,0,0,0,0,0,0,0,0,0,0,0,0,0,0,0,0,0,0,0,0,0,0,12883181568,5096865792,786327,311088,0,105,786432,249540439,0,0,3851636046,12884901888,121034401,444341203,0,0,0,0,0,0,0,0,0,0,0,0,0,0,0,0,0,0,25311299,25311491,0,97,97,6268,329,50622551,35,0,0,0,0,0,0,0,1,0,0,0,0,0,0,0,0,0,0,28463494,0,58719208,504616,0,0,0,0,0,0,0,0,16384,0,0,0,0,0,0,0,0,0,0,0,4477,617,0,0,0,0,0,76945746,0,318,0,27,617,4477,0,0,0,0,0,0,0,0,0,0,0,0,0,0,0,0,0,0,0,0,0,0,0,0,0,0,0,0,0,0,0,0,0,0,0,0,0,0,0,0,0,0,0,0,0,0,0,0,0,0,0,0,0,330379949,0,0,0,379468789,0,0,0,0,0,0,0,125049656,250251547,483617787,171053969408,69409653,0,1,0,0,0,0,0,0,0,0,0,0,0,0,0,0,0,0,0,0,0,0,0,0,0,0,0,0,0,0,0,252685478,0,0,0,0,0
1788889367.331,0,0,0,0,0,0,0,789309137,4100319476224,1940998737408,0,0,0,0,0,0,0,0,0,0,0,0,0,0,0,0,0,0,0,0,0,0,0,0,0,0,0,0,0,0,0,0,0,0,0,0,0,0,0,0,0,0,0,0,0,0,0,0,0,0,0,0,0,0,0,0,0,0,1085918,250445667,106153349,0,0,0,0,0,0,0,0,0,0,0,0,0,0,0,0,0,0,0,0,0,0,0,0,0,0,0,0,0,0,0,0,0,0,0,0,0,12883099648,5081858048,786322,310172,0,110,786432,249585426,0,0,3852114701,12884901888,121075563,444391875,0,0,0,0,0,0,0,0,0,0,0,0,0,0,0,0,0,0,25314498,25314692,0,97,97,6268,329,50628967,35,0,0,0,0,0,0,0,1,0,0,0,0,0,0,0,0,0,0,28467095,0,58722438,504642,0,0,0,0,0,0,0,0,16384,0,0,0,0,0,0,0,0,0,0,0,4478,617,0,0,0,0,0,76955474,0,318,0,27,617,4478,0,0,0,0,0,0,0,0,0,0,0,0,0,0,0,0,0,0,0,0,0,0,0,0,0,0,0,0,0,0,0,0,0,0,0,0,0,0,0,0,0,0,0,0,0,0,0,0,0,0,0,0,0,330423883,0,0,0,379514016,0,0,0,0,0,0,0,125081141,250296603,483694615,171076587520,69425972,1,0,0,0,0,0,0,0,0,0,0,0,0,0,0,0,0,0,0,0,0,0,0,0,0,0,0,0,0,0,0,252688680,0,0,0,0,0
1788889368.359,0,0,0,0,0,0,0,789388654,4100925192704,1941231071744,0,0,0,0,0,0,0,0,0,0,0,0,0,0,0,0,0,0,0,0,0,0,0,0,0,0,0,0,0,0,0,0,0,0,0,0,0,0,0,0,0,0,0,0,0,0,0,0,0,0,0,0,0,0,0,0,0,0,1086046,250482722,106166195,0,0,0,0,0,0,0,0,0,0,0,0,0,0,0,0,0,0,0,0,0,0,0,0,0,0,0,0,0,0,0,0,0,0,0,0,0,12882952192,5103861760,786313,311515,0,119,786432,249622395,0,0,3852507283,12884901888,121111565,444433313,0,0,0,0,0,0,0,0,0,0,0,0,0,0,0,0,0,0,25317133,25317323,0,97,97,6268,329,50634223,35,0,0,0,0,0,0,0,1,0,0,0,0,0,0,0,0,0,0,28470054,0,58722566,504643,0,0,0,0,0,0,0,0,16384,0,0,0,0,0,0,0,0,0,0,0,4479,617,0,0,0,0,0,76963472,0,318,0,27,617,4479,0,0,0,0,0,0,0,0,0,0,0,0,0,0,0,0,0,0,0,0,0,0,0,0,0,0,0,0,0,0,0,0,0,0,0,0,0,0,0,0,0,0,0,0,0,0,0,0,0,0,0,0,0,330460410,0,0,0,379551252,0,0,0,0,0,0,0,125110583,250333606,483756611,171095394816,69442723,0,0,0,0,0,0,0,0,0,0,0,0,0,0,0,0,0,0,0,0,0,0,0,0,0,0,0,0,0,0,0,252691310,0,0,0,0,0
1788889369.387,0,0,0,0,0,0,0,789484737,4101661784576,1941549885952,0,0,0,0,0,0,0,0,0,0,0,0,0,0,0,0,0,0,0,0,0,0,0,0,0,0,0,0,0,0,0,0,0,0,0,0,0,0,0,0,0,0,0,0,0,0,0,0,0,0,0,0,0,0,0,0,0,0,1086231,250527777,106184071,0,0,0,0,0,0,0,0,0,0,0,0,0,0,0,0,0,0,0,0,0,0,0,0,0,0,0,0,0,0,0,0,0,0,0,0,0,12883001344,5090623488,786316,310707,0,116,786432,249667328,0,0,3852981899,12884901888,121152334,444483391,0,0,0,0,0,0,0,0,0,0,0,0,0,0,0,0,0,0,25320301,25320495,0,97,97,6268,329,50640564,35,0,0,0,0,0,0,0,1,0,0,0,0,0,0,0,0,0,0,28473622,0,58725880,504670,0,0,0,0,0,0,0,0,16384,0,0,0,0,0,0,0,0,0,0,0,4480,617,0,0,0,0,0,76973109,0,318,0,27,617,4480,0,0,0,0,0,0,0,0,0,0,0,0,0,0,0,0,0,0,0,0,0,0,0,0,0,0,0,0,0,0,0,0,0,0,0,0,0,0,0,0,0,0,0,0,0,0,0,0,0,0,0,0,0,330503976,0,0,0,379596003,0,0,0,0,0,0,0,125140365,250378602,483832476,171117890048,69457679,0,0,0,0,0,0,0,0,0,0,0,0,0,0,0,0,0,0,0,0,0,0,0,0,0,0,0,0,0,0,0,252694483,0,0,0,0,0
1788889370.416,0,0,0,0,0,0,0,789571542,4102327679488,1941844402688,0,0,0,0,0,0,0,0,0,0,0,0,0,0,0,0,0,0,0,0,0,0,0,0,0,0,0,0,0,0,0,0,0,0,0,0,0,0,0,0,0,0,0,0,0,0,0,0,0,0,0,0,0,0,0,0,0,0,1086384,250568505,106200598,0,0,0,0,0,0,0,0,0,0,0,0,0,0,0,0,0,0,0,0,0,0,0,0,0,0,0,0,0,0,0,0,0,0,0,0,0,12882984960,5072830464,786315,309621,0,116,786432,249707945,0,0,3853411152,12884901888,121188680,444528470,0,0,0,0,0,0,0,0,0,0,0,0,0,0,0,0,0,0,25323170,25323363,0,97,97,6268,329,50646310,35,0,0,0,0,0,0,0,1,0,0,0,0,0,0,0,0,0,0,28476847,0,58729171,504697,0,0,0,0,0,0,0,0,16384,0,0,0,0,0,0,0,0,0,0,0,4481,617,0,0,0,0,0,76981829,0,318,0,27,617,4481,0,0,0,0,0,0,0,0,0,0,0,0,0,0,0,0,0,0,0,0,0,0,0,0,0,0,0,0,0,0,0,0,0,0,0,0,0,0,0,0,0,0,0,0,0,0,0,0,0,0,0,0,0,330543836,0,0,0,379636532,0,0,0,0,0,0,0,125169734,250419283,483902014,171138396672,69473523,0,0,0,0,0,0,0,0,0,0,0,0,0,0,0,0,0,0,0,0,0,0,0,0,0,0,0,0,0,0,0,252697350,0,0,0,0,0
1788889371.443,0,0,0,0,0,0,0,789648924,4102912129536,1942068494336,0,0,0,0,0,0,0,0,0,0,0,0,0,0,0,0,0,0,0,0,0,0,0,0,0,0,0,0,0,0,0,0,0,0,0,0,0,0,0,0,0,0,0,0,0,0,0,0,0,0,0,0,0,0,0,0,0,0,1086518,250604246,106212994,0,0,0,0,0,0,0,0,0,0,0,0,0,0,0,0,0,0,0,0,0,0,0,0,0,0,0,0,0,0,0,0,0,0,0,0,0,12882821120,5093228544,786305,310866,0,127,786432,249743612,0,0,3853793025,12884901888,121223497,444568691,0,0,0,0,0,0,0,0,0,0,0,0,0,0,0,0,0,0,25325739,25325932,0,97,97,6268,329,50651437,35,0,0,0,0,0,0,0,1,0,0,0,0,0,0,0,0,0,0,28479738,0,58729299,504698,0,0,0,0,0,0,0,0,16384,0,0,0,0,0,0,0,0,0,0,0,4482,617,0,0,0,0,0,76989673,0,318,0,27,617,4482,0,0,0,0,0,0,0,0,0,0,0,0,0,0,0,0,0,0,0,0,0,0,0,0,0,0,0,0,0,0,0,0,0,0,0,0,0,0,0,0,0,0,0,0,0,0,0,0,0,0,0,0,0,330579123,0,0,0,379672703,0,0,0,0,0,0,0,125199252,250454975,483961882,171156554240,69490797,0,0,0,0,0,0,0,0,0,0,0,0,0,0,0,0,0,0,0,0,0,0,0,0,0,0,0,0,0,0,0,252699920,0,0,0,0,0
1788889372.470,0,0,0,0,0,0,0,789737719,4103590459904,1942368530944,0,0,0,0,0,0,0,0,0,0,0,0,0,0,0,0,0,0,0,0,0,0,0,0,0,0,0,0,0,0,0,0,0,0,0,0,0,0,0,0,0,0,0,0,0,0,0,0,0,0,0,0,0,0,0,0,0,0,1086671,250645738,106229843,0,0,0,0,0,0,0,0,0,0,0,0,0,0,0,0,0,0,0,0,0,0,0,0,0,0,0,0,0,0,0,0,0,0,0,0,0,12883017728,5074501632,786317,309723,0,115,786432,249784987,0,0,3854231623,12884901888,121259395,444614796,0,0,0,0,0,0,0,0,0,0,0,0,0,0,0,0,0,0,25328671,25328864,0,97,97,6268,329,50657313,35,0,0,0,0,0,0,0,1,0,0,0,0,0,0,0,0,0,0,28483036,0,58733105,504729,0,0,0,0,0,0,0,0,16384,0,0,0,0,0,0,0,0,0,0,0,4483,617,0,0,0,0,0,76998568,0,318,0,27,617,4483,0,0,0,0,0,0,0,0,0,0,0,0,0,0,0,0,0,0,0,0,0,0,0,0,0,0,0,0,0,0,0,0,0,0,0,0,0,0,0,0,0,0,0,0,0,0,0,0,0,0,0,0,0,330619561,0,0,0,379714184,0,0,0,0,0,0,0,125229330,250496431,484032126,171177358336,69507483,1,1,0,0,0,0,0,0,0,0,0,0,0,0,0,0,0,0,0,0,0,0,0,0,0,0,0,0,0,0,0,252702851,0,0,0,0,0
1788889373.497,0,0,0,0,0,0,0,789815263,4104180201984,1942592591872,0,0,0,0,0,0,0,0,0,0,0,0,0,0,0,0,0,0,0,0,0,0,0,0,0,0,0,0,0,0,0,0,0,0,0,0,0,0,0,0,0,0,0,0,0,0,0,0,0,0,0,0,0,0,0,0,0,0,1086822,250681798,106242221,0,0,0,0,0,0,0,0,0,0,0,0,0,0,0,0,0,0,0,0,0,0,0,0,0,0,0,0,0,0,0,0,0,0,0,0,0,12883116032,5096685568,786323,311077,0,109,786432,249820981,0,0,3854614241,12884901888,121294499,444655163,0,0,0,0,0,0,0,0,0,0,0,0,0,0,0,0,0,0,25331230,25331427,0,97,97,6268,329,50662426,35,0,0,0,0,0,0,0,1,0,0,0,0,0,0,0,0,0,0,28485920,0,58733233,504730,0,0,0,0,0,0,0,0,16384,0,0,0,0,0,0,0,0,0,0,0,4484,617,0,0,0,0,0,77006357,0,318,0,27,617,4484,0,0,0,0,0,0,0,0,0,0,0,0,0,0,0,0,0,0,0,0,0,0,0,0,0,0,0,0,0,0,0,0,0,0,0,0,0,0,0,0,0,0,0,0,0,0,0,0,0,0,0,0,0,330654854,0,0,0,379750368,0,0,0,0,0,0,0,125259306,250532449,484091959,171195523584,69525233,0,0,0,0,0,0,0,0,0,0,0,0,0,0,0,0,0,0,0,0,0,0,0,0,0,0,0,0,0,0,0,252705415,0,0,0,0,0
1788889374.524,0,0,0,0,0,0,0,789898870,4104816769536,1942877061120,0,0,0,0,0,0,0,0,0,0,0,0,0,0,0,0,0,0,0,0,0,0,0,0,0,0,0,0,0,0,0,0,0,0,0,0,0,0,0,0,0,0,0,0,0,0,0,0,0,0,0,0,0,0,0,0,0,0,1086976,250720719,106258200,0,0,0,0,0,0,0,0,0,0,0,0,0,0,0,0,0,0,0,0,0,0,0,0,0,0,0,0,0,0,0,0,0,0,0,0,0,12880134144,5080236032,786141,310073,180,111,786432,249859795,0,0,3855024885,12884901888,121329540,444698847,0,0,0,0,0,0,0,0,0,0,0,0,0,0,0,0,0,0,25333999,25334192,0,97,97,6268,329,50667957,35,0,0,0,0,0,0,0,1,0,0,0,0,0,0,0,0,0,0,28489030,0,58736415,504756,0,0,0,0,0,0,0,0,16384,0,0,0,0,0,0,0,0,0,0,0,4485,617,0,0,0,0,0,77014755,0,318,0,27,617,4485,0,0,0,0,0,0,0,0,0,0,0,0,0,0,0,0,0,0,0,0,0,0,0,0,0,0,0,0,0,0,0,0,0,0,0,0,0,0,0,0,0,0,0,0,0,0,0,0,0,0,0,0,0,330693276,0,0,0,379789538,0,0,0,0,0,0,0,125289224,250571335,484159065,171215304704,69542049,1,0,0,0,0,0,0,0,0,0,0,0,0,0,0,0,0,0,0,0,0,0,0,0,0,0,0,0,0,0,0,252708180,0,0,0,0,0
1788889375.553,0,0,0,0,0,0,0,789980498,4105434479104,1943112676352,0,0,0,0,0,0,0,0,0,0,0,0,0,0,0,0,0,0,0,0,0,0,0,0,0,0,0,0,0,0,0,0,0,0,0,0,0,0,0,0,0,0,0,0,0,0,0,0,0,0,0,0,0,0,0,0,0,0,1087176,250758486,106271216,0,0,0,0,0,0,0,0,0,0,0,0,0,0,0,0,0,0,0,0,0,0,0,0,0,0,0,0,0,0,0,0,0,0,0,0,0,12883001344,5106843648,786316,311697,0,116,786432,249897477,0,0,3855427654,12884901888,121365946,444741794,0,0,0,0,0,0,0,0,0,0,0,0,0,0,0,0,0,0,25336691,25336883,0,97,97,6268,329,50673348,35,0,0,0,0,0,0,0,1,0,0,0,0,0,0,0,0,0,0,28492057,0,58736543,504757,0,0,0,0,0,0,0,0,16384,0,0,0,0,0,0,0,0,0,0,0,4486,617,0,0,0,0,0,77022932,0,318,0,27,617,4486,0,0,0,0,0,0,0,0,0,0,0,0,0,0,0,0,0,0,0,0,0,0,0,0,0,0,0,0,0,0,0,0,0,0,0,0,0,0,0,0,0,0,0,0,0,0,0,0,0,0,0,0,0,330730536,0,0,0,379827722,0,0,0,0,0,0,0,125319876,250609070,484222156,171234489344,69559837,1,0,0,0,0,0,0,0,0,0,0,0,0,0,0,0,0,0,0,0,0,0,0,0,0,0,0,0,0,0,0,252710869,0,0,0,0,0
1788889376.581,0,0,0,0,0,0,0,790063271,4106066885120,1943392385024,0,0,0,0,0,0,0,0,0,0,0,0,0,0,0,0,0,0,0,0,0,0,0,0,0,0,0,0,0,0,0,0,0,0,0,0,0,0,0,0,0,0,0,0,0,0,0,0,0,0,0,0,0,0,0,0,0,0,1087300,250797149,106286927,0,0,0,0,0,0,0,0,0,0,0,0,0,0,0,0,0,0,0,0,0,0,0,0,0,0,0,0,0,0,0,0,0,0,0,0,0,12881657856,5090230272,786234,310683,94,104,786432,249936038,0,0,3855836306,12884901888,121400664,444784736,0,0,0,0,0,0,0,0,0,0,0,0,0,0,0,0,0,0,25339418,25339612,0,97,97,6268,329,50678789,35,0,0,0,0,0,0,0,1,0,0,0,0,0,0,0,0,0,0,28495126,0,58739891,504784,0,0,0,0,0,0,0,0,16384,0,0,0,0,0,0,0,0,0,0,0,4487,617,0,0,0,0,0,77031241,0,318,0,27,617,4487,0,0,0,0,0,0,0,0,0,0,0,0,0,0,0,0,0,0,0,0,0,0,0,0,0,0,0,0,0,0,0,0,0,0,0,0,0,0,0,0,0,0,0,0,0,0,0,0,0,0,0,0,0,330768091,0,0,0,379866325,0,0,0,0,0,0,0,125348451,250647696,484287736,171253849088,69575777,1,0,0,0,0,0,0,0,0,0,0,0,0,0,0,0,0,0,0,0,0,0,0,0,0,0,0,0,0,0,0,252713599,0,0,0,0,0
1788889377.608,0,0,0,0,0,0,0,790144351,4106686298624,1943629444096,0,0,0,0,0,0,0,0,0,0,0,0,0,0,0,0,0,0,0,0,0,0,0,0,0,0,0,0,0,0,0,0,0,0,0,0,0,0,0,0,0,0,0,0,0,0,0,0,0,0,0,0,0,0,0,0,0,0,1087437,250835041,106300055,0,0,0,0,0,0,0,0,0,0,0,0,0,0,0,0,0,0,0,0,0,0,0,0,0,0,0,0,0,0,0,0,0,0,0,0,0,12883099648,5110480896,786322,311919,0,110,786432,249973841,0,0,3856236579,12884901888,121437188,444826826,0,0,0,0,0,0,0,0,0,0,0,0,0,0,0,0,0,0,25342091,25342287,0,97,97,6268,329,50684144,35,0,0,0,0,0,0,0,1,0,0,0,0,0,0,0,0,0,0,28498136,0,58740019,504785,0,0,0,0,0,0,0,0,16384,0,0,0,0,0,0,0,0,0,0,0,4488,617,0,0,0,0,0,77039384,0,318,0,27,617,4488,0,0,0,0,0,0,0,0,0,0,0,0,0,0,0,0,0,0,0,0,0,0,0,0,0,0,0,0,0,0,0,0,0,0,0,0,0,0,0,0,0,0,0,0,0,0,0,0,0,0,0,0,0,330804859,0,0,0,379904199,0,0,0,0,0,0,0,125379318,250685535,484350528,171272793600,69593674,1,0,0,0,0,0,0,0,0,0,0,0,0,0,0,0,0,0,0,0,0,0,0,0,0,0,0,0,0,0,0,252716275,0,0,0,0,0
1788889378.634,0,0,0,0,0,0,0,790231802,4107355552256,1943922705408,0,0,0,0,0,0,0,0,0,0,0,0,0,0,0,0,0,0,0,0,0,0,0,0,0,0,0,0,0,0,0,0,0,0,0,0,0,0,0,0,0,0,0,0,0,0,0,0,0,0,0,0,0,0,0,0,0,0,1087630,250875988,106316499,0,0,0,0,0,0,0,0,0,0,0,0,0,0,0,0,0,0,0,0,0,0,0,0,0,0,0,0,0,0,0,0,0,0,0,0,0,12882984960,5098192896,786315,311169,0,117,786432,250014677,0,0,3856668908,12884901888,121474183,444872641,0,0,0,0,0,0,0,0,0,0,0,0,0,0,0,0,0,0,25344973,25345166,0,97,97,6268,329,50689915,35,0,0,0,0,0,0,0,1,0,0,0,0,0,0,0,0,0,0,28501374,0,58743117,504810,0,0,0,0,0,0,0,0,16384,0,0,0,0,0,0,0,0,0,0,0,4489,617,0,0,0,0,0,77048132,0,318,0,27,617,4489,0,0,0,0,0,0,0,0,0,0,0,0,0,0,0,0,0,0,0,0,0,0,0,0,0,0,0,0,0,0,0,0,0,0,0,0,0,0,0,0,0,0,0,0,0,0,0,0,0,0,0,0,0,330844981,0,0,0,379945040,0,0,0,0,0,0,0,125409722,250726436,484420323,171293435392,69610473,1,0,0,0,0,0,0,0,0,0,0,0,0,0,0,0,0,0,0,0,0,0,0,0,0,0,0,0,0,0,0,252719152,0,0,0,0,0
1788889379.662,0,0,0,0,0,0,0,790304435,4107911068160,1944136465920,0,0,0,0,0,0,0,0,0,0,0,0,0,0,0,0,0,0,0,0,0,0,0,0,0,0,0,0,0,0,0,0,0,0,0,0,0,0,0,0,0,0,0,0,0,0,0,0,0,0,0,0,0,0,0,0,0,0,1087738,250909946,106328315,0,0,0,0,0,0,0,0,0,0,0,0,0,0,0,0,0,0,0,0,0,0,0,0,0,0,0,0,0,0,0,0,0,0,0,0,0,12883017728,5115953152,786317,312253,1,114,786432,250048567,0,0,3857027227,12884901888,121507074,444910271,0,0,0,0,0,0,0,0,0,0,0,0,0,0,0,0,0,0,25347372,25347560,0,97,97,6268,329,50694712,35,0,0,0,0,0,0,0,1,0,0,0,0,0,0,0,0,0,0,28504069,0,58743245,504812,0,0,0,0,0,0,0,0,16384,0,0,0,0,0,0,0,0,0,0,0,4490,617,0,0,0,0,0,77055427,0,318,0,27,617,4490,0,0,0,0,0,0,0,0,0,0,0,0,0,0,0,0,0,0,0,0,0,0,0,0,0,0,0,0,0,0,0,0,0,0,0,0,0,0,0,0,0,0,0,0,0,0,0,0,0,0,0,0,0,330878436,0,0,0,379979021,0,0,0,0,0,0,0,125438330,250760379,484477128,171310643712,69627534,1,1,0,0,0,0,0,0,0,0,0,0,0,0,0,0,0,0,0,0,0,0,0,0,0,0,0,0,0,0,0,252721548,0,0,0,0,0
1788889380.688,0,0,0,0,0,0,0,790391586,4108574620160,1944429082112,0,0,0,0,0,0,0,0,0,0,0,0,0,0,0,0,0,0,0,0,0,0,0,0,0,0,0,0,0,0,0,0,0,0,0,0,0,0,0,0,0,0,0,0,0,0,0,0,0,0,0,0,0,0,0,0,0,0,1087885,250950541,106344734,0,0,0,0,0,0,0,0,0,0,0,0,0,0,0,0,0,0,0,0,0,0,0,0,0,0,0,0,0,0,0,0,0,0,0,0,0,12882870272,5100290048,786308,311297,0,124,786432,250089072,0,0,3857457876,12884901888,121543428,444955615,0,0,0,0,0,0,0,0,0,0,0,0,0,0,0,0,0,0,25350259,25350456,0,97,97,6268,329,50700482,35,0,0,0,0,0,0,0,1,0,0,0,0,0,0,0,0,0,0,28507324,0,58746549,504838,0,0,0,0,0,0,0,0,16384,0,0,0,0,0,0,0,0,0,0,0,4491,617,0,0,0,0,0,77064224,0,318,0,27,617,4491,0,0,0,0,0,0,0,0,0,0,0,0,0,0,0,0,0,0,0,0,0,0,0,0,0,0,0,0,0,0,0,0,0,0,0,0,0,0,0,0,0,0,0,0,0,0,0,0,0,0,0,0,0,330918457,0,0,0,380019819,0,0,0,0,0,0,0,125468520,250800899,484546700,171331246080,69644218,0,0,0,0,0,0,0,0,0,0,0,0,0,0,0,0,0,0,0,0,0,0,0,0,0,0,0,0,0,0,0,252724443,0,0,0,0,0
1788889381.715,0,0,0,0,0,0,0,790474044,4109204486656,1944706428416,0,0,0,0,0,0,0,0,0,0,0,0,0,0,0,0,0,0,0,0,0,0,0,0,0,0,0,0,0,0,0,0,0,0,0,0,0,0,0,0,0,0,0,0,0,0,0,0,0,0,0,0,0,0,0,0,0,0,1088036,250989065,106360278,0,0,0,0,0,0,0,0,0,0,0,0,0,0,0,0,0,0,0,0,0,0,0,0,0,0,0,0,0,0,0,0,0,0,0,0,0,12883066880,5086101504,786321,310431,0,111,786432,250127503,0,0,3857864922,12884901888,121578431,444998448,0,0,0,0,0,0,0,0,0,0,0,0,0,0,0,0,0,0,25352985,25353172,0,97,97,6268,329,50705921,35,0,0,0,0,0,0,0,1,0,0,0,0,0,0,0,0,0,0,28510381,0,58749401,504863,0,0,0,0,0,0,0,0,16384,0,0,0,0,0,0,0,0,0,0,0,4492,617,0,0,0,0,0,77072478,0,318,0,27,617,4492,0,0,0,0,0,0,0,0,0,0,0,0,0,0,0,0,0,0,0,0,0,0,0,0,0,0,0,0,0,0,0,0,0,0,0,0,0,0,0,0,0,0,0,0,0,0,0,0,0,0,0,0,0,330956188,0,0,0,380058303,0,0,0,0,0,0,0,125497738,250839389,484612354,171350656000,69660694,1,0,0,0,0,0,0,0,0,0,0,0,0,0,0,0,0,0,0,0,0,0,0,0,0,0,0,0,0,0,0,252727159,0,0,0,0,0
1788889382.742,0,0,0,0,0,0,0,790559083,4109849508352,1944957894144,0,0,0,0,0,0,0,0,0,0,0,0,0,0,0,0,0,0,0,0,0,0,0,0,0,0,0,0,0,0,0,0,0,0,0,0,0,0,0,0,0,0,0,0,0,0,0,0,0,0,0,0,0,0,0,0,0,0,1088224,251028496,106374218,0,0,0,0,0,0,0,0,0,0,0,0,0,0,0,0,0,0,0,0,0,0,0,0,0,0,0,0,0,0,0,0,0,0,0,0,0,12883034112,5106974720,786317,311705,0,115,786432,250166859,0,0,3858284680,12884901888,121616183,445043087,0,0,0,0,0,0,0,0,0,0,0,0,0,0,0,0,0,0,25355789,25355978,0,97,97,6268,329,50711533,35,0,0,0,0,0,0,0,1,0,0,0,0,0,0,0,0,0,0,28513537,0,58750052,504867,0,0,0,0,0,0,0,0,16384,0,0,0,0,0,0,0,0,0,0,0,4493,617,0,0,0,0,0,77080999,0,318,0,27,617,4493,0,0,0,0,0,0,0,0,0,0,0,0,0,0,0,0,0,0,0,0,0,0,0,0,0,0,0,0,0,0,0,0,0,0,0,0,0,0,0,0,0,0,0,0,0,0,0,0,0,0,0,0,0,330995184,0,0,0,380098103,0,0,0,0,0,0,0,125529458,250878788,484678705,171370718720,69678862,1,0,0,0,0,0,0,0,0,0,0,0,0,0,0,0,0,0,0,0,0,0,0,0,0,0,0,0,0,0,0,252729963,0,0,0,0,0
1788889383.769,0,0,0,0,0,0,0,790649111,4110536571392,1945257906688,0,0,0,0,0,0,0,0,0,0,0,0,0,0,0,0,0,0,0,0,0,0,0,0,0,0,0,0,0,0,0,0,0,0,0,0,0,0,0,0,0,0,0,0,0,0,0,0,0,0,0,0,0,0,0,0,0,0,1088360,251070538,106391022,0,0,0,0,0,0,0,0,0,0,0,0,0,0,0,0,0,0,0,0,0,0,0,0,0,0,0,0,0,0,0,0,0,0,0,0,0,12883034112,5095079936,786317,310979,0,115,786432,250208793,0,0,3858729218,12884901888,121652268,445089820,0,0,0,0,0,0,0,0,0,0,0,0,0,0,0,0,0,0,25358757,25358947,0,97,97,6268,329,50717476,35,0,0,0,0,0,0,0,1,0,0,0,0,0,0,0,0,0,0,28516877,0,58753831,504898,0,0,0,0,0,0,0,0,16384,0,0,0,0,0,0,0,0,0,0,0,4494,617,0,0,0,0,0,77090060,0,318,0,27,617,4494,0,0,0,0,0,0,0,0,0,0,0,0,0,0,0,0,0,0,0,0,0,0,0,0,0,0,0,0,0,0,0,0,0,0,0,0,0,0,0,0,0,0,0,0,0,0,0,0,0,0,0,0,0,331036680,0,0,0,380140185,0,0,0,0,0,0,0,125558628,250920769,484749953,171392065024,69694672,1,0,0,0,0,0,0,0,0,0,0,0,0,0,0,0,0,0,0,0,0,0,0,0,0,0,0,0,0,0,0,252732935,0,0,0,0,0
1788889384.798,0,0,0,0,0,0,0,790729654,4111153003008,1945494152192,0,0,0,0,0,0,0,0,0,0,0,0,0,0,0,0,0,0,0,0,0,0,0,0,0,0,0,0,0,0,0,0,0,0,0,0,0,0,0,0,0,0,0,0,0,0,0,0,0,0,0,0,0,0,0,0,0,0,1088507,251108244,106404086,0,0,0,0,0,0,0,0,0,0,0,0,0,0,0,0,0,0,0,0,0,0,0,0,0,0,0,0,0,0,0,0,0,0,0,0,0,12883050496,5112823808,786319,312062,0,113,786432,250246412,0,0,3859126356,12884901888,121688932,445131590,0,0,0,0,0,0,0,0,0,0,0,0,0,0,0,0,0,0,25361440,25361632,0,97,97,6268,329,50722844,35,0,0,0,0,0,0,0,1,0,0,0,0,0,0,0,0,0,0,28519898,0,58753959,504899,0,0,0,0,0,0,0,0,16384,0,0,0,0,0,0,0,0,0,0,0,4495,617,0,0,0,0,0,77098241,0,318,0,27,617,4495,0,0,0,0,0,0,0,0,0,0,0,0,0,0,0,0,0,0,0,0,0,0,0,0,0,0,0,0,0,0,0,0,0,0,0,0,0,0,0,0,0,0,0,0,0,0,0,0,0,0,0,0,0,331073568,0,0,0,380177795,0,0,0,0,0,0,0,125588799,250958427,484812763,171411033088,69711931,0,0,0,0,0,0,0,0,0,0,0,0,0,0,0,0,0,0,0,0,0,0,0,0,0,0,0,0,0,0,0,252735620,0,0,0,0,0
1788889385.825,0,0,0,0,0,0,0,790820703,4111845014016,1945799532032,0,0,0,0,0,0,0,0,0,0,0,0,0,0,0,0,0,0,0,0,0,0,0,0,0,0,0,0,0,0,0,0,0,0,0,0,0,0,0,0,0,0,0,0,0,0,0,0,0,0,0,0,0,0,0,0,0,0,1088665,251150556,106421126,0,0,0,0,0,0,0,0,0,0,0,0,0,0,0,0,0,0,0,0,0,0,0,0,0,0,0,0,0,0,0,0,0,0,0,0,0,12882149376,5096259584,786264,311051,55,113,786432,250288597,0,0,3859582749,12884901888,121727469,445186375,0,0,0,0,0,0,0,0,0,0,0,0,0,0,0,0,0,0,25364499,25364695,0,97,97,6268,329,50728949,35,0,0,0,0,0,0,0,1,0,0,0,0,0,0,0,0,0,0,28523343,0,58756807,504924,0,0,0,0,0,0,0,0,16384,0,0,0,0,0,0,0,0,0,0,0,4496,617,0,0,0,0,0,77107546,0,318,0,27,617,4496,0,0,0,0,0,0,0,0,0,0,0,0,0,0,0,0,0,0,0,0,0,0,0,0,0,0,0,0,0,0,0,0,0,0,0,0,0,0,0,0,0,0,0,0,0,0,0,0,0,0,0,0,0,331116989,0,0,0,380223207,0,0,0,0,0,0,0,125618667,251000719,484887073,171433357312,69727620,1,0,0,0,0,0,0,0,0,0,0,0,0,0,0,0,0,0,0,0,0,0,0,0,0,0,0,0,0,0,0,252735822,0,0,0,0,0
1788889386.853,0,0,0,0,0,0,0,790903578,4112476224000,1946042319360,0,0,0,0,0,0,0,0,0,0,0,0,0,0,0,0,0,0,0,0,0,0,0,0,0,0,0,0,0,0,0,0,0,0,0,0,0,0,0,0,0,0,0,0,0,0,0,0,0,0,0,0,0,0,0,0,0,0,1088675,251189159,106434506,0,0,0,0,0,0,0,0,0,0,0,0,0,0,0,0,0,0,0,0,0,0,0,0,0,0,0,0,0,0,0,0,0,0,0,0,0,12883034112,5113692160,786318,312115,0,114,786432,250327140,0,0,3860002072,12884901888,121764181,445239326,0,0,0,0,0,0,0,0,0,0,0,0,0,0,0,0,0,0,25367275,25367469,0,97,97,6268,329,50734508,35,0,0,0,0,0,0,0,1,0,0,0,0,0,0,0,0,0,0,28526464,0,58757409,504927,0,0,0,0,0,0,0,0,16384,0,0,0,0,0,0,0,0,0,0,0,4497,617,0,0,0,0,0,77115972,0,318,0,27,617,4497,0,0,0,0,0,0,0,0,0,0,0,0,0,0,0,0,0,0,0,0,0,0,0,0,0,0,0,0,0,0,0,0,0,0,0,0,0,0,0,0,0,0,0,0,0,0,0,0,0,0,0,0,0,331156908,0,0,0,380265790,0,0,0,0,0,0,0,125647714,251039273,484953292,171453890048,69743622,1,0,0,0,0,0,0,0,0,0,0,0,0,0,0,0,0,0,0,0,0,0,0,0,0,0,0,0,0,0,0,252734717,0,0,0,0,0
1788889387.880,0,0,0,0,0,0,0,791006943,4113264622080,1946385499648,0,0,0,0,0,0,0,0,0,0,0,0,0,0,0,0,0,0,0,0,0,0,0,0,0,0,0,0,0,0,0,0,0,0,0,0,0,0,0,0,0,0,0,0,0,0,0,0,0,0,0,0,0,0,0,0,0,0,1088677,251237370,106453617,0,0,0,0,0,0,0,0,0,0,0,0,0,0,0,0,0,0,0,0,0,0,0,0,0,0,0,0,0,0,0,0,0,0,0,0,0,12883312640,5095391232,786335,310998,0,97,786432,250375208,0,0,3860528226,12884901888,121805934,445308543,0,0,0,0,0,0,0,0,0,0,0,0,0,0,0,0,0,0,25370730,25370927,0,97,97,6268,329,50741424,35,0,0,0,0,0,0,0,1,0,0,0,0,0,0,0,0,0,0,28530348,0,58761352,504959,0,0,0,0,0,0,0,0,16384,0,0,0,0,0,0,0,0,0,0,0,4498,617,0,0,0,0,0,77126480,0,318,0,27,617,4498,0,0,0,0,0,0,0,0,0,0,0,0,0,0,0,0,0,0,0,0,0,0,0,0,0,0,0,0,0,0,0,0,0,0,0,0,0,0,0,0,0,0,0,0,0,0,0,0,0,0,0,0,0,331207748,0,0,0,380320019,0,0,0,0,0,0,0,125677974,251087431,485038317,171479993344,69758397,1,0,0,0,0,0,0,0,0,0,0,0,0,0,0,0,0,0,0,0,0,0,0,0,0,0,0,0,0,0,0,252732027,0,0,0,0,0
1788889388.907,0,0,0,0,0,0,0,791089699,4113898519040,1946635396608,0,0,0,0,0,0,0,0,0,0,0,0,0,0,0,0,0,0,0,0,0,0,0,0,0,0,0,0,0,0,0,0,0,0,0,0,0,0,0,0,0,0,0,0,0,0,0,0,0,0,0,0,0,0,0,0,0,0,1088686,251276133,106467140,0,0,0,0,0,0,0,0,0,0,0,0,0,0,0,0,0,0,0,0,0,0,0,0,0,0,0,0,0,0,0,0,0,0,0,0,0,12880166912,5114757120,786143,312180,162,127,786432,250413884,0,0,3860958997,12884901888,121843413,445372999,0,0,0,0,0,0,0,0,0,0,0,0,0,0,0,0,0,0,25373503,25373699,0,97,97,6268,329,50746972,35,0,0,0,0,0,0,0,1,0,0,0,0,0,0,0,0,0,0,28533465,0,58761480,504961,0,0,0,0,0,0,0,0,16384,0,0,0,0,0,0,0,0,0,0,0,4499,617,0,0,0,0,0,77134891,0,318,0,27,617,4499,0,0,0,0,0,0,0,0,0,0,0,0,0,0,0,0,0,0,0,0,0,0,0,0,0,0,0,0,0,0,0,0,0,0,0,0,0,0,0,0,0,0,0,0,0,0,0,0,0,0,0,0,0,331248987,0,0,0,380367240,0,0,0,0,0,0,0,125709291,251126144,485106547,171501209600,69776400,0,0,0,0,0,0,0,0,0,0,0,0,0,0,0,0,0,0,0,0,0,0,0,0,0,0,0,0,0,0,0,252726273,0,0,0,0,0
1788889389.935,0,0,0,0,0,0,0,791193417,4114682624512,1946972828672,0,0,0,0,0,0,0,0,0,0,0,0,0,0,0,0,0,0,0,0,0,0,0,0,0,0,0,0,0,0,0,0,0,0,0,0,0,0,0,0,0,0,0,0,0,0,0,0,0,0,0,0,0,0,0,0,0,0,1088696,251324106,106486213,0,0,0,0,0,0,0,0,0,0,0,0,0,0,0,0,0,0,0,0,0,0,0,0,0,0,0,0,0,0,0,0,0,0,0,0,0,12883165184,5095915520,786326,311030,0,106,786432,250461738,0,0,3861475377,12884901888,121885093,445431552,0,0,0,0,0,0,0,0,0,0,0,0,0,0,0,0,0,0,25376989,25377182,0,97,97,6268,329,50753938,35,0,0,0,0,0,0,0,1,0,0,0,0,0,0,0,0,0,0,28537382,0,58765273,504991,0,0,0,0,0,0,0,0,16384,0,0,0,0,0,0,0,0,0,0,0,4500,617,0,0,0,0,0,77145467,0,318,0,27,617,4500,0,0,0,0,0,0,0,0,0,0,0,0,0,0,0,0,0,0,0,0,0,0,0,0,0,0,0,0,0,0,0,0,0,0,0,0,0,0,0,0,0,0,0,0,0,0,0,0,0,0,0,0,0,331297067,0,0,0,380417343,0,0,0,0,0,0,0,125742117,251174077,485188667,171525946880,69793600,1,0,0,0,0,0,0,0,0,0,0,0,0,0,0,0,0,0,0,0,0,0,0,0,0,0,0,0,0,0,0,252728120,0,0,0,0,0
1788889390.962,0,0,0,0,0,0,0,791271393,4115276446208,1947200337408,0,0,0,0,0,0,0,0,0,0,0,0,0,0,0,0,0,0,0,0,0,0,0,0,0,0,0,0,0,0,0,0,0,0,0,0,0,0,0,0,0,0,0,0,0,0,0,0,0,0,0,0,0,0,0,0,0,0,1088703,251360434,106498697,0,0,0,0,0,0,0,0,0,0,0,0,0,0,0,0,0,0,0,0,0,0,0,0,0,0,0,0,0,0,0,0,0,0,0,0,0,12882804736,5116313600,786303,312275,0,129,786432,250497986,0,0,3861874726,12884901888,121920312,445486689,0,0,0,0,0,0,0,0,0,0,0,0,0,0,0,0,0,0,25379601,25379800,0,97,97,6268,329,50759161,35,0,0,0,0,0,0,0,1,0,0,0,0,0,0,0,0,0,0,28540329,0,58765401,504992,0,0,0,0,0,0,0,0,16384,0,0,0,0,0,0,0,0,0,0,0,4501,617,0,0,0,0,0,77153437,0,318,0,27,617,4501,0,0,0,0,0,0,0,0,0,0,0,0,0,0,0,0,0,0,0,0,0,0,0,0,0,0,0,0,0,0,0,0,0,0,0,0,0,0,0,0,0,0,0,0,0,0,0,0,0,0,0,0,0,331335723,0,0,0,380459721,0,0,0,0,0,0,0,125771980,251210350,485252049,171545815552,69811142,1,0,0,0,0,0,0,0,0,0,0,0,0,0,0,0,0,0,0,0,0,0,0,0,0,0,0,0,0,0,0,252724784,0,0,0,0,0
1788889391.990,0,0,0,0,0,0,0,791362570,4115971242496,1947502655488,0,0,0,0,0,0,0,0,0,0,0,0,0,0,0,0,0,0,0,0,0,0,0,0,0,0,0,0,0,0,0,0,0,0,0,0,0,0,0,0,0,0,0,0,0,0,0,0,0,0,0,0,0,0,0,0,0,0,1088708,251402937,106515556,0,0,0,0,0,0,0,0,0,0,0,0,0,0,0,0,0,0,0,0,0,0,0,0,0,0,0,0,0,0,0,0,0,0,0,0,0,12883378176,5101993984,786339,311401,0,93,786432,250540371,0,0,3862338291,12884901888,121958176,445546750,0,0,0,0,0,0,0,0,0,0,0,0,0,0,0,0,0,0,25382646,25382844,0,97,97,6268,329,50765245,35,0,0,0,0,0,0,0,1,0,0,0,0,0,0,0,0,0,0,28543738,0,58768561,505018,0,0,0,0,0,0,0,0,16384,0,0,0,0,0,0,0,0,0,0,0,4502,617,0,0,0,0,0,77162630,0,318,0,27,617,4502,0,0,0,0,0,0,0,0,0,0,0,0,0,0,0,0,0,0,0,0,0,0,0,0,0,0,0,0,0,0,0,0,0,0,0,0,0,0,0,0,0,0,0,0,0,0,0,0,0,0,0,0,0,331379661,0,0,0,380507256,0,0,0,0,0,0,0,125804243,251252815,485326427,171568414720,69829382,0,0,0,0,0,0,0,0,0,0,0,0,0,0,0,0,0,0,0,0,0,0,0,0,0,0,0,0,0,0,0,252722622,0,0,0,0,0
1788889393.019,0,0,0,0,0,0,0,791453871,4116664334848,1947767043072,0,0,0,0,0,0,0,0,0,0,0,0,0,0,0,0,0,0,0,0,0,0,0,0,0,0,0,0,0,0,0,0,0,0,0,0,0,0,0,0,0,0,0,0,0,0,0,0,0,0,0,0,0,0,0,0,0,0,1088714,251445314,106530122,0,0,0,0,0,0,0,0,0,0,0,0,0,0,0,0,0,0,0,0,0,0,0,0,0,0,0,0,0,0,0,0,0,0,0,0,0,12883214336,5125095424,786330,312811,1,102,786432,250582629,0,0,3862794002,12884901888,121996993,445599704,0,0,0,0,0,0,0,0,0,0,0,0,0,0,0,0,0,0,25385717,25385907,0,97,97,6268,329,50771400,35,0,0,0,0,0,0,0,1,0,0,0,0,0,0,0,0,0,0,28547196,0,58769350,505025,0,0,0,0,0,0,0,0,16384,0,0,0,0,0,0,0,0,0,0,0,4503,617,0,0,0,0,0,77171995,0,318,0,27,617,4503,0,0,0,0,0,0,0,0,0,0,0,0,0,0,0,0,0,0,0,0,0,0,0,0,0,0,0,0,0,0,0,0,0,0,0,0,0,0,0,0,0,0,0,0,0,0,0,0,0,0,0,0,0,331422617,0,0,0,380552017,0,0,0,0,0,0,0,125836480,251295128,485397616,171590494720,69847828,1,0,0,0,0,0,0,0,0,0,0,0,0,0,0,0,0,0,0,0,0,0,0,0,0,0,0,0,0,0,0,252723714,0,0,0,0,0
1788889394.047,0,0,0,0,0,0,0,791553061,4117419293184,1948088651264,0,0,0,0,0,0,0,0,0,0,0,0,0,0,0,0,0,0,0,0,0,0,0,0,0,0,0,0,0,0,0,0,0,0,0,0,0,0,0,0,0,0,0,0,0,0,0,0,0,0,0,0,0,0,0,0,0,0,1088721,251491494,106548049,0,0,0,0,0,0,0,0,0,0,0,0,0,0,0,0,0,0,0,0,0,0,0,0,0,0,0,0,0,0,0,0,0,0,0,0,0,12883181568,5113511936,786326,312104,0,105,786432,250628678,0,0,3863289681,12884901888,122038334,445656761,0,0,0,0,0,0,0,0,0,0,0,0,0,0,0,0,0,0,25389046,25389243,0,97,97,6268,329,50778052,35,0,0,0,0,0,0,0,1,0,0,0,0,0,0,0,0,0,0,28550949,0,58772679,505052,0,0,0,0,0,0,0,0,16384,0,0,0,0,0,0,0,0,0,0,0,4504,617,0,0,0,0,0,77182153,0,318,0,27,617,4504,0,0,0,0,0,0,0,0,0,0,0,0,0,0,0,0,0,0,0,0,0,0,0,0,0,0,0,0,0,0,0,0,0,0,0,0,0,0,0,0,0,0,0,0,0,0,0,0,0,0,0,0,0,331469765,0,0,0,380600550,0,0,0,0,0,0,0,125868352,251341196,485477136,171614729216,69864830,0,0,0,0,0,0,0,0,0,0,0,0,0,0,0,0,0,0,0,0,0,0,0,0,0,0,0,0,0,0,0,252724831,0,0,0,0,0
1788889395.075,0,0,0,0,0,0,0,791631213,4118011132416,1948313007616,0,0,0,0,0,0,0,0,0,0,0,0,0,0,0,0,0,0,0,0,0,0,0,0,0,0,0,0,0,0,0,0,0,0,0,0,0,0,0,0,0,0,0,0,0,0,0,0,0,0,0,0,0,0,0,0,0,0,1088737,251527677,106560453,0,0,0,0,0,0,0,0,0,0,0,0,0,0,0,0,0,0,0,0,0,0,0,0,0,0,0,0,0,0,0,0,0,0,0,0,0,12883345408,5133451264,786337,313321,0,95,786432,250664778,0,0,3863674851,12884901888,122073453,445697014,0,0,0,0,0,0,0,0,0,0,0,0,0,0,0,0,0,0,25391621,25391811,0,97,97,6268,329,50783206,35,0,0,0,0,0,0,0,1,0,0,0,0,0,0,0,0,0,0,28553839,0,58772807,505053,0,0,0,0,0,0,0,0,16384,0,0,0,0,0,0,0,0,0,0,0,4505,617,0,0,0,0,0,77189969,0,318,0,27,617,4505,0,0,0,0,0,0,0,0,0,0,0,0,0,0,0,0,0,0,0,0,0,0,0,0,0,0,0,0,0,0,0,0,0,0,0,0,0,0,0,0,0,0,0,0,0,0,0,0,0,0,0,0,0,331505411,0,0,0,380636937,0,0,0,0,0,0,0,125898066,251377360,485537385,171633085952,69882289,0,1,0,0,0,0,0,0,0,0,0,0,0,0,0,0,0,0,0,0,0,0,0,0,0,0,0,0,0,0,0,252727399,0,0,0,0,0
1788889396.102,0,0,0,0,0,0,0,791723074,4118708288000,1948616835584,0,0,0,0,0,0,0,0,0,0,0,0,0,0,0,0,0,0,0,0,0,0,0,0,0,0,0,0,0,0,0,0,0,0,0,0,0,0,0,0,0,0,0,0,0,0,0,0,0,0,0,0,0,0,0,0,0,0,1088784,251570315,106577467,0,0,0,0,0,0,0,0,0,0,0,0,0,0,0,0,0,0,0,0,0,0,0,0,0,0,0,0,0,0,0,0,0,0,0,0,0,12883001344,5119148032,786316,312447,0,116,786432,250707310,0,0,3864128576,12884901888,122110175,445744567,0,0,0,0,0,0,0,0,0,0,0,0,0,0,0,0,0,0,25394670,25394863,0,97,97,6268,329,50789312,35,0,0,0,0,0,0,0,1,0,0,0,0,0,0,0,0,0,0,28557272,0,58776640,505085,0,0,0,0,0,0,0,0,16384,0,0,0,0,0,0,0,0,0,0,0,4506,617,0,0,0,0,0,77199241,0,318,0,27,617,4506,0,0,0,0,0,0,0,0,0,0,0,0,0,0,0,0,0,0,0,0,0,0,0,0,0,0,0,0,0,0,0,0,0,0,0,0,0,0,0,0,0,0,0,0,0,0,0,0,0,0,0,0,0,331548080,0,0,0,380679852,0,0,0,0,0,0,0,125928539,251419934,485610098,171655054848,69899280,1,0,0,0,0,0,0,0,0,0,0,0,0,0,0,0,0,0,0,0,0,0,0,0,0,0,0,0,0,0,0,252730451,0,0,0,0,0
1788889397.129,0,0,0,0,0,0,0,791800081,4119293344256,1948837478912,0,0,0,0,0,0,0,0,0,0,0,0,0,0,0,0,0,0,0,0,0,0,0,0,0,0,0,0,0,0,0,0,0,0,0,0,0,0,0,0,0,0,0,0,0,0,0,0,0,0,0,0,0,0,0,0,0,0,1088837,251606091,106589631,0,0,0,0,0,0,0,0,0,0,0,0,0,0,0,0,0,0,0,0,0,0,0,0,0,0,0,0,0,0,0,0,0,0,0,0,0,12883017728,5141561344,786317,313816,0,115,786432,250743001,0,0,3864508730,12884901888,122144906,445784556,0,0,0,0,0,0,0,0,0,0,0,0,0,0,0,0,0,0,25397215,25397407,0,97,97,6268,329,50794393,35,0,0,0,0,0,0,0,1,0,0,0,0,0,0,0,0,0,0,28560133,0,58776768,505086,0,0,0,0,0,0,0,0,16384,0,0,0,0,0,0,0,0,0,0,0,4507,617,0,0,0,0,0,77206969,0,318,0,27,617,4507,0,0,0,0,0,0,0,0,0,0,0,0,0,0,0,0,0,0,0,0,0,0,0,0,0,0,0,0,0,0,0,0,0,0,0,0,0,0,0,0,0,0,0,0,0,0,0,0,0,0,0,0,0,331584021,0,0,0,380715811,0,0,0,0,0,0,0,125958650,251455654,485670144,171673537024,69917385,0,0,0,0,0,0,0,0,0,0,0,0,0,0,0,0,0,0,0,0,0,0,0,0,0,0,0,0,0,0,0,252732995,0,0,0,0,0
1788889398.157,0,0,0,0,0,0,0,791890315,4119978162688,1949135662592,0,0,0,0,0,0,0,0,0,0,0,0,0,0,0,0,0,0,0,0,0,0,0,0,0,0,0,0,0,0,0,0,0,0,0,0,0,0,0,0,0,0,0,0,0,0,0,0,0,0,0,0,0,0,0,0,0,0,1088923,251647973,106606331,0,0,0,0,0,0,0,0,0,0,0,0,0,0,0,0,0,0,0,0,0,0,0,0,0,0,0,0,0,0,0,0,0,0,0,0,0,12883116032,5127962624,786323,312986,0,109,786432,250784781,0,0,3864954029,12884901888,122182573,445831393,0,0,0,0,0,0,0,0,0,0,0,0,0,0,0,0,0,0,25400197,25400395,0,97,97,6268,329,50800359,35,0,0,0,0,0,0,0,1,0,0,0,0,0,0,0,0,0,0,28563488,0,58780032,505113,0,0,0,0,0,0,0,0,16384,0,0,0,0,0,0,0,0,0,0,0,4509,617,0,0,0,0,0,77216041,0,318,0,27,617,4509,0,0,0,0,0,0,0,0,0,0,0,0,0,0,0,0,0,0,0,0,0,0,0,0,0,0,0,0,0,0,0,0,0,0,0,0,0,0,0,0,0,0,0,0,0,0,0,0,0,0,0,0,0,331625926,0,0,0,380757968,0,0,0,0,0,0,0,125989097,251497472,485742075,171695067136,69934116,1,0,0,0,0,0,0,0,0,0,0,0,0,0,0,0,0,0,0,0,0,0,0,0,0,0,0,0,0,0,0,252735980,0,0,0,0,0
1788889399.186,0,0,0,0,0,0,0,791974055,4120618121728,1949417023488,0,0,0,0,0,0,0,0,0,0,0,0,0,0,0,0,0,0,0,0,0,0,0,0,0,0,0,0,0,0,0,0,0,0,0,0,0,0,0,0,0,0,0,0,0,0,0,0,0,0,0,0,0,0,0,0,0,0,1088975,251687115,106621973,0,0,0,0,0,0,0,0,0,0,0,0,0,0,0,0,0,0,0,0,0,0,0,0,0,0,0,0,0,0,0,0,0,0,0,0,0,12879921152,5116182528,786128,312267,185,119,786432,250823824,0,0,3865367756,12884901888,122218292,445875547,0,0,0,0,0,0,0,0,0,0,0,0,0,0,0,0,0,0,25402971,25403163,0,97,97,6268,329,50805902,35,0,0,0,0,0,0,0,1,0,0,0,0,0,0,0,0,0,0,28566606,0,58782880,505138,0,0,0,0,0,0,0,0,16384,0,0,0,0,0,0,0,0,0,0,0,4510,617,0,0,0,0,0,77224475,0,318,0,27,617,4510,0,0,0,0,0,0,0,0,0,0,0,0,0,0,0,0,0,0,0,0,0,0,0,0,0,0,0,0,0,0,0,0,0,0,0,0,0,0,0,0,0,0,0,0,0,0,0,0,0,0,0,0,0,331665248,0,0,0,380797255,0,0,0,0,0,0,0,126019138,251536538,485809692,171715302400,69951261,0,0,0,0,0,0,0,0,0,0,0,0,0,0,0,0,0,0,0,0,0,0,0,0,0,0,0,0,0,0,0,252738751,0,0,0,0,0
1788889400.214,0,0,0,0,0,0,0,792057735,4121252149760,1949656925184,0,0,0,0,0,0,0,0,0,0,0,0,0,0,0,0,0,0,0,0,0,0,0,0,0,0,0,0,0,0,0,0,0,0,0,0,0,0,0,0,0,0,0,0,0,0,0,0,0,0,0,0,0,0,0,0,0,0,1089127,251725887,106635319,0,0,0,0,0,0,0,0,0,0,0,0,0,0,0,0,0,0,0,0,0,0,0,0,0,0,0,0,0,0,0,0,0,0,0,0,0,12883132416,5142691840,786324,313885,0,108,786432,250862507,0,0,3865779101,12884901888,122255056,445919120,0,0,0,0,0,0,0,0,0,0,0,0,0,0,0,0,0,0,25405737,25405923,0,97,97,6268,329,50811438,35,0,0,0,0,0,0,0,1,0,0,0,0,0,0,0,0,0,0,28569710,0,58783481,505141,0,0,0,0,0,0,0,0,16384,0,0,0,0,0,0,0,0,0,0,0,4511,617,0,0,0,0,0,77232883,0,318,0,27,617,4511,0,0,0,0,0,0,0,0,0,0,0,0,0,0,0,0,0,0,0,0,0,0,0,0,0,0,0,0,0,0,0,0,0,0,0,0,0,0,0,0,0,0,0,0,0,0,0,0,0,0,0,0,0,331704173,0,0,0,380836312,0,0,0,0,0,0,0,126050521,251575274,485874609,171735340032,69969748,1,0,0,0,0,0,0,0,0,0,0,0,0,0,0,0,0,0,0,0,0,0,0,0,0,0,0,0,0,0,0,252741511,0,0,0,0,0
1788889401.242,0,0,0,0,0,0,0,792145136,4121916406272,1949945725952,0,0,0,0,0,0,0,0,0,0,0,0,0,0,0,0,0,0,0,0,0,0,0,0,0,0,0,0,0,0,0,0,0,0,0,0,0,0,0,0,0,0,0,0,0,0,0,0,0,0,0,0,0,0,0,0,0,0,1089268,251766521,106651483,0,0,0,0,0,0,0,0,0,0,0,0,0,0,0,0,0,0,0,0,0,0,0,0,0,0,0,0,0,0,0,0,0,0,0,0,0,12883034112,5132615680,786318,313270,0,114,786432,250903028,0,0,3866210066,12884901888,122291455,445964416,0,0,0,0,0,0,0,0,0,0,0,0,0,0,0,0,0,0,25408621,25408809,0,97,97,6268,329,50817200,35,0,0,0,0,0,0,0,1,0,0,0,0,0,0,0,0,0,0,28572955,0,58786676,505167,0,0,0,0,0,0,0,0,16384,0,0,0,0,0,0,0,0,0,0,0,4512,617,0,0,0,0,0,77241634,0,318,0,27,617,4512,0,0,0,0,0,0,0,0,0,0,0,0,0,0,0,0,0,0,0,0,0,0,0,0,0,0,0,0,0,0,0,0,0,0,0,0,0,0,0,0,0,0,0,0,0,0,0,0,0,0,0,0,0,331744665,0,0,0,380877099,0,0,0,0,0,0,0,126080398,251615838,485944141,171756176896,69986321,1,0,0,0,0,0,0,0,0,0,0,0,0,0,0,0,0,0,0,0,0,0,0,0,0,0,0,0,0,0,0,252744395,0,0,0,0,0
1788889402.270,0,0,0,0,0,0,0,792230125,4122563803648,1950235069440,0,0,0,0,0,0,0,0,0,0,0,0,0,0,0,0,0,0,0,0,0,0,0,0,0,0,0,0,0,0,0,0,0,0,0,0,0,0,0,0,0,0,0,0,0,0,0,0,0,0,0,0,0,0,0,0,0,0,1089418,251806119,106667713,0,0,0,0,0,0,0,0,0,0,0,0,0,0,0,0,0,0,0,0,0,0,0,0,0,0,0,0,0,0,0,0,0,0,0,0,0,12882952192,5117149184,786313,312326,0,119,786432,250942548,0,0,3866630195,12884901888,122327114,446008605,0,0,0,0,0,0,0,0,0,0,0,0,0,0,0,0,0,0,25411424,25411615,0,97,97,6268,329,50822807,35,0,0,0,0,0,0,0,1,0,0,0,0,0,0,0,0,0,0,28576109,0,58789938,505195,0,0,0,0,0,0,0,0,16384,0,0,0,0,0,0,0,0,0,0,0,4513,617,0,0,0,0,0,77250175,0,318,0,27,617,4513,0,0,0,0,0,0,0,0,0,0,0,0,0,0,0,0,0,0,0,0,0,0,0,0,0,0,0,0,0,0,0,0,0,0,0,0,0,0,0,0,0,0,0,0,0,0,0,0,0,0,0,0,0,331783928,0,0,0,380916790,0,0,0,0,0,0,0,126109129,251655380,486012488,171776403456,70001779,1,0,0,0,0,0,0,0,0,0,0,0,0,0,0,0,0,0,0,0,0,0,0,0,0,0,0,0,0,0,0,252747202,0,0,0,0,0
1788889403.297,0,0,0,0,0,0,0,792309881,4123168979456,1950467997696,0,0,0,0,0,0,0,0,0,0,0,0,0,0,0,0,0,0,0,0,0,0,0,0,0,0,0,0,0,0,0,0,0,0,0,0,0,0,0,0,0,0,0,0,0,0,0,0,0,0,0,0,0,0,0,0,0,0,1089571,251843123,106680597,0,0,0,0,0,0,0,0,0,0,0,0,0,0,0,0,0,0,0,0,0,0,0,0,0,0,0,0,0,0,0,0,0,0,0,0,0,12882886656,5139808256,786309,313709,0,122,786432,250979457,0,0,3867023586,12884901888,122363132,446050218,0,0,0,0,0,0,0,0,0,0,0,0,0,0,0,0,0,0,25414058,25414253,0,97,97,6268,329,50828073,35,0,0,0,0,0,0,0,1,0,0,0,0,0,0,0,0,0,0,28579076,0,58790066,505196,0,0,0,0,0,0,0,0,16384,0,0,0,0,0,0,0,0,0,0,0,4514,617,0,0,0,0,0,77258210,0,318,0,27,617,4514,0,0,0,0,0,0,0,0,0,0,0,0,0,0,0,0,0,0,0,0,0,0,0,0,0,0,0,0,0,0,0,0,0,0,0,0,0,0,0,0,0,0,0,0,0,0,0,0,0,0,0,0,0,331820513,0,0,0,380954091,0,0,0,0,0,0,0,126138261,251692352,486074631,171795228160,70018194,0,1,0,0,0,0,0,0,0,0,0,0,0,0,0,0,0,0,0,0,0,0,0,0,0,0,0,0,0,0,0,252749840,0,0,0,0,0
1788889404.325,0,0,0,0,0,0,0,792400742,4123860662784,1950772041216,0,0,0,0,0,0,0,0,0,0,0,0,0,0,0,0,0,0,0,0,0,0,0,0,0,0,0,0,0,0,0,0,0,0,0,0,0,0,0,0,0,0,0,0,0,0,0,0,0,0,0,0,0,0,0,0,0,0,1089740,251885416,106697645,0,0,0,0,0,0,0,0,0,0,0,0,0,0,0,0,0,0,0,0,0,0,0,0,0,0,0,0,0,0,0,0,0,0,0,0,0,12882984960,5125079040,786315,312810,0,117,786432,251021651,0,0,3867472114,12884901888,122401027,446097431,0,0,0,0,0,0,0,0,0,0,0,0,0,0,0,0,0,0,25417060,25417250,0,97,97,6268,329,50834089,35,0,0,0,0,0,0,0,1,0,0,0,0,0,0,0,0,0,0,28582450,0,58793402,505223,0,0,0,0,0,0,0,0,16384,0,0,0,0,0,0,0,0,0,0,0,4515,617,0,0,0,0,0,77267315,0,318,0,27,617,4515,0,0,0,0,0,0,0,0,0,0,0,0,0,0,0,0,0,0,0,0,0,0,0,0,0,0,0,0,0,0,0,0,0,0,0,0,0,0,0,0,0,0,0,0,0,0,0,0,0,0,0,0,0,331862380,0,0,0,380996547,0,0,0,0,0,0,0,126167764,251734607,486147148,171816744960,70033718,0,0,0,0,0,0,0,0,0,0,0,0,0,0,0,0,0,0,0,0,0,0,0,0,0,0,0,0,0,0,0,252752838,0,0,0,0,0
1788889405.352,0,0,0,0,0,0,0,792482177,4124480371200,1951028061696,0,0,0,0,0,0,0,0,0,0,0,0,0,0,0,0,0,0,0,0,0,0,0,0,0,0,0,0,0,0,0,0,0,0,0,0,0,0,0,0,0,0,0,0,0,0,0,0,0,0,0,0,0,0,0,0,0,0,1089887,251923308,106711706,0,0,0,0,0,0,0,0,0,0,0,0,0,0,0,0,0,0,0,0,0,0,0,0,0,0,0,0,0,0,0,0,0,0,0,0,0,12883738624,5131649024,786363,313210,0,69,786432,251059436,0,0,3867874033,12884901888,122436600,446139890,0,0,0,0,0,0,0,0,0,0,0,0,0,0,0,0,0,0,25419764,25419953,0,97,97,6268,329,50839490,35,0,0,0,0,0,0,0,1,0,0,0,0,0,0,0,0,0,0,28585488,0,58794870,505236,0,0,0,0,0,0,0,0,16384,0,0,0,0,0,0,0,0,0,0,0,4516,617,0,0,0,0,0,77275525,0,318,0,27,617,4516,0,0,0,0,0,0,0,0,0,0,0,0,0,0,0,0,0,0,0,0,0,0,0,0,0,0,0,0,0,0,0,0,0,0,0,0,0,0,0,0,0,0,0,0,0,0,0,0,0,0,0,0,0,331900759,0,0,0,381034674,0,0,0,0,0,0,0,126195592,251772452,486212346,171836485120,70048856,1,0,0,0,0,0,0,0,0,0,0,0,0,0,0,0,0,0,0,0,0,0,0,0,0,0,0,0,0,0,0,252755540,0,0,0,0,0
1788889406.380,0,0,0,0,0,0,0,792570107,4125147232768,1951308673024,0,0,0,0,0,0,0,0,0,0,0,0,0,0,0,0,0,0,0,0,0,0,0,0,0,0,0,0,0,0,0,0,0,0,0,0,0,0,0,0,0,0,0,0,0,0,0,0,0,0,0,0,0,0,0,0,0,0,1090072,251964113,106727527,0,0,0,0,0,0,0,0,0,0,0,0,0,0,0,0,0,0,0,0,0,0,0,0,0,0,0,0,0,0,0,0,0,0,0,0,0,12882968576,5127536640,786314,312960,0,118,786432,251100147,0,0,3868308214,12884901888,122474479,446185875,0,0,0,0,0,0,0,0,0,0,0,0,0,0,0,0,0,0,25422664,25422856,0,97,97,6268,329,50845288,35,0,0,0,0,0,0,0,1,0,0,0,0,0,0,0,0,0,0,28588753,0,58796867,505251,0,0,0,0,0,0,0,0,16384,0,0,0,0,0,0,0,0,0,0,0,4517,617,0,0,0,0,0,77284346,0,318,0,27,617,4517,0,0,0,0,0,0,0,0,0,0,0,0,0,0,0,0,0,0,0,0,0,0,0,0,0,0,0,0,0,0,0,0,0,0,0,0,0,0,0,0,0,0,0,0,0,0,0,0,0,0,0,0,0,331941817,0,0,0,381075695,0,0,0,0,0,0,0,126226780,251813185,486282656,171857614336,70066078,1,0,0,0,0,0,0,0,0,0,0,0,0,0,0,0,0,0,0,0,0,0,0,0,0,0,0,0,0,0,0,252758444,0,0,0,0,0
1788889407.407,0,0,0,0,0,0,0,792651648,4125768677888,1951584347136,0,0,0,0,0,0,0,0,0,0,0,0,0,0,0,0,0,0,0,0,0,0,0,0,0,0,0,0,0,0,0,0,0,0,0,0,0,0,0,0,0,0,0,0,0,0,0,0,0,0,0,0,0,0,0,0,0,0,1090191,252002117,106742988,0,0,0,0,0,0,0,0,0,0,0,0,0,0,0,0,0,0,0,0,0,0,0,0,0,0,0,0,0,0,0,0,0,0,0,0,0,12883116032,5112233984,786323,312026,0,109,786432,251138070,0,0,3868710399,12884901888,122508688,446228169,0,0,0,0,0,0,0,0,0,0,0,0,0,0,0,0,0,0,25425352,25425543,0,97,97,6268,329,50850672,35,0,0,0,0,0,0,0,1,0,0,0,0,0,0,0,0,0,0,28591777,0,58800032,505278,0,0,0,0,0,0,0,0,16384,0,0,0,0,0,0,0,0,0,0,0,4518,617,0,0,0,0,0,77292502,0,318,0,27,617,4518,0,0,0,0,0,0,0,0,0,0,0,0,0,0,0,0,0,0,0,0,0,0,0,0,0,0,0,0,0,0,0,0,0,0,0,0,0,0,0,0,0,0,0,0,0,0,0,0,0,0,0,0,0,331979926,0,0,0,381113826,0,0,0,0,0,0,0,126256256,251851147,486348430,171877216256,70082951,1,0,0,0,0,0,0,0,0,0,0,0,0,0,0,0,0,0,0,0,0,0,0,0,0,0,0,0,0,0,0,252761131,0,0,0,0,0
1788889408.434,0,0,0,0,0,0,0,792731745,4126374820352,1951819075584,0,0,0,0,0,0,0,0,0,0,0,0,0,0,0,0,0,0,0,0,0,0,0,0,0,0,0,0,0,0,0,0,0,0,0,0,0,0,0,0,0,0,0,0,0,0,0,0,0,0,0,0,0,0,0,0,0,0,1090336,252039190,106755958,0,0,0,0,0,0,0,0,0,0,0,0,0,0,0,0,0,0,0,0,0,0,0,0,0,0,0,0,0,0,0,0,0,0,0,0,0,12883017728,5131747328,786317,313217,0,115,786432,251175060,0,0,3869105796,12884901888,122544645,446269837,0,0,0,0,0,0,0,0,0,0,0,0,0,0,0,0,0,0,25428009,25428193,0,97,97,6268,329,50855995,35,0,0,0,0,0,0,0,1,0,0,0,0,0,0,0,0,0,0,28594758,0,58800288,505280,0,0,0,0,0,0,0,0,16384,0,0,0,0,0,0,0,0,0,0,0,4519,617,0,0,0,0,0,77300542,0,318,0,27,617,4519,0,0,0,0,0,0,0,0,0,0,0,0,0,0,0,0,0,0,0,0,0,0,0,0,0,0,0,0,0,0,0,0,0,0,0,0,0,0,0,0,0,0,0,0,0,0,0,0,0,0,0,0,0,332017085,0,0,0,381151301,0,0,0,0,0,0,0,126286698,251888154,486411176,171896335360,70100700,0,0,0,0,0,0,0,0,0,0,0,0,0,0,0,0,0,0,0,0,0,0,0,0,0,0,0,0,0,0,0,252763780,0,0,0,0,0
1788889409.462,0,0,0,0,0,0,0,792819984,4127045220864,1952118470656,0,0,0,0,0,0,0,0,0,0,0,0,0,0,0,0,0,0,0,0,0,0,0,0,0,0,0,0,0,0,0,0,0,0,0,0,0,0,0,0,0,0,0,0,0,0,0,0,0,0,0,0,0,0,0,0,0,0,1090509,252080195,106772746,0,0,0,0,0,0,0,0,0,0,0,0,0,0,0,0,0,0,0,0,0,0,0,0,0,0,0,0,0,0,0,0,0,0,0,0,0,12883099648,5114347520,786322,312155,0,110,786432,251215952,0,0,3869539855,12884901888,122581234,446315856,0,0,0,0,0,0,0,0,0,0,0,0,0,0,0,0,0,0,25430928,25431124,0,97,97,6268,329,50861819,35,0,0,0,0,0,0,0,1,0,0,0,0,0,0,0,0,0,0,28598053,0,58803667,505307,0,0,0,0,0,0,0,0,16384,0,0,0,0,0,0,0,0,0,0,0,4520,617,0,0,0,0,0,77309439,0,318,0,27,617,4520,0,0,0,0,0,0,0,0,0,0,0,0,0,0,0,0,0,0,0,0,0,0,0,0,0,0,0,0,0,0,0,0,0,0,0,0,0,0,0,0,0,0,0,0,0,0,0,0,0,0,0,0,0,332058155,0,0,0,381192517,0,0,0,0,0,0,0,126317408,251929085,486482299,171917473280,70117710,1,1,0,0,0,0,0,0,0,0,0,0,0,0,0,0,0,0,0,0,0,0,0,0,0,0,0,0,0,0,0,252766711,0,0,0,0,0
1788889410.490,0,0,0,0,0,0,0,792905747,4127694354944,1952369541632,0,0,0,0,0,0,0,0,0,0,0,0,0,0,0,0,0,0,0,0,0,0,0,0,0,0,0,0,0,0,0,0,0,0,0,0,0,0,0,0,0,0,0,0,0,0,0,0,0,0,0,0,0,0,0,0,0,0,1090688,252119906,106786631,0,0,0,0,0,0,0,0,0,0,0,0,0,0,0,0,0,0,0,0,0,0,0,0,0,0,0,0,0,0,0,0,0,0,0,0,0,12883001344,5138104320,786315,313605,0,117,786432,251255575,0,0,3869963165,12884901888,122618298,446360712,0,0,0,0,0,0,0,0,0,0,0,0,0,0,0,0,0,0,25433758,25433952,0,97,97,6268,329,50867480,35,0,0,0,0,0,0,0,1,0,0,0,0,0,0,0,0,0,0,28601235,0,58804234,505312,0,0,0,0,0,0,0,0,16384,0,0,0,0,0,0,0,0,0,0,0,4521,617,0,0,0,0,0,77318043,0,318,0,27,617,4521,0,0,0,0,0,0,0,0,0,0,0,0,0,0,0,0,0,0,0,0,0,0,0,0,0,0,0,0,0,0,0,0,0,0,0,0,0,0,0,0,0,0,0,0,0,0,0,0,0,0,0,0,0,332097731,0,0,0,381232553,0,0,0,0,0,0,0,126349113,251968718,486548977,171937856512,70136066,0,0,0,0,0,0,0,0,0,0,0,0,0,0,0,0,0,0,0,0,0,0,0,0,0,0,0,0,0,0,0,252769539,0,0,0,0,0
1788889411.516,0,0,0,0,0,0,0,792989528,4128334821888,1952652504576,0,0,0,0,0,0,0,0,0,0,0,0,0,0,0,0,0,0,0,0,0,0,0,0,0,0,0,0,0,0,0,0,0,0,0,0,0,0,0,0,0,0,0,0,0,0,0,0,0,0,0,0,0,0,0,0,0,0,1090818,252159072,106802498,0,0,0,0,0,0,0,0,0,0,0,0,0,0,0,0,0,0,0,0,0,0,0,0,0,0,0,0,0,0,0,0,0,0,0,0,0,12883017728,5121933312,786317,312618,0,115,786432,251294644,0,0,3870376730,12884901888,122653245,446403946,0,0,0,0,0,0,0,0,0,0,0,0,0,0,0,0,0,0,25436518,25436712,0,97,97,6268,329,50872997,35,0,0,0,0,0,0,0,1,0,0,0,0,0,0,0,0,0,0,28604341,0,58807595,505339,0,0,0,0,0,0,0,0,16384,0,0,0,0,0,0,0,0,0,0,0,4522,617,0,0,0,0,0,77326431,0,318,0,27,617,4522,0,0,0,0,0,0,0,0,0,0,0,0,0,0,0,0,0,0,0,0,0,0,0,0,0,0,0,0,0,0,0,0,0,0,0,0,0,0,0,0,0,0,0,0,0,0,0,0,0,0,0,0,0,332136433,0,0,0,381271643,0,0,0,0,0,0,0,126378857,252007833,486615953,171957748224,70153013,0,0,0,0,0,0,0,0,0,0,0,0,0,0,0,0,0,0,0,0,0,0,0,0,0,0,0,0,0,0,0,252772300,0,0,0,0,0
1788889412.544,0,0,0,0,0,0,0,793068710,4128936163840,1952884791296,0,0,0,0,0,0,0,0,0,0,0,0,0,0,0,0,0,0,0,0,0,0,0,0,0,0,0,0,0,0,0,0,0,0,0,0,0,0,0,0,0,0,0,0,0,0,0,0,0,0,0,0,0,0,0,0,0,0,1090952,252195826,106815341,0,0,0,0,0,0,0,0,0,0,0,0,0,0,0,0,0,0,0,0,0,0,0,0,0,0,0,0,0,0,0,0,0,0,0,0,0,12883050496,5142806528,786320,313892,0,112,786432,251331315,0,0,3870766914,12884901888,122689005,446445153,0,0,0,0,0,0,0,0,0,0,0,0,0,0,0,0,0,0,25439130,25439326,0,97,97,6268,329,50878229,35,0,0,0,0,0,0,0,1,0,0,0,0,0,0,0,0,0,0,28607282,0,58807723,505340,0,0,0,0,0,0,0,0,16384,0,0,0,0,0,0,0,0,0,0,0,4523,617,0,0,0,0,0,77334376,0,318,0,27,617,4523,0,0,0,0,0,0,0,0,0,0,0,0,0,0,0,0,0,0,0,0,0,0,0,0,0,0,0,0,0,0,0,0,0,0,0,0,0,0,0,0,0,0,0,0,0,0,0,0,0,0,0,0,0,332173067,0,0,0,381308732,0,0,0,0,0,0,0,126409286,252044556,486678040,171976610304,70170750,1,0,0,0,0,0,0,0,0,0,0,0,0,0,0,0,0,0,0,0,0,0,0,0,0,0,0,0,0,0,0,252774913,0,0,0,0,0
1788889413.572,0,0,0,0,0,0,0,793156912,4129602173440,1953179688960,0,0,0,0,0,0,0,0,0,0,0,0,0,0,0,0,0,0,0,0,0,0,0,0,0,0,0,0,0,0,0,0,0,0,0,0,0,0,0,0,0,0,0,0,0,0,0,0,0,0,0,0,0,0,0,0,0,0,1091100,252236558,106831859,0,0,0,0,0,0,0,0,0,0,0,0,0,0,0,0,0,0,0,0,0,0,0,0,0,0,0,0,0,0,0,0,0,0,0,0,0,12882968576,5128159232,786313,312998,0,119,786432,251371936,0,0,3871203582,12884901888,122725723,446490921,0,0,0,0,0,0,0,0,0,0,0,0,0,0,0,0,0,0,25442046,25442236,0,97,97,6268,329,50884047,35,0,0,0,0,0,0,0,1,0,0,0,0,0,0,0,0,0,0,28610553,0,58810984,505368,0,0,0,0,0,0,0,0,16384,0,0,0,0,0,0,0,0,0,0,0,4524,617,0,0,0,0,0,77343235,0,318,0,27,617,4524,0,0,0,0,0,0,0,0,0,0,0,0,0,0,0,0,0,0,0,0,0,0,0,0,0,0,0,0,0,0,0,0,0,0,0,0,0,0,0,0,0,0,0,0,0,0,0,0,0,0,0,0,0,332214000,0,0,0,381349916,0,0,0,0,0,0,0,126440031,252085208,486748604,171997690368,70187883,1,1,0,0,0,0,0,0,0,0,0,0,0,0,0,0,0,0,0,0,0,0,0,0,0,0,0,0,0,0,0,252777822,0,0,0,0,0
1788889414.600,0,0,0,0,0,0,0,793234682,4130193357312,1953406319104,0,0,0,0,0,0,0,0,0,0,0,0,0,0,0,0,0,0,0,0,0,0,0,0,0,0,0,0,0,0,0,0,0,0,0,0,0,0,0,0,0,0,0,0,0,0,0,0,0,0,0,0,0,0,0,0,0,0,1091248,252272701,106844371,0,0,0,0,0,0,0,0,0,0,0,0,0,0,0,0,0,0,0,0,0,0,0,0,0,0,0,0,0,0,0,0,0,0,0,0,0,12883116032,5150523392,786323,314363,0,110,786432,251407998,0,0,3871585470,12884901888,122760894,446531522,0,0,0,0,0,0,0,0,0,0,0,0,0,0,0,0,0,0,25444608,25444803,0,97,97,6268,329,50889169,35,0,0,0,0,0,0,0,1,0,0,0,0,0,0,0,0,0,0,28613440,0,58811112,505369,0,0,0,0,0,0,0,0,16384,0,0,0,0,0,0,0,0,0,0,0,4525,617,0,0,0,0,0,77351048,0,318,0,27,617,4525,0,0,0,0,0,0,0,0,0,0,0,0,0,0,0,0,0,0,0,0,0,0,0,0,0,0,0,0,0,0,0,0,0,0,0,0,0,0,0,0,0,0,0,0,0,0,0,0,0,0,0,0,0,332250215,0,0,0,381386246,0,0,0,0,0,0,0,126470447,252121299,486809606,172016345088,70205943,0,0,0,0,0,0,0,0,0,0,0,0,0,0,0,0,0,0,0,0,0,0,0,0,0,0,0,0,0,0,0,252780389,0,0,0,0,0
1788889415.627,0,0,0,0,0,0,0,793317694,4130829400576,1953691297280,0,0,0,0,0,0,0,0,0,0,0,0,0,0,0,0,0,0,0,0,0,0,0,0,0,0,0,0,0,0,0,0,0,0,0,0,0,0,0,0,0,0,0,0,0,0,0,0,0,0,0,0,0,0,0,0,0,0,1091403,252311584,106860326,0,0,0,0,0,0,0,0,0,0,0,0,0,0,0,0,0,0,0,0,0,0,0,0,0,0,0,0,0,0,0,0,0,0,0,0,0,12883296256,5131042816,786334,313173,2,97,786432,251446789,0,0,3871995287,12884901888,122795374,446574746,0,0,0,0,0,0,0,0,0,0,0,0,0,0,0,0,0,0,25447339,25447533,0,97,97,6268,329,50894645,35,0,0,0,0,0,0,0,1,0,0,0,0,0,0,0,0,0,0,28616513,0,58814364,505397,0,0,0,0,0,0,0,0,16384,0,0,0,0,0,0,0,0,0,0,0,4526,617,0,0,0,0,0,77359363,0,318,0,27,617,4526,0,0,0,0,0,0,0,0,0,0,0,0,0,0,0,0,0,0,0,0,0,0,0,0,0,0,0,0,0,0,0,0,0,0,0,0,0,0,0,0,0,0,0,0,0,0,0,0,0,0,0,0,0,332288989,0,0,0,381425018,0,0,0,0,0,0,0,126500270,252160141,486876914,172036286464,70222807,0,0,0,0,0,0,0,0,0,0,0,0,0,0,0,0,0,0,0,0,0,0,0,0,0,0,0,0,0,0,0,252783119,0,0,0,0,0
1788889416.655,0,0,0,0,0,0,0,793407900,4131515349504,1953991821312,0,0,0,0,0,0,0,0,0,0,0,0,0,0,0,0,0,0,0,0,0,0,0,0,0,0,0,0,0,0,0,0,0,0,0,0,0,0,0,0,0,0,0,0,0,0,0,0,0,0,0,0,0,0,0,0,0,0,1091574,252353557,106877206,0,0,0,0,0,0,0,0,0,0,0,0,0,0,0,0,0,0,0,0,0,0,0,0,0,0,0,0,0,0,0,0,0,0,0,0,0,12883017728,5116936192,786317,312313,0,116,786432,251488653,0,0,3872441908,12884901888,122833002,446621895,0,0,0,0,0,0,0,0,0,0,0,0,0,0,0,0,0,0,25450322,25450509,0,97,97,6268,329,50900597,35,0,0,0,0,0,0,0,1,0,0,0,0,0,0,0,0,0,0,28619861,0,58817759,505424,0,0,0,0,0,0,0,0,16384,0,0,0,0,0,0,0,0,0,0,0,4527,617,0,0,0,0,0,77368415,0,318,0,27,617,4527,0,0,0,0,0,0,0,0,0,0,0,0,0,0,0,0,0,0,0,0,0,0,0,0,0,0,0,0,0,0,0,0,0,0,0,0,0,0,0,0,0,0,0,0,0,0,0,0,0,0,0,0,0,332330832,0,0,0,381467186,0,0,0,0,0,0,0,126531981,252202034,486949014,172057837056,70240630,1,1,0,0,0,0,0,0,0,0,0,0,0,0,0,0,0,0,0,0,0,0,0,0,0,0,0,0,0,0,0,252786097,0,0,0,0,0
1788889417.683,0,0,0,0,0,0,0,793490396,4132145641984,1954271491072,0,0,0,0,0,0,0,0,0,0,0,0,0,0,0,0,0,0,0,0,0,0,0,0,0,0,0,0,0,0,0,0,0,0,0,0,0,0,0,0,0,0,0,0,0,0,0,0,0,0,0,0,0,0,0,0,0,0,1091714,252392068,106892710,0,0,0,0,0,0,0,0,0,0,0,0,0,0,0,0,0,0,0,0,0,0,0,0,0,0,0,0,0,0,0,0,0,0,0,0,0,12883689472,5103091712,786358,311468,0,74,786432,251527072,0,0,3872848777,12884901888,122869118,446664679,0,0,0,0,0,0,0,0,0,0,0,0,0,0,0,0,0,0,25453034,25453225,0,97,97,6268,329,50906014,35,0,0,0,0,0,0,0,1,0,0,0,0,0,0,0,0,0,0,28622914,0,58820378,505446,0,0,0,0,0,0,0,0,16384,0,0,0,0,0,0,0,0,0,0,0,4528,617,0,0,0,0,0,77376670,0,318,0,27,617,4528,0,0,0,0,0,0,0,0,0,0,0,0,0,0,0,0,0,0,0,0,0,0,0,0,0,0,0,0,0,0,0,0,0,0,0,0,0,0,0,0,0,0,0,0,0,0,0,0,0,0,0,0,0,332369337,0,0,0,381505651,0,0,0,0,0,0,0,126562505,252240526,487016054,172077632512,70258045,1,0,0,0,0,0,0,0,0,0,0,0,0,0,0,0,0,0,0,0,0,0,0,0,0,0,0,0,0,0,0,252788811,0,0,0,0,0
1788889418.711,0,0,0,0,0,0,0,793582367,4132840454656,1954540783104,0,0,0,0,0,0,0,0,0,0,0,0,0,0,0,0,0,0,0,0,0,0,0,0,0,0,0,0,0,0,0,0,0,0,0,0,0,0,0,0,0,0,0,0,0,0,0,0,0,0,0,0,0,0,0,0,0,0,1091889,252434570,106907763,0,0,0,0,0,0,0,0,0,0,0,0,0,0,0,0,0,0,0,0,0,0,0,0,0,0,0,0,0,0,0,0,0,0,0,0,0,12882984960,5123948544,786315,312742,0,117,786432,251569465,0,0,3873302961,12884901888,122907355,446712735,0,0,0,0,0,0,0,0,0,0,0,0,0,0,0,0,0,0,25456075,25456265,0,97,97,6268,329,50912101,35,0,0,0,0,0,0,0,1,0,0,0,0,0,0,0,0,0,0,28626332,0,58821686,505456,0,0,0,0,0,0,0,0,16384,0,0,0,0,0,0,0,0,0,0,0,4529,617,0,0,0,0,0,77385912,0,318,0,27,617,4529,0,0,0,0,0,0,0,0,0,0,0,0,0,0,0,0,0,0,0,0,0,0,0,0,0,0,0,0,0,0,0,0,0,0,0,0,0,0,0,0,0,0,0,0,0,0,0,0,0,0,0,0,0,332412144,0,0,0,381548658,0,0,0,0,0,0,0,126594379,252282918,487087272,172099676160,70276099,1,0,0,0,0,0,0,0,0,0,0,0,0,0,0,0,0,0,0,0,0,0,0,0,0,0,0,0,0,0,0,252791851,0,0,0,0,0
1788889419.739,0,0,0,0,0,0,0,793660128,4133434309120,1954771250176,0,0,0,0,0,0,0,0,0,0,0,0,0,0,0,0,0,0,0,0,0,0,0,0,0,0,0,0,0,0,0,0,0,0,0,0,0,0,0,0,0,0,0,0,0,0,0,0,0,0,0,0,0,0,0,0,0,0,1092029,252470877,106920499,0,0,0,0,0,0,0,0,0,0,0,0,0,0,0,0,0,0,0,0,0,0,0,0,0,0,0,0,0,0,0,0,0,0,0,0,0,12883165184,5141725184,786326,313826,0,106,786432,251605694,0,0,3873685377,12884901888,122942716,446753248,0,0,0,0,0,0,0,0,0,0,0,0,0,0,0,0,0,0,25458647,25458834,0,97,97,6268,329,50917256,35,0,0,0,0,0,0,0,1,0,0,0,0,0,0,0,0,0,0,28629225,0,58821814,505457,0,0,0,0,0,0,0,0,16384,0,0,0,0,0,0,0,0,0,0,0,4530,617,0,0,0,0,0,77393730,0,318,0,27,617,4530,0,0,0,0,0,0,0,0,0,0,0,0,0,0,0,0,0,0,0,0,0,0,0,0,0,0,0,0,0,0,0,0,0,0,0,0,0,0,0,0,0,0,0,0,0,0,0,0,0,0,0,0,0,332448537,0,0,0,381585082,0,0,0,0,0,0,0,126624377,252319178,487148910,172118389248,70293512,1,1,0,0,0,0,0,0,0,0,0,0,0,0,0,0,0,0,0,0,0,0,0,0,0,0,0,0,0,0,0,252794421,0,0,0,0,0
1788889420.767,0,0,0,0,0,0,0,793743858,4134067157504,1955052561408,0,0,0,0,0,0,0,0,0,0,0,0,0,0,0,0,0,0,0,0,0,0,0,0,0,0,0,0,0,0,0,0,0,0,0,0,0,0,0,0,0,0,0,0,0,0,0,0,0,0,0,0,0,0,0,0,0,0,1092192,252509584,106936272,0,0,0,0,0,0,0,0,0,0,0,0,0,0,0,0,0,0,0,0,0,0,0,0,0,0,0,0,0,0,0,0,0,0,0,0,0,12883181568,5126651904,786327,312906,0,105,786432,251644291,0,0,3874098231,12884901888,122977108,446796931,0,0,0,0,0,0,0,0,0,0,0,0,0,0,0,0,0,0,25461406,25461597,0,97,97,6268,329,50922780,35,0,0,0,0,0,0,0,1,0,0,0,0,0,0,0,0,0,0,28632330,0,58825174,505484,0,0,0,0,0,0,0,0,16384,0,0,0,0,0,0,0,0,0,0,0,4531,617,0,0,0,0,0,77402126,0,318,0,27,617,4531,0,0,0,0,0,0,0,0,0,0,0,0,0,0,0,0,0,0,0,0,0,0,0,0,0,0,0,0,0,0,0,0,0,0,0,0,0,0,0,0,0,0,0,0,0,0,0,0,0,0,0,0,0,332487740,0,0,0,381624185,0,0,0,0,0,0,0,126652492,252357827,487216158,172138542080,70308948,1,0,0,0,0,0,0,0,0,0,0,0,0,0,0,0,0,0,0,0,0,0,0,0,0,0,0,0,0,0,0,252797184,0,0,0,0,0
1788889421.794,0,0,0,0,0,0,0,793823555,4134673316352,1955288907776,0,0,0,0,0,0,0,0,0,0,0,0,0,0,0,0,0,0,0,0,0,0,0,0,0,0,0,0,0,0,0,0,0,0,0,0,0,0,0,0,0,0,0,0,0,0,0,0,0,0,0,0,0,0,0,0,0,0,1092344,252546646,106949350,0,0,0,0,0,0,0,0,0,0,0,0,0,0,0,0,0,0,0,0,0,0,0,0,0,0,0,0,0,0,0,0,0,0,0,0,0,12882952192,5146083328,786313,314092,0,119,786432,251681273,0,0,3874491650,12884901888,123013177,446838563,0,0,0,0,0,0,0,0,0,0,0,0,0,0,0,0,0,0,25464032,25464229,0,97,97,6268,329,50928024,35,0,0,0,0,0,0,0,1,0,0,0,0,0,0,0,0,0,0,28635289,0,58825302,505485,0,0,0,0,0,0,0,0,16384,0,0,0,0,0,0,0,0,0,0,0,4532,617,0,0,0,0,0,77410131,0,318,0,27,617,4532,0,0,0,0,0,0,0,0,0,0,0,0,0,0,0,0,0,0,0,0,0,0,0,0,0,0,0,0,0,0,0,0,0,0,0,0,0,0,0,0,0,0,0,0,0,0,0,0,0,0,0,0,0,332524733,0,0,0,381661423,0,0,0,0,0,0,0,126682369,252394863,487279087,172157611008,70325913,1,0,0,0,0,0,0,0,0,0,0,0,0,0,0,0,0,0,0,0,0,0,0,0,0,0,0,0,0,0,0,252799815,0,0,0,0,0
1788889422.821,0,0,0,0,0,0,0,793912921,4135353924096,1955589638144,0,0,0,0,0,0,0,0,0,0,0,0,0,0,0,0,0,0,0,0,0,0,0,0,0,0,0,0,0,0,0,0,0,0,0,0,0,0,0,0,0,0,0,0,0,0,0,0,0,0,0,0,0,0,0,0,0,0,1092521,252588269,106966205,0,0,0,0,0,0,0,0,0,0,0,0,0,0,0,0,0,0,0,0,0,0,0,0,0,0,0,0,0,0,0,0,0,0,0,0,0,12883001344,5130993664,786316,313171,0,115,786432,251722769,0,0,3874933004,12884901888,123050869,446885253,0,0,0,0,0,0,0,0,0,0,0,0,0,0,0,0,0,0,25466985,25467181,0,97,97,6268,329,50933942,35,0,0,0,0,0,0,0,1,0,0,0,0,0,0,0,0,0,0,28638610,0,58828509,505511,0,0,0,0,0,0,0,0,16384,0,0,0,0,0,0,0,0,0,0,0,4533,617,0,0,0,0,0,77419113,0,318,0,27,617,4533,0,0,0,0,0,0,0,0,0,0,0,0,0,0,0,0,0,0,0,0,0,0,0,0,0,0,0,0,0,0,0,0,0,0,0,0,0,0,0,0,0,0,0,0,0,0,0,0,0,0,0,0,0,332565951,0,0,0,381703127,0,0,0,0,0,0,0,126712196,252436440,487350712,172178829312,70341833,1,0,0,0,0,0,0,0,0,0,0,0,0,0,0,0,0,0,0,0,0,0,0,0,0,0,0,0,0,0,0,252802768,0,0,0,0,0
1788889423.847,0,0,0,0,0,0,0,794003385,4136041363968,1955892779520,0,0,0,0,0,0,0,0,0,0,0,0,0,0,0,0,0,0,0,0,0,0,0,0,0,0,0,0,0,0,0,0,0,0,0,0,0,0,0,0,0,0,0,0,0,0,0,0,0,0,0,0,0,0,0,0,0,0,1092673,252630334,106983209,0,0,0,0,0,0,0,0,0,0,0,0,0,0,0,0,0,0,0,0,0,0,0,0,0,0,0,0,0,0,0,0,0,0,0,0,0,12883017728,5113331712,786317,312093,0,115,786432,251764724,0,0,3875379798,12884901888,123088615,446932160,0,0,0,0,0,0,0,0,0,0,0,0,0,0,0,0,0,0,25469989,25470177,0,97,97,6268,329,50939937,35,0,0,0,0,0,0,0,1,0,0,0,0,0,0,0,0,0,0,28641982,0,58831837,505538,0,0,0,0,0,0,0,0,16384,0,0,0,0,0,0,0,0,0,0,0,4534,617,0,0,0,0,0,77428248,0,318,0,27,617,4534,0,0,0,0,0,0,0,0,0,0,0,0,0,0,0,0,0,0,0,0,0,0,0,0,0,0,0,0,0,0,0,0,0,0,0,0,0,0,0,0,0,0,0,0,0,0,0,0,0,0,0,0,0,332607329,0,0,0,381745403,0,0,0,0,0,0,0,126742608,252478428,487422657,172200094208,70358318,0,0,0,0,0,0,0,0,0,0,0,0,0,0,0,0,0,0,0,0,0,0,0,0,0,0,0,0,0,0,0,252805765,0,0,0,0,0
1788889424.875,0,0,0,0,0,0,0,794084452,4136656337408,1956148611072,0,0,0,0,0,0,0,0,0,0,0,0,0,0,0,0,0,0,0,0,0,0,0,0,0,0,0,0,0,0,0,0,0,0,0,0,0,0,0,0,0,0,0,0,0,0,0,0,0,0,0,0,0,0,0,0,0,0,1092805,252667911,106997304,0,0,0,0,0,0,0,0,0,0,0,0,0,0,0,0,0,0,0,0,0,0,0,0,0,0,0,0,0,0,0,0,0,0,0,0,0,12883771392,5117640704,786363,312356,0,69,786432,251802214,0,0,3875780045,12884901888,123123817,446974283,0,0,0,0,0,0,0,0,0,0,0,0,0,0,0,0,0,0,25472678,25472871,0,97,97,6268,329,50945320,35,0,0,0,0,0,0,0,1,0,0,0,0,0,0,0,0,0,0,28645012,0,58833158,505550,0,0,0,0,0,0,0,0,16384,0,0,0,0,0,0,0,0,0,0,0,4535,617,0,0,0,0,0,77436432,0,318,0,27,617,4535,0,0,0,0,0,0,0,0,0,0,0,0,0,0,0,0,0,0,0,0,0,0,0,0,0,0,0,0,0,0,0,0,0,0,0,0,0,0,0,0,0,0,0,0,0,0,0,0,0,0,0,0,0,332644543,0,0,0,381783387,0,0,0,0,0,0,0,126771418,252516005,487486847,172219239936,70374372,1,0,0,0,0,0,0,0,0,0,0,0,0,0,0,0,0,0,0,0,0,0,0,0,0,0,0,0,0,0,0,252808458,0,0,0,0,0
1788889425.903,0,0,0,0,0,0,0,794176795,4137361406464,1956438061568,0,0,0,0,0,0,0,0,0,0,0,0,0,0,0,0,0,0,0,0,0,0,0,0,0,0,0,0,0,0,0,0,0,0,0,0,0,0,0,0,0,0,0,0,0,0,0,0,0,0,0,0,0,0,0,0,0,0,1093005,252711040,107013604,0,0,0,0,0,0,0,0,0,0,0,0,0,0,0,0,0,0,0,0,0,0,0,0,0,0,0,0,0,0,0,0,0,0,0,0,0,12883148800,5119262720,786326,312455,0,106,786432,251845230,0,0,3876236472,12884901888,123162135,447022562,0,0,0,0,0,0,0,0,0,0,0,0,0,0,0,0,0,0,25475731,25475922,0,97,97,6268,329,50951417,35,0,0,0,0,0,0,0,1,0,0,0,0,0,0,0,0,0,0,28648444,0,58835862,505571,0,0,0,0,0,0,0,0,16384,0,0,0,0,0,0,0,0,0,0,0,4536,617,0,0,0,0,0,77445720,0,318,0,27,617,4536,0,0,0,0,0,0,0,0,0,0,0,0,0,0,0,0,0,0,0,0,0,0,0,0,0,0,0,0,0,0,0,0,0,0,0,0,0,0,0,0,0,0,0,0,0,0,0,0,0,0,0,0,0,332686632,0,0,0,381826425,0,0,0,0,0,0,0,126801152,252559063,487558567,172240969216,70390153,0,0,0,0,0,0,0,0,0,0,0,0,0,0,0,0,0,0,0,0,0,0,0,0,0,0,0,0,0,0,0,252811509,0,0,0,0,0
1788889426.929,0,0,0,0,0,0,0,794260159,4137992911360,1956704249344,0,0,0,0,0,0,0,0,0,0,0,0,0,0,0,0,0,0,0,0,0,0,0,0,0,0,0,0,0,0,0,0,0,0,0,0,0,0,0,0,0,0,0,0,0,0,0,0,0,0,0,0,0,0,0,0,0,0,1093148,252749620,107028417,0,0,0,0,0,0,0,0,0,0,0,0,0,0,0,0,0,0,0,0,0,0,0,0,0,0,0,0,0,0,0,0,0,0,0,0,0,12883705856,5119361024,786360,312461,0,72,786432,251883715,0,0,3876647840,12884901888,123198512,447066039,0,0,0,0,0,0,0,0,0,0,0,0,0,0,0,0,0,0,25478488,25478684,0,97,97,6268,329,50956947,35,0,0,0,0,0,0,0,1,0,0,0,0,0,0,0,0,0,0,28651550,0,58837765,505587,0,0,0,0,0,0,0,0,16384,0,0,0,0,0,0,0,0,0,0,0,4537,617,0,0,0,0,0,77454113,0,318,0,27,617,4537,0,0,0,0,0,0,0,0,0,0,0,0,0,0,0,0,0,0,0,0,0,0,0,0,0,0,0,0,0,0,0,0,0,0,0,0,0,0,0,0,0,0,0,0,0,0,0,0,0,0,0,0,0,332725056,0,0,0,381865509,0,0,0,0,0,0,0,126830312,252597648,487624636,172260731904,70406404,1,0,0,0,0,0,0,0,0,0,0,0,0,0,0,0,0,0,0,0,0,0,0,0,0,0,0,0,0,0,0,252814268,0,0,0,0,0
1788889427.956,0,0,0,0,0,0,0,794341449,4138613651968,1956959415296,0,0,0,0,0,0,0,0,0,0,0,0,0,0,0,0,0,0,0,0,0,0,0,0,0,0,0,0,0,0,0,0,0,0,0,0,0,0,0,0,0,0,0,0,0,0,0,0,0,0,0,0,0,0,0,0,0,0,1093287,252787624,107042681,0,0,0,0,0,0,0,0,0,0,0,0,0,0,0,0,0,0,0,0,0,0,0,0,0,0,0,0,0,0,0,0,0,0,0,0,0,12883083264,5122244608,786321,312637,0,111,786432,251921637,0,0,3877047694,12884901888,123233966,447108132,0,0,0,0,0,0,0,0,0,0,0,0,0,0,0,0,0,0,25481166,25481355,0,97,97,6268,329,50962294,35,0,0,0,0,0,0,0,1,0,0,0,0,0,0,0,0,0,0,28654553,0,58839299,505600,0,0,0,0,0,0,0,0,16384,0,0,0,0,0,0,0,0,0,0,0,4538,617,0,0,0,0,0,77462230,0,318,0,27,617,4538,0,0,0,0,0,0,0,0,0,0,0,0,0,0,0,0,0,0,0,0,0,0,0,0,0,0,0,0,0,0,0,0,0,0,0,0,0,0,0,0,0,0,0,0,0,0,0,0,0,0,0,0,0,332762247,0,0,0,381903347,0,0,0,0,0,0,0,126859798,252635551,487688724,172279835648,70422914,1,0,0,0,0,0,0,0,0,0,0,0,0,0,0,0,0,0,0,0,0,0,0,0,0,0,0,0,0,0,0,252816941,0,0,0,0,0
1788889428.984,0,0,0,0,0,0,0,794422564,4139230919168,1957198651904,0,0,0,0,0,0,0,0,0,0,0,0,0,0,0,0,0,0,0,0,0,0,0,0,0,0,0,0,0,0,0,0,0,0,0,0,0,0,0,0,0,0,0,0,0,0,0,0,0,0,0,0,0,0,0,0,0,0,1093444,252825380,107055913,0,0,0,0,0,0,0,0,0,0,0,0,0,0,0,0,0,0,0,0,0,0,0,0,0,0,0,0,0,0,0,0,0,0,0,0,0,12883001344,5140054016,786316,313724,0,116,786432,251959314,0,0,3877448061,12884901888,123270630,447150456,0,0,0,0,0,0,0,0,0,0,0,0,0,0,0,0,0,0,25483853,25484044,0,97,97,6268,329,50967681,35,0,0,0,0,0,0,0,1,0,0,0,0,0,0,0,0,0,0,28657579,0,58839427,505601,0,0,0,0,0,0,0,0,16384,0,0,0,0,0,0,0,0,0,0,0,4539,617,0,0,0,0,0,77470416,0,318,0,27,617,4539,0,0,0,0,0,0,0,0,0,0,0,0,0,0,0,0,0,0,0,0,0,0,0,0,0,0,0,0,0,0,0,0,0,0,0,0,0,0,0,0,0,0,0,0,0,0,0,0,0,0,0,0,0,332799567,0,0,0,381941337,0,0,0,0,0,0,0,126890735,252673234,487752305,172299036160,70440761,1,1,0,0,0,0,0,0,0,0,0,0,0,0,0,0,0,0,0,0,0,0,0,0,0,0,0,0,0,0,0,252819632,0,0,0,0,0
1788889430.012,0,0,0,0,0,0,0,794509954,4139898780160,1957492023296,0,0,0,0,0,0,0,0,0,0,0,0,0,0,0,0,0,0,0,0,0,0,0,0,0,0,0,0,0,0,0,0,0,0,0,0,0,0,0,0,0,0,0,0,0,0,0,0,0,0,0,0,0,0,0,0,0,0,1093598,252866225,107072383,0,0,0,0,0,0,0,0,0,0,0,0,0,0,0,0,0,0,0,0,0,0,0,0,0,0,0,0,0,0,0,0,0,0,0,0,0,12882903040,5123260416,786309,312699,1,123,786432,252000054,0,0,3877879827,12884901888,123307430,447195773,0,0,0,0,0,0,0,0,0,0,0,0,0,0,0,0,0,0,25486747,25486941,0,97,97,6268,329,50973462,35,0,0,0,0,0,0,0,1,0,0,0,0,0,0,0,0,0,0,28660837,0,58842664,505628,0,0,0,0,0,0,0,0,16384,0,0,0,0,0,0,0,0,0,0,0,4540,617,0,0,0,0,0,77479223,0,318,0,27,617,4540,0,0,0,0,0,0,0,0,0,0,0,0,0,0,0,0,0,0,0,0,0,0,0,0,0,0,0,0,0,0,0,0,0,0,0,0,0,0,0,0,0,0,0,0,0,0,0,0,0,0,0,0,0,332839720,0,0,0,381982078,0,0,0,0,0,0,0,126920441,252714027,487822059,172319705088,70456984,1,0,0,0,0,0,0,0,0,0,0,0,0,0,0,0,0,0,0,0,0,0,0,0,0,0,0,0,0,0,0,252822529,0,0,0,0,0
1788889431.038,0,0,0,0,0,0,0,794601292,4140591020544,1957798428160,0,0,0,0,0,0,0,0,0,0,0,0,0,0,0,0,0,0,0,0,0,0,0,0,0,0,0,0,0,0,0,0,0,0,0,0,0,0,0,0,0,0,0,0,0,0,0,0,0,0,0,0,0,0,0,0,0,0,1093779,252908569,107089579,0,0,0,0,0,0,0,0,0,0,0,0,0,0,0,0,0,0,0,0,0,0,0,0,0,0,0,0,0,0,0,0,0,0,0,0,0,12883050496,5107793920,786319,311755,0,113,786432,252042292,0,0,3878330998,12884901888,123345347,447243525,0,0,0,0,0,0,0,0,0,0,0,0,0,0,0,0,0,0,25489779,25489971,0,97,97,6268,329,50979513,35,0,0,0,0,0,0,0,1,0,0,0,0,0,0,0,0,0,0,28664246,0,58846014,505655,0,0,0,0,0,0,0,0,16384,0,0,0,0,0,0,0,0,0,0,0,4541,617,0,0,0,0,0,77488428,0,318,0,27,617,4541,0,0,0,0,0,0,0,0,0,0,0,0,0,0,0,0,0,0,0,0,0,0,0,0,0,0,0,0,0,0,0,0,0,0,0,0,0,0,0,0,0,0,0,0,0,0,0,0,0,0,0,0,0,332881406,0,0,0,382024773,0,0,0,0,0,0,0,126951872,252756307,487894666,172341191168,70474273,0,0,0,0,0,0,0,0,0,0,0,0,0,0,0,0,0,0,0,0,0,0,0,0,0,0,0,0,0,0,0,252825559,0,0,0,0,0
1788889432.064,0,0,0,0,0,0,0,794687451,4141244660224,1958088651264,0,0,0,0,0,0,0,0,0,0,0,0,0,0,0,0,0,0,0,0,0,0,0,0,0,0,0,0,0,0,0,0,0,0,0,0,0,0,0,0,0,0,0,0,0,0,0,0,0,0,0,0,0,0,0,0,0,0,1093943,252948529,107105904,0,0,0,0,0,0,0,0,0,0,0,0,0,0,0,0,0,0,0,0,0,0,0,0,0,0,0,0,0,0,0,0,0,0,0,0,0,12883099648,5092884480,786322,310845,0,109,786432,252082155,0,0,3878756615,12884901888,123381046,447288537,0,0,0,0,0,0,0,0,0,0,0,0,0,0,0,0,0,0,25492626,25492816,0,97,97,6268,329,50985210,35,0,0,0,0,0,0,0,1,0,0,0,0,0,0,0,0,0,0,28667447,0,58849309,505682,0,0,0,0,0,0,0,0,16384,0,0,0,0,0,0,0,0,0,0,0,4542,617,0,0,0,0,0,77497075,0,318,0,27,617,4542,0,0,0,0,0,0,0,0,0,0,0,0,0,0,0,0,0,0,0,0,0,0,0,0,0,0,0,0,0,0,0,0,0,0,0,0,0,0,0,0,0,0,0,0,0,0,0,0,0,0,0,0,0,332920078,0,0,0,382065061,0,0,0,0,0,0,0,126980948,252796220,487962618,172361159168,70490055,0,0,0,0,0,0,0,0,0,0,0,0,0,0,0,0,0,0,0,0,0,0,0,0,0,0,0,0,0,0,0,252828404,0,0,0,0,0
1788889433.091,0,0,0,0,0,0,0,794765902,4141838252544,1958315476992,0,0,0,0,0,0,0,0,0,0,0,0,0,0,0,0,0,0,0,0,0,0,0,0,0,0,0,0,0,0,0,0,0,0,0,0,0,0,0,0,0,0,0,0,0,0,0,0,0,0,0,0,0,0,0,0,0,0,1094077,252984825,107118453,0,0,0,0,0,0,0,0,0,0,0,0,0,0,0,0,0,0,0,0,0,0,0,0,0,0,0,0,0,0,0,0,0,0,0,0,0,12883034112,5114609664,786318,312171,0,114,786432,252118383,0,0,3879142602,12884901888,123416347,447329201,0,0,0,0,0,0,0,0,0,0,0,0,0,0,0,0,0,0,25495210,25495401,0,97,97,6268,329,50990378,35,0,0,0,0,0,0,0,1,0,0,0,0,0,0,0,0,0,0,28670355,0,58849437,505683,0,0,0,0,0,0,0,0,16384,0,0,0,0,0,0,0,0,0,0,0,4543,617,0,0,0,0,0,77504921,0,318,0,27,617,4543,0,0,0,0,0,0,0,0,0,0,0,0,0,0,0,0,0,0,0,0,0,0,0,0,0,0,0,0,0,0,0,0,0,0,0,0,0,0,0,0,0,0,0,0,0,0,0,0,0,0,0,0,0,332955773,0,0,0,382101651,0,0,0,0,0,0,0,127010673,252832484,488023183,172379520000,70507391,1,0,0,0,0,0,0,0,0,0,0,0,0,0,0,0,0,0,0,0,0,0,0,0,0,0,0,0,0,0,0,252830988,0,0,0,0,0
1788889434.117,0,0,0,0,0,0,0,794843606,4142429567488,1958562580480,0,0,0,0,0,0,0,0,0,0,0,0,0,0,0,0,0,0,0,0,0,0,0,0,0,0,0,0,0,0,0,0,0,0,0,0,0,0,0,0,0,0,0,0,0,0,0,0,0,0,0,0,0,0,0,0,0,0,1094248,253020980,107132219,0,0,0,0,0,0,0,0,0,0,0,0,0,0,0,0,0,0,0,0,0,0,0,0,0,0,0,0,0,0,0,0,0,0,0,0,0,12883050496,5116198912,786319,312268,0,114,786432,252154439,0,0,3879525759,12884901888,123450056,447369989,0,0,0,0,0,0,0,0,0,0,0,0,0,0,0,0,0,0,25497779,25497972,0,97,97,6268,329,50995528,35,0,0,0,0,0,0,0,1,0,0,0,0,0,0,0,0,0,0,28673247,0,58851184,505698,0,0,0,0,0,0,0,0,16384,0,0,0,0,0,0,0,0,0,0,0,4544,617,0,0,0,0,0,77512733,0,318,0,27,617,4544,0,0,0,0,0,0,0,0,0,0,0,0,0,0,0,0,0,0,0,0,0,0,0,0,0,0,0,0,0,0,0,0,0,0,0,0,0,0,0,0,0,0,0,0,0,0,0,0,0,0,0,0,0,332991516,0,0,0,382138054,0,0,0,0,0,0,0,127040359,252868600,488084658,172397910528,70524829,1,0,0,0,0,0,0,0,0,0,0,0,0,0,0,0,0,0,0,0,0,0,0,0,0,0,0,0,0,0,0,252833559,0,0,0,0,0
1788889435.144,0,0,0,0,0,0,0,794922870,4143032924672,1958790454784,0,0,0,0,0,0,0,0,0,0,0,0,0,0,0,0,0,0,0,0,0,0,0,0,0,0,0,0,0,0,0,0,0,0,0,0,0,0,0,0,0,0,0,0,0,0,0,0,0,0,0,0,0,0,0,0,0,0,1094364,253057872,107144817,0,0,0,0,0,0,0,0,0,0,0,0,0,0,0,0,0,0,0,0,0,0,0,0,0,0,0,0,0,0,0,0,0,0,0,0,0,12883247104,5138530304,786331,313631,0,102,786432,252191249,0,0,3879916669,12884901888,123485951,447410848,0,0,0,0,0,0,0,0,0,0,0,0,0,0,0,0,0,0,25500401,25500594,0,97,97,6268,329,51000749,35,0,0,0,0,0,0,0,1,0,0,0,0,0,0,0,0,0,0,28676194,0,58851312,505699,0,0,0,0,0,0,0,0,16384,0,0,0,0,0,0,0,0,0,0,0,4545,617,0,0,0,0,0,77520691,0,318,0,27,617,4545,0,0,0,0,0,0,0,0,0,0,0,0,0,0,0,0,0,0,0,0,0,0,0,0,0,0,0,0,0,0,0,0,0,0,0,0,0,0,0,0,0,0,0,0,0,0,0,0,0,0,0,0,0,333027534,0,0,0,382175023,0,0,0,0,0,0,0,127070442,252905470,488145641,172416428544,70542483,1,0,0,0,0,0,0,0,0,0,0,0,0,0,0,0,0,0,0,0,0,0,0,0,0,0,0,0,0,0,0,252836179,0,0,0,0,0
1788889436.172,0,0,0,0,0,0,0,795008850,4143681944064,1959079287296,0,0,0,0,0,0,0,0,0,0,0,0,0,0,0,0,0,0,0,0,0,0,0,0,0,0,0,0,0,0,0,0,0,0,0,0,0,0,0,0,0,0,0,0,0,0,0,0,0,0,0,0,0,0,0,0,0,0,1094521,253097569,107161021,0,0,0,0,0,0,0,0,0,0,0,0,0,0,0,0,0,0,0,0,0,0,0,0,0,0,0,0,0,0,0,0,0,0,0,0,0,12883214336,5122441216,786328,312649,0,104,786432,252230859,0,0,3880341053,12884901888,123522583,447455693,0,0,0,0,0,0,0,0,0,0,0,0,0,0,0,0,0,0,25503238,25503428,0,97,97,6268,329,51006436,35,0,0,0,0,0,0,0,1,0,0,0,0,0,0,0,0,0,0,28679385,0,58854339,505723,0,0,0,0,0,0,0,0,16384,0,0,0,0,0,0,0,0,0,0,0,4547,617,0,0,0,0,0,77529331,0,318,0,27,617,4547,0,0,0,0,0,0,0,0,0,0,0,0,0,0,0,0,0,0,0,0,0,0,0,0,0,0,0,0,0,0,0,0,0,0,0,0,0,0,0,0,0,0,0,0,0,0,0,0,0,0,0,0,0,333066883,0,0,0,382215176,0,0,0,0,0,0,0,127100812,252945096,488214279,172436708352,70559361,1,0,0,0,0,0,0,0,0,0,0,0,0,0,0,0,0,0,0,0,0,0,0,0,0,0,0,0,0,0,0,252839015,0,0,0,0,0
1788889437.199,0,0,0,0,0,0,0,795086426,4144272079360,1959328148480,0,0,0,0,0,0,0,0,0,0,0,0,0,0,0,0,0,0,0,0,0,0,0,0,0,0,0,0,0,0,0,0,0,0,0,0,0,0,0,0,0,0,0,0,0,0,0,0,0,0,0,0,0,0,0,0,0,0,1094659,253133661,107174918,0,0,0,0,0,0,0,0,0,0,0,0,0,0,0,0,0,0,0,0,0,0,0,0,0,0,0,0,0,0,0,0,0,0,0,0,0,12882968576,5117739008,786313,312362,1,118,786432,252266870,0,0,3880724457,12884901888,123556193,447496027,0,0,0,0,0,0,0,0,0,0,0,0,0,0,0,0,0,0,25505819,25506008,0,97,97,6268,329,51011607,35,0,0,0,0,0,0,0,1,0,0,0,0,0,0,0,0,0,0,28682286,0,58856057,505737,0,0,0,0,0,0,0,0,16384,0,0,0,0,0,0,0,0,0,0,0,4548,617,0,0,0,0,0,77537161,0,318,0,27,617,4548,0,0,0,0,0,0,0,0,0,0,0,0,0,0,0,0,0,0,0,0,0,0,0,0,0,0,0,0,0,0,0,0,0,0,0,0,0,0,0,0,0,0,0,0,0,0,0,0,0,0,0,0,0,333102546,0,0,0,382251509,0,0,0,0,0,0,0,127130292,252981146,488275936,172455037952,70576470,1,0,0,0,0,0,0,0,0,0,0,0,0,0,0,0,0,0,0,0,0,0,0,0,0,0,0,0,0,0,0,252841596,0,0,0,0,0
1788889438.227,0,0,0,0,0,0,0,795163649,4144862149120,1959555544576,0,0,0,0,0,0,0,0,0,0,0,0,0,0,0,0,0,0,0,0,0,0,0,0,0,0,0,0,0,0,0,0,0,0,0,0,0,0,0,0,0,0,0,0,0,0,0,0,0,0,0,0,0,0,0,0,0,0,1094797,253169742,107187496,0,0,0,0,0,0,0,0,0,0,0,0,0,0,0,0,0,0,0,0,0,0,0,0,0,0,0,0,0,0,0,0,0,0,0,0,0,12883050496,5137367040,786319,313560,0,113,786432,252302876,0,0,3881103610,12884901888,123591319,447536218,0,0,0,0,0,0,0,0,0,0,0,0,0,0,0,0,0,0,25508367,25508562,0,97,97,6268,329,51016701,35,0,0,0,0,0,0,0,1,0,0,0,0,0,0,0,0,0,0,28685159,0,58856185,505738,0,0,0,0,0,0,0,0,16384,0,0,0,0,0,0,0,0,0,0,0,4549,617,0,0,0,0,0,77544931,0,318,0,27,617,4549,0,0,0,0,0,0,0,0,0,0,0,0,0,0,0,0,0,0,0,0,0,0,0,0,0,0,0,0,0,0,0,0,0,0,0,0,0,0,0,0,0,0,0,0,0,0,0,0,0,0,0,0,0,333137962,0,0,0,382287637,0,0,0,0,0,0,0,127160187,253017189,488336328,172473247744,70593935,0,0,0,0,0,0,0,0,0,0,0,0,0,0,0,0,0,0,0,0,0,0,0,0,0,0,0,0,0,0,0,252844150,0,0,0,0,0
1788889439.254,0,0,0,0,0,0,0,795252842,4145539136000,1959856425472,0,0,0,0,0,0,0,0,0,0,0,0,0,0,0,0,0,0,0,0,0,0,0,0,0,0,0,0,0,0,0,0,0,0,0,0,0,0,0,0,0,0,0,0,0,0,0,0,0,0,0,0,0,0,0,0,0,0,1094996,253211128,107204368,0,0,0,0,0,0,0,0,0,0,0,0,0,0,0,0,0,0,0,0,0,0,0,0,0,0,0,0,0,0,0,0,0,0,0,0,0,12883165184,5119541248,786326,312472,0,105,786432,252344155,0,0,3881544134,12884901888,123627928,447582932,0,0,0,0,0,0,0,0,0,0,0,0,0,0,0,0,0,0,25511307,25511501,0,97,97,6268,329,51022594,35,0,0,0,0,0,0,0,1,0,0,0,0,0,0,0,0,0,0,28688466,0,58859630,505766,0,0,0,0,0,0,0,0,16384,0,0,0,0,0,0,0,0,0,0,0,4550,617,0,0,0,0,0,77553885,0,318,0,27,617,4550,0,0,0,0,0,0,0,0,0,0,0,0,0,0,0,0,0,0,0,0,0,0,0,0,0,0,0,0,0,0,0,0,0,0,0,0,0,0,0,0,0,0,0,0,0,0,0,0,0,0,0,0,0,333179050,0,0,0,382329292,0,0,0,0,0,0,0,127189085,253058539,488407633,172494407168,70609090,1,0,0,0,0,0,0,0,0,0,0,0,0,0,0,0,0,0,0,0,0,0,0,0,0,0,0,0,0,0,0,252847089,0,0,0,0,0
1788889440.281,0,0,0,0,0,0,0,795329908,4146122324480,1960082520576,0,0,0,0,0,0,0,0,0,0,0,0,0,0,0,0,0,0,0,0,0,0,0,0,0,0,0,0,0,0,0,0,0,0,0,0,0,0,0,0,0,0,0,0,0,0,0,0,0,0,0,0,0,0,0,0,0,0,1095124,253246773,107216845,0,0,0,0,0,0,0,0,0,0,0,0,0,0,0,0,0,0,0,0,0,0,0,0,0,0,0,0,0,0,0,0,0,0,0,0,0,12883050496,5139922944,786319,313716,2,111,786432,252379725,0,0,3881924066,12884901888,123662512,447622975,0,0,0,0,0,0,0,0,0,0,0,0,0,0,0,0,0,0,25513851,25514045,0,97,97,6268,329,51027665,35,0,0,0,0,0,0,0,1,0,0,0,0,0,0,0,0,0,0,28691328,0,58859758,505768,0,0,0,0,0,0,0,0,16384,0,0,0,0,0,0,0,0,0,0,0,4551,617,0,0,0,0,0,77561609,0,318,0,27,617,4551,0,0,0,0,0,0,0,0,0,0,0,0,0,0,0,0,0,0,0,0,0,0,0,0,0,0,0,0,0,0,0,0,0,0,0,0,0,0,0,0,0,0,0,0,0,0,0,0,0,0,0,0,0,333214497,0,0,0,382365295,0,0,0,0,0,0,0,127217773,253094144,488467734,172512667648,70625555,1,0,0,0,0,0,0,0,0,0,0,0,0,0,0,0,0,0,0,0,0,0,0,0,0,0,0,0,0,0,0,252849633,0,0,0,0,0
1788889441.308,0,0,0,0,0,0,0,795416649,4146779093504,1960372556288,0,0,0,0,0,0,0,0,0,0,0,0,0,0,0,0,0,0,0,0,0,0,0,0,0,0,0,0,0,0,0,0,0,0,0,0,0,0,0,0,0,0,0,0,0,0,0,0,0,0,0,0,0,0,0,0,0,0,1095279,253286941,107233125,0,0,0,0,0,0,0,0,0,0,0,0,0,0,0,0,0,0,0,0,0,0,0,0,0,0,0,0,0,0,0,0,0,0,0,0,0,12883132416,5122850816,786324,312674,0,107,786432,252419790,0,0,3882352446,12884901888,123698463,447668116,0,0,0,0,0,0,0,0,0,0,0,0,0,0,0,0,0,0,25516729,25516918,0,97,97,6268,329,51033416,35,0,0,0,0,0,0,0,1,0,0,0,0,0,0,0,0,0,0,28694560,0,58863102,505794,0,0,0,0,0,0,0,0,16384,0,0,0,0,0,0,0,0,0,0,0,4552,617,0,0,0,0,0,77570358,0,318,0,27,617,4552,0,0,0,0,0,0,0,0,0,0,0,0,0,0,0,0,0,0,0,0,0,0,0,0,0,0,0,0,0,0,0,0,0,0,0,0,0,0,0,0,0,0,0,0,0,0,0,0,0,0,0,0,0,333254301,0,0,0,382405866,0,0,0,0,0,0,0,127247379,253134249,488536749,172533137920,70641790,0,0,0,0,0,0,0,0,0,0,0,0,0,0,0,0,0,0,0,0,0,0,0,0,0,0,0,0,0,0,0,252852505,0,0,0,0,0
1788889442.336,0,0,0,0,0,0,0,795498636,4147403930112,1960651833856,0,0,0,0,0,0,0,0,0,0,0,0,0,0,0,0,0,0,0,0,0,0,0,0,0,0,0,0,0,0,0,0,0,0,0,0,0,0,0,0,0,0,0,0,0,0,0,0,0,0,0,0,0,0,0,0,0,0,1095430,253325129,107248764,0,0,0,0,0,0,0,0,0,0,0,0,0,0,0,0,0,0,0,0,0,0,0,0,0,0,0,0,0,0,0,0,0,0,0,0,0,12879691776,5103960064,786114,311521,210,108,786432,252457889,0,0,3882757306,12884901888,123732897,447710855,0,0,0,0,0,0,0,0,0,0,0,0,0,0,0,0,0,0,25519434,25519628,0,97,97,6268,329,51038844,35,0,0,0,0,0,0,0,1,0,0,0,0,0,0,0,0,0,0,28697609,0,58866092,505820,0,0,0,0,0,0,0,0,16384,0,0,0,0,0,0,0,0,0,0,0,4553,617,0,0,0,0,0,77578615,0,318,0,27,617,4553,0,0,0,0,0,0,0,0,0,0,0,0,0,0,0,0,0,0,0,0,0,0,0,0,0,0,0,0,0,0,0,0,0,0,0,0,0,0,0,0,0,0,0,0,0,0,0,0,0,0,0,0,0,333292082,0,0,0,382444220,0,0,0,0,0,0,0,127275578,253172406,488602522,172552604672,70657267,0,0,0,0,0,0,0,0,0,0,0,0,0,0,0,0,0,0,0,0,0,0,0,0,0,0,0,0,0,0,0,252855215,0,0,0,0,0
1788889443.363,0,0,0,0,0,0,0,795581053,4148035762688,1960894955008,0,0,0,0,0,0,0,0,0,0,0,0,0,0,0,0,0,0,0,0,0,0,0,0,0,0,0,0,0,0,0,0,0,0,0,0,0,0,0,0,0,0,0,0,0,0,0,0,0,0,0,0,0,0,0,0,0,0,1095578,253363763,107262279,0,0,0,0,0,0,0,0,0,0,0,0,0,0,0,0,0,0,0,0,0,0,0,0,0,0,0,0,0,0,0,0,0,0,0,0,0,12883083264,5122260992,786321,312638,0,112,786432,252496429,0,0,3883164945,12884901888,123769913,447753734,0,0,0,0,0,0,0,0,0,0,0,0,0,0,0,0,0,0,25522166,25522359,0,97,97,6268,329,51044299,35,0,0,0,0,0,0,0,1,0,0,0,0,0,0,0,0,0,0,28700681,0,58866569,505822,0,0,0,0,0,0,0,0,16384,0,0,0,0,0,0,0,0,0,0,0,4554,617,0,0,0,0,0,77586931,0,318,0,27,617,4554,0,0,0,0,0,0,0,0,0,0,0,0,0,0,0,0,0,0,0,0,0,0,0,0,0,0,0,0,0,0,0,0,0,0,0,0,0,0,0,0,0,0,0,0,0,0,0,0,0,0,0,0,0,333329875,0,0,0,382482807,0,0,0,0,0,0,0,127306212,253210991,488666959,172572044800,70674637,0,0,0,0,0,0,0,0,0,0,0,0,0,0,0,0,0,0,0,0,0,0,0,0,0,0,0,0,0,0,0,252857946,0,0,0,0,0
1788889444.389,0,0,0,0,0,0,0,795665250,4148672592384,1961176111104,0,0,0,0,0,0,0,0,0,0,0,0,0,0,0,0,0,0,0,0,0,0,0,0,0,0,0,0,0,0,0,0,0,0,0,0,0,0,0,0,0,0,0,0,0,0,0,0,0,0,0,0,0,0,0,0,0,0,1095725,253402685,107277966,0,0,0,0,0,0,0,0,0,0,0,0,0,0,0,0,0,0,0,0,0,0,0,0,0,0,0,0,0,0,0,0,0,0,0,0,0,12883181568,5110104064,786327,311896,1,106,786432,252535252,0,0,3883580316,12884901888,123804798,447797521,0,0,0,0,0,0,0,0,0,0,0,0,0,0,0,0,0,0,25524945,25525143,0,97,97,6268,329,51049855,35,0,0,0,0,0,0,0,1,0,0,0,0,0,0,0,0,0,0,28703813,0,58869751,505848,0,0,0,0,0,0,0,0,16384,0,0,0,0,0,0,0,0,0,0,0,4555,617,0,0,0,0,0,77595376,0,318,0,27,617,4555,0,0,0,0,0,0,0,0,0,0,0,0,0,0,0,0,0,0,0,0,0,0,0,0,0,0,0,0,0,0,0,0,0,0,0,0,0,0,0,0,0,0,0,0,0,0,0,0,0,0,0,0,0,333368538,0,0,0,382522126,0,0,0,0,0,0,0,127334492,253249901,488733810,172591969280,70690118,1,0,0,0,0,0,0,0,0,0,0,0,0,0,0,0,0,0,0,0,0,0,0,0,0,0,0,0,0,0,0,252860731,0,0,0,0,0
1788889445.418,0,0,0,0,0,0,0,795752538,4149339699712,1961468481024,0,0,0,0,0,0,0,0,0,0,0,0,0,0,0,0,0,0,0,0,0,0,0,0,0,0,0,0,0,0,0,0,0,0,0,0,0,0,0,0,0,0,0,0,0,0,0,0,0,0,0,0,0,0,0,0,0,0,1095888,253443486,107294428,0,0,0,0,0,0,0,0,0,0,0,0,0,0,0,0,0,0,0,0,0,0,0,0,0,0,0,0,0,0,0,0,0,0,0,0,0,12883116032,5095243776,786323,310989,0,109,786432,252575952,0,0,3884011532,12884901888,123841410,447842918,0,0,0,0,0,0,0,0,0,0,0,0,0,0,0,0,0,0,25527827,25528019,0,97,97,6268,329,51055633,35,0,0,0,0,0,0,0,1,0,0,0,0,0,0,0,0,0,0,28707047,0,58873091,505875,0,0,0,0,0,0,0,0,16384,0,0,0,0,0,0,0,0,0,0,0,4556,617,0,0,0,0,0,77604124,0,318,0,27,617,4556,0,0,0,0,0,0,0,0,0,0,0,0,0,0,0,0,0,0,0,0,0,0,0,0,0,0,0,0,0,0,0,0,0,0,0,0,0,0,0,0,0,0,0,0,0,0,0,0,0,0,0,0,0,333408947,0,0,0,382562873,0,0,0,0,0,0,0,127362671,253290657,488803625,172612775936,70704911,0,1,0,0,0,0,0,0,0,0,0,0,0,0,0,0,0,0,0,0,0,0,0,0,0,0,0,0,0,0,0,252863605,0,0,0,0,0
1788889446.446,0,0,0,0,0,0,0,795832386,4149945301504,1961704012288,0,0,0,0,0,0,0,0,0,0,0,0,0,0,0,0,0,0,0,0,0,0,0,0,0,0,0,0,0,0,0,0,0,0,0,0,0,0,0,0,0,0,0,0,0,0,0,0,0,0,0,0,0,0,0,0,0,0,1096064,253480533,107307397,0,0,0,0,0,0,0,0,0,0,0,0,0,0,0,0,0,0,0,0,0,0,0,0,0,0,0,0,0,0,0,0,0,0,0,0,0,12883132416,5115166720,786324,312205,0,108,786432,252612915,0,0,3884404580,12884901888,123877491,447884830,0,0,0,0,0,0,0,0,0,0,0,0,0,0,0,0,0,0,25530474,25530664,0,97,97,6268,329,51060912,35,0,0,0,0,0,0,0,1,0,0,0,0,0,0,0,0,0,0,28710024,0,58873219,505876,0,0,0,0,0,0,0,0,16384,0,0,0,0,0,0,0,0,0,0,0,4557,617,0,0,0,0,0,77612179,0,318,0,27,617,4557,0,0,0,0,0,0,0,0,0,0,0,0,0,0,0,0,0,0,0,0,0,0,0,0,0,0,0,0,0,0,0,0,0,0,0,0,0,0,0,0,0,0,0,0,0,0,0,0,0,0,0,0,0,333445581,0,0,0,382600239,0,0,0,0,0,0,0,127392803,253327647,488866076,172631670272,70722229,1,0,0,0,0,0,0,0,0,0,0,0,0,0,0,0,0,0,0,0,0,0,0,0,0,0,0,0,0,0,0,252866252,0,0,0,0,0
1788889447.473,0,0,0,0,0,0,0,795913786,4150563207680,1961978565632,0,0,0,0,0,0,0,0,0,0,0,0,0,0,0,0,0,0,0,0,0,0,0,0,0,0,0,0,0,0,0,0,0,0,0,0,0,0,0,0,0,0,0,0,0,0,0,0,0,0,0,0,0,0,0,0,0,0,1096200,253518306,107322859,0,0,0,0,0,0,0,0,0,0,0,0,0,0,0,0,0,0,0,0,0,0,0,0,0,0,0,0,0,0,0,0,0,0,0,0,0,12882984960,5098356736,786314,311179,0,118,786432,252650591,0,0,3884805681,12884901888,123911069,447927042,0,0,0,0,0,0,0,0,0,0,0,0,0,0,0,0,0,0,25533152,25533347,0,97,97,6268,329,51066291,35,0,0,0,0,0,0,0,1,0,0,0,0,0,0,0,0,0,0,28713043,0,58876607,505904,0,0,0,0,0,0,0,0,16384,0,0,0,0,0,0,0,0,0,0,0,4558,617,0,0,0,0,0,77620344,0,318,0,27,617,4558,0,0,0,0,0,0,0,0,0,0,0,0,0,0,0,0,0,0,0,0,0,0,0,0,0,0,0,0,0,0,0,0,0,0,0,0,0,0,0,0,0,0,0,0,0,0,0,0,0,0,0,0,0,333482987,0,0,0,382638250,0,0,0,0,0,0,0,127421517,253365382,488930880,172650894848,70738539,1,0,0,0,0,0,0,0,0,0,0,0,0,0,0,0,0,0,0,0,0,0,0,0,0,0,0,0,0,0,0,252868935,0,0,0,0,0
1788889448.500,0,0,0,0,0,0,0,796008756,4151286364672,1962293210112,0,0,0,0,0,0,0,0,0,0,0,0,0,0,0,0,0,0,0,0,0,0,0,0,0,0,0,0,0,0,0,0,0,0,0,0,0,0,0,0,0,0,0,0,0,0,0,0,0,0,0,0,0,0,0,0,0,0,1096379,253562543,107340529,0,0,0,0,0,0,0,0,0,0,0,0,0,0,0,0,0,0,0,0,0,0,0,0,0,0,0,0,0,0,0,0,0,0,0,0,0,12883263488,5085134848,786332,310372,0,100,786432,252694715,0,0,3885274851,12884901888,123951130,447976448,0,0,0,0,0,0,0,0,0,0,0,0,0,0,0,0,0,0,25536295,25536488,0,97,97,6268,329,51072559,35,0,0,0,0,0,0,0,1,0,0,0,0,0,0,0,0,0,0,28716576,0,58879839,505930,0,0,0,0,0,0,0,0,16384,0,0,0,0,0,0,0,0,0,0,0,4559,617,0,0,0,0,0,77629899,0,318,0,27,617,4559,0,0,0,0,0,0,0,0,0,0,0,0,0,0,0,0,0,0,0,0,0,0,0,0,0,0,0,0,0,0,0,0,0,0,0,0,0,0,0,0,0,0,0,0,0,0,0,0,0,0,0,0,0,333525596,0,0,0,382682508,0,0,0,0,0,0,0,127452592,253409556,489005504,172672873472,70754898,1,0,0,0,0,0,0,0,0,0,0,0,0,0,0,0,0,0,0,0,0,0,0,0,0,0,0,0,0,0,0,252872076,0,0,0,0,0
1788889449.526,0,0,0,0,0,0,0,796093076,4151925586432,1962568208896,0,0,0,0,0,0,0,0,0,0,0,0,0,0,0,0,0,0,0,0,0,0,0,0,0,0,0,0,0,0,0,0,0,0,0,0,0,0,0,0,0,0,0,0,0,0,0,0,0,0,0,0,0,0,0,0,0,0,1096521,253601601,107355885,0,0,0,0,0,0,0,0,0,0,0,0,0,0,0,0,0,0,0,0,0,0,0,0,0,0,0,0,0,0,0,0,0,0,0,0,0,12883722240,5077712896,786359,309919,0,71,786432,252733668,0,0,3885690776,12884901888,123987899,448020285,0,0,0,0,0,0,0,0,0,0,0,0,0,0,0,0,0,0,25539093,25539286,0,97,97,6268,329,51078140,35,0,0,0,0,0,0,0,1,0,0,0,0,0,0,0,0,0,0,28719721,0,58882232,505950,0,0,0,0,0,0,0,0,16384,0,0,0,0,0,0,0,0,0,0,0,4560,617,0,0,0,0,0,77638398,0,318,0,27,617,4560,0,0,0,0,0,0,0,0,0,0,0,0,0,0,0,0,0,0,0,0,0,0,0,0,0,0,0,0,0,0,0,0,0,0,0,0,0,0,0,0,0,0,0,0,0,0,0,0,0,0,0,0,0,333564110,0,0,0,382721998,0,0,0,0,0,0,0,127482381,253448604,489072221,172692685824,70771686,1,1,0,0,0,0,0,0,0,0,0,0,0,0,0,0,0,0,0,0,0,0,0,0,0,0,0,0,0,0,0,252874872,0,0,0,0,0
1788889450.554,0,0,0,0,0,0,0,796177883,4152568510976,1962822621184,0,0,0,0,0,0,0,0,0,0,0,0,0,0,0,0,0,0,0,0,0,0,0,0,0,0,0,0,0,0,0,0,0,0,0,0,0,0,0,0,0,0,0,0,0,0,0,0,0,0,0,0,0,0,0,0,0,0,1096688,253640961,107370036,0,0,0,0,0,0,0,0,0,0,0,0,0,0,0,0,0,0,0,0,0,0,0,0,0,0,0,0,0,0,0,0,0,0,0,0,0,12882837504,5090623488,786307,310707,0,125,786432,252772925,0,0,3886109735,12884901888,124024401,448064420,0,0,0,0,0,0,0,0,0,0,0,0,0,0,0,0,0,0,25541907,25542096,0,97,97,6268,329,51083770,35,0,0,0,0,0,0,0,1,0,0,0,0,0,0,0,0,0,0,28722885,0,58883337,505958,0,0,0,0,0,0,0,0,16384,0,0,0,0,0,0,0,0,0,0,0,4561,617,0,0,0,0,0,77646961,0,318,0,27,617,4561,0,0,0,0,0,0,0,0,0,0,0,0,0,0,0,0,0,0,0,0,0,0,0,0,0,0,0,0,0,0,0,0,0,0,0,0,0,0,0,0,0,0,0,0,0,0,0,0,0,0,0,0,0,333602822,0,0,0,382761556,0,0,0,0,0,0,0,127512810,253487887,489138063,172712635392,70788872,1,0,0,0,0,0,0,0,0,0,0,0,0,0,0,0,0,0,0,0,0,0,0,0,0,0,0,0,0,0,0,252877683,0,0,0,0,0
1788889451.582,0,0,0,0,0,0,0,796268275,4153250265600,1963123789312,0,0,0,0,0,0,0,0,0,0,0,0,0,0,0,0,0,0,0,0,0,0,0,0,0,0,0,0,0,0,0,0,0,0,0,0,0,0,0,0,0,0,0,0,0,0,0,0,0,0,0,0,0,0,0,0,0,0,1096859,253682668,107386924,0,0,0,0,0,0,0,0,0,0,0,0,0,0,0,0,0,0,0,0,0,0,0,0,0,0,0,0,0,0,0,0,0,0,0,0,0,12883099648,5074518016,786322,309724,0,110,786432,252814522,0,0,3886554270,12884901888,124062411,448111528,0,0,0,0,0,0,0,0,0,0,0,0,0,0,0,0,0,0,25544902,25545094,0,97,97,6268,329,51089769,35,0,0,0,0,0,0,0,1,0,0,0,0,0,0,0,0,0,0,28726256,0,58886438,505985,0,0,0,0,0,0,0,0,16384,0,0,0,0,0,0,0,0,0,0,0,4562,617,0,0,0,0,0,77656084,0,318,0,27,617,4562,0,0,0,0,0,0,0,0,0,0,0,0,0,0,0,0,0,0,0,0,0,0,0,0,0,0,0,0,0,0,0,0,0,0,0,0,0,0,0,0,0,0,0,0,0,0,0,0,0,0,0,0,0,333643840,0,0,0,382803803,0,0,0,0,0,0,0,127544940,253529550,489209683,172733721600,70806874,1,0,0,0,0,0,0,0,0,0,0,0,0,0,0,0,0,0,0,0,0,0,0,0,0,0,0,0,0,0,0,252880681,0,0,0,0,0
1788889452.609,0,0,0,0,0,0,0,796350456,4153874905600,1963362391040,0,0,0,0,0,0,0,0,0,0,0,0,0,0,0,0,0,0,0,0,0,0,0,0,0,0,0,0,0,0,0,0,0,0,0,0,0,0,0,0,0,0,0,0,0,0,0,0,0,0,0,0,0,0,0,0,0,0,1096996,253720875,107400124,0,0,0,0,0,0,0,0,0,0,0,0,0,0,0,0,0,0,0,0,0,0,0,0,0,0,0,0,0,0,0,0,0,0,0,0,0,12882968576,5096718336,786314,311079,0,118,786432,252852661,0,0,3886959733,12884901888,124099457,448154281,0,0,0,0,0,0,0,0,0,0,0,0,0,0,0,0,0,0,25547619,25547811,0,97,97,6268,329,51095193,35,0,0,0,0,0,0,0,1,0,0,0,0,0,0,0,0,0,0,28729311,0,58886566,505986,0,0,0,0,0,0,0,0,16384,0,0,0,0,0,0,0,0,0,0,0,4563,617,0,0,0,0,0,77664354,0,318,0,27,617,4563,0,0,0,0,0,0,0,0,0,0,0,0,0,0,0,0,0,0,0,0,0,0,0,0,0,0,0,0,0,0,0,0,0,0,0,0,0,0,0,0,0,0,0,0,0,0,0,0,0,0,0,0,0,333681359,0,0,0,382842208,0,0,0,0,0,0,0,127575960,253567700,489273355,172753040896,70824857,0,0,0,0,0,0,0,0,0,0,0,0,0,0,0,0,0,0,0,0,0,0,0,0,0,0,0,0,0,0,0,252883397,0,0,0,0,0
1788889453.636,0,0,0,0,0,0,0,796439720,4154547354112,1963661478912,0,0,0,0,0,0,0,0,0,0,0,0,0,0,0,0,0,0,0,0,0,0,0,0,0,0,0,0,0,0,0,0,0,0,0,0,0,0,0,0,0,0,0,0,0,0,0,0,0,0,0,0,0,0,0,0,0,0,1097156,253761996,107416889,0,0,0,0,0,0,0,0,0,0,0,0,0,0,0,0,0,0,0,0,0,0,0,0,0,0,0,0,0,0,0,0,0,0,0,0,0,12883017728,5081006080,786317,310120,0,115,786432,252893661,0,0,3887399693,12884901888,124136881,448200710,0,0,0,0,0,0,0,0,0,0,0,0,0,0,0,0,0,0,25550569,25550763,0,97,97,6268,329,51101099,35,0,0,0,0,0,0,0,1,0,0,0,0,0,0,0,0,0,0,28732634,0,58889831,506014,0,0,0,0,0,0,0,0,16384,0,0,0,0,0,0,0,0,0,0,0,4564,617,0,0,0,0,0,77673347,0,318,0,27,617,4564,0,0,0,0,0,0,0,0,0,0,0,0,0,0,0,0,0,0,0,0,0,0,0,0,0,0,0,0,0,0,0,0,0,0,0,0,0,0,0,0,0,0,0,0,0,0,0,0,0,0,0,0,0,333722317,0,0,0,382883913,0,0,0,0,0,0,0,127605660,253608768,489344478,172774133248,70840787,1,0,0,0,0,0,0,0,0,0,0,0,0,0,0,0,0,0,0,0,0,0,0,0,0,0,0,0,0,0,0,252886351,0,0,0,0,0
1788889454.663,0,0,0,0,0,0,0,796522479,4155177040384,1963901706240,0,0,0,0,0,0,0,0,0,0,0,0,0,0,0,0,0,0,0,0,0,0,0,0,0,0,0,0,0,0,0,0,0,0,0,0,0,0,0,0,0,0,0,0,0,0,0,0,0,0,0,0,0,0,0,0,0,0,1097329,253800486,107430172,0,0,0,0,0,0,0,0,0,0,0,0,0,0,0,0,0,0,0,0,0,0,0,0,0,0,0,0,0,0,0,0,0,0,0,0,0,12883001344,5100748800,786315,311325,0,117,786432,252932064,0,0,3887808973,12884901888,124174295,448243943,0,0,0,0,0,0,0,0,0,0,0,0,0,0,0,0,0,0,25553321,25553514,0,97,97,6268,329,51106603,35,0,0,0,0,0,0,0,1,0,0,0,0,0,0,0,0,0,0,28735729,0,58889959,506015,0,0,0,0,0,0,0,0,16384,0,0,0,0,0,0,0,0,0,0,0,4565,617,0,0,0,0,0,77681720,0,318,0,27,617,4565,0,0,0,0,0,0,0,0,0,0,0,0,0,0,0,0,0,0,0,0,0,0,0,0,0,0,0,0,0,0,0,0,0,0,0,0,0,0,0,0,0,0,0,0,0,0,0,0,0,0,0,0,0,333760106,0,0,0,382922594,0,0,0,0,0,0,0,127636716,253647217,489408621,172793594368,70858715,1,0,0,0,0,0,0,0,0,0,0,0,0,0,0,0,0,0,0,0,0,0,0,0,0,0,0,0,0,0,0,252889102,0,0,0,0,0
1788889455.690,0,0,0,0,0,0,0,796601490,4155774679552,1964165065216,0,0,0,0,0,0,0,0,0,0,0,0,0,0,0,0,0,0,0,0,0,0,0,0,0,0,0,0,0,0,0,0,0,0,0,0,0,0,0,0,0,0,0,0,0,0,0,0,0,0,0,0,0,0,0,0,0,0,1097453,253837015,107444786,0,0,0,0,0,0,0,0,0,0,0,0,0,0,0,0,0,0,0,0,0,0,0,0,0,0,0,0,0,0,0,0,0,0,0,0,0,12883771392,5091049472,786363,310733,0,69,786432,252968505,0,0,3888198189,12884901888,124208551,448284963,0,0,0,0,0,0,0,0,0,0,0,0,0,0,0,0,0,0,25555948,25556139,0,97,97,6268,329,51111843,35,0,0,0,0,0,0,0,1,0,0,0,0,0,0,0,0,0,0,28738681,0,58892439,506036,0,0,0,0,0,0,0,0,16384,0,0,0,0,0,0,0,0,0,0,0,4566,617,0,0,0,0,0,77689663,0,318,0,27,617,4566,0,0,0,0,0,0,0,0,0,0,0,0,0,0,0,0,0,0,0,0,0,0,0,0,0,0,0,0,0,0,0,0,0,0,0,0,0,0,0,0,0,0,0,0,0,0,0,0,0,0,0,0,0,333796516,0,0,0,382959635,0,0,0,0,0,0,0,127665758,253683761,489471947,172812304384,70875371,1,0,0,0,0,0,0,0,0,0,0,0,0,0,0,0,0,0,0,0,0,0,0,0,0,0,0,0,0,0,0,252891724,0,0,0,0,0
1788889456.719,0,0,0,0,0,0,0,796689054,4156440836608,1964424657920,0,0,0,0,0,0,0,0,0,0,0,0,0,0,0,0,0,0,0,0,0,0,0,0,0,0,0,0,0,0,0,0,0,0,0,0,0,0,0,0,0,0,0,0,0,0,0,0,0,0,0,0,0,0,0,0,0,0,1097623,253877761,107459323,0,0,0,0,0,0,0,0,0,0,0,0,0,0,0,0,0,0,0,0,0,0,0,0,0,0,0,0,0,0,0,0,0,0,0,0,0,12882935808,5107302400,786312,311725,0,120,786432,253009161,0,0,3888629506,12884901888,124244942,448330521,0,0,0,0,0,0,0,0,0,0,0,0,0,0,0,0,0,0,25558835,25559024,0,97,97,6268,329,51117619,35,0,0,0,0,0,0,0,1,0,0,0,0,0,0,0,0,0,0,28741922,0,58893884,506049,0,0,0,0,0,0,0,0,16384,0,0,0,0,0,0,0,0,0,0,0,4567,617,0,0,0,0,0,77698437,0,318,0,27,617,4567,0,0,0,0,0,0,0,0,0,0,0,0,0,0,0,0,0,0,0,0,0,0,0,0,0,0,0,0,0,0,0,0,0,0,0,0,0,0,0,0,0,0,0,0,0,0,0,0,0,0,0,0,0,333836258,0,0,0,383000472,0,0,0,0,0,0,0,127696064,253724405,489538977,172832780288,70892471,1,0,0,0,0,0,0,0,0,0,0,0,0,0,0,0,0,0,0,0,0,0,0,0,0,0,0,0,0,0,0,252894608,0,0,0,0,0
1788889457.746,0,0,0,0,0,0,0,796766189,4157027629568,1964651388416,0,0,0,0,0,0,0,0,0,0,0,0,0,0,0,0,0,0,0,0,0,0,0,0,0,0,0,0,0,0,0,0,0,0,0,0,0,0,0,0,0,0,0,0,0,0,0,0,0,0,0,0,0,0,0,0,0,0,1097772,253913640,107471855,0,0,0,0,0,0,0,0,0,0,0,0,0,0,0,0,0,0,0,0,0,0,0,0,0,0,0,0,0,0,0,0,0,0,0,0,0,12883050496,5126209536,786319,312879,0,113,786432,253044953,0,0,3889010300,12884901888,124279814,448370782,0,0,0,0,0,0,0,0,0,0,0,0,0,0,0,0,0,0,25561380,25561571,0,97,97,6268,329,51122710,35,0,0,0,0,0,0,0,1,0,0,0,0,0,0,0,0,0,0,28744790,0,58894012,506050,0,0,0,0,0,0,0,0,16384,0,0,0,0,0,0,0,0,0,0,0,4568,617,0,0,0,0,0,77706192,0,318,0,27,617,4568,0,0,0,0,0,0,0,0,0,0,0,0,0,0,0,0,0,0,0,0,0,0,0,0,0,0,0,0,0,0,0,0,0,0,0,0,0,0,0,0,0,0,0,0,0,0,0,0,0,0,0,0,0,333871719,0,0,0,383036528,0,0,0,0,0,0,0,127724826,253760238,489599330,172851032064,70908836,0,0,0,0,0,0,0,0,0,0,0,0,0,0,0,0,0,0,0,0,0,0,0,0,0,0,0,0,0,0,0,252897158,0,0,0,0,0
1788889458.775,0,0,0,0,0,0,0,796847849,4157653547520,1964918501376,0,0,0,0,0,0,0,0,0,0,0,0,0,0,0,0,0,0,0,0,0,0,0,0,0,0,0,0,0,0,0,0,0,0,0,0,0,0,0,0,0,0,0,0,0,0,0,0,0,0,0,0,0,0,0,0,0,0,1097931,253951872,107486771,0,0,0,0,0,0,0,0,0,0,0,0,0,0,0,0,0,0,0,0,0,0,0,0,0,0,0,0,0,0,0,0,0,0,0,0,0,12883689472,5120802816,786358,312549,0,73,786432,253083089,0,0,3889413398,12884901888,124315515,448413344,0,0,0,0,0,0,0,0,0,0,0,0,0,0,0,0,0,0,25564075,25564262,0,97,97,6268,329,51128116,35,0,0,0,0,0,0,0,1,0,0,0,0,0,0,0,0,0,0,28747818,0,58896250,506068,0,0,0,0,0,0,0,0,16384,0,0,0,0,0,0,0,0,0,0,0,4569,617,0,0,0,0,0,77714373,0,318,0,27,617,4569,0,0,0,0,0,0,0,0,0,0,0,0,0,0,0,0,0,0,0,0,0,0,0,0,0,0,0,0,0,0,0,0,0,0,0,0,0,0,0,0,0,0,0,0,0,0,0,0,0,0,0,0,0,333909490,0,0,0,383074749,0,0,0,0,0,0,0,127753837,253798479,489664674,172870439936,70925009,1,0,0,0,0,0,0,0,0,0,0,0,0,0,0,0,0,0,0,0,0,0,0,0,0,0,0,0,0,0,0,252899849,0,0,0,0,0
1788889459.802,0,0,0,0,0,0,0,796931733,4158292294144,1965173712896,0,0,0,0,0,0,0,0,0,0,0,0,0,0,0,0,0,0,0,0,0,0,0,0,0,0,0,0,0,0,0,0,0,0,0,0,0,0,0,0,0,0,0,0,0,0,0,0,0,0,0,0,0,0,0,0,0,0,1098073,253990993,107500977,0,0,0,0,0,0,0,0,0,0,0,0,0,0,0,0,0,0,0,0,0,0,0,0,0,0,0,0,0,0,0,0,0,0,0,0,0,12883148800,5132255232,786325,313248,0,107,786432,253122111,0,0,3889827872,12884901888,124351777,448456769,0,0,0,0,0,0,0,0,0,0,0,0,0,0,0,0,0,0,25566837,25567027,0,97,97,6268,329,51133652,35,0,0,0,0,0,0,0,1,0,0,0,0,0,0,0,0,0,0,28750925,0,58897505,506078,0,0,0,0,0,0,0,0,16384,0,0,0,0,0,0,0,0,0,0,0,4570,617,0,0,0,0,0,77722759,0,318,0,27,617,4570,0,0,0,0,0,0,0,0,0,0,0,0,0,0,0,0,0,0,0,0,0,0,0,0,0,0,0,0,0,0,0,0,0,0,0,0,0,0,0,0,0,0,0,0,0,0,0,0,0,0,0,0,0,333947894,0,0,0,383113849,0,0,0,0,0,0,0,127782931,253837498,489730069,172890171904,70941053,0,0,0,0,0,0,0,0,0,0,0,0,0,0,0,0,0,0,0,0,0,0,0,0,0,0,0,0,0,0,0,252902612,0,0,0,0,0
1788889460.828,0,0,0,0,0,0,0,797020417,4158968543744,1965467430912,0,0,0,0,0,0,0,0,0,0,0,0,0,0,0,0,0,0,0,0,0,0,0,0,0,0,0,0,0,0,0,0,0,0,0,0,0,0,0,0,0,0,0,0,0,0,0,0,0,0,0,0,0,0,0,0,0,0,1098235,254032344,107517448,0,0,0,0,0,0,0,0,0,0,0,0,0,0,0,0,0,0,0,0,0,0,0,0,0,0,0,0,0,0,0,0,0,0,0,0,0,12883099648,5119574016,786322,312474,0,110,786432,253163365,0,0,3890265902,12884901888,124388915,448503104,0,0,0,0,0,0,0,0,0,0,0,0,0,0,0,0,0,0,25569771,25569963,0,97,97,6268,329,51139508,35,0,0,0,0,0,0,0,1,0,0,0,0,0,0,0,0,0,0,28754229,0,58900708,506104,0,0,0,0,0,0,0,0,16384,0,0,0,0,0,0,0,0,0,0,0,4571,617,0,0,0,0,0,77731696,0,318,0,27,617,4571,0,0,0,0,0,0,0,0,0,0,0,0,0,0,0,0,0,0,0,0,0,0,0,0,0,0,0,0,0,0,0,0,0,0,0,0,0,0,0,0,0,0,0,0,0,0,0,0,0,0,0,0,0,333988490,0,0,0,383155328,0,0,0,0,0,0,0,127813348,253878798,489800289,172911077376,70957902,0,0,0,0,0,0,0,0,0,0,0,0,0,0,0,0,0,0,0,0,0,0,0,0,0,0,0,0,0,0,0,252905549,0,0,0,0,0
1788889461.854,0,0,0,0,0,0,0,797113199,4159677446656,1965775056384,0,0,0,0,0,0,0,0,0,0,0,0,0,0,0,0,0,0,0,0,0,0,0,0,0,0,0,0,0,0,0,0,0,0,0,0,0,0,0,0,0,0,0,0,0,0,0,0,0,0,0,0,0,0,0,0,0,0,1098437,254075706,107534684,0,0,0,0,0,0,0,0,0,0,0,0,0,0,0,0,0,0,0,0,0,0,0,0,0,0,0,0,0,0,0,0,0,0,0,0,0,12883263488,5106073600,786332,311650,0,100,786432,253206619,0,0,3890724949,12884901888,124428050,448551690,0,0,0,0,0,0,0,0,0,0,0,0,0,0,0,0,0,0,25572830,25573022,0,97,97,6268,329,51145657,35,0,0,0,0,0,0,0,1,0,0,0,0,0,0,0,0,0,0,28757672,0,58904039,506131,0,0,0,0,0,0,0,0,16384,0,0,0,0,0,0,0,0,0,0,0,4572,617,0,0,0,0,0,77741009,0,318,0,27,617,4572,0,0,0,0,0,0,0,0,0,0,0,0,0,0,0,0,0,0,0,0,0,0,0,0,0,0,0,0,0,0,0,0,0,0,0,0,0,0,0,0,0,0,0,0,0,0,0,0,0,0,0,0,0,334030990,0,0,0,383198660,0,0,0,0,0,0,0,127843436,253922107,489873848,172932955136,70973840,1,0,0,0,0,0,0,0,0,0,0,0,0,0,0,0,0,0,0,0,0,0,0,0,0,0,0,0,0,0,0,252908610,0,0,0,0,0
1788889462.880,0,0,0,0,0,0,0,797201805,4160349960704,1966069912064,0,0,0,0,0,0,0,0,0,0,0,0,0,0,0,0,0,0,0,0,0,0,0,0,0,0,0,0,0,0,0,0,0,0,0,0,0,0,0,0,0,0,0,0,0,0,0,0,0,0,0,0,0,0,0,0,0,0,1098585,254116824,107551200,0,0,0,0,0,0,0,0,0,0,0,0,0,0,0,0,0,0,0,0,0,0,0,0,0,0,0,0,0,0,0,0,0,0,0,0,0,12883312640,5093556224,786335,310885,0,98,786432,253247606,0,0,3891161319,12884901888,124464326,448597799,0,0,0,0,0,0,0,0,0,0,0,0,0,0,0,0,0,0,25575766,25575957,0,97,97,6268,329,51151498,35,0,0,0,0,0,0,0,1,0,0,0,0,0,0,0,0,0,0,28760973,0,58907517,506160,0,0,0,0,0,0,0,0,16384,0,0,0,0,0,0,0,0,0,0,0,4573,617,0,0,0,0,0,77749931,0,318,0,27,617,4573,0,0,0,0,0,0,0,0,0,0,0,0,0,0,0,0,0,0,0,0,0,0,0,0,0,0,0,0,0,0,0,0,0,0,0,0,0,0,0,0,0,0,0,0,0,0,0,0,0,0,0,0,0,334071539,0,0,0,383240007,0,0,0,0,0,0,0,127871875,253963199,489943865,172953822208,70988960,1,0,0,0,0,0,0,0,0,0,0,0,0,0,0,0,0,0,0,0,0,0,0,0,0,0,0,0,0,0,0,252911543,0,0,0,0,0
1788889463.908,0,0,0,0,0,0,0,797284323,4160974699008,1966307044352,0,0,0,0,0,0,0,0,0,0,0,0,0,0,0,0,0,0,0,0,0,0,0,0,0,0,0,0,0,0,0,0,0,0,0,0,0,0,0,0,0,0,0,0,0,0,0,0,0,0,0,0,0,0,0,0,0,0,1098719,254155032,107564304,0,0,0,0,0,0,0,0,0,0,0,0,0,0,0,0,0,0,0,0,0,0,0,0,0,0,0,0,0,0,0,0,0,0,0,0,0,12882952192,5116346368,786314,312277,0,118,786432,253285707,0,0,3891567900,12884901888,124500800,448640553,0,0,0,0,0,0,0,0,0,0,0,0,0,0,0,0,0,0,25578511,25578700,0,97,97,6268,329,51156988,35,0,0,0,0,0,0,0,1,0,0,0,0,0,0,0,0,0,0,28764059,0,58907865,506163,0,0,0,0,0,0,0,0,16384,0,0,0,0,0,0,0,0,0,0,0,4574,617,0,0,0,0,0,77758295,0,318,0,27,617,4574,0,0,0,0,0,0,0,0,0,0,0,0,0,0,0,0,0,0,0,0,0,0,0,0,0,0,0,0,0,0,0,0,0,0,0,0,0,0,0,0,0,0,0,0,0,0,0,0,0,0,0,0,0,334109173,0,0,0,383278605,0,0,0,0,0,0,0,127901592,254001328,490007265,172973168128,71005942,0,0,0,0,0,0,0,0,0,0,0,0,0,0,0,0,0,0,0,0,0,0,0,0,0,0,0,0,0,0,0,252914287,0,0,0,0,0
1788889464.934,0,0,0,0,0,0,0,797371500,4161640217088,1966597505024,0,0,0,0,0,0,0,0,0,0,0,0,0,0,0,0,0,0,0,0,0,0,0,0,0,0,0,0,0,0,0,0,0,0,0,0,0,0,0,0,0,0,0,0,0,0,0,0,0,0,0,0,0,0,0,0,0,0,1098894,254195730,107580578,0,0,0,0,0,0,0,0,0,0,0,0,0,0,0,0,0,0,0,0,0,0,0,0,0,0,0,0,0,0,0,0,0,0,0,0,0,12883132416,5104975872,786324,311582,0,108,786432,253326296,0,0,3891997651,12884901888,124537386,448686008,0,0,0,0,0,0,0,0,0,0,0,0,0,0,0,0,0,0,25581392,25581585,0,97,97,6268,329,51162748,35,0,0,0,0,0,0,0,1,0,0,0,0,0,0,0,0,0,0,28767303,0,58911063,506189,0,0,0,0,0,0,0,0,16384,0,0,0,0,0,0,0,0,0,0,0,4575,617,0,0,0,0,0,77767060,0,318,0,27,617,4575,0,0,0,0,0,0,0,0,0,0,0,0,0,0,0,0,0,0,0,0,0,0,0,0,0,0,0,0,0,0,0,0,0,0,0,0,0,0,0,0,0,0,0,0,0,0,0,0,0,0,0,0,0,334149573,0,0,0,383319328,0,0,0,0,0,0,0,127930002,254041982,490076902,172993948160,71021037,1,0,0,0,0,0,0,0,0,0,0,0,0,0,0,0,0,0,0,0,0,0,0,0,0,0,0,0,0,0,0,252917173,0,0,0,0,0
1788889465.962,0,0,0,0,0,0,0,797458924,4162308274688,1966893239808,0,0,0,0,0,0,0,0,0,0,0,0,0,0,0,0,0,0,0,0,0,0,0,0,0,0,0,0,0,0,0,0,0,0,0,0,0,0,0,0,0,0,0,0,0,0,0,0,0,0,0,0,0,0,0,0,0,0,1099035,254236600,107597175,0,0,0,0,0,0,0,0,0,0,0,0,0,0,0,0,0,0,0,0,0,0,0,0,0,0,0,0,0,0,0,0,0,0,0,0,0,12883001344,5086920704,786316,310481,0,116,786432,253367064,0,0,3892429487,12884901888,124574513,448731328,0,0,0,0,0,0,0,0,0,0,0,0,0,0,0,0,0,0,25584281,25584475,0,97,97,6268,329,51168515,35,0,0,0,0,0,0,0,1,0,0,0,0,0,0,0,0,0,0,28770548,0,58914251,506215,0,0,0,0,0,0,0,0,16384,0,0,0,0,0,0,0,0,0,0,0,4576,617,0,0,0,0,0,77775813,0,318,0,27,617,4576,0,0,0,0,0,0,0,0,0,0,0,0,0,0,0,0,0,0,0,0,0,0,0,0,0,0,0,0,0,0,0,0,0,0,0,0,0,0,0,0,0,0,0,0,0,0,0,0,0,0,0,0,0,334189522,0,0,0,383360166,0,0,0,0,0,0,0,127959827,254082798,490146755,173014504448,71037151,0,1,0,0,0,0,0,0,0,0,0,0,0,0,0,0,0,0,0,0,0,0,0,0,0,0,0,0,0,0,0,252920060,0,0,0,0,0
1788889466.990,0,0,0,0,0,0,0,797537054,4162901047808,1967118895616,0,0,0,0,0,0,0,0,0,0,0,0,0,0,0,0,0,0,0,0,0,0,0,0,0,0,0,0,0,0,0,0,0,0,0,0,0,0,0,0,0,0,0,0,0,0,0,0,0,0,0,0,0,0,0,0,0,0,1099185,254272848,107609642,0,0,0,0,0,0,0,0,0,0,0,0,0,0,0,0,0,0,0,0,0,0,0,0,0,0,0,0,0,0,0,0,0,0,0,0,0,12883017728,5108973568,786317,311827,0,114,786432,253403225,0,0,3892814977,12884901888,124609811,448772184,0,0,0,0,0,0,0,0,0,0,0,0,0,0,0,0,0,0,25586861,25587057,0,97,97,6268,329,51173676,35,0,0,0,0,0,0,0,1,0,0,0,0,0,0,0,0,0,0,28773456,0,58914379,506216,0,0,0,0,0,0,0,0,16384,0,0,0,0,0,0,0,0,0,0,0,4577,617,0,0,0,0,0,77783672,0,318,0,27,617,4577,0,0,0,0,0,0,0,0,0,0,0,0,0,0,0,0,0,0,0,0,0,0,0,0,0,0,0,0,0,0,0,0,0,0,0,0,0,0,0,0,0,0,0,0,0,0,0,0,0,0,0,0,0,334225250,0,0,0,383396704,0,0,0,0,0,0,0,127989752,254119000,490207238,173032939008,71054771,0,0,0,0,0,0,0,0,0,0,0,0,0,0,0,0,0,0,0,0,0,0,0,0,0,0,0,0,0,0,0,252922645,0,0,0,0,0
1788889468.017,0,0,0,0,0,0,0,797621258,4163541563904,1967403598848,0,0,0,0,0,0,0,0,0,0,0,0,0,0,0,0,0,0,0,0,0,0,0,0,0,0,0,0,0,0,0,0,0,0,0,0,0,0,0,0,0,0,0,0,0,0,0,0,0,0,0,0,0,0,0,0,0,0,1099343,254312016,107625609,0,0,0,0,0,0,0,0,0,0,0,0,0,0,0,0,0,0,0,0,0,0,0,0,0,0,0,0,0,0,0,0,0,0,0,0,0,12882935808,5092704256,786312,310834,0,120,786432,253442293,0,0,3893231382,12884901888,124644882,448816161,0,0,0,0,0,0,0,0,0,0,0,0,0,0,0,0,0,0,25589648,25589840,0,97,97,6268,329,51179264,35,0,0,0,0,0,0,0,1,0,0,0,0,0,0,0,0,0,0,28776587,0,58917708,506243,0,0,0,0,0,0,0,0,16384,0,0,0,0,0,0,0,0,0,0,0,4578,617,0,0,0,0,0,77792133,0,318,0,27,617,4578,0,0,0,0,0,0,0,0,0,0,0,0,0,0,0,0,0,0,0,0,0,0,0,0,0,0,0,0,0,0,0,0,0,0,0,0,0,0,0,0,0,0,0,0,0,0,0,0,0,0,0,0,0,334263793,0,0,0,383436066,0,0,0,0,0,0,0,128019501,254158133,490274311,173052848640,71071567,1,0,0,0,0,0,0,0,0,0,0,0,0,0,0,0,0,0,0,0,0,0,0,0,0,0,0,0,0,0,0,252925428,0,0,0,0,0
1788889469.044,0,0,0,0,0,0,0,797710754,4164221532672,1967689997312,0,0,0,0,0,0,0,0,0,0,0,0,0,0,0,0,0,0,0,0,0,0,0,0,0,0,0,0,0,0,0,0,0,0,0,0,0,0,0,0,0,0,0,0,0,0,0,0,0,0,0,0,0,0,0,0,0,0,1099533,254353578,107641477,0,0,0,0,0,0,0,0,0,0,0,0,0,0,0,0,0,0,0,0,0,0,0,0,0,0,0,0,0,0,0,0,0,0,0,0,0,12883689472,5094277120,786358,310930,0,76,786432,253483751,0,0,3893673573,12884901888,124683905,448863134,0,0,0,0,0,0,0,0,0,0,0,0,0,0,0,0,0,0,25592629,25592823,0,97,97,6268,329,51185204,35,0,0,0,0,0,0,0,1,0,0,0,0,0,0,0,0,0,0,28779942,0,58919548,506260,0,0,0,0,0,0,0,0,16384,0,0,0,0,0,0,0,0,0,0,0,4579,617,0,0,0,0,0,77801183,0,318,0,27,617,4579,0,0,0,0,0,0,0,0,0,0,0,0,0,0,0,0,0,0,0,0,0,0,0,0,0,0,0,0,0,0,0,0,0,0,0,0,0,0,0,0,0,0,0,0,0,0,0,0,0,0,0,0,0,334304850,0,0,0,383478017,0,0,0,0,0,0,0,128050905,254199676,490345175,173073981440,71088981,1,1,0,0,0,0,0,0,0,0,0,0,0,0,0,0,0,0,0,0,0,0,0,0,0,0,0,0,0,0,0,252928410,0,0,0,0,0
1788889470.072,0,0,0,0,0,0,0,797795731,4164867160576,1967949342720,0,0,0,0,0,0,0,0,0,0,0,0,0,0,0,0,0,0,0,0,0,0,0,0,0,0,0,0,0,0,0,0,0,0,0,0,0,0,0,0,0,0,0,0,0,0,0,0,0,0,0,0,0,0,0,0,0,0,1099659,254393101,107656024,0,0,0,0,0,0,0,0,0,0,0,0,0,0,0,0,0,0,0,0,0,0,0,0,0,0,0,0,0,0,0,0,0,0,0,0,0,12883165184,5099257856,786325,311234,0,107,786432,253523196,0,0,3894092750,12884901888,124720415,448906963,0,0,0,0,0,0,0,0,0,0,0,0,0,0,0,0,0,0,25595437,25595628,0,97,97,6268,329,51190825,35,0,0,0,0,0,0,0,1,0,0,0,0,0,0,0,0,0,0,28783097,0,58921164,506271,0,0,0,0,0,0,0,0,16384,0,0,0,0,0,0,0,0,0,0,0,4580,617,0,0,0,0,0,77809712,0,318,0,27,617,4580,0,0,0,0,0,0,0,0,0,0,0,0,0,0,0,0,0,0,0,0,0,0,0,0,0,0,0,0,0,0,0,0,0,0,0,0,0,0,0,0,0,0,0,0,0,0,0,0,0,0,0,0,0,334343388,0,0,0,383517594,0,0,0,0,0,0,0,128081211,254239103,490411074,173093786112,71106073,0,0,0,0,0,0,0,0,0,0,0,0,0,0,0,0,0,0,0,0,0,0,0,0,0,0,0,0,0,0,0,252931215,0,0,0,0,0
1788889471.098,0,0,0,0,0,0,0,797882988,4165533940224,1968242214912,0,0,0,0,0,0,0,0,0,0,0,0,0,0,0,0,0,0,0,0,0,0,0,0,0,0,0,0,0,0,0,0,0,0,0,0,0,0,0,0,0,0,0,0,0,0,0,0,0,0,0,0,0,0,0,0,0,0,1099821,254433876,107672455,0,0,0,0,0,0,0,0,0,0,0,0,0,0,0,0,0,0,0,0,0,0,0,0,0,0,0,0,0,0,0,0,0,0,0,0,0,12883034112,5085413376,786318,310389,0,114,786432,253563881,0,0,3894523950,12884901888,124756871,448952336,0,0,0,0,0,0,0,0,0,0,0,0,0,0,0,0,0,0,25598314,25598511,0,97,97,6268,329,51196588,35,0,0,0,0,0,0,0,1,0,0,0,0,0,0,0,0,0,0,28786341,0,58924543,506298,0,0,0,0,0,0,0,0,16384,0,0,0,0,0,0,0,0,0,0,0,4581,617,0,0,0,0,0,77818500,0,318,0,27,617,4581,0,0,0,0,0,0,0,0,0,0,0,0,0,0,0,0,0,0,0,0,0,0,0,0,0,0,0,0,0,0,0,0,0,0,0,0,0,0,0,0,0,0,0,0,0,0,0,0,0,0,0,0,0,334383244,0,0,0,383558337,0,0,0,0,0,0,0,128111069,254279807,490480297,173114273792,71122592,0,0,0,0,0,0,0,0,0,0,0,0,0,0,0,0,0,0,0,0,0,0,0,0,0,0,0,0,0,0,0,252934099,0,0,0,0,0
1788889472.126,0,0,0,0,0,0,0,797963102,4166144604672,1968474675200,0,0,0,0,0,0,0,0,0,0,0,0,0,0,0,0,0,0,0,0,0,0,0,0,0,0,0,0,0,0,0,0,0,0,0,0,0,0,0,0,0,0,0,0,0,0,0,0,0,0,0,0,0,0,0,0,0,0,1099963,254471225,107685310,0,0,0,0,0,0,0,0,0,0,0,0,0,0,0,0,0,0,0,0,0,0,0,0,0,0,0,0,0,0,0,0,0,0,0,0,0,12883197952,5107466240,786328,311735,0,104,786432,253601158,0,0,3894918147,12884901888,124792100,448993991,0,0,0,0,0,0,0,0,0,0,0,0,0,0,0,0,0,0,25600955,25601149,0,97,97,6268,329,51201873,35,0,0,0,0,0,0,0,1,0,0,0,0,0,0,0,0,0,0,28789309,0,58925025,506302,0,0,0,0,0,0,0,0,16384,0,0,0,0,0,0,0,0,0,0,0,4582,617,0,0,0,0,0,77826540,0,318,0,27,617,4582,0,0,0,0,0,0,0,0,0,0,0,0,0,0,0,0,0,0,0,0,0,0,0,0,0,0,0,0,0,0,0,0,0,0,0,0,0,0,0,0,0,0,0,0,0,0,0,0,0,0,0,0,0,334419686,0,0,0,383595755,0,0,0,0,0,0,0,128141105,254317125,490541882,173133033472,71140232,1,0,0,0,0,0,0,0,0,0,0,0,0,0,0,0,0,0,0,0,0,0,0,0,0,0,0,0,0,0,0,252936737,0,0,0,0,0
1788889473.152,0,0,0,0,0,0,0,798046455,4166784236032,1968721942016,0,0,0,0,0,0,0,0,0,0,0,0,0,0,0,0,0,0,0,0,0,0,0,0,0,0,0,0,0,0,0,0,0,0,0,0,0,0,0,0,0,0,0,0,0,0,0,0,0,0,0,0,0,0,0,0,0,0,1100137,254510340,107699009,0,0,0,0,0,0,0,0,0,0,0,0,0,0,0,0,0,0,0,0,0,0,0,0,0,0,0,0,0,0,0,0,0,0,0,0,0,12883066880,5126864896,786320,312919,0,113,786432,253640173,0,0,3895329963,12884901888,124830052,449037680,0,0,0,0,0,0,0,0,0,0,0,0,0,0,0,0,0,0,25603708,25603905,0,97,97,6268,329,51207380,35,0,0,0,0,0,0,0,1,0,0,0,0,0,0,0,0,0,0,28792406,0,58925281,506304,0,0,0,0,0,0,0,0,16384,0,0,0,0,0,0,0,0,0,0,0,4584,617,0,0,0,0,0,77834902,0,318,0,27,617,4584,0,0,0,0,0,0,0,0,0,0,0,0,0,0,0,0,0,0,0,0,0,0,0,0,0,0,0,0,0,0,0,0,0,0,0,0,0,0,0,0,0,0,0,0,0,0,0,0,0,0,0,0,0,334457707,0,0,0,383634713,0,0,0,0,0,0,0,128172523,254356191,490606955,173152637952,71158233,0,0,0,0,0,0,0,0,0,0,0,0,0,0,0,0,0,0,0,0,0,0,0,0,0,0,0,0,0,0,0,252939491,0,0,0,0,0
1788889474.180,0,0,0,0,0,0,0,798142126,4167514192384,1969036950528,0,0,0,0,0,0,0,0,0,0,0,0,0,0,0,0,0,0,0,0,0,0,0,0,0,0,0,0,0,0,0,0,0,0,0,0,0,0,0,0,0,0,0,0,0,0,0,0,0,0,0,0,0,0,0,0,0,0,1100328,254554989,107716644,0,0,0,0,0,0,0,0,0,0,0,0,0,0,0,0,0,0,0,0,0,0,0,0,0,0,0,0,0,0,0,0,0,0,0,0,0,12883116032,5116755968,786323,312302,0,109,786432,253684709,0,0,3895802755,12884901888,124868468,449087663,0,0,0,0,0,0,0,0,0,0,0,0,0,0,0,0,0,0,25606878,25607065,0,97,97,6268,329,51213709,35,0,0,0,0,0,0,0,1,0,0,0,0,0,0,0,0,0,0,28795962,0,58928980,506335,0,0,0,0,0,0,0,0,16384,0,0,0,0,0,0,0,0,0,0,0,4585,617,0,0,0,0,0,77844527,0,318,0,27,617,4585,0,0,0,0,0,0,0,0,0,0,0,0,0,0,0,0,0,0,0,0,0,0,0,0,0,0,0,0,0,0,0,0,0,0,0,0,0,0,0,0,0,0,0,0,0,0,0,0,0,0,0,0,0,334501401,0,0,0,383679437,0,0,0,0,0,0,0,128203199,254400775,490682140,173175114240,71174665,1,0,0,0,0,0,0,0,0,0,0,0,0,0,0,0,0,0,0,0,0,0,0,0,0,0,0,0,0,0,0,252942653,0,0,0,0,0
1788889475.207,0,0,0,0,0,0,0,798218471,4168094431744,1969259326464,0,0,0,0,0,0,0,0,0,0,0,0,0,0,0,0,0,0,0,0,0,0,0,0,0,0,0,0,0,0,0,0,0,0,0,0,0,0,0,0,0,0,0,0,0,0,0,0,0,0,0,0,0,0,0,0,0,0,1100452,254590456,107728943,0,0,0,0,0,0,0,0,0,0,0,0,0,0,0,0,0,0,0,0,0,0,0,0,0,0,0,0,0,0,0,0,0,0,0,0,0,12883001344,5136318464,786317,313496,0,114,786432,253720104,0,0,3896179901,12884901888,124903000,449127328,0,0,0,0,0,0,0,0,0,0,0,0,0,0,0,0,0,0,25609407,25609595,0,97,97,6268,329,51218767,35,0,0,0,0,0,0,0,1,0,0,0,0,0,0,0,0,0,0,28798809,0,58929108,506336,0,0,0,0,0,0,0,0,16384,0,0,0,0,0,0,0,0,0,0,0,4586,617,0,0,0,0,0,77852224,0,318,0,27,617,4586,0,0,0,0,0,0,0,0,0,0,0,0,0,0,0,0,0,0,0,0,0,0,0,0,0,0,0,0,0,0,0,0,0,0,0,0,0,0,0,0,0,0,0,0,0,0,0,0,0,0,0,0,0,334536389,0,0,0,383715129,0,0,0,0,0,0,0,128232842,254436204,490741532,173193096192,71192173,1,0,0,0,0,0,0,0,0,0,0,0,0,0,0,0,0,0,0,0,0,0,0,0,0,0,0,0,0,0,0,252945183,0,0,0,0,0
1788889476.235,0,0,0,0,0,0,0,798311327,4168798403072,1969569318400,0,0,0,0,0,0,0,0,0,0,0,0,0,0,0,0,0,0,0,0,0,0,0,0,0,0,0,0,0,0,0,0,0,0,0,0,0,0,0,0,0,0,0,0,0,0,0,0,0,0,0,0,0,0,0,0,0,0,1100610,254633489,107746311,0,0,0,0,0,0,0,0,0,0,0,0,0,0,0,0,0,0,0,0,0,0,0,0,0,0,0,0,0,0,0,0,0,0,0,0,0,12883197952,5120327680,786328,312520,0,104,786432,253763005,0,0,3896637982,12884901888,124941631,449175508,0,0,0,0,0,0,0,0,0,0,0,0,0,0,0,0,0,0,25612472,25612665,0,97,97,6268,329,51224896,35,0,0,0,0,0,0,0,1,0,0,0,0,0,0,0,0,0,0,28802260,0,58932549,506364,0,0,0,0,0,0,0,0,16384,0,0,0,0,0,0,0,0,0,0,0,4587,617,0,0,0,0,0,77861543,0,318,0,27,617,4587,0,0,0,0,0,0,0,0,0,0,0,0,0,0,0,0,0,0,0,0,0,0,0,0,0,0,0,0,0,0,0,0,0,0,0,0,0,0,0,0,0,0,0,0,0,0,0,0,0,0,0,0,0,334579104,0,0,0,383758423,0,0,0,0,0,0,0,128262251,254479191,490815426,173215076864,71207389,1,1,0,0,0,0,0,0,0,0,0,0,0,0,0,0,0,0,0,0,0,0,0,0,0,0,0,0,0,0,0,252948250,0,0,0,0,0
1788889477.263,0,0,0,0,0,0,0,798392674,4169416210944,1969806259200,0,0,0,0,0,0,0,0,0,0,0,0,0,0,0,0,0,0,0,0,0,0,0,0,0,0,0,0,0,0,0,0,0,0,0,0,0,0,0,0,0,0,0,0,0,0,0,0,0,0,0,0,0,0,0,0,0,0,1100757,254671266,107759401,0,0,0,0,0,0,0,0,0,0,0,0,0,0,0,0,0,0,0,0,0,0,0,0,0,0,0,0,0,0,0,0,0,0,0,0,0,12883066880,5143019520,786319,313905,0,112,786432,253800682,0,0,3897039684,12884901888,124977023,449217852,0,0,0,0,0,0,0,0,0,0,0,0,0,0,0,0,0,0,25615159,25615352,0,97,97,6268,329,51230282,35,0,0,0,0,0,0,0,1,0,0,0,0,0,0,0,0,0,0,28805286,0,58933146,506369,0,0,0,0,0,0,0,0,16384,0,0,0,0,0,0,0,0,0,0,0,4588,617,0,0,0,0,0,77869731,0,318,0,27,617,4588,0,0,0,0,0,0,0,0,0,0,0,0,0,0,0,0,0,0,0,0,0,0,0,0,0,0,0,0,0,0,0,0,0,0,0,0,0,0,0,0,0,0,0,0,0,0,0,0,0,0,0,0,0,334616471,0,0,0,383796488,0,0,0,0,0,0,0,128290369,254516924,490878325,173234272768,71222980,0,0,0,0,0,0,0,0,0,0,0,0,0,0,0,0,0,0,0,0,0,0,0,0,0,0,0,0,0,0,0,252950940,0,0,0,0,0
1788889478.289,0,0,0,0,0,0,0,798475337,4170045061632,1970046999040,0,0,0,0,0,0,0,0,0,0,0,0,0,0,0,0,0,0,0,0,0,0,0,0,0,0,0,0,0,0,0,0,0,0,0,0,0,0,0,0,0,0,0,0,0,0,0,0,0,0,0,0,0,0,0,0,0,0,1100898,254709727,107772721,0,0,0,0,0,0,0,0,0,0,0,0,0,0,0,0,0,0,0,0,0,0,0,0,0,0,0,0,0,0,0,0,0,0,0,0,0,12883050496,5165301760,786319,315265,0,112,786432,253839062,0,0,3897447577,12884901888,125014331,449260838,0,0,0,0,0,0,0,0,0,0,0,0,0,0,0,0,0,0,25617889,25618083,0,97,97,6268,329,51235746,35,0,0,0,0,0,0,0,1,0,0,0,0,0,0,0,0,0,0,28808358,0,58933274,506370,0,0,0,0,0,0,0,0,16384,0,0,0,0,0,0,0,0,0,0,0,4589,617,0,0,0,0,0,77878031,0,318,0,27,617,4589,0,0,0,0,0,0,0,0,0,0,0,0,0,0,0,0,0,0,0,0,0,0,0,0,0,0,0,0,0,0,0,0,0,0,0,0,0,0,0,0,0,0,0,0,0,0,0,0,0,0,0,0,0,334654068,0,0,0,383835125,0,0,0,0,0,0,0,128321278,254555334,490942343,173253638144,71240748,1,0,0,0,0,0,0,0,0,0,0,0,0,0,0,0,0,0,0,0,0,0,0,0,0,0,0,0,0,0,0,252953671,0,0,0,0,0
1788889479.316,0,0,0,0,0,0,0,798557922,4170679400960,1970327241728,0,0,0,0,0,0,0,0,0,0,0,0,0,0,0,0,0,0,0,0,0,0,0,0,0,0,0,0,0,0,0,0,0,0,0,0,0,0,0,0,0,0,0,0,0,0,0,0,0,0,0,0,0,0,0,0,0,0,1101047,254748521,107788461,0,0,0,0,0,0,0,0,0,0,0,0,0,0,0,0,0,0,0,0,0,0,0,0,0,0,0,0,0,0,0,0,0,0,0,0,0,12883197952,5147705344,786328,314191,0,104,786432,253877760,0,0,3897855553,12884901888,125049250,449303689,0,0,0,0,0,0,0,0,0,0,0,0,0,0,0,0,0,0,25620613,25620808,0,97,97,6268,329,51241190,35,0,0,0,0,0,0,0,1,0,0,0,0,0,0,0,0,0,0,28811423,0,58936533,506399,0,0,0,0,0,0,0,0,16384,0,0,0,0,0,0,0,0,0,0,0,4590,617,0,0,0,0,0,77886313,0,318,0,27,617,4590,0,0,0,0,0,0,0,0,0,0,0,0,0,0,0,0,0,0,0,0,0,0,0,0,0,0,0,0,0,0,0,0,0,0,0,0,0,0,0,0,0,0,0,0,0,0,0,0,0,0,0,0,0,334691943,0,0,0,383873693,0,0,0,0,0,0,0,128350629,254594095,491008346,173273097216,71257293,1,0,0,0,0,0,0,0,0,0,0,0,0,0,0,0,0,0,0,0,0,0,0,0,0,0,0,0,0,0,0,252956395,0,0,0,0,0
1788889480.344,0,0,0,0,0,0,0,798640945,4171310053888,1970569858048,0,0,0,0,0,0,0,0,0,0,0,0,0,0,0,0,0,0,0,0,0,0,0,0,0,0,0,0,0,0,0,0,0,0,0,0,0,0,0,0,0,0,0,0,0,0,0,0,0,0,0,0,0,0,0,0,0,0,1101199,254787088,107801889,0,0,0,0,0,0,0,0,0,0,0,0,0,0,0,0,0,0,0,0,0,0,0,0,0,0,0,0,0,0,0,0,0,0,0,0,0,12883263488,5168513024,786332,315461,0,100,786432,253916235,0,0,3898265186,12884901888,125086781,449346925,0,0,0,0,0,0,0,0,0,0,0,0,0,0,0,0,0,0,25623356,25623548,0,97,97,6268,329,51246680,35,0,0,0,0,0,0,0,1,0,0,0,0,0,0,0,0,0,0,28814506,0,58936661,506400,0,0,0,0,0,0,0,0,16384,0,0,0,0,0,0,0,0,0,0,0,4591,617,0,0,0,0,0,77894647,0,318,0,27,617,4591,0,0,0,0,0,0,0,0,0,0,0,0,0,0,0,0,0,0,0,0,0,0,0,0,0,0,0,0,0,0,0,0,0,0,0,0,0,0,0,0,0,0,0,0,0,0,0,0,0,0,0,0,0,334729742,0,0,0,383912484,0,0,0,0,0,0,0,128381847,254632632,491072792,173292548608,71275238,1,0,0,0,0,0,0,0,0,0,0,0,0,0,0,0,0,0,0,0,0,0,0,0,0,0,0,0,0,0,0,252959135,0,0,0,0,0
1788889481.372,0,0,0,0,0,0,0,798735584,4172024248832,1970882479616,0,0,0,0,0,0,0,0,0,0,0,0,0,0,0,0,0,0,0,0,0,0,0,0,0,0,0,0,0,0,0,0,0,0,0,0,0,0,0,0,0,0,0,0,0,0,0,0,0,0,0,0,0,0,0,0,0,0,1101376,254830798,107819388,0,0,0,0,0,0,0,0,0,0,0,0,0,0,0,0,0,0,0,0,0,0,0,0,0,0,0,0,0,0,0,0,0,0,0,0,0,12883116032,5158207488,786323,314832,0,109,786432,253959817,0,0,3898732002,12884901888,125124886,449396373,0,0,0,0,0,0,0,0,0,0,0,0,0,0,0,0,0,0,25626493,25626686,0,97,97,6268,329,51252939,35,0,0,0,0,0,0,0,1,0,0,0,0,0,0,0,0,0,0,28818034,0,58940453,506432,0,0,0,0,0,0,0,0,16384,0,0,0,0,0,0,0,0,0,0,0,4592,617,0,0,0,0,0,77904185,0,318,0,27,617,4592,0,0,0,0,0,0,0,0,0,0,0,0,0,0,0,0,0,0,0,0,0,0,0,0,0,0,0,0,0,0,0,0,0,0,0,0,0,0,0,0,0,0,0,0,0,0,0,0,0,0,0,0,0,334773504,0,0,0,383956773,0,0,0,0,0,0,0,128410653,254676272,491147662,173315095552,71290007,1,0,0,0,0,0,0,0,0,0,0,0,0,0,0,0,0,0,0,0,0,0,0,0,0,0,0,0,0,0,0,252962273,0,0,0,0,0
1788889482.399,0,0,0,0,0,0,0,798816864,4172643940864,1971123953152,0,0,0,0,0,0,0,0,0,0,0,0,0,0,0,0,0,0,0,0,0,0,0,0,0,0,0,0,0,0,0,0,0,0,0,0,0,0,0,0,0,0,0,0,0,0,0,0,0,0,0,0,0,0,0,0,0,0,1101528,254868703,107832782,0,0,0,0,0,0,0,0,0,0,0,0,0,0,0,0,0,0,0,0,0,0,0,0,0,0,0,0,0,0,0,0,0,0,0,0,0,12882886656,5174706176,786309,315839,0,123,786432,253997619,0,0,3899133494,12884901888,125160507,449438601,0,0,0,0,0,0,0,0,0,0,0,0,0,0,0,0,0,0,25629168,25629364,0,97,97,6268,329,51258292,35,0,0,0,0,0,0,0,1,0,0,0,0,0,0,0,0,0,0,28821048,0,58941038,506437,0,0,0,0,0,0,0,0,16384,0,0,0,0,0,0,0,0,0,0,0,4593,617,0,0,0,0,0,77912334,0,318,0,27,617,4593,0,0,0,0,0,0,0,0,0,0,0,0,0,0,0,0,0,0,0,0,0,0,0,0,0,0,0,0,0,0,0,0,0,0,0,0,0,0,0,0,0,0,0,0,0,0,0,0,0,0,0,0,0,334810645,0,0,0,383994648,0,0,0,0,0,0,0,128439626,254714138,491210893,173334180352,71306161,0,1,0,0,0,0,0,0,0,0,0,0,0,0,0,0,0,0,0,0,0,0,0,0,0,0,0,0,0,0,0,252964950,0,0,0,0,0
1788889483.427,0,0,0,0,0,0,0,798906709,4173326465536,1971426703360,0,0,0,0,0,0,0,0,0,0,0,0,0,0,0,0,0,0,0,0,0,0,0,0,0,0,0,0,0,0,0,0,0,0,0,0,0,0,0,0,0,0,0,0,0,0,0,0,0,0,0,0,0,0,0,0,0,0,1101695,254910431,107849757,0,0,0,0,0,0,0,0,0,0,0,0,0,0,0,0,0,0,0,0,0,0,0,0,0,0,0,0,0,0,0,0,0,0,0,0,0,12883197952,5158551552,786328,314853,0,103,786432,254039235,0,0,3899575286,12884901888,125198114,449485569,0,0,0,0,0,0,0,0,0,0,0,0,0,0,0,0,0,0,25632145,25632341,0,97,97,6268,329,51264247,35,0,0,0,0,0,0,0,1,0,0,0,0,0,0,0,0,0,0,28824394,0,58944298,506465,0,0,0,0,0,0,0,0,16384,0,0,0,0,0,0,0,0,0,0,0,4594,617,0,0,0,0,0,77921370,0,318,0,27,617,4594,0,0,0,0,0,0,0,0,0,0,0,0,0,0,0,0,0,0,0,0,0,0,0,0,0,0,0,0,0,0,0,0,0,0,0,0,0,0,0,0,0,0,0,0,0,0,0,0,0,0,0,0,0,334851967,0,0,0,384036707,0,0,0,0,0,0,0,128469007,254755834,491282834,173355474432,71321545,1,0,0,0,0,0,0,0,0,0,0,0,0,0,0,0,0,0,0,0,0,0,0,0,0,0,0,0,0,0,0,252967927,0,0,0,0,0
1788889484.455,0,0,0,0,0,0,0,798986916,4173938883072,1971665773568,0,0,0,0,0,0,0,0,0,0,0,0,0,0,0,0,0,0,0,0,0,0,0,0,0,0,0,0,0,0,0,0,0,0,0,0,0,0,0,0,0,0,0,0,0,0,0,0,0,0,0,0,0,0,0,0,0,0,1101850,254947873,107863023,0,0,0,0,0,0,0,0,0,0,0,0,0,0,0,0,0,0,0,0,0,0,0,0,0,0,0,0,0,0,0,0,0,0,0,0,0,12883197952,5174755328,786328,315842,0,104,786432,254076592,0,0,3899972853,12884901888,125234521,449527448,0,0,0,0,0,0,0,0,0,0,0,0,0,0,0,0,0,0,25634790,25634979,0,97,97,6268,329,51269536,35,0,0,0,0,0,0,0,1,0,0,0,0,0,0,0,0,0,0,28827364,0,58944426,506466,0,0,0,0,0,0,0,0,16384,0,0,0,0,0,0,0,0,0,0,0,4595,617,0,0,0,0,0,77929408,0,318,0,27,617,4595,0,0,0,0,0,0,0,0,0,0,0,0,0,0,0,0,0,0,0,0,0,0,0,0,0,0,0,0,0,0,0,0,0,0,0,0,0,0,0,0,0,0,0,0,0,0,0,0,0,0,0,0,0,334888048,0,0,0,384074226,0,0,0,0,0,0,0,128499578,254793233,491345254,173374098432,71339010,1,0,0,0,0,0,0,0,0,0,0,0,0,0,0,0,0,0,0,0,0,0,0,0,0,0,0,0,0,0,0,252970567,0,0,0,0,0
